"105-405AA420","1","1","1","1","L-105-405AA42","","","","1","1","1","PC","1","PC","0","1","","","","","1"
"105-405AA480","1","1","1","1","L-105-405AA48","","","","1","1","1","PC","1","PC","0","1","","","","","1"
"201-405BA170","1","1","1","1","L-57-40517-S","","","","1","1","1","PC","1","PC","0","1","","","","","1"
"251-409BA170","1","1","1","1","L-59-40917-S","","","","1","1","1","PC","1","PC","0","1","","","","","1"
"259-405A260","1","1","1","1","L-259-405A26-S","","","","1","1","1","PC","1","PC","0","1","","","","","1"
"265-409330","1","1","1","1","L-220-40933-S","","","","1","1","1","PC","1","PC","0","1","","","","","1"
"274-405AB300","1","1","1","1","L-335-405AA30-S","","","","1","1","1","PC","1","PC","0","1","","","","","1"
"274-405AB340","1","1","1","1","L-335-405AA34-S","","","","1","1","1","PC","1","PC","0","1","","","","","1"
"274-405AB380","1","1","1","1","L-335-405AA38-S","","","","1","1","1","PC","1","PC","0","1","","","","","1"
"274-405BA380","1","1","1","1","L-335-405AA38-S","","","","1","1","1","PC","1","PC","0","1","","","","","1"
"274-405CA420","1","1","1","1","L-335-405AA42-S","","","","1","1","1","PC","1","PC","0","1","","","","","1"
"279-409A300","1","1","1","1","L-79-409B30-S","","","","1","1","1","PC","1","PC","0","1","","","","","1"
"279-409A330","1","1","1","1","L-79-409B33-S","","","","1","1","1","PC","1","PC","0","1","","","","","1"
"279-409BA330","1","1","1","1","L-79-409B33-S","","","","1","1","1","PC","1","PC","0","1","","","","","1"
"279-409BA380","1","1","1","1","L-79-409B38-S","","","","1","1","1","PC","1","PC","0","1","","","","","1"
"3159-405AA020","1","1","1","1","L-79-409B38-S","","","","1","1","1","PC","1","PC","0","1","","","","","1"
"3159-405AA030","1","1","1","1","L-79-409B38-S","","","","1","1","1","PC","1","PC","0","1","","","","","1"
"335-405AA300","1","1","1","1","L-335-405AA30-S","","","","1","1","1","PC","1","PC","0","1","","","","","1"
"335-405AA330","1","1","1","1","L-335-405AA33-S","","","","1","1","1","PC","1","PC","0","1","","","","","1"
"335-405BA300","1","1","1","1","L-335-405AA30-S","","","","1","1","1","PC","1","PC","0","1","","","","","1"
"335-405BA330","1","1","1","1","L-335-405AA33-S","","","","1","1","1","PC","1","PC","0","1","","","","","1"
"335-409AA300","1","1","1","1","L-79-409B30-S","","","","1","1","1","PC","1","PC","0","1","","","","","1"
"335-409AA330","1","1","1","1","L-79-409B33-S","","","","1","1","1","PC","1","PC","0","1","","","","","1"
"335-409AA340","1","1","1","1","L-478-409AA34-S","","","","1","1","1","PC","1","PC","0","1","","","","","1"
"335-409AA380","1","1","1","1","L-79-409B38-S","","","","1","1","1","PC","1","PC","0","1","","","","","1"
"335-409EA300","1","1","1","1","L-478-409BA30-S","","","","1","1","1","PC","1","PC","0","1","","","","","1"
"355-405330","1","1","1","1","L-335-405AA33-S","","","","1","1","1","PC","1","PC","0","1","","","","","1"
"3662-409AA340","1","1","1","1","L-3662-409AA34-S","","","","1","1","1","PC","1","PC","0","1","","","","","1"
"41-405H310","1","1","1","1","L-3662-409AA34-S","","","","1","1","1","PC","1","PC","0","1","","","","","1"
"41-405H360","1","1","1","1","L-57-40536-S","","","","1","1","1","PC","1","PC","0","1","","","","","1"
"478-409AA300","1","1","1","1","L-79-409B30-S","","","","1","1","1","PC","1","PC","0","1","","","","","1"
"478-409AA330","1","1","1","1","L-79-409B33-S","","","","1","1","1","PC","1","PC","0","1","","","","","1"
"478-409AA340","1","1","1","1","L-478-409AA34-S","","","","1","1","1","PC","1","PC","0","1","","","","","1"
"478-409AA360","1","1","1","1","L-478-409AA36-S","","","","1","1","1","PC","1","PC","0","1","","","","","1"
"478-409AA380","1","1","1","1","L-79-409B38-S","","","","1","1","1","PC","1","PC","0","1","","","","","1"
"478-409AA400","1","1","1","1","L-478-409AA40-S","","","","1","1","1","PC","1","PC","0","1","","","","","1"
"478-409CA330","1","1","1","1","L-79-409B33-S","","","","1","1","1","PC","1","PC","0","1","","","","","1"
"478-409CA340","1","1","1","1","L-478-409AA34-S","","","","1","1","1","PC","1","PC","0","1","","","","","1"
"478-409EA300","1","1","1","1","L-478-409BA30-S","","","","1","1","1","PC","1","PC","0","1","","","","","1"
"478-409EA330","1","1","1","1","L-478-409BA33-S","","","","1","1","1","PC","1","PC","0","1","","","","","1"
"478-409EA340","1","1","1","1","L-478-409BA34-S","","","","1","1","1","PC","1","PC","0","1","","","","","1"
"478-409EA380","1","1","1","1","L-478-409BA38-S","","","","1","1","1","PC","1","PC","0","1","","","","","1"
"478-409JA440","1","1","1","1","L-329-409AA44-S","","","","1","1","1","PC","1","PC","0","1","","","","","1"
"478-409KA420","1","1","1","1","L-339-409AA42-S","","","","1","1","1","PC","1","PC","0","1","","","","","1"
"5121-409CA400","1","1","1","1","L-478-409AA40-S","","","","1","1","1","PC","1","PC","0","1","","","","","1"
"5156-405BA055","1","1","1","1","L-478-409AA40-S","","","","1","1","1","PC","1","PC","0","1","","","","","1"
"5156-409BA055","1","1","1","1","L-478-409AA40-S","","","","1","1","1","PC","1","PC","0","1","","","","","1"
"5159-405AA340","1","1","1","1","L-5159-405AA34-S","","","","1","1","1","PC","1","PC","0","1","","","","","1"
"5163-405AA310","1","1","1","1","L-5159-405AA34-S","","","","1","1","1","PC","1","PC","0","1","","","","","1"
"5163-405AA330","1","1","1","1","L-5163-40533-S","","","","1","1","1","PC","1","PC","0","1","","","","","1"
"53-409330","1","1","1","1","L-53-40933-S","","","","1","1","1","PC","1","PC","0","1","","","","","1"
"5540-405AA380","1","1","1","1","L-335-405AA38-S","","","","1","1","1","PC","1","PC","0","1","","","","","1"
"5610-409AA340","1","1","1","1","L-478-409AA34-S","","","","1","1","1","PC","1","PC","0","1","","","","","1"
"57-405B240","1","1","1","1","L-57-40524-S","","","","1","1","1","PC","1","PC","0","1","","","","","1"
"57-405B300","1","1","1","1","L-57-40530-S","","","","1","1","1","PC","1","PC","0","1","","","","","1"
"57-405B330","1","1","1","1","L-57-40533-S","","","","1","1","1","PC","1","PC","0","1","","","","","1"
"57-405B340","1","1","1","1","L-57-40534-S","","","","1","1","1","PC","1","PC","0","1","","","","","1"
"57-405B360","1","1","1","1","L-57-40536-S","","","","1","1","1","PC","1","PC","0","1","","","","","1"
"57-405B400","1","1","1","1","L-57-40540-S","","","","1","1","1","PC","1","PC","0","1","","","","","1"
"57-409D300","1","1","1","1","L-57-40930-S","","","","1","1","1","PC","1","PC","0","1","","","","","1"
"57-409D340","1","1","1","1","L-57-40934-S","","","","1","1","1","PC","1","PC","0","1","","","","","1"
"57-409D360","1","1","1","1","L-57-40936-S","","","","1","1","1","PC","1","PC","0","1","","","","","1"
"59-409DA240","1","1","1","1","L-59-40924-S","","","","1","1","1","PC","1","PC","0","1","","","","","1"
"59-409DA260","1","1","1","1","L-59-40926-S","","","","1","1","1","PC","1","PC","0","1","","","","","1"
"6104-409AA300","1","1","1","1","L-5516-409AA30-S","","","","1","1","1","PC","1","PC","0","1","","","","","1"
"6104-409AA380","1","1","1","1","L-5516-409AA38-S","","","","1","1","1","PC","1","PC","0","1","","","","","1"
"6104-409CA380","1","1","1","1","L-6104-409CA38-S","","","","1","1","1","PC","1","PC","0","1","","","","","1"
"6207-405AA340","1","1","1","1","L-335-405AA34-S","","","","1","1","1","PC","1","PC","0","1","","","","","1"
"DK","1","1","1","1","L-335-405AA34-S","","","","1","1","1","PC","1","PC","0","1","","","","","1"
"6211-409AA380","1","1","1","1","L-5516-409AA38-S","","","","1","1","1","PC","1","PC","0","1","","","","","1"
"73-409D300","1","1","1","1","L-73-40930-S","","","","1","1","1","PC","1","PC","0","1","","","","","1"
"73-409D360","1","1","1","1","L-57-40936-S","","","","1","1","1","PC","1","PC","0","1","","","","","1"
"73-409E300","1","1","1","1","L-73-40930-S","","","","1","1","1","PC","1","PC","0","1","","","","","1"
"78-405310","1","1","1","1","L-73-40930-S","","","","1","1","1","PC","1","PC","0","1","","","","","1"
"78-405330","1","1","1","1","L-78-40533-S","","","","1","1","1","PC","1","PC","0","1","","","","","1"
"78-405380","1","1","1","1","L-78-40538-S","","","","1","1","1","PC","1","PC","0","1","","","","","1"
"78-405A310","1","1","1","1","L-78-40538-S","","","","1","1","1","PC","1","PC","0","1","","","","","1"
"78-405A330","1","1","1","1","L-78-40533-S","","","","1","1","1","PC","1","PC","0","1","","","","","1"
"78-405A340","1","1","1","1","L-78-40534-S","","","","1","1","1","PC","1","PC","0","1","","","","","1"
"78-405A360","1","1","1","1","L-78-40536-S","","","","1","1","1","PC","1","PC","0","1","","","","","1"
"78-405A380","1","1","1","1","L-78-40538-S","","","","1","1","1","PC","1","PC","0","1","","","","","1"
"78-405A400","1","1","1","1","L-78-40540-S","","","","1","1","1","PC","1","PC","0","1","","","","","1"
"78-405EA310","1","1","1","1","L-78-40540-S","","","","1","1","1","PC","1","PC","0","1","","","","","1"
"78-405EA330","1","1","1","1","L-78-40533-S","","","","1","1","1","PC","1","PC","0","1","","","","","1"
"78-405EA340","1","1","1","1","L-78-40534-S","","","","1","1","1","PC","1","PC","0","1","","","","","1"
"78-405EA380","1","1","1","1","L-78-40538-S","","","","1","1","1","PC","1","PC","0","1","","","","","1"
"78-405GA420","1","1","1","1","L-328-405AA42-S","","","","1","1","1","PC","1","PC","0","1","","","","","1"
"78-405GA440","1","1","1","1","L-328-405AA44-S","","","","1","1","1","PC","1","PC","0","1","","","","","1"
"78-405JA420","1","1","1","1","L-328-405AA42-S","","","","1","1","1","PC","1","PC","0","1","","","","","1"
"81-405100","1","1","1","1","L-81-40510-S","","","","1","1","1","PC","1","PC","0","1","","","","","1"
"740-409HA076","1","1","1","1","L-740-4097.6-S","","","","1","1","1","PC","1","PC","0","1","","","","","1"
"81-405EA170","1","1","1","1","L-81-40517","","","","1","1","1","PC","1","PC","0","1","","","","","1"
"81-405EA200","1","1","1","1","L-81-40520","","","","1","1","1","PC","1","PC","0","1","","","","","1"
"81-405EA230","1","1","1","1","L-81-40523","","","","1","1","1","PC","1","PC","0","1","","","","","1"
"81-405EA240","1","1","1","1","L-81-40524","","","","1","1","1","PC","1","PC","0","1","","","","","1"
"81-405EA250","1","1","1","1","L-81-40525","","","","1","1","1","PC","1","PC","0","1","","","","","1"
"81-405EA260","1","1","1","1","L-81-40526","","","","1","1","1","PC","1","PC","0","1","","","","","1"
"81-405EA280","1","1","1","1","L-81-40528","","","","1","1","1","PC","1","PC","0","1","","","","","1"
"81-405GA260","1","1","1","1","L-81-40526","","","","1","1","1","PC","1","PC","0","1","","","","","1"
"816-405CA340","1","1","1","1","L-816-405CA34-S","","","","1","1","1","PC","1","PC","0","1","","","","","1"
"816-405DA300","1","1","1","1","L-816-405CA30-S","","","","1","1","1","PC","1","PC","0","1","","","","","1"
"816-405DA340","1","1","1","1","L-816-405CA34-S","","","","1","1","1","PC","1","PC","0","1","","","","","1"
"816-405EA300","1","1","1","1","L-816-405CA30-S","","","","1","1","1","PC","1","PC","0","1","","","","","1"
"816-405EA340","1","1","1","1","L-816-405CA34-S","","","","1","1","1","PC","1","PC","0","1","","","","","1"
"816-405FA300","1","1","1","1","L-816-405CA30-S","","","","1","1","1","PC","1","PC","0","1","","","","","1"
"816-405FA340","1","1","1","1","L-816-405CA34-S","","","","1","1","1","PC","1","PC","0","1","","","","","1"
"87-405EA300","1","1","1","1","L-87-40530","","","","1","1","1","PC","1","PC","0","1","","","","","1"
"87-405EA320","1","1","1","1","L-87-40532","","","","1","1","1","PC","1","PC","0","1","","","","","1"
"87-405EA340","1","1","1","1","L-87-40534","","","","1","1","1","PC","1","PC","0","1","","","","","1"
"87-405EA360","1","1","1","1","L-87-40536","","","","1","1","1","PC","1","PC","0","1","","","","","1"
"87-405EA380","1","1","1","1","L-87-40538","","","","1","1","1","PC","1","PC","0","1","","","","","1"
"87-405EA400","1","1","1","1","L-87-40540","","","","1","1","1","PC","1","PC","0","1","","","","","1"
"87-405GA300","1","1","1","1","L-87-40530","","","","1","1","1","PC","1","PC","0","1","","","","","1"
"87-405GA320","1","1","1","1","L-87-40532","","","","1","1","1","PC","1","PC","0","1","","","","","1"
"87-405GA340","1","1","1","1","L-87-40534","","","","1","1","1","PC","1","PC","0","1","","","","","1"
"87-405GA360","1","1","1","1","L-87-40536","","","","1","1","1","PC","1","PC","0","1","","","","","1"
"87-405JA420","1","1","1","1","L-87-40542","","","","1","1","1","PC","1","PC","0","1","","","","","1"
"970-405FA320","1","1","1","1","L-87-40542","","","","1","1","1","PC","1","PC","0","1","","","","","1"
"970-405FA340","1","1","1","1","L-87-40534","","","","1","1","1","PC","1","PC","0","1","","","","","1"
"110-461G-300","1","1","1","1","L-87-40534","","","","1","1","1","PC","1","PC","0","1","","","","","1"
"208-409CA190","1","1","1","1","L-201-40919-S","","","","1","1","1","PC","1","PC","0","1","","","","","1"
"274-405AB190","1","1","1","1","L-335-405AA19-S","","","","1","1","1","PC","1","PC","0","1","","","","","1"
"274-405BA300","1","1","1","1","L-335-405AA30-S","","","","1","1","1","PC","1","PC","0","1","","","","","1"
"279-409DA330","1","1","1","1","L-478-409BA33-S","","","","1","1","1","PC","1","PC","0","1","","","","","1"
"3154-405AA190","1","1","1","1","L-81-405FA19","","","","1","1","1","PC","1","PC","0","1","","","","","1"
"3154-405AA220","1","1","1","1","L-81-405FA22","","","","1","1","1","PC","1","PC","0","1","","","","","1"
"3326-405AA300","1","1","1","1","L-816-405CA30-S","","","","1","1","1","PC","1","PC","0","1","","","","","1"
"335-405BA380","1","1","1","1","L-335-405AA38-S","","","","1","1","1","PC","1","PC","0","1","","","","","1"
"335-409EA330","1","1","1","1","L-478-409BA33-S","","","","1","1","1","PC","1","PC","0","1","","","","","1"
"355-405BA330","1","1","1","1","L-335-405AA33-S","","","","1","1","1","PC","1","PC","0","1","","","","","1"
"478-409FA340","1","1","1","1","L-478-409BA34-S","","","","1","1","1","PC","1","PC","0","1","","","","","1"
"5163-405BA310","1","1","1","1","L-478-409BA34-S","","","","1","1","1","PC","1","PC","0","1","","","","","1"
"5163-405BA330","1","1","1","1","L-5163-405BA33-S","","","","1","1","1","PC","1","PC","0","1","","","","","1"
"5170-409AA380","1","1","1","1","L-79-409B38-S","","","","1","1","1","PC","1","PC","0","1","","","","","1"
"5208-405AC340","1","1","1","1","L-78-40534-S","","","","1","1","1","PC","1","PC","0","1","","","","","1"
"5208-409AB340","1","1","1","1","L-220-40934-S","","","","1","1","1","PC","1","PC","0","1","","","","","1"
"5211-405AB340","1","1","1","1","L-78-40534-S","","","","1","1","1","PC","1","PC","0","1","","","","","1"
"5211-405AB360","1","1","1","1","L-78-40536-S","","","","1","1","1","PC","1","PC","0","1","","","","","1"
"5211-409AA340","1","1","1","1","L-478-409AA34-S","","","","1","1","1","PC","1","PC","0","1","","","","","1"
"5211-409AA360","1","1","1","1","L-478-409AA36-S","","","","1","1","1","PC","1","PC","0","1","","","","","1"
"5306-405AB340","1","1","1","1","L-335-405AA34-S","","","","1","1","1","PC","1","PC","0","1","","","","","1"
"5540-405BA380","1","1","1","1","L-335-405AA38-S","","","","1","1","1","PC","1","PC","0","1","","","","","1"
"57-405B220","1","1","1","1","L-57-40522-S","","","","1","1","1","PC","1","PC","0","1","","","","","1"
"57-409E300","1","1","1","1","L-57-40930-S","","","","1","1","1","PC","1","PC","0","1","","","","","1"
"59-409DA220","1","1","1","1","L-59-40922-S","","","","1","1","1","PC","1","PC","0","1","","","","","1"
"6104-409CA300","1","1","1","1","L-6104-409CA30-S","","","","1","1","1","PC","1","PC","0","1","","","","","1"
"73-409E380","1","1","1","1","L-57-40938-S","","","","1","1","1","PC","1","PC","0","1","","","","","1"
"740-410EA300","1","1","1","1","L-970-41030-S","","","","1","1","1","PC","1","PC","0","1","","","","","1"
"78-405FA340","1","1","1","1","L-78-40534-S","","","","1","1","1","PC","1","PC","0","1","","","","","1"
"81-405EA220","1","1","1","1","L-81-40522","","","","1","1","1","PC","1","PC","0","1","","","","","1"
"81-405GA280","1","1","1","1","L-81-40528","","","","1","1","1","PC","1","PC","0","1","","","","","1"
"816-405FA320","1","1","1","1","L-816-405CA32-S","","","","1","1","1","PC","1","PC","0","1","","","","","1"
"87-405FA340","1","1","1","1","L-87-40534-S","","","","1","1","1","PC","1","PC","0","1","","","","","1"
"960-405BA300","1","1","1","1","L-960-405BA30-S","","","","1","1","1","PC","1","PC","0","1","","","","","1"
"960-405DA300","1","1","1","1","L-960-405AA30-S","","","","1","1","1","PC","1","PC","0","1","","","","","1"
"TS-4970JA180","1","1","1","1","L-960-405AA30-S","","","","1","1","1","PC","1","PC","0","1","","","","","1"
"TS-5234BA","1","1","1","1","L2-970-41026-S","","","","1","1","1","PC","1","PC","0","1","","","","","1"
"201-405AA130","1","1","1","1","L-57-40513-S","","","","1","1","1","PC","1","PC","0","1","","","","","1"
"201-405BA160","1","1","1","1","L-57-40516-S","","","","1","1","1","PC","1","PC","0","1","","","","","1"
"201-409DA130","1","1","1","1","L-201-40913-S","","","","1","1","1","PC","1","PC","0","1","","","","","1"
"251-409BA160","1","1","1","1","L-59-40916-S","","","","1","1","1","PC","1","PC","0","1","","","","","1"
"272-405AA310","1","1","1","1","L-59-40916-S","","","","1","1","1","PC","1","PC","0","1","","","","","1"
"272-409AA300","1","1","1","1","L-79-409B30-S","","","","1","1","1","PC","1","PC","0","1","","","","","1"
"274-405BA360","1","1","1","1","L-335-405AA36-S","","","","1","1","1","PC","1","PC","0","1","","","","","1"
"274-405CA480","1","1","1","1","L-335-405AA48-S","","","","1","1","1","PC","1","PC","0","1","","","","","1"
"279-409A380","1","1","1","1","L-79-409B38-S","","","","1","1","1","PC","1","PC","0","1","","","","","1"
"328-405AA440","1","1","1","1","L-328-405AA44-S","","","","1","1","1","PC","1","PC","0","1","","","","","1"
"329-409AA440","1","1","1","1","L-329-409AA44-S","","","","1","1","1","PC","1","PC","0","1","","","","","1"
"3326-405AA340","1","1","1","1","L-816-405CA34-S","","","","1","1","1","PC","1","PC","0","1","","","","","1"
"335-405AA360","1","1","1","1","L-335-405AA36-S","","","","1","1","1","PC","1","PC","0","1","","","","","1"
"335-405AA380","1","1","1","1","L-335-405AA38-S","","","","1","1","1","PC","1","PC","0","1","","","","","1"
"335-409AA360","1","1","1","1","L-478-409AA36-S","","","","1","1","1","PC","1","PC","0","1","","","","","1"
"478-409AA320","1","1","1","1","L-79-409B32-S","","","","1","1","1","PC","1","PC","0","1","","","","","1"
"478-409JA480","1","1","1","1","L-329-409AA48-S","","","","1","1","1","PC","1","PC","0","1","","","","","1"
"5163-405AA380","1","1","1","1","L-5163-40538-S","","","","1","1","1","PC","1","PC","0","1","","","","","1"
"5215-405AA340","1","1","1","1","L-5163-40534-S","","","","1","1","1","PC","1","PC","0","1","","","","","1"
"5540-405BA360","1","1","1","1","L-335-405AA36-S","","","","1","1","1","PC","1","PC","0","1","","","","","1"
"5542-405AA300","1","1","1","1","L-335-405AA30-S","","","","1","1","1","PC","1","PC","0","1","","","","","1"
"57-405B130","1","1","1","1","L-57-40513-S","","","","1","1","1","PC","1","PC","0","1","","","","","1"
"57-405B170","1","1","1","1","L-57-40517-S","","","","1","1","1","PC","1","PC","0","1","","","","","1"
"57-405B210","1","1","1","1","L-57-40521-S","","","","1","1","1","PC","1","PC","0","1","","","","","1"
"57-405B260","1","1","1","1","L-57-40526-S","","","","1","1","1","PC","1","PC","0","1","","","","","1"
"59-409DA130","1","1","1","1","L-59-40913-S","","","","1","1","1","PC","1","PC","0","1","","","","","1"
"59-409DA170","1","1","1","1","L-59-40917-S","","","","1","1","1","PC","1","PC","0","1","","","","","1"
"59-409DA210","1","1","1","1","L-59-40921-S","","","","1","1","1","PC","1","PC","0","1","","","","","1"
"6104-409CA340","1","1","1","1","L-6104-409CA34-S","","","","1","1","1","PC","1","PC","0","1","","","","","1"
"6104-409CA360","1","1","1","1","L-6104-409CA36-S","","","","1","1","1","PC","1","PC","0","1","","","","","1"
"6207-409AA340","1","1","1","1","L-5516-409AA34-S","","","","1","1","1","PC","1","PC","0","1","","","","","1"
"78-405A320","1","1","1","1","L-78-40532-S","","","","1","1","1","PC","1","PC","0","1","","","","","1"
"81-405EA160","1","1","1","1","L-81-40516","","","","1","1","1","PC","1","PC","0","1","","","","","1"
"81-405EA180","1","1","1","1","L-81-40518","","","","1","1","1","PC","1","PC","0","1","","","","","1"
"816-405CA300","1","1","1","1","L-816-405CA30-S","","","","1","1","1","PC","1","PC","0","1","","","","","1"
"816-405LA300","1","1","1","1","L-816-405CA30-S","","","","1","1","1","PC","1","PC","0","1","","","","","1"
"87-405GA380","1","1","1","1","L-87-40538","","","","1","1","1","PC","1","PC","0","1","","","","","1"
"87-405LA300","1","1","1","1","L-87-40530-S","","","","1","1","1","PC","1","PC","0","1","","","","","1"
"87-410B300","1","1","1","1","L2-87-41030-S","","","","1","1","1","PC","1","PC","0","1","","","","","1"
"970-405CB260","1","1","1","1","L-81-40526","","","","1","1","1","PC","1","PC","0","1","","","","","1"
"970-405FA300","1","1","1","1","L-87-40530","","","","1","1","1","PC","1","PC","0","1","","","","","1"
"975-405AA300","1","1","1","1","L-816-405CA30-S","","","","1","1","1","PC","1","PC","0","1","","","","","1"
"C272-409AA300","1","1","1","1","L-79-409B30-S","","","","1","1","1","PC","1","PC","0","1","","","","","1"
"TS-5186VA300","1","1","1","1","L-79-409B30-S","","","","1","1","1","PC","1","PC","0","1","","","","","1"
"TS-5253PA","1","1","1","1","L-816-405CA16-S","","","","1","1","1","PC","1","PC","0","1","","","","","1"
"201-405BA210","1","1","1","1","L-57-40521-S","","","","1","1","1","PC","1","PC","0","1","","","","","1"
"208-409CA180","1","1","1","1","L-201-40918-S","","","","1","1","1","PC","1","PC","0","1","","","","","1"
"220-409330","1","1","1","1","L-220-40933-S","","","","1","1","1","PC","1","PC","0","1","","","","","1"
"251-409BA210","1","1","1","1","L-59-40921-S","","","","1","1","1","PC","1","PC","0","1","","","","","1"
"274-405AB180","1","1","1","1","L-335-405AA18-S","","","","1","1","1","PC","1","PC","0","1","","","","","1"
"274-405BA340","1","1","1","1","L-335-405AA34-S","","","","1","1","1","PC","1","PC","0","1","","","","","1"
"3145-410AA340","1","1","1","1","L2-970-41034-S","","","","1","1","1","PC","1","PC","0","1","","","","","1"
"3145-410BA340","1","1","1","1","L2-970-41034-S","","","","1","1","1","PC","1","PC","0","1","","","","","1"
"335-405BA340","1","1","1","1","L-335-405AA34-S","","","","1","1","1","PC","1","PC","0","1","","","","","1"
"335-409EA360","1","1","1","1","L-478-409BA36-S","","","","1","1","1","PC","1","PC","0","1","","","","","1"
"3504-409AA260","1","1","1","1","L-3504-409AA26-S","","","","1","1","1","PC","1","PC","0","1","","","","","1"
"355-409300","1","1","1","1","L-355-40930-S","","","","1","1","1","PC","1","PC","0","1","","","","","1"
"478-409FA330","1","1","1","1","L-478-409BA33-S","","","","1","1","1","PC","1","PC","0","1","","","","","1"
"478-409MA330","1","1","1","1","L-478-409BA33-S","","","","1","1","1","PC","1","PC","0","1","","","","","1"
"478-409NA300","1","1","1","1","L-79-409B30-S","","","","1","1","1","PC","1","PC","0","1","","","","","1"
"478-409NA340","1","1","1","1","L-478-409AA34-S","","","","1","1","1","PC","1","PC","0","1","","","","","1"
"5121-405AA420","1","1","1","1","L-5121-405AA42-S","","","","1","1","1","PC","1","PC","0","1","","","","","1"
"5121-405BA440","1","1","1","1","L-328-405AA44-S","","","","1","1","1","PC","1","PC","0","1","","","","","1"
"5121-405BA480","1","1","1","1","L-328-405AA48-S","","","","1","1","1","PC","1","PC","0","1","","","","","1"
"5121-409AA420","1","1","1","1","L-339-409AA42-S","","","","1","1","1","PC","1","PC","0","1","","","","","1"
"5121-409EA440","1","1","1","1","L-329-409AA44-S","","","","1","1","1","PC","1","PC","0","1","","","","","1"
"5121-409EA480","1","1","1","1","L-329-409AA48-S","","","","1","1","1","PC","1","PC","0","1","","","","","1"
"5156-405AA070","1","1","1","1","L-5156-405AA07-S","","","","1","1","1","PC","1","PC","0","1","","","","","1"
"5156-409AA070","1","1","1","1","L-5156-409AA07-S","","","","1","1","1","PC","1","PC","0","1","","","","","1"
"5163-405BA360","1","1","1","1","L-5163-40536-S","","","","1","1","1","PC","1","PC","0","1","","","","","1"
"5167-409AA330","1","1","1","1","L-79-409B33-S","","","","1","1","1","PC","1","PC","0","1","","","","","1"
"5177-405AA330","1","1","1","1","L-5177-405AA33-S","","","","1","1","1","PC","1","PC","0","1","","","","","1"
"5201-405BA330","1","1","1","1","L-225-40533-S","","","","1","1","1","PC","1","PC","0","1","","","","","1"
"5215-405BA340","1","1","1","1","L-5163-405BA34-S","","","","1","1","1","PC","1","PC","0","1","","","","","1"
"5217-409AA340","1","1","1","1","L-478-409AA34-S","","","","1","1","1","PC","1","PC","0","1","","","","","1"
"5312-405AA330","1","1","1","1","L-335-405AA33-S","","","","1","1","1","PC","1","PC","0","1","","","","","1"
"5540-405AA360","1","1","1","1","L-335-405AA36-S","","","","1","1","1","PC","1","PC","0","1","","","","","1"
"5540-405BA300","1","1","1","1","L-335-405AA30-S","","","","1","1","1","PC","1","PC","0","1","","","","","1"
"57-405B150","1","1","1","1","L-57-40515-S","","","","1","1","1","PC","1","PC","0","1","","","","","1"
"57-405B180","1","1","1","1","L-57-40518-S","","","","1","1","1","PC","1","PC","0","1","","","","","1"
"57-405B200","1","1","1","1","L-57-40520-S","","","","1","1","1","PC","1","PC","0","1","","","","","1"
"57-405B380","1","1","1","1","L-57-40538-S","","","","1","1","1","PC","1","PC","0","1","","","","","1"
"57-409D380","1","1","1","1","L-57-40938-S","","","","1","1","1","PC","1","PC","0","1","","","","","1"
"59-405A120","1","1","1","1","L-59-405A12-S","","","","1","1","1","PC","1","PC","0","1","","","","","1"
"59-405A080","1","1","1","1","L-59-405A8-S","","","","1","1","1","PC","1","PC","0","1","","","","","1"
"59-405A90","1","1","1","1","L-59-405A8-S","","","","1","1","1","PC","1","PC","0","1","","","","","1"
"59-409B120","1","1","1","1","L-59-409B12-S","","","","1","1","1","PC","1","PC","0","1","","","","","1"
"59-409B080","1","1","1","1","L-59-409B8-S","","","","1","1","1","PC","1","PC","0","1","","","","","1"
"59-409B090","1","1","1","1","L-59-409B9-S","","","","1","1","1","PC","1","PC","0","1","","","","","1"
"59-409DA150","1","1","1","1","L-59-40915-S","","","","1","1","1","PC","1","PC","0","1","","","","","1"
"59-409DA180","1","1","1","1","L-59-40918-S","","","","1","1","1","PC","1","PC","0","1","","","","","1"
"59-409DA200","1","1","1","1","L-59-40920-S","","","","1","1","1","PC","1","PC","0","1","","","","","1"
"6104-409AA340","1","1","1","1","L-5516-409AA34-S","","","","1","1","1","PC","1","PC","0","1","","","","","1"
"6204-405AB340","1","1","1","1","L-224-405AA34-S","","","","1","1","1","PC","1","PC","0","1","","","","","1"
"6211-409BA300","1","1","1","1","L-6104-409CA30-S","","","","1","1","1","PC","1","PC","0","1","","","","","1"
"740-409CA300","1","1","1","1","L-740-40930-S","","","","1","1","1","PC","1","PC","0","1","","","","","1"
"740-409HA300","1","1","1","1","L-740-40930-S","","","","1","1","1","PC","1","PC","0","1","","","","","1"
"740-410HA300","1","1","1","1","L2-970-41030-S","","","","1","1","1","PC","1","PC","0","1","","","","","1"
"78-405EA360","1","1","1","1","L-78-40536-S","","","","1","1","1","PC","1","PC","0","1","","","","","1"
"78-405FA330","1","1","1","1","L-78-405FA33-S","","","","1","1","1","PC","1","PC","0","1","","","","","1"
"81-405EA140","1","1","1","1","L-81-40514","","","","1","1","1","PC","1","PC","0","1","","","","","1"
"81-405EA190","1","1","1","1","L-81-40519","","","","1","1","1","PC","1","PC","0","1","","","","","1"
"81-405HA260","1","1","1","1","L-81-40526-S","","","","1","1","1","PC","1","PC","0","1","","","","","1"
"816-405EA260","1","1","1","1","L-816-405CA26-S","","","","1","1","1","PC","1","PC","0","1","","","","","1"
"816-405FA140","1","1","1","1","L-816-405CA14-S","","","","1","1","1","PC","1","PC","0","1","","","","","1"
"87-405FA300","1","1","1","1","L-87-40530-S","","","","1","1","1","PC","1","PC","0","1","","","","","1"
"87-405LA340","1","1","1","1","L-87-40534-S","","","","1","1","1","PC","1","PC","0","1","","","","","1"
"87-405MA300","1","1","1","1","L-87-40530-S","","","","1","1","1","PC","1","PC","0","1","","","","","1"
"87-405MA340","1","1","1","1","L-87-40534-S","","","","1","1","1","PC","1","PC","0","1","","","","","1"
"87-405QA300","1","1","1","1","L-87-40530","","","","1","1","1","PC","1","PC","0","1","","","","","1"
"87-405QA320","1","1","1","1","L-87-40532","","","","1","1","1","PC","1","PC","0","1","","","","","1"
"87-405QA340","1","1","1","1","L-87-40534","","","","1","1","1","PC","1","PC","0","1","","","","","1"
"87-405QA360","1","1","1","1","L-87-40536","","","","1","1","1","PC","1","PC","0","1","","","","","1"
"87-405QA380","1","1","1","1","L-87-40538","","","","1","1","1","PC","1","PC","0","1","","","","","1"
"87-405QA400","1","1","1","1","L-87-40540","","","","1","1","1","PC","1","PC","0","1","","","","","1"
"87-405RA300","1","1","1","1","L-87-40530-S","","","","1","1","1","PC","1","PC","0","1","","","","","1"
"87-405SA300","1","1","1","1","L-87-40530-S","","","","1","1","1","PC","1","PC","0","1","","","","","1"
"960-405BA260","1","1","1","1","L-960-405BA26-S","","","","1","1","1","PC","1","PC","0","1","","","","","1"
"960-405DA260","1","1","1","1","L-960-405AA26-S","","","","1","1","1","PC","1","PC","0","1","","","","","1"
"970-410CA340","1","1","1","1","L2-970-41034-S","","","","1","1","1","PC","1","PC","0","1","","","","","1"
"201-405AA150","1","1","1","1","L-57-40515-S","","","","1","1","1","PC","1","PC","0","1","","","","","1"
"201-409BA150","1","1","1","1","L-201-40915-S","","","","1","1","1","PC","1","PC","0","1","","","","","1"
"208-409CA170","1","1","1","1","L-201-40917-S","","","","1","1","1","PC","1","PC","0","1","","","","","1"
"208-409CA200","1","1","1","1","L-201-40920-S","","","","1","1","1","PC","1","PC","0","1","","","","","1"
"274-405AB170","1","1","1","1","L-335-405AA17-S","","","","1","1","1","PC","1","PC","0","1","","","","","1"
"274-405AB200","1","1","1","1","L-335-405AA20-S","","","","1","1","1","PC","1","PC","0","1","","","","","1"
"3154-405AA180","1","1","1","1","L-81-405FA18","","","","1","1","1","PC","1","PC","0","1","","","","","1"
"335-405BA360","1","1","1","1","L-335-405AA36-S","","","","1","1","1","PC","1","PC","0","1","","","","","1"
"335-409FA300","1","1","1","1","L-79-409B30-S","","","","1","1","1","PC","1","PC","0","1","","","","","1"
"3557-409AA340","1","1","1","1","L-3557-409AA34-S","","","","1","1","1","PC","1","PC","0","1","","","","","1"
"478-409BA330","1","1","1","1","L-478-409BA33-S","","","","1","1","1","PC","1","PC","0","1","","","","","1"
"478-409QA300","1","1","1","1","L-79-409B30-S","","","","1","1","1","PC","1","PC","0","1","","","","","1"
"5181-405AA190","1","1","1","1","L-57-40519-S","","","","1","1","1","PC","1","PC","0","1","","","","","1"
"5181-409AA190","1","1","1","1","L-59-40919-S","","","","1","1","1","PC","1","PC","0","1","","","","","1"
"5540-405BA340","1","1","1","1","L-335-405AA34-S","","","","1","1","1","PC","1","PC","0","1","","","","","1"
"5542-405AA340","1","1","1","1","L-335-405AA34-S","","","","1","1","1","PC","1","PC","0","1","","","","","1"
"5545-405AA300","1","1","1","1","L-5545-405AA30-S","","","","1","1","1","PC","1","PC","0","1","","","","","1"
"57-405B140","1","1","1","1","L-57-40514-S","","","","1","1","1","PC","1","PC","0","1","","","","","1"
"57-405B160","1","1","1","1","L-57-40516-S","","","","1","1","1","PC","1","PC","0","1","","","","","1"
"57-405B190","1","1","1","1","L-57-40519-S","","","","1","1","1","PC","1","PC","0","1","","","","","1"
"59-405A100","1","1","1","1","L-59-405A10-S","","","","1","1","1","PC","1","PC","0","1","","","","","1"
"59-405A110","1","1","1","1","L-59-405A11-S","","","","1","1","1","PC","1","PC","0","1","","","","","1"
"59-409B100","1","1","1","1","L-59-409B10-S","","","","1","1","1","PC","1","PC","0","1","","","","","1"
"59-409B110","1","1","1","1","L-59-409B11-S","","","","1","1","1","PC","1","PC","0","1","","","","","1"
"59-409DA140","1","1","1","1","L-59-40914-S","","","","1","1","1","PC","1","PC","0","1","","","","","1"
"59-409DA160","1","1","1","1","L-59-40916-S","","","","1","1","1","PC","1","PC","0","1","","","","","1"
"59-409DA190","1","1","1","1","L-59-40919-S","","","","1","1","1","PC","1","PC","0","1","","","","","1"
"6104-409DA480","1","1","1","1","L-6104-409DA48-S","","","","1","1","1","PC","1","PC","0","1","","","","","1"
"65-405330","1","1","1","1","L-65-40533-S","","","","1","1","1","PC","1","PC","0","1","","","","","1"
"76-409E330","1","1","1","1","L-57-40933-S","","","","1","1","1","PC","1","PC","0","1","","","","","1"
"78-405300","1","1","1","1","L-78-40531-S","","","","1","1","1","PC","1","PC","0","1","","","","","1"
"78-405A300","1","1","1","1","L-78-40531-S","","","","1","1","1","PC","1","PC","0","1","","","","","1"
"78-405EA300","1","1","1","1","L-78-40531-S","","","","1","1","1","PC","1","PC","0","1","","","","","1"
"81-405076","1","1","1","1","L-81-4057.6-S","","","","1","1","1","PC","1","PC","0","1","","","","","1"
"81-405KA260","1","1","1","1","L-81-40526","","","","1","1","1","PC","1","PC","0","1","","","","","1"
"816-405DA260","1","1","1","1","L-816-405CA26-S","","","","1","1","1","PC","1","PC","0","1","","","","","1"
"87-405MA320","1","1","1","1","L-87-40532-S","","","","1","1","1","PC","1","PC","0","1","","","","","1"
"87-405TA420","1","1","1","1","L-87-40542","","","","1","1","1","PC","1","PC","0","1","","","","","1"
"87-405WA380","1","1","1","1","L-87-40538-S","","","","1","1","1","PC","1","PC","0","1","","","","","1"
"201-405AA200","1","1","1","1","L-57-40520-S","","","","1","1","1","PC","1","PC","0","1","","","","","1"
"201-405BA140","1","1","1","1","L-57-40514-S","","","","1","1","1","PC","1","PC","0","1","","","","","1"
"201-409BB200","1","1","1","1","L-201-40920-S","","","","1","1","1","PC","1","PC","0","1","","","","","1"
"220-409340","1","1","1","1","L-220-40934-S","","","","1","1","1","PC","1","PC","0","1","","","","","1"
"251-405AA260","1","1","1","1","L-259-405A26-S","","","","1","1","1","PC","1","PC","0","1","","","","","1"
"251-409BA140","1","1","1","1","L-59-40914-S","","","","1","1","1","PC","1","PC","0","1","","","","","1"
"251-409BA260","1","1","1","1","L-59-40926-S","","","","1","1","1","PC","1","PC","0","1","","","","","1"
"259-405BA260","1","1","1","1","L-259-405A26-S","","","","1","1","1","PC","1","PC","0","1","","","","","1"
"3154-405AA120","1","1","1","1","L-81-405FA12","","","","1","1","1","PC","1","PC","0","1","","","","","1"
"3154-405AA160","1","1","1","1","L-81-405FA16","","","","1","1","1","PC","1","PC","0","1","","","","","1"
"3154-405AA200","1","1","1","1","L-81-405FA20","","","","1","1","1","PC","1","PC","0","1","","","","","1"
"3154-405AA210","1","1","1","1","L-81-405FA21","","","","1","1","1","PC","1","PC","0","1","","","","","1"
"3154-405AA230","1","1","1","1","L-81-405FA23","","","","1","1","1","PC","1","PC","0","1","","","","","1"
"3154-405AA240","1","1","1","1","L-81-405FA24","","","","1","1","1","PC","1","PC","0","1","","","","","1"
"335-409GA300","1","1","1","1","L-79-409B30-S","","","","1","1","1","PC","1","PC","0","1","","","","","1"
"355-405300","1","1","1","1","L-335-405AA30-S","","","","1","1","1","PC","1","PC","0","1","","","","","1"
"41-405H300","1","1","1","1","L-57-40531-S","","","","1","1","1","PC","1","PC","0","1","","","","","1"
"478-409RA300","1","1","1","1","L-79-409B30-S","","","","1","1","1","PC","1","PC","0","1","","","","","1"
"5160-405AA330","1","1","1","1","L-78-40533-S","","","","1","1","1","PC","1","PC","0","1","","","","","1"
"5160-409AA330","1","1","1","1","L-79-409B33-S","","","","1","1","1","PC","1","PC","0","1","","","","","1"
"5170-409AA330","1","1","1","1","L-79-409B33-S","","","","1","1","1","PC","1","PC","0","1","","","","","1"
"5181-405AA220","1","1","1","1","L-57-40522-S","","","","1","1","1","PC","1","PC","0","1","","","","","1"
"5181-409AA220","1","1","1","1","L-59-40922-S","","","","1","1","1","PC","1","PC","0","1","","","","","1"
"5211-409AA300","1","1","1","1","L-79-409B30-S","","","","1","1","1","PC","1","PC","0","1","","","","","1"
"59-409JA260","1","1","1","1","L-59-40926-S","","","","1","1","1","PC","1","PC","0","1","","","","","1"
"6201-405BA340","1","1","1","1","L-224-405AA34-S","","","","1","1","1","PC","1","PC","0","1","","","","","1"
"6201-409AB340","1","1","1","1","L-5516-409AA34-S","","","","1","1","1","PC","1","PC","0","1","","","","","1"
"6207-405ZA340","1","1","1","1","L-335-405AA34-S","","","","1","1","1","PC","1","PC","0","1","","","","","1"
"6211-409CA300","1","1","1","1","L-6104-409CA30-S","","","","1","1","1","PC","1","PC","0","1","","","","","1"
"73-409LA300","1","1","1","1","L-73-40930-S","","","","1","1","1","PC","1","PC","0","1","","","","","1"
"740-410A300","1","1","1","1","L2-970-41030-S","","","","1","1","1","PC","1","PC","0","1","","","","","1"
"816-405FA240","1","1","1","1","L-816-405CA24-S","","","","1","1","1","PC","1","PC","0","1","","","","","1"
"816-405MA300","1","1","1","1","L-816-405CA30-S","","","","1","1","1","PC","1","PC","0","1","","","","","1"
"87-405RA320","1","1","1","1","L-87-40532-S","","","","1","1","1","PC","1","PC","0","1","","","","","1"
"87-405RA340","1","1","1","1","L-87-40534-S","","","","1","1","1","PC","1","PC","0","1","","","","","1"
"201-405AA140","1","1","1","1","L-57-40514-S","","","","1","1","1","PC","1","PC","0","1","","","","","1"
"201-405AA180","1","1","1","1","L-57-40518-S","","","","1","1","1","PC","1","PC","0","1","","","","","1"
"201-409BB180","1","1","1","1","L-201-40918-S","","","","1","1","1","PC","1","PC","0","1","","","","","1"
"201-409DA140","1","1","1","1","L-201-40914-S","","","","1","1","1","PC","1","PC","0","1","","","","","1"
"3154-405AA150","1","1","1","1","L-81-405FA15","","","","1","1","1","PC","1","PC","0","1","","","","","1"
"3154-405AA170","1","1","1","1","L-81-405FA17","","","","1","1","1","PC","1","PC","0","1","","","","","1"
"3557-409AA300","1","1","1","1","L-3557-409AA30-S","","","","1","1","1","PC","1","PC","0","1","","","","","1"
"5156-409AA055","1","1","1","1","L-5156-409AA5.5-S","","","","1","1","1","PC","1","PC","0","1","","","","","1"
"5181-405AA170","1","1","1","1","L-57-40517-S","","","","1","1","1","PC","1","PC","0","1","","","","","1"
"5181-405AA180","1","1","1","1","L-57-40518-S","","","","1","1","1","PC","1","PC","0","1","","","","","1"
"5181-405AA200","1","1","1","1","L-57-40520-S","","","","1","1","1","PC","1","PC","0","1","","","","","1"
"5181-405AA210","1","1","1","1","L-57-40521-S","","","","1","1","1","PC","1","PC","0","1","","","","","1"
"5181-409AA170","1","1","1","1","L-59-40917-S","","","","1","1","1","PC","1","PC","0","1","","","","","1"
"5181-409AA180","1","1","1","1","L-59-40918-S","","","","1","1","1","PC","1","PC","0","1","","","","","1"
"5181-409AA200","1","1","1","1","L-59-40920-S","","","","1","1","1","PC","1","PC","0","1","","","","","1"
"5181-409AA210","1","1","1","1","L-59-40921-S","","","","1","1","1","PC","1","PC","0","1","","","","","1"
"5182-405AA130","1","1","1","1","L-5182-405AA13-S","","","","1","1","1","PC","1","PC","0","1","","","","","1"
"5182-409AA130","1","1","1","1","L-5182-409AA13-S","","","","1","1","1","PC","1","PC","0","1","","","","","1"
"5546-405AA190","1","1","1","1","L-5546-405AA19-S","","","","1","1","1","PC","1","PC","0","1","","","","","1"
"5546-405AA380","1","1","1","1","L-5546-405AA38-S","","","","1","1","1","PC","1","PC","0","1","","","","","1"
"6211-409DA300","1","1","1","1","L-6104-409CA30-S","","","","1","1","1","PC","1","PC","0","1","","","","","1"
"65-405MA300","1","1","1","1","L-65-40531-S","","","","1","1","1","PC","1","PC","0","1","","","","","1"
"65-405MA330","1","1","1","1","L-65-40533-S","","","","1","1","1","PC","1","PC","0","1","","","","","1"
"65-409MA300","1","1","1","1","L-73-40930-S","","","","1","1","1","PC","1","PC","0","1","","","","","1"
"65-409MA330","1","1","1","1","L-64-409B33-S","","","","1","1","1","PC","1","PC","0","1","","","","","1"
"73-409KA360","1","1","1","1","L-57-40936-S","","","","1","1","1","PC","1","PC","0","1","","","","","1"
"81-405EA210","1","1","1","1","L-81-40521","","","","1","1","1","PC","1","PC","0","1","","","","","1"
"87-405LA380","1","1","1","1","L-87-40538-S","","","","1","1","1","PC","1","PC","0","1","","","","","1"
"87-405SA410","1","1","1","1","L-87-40541-S","","","","1","1","1","PC","1","PC","0","1","","","","","1"
"975-405CA300","1","1","1","1","L-816-405CA30-S","","","","1","1","1","PC","1","PC","0","1","","","","","1"
"TS-5153BA260","1","1","1","1","L-816-405CA30-S","","","","1","1","1","PC","1","PC","0","1","","","","","1"
"TS-5426EA260","1","1","1","1","L-816-405CA30-S","","","","1","1","1","PC","1","PC","0","1","","","","","1"
"TS-5454BA340","1","1","1","1","L-816-405CA30-S","","","","1","1","1","PC","1","PC","0","1","","","","","1"
"TS-5467AA300","1","1","1","1","L-816-405CA30-S","","","","1","1","1","PC","1","PC","0","1","","","","","1"
"TS-5480AA260","1","1","1","1","L-816-405CA30-S","","","","1","1","1","PC","1","PC","0","1","","","","","1"
"TS-5480BA260","1","1","1","1","L-816-405CA30-S","","","","1","1","1","PC","1","PC","0","1","","","","","1"
"201-405BA200","1","1","1","1","L-57-40520-S","","","","1","1","1","PC","1","PC","0","1","","","","","1"
"201-405BA240","1","1","1","1","L-57-40524-S","","","","1","1","1","PC","1","PC","0","1","","","","","1"
"251-409BA200","1","1","1","1","L-59-40920-S","","","","1","1","1","PC","1","PC","0","1","","","","","1"
"251-409CA240","1","1","1","1","L-59-40924-S","","","","1","1","1","PC","1","PC","0","1","","","","","1"
"274-405AB360","1","1","1","1","L-335-405AA36-S","","","","1","1","1","PC","1","PC","0","1","","","","","1"
"279-409ZA330","1","1","1","1","L-79-409B33-S","","","","1","1","1","PC","1","PC","0","1","","","","","1"
"41-405H340","1","1","1","1","L-57-40534-S","","","","1","1","1","PC","1","PC","0","1","","","","","1"
"478-409CA360","1","1","1","1","L-478-409AA36-S","","","","1","1","1","PC","1","PC","0","1","","","","","1"
"478-409EA320","1","1","1","1","L-478-409BA32-S","","","","1","1","1","PC","1","PC","0","1","","","","","1"
"5163-405AA340","1","1","1","1","L-5163-40534-S","","","","1","1","1","PC","1","PC","0","1","","","","","1"
"5546-405AB380","1","1","1","1","L-5546-405AA38-S","","","","1","1","1","PC","1","PC","0","1","","","","","1"
"6104-409AA360","1","1","1","1","L-5516-409AA36-S","","","","1","1","1","PC","1","PC","0","1","","","","","1"
"6104-409BA420","1","1","1","1","L-6104-409BA42-S","","","","1","1","1","PC","1","PC","0","1","","","","","1"
"73-409D340","1","1","1","1","L-57-40934-S","","","","1","1","1","PC","1","PC","0","1","","","","","1"
"78-405EA320","1","1","1","1","L-78-40532-S","","","","1","1","1","PC","1","PC","0","1","","","","","1"
"81-405KA280","1","1","1","1","L-81-40528","","","","1","1","1","PC","1","PC","0","1","","","","","1"
"SPL-2920AA300","1","1","1","1","L-81-40528","","","","1","1","1","PC","1","PC","0","1","","","","","1"
"TS-5487BA160","1","1","1","1","L-81-40528","","","","1","1","1","PC","1","PC","0","1","","","","","1"
"TS-5523AA300","1","1","1","1","L-79-409B30-S","","","","1","1","1","PC","1","PC","0","1","","","","","1"
"TS-5539AA300","1","1","1","1","L-79-409B30-S","","","","1","1","1","PC","1","PC","0","1","","","","","1"
"TS-5539BA300","1","1","1","1","L-79-409B30-S","","","","1","1","1","PC","1","PC","0","1","","","","","1"
"201-405AA190","1","1","1","1","L-57-40519-S","","","","1","1","1","PC","1","PC","0","1","","","","","1"
"201-409BB190","1","1","1","1","L-201-40919-S","","","","1","1","1","PC","1","PC","0","1","","","","","1"
"208-409CA240","1","1","1","1","L-208-409CA24-S","","","","1","1","1","PC","1","PC","0","1","","","","","1"
"274-405AB240","1","1","1","1","L-335-405AA24-S","","","","1","1","1","PC","1","PC","0","1","","","","","1"
"335-405AA340","1","1","1","1","L-335-405AA34-S","","","","1","1","1","PC","1","PC","0","1","","","","","1"
"41-405C220","1","1","1","1","L-57-40522-S","","","","1","1","1","PC","1","PC","0","1","","","","","1"
"478-409BA300","1","1","1","1","L-478-409BA30-S","","","","1","1","1","PC","1","PC","0","1","","","","","1"
"5163-405AA360","1","1","1","1","L-5163-40536-S","","","","1","1","1","PC","1","PC","0","1","","","","","1"
"5181-405AA160","1","1","1","1","L-57-40516-S","","","","1","1","1","PC","1","PC","0","1","","","","","1"
"5181-409AA160","1","1","1","1","L-59-40916-S","","","","1","1","1","PC","1","PC","0","1","","","","","1"
"5542-405BA300","1","1","1","1","L-335-405AA30-S","","","","1","1","1","PC","1","PC","0","1","","","","","1"
"5546-405BA300","1","1","1","1","L-5546-405AA30-S","","","","1","1","1","PC","1","PC","0","1","","","","","1"
"57-409D220","1","1","1","1","L-59-40922-S","","","","1","1","1","PC","1","PC","0","1","","","","","1"
"78-409E330","1","1","1","1","L-79-409B33-S","","","","1","1","1","PC","1","PC","0","1","","","","","1"
"81-405EA150","1","1","1","1","L-81-40515","","","","1","1","1","PC","1","PC","0","1","","","","","1"
"87-405RA380","1","1","1","1","L-87-40538-S","","","","1","1","1","PC","1","PC","0","1","","","","","1"
"970-405CB180","1","1","1","1","L-81-40518","","","","1","1","1","PC","1","PC","0","1","","","","","1"
"970-405CB190","1","1","1","1","L-81-40519","","","","1","1","1","PC","1","PC","0","1","","","","","1"
"TS-5385HA300","1","1","1","1","L-TS-5385HA30-S","","","","1","1","1","PC","1","PC","0","1","","","","","1"
"478-409EA360","1","1","1","1","L-478-409BA36-S","","","","1","1","1","PC","1","PC","0","1","","","","","1"
"478-409FA300","1","1","1","1","L-478-409BA30-S","","","","1","1","1","PC","1","PC","0","1","","","","","1"
"478-409JA460","1","1","1","1","L-329-409AA46-S","","","","1","1","1","PC","1","PC","0","1","","","","","1"
"5183-405AA330","1","1","1","1","L-5183-40533-S","","","","1","1","1","PC","1","PC","0","1","","","","","1"
"5306-405AB380","1","1","1","1","L-335-405AA38-S","","","","1","1","1","PC","1","PC","0","1","","","","","1"
"5540-405AA340","1","1","1","1","L-335-405AA34-S","","","","1","1","1","PC","1","PC","0","1","","","","","1"
"57-409E360","1","1","1","1","L-57-40936-S","","","","1","1","1","PC","1","PC","0","1","","","","","1"
"57-409E380","1","1","1","1","L-57-40938-S","","","","1","1","1","PC","1","PC","0","1","","","","","1"
"6211-409AA340","1","1","1","1","L-5516-409AA34-S","","","","1","1","1","PC","1","PC","0","1","","","","","1"
"78-405FA300","1","1","1","1","L-78-405FA31-S","","","","1","1","1","PC","1","PC","0","1","","","","","1"
"78-405GA460","1","1","1","1","L-328-405AA46-S","","","","1","1","1","PC","1","PC","0","1","","","","","1"
"78-405GA480","1","1","1","1","L-328-405AA48-S","","","","1","1","1","PC","1","PC","0","1","","","","","1"
"810-410CA260","1","1","1","1","L2-810-410CA26-S","","","","1","1","1","PC","1","PC","0","1","","","","","1"
"5156-405AA055","1","1","1","1","L-5156-405AA5.5-S","","","","1","1","1","PC","1","PC","0","1","","","","","1"
"59-405A090","1","1","1","1","L-59-405A9-S","","","","1","1","1","PC","1","PC","0","1","","","","","1"
"3504-409AA300","1","1","1","1","L-3504-409AA30-S","","","","1","1","1","PC","1","PC","0","1","","","","","1"
"4105-409AA300","1","1","1","1","L-4105-409AA30-S","","","","1","1","1","PC","1","PC","0","1","","","","","1"
"810-409B260","1","1","1","1","L-740-40926-S","","","","1","1","1","PC","1","PC","0","1","","","","","1"
"810-409B300","1","1","1","1","L-740-40930-S","","","","1","1","1","PC","1","PC","0","1","","","","","1"
"810-409B340","1","1","1","1","L-740-40934-S","","","","1","1","1","PC","1","PC","0","1","","","","","1"
"960-409AA260","1","1","1","1","L-740-40926-S","","","","1","1","1","PC","1","PC","0","1","","","","","1"
"960-409AA300","1","1","1","1","L-740-40930-S","","","","1","1","1","PC","1","PC","0","1","","","","","1"
"960-409AA340","1","1","1","1","L-740-40934-S","","","","1","1","1","PC","1","PC","0","1","","","","","1"
"970-409180","1","1","1","1","L-970-40918-S","","","","1","1","1","PC","1","PC","0","1","","","","","1"
"970-409190","1","1","1","1","L-970-40919-S","","","","1","1","1","PC","1","PC","0","1","","","","","1"
"970-409260","1","1","1","1","L-970-40926-S","","","","1","1","1","PC","1","PC","0","1","","","","","1"
"970-409300","1","1","1","1","L-970-40930-S","","","","1","1","1","PC","1","PC","0","1","","","","","1"
"3239-410EA260","1","1","1","1","L2-970-41026-S","","","","1","1","1","PC","1","PC","0","1","","","","","1"
"3239-410EA300","1","1","1","1","L2-970-41030-S","","","","1","1","1","PC","1","PC","0","1","","","","","1"
"3239-410EA340","1","1","1","1","L2-970-41034-S","","","","1","1","1","PC","1","PC","0","1","","","","","1"
"810-410CA300","1","1","1","1","L2-810-410CA30-S","","","","1","1","1","PC","1","PC","0","1","","","","","1"
"810-410CA340","1","1","1","1","L2-810-410CA34-S","","","","1","1","1","PC","1","PC","0","1","","","","","1"
"L-105-405AA42","1","1","1","1","MA-105-405AA42","","","","1","1","1","PC","1","PC","0","1","","","","","1"
"L-105-405AA48","1","1","1","1","MA-105-405AA48","","","","PC","1","PC","0","1","","","","","1","","",""
"L-57-40517-S","1","1","1","1","MA-57-40517-S","","","","PC","1","PC","0","1","","","","","1","","",""
"L-59-40917-S","1","1","1","1","MA-59-40917-S","","","","PC","1","PC","0","1","","","","","1","","",""
"L-259-405A26-S","1","1","1","1","MA-259-405A26-S","","","","PC","1","PC","0","1","","","","","1","","",""
"L-220-40933-S","1","1","1","1","MA-220-40933-S","","","","PC","1","PC","0","1","","","","","1","","",""
"L-335-405AA30-S","1","1","1","1","MA-335-405AA30-S","","","","PC","1","PC","0","1","","","","","1","","",""
"L-335-405AA34-S","1","1","1","1","MA-335-405AA34-S","","","","PC","1","PC","0","1","","","","","1","","",""
"L-335-405AA38-S","1","1","1","1","MA-335-405AA38-S","","","","PC","1","PC","0","1","","","","","1","","",""
"L-335-405AA42-S","1","1","1","1","MA-335-405AA42-S","","","","PC","1","PC","0","1","","","","","1","","",""
"L-79-409B30-S","1","1","1","1","MA-79-409B30-S","","","","PC","1","PC","0","1","","","","","1","","",""
"L-79-409B33-S","1","1","1","1","MA-79-409B33-S","","","","PC","1","PC","0","1","","","","","1","","",""
"L-79-409B38-S","1","1","1","1","MA-79-409B38-S","","","","PC","1","PC","0","1","","","","","1","","",""
"L-335-405AA33-S","1","1","1","1","MA-335-405AA33-S","","","","PC","1","PC","0","1","","","","","1","","",""
"L-478-409AA34-S","1","1","1","1","MA-478-409AA34-S","","","","PC","1","PC","0","1","","","","","1","","",""
"L-478-409BA30-S","1","1","1","1","MA-478-409BA30-S","","","","PC","1","PC","0","1","","","","","1","","",""
"L-3662-409AA34-S","1","1","1","1","MA-3662-409AA34-S","","","","PC","1","PC","0","1","","","","","1","","",""
"L-57-40536-S","1","1","1","1","MA-57-40536-S","","","","PC","1","PC","0","1","","","","","1","","",""
"L-478-409AA36-S","1","1","1","1","MA-478-409AA36-S","","","","PC","1","PC","0","1","","","","","1","","",""
"L-478-409AA40-S","1","1","1","1","MA-478-409AA40-S","","","","PC","1","PC","0","1","","","","","1","","",""
"L-478-409BA33-S","1","1","1","1","MA-478-409BA33-S","","","","PC","1","PC","0","1","","","","","1","","",""
"L-478-409BA34-S","1","1","1","1","MA-478-409BA34-S","","","","PC","1","PC","0","1","","","","","1","","",""
"L-478-409BA38-S","1","1","1","1","MA-478-409BA38-S","","","","PC","1","PC","0","1","","","","","1","","",""
"L-329-409AA44-S","1","1","1","1","MA-329-409AA44-S","","","","PC","1","PC","0","1","","","","","1","","",""
"L-339-409AA42-S","1","1","1","1","MA-339-409AA42-S","","","","PC","1","PC","0","1","","","","","1","","",""
"L-5159-405AA34-S","1","1","1","1","MA-5159-405AA34-S","","","","PC","1","PC","0","1","","","","","1","","",""
"L-5163-40533-S","1","1","1","1","MA-5163-40533-S","","","","PC","1","PC","0","1","","","","","1","","",""
"L-53-40933-S","1","1","1","1","MA-53-40933-S","","","","PC","1","PC","0","1","","","","","1","","",""
"L-57-40524-S","1","1","1","1","MA-57-40524-S","","","","PC","1","PC","0","1","","","","","1","","",""
"L-57-40530-S","1","1","1","1","MA-57-40530-S","","","","PC","1","PC","0","1","","","","","1","","",""
"L-57-40533-S","1","1","1","1","MA-57-40533-S","","","","PC","1","PC","0","1","","","","","1","","",""
"L-57-40534-S","1","1","1","1","MA-57-40534-S","","","","PC","1","PC","0","1","","","","","1","","",""
"L-57-40540-S","1","1","1","1","MA-57-40540-S","","","","PC","1","PC","0","1","","","","","1","","",""
"L-57-40930-S","1","1","1","1","MA-57-40930-S","","","","PC","1","PC","0","1","","","","","1","","",""
"L-57-40934-S","1","1","1","1","MA-57-40934-S","","","","PC","1","PC","0","1","","","","","1","","",""
"L-57-40936-S","1","1","1","1","MA-57-40936-S","","","","PC","1","PC","0","1","","","","","1","","",""
"L-59-40924-S","1","1","1","1","MA-59-40924-S","","","","PC","1","PC","0","1","","","","","1","","",""
"L-59-40926-S","1","1","1","1","MA-59-40926-S","","","","PC","1","PC","0","1","","","","","1","","",""
"L-5516-409AA30-S","1","1","1","1","MA-5516-409AA30-S","","","","PC","1","PC","0","1","","","","","1","","",""
"L-5516-409AA38-S","1","1","1","1","MA-5516-409AA38-S","","","","PC","1","PC","0","1","","","","","1","","",""
"L-6104-409CA38-S","1","1","1","1","MA-6104-409CA38-S","","","","PC","1","PC","0","1","","","","","1","","",""
"L-73-40930-S","1","1","1","1","MA-73-40930-S","","","","PC","1","PC","0","1","","","","","1","","",""
"L-78-40533-S","1","1","1","1","MA-78-40533-S","","","","PC","1","PC","0","1","","","","","1","","",""
"L-78-40538-S","1","1","1","1","MA-78-40538-S","","","","PC","1","PC","0","1","","","","","1","","",""
"L-78-40534-S","1","1","1","1","MA-78-40534-S","","","","PC","1","PC","0","1","","","","","1","","",""
"L-78-40536-S","1","1","1","1","MA-78-40536-S","","","","PC","1","PC","0","1","","","","","1","","",""
"L-78-40540-S","1","1","1","1","MA-78-40540-S","","","","PC","1","PC","0","1","","","","","1","","",""
"L-328-405AA42-S","1","1","1","1","MA-328-405AA42-S","","","","PC","1","PC","0","1","","","","","1","","",""
"L-328-405AA44-S","1","1","1","1","MA-328-405AA44-S","","","","PC","1","PC","0","1","","","","","1","","",""
"L-81-40510-S","1","1","1","1","MA-81-40510-S","","","","PC","1","PC","0","1","","","","","1","","",""
"L-740-4097.6-S","1","1","1","1","MA-740-4097.6-S","","","","PC","1","PC","0","1","","","","","1","","",""
"L-81-40517","1","1","1","1","MA-81-40517","","","","PC","1","PC","0","1","","","","","1","","",""
"L-81-40520","1","1","1","1","MA-81-40520","","","","PC","1","PC","0","1","","","","","1","","",""
"L-81-40523","1","1","1","1","MA-81-40523","","","","PC","1","PC","0","1","","","","","1","","",""
"L-81-40524","1","1","1","1","MA-81-40524","","","","PC","1","PC","0","1","","","","","1","","",""
"L-81-40525","1","1","1","1","MA-81-40525","","","","PC","1","PC","0","1","","","","","1","","",""
"L-81-40526","1","1","1","1","MA-81-40526","","","","PC","1","PC","0","1","","","","","1","","",""
"L-81-40528","1","1","1","1","MA-81-40528","","","","PC","1","PC","0","1","","","","","1","","",""
"L-816-405CA34-S","1","1","1","1","MA-816-405CA34-S","","","","PC","1","PC","0","1","","","","","1","","",""
"L-816-405CA30-S","1","1","1","1","MA-816-405CA30-S","","","","PC","1","PC","0","1","","","","","1","","",""
"L-87-40530","1","1","1","1","MA-87-40530","","","","PC","1","PC","0","1","","","","","1","","",""
"L-87-40532","1","1","1","1","MA-87-40532","","","","PC","1","PC","0","1","","","","","1","","",""
"L-87-40534","1","1","1","1","MA-87-40534","","","","PC","1","PC","0","1","","","","","1","","",""
"L-87-40536","1","1","1","1","MA-87-40536","","","","PC","1","PC","0","1","","","","","1","","",""
"L-87-40538","1","1","1","1","MA-87-40538","","","","PC","1","PC","0","1","","","","","1","","",""
"L-87-40540","1","1","1","1","MA-87-40540","","","","PC","1","PC","0","1","","","","","1","","",""
"L-87-40542","1","1","1","1","MA-87-40542","","","","PC","1","PC","0","1","","","","","1","","",""
"L-201-40919-S","1","1","1","1","MA-201-40919-S","","","","PC","1","PC","0","1","","","","","1","","",""
"L-335-405AA19-S","1","1","1","1","MA-335-405AA19-S","","","","PC","1","PC","0","1","","","","","1","","",""
"L-81-405FA19","1","1","1","1","MA-81-405FA19","","","","PC","1","PC","0","1","","","","","1","","",""
"L-81-405FA22","1","1","1","1","MA-81-405FA22","","","","PC","1","PC","0","1","","","","","1","","",""
"L-5163-405BA33-S","1","1","1","1","MA-5163-405BA33-S","","","","PC","1","PC","0","1","","","","","1","","",""
"L-220-40934-S","1","1","1","1","MA-220-40934-S","","","","PC","1","PC","0","1","","","","","1","","",""
"L-57-40522-S","1","1","1","1","MA-57-40522-S","","","","PC","1","PC","0","1","","","","","1","","",""
"L-59-40922-S","1","1","1","1","MA-59-40922-S","","","","PC","1","PC","0","1","","","","","1","","",""
"L-6104-409CA30-S","1","1","1","1","MA-6104-409CA30-S","","","","PC","1","PC","0","1","","","","","1","","",""
"L-57-40938-S","1","1","1","1","MA-57-40938-S","","","","PC","1","PC","0","1","","","","","1","","",""
"L-970-41030-S","1","1","1","1","MA-970-41030-S","","","","PC","1","PC","0","1","","","","","1","","",""
"L-81-40522","1","1","1","1","MA-81-40522","","","","PC","1","PC","0","1","","","","","1","","",""
"L-816-405CA32-S","1","1","1","1","MA-816-405CA32-S","","","","PC","1","PC","0","1","","","","","1","","",""
"L-87-40534-S","1","1","1","1","MA-87-40534-S","","","","PC","1","PC","0","1","","","","","1","","",""
"L-960-405BA30-S","1","1","1","1","MA-960-405BA30-S","","","","PC","1","PC","0","1","","","","","1","","",""
"L-960-405AA30-S","1","1","1","1","MA-960-405AA30-S","","","","PC","1","PC","0","1","","","","","1","","",""
"L2-970-41026-S","1","1","1","1","MA-970-41026-S","","","","PC","1","PC","0","1","","","","","1","","",""
"L-57-40513-S","1","1","1","1","MA-57-40513-S","","","","PC","1","PC","0","1","","","","","1","","",""
"L-57-40516-S","1","1","1","1","MA-57-40516-S","","","","PC","1","PC","0","1","","","","","1","","",""
"L-201-40913-S","1","1","1","1","MA-201-40913-S","","","","PC","1","PC","0","1","","","","","1","","",""
"L-59-40916-S","1","1","1","1","MA-59-40916-S","","","","PC","1","PC","0","1","","","","","1","","",""
"L-335-405AA36-S","1","1","1","1","MA-335-405AA36-S","","","","PC","1","PC","0","1","","","","","1","","",""
"L-335-405AA48-S","1","1","1","1","MA-335-405AA48-S","","","","PC","1","PC","0","1","","","","","1","","",""
"L-79-409B32-S","1","1","1","1","MA-79-409B32-S","","","","PC","1","PC","0","1","","","","","1","","",""
"L-329-409AA48-S","1","1","1","1","MA-329-409AA48-S","","","","PC","1","PC","0","1","","","","","1","","",""
"L-5163-40538-S","1","1","1","1","MA-5163-40538-S","","","","PC","1","PC","0","1","","","","","1","","",""
"L-5163-40534-S","1","1","1","1","MA-5163-40534-S","","","","PC","1","PC","0","1","","","","","1","","",""
"L-57-40521-S","1","1","1","1","MA-57-40521-S","","","","PC","1","PC","0","1","","","","","1","","",""
"L-57-40526-S","1","1","1","1","MA-57-40526-S","","","","PC","1","PC","0","1","","","","","1","","",""
"L-59-40913-S","1","1","1","1","MA-59-40913-S","","","","PC","1","PC","0","1","","","","","1","","",""
"L-59-40921-S","1","1","1","1","MA-59-40921-S","","","","PC","1","PC","0","1","","","","","1","","",""
"L-6104-409CA34-S","1","1","1","1","MA-6104-409CA34-S","","","","PC","1","PC","0","1","","","","","1","","",""
"L-6104-409CA36-S","1","1","1","1","MA-6104-409CA36-S","","","","PC","1","PC","0","1","","","","","1","","",""
"L-5516-409AA34-S","1","1","1","1","MA-5516-409AA34-S","","","","PC","1","PC","0","1","","","","","1","","",""
"L-78-40532-S","1","1","1","1","MA-78-40532-S","","","","PC","1","PC","0","1","","","","","1","","",""
"L-81-40516","1","1","1","1","MA-81-40516","","","","PC","1","PC","0","1","","","","","1","","",""
"L-81-40518","1","1","1","1","MA-81-40518","","","","PC","1","PC","0","1","","","","","1","","",""
"L-87-40530-S","1","1","1","1","MA-87-40530-S","","","","PC","1","PC","0","1","","","","","1","","",""
"L2-87-41030-S","1","1","1","1","MA-87-41030-S","","","","PC","1","PC","0","1","","","","","1","","",""
"L-816-405CA16-S","1","1","1","1","MA-816-405CA16-S","","","","PC","1","PC","0","1","","","","","1","","",""
"L-201-40918-S","1","1","1","1","MA-201-40918-S","","","","PC","1","PC","0","1","","","","","1","","",""
"L-335-405AA18-S","1","1","1","1","MA-335-405AA18-S","","","","PC","1","PC","0","1","","","","","1","","",""
"L2-970-41034-S","1","1","1","1","MA-970-41034-S","","","","PC","1","PC","0","1","","","","","1","","",""
"L-478-409BA36-S","1","1","1","1","MA-478-409BA36-S","","","","PC","1","PC","0","1","","","","","1","","",""
"L-3504-409AA26-S","1","1","1","1","MA-3504-409AA26-S","","","","PC","1","PC","0","1","","","","","1","","",""
"L-355-40930-S","1","1","1","1","MA-355-40930-S","","","","PC","1","PC","0","1","","","","","1","","",""
"L-5121-405AA42-S","1","1","1","1","MA-5121-405AA42-S","","","","PC","1","PC","0","1","","","","","1","","",""
"L-328-405AA48-S","1","1","1","1","MA-328-405AA48-S","","","","PC","1","PC","0","1","","","","","1","","",""
"L-5156-405AA07-S","1","1","1","1","MA-5156-405AA07-S","","","","PC","1","PC","0","1","","","","","1","","",""
"L-5156-409AA07-S","1","1","1","1","MA-5156-409AA07-S","","","","PC","1","PC","0","1","","","","","1","","",""
"L-5163-40536-S","1","1","1","1","MA-5163-40536-S","","","","PC","1","PC","0","1","","","","","1","","",""
"L-5177-405AA33-S","1","1","1","1","MA-5177-405AA33-S","","","","PC","1","PC","0","1","","","","","1","","",""
"L-225-40533-S","1","1","1","1","MA-225-40533-S","","","","PC","1","PC","0","1","","","","","1","","",""
"L-5163-405BA34-S","1","1","1","1","MA-5163-405BA34-S","","","","PC","1","PC","0","1","","","","","1","","",""
"L-57-40515-S","1","1","1","1","MA-57-40515-S","","","","PC","1","PC","0","1","","","","","1","","",""
"L-57-40518-S","1","1","1","1","MA-57-40518-S","","","","PC","1","PC","0","1","","","","","1","","",""
"L-57-40520-S","1","1","1","1","MA-57-40520-S","","","","PC","1","PC","0","1","","","","","1","","",""
"L-57-40538-S","1","1","1","1","MA-57-40538-S","","","","PC","1","PC","0","1","","","","","1","","",""
"L-59-405A12-S","1","1","1","1","MA-59-405A12-S","","","","PC","1","PC","0","1","","","","","1","","",""
"L-59-405A8-S","1","1","1","1","MA-59-405A8-S","","","","PC","1","PC","0","1","","","","","1","","",""
"L-59-409B12-S","1","1","1","1","MA-59-409B12-S","","","","PC","1","PC","0","1","","","","","1","","",""
"L-59-409B8-S","1","1","1","1","MA-59-409B8-S","","","","PC","1","PC","0","1","","","","","1","","",""
"L-59-409B9-S","1","1","1","1","MA-59-409B9-S","","","","PC","1","PC","0","1","","","","","1","","",""
"L-59-40915-S","1","1","1","1","MA-59-40915-S","","","","PC","1","PC","0","1","","","","","1","","",""
"L-59-40918-S","1","1","1","1","MA-59-40918-S","","","","PC","1","PC","0","1","","","","","1","","",""
"L-59-40920-S","1","1","1","1","MA-59-40920-S","","","","PC","1","PC","0","1","","","","","1","","",""
"L-224-405AA34-S","1","1","1","1","MA-224-405AA34-S","","","","PC","1","PC","0","1","","","","","1","","",""
"L-740-40930-S","1","1","1","1","MA-740-40930-S","","","","PC","1","PC","0","1","","","","","1","","",""
"L2-970-41030-S","1","1","1","1","MA-970-41030-S","","","","PC","1","PC","0","1","","","","","1","","",""
"L-78-405FA33-S","1","1","1","1","MA-78-405FA33-S","","","","PC","1","PC","0","1","","","","","1","","",""
"L-81-40514","1","1","1","1","MA-81-40514","","","","PC","1","PC","0","1","","","","","1","","",""
"L-81-40519","1","1","1","1","MA-81-40519","","","","PC","1","PC","0","1","","","","","1","","",""
"L-81-40526-S","1","1","1","1","MA-81-40526-S","","","","PC","1","PC","0","1","","","","","1","","",""
"L-816-405CA26-S","1","1","1","1","MA-816-405CA26-S","","","","PC","1","PC","0","1","","","","","1","","",""
"L-816-405CA14-S","1","1","1","1","MA-816-405CA14-S","","","","PC","1","PC","0","1","","","","","1","","",""
"L-960-405BA26-S","1","1","1","1","MA-960-405BA26-S","","","","PC","1","PC","0","1","","","","","1","","",""
"L-960-405AA26-S","1","1","1","1","MA-960-405AA26-S","","","","PC","1","PC","0","1","","","","","1","","",""
"L-201-40915-S","1","1","1","1","MA-201-40915-S","","","","PC","1","PC","0","1","","","","","1","","",""
"L-201-40917-S","1","1","1","1","MA-201-40917-S","","","","PC","1","PC","0","1","","","","","1","","",""
"L-201-40920-S","1","1","1","1","MA-201-40920-S","","","","PC","1","PC","0","1","","","","","1","","",""
"L-335-405AA17-S","1","1","1","1","MA-335-405AA17-S","","","","PC","1","PC","0","1","","","","","1","","",""
"L-335-405AA20-S","1","1","1","1","MA-335-405AA20-S","","","","PC","1","PC","0","1","","","","","1","","",""
"L-81-405FA18","1","1","1","1","MA-81-405FA18","","","","PC","1","PC","0","1","","","","","1","","",""
"L-3557-409AA34-S","1","1","1","1","MA-3557-409AA34-S","","","","PC","1","PC","0","1","","","","","1","","",""
"L-57-40519-S","1","1","1","1","MA-57-40519-S","","","","PC","1","PC","0","1","","","","","1","","",""
"L-59-40919-S","1","1","1","1","MA-59-40919-S","","","","PC","1","PC","0","1","","","","","1","","",""
"L-5545-405AA30-S","1","1","1","1","MA-5545-405AA30-S","","","","PC","1","PC","0","1","","","","","1","","",""
"L-57-40514-S","1","1","1","1","MA-57-40514-S","","","","PC","1","PC","0","1","","","","","1","","",""
"L-59-405A10-S","1","1","1","1","MA-59-405A10-S","","","","PC","1","PC","0","1","","","","","1","","",""
"L-59-405A11-S","1","1","1","1","MA-59-405A11-S","","","","PC","1","PC","0","1","","","","","1","","",""
"L-59-409B10-S","1","1","1","1","MA-59-409B10-S","","","","PC","1","PC","0","1","","","","","1","","",""
"L-59-409B11-S","1","1","1","1","MA-59-409B11-S","","","","PC","1","PC","0","1","","","","","1","","",""
"L-59-40914-S","1","1","1","1","MA-59-40914-S","","","","PC","1","PC","0","1","","","","","1","","",""
"L-6104-409DA48-S","1","1","1","1","MA-6104-409DA48-S","","","","PC","1","PC","0","1","","","","","1","","",""
"L-65-40533-S","1","1","1","1","MA-65-40533-S","","","","PC","1","PC","0","1","","","","","1","","",""
"L-57-40933-S","1","1","1","1","MA-57-40933-S","","","","PC","1","PC","0","1","","","","","1","","",""
"L-78-40531-S","1","1","1","1","MA-78-40531-S","","","","PC","1","PC","0","1","","","","","1","","",""
"L-81-4057.6-S","1","1","1","1","MA-81-4057.6-S","","","","PC","1","PC","0","1","","","","","1","","",""
"L-87-40532-S","1","1","1","1","MA-87-40532-S","","","","PC","1","PC","0","1","","","","","1","","",""
"L-87-40538-S","1","1","1","1","MA-87-40538-S","","","","PC","1","PC","0","1","","","","","1","","",""
"L-81-405FA12","1","1","1","1","MA-81-405FA12","","","","PC","1","PC","0","1","","","","","1","","",""
"L-81-405FA16","1","1","1","1","MA-81-405FA16","","","","PC","1","PC","0","1","","","","","1","","",""
"L-81-405FA20","1","1","1","1","MA-81-405FA20","","","","PC","1","PC","0","1","","","","","1","","",""
"L-81-405FA21","1","1","1","1","MA-81-405FA21","","","","PC","1","PC","0","1","","","","","1","","",""
"L-81-405FA23","1","1","1","1","MA-81-405FA23","","","","PC","1","PC","0","1","","","","","1","","",""
"L-81-405FA24","1","1","1","1","MA-81-405FA24","","","","PC","1","PC","0","1","","","","","1","","",""
"L-57-40531-S","1","1","1","1","MA-57-40531-S","","","","PC","1","PC","0","1","","","","","1","","",""
"L-816-405CA24-S","1","1","1","1","MA-816-405CA24-S","","","","PC","1","PC","0","1","","","","","1","","",""
"L-201-40914-S","1","1","1","1","MA-201-40914-S","","","","PC","1","PC","0","1","","","","","1","","",""
"L-81-405FA15","1","1","1","1","MA-81-405FA15","","","","PC","1","PC","0","1","","","","","1","","",""
"L-81-405FA17","1","1","1","1","MA-81-405FA17","","","","PC","1","PC","0","1","","","","","1","","",""
"L-3557-409AA30-S","1","1","1","1","MA-3557-409AA30-S","","","","PC","1","PC","0","1","","","","","1","","",""
"L-5156-409AA5.5-S","1","1","1","1","MA-5156-409AA5.5-S","","","","PC","1","PC","0","1","","","","","1","","",""
"L-5182-405AA13-S","1","1","1","1","MA-5182-405AA13-S","","","","PC","1","PC","0","1","","","","","1","","",""
"L-5182-409AA13-S","1","1","1","1","MA-5182-409AA13-S","","","","PC","1","PC","0","1","","","","","1","","",""
"L-5546-405AA19-S","1","1","1","1","MA-5546-405AA19-S","","","","PC","1","PC","0","1","","","","","1","","",""
"L-5546-405AA38-S","1","1","1","1","MA-5546-405AA38-S","","","","PC","1","PC","0","1","","","","","1","","",""
"L-65-40531-S","1","1","1","1","MA-65-40531-S","","","","PC","1","PC","0","1","","","","","1","","",""
"L-64-409B33-S","1","1","1","1","MA-64-409B33-S","","","","PC","1","PC","0","1","","","","","1","","",""
"L-81-40521","1","1","1","1","MA-81-40521","","","","PC","1","PC","0","1","","","","","1","","",""
"L-87-40541-S","1","1","1","1","MA-87-40541-S","","","","PC","1","PC","0","1","","","","","1","","",""
"L-478-409BA32-S","1","1","1","1","MA-478-409BA32-S","","","","PC","1","PC","0","1","","","","","1","","",""
"L-5516-409AA36-S","1","1","1","1","MA-5516-409AA36-S","","","","PC","1","PC","0","1","","","","","1","","",""
"L-6104-409BA42-S","1","1","1","1","MA-6104-409BA42-S","","","","PC","1","PC","0","1","","","","","1","","",""
"L-208-409CA24-S","1","1","1","1","MA-208-409CA24-S","","","","PC","1","PC","0","1","","","","","1","","",""
"L-335-405AA24-S","1","1","1","1","MA-335-405AA24-S","","","","PC","1","PC","0","1","","","","","1","","",""
"L-5546-405AA30-S","1","1","1","1","MA-5546-405AA30-S","","","","PC","1","PC","0","1","","","","","1","","",""
"L-81-40515","1","1","1","1","MA-81-40515","","","","PC","1","PC","0","1","","","","","1","","",""
"L-TS-5385HA30-S","1","1","1","1","MA-TS-5385HA30-S","","","","PC","1","PC","0","1","","","","","1","","",""
"L-329-409AA46-S","1","1","1","1","MA-329-409AA46-S","","","","PC","1","PC","0","1","","","","","1","","",""
"L-5183-40533-S","1","1","1","1","MA-5183-40533-S","","","","PC","1","PC","0","1","","","","","1","","",""
"L-78-405FA31-S","1","1","1","1","MA-78-405FA31-S","","","","PC","1","PC","0","1","","","","","1","","",""
"L-328-405AA46-S","1","1","1","1","MA-328-405AA46-S","","","","PC","1","PC","0","1","","","","","1","","",""
"L2-810-410CA26-S","1","1","1","1","MA-810-410CA26-S","","","","PC","1","PC","0","1","","","","","1","","",""
"L-5156-405AA5.5-S","1","1","1","1","MA-5156-405AA5.5-S","","","","PC","1","PC","0","1","","","","","1","","",""
"L-59-405A9-S","1","1","1","1","MA-59-405A9-S","","","","PC","1","PC","0","1","","","","","1","","",""
"L-3504-409AA30-S","1","1","1","1","MA-3504-409AA30-S","","","","PC","1","PC","0","1","","","","","1","","",""
"L-4105-409AA30-S","1","1","1","1","MA-4105-409AA30-S","","","","PC","1","PC","0","1","","","","","1","","",""
"L-740-40926-S","1","1","1","1","MA-740-40926-S","","","","PC","1","PC","0","1","","","","","1","","",""
"L-740-40934-S","1","1","1","1","MA-740-40934-S","","","","PC","1","PC","0","1","","","","","1","","",""
"L-970-40918-S","1","1","1","1","MA-970-40918-S","","","","PC","1","PC","0","1","","","","","1","","",""
"L-970-40919-S","1","1","1","1","MA-970-40919-S","","","","PC","1","PC","0","1","","","","","1","","",""
"L-970-40926-S","1","1","1","1","MA-970-40926-S","","","","PC","1","PC","0","1","","","","","1","","",""
"L-970-40930-S","1","1","1","1","MA-970-40930-S","","","","PC","1","PC","0","1","","","","","1","","",""
"L2-810-410CA30-S","1","1","1","1","MA-810-410CA30-S","","","","PC","1","PC","0","1","","","","","1","","",""
"L2-810-410CA34-S","1","1","1","1","MA-810-410CA34-S","","","","PC","1","PC","0","1","","","","","1","","","1"
"5181-501AA18","1","1","1","1","MA-1751-501AA18","","","","1","1","1","PC","1","PC","0","1","","","","","1"
"5529-502EA30","1","1","1","1","MA-5517-502AA30","","","","1","1","1","PC","1","PC","0","1","","","","","1"
"3153-502EC26","1","1","1","1","MA-600-502AA26","","","","1","1","1","PC","1","PC","0","1","","","","","1"
"3153-502FB26","1","1","1","1","MA-600-502AA26","","","","1","1","1","PC","1","PC","0","1","","","","","1"
"3153-502JC26","1","1","1","1","MA-600-502AA26","","","","1","1","1","PC","1","PC","0","1","","","","","1"
"3153-502EC28","1","1","1","1","MA-600-502AA28","","","","1","1","1","PC","1","PC","0","1","","","","","1"
"3153-502FB28","1","1","1","1","MA-600-502AA28","","","","1","1","1","PC","1","PC","0","1","","","","","1"
"3153-502JC28","1","1","1","1","MA-600-502AA28","","","","1","1","1","PC","1","PC","0","1","","","","","1"
"3153-502KB28","1","1","1","1","MA-600-502AA28","","","","1","1","1","PC","1","PC","0","1","","","","","1"
"3153-502EC42","1","1","1","1","MA-600-502AA42","","","","1","1","1","PC","1","PC","0","1","","","","","1"
"3153-502JC42","1","1","1","1","MA-600-502AA42","","","","1","1","1","PC","1","PC","0","1","","","","","1"
"3153-502KB26","1","1","1","1","MA-600-502AA26","","","","1","1","1","PC","1","PC","0","1","","","","","1"
"3557-501AA30","1","1","1","1","MA-171-501AA30","","","","1","1","1","PC","1","PC","0","1","","","","","1"
"171-406RA30","1","1","1","1","MA-171-406RA30","","","","1","1","1","PC","1","PC","0","1","","","","","1"
"1635-401CA38","1","1","1","1","MA-1635-401AA38","","","","1","1","1","PC","1","PC","0","1","","","","","1"
"3166-652AA19","1","1","1","1","MA-720-65219-DRUM","","","","1","1","1","PC","1","PC","0","1","","","","","1"
"3557-608AA30","1","1","1","1","MA-3501-66001AA30","","","","1","1","1","PC","1","PC","0","1","","","","","1"
"3166-652AA24","1","1","1","1","MA-720-65224-DRUM","","","","1","1","1","PC","1","PC","0","1","","","","","1"
"6110-501AA38","1","1","1","1","MA-5500-501GA38","","","","1","1","1","PC","1","PC","0","1","","","","","1"
"6110-641AA38","1","1","1","1","MA-485-641BA38-DRUM","","","","1","1","1","PC","1","PC","0","1","","","","","1"
"6110-601AA38","1","1","1","1","MA-6104-601AA38","","","","1","1","1","PC","1","PC","0","1","","","","","1"
"6110-502BA38","1","1","1","1","MA-RH-0207D-01AA","","","","1","1","1","PC","1","PC","0","1","","","","","1"
"6110-502CA38","1","1","1","1","MA-RH-0207D-01AA","","","","1","1","1","PC","1","PC","0","1","","","","","1"
"6110-502GA38","1","1","1","1","MA-RH-0207D-01AA","","","","1","1","1","PC","1","PC","0","1","","","","","1"
"6110-502JA38","1","1","1","1","MA-RH-0207D-01AA","","","","1","1","1","PC","1","PC","0","1","","","","","1"
"6110-502EA38","1","1","1","1","MA-5546-502AA38","","","","1","1","1","PC","1","PC","0","1","","","","","1"
"3153-502FA36","1","1","1","1","MA-600-502AA36","","","","1","1","1","PC","1","PC","0","1","","","","","1"
"6110-602AA38","1","1","1","1","MA-RH-0031K-06SA","","","","1","1","1","PC","1","PC","0","1","","","","","1"
"6110-602CA38","1","1","1","1","MA-RH-0031K-06SA","","","","1","1","1","PC","1","PC","0","1","","","","","1"
"6110-602DA38","1","1","1","1","MA-RH-0031K-06SA","","","","1","1","1","PC","1","PC","0","1","","","","","1"
"6110-602EA38","1","1","1","1","MA-RH-0031K-06SA","","","","1","1","1","PC","1","PC","0","1","","","","","1"
"3139-608BA36","1","1","1","1","MA-973-608AA36-DRUM","","","","1","1","1","PC","1","PC","0","1","","","","","1"
"5181-601AA17","1","1","1","1","MA-1751-601AA17","","","","1","1","1","PC","1","PC","0","1","","","","","1"
"5181-601AA18","1","1","1","1","MA-1751-601AA18","","","","1","1","1","PC","1","PC","0","1","","","","","1"
"3139-608BA38","1","1","1","1","MA-973-608AA38-DRUM","","","","1","1","1","PC","1","PC","0","1","","","","","1"
"1831-501CA36","1","1","1","1","MA-1831-501BA36","","","","1","1","1","PC","1","PC","0","1","","","","","1"
"1831-501CA38","1","1","1","1","MA-1831-501BA38","","","","1","1","1","PC","1","PC","0","1","","","","","1"
"3139-652CA38","1","1","1","1","MA-720-65238-DRUM","","","","1","1","1","PC","1","PC","0","1","","","","","1"
"5181-501AA17","1","1","1","1","MA-1751-501AA17","","","","1","1","1","PC","1","PC","0","1","","","","","1"
"5181-502AA17","1","1","1","1","MA-59-502B17","","","","1","1","1","PC","1","PC","0","1","","","","","1"
"5181-602AA17","1","1","1","1","MA-RH-0031A-06E","","","","1","1","1","PC","1","PC","0","1","","","","","1"
"5181-602GA17","1","1","1","1","MA-RH-0031A-07E","","","","1","1","1","PC","1","PC","0","1","","","","","1"
"5181-641AA17","1","1","1","1","MA-720-65216-DRUM","","","","1","1","1","PC","1","PC","0","1","","","","","1"
"5181-641AA13","1","1","1","1","MA-720-65212-DRUM","","","","1","1","1","PC","1","PC","0","1","","","","","1"
"5181-502AA18","1","1","1","1","MA-59-502B18","","","","1","1","1","PC","1","PC","0","1","","","","","1"
"5181-602AA18","1","1","1","1","MA-RH-0031A-06E","","","","1","1","1","PC","1","PC","0","1","","","","","1"
"5181-602GA18","1","1","1","1","MA-RH-0031A-07E","","","","1","1","1","PC","1","PC","0","1","","","","","1"
"3557-502BA34","1","1","1","1","MA-600-502AA34","","","","1","1","1","PC","1","PC","0","1","","","","","1"
"5181-601AA13","1","1","1","1","MA-1751-601AA13","","","","1","1","1","PC","1","PC","0","1","","","","","1"
"5181-602BA13","1","1","1","1","MA-RH-0031A-07E","","","","1","1","1","PC","1","PC","0","1","","","","","1"
"5181-602AA13","1","1","1","1","MA-RH-0031A-07E","","","","1","1","1","PC","1","PC","0","1","","","","","1"
"5181-501AA13","1","1","1","1","MA-1751-501AA13","","","","1","1","1","PC","1","PC","0","1","","","","","1"
"161-406JB38-KYOUEI","1","1","1","1","MA-161-406JA38","","","","1","1","1","PC","1","PC","0","1","","","","","1"
"5108-602EC33","1","1","1","1","MA-RH-0031A-05E","","","","1","1","1","PC","1","PC","0","1","","","","","1"
"5108-502EB33","1","1","1","1","MA-5108-502AA33","","","","1","1","1","PC","1","PC","0","1","","","","","1"
"5108-602BB33","1","1","1","1","MA-RH-0031A-05C","","","","1","1","1","PC","1","PC","0","1","","","","","1"
"6110-502AA38","1","1","1","1","MA-5546-502AA38","","","","1","1","1","PC","1","PC","0","1","","","","","1"
"161-406JB33-KYOUEI","1","1","1","1","MA-161-406JA33","","","","1","1","1","PC","1","PC","0","1","","","","","1"
"1751-406CB17","1","1","1","1","MA-1751-406CB17","","","","1","1","1","PC","1","PC","0","1","","","","","1"
"1751-406CB20","1","1","1","1","MA-1751-406CB20","","","","1","1","1","PC","1","PC","0","1","","","","","1"
"1751-406CB18","1","1","1","1","MA-1751-406CB18","","","","1","1","1","PC","1","PC","0","1","","","","","1"
"1751-406CB21","1","1","1","1","MA-1751-406CB21","","","","1","1","1","PC","1","PC","0","1","","","","","1"
"130-407AA13","1","1","1","1","MA-130-407AA13","","","","1","1","1","PC","1","PC","0","1","","","","","1"
"1355-414AA","1","1","1","1","MA-1355-414AA","","","","1","1","1","PC","1","PC","0","1","","","","","1"
"1355-417AB24","1","1","1","1","MA-1355-417AB24-DRUM","","","","1","1","1","PC","1","PC","0","1","","","","","1"
"5521-601AB19","1","1","1","1","MA-1355-601BA19","","","","1","1","1","PC","1","PC","0","1","","","","","1"
"12Q-411KA36","1","1","1","1","MA-12Q-411BA36","","","","1","1","1","PC","1","PC","0","1","","","","","1"
"1355-406AB19","1","1","1","1","MA-1355-406AB19","","","","1","1","1","PC","1","PC","0","1","","","","","1"
"162-406BB30","1","1","1","1","MA-162-406BB30","","","","1","1","1","PC","1","PC","0","1","","","","","1"
"130-501BA14","1","1","1","1","MA-130-501BA14","","","","1","1","1","PC","1","PC","0","1","","","","","1"
"1355-402AA24","1","1","1","1","MA-1355-402AA24","","","","1","1","1","PC","1","PC","0","1","","","","","1"
"1355-403CB24","1","1","1","1","MA-1355-403CB24","","","","1","1","1","PC","1","PC","0","1","","","","","1"
"1355-440AA24","1","1","1","1","MA-1355-440AA24","","","","1","1","1","PC","1","PC","0","1","","","","","1"
"201-502BA13","1","1","1","1","MA-201-502BA13","","","","1","1","1","PC","1","PC","0","1","","","","","1"
"5521-502AB19","1","1","1","1","MA-5521-502AB19","","","","1","1","1","PC","1","PC","0","1","","","","","1"
"5527-501AA19","1","1","1","1","MA-5527-501AA19","","","","1","1","1","PC","1","PC","0","1","","","","","1"
"5527-501BB19","1","1","1","1","MA-5527-501BB19","","","","1","1","1","PC","1","PC","0","1","","","","","1"
"560-601AA30","1","1","1","1","MA-560-601AA30","","","","1","1","1","PC","1","PC","0","1","","","","","1"
"560-60830","1","1","1","1","MA-560-60830","","","","1","1","1","PC","1","PC","0","1","","","","","1"
"790-502AA30","1","1","1","1","MA-790-502AA30","","","","1","1","1","PC","1","PC","0","1","","","","","1"
"1531-103BA24","1","1","1","1","MA-1531-103BA24","","","","1","1","1","PC","1","PC","0","1","","","","","1"
"1531-102DA","1","1","1","1","MA-1531-102AA","","","","1","1","1","PC","1","PC","0","1","","","","","1"
"1531-102EB","1","1","1","1","MA-1531-102BA","","","","1","1","1","PC","1","PC","0","1","","","","","1"
"KF30-00901AA","1","1","1","1","MA-KF30-00901AA","","","","1","1","1","PC","1","PC","0","1","","","","","1"
"1355-404BA","1","1","1","1","MA-1355-404BA","","","","1","1","1","PC","1","PC","0","1","","","","","1"
"115-103BA38","1","1","1","1","MA-115-103BA38","","","","1","1","1","PC","1","PC","0","1","","","","","1"
"115-102JA","1","1","1","1","MA-115-102JA","","","","1","1","1","PC","1","PC","0","1","","","","","1"
"K-13801D","1","1","1","1","MA-K-13801D","","","","1","1","1","PC","1","PC","0","1","","","","","1"
"5154-501AA36","1","1","1","1","MA-161-501QA36","","","","1","1","1","PC","1","PC","0","1","","","","","1"
"5528-601AA30","1","1","1","1","MA-161-601HA30","","","","1","1","1","PC","1","PC","0","1","","","","","1"
"474-601AB34","1","1","1","1","MA-165-601BA34","","","","1","1","1","PC","1","PC","0","1","","","","","1"
"5154-601AA36","1","1","1","1","MA-165-601BA38","","","","1","1","1","PC","1","PC","0","1","","","","","1"
"882-501BA38","1","1","1","1","MA-171-501AA38","","","","1","1","1","PC","1","PC","0","1","","","","","1"
"SPL-1479WB","1","1","1","1","MA-RH-0031A-05C","","","","1","1","1","PC","1","PC","0","1","","","","","1"
"6214-501BA34","1","1","1","1","MA-5500-501EB34","","","","1","1","1","PC","1","PC","0","1","","","","","1"
"5533-501AA34","1","1","1","1","MA-5529-501CA34","","","","1","1","1","PC","1","PC","0","1","","","","","1"
"5517-501CA34","1","1","1","1","MA-5529-501CA34","","","","1","1","1","PC","1","PC","0","1","","","","","1"
"6104-601AA34","1","1","1","1","MA-6104-601AA34","","","","1","1","1","PC","1","PC","0","1","","","","","1"
"12Q-411MA34","1","1","1","1","MA-12Q-411MA34","","","","1","1","1","PC","1","PC","0","1","","","","","1"
"161-406RE34","1","1","1","1","MA-161-406RE34","","","","1","1","1","PC","1","PC","0","1","","","","","1"
"SPL-1522GAA","1","1","1","1","MA-1751-404AA","","","","1","1","1","PC","1","PC","0","1","","","","","1"
"3239-432AA38","1","1","1","1","MA-3237-432BA38","","","","1","1","1","PC","1","PC","0","1","","","","","1"
"478-502AB30","1","1","1","1","MA-474-502AA30","","","","1","1","1","PC","1","PC","0","1","","","","","1"
"5157-502EA30","1","1","1","1","MA-474-502AA30","","","","1","1","1","PC","1","PC","0","1","","","","","1"
"5168-502AA33","1","1","1","1","MA-5163-502AA33","","","","1","1","1","PC","1","PC","0","1","","","","","1"
"5541-502AB38","1","1","1","1","MA-5517-502AA38","","","","1","1","1","PC","1","PC","0","1","","","","","1"
"603-502QA26","1","1","1","1","MA-582-502AA26","","","","1","1","1","PC","1","PC","0","1","","","","","1"
"3239-651AA38","1","1","1","1","MA-625-65138-DRUM","","","","1","1","1","PC","1","PC","0","1","","","","","1"
"3538-652AA34","1","1","1","1","MA-720-65234-DRUM","","","","1","1","1","PC","1","PC","0","1","","","","","1"
"3550-652AA34","1","1","1","1","MA-720-65234-DRUM","","","","1","1","1","PC","1","PC","0","1","","","","","1"
"4111-652AA34","1","1","1","1","MA-720-65234-DRUM","","","","1","1","1","PC","1","PC","0","1","","","","","1"
"4117-601EA34","1","1","1","1","MA-748-601AA34","","","","1","1","1","PC","1","PC","0","1","","","","","1"
"3239-601EA38","1","1","1","1","MA-880-601AA38","","","","1","1","1","PC","1","PC","0","1","","","","","1"
"3139-608AC30","1","1","1","1","MA-973-608AA30-DRUM","","","","1","1","1","PC","1","PC","0","1","","","","","1"
"3139-608AB34","1","1","1","1","MA-973-608AA34-DRUM","","","","1","1","1","PC","1","PC","0","1","","","","","1"
"6104-606AD38","1","1","1","1","MA-RH-0031A-05C","","","","1","1","1","PC","1","PC","0","1","","","","","1"
"6104-602DC38","1","1","1","1","MA-RH-0031A-05H","","","","1","1","1","PC","1","PC","0","1","","","","","1"
"6105-606AD36","1","1","1","1","MA-RH-0031A-05C","","","","1","1","1","PC","1","PC","0","1","","","","","1"
"6105-606AD38","1","1","1","1","MA-RH-0031A-05C","","","","1","1","1","PC","1","PC","0","1","","","","","1"
"6105-606AD42","1","1","1","1","MA-RH-0031A-05C","","","","1","1","1","PC","1","PC","0","1","","","","","1"
"6214-606AA34","1","1","1","1","MA-RH-0031A-05C","","","","1","1","1","PC","1","PC","0","1","","","","","1"
"6104-606AD34","1","1","1","1","MA-RH-0031A-05C","","","","1","1","1","PC","1","PC","0","1","","","","","1"
"6210-602PD34","1","1","1","1","MA-RH-0031A-05H","","","","1","1","1","PC","1","PC","0","1","","","","","1"
"5157-602AA34","1","1","1","1","MA-RH-0031K-06B","","","","1","1","1","PC","1","PC","0","1","","","","","1"
"5157-602BA34","1","1","1","1","MA-RH-0031A-05C","","","","1","1","1","PC","1","PC","0","1","","","","","1"
"5157-602EA30","1","1","1","1","MA-RH-0031A-05D","","","","1","1","1","PC","1","PC","0","1","","","","","1"
"3153-502JB30","1","1","1","1","MA-RH-0175KD-21AA","","","","1","1","1","PC","1","PC","0","1","","","","","1"
"3153-502JB34","1","1","1","1","MA-RH-0175KD-21AA","","","","1","1","1","PC","1","PC","0","1","","","","","1"
"3153-502EB30","1","1","1","1","MA-RH-0175KD-21AA","","","","1","1","1","PC","1","PC","0","1","","","","","1"
"603-601EA26","1","1","1","1","MA-603-601-BLOCK","","","","1","1","1","PC","1","PC","0","1","","","","","1"
"3153-601EB30","1","1","1","1","MA-603-601-BLOCK","","","","1","1","1","PC","1","PC","0","1","","","","","1"
"3151-601EA26","1","1","1","1","MA-603-601-BLOCK","","","","1","1","1","PC","1","PC","0","1","","","","","1"
"3153-502JB26","1","1","1","1","MA-RH-0175KD-21AA","","","","1","1","1","PC","1","PC","0","1","","","","","1"
"3153-502JB32","1","1","1","1","MA-RH-0175KD-21AA","","","","1","1","1","PC","1","PC","0","1","","","","","1"
"3153-601EB26","1","1","1","1","MA-603-601-BLOCK","","","","1","1","1","PC","1","PC","0","1","","","","","1"
"3153-601EB32","1","1","1","1","MA-603-601-BLOCK","","","","1","1","1","PC","1","PC","0","1","","","","","1"
"3153-601EB28","1","1","1","1","MA-603-601-BLOCK","","","","1","1","1","PC","1","PC","0","1","","","","","1"
"3153-601FA28","1","1","1","1","MA-603-601-BLOCK","","","","1","1","1","PC","1","PC","0","1","","","","","1"
"5157-502AA34","1","1","1","1","MA-474-502AA34","","","","1","1","1","PC","1","PC","0","1","","","","","1"
"631-607CA","1","1","1","1","MA-631-607CA","","","","1","1","1","PC","1","PC","0","1","","","","","1"
"3153-601EB34","1","1","1","1","MA-603-601-BLOCK","","","","1","1","1","PC","1","PC","0","1","","","","","1"
"100-501AB30","1","1","1","1","MA-100-501AB30","","","","1","1","1","PC","1","PC","0","1","","","","","1"
"101-440BB38","1","1","1","1","MA-101-440BB38","","","","1","1","1","PC","1","PC","0","1","","","","","1"
"101-440DA38","1","1","1","1","MA-101-440DA38","","","","1","1","1","PC","1","PC","0","1","","","","","1"
"101-440EA38","1","1","1","1","MA-101-440EA38","","","","1","1","1","PC","1","PC","0","1","","","","","1"
"1035-417AA26","1","1","1","1","MA-1035-417AA26-DRUM","","","","1","1","1","PC","1","PC","0","1","","","","","1"
"1035-418AA26","1","1","1","1","MA-1035-418AA26-DRUM","","","","1","1","1","PC","1","PC","0","1","","","","","1"
"105-406EA44","1","1","1","1","L1-105-406EA44","","","","1","1","1","PC","1","PC","0","1","","","","","1"
"105-417AA48","1","1","1","1","MA-105-417AA48","","","","1","1","1","PC","1","PC","0","1","","","","","1"
"105-418AA48","1","1","1","1","MA-105-418AA48","","","","1","1","1","PC","1","PC","0","1","","","","","1"
"105-501ZEA48","1","1","1","1","MA-105-501ZEA48","","","","1","1","1","PC","1","PC","0","1","","","","","1"
"121-401BA48","1","1","1","1","MA-121-401BA48","","","","1","1","1","PC","1","PC","0","1","","","","","1"
"121-401CA48","1","1","1","1","MA-121-401BA48","","","","1","1","1","PC","1","PC","0","1","","","","","1"
"1531-501EA26","1","1","1","1","MA-1531-501AA26","","","","1","1","1","PC","1","PC","0","1","","","","","1"
"1531-501DA30","1","1","1","1","MA-1531-501AA30","","","","1","1","1","PC","1","PC","0","1","","","","","1"
"1531-501EA30","1","1","1","1","MA-1531-501AA30","","","","1","1","1","PC","1","PC","0","1","","","","","1"
"815-501BA30","1","1","1","1","MA-1531-501CA30","","","","1","1","1","PC","1","PC","0","1","","","","","1"
"819-501CA30","1","1","1","1","MA-1531-501CA30","","","","1","1","1","PC","1","PC","0","1","","","","","1"
"975-501CA30","1","1","1","1","MA-1531-501CA30","","","","1","1","1","PC","1","PC","0","1","","","","","1"
"815-501BA34","1","1","1","1","MA-1531-501CA34","","","","1","1","1","PC","1","PC","0","1","","","","","1"
"975-501CA34","1","1","1","1","MA-1531-501CA34","","","","1","1","1","PC","1","PC","0","1","","","","","1"
"1531-501ZKA28","1","1","1","1","MA-1531-501ZKA30","","","","1","1","1","PC","1","PC","0","1","","","","","1"
"1531-501ZKA30","1","1","1","1","MA-1531-501ZKA30","","","","1","1","1","PC","1","PC","0","1","","","","","1"
"1531-501ZKA32","1","1","1","1","MA-1531-501ZKA30","","","","1","1","1","PC","1","PC","0","1","","","","","1"
"1531-501ZMA30","1","1","1","1","MA-1531-501ZKA30","","","","1","1","1","PC","1","PC","0","1","","","","","1"
"1531-501ZNA30","1","1","1","1","MA-1531-501ZKA30","","","","1","1","1","PC","1","PC","0","1","","","","","1"
"1531-501ZPA30","1","1","1","1","MA-1531-501ZKA30","","","","1","1","1","PC","1","PC","0","1","","","","","1"
"1531-501ZQA28","1","1","1","1","MA-1531-501ZKA30","","","","1","1","1","PC","1","PC","0","1","","","","","1"
"1531-501ZQA30","1","1","1","1","MA-1531-501ZKA30","","","","1","1","1","PC","1","PC","0","1","","","","","1"
"3124-501ZLA30","1","1","1","1","MA-1531-501ZKA30","","","","1","1","1","PC","1","PC","0","1","","","","","1"
"3124-501ZLA32","1","1","1","1","MA-1531-501ZKA30","","","","1","1","1","PC","1","PC","0","1","","","","","1"
"161-402CA30","1","1","1","1","MA-161-402CA30","","","","1","1","1","PC","1","PC","0","1","","","","","1"
"161-402CA38","1","1","1","1","MA-161-402CA38","","","","1","1","1","PC","1","PC","0","1","","","","","1"
"6207-406AA3138","1","1","1","1","MA-161-406QE3138","","","","1","1","1","PC","1","PC","0","1","","","","","1"
"211-501AA30","1","1","1","1","MA-161-501AA30","","","","1","1","1","PC","1","PC","0","1","","","","","1"
"479-501AB30","1","1","1","1","MA-161-501AA30","","","","1","1","1","PC","1","PC","0","1","","","","","1"
"5128-501AA30","1","1","1","1","MA-161-501AA30","","","","1","1","1","PC","1","PC","0","1","","","","","1"
"5154-501AA30","1","1","1","1","MA-161-501AA30","","","","1","1","1","PC","1","PC","0","1","","","","","1"
"5165-501AA30","1","1","1","1","MA-161-501AA30","","","","1","1","1","PC","1","PC","0","1","","","","","1"
"474-501AA3038","1","1","1","1","MA-161-501AA3038","","","","1","1","1","PC","1","PC","0","1","","","","","1"
"5213-501AA30","1","1","1","1","MA-161-501AA3038","","","","1","1","1","PC","1","PC","0","1","","","","","1"
"211-501AA33","1","1","1","1","MA-161-501AA33","","","","1","1","1","PC","1","PC","0","1","","","","","1"
"474-501AB33","1","1","1","1","MA-161-501AA33","","","","1","1","1","PC","1","PC","0","1","","","","","1"
"479-501AB33","1","1","1","1","MA-161-501AA33","","","","1","1","1","PC","1","PC","0","1","","","","","1"
"5128-501AA33","1","1","1","1","MA-161-501AA33","","","","1","1","1","PC","1","PC","0","1","","","","","1"
"5144-501AA33","1","1","1","1","MA-161-501AA33","","","","1","1","1","PC","1","PC","0","1","","","","","1"
"5154-501AA33","1","1","1","1","MA-161-501AA33","","","","1","1","1","PC","1","PC","0","1","","","","","1"
"5202-501AA33","1","1","1","1","MA-161-501AA33","","","","1","1","1","PC","1","PC","0","1","","","","","1"
"A226-501AA33","1","1","1","1","MA-161-501AA33","","","","1","1","1","PC","1","PC","0","1","","","","","1"
"474-501AB34","1","1","1","1","MA-161-501AA34","","","","1","1","1","PC","1","PC","0","1","","","","","1"
"479-501AB34","1","1","1","1","MA-161-501AA34","","","","1","1","1","PC","1","PC","0","1","","","","","1"
"5154-501AA34","1","1","1","1","MA-161-501AA34","","","","1","1","1","PC","1","PC","0","1","","","","","1"
"5208-501AA34","1","1","1","1","MA-161-501AA34","","","","1","1","1","PC","1","PC","0","1","","","","","1"
"5211-501AA34","1","1","1","1","MA-161-501AA34","","","","1","1","1","PC","1","PC","0","1","","","","","1"
"5212-501AA34","1","1","1","1","MA-161-501AA34","","","","1","1","1","PC","1","PC","0","1","","","","","1"
"211-501AA36","1","1","1","1","MA-161-501AA36","","","","1","1","1","PC","1","PC","0","1","","","","","1"
"474-501AB36","1","1","1","1","MA-161-501AA36","","","","1","1","1","PC","1","PC","0","1","","","","","1"
"5202-501AA36","1","1","1","1","MA-161-501AA36","","","","1","1","1","PC","1","PC","0","1","","","","","1"
"5211-501AA36","1","1","1","1","MA-161-501AA36","","","","1","1","1","PC","1","PC","0","1","","","","","1"
"5212-501AA36","1","1","1","1","MA-161-501AA36","","","","1","1","1","PC","1","PC","0","1","","","","","1"
"5213-501AA36","1","1","1","1","MA-161-501AA36","","","","1","1","1","PC","1","PC","0","1","","","","","1"
"A226-501AA36","1","1","1","1","MA-161-501AA36","","","","1","1","1","PC","1","PC","0","1","","","","","1"
"211-501AA38","1","1","1","1","MA-161-501AA38","","","","1","1","1","PC","1","PC","0","1","","","","","1"
"5128-501AA38","1","1","1","1","MA-161-501AA38","","","","1","1","1","PC","1","PC","0","1","","","","","1"
"5144-501AA38","1","1","1","1","MA-161-501AA38","","","","1","1","1","PC","1","PC","0","1","","","","","1"
"5142-501BA40","1","1","1","1","MA-161-501AA40","","","","1","1","1","PC","1","PC","0","1","","","","","1"
"474-501AA42","1","1","1","1","MA-161-501AA42","","","","1","1","1","PC","1","PC","0","1","","","","","1"
"5142-501BA42","1","1","1","1","MA-161-501AA42","","","","1","1","1","PC","1","PC","0","1","","","","","1"
"5121-501AA30","1","1","1","1","MA-161-501CA30","","","","1","1","1","PC","1","PC","0","1","","","","","1"
"5121-501AA34","1","1","1","1","MA-161-501CA34","","","","1","1","1","PC","1","PC","0","1","","","","","1"
"5131-501AA34","1","1","1","1","MA-161-501CA34","","","","1","1","1","PC","1","PC","0","1","","","","","1"
"5121-501AA36","1","1","1","1","MA-161-501CA36","","","","1","1","1","PC","1","PC","0","1","","","","","1"
"5131-501AA36","1","1","1","1","MA-161-501CA36","","","","1","1","1","PC","1","PC","0","1","","","","","1"
"5121-501AA38","1","1","1","1","MA-161-501CA38","","","","1","1","1","PC","1","PC","0","1","","","","","1"
"5131-501AA38","1","1","1","1","MA-161-501CA38","","","","1","1","1","PC","1","PC","0","1","","","","","1"
"5121-501AA40","1","1","1","1","MA-161-501CA40","","","","1","1","1","PC","1","PC","0","1","","","","","1"
"5121-501AA42","1","1","1","1","MA-161-501CA42","","","","1","1","1","PC","1","PC","0","1","","","","","1"
"5126-501AA26","1","1","1","1","MA-161-501DA26","","","","1","1","1","PC","1","PC","0","1","","","","","1"
"5131-501AA30","1","1","1","1","MA-161-501FA30","","","","1","1","1","PC","1","PC","0","1","","","","","1"
"5142-501NA34","1","1","1","1","MA-161-501HA34","","","","1","1","1","PC","1","PC","0","1","","","","","1"
"5142-501NA36","1","1","1","1","MA-161-501HA36","","","","1","1","1","PC","1","PC","0","1","","","","","1"
"5142-501NA38","1","1","1","1","MA-161-501HA38","","","","1","1","1","PC","1","PC","0","1","","","","","1"
"335-501DA30","1","1","1","1","MA-161-501PA30","","","","1","1","1","PC","1","PC","0","1","","","","","1"
"C352-501AA30","1","1","1","1","MA-161-501PA30","","","","1","1","1","PC","1","PC","0","1","","","","","1"
"335-501DA33","1","1","1","1","MA-161-501PA33","","","","1","1","1","PC","1","PC","0","1","","","","","1"
"C352-501AA33","1","1","1","1","MA-161-501PA33","","","","1","1","1","PC","1","PC","0","1","","","","","1"
"B336-501AA34","1","1","1","1","MA-161-501PA34","","","","1","1","1","PC","1","PC","0","1","","","","","1"
"C352-501AA34","1","1","1","1","MA-161-501PA34","","","","1","1","1","PC","1","PC","0","1","","","","","1"
"474-501AB3338","1","1","1","1","MA-161-501QA3338","","","","1","1","1","PC","1","PC","0","1","","","","","1"
"479-501AB3338","1","1","1","1","MA-161-501QA3338","","","","1","1","1","PC","1","PC","0","1","","","","","1"
"474-501AB38","1","1","1","1","MA-161-501QA38","","","","1","1","1","PC","1","PC","0","1","","","","","1"
"479-501AB38","1","1","1","1","MA-161-501QA38","","","","1","1","1","PC","1","PC","0","1","","","","","1"
"5154-501AA38","1","1","1","1","MA-161-501QA38","","","","1","1","1","PC","1","PC","0","1","","","","","1"
"5308-601AA33","1","1","1","1","MA-161-601BA33","","","","1","1","1","PC","1","PC","0","1","","","","","1"
"5310-601AA33","1","1","1","1","MA-161-601BA33","","","","1","1","1","PC","1","PC","0","1","","","","","1"
"C352-601AA33","1","1","1","1","MA-161-601BA33","","","","1","1","1","PC","1","PC","0","1","","","","","1"
"5308-601AB34","1","1","1","1","MA-161-601BA34","","","","1","1","1","PC","1","PC","0","1","","","","","1"
"C352-601AA34","1","1","1","1","MA-161-601BA34","","","","1","1","1","PC","1","PC","0","1","","","","","1"
"5517-601AB34","1","1","1","1","MA-161-601HA34","","","","1","1","1","PC","1","PC","0","1","","","","","1"
"5520-601AA34","1","1","1","1","MA-161-601HA34","","","","1","1","1","PC","1","PC","0","1","","","","","1"
"5529-601AA34","1","1","1","1","MA-161-601HA34","","","","1","1","1","PC","1","PC","0","1","","","","","1"
"5536-601AA34","1","1","1","1","MA-161-601HA34","","","","1","1","1","PC","1","PC","0","1","","","","","1"
"1632-406AA34","1","1","1","1","MA-171-406AA34","","","","1","1","1","PC","1","PC","0","1","","","","","1"
"474-601AB30","1","1","1","1","MA-165-601AB30","","","","1","1","1","PC","1","PC","0","1","","","","","1"
"474-601BA30","1","1","1","1","MA-165-601AB30","","","","1","1","1","PC","1","PC","0","1","","","","","1"
"479-601AA30","1","1","1","1","MA-165-601AB30","","","","1","1","1","PC","1","PC","0","1","","","","","1"
"479-601BA30","1","1","1","1","MA-165-601AB30","","","","1","1","1","PC","1","PC","0","1","","","","","1"
"5128-601AA30","1","1","1","1","MA-165-601AB30","","","","1","1","1","PC","1","PC","0","1","","","","","1"
"5129-601AA30","1","1","1","1","MA-165-601AB30","","","","1","1","1","PC","1","PC","0","1","","","","","1"
"5144-601AA33","1","1","1","1","MA-165-601BA35","","","","1","1","1","PC","1","PC","0","1","","","","","1"
"5154-601AA33","1","1","1","1","MA-165-601BA35","","","","1","1","1","PC","1","PC","0","1","","","","","1"
"B311-601AA33","1","1","1","1","MA-165-601BA35","","","","1","1","1","PC","1","PC","0","1","","","","","1"
"479-601AA40","1","1","1","1","MA-165-601BA40","","","","1","1","1","PC","1","PC","0","1","","","","","1"
"5142-601BA40","1","1","1","1","MA-165-601BA40","","","","1","1","1","PC","1","PC","0","1","","","","","1"
"5144-601AA38","1","1","1","1","MA-165-601BA40","","","","1","1","1","PC","1","PC","0","1","","","","","1"
"5154-601AA38","1","1","1","1","MA-165-601BA40","","","","1","1","1","PC","1","PC","0","1","","","","","1"
"B311-601AA38","1","1","1","1","MA-165-601BA40","","","","1","1","1","PC","1","PC","0","1","","","","","1"
"5121-601AA40","1","1","1","1","MA-165-601BAB40","","","","1","1","1","PC","1","PC","0","1","","","","","1"
"474-601AA42","1","1","1","1","MA-165-601BAB42","","","","1","1","1","PC","1","PC","0","1","","","","","1"
"5121-601AA42","1","1","1","1","MA-165-601BAB42","","","","1","1","1","PC","1","PC","0","1","","","","","1"
"5142-601BA42","1","1","1","1","MA-165-601BAB42","","","","1","1","1","PC","1","PC","0","1","","","","","1"
"5121-601AB30","1","1","1","1","MA-165-601EA30","","","","1","1","1","PC","1","PC","0","1","","","","","1"
"SPL-1635-401AA38","1","1","1","1","MA-1635-401AA38","","","","1","1","1","PC","1","PC","0","1","","","","","1"
"5121-601AB34","1","1","1","1","MA-165-601EA34","","","","1","1","1","PC","1","PC","0","1","","","","","1"
"5121-601BB34","1","1","1","1","MA-165-601EA34","","","","1","1","1","PC","1","PC","0","1","","","","","1"
"SPL-1881AA30","1","1","1","1","MA-RH-0031K-06A","","","","1","1","1","PC","1","PC","0","1","","","","","1"
"5121-601AB36","1","1","1","1","MA-165-601EA36","","","","1","1","1","PC","1","PC","0","1","","","","","1"
"5121-601BB36","1","1","1","1","MA-165-601EA36","","","","1","1","1","PC","1","PC","0","1","","","","","1"
"5121-601AB38","1","1","1","1","MA-165-601EA38","","","","1","1","1","PC","1","PC","0","1","","","","","1"
"5126-601AA26","1","1","1","1","MA-165-601FA26","","","","1","1","1","PC","1","PC","0","1","","","","","1"
"5142-601AA34","1","1","1","1","MA-165-601GA36","","","","1","1","1","PC","1","PC","0","1","","","","","1"
"5142-601BA34","1","1","1","1","MA-165-601GA36","","","","1","1","1","PC","1","PC","0","1","","","","","1"
"5142-601AA36","1","1","1","1","MA-165-601GA38","","","","1","1","1","PC","1","PC","0","1","","","","","1"
"5141-601AA38","1","1","1","1","MA-165-601GA40","","","","1","1","1","PC","1","PC","0","1","","","","","1"
"5142-601AA38","1","1","1","1","MA-165-601GA40","","","","1","1","1","PC","1","PC","0","1","","","","","1"
"5142-601AB38","1","1","1","1","MA-165-601GA40","","","","1","1","1","PC","1","PC","0","1","","","","","1"
"5529-601AA42","1","1","1","1","MA-165-601JA42","","","","1","1","1","PC","1","PC","0","1","","","","","1"
"5166-601AA34","1","1","1","1","MA-165-601KA34","","","","1","1","1","PC","1","PC","0","1","","","","","1"
"3236-501AA26","1","1","1","1","MA-171-501AA26","","","","1","1","1","PC","1","PC","0","1","","","","","1"
"882-501BA26","1","1","1","1","MA-171-501AA26","","","","1","1","1","PC","1","PC","0","1","","","","","1"
"3236-501AA30","1","1","1","1","MA-171-501AA30","","","","1","1","1","PC","1","PC","0","1","","","","","1"
"4412-501AA30","1","1","1","1","MA-171-501AA30","","","","1","1","1","PC","1","PC","0","1","","","","","1"
"882-501BA30","1","1","1","1","MA-171-501AA30","","","","1","1","1","PC","1","PC","0","1","","","","","1"
"882-501DA30","1","1","1","1","MA-171-501AA30","","","","1","1","1","PC","1","PC","0","1","","","","","1"
"3236-501AA32","1","1","1","1","MA-171-501AA32","","","","1","1","1","PC","1","PC","0","1","","","","","1"
"3242-501AA32","1","1","1","1","MA-171-501AA32","","","","1","1","1","PC","1","PC","0","1","","","","","1"
"882-501BA32","1","1","1","1","MA-171-501AA32","","","","1","1","1","PC","1","PC","0","1","","","","","1"
"3236-501AA34","1","1","1","1","MA-171-501AA34","","","","1","1","1","PC","1","PC","0","1","","","","","1"
"3242-501AA34","1","1","1","1","MA-171-501AA34","","","","1","1","1","PC","1","PC","0","1","","","","","1"
"4412-501AA34","1","1","1","1","MA-171-501AA34","","","","1","1","1","PC","1","PC","0","1","","","","","1"
"882-501BA34","1","1","1","1","MA-171-501AA34","","","","1","1","1","PC","1","PC","0","1","","","","","1"
"3236-501AA36","1","1","1","1","MA-171-501AA36","","","","1","1","1","PC","1","PC","0","1","","","","","1"
"3242-501AA36","1","1","1","1","MA-171-501AA36","","","","1","1","1","PC","1","PC","0","1","","","","","1"
"882-501BA36","1","1","1","1","MA-171-501AA36","","","","1","1","1","PC","1","PC","0","1","","","","","1"
"3636-501AB26","1","1","1","1","MA-171-501BB26","","","","1","1","1","PC","1","PC","0","1","","","","","1"
"3638-501AA26","1","1","1","1","MA-171-501BB26","","","","1","1","1","PC","1","PC","0","1","","","","","1"
"3636-501AB30","1","1","1","1","MA-171-501BB30","","","","1","1","1","PC","1","PC","0","1","","","","","1"
"3638-501AA30","1","1","1","1","MA-171-501BB30","","","","1","1","1","PC","1","PC","0","1","","","","","1"
"3644-501AA30","1","1","1","1","MA-171-501BB30","","","","1","1","1","PC","1","PC","0","1","","","","","1"
"3652-501AA30","1","1","1","1","MA-171-501BB30","","","","1","1","1","PC","1","PC","0","1","","","","","1"
"3656-501AA30","1","1","1","1","MA-171-501BB30","","","","1","1","1","PC","1","PC","0","1","","","","","1"
"3660-501AA30","1","1","1","1","MA-171-501BB30","","","","1","1","1","PC","1","PC","0","1","","","","","1"
"4408-501AA30","1","1","1","1","MA-171-501BB30","","","","1","1","1","PC","1","PC","0","1","","","","","1"
"3636-501AB34","1","1","1","1","MA-171-501BB34","","","","1","1","1","PC","1","PC","0","1","","","","","1"
"3638-501AA34","1","1","1","1","MA-171-501BB34","","","","1","1","1","PC","1","PC","0","1","","","","","1"
"3650-501AA34","1","1","1","1","MA-171-501BB34","","","","1","1","1","PC","1","PC","0","1","","","","","1"
"3652-501AA34","1","1","1","1","MA-171-501BB34","","","","1","1","1","PC","1","PC","0","1","","","","","1"
"4408-501AA34","1","1","1","1","MA-171-501BB34","","","","1","1","1","PC","1","PC","0","1","","","","","1"
"TS-4926AA","1","1","1","1","MA-171-501BB34","","","","1","1","1","PC","1","PC","0","1","","","","","1"
"3242-501AA30","1","1","1","1","MA-171-501DA3026","","","","1","1","1","PC","1","PC","0","1","","","","","1"
"3662-501AA34","1","1","1","1","MA-171-501GA34","","","","1","1","1","PC","1","PC","0","1","","","","","1"
"1731-401BA14","1","1","1","1","MA-1731-401BA14","","","","1","1","1","PC","1","PC","0","1","","","","","1"
"1731-401BA18","1","1","1","1","MA-1731-401BA18","","","","1","1","1","PC","1","PC","0","1","","","","","1"
"1731-401BA24","1","1","1","1","MA-1731-401BA24","","","","1","1","1","PC","1","PC","0","1","","","","","1"
"1731-406BA10","1","1","1","1","MA-1731-406BA10","","","","1","1","1","PC","1","PC","0","1","","","","","1"
"1731-406BA12","1","1","1","1","MA-1731-406BA12","","","","1","1","1","PC","1","PC","0","1","","","","","1"
"1731-406BA13","1","1","1","1","MA-1731-406BA13","","","","1","1","1","PC","1","PC","0","1","","","","","1"
"1731-406BA14","1","1","1","1","MA-1731-406BA14","","","","1","1","1","PC","1","PC","0","1","","","","","1"
"1731-406BA15","1","1","1","1","MA-1731-406BA15","","","","1","1","1","PC","1","PC","0","1","","","","","1"
"1731-406BA16","1","1","1","1","MA-1731-406BA16","","","","1","1","1","PC","1","PC","0","1","","","","","1"
"1731-406BA17","1","1","1","1","MA-1731-406BA17","","","","1","1","1","PC","1","PC","0","1","","","","","1"
"1731-406BA18","1","1","1","1","MA-1731-406BA18","","","","1","1","1","PC","1","PC","0","1","","","","","1"
"1731-406BA19","1","1","1","1","MA-1731-406BA19","","","","1","1","1","PC","1","PC","0","1","","","","","1"
"1731-406BA20","1","1","1","1","MA-1731-406BA20","","","","1","1","1","PC","1","PC","0","1","","","","","1"
"1731-406BA21","1","1","1","1","MA-1731-406BA21","","","","1","1","1","PC","1","PC","0","1","","","","","1"
"1731-406BA24","1","1","1","1","MA-1731-406BA24","","","","1","1","1","PC","1","PC","0","1","","","","","1"
"1731-417BA24","1","1","1","1","MA-1731-417BA24-DRUM","","","","1","1","1","PC","1","PC","0","1","","","","","1"
"1731-418AA24","1","1","1","1","MA-1731-418AA24-DRUM","","","","1","1","1","PC","1","PC","0","1","","","","","1"
"1751-401BB17","1","1","1","1","MA-1751-401BB17","","","","1","1","1","PC","1","PC","0","1","","","","","1"
"1751-401BB24","1","1","1","1","MA-1751-401BB24","","","","1","1","1","PC","1","PC","0","1","","","","","1"
"1751-402BA12","1","1","1","1","MA-1751-402BA12","","","","1","1","1","PC","1","PC","0","1","","","","","1"
"1751-402BA17","1","1","1","1","MA-1751-402BA17","","","","1","1","1","PC","1","PC","0","1","","","","","1"
"1751-402BA24","1","1","1","1","MA-1751-402BA24","","","","1","1","1","PC","1","PC","0","1","","","","","1"
"1751-403AA17","1","1","1","1","MA-1751-403AA17","","","","1","1","1","PC","1","PC","0","1","","","","","1"
"1751-403AA24","1","1","1","1","MA-1751-403AA24","","","","1","1","1","PC","1","PC","0","1","","","","","1"
"1751-406BC08","1","1","1","1","MA-1751-406BC08","","","","1","1","1","PC","1","PC","0","1","","","","","1"
"1751-406BC10","1","1","1","1","MA-1751-406BC10","","","","1","1","1","PC","1","PC","0","1","","","","","1"
"1751-406BC11","1","1","1","1","MA-1751-406BC11","","","","1","1","1","PC","1","PC","0","1","","","","","1"
"1751-406BC12","1","1","1","1","MA-1751-406BC12","","","","1","1","1","PC","1","PC","0","1","","","","","1"
"1751-406BC13","1","1","1","1","MA-1751-406BC13","","","","1","1","1","PC","1","PC","0","1","","","","","1"
"1751-406BC14","1","1","1","1","MA-1751-406BC14","","","","1","1","1","PC","1","PC","0","1","","","","","1"
"1751-406BC15","1","1","1","1","MA-1751-406BC15","","","","1","1","1","PC","1","PC","0","1","","","","","1"
"1751-406BC16","1","1","1","1","MA-1751-406BC16","","","","1","1","1","PC","1","PC","0","1","","","","","1"
"1751-406BC17","1","1","1","1","MA-1751-406BC17","","","","1","1","1","PC","1","PC","0","1","","","","","1"
"1751-406BD18","1","1","1","1","MA-1751-406BC18","","","","1","1","1","PC","1","PC","0","1","","","","","1"
"1751-406BD19","1","1","1","1","MA-1751-406BC19","","","","1","1","1","PC","1","PC","0","1","","","","","1"
"1751-406BD20","1","1","1","1","MA-1751-406BC20","","","","1","1","1","PC","1","PC","0","1","","","","","1"
"1751-406BC22","1","1","1","1","MA-1751-406BC22","","","","1","1","1","PC","1","PC","0","1","","","","","1"
"1751-406BC24","1","1","1","1","MA-1751-406BC24","","","","1","1","1","PC","1","PC","0","1","","","","","1"
"5143-601AA15","1","1","1","1","MA-1751-601AA15","","","","1","1","1","PC","1","PC","0","1","","","","","1"
"5143-601AA17","1","1","1","1","MA-1751-601AA17","","","","1","1","1","PC","1","PC","0","1","","","","","1"
"5143-601AA18","1","1","1","1","MA-1751-601AA18","","","","1","1","1","PC","1","PC","0","1","","","","","1"
"5143-601AA19","1","1","1","1","MA-1751-601AA19","","","","1","1","1","PC","1","PC","0","1","","","","","1"
"5143-601AA20","1","1","1","1","MA-1751-601AA20","","","","1","1","1","PC","1","PC","0","1","","","","","1"
"5143-601AA24","1","1","1","1","MA-1751-601AA24","","","","1","1","1","PC","1","PC","0","1","","","","","1"
"5143-601AB18","1","1","1","1","MA-1751-601AA18","","","","1","1","1","PC","1","PC","0","1","","","","","1"
"5145-601AA08","1","1","1","1","MA-1751-601AA08","","","","1","1","1","PC","1","PC","0","1","","","","","1"
"5145-601AA10","1","1","1","1","MA-1751-601AA11","","","","1","1","1","PC","1","PC","0","1","","","","","1"
"5145-601AA11","1","1","1","1","MA-1751-601AA11","","","","1","1","1","PC","1","PC","0","1","","","","","1"
"5145-601AA12","1","1","1","1","MA-1751-601AA12","","","","1","1","1","PC","1","PC","0","1","","","","","1"
"5145-601AA13","1","1","1","1","MA-1751-601AA14","","","","1","1","1","PC","1","PC","0","1","","","","","1"
"5145-601AA14","1","1","1","1","MA-1751-601AA14","","","","1","1","1","PC","1","PC","0","1","","","","","1"
"5145-601AA15","1","1","1","1","MA-1751-601AA15","","","","1","1","1","PC","1","PC","0","1","","","","","1"
"5145-601AA16","1","1","1","1","MA-1751-601AA16","","","","1","1","1","PC","1","PC","0","1","","","","","1"
"1731-501ZEA14","1","1","1","1","MA-19B-501ZEA14","","","","1","1","1","PC","1","PC","0","1","","","","","1"
"1731-501ZEA15","1","1","1","1","MA-19B-501ZEA18","","","","1","1","1","PC","1","PC","0","1","","","","","1"
"1731-501ZEA16","1","1","1","1","MA-19B-501ZEA18","","","","1","1","1","PC","1","PC","0","1","","","","","1"
"1731-501ZEA17","1","1","1","1","MA-19B-501ZEA18","","","","1","1","1","PC","1","PC","0","1","","","","","1"
"1731-501ZEA18","1","1","1","1","MA-19B-501ZEA18","","","","1","1","1","PC","1","PC","0","1","","","","","1"
"1731-501ZEA19","1","1","1","1","MA-19B-501ZEA22","","","","1","1","1","PC","1","PC","0","1","","","","","1"
"1731-501ZEA20","1","1","1","1","MA-19B-501ZEA22","","","","1","1","1","PC","1","PC","0","1","","","","","1"
"1731-501ZEA21","1","1","1","1","MA-19B-501ZEA22","","","","1","1","1","PC","1","PC","0","1","","","","","1"
"1731-501ZEA22","1","1","1","1","MA-19B-501ZEA22","","","","1","1","1","PC","1","PC","0","1","","","","","1"
"226-498AA36","1","1","1","1","MA-720-65242-DRUM","","","","1","1","1","PC","1","PC","0","1","","","","","1"
"4411-498AA30","1","1","1","1","MA-720-65242-DRUM","","","","1","1","1","PC","1","PC","0","1","","","","","1"
"4412-498AA30","1","1","1","1","MA-720-65242-DRUM","","","","1","1","1","PC","1","PC","0","1","","","","","1"
"4412-498AA34","1","1","1","1","MA-720-65242-DRUM","","","","1","1","1","PC","1","PC","0","1","","","","","1"
"5202-498AA36","1","1","1","1","MA-720-65242-DRUM","","","","1","1","1","PC","1","PC","0","1","","","","","1"
"5211-498AA34","1","1","1","1","MA-720-65242-DRUM","","","","1","1","1","PC","1","PC","0","1","","","","","1"
"5211-498AA36","1","1","1","1","MA-720-65242-DRUM","","","","1","1","1","PC","1","PC","0","1","","","","","1"
"5212-498AA36","1","1","1","1","MA-720-65242-DRUM","","","","1","1","1","PC","1","PC","0","1","","","","","1"
"5213-498AA30","1","1","1","1","MA-720-65242-DRUM","","","","1","1","1","PC","1","PC","0","1","","","","","1"
"5213-498AA36","1","1","1","1","MA-720-65242-DRUM","","","","1","1","1","PC","1","PC","0","1","","","","","1"
"4305-608AA10","1","1","1","1","MA-603-608AA10","","","","1","1","1","PC","1","PC","0","1","","","","","1"
"4305-608AA11","1","1","1","1","MA-603-608AA11","","","","1","1","1","PC","1","PC","0","1","","","","","1"
"4305-608AA12","1","1","1","1","MA-603-608AA12","","","","1","1","1","PC","1","PC","0","1","","","","","1"
"603-60812","1","1","1","1","MA-603-608AA12","","","","1","1","1","PC","1","PC","0","1","","","","","1"
"3226-433AA26","1","1","1","1","MA-3222-433AA26","","","","1","1","1","PC","1","PC","0","1","","","","","1"
"3228-433AA26","1","1","1","1","MA-3222-433AA26","","","","1","1","1","PC","1","PC","0","1","","","","","1"
"3236-433AA26","1","1","1","1","MA-3222-433AA26","","","","1","1","1","PC","1","PC","0","1","","","","","1"
"3636-433AA26","1","1","1","1","MA-3222-433AA26","","","","1","1","1","PC","1","PC","0","1","","","","","1"
"3222-433AB32","1","1","1","1","MA-3222-433AA32","","","","1","1","1","PC","1","PC","0","1","","","","","1"
"3226-433AA32","1","1","1","1","MA-3222-433AA32","","","","1","1","1","PC","1","PC","0","1","","","","","1"
"3236-433AA32","1","1","1","1","MA-3222-433AA32","","","","1","1","1","PC","1","PC","0","1","","","","","1"
"3636-433AA32","1","1","1","1","MA-3222-433AA32","","","","1","1","1","PC","1","PC","0","1","","","","","1"
"3228-433AA36","1","1","1","1","MA-3222-433AA36","","","","1","1","1","PC","1","PC","0","1","","","","","1"
"3236-433AA36","1","1","1","1","MA-3222-433AA36","","","","1","1","1","PC","1","PC","0","1","","","","","1"
"3225-433AA30","1","1","1","1","MA-3225-433AA30","","","","1","1","1","PC","1","PC","0","1","","","","","1"
"3225-433AA32","1","1","1","1","MA-3225-433AA32","","","","1","1","1","PC","1","PC","0","1","","","","","1"
"3225-433AA34","1","1","1","1","MA-3225-433AA34","","","","1","1","1","PC","1","PC","0","1","","","","","1"
"3239-501AA30","1","1","1","1","MA-3239-501AA30","","","","1","1","1","PC","1","PC","0","1","","","","","1"
"3242-432AA26","1","1","1","1","MA-3242-432AA26","","","","1","1","1","PC","1","PC","0","1","","","","","1"
"3242-432AA30","1","1","1","1","MA-3242-432AA30","","","","1","1","1","PC","1","PC","0","1","","","","","1"
"3242-432AA32","1","1","1","1","MA-3242-432AA32","","","","1","1","1","PC","1","PC","0","1","","","","","1"
"3242-432AA34","1","1","1","1","MA-3242-432AA34","","","","1","1","1","PC","1","PC","0","1","","","","","1"
"335-501EB33","1","1","1","1","MA-335-501BA33","","","","1","1","1","PC","1","PC","0","1","","","","","1"
"C352-501BA33","1","1","1","1","MA-335-501BA33","","","","1","1","1","PC","1","PC","0","1","","","","","1"
"3501-55001AA26","1","1","1","1","MA-3501-55001AA26","","","","1","1","1","PC","1","PC","0","1","","","","","1"
"3602-501AA26","1","1","1","1","MA-3501-55001AA26","","","","1","1","1","PC","1","PC","0","1","","","","","1"
"3501-55001AA30","1","1","1","1","MA-3501-55001AA30","","","","1","1","1","PC","1","PC","0","1","","","","","1"
"3602-501AA30","1","1","1","1","MA-3501-55001AA30","","","","1","1","1","PC","1","PC","0","1","","","","","1"
"3536-501AA30","1","1","1","1","MA-3538-501AB30","","","","1","1","1","PC","1","PC","0","1","","","","","1"
"3538-501AB30","1","1","1","1","MA-3538-501AB30","","","","1","1","1","PC","1","PC","0","1","","","","","1"
"3538-501AB34","1","1","1","1","MA-3538-501AB34","","","","1","1","1","PC","1","PC","0","1","","","","","1"
"3540-501AA34","1","1","1","1","MA-3538-501AB34","","","","1","1","1","PC","1","PC","0","1","","","","","1"
"3538-608AA30","1","1","1","1","MA-603-608AA30-DRUM","","","","1","1","1","PC","1","PC","0","1","","","","","1"
"3538-608AA34","1","1","1","1","MA-954-60136-DRUM","","","","1","1","1","PC","1","PC","0","1","","","","","1"
"3540-608AA34","1","1","1","1","MA-954-60136-DRUM","","","","1","1","1","PC","1","PC","0","1","","","","","1"
"5310-501BA33","1","1","1","1","MA-358-501B33","","","","1","1","1","PC","1","PC","0","1","","","","","1"
"3538-501BB30","1","1","1","1","MA-3636-501BC30","","","","1","1","1","PC","1","PC","0","1","","","","","1"
"3636-501BB30","1","1","1","1","MA-3636-501BC30","","","","1","1","1","PC","1","PC","0","1","","","","","1"
"3644-501BB30","1","1","1","1","MA-3636-501BC30","","","","1","1","1","PC","1","PC","0","1","","","","","1"
"3650-501BA30","1","1","1","1","MA-3636-501BC30","","","","1","1","1","PC","1","PC","0","1","","","","","1"
"3652-501BB30","1","1","1","1","MA-3636-501BC30","","","","1","1","1","PC","1","PC","0","1","","","","","1"
"3656-501BA30","1","1","1","1","MA-3636-501BC30","","","","1","1","1","PC","1","PC","0","1","","","","","1"
"3660-501BA30","1","1","1","1","MA-3636-501BC30","","","","1","1","1","PC","1","PC","0","1","","","","","1"
"4408-501BB30","1","1","1","1","MA-3636-501BC30","","","","1","1","1","PC","1","PC","0","1","","","","","1"
"3538-501BB34","1","1","1","1","MA-3636-501BC34","","","","1","1","1","PC","1","PC","0","1","","","","","1"
"3540-501BA34","1","1","1","1","MA-3636-501BC34","","","","1","1","1","PC","1","PC","0","1","","","","","1"
"3551-501BA34","1","1","1","1","MA-3636-501BC34","","","","1","1","1","PC","1","PC","0","1","","","","","1"
"3636-501BB34","1","1","1","1","MA-3636-501BC34","","","","1","1","1","PC","1","PC","0","1","","","","","1"
"3650-501BA34","1","1","1","1","MA-3636-501BC34","","","","1","1","1","PC","1","PC","0","1","","","","","1"
"3652-501BA34","1","1","1","1","MA-3636-501BC34","","","","1","1","1","PC","1","PC","0","1","","","","","1"
"3662-501BA34","1","1","1","1","MA-3636-501BC34","","","","1","1","1","PC","1","PC","0","1","","","","","1"
"3636-501BB26","1","1","1","1","MA-3638-501BA26","","","","1","1","1","PC","1","PC","0","1","","","","","1"
"3638-501BA26","1","1","1","1","MA-3638-501BA26","","","","1","1","1","PC","1","PC","0","1","","","","","1"
"3650-501BA26","1","1","1","1","MA-3638-501BA26","","","","1","1","1","PC","1","PC","0","1","","","","","1"
"3652-608AA30","1","1","1","1","MA-814-60830-DRUM","","","","1","1","1","PC","1","PC","0","1","","","","","1"
"3654-608AA30","1","1","1","1","MA-814-60830-DRUM","","","","1","1","1","PC","1","PC","0","1","","","","","1"
"3656-608AA30","1","1","1","1","MA-814-60830-DRUM","","","","1","1","1","PC","1","PC","0","1","","","","","1"
"3660-608AB30","1","1","1","1","MA-814-60830-DRUM","","","","1","1","1","PC","1","PC","0","1","","","","","1"
"3650-608AA34","1","1","1","1","MA-814-60834-DRUM","","","","1","1","1","PC","1","PC","0","1","","","","","1"
"3652-608AA34","1","1","1","1","MA-814-60834-DRUM","","","","1","1","1","PC","1","PC","0","1","","","","","1"
"3906-601EA20","1","1","1","1","MA-3906-601AA20","","","","1","1","1","PC","1","PC","0","1","","","","","1"
"5307-501AA3338","1","1","1","1","MA-435-501AA33","","","","1","1","1","PC","1","PC","0","1","","","","","1"
"5310-501AA3338","1","1","1","1","MA-435-501AA33","","","","1","1","1","PC","1","PC","0","1","","","","","1"
"4502-420AA20","1","1","1","1","MA-4502-420AA20","","","","1","1","1","PC","1","PC","0","1","","","","","1"
"4502-421AA","1","1","1","1","MA-4502-421AA","","","","1","1","1","PC","1","PC","0","1","","","","","1"
"4502-429AA","1","1","1","1","MA-4502-429AA","","","","1","1","1","PC","1","PC","0","1","","","","","1"
"4502-430AA","1","1","1","1","MA-4502-430AA","","","","1","1","1","PC","1","PC","0","1","","","","","1"
"4502-431AA","1","1","1","1","MA-4502-431AA","","","","1","1","1","PC","1","PC","0","1","","","","","1"
"4502-432AA","1","1","1","1","MA-4502-432AA","","","","1","1","1","PC","1","PC","0","1","","","","","1"
"4502-447AA","1","1","1","1","MA-4502-447AA","","","","1","1","1","PC","1","PC","0","1","","","","","1"
"4502-448AA","1","1","1","1","MA-4502-448AA","","","","1","1","1","PC","1","PC","0","1","","","","","1"
"4502-501AA20","1","1","1","1","MA-4502-501AA20","","","","1","1","1","PC","1","PC","0","1","","","","","1"
"6207-601AB34","1","1","1","1","MA-5207-601BB34","","","","1","1","1","PC","1","PC","0","1","","","","","1"
"6209-601AB34","1","1","1","1","MA-5207-601BB34","","","","1","1","1","PC","1","PC","0","1","","","","","1"
"6210-601AA34","1","1","1","1","MA-5207-601DA34","","","","1","1","1","PC","1","PC","0","1","","","","","1"
"5213-601AA30","1","1","1","1","MA-5211-601AA30","","","","1","1","1","PC","1","PC","0","1","","","","","1"
"5610-601AA30","1","1","1","1","MA-5211-601AA30","","","","1","1","1","PC","1","PC","0","1","","","","","1"
"5211-601AA34","1","1","1","1","MA-5211-601AA34","","","","1","1","1","PC","1","PC","0","1","","","","","1"
"5212-601AA34","1","1","1","1","MA-5211-601AA34","","","","1","1","1","PC","1","PC","0","1","","","","","1"
"5213-601AA34","1","1","1","1","MA-5211-601AA34","","","","1","1","1","PC","1","PC","0","1","","","","","1"
"5610-601AB34","1","1","1","1","MA-5211-601AA34","","","","1","1","1","PC","1","PC","0","1","","","","","1"
"5211-601AA36","1","1","1","1","MA-5211-601AA36","","","","1","1","1","PC","1","PC","0","1","","","","","1"
"5212-601AA36","1","1","1","1","MA-5211-601AA36","","","","1","1","1","PC","1","PC","0","1","","","","","1"
"5213-601AA36","1","1","1","1","MA-5211-601AA36","","","","1","1","1","PC","1","PC","0","1","","","","","1"
"5310-501AA33","1","1","1","1","MA-5310-501AA33","","","","1","1","1","PC","1","PC","0","1","","","","","1"
"5517-501AA30","1","1","1","1","MA-5500-501DB30","","","","1","1","1","PC","1","PC","0","1","","","","","1"
"5520-501AB30","1","1","1","1","MA-5500-501DB30","","","","1","1","1","PC","1","PC","0","1","","","","","1"
"5532-501AA30","1","1","1","1","MA-5500-501DB30","","","","1","1","1","PC","1","PC","0","1","","","","","1"
"5517-501AB34","1","1","1","1","MA-5500-501DB34","","","","1","1","1","PC","1","PC","0","1","","","","","1"
"5520-501AA34","1","1","1","1","MA-5500-501DB34","","","","1","1","1","PC","1","PC","0","1","","","","","1"
"5529-501AA34","1","1","1","1","MA-5500-501DB34","","","","1","1","1","PC","1","PC","0","1","","","","","1"
"5530-501AA34","1","1","1","1","MA-5500-501DB34","","","","1","1","1","PC","1","PC","0","1","","","","","1"
"6202-501AB34","1","1","1","1","MA-5500-501DB34","","","","1","1","1","PC","1","PC","0","1","","","","","1"
"6206-501AA34","1","1","1","1","MA-5500-501DB34","","","","1","1","1","PC","1","PC","0","1","","","","","1"
"6207-501AA34","1","1","1","1","MA-5500-501DB34","","","","1","1","1","PC","1","PC","0","1","","","","","1"
"6209-501AA34","1","1","1","1","MA-5500-501DB34","","","","1","1","1","PC","1","PC","0","1","","","","","1"
"6210-501AA34","1","1","1","1","MA-5500-501DB34","","","","1","1","1","PC","1","PC","0","1","","","","","1"
"5517-501AA38","1","1","1","1","MA-5500-501DB38","","","","1","1","1","PC","1","PC","0","1","","","","","1"
"5520-501AB38","1","1","1","1","MA-5500-501DB38","","","","1","1","1","PC","1","PC","0","1","","","","","1"
"5529-501AA38","1","1","1","1","MA-5500-501DB38","","","","1","1","1","PC","1","PC","0","1","","","","","1"
"5530-501AA38","1","1","1","1","MA-5500-501DB38","","","","1","1","1","PC","1","PC","0","1","","","","","1"
"5534-501AA38","1","1","1","1","MA-5500-501DB38","","","","1","1","1","PC","1","PC","0","1","","","","","1"
"5540-501CA38","1","1","1","1","MA-5500-501DB38","","","","1","1","1","PC","1","PC","0","1","","","","","1"
"6105-501AA38","1","1","1","1","MA-5500-501DB38","","","","1","1","1","PC","1","PC","0","1","","","","","1"
"5517-501BB30","1","1","1","1","MA-5500-501EA30","","","","1","1","1","PC","1","PC","0","1","","","","","1"
"5520-501BB30","1","1","1","1","MA-5500-501EA30","","","","1","1","1","PC","1","PC","0","1","","","","","1"
"5532-501BA30","1","1","1","1","MA-5500-501EA30","","","","1","1","1","PC","1","PC","0","1","","","","","1"
"5610-501BA30","1","1","1","1","MA-5500-501EA30","","","","1","1","1","PC","1","PC","0","1","","","","","1"
"6102-501BA30","1","1","1","1","MA-5500-501EA30","","","","1","1","1","PC","1","PC","0","1","","","","","1"
"5517-501BB34","1","1","1","1","MA-5500-501EB34","","","","1","1","1","PC","1","PC","0","1","","","","","1"
"5520-501BA34","1","1","1","1","MA-5500-501EB34","","","","1","1","1","PC","1","PC","0","1","","","","","1"
"5529-501BA34","1","1","1","1","MA-5500-501EB34","","","","1","1","1","PC","1","PC","0","1","","","","","1"
"5530-501BA34","1","1","1","1","MA-5500-501EB34","","","","1","1","1","PC","1","PC","0","1","","","","","1"
"6202-501BB34","1","1","1","1","MA-5500-501EB34","","","","1","1","1","PC","1","PC","0","1","","","","","1"
"6206-501BB34","1","1","1","1","MA-5500-501EB34","","","","1","1","1","PC","1","PC","0","1","","","","","1"
"6207-501BB34","1","1","1","1","MA-5500-501EB34","","","","1","1","1","PC","1","PC","0","1","","","","","1"
"6209-501BA34","1","1","1","1","MA-5500-501EB34","","","","1","1","1","PC","1","PC","0","1","","","","","1"
"6210-501BA34","1","1","1","1","MA-5500-501EB34","","","","1","1","1","PC","1","PC","0","1","","","","","1"
"5517-501BA38","1","1","1","1","MA-5500-501EB38","","","","1","1","1","PC","1","PC","0","1","","","","","1"
"5520-501BB38","1","1","1","1","MA-5500-501EB38","","","","1","1","1","PC","1","PC","0","1","","","","","1"
"5529-501BA38","1","1","1","1","MA-5500-501EB38","","","","1","1","1","PC","1","PC","0","1","","","","","1"
"5530-501BA38","1","1","1","1","MA-5500-501EB38","","","","1","1","1","PC","1","PC","0","1","","","","","1"
"5534-501BA38","1","1","1","1","MA-5500-501EB38","","","","1","1","1","PC","1","PC","0","1","","","","","1"
"5541-501BA38","1","1","1","1","MA-5500-501EB38","","","","1","1","1","PC","1","PC","0","1","","","","","1"
"6105-501BA38","1","1","1","1","MA-5500-501EB38","","","","1","1","1","PC","1","PC","0","1","","","","","1"
"6213-501BA38","1","1","1","1","MA-5500-501EB38","","","","1","1","1","PC","1","PC","0","1","","","","","1"
"5520-501BA42","1","1","1","1","MA-161-501AA42","","","","1","1","1","PC","1","PC","0","1","","","","","1"
"5529-501BA42","1","1","1","1","MA-161-501AA42","","","","1","1","1","PC","1","PC","0","1","","","","","1"
"5533-501AA38","1","1","1","1","MA-5529-501CA38","","","","1","1","1","PC","1","PC","0","1","","","","","1"
"5540-501AA38","1","1","1","1","MA-5529-501CA38","","","","1","1","1","PC","1","PC","0","1","","","","","1"
"5541-501AA38","1","1","1","1","MA-5529-501CA38","","","","1","1","1","PC","1","PC","0","1","","","","","1"
"6213-501AA38","1","1","1","1","MA-5529-501CA38","","","","1","1","1","PC","1","PC","0","1","","","","","1"
"748-666AA20","1","1","1","1","MA-560-66620-DRUM","","","","1","1","1","PC","1","PC","0","1","","","","","1"
"631-666B32","1","1","1","1","MA-560-66632-DRUM","","","","1","1","1","PC","1","PC","0","1","","","","","1"
"748-666AA32","1","1","1","1","MA-560-66632-DRUM","","","","1","1","1","PC","1","PC","0","1","","","","","1"
"3501-63001BA34","1","1","1","1","MA-560-66634-DRUM","","","","1","1","1","PC","1","PC","0","1","","","","","1"
"560-66634","1","1","1","1","MA-560-66634-DRUM","","","","1","1","1","PC","1","PC","0","1","","","","","1"
"631-666B34","1","1","1","1","MA-560-66634-DRUM","","","","1","1","1","PC","1","PC","0","1","","","","","1"
"972-666AB34","1","1","1","1","MA-560-66634-DRUM","","","","1","1","1","PC","1","PC","0","1","","","","","1"
"3501-63001BA36","1","1","1","1","MA-560-66636-DRUM","","","","1","1","1","PC","1","PC","0","1","","","","","1"
"560-66636","1","1","1","1","MA-560-66636-DRUM","","","","1","1","1","PC","1","PC","0","1","","","","","1"
"631-666B36","1","1","1","1","MA-560-66636-DRUM","","","","1","1","1","PC","1","PC","0","1","","","","","1"
"5610-501AA30","1","1","1","1","MA-5610-501AA30","","","","1","1","1","PC","1","PC","0","1","","","","","1"
"4305-608AA13","1","1","1","1","MA-603-608AA13","","","","1","1","1","PC","1","PC","0","1","","","","","1"
"4307-608AA13","1","1","1","1","MA-603-608AA13","","","","1","1","1","PC","1","PC","0","1","","","","","1"
"3154-608AA14","1","1","1","1","MA-603-608AA14","","","","1","1","1","PC","1","PC","0","1","","","","","1"
"4307-608AA14","1","1","1","1","MA-603-608AA14","","","","1","1","1","PC","1","PC","0","1","","","","","1"
"4305-608AA15","1","1","1","1","MA-603-608AA15-DRUM","","","","1","1","1","PC","1","PC","0","1","","","","","1"
"4305-608AA16","1","1","1","1","MA-603-608AA16-DRUM","","","","1","1","1","PC","1","PC","0","1","","","","","1"
"4307-608AA16","1","1","1","1","MA-603-608AA16-DRUM","","","","1","1","1","PC","1","PC","0","1","","","","","1"
"4305-608AA20","1","1","1","1","MA-603-608AA20-DRUM","","","","1","1","1","PC","1","PC","0","1","","","","","1"
"4307-608AA20","1","1","1","1","MA-603-608AA20-DRUM","","","","1","1","1","PC","1","PC","0","1","","","","","1"
"TS-4655EA","1","1","1","1","MA-603-608AA20-DRUM","","","","1","1","1","PC","1","PC","0","1","","","","","1"
"4305-608AA17","1","1","1","1","MA-603-608AA17-DRUM","","","","1","1","1","PC","1","PC","0","1","","","","","1"
"4307-608AA17","1","1","1","1","MA-603-608AA17-DRUM","","","","1","1","1","PC","1","PC","0","1","","","","","1"
"3154-608AA18","1","1","1","1","MA-603-608AA18-DRUM","","","","1","1","1","PC","1","PC","0","1","","","","","1"
"4305-608AA18","1","1","1","1","MA-603-608AA18-DRUM","","","","1","1","1","PC","1","PC","0","1","","","","","1"
"4307-608AA18","1","1","1","1","MA-603-608AA18-DRUM","","","","1","1","1","PC","1","PC","0","1","","","","","1"
"4305-608AA19","1","1","1","1","MA-603-608AA19-DRUM","","","","1","1","1","PC","1","PC","0","1","","","","","1"
"4307-608AA19","1","1","1","1","MA-603-608AA19-DRUM","","","","1","1","1","PC","1","PC","0","1","","","","","1"
"4305-608AA21","1","1","1","1","MA-603-608AA21-DRUM","","","","1","1","1","PC","1","PC","0","1","","","","","1"
"4307-608AA21","1","1","1","1","MA-603-608AA21-DRUM","","","","1","1","1","PC","1","PC","0","1","","","","","1"
"3154-608AB22","1","1","1","1","MA-603-608AA22-DRUM","","","","1","1","1","PC","1","PC","0","1","","","","","1"
"4305-608AA22","1","1","1","1","MA-603-608AA22-DRUM","","","","1","1","1","PC","1","PC","0","1","","","","","1"
"4307-608AA22","1","1","1","1","MA-603-608AA22-DRUM","","","","1","1","1","PC","1","PC","0","1","","","","","1"
"603-60822","1","1","1","1","MA-603-608AA22-DRUM","","","","1","1","1","PC","1","PC","0","1","","","","","1"
"TS-4991GA22","1","1","1","1","MA-603-608AA22-DRUM","","","","1","1","1","PC","1","PC","0","1","","","","","1"
"4305-608AA24","1","1","1","1","MA-603-608AA24-DRUM","","","","1","1","1","PC","1","PC","0","1","","","","","1"
"4307-608AA24","1","1","1","1","MA-603-608AA24-DRUM","","","","1","1","1","PC","1","PC","0","1","","","","","1"
"523-608AA24","1","1","1","1","MA-603-608AA24-DRUM","","","","1","1","1","PC","1","PC","0","1","","","","","1"
"603-60824","1","1","1","1","MA-603-608AA24-DRUM","","","","1","1","1","PC","1","PC","0","1","","","","","1"
"3153-608AA26-1","1","1","1","1","MA-603-608AA26-DRUM","","","","1","1","1","PC","1","PC","0","1","","","","","1"
"3144-608AA26","1","1","1","1","MA-603-608AA26-DRUM","","","","1","1","1","PC","1","PC","0","1","","","","","1"
"3151-608AA26","1","1","1","1","MA-603-608AA26-DRUM","","","","1","1","1","PC","1","PC","0","1","","","","","1"
"3153-608AA26","1","1","1","1","MA-603-608AA26-DRUM","","","","1","1","1","PC","1","PC","0","1","","","","","1"
"3154-608AA26","1","1","1","1","MA-603-608AA26-DRUM","","","","1","1","1","PC","1","PC","0","1","","","","","1"
"603-608B26","1","1","1","1","MA-603-608AA26-DRUM","","","","1","1","1","PC","1","PC","0","1","","","","","1"
"608-608B26","1","1","1","1","MA-603-608AA26-DRUM","","","","1","1","1","PC","1","PC","0","1","","","","","1"
"943-608AA26","1","1","1","1","MA-603-608AA26-DRUM","","","","1","1","1","PC","1","PC","0","1","","","","","1"
"3153-608AA28","1","1","1","1","MA-603-608AA28-DRUM","","","","1","1","1","PC","1","PC","0","1","","","","","1"
"523-608AA28","1","1","1","1","MA-603-608AA28-DRUM","","","","1","1","1","PC","1","PC","0","1","","","","","1"
"603-60828","1","1","1","1","MA-603-608AA28-DRUM","","","","1","1","1","PC","1","PC","0","1","","","","","1"
"608-608AA28","1","1","1","1","MA-603-608AA28-DRUM","","","","1","1","1","PC","1","PC","0","1","","","","","1"
"3144-608AA30","1","1","1","1","MA-603-608AA30-DRUM","","","","1","1","1","PC","1","PC","0","1","","","","","1"
"3150-608AA30","1","1","1","1","MA-603-608AA30-DRUM","","","","1","1","1","PC","1","PC","0","1","","","","","1"
"3151-608AA30","1","1","1","1","MA-603-608AA30-DRUM","","","","1","1","1","PC","1","PC","0","1","","","","","1"
"3153-608AA30","1","1","1","1","MA-603-608AA30-DRUM","","","","1","1","1","PC","1","PC","0","1","","","","","1"
"3154-608AB30","1","1","1","1","MA-603-608AA30-DRUM","","","","1","1","1","PC","1","PC","0","1","","","","","1"
"3156-608AA30","1","1","1","1","MA-603-608AA30-DRUM","","","","1","1","1","PC","1","PC","0","1","","","","","1"
"523-608AA30","1","1","1","1","MA-603-608AA30-DRUM","","","","1","1","1","PC","1","PC","0","1","","","","","1"
"603-608B30","1","1","1","1","MA-603-608AA30-DRUM","","","","1","1","1","PC","1","PC","0","1","","","","","1"
"608-608B30","1","1","1","1","MA-603-608AA30-DRUM","","","","1","1","1","PC","1","PC","0","1","","","","","1"
"3153-608AA32-1","1","1","1","1","MA-603-608AA32-DRUM","","","","1","1","1","PC","1","PC","0","1","","","","","1"
"3144-608AA32","1","1","1","1","MA-603-608AA32-DRUM","","","","1","1","1","PC","1","PC","0","1","","","","","1"
"3151-608AA32","1","1","1","1","MA-603-608AA32-DRUM","","","","1","1","1","PC","1","PC","0","1","","","","","1"
"3153-608AA32","1","1","1","1","MA-603-608AA32-DRUM","","","","1","1","1","PC","1","PC","0","1","","","","","1"
"3154-608AA32","1","1","1","1","MA-603-608AA32-DRUM","","","","1","1","1","PC","1","PC","0","1","","","","","1"
"3156-608AA32","1","1","1","1","MA-603-608AA32-DRUM","","","","1","1","1","PC","1","PC","0","1","","","","","1"
"523-608AA32","1","1","1","1","MA-603-608AA32-DRUM","","","","1","1","1","PC","1","PC","0","1","","","","","1"
"603-60832","1","1","1","1","MA-603-608AA32-DRUM","","","","1","1","1","PC","1","PC","0","1","","","","","1"
"3144-608AA34","1","1","1","1","MA-603-608AA34-DRUM","","","","1","1","1","PC","1","PC","0","1","","","","","1"
"3151-608AA34","1","1","1","1","MA-603-608AA34-DRUM","","","","1","1","1","PC","1","PC","0","1","","","","","1"
"3153-608AA34","1","1","1","1","MA-603-608AA34-DRUM","","","","1","1","1","PC","1","PC","0","1","","","","","1"
"3156-608AA34","1","1","1","1","MA-603-608AA34-DRUM","","","","1","1","1","PC","1","PC","0","1","","","","","1"
"523-608AA34","1","1","1","1","MA-603-608AA34-DRUM","","","","1","1","1","PC","1","PC","0","1","","","","","1"
"525-608AA34","1","1","1","1","MA-603-608AA34-DRUM","","","","1","1","1","PC","1","PC","0","1","","","","","1"
"603-60834","1","1","1","1","MA-603-608AA34-DRUM","","","","1","1","1","PC","1","PC","0","1","","","","","1"
"603-608CA34","1","1","1","1","MA-603-608AA34-DRUM","","","","1","1","1","PC","1","PC","0","1","","","","","1"
"608-608B34","1","1","1","1","MA-603-608AA34-DRUM","","","","1","1","1","PC","1","PC","0","1","","","","","1"
"6104-601AA30","1","1","1","1","MA-6104-601AA30","","","","1","1","1","PC","1","PC","0","1","","","","","1"
"6104-601AA38","1","1","1","1","MA-6104-601AA38","","","","1","1","1","PC","1","PC","0","1","","","","","1"
"6105-601AA38","1","1","1","1","MA-6104-601AA38","","","","1","1","1","PC","1","PC","0","1","","","","","1"
"5529-501AA42","1","1","1","1","MA-161-501CA42","","","","1","1","1","PC","1","PC","0","1","","","","","1"
"6105-501AA42","1","1","1","1","MA-161-501CA42","","","","1","1","1","PC","1","PC","0","1","","","","","1"
"3225-432AA26","1","1","1","1","MA-620-432AS26","","","","1","1","1","PC","1","PC","0","1","","","","","1"
"3226-432AA26","1","1","1","1","MA-620-432AS26","","","","1","1","1","PC","1","PC","0","1","","","","","1"
"3228-432AA26","1","1","1","1","MA-620-432AS26","","","","1","1","1","PC","1","PC","0","1","","","","","1"
"3236-432AA26","1","1","1","1","MA-620-432AS26","","","","1","1","1","PC","1","PC","0","1","","","","","1"
"3636-432BA26","1","1","1","1","MA-620-432AS26","","","","1","1","1","PC","1","PC","0","1","","","","","1"
"3638-432AA26","1","1","1","1","MA-620-432AS26","","","","1","1","1","PC","1","PC","0","1","","","","","1"
"849-432AB26","1","1","1","1","MA-620-432AS26","","","","1","1","1","PC","1","PC","0","1","","","","","1"
"3222-432AB30","1","1","1","1","MA-620-432AS30","","","","1","1","1","PC","1","PC","0","1","","","","","1"
"3225-432AA30","1","1","1","1","MA-620-432AS30","","","","1","1","1","PC","1","PC","0","1","","","","","1"
"3226-432AA30","1","1","1","1","MA-620-432AS30","","","","1","1","1","PC","1","PC","0","1","","","","","1"
"3236-432AA30","1","1","1","1","MA-620-432AS30","","","","1","1","1","PC","1","PC","0","1","","","","","1"
"3608-432AA30","1","1","1","1","MA-620-432AS30","","","","1","1","1","PC","1","PC","0","1","","","","","1"
"3608-432BA30","1","1","1","1","MA-620-432AS30","","","","1","1","1","PC","1","PC","0","1","","","","","1"
"3636-432BA30","1","1","1","1","MA-620-432AS30","","","","1","1","1","PC","1","PC","0","1","","","","","1"
"3638-432AB30","1","1","1","1","MA-620-432AS30","","","","1","1","1","PC","1","PC","0","1","","","","","1"
"607-432AB30","1","1","1","1","MA-620-432AS30","","","","1","1","1","PC","1","PC","0","1","","","","","1"
"849-432AB30","1","1","1","1","MA-620-432AS30","","","","1","1","1","PC","1","PC","0","1","","","","","1"
"3225-432AA36","1","1","1","1","MA-620-432AS36","","","","1","1","1","PC","1","PC","0","1","","","","","1"
"3228-432AA36","1","1","1","1","MA-620-432AS36","","","","1","1","1","PC","1","PC","0","1","","","","","1"
"3236-432AA36","1","1","1","1","MA-620-432AS36","","","","1","1","1","PC","1","PC","0","1","","","","","1"
"886-432AB36","1","1","1","1","MA-620-432AS36","","","","1","1","1","PC","1","PC","0","1","","","","","1"
"633-431BA26","1","1","1","1","MA-633-431AA26","","","","1","1","1","PC","1","PC","0","1","","","","","1"
"671-601EA26","1","1","1","1","MA-671-601BA26","","","","1","1","1","PC","1","PC","0","1","","","","","1"
"600-652AA10","1","1","1","1","MA-720-65210-DRUM","","","","1","1","1","PC","1","PC","0","1","","","","","1"
"600-652AA11","1","1","1","1","MA-720-65211-DRUM","","","","1","1","1","PC","1","PC","0","1","","","","","1"
"580-652AA12","1","1","1","1","MA-720-65212-DRUM","","","","1","1","1","PC","1","PC","0","1","","","","","1"
"600-652AA12","1","1","1","1","MA-720-65212-DRUM","","","","1","1","1","PC","1","PC","0","1","","","","","1"
"4307-652AA13","1","1","1","1","MA-720-65213-DRUM","","","","1","1","1","PC","1","PC","0","1","","","","","1"
"600-652AA13","1","1","1","1","MA-720-65213-DRUM","","","","1","1","1","PC","1","PC","0","1","","","","","1"
"3154-652AA12","1","1","1","1","MA-720-65212-DRUM","","","","1","1","1","PC","1","PC","0","1","","","","","1"
"600-652AA15","1","1","1","1","MA-720-65215-DRUM","","","","1","1","1","PC","1","PC","0","1","","","","","1"
"3154-652AA13","1","1","1","1","MA-720-65213-DRUM","","","","1","1","1","PC","1","PC","0","1","","","","","1"
"4307-652AA16","1","1","1","1","MA-720-65216-DRUM","","","","1","1","1","PC","1","PC","0","1","","","","","1"
"600-652AA16","1","1","1","1","MA-720-65216-DRUM","","","","1","1","1","PC","1","PC","0","1","","","","","1"
"971-652AD16","1","1","1","1","MA-720-65216-DRUM","","","","1","1","1","PC","1","PC","0","1","","","","","1"
"TS-4808HA","1","1","1","1","MA-720-65216-DRUM","","","","1","1","1","PC","1","PC","0","1","","","","","1"
"3154-652AA14","1","1","1","1","MA-720-65214-DRUM","","","","1","1","1","PC","1","PC","0","1","","","","","1"
"4307-652AA17","1","1","1","1","MA-720-65217-DRUM","","","","1","1","1","PC","1","PC","0","1","","","","","1"
"600-652AA17","1","1","1","1","MA-720-65217-DRUM","","","","1","1","1","PC","1","PC","0","1","","","","","1"
"971-652AD17","1","1","1","1","MA-720-65217-DRUM","","","","1","1","1","PC","1","PC","0","1","","","","","1"
"3154-652AA15","1","1","1","1","MA-720-65215-DRUM","","","","1","1","1","PC","1","PC","0","1","","","","","1"
"4307-652AA18","1","1","1","1","MA-720-65218-DRUM","","","","1","1","1","PC","1","PC","0","1","","","","","1"
"600-652AA18","1","1","1","1","MA-720-65218-DRUM","","","","1","1","1","PC","1","PC","0","1","","","","","1"
"971-652AD18","1","1","1","1","MA-720-65218-DRUM","","","","1","1","1","PC","1","PC","0","1","","","","","1"
"4307-652AA19","1","1","1","1","MA-720-65219-DRUM","","","","1","1","1","PC","1","PC","0","1","","","","","1"
"600-652AA19","1","1","1","1","MA-720-65219-DRUM","","","","1","1","1","PC","1","PC","0","1","","","","","1"
"971-652AD19","1","1","1","1","MA-720-65219-DRUM","","","","1","1","1","PC","1","PC","0","1","","","","","1"
"3154-652AA16","1","1","1","1","MA-720-65216-DRUM","","","","1","1","1","PC","1","PC","0","1","","","","","1"
"4307-652AA20","1","1","1","1","MA-720-65220-DRUM","","","","1","1","1","PC","1","PC","0","1","","","","","1"
"600-652AA20","1","1","1","1","MA-720-65220-DRUM","","","","1","1","1","PC","1","PC","0","1","","","","","1"
"971-652AD20","1","1","1","1","MA-720-65220-DRUM","","","","1","1","1","PC","1","PC","0","1","","","","","1"
"TS-4655KA","1","1","1","1","MA-720-65220-DRUM","","","","1","1","1","PC","1","PC","0","1","","","","","1"
"4307-652AA21","1","1","1","1","MA-720-65221-DRUM","","","","1","1","1","PC","1","PC","0","1","","","","","1"
"971-652AD21","1","1","1","1","MA-720-65221-DRUM","","","","1","1","1","PC","1","PC","0","1","","","","","1"
"3707-652AA44","1","1","1","1","MA-720-65244-DRUM","","","","1","1","1","PC","1","PC","0","1","","","","","1"
"600-65244","1","1","1","1","MA-720-65244-DRUM","","","","1","1","1","PC","1","PC","0","1","","","","","1"
"600-65246","1","1","1","1","MA-720-65246-DRUM","","","","1","1","1","PC","1","PC","0","1","","","","","1"
"815-60830","1","1","1","1","MA-814-60830-DRUM","","","","1","1","1","PC","1","PC","0","1","","","","","1"
"819-608AA30","1","1","1","1","MA-814-60830-DRUM","","","","1","1","1","PC","1","PC","0","1","","","","","1"
"815-60834","1","1","1","1","MA-814-60834-DRUM","","","","1","1","1","PC","1","PC","0","1","","","","","1"
"816-501B30","1","1","1","1","MA-816-501B30","","","","1","1","1","PC","1","PC","0","1","","","","","1"
"819-501BA30","1","1","1","1","MA-816-501B30","","","","1","1","1","PC","1","PC","0","1","","","","","1"
"954-501B30","1","1","1","1","MA-816-501B30","","","","1","1","1","PC","1","PC","0","1","","","","","1"
"975-501BA30","1","1","1","1","MA-816-501B30","","","","1","1","1","PC","1","PC","0","1","","","","","1"
"954-501BA34","1","1","1","1","MA-816-501B34","","","","1","1","1","PC","1","PC","0","1","","","","","1"
"975-501BA34","1","1","1","1","MA-816-501B34","","","","1","1","1","PC","1","PC","0","1","","","","","1"
"849-431AA26","1","1","1","1","MA-849-431AA26","","","","1","1","1","PC","1","PC","0","1","","","","","1"
"849-431BA26","1","1","1","1","MA-849-431AA26","","","","1","1","1","PC","1","PC","0","1","","","","","1"
"849-431AA30","1","1","1","1","MA-849-431AA30","","","","1","1","1","PC","1","PC","0","1","","","","","1"
"849-431BA30","1","1","1","1","MA-849-431AA30","","","","1","1","1","PC","1","PC","0","1","","","","","1"
"849-431AB32","1","1","1","1","MA-849-431AA32","","","","1","1","1","PC","1","PC","0","1","","","","","1"
"849-431BB32","1","1","1","1","MA-849-431AA32","","","","1","1","1","PC","1","PC","0","1","","","","","1"
"849-431AA36","1","1","1","1","MA-849-431AA36","","","","1","1","1","PC","1","PC","0","1","","","","","1"
"849-431BA36","1","1","1","1","MA-849-431AA36","","","","1","1","1","PC","1","PC","0","1","","","","","1"
"523-601AA26","1","1","1","1","MA-943-601AA26","","","","1","1","1","PC","1","PC","0","1","","","","","1"
"523-601EA26","1","1","1","1","MA-943-601AA26","","","","1","1","1","PC","1","PC","0","1","","","","","1"
"943-601AA26","1","1","1","1","MA-943-601AA26","","","","1","1","1","PC","1","PC","0","1","","","","","1"
"3538-601AA30","1","1","1","1","MA-603-60130-DRUM","","","","1","1","1","PC","1","PC","0","1","","","","","1"
"3538-601JA30","1","1","1","1","MA-603-60130-DRUM","","","","1","1","1","PC","1","PC","0","1","","","","","1"
"523-601AA30","1","1","1","1","MA-603-60130-DRUM","","","","1","1","1","PC","1","PC","0","1","","","","","1"
"523-601EA30","1","1","1","1","MA-603-60130-DRUM","","","","1","1","1","PC","1","PC","0","1","","","","","1"
"612-601AA30","1","1","1","1","MA-603-60130-DRUM","","","","1","1","1","PC","1","PC","0","1","","","","","1"
"612-601JA30","1","1","1","1","MA-603-60130-DRUM","","","","1","1","1","PC","1","PC","0","1","","","","","1"
"943-601AA30","1","1","1","1","MA-603-60130-DRUM","","","","1","1","1","PC","1","PC","0","1","","","","","1"
"943-601EA30","1","1","1","1","MA-603-60130-DRUM","","","","1","1","1","PC","1","PC","0","1","","","","","1"
"3538-601AA34","1","1","1","1","MA-603-60134-DRUM","","","","1","1","1","PC","1","PC","0","1","","","","","1"
"3538-601JA34","1","1","1","1","MA-603-60134-DRUM","","","","1","1","1","PC","1","PC","0","1","","","","","1"
"3540-601JA34","1","1","1","1","MA-603-60134-DRUM","","","","1","1","1","PC","1","PC","0","1","","","","","1"
"3550-601AB34","1","1","1","1","MA-603-60134-DRUM","","","","1","1","1","PC","1","PC","0","1","","","","","1"
"523-601AA34","1","1","1","1","MA-603-60134-DRUM","","","","1","1","1","PC","1","PC","0","1","","","","","1"
"523-601EA34","1","1","1","1","MA-603-60134-DRUM","","","","1","1","1","PC","1","PC","0","1","","","","","1"
"525-601EA34","1","1","1","1","MA-603-60134-DRUM","","","","1","1","1","PC","1","PC","0","1","","","","","1"
"612-601AA34","1","1","1","1","MA-603-60134-DRUM","","","","1","1","1","PC","1","PC","0","1","","","","","1"
"612-601JA34","1","1","1","1","MA-603-60134-DRUM","","","","1","1","1","PC","1","PC","0","1","","","","","1"
"3638-608AA26","1","1","1","1","MA-960-608AB26","","","","1","1","1","PC","1","PC","0","1","","","","","1"
"960-608AB26","1","1","1","1","MA-960-608AB26","","","","1","1","1","PC","1","PC","0","1","","","","","1"
"3638-608AA30","1","1","1","1","MA-960-608AB30","","","","1","1","1","PC","1","PC","0","1","","","","","1"
"3644-608AA30","1","1","1","1","MA-960-608AB30","","","","1","1","1","PC","1","PC","0","1","","","","","1"
"960-608AB30","1","1","1","1","MA-960-608AB30","","","","1","1","1","PC","1","PC","0","1","","","","","1"
"3638-608AA34","1","1","1","1","MA-960-608AB34","","","","1","1","1","PC","1","PC","0","1","","","","","1"
"960-608AB34","1","1","1","1","MA-960-608AB34","","","","1","1","1","PC","1","PC","0","1","","","","","1"
"972-670AA26","1","1","1","1","MA-972-670AA26","","","","1","1","1","PC","1","PC","0","1","","","","","1"
"4502-608AA20","1","1","1","1","MA-980-608AA20","","","","1","1","1","PC","1","PC","0","1","","","","","1"
"B336-501BA34","1","1","1","1","MA-B336-501BA34","","","","1","1","1","PC","1","PC","0","1","","","","","1"
"C352-501BA34","1","1","1","1","MA-B336-501BA34","","","","1","1","1","PC","1","PC","0","1","","","","","1"
"335-501EB30","1","1","1","1","MA-C352-501BA30","","","","1","1","1","PC","1","PC","0","1","","","","","1"
"C352-501BA30","1","1","1","1","MA-C352-501BA30","","","","1","1","1","PC","1","PC","0","1","","","","","1"
"5154-502AA33","1","1","1","1","MA-RF-0014-07","","","","1","1","1","PC","1","PC","0","1","","","","","1"
"5154-502EA33","1","1","1","1","MA-RF-0014-07","","","","1","1","1","PC","1","PC","0","1","","","","","1"
"1155-417AA48","1","1","1","1","MA-1155-417AA48","","","","1","1","1","PC","1","PC","0","1","","","","","1"
"120-440AA48","1","1","1","1","MA-120-440AA48","","","","1","1","1","PC","1","PC","0","1","","","","","1"
"162-417AA38","1","1","1","1","MA-162-417AA38","","","","1","1","1","PC","1","PC","0","1","","","","","1"
"162-418AA38","1","1","1","1","MA-162-418AA38","","","","1","1","1","PC","1","PC","0","1","","","","","1"
"1751-411AA08","1","1","1","1","MA-1751-411AA08","","","","1","1","1","PC","1","PC","0","1","","","","","1"
"1751-411AA10","1","1","1","1","MA-1751-411AA10","","","","1","1","1","PC","1","PC","0","1","","","","","1"
"1751-411AA11","1","1","1","1","MA-1751-411AA11","","","","1","1","1","PC","1","PC","0","1","","","","","1"
"1751-411AA12","1","1","1","1","MA-1751-411AA12","","","","1","1","1","PC","1","PC","0","1","","","","","1"
"1751-411AA13","1","1","1","1","MA-1751-411AA13","","","","1","1","1","PC","1","PC","0","1","","","","","1"
"1751-411AA14","1","1","1","1","MA-1751-411AA14","","","","1","1","1","PC","1","PC","0","1","","","","","1"
"1751-411AA15","1","1","1","1","MA-1751-411AA15","","","","1","1","1","PC","1","PC","0","1","","","","","1"
"1751-411AA16","1","1","1","1","MA-1751-411AA16","","","","1","1","1","PC","1","PC","0","1","","","","","1"
"1751-411AA17","1","1","1","1","MA-1751-411AA17","","","","1","1","1","PC","1","PC","0","1","","","","","1"
"1751-411BA17","1","1","1","1","MA-1751-411AA17","","","","1","1","1","PC","1","PC","0","1","","","","","1"
"1751-411AA18","1","1","1","1","MA-1751-411AA18","","","","1","1","1","PC","1","PC","0","1","","","","","1"
"1751-411AA19","1","1","1","1","MA-1751-411AA19","","","","1","1","1","PC","1","PC","0","1","","","","","1"
"1751-411AA20","1","1","1","1","MA-1751-411AA20","","","","1","1","1","PC","1","PC","0","1","","","","","1"
"1751-411AA22","1","1","1","1","MA-1751-411AA22","","","","1","1","1","PC","1","PC","0","1","","","","","1"
"1751-411AA24","1","1","1","1","MA-1751-411AA24","","","","1","1","1","PC","1","PC","0","1","","","","","1"
"1751-414AA12","1","1","1","1","MA-1751-414AA12","","","","1","1","1","PC","1","PC","0","1","","","","","1"
"1751-414AA17","1","1","1","1","MA-1751-414AA17","","","","1","1","1","PC","1","PC","0","1","","","","","1"
"1751-414AA24","1","1","1","1","MA-1751-414AA24","","","","1","1","1","PC","1","PC","0","1","","","","","1"
"100-406DA30","1","1","1","1","MA-100-406DA30","","","","1","1","1","PC","1","PC","0","1","","","","","1"
"1035-406AA26","1","1","1","1","MA-1035-406AA26","","","","1","1","1","PC","1","PC","0","1","","","","","1"
"1035-406AA30","1","1","1","1","MA-1035-406AA30","","","","1","1","1","PC","1","PC","0","1","","","","","1"
"12Q-411AA26","1","1","1","1","MA-12Q-411AA26","","","","1","1","1","PC","1","PC","0","1","","","","","1"
"12Q-411AA30","1","1","1","1","MA-12Q-411AA30","","","","1","1","1","PC","1","PC","0","1","","","","","1"
"12Q-411AA31","1","1","1","1","MA-12Q-411AA31","","","","1","1","1","PC","1","PC","0","1","","","","","1"
"12Q-411AA34","1","1","1","1","MA-12Q-411AA34","","","","1","1","1","PC","1","PC","0","1","","","","","1"
"12Q-411AA36","1","1","1","1","MA-12Q-411AA36","","","","1","1","1","PC","1","PC","0","1","","","","","1"
"12Q-411AA38","1","1","1","1","MA-12Q-411AA38","","","","1","1","1","PC","1","PC","0","1","","","","","1"
"12Q-411BA32","1","1","1","1","MA-12Q-411BA32","","","","1","1","1","PC","1","PC","0","1","","","","","1"
"12Q-411BA33","1","1","1","1","MA-12Q-411BA33","","","","1","1","1","PC","1","PC","0","1","","","","","1"
"12Q-411BA38","1","1","1","1","MA-12Q-411BA38","","","","1","1","1","PC","1","PC","0","1","","","","","1"
"12Q-411BA40","1","1","1","1","MA-12Q-411BA40","","","","1","1","1","PC","1","PC","0","1","","","","","1"
"12Q-411BAB42","1","1","1","1","MA-12Q-411BAC42","","","","1","1","1","PC","1","PC","0","1","","","","","1"
"12Q-411FA34","1","1","1","1","MA-12Q-411FA33","","","","1","1","1","PC","1","PC","0","1","","","","","1"
"6207-411AA34","1","1","1","1","MA-12Q-411FA33","","","","1","1","1","PC","1","PC","0","1","","","","","1"
"12Q-411FA38","1","1","1","1","MA-12Q-411FA38","","","","1","1","1","PC","1","PC","0","1","","","","","1"
"12Q-411GA31","1","1","1","1","MA-12Q-411GA31","","","","1","1","1","PC","1","PC","0","1","","","","","1"
"12Q-411GA33","1","1","1","1","MA-12Q-411GA33","","","","1","1","1","PC","1","PC","0","1","","","","","1"
"12Q-411GA34","1","1","1","1","MA-12Q-411GA34","","","","1","1","1","PC","1","PC","0","1","","","","","1"
"12Q-411GA36","1","1","1","1","MA-12Q-411GA36","","","","1","1","1","PC","1","PC","0","1","","","","","1"
"12Q-411GA38","1","1","1","1","MA-12Q-411GA38","","","","1","1","1","PC","1","PC","0","1","","","","","1"
"12Q-411HA33","1","1","1","1","MA-12Q-411HA33","","","","1","1","1","PC","1","PC","0","1","","","","","1"
"12Q-411JA34","1","1","1","1","MA-12Q-411JA34","","","","1","1","1","PC","1","PC","0","1","","","","","1"
"12Q-411MA38","1","1","1","1","MA-12Q-411MA38","","","","1","1","1","PC","1","PC","0","1","","","","","1"
"1331-401BA30","1","1","1","1","MA-1531-401BA30","","","","1","1","1","PC","1","PC","0","1","","","","","1"
"1531-401BA30","1","1","1","1","MA-1531-401BA30","","","","1","1","1","PC","1","PC","0","1","","","","","1"
"1531-406AA26","1","1","1","1","MA-1531-406AA26","","","","1","1","1","PC","1","PC","0","1","","","","","1"
"1531-406AA28","1","1","1","1","MA-1531-406AA28","","","","1","1","1","PC","1","PC","0","1","","","","","1"
"1531-406AA3038","1","1","1","1","MA-1531-406AA3038","","","","1","1","1","PC","1","PC","0","1","","","","","1"
"1531-406AA30","1","1","1","1","MA-1531-406AA30","","","","1","1","1","PC","1","PC","0","1","","","","","1"
"1531-406AA3238","1","1","1","1","MA-1531-406AA3238","","","","1","1","1","PC","1","PC","0","1","","","","","1"
"1531-406AA32","1","1","1","1","MA-1531-406AA32","","","","1","1","1","PC","1","PC","0","1","","","","","1"
"1531-406AA34","1","1","1","1","MA-1531-406AA34","","","","1","1","1","PC","1","PC","0","1","","","","","1"
"1531-406AA36","1","1","1","1","MA-1531-406AA36","","","","1","1","1","PC","1","PC","0","1","","","","","1"
"1531-406AA38","1","1","1","1","MA-1531-406AA38","","","","1","1","1","PC","1","PC","0","1","","","","","1"
"1531-406BA38","1","1","1","1","MA-1531-406AA38","","","","1","1","1","PC","1","PC","0","1","","","","","1"
"1531-406AA40","1","1","1","1","MA-1531-406AA40","","","","1","1","1","PC","1","PC","0","1","","","","","1"
"1531-406AA42","1","1","1","1","MA-1531-406AA42","","","","1","1","1","PC","1","PC","0","1","","","","","1"
"1551-401AA30","1","1","1","1","MA-1551-401AA30","","","","1","1","1","PC","1","PC","0","1","","","","","1"
"1551-401AA38","1","1","1","1","MA-1551-401AA38","","","","1","1","1","PC","1","PC","0","1","","","","","1"
"1551-401BA38","1","1","1","1","MA-1551-401AA38","","","","1","1","1","PC","1","PC","0","1","","","","","1"
"1551-401CA38","1","1","1","1","MA-1551-401AA38","","","","1","1","1","PC","1","PC","0","1","","","","","1"
"161-406CEB26","1","1","1","1","MA-161-406CE26","","","","1","1","1","PC","1","PC","0","1","","","","","1"
"161-406CF30","1","1","1","1","MA-161-406CE30","","","","1","1","1","PC","1","PC","0","1","","","","","1"
"161-406CF31","1","1","1","1","MA-161-406CE31","","","","1","1","1","PC","1","PC","0","1","","","","","1"
"161-406CF34","1","1","1","1","MA-161-406CE34","","","","1","1","1","PC","1","PC","0","1","","","","","1"
"161-406CF36","1","1","1","1","MA-161-406CE36","","","","1","1","1","PC","1","PC","0","1","","","","","1"
"161-406CF38","1","1","1","1","MA-161-406CE38","","","","1","1","1","PC","1","PC","0","1","","","","","1"
"161-406CF40","1","1","1","1","MA-161-406CE40","","","","1","1","1","PC","1","PC","0","1","","","","","1"
"161-406CF42","1","1","1","1","MA-161-406CE42","","","","1","1","1","PC","1","PC","0","1","","","","","1"
"161-406CFB26","1","1","1","1","MA-161-406CF26","","","","1","1","1","PC","1","PC","0","1","","","","","1"
"161-406SB3138","1","1","1","1","MA-161-406DE3138","","","","1","1","1","PC","1","PC","0","1","","","","","1"
"161-406DF31","1","1","1","1","MA-161-406DE31","","","","1","1","1","PC","1","PC","0","1","","","","","1"
"161-406EF31","1","1","1","1","MA-161-406DE31","","","","1","1","1","PC","1","PC","0","1","","","","","1"
"161-406DF32","1","1","1","1","MA-161-406DE32","","","","1","1","1","PC","1","PC","0","1","","","","","1"
"161-406DF3338","1","1","1","1","MA-161-406DE3338","","","","1","1","1","PC","1","PC","0","1","","","","","1"
"161-406DF36","1","1","1","1","MA-161-406DE36","","","","1","1","1","PC","1","PC","0","1","","","","","1"
"161-406SB36","1","1","1","1","MA-161-406DE36","","","","1","1","1","PC","1","PC","0","1","","","","","1"
"161-406DF38","1","1","1","1","MA-161-406DE38","","","","1","1","1","PC","1","PC","0","1","","","","","1"
"161-406DF40","1","1","1","1","MA-161-406DE40","","","","1","1","1","PC","1","PC","0","1","","","","","1"
"161-406DF42","1","1","1","1","MA-161-406DE42","","","","1","1","1","PC","1","PC","0","1","","","","","1"
"161-406JB34","1","1","1","1","MA-161-406JA34","","","","1","1","1","PC","1","PC","0","1","","","","","1"
"161-406JB36","1","1","1","1","MA-161-406JA36","","","","1","1","1","PC","1","PC","0","1","","","","","1"
"161-406JB38","1","1","1","1","MA-161-406JA38","","","","1","1","1","PC","1","PC","0","1","","","","","1"
"161-406PE30","1","1","1","1","MA-161-406PE30","","","","1","1","1","PC","1","PC","0","1","","","","","1"
"161-406PE33","1","1","1","1","MA-161-406PE33","","","","1","1","1","PC","1","PC","0","1","","","","","1"
"161-406PE34","1","1","1","1","MA-161-406PE34","","","","1","1","1","PC","1","PC","0","1","","","","","1"
"161-406QE30","1","1","1","1","MA-161-406QE30","","","","1","1","1","PC","1","PC","0","1","","","","","1"
"161-406QE38","1","1","1","1","MA-161-406QE38","","","","1","1","1","PC","1","PC","0","1","","","","","1"
"161-406QE42","1","1","1","1","MA-161-406QE42","","","","1","1","1","PC","1","PC","0","1","","","","","1"
"161-406RE38","1","1","1","1","MA-161-406RE38","","","","1","1","1","PC","1","PC","0","1","","","","","1"
"6207-406BA38","1","1","1","1","MA-161-406RE38","","","","1","1","1","PC","1","PC","0","1","","","","","1"
"161-406SB34","1","1","1","1","MA-161-406SA34","","","","1","1","1","PC","1","PC","0","1","","","","","1"
"162-401CA38","1","1","1","1","MA-162-401CA38","","","","1","1","1","PC","1","PC","0","1","","","","","1"
"1235-401AA30","1","1","1","1","MA-162-401DA30","","","","1","1","1","PC","1","PC","0","1","","","","","1"
"162-401DA30","1","1","1","1","MA-162-401DA30","","","","1","1","1","PC","1","PC","0","1","","","","","1"
"1235-401AA38","1","1","1","1","MA-162-401DA38","","","","1","1","1","PC","1","PC","0","1","","","","","1"
"1235-401BA38","1","1","1","1","MA-162-401DA38","","","","1","1","1","PC","1","PC","0","1","","","","","1"
"162-401DA38","1","1","1","1","MA-162-401DA38","","","","1","1","1","PC","1","PC","0","1","","","","","1"
"162-406DA34","1","1","1","1","MA-162-406DA34","","","","1","1","1","PC","1","PC","0","1","","","","","1"
"1331-401FB30","1","1","1","1","MA-1631-401AB30","","","","1","1","1","PC","1","PC","0","1","","","","","1"
"1631-401AB30","1","1","1","1","MA-1631-401AB30","","","","1","1","1","PC","1","PC","0","1","","","","","1"
"1331-401FB38","1","1","1","1","MA-1631-401AB38","","","","1","1","1","PC","1","PC","0","1","","","","","1"
"1631-401AB38","1","1","1","1","MA-1631-401AB38","","","","1","1","1","PC","1","PC","0","1","","","","","1"
"1632-401AA26","1","1","1","1","MA-1632-401AA26","","","","1","1","1","PC","1","PC","0","1","","","","","1"
"1632-401BA26","1","1","1","1","MA-1632-401AA26","","","","1","1","1","PC","1","PC","0","1","","","","","1"
"1632-401AA30","1","1","1","1","MA-1632-401AA30","","","","1","1","1","PC","1","PC","0","1","","","","","1"
"1632-401BA30","1","1","1","1","MA-1632-401AA30","","","","1","1","1","PC","1","PC","0","1","","","","","1"
"1632-401CA30","1","1","1","1","MA-1632-401AA30","","","","1","1","1","PC","1","PC","0","1","","","","","1"
"1632-406AA30","1","1","1","1","MA-1632-406AA30","","","","1","1","1","PC","1","PC","0","1","","","","","1"
"1636-401AA30","1","1","1","1","MA-1636-401AA30","","","","1","1","1","PC","1","PC","0","1","","","","","1"
"1636-401BA30","1","1","1","1","MA-1636-401AA30","","","","1","1","1","PC","1","PC","0","1","","","","","1"
"165-401DB30","1","1","1","1","MA-165-401CA30","","","","1","1","1","PC","1","PC","0","1","","","","","1"
"165-401EA30","1","1","1","1","MA-165-401CA30","","","","1","1","1","PC","1","PC","0","1","","","","","1"
"165-401DA38","1","1","1","1","MA-165-401CA38","","","","1","1","1","PC","1","PC","0","1","","","","","1"
"165-401EA38","1","1","1","1","MA-165-401CA38","","","","1","1","1","PC","1","PC","0","1","","","","","1"
"165-401GA38","1","1","1","1","MA-165-401GA38","","","","1","1","1","PC","1","PC","0","1","","","","","1"
"170-401CB30","1","1","1","1","MA-170-401AA30","","","","1","1","1","PC","1","PC","0","1","","","","","1"
"170-401EA30","1","1","1","1","MA-170-401AA30","","","","1","1","1","PC","1","PC","0","1","","","","","1"
"170-401EB30","1","1","1","1","MA-170-401AA30","","","","1","1","1","PC","1","PC","0","1","","","","","1"
"170-401HA30","1","1","1","1","MA-170-401AA30","","","","1","1","1","PC","1","PC","0","1","","","","","1"
"TS-4602CA","1","1","1","1","MA-170-401AA30","","","","1","1","1","PC","1","PC","0","1","","","","","1"
"170-401AA38","1","1","1","1","MA-170-401AA38","","","","1","1","1","PC","1","PC","0","1","","","","","1"
"170-401CA38","1","1","1","1","MA-170-401AA38","","","","1","1","1","PC","1","PC","0","1","","","","","1"
"170-401FA38","1","1","1","1","MA-170-401AA38","","","","1","1","1","PC","1","PC","0","1","","","","","1"
"170-401GA38","1","1","1","1","MA-170-401AA38","","","","1","1","1","PC","1","PC","0","1","","","","","1"
"170-401HA38","1","1","1","1","MA-170-401AA38","","","","1","1","1","PC","1","PC","0","1","","","","","1"
"170-401JA38","1","1","1","1","MA-170-401AA38","","","","1","1","1","PC","1","PC","0","1","","","","","1"
"170-401KA38","1","1","1","1","MA-170-401AA38","","","","1","1","1","PC","1","PC","0","1","","","","","1"
"1044-401CA30","1","1","1","1","MA-171-401AB30","","","","1","1","1","PC","1","PC","0","1","","","","","1"
"1044-401DA30","1","1","1","1","MA-171-401AB30","","","","1","1","1","PC","1","PC","0","1","","","","","1"
"1232-401CA30","1","1","1","1","MA-171-401AB30","","","","1","1","1","PC","1","PC","0","1","","","","","1"
"1236-401EA30","1","1","1","1","MA-171-401AB30","","","","1","1","1","PC","1","PC","0","1","","","","","1"
"171-401AB30","1","1","1","1","MA-171-401AB30","","","","1","1","1","PC","1","PC","0","1","","","","","1"
"171-401CC26","1","1","1","1","MA-171-401CB26","","","","1","1","1","PC","1","PC","0","1","","","","","1"
"171-401EB26","1","1","1","1","MA-171-401CB26","","","","1","1","1","PC","1","PC","0","1","","","","","1"
"1044-401AA30","1","1","1","1","MA-171-401CB30","","","","1","1","1","PC","1","PC","0","1","","","","","1"
"1044-401EA30","1","1","1","1","MA-171-401CB30","","","","1","1","1","PC","1","PC","0","1","","","","","1"
"1236-401CA30","1","1","1","1","MA-171-401CB30","","","","1","1","1","PC","1","PC","0","1","","","","","1"
"1236-401DA30","1","1","1","1","MA-171-401CB30","","","","1","1","1","PC","1","PC","0","1","","","","","1"
"171-401CB30","1","1","1","1","MA-171-401CB30","","","","1","1","1","PC","1","PC","0","1","","","","","1"
"171-401EA30","1","1","1","1","MA-171-401CB30","","","","1","1","1","PC","1","PC","0","1","","","","","1"
"171-406GA26","1","1","1","1","MA-171-406GA26","","","","1","1","1","PC","1","PC","0","1","","","","","1"
"1236-406AA30","1","1","1","1","MA-171-406GA30","","","","1","1","1","PC","1","PC","0","1","","","","","1"
"171-406GA30","1","1","1","1","MA-171-406GA30","","","","1","1","1","PC","1","PC","0","1","","","","","1"
"171-406KA30","1","1","1","1","MA-171-406GA30","","","","1","1","1","PC","1","PC","0","1","","","","","1"
"171-406NA30","1","1","1","1","MA-171-406GA30","","","","1","1","1","PC","1","PC","0","1","","","","","1"
"171-406GA34","1","1","1","1","MA-171-406GA34","","","","1","1","1","PC","1","PC","0","1","","","","","1"
"171-406PA34","1","1","1","1","MA-171-406PA34","","","","1","1","1","PC","1","PC","0","1","","","","","1"
"1731-406DA19","1","1","1","1","MA-1731-406DA19","","","","1","1","1","PC","1","PC","0","1","","","","","1"
"1731-406DA22","1","1","1","1","MA-1731-406DA22","","","","1","1","1","PC","1","PC","0","1","","","","","1"
"3538-406AA30","1","1","1","1","MA-3538-406AA30","","","","1","1","1","PC","1","PC","0","1","","","","","1"
"3538-406AA34","1","1","1","1","MA-3538-406AA34","","","","1","1","1","PC","1","PC","0","1","","","","","1"
"3538-406BA34","1","1","1","1","MA-3538-406BA34","","","","1","1","1","PC","1","PC","0","1","","","","","1"
"435-406AB33","1","1","1","1","MA-435-406AB33","","","","1","1","1","PC","1","PC","0","1","","","","","1"
"C815-406CA30","1","1","1","1","MA-C815-406CA30","","","","1","1","1","PC","1","PC","0","1","","","","","1"
"C815-406CA34","1","1","1","1","MA-C815-406CA34","","","","1","1","1","PC","1","PC","0","1","","","","","1"
"100-609AB1","1","1","1","1","MA-100-609AB1","","","","1","1","1","PC","1","PC","0","1","","","","","1"
"100-609AB2","1","1","1","1","MA-100-609AB2","","","","1","1","1","PC","1","PC","0","1","","","","","1"
"100-609AB4","1","1","1","1","MA-100-609AB4","","","","1","1","1","PC","1","PC","0","1","","","","","1"
"100-609AB5","1","1","1","1","MA-100-609AB5","","","","1","1","1","PC","1","PC","0","1","","","","","1"
"100-609AB6","1","1","1","1","MA-100-609AB6","","","","1","1","1","PC","1","PC","0","1","","","","","1"
"100-609AB7","1","1","1","1","MA-100-609AB7","","","","1","1","1","PC","1","PC","0","1","","","","","1"
"100-609AB8","1","1","1","1","MA-100-609AB8","","","","1","1","1","PC","1","PC","0","1","","","","","1"
"100-609AC","1","1","1","1","MA-100-609AC","","","","1","1","1","PC","1","PC","0","1","","","","","1"
"100-609FA","1","1","1","1","MA-100-609FA","","","","1","1","1","PC","1","PC","0","1","","","","","1"
"100-609FE","1","1","1","1","MA-100-609FE","","","","1","1","1","PC","1","PC","0","1","","","","","1"
"100-609JB1","1","1","1","1","MA-100-609JB1","","","","1","1","1","PC","1","PC","0","1","","","","","1"
"100-609JB2","1","1","1","1","MA-100-609JB2","","","","1","1","1","PC","1","PC","0","1","","","","","1"
"100-609JB4","1","1","1","1","MA-100-609JB4","","","","1","1","1","PC","1","PC","0","1","","","","","1"
"100-609JB5","1","1","1","1","MA-100-609JB5","","","","1","1","1","PC","1","PC","0","1","","","","","1"
"100-609JB7","1","1","1","1","MA-100-609JB7","","","","1","1","1","PC","1","PC","0","1","","","","","1"
"100-609JB8","1","1","1","1","MA-100-609JB8","","","","1","1","1","PC","1","PC","0","1","","","","","1"
"100-609MC","1","1","1","1","MA-100-609MC","","","","1","1","1","PC","1","PC","0","1","","","","","1"
"100-609RE","1","1","1","1","MA-100-609RE","","","","1","1","1","PC","1","PC","0","1","","","","","1"
"100-609TE","1","1","1","1","MA-100-609TE","","","","1","1","1","PC","1","PC","0","1","","","","","1"
"100-609UE","1","1","1","1","MA-100-609UE","","","","1","1","1","PC","1","PC","0","1","","","","","1"
"100-609WE","1","1","1","1","MA-100-609WE","","","","1","1","1","PC","1","PC","0","1","","","","","1"
"100-609YE","1","1","1","1","MA-100-609YE","","","","1","1","1","PC","1","PC","0","1","","","","","1"
"100-609YF","1","1","1","1","MA-100-609YF","","","","1","1","1","PC","1","PC","0","1","","","","","1"
"100-619DD1","1","1","1","1","MA-100-619DD1","","","","1","1","1","PC","1","PC","0","1","","","","","1"
"100-619DD3","1","1","1","1","MA-100-619DD3","","","","1","1","1","PC","1","PC","0","1","","","","","1"
"100-619DD5","1","1","1","1","MA-100-619DD5","","","","1","1","1","PC","1","PC","0","1","","","","","1"
"100-619EC1","1","1","1","1","MA-100-619EC1","","","","1","1","1","PC","1","PC","0","1","","","","","1"
"100-619FB1","1","1","1","1","MA-100-619FB1","","","","1","1","1","PC","1","PC","0","1","","","","","1"
"100-619FB3","1","1","1","1","MA-100-619FB3","","","","1","1","1","PC","1","PC","0","1","","","","","1"
"100-619GB1","1","1","1","1","MA-100-619GB1","","","","1","1","1","PC","1","PC","0","1","","","","","1"
"1035-417AA30","1","1","1","1","MA-1035-417AA30-DRUM","","","","1","1","1","PC","1","PC","0","1","","","","","1"
"1035-418AA30","1","1","1","1","MA-1035-418AA30-DRUM","","","","1","1","1","PC","1","PC","0","1","","","","","1"
"1051-501BA38","1","1","1","1","MA-1051-501BA38","","","","1","1","1","PC","1","PC","0","1","","","","","1"
"105-609BB2","1","1","1","1","MA-105-609BB2","","","","1","1","1","PC","1","PC","0","1","","","","","1"
"105-609BB3","1","1","1","1","MA-105-609BB3","","","","1","1","1","PC","1","PC","0","1","","","","","1"
"105-609BB4","1","1","1","1","MA-105-609BB4","","","","1","1","1","PC","1","PC","0","1","","","","","1"
"105-609BB6","1","1","1","1","MA-105-609BB6","","","","1","1","1","PC","1","PC","0","1","","","","","1"
"105-609BB8","1","1","1","1","MA-105-609BB8","","","","1","1","1","PC","1","PC","0","1","","","","","1"
"120-420CA","1","1","1","1","MA-120-420CA","","","","1","1","1","PC","1","PC","0","1","","","","","1"
"120-451BA","1","1","1","1","MA-120-451BA","","","","1","1","1","PC","1","PC","0","1","","","","","1"
"1355-420AA","1","1","1","1","MA-1355-420AA","","","","1","1","1","PC","1","PC","0","1","","","","","1"
"1531-501ZKA3034","1","1","1","1","MA-1531-501ZKA34","","","","1","1","1","PC","1","PC","0","1","","","","","1"
"1531-501ZKA34","1","1","1","1","MA-1531-501ZKA34","","","","1","1","1","PC","1","PC","0","1","","","","","1"
"1531-501ZLA3238","1","1","1","1","MA-1531-501ZKA34","","","","1","1","1","PC","1","PC","0","1","","","","","1"
"1531-501ZQA3038","1","1","1","1","MA-1531-501ZKA34","","","","1","1","1","PC","1","PC","0","1","","","","","1"
"1531-501ZQA3238","1","1","1","1","MA-1531-501ZKA34","","","","1","1","1","PC","1","PC","0","1","","","","","1"
"1531-501ZQA34","1","1","1","1","MA-1531-501ZKA34","","","","1","1","1","PC","1","PC","0","1","","","","","1"
"3124-501ZLA34","1","1","1","1","MA-1531-501ZKA34","","","","1","1","1","PC","1","PC","0","1","","","","","1"
"1532-431BA30","1","1","1","1","MA-1532-431BA30","","","","1","1","1","PC","1","PC","0","1","","","","","1"
"1532-440AA26","1","1","1","1","MA-1532-440AA26","","","","1","1","1","PC","1","PC","0","1","","","","","1"
"1532-440AA30","1","1","1","1","MA-1532-440AA30","","","","1","1","1","PC","1","PC","0","1","","","","","1"
"1532-440CA30","1","1","1","1","MA-1532-440AA30","","","","1","1","1","PC","1","PC","0","1","","","","","1"
"1532-440DA30","1","1","1","1","MA-1532-440AA30","","","","1","1","1","PC","1","PC","0","1","","","","","1"
"1532-440EA30","1","1","1","1","MA-1532-440AA30","","","","1","1","1","PC","1","PC","0","1","","","","","1"
"1532-440FA30","1","1","1","1","MA-1532-440AA30","","","","1","1","1","PC","1","PC","0","1","","","","","1"
"1532-440GA30","1","1","1","1","MA-1532-440AA30","","","","1","1","1","PC","1","PC","0","1","","","","","1"
"1532-440AA32","1","1","1","1","MA-1532-440AA32","","","","1","1","1","PC","1","PC","0","1","","","","","1"
"1532-440CA32","1","1","1","1","MA-1532-440AA32","","","","1","1","1","PC","1","PC","0","1","","","","","1"
"1532-440FA32","1","1","1","1","MA-1532-440AA32","","","","1","1","1","PC","1","PC","0","1","","","","","1"
"1532-440AA34","1","1","1","1","MA-1532-440AA34","","","","1","1","1","PC","1","PC","0","1","","","","","1"
"1532-440CA34","1","1","1","1","MA-1532-440AA34","","","","1","1","1","PC","1","PC","0","1","","","","","1"
"1532-440EA34","1","1","1","1","MA-1532-440AA34","","","","1","1","1","PC","1","PC","0","1","","","","","1"
"1532-440FA34","1","1","1","1","MA-1532-440AA34","","","","1","1","1","PC","1","PC","0","1","","","","","1"
"1532-440HA34","1","1","1","1","MA-1532-440AA34","","","","1","1","1","PC","1","PC","0","1","","","","","1"
"1532-440AA36","1","1","1","1","MA-1532-440AA36","","","","1","1","1","PC","1","PC","0","1","","","","","1"
"1532-440BA36","1","1","1","1","MA-1532-440AA36","","","","1","1","1","PC","1","PC","0","1","","","","","1"
"1532-440CA36","1","1","1","1","MA-1532-440AA36","","","","1","1","1","PC","1","PC","0","1","","","","","1"
"1532-436AA30","1","1","1","1","MA-1536-436AA30","","","","1","1","1","PC","1","PC","0","1","","","","","1"
"1532-436BB30","1","1","1","1","MA-1536-436AA30","","","","1","1","1","PC","1","PC","0","1","","","","","1"
"1532-436AA34","1","1","1","1","MA-1536-436AA34","","","","1","1","1","PC","1","PC","0","1","","","","","1"
"1532-436BB34","1","1","1","1","MA-1536-436AA34","","","","1","1","1","PC","1","PC","0","1","","","","","1"
"161-402FC34","1","1","1","1","MA-161-402FC34","","","","1","1","1","PC","1","PC","0","1","","","","","1"
"161-402EC34","1","1","1","1","MA-161-402GA34","","","","1","1","1","PC","1","PC","0","1","","","","","1"
"161-402GA34","1","1","1","1","MA-161-402GA34","","","","1","1","1","PC","1","PC","0","1","","","","","1"
"161-402GA36","1","1","1","1","MA-161-402GA36","","","","1","1","1","PC","1","PC","0","1","","","","","1"
"161-402HA36","1","1","1","1","MA-161-402GA36","","","","1","1","1","PC","1","PC","0","1","","","","","1"
"161-402JA36","1","1","1","1","MA-161-402GA36","","","","1","1","1","PC","1","PC","0","1","","","","","1"
"161-402JA31","1","1","1","1","MA-161-402JA31","","","","1","1","1","PC","1","PC","0","1","","","","","1"
"161-403DA38","1","1","1","1","MA-161-403DA38","","","","1","1","1","PC","1","PC","0","1","","","","","1"
"161-403EA38","1","1","1","1","MA-161-403DA38","","","","1","1","1","PC","1","PC","0","1","","","","","1"
"161-403FA38","1","1","1","1","MA-161-403DA38","","","","1","1","1","PC","1","PC","0","1","","","","","1"
"161-404AAC","1","1","1","1","MA-161-404AAC","","","","1","1","1","PC","1","PC","0","1","","","","","1"
"161-420FA","1","1","1","1","MA-161-420FA","","","","1","1","1","PC","1","PC","0","1","","","","","1"
"161-441AD34","1","1","1","1","MA-161-441AB34","","","","1","1","1","PC","1","PC","0","1","","","","","1"
"161-441AC36","1","1","1","1","MA-161-441AB36","","","","1","1","1","PC","1","PC","0","1","","","","","1"
"161-441AD31","1","1","1","1","MA-161-441AD31","","","","1","1","1","PC","1","PC","0","1","","","","","1"
"1636-431AA30","1","1","1","1","MA-1636-431AA30","","","","1","1","1","PC","1","PC","0","1","","","","","1"
"170-499BA33","1","1","1","1","MA-170-499BA33","","","","1","1","1","PC","1","PC","0","1","","","","","1"
"1731-401CA24","1","1","1","1","MA-1731-401CA24","","","","1","1","1","PC","1","PC","0","1","","","","","1"
"1731-501ZKB22","1","1","1","1","MA-1731-501ZKA22","","","","1","1","1","PC","1","PC","0","1","","","","","1"
"1751-440AC12","1","1","1","1","MA-1751-440AC12","","","","1","1","1","PC","1","PC","0","1","","","","","1"
"1751-440AC17","1","1","1","1","MA-1751-440AC17","","","","1","1","1","PC","1","PC","0","1","","","","","1"
"1751-440AC24","1","1","1","1","MA-1751-440AC24","","","","1","1","1","PC","1","PC","0","1","","","","","1"
"5145-501AA08","1","1","1","1","MA-1751-501AA08","","","","1","1","1","PC","1","PC","0","1","","","","","1"
"5145-501AA10","1","1","1","1","MA-1751-501AA10","","","","1","1","1","PC","1","PC","0","1","","","","","1"
"5145-501AA11","1","1","1","1","MA-1751-501AA11","","","","1","1","1","PC","1","PC","0","1","","","","","1"
"5145-501AA12","1","1","1","1","MA-1751-501AA12","","","","1","1","1","PC","1","PC","0","1","","","","","1"
"5145-501AA13","1","1","1","1","MA-1751-501AA13","","","","1","1","1","PC","1","PC","0","1","","","","","1"
"5145-501AA14","1","1","1","1","MA-1751-501AA14","","","","1","1","1","PC","1","PC","0","1","","","","","1"
"5143-501AA15","1","1","1","1","MA-1751-501AA15","","","","1","1","1","PC","1","PC","0","1","","","","","1"
"5145-501AA15","1","1","1","1","MA-1751-501AA15","","","","1","1","1","PC","1","PC","0","1","","","","","1"
"5143-501AA17","1","1","1","1","MA-1751-501AA17","","","","1","1","1","PC","1","PC","0","1","","","","","1"
"5145-501AA17","1","1","1","1","MA-1751-501AA17","","","","1","1","1","PC","1","PC","0","1","","","","","1"
"5158-501AA17","1","1","1","1","MA-1751-501AA17","","","","1","1","1","PC","1","PC","0","1","","","","","1"
"5143-501AA18","1","1","1","1","MA-1751-501AA18","","","","1","1","1","PC","1","PC","0","1","","","","","1"
"5145-501AA18","1","1","1","1","MA-1751-501AA18","","","","1","1","1","PC","1","PC","0","1","","","","","1"
"5143-501AA19","1","1","1","1","MA-1751-501AA19","","","","1","1","1","PC","1","PC","0","1","","","","","1"
"5145-501AA19","1","1","1","1","MA-1751-501AA19","","","","1","1","1","PC","1","PC","0","1","","","","","1"
"5143-501AA20","1","1","1","1","MA-1751-501AA20","","","","1","1","1","PC","1","PC","0","1","","","","","1"
"5145-501AA20","1","1","1","1","MA-1751-501AA20","","","","1","1","1","PC","1","PC","0","1","","","","","1"
"5145-501AA22","1","1","1","1","MA-1751-501AA22","","","","1","1","1","PC","1","PC","0","1","","","","","1"
"5143-501AA24","1","1","1","1","MA-1751-501AA24","","","","1","1","1","PC","1","PC","0","1","","","","","1"
"5145-501AA24","1","1","1","1","MA-1751-501AA24","","","","1","1","1","PC","1","PC","0","1","","","","","1"
"3906-501AA20","1","1","1","1","MA-19B-501AB20","","","","1","1","1","PC","1","PC","0","1","","","","","1"
"4305-501AA20","1","1","1","1","MA-19B-501AB20","","","","1","1","1","PC","1","PC","0","1","","","","","1"
"1731-501AA7.6","1","1","1","1","MA-19B-501AB7.6","","","","1","1","1","PC","1","PC","0","1","","","","","1"
"1731-501ZGA10","1","1","1","1","MA-19B-501ZGA10","","","","1","1","1","PC","1","PC","0","1","","","","","1"
"1731-501ZGA11","1","1","1","1","MA-19B-501ZGA11","","","","1","1","1","PC","1","PC","0","1","","","","","1"
"1731-501ZGA12","1","1","1","1","MA-19B-501ZGA12","","","","1","1","1","PC","1","PC","0","1","","","","","1"
"1731-501ZJA12","1","1","1","1","MA-19B-501ZGA12","","","","1","1","1","PC","1","PC","0","1","","","","","1"
"19B-501ZGC12","1","1","1","1","MA-19B-501ZGA12","","","","1","1","1","PC","1","PC","0","1","","","","","1"
"1731-501ZGA13","1","1","1","1","MA-19B-501ZGA13","","","","1","1","1","PC","1","PC","0","1","","","","","1"
"1731-501ZJA13","1","1","1","1","MA-19B-501ZGA13","","","","1","1","1","PC","1","PC","0","1","","","","","1"
"1731-501ZGA14","1","1","1","1","MA-19B-501ZGA14","","","","1","1","1","PC","1","PC","0","1","","","","","1"
"1731-501ZJA14","1","1","1","1","MA-19B-501ZGA14","","","","1","1","1","PC","1","PC","0","1","","","","","1"
"1731-501ZGA15","1","1","1","1","MA-19B-501ZGA15","","","","1","1","1","PC","1","PC","0","1","","","","","1"
"1731-501ZJA15","1","1","1","1","MA-19B-501ZGA15","","","","1","1","1","PC","1","PC","0","1","","","","","1"
"1731-501ZGA16","1","1","1","1","MA-19B-501ZGA16","","","","1","1","1","PC","1","PC","0","1","","","","","1"
"1731-501ZJA16","1","1","1","1","MA-19B-501ZGA16","","","","1","1","1","PC","1","PC","0","1","","","","","1"
"19B-501ZGA16","1","1","1","1","MA-19B-501ZGA16","","","","1","1","1","PC","1","PC","0","1","","","","","1"
"4307-501BA16","1","1","1","1","MA-19B-501ZGA16","","","","1","1","1","PC","1","PC","0","1","","","","","1"
"1731-501ZGA17","1","1","1","1","MA-19B-501ZGA17","","","","1","1","1","PC","1","PC","0","1","","","","","1"
"1731-501ZJA17","1","1","1","1","MA-19B-501ZGA17","","","","1","1","1","PC","1","PC","0","1","","","","","1"
"4307-501BA17","1","1","1","1","MA-19B-501ZGA17","","","","1","1","1","PC","1","PC","0","1","","","","","1"
"1731-501ZGA18","1","1","1","1","MA-19B-501ZGA18","","","","1","1","1","PC","1","PC","0","1","","","","","1"
"1731-501ZJA18","1","1","1","1","MA-19B-501ZGA18","","","","1","1","1","PC","1","PC","0","1","","","","","1"
"4307-501BA18","1","1","1","1","MA-19B-501ZGA18","","","","1","1","1","PC","1","PC","0","1","","","","","1"
"1731-501ZGA19","1","1","1","1","MA-19B-501ZGA19","","","","1","1","1","PC","1","PC","0","1","","","","","1"
"1731-501ZJA19","1","1","1","1","MA-19B-501ZGA19","","","","1","1","1","PC","1","PC","0","1","","","","","1"
"4307-501BA19","1","1","1","1","MA-19B-501ZGA19","","","","1","1","1","PC","1","PC","0","1","","","","","1"
"1731-501ZGA20","1","1","1","1","MA-19B-501ZGA20","","","","1","1","1","PC","1","PC","0","1","","","","","1"
"1731-501ZJA20","1","1","1","1","MA-19B-501ZGA20","","","","1","1","1","PC","1","PC","0","1","","","","","1"
"4307-501BA20","1","1","1","1","MA-19B-501ZGA20","","","","1","1","1","PC","1","PC","0","1","","","","","1"
"1731-501ZGA21","1","1","1","1","MA-19B-501ZGA21","","","","1","1","1","PC","1","PC","0","1","","","","","1"
"1731-501ZJA21","1","1","1","1","MA-19B-501ZGA21","","","","1","1","1","PC","1","PC","0","1","","","","","1"
"4307-501BA21","1","1","1","1","MA-19B-501ZGA21","","","","1","1","1","PC","1","PC","0","1","","","","","1"
"1731-501ZGA24","1","1","1","1","MA-19B-501ZGA24","","","","1","1","1","PC","1","PC","0","1","","","","","1"
"19B-501ZGA24","1","1","1","1","MA-19B-501ZGA24","","","","1","1","1","PC","1","PC","0","1","","","","","1"
"4307-501BA24","1","1","1","1","MA-19B-501ZGA24","","","","1","1","1","PC","1","PC","0","1","","","","","1"
"3144-502AB26","1","1","1","1","MA-3144-502AB30","","","","1","1","1","PC","1","PC","0","1","","","","","1"
"3144-502AB30","1","1","1","1","MA-3144-502AB30","","","","1","1","1","PC","1","PC","0","1","","","","","1"
"3152-502AA30","1","1","1","1","MA-3144-502AB30","","","","1","1","1","PC","1","PC","0","1","","","","","1"
"3156-502AA30","1","1","1","1","MA-3144-502AB30","","","","1","1","1","PC","1","PC","0","1","","","","","1"
"3144-502AB36","1","1","1","1","MA-3144-502AB34","","","","1","1","1","PC","1","PC","0","1","","","","","1"
"3156-502AA32","1","1","1","1","MA-3144-502AB34","","","","1","1","1","PC","1","PC","0","1","","","","","1"
"3156-502AA34","1","1","1","1","MA-3144-502AB34","","","","1","1","1","PC","1","PC","0","1","","","","","1"
"4114-502AA34","1","1","1","1","MA-3144-502AB34","","","","1","1","1","PC","1","PC","0","1","","","","","1"
"3151-502JA26","1","1","1","1","MA-3151-502AA34","","","","1","1","1","PC","1","PC","0","1","","","","","1"
"3151-502JA36","1","1","1","1","MA-3151-502AA34","","","","1","1","1","PC","1","PC","0","1","","","","","1"
"3151-502JB34","1","1","1","1","MA-3151-502AA34","","","","1","1","1","PC","1","PC","0","1","","","","","1"
"3151-502JC30","1","1","1","1","MA-3151-502AA34","","","","1","1","1","PC","1","PC","0","1","","","","","1"
"3154-601EA19","1","1","1","1","MA-3154-601AA19","","","","1","1","1","PC","1","PC","0","1","","","","","1"
"3154-601EB22","1","1","1","1","MA-3154-601AA22","","","","1","1","1","PC","1","PC","0","1","","","","","1"
"TS-4991FA22","1","1","1","1","MA-3154-601AA22","","","","1","1","1","PC","1","PC","0","1","","","","","1"
"3154-601EA30","1","1","1","1","MA-3154-601AA30","","","","1","1","1","PC","1","PC","0","1","","","","","1"
"3154-609AB","1","1","1","1","MA-3154-609AB","","","","1","1","1","PC","1","PC","0","1","","","","","1"
"3154-609BA1","1","1","1","1","MA-3154-609BA1","","","","1","1","1","PC","1","PC","0","1","","","","","1"
"3154-609BA2","1","1","1","1","MA-3154-609BA2","","","","1","1","1","PC","1","PC","0","1","","","","","1"
"3159-501AA05","1","1","1","1","MA-3159-501AA05","","","","1","1","1","PC","1","PC","0","1","","","","","1"
"3159-501BA05","1","1","1","1","MA-3159-501BA05","","","","1","1","1","PC","1","PC","0","1","","","","","1"
"3159-501CA05","1","1","1","1","MA-3159-501CA05","","","","1","1","1","PC","1","PC","0","1","","","","","1"
"3159-501DA02","1","1","1","1","MA-3159-501DA02","","","","1","1","1","PC","1","PC","0","1","","","","","1"
"3159-501DA03","1","1","1","1","MA-3159-501DA03","","","","1","1","1","PC","1","PC","0","1","","","","","1"
"3159-501DA04","1","1","1","1","MA-3159-501DA04","","","","1","1","1","PC","1","PC","0","1","","","","","1"
"3159-652AA02","1","1","1","1","MA-3159-652AA02","","","","1","1","1","PC","1","PC","0","1","","","","","1"
"3159-652AA03","1","1","1","1","MA-3159-652AA03","","","","1","1","1","PC","1","PC","0","1","","","","","1"
"3159-652AA04","1","1","1","1","MA-3159-652AA04","","","","1","1","1","PC","1","PC","0","1","","","","","1"
"3222-433AB30","1","1","1","1","MA-3222-433AA30","","","","1","1","1","PC","1","PC","0","1","","","","","1"
"3226-433AA30","1","1","1","1","MA-3222-433AA30","","","","1","1","1","PC","1","PC","0","1","","","","","1"
"3236-433AA30","1","1","1","1","MA-3222-433AA30","","","","1","1","1","PC","1","PC","0","1","","","","","1"
"3636-433AA30","1","1","1","1","MA-3222-433AA30","","","","1","1","1","PC","1","PC","0","1","","","","","1"
"3224-433AA34","1","1","1","1","MA-3222-433AA34","","","","1","1","1","PC","1","PC","0","1","","","","","1"
"3226-433AA34","1","1","1","1","MA-3222-433AA34","","","","1","1","1","PC","1","PC","0","1","","","","","1"
"3236-433AA34","1","1","1","1","MA-3222-433AA34","","","","1","1","1","PC","1","PC","0","1","","","","","1"
"3608-433AA34","1","1","1","1","MA-3222-433AA34","","","","1","1","1","PC","1","PC","0","1","","","","","1"
"3650-432AA30","1","1","1","1","MA-3237-432AA30","","","","1","1","1","PC","1","PC","0","1","","","","","1"
"3652-432AA30","1","1","1","1","MA-3237-432AA30","","","","1","1","1","PC","1","PC","0","1","","","","","1"
"3654-432AA30","1","1","1","1","MA-3237-432AA30","","","","1","1","1","PC","1","PC","0","1","","","","","1"
"3656-432AA30","1","1","1","1","MA-3237-432AA30","","","","1","1","1","PC","1","PC","0","1","","","","","1"
"3661-432AA30","1","1","1","1","MA-3237-432AA30","","","","1","1","1","PC","1","PC","0","1","","","","","1"
"3650-432AA34","1","1","1","1","MA-3237-432AA34","","","","1","1","1","PC","1","PC","0","1","","","","","1"
"3650-432AB34","1","1","1","1","MA-3237-432AA34","","","","1","1","1","PC","1","PC","0","1","","","","","1"
"3652-432AA34","1","1","1","1","MA-3237-432AA34","","","","1","1","1","PC","1","PC","0","1","","","","","1"
"3659-432AA34","1","1","1","1","MA-3237-432AA34","","","","1","1","1","PC","1","PC","0","1","","","","","1"
"3662-432AA34","1","1","1","1","MA-3237-432AA34","","","","1","1","1","PC","1","PC","0","1","","","","","1"
"3663-432AA34","1","1","1","1","MA-3237-432AA34","","","","1","1","1","PC","1","PC","0","1","","","","","1"
"4412-432AB34","1","1","1","1","MA-3237-432AA34","","","","1","1","1","PC","1","PC","0","1","","","","","1"
"3238-432AA36","1","1","1","1","MA-3237-432AA36","","","","1","1","1","PC","1","PC","0","1","","","","","1"
"3239-432AA36","1","1","1","1","MA-3237-432AA36","","","","1","1","1","PC","1","PC","0","1","","","","","1"
"3239-432AB36","1","1","1","1","MA-3237-432AA36","","","","1","1","1","PC","1","PC","0","1","","","","","1"
"3237-432AB30","1","1","1","1","MA-3237-432BA30","","","","1","1","1","PC","1","PC","0","1","","","","","1"
"3238-432AB30","1","1","1","1","MA-3237-432BA30","","","","1","1","1","PC","1","PC","0","1","","","","","1"
"3239-432AB30","1","1","1","1","MA-3237-432BA30","","","","1","1","1","PC","1","PC","0","1","","","","","1"
"3240-432AB30","1","1","1","1","MA-3237-432BA30","","","","1","1","1","PC","1","PC","0","1","","","","","1"
"3241-432AB30","1","1","1","1","MA-3237-432BA30","","","","1","1","1","PC","1","PC","0","1","","","","","1"
"3238-432AB32","1","1","1","1","MA-3237-432BA32","","","","1","1","1","PC","1","PC","0","1","","","","","1"
"3239-432AB32","1","1","1","1","MA-3237-432BA32","","","","1","1","1","PC","1","PC","0","1","","","","","1"
"3243-432AB32","1","1","1","1","MA-3237-432BA32","","","","1","1","1","PC","1","PC","0","1","","","","","1"
"3237-432AB34","1","1","1","1","MA-3237-432BA34","","","","1","1","1","PC","1","PC","0","1","","","","","1"
"3238-432AB34","1","1","1","1","MA-3237-432BA34","","","","1","1","1","PC","1","PC","0","1","","","","","1"
"3239-432AB34","1","1","1","1","MA-3237-432BA34","","","","1","1","1","PC","1","PC","0","1","","","","","1"
"3240-432AB34","1","1","1","1","MA-3237-432BA34","","","","1","1","1","PC","1","PC","0","1","","","","","1"
"3246-432AA34","1","1","1","1","MA-3237-432BA34","","","","1","1","1","PC","1","PC","0","1","","","","","1"
"3238-608AB30","1","1","1","1","MA-973-608AA30-DRUM","","","","1","1","1","PC","1","PC","0","1","","","","","1"
"3239-608AB30","1","1","1","1","MA-973-608AA30-DRUM","","","","1","1","1","PC","1","PC","0","1","","","","","1"
"3240-608AB30","1","1","1","1","MA-973-608AA30-DRUM","","","","1","1","1","PC","1","PC","0","1","","","","","1"
"3241-608AB30","1","1","1","1","MA-973-608AA30-DRUM","","","","1","1","1","PC","1","PC","0","1","","","","","1"
"3242-432AA36","1","1","1","1","MA-3242-432AA36","","","","1","1","1","PC","1","PC","0","1","","","","","1"
"3242-609AA","1","1","1","1","MA-3242-609AA","","","","1","1","1","PC","1","PC","0","1","","","","","1"
"3242-609BA","1","1","1","1","MA-3242-609BA","","","","1","1","1","PC","1","PC","0","1","","","","","1"
"3501-55001AA34","1","1","1","1","MA-3501-55001AA34","","","","1","1","1","PC","1","PC","0","1","","","","","1"
"3662-608AA34","1","1","1","1","MA-3501-66001AA34","","","","1","1","1","PC","1","PC","0","1","","","","","1"
"3501-66002AC00","1","1","1","1","MA-3501-66002AC00","","","","1","1","1","PC","1","PC","0","1","","","","","1"
"3501-66002BC00","1","1","1","1","MA-3501-66002BC00","","","","1","1","1","PC","1","PC","0","1","","","","","1"
"3501-66002CA00","1","1","1","1","MA-3501-66002CA00","","","","1","1","1","PC","1","PC","0","1","","","","","1"
"3501-66002DA00","1","1","1","1","MA-3501-66002DA00","","","","1","1","1","PC","1","PC","0","1","","","","","1"
"3504-502JB26","1","1","1","1","MA-3504-502AA26","","","","1","1","1","PC","1","PC","0","1","","","","","1"
"3504-502JB30","1","1","1","1","MA-3504-502AA30","","","","1","1","1","PC","1","PC","0","1","","","","","1"
"3504-502JB34","1","1","1","1","MA-3504-502AA34","","","","1","1","1","PC","1","PC","0","1","","","","","1"
"3504-601AB26","1","1","1","1","MA-3504-601AB26","","","","1","1","1","PC","1","PC","0","1","","","","","1"
"3504-601AB30","1","1","1","1","MA-3504-601AB30","","","","1","1","1","PC","1","PC","0","1","","","","","1"
"3504-601AB34","1","1","1","1","MA-3504-601AB34","","","","1","1","1","PC","1","PC","0","1","","","","","1"
"3504-608AB26","1","1","1","1","MA-3504-608AA26","","","","1","1","1","PC","1","PC","0","1","","","","","1"
"4305-608AA14","1","1","1","1","MA-3538-608AA14-DRUM","","","","1","1","1","PC","1","PC","0","1","","","","","1"
"5310-502AA33","1","1","1","1","MA-355-50233","","","","1","1","1","PC","1","PC","0","1","","","","","1"
"5310-502EA33","1","1","1","1","MA-355-50233","","","","1","1","1","PC","1","PC","0","1","","","","","1"
"3636-502BA26","1","1","1","1","MA-3636-502BA26","","","","1","1","1","PC","1","PC","0","1","","","","","1"
"3636-502JA26","1","1","1","1","MA-3636-502BA26","","","","1","1","1","PC","1","PC","0","1","","","","","1"
"3636-502BA30","1","1","1","1","MA-3636-502BA30","","","","1","1","1","PC","1","PC","0","1","","","","","1"
"3636-502EA30","1","1","1","1","MA-3636-502BA30","","","","1","1","1","PC","1","PC","0","1","","","","","1"
"3636-502JA30","1","1","1","1","MA-3636-502BA30","","","","1","1","1","PC","1","PC","0","1","","","","","1"
"3636-502KA30","1","1","1","1","MA-3636-502BA30","","","","1","1","1","PC","1","PC","0","1","","","","","1"
"3644-502AA30","1","1","1","1","MA-3636-502BA30","","","","1","1","1","PC","1","PC","0","1","","","","","1"
"3644-502EA30","1","1","1","1","MA-3636-502BA30","","","","1","1","1","PC","1","PC","0","1","","","","","1"
"3636-502BA34","1","1","1","1","MA-3636-502BA34","","","","1","1","1","PC","1","PC","0","1","","","","","1"
"3636-502JA34","1","1","1","1","MA-3636-502BA34","","","","1","1","1","PC","1","PC","0","1","","","","","1"
"3644-502AA34","1","1","1","1","MA-3636-502BA34","","","","1","1","1","PC","1","PC","0","1","","","","","1"
"3644-502BA34","1","1","1","1","MA-3636-502BA34","","","","1","1","1","PC","1","PC","0","1","","","","","1"
"3644-502EA34","1","1","1","1","MA-3636-502BA34","","","","1","1","1","PC","1","PC","0","1","","","","","1"
"3649-432AB34","1","1","1","1","MA-3649-432AB34","","","","1","1","1","PC","1","PC","0","1","","","","","1"
"3652-651AA30","1","1","1","1","MA-3650-651AA30-DRUM","","","","1","1","1","PC","1","PC","0","1","","","","","1"
"3654-651AA30","1","1","1","1","MA-3650-651AA30-DRUM","","","","1","1","1","PC","1","PC","0","1","","","","","1"
"3656-651AA30","1","1","1","1","MA-3650-651AA30-DRUM","","","","1","1","1","PC","1","PC","0","1","","","","","1"
"3660-651AA30","1","1","1","1","MA-3650-651AA30-DRUM","","","","1","1","1","PC","1","PC","0","1","","","","","1"
"3652-651AA34","1","1","1","1","MA-3650-651AA34-DRUM","","","","1","1","1","PC","1","PC","0","1","","","","","1"
"3654-651AA34","1","1","1","1","MA-3650-651AA34-DRUM","","","","1","1","1","PC","1","PC","0","1","","","","","1"
"3656-502AA30","1","1","1","1","MA-3656-502AA30","","","","1","1","1","PC","1","PC","0","1","","","","","1"
"3662-601AA34","1","1","1","1","MA-3662-601AA34","","","","1","1","1","PC","1","PC","0","1","","","","","1"
"3662-652AA34","1","1","1","1","MA-560-66634-DRUM","","","","1","1","1","PC","1","PC","0","1","","","","","1"
"3554-608AA30","1","1","1","1","MA-3709-608AA30","","","","1","1","1","PC","1","PC","0","1","","","","","1"
"3549-608AA34","1","1","1","1","MA-3709-608AA34","","","","1","1","1","PC","1","PC","0","1","","","","","1"
"3554-608AA34","1","1","1","1","MA-3709-608AA34","","","","1","1","1","PC","1","PC","0","1","","","","","1"
"3709-608AA34","1","1","1","1","MA-3709-608AA34","","","","1","1","1","PC","1","PC","0","1","","","","","1"
"3906-502JA20","1","1","1","1","MA-3906-502AA20","","","","1","1","1","PC","1","PC","0","1","","","","","1"
"3922-502EA26","1","1","1","1","MA-3922-502AC26","","","","1","1","1","PC","1","PC","0","1","","","","","1"
"3922-502JA26","1","1","1","1","MA-3922-502AC26","","","","1","1","1","PC","1","PC","0","1","","","","","1"
"3922-652AA30","1","1","1","1","MA-3922-652AA30-DRUM","","","","1","1","1","PC","1","PC","0","1","","","","","1"
"3237-502AA30","1","1","1","1","MA-4109-502AA30","","","","1","1","1","PC","1","PC","0","1","","","","","1"
"3237-502EA30","1","1","1","1","MA-4109-502AA30","","","","1","1","1","PC","1","PC","0","1","","","","","1"
"3238-502EA30","1","1","1","1","MA-4109-502AA30","","","","1","1","1","PC","1","PC","0","1","","","","","1"
"3239-502EA30","1","1","1","1","MA-4109-502AA30","","","","1","1","1","PC","1","PC","0","1","","","","","1"
"3240-502AA30","1","1","1","1","MA-4109-502AA30","","","","1","1","1","PC","1","PC","0","1","","","","","1"
"3241-502AA30","1","1","1","1","MA-4109-502AA30","","","","1","1","1","PC","1","PC","0","1","","","","","1"
"3241-502EA30","1","1","1","1","MA-4109-502AA30","","","","1","1","1","PC","1","PC","0","1","","","","","1"
"4109-502EA30","1","1","1","1","MA-4109-502AA30","","","","1","1","1","PC","1","PC","0","1","","","","","1"
"4109-502JA26","1","1","1","1","MA-4109-502AA30","","","","1","1","1","PC","1","PC","0","1","","","","","1"
"4109-502JA30","1","1","1","1","MA-4109-502AA30","","","","1","1","1","PC","1","PC","0","1","","","","","1"
"3238-502AA32","1","1","1","1","MA-4109-502AA32","","","","1","1","1","PC","1","PC","0","1","","","","","1"
"3238-502EA32","1","1","1","1","MA-4109-502AA32","","","","1","1","1","PC","1","PC","0","1","","","","","1"
"4206-601JA34","1","1","1","1","MA-4206-601AA34","","","","1","1","1","PC","1","PC","0","1","","","","","1"
"435-503AA","1","1","1","1","MA-435-503AA","","","","1","1","1","PC","1","PC","0","1","","","","","1"
"4502-417AA","1","1","1","1","MA-4502-417AA","","","","1","1","1","PC","1","PC","0","1","","","","","1"
"4502-418AA","1","1","1","1","MA-4502-418AA","","","","1","1","1","PC","1","PC","0","1","","","","","1"
"4502-419AA20","1","1","1","1","MA-4502-419AA20","","","","1","1","1","PC","1","PC","0","1","","","","","1"
"474-502AA30","1","1","1","1","MA-474-502AA30","","","","1","1","1","PC","1","PC","0","1","","","","","1"
"474-502AB30","1","1","1","1","MA-474-502AA30","","","","1","1","1","PC","1","PC","0","1","","","","","1"
"474-502EA30","1","1","1","1","MA-474-502AA30","","","","1","1","1","PC","1","PC","0","1","","","","","1"
"474-502JA30","1","1","1","1","MA-474-502AA30","","","","1","1","1","PC","1","PC","0","1","","","","","1"
"479-502AA30","1","1","1","1","MA-474-502AA30","","","","1","1","1","PC","1","PC","0","1","","","","","1"
"479-502EA30","1","1","1","1","MA-474-502AA30","","","","1","1","1","PC","1","PC","0","1","","","","","1"
"479-502JA30","1","1","1","1","MA-474-502AA30","","","","1","1","1","PC","1","PC","0","1","","","","","1"
"5128-502AA30","1","1","1","1","MA-474-502AA30","","","","1","1","1","PC","1","PC","0","1","","","","","1"
"5135-502AA30","1","1","1","1","MA-474-502AA30","","","","1","1","1","PC","1","PC","0","1","","","","","1"
"5135-502JA30","1","1","1","1","MA-474-502AA30","","","","1","1","1","PC","1","PC","0","1","","","","","1"
"5142-502AA30","1","1","1","1","MA-474-502AA30","","","","1","1","1","PC","1","PC","0","1","","","","","1"
"5157-502AA30","1","1","1","1","MA-474-502AA30","","","","1","1","1","PC","1","PC","0","1","","","","","1"
"5167-502AA30","1","1","1","1","MA-474-502AA30","","","","1","1","1","PC","1","PC","0","1","","","","","1"
"5213-502AA30","1","1","1","1","MA-474-502AA30","","","","1","1","1","PC","1","PC","0","1","","","","","1"
"TS-5101BA30","1","1","1","1","MA-474-502AA30","","","","1","1","1","PC","1","PC","0","1","","","","","1"
"474-502AB33","1","1","1","1","MA-474-502AA33","","","","1","1","1","PC","1","PC","0","1","","","","","1"
"474-502EA33","1","1","1","1","MA-474-502AA33","","","","1","1","1","PC","1","PC","0","1","","","","","1"
"474-502JA33","1","1","1","1","MA-474-502AA33","","","","1","1","1","PC","1","PC","0","1","","","","","1"
"479-502EA33","1","1","1","1","MA-474-502AA33","","","","1","1","1","PC","1","PC","0","1","","","","","1"
"479-502JA33","1","1","1","1","MA-474-502AA33","","","","1","1","1","PC","1","PC","0","1","","","","","1"
"5128-502AA33","1","1","1","1","MA-474-502AA33","","","","1","1","1","PC","1","PC","0","1","","","","","1"
"5128-502EA33","1","1","1","1","MA-474-502AA33","","","","1","1","1","PC","1","PC","0","1","","","","","1"
"5142-502BA33","1","1","1","1","MA-474-502AA33","","","","1","1","1","PC","1","PC","0","1","","","","","1"
"474-502AA33","1","1","1","1","MA-474-502AA34","","","","1","1","1","PC","1","PC","0","1","","","","","1"
"479-502AA33","1","1","1","1","MA-474-502AA34","","","","1","1","1","PC","1","PC","0","1","","","","","1"
"474-502AA34","1","1","1","1","MA-474-502AA34","","","","1","1","1","PC","1","PC","0","1","","","","","1"
"474-502EA34","1","1","1","1","MA-474-502AA34","","","","1","1","1","PC","1","PC","0","1","","","","","1"
"479-502AA34","1","1","1","1","MA-474-502AA34","","","","1","1","1","PC","1","PC","0","1","","","","","1"
"479-502EA34","1","1","1","1","MA-474-502AA34","","","","1","1","1","PC","1","PC","0","1","","","","","1"
"5142-502AA34","1","1","1","1","MA-474-502AA34","","","","1","1","1","PC","1","PC","0","1","","","","","1"
"5142-502EA34","1","1","1","1","MA-474-502AA34","","","","1","1","1","PC","1","PC","0","1","","","","","1"
"5211-502AA34","1","1","1","1","MA-474-502AA34","","","","1","1","1","PC","1","PC","0","1","","","","","1"
"5212-502AA34","1","1","1","1","MA-474-502AA34","","","","1","1","1","PC","1","PC","0","1","","","","","1"
"5213-502AA34","1","1","1","1","MA-474-502AA34","","","","1","1","1","PC","1","PC","0","1","","","","","1"
"474-502AA36","1","1","1","1","MA-474-502AA36","","","","1","1","1","PC","1","PC","0","1","","","","","1"
"479-502AA36","1","1","1","1","MA-474-502AA36","","","","1","1","1","PC","1","PC","0","1","","","","","1"
"479-502JA36","1","1","1","1","MA-474-502AA36","","","","1","1","1","PC","1","PC","0","1","","","","","1"
"5142-502AA36","1","1","1","1","MA-474-502AA36","","","","1","1","1","PC","1","PC","0","1","","","","","1"
"5142-502EA36","1","1","1","1","MA-474-502AA36","","","","1","1","1","PC","1","PC","0","1","","","","","1"
"5141-502AA38","1","1","1","1","MA-474-502AA34","","","","1","1","1","PC","1","PC","0","1","","","","","1"
"5141-502EA38","1","1","1","1","MA-474-502AA34","","","","1","1","1","PC","1","PC","0","1","","","","","1"
"5211-502AA36","1","1","1","1","MA-474-502AA36","","","","1","1","1","PC","1","PC","0","1","","","","","1"
"5212-502AA36","1","1","1","1","MA-474-502AA36","","","","1","1","1","PC","1","PC","0","1","","","","","1"
"5213-502AA36","1","1","1","1","MA-474-502AA36","","","","1","1","1","PC","1","PC","0","1","","","","","1"
"474-502AA38","1","1","1","1","MA-474-502AA38","","","","1","1","1","PC","1","PC","0","1","","","","","1"
"474-502AB38","1","1","1","1","MA-474-502AA38","","","","1","1","1","PC","1","PC","0","1","","","","","1"
"474-502EA38","1","1","1","1","MA-474-502AA38","","","","1","1","1","PC","1","PC","0","1","","","","","1"
"474-502JA38","1","1","1","1","MA-474-502AA38","","","","1","1","1","PC","1","PC","0","1","","","","","1"
"479-502AA38","1","1","1","1","MA-474-502AA38","","","","1","1","1","PC","1","PC","0","1","","","","","1"
"479-502JA38","1","1","1","1","MA-474-502AA38","","","","1","1","1","PC","1","PC","0","1","","","","","1"
"5128-502AA38","1","1","1","1","MA-474-502AA38","","","","1","1","1","PC","1","PC","0","1","","","","","1"
"5128-502EA38","1","1","1","1","MA-474-502AA38","","","","1","1","1","PC","1","PC","0","1","","","","","1"
"5142-502AA38","1","1","1","1","MA-474-502AA38","","","","1","1","1","PC","1","PC","0","1","","","","","1"
"5142-502EA38","1","1","1","1","MA-474-502AA38","","","","1","1","1","PC","1","PC","0","1","","","","","1"
"5160-502AA38","1","1","1","1","MA-474-502AA38","","","","1","1","1","PC","1","PC","0","1","","","","","1"
"485-502AA34","1","1","1","1","MA-485-502AA34","","","","1","1","1","PC","1","PC","0","1","","","","","1"
"485-502EA34","1","1","1","1","MA-485-502AA34","","","","1","1","1","PC","1","PC","0","1","","","","","1"
"485-502JA34","1","1","1","1","MA-485-502AA34","","","","1","1","1","PC","1","PC","0","1","","","","","1"
"E474-502AB34","1","1","1","1","MA-485-502AA34","","","","1","1","1","PC","1","PC","0","1","","","","","1"
"E474-502EB34","1","1","1","1","MA-485-502AA34","","","","1","1","1","PC","1","PC","0","1","","","","","1"
"E474-502JB34","1","1","1","1","MA-485-502AA34","","","","1","1","1","PC","1","PC","0","1","","","","","1"
"474-641AB30","1","1","1","1","MA-485-641BA30-DRUM","","","","1","1","1","PC","1","PC","0","1","","","","","1"
"478-641AB30","1","1","1","1","MA-485-641BA30-DRUM","","","","1","1","1","PC","1","PC","0","1","","","","","1"
"479-641AB30","1","1","1","1","MA-485-641BA30-DRUM","","","","1","1","1","PC","1","PC","0","1","","","","","1"
"485-641BB30","1","1","1","1","MA-485-641BA30-DRUM","","","","1","1","1","PC","1","PC","0","1","","","","","1"
"5108-641AB30","1","1","1","1","MA-485-641BA30-DRUM","","","","1","1","1","PC","1","PC","0","1","","","","","1"
"5131-641AA30","1","1","1","1","MA-485-641BA30-DRUM","","","","1","1","1","PC","1","PC","0","1","","","","","1"
"5142-641AA30","1","1","1","1","MA-485-641BA30-DRUM","","","","1","1","1","PC","1","PC","0","1","","","","","1"
"5154-641AA30","1","1","1","1","MA-485-641BA30-DRUM","","","","1","1","1","PC","1","PC","0","1","","","","","1"
"5165-641AA30","1","1","1","1","MA-485-641BA30-DRUM","","","","1","1","1","PC","1","PC","0","1","","","","","1"
"6101-641BA30","1","1","1","1","MA-485-641BA30-DRUM","","","","1","1","1","PC","1","PC","0","1","","","","","1"
"B336-641AB30","1","1","1","1","MA-485-641BA30-DRUM","","","","1","1","1","PC","1","PC","0","1","","","","","1"
"5142-641AA32","1","1","1","1","MA-485-641BA32-DRUM","","","","1","1","1","PC","1","PC","0","1","","","","","1"
"5154-641AA32","1","1","1","1","MA-485-641BA32-DRUM","","","","1","1","1","PC","1","PC","0","1","","","","","1"
"474-641AB33","1","1","1","1","MA-485-641BA33-DRUM","","","","1","1","1","PC","1","PC","0","1","","","","","1"
"478-641AB33","1","1","1","1","MA-485-641BA33-DRUM","","","","1","1","1","PC","1","PC","0","1","","","","","1"
"479-641AB33","1","1","1","1","MA-485-641BA33-DRUM","","","","1","1","1","PC","1","PC","0","1","","","","","1"
"485-641AB33","1","1","1","1","MA-485-641BA33-DRUM","","","","1","1","1","PC","1","PC","0","1","","","","","1"
"5108-641AA33","1","1","1","1","MA-485-641BA33-DRUM","","","","1","1","1","PC","1","PC","0","1","","","","","1"
"5121-641AA33","1","1","1","1","MA-485-641BA33-DRUM","","","","1","1","1","PC","1","PC","0","1","","","","","1"
"5131-641AA33","1","1","1","1","MA-485-641BA33-DRUM","","","","1","1","1","PC","1","PC","0","1","","","","","1"
"5142-641AA33","1","1","1","1","MA-485-641BA33-DRUM","","","","1","1","1","PC","1","PC","0","1","","","","","1"
"5154-641AA33","1","1","1","1","MA-485-641BA33-DRUM","","","","1","1","1","PC","1","PC","0","1","","","","","1"
"B336-641AB33","1","1","1","1","MA-485-641BA33-DRUM","","","","1","1","1","PC","1","PC","0","1","","","","","1"
"352B-641AB34","1","1","1","1","MA-485-641BA34-DRUM","","","","1","1","1","PC","1","PC","0","1","","","","","1"
"474-641AC34","1","1","1","1","MA-485-641BA34-DRUM","","","","1","1","1","PC","1","PC","0","1","","","","","1"
"478-641AB34","1","1","1","1","MA-485-641BA34-DRUM","","","","1","1","1","PC","1","PC","0","1","","","","","1"
"478-641AC34","1","1","1","1","MA-485-641BA34-DRUM","","","","1","1","1","PC","1","PC","0","1","","","","","1"
"479-641AB34","1","1","1","1","MA-485-641BA34-DRUM","","","","1","1","1","PC","1","PC","0","1","","","","","1"
"479-641AC34","1","1","1","1","MA-485-641BA34-DRUM","","","","1","1","1","PC","1","PC","0","1","","","","","1"
"485-641AB34","1","1","1","1","MA-485-641BA34-DRUM","","","","1","1","1","PC","1","PC","0","1","","","","","1"
"485-641AC34","1","1","1","1","MA-485-641BA34-DRUM","","","","1","1","1","PC","1","PC","0","1","","","","","1"
"5121-641AB34","1","1","1","1","MA-485-641BA34-DRUM","","","","1","1","1","PC","1","PC","0","1","","","","","1"
"5131-641AB34","1","1","1","1","MA-485-641BA34-DRUM","","","","1","1","1","PC","1","PC","0","1","","","","","1"
"5142-641AA34","1","1","1","1","MA-485-641BA34-DRUM","","","","1","1","1","PC","1","PC","0","1","","","","","1"
"5154-641AA34","1","1","1","1","MA-485-641BA34-DRUM","","","","1","1","1","PC","1","PC","0","1","","","","","1"
"5166-641AA34","1","1","1","1","MA-485-641BA34-DRUM","","","","1","1","1","PC","1","PC","0","1","","","","","1"
"5517-641AA34","1","1","1","1","MA-485-641BA34-DRUM","","","","1","1","1","PC","1","PC","0","1","","","","","1"
"5536-641AA34","1","1","1","1","MA-485-641BA34-DRUM","","","","1","1","1","PC","1","PC","0","1","","","","","1"
"B336-641AC34","1","1","1","1","MA-485-641BA34-DRUM","","","","1","1","1","PC","1","PC","0","1","","","","","1"
"474-641AC36","1","1","1","1","MA-485-641BA36-DRUM","","","","1","1","1","PC","1","PC","0","1","","","","","1"
"478-641AB36","1","1","1","1","MA-485-641BA36-DRUM","","","","1","1","1","PC","1","PC","0","1","","","","","1"
"478-641BA36","1","1","1","1","MA-485-641BA36-DRUM","","","","1","1","1","PC","1","PC","0","1","","","","","1"
"479-641AB36","1","1","1","1","MA-485-641BA36-DRUM","","","","1","1","1","PC","1","PC","0","1","","","","","1"
"479-641BA36","1","1","1","1","MA-485-641BA36-DRUM","","","","1","1","1","PC","1","PC","0","1","","","","","1"
"485-641AB36","1","1","1","1","MA-485-641BA36-DRUM","","","","1","1","1","PC","1","PC","0","1","","","","","1"
"5121-641AB36","1","1","1","1","MA-485-641BA36-DRUM","","","","1","1","1","PC","1","PC","0","1","","","","","1"
"5131-641AB36","1","1","1","1","MA-485-641BA36-DRUM","","","","1","1","1","PC","1","PC","0","1","","","","","1"
"5142-641AA36","1","1","1","1","MA-485-641BA36-DRUM","","","","1","1","1","PC","1","PC","0","1","","","","","1"
"5154-641AA36","1","1","1","1","MA-485-641BA36-DRUM","","","","1","1","1","PC","1","PC","0","1","","","","","1"
"6105-641AA36","1","1","1","1","MA-485-641BA36-DRUM","","","","1","1","1","PC","1","PC","0","1","","","","","1"
"B311-641AA36","1","1","1","1","MA-485-641BA36-DRUM","","","","1","1","1","PC","1","PC","0","1","","","","","1"
"B336-641AB36","1","1","1","1","MA-485-641BA36-DRUM","","","","1","1","1","PC","1","PC","0","1","","","","","1"
"474-641AC38","1","1","1","1","MA-485-641BA38-DRUM","","","","1","1","1","PC","1","PC","0","1","","","","","1"
"478-641AC38","1","1","1","1","MA-485-641BA38-DRUM","","","","1","1","1","PC","1","PC","0","1","","","","","1"
"479-641AC38","1","1","1","1","MA-485-641BA38-DRUM","","","","1","1","1","PC","1","PC","0","1","","","","","1"
"485-641AC38","1","1","1","1","MA-485-641BA38-DRUM","","","","1","1","1","PC","1","PC","0","1","","","","","1"
"5108-641AB38","1","1","1","1","MA-485-641BA38-DRUM","","","","1","1","1","PC","1","PC","0","1","","","","","1"
"5121-641AB38","1","1","1","1","MA-485-641BA38-DRUM","","","","1","1","1","PC","1","PC","0","1","","","","","1"
"5131-641AB38","1","1","1","1","MA-485-641BA38-DRUM","","","","1","1","1","PC","1","PC","0","1","","","","","1"
"5141-641AA38","1","1","1","1","MA-485-641BA38-DRUM","","","","1","1","1","PC","1","PC","0","1","","","","","1"
"5142-641AA38","1","1","1","1","MA-485-641BA38-DRUM","","","","1","1","1","PC","1","PC","0","1","","","","","1"
"5142-641AB38","1","1","1","1","MA-485-641BA38-DRUM","","","","1","1","1","PC","1","PC","0","1","","","","","1"
"5154-641AA38","1","1","1","1","MA-485-641BA38-DRUM","","","","1","1","1","PC","1","PC","0","1","","","","","1"
"5517-641AA38","1","1","1","1","MA-485-641BA38-DRUM","","","","1","1","1","PC","1","PC","0","1","","","","","1"
"5534-641AA38","1","1","1","1","MA-485-641BA38-DRUM","","","","1","1","1","PC","1","PC","0","1","","","","","1"
"6105-641AA38","1","1","1","1","MA-485-641BA38-DRUM","","","","1","1","1","PC","1","PC","0","1","","","","","1"
"B336-641BA38","1","1","1","1","MA-485-641BA38-DRUM","","","","1","1","1","PC","1","PC","0","1","","","","","1"
"479-641AB40","1","1","1","1","MA-485-641BA40-DRUM","","","","1","1","1","PC","1","PC","0","1","","","","","1"
"5121-641AA40","1","1","1","1","MA-485-641BA40-DRUM","","","","1","1","1","PC","1","PC","0","1","","","","","1"
"5142-641AA40","1","1","1","1","MA-485-641BA40-DRUM","","","","1","1","1","PC","1","PC","0","1","","","","","1"
"5108-641AA42","1","1","1","1","MA-485-641BA42-DRUM","","","","1","1","1","PC","1","PC","0","1","","","","","1"
"5121-641AA42","1","1","1","1","MA-485-641BA42-DRUM","","","","1","1","1","PC","1","PC","0","1","","","","","1"
"5142-641AA42","1","1","1","1","MA-485-641BA42-DRUM","","","","1","1","1","PC","1","PC","0","1","","","","","1"
"5529-641AA42","1","1","1","1","MA-485-641BA42-DRUM","","","","1","1","1","PC","1","PC","0","1","","","","","1"
"6105-641AA42","1","1","1","1","MA-485-641BA42-DRUM","","","","1","1","1","PC","1","PC","0","1","","","","","1"
"5121-641AA48","1","1","1","1","MA-485-641BA48-DRUM","","","","1","1","1","PC","1","PC","0","1","","","","","1"
"5108-502AA30","1","1","1","1","MA-5108-502AA30","","","","1","1","1","PC","1","PC","0","1","","","","","1"
"5108-502EA30","1","1","1","1","MA-5108-502AA30","","","","1","1","1","PC","1","PC","0","1","","","","","1"
"5108-502KA30","1","1","1","1","MA-5108-502AA30","","","","1","1","1","PC","1","PC","0","1","","","","","1"
"5108-502AA33","1","1","1","1","MA-5108-502AA33","","","","1","1","1","PC","1","PC","0","1","","","","","1"
"5108-502EA33","1","1","1","1","MA-5108-502AA33","","","","1","1","1","PC","1","PC","0","1","","","","","1"
"5108-502AA38","1","1","1","1","MA-5108-502AA38","","","","1","1","1","PC","1","PC","0","1","","","","","1"
"5108-502EA38","1","1","1","1","MA-5108-502AA38","","","","1","1","1","PC","1","PC","0","1","","","","","1"
"5121-502JA48","1","1","1","1","MA-5121-502AA48","","","","1","1","1","PC","1","PC","0","1","","","","","1"
"5131-502AA36","1","1","1","1","MA-5131-502AA36","","","","1","1","1","PC","1","PC","0","1","","","","","1"
"5131-502JA36","1","1","1","1","MA-5131-502AA36","","","","1","1","1","PC","1","PC","0","1","","","","","1"
"5166-502AA34","1","1","1","1","MA-5159-502AA34","","","","1","1","1","PC","1","PC","0","1","","","","","1"
"5163-502AA33","1","1","1","1","MA-5163-502AA33","","","","1","1","1","PC","1","PC","0","1","","","","","1"
"5208-502JB34","1","1","1","1","MA-5208-502AA34","","","","1","1","1","PC","1","PC","0","1","","","","","1"
"352B-502AA30","1","1","1","1","MA-5517-502AA30","","","","1","1","1","PC","1","PC","0","1","","","","","1"
"352B-502EA30","1","1","1","1","MA-5517-502AA30","","","","1","1","1","PC","1","PC","0","1","","","","","1"
"5517-502AA30","1","1","1","1","MA-5517-502AA30","","","","1","1","1","PC","1","PC","0","1","","","","","1"
"5517-502EA30","1","1","1","1","MA-5517-502AA30","","","","1","1","1","PC","1","PC","0","1","","","","","1"
"5518-502AA30","1","1","1","1","MA-5517-502AA30","","","","1","1","1","PC","1","PC","0","1","","","","","1"
"5518-502EA30","1","1","1","1","MA-5517-502AA30","","","","1","1","1","PC","1","PC","0","1","","","","","1"
"5520-502AA30","1","1","1","1","MA-5517-502AA30","","","","1","1","1","PC","1","PC","0","1","","","","","1"
"5520-502EA30","1","1","1","1","MA-5517-502AA30","","","","1","1","1","PC","1","PC","0","1","","","","","1"
"5529-502AA30","1","1","1","1","MA-5517-502AA30","","","","1","1","1","PC","1","PC","0","1","","","","","1"
"5610-502AA30","1","1","1","1","MA-5517-502AA30","","","","1","1","1","PC","1","PC","0","1","","","","","1"
"6101-502AB30","1","1","1","1","MA-5517-502AA30","","","","1","1","1","PC","1","PC","0","1","","","","","1"
"6101-502JB30","1","1","1","1","MA-5517-502AA30","","","","1","1","1","PC","1","PC","0","1","","","","","1"
"6104-502AA30","1","1","1","1","MA-5517-502AA30","","","","1","1","1","PC","1","PC","0","1","","","","","1"
"B336-502AB30","1","1","1","1","MA-5517-502AA30","","","","1","1","1","PC","1","PC","0","1","","","","","1"
"B336-502EB30","1","1","1","1","MA-5517-502AA30","","","","1","1","1","PC","1","PC","0","1","","","","","1"
"B336-502JA30","1","1","1","1","MA-5517-502AA30","","","","1","1","1","PC","1","PC","0","1","","","","","1"
"352B-502AA33","1","1","1","1","MA-5517-502AA33","","","","1","1","1","PC","1","PC","0","1","","","","","1"
"352B-502EA33","1","1","1","1","MA-5517-502AA33","","","","1","1","1","PC","1","PC","0","1","","","","","1"
"B336-502AB33","1","1","1","1","MA-5517-502AA33","","","","1","1","1","PC","1","PC","0","1","","","","","1"
"B336-502EB33","1","1","1","1","MA-5517-502AA33","","","","1","1","1","PC","1","PC","0","1","","","","","1"
"352B-502AA34","1","1","1","1","MA-5517-502AA34","","","","1","1","1","PC","1","PC","0","1","","","","","1"
"352B-502EA34","1","1","1","1","MA-5517-502AA34","","","","1","1","1","PC","1","PC","0","1","","","","","1"
"5517-502AA34","1","1","1","1","MA-5517-502AA34","","","","1","1","1","PC","1","PC","0","1","","","","","1"
"5518-502AA34","1","1","1","1","MA-5517-502AA34","","","","1","1","1","PC","1","PC","0","1","","","","","1"
"5518-502UA34","1","1","1","1","MA-5517-502AA34","","","","1","1","1","PC","1","PC","0","1","","","","","1"
"5520-502AA34","1","1","1","1","MA-5517-502AA34","","","","1","1","1","PC","1","PC","0","1","","","","","1"
"5520-502EA34","1","1","1","1","MA-5517-502AA34","","","","1","1","1","PC","1","PC","0","1","","","","","1"
"5529-502AA34","1","1","1","1","MA-5517-502AA34","","","","1","1","1","PC","1","PC","0","1","","","","","1"
"5529-502EA34","1","1","1","1","MA-5517-502AA34","","","","1","1","1","PC","1","PC","0","1","","","","","1"
"5530-502AA34","1","1","1","1","MA-5517-502AA34","","","","1","1","1","PC","1","PC","0","1","","","","","1"
"5534-502AB38","1","1","1","1","MA-5517-502AA34","","","","1","1","1","PC","1","PC","0","1","","","","","1"
"5535-502AA48","1","1","1","1","MA-5517-502AA34","","","","1","1","1","PC","1","PC","0","1","","","","","1"
"5541-502AA38","1","1","1","1","MA-5517-502AA34","","","","1","1","1","PC","1","PC","0","1","","","","","1"
"5607-502AA34","1","1","1","1","MA-5517-502AA34","","","","1","1","1","PC","1","PC","0","1","","","","","1"
"5607-502EA34","1","1","1","1","MA-5517-502AA34","","","","1","1","1","PC","1","PC","0","1","","","","","1"
"5609-502AA34","1","1","1","1","MA-5517-502AA34","","","","1","1","1","PC","1","PC","0","1","","","","","1"
"5610-502AA34","1","1","1","1","MA-5517-502AA34","","","","1","1","1","PC","1","PC","0","1","","","","","1"
"6104-502AA34","1","1","1","1","MA-5517-502AA34","","","","1","1","1","PC","1","PC","0","1","","","","","1"
"6202-502AA34","1","1","1","1","MA-5517-502AA34","","","","1","1","1","PC","1","PC","0","1","","","","","1"
"6202-502EA34","1","1","1","1","MA-5517-502AA34","","","","1","1","1","PC","1","PC","0","1","","","","","1"
"6202-502JA34","1","1","1","1","MA-5517-502AA34","","","","1","1","1","PC","1","PC","0","1","","","","","1"
"6204-502AA34","1","1","1","1","MA-5517-502AA34","","","","1","1","1","PC","1","PC","0","1","","","","","1"
"6204-502CA34","1","1","1","1","MA-5517-502AA34","","","","1","1","1","PC","1","PC","0","1","","","","","1"
"6204-502GA34","1","1","1","1","MA-5517-502AA34","","","","1","1","1","PC","1","PC","0","1","","","","","1"
"6204-502JB34","1","1","1","1","MA-5517-502AA34","","","","1","1","1","PC","1","PC","0","1","","","","","1"
"6204-502KB34","1","1","1","1","MA-5517-502AA34","","","","1","1","1","PC","1","PC","0","1","","","","","1"
"6204-502LB34","1","1","1","1","MA-5517-502AA34","","","","1","1","1","PC","1","PC","0","1","","","","","1"
"6204-502SA34","1","1","1","1","MA-5517-502AA34","","","","1","1","1","PC","1","PC","0","1","","","","","1"
"6204-502TA34","1","1","1","1","MA-5517-502AA34","","","","1","1","1","PC","1","PC","0","1","","","","","1"
"6204-502UA34","1","1","1","1","MA-5517-502AA34","","","","1","1","1","PC","1","PC","0","1","","","","","1"
"6206-502SA34","1","1","1","1","MA-5517-502AA34","","","","1","1","1","PC","1","PC","0","1","","","","","1"
"6207-502SA34","1","1","1","1","MA-5517-502AA34","","","","1","1","1","PC","1","PC","0","1","","","","","1"
"6209-502FA34","1","1","1","1","MA-5517-502AA34","","","","1","1","1","PC","1","PC","0","1","","","","","1"
"6209-502SA34","1","1","1","1","MA-5517-502AA34","","","","1","1","1","PC","1","PC","0","1","","","","","1"
"6210-502AA34","1","1","1","1","MA-5517-502AA34","","","","1","1","1","PC","1","PC","0","1","","","","","1"
"6210-502EA34","1","1","1","1","MA-5517-502AA34","","","","1","1","1","PC","1","PC","0","1","","","","","1"
"6211-502AA34","1","1","1","1","MA-5517-502AA34","","","","1","1","1","PC","1","PC","0","1","","","","","1"
"6211-502BA34","1","1","1","1","MA-5517-502AA34","","","","1","1","1","PC","1","PC","0","1","","","","","1"
"B336-502AA34","1","1","1","1","MA-5517-502AA34","","","","1","1","1","PC","1","PC","0","1","","","","","1"
"B336-502EA34","1","1","1","1","MA-5517-502AA34","","","","1","1","1","PC","1","PC","0","1","","","","","1"
"EST-11155-502AA34","1","1","1","1","MA-5517-502AA34","","","","1","1","1","PC","1","PC","0","1","","","","","1"
"352B-502AA38","1","1","1","1","MA-5517-502AA38","","","","1","1","1","PC","1","PC","0","1","","","","","1"
"352B-502EA38","1","1","1","1","MA-5517-502AA38","","","","1","1","1","PC","1","PC","0","1","","","","","1"
"5517-502AA38","1","1","1","1","MA-5517-502AA38","","","","1","1","1","PC","1","PC","0","1","","","","","1"
"5517-502EA38","1","1","1","1","MA-5517-502AA38","","","","1","1","1","PC","1","PC","0","1","","","","","1"
"5520-502AA38","1","1","1","1","MA-5517-502AA38","","","","1","1","1","PC","1","PC","0","1","","","","","1"
"5520-502EA38","1","1","1","1","MA-5517-502AA38","","","","1","1","1","PC","1","PC","0","1","","","","","1"
"5529-502AA38","1","1","1","1","MA-5517-502AA38","","","","1","1","1","PC","1","PC","0","1","","","","","1"
"5529-502EA38","1","1","1","1","MA-5517-502AA38","","","","1","1","1","PC","1","PC","0","1","","","","","1"
"5530-502AA38","1","1","1","1","MA-5517-502AA38","","","","1","1","1","PC","1","PC","0","1","","","","","1"
"6213-502AA38","1","1","1","1","MA-5517-502AA38","","","","1","1","1","PC","1","PC","0","1","","","","","1"
"B336-502AA38","1","1","1","1","MA-5517-502AA38","","","","1","1","1","PC","1","PC","0","1","","","","","1"
"B336-502EA38","1","1","1","1","MA-5517-502AA38","","","","1","1","1","PC","1","PC","0","1","","","","","1"
"B336-502JA38","1","1","1","1","MA-5517-502AA38","","","","1","1","1","PC","1","PC","0","1","","","","","1"
"560-601AA26","1","1","1","1","MA-560-601AA26","","","","1","1","1","PC","1","PC","0","1","","","","","1"
"560-60826","1","1","1","1","MA-560-60826","","","","1","1","1","PC","1","PC","0","1","","","","","1"
"3114-6301AB26","1","1","1","1","MA-560-66626-DRUM","","","","1","1","1","PC","1","PC","0","1","","","","","1"
"3501-63001BA26","1","1","1","1","MA-560-66626-DRUM","","","","1","1","1","PC","1","PC","0","1","","","","","1"
"3502-666CA26","1","1","1","1","MA-560-66626-DRUM","","","","1","1","1","PC","1","PC","0","1","","","","","1"
"4104-666BA26","1","1","1","1","MA-560-66626-DRUM","","","","1","1","1","PC","1","PC","0","1","","","","","1"
"560-66626","1","1","1","1","MA-560-66626-DRUM","","","","1","1","1","PC","1","PC","0","1","","","","","1"
"631-666B26","1","1","1","1","MA-560-66626-DRUM","","","","1","1","1","PC","1","PC","0","1","","","","","1"
"748-666AA26","1","1","1","1","MA-560-66626-DRUM","","","","1","1","1","PC","1","PC","0","1","","","","","1"
"972-666AB26","1","1","1","1","MA-560-66626-DRUM","","","","1","1","1","PC","1","PC","0","1","","","","","1"
"5121-502AA30","1","1","1","1","MA-57-50230","","","","1","1","1","PC","1","PC","0","1","","","","","1"
"5121-502EA30","1","1","1","1","MA-57-50230","","","","1","1","1","PC","1","PC","0","1","","","","","1"
"5121-502AA34","1","1","1","1","MA-57-50234","","","","1","1","1","PC","1","PC","0","1","","","","","1"
"5121-502AA36","1","1","1","1","MA-57-50236","","","","1","1","1","PC","1","PC","0","1","","","","","1"
"5121-502EA36","1","1","1","1","MA-57-50236","","","","1","1","1","PC","1","PC","0","1","","","","","1"
"5121-502AA38","1","1","1","1","MA-57-50238","","","","1","1","1","PC","1","PC","0","1","","","","","1"
"5121-502EA38","1","1","1","1","MA-57-50238","","","","1","1","1","PC","1","PC","0","1","","","","","1"
"5121-502AA40","1","1","1","1","MA-57-50240","","","","1","1","1","PC","1","PC","0","1","","","","","1"
"5121-502EA40","1","1","1","1","MA-57-50240","","","","1","1","1","PC","1","PC","0","1","","","","","1"
"5121-502AA42","1","1","1","1","MA-57-50242","","","","1","1","1","PC","1","PC","0","1","","","","","1"
"5121-502EA42","1","1","1","1","MA-57-50242","","","","1","1","1","PC","1","PC","0","1","","","","","1"
"5121-641AB30","1","1","1","1","MA-57-64130-DRUM","","","","1","1","1","PC","1","PC","0","1","","","","","1"
"582-502JB12","1","1","1","1","MA-582-502AA12","","","","1","1","1","PC","1","PC","0","1","","","","","1"
"3114-5102JA26","1","1","1","1","MA-582-502AA26","","","","1","1","1","PC","1","PC","0","1","","","","","1"
"582-502AB26","1","1","1","1","MA-582-502AA26","","","","1","1","1","PC","1","PC","0","1","","","","","1"
"582-502JB26","1","1","1","1","MA-582-502AA26","","","","1","1","1","PC","1","PC","0","1","","","","","1"
"608-502JA26","1","1","1","1","MA-582-502AA26","","","","1","1","1","PC","1","PC","0","1","","","","","1"
"943-502AA26","1","1","1","1","MA-582-502AA26","","","","1","1","1","PC","1","PC","0","1","","","","","1"
"971-502AC26","1","1","1","1","MA-582-502AA26","","","","1","1","1","PC","1","PC","0","1","","","","","1"
"971-502EB26","1","1","1","1","MA-582-502AA26","","","","1","1","1","PC","1","PC","0","1","","","","","1"
"971-502JA26","1","1","1","1","MA-582-502AA26","","","","1","1","1","PC","1","PC","0","1","","","","","1"
"976-502JA26","1","1","1","1","MA-582-502AA26","","","","1","1","1","PC","1","PC","0","1","","","","","1"
"3147-502EA30","1","1","1","1","MA-582-502AA30","","","","1","1","1","PC","1","PC","0","1","","","","","1"
"3147-502JA30","1","1","1","1","MA-582-502AA30","","","","1","1","1","PC","1","PC","0","1","","","","","1"
"3147-502KA30","1","1","1","1","MA-582-502AA30","","","","1","1","1","PC","1","PC","0","1","","","","","1"
"582-502AB30","1","1","1","1","MA-582-502AA30","","","","1","1","1","PC","1","PC","0","1","","","","","1"
"582-502JB30","1","1","1","1","MA-582-502AA30","","","","1","1","1","PC","1","PC","0","1","","","","","1"
"608-502FA30","1","1","1","1","MA-582-502AA30","","","","1","1","1","PC","1","PC","0","1","","","","","1"
"943-502AA30","1","1","1","1","MA-582-502AA30","","","","1","1","1","PC","1","PC","0","1","","","","","1"
"943-502JA30","1","1","1","1","MA-582-502AA30","","","","1","1","1","PC","1","PC","0","1","","","","","1"
"971-502AC30","1","1","1","1","MA-582-502AA30","","","","1","1","1","PC","1","PC","0","1","","","","","1"
"971-502EB30","1","1","1","1","MA-582-502AA30","","","","1","1","1","PC","1","PC","0","1","","","","","1"
"971-502JA30","1","1","1","1","MA-582-502AA30","","","","1","1","1","PC","1","PC","0","1","","","","","1"
"TS-4333HA","1","1","1","1","MA-582-502AA30","","","","1","1","1","PC","1","PC","0","1","","","","","1"
"TS-4376HA","1","1","1","1","MA-582-502AA30","","","","1","1","1","PC","1","PC","0","1","","","","","1"
"3147-502AA34","1","1","1","1","MA-582-502AA34","","","","1","1","1","PC","1","PC","0","1","","","","","1"
"3147-502JA34","1","1","1","1","MA-582-502AA34","","","","1","1","1","PC","1","PC","0","1","","","","","1"
"3147-502KB34","1","1","1","1","MA-582-502AA34","","","","1","1","1","PC","1","PC","0","1","","","","","1"
"3147-502LA34","1","1","1","1","MA-582-502AA34","","","","1","1","1","PC","1","PC","0","1","","","","","1"
"582-502AB34","1","1","1","1","MA-582-502AA34","","","","1","1","1","PC","1","PC","0","1","","","","","1"
"608-502FA34","1","1","1","1","MA-582-502AA34","","","","1","1","1","PC","1","PC","0","1","","","","","1"
"945-502JA34","1","1","1","1","MA-582-502AA34","","","","1","1","1","PC","1","PC","0","1","","","","","1"
"971-502AC34","1","1","1","1","MA-582-502AA34","","","","1","1","1","PC","1","PC","0","1","","","","","1"
"971-502EB34","1","1","1","1","MA-582-502AA34","","","","1","1","1","PC","1","PC","0","1","","","","","1"
"971-502JA34","1","1","1","1","MA-582-502AA34","","","","1","1","1","PC","1","PC","0","1","","","","","1"
"976-502JA34","1","1","1","1","MA-582-502AA34","","","","1","1","1","PC","1","PC","0","1","","","","","1"
"5145-502AA08","1","1","1","1","MA-59-502B08","","","","1","1","1","PC","1","PC","0","1","","","","","1"
"5145-502EA08","1","1","1","1","MA-59-502B08","","","","1","1","1","PC","1","PC","0","1","","","","","1"
"5145-502JA08","1","1","1","1","MA-59-502B08","","","","1","1","1","PC","1","PC","0","1","","","","","1"
"5145-502EA10","1","1","1","1","MA-59-502B10","","","","1","1","1","PC","1","PC","0","1","","","","","1"
"5145-502JA10","1","1","1","1","MA-59-502B10","","","","1","1","1","PC","1","PC","0","1","","","","","1"
"5145-502AA11","1","1","1","1","MA-59-502B11","","","","1","1","1","PC","1","PC","0","1","","","","","1"
"5145-502EA11","1","1","1","1","MA-59-502B11","","","","1","1","1","PC","1","PC","0","1","","","","","1"
"5145-502JA11","1","1","1","1","MA-59-502B11","","","","1","1","1","PC","1","PC","0","1","","","","","1"
"5145-502AA12","1","1","1","1","MA-59-502B12","","","","1","1","1","PC","1","PC","0","1","","","","","1"
"5145-502EA12","1","1","1","1","MA-59-502B12","","","","1","1","1","PC","1","PC","0","1","","","","","1"
"5145-502JA12","1","1","1","1","MA-59-502B12","","","","1","1","1","PC","1","PC","0","1","","","","","1"
"5145-502EA13","1","1","1","1","MA-59-502B13","","","","1","1","1","PC","1","PC","0","1","","","","","1"
"5145-502JA13","1","1","1","1","MA-59-502B13","","","","1","1","1","PC","1","PC","0","1","","","","","1"
"5145-502AA14","1","1","1","1","MA-59-502B14","","","","1","1","1","PC","1","PC","0","1","","","","","1"
"5145-502EA14","1","1","1","1","MA-59-502B14","","","","1","1","1","PC","1","PC","0","1","","","","","1"
"5145-502JA14","1","1","1","1","MA-59-502B14","","","","1","1","1","PC","1","PC","0","1","","","","","1"
"5143-502EA15","1","1","1","1","MA-59-502B15","","","","1","1","1","PC","1","PC","0","1","","","","","1"
"5143-502JA15","1","1","1","1","MA-59-502B15","","","","1","1","1","PC","1","PC","0","1","","","","","1"
"5145-502AA15","1","1","1","1","MA-59-502B15","","","","1","1","1","PC","1","PC","0","1","","","","","1"
"5145-502EA15","1","1","1","1","MA-59-502B15","","","","1","1","1","PC","1","PC","0","1","","","","","1"
"5145-502JA15","1","1","1","1","MA-59-502B15","","","","1","1","1","PC","1","PC","0","1","","","","","1"
"5206-502JA15","1","1","1","1","MA-59-502B15","","","","1","1","1","PC","1","PC","0","1","","","","","1"
"201-502BA16","1","1","1","1","MA-59-502B16","","","","1","1","1","PC","1","PC","0","1","","","","","1"
"5145-502AA16","1","1","1","1","MA-59-502B16","","","","1","1","1","PC","1","PC","0","1","","","","","1"
"5145-502EA16","1","1","1","1","MA-59-502B16","","","","1","1","1","PC","1","PC","0","1","","","","","1"
"5145-502JA16","1","1","1","1","MA-59-502B16","","","","1","1","1","PC","1","PC","0","1","","","","","1"
"5206-502JA16","1","1","1","1","MA-59-502B16","","","","1","1","1","PC","1","PC","0","1","","","","","1"
"5143-502AA17","1","1","1","1","MA-59-502B17","","","","1","1","1","PC","1","PC","0","1","","","","","1"
"5143-502EA17","1","1","1","1","MA-59-502B17","","","","1","1","1","PC","1","PC","0","1","","","","","1"
"5143-502JA17","1","1","1","1","MA-59-502B17","","","","1","1","1","PC","1","PC","0","1","","","","","1"
"5145-502AA17","1","1","1","1","MA-59-502B17","","","","1","1","1","PC","1","PC","0","1","","","","","1"
"5145-502EA17","1","1","1","1","MA-59-502B17","","","","1","1","1","PC","1","PC","0","1","","","","","1"
"5145-502JA17","1","1","1","1","MA-59-502B17","","","","1","1","1","PC","1","PC","0","1","","","","","1"
"5158-502JA17","1","1","1","1","MA-59-502B17","","","","1","1","1","PC","1","PC","0","1","","","","","1"
"5206-502JA17","1","1","1","1","MA-59-502B17","","","","1","1","1","PC","1","PC","0","1","","","","","1"
"5143-502AA18","1","1","1","1","MA-59-502B18","","","","1","1","1","PC","1","PC","0","1","","","","","1"
"5143-502AB18","1","1","1","1","MA-59-502B18","","","","1","1","1","PC","1","PC","0","1","","","","","1"
"5143-502EA18","1","1","1","1","MA-59-502B18","","","","1","1","1","PC","1","PC","0","1","","","","","1"
"5143-502EB18","1","1","1","1","MA-59-502B18","","","","1","1","1","PC","1","PC","0","1","","","","","1"
"5143-502JA18","1","1","1","1","MA-59-502B18","","","","1","1","1","PC","1","PC","0","1","","","","","1"
"5145-502AA18","1","1","1","1","MA-59-502B18","","","","1","1","1","PC","1","PC","0","1","","","","","1"
"5145-502EA18","1","1","1","1","MA-59-502B18","","","","1","1","1","PC","1","PC","0","1","","","","","1"
"5145-502JA18","1","1","1","1","MA-59-502B18","","","","1","1","1","PC","1","PC","0","1","","","","","1"
"TS-4974AA18","1","1","1","1","MA-59-502B18","","","","1","1","1","PC","1","PC","0","1","","","","","1"
"5143-502AA19","1","1","1","1","MA-59-502B19","","","","1","1","1","PC","1","PC","0","1","","","","","1"
"5143-502EA19","1","1","1","1","MA-59-502B19","","","","1","1","1","PC","1","PC","0","1","","","","","1"
"5143-502JA19","1","1","1","1","MA-59-502B19","","","","1","1","1","PC","1","PC","0","1","","","","","1"
"5145-502AA19","1","1","1","1","MA-59-502B19","","","","1","1","1","PC","1","PC","0","1","","","","","1"
"5145-502EA19","1","1","1","1","MA-59-502B19","","","","1","1","1","PC","1","PC","0","1","","","","","1"
"5145-502JA19","1","1","1","1","MA-59-502B19","","","","1","1","1","PC","1","PC","0","1","","","","","1"
"5143-502AA20","1","1","1","1","MA-59-502B20","","","","1","1","1","PC","1","PC","0","1","","","","","1"
"5143-502EA20","1","1","1","1","MA-59-502B20","","","","1","1","1","PC","1","PC","0","1","","","","","1"
"5143-502JA20","1","1","1","1","MA-59-502B20","","","","1","1","1","PC","1","PC","0","1","","","","","1"
"5145-502AA20","1","1","1","1","MA-59-502B20","","","","1","1","1","PC","1","PC","0","1","","","","","1"
"5145-502EA20","1","1","1","1","MA-59-502B20","","","","1","1","1","PC","1","PC","0","1","","","","","1"
"5145-502JA20","1","1","1","1","MA-59-502B20","","","","1","1","1","PC","1","PC","0","1","","","","","1"
"5145-502AA22","1","1","1","1","MA-59-502B22","","","","1","1","1","PC","1","PC","0","1","","","","","1"
"5145-502EA22","1","1","1","1","MA-59-502B22","","","","1","1","1","PC","1","PC","0","1","","","","","1"
"5145-502JA22","1","1","1","1","MA-59-502B22","","","","1","1","1","PC","1","PC","0","1","","","","","1"
"5143-502AA24","1","1","1","1","MA-59-502B24","","","","1","1","1","PC","1","PC","0","1","","","","","1"
"5143-502EA24","1","1","1","1","MA-59-502B24","","","","1","1","1","PC","1","PC","0","1","","","","","1"
"5143-502JA24","1","1","1","1","MA-59-502B24","","","","1","1","1","PC","1","PC","0","1","","","","","1"
"5145-502AA24","1","1","1","1","MA-59-502B24","","","","1","1","1","PC","1","PC","0","1","","","","","1"
"5145-502EA24","1","1","1","1","MA-59-502B24","","","","1","1","1","PC","1","PC","0","1","","","","","1"
"5145-502JA24","1","1","1","1","MA-59-502B24","","","","1","1","1","PC","1","PC","0","1","","","","","1"
"5145-502AA26","1","1","1","1","MA-59-502B26","","","","1","1","1","PC","1","PC","0","1","","","","","1"
"5145-502EA26","1","1","1","1","MA-59-502B26","","","","1","1","1","PC","1","PC","0","1","","","","","1"
"5145-502JA26","1","1","1","1","MA-59-502B26","","","","1","1","1","PC","1","PC","0","1","","","","","1"
"3221-502AA26","1","1","1","1","MA-600-502AA26","","","","1","1","1","PC","1","PC","0","1","","","","","1"
"3221-502EA26","1","1","1","1","MA-600-502AA26","","","","1","1","1","PC","1","PC","0","1","","","","","1"
"3221-502JA26","1","1","1","1","MA-600-502AA26","","","","1","1","1","PC","1","PC","0","1","","","","","1"
"3225-502EA26","1","1","1","1","MA-600-502AA26","","","","1","1","1","PC","1","PC","0","1","","","","","1"
"3225-502JA26","1","1","1","1","MA-600-502AA26","","","","1","1","1","PC","1","PC","0","1","","","","","1"
"3226-502JA26","1","1","1","1","MA-600-502AA26","","","","1","1","1","PC","1","PC","0","1","","","","","1"
"3228-502JA26","1","1","1","1","MA-600-502AA26","","","","1","1","1","PC","1","PC","0","1","","","","","1"
"600-502AD26","1","1","1","1","MA-600-502AA26","","","","1","1","1","PC","1","PC","0","1","","","","","1"
"600-502EA26","1","1","1","1","MA-600-502AA26","","","","1","1","1","PC","1","PC","0","1","","","","","1"
"600-502MA26","1","1","1","1","MA-600-502AA26","","","","1","1","1","PC","1","PC","0","1","","","","","1"
"610-502AA26","1","1","1","1","MA-600-502AA26","","","","1","1","1","PC","1","PC","0","1","","","","","1"
"610-502JA26","1","1","1","1","MA-600-502AA26","","","","1","1","1","PC","1","PC","0","1","","","","","1"
"3922-502JC30","1","1","1","1","MA-600-502AA30","","","","1","1","1","PC","1","PC","0","1","","","","","1"
"3236-502JA26","1","1","1","1","MA-600-502AA30","","","","1","1","1","PC","1","PC","0","1","","","","","1"
"3222-502AA30","1","1","1","1","MA-600-502AA30","","","","1","1","1","PC","1","PC","0","1","","","","","1"
"3222-502JA30","1","1","1","1","MA-600-502AA30","","","","1","1","1","PC","1","PC","0","1","","","","","1"
"3225-502EA30","1","1","1","1","MA-600-502AA30","","","","1","1","1","PC","1","PC","0","1","","","","","1"
"3225-502JA30","1","1","1","1","MA-600-502AA30","","","","1","1","1","PC","1","PC","0","1","","","","","1"
"3225-502KA30","1","1","1","1","MA-600-502AA30","","","","1","1","1","PC","1","PC","0","1","","","","","1"
"3226-502EA30","1","1","1","1","MA-600-502AA30","","","","1","1","1","PC","1","PC","0","1","","","","","1"
"3226-502JA30","1","1","1","1","MA-600-502AA30","","","","1","1","1","PC","1","PC","0","1","","","","","1"
"3226-502KA30","1","1","1","1","MA-600-502AA30","","","","1","1","1","PC","1","PC","0","1","","","","","1"
"3236-502EA30","1","1","1","1","MA-600-502AA30","","","","1","1","1","PC","1","PC","0","1","","","","","1"
"3236-502JA30","1","1","1","1","MA-600-502AA30","","","","1","1","1","PC","1","PC","0","1","","","","","1"
"3236-502KA30","1","1","1","1","MA-600-502AA30","","","","1","1","1","PC","1","PC","0","1","","","","","1"
"4412-502AA30","1","1","1","1","MA-600-502AA30","","","","1","1","1","PC","1","PC","0","1","","","","","1"
"4412-502JA30","1","1","1","1","MA-600-502AA30","","","","1","1","1","PC","1","PC","0","1","","","","","1"
"600-502AD30","1","1","1","1","MA-600-502AA30","","","","1","1","1","PC","1","PC","0","1","","","","","1"
"600-502EA30","1","1","1","1","MA-600-502AA30","","","","1","1","1","PC","1","PC","0","1","","","","","1"
"600-502LA30","1","1","1","1","MA-600-502AA30","","","","1","1","1","PC","1","PC","0","1","","","","","1"
"600-502MA30","1","1","1","1","MA-600-502AA30","","","","1","1","1","PC","1","PC","0","1","","","","","1"
"610-502AA30","1","1","1","1","MA-600-502AA30","","","","1","1","1","PC","1","PC","0","1","","","","","1"
"610-502JA30","1","1","1","1","MA-600-502AA30","","","","1","1","1","PC","1","PC","0","1","","","","","1"
"886-502AA30","1","1","1","1","MA-600-502AA30","","","","1","1","1","PC","1","PC","0","1","","","","","1"
"886-502EA30","1","1","1","1","MA-600-502AA30","","","","1","1","1","PC","1","PC","0","1","","","","","1"
"886-502JA30","1","1","1","1","MA-600-502AA30","","","","1","1","1","PC","1","PC","0","1","","","","","1"
"886-502KA30","1","1","1","1","MA-600-502AA30","","","","1","1","1","PC","1","PC","0","1","","","","","1"
"3222-502AA32","1","1","1","1","MA-600-502AA32","","","","1","1","1","PC","1","PC","0","1","","","","","1"
"3222-502JA32","1","1","1","1","MA-600-502AA32","","","","1","1","1","PC","1","PC","0","1","","","","","1"
"3225-502JA32","1","1","1","1","MA-600-502AA32","","","","1","1","1","PC","1","PC","0","1","","","","","1"
"3226-502JA32","1","1","1","1","MA-600-502AA32","","","","1","1","1","PC","1","PC","0","1","","","","","1"
"886-502AA32","1","1","1","1","MA-600-502AA32","","","","1","1","1","PC","1","PC","0","1","","","","","1"
"886-502JA32","1","1","1","1","MA-600-502AA32","","","","1","1","1","PC","1","PC","0","1","","","","","1"
"3239-502AA32","1","1","1","1","MA-600-502AA34","","","","1","1","1","PC","1","PC","0","1","","","","","1"
"4109-502JA32","1","1","1","1","MA-600-502AA34","","","","1","1","1","PC","1","PC","0","1","","","","","1"
"3157-502AA34","1","1","1","1","MA-600-502AA34","","","","1","1","1","PC","1","PC","0","1","","","","","1"
"3238-502AA36","1","1","1","1","MA-600-502AA34","","","","1","1","1","PC","1","PC","0","1","","","","","1"
"3239-502AA34","1","1","1","1","MA-600-502AA34","","","","1","1","1","PC","1","PC","0","1","","","","","1"
"3239-502AA36","1","1","1","1","MA-600-502AA34","","","","1","1","1","PC","1","PC","0","1","","","","","1"
"3239-502EA34","1","1","1","1","MA-600-502AA34","","","","1","1","1","PC","1","PC","0","1","","","","","1"
"3240-502AA34","1","1","1","1","MA-600-502AA34","","","","1","1","1","PC","1","PC","0","1","","","","","1"
"3241-502AA34","1","1","1","1","MA-600-502AA34","","","","1","1","1","PC","1","PC","0","1","","","","","1"
"3246-502AA34","1","1","1","1","MA-600-502AA34","","","","1","1","1","PC","1","PC","0","1","","","","","1"
"4007-502JA34","1","1","1","1","MA-600-502AA34","","","","1","1","1","PC","1","PC","0","1","","","","","1"
"4109-502JA34","1","1","1","1","MA-600-502AA34","","","","1","1","1","PC","1","PC","0","1","","","","","1"
"4109-502ZA34","1","1","1","1","MA-600-502AA34","","","","1","1","1","PC","1","PC","0","1","","","","","1"
"4113-502JA34","1","1","1","1","MA-600-502AA34","","","","1","1","1","PC","1","PC","0","1","","","","","1"
"3236-502JA32","1","1","1","1","MA-600-502AA34","","","","1","1","1","PC","1","PC","0","1","","","","","1"
"3226-502JA34","1","1","1","1","MA-600-502AA34","","","","1","1","1","PC","1","PC","0","1","","","","","1"
"3226-502KA34","1","1","1","1","MA-600-502AA34","","","","1","1","1","PC","1","PC","0","1","","","","","1"
"3236-502JA34","1","1","1","1","MA-600-502AA34","","","","1","1","1","PC","1","PC","0","1","","","","","1"
"3236-502KA34","1","1","1","1","MA-600-502AA34","","","","1","1","1","PC","1","PC","0","1","","","","","1"
"4412-502JA34","1","1","1","1","MA-600-502AA34","","","","1","1","1","PC","1","PC","0","1","","","","","1"
"600-502AD34","1","1","1","1","MA-600-502AA34","","","","1","1","1","PC","1","PC","0","1","","","","","1"
"600-502EA34","1","1","1","1","MA-600-502AA34","","","","1","1","1","PC","1","PC","0","1","","","","","1"
"610-502AA34","1","1","1","1","MA-600-502AA34","","","","1","1","1","PC","1","PC","0","1","","","","","1"
"610-502JA34","1","1","1","1","MA-600-502AA34","","","","1","1","1","PC","1","PC","0","1","","","","","1"
"886-502AA34","1","1","1","1","MA-600-502AA34","","","","1","1","1","PC","1","PC","0","1","","","","","1"
"886-502EA34","1","1","1","1","MA-600-502AA34","","","","1","1","1","PC","1","PC","0","1","","","","","1"
"886-502JA34","1","1","1","1","MA-600-502AA34","","","","1","1","1","PC","1","PC","0","1","","","","","1"
"3153-608AA36-1","1","1","1","1","MA-603-608AA36-DRUM","","","","1","1","1","PC","1","PC","0","1","","","","","1"
"3144-608AA36","1","1","1","1","MA-603-608AA36-DRUM","","","","1","1","1","PC","1","PC","0","1","","","","","1"
"3151-608AA36","1","1","1","1","MA-603-608AA36-DRUM","","","","1","1","1","PC","1","PC","0","1","","","","","1"
"3153-608AA36","1","1","1","1","MA-603-608AA36-DRUM","","","","1","1","1","PC","1","PC","0","1","","","","","1"
"523-608AA36","1","1","1","1","MA-603-608AA36-DRUM","","","","1","1","1","PC","1","PC","0","1","","","","","1"
"613-60130","1","1","1","1","MA-625-60130","","","","1","1","1","PC","1","PC","0","1","","","","","1"
"3221-651AA26","1","1","1","1","MA-625-65126-DRUM","","","","1","1","1","PC","1","PC","0","1","","","","","1"
"3225-651AA26","1","1","1","1","MA-625-65126-DRUM","","","","1","1","1","PC","1","PC","0","1","","","","","1"
"3226-651AA26","1","1","1","1","MA-625-65126-DRUM","","","","1","1","1","PC","1","PC","0","1","","","","","1"
"3228-651AA26","1","1","1","1","MA-625-65126-DRUM","","","","1","1","1","PC","1","PC","0","1","","","","","1"
"3236-651AA26","1","1","1","1","MA-625-65126-DRUM","","","","1","1","1","PC","1","PC","0","1","","","","","1"
"3236-651AB26","1","1","1","1","MA-625-65126-DRUM","","","","1","1","1","PC","1","PC","0","1","","","","","1"
"3237-651AA26","1","1","1","1","MA-625-65126-DRUM","","","","1","1","1","PC","1","PC","0","1","","","","","1"
"3237-651AC26","1","1","1","1","MA-625-65126-DRUM","","","","1","1","1","PC","1","PC","0","1","","","","","1"
"3238-651AC26","1","1","1","1","MA-625-65126-DRUM","","","","1","1","1","PC","1","PC","0","1","","","","","1"
"3240-651AC26","1","1","1","1","MA-625-65126-DRUM","","","","1","1","1","PC","1","PC","0","1","","","","","1"
"4501-651AA26","1","1","1","1","MA-625-65126-DRUM","","","","1","1","1","PC","1","PC","0","1","","","","","1"
"623-651B26","1","1","1","1","MA-625-65126-DRUM","","","","1","1","1","PC","1","PC","0","1","","","","","1"
"3226-651AA34","1","1","1","1","MA-625-65134-DRUM","","","","1","1","1","PC","1","PC","0","1","","","","","1"
"3236-651AA34","1","1","1","1","MA-625-65134-DRUM","","","","1","1","1","PC","1","PC","0","1","","","","","1"
"3237-651AC34","1","1","1","1","MA-625-65134-DRUM","","","","1","1","1","PC","1","PC","0","1","","","","","1"
"3238-651AC34","1","1","1","1","MA-625-65134-DRUM","","","","1","1","1","PC","1","PC","0","1","","","","","1"
"3239-651AC34","1","1","1","1","MA-625-65134-DRUM","","","","1","1","1","PC","1","PC","0","1","","","","","1"
"3240-651AC34","1","1","1","1","MA-625-65134-DRUM","","","","1","1","1","PC","1","PC","0","1","","","","","1"
"3241-651AA34","1","1","1","1","MA-625-65134-DRUM","","","","1","1","1","PC","1","PC","0","1","","","","","1"
"3246-651AA34","1","1","1","1","MA-625-65134-DRUM","","","","1","1","1","PC","1","PC","0","1","","","","","1"
"4206-651AA34","1","1","1","1","MA-625-65134-DRUM","","","","1","1","1","PC","1","PC","0","1","","","","","1"
"880-651BA34","1","1","1","1","MA-625-65134-DRUM","","","","1","1","1","PC","1","PC","0","1","","","","","1"
"3225-651AA36","1","1","1","1","MA-625-65136-DRUM","","","","1","1","1","PC","1","PC","0","1","","","","","1"
"3236-651AA36","1","1","1","1","MA-625-65136-DRUM","","","","1","1","1","PC","1","PC","0","1","","","","","1"
"3238-651AA36","1","1","1","1","MA-625-65136-DRUM","","","","1","1","1","PC","1","PC","0","1","","","","","1"
"3239-651AA36","1","1","1","1","MA-625-65136-DRUM","","","","1","1","1","PC","1","PC","0","1","","","","","1"
"880-651BA36","1","1","1","1","MA-625-65136-DRUM","","","","1","1","1","PC","1","PC","0","1","","","","","1"
"888-651AA36","1","1","1","1","MA-625-65136-DRUM","","","","1","1","1","PC","1","PC","0","1","","","","","1"
"748-608AA20","1","1","1","1","MA-631-60820","","","","1","1","1","PC","1","PC","0","1","","","","","1"
"3114-6601AA26","1","1","1","1","MA-560-60826","","","","1","1","1","PC","1","PC","0","1","","","","","1"
"3139-608AA26","1","1","1","1","MA-560-60826","","","","1","1","1","PC","1","PC","0","1","","","","","1"
"4104-608AA26","1","1","1","1","MA-560-60826","","","","1","1","1","PC","1","PC","0","1","","","","","1"
"631-60826","1","1","1","1","MA-560-60826","","","","1","1","1","PC","1","PC","0","1","","","","","1"
"748-608AA26","1","1","1","1","MA-560-60826","","","","1","1","1","PC","1","PC","0","1","","","","","1"
"631-60828","1","1","1","1","MA-973-608AA28-DRUM","","","","1","1","1","PC","1","PC","0","1","","","","","1"
"633-431BA30","1","1","1","1","MA-633-431AA30","","","","1","1","1","PC","1","PC","0","1","","","","","1"
"670-502AA26","1","1","1","1","MA-670-502AA26","","","","1","1","1","PC","1","PC","0","1","","","","","1"
"600-60130","1","1","1","1","MA-720-60130","","","","1","1","1","PC","1","PC","0","1","","","","","1"
"600-601EA30","1","1","1","1","MA-720-60130","","","","1","1","1","PC","1","PC","0","1","","","","","1"
"4307-652AA14","1","1","1","1","MA-720-65214-DRUM","","","","1","1","1","PC","1","PC","0","1","","","","","1"
"600-652AA14","1","1","1","1","MA-720-65214-DRUM","","","","1","1","1","PC","1","PC","0","1","","","","","1"
"3154-652AA17","1","1","1","1","MA-720-65217-DRUM","","","","1","1","1","PC","1","PC","0","1","","","","","1"
"4307-652AA24","1","1","1","1","MA-720-65224-DRUM","","","","1","1","1","PC","1","PC","0","1","","","","","1"
"523-652AB24","1","1","1","1","MA-720-65224-DRUM","","","","1","1","1","PC","1","PC","0","1","","","","","1"
"600-652AA24","1","1","1","1","MA-720-65224-DRUM","","","","1","1","1","PC","1","PC","0","1","","","","","1"
"971-652AD24","1","1","1","1","MA-720-65224-DRUM","","","","1","1","1","PC","1","PC","0","1","","","","","1"
"3139-652AC26","1","1","1","1","MA-720-65226-DRUM","","","","1","1","1","PC","1","PC","0","1","","","","","1"
"3144-652AA26","1","1","1","1","MA-720-65226-DRUM","","","","1","1","1","PC","1","PC","0","1","","","","","1"
"3145-652AA26","1","1","1","1","MA-720-65226-DRUM","","","","1","1","1","PC","1","PC","0","1","","","","","1"
"3151-652AA26","1","1","1","1","MA-720-65226-DRUM","","","","1","1","1","PC","1","PC","0","1","","","","","1"
"3153-652AB26","1","1","1","1","MA-720-65226-DRUM","","","","1","1","1","PC","1","PC","0","1","","","","","1"
"3154-652AA26","1","1","1","1","MA-720-65226-DRUM","","","","1","1","1","PC","1","PC","0","1","","","","","1"
"3323-652AA26","1","1","1","1","MA-720-65226-DRUM","","","","1","1","1","PC","1","PC","0","1","","","","","1"
"4109-652AA26","1","1","1","1","MA-720-65226-DRUM","","","","1","1","1","PC","1","PC","0","1","","","","","1"
"522-652AB26","1","1","1","1","MA-720-65226-DRUM","","","","1","1","1","PC","1","PC","0","1","","","","","1"
"523-652AB26","1","1","1","1","MA-720-65226-DRUM","","","","1","1","1","PC","1","PC","0","1","","","","","1"
"580-652AA26","1","1","1","1","MA-720-65226-DRUM","","","","1","1","1","PC","1","PC","0","1","","","","","1"
"600-652AA26","1","1","1","1","MA-720-65226-DRUM","","","","1","1","1","PC","1","PC","0","1","","","","","1"
"608-652AA26","1","1","1","1","MA-720-65226-DRUM","","","","1","1","1","PC","1","PC","0","1","","","","","1"
"610-652AA26","1","1","1","1","MA-720-65226-DRUM","","","","1","1","1","PC","1","PC","0","1","","","","","1"
"671-65226","1","1","1","1","MA-720-65226-DRUM","","","","1","1","1","PC","1","PC","0","1","","","","","1"
"810-652B26","1","1","1","1","MA-720-65226-DRUM","","","","1","1","1","PC","1","PC","0","1","","","","","1"
"943-652AA26","1","1","1","1","MA-720-65226-DRUM","","","","1","1","1","PC","1","PC","0","1","","","","","1"
"971-652AD26","1","1","1","1","MA-720-65226-DRUM","","","","1","1","1","PC","1","PC","0","1","","","","","1"
"973-652AA26","1","1","1","1","MA-720-65226-DRUM","","","","1","1","1","PC","1","PC","0","1","","","","","1"
"975-652AA26","1","1","1","1","MA-720-65226-DRUM","","","","1","1","1","PC","1","PC","0","1","","","","","1"
"3139-652AA14SKJ146","1","1","1","1","MA-720-65230-DRUM","","","","1","1","1","PC","1","PC","0","1","","","","","1"
"3142-652AB30","1","1","1","1","MA-720-65230-DRUM","","","","1","1","1","PC","1","PC","0","1","","","","","1"
"3144-652AA30","1","1","1","1","MA-720-65230-DRUM","","","","1","1","1","PC","1","PC","0","1","","","","","1"
"3145-652AB30","1","1","1","1","MA-720-65230-DRUM","","","","1","1","1","PC","1","PC","0","1","","","","","1"
"3150-652AA30","1","1","1","1","MA-720-65230-DRUM","","","","1","1","1","PC","1","PC","0","1","","","","","1"
"3151-652AC30","1","1","1","1","MA-720-65230-DRUM","","","","1","1","1","PC","1","PC","0","1","","","","","1"
"3152-652AA30","1","1","1","1","MA-720-65230-DRUM","","","","1","1","1","PC","1","PC","0","1","","","","","1"
"3153-652AB30","1","1","1","1","MA-720-65230-DRUM","","","","1","1","1","PC","1","PC","0","1","","","","","1"
"3153-652BA30","1","1","1","1","MA-720-65230-DRUM","","","","1","1","1","PC","1","PC","0","1","","","","","1"
"3154-652AB30","1","1","1","1","MA-720-65230-DRUM","","","","1","1","1","PC","1","PC","0","1","","","","","1"
"3156-652AA30","1","1","1","1","MA-720-65230-DRUM","","","","1","1","1","PC","1","PC","0","1","","","","","1"
"3538-652AA30","1","1","1","1","MA-720-65230-DRUM","","","","1","1","1","PC","1","PC","0","1","","","","","1"
"3554-652AA30","1","1","1","1","MA-720-65230-DRUM","","","","1","1","1","PC","1","PC","0","1","","","","","1"
"4106-652AA30","1","1","1","1","MA-720-65230-DRUM","","","","1","1","1","PC","1","PC","0","1","","","","","1"
"4106-652AB30","1","1","1","1","MA-720-65230-DRUM","","","","1","1","1","PC","1","PC","0","1","","","","","1"
"4107-652AA30","1","1","1","1","MA-720-65230-DRUM","","","","1","1","1","PC","1","PC","0","1","","","","","1"
"4109-652AA30","1","1","1","1","MA-720-65230-DRUM","","","","1","1","1","PC","1","PC","0","1","","","","","1"
"4111-652AA30","1","1","1","1","MA-720-65230-DRUM","","","","1","1","1","PC","1","PC","0","1","","","","","1"
"522-652AB30","1","1","1","1","MA-720-65230-DRUM","","","","1","1","1","PC","1","PC","0","1","","","","","1"
"523-652AB30","1","1","1","1","MA-720-65230-DRUM","","","","1","1","1","PC","1","PC","0","1","","","","","1"
"580-65230","1","1","1","1","MA-720-65230-DRUM","","","","1","1","1","PC","1","PC","0","1","","","","","1"
"580-652AA30","1","1","1","1","MA-720-65230-DRUM","","","","1","1","1","PC","1","PC","0","1","","","","","1"
"600-652AA30","1","1","1","1","MA-720-65230-DRUM","","","","1","1","1","PC","1","PC","0","1","","","","","1"
"608-652AC30","1","1","1","1","MA-720-65230-DRUM","","","","1","1","1","PC","1","PC","0","1","","","","","1"
"610-652AA30","1","1","1","1","MA-720-65230-DRUM","","","","1","1","1","PC","1","PC","0","1","","","","","1"
"810-65230","1","1","1","1","MA-720-65230-DRUM","","","","1","1","1","PC","1","PC","0","1","","","","","1"
"819-652AA30","1","1","1","1","MA-720-65230-DRUM","","","","1","1","1","PC","1","PC","0","1","","","","","1"
"962-652AA30","1","1","1","1","MA-720-65230-DRUM","","","","1","1","1","PC","1","PC","0","1","","","","","1"
"970-652BA30","1","1","1","1","MA-720-65230-DRUM","","","","1","1","1","PC","1","PC","0","1","","","","","1"
"971-652AD30","1","1","1","1","MA-720-65230-DRUM","","","","1","1","1","PC","1","PC","0","1","","","","","1"
"973-652AA30","1","1","1","1","MA-720-65230-DRUM","","","","1","1","1","PC","1","PC","0","1","","","","","1"
"975-652AA30","1","1","1","1","MA-720-65230-DRUM","","","","1","1","1","PC","1","PC","0","1","","","","","1"
"TS-4838HA","1","1","1","1","MA-720-65230-DRUM","","","","1","1","1","PC","1","PC","0","1","","","","","1"
"3139-652AA42","1","1","1","1","MA-720-65242-DRUM","","","","1","1","1","PC","1","PC","0","1","","","","","1"
"3153-652AA42","1","1","1","1","MA-720-65242-DRUM","","","","1","1","1","PC","1","PC","0","1","","","","","1"
"600-652BA42","1","1","1","1","MA-720-65242-DRUM","","","","1","1","1","PC","1","PC","0","1","","","","","1"
"5131-502AA30","1","1","1","1","MA-73-50230","","","","1","1","1","PC","1","PC","0","1","","","","","1"
"5131-502AA34","1","1","1","1","MA-73-502AA34","","","","1","1","1","PC","1","PC","0","1","","","","","1"
"5131-502JA34","1","1","1","1","MA-73-502AA34","","","","1","1","1","PC","1","PC","0","1","","","","","1"
"748-502AA30","1","1","1","1","MA-744-502AA30","","","","1","1","1","PC","1","PC","0","1","","","","","1"
"748-502KA30","1","1","1","1","MA-744-502AA30","","","","1","1","1","PC","1","PC","0","1","","","","","1"
"3114-6101AA26","1","1","1","1","MA-748-601AA26","","","","1","1","1","PC","1","PC","0","1","","","","","1"
"3114-6101EA26","1","1","1","1","MA-748-601AA26","","","","1","1","1","PC","1","PC","0","1","","","","","1"
"3922-601EA26","1","1","1","1","MA-748-601AA26","","","","1","1","1","PC","1","PC","0","1","","","","","1"
"4108-601EA26","1","1","1","1","MA-748-601AA26","","","","1","1","1","PC","1","PC","0","1","","","","","1"
"4109-601EA26","1","1","1","1","MA-748-601AA26","","","","1","1","1","PC","1","PC","0","1","","","","","1"
"4113-601EA26","1","1","1","1","MA-748-601AA26","","","","1","1","1","PC","1","PC","0","1","","","","","1"
"748-601AA26","1","1","1","1","MA-748-601AA26","","","","1","1","1","PC","1","PC","0","1","","","","","1"
"748-601EA26","1","1","1","1","MA-748-601AA26","","","","1","1","1","PC","1","PC","0","1","","","","","1"
"3554-601EA30","1","1","1","1","MA-748-601AA30","","","","1","1","1","PC","1","PC","0","1","","","","","1"
"3922-601EA30","1","1","1","1","MA-748-601AA30","","","","1","1","1","PC","1","PC","0","1","","","","","1"
"4106-601AA30","1","1","1","1","MA-748-601AA30","","","","1","1","1","PC","1","PC","0","1","","","","","1"
"4106-601EA30","1","1","1","1","MA-748-601AA30","","","","1","1","1","PC","1","PC","0","1","","","","","1"
"4107-601EA30","1","1","1","1","MA-748-601AA30","","","","1","1","1","PC","1","PC","0","1","","","","","1"
"4108-601AA30","1","1","1","1","MA-748-601AA30","","","","1","1","1","PC","1","PC","0","1","","","","","1"
"4108-601EB30","1","1","1","1","MA-748-601AA30","","","","1","1","1","PC","1","PC","0","1","","","","","1"
"4109-601EA30","1","1","1","1","MA-748-601AA30","","","","1","1","1","PC","1","PC","0","1","","","","","1"
"4110-601EA30","1","1","1","1","MA-748-601AA30","","","","1","1","1","PC","1","PC","0","1","","","","","1"
"4111-601EA30","1","1","1","1","MA-748-601AA30","","","","1","1","1","PC","1","PC","0","1","","","","","1"
"4113-601EA30","1","1","1","1","MA-748-601AA30","","","","1","1","1","PC","1","PC","0","1","","","","","1"
"4115-601EA30","1","1","1","1","MA-748-601AA30","","","","1","1","1","PC","1","PC","0","1","","","","","1"
"4117-601EA30","1","1","1","1","MA-748-601AA30","","","","1","1","1","PC","1","PC","0","1","","","","","1"
"4207-601EA30","1","1","1","1","MA-748-601AA30","","","","1","1","1","PC","1","PC","0","1","","","","","1"
"748-601AA30","1","1","1","1","MA-748-601AA30","","","","1","1","1","PC","1","PC","0","1","","","","","1"
"748-601EA30","1","1","1","1","MA-748-601AA30","","","","1","1","1","PC","1","PC","0","1","","","","","1"
"TS-4569AA","1","1","1","1","MA-748-601AA30","","","","1","1","1","PC","1","PC","0","1","","","","","1"
"4108-601EA32","1","1","1","1","MA-631-60132-DRUM","","","","1","1","1","PC","1","PC","0","1","","","","","1"
"4109-601EA32","1","1","1","1","MA-631-60132-DRUM","","","","1","1","1","PC","1","PC","0","1","","","","","1"
"4115-601EA32","1","1","1","1","MA-631-60132-DRUM","","","","1","1","1","PC","1","PC","0","1","","","","","1"
"748-601AA32","1","1","1","1","MA-631-60132-DRUM","","","","1","1","1","PC","1","PC","0","1","","","","","1"
"748-601EA32","1","1","1","1","MA-631-60132-DRUM","","","","1","1","1","PC","1","PC","0","1","","","","","1"
"3549-601AA34","1","1","1","1","MA-748-601AA34","","","","1","1","1","PC","1","PC","0","1","","","","","1"
"3549-601EA34","1","1","1","1","MA-748-601AA34","","","","1","1","1","PC","1","PC","0","1","","","","","1"
"3551-601AA34","1","1","1","1","MA-748-601AA34","","","","1","1","1","PC","1","PC","0","1","","","","","1"
"3551-601EA34","1","1","1","1","MA-748-601AA34","","","","1","1","1","PC","1","PC","0","1","","","","","1"
"3554-601EA34","1","1","1","1","MA-748-601AA34","","","","1","1","1","PC","1","PC","0","1","","","","","1"
"3709-601AA34","1","1","1","1","MA-748-601AA34","","","","1","1","1","PC","1","PC","0","1","","","","","1"
"3709-601EA34","1","1","1","1","MA-748-601AA34","","","","1","1","1","PC","1","PC","0","1","","","","","1"
"4007-601EA34","1","1","1","1","MA-748-601AA34","","","","1","1","1","PC","1","PC","0","1","","","","","1"
"4108-601EA34","1","1","1","1","MA-748-601AA34","","","","1","1","1","PC","1","PC","0","1","","","","","1"
"4109-601EA34","1","1","1","1","MA-748-601AA34","","","","1","1","1","PC","1","PC","0","1","","","","","1"
"4113-601EA34","1","1","1","1","MA-748-601AA34","","","","1","1","1","PC","1","PC","0","1","","","","","1"
"4114-601EA34","1","1","1","1","MA-748-601AA34","","","","1","1","1","PC","1","PC","0","1","","","","","1"
"4115-601EA34","1","1","1","1","MA-748-601AA34","","","","1","1","1","PC","1","PC","0","1","","","","","1"
"4207-601EA34","1","1","1","1","MA-748-601AA34","","","","1","1","1","PC","1","PC","0","1","","","","","1"
"3922-601EA36","1","1","1","1","MA-748-601AA36","","","","1","1","1","PC","1","PC","0","1","","","","","1"
"4108-601EA36","1","1","1","1","MA-748-601AA36","","","","1","1","1","PC","1","PC","0","1","","","","","1"
"4109-601EA36","1","1","1","1","MA-748-601AA36","","","","1","1","1","PC","1","PC","0","1","","","","","1"
"4115-601EA36","1","1","1","1","MA-748-601AA36","","","","1","1","1","PC","1","PC","0","1","","","","","1"
"790-502AA26","1","1","1","1","MA-790-502AA26","","","","1","1","1","PC","1","PC","0","1","","","","","1"
"790-502EA26","1","1","1","1","MA-790-502AA26","","","","1","1","1","PC","1","PC","0","1","","","","","1"
"3638-652AA26","1","1","1","1","MA-816-65126-DRUM","","","","1","1","1","PC","1","PC","0","1","","","","","1"
"852-652AB26","1","1","1","1","MA-816-65126-DRUM","","","","1","1","1","PC","1","PC","0","1","","","","","1"
"960-652AB26","1","1","1","1","MA-816-65126-DRUM","","","","1","1","1","PC","1","PC","0","1","","","","","1"
"3638-652AA30","1","1","1","1","MA-816-65130-DRUM","","","","1","1","1","PC","1","PC","0","1","","","","","1"
"3644-651AA30","1","1","1","1","MA-816-65130-DRUM","","","","1","1","1","PC","1","PC","0","1","","","","","1"
"3649-652AA30","1","1","1","1","MA-816-65130-DRUM","","","","1","1","1","PC","1","PC","0","1","","","","","1"
"4408-652AA30","1","1","1","1","MA-816-65130-DRUM","","","","1","1","1","PC","1","PC","0","1","","","","","1"
"852-652AB30","1","1","1","1","MA-816-65130-DRUM","","","","1","1","1","PC","1","PC","0","1","","","","","1"
"960-652AB30","1","1","1","1","MA-816-65130-DRUM","","","","1","1","1","PC","1","PC","0","1","","","","","1"
"3638-652AA34","1","1","1","1","MA-816-65134-DRUM","","","","1","1","1","PC","1","PC","0","1","","","","","1"
"3649-652AA34","1","1","1","1","MA-816-65134-DRUM","","","","1","1","1","PC","1","PC","0","1","","","","","1"
"852-652AB34","1","1","1","1","MA-816-65134-DRUM","","","","1","1","1","PC","1","PC","0","1","","","","","1"
"960-652AB34","1","1","1","1","MA-816-65134-DRUM","","","","1","1","1","PC","1","PC","0","1","","","","","1"
"849-431AA34","1","1","1","1","MA-849-431AA34","","","","1","1","1","PC","1","PC","0","1","","","","","1"
"849-431BA34","1","1","1","1","MA-849-431AA34","","","","1","1","1","PC","1","PC","0","1","","","","","1"
"3221-601AA26","1","1","1","1","MA-880-601AA26","","","","1","1","1","PC","1","PC","0","1","","","","","1"
"3221-601EA26","1","1","1","1","MA-880-601AA26","","","","1","1","1","PC","1","PC","0","1","","","","","1"
"3225-601EA26","1","1","1","1","MA-880-601AA26","","","","1","1","1","PC","1","PC","0","1","","","","","1"
"3226-601EA26","1","1","1","1","MA-880-601AA26","","","","1","1","1","PC","1","PC","0","1","","","","","1"
"3228-601EA26","1","1","1","1","MA-880-601AA26","","","","1","1","1","PC","1","PC","0","1","","","","","1"
"3236-601EC26","1","1","1","1","MA-880-601AA26","","","","1","1","1","PC","1","PC","0","1","","","","","1"
"3237-601EA26","1","1","1","1","MA-880-601AA26","","","","1","1","1","PC","1","PC","0","1","","","","","1"
"3238-601EA26","1","1","1","1","MA-880-601AA26","","","","1","1","1","PC","1","PC","0","1","","","","","1"
"3240-601EA26","1","1","1","1","MA-880-601AA26","","","","1","1","1","PC","1","PC","0","1","","","","","1"
"3242-601EA26","1","1","1","1","MA-880-601AA26","","","","1","1","1","PC","1","PC","0","1","","","","","1"
"4501-601EA26","1","1","1","1","MA-880-601AA26","","","","1","1","1","PC","1","PC","0","1","","","","","1"
"3222-601AA30","1","1","1","1","MA-880-601AA30","","","","1","1","1","PC","1","PC","0","1","","","","","1"
"3222-601EA30","1","1","1","1","MA-880-601AA30","","","","1","1","1","PC","1","PC","0","1","","","","","1"
"3225-601EA30","1","1","1","1","MA-880-601AA30","","","","1","1","1","PC","1","PC","0","1","","","","","1"
"3226-601EA30","1","1","1","1","MA-880-601AA30","","","","1","1","1","PC","1","PC","0","1","","","","","1"
"3236-601EC30","1","1","1","1","MA-880-601AA30","","","","1","1","1","PC","1","PC","0","1","","","","","1"
"3237-601EA30","1","1","1","1","MA-880-601AA30","","","","1","1","1","PC","1","PC","0","1","","","","","1"
"3238-601EA30","1","1","1","1","MA-880-601AA30","","","","1","1","1","PC","1","PC","0","1","","","","","1"
"3239-601EA30","1","1","1","1","MA-880-601AA30","","","","1","1","1","PC","1","PC","0","1","","","","","1"
"3240-601EA30","1","1","1","1","MA-880-601AA30","","","","1","1","1","PC","1","PC","0","1","","","","","1"
"3241-601EA30","1","1","1","1","MA-880-601AA30","","","","1","1","1","PC","1","PC","0","1","","","","","1"
"3242-601EB30","1","1","1","1","MA-880-601AA30","","","","1","1","1","PC","1","PC","0","1","","","","","1"
"3245-601EA30","1","1","1","1","MA-880-601AA30","","","","1","1","1","PC","1","PC","0","1","","","","","1"
"880-601BA30","1","1","1","1","MA-880-601AA30","","","","1","1","1","PC","1","PC","0","1","","","","","1"
"880-601EA30","1","1","1","1","MA-880-601AA30","","","","1","1","1","PC","1","PC","0","1","","","","","1"
"TS-4380AA","1","1","1","1","MA-880-601AA30","","","","1","1","1","PC","1","PC","0","1","","","","","1"
"3222-601AA32","1","1","1","1","MA-880-601AA32","","","","1","1","1","PC","1","PC","0","1","","","","","1"
"3222-601EA32","1","1","1","1","MA-880-601AA32","","","","1","1","1","PC","1","PC","0","1","","","","","1"
"3225-601EA32","1","1","1","1","MA-880-601AA32","","","","1","1","1","PC","1","PC","0","1","","","","","1"
"3226-601EA32","1","1","1","1","MA-880-601AA32","","","","1","1","1","PC","1","PC","0","1","","","","","1"
"3236-601EC32","1","1","1","1","MA-880-601AA32","","","","1","1","1","PC","1","PC","0","1","","","","","1"
"3238-601EA32","1","1","1","1","MA-880-601AA32","","","","1","1","1","PC","1","PC","0","1","","","","","1"
"3239-601EA32","1","1","1","1","MA-880-601AA32","","","","1","1","1","PC","1","PC","0","1","","","","","1"
"3242-601EA32","1","1","1","1","MA-880-601AA32","","","","1","1","1","PC","1","PC","0","1","","","","","1"
"880-601BA32","1","1","1","1","MA-880-601AA32","","","","1","1","1","PC","1","PC","0","1","","","","","1"
"880-601EA32","1","1","1","1","MA-880-601AA32","","","","1","1","1","PC","1","PC","0","1","","","","","1"
"3226-601EA34","1","1","1","1","MA-880-601AA34","","","","1","1","1","PC","1","PC","0","1","","","","","1"
"3236-601EC34","1","1","1","1","MA-880-601AA34","","","","1","1","1","PC","1","PC","0","1","","","","","1"
"3237-601EA34","1","1","1","1","MA-880-601AA34","","","","1","1","1","PC","1","PC","0","1","","","","","1"
"3239-601EA34","1","1","1","1","MA-880-601AA34","","","","1","1","1","PC","1","PC","0","1","","","","","1"
"3240-601EA34","1","1","1","1","MA-880-601AA34","","","","1","1","1","PC","1","PC","0","1","","","","","1"
"3241-601EA34","1","1","1","1","MA-880-601AA34","","","","1","1","1","PC","1","PC","0","1","","","","","1"
"3242-601EA34","1","1","1","1","MA-880-601AA34","","","","1","1","1","PC","1","PC","0","1","","","","","1"
"3246-601EA34","1","1","1","1","MA-880-601AA34","","","","1","1","1","PC","1","PC","0","1","","","","","1"
"880-601BA34","1","1","1","1","MA-880-601AA34","","","","1","1","1","PC","1","PC","0","1","","","","","1"
"880-601EA34","1","1","1","1","MA-880-601AA34","","","","1","1","1","PC","1","PC","0","1","","","","","1"
"3225-601EA36","1","1","1","1","MA-880-601AA36","","","","1","1","1","PC","1","PC","0","1","","","","","1"
"3236-601EC36","1","1","1","1","MA-880-601AA36","","","","1","1","1","PC","1","PC","0","1","","","","","1"
"3238-601EA36","1","1","1","1","MA-880-601AA36","","","","1","1","1","PC","1","PC","0","1","","","","","1"
"3239-601EA36","1","1","1","1","MA-880-601AA36","","","","1","1","1","PC","1","PC","0","1","","","","","1"
"3242-601EA36","1","1","1","1","MA-880-601AA36","","","","1","1","1","PC","1","PC","0","1","","","","","1"
"880-601BA36","1","1","1","1","MA-880-601AA36","","","","1","1","1","PC","1","PC","0","1","","","","","1"
"880-601EA36","1","1","1","1","MA-880-601AA36","","","","1","1","1","PC","1","PC","0","1","","","","","1"
"4206-502AA34","1","1","1","1","MA-888-502AA34","","","","1","1","1","PC","1","PC","0","1","","","","","1"
"3638-601AA26","1","1","1","1","MA-931-601AA26","","","","1","1","1","PC","1","PC","0","1","","","","","1"
"3650-601AA26","1","1","1","1","MA-931-601AA26","","","","1","1","1","PC","1","PC","0","1","","","","","1"
"960-601BA26","1","1","1","1","MA-931-601AA26","","","","1","1","1","PC","1","PC","0","1","","","","","1"
"3638-601AA30","1","1","1","1","MA-954-60130-DRUM","","","","1","1","1","PC","1","PC","0","1","","","","","1"
"3644-601AA30","1","1","1","1","MA-954-60130-DRUM","","","","1","1","1","PC","1","PC","0","1","","","","","1"
"3649-601AA30","1","1","1","1","MA-954-60130-DRUM","","","","1","1","1","PC","1","PC","0","1","","","","","1"
"3650-601AA30","1","1","1","1","MA-954-60130-DRUM","","","","1","1","1","PC","1","PC","0","1","","","","","1"
"3652-601AA30","1","1","1","1","MA-954-60130-DRUM","","","","1","1","1","PC","1","PC","0","1","","","","","1"
"3654-601AA30","1","1","1","1","MA-954-60130-DRUM","","","","1","1","1","PC","1","PC","0","1","","","","","1"
"3656-601AA30","1","1","1","1","MA-954-60130-DRUM","","","","1","1","1","PC","1","PC","0","1","","","","","1"
"3660-601AA30","1","1","1","1","MA-954-60130-DRUM","","","","1","1","1","PC","1","PC","0","1","","","","","1"
"960-601BA30","1","1","1","1","MA-954-60130-DRUM","","","","1","1","1","PC","1","PC","0","1","","","","","1"
"3638-601AA34","1","1","1","1","MA-814-60830-DRUM","","","","1","1","1","PC","1","PC","0","1","","","","","1"
"3650-601AA34","1","1","1","1","MA-814-60830-DRUM","","","","1","1","1","PC","1","PC","0","1","","","","","1"
"3652-601AA34","1","1","1","1","MA-814-60830-DRUM","","","","1","1","1","PC","1","PC","0","1","","","","","1"
"3654-601AA34","1","1","1","1","MA-814-60830-DRUM","","","","1","1","1","PC","1","PC","0","1","","","","","1"
"3657-601AA34","1","1","1","1","MA-814-60830-DRUM","","","","1","1","1","PC","1","PC","0","1","","","","","1"
"960-601BA34","1","1","1","1","MA-814-60830-DRUM","","","","1","1","1","PC","1","PC","0","1","","","","","1"
"3325-502JA30","1","1","1","1","MA-954-50230","","","","1","1","1","PC","1","PC","0","1","","","","","1"
"3538-502AB30","1","1","1","1","MA-954-50230","","","","1","1","1","PC","1","PC","0","1","","","","","1"
"3538-502EA30","1","1","1","1","MA-954-50230","","","","1","1","1","PC","1","PC","0","1","","","","","1"
"3538-502JB30","1","1","1","1","MA-954-50230","","","","1","1","1","PC","1","PC","0","1","","","","","1"
"3554-502JA30","1","1","1","1","MA-954-50230","","","","1","1","1","PC","1","PC","0","1","","","","","1"
"3650-502JB30","1","1","1","1","MA-954-50230","","","","1","1","1","PC","1","PC","0","1","","","","","1"
"3652-502JA30","1","1","1","1","MA-954-50230","","","","1","1","1","PC","1","PC","0","1","","","","","1"
"3652-502JB30","1","1","1","1","MA-954-50230","","","","1","1","1","PC","1","PC","0","1","","","","","1"
"3660-502AA30","1","1","1","1","MA-954-50230","","","","1","1","1","PC","1","PC","0","1","","","","","1"
"4408-502AD30","1","1","1","1","MA-954-50230","","","","1","1","1","PC","1","PC","0","1","","","","","1"
"4408-502JC30","1","1","1","1","MA-954-50230","","","","1","1","1","PC","1","PC","0","1","","","","","1"
"4408-502JD30","1","1","1","1","MA-954-50230","","","","1","1","1","PC","1","PC","0","1","","","","","1"
"826-502JA30","1","1","1","1","MA-954-50230","","","","1","1","1","PC","1","PC","0","1","","","","","1"
"852-502AA30","1","1","1","1","MA-954-50230","","","","1","1","1","PC","1","PC","0","1","","","","","1"
"852-502EA30","1","1","1","1","MA-954-50230","","","","1","1","1","PC","1","PC","0","1","","","","","1"
"852-502JA30","1","1","1","1","MA-954-50230","","","","1","1","1","PC","1","PC","0","1","","","","","1"
"954-502AA30","1","1","1","1","MA-954-50230","","","","1","1","1","PC","1","PC","0","1","","","","","1"
"954-502EA30","1","1","1","1","MA-954-50230","","","","1","1","1","PC","1","PC","0","1","","","","","1"
"954-502JA30","1","1","1","1","MA-954-50230","","","","1","1","1","PC","1","PC","0","1","","","","","1"
"959-502AB30","1","1","1","1","MA-954-50230","","","","1","1","1","PC","1","PC","0","1","","","","","1"
"959-502JB30","1","1","1","1","MA-954-50230","","","","1","1","1","PC","1","PC","0","1","","","","","1"
"975-502AB30","1","1","1","1","MA-954-50230","","","","1","1","1","PC","1","PC","0","1","","","","","1"
"975-502EA30","1","1","1","1","MA-954-50230","","","","1","1","1","PC","1","PC","0","1","","","","","1"
"975-502JA30","1","1","1","1","MA-954-50230","","","","1","1","1","PC","1","PC","0","1","","","","","1"
"3538-502AB34","1","1","1","1","MA-954-50234","","","","1","1","1","PC","1","PC","0","1","","","","","1"
"3538-502BA34","1","1","1","1","MA-954-50234","","","","1","1","1","PC","1","PC","0","1","","","","","1"
"3538-502JB34","1","1","1","1","MA-954-50234","","","","1","1","1","PC","1","PC","0","1","","","","","1"
"3538-502KA34","1","1","1","1","MA-954-50234","","","","1","1","1","PC","1","PC","0","1","","","","","1"
"3540-502KA34","1","1","1","1","MA-954-50234","","","","1","1","1","PC","1","PC","0","1","","","","","1"
"3549-502AA34","1","1","1","1","MA-954-50234","","","","1","1","1","PC","1","PC","0","1","","","","","1"
"3549-502JA34","1","1","1","1","MA-954-50234","","","","1","1","1","PC","1","PC","0","1","","","","","1"
"3550-502AB34","1","1","1","1","MA-954-50234","","","","1","1","1","PC","1","PC","0","1","","","","","1"
"3550-502BA34","1","1","1","1","MA-954-50234","","","","1","1","1","PC","1","PC","0","1","","","","","1"
"3554-502JA34","1","1","1","1","MA-954-50234","","","","1","1","1","PC","1","PC","0","1","","","","","1"
"3650-502JA34","1","1","1","1","MA-954-50234","","","","1","1","1","PC","1","PC","0","1","","","","","1"
"3652-502JA34","1","1","1","1","MA-954-50234","","","","1","1","1","PC","1","PC","0","1","","","","","1"
"3662-502AA34","1","1","1","1","MA-954-50234","","","","1","1","1","PC","1","PC","0","1","","","","","1"
"3709-502AA34","1","1","1","1","MA-954-50234","","","","1","1","1","PC","1","PC","0","1","","","","","1"
"3709-502JA34","1","1","1","1","MA-954-50234","","","","1","1","1","PC","1","PC","0","1","","","","","1"
"4408-502JC34","1","1","1","1","MA-954-50234","","","","1","1","1","PC","1","PC","0","1","","","","","1"
"4408-502JD34","1","1","1","1","MA-954-50234","","","","1","1","1","PC","1","PC","0","1","","","","","1"
"852-502AA34","1","1","1","1","MA-954-50234","","","","1","1","1","PC","1","PC","0","1","","","","","1"
"852-502EA34","1","1","1","1","MA-954-50234","","","","1","1","1","PC","1","PC","0","1","","","","","1"
"852-502JA34","1","1","1","1","MA-954-50234","","","","1","1","1","PC","1","PC","0","1","","","","","1"
"954-502AA34","1","1","1","1","MA-954-50234","","","","1","1","1","PC","1","PC","0","1","","","","","1"
"954-502EA34","1","1","1","1","MA-954-50234","","","","1","1","1","PC","1","PC","0","1","","","","","1"
"954-502JA34","1","1","1","1","MA-954-50234","","","","1","1","1","PC","1","PC","0","1","","","","","1"
"975-502AB34","1","1","1","1","MA-954-50234","","","","1","1","1","PC","1","PC","0","1","","","","","1"
"975-502EA34","1","1","1","1","MA-954-50234","","","","1","1","1","PC","1","PC","0","1","","","","","1"
"975-502JA34","1","1","1","1","MA-954-50234","","","","1","1","1","PC","1","PC","0","1","","","","","1"
"819-601JA30","1","1","1","1","MA-954-60130","","","","1","1","1","PC","1","PC","0","1","","","","","1"
"954-60130","1","1","1","1","MA-954-60130","","","","1","1","1","PC","1","PC","0","1","","","","","1"
"954-601EA30","1","1","1","1","MA-954-60130","","","","1","1","1","PC","1","PC","0","1","","","","","1"
"954-601JA30","1","1","1","1","MA-954-60130","","","","1","1","1","PC","1","PC","0","1","","","","","1"
"954-60134","1","1","1","1","MA-954-60134","","","","1","1","1","PC","1","PC","0","1","","","","","1"
"954-601EA34","1","1","1","1","MA-954-60134","","","","1","1","1","PC","1","PC","0","1","","","","","1"
"954-601JA34","1","1","1","1","MA-954-60134","","","","1","1","1","PC","1","PC","0","1","","","","","1"
"972-601EA26","1","1","1","1","MA-970-601AB26","","","","1","1","1","PC","1","PC","0","1","","","","","1"
"972-608AC26","1","1","1","1","MA-972-608AB26","","","","1","1","1","PC","1","PC","0","1","","","","","1"
"3242-608AA26","1","1","1","1","MA-973-608AA26-DRUM","","","","1","1","1","PC","1","PC","0","1","","","","","1"
"3242-608AB26","1","1","1","1","MA-973-608AA26-DRUM","","","","1","1","1","PC","1","PC","0","1","","","","","1"
"3221-608AA26","1","1","1","1","MA-973-608AA26-DRUM","","","","1","1","1","PC","1","PC","0","1","","","","","1"
"3225-608AA26","1","1","1","1","MA-973-608AA26-DRUM","","","","1","1","1","PC","1","PC","0","1","","","","","1"
"3226-608AA26","1","1","1","1","MA-973-608AA26-DRUM","","","","1","1","1","PC","1","PC","0","1","","","","","1"
"3228-608AA26","1","1","1","1","MA-973-608AA26-DRUM","","","","1","1","1","PC","1","PC","0","1","","","","","1"
"3236-608AA26","1","1","1","1","MA-973-608AA26-DRUM","","","","1","1","1","PC","1","PC","0","1","","","","","1"
"3237-608AA26","1","1","1","1","MA-973-608AA26-DRUM","","","","1","1","1","PC","1","PC","0","1","","","","","1"
"3238-608AA26","1","1","1","1","MA-973-608AA26-DRUM","","","","1","1","1","PC","1","PC","0","1","","","","","1"
"3240-608AA26","1","1","1","1","MA-973-608AA26-DRUM","","","","1","1","1","PC","1","PC","0","1","","","","","1"
"4501-608AA26","1","1","1","1","MA-973-608AA26-DRUM","","","","1","1","1","PC","1","PC","0","1","","","","","1"
"3139-608AB30","1","1","1","1","MA-973-608AA30-DRUM","","","","1","1","1","PC","1","PC","0","1","","","","","1"
"4104-608AA30","1","1","1","1","MA-973-608AA30-DRUM","","","","1","1","1","PC","1","PC","0","1","","","","","1"
"4106-608AA30","1","1","1","1","MA-973-608AA30-DRUM","","","","1","1","1","PC","1","PC","0","1","","","","","1"
"4107-608AA30","1","1","1","1","MA-973-608AA30-DRUM","","","","1","1","1","PC","1","PC","0","1","","","","","1"
"4207-608AB30","1","1","1","1","MA-973-608AA30-DRUM","","","","1","1","1","PC","1","PC","0","1","","","","","1"
"631-60830","1","1","1","1","MA-973-608AA30-DRUM","","","","1","1","1","PC","1","PC","0","1","","","","","1"
"748-608AA30","1","1","1","1","MA-973-608AA30-DRUM","","","","1","1","1","PC","1","PC","0","1","","","","","1"
"3242-608AC30","1","1","1","1","MA-973-608AA30-DRUM","","","","1","1","1","PC","1","PC","0","1","","","","","1"
"3242-608AD30","1","1","1","1","MA-973-608AA30-DRUM","","","","1","1","1","PC","1","PC","0","1","","","","","1"
"TS-4963AA30","1","1","1","1","MA-973-608AA30-DRUM","","","","1","1","1","PC","1","PC","0","1","","","","","1"
"3222-608AA30","1","1","1","1","MA-973-608AA30-DRUM","","","","1","1","1","PC","1","PC","0","1","","","","","1"
"3225-608AA30","1","1","1","1","MA-973-608AA30-DRUM","","","","1","1","1","PC","1","PC","0","1","","","","","1"
"3226-608AA30","1","1","1","1","MA-973-608AA30-DRUM","","","","1","1","1","PC","1","PC","0","1","","","","","1"
"3236-608AA30","1","1","1","1","MA-973-608AA30-DRUM","","","","1","1","1","PC","1","PC","0","1","","","","","1"
"3237-608AB30","1","1","1","1","MA-973-608AA30-DRUM","","","","1","1","1","PC","1","PC","0","1","","","","","1"
"886-608AA30","1","1","1","1","MA-973-608AA30-DRUM","","","","1","1","1","PC","1","PC","0","1","","","","","1"
"749-608AA30","1","1","1","1","MA-973-608AA30-DRUM","","","","1","1","1","PC","1","PC","0","1","","","","","1"
"3242-608AA32","1","1","1","1","MA-973-608AA32-DRUM","","","","1","1","1","PC","1","PC","0","1","","","","","1"
"3242-608AB32","1","1","1","1","MA-973-608AA32-DRUM","","","","1","1","1","PC","1","PC","0","1","","","","","1"
"3139-608AA32","1","1","1","1","MA-973-608AA32-DRUM","","","","1","1","1","PC","1","PC","0","1","","","","","1"
"3139-608AB32","1","1","1","1","MA-973-608AA32-DRUM","","","","1","1","1","PC","1","PC","0","1","","","","","1"
"631-60832","1","1","1","1","MA-973-608AA32-DRUM","","","","1","1","1","PC","1","PC","0","1","","","","","1"
"3222-608AA32","1","1","1","1","MA-973-608AA32-DRUM","","","","1","1","1","PC","1","PC","0","1","","","","","1"
"3225-608AA32","1","1","1","1","MA-973-608AA32-DRUM","","","","1","1","1","PC","1","PC","0","1","","","","","1"
"3226-608AA32","1","1","1","1","MA-973-608AA32-DRUM","","","","1","1","1","PC","1","PC","0","1","","","","","1"
"3236-608AA32","1","1","1","1","MA-973-608AA32-DRUM","","","","1","1","1","PC","1","PC","0","1","","","","","1"
"3238-608AA32","1","1","1","1","MA-973-608AA32-DRUM","","","","1","1","1","PC","1","PC","0","1","","","","","1"
"3239-608AA32","1","1","1","1","MA-973-608AA32-DRUM","","","","1","1","1","PC","1","PC","0","1","","","","","1"
"886-608AA32","1","1","1","1","MA-973-608AA32-DRUM","","","","1","1","1","PC","1","PC","0","1","","","","","1"
"748-608AA32","1","1","1","1","MA-973-608AA32-DRUM","","","","1","1","1","PC","1","PC","0","1","","","","","1"
"3139-608AA34","1","1","1","1","MA-973-608AA34-DRUM","","","","1","1","1","PC","1","PC","0","1","","","","","1"
"3139-608ZA34","1","1","1","1","MA-973-608AA34-DRUM","","","","1","1","1","PC","1","PC","0","1","","","","","1"
"3551-608AA34","1","1","1","1","MA-973-608AA34-DRUM","","","","1","1","1","PC","1","PC","0","1","","","","","1"
"4007-608AA34","1","1","1","1","MA-973-608AA34-DRUM","","","","1","1","1","PC","1","PC","0","1","","","","","1"
"4114-608AA34","1","1","1","1","MA-973-608AA34-DRUM","","","","1","1","1","PC","1","PC","0","1","","","","","1"
"4207-608AA34","1","1","1","1","MA-973-608AA34-DRUM","","","","1","1","1","PC","1","PC","0","1","","","","","1"
"631-60834","1","1","1","1","MA-973-608AA34-DRUM","","","","1","1","1","PC","1","PC","0","1","","","","","1"
"3139-608AA36","1","1","1","1","MA-973-608AA36-DRUM","","","","1","1","1","PC","1","PC","0","1","","","","","1"
"3139-608AB36","1","1","1","1","MA-973-608AA36-DRUM","","","","1","1","1","PC","1","PC","0","1","","","","","1"
"3225-608AA36","1","1","1","1","MA-973-608AA36-DRUM","","","","1","1","1","PC","1","PC","0","1","","","","","1"
"3236-608AA36","1","1","1","1","MA-973-608AA36-DRUM","","","","1","1","1","PC","1","PC","0","1","","","","","1"
"3238-608AA36","1","1","1","1","MA-973-608AA36-DRUM","","","","1","1","1","PC","1","PC","0","1","","","","","1"
"3239-608AA36","1","1","1","1","MA-973-608AA36-DRUM","","","","1","1","1","PC","1","PC","0","1","","","","","1"
"631-60836","1","1","1","1","MA-973-608AA36-DRUM","","","","1","1","1","PC","1","PC","0","1","","","","","1"
"3139-608ZA38","1","1","1","1","MA-973-608AA38-DRUM","","","","1","1","1","PC","1","PC","0","1","","","","","1"
"631-608AA38","1","1","1","1","MA-973-608AA38-DRUM","","","","1","1","1","PC","1","PC","0","1","","","","","1"
"972-502JA26","1","1","1","1","MA-974-502BA26","","","","1","1","1","PC","1","PC","0","1","","","","","1"
"4502-601AA20","1","1","1","1","MA-980-601AA20","","","","1","1","1","PC","1","PC","0","1","","","","","1"
"K-28801EB","1","1","1","1","MA-K-28801EA","","","","1","1","1","PC","1","PC","0","1","","","","","1"
"KF43-00105AA02","1","1","1","1","MA-KF43-00105AA02","","","","1","1","1","PC","1","PC","0","1","","","","","1"
"3242-651AB26","1","1","1","1","MA-RH-0156","","","","1","1","1","PC","1","PC","0","1","","","","","1"
"3242-651AB32","1","1","1","1","MA-RH-0156","","","","1","1","1","PC","1","PC","0","1","","","","","1"
"3242-651AD30","1","1","1","1","MA-RH-0156","","","","1","1","1","PC","1","PC","0","1","","","","","1"
"5520-502DA","1","1","1","1","MA-RP-0145N","","","","1","1","1","PC","1","PC","0","1","","","","","1"
"5520-502EA","1","1","1","1","MA-RP-0145N","","","","1","1","1","PC","1","PC","0","1","","","","","1"
"5520-502FA","1","1","1","1","MA-RP-0145N","","","","1","1","1","PC","1","PC","0","1","","","","","1"
"5520-502GA","1","1","1","1","MA-RP-0145N","","","","1","1","1","PC","1","PC","0","1","","","","","1"
"5520-502HA","1","1","1","1","MA-RP-0145N","","","","1","1","1","PC","1","PC","0","1","","","","","1"
"5520-502LA","1","1","1","1","MA-RP-0145N","","","","1","1","1","PC","1","PC","0","1","","","","","1"
"5520-502PA","1","1","1","1","MA-RP-0145N","","","","1","1","1","PC","1","PC","0","1","","","","","1"
"5520-502SA","1","1","1","1","MA-RP-0145N","","","","1","1","1","PC","1","PC","0","1","","","","","1"
"5520-502TA","1","1","1","1","MA-RP-0145N","","","","1","1","1","PC","1","PC","0","1","","","","","1"
"5520-502UA","1","1","1","1","MA-RP-0145N","","","","1","1","1","PC","1","PC","0","1","","","","","1"
"5520-502VA","1","1","1","1","MA-RP-0145N","","","","1","1","1","PC","1","PC","0","1","","","","","1"
"5520-502BC","1","1","1","1","MA-RP-0359-01AD","","","","1","1","1","PC","1","PC","0","1","","","","","1"
"5520-502CC","1","1","1","1","MA-RP-0359-01AD","","","","1","1","1","PC","1","PC","0","1","","","","","1"
"5520-502KC","1","1","1","1","MA-RP-0359-01AD","","","","1","1","1","PC","1","PC","0","1","","","","","1"
"5520-502QB","1","1","1","1","MA-RP-0359-01AD","","","","1","1","1","PC","1","PC","0","1","","","","","1"
"5520-502RA","1","1","1","1","MA-RP-0359-01AD","","","","1","1","1","PC","1","PC","0","1","","","","","1"
"5520-502JD","1","1","1","1","MA-RP-0359-01AD","","","","1","1","1","PC","1","PC","0","1","","","","","1"
"105-406EA42","1","1","1","1","MA-105-406EA42","","","","1","1","1","PC","1","PC","0","1","","","","","1"
"105-406EA46","1","1","1","1","MA-105-406EA46","","","","1","1","1","PC","1","PC","0","1","","","","","1"
"121-406AA48","1","1","1","1","MA-121-406AA48","","","","1","1","1","PC","1","PC","0","1","","","","","1"
"3662-609AA","1","1","1","1","MA-3662-609AA","","","","1","1","1","PC","1","PC","0","1","","","","","1"
"3662-609BA","1","1","1","1","MA-3662-609BA","","","","1","1","1","PC","1","PC","0","1","","","","","1"
"161-312AA","1","1","1","1","MA-161-312AA","","","","1","1","1","PC","1","PC","0","1","","","","","1"
"161-420CA","1","1","1","1","MA-161-420CA","","","","1","1","1","PC","1","PC","0","1","","","","","1"
"161-420HA","1","1","1","1","MA-161-420HA","","","","1","1","1","PC","1","PC","0","1","","","","","1"
"161-420JA","1","1","1","1","MA-161-420JA","","","","1","1","1","PC","1","PC","0","1","","","","","1"
"161-420KA","1","1","1","1","MA-161-420KA","","","","1","1","1","PC","1","PC","0","1","","","","","1"
"3139-502BA30","1","1","1","1","MA-RH-0175KD-21AA","","","","1","1","1","PC","1","PC","0","1","","","","","1"
"3139-502BA32","1","1","1","1","MA-RH-0175KD-21AA","","","","1","1","1","PC","1","PC","0","1","","","","","1"
"3145-502BA30","1","1","1","1","MA-600-502AA30","","","","1","1","1","PC","1","PC","0","1","","","","","1"
"1731-417BA14","1","1","1","1","MA-1731-417BA14-DRUM","","","","1","1","1","PC","1","PC","0","1","","","","","1"
"1731-417BA18","1","1","1","1","MA-1731-417BA18-DRUM","","","","1","1","1","PC","1","PC","0","1","","","","","1"
"1731-418AA14","1","1","1","1","MA-1731-418AA14-DRUM","","","","1","1","1","PC","1","PC","0","1","","","","","1"
"1731-418AA18","1","1","1","1","MA-1731-418AA18-DRUM","","","","1","1","1","PC","1","PC","0","1","","","","","1"
"1331-102NA02","1","1","1","1","MA-1331-102MA02","","","","1","1","1","PC","1","PC","0","1","","","","","1"
"1351-102CA","1","1","1","1","MA-1531-102BA","","","","1","1","1","PC","1","PC","0","1","","","","","1"
"1351-102KC","1","1","1","1","MA-1531-102BA","","","","1","1","1","PC","1","PC","0","1","","","","","1"
"1531-309BA","1","1","1","1","MA-1531-309BA","","","","1","1","1","PC","1","PC","0","1","","","","","1"
"1531-309BB","1","1","1","1","MA-1531-309BA","","","","1","1","1","PC","1","PC","0","1","","","","","1"
"1531-309CA","1","1","1","1","MA-1531-309BA","","","","1","1","1","PC","1","PC","0","1","","","","","1"
"1531-309CB","1","1","1","1","MA-1531-309BA","","","","1","1","1","PC","1","PC","0","1","","","","","1"
"TS-4601GA","1","1","1","1","MA-1531-309BA","","","","1","1","1","PC","1","PC","0","1","","","","","1"
"162-309FA","1","1","1","1","MA-162-309DA","","","","1","1","1","PC","1","PC","0","1","","","","","1"
"162-309GA","1","1","1","1","MA-162-309DA","","","","1","1","1","PC","1","PC","0","1","","","","","1"
"162-417AA26","1","1","1","1","MA-162-417AA26-PFW","","","","1","1","1","PC","1","PC","0","1","","","","","1"
"162-417AA30","1","1","1","1","MA-162-417AA30-PFW","","","","1","1","1","PC","1","PC","0","1","","","","","1"
"162-418AA30","1","1","1","1","MA-162-418AA30-PFW","","","","1","1","1","PC","1","PC","0","1","","","","","1"
"1331-102RA","1","1","1","1","MA-1631-102DB","","","","1","1","1","PC","1","PC","0","1","","","","","1"
"1632-406AA32","1","1","1","1","MA-171-406AA32","","","","1","1","1","PC","1","PC","0","1","","","","","1"
"5145-601AA17","1","1","1","1","MA-1751-601AA17","","","","1","1","1","PC","1","PC","0","1","","","","","1"
"5145-601AA18","1","1","1","1","MA-1751-601AA18","","","","1","1","1","PC","1","PC","0","1","","","","","1"
"5145-601AA19","1","1","1","1","MA-1751-601AA19","","","","1","1","1","PC","1","PC","0","1","","","","","1"
"5145-601AA20","1","1","1","1","MA-1751-601AA20","","","","1","1","1","PC","1","PC","0","1","","","","","1"
"3151-601EA32","1","1","1","1","MA-603-601-BLOCK","","","","1","1","1","PC","1","PC","0","1","","","","","1"
"3151-601EA36","1","1","1","1","MA-603-601-BLOCK","","","","1","1","1","PC","1","PC","0","1","","","","","1"
"3151-601EC30","1","1","1","1","MA-603-601-BLOCK","","","","1","1","1","PC","1","PC","0","1","","","","","1"
"3151-601EC34","1","1","1","1","MA-603-601-BLOCK","","","","1","1","1","PC","1","PC","0","1","","","","","1"
"3157-601EA30","1","1","1","1","MA-603-601-BLOCK","","","","1","1","1","PC","1","PC","0","1","","","","","1"
"3157-601EA34","1","1","1","1","MA-603-601-BLOCK","","","","1","1","1","PC","1","PC","0","1","","","","","1"
"TS-4865TA","1","1","1","1","MA-603-601-BLOCK","","","","1","1","1","PC","1","PC","0","1","","","","","1"
"3624-601AC30","1","1","1","1","MA-625-60130","","","","1","1","1","PC","1","PC","0","1","","","","","1"
"888-601JA30","1","1","1","1","MA-4206-601AA30","","","","1","1","1","PC","1","PC","0","1","","","","","1"
"KS51-00101AB","1","1","1","1","MA-RD-0004-01","","","","1","1","1","PC","1","PC","0","1","","","","","1"
"KS51-00101AC","1","1","1","1","MA-RD-0004-01","","","","1","1","1","PC","1","PC","0","1","","","","","1"
"201-602GA13","1","1","1","1","MA-RH-0031A-05C","","","","1","1","1","PC","1","PC","0","1","","","","","1"
"352B-602BB30","1","1","1","1","MA-RH-0031A-05C","","","","1","1","1","PC","1","PC","0","1","","","","","1"
"352B-602BB33","1","1","1","1","MA-RH-0031A-05C","","","","1","1","1","PC","1","PC","0","1","","","","","1"
"474-602BA34","1","1","1","1","MA-RH-0031A-05C","","","","1","1","1","PC","1","PC","0","1","","","","","1"
"474-602BA36","1","1","1","1","MA-RH-0031A-05C","","","","1","1","1","PC","1","PC","0","1","","","","","1"
"474-602BB30","1","1","1","1","MA-RH-0031A-05C","","","","1","1","1","PC","1","PC","0","1","","","","","1"
"474-602BB33","1","1","1","1","MA-RH-0031A-05C","","","","1","1","1","PC","1","PC","0","1","","","","","1"
"474-602BB38","1","1","1","1","MA-RH-0031A-05C","","","","1","1","1","PC","1","PC","0","1","","","","","1"
"478-602BB30","1","1","1","1","MA-RH-0031A-05C","","","","1","1","1","PC","1","PC","0","1","","","","","1"
"478-602BB33","1","1","1","1","MA-RH-0031A-05C","","","","1","1","1","PC","1","PC","0","1","","","","","1"
"478-602BB34","1","1","1","1","MA-RH-0031A-05C","","","","1","1","1","PC","1","PC","0","1","","","","","1"
"478-602BB36","1","1","1","1","MA-RH-0031A-05C","","","","1","1","1","PC","1","PC","0","1","","","","","1"
"478-602BB38","1","1","1","1","MA-RH-0031A-05C","","","","1","1","1","PC","1","PC","0","1","","","","","1"
"478-602EC30","1","1","1","1","MA-RH-0031A-05C","","","","1","1","1","PC","1","PC","0","1","","","","","1"
"478-602EC33","1","1","1","1","MA-RH-0031A-05C","","","","1","1","1","PC","1","PC","0","1","","","","","1"
"478-602EC34","1","1","1","1","MA-RH-0031K-06A","","","","1","1","1","PC","1","PC","0","1","","","","","1"
"478-602EC36","1","1","1","1","MA-RH-0031A-05C","","","","1","1","1","PC","1","PC","0","1","","","","","1"
"478-602EC38","1","1","1","1","MA-RH-0031A-05C","","","","1","1","1","PC","1","PC","0","1","","","","","1"
"478-602KC33","1","1","1","1","MA-RH-0031A-05C","","","","1","1","1","PC","1","PC","0","1","","","","","1"
"478-602LA33","1","1","1","1","MA-RH-0031A-05C","","","","1","1","1","PC","1","PC","0","1","","","","","1"
"478-602MA33","1","1","1","1","MA-RH-0031A-05C","","","","1","1","1","PC","1","PC","0","1","","","","","1"
"479-602AB30","1","1","1","1","MA-RH-0031A-05C","","","","1","1","1","PC","1","PC","0","1","","","","","1"
"479-602AB33","1","1","1","1","MA-RH-0031A-05C","","","","1","1","1","PC","1","PC","0","1","","","","","1"
"479-602AB34","1","1","1","1","MA-RH-0031K-06A","","","","1","1","1","PC","1","PC","0","1","","","","","1"
"479-602AB36","1","1","1","1","MA-RH-0031A-05C","","","","1","1","1","PC","1","PC","0","1","","","","","1"
"479-602AB38","1","1","1","1","MA-RH-0031A-05C","","","","1","1","1","PC","1","PC","0","1","","","","","1"
"479-602BB33","1","1","1","1","MA-RH-0031A-05C","","","","1","1","1","PC","1","PC","0","1","","","","","1"
"479-602BB34","1","1","1","1","MA-RH-0031A-05C","","","","1","1","1","PC","1","PC","0","1","","","","","1"
"479-602BB36","1","1","1","1","MA-RH-0031A-05C","","","","1","1","1","PC","1","PC","0","1","","","","","1"
"479-602BB38","1","1","1","1","MA-RH-0031A-05C","","","","1","1","1","PC","1","PC","0","1","","","","","1"
"479-602EB30","1","1","1","1","MA-RH-0031K-06A","","","","1","1","1","PC","1","PC","0","1","","","","","1"
"479-602EB33","1","1","1","1","MA-RH-0031A-05C","","","","1","1","1","PC","1","PC","0","1","","","","","1"
"479-602EB34","1","1","1","1","MA-RH-0031K-06A","","","","1","1","1","PC","1","PC","0","1","","","","","1"
"479-602EB36","1","1","1","1","MA-RH-0031A-05C","","","","1","1","1","PC","1","PC","0","1","","","","","1"
"485-602BA30","1","1","1","1","MA-RH-0031A-05C","","","","1","1","1","PC","1","PC","0","1","","","","","1"
"485-602BA33","1","1","1","1","MA-RH-0031A-05C","","","","1","1","1","PC","1","PC","0","1","","","","","1"
"485-602BA34","1","1","1","1","MA-RH-0031A-05C","","","","1","1","1","PC","1","PC","0","1","","","","","1"
"485-602BA36","1","1","1","1","MA-RH-0031A-05C","","","","1","1","1","PC","1","PC","0","1","","","","","1"
"485-602BA38","1","1","1","1","MA-RH-0031A-05C","","","","1","1","1","PC","1","PC","0","1","","","","","1"
"5108-602BA30","1","1","1","1","MA-RH-0031A-05C","","","","1","1","1","PC","1","PC","0","1","","","","","1"
"5108-602BA33","1","1","1","1","MA-RH-0031A-05C","","","","1","1","1","PC","1","PC","0","1","","","","","1"
"5108-602BA38","1","1","1","1","MA-RH-0031A-05C","","","","1","1","1","PC","1","PC","0","1","","","","","1"
"5108-602BA42","1","1","1","1","MA-RH-0031A-05C","","","","1","1","1","PC","1","PC","0","1","","","","","1"
"5108-602BB30","1","1","1","1","MA-RH-0031A-05C","","","","1","1","1","PC","1","PC","0","1","","","","","1"
"5120-602BA30","1","1","1","1","MA-RH-0031A-05C","","","","1","1","1","PC","1","PC","0","1","","","","","1"
"5121-602BA34","1","1","1","1","MA-RH-0031A-05C","","","","1","1","1","PC","1","PC","0","1","","","","","1"
"5121-602BA36","1","1","1","1","MA-RH-0031A-05C","","","","1","1","1","PC","1","PC","0","1","","","","","1"
"5121-602BA38","1","1","1","1","MA-RH-0031A-05C","","","","1","1","1","PC","1","PC","0","1","","","","","1"
"5121-602BA40","1","1","1","1","MA-RH-0031A-05C","","","","1","1","1","PC","1","PC","0","1","","","","","1"
"5121-602BA42","1","1","1","1","MA-RH-0031A-05C","","","","1","1","1","PC","1","PC","0","1","","","","","1"
"5121-602BA44","1","1","1","1","MA-RH-0031A-05C","","","","1","1","1","PC","1","PC","0","1","","","","","1"
"5121-602BA48","1","1","1","1","MA-RH-0031A-05C","","","","1","1","1","PC","1","PC","0","1","","","","","1"
"5121-602BB30","1","1","1","1","MA-RH-0031A-05C","","","","1","1","1","PC","1","PC","0","1","","","","","1"
"5121-602CA34","1","1","1","1","MA-RH-0031A-05C","","","","1","1","1","PC","1","PC","0","1","","","","","1"
"5121-602CA44","1","1","1","1","MA-RH-0031A-05C","","","","1","1","1","PC","1","PC","0","1","","","","","1"
"5121-602CA48","1","1","1","1","MA-RH-0031A-05C","","","","1","1","1","PC","1","PC","0","1","","","","","1"
"5121-602LA30","1","1","1","1","MA-RH-0031A-05C","","","","1","1","1","PC","1","PC","0","1","","","","","1"
"5121-602LA36","1","1","1","1","MA-RH-0031A-05C","","","","1","1","1","PC","1","PC","0","1","","","","","1"
"5128-602AA38","1","1","1","1","MA-RH-0031K-06A","","","","1","1","1","PC","1","PC","0","1","","","","","1"
"5128-602AB30","1","1","1","1","MA-RH-0031A-05C","","","","1","1","1","PC","1","PC","0","1","","","","","1"
"5128-602AB33","1","1","1","1","MA-RH-0031A-05C","","","","1","1","1","PC","1","PC","0","1","","","","","1"
"5128-602BB30","1","1","1","1","MA-RH-0031A-05C","","","","1","1","1","PC","1","PC","0","1","","","","","1"
"5128-602BB33","1","1","1","1","MA-RH-0031A-05C","","","","1","1","1","PC","1","PC","0","1","","","","","1"
"5128-602EA38","1","1","1","1","MA-RH-0031K-06A","","","","1","1","1","PC","1","PC","0","1","","","","","1"
"5128-602EB33","1","1","1","1","MA-RH-0031A-05C","","","","1","1","1","PC","1","PC","0","1","","","","","1"
"5128-602XA33","1","1","1","1","MA-RH-0031A-05C","","","","1","1","1","PC","1","PC","0","1","","","","","1"
"5128-602YA33","1","1","1","1","MA-RH-0031A-05C","","","","1","1","1","PC","1","PC","0","1","","","","","1"
"5131-602BA30","1","1","1","1","MA-RH-0031A-05C","","","","1","1","1","PC","1","PC","0","1","","","","","1"
"5131-602BA33","1","1","1","1","MA-RH-0031A-05C","","","","1","1","1","PC","1","PC","0","1","","","","","1"
"5131-602BA34","1","1","1","1","MA-RH-0031A-05C","","","","1","1","1","PC","1","PC","0","1","","","","","1"
"5131-602BA36","1","1","1","1","MA-RH-0031A-05C","","","","1","1","1","PC","1","PC","0","1","","","","","1"
"5131-602BA38","1","1","1","1","MA-RH-0031A-05C","","","","1","1","1","PC","1","PC","0","1","","","","","1"
"5131-602CA38","1","1","1","1","MA-RH-0031A-05C","","","","1","1","1","PC","1","PC","0","1","","","","","1"
"5141-602AA38","1","1","1","1","MA-RH-0031A-05C","","","","1","1","1","PC","1","PC","0","1","","","","","1"
"5141-602BA38","1","1","1","1","MA-RH-0031A-05C","","","","1","1","1","PC","1","PC","0","1","","","","","1"
"5141-602JA38","1","1","1","1","MA-RH-0031A-05C","","","","1","1","1","PC","1","PC","0","1","","","","","1"
"5142-602AA26","1","1","1","1","MA-RH-0031A-05C","","","","1","1","1","PC","1","PC","0","1","","","","","1"
"5142-602AA30","1","1","1","1","MA-RH-0031A-05C","","","","1","1","1","PC","1","PC","0","1","","","","","1"
"5142-602AA32","1","1","1","1","MA-RH-0031K-06A","","","","1","1","1","PC","1","PC","0","1","","","","","1"
"5142-602AA33","1","1","1","1","MA-RH-0031K-06A","","","","1","1","1","PC","1","PC","0","1","","","","","1"
"5142-602AA36","1","1","1","1","MA-RH-0031A-05C","","","","1","1","1","PC","1","PC","0","1","","","","","1"
"5142-602AA38","1","1","1","1","MA-RH-0031A-05C","","","","1","1","1","PC","1","PC","0","1","","","","","1"
"5142-602AA40","1","1","1","1","MA-RH-0031K-06A","","","","1","1","1","PC","1","PC","0","1","","","","","1"
"5142-602AA42","1","1","1","1","MA-RH-0031A-05C","","","","1","1","1","PC","1","PC","0","1","","","","","1"
"5142-602BA26","1","1","1","1","MA-RH-0031A-05C","","","","1","1","1","PC","1","PC","0","1","","","","","1"
"5142-602BA30","1","1","1","1","MA-RH-0031A-05C","","","","1","1","1","PC","1","PC","0","1","","","","","1"
"5142-602BA32","1","1","1","1","MA-RH-0031A-05C","","","","1","1","1","PC","1","PC","0","1","","","","","1"
"5142-602BA33","1","1","1","1","MA-RH-0031A-05C","","","","1","1","1","PC","1","PC","0","1","","","","","1"
"5142-602BA34","1","1","1","1","MA-RH-0031A-05C","","","","1","1","1","PC","1","PC","0","1","","","","","1"
"5142-602BA36","1","1","1","1","MA-RH-0031A-05C","","","","1","1","1","PC","1","PC","0","1","","","","","1"
"5142-602BA38","1","1","1","1","MA-RH-0031A-05C","","","","1","1","1","PC","1","PC","0","1","","","","","1"
"5142-602BA40","1","1","1","1","MA-RH-0031A-05C","","","","1","1","1","PC","1","PC","0","1","","","","","1"
"5142-602BA42","1","1","1","1","MA-RH-0031A-05C","","","","1","1","1","PC","1","PC","0","1","","","","","1"
"5142-602BB30","1","1","1","1","MA-RH-0031A-05C","","","","1","1","1","PC","1","PC","0","1","","","","","1"
"5142-602BB33","1","1","1","1","MA-RH-0031A-05C","","","","1","1","1","PC","1","PC","0","1","","","","","1"
"5142-602BB34","1","1","1","1","MA-RH-0031A-05C","","","","1","1","1","PC","1","PC","0","1","","","","","1"
"5142-602BB38","1","1","1","1","MA-RH-0031A-05C","","","","1","1","1","PC","1","PC","0","1","","","","","1"
"5142-602KA33","1","1","1","1","MA-RH-0031A-05C","","","","1","1","1","PC","1","PC","0","1","","","","","1"
"5143-602CA15","1","1","1","1","MA-RH-0031A-05C","","","","1","1","1","PC","1","PC","0","1","","","","","1"
"5143-602CA17","1","1","1","1","MA-RH-0031A-05C","","","","1","1","1","PC","1","PC","0","1","","","","","1"
"5143-602CA21","1","1","1","1","MA-RH-0031A-05C","","","","1","1","1","PC","1","PC","0","1","","","","","1"
"5143-602CA24","1","1","1","1","MA-RH-0031A-05C","","","","1","1","1","PC","1","PC","0","1","","","","","1"
"5143-602CB19","1","1","1","1","MA-RH-0031A-05C","","","","1","1","1","PC","1","PC","0","1","","","","","1"
"5143-602CB20","1","1","1","1","MA-RH-0031A-05C","","","","1","1","1","PC","1","PC","0","1","","","","","1"
"5144-602AA33","1","1","1","1","MA-RH-0031A-05C","","","","1","1","1","PC","1","PC","0","1","","","","","1"
"5144-602EA38","1","1","1","1","MA-RH-0031A-05C","","","","1","1","1","PC","1","PC","0","1","","","","","1"
"5145-602AA08","1","1","1","1","MA-RH-0031A-05C","","","","1","1","1","PC","1","PC","0","1","","","","","1"
"5145-602AA09","1","1","1","1","MA-RH-0031A-05C","","","","1","1","1","PC","1","PC","0","1","","","","","1"
"5145-602AA10","1","1","1","1","MA-RH-0031A-05C","","","","1","1","1","PC","1","PC","0","1","","","","","1"
"5145-602AA11","1","1","1","1","MA-RH-0031A-05C","","","","1","1","1","PC","1","PC","0","1","","","","","1"
"5145-602AA12","1","1","1","1","MA-RH-0031A-05C","","","","1","1","1","PC","1","PC","0","1","","","","","1"
"5145-602BA09","1","1","1","1","MA-RH-0031A-05C","","","","1","1","1","PC","1","PC","0","1","","","","","1"
"5145-602BA10","1","1","1","1","MA-RH-0031A-05C","","","","1","1","1","PC","1","PC","0","1","","","","","1"
"5145-602BA11","1","1","1","1","MA-RH-0031A-05C","","","","1","1","1","PC","1","PC","0","1","","","","","1"
"5145-602BA12","1","1","1","1","MA-RH-0031A-05C","","","","1","1","1","PC","1","PC","0","1","","","","","1"
"5145-602BA14","1","1","1","1","MA-RH-0031A-05C","","","","1","1","1","PC","1","PC","0","1","","","","","1"
"5145-602CA08","1","1","1","1","MA-RH-0031A-05C","","","","1","1","1","PC","1","PC","0","1","","","","","1"
"5145-602CA09","1","1","1","1","MA-RH-0031A-05C","","","","1","1","1","PC","1","PC","0","1","","","","","1"
"5145-602CA10","1","1","1","1","MA-RH-0031A-05C","","","","1","1","1","PC","1","PC","0","1","","","","","1"
"5145-602CA11","1","1","1","1","MA-RH-0031A-05C","","","","1","1","1","PC","1","PC","0","1","","","","","1"
"5145-602CA12","1","1","1","1","MA-RH-0031A-05C","","","","1","1","1","PC","1","PC","0","1","","","","","1"
"5145-602EA08","1","1","1","1","MA-RH-0031A-05C","","","","1","1","1","PC","1","PC","0","1","","","","","1"
"5145-602EA10","1","1","1","1","MA-RH-0031A-05C","","","","1","1","1","PC","1","PC","0","1","","","","","1"
"5145-602EA11","1","1","1","1","MA-RH-0031A-05C","","","","1","1","1","PC","1","PC","0","1","","","","","1"
"5145-602EA12","1","1","1","1","MA-RH-0031A-05C","","","","1","1","1","PC","1","PC","0","1","","","","","1"
"5145-602GA08","1","1","1","1","MA-RH-0031A-05C","","","","1","1","1","PC","1","PC","0","1","","","","","1"
"5145-602GA09","1","1","1","1","MA-RH-0031A-05C","","","","1","1","1","PC","1","PC","0","1","","","","","1"
"5145-602GA10","1","1","1","1","MA-RH-0031A-05C","","","","1","1","1","PC","1","PC","0","1","","","","","1"
"5145-602GA11","1","1","1","1","MA-RH-0031A-05C","","","","1","1","1","PC","1","PC","0","1","","","","","1"
"5145-602GA12","1","1","1","1","MA-RH-0031A-05C","","","","1","1","1","PC","1","PC","0","1","","","","","1"
"5147-602GA26","1","1","1","1","MA-RH-0031A-05C","","","","1","1","1","PC","1","PC","0","1","","","","","1"
"5151-602KA30","1","1","1","1","MA-RH-0031A-05C","","","","1","1","1","PC","1","PC","0","1","","","","","1"
"5151-602LA30","1","1","1","1","MA-RH-0031A-05C","","","","1","1","1","PC","1","PC","0","1","","","","","1"
"5154-602BA30","1","1","1","1","MA-RH-0031A-05C","","","","1","1","1","PC","1","PC","0","1","","","","","1"
"5154-602BA32","1","1","1","1","MA-RH-0031A-05C","","","","1","1","1","PC","1","PC","0","1","","","","","1"
"5154-602BA33","1","1","1","1","MA-RH-0031A-05C","","","","1","1","1","PC","1","PC","0","1","","","","","1"
"5154-602BA34","1","1","1","1","MA-RH-0031A-05C","","","","1","1","1","PC","1","PC","0","1","","","","","1"
"5154-602BA36","1","1","1","1","MA-RH-0031A-05C","","","","1","1","1","PC","1","PC","0","1","","","","","1"
"5154-602BB30","1","1","1","1","MA-RH-0031A-05C","","","","1","1","1","PC","1","PC","0","1","","","","","1"
"5154-602CA36","1","1","1","1","MA-RH-0031A-05C","","","","1","1","1","PC","1","PC","0","1","","","","","1"
"5157-602BA30","1","1","1","1","MA-RH-0031A-05C","","","","1","1","1","PC","1","PC","0","1","","","","","1"
"5158-602CA17","1","1","1","1","MA-RH-0031A-05C","","","","1","1","1","PC","1","PC","0","1","","","","","1"
"5160-602BA38","1","1","1","1","MA-RH-0031A-05C","","","","1","1","1","PC","1","PC","0","1","","","","","1"
"5160-602CA38","1","1","1","1","MA-RH-0031A-05C","","","","1","1","1","PC","1","PC","0","1","","","","","1"
"5165-602BA30","1","1","1","1","MA-RH-0031A-05C","","","","1","1","1","PC","1","PC","0","1","","","","","1"
"5166-602BA34","1","1","1","1","MA-RH-0031A-05C","","","","1","1","1","PC","1","PC","0","1","","","","","1"
"5206-602BA15","1","1","1","1","MA-RH-0031A-05C","","","","1","1","1","PC","1","PC","0","1","","","","","1"
"5206-602BA16","1","1","1","1","MA-RH-0031A-05C","","","","1","1","1","PC","1","PC","0","1","","","","","1"
"5206-602BA17","1","1","1","1","MA-RH-0031A-05C","","","","1","1","1","PC","1","PC","0","1","","","","","1"
"5206-602CA15","1","1","1","1","MA-RH-0031A-05C","","","","1","1","1","PC","1","PC","0","1","","","","","1"
"5206-602CA16","1","1","1","1","MA-RH-0031A-05C","","","","1","1","1","PC","1","PC","0","1","","","","","1"
"5206-602CA17","1","1","1","1","MA-RH-0031A-05C","","","","1","1","1","PC","1","PC","0","1","","","","","1"
"5206-602GA15","1","1","1","1","MA-RH-0031A-05C","","","","1","1","1","PC","1","PC","0","1","","","","","1"
"5206-602GA16","1","1","1","1","MA-RH-0031A-05C","","","","1","1","1","PC","1","PC","0","1","","","","","1"
"5206-602GA17","1","1","1","1","MA-RH-0031A-05C","","","","1","1","1","PC","1","PC","0","1","","","","","1"
"5207-602BB34","1","1","1","1","MA-RH-0031A-05C","","","","1","1","1","PC","1","PC","0","1","","","","","1"
"5207-606AC34","1","1","1","1","MA-RH-0031A-05C","","","","1","1","1","PC","1","PC","0","1","","","","","1"
"5208-602BB34","1","1","1","1","MA-RH-0031A-05C","","","","1","1","1","PC","1","PC","0","1","","","","","1"
"5208-602CA34","1","1","1","1","MA-RH-0031A-05C","","","","1","1","1","PC","1","PC","0","1","","","","","1"
"5211-602AA36","1","1","1","1","MA-RH-0031A-05C","","","","1","1","1","PC","1","PC","0","1","","","","","1"
"5211-602AB34","1","1","1","1","MA-RH-0031A-05C","","","","1","1","1","PC","1","PC","0","1","","","","","1"
"5211-602BA34","1","1","1","1","MA-RH-0031A-05C","","","","1","1","1","PC","1","PC","0","1","","","","","1"
"5211-602BA36","1","1","1","1","MA-RH-0031A-05C","","","","1","1","1","PC","1","PC","0","1","","","","","1"
"5211-602CA34","1","1","1","1","MA-RH-0031A-05C","","","","1","1","1","PC","1","PC","0","1","","","","","1"
"5211-602CA36","1","1","1","1","MA-RH-0031A-05C","","","","1","1","1","PC","1","PC","0","1","","","","","1"
"5212-602AA34","1","1","1","1","MA-RH-0031A-05C","","","","1","1","1","PC","1","PC","0","1","","","","","1"
"5212-602BA34","1","1","1","1","MA-RH-0031A-05C","","","","1","1","1","PC","1","PC","0","1","","","","","1"
"5212-602BA36","1","1","1","1","MA-RH-0031A-05C","","","","1","1","1","PC","1","PC","0","1","","","","","1"
"5212-602CA34","1","1","1","1","MA-RH-0031A-05C","","","","1","1","1","PC","1","PC","0","1","","","","","1"
"5212-602CA36","1","1","1","1","MA-RH-0031A-05C","","","","1","1","1","PC","1","PC","0","1","","","","","1"
"5213-602BA30","1","1","1","1","MA-RH-0031A-05C","","","","1","1","1","PC","1","PC","0","1","","","","","1"
"5213-602BA34","1","1","1","1","MA-RH-0031A-05C","","","","1","1","1","PC","1","PC","0","1","","","","","1"
"5213-602BA36","1","1","1","1","MA-RH-0031A-05C","","","","1","1","1","PC","1","PC","0","1","","","","","1"
"5213-602CA30","1","1","1","1","MA-RH-0031A-05C","","","","1","1","1","PC","1","PC","0","1","","","","","1"
"5213-602CA34","1","1","1","1","MA-RH-0031A-05C","","","","1","1","1","PC","1","PC","0","1","","","","","1"
"5213-602CA36","1","1","1","1","MA-RH-0031A-05C","","","","1","1","1","PC","1","PC","0","1","","","","","1"
"5308-602BA30","1","1","1","1","MA-RH-0031A-05C","","","","1","1","1","PC","1","PC","0","1","","","","","1"
"5308-602BA33","1","1","1","1","MA-RH-0031A-05C","","","","1","1","1","PC","1","PC","0","1","","","","","1"
"5521-602BA21","1","1","1","1","MA-RH-0031A-05C","","","","1","1","1","PC","1","PC","0","1","","","","","1"
"5521-602BA22","1","1","1","1","MA-RH-0031A-05C","","","","1","1","1","PC","1","PC","0","1","","","","","1"
"5521-602BA23","1","1","1","1","MA-RH-0031A-05C","","","","1","1","1","PC","1","PC","0","1","","","","","1"
"5521-602BA24","1","1","1","1","MA-RH-0031A-05C","","","","1","1","1","PC","1","PC","0","1","","","","","1"
"5521-602BB17","1","1","1","1","MA-RH-0031A-05C","","","","1","1","1","PC","1","PC","0","1","","","","","1"
"5521-602BB18","1","1","1","1","MA-RH-0031A-05C","","","","1","1","1","PC","1","PC","0","1","","","","","1"
"5521-602BB19","1","1","1","1","MA-RH-0031A-05C","","","","1","1","1","PC","1","PC","0","1","","","","","1"
"5528-602BA30","1","1","1","1","MA-RH-0031A-05C","","","","1","1","1","PC","1","PC","0","1","","","","","1"
"5529-602BA34","1","1","1","1","MA-RH-0031A-05C","","","","1","1","1","PC","1","PC","0","1","","","","","1"
"5529-602BA36","1","1","1","1","MA-RH-0031A-05C","","","","1","1","1","PC","1","PC","0","1","","","","","1"
"5529-602BA38","1","1","1","1","MA-RH-0031A-05C","","","","1","1","1","PC","1","PC","0","1","","","","","1"
"5529-602BA42","1","1","1","1","MA-RH-0031A-05C","","","","1","1","1","PC","1","PC","0","1","","","","","1"
"5530-602BA30","1","1","1","1","MA-RH-0031A-05C","","","","1","1","1","PC","1","PC","0","1","","","","","1"
"5530-602BA34","1","1","1","1","MA-RH-0031A-05C","","","","1","1","1","PC","1","PC","0","1","","","","","1"
"5531-602BA30","1","1","1","1","MA-RH-0031A-05C","","","","1","1","1","PC","1","PC","0","1","","","","","1"
"5532-602BA30","1","1","1","1","MA-RH-0031A-05C","","","","1","1","1","PC","1","PC","0","1","","","","","1"
"5533-602BA34","1","1","1","1","MA-RH-0031A-05C","","","","1","1","1","PC","1","PC","0","1","","","","","1"
"5533-602BA38","1","1","1","1","MA-RH-0031A-05C","","","","1","1","1","PC","1","PC","0","1","","","","","1"
"5534-602BA38","1","1","1","1","MA-RH-0031A-05C","","","","1","1","1","PC","1","PC","0","1","","","","","1"
"5535-602BA48","1","1","1","1","MA-RH-0031A-05C","","","","1","1","1","PC","1","PC","0","1","","","","","1"
"5539-602BA38","1","1","1","1","MA-RH-0031A-05C","","","","1","1","1","PC","1","PC","0","1","","","","","1"
"5610-602BA30","1","1","1","1","MA-RH-0031A-05C","","","","1","1","1","PC","1","PC","0","1","","","","","1"
"5610-602BB34","1","1","1","1","MA-RH-0031A-05C","","","","1","1","1","PC","1","PC","0","1","","","","","1"
"5610-602CA30","1","1","1","1","MA-RH-0031A-05C","","","","1","1","1","PC","1","PC","0","1","","","","","1"
"5610-602CB34","1","1","1","1","MA-RH-0031A-05C","","","","1","1","1","PC","1","PC","0","1","","","","","1"
"59-602GB16","1","1","1","1","MA-RH-0031A-05C","","","","1","1","1","PC","1","PC","0","1","","","","","1"
"59-602GB18","1","1","1","1","MA-RH-0031A-05C","","","","1","1","1","PC","1","PC","0","1","","","","","1"
"59-602GB20","1","1","1","1","MA-RH-0031A-05C","","","","1","1","1","PC","1","PC","0","1","","","","","1"
"59-602GB22","1","1","1","1","MA-RH-0031A-05C","","","","1","1","1","PC","1","PC","0","1","","","","","1"
"59-602GB24","1","1","1","1","MA-RH-0031A-05C","","","","1","1","1","PC","1","PC","0","1","","","","","1"
"6102-602AB30","1","1","1","1","MA-RH-0031A-05C","","","","1","1","1","PC","1","PC","0","1","","","","","1"
"6102-602EB30","1","1","1","1","MA-RH-0031A-05C","","","","1","1","1","PC","1","PC","0","1","","","","","1"
"6102-602FB30","1","1","1","1","MA-RH-0031A-05C","","","","1","1","1","PC","1","PC","0","1","","","","","1"
"6102-602GB30","1","1","1","1","MA-RH-0031A-05C","","","","1","1","1","PC","1","PC","0","1","","","","","1"
"6102-606AA30","1","1","1","1","MA-RH-0031A-05C","","","","1","1","1","PC","1","PC","0","1","","","","","1"
"6104-606AA30","1","1","1","1","MA-RH-0031A-05C","","","","1","1","1","PC","1","PC","0","1","","","","","1"
"6104-606AC38","1","1","1","1","MA-RH-0031A-05C","","","","1","1","1","PC","1","PC","0","1","","","","","1"
"6105-606AC38","1","1","1","1","MA-RH-0031A-05C","","","","1","1","1","PC","1","PC","0","1","","","","","1"
"6210-606AA34","1","1","1","1","MA-RH-0031A-05C","","","","1","1","1","PC","1","PC","0","1","","","","","1"
"A211-602AB33","1","1","1","1","MA-RH-0031A-05C","","","","1","1","1","PC","1","PC","0","1","","","","","1"
"A211-602EB33","1","1","1","1","MA-RH-0031A-05C","","","","1","1","1","PC","1","PC","0","1","","","","","1"
"A211-602JB33","1","1","1","1","MA-RH-0031A-05C","","","","1","1","1","PC","1","PC","0","1","","","","","1"
"B311-602AA36","1","1","1","1","MA-RH-0031A-05C","","","","1","1","1","PC","1","PC","0","1","","","","","1"
"B311-602EA36","1","1","1","1","MA-RH-0031A-05C","","","","1","1","1","PC","1","PC","0","1","","","","","1"
"B336-602BB30","1","1","1","1","MA-RH-0031A-05C","","","","1","1","1","PC","1","PC","0","1","","","","","1"
"B336-602BB33","1","1","1","1","MA-RH-0031A-05C","","","","1","1","1","PC","1","PC","0","1","","","","","1"
"B336-602BB34","1","1","1","1","MA-RH-0031A-05C","","","","1","1","1","PC","1","PC","0","1","","","","","1"
"B336-602BB38","1","1","1","1","MA-RH-0031A-05C","","","","1","1","1","PC","1","PC","0","1","","","","","1"
"C479-602AB30","1","1","1","1","MA-RH-0031A-05C","","","","1","1","1","PC","1","PC","0","1","","","","","1"
"C479-602AB33","1","1","1","1","MA-RH-0031A-05C","","","","1","1","1","PC","1","PC","0","1","","","","","1"
"C479-602AB34","1","1","1","1","MA-RH-0031A-05C","","","","1","1","1","PC","1","PC","0","1","","","","","1"
"C479-602AB38","1","1","1","1","MA-RH-0031A-05C","","","","1","1","1","PC","1","PC","0","1","","","","","1"
"C479-602EB30","1","1","1","1","MA-RH-0031A-05C","","","","1","1","1","PC","1","PC","0","1","","","","","1"
"C479-602EB33","1","1","1","1","MA-RH-0031A-05C","","","","1","1","1","PC","1","PC","0","1","","","","","1"
"C479-602EB38","1","1","1","1","MA-RH-0031A-05C","","","","1","1","1","PC","1","PC","0","1","","","","","1"
"E474-602BB34","1","1","1","1","MA-RH-0031A-05C","","","","1","1","1","PC","1","PC","0","1","","","","","1"
"E474-602BB36","1","1","1","1","MA-RH-0031A-05C","","","","1","1","1","PC","1","PC","0","1","","","","","1"
"SPL-1881AB33","1","1","1","1","MA-RH-0031A-05C","","","","1","1","1","PC","1","PC","0","1","","","","","1"
"SPL-1881AB38","1","1","1","1","MA-RH-0031A-05C","","","","1","1","1","PC","1","PC","0","1","","","","","1"
"SPL-1881DA33","1","1","1","1","MA-RH-0031A-05C","","","","1","1","1","PC","1","PC","0","1","","","","","1"
"SPL-1881DA38","1","1","1","1","MA-RH-0031A-05C","","","","1","1","1","PC","1","PC","0","1","","","","","1"
"SPL-1881DB33","1","1","1","1","MA-RH-0031A-05C","","","","1","1","1","PC","1","PC","0","1","","","","","1"
"SPL-1881DB38","1","1","1","1","MA-RH-0031A-05C","","","","1","1","1","PC","1","PC","0","1","","","","","1"
"SPL-1881EB33","1","1","1","1","MA-RH-0031A-05C","","","","1","1","1","PC","1","PC","0","1","","","","","1"
"SPL-1881EB38","1","1","1","1","MA-RH-0031A-05C","","","","1","1","1","PC","1","PC","0","1","","","","","1"
"SPL-2043AA30","1","1","1","1","MA-165-601EA30","","","","1","1","1","PC","1","PC","0","1","","","","","1"
"TS-4974KA18","1","1","1","1","MA-RH-0031A-05C","","","","1","1","1","PC","1","PC","0","1","","","","","1"
"TS-5101FA30","1","1","1","1","MA-RH-0031A-05C","","","","1","1","1","PC","1","PC","0","1","","","","","1"
"00-1158BA30","1","1","1","1","MA-RH-0031A-05D","","","","1","1","1","PC","1","PC","0","1","","","","","1"
"00-1158BA34","1","1","1","1","MA-RH-0031A-05D","","","","1","1","1","PC","1","PC","0","1","","","","","1"
"226-602BA30","1","1","1","1","MA-RH-0031A-05D","","","","1","1","1","PC","1","PC","0","1","","","","","1"
"226-602BA33","1","1","1","1","MA-RH-0031A-05D","","","","1","1","1","PC","1","PC","0","1","","","","","1"
"226-602BA36","1","1","1","1","MA-RH-0031A-05D","","","","1","1","1","PC","1","PC","0","1","","","","","1"
"226-602CA30","1","1","1","1","MA-RH-0031A-05D","","","","1","1","1","PC","1","PC","0","1","","","","","1"
"226-602CA33","1","1","1","1","MA-RH-0031A-05D","","","","1","1","1","PC","1","PC","0","1","","","","","1"
"226-602CA36","1","1","1","1","MA-RH-0031A-05D","","","","1","1","1","PC","1","PC","0","1","","","","","1"
"226-602FA30","1","1","1","1","MA-RH-0031A-05D","","","","1","1","1","PC","1","PC","0","1","","","","","1"
"226-602FA33","1","1","1","1","MA-RH-0031A-05D","","","","1","1","1","PC","1","PC","0","1","","","","","1"
"226-602FA36","1","1","1","1","MA-RH-0031A-05D","","","","1","1","1","PC","1","PC","0","1","","","","","1"
"352B-602AC30","1","1","1","1","MA-RH-0031A-05D","","","","1","1","1","PC","1","PC","0","1","","","","","1"
"352B-602EC30","1","1","1","1","MA-RH-0031A-05D","","","","1","1","1","PC","1","PC","0","1","","","","","1"
"352B-602JC30","1","1","1","1","MA-RH-0031A-05D","","","","1","1","1","PC","1","PC","0","1","","","","","1"
"474-602CC30","1","1","1","1","MA-RH-0031A-05D","","","","1","1","1","PC","1","PC","0","1","","","","","1"
"474-602CC34","1","1","1","1","MA-RH-0031A-05D","","","","1","1","1","PC","1","PC","0","1","","","","","1"
"474-602CC36","1","1","1","1","MA-RH-0031A-05D","","","","1","1","1","PC","1","PC","0","1","","","","","1"
"474-602EA34","1","1","1","1","MA-RH-0031A-05D","","","","1","1","1","PC","1","PC","0","1","","","","","1"
"474-602EB30","1","1","1","1","MA-RH-0031A-05D","","","","1","1","1","PC","1","PC","0","1","","","","","1"
"474-602FA34","1","1","1","1","MA-RH-0031A-05D","","","","1","1","1","PC","1","PC","0","1","","","","","1"
"479-602AB40","1","1","1","1","MA-RH-0031A-05D","","","","1","1","1","PC","1","PC","0","1","","","","","1"
"479-602EB40","1","1","1","1","MA-RH-0031A-05D","","","","1","1","1","PC","1","PC","0","1","","","","","1"
"485-602AB30","1","1","1","1","MA-RH-0031A-05D","","","","1","1","1","PC","1","PC","0","1","","","","","1"
"485-602AB34","1","1","1","1","MA-RH-0031A-05D","","","","1","1","1","PC","1","PC","0","1","","","","","1"
"485-602AB36","1","1","1","1","MA-RH-0031A-05D","","","","1","1","1","PC","1","PC","0","1","","","","","1"
"485-602EB30","1","1","1","1","MA-RH-0031A-05D","","","","1","1","1","PC","1","PC","0","1","","","","","1"
"485-602EB34","1","1","1","1","MA-RH-0031A-05D","","","","1","1","1","PC","1","PC","0","1","","","","","1"
"485-602EB36","1","1","1","1","MA-RH-0031A-05D","","","","1","1","1","PC","1","PC","0","1","","","","","1"
"5108-602AA42","1","1","1","1","MA-RH-0031A-05D","","","","1","1","1","PC","1","PC","0","1","","","","","1"
"5108-602AB30","1","1","1","1","MA-RH-0031A-05D","","","","1","1","1","PC","1","PC","0","1","","","","","1"
"5108-602AB33","1","1","1","1","MA-RH-0031A-05D","","","","1","1","1","PC","1","PC","0","1","","","","","1"
"5108-602AC30","1","1","1","1","MA-RH-0031A-05D","","","","1","1","1","PC","1","PC","0","1","","","","","1"
"5108-602EB30","1","1","1","1","MA-RH-0031A-05D","","","","1","1","1","PC","1","PC","0","1","","","","","1"
"5108-602EB33","1","1","1","1","MA-RH-0031A-05D","","","","1","1","1","PC","1","PC","0","1","","","","","1"
"5121-602AA42","1","1","1","1","MA-RH-0031A-05D","","","","1","1","1","PC","1","PC","0","1","","","","","1"
"5128-602BB38","1","1","1","1","MA-RH-0031A-05D","","","","1","1","1","PC","1","PC","0","1","","","","","1"
"5128-602CA38","1","1","1","1","MA-RH-0031A-05D","","","","1","1","1","PC","1","PC","0","1","","","","","1"
"5128-602CB38","1","1","1","1","MA-RH-0031A-05D","","","","1","1","1","PC","1","PC","0","1","","","","","1"
"5131-602AB30","1","1","1","1","MA-RH-0031A-05D","","","","1","1","1","PC","1","PC","0","1","","","","","1"
"5131-602AB33","1","1","1","1","MA-RH-0031A-05D","","","","1","1","1","PC","1","PC","0","1","","","","","1"
"5144-602BA33","1","1","1","1","MA-RH-0031A-05D","","","","1","1","1","PC","1","PC","0","1","","","","","1"
"5144-602CA33","1","1","1","1","MA-RH-0031A-05D","","","","1","1","1","PC","1","PC","0","1","","","","","1"
"5157-602AA30","1","1","1","1","MA-RH-0031K-06B","","","","1","1","1","PC","1","PC","0","1","","","","","1"
"5202-602BA33","1","1","1","1","MA-RH-0031A-05D","","","","1","1","1","PC","1","PC","0","1","","","","","1"
"5202-602BA36","1","1","1","1","MA-RH-0031A-05D","","","","1","1","1","PC","1","PC","0","1","","","","","1"
"5202-602CA33","1","1","1","1","MA-RH-0031A-05D","","","","1","1","1","PC","1","PC","0","1","","","","","1"
"5202-602CA36","1","1","1","1","MA-RH-0031A-05D","","","","1","1","1","PC","1","PC","0","1","","","","","1"
"5202-602FA33","1","1","1","1","MA-RH-0031A-05D","","","","1","1","1","PC","1","PC","0","1","","","","","1"
"5202-602FA36","1","1","1","1","MA-RH-0031A-05D","","","","1","1","1","PC","1","PC","0","1","","","","","1"
"5208-602AA34","1","1","1","1","MA-RH-0031A-05D","","","","1","1","1","PC","1","PC","0","1","","","","","1"
"5212-602AA36","1","1","1","1","MA-RH-0031A-05D","","","","1","1","1","PC","1","PC","0","1","","","","","1"
"5213-602AA30","1","1","1","1","MA-RH-0031A-05D","","","","1","1","1","PC","1","PC","0","1","","","","","1"
"5213-602AA34","1","1","1","1","MA-RH-0031A-05D","","","","1","1","1","PC","1","PC","0","1","","","","","1"
"5213-602AA36","1","1","1","1","MA-RH-0031A-05D","","","","1","1","1","PC","1","PC","0","1","","","","","1"
"5310-602AA33","1","1","1","1","MA-RH-0031A-05D","","","","1","1","1","PC","1","PC","0","1","","","","","1"
"5310-602BA33","1","1","1","1","MA-RH-0031A-05D","","","","1","1","1","PC","1","PC","0","1","","","","","1"
"5310-602CA33","1","1","1","1","MA-RH-0031A-05D","","","","1","1","1","PC","1","PC","0","1","","","","","1"
"5310-602EA33","1","1","1","1","MA-RH-0031A-05D","","","","1","1","1","PC","1","PC","0","1","","","","","1"
"5310-602GA33","1","1","1","1","MA-RH-0031A-05D","","","","1","1","1","PC","1","PC","0","1","","","","","1"
"5310-602HA33","1","1","1","1","MA-RH-0031A-05D","","","","1","1","1","PC","1","PC","0","1","","","","","1"
"5310-602JA33","1","1","1","1","MA-RH-0031A-05D","","","","1","1","1","PC","1","PC","0","1","","","","","1"
"5517-602AA30","1","1","1","1","MA-RH-0031A-05D","","","","1","1","1","PC","1","PC","0","1","","","","","1"
"5517-602AB34","1","1","1","1","MA-RH-0031A-05D","","","","1","1","1","PC","1","PC","0","1","","","","","1"
"5517-602BA30","1","1","1","1","MA-RH-0031A-05D","","","","1","1","1","PC","1","PC","0","1","","","","","1"
"5517-602BB34","1","1","1","1","MA-RH-0031A-05D","","","","1","1","1","PC","1","PC","0","1","","","","","1"
"5517-602CA30","1","1","1","1","MA-RH-0031A-05D","","","","1","1","1","PC","1","PC","0","1","","","","","1"
"5517-602DA30","1","1","1","1","MA-RH-0031A-05D","","","","1","1","1","PC","1","PC","0","1","","","","","1"
"5517-602EA30","1","1","1","1","MA-RH-0031A-05D","","","","1","1","1","PC","1","PC","0","1","","","","","1"
"5517-602EB34","1","1","1","1","MA-RH-0031A-05D","","","","1","1","1","PC","1","PC","0","1","","","","","1"
"5517-602FA30","1","1","1","1","MA-RH-0031A-05D","","","","1","1","1","PC","1","PC","0","1","","","","","1"
"5517-602FB34","1","1","1","1","MA-RH-0031A-05D","","","","1","1","1","PC","1","PC","0","1","","","","","1"
"5517-602GB30","1","1","1","1","MA-RH-0031A-05D","","","","1","1","1","PC","1","PC","0","1","","","","","1"
"5517-602GB34","1","1","1","1","MA-RH-0031A-05D","","","","1","1","1","PC","1","PC","0","1","","","","","1"
"5517-602HA30","1","1","1","1","MA-RH-0031A-05D","","","","1","1","1","PC","1","PC","0","1","","","","","1"
"5517-602HB34","1","1","1","1","MA-RH-0031A-05D","","","","1","1","1","PC","1","PC","0","1","","","","","1"
"5528-602AA30","1","1","1","1","MA-RH-0031A-05D","","","","1","1","1","PC","1","PC","0","1","","","","","1"
"5532-602AA30","1","1","1","1","MA-RH-0031A-05D","","","","1","1","1","PC","1","PC","0","1","","","","","1"
"5534-602AA38","1","1","1","1","MA-RH-0031K-06KB","","","","1","1","1","PC","1","PC","0","1","","","","","1"
"5606-602BB34","1","1","1","1","MA-RH-0031A-05D","","","","1","1","1","PC","1","PC","0","1","","","","","1"
"5606-602CB34","1","1","1","1","MA-RH-0031A-05D","","","","1","1","1","PC","1","PC","0","1","","","","","1"
"5606-602DB34","1","1","1","1","MA-RH-0031A-05D","","","","1","1","1","PC","1","PC","0","1","","","","","1"
"5606-602EB34","1","1","1","1","MA-RH-0031A-05D","","","","1","1","1","PC","1","PC","0","1","","","","","1"
"5606-602FB34","1","1","1","1","MA-RH-0031A-05D","","","","1","1","1","PC","1","PC","0","1","","","","","1"
"5606-602GA34","1","1","1","1","MA-RH-0031A-05D","","","","1","1","1","PC","1","PC","0","1","","","","","1"
"5606-602HA34","1","1","1","1","MA-RH-0031A-05D","","","","1","1","1","PC","1","PC","0","1","","","","","1"
"5607-602CA34","1","1","1","1","MA-RH-0031A-05D","","","","1","1","1","PC","1","PC","0","1","","","","","1"
"5610-602AA30","1","1","1","1","MA-RH-0031A-05D","","","","1","1","1","PC","1","PC","0","1","","","","","1"
"5610-602AB34","1","1","1","1","MA-RH-0031A-05D","","","","1","1","1","PC","1","PC","0","1","","","","","1"
"6207-602EC34","1","1","1","1","MA-RH-0031A-05D","","","","1","1","1","PC","1","PC","0","1","","","","","1"
"A211-602BA33","1","1","1","1","MA-RH-0031A-05D","","","","1","1","1","PC","1","PC","0","1","","","","","1"
"B311-602BA36","1","1","1","1","MA-RH-0031A-05D","","","","1","1","1","PC","1","PC","0","1","","","","","1"
"E474-602AC34","1","1","1","1","MA-RH-0031A-05D","","","","1","1","1","PC","1","PC","0","1","","","","","1"
"E474-602AC36","1","1","1","1","MA-RH-0031A-05D","","","","1","1","1","PC","1","PC","0","1","","","","","1"
"E474-602EC34","1","1","1","1","MA-RH-0031A-05D","","","","1","1","1","PC","1","PC","0","1","","","","","1"
"E474-602EC36","1","1","1","1","MA-RH-0031A-05D","","","","1","1","1","PC","1","PC","0","1","","","","","1"
"352B-602AC33","1","1","1","1","MA-RH-0031A-05E","","","","1","1","1","PC","1","PC","0","1","","","","","1"
"352B-602AC34","1","1","1","1","MA-RH-0031A-05E","","","","1","1","1","PC","1","PC","0","1","","","","","1"
"352B-602AC38","1","1","1","1","MA-RH-0031A-05E","","","","1","1","1","PC","1","PC","0","1","","","","","1"
"352B-602EC33","1","1","1","1","MA-RH-0031A-05E","","","","1","1","1","PC","1","PC","0","1","","","","","1"
"352B-602EC34","1","1","1","1","MA-RH-0031A-05E","","","","1","1","1","PC","1","PC","0","1","","","","","1"
"352B-602EC38","1","1","1","1","MA-RH-0031A-05E","","","","1","1","1","PC","1","PC","0","1","","","","","1"
"352B-602JC33","1","1","1","1","MA-RH-0031A-05E","","","","1","1","1","PC","1","PC","0","1","","","","","1"
"352B-602JC34","1","1","1","1","MA-RH-0031A-05E","","","","1","1","1","PC","1","PC","0","1","","","","","1"
"352B-602JC38","1","1","1","1","MA-RH-0031A-05E","","","","1","1","1","PC","1","PC","0","1","","","","","1"
"474-602CC33","1","1","1","1","MA-RH-0031A-05E","","","","1","1","1","PC","1","PC","0","1","","","","","1"
"474-602CC38","1","1","1","1","MA-RH-0031A-05E","","","","1","1","1","PC","1","PC","0","1","","","","","1"
"474-602EB33","1","1","1","1","MA-RH-0031A-05E","","","","1","1","1","PC","1","PC","0","1","","","","","1"
"474-602EB38","1","1","1","1","MA-RH-0031A-05E","","","","1","1","1","PC","1","PC","0","1","","","","","1"
"474-602JB33","1","1","1","1","MA-RH-0031A-05E","","","","1","1","1","PC","1","PC","0","1","","","","","1"
"474-602JB38","1","1","1","1","MA-RH-0031A-05E","","","","1","1","1","PC","1","PC","0","1","","","","","1"
"485-602AB33","1","1","1","1","MA-RH-0031A-05E","","","","1","1","1","PC","1","PC","0","1","","","","","1"
"485-602AB38","1","1","1","1","MA-RH-0031A-05E","","","","1","1","1","PC","1","PC","0","1","","","","","1"
"485-602EB33","1","1","1","1","MA-RH-0031A-05E","","","","1","1","1","PC","1","PC","0","1","","","","","1"
"485-602EB38","1","1","1","1","MA-RH-0031A-05E","","","","1","1","1","PC","1","PC","0","1","","","","","1"
"5108-602AB38","1","1","1","1","MA-RH-0031A-05E","","","","1","1","1","PC","1","PC","0","1","","","","","1"
"5108-602EB38","1","1","1","1","MA-RH-0031A-05E","","","","1","1","1","PC","1","PC","0","1","","","","","1"
"5131-602AB38","1","1","1","1","MA-RH-0031A-05E","","","","1","1","1","PC","1","PC","0","1","","","","","1"
"5158-602AA17","1","1","1","1","MA-RH-0031A-05E","","","","1","1","1","PC","1","PC","0","1","","","","","1"
"5529-602AA34","1","1","1","1","MA-RH-0031A-05E","","","","1","1","1","PC","1","PC","0","1","","","","","1"
"5529-602AA36","1","1","1","1","MA-RH-0031A-05E","","","","1","1","1","PC","1","PC","0","1","","","","","1"
"5529-602AA42","1","1","1","1","MA-RH-0031A-05E","","","","1","1","1","PC","1","PC","0","1","","","","","1"
"5529-602AB38","1","1","1","1","MA-RH-0031A-05E","","","","1","1","1","PC","1","PC","0","1","","","","","1"
"5529-602EA42","1","1","1","1","MA-RH-0031A-05E","","","","1","1","1","PC","1","PC","0","1","","","","","1"
"5531-602AA30","1","1","1","1","MA-RH-0031A-05E","","","","1","1","1","PC","1","PC","0","1","","","","","1"
"5531-602EA30","1","1","1","1","MA-RH-0031A-05E","","","","1","1","1","PC","1","PC","0","1","","","","","1"
"5535-602AA48","1","1","1","1","MA-RH-0031A-05E","","","","1","1","1","PC","1","PC","0","1","","","","","1"
"5535-602EA48","1","1","1","1","MA-RH-0031A-05E","","","","1","1","1","PC","1","PC","0","1","","","","","1"
"5609-602EA34","1","1","1","1","MA-RH-0031A-05E","","","","1","1","1","PC","1","PC","0","1","","","","","1"
"5609-602FA34","1","1","1","1","MA-RH-0031A-05E","","","","1","1","1","PC","1","PC","0","1","","","","","1"
"5609-602GA34","1","1","1","1","MA-RH-0031A-05E","","","","1","1","1","PC","1","PC","0","1","","","","","1"
"5609-602HA34","1","1","1","1","MA-RH-0031A-05E","","","","1","1","1","PC","1","PC","0","1","","","","","1"
"B336-602AC30","1","1","1","1","MA-RH-0031A-05E","","","","1","1","1","PC","1","PC","0","1","","","","","1"
"B336-602AC33","1","1","1","1","MA-RH-0031A-05E","","","","1","1","1","PC","1","PC","0","1","","","","","1"
"B336-602EC30","1","1","1","1","MA-RH-0031A-05E","","","","1","1","1","PC","1","PC","0","1","","","","","1"
"B336-602EC33","1","1","1","1","MA-RH-0031A-05E","","","","1","1","1","PC","1","PC","0","1","","","","","1"
"00-1158AA30","1","1","1","1","MA-RH-0031A-05F","","","","1","1","1","PC","1","PC","0","1","","","","","1"
"00-1158AA34","1","1","1","1","MA-RH-0031A-05F","","","","1","1","1","PC","1","PC","0","1","","","","","1"
"5121-602AA40","1","1","1","1","MA-RH-0031A-05F","","","","1","1","1","PC","1","PC","0","1","","","","","1"
"5121-602AA44","1","1","1","1","MA-RH-0031A-05F","","","","1","1","1","PC","1","PC","0","1","","","","","1"
"5121-602AB33","1","1","1","1","MA-RH-0031A-05F","","","","1","1","1","PC","1","PC","0","1","","","","","1"
"5121-602AB34","1","1","1","1","MA-RH-0031A-05F","","","","1","1","1","PC","1","PC","0","1","","","","","1"
"5121-602AB36","1","1","1","1","MA-RH-0031A-05F","","","","1","1","1","PC","1","PC","0","1","","","","","1"
"5121-602AB38","1","1","1","1","MA-RH-0031A-05F","","","","1","1","1","PC","1","PC","0","1","","","","","1"
"5121-602EB33","1","1","1","1","MA-RH-0031A-05F","","","","1","1","1","PC","1","PC","0","1","","","","","1"
"5121-602EB34","1","1","1","1","MA-RH-0031A-05F","","","","1","1","1","PC","1","PC","0","1","","","","","1"
"5121-602EB36","1","1","1","1","MA-RH-0031A-05F","","","","1","1","1","PC","1","PC","0","1","","","","","1"
"5121-602EB38","1","1","1","1","MA-RH-0031A-05F","","","","1","1","1","PC","1","PC","0","1","","","","","1"
"5121-602KA36","1","1","1","1","MA-RH-0031A-05F","","","","1","1","1","PC","1","PC","0","1","","","","","1"
"5160-602AA38","1","1","1","1","MA-RH-0031A-05F","","","","1","1","1","PC","1","PC","0","1","","","","","1"
"5308-602AB30","1","1","1","1","MA-RH-0031A-05F","","","","1","1","1","PC","1","PC","0","1","","","","","1"
"5308-602AB33","1","1","1","1","MA-RH-0031A-05F","","","","1","1","1","PC","1","PC","0","1","","","","","1"
"5308-602EB30","1","1","1","1","MA-RH-0031A-05F","","","","1","1","1","PC","1","PC","0","1","","","","","1"
"5308-602EB33","1","1","1","1","MA-RH-0031A-05F","","","","1","1","1","PC","1","PC","0","1","","","","","1"
"5521-602AC18","1","1","1","1","MA-RH-0031A-05F","","","","1","1","1","PC","1","PC","0","1","","","","","1"
"5533-602AA34","1","1","1","1","MA-RH-0031A-05F","","","","1","1","1","PC","1","PC","0","1","","","","","1"
"5533-602AA38","1","1","1","1","MA-RH-0031A-05F","","","","1","1","1","PC","1","PC","0","1","","","","","1"
"5533-602EA34","1","1","1","1","MA-RH-0031A-05F","","","","1","1","1","PC","1","PC","0","1","","","","","1"
"B336-602AC34","1","1","1","1","MA-RH-0031A-05F","","","","1","1","1","PC","1","PC","0","1","","","","","1"
"B336-602AC36","1","1","1","1","MA-RH-0031A-05F","","","","1","1","1","PC","1","PC","0","1","","","","","1"
"B336-602AC38","1","1","1","1","MA-RH-0031A-05F","","","","1","1","1","PC","1","PC","0","1","","","","","1"
"B336-602EC34","1","1","1","1","MA-RH-0031A-05F","","","","1","1","1","PC","1","PC","0","1","","","","","1"
"B336-602EC36","1","1","1","1","MA-RH-0031A-05F","","","","1","1","1","PC","1","PC","0","1","","","","","1"
"B336-602EC38","1","1","1","1","MA-RH-0031A-05F","","","","1","1","1","PC","1","PC","0","1","","","","","1"
"6104-602AA30","1","1","1","1","MA-RH-0031K-06G","","","","1","1","1","PC","1","PC","0","1","","","","","1"
"6104-602AA34","1","1","1","1","MA-RH-0031K-06G","","","","1","1","1","PC","1","PC","0","1","","","","","1"
"6104-602AB38","1","1","1","1","MA-RH-0031A-05H","","","","1","1","1","PC","1","PC","0","1","","","","","1"
"6104-602BA30","1","1","1","1","MA-RH-0031A-05H","","","","1","1","1","PC","1","PC","0","1","","","","","1"
"6104-602BA34","1","1","1","1","MA-RH-0031K-06G","","","","1","1","1","PC","1","PC","0","1","","","","","1"
"6104-602BB38","1","1","1","1","MA-RH-0031A-05H","","","","1","1","1","PC","1","PC","0","1","","","","","1"
"6104-602CA30","1","1","1","1","MA-RH-0031A-05H","","","","1","1","1","PC","1","PC","0","1","","","","","1"
"6104-602CA34","1","1","1","1","MA-RH-0031A-05H","","","","1","1","1","PC","1","PC","0","1","","","","","1"
"6104-602CB38","1","1","1","1","MA-RH-0031A-05H","","","","1","1","1","PC","1","PC","0","1","","","","","1"
"6104-602DA30","1","1","1","1","MA-RH-0031A-05H","","","","1","1","1","PC","1","PC","0","1","","","","","1"
"6104-602DA34","1","1","1","1","MA-RH-0031A-05H","","","","1","1","1","PC","1","PC","0","1","","","","","1"
"6104-602DB38","1","1","1","1","MA-RH-0031A-05H","","","","1","1","1","PC","1","PC","0","1","","","","","1"
"6105-602AA36","1","1","1","1","MA-RH-0031K-06G","","","","1","1","1","PC","1","PC","0","1","","","","","1"
"6105-602AB38","1","1","1","1","MA-RH-0031K-06TA","","","","1","1","1","PC","1","PC","0","1","","","","","1"
"6105-602AB42","1","1","1","1","MA-RH-0031A-05H","","","","1","1","1","PC","1","PC","0","1","","","","","1"
"6105-602BA36","1","1","1","1","MA-RH-0031K-06G","","","","1","1","1","PC","1","PC","0","1","","","","","1"
"6105-602BB38","1","1","1","1","MA-RH-0031K-06G","","","","1","1","1","PC","1","PC","0","1","","","","","1"
"6105-602BB42","1","1","1","1","MA-RH-0031A-05H","","","","1","1","1","PC","1","PC","0","1","","","","","1"
"6105-602CA36","1","1","1","1","MA-RH-0031A-05H","","","","1","1","1","PC","1","PC","0","1","","","","","1"
"6105-602CB38","1","1","1","1","MA-RH-0031A-05H","","","","1","1","1","PC","1","PC","0","1","","","","","1"
"6105-602DA36","1","1","1","1","MA-RH-0031A-05H","","","","1","1","1","PC","1","PC","0","1","","","","","1"
"6105-602DB38","1","1","1","1","MA-RH-0031A-05H","","","","1","1","1","PC","1","PC","0","1","","","","","1"
"6105-602DB42","1","1","1","1","MA-RH-0031A-05H","","","","1","1","1","PC","1","PC","0","1","","","","","1"
"6105-602EA36","1","1","1","1","MA-RH-0031K-06G","","","","1","1","1","PC","1","PC","0","1","","","","","1"
"6105-602EB38","1","1","1","1","MA-RH-0031K-06G","","","","1","1","1","PC","1","PC","0","1","","","","","1"
"6105-602EB42","1","1","1","1","MA-RH-0031A-05H","","","","1","1","1","PC","1","PC","0","1","","","","","1"
"6206-602AA34","1","1","1","1","MA-RH-0031A-05H","","","","1","1","1","PC","1","PC","0","1","","","","","1"
"6206-602CA34","1","1","1","1","MA-RH-0031A-05H","","","","1","1","1","PC","1","PC","0","1","","","","","1"
"6206-602DA34","1","1","1","1","MA-RH-0031A-05H","","","","1","1","1","PC","1","PC","0","1","","","","","1"
"6206-602EA34","1","1","1","1","MA-RH-0031A-05H","","","","1","1","1","PC","1","PC","0","1","","","","","1"
"6206-602FA34","1","1","1","1","MA-RH-0031A-05H","","","","1","1","1","PC","1","PC","0","1","","","","","1"
"6206-602GA34","1","1","1","1","MA-RH-0031A-05H","","","","1","1","1","PC","1","PC","0","1","","","","","1"
"6206-602HA34","1","1","1","1","MA-RH-0031A-05H","","","","1","1","1","PC","1","PC","0","1","","","","","1"
"6207-602AD34","1","1","1","1","MA-RH-0031A-05H","","","","1","1","1","PC","1","PC","0","1","","","","","1"
"6207-602BC34","1","1","1","1","MA-RH-0031A-05H","","","","1","1","1","PC","1","PC","0","1","","","","","1"
"6207-602CC34","1","1","1","1","MA-RH-0031A-05H","","","","1","1","1","PC","1","PC","0","1","","","","","1"
"6207-602DC34","1","1","1","1","MA-RH-0031A-05H","","","","1","1","1","PC","1","PC","0","1","","","","","1"
"6207-602FD34","1","1","1","1","MA-RH-0031A-05H","","","","1","1","1","PC","1","PC","0","1","","","","","1"
"6207-602GC34","1","1","1","1","MA-RH-0031A-05H","","","","1","1","1","PC","1","PC","0","1","","","","","1"
"6207-602HC34","1","1","1","1","MA-RH-0031A-05H","","","","1","1","1","PC","1","PC","0","1","","","","","1"
"6207-602JC34","1","1","1","1","MA-RH-0031A-05H","","","","1","1","1","PC","1","PC","0","1","","","","","1"
"6207-602KB34","1","1","1","1","MA-RH-0031A-05H","","","","1","1","1","PC","1","PC","0","1","","","","","1"
"6209-602AB34","1","1","1","1","MA-RH-0031A-05H","","","","1","1","1","PC","1","PC","0","1","","","","","1"
"6209-602BB34","1","1","1","1","MA-RH-0031A-05H","","","","1","1","1","PC","1","PC","0","1","","","","","1"
"6209-602CB34","1","1","1","1","MA-RH-0031A-05H","","","","1","1","1","PC","1","PC","0","1","","","","","1"
"6209-602DB34","1","1","1","1","MA-RH-0031A-05H","","","","1","1","1","PC","1","PC","0","1","","","","","1"
"6209-602EB34","1","1","1","1","MA-RH-0031A-05H","","","","1","1","1","PC","1","PC","0","1","","","","","1"
"6209-602FA34","1","1","1","1","MA-RH-0031A-05H","","","","1","1","1","PC","1","PC","0","1","","","","","1"
"6209-606AA34","1","1","1","1","MA-RH-0031A-05H","","","","1","1","1","PC","1","PC","0","1","","","","","1"
"6210-602AC34","1","1","1","1","MA-RH-0031K-06G","","","","1","1","1","PC","1","PC","0","1","","","","","1"
"6210-602BC34","1","1","1","1","MA-RH-0031K-06G","","","","1","1","1","PC","1","PC","0","1","","","","","1"
"6210-602CB34","1","1","1","1","MA-RH-0031K-06G","","","","1","1","1","PC","1","PC","0","1","","","","","1"
"6210-602DB34","1","1","1","1","MA-RH-0031A-05H","","","","1","1","1","PC","1","PC","0","1","","","","","1"
"6210-602EC34","1","1","1","1","MA-RH-0031A-05H","","","","1","1","1","PC","1","PC","0","1","","","","","1"
"6210-602FB34","1","1","1","1","MA-RH-0031A-05H","","","","1","1","1","PC","1","PC","0","1","","","","","1"
"6210-602GA34","1","1","1","1","MA-RH-0031A-05H","","","","1","1","1","PC","1","PC","0","1","","","","","1"
"6210-602HB34","1","1","1","1","MA-RH-0031A-05H","","","","1","1","1","PC","1","PC","0","1","","","","","1"
"6210-602JB34","1","1","1","1","MA-RH-0031A-05H","","","","1","1","1","PC","1","PC","0","1","","","","","1"
"6210-602KA34","1","1","1","1","MA-RH-0031A-05H","","","","1","1","1","PC","1","PC","0","1","","","","","1"
"6210-602LA34","1","1","1","1","MA-RH-0031A-05H","","","","1","1","1","PC","1","PC","0","1","","","","","1"
"6210-602MB34","1","1","1","1","MA-RH-0031A-05H","","","","1","1","1","PC","1","PC","0","1","","","","","1"
"6210-602NB34","1","1","1","1","MA-RH-0031A-05H","","","","1","1","1","PC","1","PC","0","1","","","","","1"
"6210-602QA34","1","1","1","1","MA-RH-0031A-05H","","","","1","1","1","PC","1","PC","0","1","","","","","1"
"6210-602RB34","1","1","1","1","MA-RH-0031A-05H","","","","1","1","1","PC","1","PC","0","1","","","","","1"
"6210-602TA34","1","1","1","1","MA-RH-0031A-05H","","","","1","1","1","PC","1","PC","0","1","","","","","1"
"SPL-2043AA34","1","1","1","1","MA-165-601EA34","","","","1","1","1","PC","1","PC","0","1","","","","","1"
"SPL-2387AA","1","1","1","1","MA-RH-0031A-05H","","","","1","1","1","PC","1","PC","0","1","","","","","1"
"SPL-2387BA","1","1","1","1","MA-RH-0031A-05H","","","","1","1","1","PC","1","PC","0","1","","","","","1"
"SPL-2387CA","1","1","1","1","MA-RH-0031A-05H","","","","1","1","1","PC","1","PC","0","1","","","","","1"
"SPL-2387DA","1","1","1","1","MA-RH-0031A-05H","","","","1","1","1","PC","1","PC","0","1","","","","","1"
"SPL-2387FA","1","1","1","1","MA-RH-0031A-05H","","","","1","1","1","PC","1","PC","0","1","","","","","1"
"SPL-2387GA","1","1","1","1","MA-RH-0031A-05H","","","","1","1","1","PC","1","PC","0","1","","","","","1"
"SPL-2387HA","1","1","1","1","MA-RH-0031A-05H","","","","1","1","1","PC","1","PC","0","1","","","","","1"
"SPL-2387JA","1","1","1","1","MA-RH-0031A-05H","","","","1","1","1","PC","1","PC","0","1","","","","","1"
"5118-602AB30","1","1","1","1","MA-RH-0031A-06E","","","","1","1","1","PC","1","PC","0","1","","","","","1"
"5120-602AB30","1","1","1","1","MA-RH-0031A-06E","","","","1","1","1","PC","1","PC","0","1","","","","","1"
"5120-602EB30","1","1","1","1","MA-RH-0031A-06E","","","","1","1","1","PC","1","PC","0","1","","","","","1"
"5121-602AB30","1","1","1","1","MA-RH-0031A-06E","","","","1","1","1","PC","1","PC","0","1","","","","","1"
"5121-602BA33","1","1","1","1","MA-RH-0031A-06E","","","","1","1","1","PC","1","PC","0","1","","","","","1"
"5121-602EB30","1","1","1","1","MA-RH-0031A-06E","","","","1","1","1","PC","1","PC","0","1","","","","","1"
"5121-602KA30","1","1","1","1","MA-RH-0031A-06E","","","","1","1","1","PC","1","PC","0","1","","","","","1"
"5131-602AB34","1","1","1","1","MA-RH-0031A-06E","","","","1","1","1","PC","1","PC","0","1","","","","","1"
"5131-602AB36","1","1","1","1","MA-RH-0031A-06E","","","","1","1","1","PC","1","PC","0","1","","","","","1"
"5144-602BA38","1","1","1","1","MA-RH-0031A-06E","","","","1","1","1","PC","1","PC","0","1","","","","","1"
"5144-602CA38","1","1","1","1","MA-RH-0031A-06E","","","","1","1","1","PC","1","PC","0","1","","","","","1"
"5165-602AA30","1","1","1","1","MA-RH-0031A-06E","","","","1","1","1","PC","1","PC","0","1","","","","","1"
"5521-602AA22","1","1","1","1","MA-RH-0031A-06E","","","","1","1","1","PC","1","PC","0","1","","","","","1"
"5521-602AA24","1","1","1","1","MA-RH-0031A-06E","","","","1","1","1","PC","1","PC","0","1","","","","","1"
"5521-602AC17","1","1","1","1","MA-RH-0031A-06E","","","","1","1","1","PC","1","PC","0","1","","","","","1"
"5521-602AC19","1","1","1","1","MA-RH-0031A-06E","","","","1","1","1","PC","1","PC","0","1","","","","","1"
"201-602AA13","1","1","1","1","MA-RH-0031A-07E","","","","1","1","1","PC","1","PC","0","1","","","","","1"
"201-602BA13","1","1","1","1","MA-RH-0031A-07E","","","","1","1","1","PC","1","PC","0","1","","","","","1"
"201-602CA13","1","1","1","1","MA-RH-0031A-07E","","","","1","1","1","PC","1","PC","0","1","","","","","1"
"201-602DA13","1","1","1","1","MA-RH-0031A-07E","","","","1","1","1","PC","1","PC","0","1","","","","","1"
"201-602EA13","1","1","1","1","MA-RH-0031A-07E","","","","1","1","1","PC","1","PC","0","1","","","","","1"
"201-602FA13","1","1","1","1","MA-RH-0031A-07E","","","","1","1","1","PC","1","PC","0","1","","","","","1"
"5143-602AA15","1","1","1","1","MA-RH-0031A-07E","","","","1","1","1","PC","1","PC","0","1","","","","","1"
"5143-602AA17","1","1","1","1","MA-RH-0031A-07E","","","","1","1","1","PC","1","PC","0","1","","","","","1"
"5143-602AA18","1","1","1","1","MA-RH-0031A-07E","","","","1","1","1","PC","1","PC","0","1","","","","","1"
"5143-602AA19","1","1","1","1","MA-RH-0031A-07E","","","","1","1","1","PC","1","PC","0","1","","","","","1"
"5143-602AA20","1","1","1","1","MA-RH-0031A-07E","","","","1","1","1","PC","1","PC","0","1","","","","","1"
"5143-602AA21","1","1","1","1","MA-RH-0031A-07E","","","","1","1","1","PC","1","PC","0","1","","","","","1"
"5143-602AA24","1","1","1","1","MA-RH-0031A-07E","","","","1","1","1","PC","1","PC","0","1","","","","","1"
"5143-602AB18","1","1","1","1","MA-RH-0031A-07E","","","","1","1","1","PC","1","PC","0","1","","","","","1"
"5143-602BA15","1","1","1","1","MA-RH-0031A-07E","","","","1","1","1","PC","1","PC","0","1","","","","","1"
"5143-602BA18","1","1","1","1","MA-RH-0031A-07E","","","","1","1","1","PC","1","PC","0","1","","","","","1"
"5143-602BA19","1","1","1","1","MA-RH-0031A-07E","","","","1","1","1","PC","1","PC","0","1","","","","","1"
"5143-602BA20","1","1","1","1","MA-RH-0031A-07E","","","","1","1","1","PC","1","PC","0","1","","","","","1"
"5143-602BA21","1","1","1","1","MA-RH-0031A-07E","","","","1","1","1","PC","1","PC","0","1","","","","","1"
"5143-602BA24","1","1","1","1","MA-RH-0031A-07E","","","","1","1","1","PC","1","PC","0","1","","","","","1"
"5143-602BB18","1","1","1","1","MA-RH-0031A-07E","","","","1","1","1","PC","1","PC","0","1","","","","","1"
"5143-602CA18","1","1","1","1","MA-RH-0031A-07E","","","","1","1","1","PC","1","PC","0","1","","","","","1"
"5143-602EA18","1","1","1","1","MA-RH-0031A-07E","","","","1","1","1","PC","1","PC","0","1","","","","","1"
"5143-602EA19","1","1","1","1","MA-RH-0031A-07E","","","","1","1","1","PC","1","PC","0","1","","","","","1"
"5145-602AA13","1","1","1","1","MA-RH-0031A-07E","","","","1","1","1","PC","1","PC","0","1","","","","","1"
"5145-602AA14","1","1","1","1","MA-RH-0031A-07E","","","","1","1","1","PC","1","PC","0","1","","","","","1"
"5145-602AA15","1","1","1","1","MA-RH-0031A-07E","","","","1","1","1","PC","1","PC","0","1","","","","","1"
"5145-602AA16","1","1","1","1","MA-RH-0031A-07E","","","","1","1","1","PC","1","PC","0","1","","","","","1"
"5145-602AA17","1","1","1","1","MA-RH-0031A-07E","","","","1","1","1","PC","1","PC","0","1","","","","","1"
"5145-602AA18","1","1","1","1","MA-RH-0031A-07E","","","","1","1","1","PC","1","PC","0","1","","","","","1"
"5145-602AA19","1","1","1","1","MA-RH-0031A-07E","","","","1","1","1","PC","1","PC","0","1","","","","","1"
"5145-602AA20","1","1","1","1","MA-RH-0031A-07E","","","","1","1","1","PC","1","PC","0","1","","","","","1"
"5145-602AA21","1","1","1","1","MA-RH-0031A-07E","","","","1","1","1","PC","1","PC","0","1","","","","","1"
"5145-602AA22","1","1","1","1","MA-RH-0031A-07E","","","","1","1","1","PC","1","PC","0","1","","","","","1"
"5145-602AA23","1","1","1","1","MA-RH-0031A-07E","","","","1","1","1","PC","1","PC","0","1","","","","","1"
"5145-602AA24","1","1","1","1","MA-RH-0031A-07E","","","","1","1","1","PC","1","PC","0","1","","","","","1"
"5145-602EA13","1","1","1","1","MA-RH-0031A-07E","","","","1","1","1","PC","1","PC","0","1","","","","","1"
"5145-602EA14","1","1","1","1","MA-RH-0031A-07E","","","","1","1","1","PC","1","PC","0","1","","","","","1"
"5145-602EA15","1","1","1","1","MA-RH-0031A-07E","","","","1","1","1","PC","1","PC","0","1","","","","","1"
"5145-602EA16","1","1","1","1","MA-RH-0031A-07E","","","","1","1","1","PC","1","PC","0","1","","","","","1"
"5145-602EA17","1","1","1","1","MA-RH-0031A-07E","","","","1","1","1","PC","1","PC","0","1","","","","","1"
"5145-602EA18","1","1","1","1","MA-RH-0031A-07E","","","","1","1","1","PC","1","PC","0","1","","","","","1"
"5145-602EA19","1","1","1","1","MA-RH-0031A-07E","","","","1","1","1","PC","1","PC","0","1","","","","","1"
"5145-602EA21","1","1","1","1","MA-RH-0031A-07E","","","","1","1","1","PC","1","PC","0","1","","","","","1"
"5147-602AA25","1","1","1","1","MA-RH-0031A-07E","","","","1","1","1","PC","1","PC","0","1","","","","","1"
"5147-602AA26","1","1","1","1","MA-RH-0031A-07E","","","","1","1","1","PC","1","PC","0","1","","","","","1"
"5147-602BA25","1","1","1","1","MA-RH-0031A-07E","","","","1","1","1","PC","1","PC","0","1","","","","","1"
"5147-602EA26","1","1","1","1","MA-RH-0031A-07E","","","","1","1","1","PC","1","PC","0","1","","","","","1"
"5206-602AA15","1","1","1","1","MA-RH-0031A-07E","","","","1","1","1","PC","1","PC","0","1","","","","","1"
"5206-602AA16","1","1","1","1","MA-RH-0031A-07E","","","","1","1","1","PC","1","PC","0","1","","","","","1"
"5206-602AA17","1","1","1","1","MA-RH-0031A-07E","","","","1","1","1","PC","1","PC","0","1","","","","","1"
"5206-602DA15","1","1","1","1","MA-RH-0031A-07E","","","","1","1","1","PC","1","PC","0","1","","","","","1"
"5206-602DA16","1","1","1","1","MA-RH-0031A-07E","","","","1","1","1","PC","1","PC","0","1","","","","","1"
"5206-602DA17","1","1","1","1","MA-RH-0031A-07E","","","","1","1","1","PC","1","PC","0","1","","","","","1"
"5206-602EA15","1","1","1","1","MA-RH-0031A-07E","","","","1","1","1","PC","1","PC","0","1","","","","","1"
"5206-602EA16","1","1","1","1","MA-RH-0031A-07E","","","","1","1","1","PC","1","PC","0","1","","","","","1"
"5206-602EA17","1","1","1","1","MA-RH-0031A-07E","","","","1","1","1","PC","1","PC","0","1","","","","","1"
"5206-602FA15","1","1","1","1","MA-RH-0031A-07E","","","","1","1","1","PC","1","PC","0","1","","","","","1"
"5206-602FA16","1","1","1","1","MA-RH-0031A-07E","","","","1","1","1","PC","1","PC","0","1","","","","","1"
"5206-602FA17","1","1","1","1","MA-RH-0031A-07E","","","","1","1","1","PC","1","PC","0","1","","","","","1"
"5521-602AA21","1","1","1","1","MA-RH-0031A-07E","","","","1","1","1","PC","1","PC","0","1","","","","","1"
"5521-602AA23","1","1","1","1","MA-RH-0031A-07E","","","","1","1","1","PC","1","PC","0","1","","","","","1"
"59-602DA13","1","1","1","1","MA-RH-0031A-07E","","","","1","1","1","PC","1","PC","0","1","","","","","1"
"59-602DA15","1","1","1","1","MA-RH-0031A-07E","","","","1","1","1","PC","1","PC","0","1","","","","","1"
"59-602DA17","1","1","1","1","MA-RH-0031A-07E","","","","1","1","1","PC","1","PC","0","1","","","","","1"
"59-602DA19","1","1","1","1","MA-RH-0031A-07E","","","","1","1","1","PC","1","PC","0","1","","","","","1"
"59-602DA21","1","1","1","1","MA-RH-0031A-07E","","","","1","1","1","PC","1","PC","0","1","","","","","1"
"59-602DA23","1","1","1","1","MA-RH-0031A-07E","","","","1","1","1","PC","1","PC","0","1","","","","","1"
"59-602GA13","1","1","1","1","MA-RH-0031A-07E","","","","1","1","1","PC","1","PC","0","1","","","","","1"
"59-602GB15","1","1","1","1","MA-RH-0031A-07E","","","","1","1","1","PC","1","PC","0","1","","","","","1"
"59-602GB17","1","1","1","1","MA-RH-0031A-07E","","","","1","1","1","PC","1","PC","0","1","","","","","1"
"59-602GB19","1","1","1","1","MA-RH-0031A-07E","","","","1","1","1","PC","1","PC","0","1","","","","","1"
"59-602GB21","1","1","1","1","MA-RH-0031A-07E","","","","1","1","1","PC","1","PC","0","1","","","","","1"
"59-602GB23","1","1","1","1","MA-RH-0031A-07E","","","","1","1","1","PC","1","PC","0","1","","","","","1"
"TS-4974JA18","1","1","1","1","MA-RH-0031A-07E","","","","1","1","1","PC","1","PC","0","1","","","","","1"
"478-602AC30","1","1","1","1","MA-RH-0031K-06A","","","","1","1","1","PC","1","PC","0","1","","","","","1"
"478-602AC33","1","1","1","1","MA-RH-0031K-06A","","","","1","1","1","PC","1","PC","0","1","","","","","1"
"478-602AC34","1","1","1","1","MA-RH-0031A-05C","","","","1","1","1","PC","1","PC","0","1","","","","","1"
"478-602AC36","1","1","1","1","MA-RH-0031K-06A","","","","1","1","1","PC","1","PC","0","1","","","","","1"
"478-602AC38","1","1","1","1","MA-RH-0031K-06A","","","","1","1","1","PC","1","PC","0","1","","","","","1"
"5121-602AA48","1","1","1","1","MA-RH-0031K-06A","","","","1","1","1","PC","1","PC","0","1","","","","","1"
"5142-602AA34","1","1","1","1","MA-RH-0031K-06A","","","","1","1","1","PC","1","PC","0","1","","","","","1"
"TS-5101EA30","1","1","1","1","MA-RH-0031K-06A","","","","1","1","1","PC","1","PC","0","1","","","","","1"
"5154-602AA30","1","1","1","1","MA-RH-0031K-06B","","","","1","1","1","PC","1","PC","0","1","","","","","1"
"5154-602AA32","1","1","1","1","MA-RH-0031K-06B","","","","1","1","1","PC","1","PC","0","1","","","","","1"
"5154-602AA34","1","1","1","1","MA-RH-0031K-06B","","","","1","1","1","PC","1","PC","0","1","","","","","1"
"5154-602AA36","1","1","1","1","MA-RH-0031K-06B","","","","1","1","1","PC","1","PC","0","1","","","","","1"
"5154-602AB33","1","1","1","1","MA-RH-0031A-05D","","","","1","1","1","PC","1","PC","0","1","","","","","1"
"5154-602EA30","1","1","1","1","MA-RH-0031K-06B","","","","1","1","1","PC","1","PC","0","1","","","","","1"
"5154-602EA34","1","1","1","1","MA-RH-0031K-06B","","","","1","1","1","PC","1","PC","0","1","","","","","1"
"5156-601AB5.5","1","1","1","1","MA-RH-0142A-601AA5.5","","","","1","1","1","PC","1","PC","0","1","","","","","1"
"5156-602AA07","1","1","1","1","MA-RH-0142A-602AA07","","","","1","1","1","PC","1","PC","0","1","","","","","1"
"5156-602EA07","1","1","1","1","MA-RH-0142A-602AA07","","","","1","1","1","PC","1","PC","0","1","","","","","1"
"5156-602AA5.5","1","1","1","1","MA-RH-0142A-602AA5.5","","","","1","1","1","PC","1","PC","0","1","","","","","1"
"3139-601EA26","1","1","1","1","MA-RV-0173","","","","1","1","1","PC","1","PC","0","1","","","","","1"
"3139-601EA28","1","1","1","1","MA-RV-0173","","","","1","1","1","PC","1","PC","0","1","","","","","1"
"3139-601EA32","1","1","1","1","MA-RV-0173","","","","1","1","1","PC","1","PC","0","1","","","","","1"
"3139-601EA36","1","1","1","1","MA-RV-0173","","","","1","1","1","PC","1","PC","0","1","","","","","1"
"3139-601EA38","1","1","1","1","MA-RV-0173","","","","1","1","1","PC","1","PC","0","1","","","","","1"
"3139-601EA40","1","1","1","1","MA-RV-0173","","","","1","1","1","PC","1","PC","0","1","","","","","1"
"3139-601EA42","1","1","1","1","MA-RV-0173","","","","1","1","1","PC","1","PC","0","1","","","","","1"
"TS-5128AA30","1","1","1","1","MA-TS-5128AA30","","","","1","1","1","PC","1","PC","0","1","","","","","1"
"161-404ABC","1","1","1","1","MA-161-404ABC","","","","1","1","1","PC","1","PC","0","1","","","","","1"
"161-404ABD","1","1","1","1","MA-161-404ABC","","","","1","1","1","PC","1","PC","0","1","","","","","1"
"161-404ABE","1","1","1","1","MA-161-404ABC","","","","1","1","1","PC","1","PC","0","1","","","","","1"
"161-404ACC","1","1","1","1","MA-161-404ACC","","","","1","1","1","PC","1","PC","0","1","","","","","1"
"161-404ACD","1","1","1","1","MA-161-404ACC","","","","1","1","1","PC","1","PC","0","1","","","","","1"
"161-404ACF","1","1","1","1","MA-161-404ACC","","","","1","1","1","PC","1","PC","0","1","","","","","1"
"3145-502BA32","1","1","1","1","MA-600-502AA32","","","","1","1","1","PC","1","PC","0","1","","","","","1"
"5145-601AA22","1","1","1","1","MA-1751-601AA22","","","","1","1","1","PC","1","PC","0","1","","","","","1"
"5145-601AA24","1","1","1","1","MA-1751-601AA24","","","","1","1","1","PC","1","PC","0","1","","","","","1"
"110-450","1","1","1","1","MA-110-450","","","","1","1","1","PC","1","PC","0","1","","","","","1"
"120-451CA","1","1","1","1","MA-120-451CA","","","","1","1","1","PC","1","PC","0","1","","","","","1"
"13-450","1","1","1","1","MA-13-450","","","","1","1","1","PC","1","PC","0","1","","","","","1"
"5154-501AA32","1","1","1","1","MA-161-501QA32","","","","1","1","1","PC","1","PC","0","1","","","","","1"
"603-60836","1","1","1","1","MA-603-608AA36-DRUM","","","","1","1","1","PC","1","PC","0","1","","","","","1"
"5521-602AC20","1","1","1","1","MA-RH-0031A-05C","","","","1","1","1","PC","1","PC","0","1","","","","","1"
"5521-602BB20","1","1","1","1","MA-RH-0031A-05C","","","","1","1","1","PC","1","PC","0","1","","","","","1"
"5158-601AA17","1","1","1","1","MA-1751-601AA15","","","","1","1","1","PC","1","PC","0","1","","","","","1"
"5165-641AA42","1","1","1","1","MA-485-641BA42-DRUM","","","","1","1","1","PC","1","PC","0","1","","","","","1"
"3154-652AA18","1","1","1","1","MA-720-65218-DRUM","","","","1","1","1","PC","1","PC","0","1","","","","","1"
"3154-652AA19","1","1","1","1","MA-720-65219-DRUM","","","","1","1","1","PC","1","PC","0","1","","","","","1"
"3154-652AA20","1","1","1","1","MA-720-65220-DRUM","","","","1","1","1","PC","1","PC","0","1","","","","","1"
"3153-608AA38","1","1","1","1","MA-603-608AA38-DRUM","","","","1","1","1","PC","1","PC","0","1","","","","","1"
"3142-601AA30","1","1","1","1","MA-603-601-BLOCK","","","","1","1","1","PC","1","PC","0","1","","","","","1"
"3142-601EA30","1","1","1","1","MA-603-601-BLOCK","","","","1","1","1","PC","1","PC","0","1","","","","","1"
"5128-602EB30","1","1","1","1","MA-RH-0031A-05C","","","","1","1","1","PC","1","PC","0","1","","","","","1"
"523-608AA38","1","1","1","1","MA-603-608AA38-DRUM","","","","1","1","1","PC","1","PC","0","1","","","","","1"
"603-60838","1","1","1","1","MA-603-608AA38-DRUM","","","","1","1","1","PC","1","PC","0","1","","","","","1"
"603-608CA38","1","1","1","1","MA-603-608AA38-DRUM","","","","1","1","1","PC","1","PC","0","1","","","","","1"
"3153-608AA40","1","1","1","1","MA-603-608AA40-DRUM","","","","1","1","1","PC","1","PC","0","1","","","","","1"
"603-60840","1","1","1","1","MA-603-608AA40-DRUM","","","","1","1","1","PC","1","PC","0","1","","","","","1"
"720-605D","1","1","1","1","MA-720-605D","","","","1","1","1","PC","1","PC","0","1","","","","","1"
"603-605HA","1","1","1","1","MA-603-605HA","","","","1","1","1","PC","1","PC","0","1","","","","","1"
"814-605B","1","1","1","1","MA-814-605B","","","","1","1","1","PC","1","PC","0","1","","","","","1"
"3154-652AA24","1","1","1","1","MA-720-65224-DRUM","","","","1","1","1","PC","1","PC","0","1","","","","","1"
"3139-608AA40","1","1","1","1","MA-973-608AA40-DRUM","","","","1","1","1","PC","1","PC","0","1","","","","","1"
"3145-502ZA34","1","1","1","1","MA-3153-502AC34","","","","1","1","1","PC","1","PC","0","1","","","","","1"
"3153-608AA42","1","1","1","1","MA-603-608AA42-DRUM","","","","1","1","1","PC","1","PC","0","1","","","","","1"
"3139-608AA42","1","1","1","1","MA-973-608AA42-DRUM","","","","1","1","1","PC","1","PC","0","1","","","","","1"
"603-608BA42","1","1","1","1","MA-603-608BA42","","","","1","1","1","PC","1","PC","0","1","","","","","1"
"603-608BA46","1","1","1","1","MA-603-608BA46","","","","1","1","1","PC","1","PC","0","1","","","","","1"
"3147-502AA30","1","1","1","1","MA-582-502AA30","","","","1","1","1","PC","1","PC","0","1","","","","","1"
"3237-502AA34","1","1","1","1","MA-600-502AA34","","","","1","1","1","PC","1","PC","0","1","","","","","1"
"3238-502AA30","1","1","1","1","MA-4109-502AA30","","","","1","1","1","PC","1","PC","0","1","","","","","1"
"3238-502AA34","1","1","1","1","MA-600-502AA34","","","","1","1","1","PC","1","PC","0","1","","","","","1"
"3239-502AA30","1","1","1","1","MA-4109-502AA30","","","","1","1","1","PC","1","PC","0","1","","","","","1"
"4109-502AA30","1","1","1","1","MA-4109-502AA30","","","","1","1","1","PC","1","PC","0","1","","","","","1"
"4207-502AA30","1","1","1","1","MA-4109-502AA30","","","","1","1","1","PC","1","PC","0","1","","","","","1"
"4207-502AA34","1","1","1","1","MA-600-502AA34","","","","1","1","1","PC","1","PC","0","1","","","","","1"
"5154-502AA30","1","1","1","1","MA-474-502AA30","","","","1","1","1","PC","1","PC","0","1","","","","","1"
"5154-502AA32","1","1","1","1","MA-474-502AA34","","","","1","1","1","PC","1","PC","0","1","","","","","1"
"5154-502AA34","1","1","1","1","MA-474-502AA34","","","","1","1","1","PC","1","PC","0","1","","","","","1"
"5154-502AA36","1","1","1","1","MA-474-502AA34","","","","1","1","1","PC","1","PC","0","1","","","","","1"
"5154-502EA30","1","1","1","1","MA-474-502AA30","","","","1","1","1","PC","1","PC","0","1","","","","","1"
"5154-502EA34","1","1","1","1","MA-474-502AA34","","","","1","1","1","PC","1","PC","0","1","","","","","1"
"3157-502AA30","1","1","1","1","MA-4109-502AA30","","","","1","1","1","PC","1","PC","0","1","","","","","1"
"3139-601EA34","1","1","1","1","MA-RV-0173","","","","1","1","1","PC","1","PC","0","1","","","","","1"
"3139-601EB30","1","1","1","1","MA-RV-0173","","","","1","1","1","PC","1","PC","0","1","","","","","1"
"435-503CA","1","1","1","1","MA-435-503CA","","","","1","1","1","PC","1","PC","0","1","","","","","1"
"5202-661AA","1","1","1","1","MA-5202-661AA","","","","1","1","1","PC","1","PC","0","1","","","","","1"
"5500-505DA","1","1","1","1","MA-5500-505DA","","","","1","1","1","PC","1","PC","0","1","","","","","1"
"5500-505EA","1","1","1","1","MA-5500-505EA","","","","1","1","1","PC","1","PC","0","1","","","","","1"
"560-609","1","1","1","1","MA-560-609","","","","1","1","1","PC","1","PC","0","1","","","","","1"
"57-642DB","1","1","1","1","MA-57-642DB","","","","1","1","1","PC","1","PC","0","1","","","","","1"
"580-609DD","1","1","1","1","MA-580-609DD","","","","1","1","1","PC","1","PC","0","1","","","","","1"
"603-609AB","1","1","1","1","MA-603-609AB","","","","1","1","1","PC","1","PC","0","1","","","","","1"
"603-609CB","1","1","1","1","MA-603-609CB","","","","1","1","1","PC","1","PC","0","1","","","","","1"
"631-609AC","1","1","1","1","MA-631-609AC","","","","1","1","1","PC","1","PC","0","1","","","","","1"
"631-609BB","1","1","1","1","MA-631-609BB","","","","1","1","1","PC","1","PC","0","1","","","","","1"
"631-609DB","1","1","1","1","MA-631-609DB","","","","1","1","1","PC","1","PC","0","1","","","","","1"
"631-609FA","1","1","1","1","MA-631-609FA","","","","1","1","1","PC","1","PC","0","1","","","","","1"
"810-504","1","1","1","1","MA-810-504","","","","1","1","1","PC","1","PC","0","1","","","","","1"
"816-609AB","1","1","1","1","MA-816-609AB","","","","1","1","1","PC","1","PC","0","1","","","","","1"
"850-604DB30","1","1","1","1","MA-850-604DB30","","","","1","1","1","PC","1","PC","0","1","","","","","1"
"850-604DBS30","1","1","1","1","MA-850-604DBS30","","","","1","1","1","PC","1","PC","0","1","","","","","1"
"5500-505FA","1","1","1","1","MA-5500-505FA","","","","1","1","1","PC","1","PC","0","1","","","","","1"
"960-451AA","1","1","1","1","MA-960-451AA","","","","1","1","1","PC","1","PC","0","1","","","","","1"
"960-609CB","1","1","1","1","MA-960-609CB","","","","1","1","1","PC","1","PC","0","1","","","","","1"
"960-609DB","1","1","1","1","MA-960-609DB","","","","1","1","1","PC","1","PC","0","1","","","","","1"
"972-609CB","1","1","1","1","MA-972-609CB","","","","1","1","1","PC","1","PC","0","1","","","","","1"
"972-609EB","1","1","1","1","MA-972-609EB","","","","1","1","1","PC","1","PC","0","1","","","","","1"
"980-609CB","1","1","1","1","MA-980-609CB","","","","1","1","1","PC","1","PC","0","1","","","","","1"
"C335-503AA","1","1","1","1","MA-C335-503AA","","","","1","1","1","PC","1","PC","0","1","","","","","1"
"K-14402BA","1","1","1","1","MA-K-14402BA","","","","1","1","1","PC","1","PC","0","1","","","","","1"
"K-17201GA","1","1","1","1","MA-K-17201GA","","","","1","1","1","PC","1","PC","0","1","","","","","1"
"KF43-00103BA","1","1","1","1","MA-KF43-00103BA","","","","1","1","1","PC","1","PC","0","1","","","","","1"
"G-5123AA","1","1","1","1","MA-G-5123AA","","","","1","1","1","PC","1","PC","0","1","","","","","1"
"K-22601AA","1","1","1","1","MA-K-22601AA","","","","1","1","1","PC","1","PC","0","1","","","","","1"
"K-22602AA","1","1","1","1","MA-K-22602AA","","","","1","1","1","PC","1","PC","0","1","","","","","1"
"K-22602BA","1","1","1","1","MA-K-22602BA","","","","1","1","1","PC","1","PC","0","1","","","","","1"
"5168-502AA30","1","1","1","1","MA-5163-502AA30","","","","1","1","1","PC","1","PC","0","1","","","","","1"
"4115-601EA26","1","1","1","1","MA-748-601AA26","","","","1","1","1","PC","1","PC","0","1","","","","","1"
"115-103CA38","1","1","1","1","MA-115-103BA38","","","","1","1","1","PC","1","PC","0","1","","","","","1"
"12Q-411BA31","1","1","1","1","MA-12Q-411BA31","","","","1","1","1","PC","1","PC","0","1","","","","","1"
"1231-103GB38","1","1","1","1","MA-1231-103GB38","","","","1","1","1","PC","1","PC","0","1","","","","","1"
"1231-142CA","1","1","1","1","MA-1231-142CA","","","","1","1","1","PC","1","PC","0","1","","","","","1"
"1531-111BA","1","1","1","1","MA-1531-111BA","","","","1","1","1","PC","1","PC","0","1","","","","","1"
"1155-102AA","1","1","1","1","MA-1155-102AA","","","","1","1","1","PC","1","PC","0","1","","","","","1"
"1531-103DA30","1","1","1","1","MA-1531-103DA30","","","","1","1","1","PC","1","PC","0","1","","","","","1"
"1531-103DA38","1","1","1","1","MA-1531-103DA38","","","","1","1","1","PC","1","PC","0","1","","","","","1"
"1631-103AB30","1","1","1","1","MA-1631-103AB30","","","","1","1","1","PC","1","PC","0","1","","","","","1"
"1631-103AB38","1","1","1","1","MA-1631-103AB38","","","","1","1","1","PC","1","PC","0","1","","","","","1"
"1631-103BA38","1","1","1","1","MA-1631-103AB38","","","","1","1","1","PC","1","PC","0","1","","","","","1"
"1531-102AA","1","1","1","1","MA-1531-102AA","","","","1","1","1","PC","1","PC","0","1","","","","","1"
"101-440FA38","1","1","1","1","MA-101-440FA38","","","","1","1","1","PC","1","PC","0","1","","","","","1"
"1151-443AA","1","1","1","1","MA-1151-443AA","","","","1","1","1","PC","1","PC","0","1","","","","","1"
"170-414AA","1","1","1","1","MA-170-414AA","","","","1","1","1","PC","1","PC","0","1","","","","","1"
"3239-501AA23","1","1","1","1","MA-171-501DA23","","","","1","1","1","PC","1","PC","0","1","","","","","1"
"1731-406BA7.6","1","1","1","1","MA-1731-406BA7.6","","","","1","1","1","PC","1","PC","0","1","","","","","1"
"3654-608AA34","1","1","1","1","MA-814-60834-DRUM","","","","1","1","1","PC","1","PC","0","1","","","","","1"
"6105-501CA38","1","1","1","1","MA-5529-501CA38","","","","1","1","1","PC","1","PC","0","1","","","","","1"
"12Q-411BA34","1","1","1","1","MA-12Q-411BA34","","","","1","1","1","PC","1","PC","0","1","","","","","1"
"6207-411AB38","1","1","1","1","MA-12Q-411FA38","","","","1","1","1","PC","1","PC","0","1","","","","","1"
"161-406DF33","1","1","1","1","MA-161-406DE33","","","","1","1","1","PC","1","PC","0","1","","","","","1"
"161-406DF34","1","1","1","1","MA-161-406DE34","","","","1","1","1","PC","1","PC","0","1","","","","","1"
"1632-406AA23","1","1","1","1","MA-1632-406AA23","","","","1","1","1","PC","1","PC","0","1","","","","","1"
"165-401FA38","1","1","1","1","MA-165-401FA38","","","","1","1","1","PC","1","PC","0","1","","","","","1"
"171-406LA34","1","1","1","1","MA-171-406AA34","","","","1","1","1","PC","1","PC","0","1","","","","","1"
"1531-501ZRB32","1","1","1","1","MA-1051-501BA34","","","","1","1","1","PC","1","PC","0","1","","","","","1"
"1151-414AA","1","1","1","1","MA-1151-414AA","","","","1","1","1","PC","1","PC","0","1","","","","","1"
"1231-141FA30","1","1","1","1","MA-1231-141FA30","","","","1","1","1","PC","1","PC","0","1","","","","","1"
"1231-142DA","1","1","1","1","MA-1231-142DA","","","","1","1","1","PC","1","PC","0","1","","","","","1"
"1532-440CA23","1","1","1","1","MA-1532-440AA23","","","","1","1","1","PC","1","PC","0","1","","","","","1"
"161-402KA38","1","1","1","1","MA-161-402KA38","","","","1","1","1","PC","1","PC","0","1","","","","","1"
"161-403GA38","1","1","1","1","MA-161-403GA38","","","","1","1","1","PC","1","PC","0","1","","","","","1"
"161-441BA38","1","1","1","1","MA-161-441BA38","","","","1","1","1","PC","1","PC","0","1","","","","","1"
"1751-404AB","1","1","1","1","MA-1751-404AA","","","","1","1","1","PC","1","PC","0","1","","","","","1"
"1751-404BA","1","1","1","1","MA-1751-404BA","","","","1","1","1","PC","1","PC","0","1","","","","","1"
"3145-502BA26","1","1","1","1","MA-600-502AA26","","","","1","1","1","PC","1","PC","0","1","","","","","1"
"3151-502JA32","1","1","1","1","MA-3151-502AA34","","","","1","1","1","PC","1","PC","0","1","","","","","1"
"3659-432AA30","1","1","1","1","MA-3237-432AA30","","","","1","1","1","PC","1","PC","0","1","","","","","1"
"3654-432AA34","1","1","1","1","MA-3237-432AA34","","","","1","1","1","PC","1","PC","0","1","","","","","1"
"3239-432AA23","1","1","1","1","MA-3237-432BA23","","","","1","1","1","PC","1","PC","0","1","","","","","1"
"3504-608AB30","1","1","1","1","MA-3504-608AA30","","","","1","1","1","PC","1","PC","0","1","","","","","1"
"3504-608AB34","1","1","1","1","MA-3504-608AA34","","","","1","1","1","PC","1","PC","0","1","","","","","1"
"5142-502AA42","1","1","1","1","MA-474-502AA34","","","","1","1","1","PC","1","PC","0","1","","","","","1"
"5142-641AA44","1","1","1","1","MA-485-641BA44-DRUM","","","","1","1","1","PC","1","PC","0","1","","","","","1"
"3501-63001BA30","1","1","1","1","MA-560-66630-DRUM","","","","1","1","1","PC","1","PC","0","1","","","","","1"
"582-502KA7.6","1","1","1","1","MA-582-502AA7.6","","","","1","1","1","PC","1","PC","0","1","","","","","1"
"3237-651AC30","1","1","1","1","MA-625-65130-DRUM","","","","1","1","1","PC","1","PC","0","1","","","","","1"
"3239-651AC30","1","1","1","1","MA-625-65130-DRUM","","","","1","1","1","PC","1","PC","0","1","","","","","1"
"3238-651AA32","1","1","1","1","MA-625-65132-DRUM","","","","1","1","1","PC","1","PC","0","1","","","","","1"
"3101-601EA7.6","1","1","1","1","MA-720-601B7.6","","","","1","1","1","PC","1","PC","0","1","","","","","1"
"4109-652AA32","1","1","1","1","MA-720-65232-DRUM","","","","1","1","1","PC","1","PC","0","1","","","","","1"
"3238-601EA34","1","1","1","1","MA-880-601AA34","","","","1","1","1","PC","1","PC","0","1","","","","","1"
"3239-601EA23","1","1","1","1","MA-880-601BA23","","","","1","1","1","PC","1","PC","0","1","","","","","1"
"3139-608AA28","1","1","1","1","MA-973-608AA28-DRUM","","","","1","1","1","PC","1","PC","0","1","","","","","1"
"3139-608AA38","1","1","1","1","MA-973-608AA38-DRUM","","","","1","1","1","PC","1","PC","0","1","","","","","1"
"K-13801JA","1","1","1","1","MA-K-13801JA","","","","1","1","1","PC","1","PC","0","1","","","","","1"
"K-29901GA","1","1","1","1","MA-K-29901GA","","","","1","1","1","PC","1","PC","0","1","","","","","1"
"1531-417BA30","1","1","1","1","MA-RL-0088-41730","","","","1","1","1","PC","1","PC","0","1","","","","","1"
"1531-417BA38","1","1","1","1","MA-RL-0088-41738","","","","1","1","1","PC","1","PC","0","1","","","","","1"
"1531-418AA30","1","1","1","1","MA-RL-0088-41830","","","","1","1","1","PC","1","PC","0","1","","","","","1"
"1531-418AA38","1","1","1","1","MA-RL-0088-41838","","","","1","1","1","PC","1","PC","0","1","","","","","1"
"1531-111GA","1","1","1","1","MA-1531-111GA","","","","1","1","1","PC","1","PC","0","1","","","","","1"
"1631-102DB","1","1","1","1","MA-1631-102DB","","","","1","1","1","PC","1","PC","0","1","","","","","1"
"1731-102AB","1","1","1","1","MA-1731-102AA","","","","1","1","1","PC","1","PC","0","1","","","","","1"
"1731-102BB","1","1","1","1","MA-1731-102BA","","","","1","1","1","PC","1","PC","0","1","","","","","1"
"1731-111AA","1","1","1","1","MA-1731-111AA","","","","1","1","1","PC","1","PC","0","1","","","","","1"
"1731-111BA","1","1","1","1","MA-1731-111BA","","","","1","1","1","PC","1","PC","0","1","","","","","1"
"1331-102JA","1","1","1","1","MA-1331-102JA","","","","1","1","1","PC","1","PC","0","1","","","","","1"
"1331-102KA","1","1","1","1","MA-1331-102KA","","","","1","1","1","PC","1","PC","0","1","","","","","1"
"5142-602AA44","1","1","1","1","MA-RH-0031K-06A","","","","1","1","1","PC","1","PC","0","1","","","","","1"
"5142-602BA44","1","1","1","1","MA-RH-0031A-05C","","","","1","1","1","PC","1","PC","0","1","","","","","1"
"6213-602AA38","1","1","1","1","MA-RH-0031A-05H","","","","1","1","1","PC","1","PC","0","1","","","","","1"
"6213-602BA38","1","1","1","1","MA-RH-0031A-05H","","","","1","1","1","PC","1","PC","0","1","","","","","1"
"6213-602CA38","1","1","1","1","MA-RH-0031A-05H","","","","1","1","1","PC","1","PC","0","1","","","","","1"
"171-404AAA","1","1","1","1","MA-171-404AAA","","","","1","1","1","PC","1","PC","0","1","","","","","1"
"161-404ACE","1","1","1","1","MA-161-404ACC","","","","1","1","1","PC","1","PC","0","1","","","","","1"
"1151-103AA","1","1","1","1","MA-1151-103AA","","","","1","1","1","PC","1","PC","0","1","","","","","1"
"1151-102AA","1","1","1","1","MA-1731-102AA","","","","1","1","1","PC","1","PC","0","1","","","","","1"
"1151-102BA","1","1","1","1","MA-1731-102BA","","","","1","1","1","PC","1","PC","0","1","","","","","1"
"1231-103HA38","1","1","1","1","MA-1231-103HA38","","","","1","1","1","PC","1","PC","0","1","","","","","1"
"1331-140AA30","1","1","1","1","MA-1331-140AA30","","","","1","1","1","PC","1","PC","0","1","","","","","1"
"1331-140BA30","1","1","1","1","MA-1331-140BA30","","","","1","1","1","PC","1","PC","0","1","","","","","1"
"1331-102LA01","1","1","1","1","MA-1331-102LA01","","","","1","1","1","PC","1","PC","0","1","","","","","1"
"1331-102LA02","1","1","1","1","MA-1331-102LA02","","","","1","1","1","PC","1","PC","0","1","","","","","1"
"1331-102MA01","1","1","1","1","MA-1331-102MA01","","","","1","1","1","PC","1","PC","0","1","","","","","1"
"1331-102MA02","1","1","1","1","MA-1331-102MA02","","","","1","1","1","PC","1","PC","0","1","","","","","1"
"G-6501VDB","1","1","1","1","MA-G-6501VDB","","","","1","1","1","PC","1","PC","0","1","","","","","1"
"G-6501VDC","1","1","1","1","MA-G-6501VDC","","","","1","1","1","PC","1","PC","0","1","","","","","1"
"1531-103HA38","1","1","1","1","MA-1531-103DA38","","","","1","1","1","PC","1","PC","0","1","","","","","1"
"1351-102PA","1","1","1","1","MA-1531-102BA","","","","1","1","1","PC","1","PC","0","1","","","","","1"
"3101-652AA7.6","1","1","1","1","MA-720-6527.6-DRUM","","","","1","1","1","PC","1","PC","0","1","","","","","1"
"603-601EA30","1","1","1","1","MA-603-601-BLOCK","","","","1","1","1","PC","1","PC","0","1","","","","","1"
"G-6501GA","1","1","1","1","MA-G-6501GA","","","","1","1","1","PC","1","PC","0","1","","","","","1"
"1044-404AD","1","1","1","1","MA-1044-404AD","","","","1","1","1","PC","1","PC","0","1","","","","","1"
"1044-430EA","1","1","1","1","MA-1044-430EA","","","","1","1","1","PC","1","PC","0","1","","","","","1"
"1631-111AA","1","1","1","1","MA-1631-111AA","","","","1","1","1","PC","1","PC","0","1","","","","","1"
"1631-111BA","1","1","1","1","MA-1631-111BA","","","","1","1","1","PC","1","PC","0","1","","","","","1"
"1631-111CA","1","1","1","1","MA-1631-111CA","","","","1","1","1","PC","1","PC","0","1","","","","","1"
"1631-111DA","1","1","1","1","MA-1631-111DA","","","","1","1","1","PC","1","PC","0","1","","","","","1"
"1631-111EA","1","1","1","1","MA-1631-111EA","","","","1","1","1","PC","1","PC","0","1","","","","","1"
"G-6501HA","1","1","1","1","MA-G-6501GA","","","","1","1","1","PC","1","PC","0","1","","","","","1"
"G-6501GB","1","1","1","1","MA-G-6501GB","","","","1","1","1","PC","1","PC","0","1","","","","","1"
"G-6501HB","1","1","1","1","MA-G-6501GB","","","","1","1","1","PC","1","PC","0","1","","","","","1"
"G-6501HC","1","1","1","1","MA-G-6501GC","","","","1","1","1","PC","1","PC","0","1","","","","","1"
"161-404BEA","1","1","1","1","MA-161-404BEA","","","","1","1","1","PC","1","PC","0","1","","","","","1"
"1631-102AD","1","1","1","1","MA-1631-102AD","","","","1","1","1","PC","1","PC","0","1","","","","","1"
"1631-102BD","1","1","1","1","MA-1631-102BD","","","","1","1","1","PC","1","PC","0","1","","","","","1"
"1631-111FA","1","1","1","1","MA-1631-111FA","","","","1","1","1","PC","1","PC","0","1","","","","","1"
"1631-111GA","1","1","1","1","MA-1631-111GA","","","","1","1","1","PC","1","PC","0","1","","","","","1"
"1631-111HB","1","1","1","1","MA-1631-111HB","","","","1","1","1","PC","1","PC","0","1","","","","","1"
"1631-111JB","1","1","1","1","MA-1631-111JB","","","","1","1","1","PC","1","PC","0","1","","","","","1"
"1631-111KA","1","1","1","1","MA-1631-111KA","","","","1","1","1","PC","1","PC","0","1","","","","","1"
"1631-111LA","1","1","1","1","MA-1631-111LA","","","","1","1","1","PC","1","PC","0","1","","","","","1"
"1631-111MA","1","1","1","1","MA-1631-111MA","","","","1","1","1","PC","1","PC","0","1","","","","","1"
"1631-111NA","1","1","1","1","MA-1631-111AA","","","","1","1","1","PC","1","PC","0","1","","","","","1"
"C352-601AB30","1","1","1","1","MA-161-601BA30","","","","1","1","1","PC","1","PC","0","1","","","","","1"
"5517-601AA30","1","1","1","1","MA-161-601HA30","","","","1","1","1","PC","1","PC","0","1","","","","","1"
"5532-601AA30","1","1","1","1","MA-161-601HA30","","","","1","1","1","PC","1","PC","0","1","","","","","1"
"5529-601AA38","1","1","1","1","MA-161-601HA38","","","","1","1","1","PC","1","PC","0","1","","","","","1"
"5534-601AA38","1","1","1","1","MA-161-601HA38","","","","1","1","1","PC","1","PC","0","1","","","","","1"
"479-601AA33","1","1","1","1","MA-165-601AB33","","","","1","1","1","PC","1","PC","0","1","","","","","1"
"5154-601AA30","1","1","1","1","MA-165-601AB33","","","","1","1","1","PC","1","PC","0","1","","","","","1"
"5154-601AA34","1","1","1","1","MA-165-601BA36","","","","1","1","1","PC","1","PC","0","1","","","","","1"
"474-601AB38","1","1","1","1","MA-165-601BA38","","","","1","1","1","PC","1","PC","0","1","","","","","1"
"479-601AB38","1","1","1","1","MA-165-601BA38","","","","1","1","1","PC","1","PC","0","1","","","","","1"
"1751-443AA17","1","1","1","1","MA-1751-443AA17","","","","1","1","1","PC","1","PC","0","1","","","","","1"
"1751-443AA24","1","1","1","1","MA-1751-443AA24","","","","1","1","1","PC","1","PC","0","1","","","","","1"
"6213-601AA38","1","1","1","1","MA-5207-601DA38","","","","1","1","1","PC","1","PC","0","1","","","","","1"
"3239-502AA23","1","1","1","1","MA-4109-502AA23","","","","1","1","1","PC","1","PC","0","1","","","","","1"
"478-502AB38","1","1","1","1","MA-474-502AA34","","","","1","1","1","PC","1","PC","0","1","","","","","1"
"478-502AB33","1","1","1","1","MA-474-502AA34","","","","1","1","1","PC","1","PC","0","1","","","","","1"
"478-502EB38","1","1","1","1","MA-474-502AA34","","","","1","1","1","PC","1","PC","0","1","","","","","1"
"5529-502AA42","1","1","1","1","MA-5517-502AA34","","","","1","1","1","PC","1","PC","0","1","","","","","1"
"3239-651AA23","1","1","1","1","MA-625-65123-DRUM","","","","1","1","1","PC","1","PC","0","1","","","","","1"
"3238-651AC30","1","1","1","1","MA-625-65130-DRUM","","","","1","1","1","PC","1","PC","0","1","","","","","1"
"3139-652AC30","1","1","1","1","MA-720-65230-DRUM","","","","1","1","1","PC","1","PC","0","1","","","","","1"
"3139-652AC32","1","1","1","1","MA-720-65232-DRUM","","","","1","1","1","PC","1","PC","0","1","","","","","1"
"3153-652AB32","1","1","1","1","MA-720-65232-DRUM","","","","1","1","1","PC","1","PC","0","1","","","","","1"
"3139-652AC34","1","1","1","1","MA-720-65234-DRUM","","","","1","1","1","PC","1","PC","0","1","","","","","1"
"3151-652AB34","1","1","1","1","MA-720-65234-DRUM","","","","1","1","1","PC","1","PC","0","1","","","","","1"
"3153-652AB34","1","1","1","1","MA-720-65234-DRUM","","","","1","1","1","PC","1","PC","0","1","","","","","1"
"3139-652AC36","1","1","1","1","MA-720-65236-DRUM","","","","1","1","1","PC","1","PC","0","1","","","","","1"
"3139-652AC38","1","1","1","1","MA-720-65238-DRUM","","","","1","1","1","PC","1","PC","0","1","","","","","1"
"3239-608AA23","1","1","1","1","MA-882-608AA23","","","","1","1","1","PC","1","PC","0","1","","","","","1"
"3238-608AA34","1","1","1","1","MA-973-608AA34-DRUM","","","","1","1","1","PC","1","PC","0","1","","","","","1"
"1044-430DA","1","1","1","1","MA-1044-430DA","","","","1","1","1","PC","1","PC","0","1","","","","","1"
"1044-404CA","1","1","1","1","MA-1044-404CA","","","","1","1","1","PC","1","PC","0","1","","","","","1"
"G-6501GC","1","1","1","1","MA-G-6501GC","","","","1","1","1","PC","1","PC","0","1","","","","","1"
"1751-103AA17","1","1","1","1","MA-1751-103AA17","","","","1","1","1","PC","1","PC","0","1","","","","","1"
"1751-103AA24","1","1","1","1","MA-1751-103AA24","","","","1","1","1","PC","1","PC","0","1","","","","","1"
"5143-601AA13","1","1","1","1","MA-1751-601AA13","","","","1","1","1","PC","1","PC","0","1","","","","","1"
"5143-501AA13","1","1","1","1","MA-1751-501AA13","","","","1","1","1","PC","1","PC","0","1","","","","","1"
"5143-502JA13","1","1","1","1","MA-59-502B13","","","","1","1","1","PC","1","PC","0","1","","","","","1"
"4305-502DA","1","1","1","1","MA-4305-502DA","","","","1","1","1","PC","1","PC","0","1","","","","","1"
"4305-502EA","1","1","1","1","MA-4305-502DA","","","","1","1","1","PC","1","PC","0","1","","","","","1"
"4305-502FA","1","1","1","1","MA-4305-502DA","","","","1","1","1","PC","1","PC","0","1","","","","","1"
"4305-502HA","1","1","1","1","MA-4305-502DA","","","","1","1","1","PC","1","PC","0","1","","","","","1"
"4305-502JA","1","1","1","1","MA-4305-502DA","","","","1","1","1","PC","1","PC","0","1","","","","","1"
"1751-443BA17","1","1","1","1","MA-1751-443BA17","","","","1","1","1","PC","1","PC","0","1","","","","","1"
"100-501ZA40","1","1","1","1","MA-1531-501ZHA40","","","","1","1","1","PC","1","PC","0","1","","","","","1"
"5529-502AB42","1","1","1","1","MA-5517-502AA34","","","","1","1","1","PC","1","PC","0","1","","","","","1"
"3139-652ZA38","1","1","1","1","MA-720-65238-DRUM","","","","1","1","1","PC","1","PC","0","1","","","","","1"
"3139-652ZA40","1","1","1","1","MA-720-65240-DRUM","","","","1","1","1","PC","1","PC","0","1","","","","","1"
"5143-602AA13","1","1","1","1","MA-RH-0031A-07E","","","","1","1","1","PC","1","PC","0","1","","","","","1"
"5143-602CA13","1","1","1","1","MA-RH-0031A-05C","","","","1","1","1","PC","1","PC","0","1","","","","","1"
"3139-502ZA38","1","1","1","1","MA-3139-502BA38-F","","","","1","1","1","PC","1","PC","0","1","","","","","1"
"3139-502ZA40","1","1","1","1","MA-3139-502BA40-F","","","","1","1","1","PC","1","PC","0","1","","","","","1"
"3139-608ZA40","1","1","1","1","MA-973-608AA40-DRUM","","","","1","1","1","PC","1","PC","0","1","","","","","1"
"162-406DA36","1","1","1","1","MA-162-406DA36","","","","1","1","1","PC","1","PC","0","1","","","","","1"
"171-450AA30","1","1","1","1","MA-171-450AA30","","","","1","1","1","PC","1","PC","0","1","","","","","1"
"960-456FA","1","1","1","1","MA-960-456FA","","","","1","1","1","PC","1","PC","0","1","","","","","1"
"171-404ABA","1","1","1","1","MA-171-404ABA","","","","1","1","1","PC","1","PC","0","1","","","","","1"
"960-457FA","1","1","1","1","MA-960-457FA","","","","1","1","1","PC","1","PC","0","1","","","","","1"
"1231-103DB38","1","1","1","1","MA-1231-103DB38","","","","1","1","1","PC","1","PC","0","1","","","","","1"
"1231-142AB","1","1","1","1","MA-1231-142AB","","","","1","1","1","PC","1","PC","0","1","","","","","1"
"3501-55001AA36","1","1","1","1","MA-3501-55001AA36","","","","1","1","1","PC","1","PC","0","1","","","","","1"
"3504-608AB36","1","1","1","1","MA-3504-608AA36","","","","1","1","1","PC","1","PC","0","1","","","","","1"
"1331-102EA","1","1","1","1","MA-1531-102AA","","","","1","1","1","PC","1","PC","0","1","","","","","1"
"1331-102GA","1","1","1","1","MA-1531-102BA","","","","1","1","1","PC","1","PC","0","1","","","","","1"
"5520-601AB30","1","1","1","1","MA-161-601HA30","","","","1","1","1","PC","1","PC","0","1","","","","","1"
"1155-111AA","1","1","1","1","MA-1155-111AA","","","","1","1","1","PC","1","PC","0","1","","","","","1"
"KF30-01101AA","1","1","1","1","MA-KF30-01101AA","","","","1","1","1","PC","1","PC","0","1","","","","","1"
"1155-141AA48","1","1","1","1","MA-1155-141AA48","","","","1","1","1","PC","1","PC","0","1","","","","","1"
"1155-141BA48","1","1","1","1","MA-1155-141BA48","","","","1","1","1","PC","1","PC","0","1","","","","","1"
"1155-141CA48","1","1","1","1","MA-1155-141CA48","","","","1","1","1","PC","1","PC","0","1","","","","","1"
"1155-402AA48","1","1","1","1","MA-1155-402AA48","","","","1","1","1","PC","1","PC","0","1","","","","","1"
"1155-403AA48","1","1","1","1","MA-1155-403AA48","","","","1","1","1","PC","1","PC","0","1","","","","","1"
"1155-440AA48","1","1","1","1","MA-1155-440AA48","","","","1","1","1","PC","1","PC","0","1","","","","","1"
"1155-413AA48","1","1","1","1","MA-1155-413AA48","","","","1","1","1","PC","1","PC","0","1","","","","","1"
"1155-414AA48","1","1","1","1","MA-1155-414AA48","","","","1","1","1","PC","1","PC","0","1","","","","","1"
"120-404CA","1","1","1","1","MA-120-404DA","","","","1","1","1","PC","1","PC","0","1","","","","","1"
"1151-401BA48","1","1","1","1","MA-1151-401BA48","","","","1","1","1","PC","1","PC","0","1","","","","","1"
"5142-601BA44","1","1","1","1","MA-1155-601AA44","","","","1","1","1","PC","1","PC","0","1","","","","","1"
"1151-406CA44","1","1","1","1","MA-1151-406CA44","","","","1","1","1","PC","1","PC","0","1","","","","","1"
"120-404DA","1","1","1","1","MA-120-404DA","","","","1","1","1","PC","1","PC","0","1","","","","","1"
"120-404KA","1","1","1","1","MA-120-404DA","","","","1","1","1","PC","1","PC","0","1","","","","","1"
"5142-502AA44","1","1","1","1","MA-474-502AA34","","","","1","1","1","PC","1","PC","0","1","","","","","1"
"3239-608AA34","1","1","1","1","MA-973-608AA34-DRUM","","","","1","1","1","PC","1","PC","0","1","","","","","1"
"K-13801E","1","1","1","1","MA-K-13801E","","","","1","1","1","PC","1","PC","0","1","","","","","1"
"1155-102BA","1","1","1","1","MA-1631-102BD","","","","1","1","1","PC","1","PC","0","1","","","","","1"
"3239-432AC34","1","1","1","1","MA-3237-432BA34","","","","1","1","1","PC","1","PC","0","1","","","","","1"
"3656-502EA30","1","1","1","1","MA-3656-502AA30","","","","1","1","1","PC","1","PC","0","1","","","","","1"
"1044-430AA","1","1","1","1","MA-1044-430AA","","","","1","1","1","PC","1","PC","0","1","","","","","1"
"6207-406AA34","1","1","1","1","MA-161-406QE34","","","","1","1","1","PC","1","PC","0","1","","","","","1"
"479-601AB34","1","1","1","1","MA-165-601BA34","","","","1","1","1","PC","1","PC","0","1","","","","","1"
"12Q-411BA36","1","1","1","1","MA-12Q-411BA36","","","","1","1","1","PC","1","PC","0","1","","","","","1"
"161-406QE34","1","1","1","1","MA-161-406QE34","","","","1","1","1","PC","1","PC","0","1","","","","","1"
"121-411BA44","1","1","1","1","MA-121-411AA44","","","","1","1","1","PC","1","PC","0","1","","","","","1"
"3504-601AB36","1","1","1","1","MA-3504-601AB36","","","","1","1","1","PC","1","PC","0","1","","","","","1"
"5142-502AA33","1","1","1","1","MA-5135-502AA33","","","","1","1","1","PC","1","PC","0","1","","","","","1"
"G-6402FC","1","1","1","1","MA-G-6402FC","","","","1","1","1","PC","1","PC","0","1","","","","","1"
"1731-103AA24","1","1","1","1","MA-1731-103AA24","","","","1","1","1","PC","1","PC","0","1","","","","","1"
"1731-102AA","1","1","1","1","MA-1731-102AA","","","","1","1","1","PC","1","PC","0","1","","","","","1"
"1731-102BA","1","1","1","1","MA-1731-102BA","","","","1","1","1","PC","1","PC","0","1","","","","","1"
"5142-501BA44","1","1","1","1","MA-1151-501CA44","","","","1","1","1","PC","1","PC","0","1","","","","","1"
"5121-501BA44","1","1","1","1","MA-1151-501DA44","","","","1","1","1","PC","1","PC","0","1","","","","","1"
"5121-601BA44","1","1","1","1","MA-1155-601AA44","","","","1","1","1","PC","1","PC","0","1","","","","","1"
"5131-601AB33","1","1","1","1","MA-165-601AB33","","","","1","1","1","PC","1","PC","0","1","","","","","1"
"474-601AA33","1","1","1","1","MA-165-601AB33","","","","1","1","1","PC","1","PC","0","1","","","","","1"
"5142-601AA33","1","1","1","1","MA-165-601GA35","","","","1","1","1","PC","1","PC","0","1","","","","","1"
"600-652AA21","1","1","1","1","MA-720-65221-DRUM","","","","1","1","1","PC","1","PC","0","1","","","","","1"
"478-502AB34","1","1","1","1","MA-474-502AA34","","","","1","1","1","PC","1","PC","0","1","","","","","1"
"161-406JB33","1","1","1","1","MA-161-406JA33","","","","1","1","1","PC","1","PC","0","1","","","","","1"
"6207-406CA34","1","1","1","1","MA-161-406RE34","","","","1","1","1","PC","1","PC","0","1","","","","","1"
"1051-501BB33","1","1","1","1","MA-1051-501BB33","","","","1","1","1","PC","1","PC","0","1","","","","","1"
"5142-501AB33","1","1","1","1","MA-1051-501CA33","","","","1","1","1","PC","1","PC","0","1","","","","","1"
"3504-502EA36","1","1","1","1","MA-3504-502AA36","","","","1","1","1","PC","1","PC","0","1","","","","","1"
"E474-502JB30","1","1","1","1","MA-485-502AA30","","","","1","1","1","PC","1","PC","0","1","","","","","1"
"5121-641AA44","1","1","1","1","MA-485-641BA44-DRUM","","","","1","1","1","PC","1","PC","0","1","","","","","1"
"5121-502JA44","1","1","1","1","MA-5121-502AA44","","","","1","1","1","PC","1","PC","0","1","","","","","1"
"3139-652AA28","1","1","1","1","MA-560-66632-DRUM","","","","1","1","1","PC","1","PC","0","1","","","","","1"
"3151-652AA32","1","1","1","1","MA-720-65232-DRUM","","","","1","1","1","PC","1","PC","0","1","","","","","1"
"3151-652AA36","1","1","1","1","MA-720-65236-DRUM","","","","1","1","1","PC","1","PC","0","1","","","","","1"
"3153-652AB36","1","1","1","1","MA-720-65236-DRUM","","","","1","1","1","PC","1","PC","0","1","","","","","1"
"3139-652AA40","1","1","1","1","MA-720-65240-DRUM","","","","1","1","1","PC","1","PC","0","1","","","","","1"
"161-404BEB","1","1","1","1","MA-161-404BEB","","","","1","1","1","PC","1","PC","0","1","","","","","1"
"G-6501VDA","1","1","1","1","MA-G-6501VDA","","","","1","1","1","PC","1","PC","0","1","","","","","1"
"582-601EA30","1","1","1","1","MA-603-601-BLOCK","","","","1","1","1","PC","1","PC","0","1","","","","","1"
"100-501KA28","1","1","1","1","MA-100-501KA28","","","","1","1","1","PC","1","PC","0","1","","","","","1"
"100-501NA28","1","1","1","1","MA-100-501KA28","","","","1","1","1","PC","1","PC","0","1","","","","","1"
"100-501KA30","1","1","1","1","MA-100-501KA30","","","","1","1","1","PC","1","PC","0","1","","","","","1"
"100-501MA30","1","1","1","1","MA-100-501KA30","","","","1","1","1","PC","1","PC","0","1","","","","","1"
"100-501NA30","1","1","1","1","MA-100-501KA30","","","","1","1","1","PC","1","PC","0","1","","","","","1"
"100-501PA30","1","1","1","1","MA-100-501KA30","","","","1","1","1","PC","1","PC","0","1","","","","","1"
"3124-501KA30","1","1","1","1","MA-100-501KA30","","","","1","1","1","PC","1","PC","0","1","","","","","1"
"100-501KA34","1","1","1","1","MA-100-501KA34","","","","1","1","1","PC","1","PC","0","1","","","","","1"
"100-501NA34","1","1","1","1","MA-100-501KA34","","","","1","1","1","PC","1","PC","0","1","","","","","1"
"100-501QA34","1","1","1","1","MA-100-501KA34","","","","1","1","1","PC","1","PC","0","1","","","","","1"
"100-501ZA34","1","1","1","1","MA-100-501KA34","","","","1","1","1","PC","1","PC","0","1","","","","","1"
"100-501KA36","1","1","1","1","MA-100-501KA36","","","","1","1","1","PC","1","PC","0","1","","","","","1"
"100-501NA36","1","1","1","1","MA-100-501KA36","","","","1","1","1","PC","1","PC","0","1","","","","","1"
"3144-501ZAA36","1","1","1","1","MA-100-501KA36","","","","1","1","1","PC","1","PC","0","1","","","","","1"
"100-501KA38","1","1","1","1","MA-100-501KA38","","","","1","1","1","PC","1","PC","0","1","","","","","1"
"100-501NA38","1","1","1","1","MA-100-501KA38","","","","1","1","1","PC","1","PC","0","1","","","","","1"
"100-501ZA38","1","1","1","1","MA-100-501KA38","","","","1","1","1","PC","1","PC","0","1","","","","","1"
"5535-501AB48","1","1","1","1","MA-1155-501AA48","","","","1","1","1","PC","1","PC","0","1","","","","","1"
"5535-601AB48","1","1","1","1","MA-1155-601AA48","","","","1","1","1","PC","1","PC","0","1","","","","","1"
"5121-601AA48","1","1","1","1","MA-121-601BA48","","","","1","1","1","PC","1","PC","0","1","","","","","1"
"5535-601AA48","1","1","1","1","MA-121-601BA48","","","","1","1","1","PC","1","PC","0","1","","","","","1"
"100-501NA26","1","1","1","1","MA-1531-501ZHA26","","","","1","1","1","PC","1","PC","0","1","","","","","1"
"3144-501ZAA26","1","1","1","1","MA-1531-501ZHA26","","","","1","1","1","PC","1","PC","0","1","","","","","1"
"100-501NA32","1","1","1","1","MA-1531-501ZHA32","","","","1","1","1","PC","1","PC","0","1","","","","","1"
"3144-501ZAA32","1","1","1","1","MA-1531-501ZHA32","","","","1","1","1","PC","1","PC","0","1","","","","","1"
"100-501NA3234","1","1","1","1","MA-1531-501ZHA3234","","","","1","1","1","PC","1","PC","0","1","","","","","1"
"100-501NA42","1","1","1","1","MA-1531-501ZHA42","","","","1","1","1","PC","1","PC","0","1","","","","","1"
"1531-501ZLA30","1","1","1","1","MA-1531-501ZLA30","","","","1","1","1","PC","1","PC","0","1","","","","","1"
"1531-501ZLA32","1","1","1","1","MA-1531-501ZLA30","","","","1","1","1","PC","1","PC","0","1","","","","","1"
"1531-501ZQA32","1","1","1","1","MA-1531-501ZLA30","","","","1","1","1","PC","1","PC","0","1","","","","","1"
"3144-501ZLA30","1","1","1","1","MA-1531-501ZLA30","","","","1","1","1","PC","1","PC","0","1","","","","","1"
"100-501KA3034","1","1","1","1","MA-100-501KA3034","","","","1","1","1","PC","1","PC","0","1","","","","","1"
"100-501NA3038","1","1","1","1","MA-100-501KA3034","","","","1","1","1","PC","1","PC","0","1","","","","","1"
"100-501QA32","1","1","1","1","MA-100-501KA3234","","","","1","1","1","PC","1","PC","0","1","","","","","1"
"100-501QA26","1","1","1","1","MA-100-501QA26","","","","1","1","1","PC","1","PC","0","1","","","","","1"
"100-501QC30","1","1","1","1","MA-100-501QA30","","","","1","1","1","PC","1","PC","0","1","","","","","1"
"101-440B30","1","1","1","1","MA-101-44030","","","","1","1","1","PC","1","PC","0","1","","","","","1"
"TS-5116EA30-1","1","1","1","1","MA-101-44030","","","","1","1","1","PC","1","PC","0","1","","","","","1"
"1044-431BD30","1","1","1","1","MA-1044-431BD30","","","","1","1","1","PC","1","PC","0","1","","","","","1"
"1532-431AC30","1","1","1","1","MA-1044-431BD30","","","","1","1","1","PC","1","PC","0","1","","","","","1"
"1536-431AD30","1","1","1","1","MA-1044-431BD30","","","","1","1","1","PC","1","PC","0","1","","","","","1"
"1536-431BB30","1","1","1","1","MA-1044-431BD30","","","","1","1","1","PC","1","PC","0","1","","","","","1"
"1044-440AB30","1","1","1","1","MA-1044-440BA34","","","","1","1","1","PC","1","PC","0","1","","","","","1"
"1044-440BA30","1","1","1","1","MA-1044-440BA34","","","","1","1","1","PC","1","PC","0","1","","","","","1"
"1044-440BA32","1","1","1","1","MA-1044-440BA34","","","","1","1","1","PC","1","PC","0","1","","","","","1"
"1044-440BA34","1","1","1","1","MA-1044-440BA34","","","","1","1","1","PC","1","PC","0","1","","","","","1"
"1044-440CA26","1","1","1","1","MA-1044-440BA34","","","","1","1","1","PC","1","PC","0","1","","","","","1"
"1044-440CA30","1","1","1","1","MA-1044-440BA34","","","","1","1","1","PC","1","PC","0","1","","","","","1"
"1044-440CA34","1","1","1","1","MA-1044-440BA34","","","","1","1","1","PC","1","PC","0","1","","","","","1"
"1044-440DA26","1","1","1","1","MA-1044-440BA34","","","","1","1","1","PC","1","PC","0","1","","","","","1"
"1044-440DA28","1","1","1","1","MA-1044-440BA34","","","","1","1","1","PC","1","PC","0","1","","","","","1"
"1044-440DA30","1","1","1","1","MA-1044-440BA34","","","","1","1","1","PC","1","PC","0","1","","","","","1"
"1044-440DA34","1","1","1","1","MA-1044-440BA34","","","","1","1","1","PC","1","PC","0","1","","","","","1"
"1044-440EA30","1","1","1","1","MA-1044-440EA30","","","","1","1","1","PC","1","PC","0","1","","","","","1"
"1051-501BA34","1","1","1","1","MA-1051-501BA34","","","","1","1","1","PC","1","PC","0","1","","","","","1"
"5116-501AA36","1","1","1","1","MA-1051-501CA36","","","","1","1","1","PC","1","PC","0","1","","","","","1"
"5142-501AA36","1","1","1","1","MA-1051-501CA36","","","","1","1","1","PC","1","PC","0","1","","","","","1"
"105-401DA48","1","1","1","1","MA-105-401DA48","","","","1","1","1","PC","1","PC","0","1","","","","","1"
"105-501ZHA42","1","1","1","1","MA-105-501ZHA42","","","","1","1","1","PC","1","PC","0","1","","","","","1"
"105-501ZHA44","1","1","1","1","MA-105-501ZHA44","","","","1","1","1","PC","1","PC","0","1","","","","","1"
"105-501ZHA46","1","1","1","1","MA-105-501ZHA46","","","","1","1","1","PC","1","PC","0","1","","","","","1"
"1151-401AA","1","1","1","1","MA-1151-401AA","","","","1","1","1","PC","1","PC","0","1","","","","","1"
"1151-402AA","1","1","1","1","MA-1151-402AA","","","","1","1","1","PC","1","PC","0","1","","","","","1"
"1151-406AA","1","1","1","1","MA-1151-406AA","","","","1","1","1","PC","1","PC","0","1","","","","","1"
"1151-406BA07","1","1","1","1","MA-1151-406BA07","","","","1","1","1","PC","1","PC","0","1","","","","","1"
"1151-406BA5.5","1","1","1","1","MA-1151-406BA5.5","","","","1","1","1","PC","1","PC","0","1","","","","","1"
"1151-440AA","1","1","1","1","MA-1151-440AA","","","","1","1","1","PC","1","PC","0","1","","","","","1"
"1151-501AA","1","1","1","1","MA-1151-501AA","","","","1","1","1","PC","1","PC","0","1","","","","","1"
"1151-501BA07","1","1","1","1","MA-1151-501BA07","","","","1","1","1","PC","1","PC","0","1","","","","","1"
"1151-501BA5.5","1","1","1","1","MA-1151-501BA5.5","","","","1","1","1","PC","1","PC","0","1","","","","","1"
"1155-401AA48","1","1","1","1","MA-1155-401AA48","","","","1","1","1","PC","1","PC","0","1","","","","","1"
"1155-406AA48","1","1","1","1","MA-1155-406AA48","","","","1","1","1","PC","1","PC","0","1","","","","","1"
"1155-418AA48","1","1","1","1","MA-1155-418AA48","","","","1","1","1","PC","1","PC","0","1","","","","","1"
"120-403AA48","1","1","1","1","MA-120-403AA48","","","","1","1","1","PC","1","PC","0","1","","","","","1"
"5121-501AA48","1","1","1","1","MA-120-501AA48","","","","1","1","1","PC","1","PC","0","1","","","","","1"
"121-402BA48","1","1","1","1","MA-121-402BA48","","","","1","1","1","PC","1","PC","0","1","","","","","1"
"121-402CA48","1","1","1","1","MA-121-402BA48","","","","1","1","1","PC","1","PC","0","1","","","","","1"
"121-411BA48","1","1","1","1","MA-121-411BA48","","","","1","1","1","PC","1","PC","0","1","","","","","1"
"121-414AA48","1","1","1","1","MA-121-414AA48","","","","1","1","1","PC","1","PC","0","1","","","","","1"
"3144-501ZAA3234","1","1","1","1","MA-1531-501ZHA3234","","","","1","1","1","PC","1","PC","0","1","","","","","1"
"3144-501ZAA34","1","1","1","1","MA-1531-501ZHA34","","","","1","1","1","PC","1","PC","0","1","","","","","1"
"1531-501ZKA36","1","1","1","1","MA-1531-501ZKA38","","","","1","1","1","PC","1","PC","0","1","","","","","1"
"1531-501ZKA38","1","1","1","1","MA-1531-501ZKA38","","","","1","1","1","PC","1","PC","0","1","","","","","1"
"1531-501ZLA36","1","1","1","1","MA-1531-501ZKA38","","","","1","1","1","PC","1","PC","0","1","","","","","1"
"1531-501ZQA36","1","1","1","1","MA-1531-501ZKA38","","","","1","1","1","PC","1","PC","0","1","","","","","1"
"1531-501ZQA38","1","1","1","1","MA-1531-501ZKA38","","","","1","1","1","PC","1","PC","0","1","","","","","1"
"3124-501ZLA36","1","1","1","1","MA-1531-501ZKA38","","","","1","1","1","PC","1","PC","0","1","","","","","1"
"3124-501ZLA38","1","1","1","1","MA-1531-501ZKA38","","","","1","1","1","PC","1","PC","0","1","","","","","1"
"1531-501ZLA26","1","1","1","1","MA-1531-501ZLA26","","","","1","1","1","PC","1","PC","0","1","","","","","1"
"1531-501ZQA26","1","1","1","1","MA-1531-501ZLA26","","","","1","1","1","PC","1","PC","0","1","","","","","1"
"1531-501ZLA34","1","1","1","1","MA-1531-501ZLA34","","","","1","1","1","PC","1","PC","0","1","","","","","1"
"1531-501ZQA40","1","1","1","1","MA-1531-501ZQA40","","","","1","1","1","PC","1","PC","0","1","","","","","1"
"1531-501ZQA42","1","1","1","1","MA-1531-501ZQA40","","","","1","1","1","PC","1","PC","0","1","","","","","1"
"1531-501ZRA26","1","1","1","1","MA-1531-501ZRA26","","","","1","1","1","PC","1","PC","0","1","","","","","1"
"1531-501ZRB30","1","1","1","1","MA-1531-501ZRA30","","","","1","1","1","PC","1","PC","0","1","","","","","1"
"TS-4253BA30","1","1","1","1","MA-161-403CA30","","","","1","1","1","PC","1","PC","0","1","","","","","1"
"161-403CA38","1","1","1","1","MA-161-403CA38","","","","1","1","1","PC","1","PC","0","1","","","","","1"
"5167-602AA30","1","1","1","1","MA-RH-0031K-06B","","","","1","1","1","PC","1","PC","0","1","","","","","1"
"6105-601AA30","1","1","1","1","MA-6104-601AA30","","","","1","1","1","PC","1","PC","0","1","","","","","1"
"6105-641AA30","1","1","1","1","MA-485-641BA30-DRUM","","","","1","1","1","PC","1","PC","0","1","","","","","1"
"582-502RA30","1","1","1","1","MA-582-502AA30","","","","1","1","1","PC","1","PC","0","1","","","","","1"
"4109-652AA34","1","1","1","1","MA-720-65234-DRUM","","","","1","1","1","PC","1","PC","0","1","","","","","1"
"SPL-2387KA","1","1","1","1","MA-RH-0031A-05H","","","","1","1","1","PC","1","PC","0","1","","","","","1"
"5167-602BA30","1","1","1","1","MA-RH-0031A-05C","","","","1","1","1","PC","1","PC","0","1","","","","","1"
"3139-502BA34","1","1","1","1","MA-RH-0175KD-21AA","","","","1","1","1","PC","1","PC","0","1","","","","","1"
"3145-502BA34","1","1","1","1","MA-3153-502AC34","","","","1","1","1","PC","1","PC","0","1","","","","","1"
"3139-502BA28","1","1","1","1","MA-RH-0175KD-21AA","","","","1","1","1","PC","1","PC","0","1","","","","","1"
"1531-501ZRA34","1","1","1","1","MA-1531-501ZRA34","","","","1","1","1","PC","1","PC","0","1","","","","","1"
"3139-502BA36","1","1","1","1","MA-RH-0175KD-21AA","","","","1","1","1","PC","1","PC","0","1","","","","","1"
"3139-502BA38","1","1","1","1","MA-RH-0175KD-21AA","","","","1","1","1","PC","1","PC","0","1","","","","","1"
"6214-501AA34","1","1","1","1","MA-5529-501CA34","","","","1","1","1","PC","1","PC","0","1","","","","","1"
"6214-502AA34","1","1","1","1","MA-5517-502AA34","","","","1","1","1","PC","1","PC","0","1","","","","","1"
"6214-601AA34","1","1","1","1","MA-5207-601DA34","","","","1","1","1","PC","1","PC","0","1","","","","","1"
"12Q-411MA31","1","1","1","1","MA-12Q-411MA31","","","","1","1","1","PC","1","PC","0","1","","","","","1"
"SPL-2521CA30","1","1","1","1","MA-1631-103AB30","","","","1","1","1","PC","1","PC","0","1","","","","","1"
"161-403CA30","1","1","1","1","MA-161-403CA30","","","","1","1","1","PC","1","PC","0","1","","","","","1"
"161-402LA34","1","1","1","1","MA-161-402EC34","","","","1","1","1","PC","1","PC","0","1","","","","","1"
"6207-501CA34","1","1","1","1","MA-5529-501CA34","","","","1","1","1","PC","1","PC","0","1","","","","","1"
"1551-401DA38","1","1","1","1","MA-1551-401AA38","","","","1","1","1","PC","1","PC","0","1","","","","","1"
"161-403HA38","1","1","1","1","MA-161-403DA38","","","","1","1","1","PC","1","PC","0","1","","","","","1"
"6214-602CA34","1","1","1","1","MA-RH-0031A-05H","","","","1","1","1","PC","1","PC","0","1","","","","","1"
"6105-602AA30","1","1","1","1","MA-RH-0031K-06G","","","","1","1","1","PC","1","PC","0","1","","","","","1"
"6105-602BA30","1","1","1","1","MA-RH-0031K-06G","","","","1","1","1","PC","1","PC","0","1","","","","","1"
"6105-602CA30","1","1","1","1","MA-RH-0031K-06G","","","","1","1","1","PC","1","PC","0","1","","","","","1"
"6105-602DA30","1","1","1","1","MA-RH-0031K-06G","","","","1","1","1","PC","1","PC","0","1","","","","","1"
"6214-602BA34","1","1","1","1","MA-RH-0031A-05H","","","","1","1","1","PC","1","PC","0","1","","","","","1"
"6214-602DA34","1","1","1","1","MA-RH-0031A-05H","","","","1","1","1","PC","1","PC","0","1","","","","","1"
"6214-602EA34","1","1","1","1","MA-RH-0031A-05H","","","","1","1","1","PC","1","PC","0","1","","","","","1"
"6214-602AA34","1","1","1","1","MA-RH-0031A-05H","","","","1","1","1","PC","1","PC","0","1","","","","","1"
"3162-502AA30","1","1","1","1","MA-582-502AA30","","","","1","1","1","PC","1","PC","0","1","","","","","1"
"6105-606AA30","1","1","1","1","MA-RH-0031A-05C","","","","1","1","1","PC","1","PC","0","1","","","","","1"
"6207-602ED34","1","1","1","1","MA-RH-0031A-05D","","","","1","1","1","PC","1","PC","0","1","","","","","1"
"4305-601AA12","1","1","1","1","MA-4305-601AA","","","","1","1","1","PC","1","PC","0","1","","","","","1"
"4305-601AA13","1","1","1","1","MA-4305-601AA","","","","1","1","1","PC","1","PC","0","1","","","","","1"
"4305-601AA14","1","1","1","1","MA-4305-601AA","","","","1","1","1","PC","1","PC","0","1","","","","","1"
"4305-601AA15","1","1","1","1","MA-4305-601AA","","","","1","1","1","PC","1","PC","0","1","","","","","1"
"4305-601AA16","1","1","1","1","MA-4305-601AA","","","","1","1","1","PC","1","PC","0","1","","","","","1"
"4305-601AA17","1","1","1","1","MA-4305-601AA","","","","1","1","1","PC","1","PC","0","1","","","","","1"
"4305-601AA18","1","1","1","1","MA-4305-601AA","","","","1","1","1","PC","1","PC","0","1","","","","","1"
"4305-601AA19","1","1","1","1","MA-4305-601AA","","","","1","1","1","PC","1","PC","0","1","","","","","1"
"4305-601AA20","1","1","1","1","MA-4305-601AA","","","","1","1","1","PC","1","PC","0","1","","","","","1"
"4305-601AA21","1","1","1","1","MA-4305-601AA","","","","1","1","1","PC","1","PC","0","1","","","","","1"
"4305-601AA22","1","1","1","1","MA-4305-601AA","","","","1","1","1","PC","1","PC","0","1","","","","","1"
"4305-601AA23","1","1","1","1","MA-4305-601AA","","","","1","1","1","PC","1","PC","0","1","","","","","1"
"4305-601AA24","1","1","1","1","MA-4305-601AA","","","","1","1","1","PC","1","PC","0","1","","","","","1"
"4305-601EA12","1","1","1","1","MA-3538-601EA","","","","1","1","1","PC","1","PC","0","1","","","","","1"
"4305-601EA13","1","1","1","1","MA-3538-601EA","","","","1","1","1","PC","1","PC","0","1","","","","","1"
"4305-601EA14","1","1","1","1","MA-3538-601EA","","","","1","1","1","PC","1","PC","0","1","","","","","1"
"4305-601EA15","1","1","1","1","MA-4305-601AA","","","","1","1","1","PC","1","PC","0","1","","","","","1"
"4305-601EA16","1","1","1","1","MA-4305-601AA","","","","1","1","1","PC","1","PC","0","1","","","","","1"
"1532-431BA26","1","1","1","1","MA-1532-431BA26","","","","1","1","1","PC","1","PC","0","1","","","","","1"
"4305-601EA17","1","1","1","1","MA-4305-601AA","","","","1","1","1","PC","1","PC","0","1","","","","","1"
"4305-601EA23","1","1","1","1","MA-4305-601AA","","","","1","1","1","PC","1","PC","0","1","","","","","1"
"4305-601EA24","1","1","1","1","MA-4305-601AA","","","","1","1","1","PC","1","PC","0","1","","","","","1"
"4305-601EA21","1","1","1","1","MA-4305-601AA","","","","1","1","1","PC","1","PC","0","1","","","","","1"
"4305-601EA22","1","1","1","1","MA-4305-601AA","","","","1","1","1","PC","1","PC","0","1","","","","","1"
"4305-601EA18","1","1","1","1","MA-4305-601AA","","","","1","1","1","PC","1","PC","0","1","","","","","1"
"4305-601EA19","1","1","1","1","MA-4305-601AA","","","","1","1","1","PC","1","PC","0","1","","","","","1"
"4305-601EA20","1","1","1","1","MA-4305-601AA","","","","1","1","1","PC","1","PC","0","1","","","","","1"
"3239-608AA38","1","1","1","1","MA-882-608AA38","","","","1","1","1","PC","1","PC","0","1","","","","","1"
"171-406AA38","1","1","1","1","MA-171-406AA38","","","","1","1","1","PC","1","PC","0","1","","","","","1"
"171-406LA38","1","1","1","1","MA-171-406AA38","","","","1","1","1","PC","1","PC","0","1","","","","","1"
"1532-440CA38","1","1","1","1","MA-1532-440AA38","","","","1","1","1","PC","1","PC","0","1","","","","","1"
"5215-502AA34","1","1","1","1","MA-5163-502AA34","","","","1","1","1","PC","1","PC","0","1","","","","","1"
"3239-502AA38","1","1","1","1","MA-600-502AA34","","","","1","1","1","PC","1","PC","0","1","","","","","1"
"3550-601JB34","1","1","1","1","MA-603-60134-DRUM","","","","1","1","1","PC","1","PC","0","1","","","","","1"
"3538-501CA34","1","1","1","1","MA-171-501GA34","","","","1","1","1","PC","1","PC","0","1","","","","","1"
"3652-501ZA34","1","1","1","1","MA-171-501GA34","","","","1","1","1","PC","1","PC","0","1","","","","","1"
"1635-401AA38","1","1","1","1","MA-1635-401AA38","","","","1","1","1","PC","1","PC","0","1","","","","","1"
"4109-652AA36","1","1","1","1","MA-720-65236-DRUM","","","","1","1","1","PC","1","PC","0","1","","","","","1"
"K-13801KA","1","1","1","1","MA-K-13801KA","","","","1","1","1","PC","1","PC","0","1","","","","","1"
"5529-501CA42","1","1","1","1","MA-5529-501CA42","","","","1","1","1","PC","1","PC","0","1","","","","","1"
"3504-501AA30","1","1","1","1","MA-3504-501AA30","","","","1","1","1","PC","1","PC","0","1","","","","","1"
"1035-406BA30","1","1","1","1","MA-1035-406BA30","","","","1","1","1","PC","1","PC","0","1","","","","","1"
"1551-401EA38","1","1","1","1","MA-1551-401AA38","","","","1","1","1","PC","1","PC","0","1","","","","","1"
"161-406RE42","1","1","1","1","MA-161-406RE42","","","","1","1","1","PC","1","PC","0","1","","","","","1"
"1635-401BA38","1","1","1","1","MA-1635-401AA38","","","","1","1","1","PC","1","PC","0","1","","","","","1"
"3504-608BA30","1","1","1","1","MA-3504-608AA30","","","","1","1","1","PC","1","PC","0","1","","","","","1"
"161-404ACG","1","1","1","1","MA-161-404ACC","","","","1","1","1","PC","1","PC","0","1","","","","","1"
"1155-102AB","1","1","1","1","MA-1155-102AB","","","","1","1","1","PC","1","PC","0","1","","","","","1"
"1331-102UA","1","1","1","1","MA-1331-102UA","","","","1","1","1","PC","1","PC","0","1","","","","","1"
"3139-502BA42","1","1","1","1","MA-RH-0175KD-21AA","","","","1","1","1","PC","1","PC","0","1","","","","","1"
"3145-502BA36","1","1","1","1","MA-600-502AA36","","","","1","1","1","PC","1","PC","0","1","","","","","1"
"748-666AA30","1","1","1","1","MA-560-66630-DRUM","","","","1","1","1","PC","1","PC","0","1","","","","","1"
"3236-651AB30","1","1","1","1","MA-625-65130-DRUM","","","","1","1","1","PC","1","PC","0","1","","","","","1"
"3236-608AA34","1","1","1","1","MA-973-608AA34-DRUM","","","","1","1","1","PC","1","PC","0","1","","","","","1"
"3153-502EB34","1","1","1","1","MA-RH-0175KD-21AA","","","","1","1","1","PC","1","PC","0","1","","","","","1"
"161-406CF33","1","1","1","1","MA-161-406CE33","","","","1","1","1","PC","1","PC","0","1","","","","","1"
"5145-502EA09","1","1","1","1","MA-59-502B09","","","","1","1","1","PC","1","PC","0","1","","","","","1"
"3145-502ZA30","1","1","1","1","MA-600-502AA30","","","","1","1","1","PC","1","PC","0","1","","","","","1"
"560-66630","1","1","1","1","MA-560-66630-DRUM","","","","1","1","1","PC","1","PC","0","1","","","","","1"
"5121-501AA33","1","1","1","1","MA-161-501CA33","","","","1","1","1","PC","1","PC","0","1","","","","","1"
"5121-601AA33","1","1","1","1","MA-165-601BA36","","","","1","1","1","PC","1","PC","0","1","","","","","1"
"1751-406BC09","1","1","1","1","MA-1751-406BC09","","","","1","1","1","PC","1","PC","0","1","","","","","1"
"5145-601AA09","1","1","1","1","MA-1751-601AA09","","","","1","1","1","PC","1","PC","0","1","","","","","1"
"1751-411AA09-1","1","1","1","1","MA-1751-411AA09","","","","1","1","1","PC","1","PC","0","1","","","","","1"
"12Q-411AA33","1","1","1","1","MA-12Q-411AA33","","","","1","1","1","PC","1","PC","0","1","","","","","1"
"12Q-411KA34","1","1","1","1","MA-12Q-411BA34","","","","1","1","1","PC","1","PC","0","1","","","","","1"
"171-406AA30","1","1","1","1","MA-171-406AA30","","","","1","1","1","PC","1","PC","0","1","","","","","1"
"171-406AA34","1","1","1","1","MA-171-406AA34","","","","1","1","1","PC","1","PC","0","1","","","","","1"
"5145-501AA09","1","1","1","1","MA-1751-501AA09","","","","1","1","1","PC","1","PC","0","1","","","","","1"
"603-502JA26","1","1","1","1","MA-582-502AA26","","","","1","1","1","PC","1","PC","0","1","","","","","1"
"3554-652AA34","1","1","1","1","MA-720-65234-DRUM","","","","1","1","1","PC","1","PC","0","1","","","","","1"
"5121-502AA33","1","1","1","1","MA-78-50233","","","","1","1","1","PC","1","PC","0","1","","","","","1"
"161-404BFA","1","1","1","1","MA-161-404BFA","","","","1","1","1","PC","1","PC","0","1","","","","","1"
"5145-602EA09","1","1","1","1","MA-RH-0031A-05C","","","","1","1","1","PC","1","PC","0","1","","","","","1"
"1751-411AA09","1","1","1","1","MA-1751-411AA09","","","","1","1","1","PC","1","PC","0","1","","","","","1"
"525-652AA34","1","1","1","1","MA-720-65234-DRUM","","","","1","1","1","PC","1","PC","0","1","","","","","1"
"3139-502BA40","1","1","1","1","MA-RH-0175KD-21AA","","","","1","1","1","PC","1","PC","0","1","","","","","1"
"3139-502FA34","1","1","1","1","MA-RH-0175KD-21AA","","","","1","1","1","PC","1","PC","0","1","","","","","1"
"5535-502EA48","1","1","1","1","MA-5517-502AA34","","","","1","1","1","PC","1","PC","0","1","","","","","1"
"5170-602AA30","1","1","1","1","MA-RH-0031K-06B","","","","1","1","1","PC","1","PC","0","1","","","","","1"
"5170-602BA30","1","1","1","1","MA-RH-0031A-05C","","","","1","1","1","PC","1","PC","0","1","","","","","1"
"5165-502AB30","1","1","1","1","MA-474-502AA30","","","","1","1","1","PC","1","PC","0","1","","","","","1"
"5165-502ZA30","1","1","1","1","MA-474-502AA30","","","","1","1","1","PC","1","PC","0","1","","","","","1"
"603-502JA34","1","1","1","1","MA-582-502AA34","","","","1","1","1","PC","1","PC","0","1","","","","","1"
"613-65130","1","1","1","1","MA-625-65130-DRUM","","","","1","1","1","PC","1","PC","0","1","","","","","1"
"613-502B30","1","1","1","1","MA-627-502B30","","","","1","1","1","PC","1","PC","0","1","","","","","1"
"600-652AA34","1","1","1","1","MA-720-65234-DRUM","","","","1","1","1","PC","1","PC","0","1","","","","","1"
"5165-602ZA30","1","1","1","1","MA-RH-0031A-06E","","","","1","1","1","PC","1","PC","0","1","","","","","1"
"603-601EA34","1","1","1","1","MA-603-601-BLOCK","","","","1","1","1","PC","1","PC","0","1","","","","","1"
"1151-401CA48","1","1","1","1","MA-1151-401BA48","","","","1","1","1","PC","1","PC","0","1","","","","","1"
"1151-406DA48","1","1","1","1","MA-1151-406DA48","","","","1","1","1","PC","1","PC","0","1","","","","","1"
"120-404GA","1","1","1","1","MA-120-404GA","","","","1","1","1","PC","1","PC","0","1","","","","","1"
"120-404HA","1","1","1","1","MA-120-404HA","","","","1","1","1","PC","1","PC","0","1","","","","","1"
"120-404JA","1","1","1","1","MA-120-404HA","","","","1","1","1","PC","1","PC","0","1","","","","","1"
"G-6501GD","1","1","1","1","MA-G-6501GD","","","","1","1","1","PC","1","PC","0","1","","","","","1"
"1631-111PA","1","1","1","1","MA-1631-111PA","","","","1","1","1","PC","1","PC","0","1","","","","","1"
"4408-501BB34","1","1","1","1","MA-3636-501BC34","","","","1","1","1","PC","1","PC","0","1","","","","","1"
"953-678B34","1","1","1","1","MA-953-678A34","","","","1","1","1","PC","1","PC","0","1","","","","","1"
"5128-601AA38","1","1","1","1","MA-165-601BA38","","","","1","1","1","PC","1","PC","0","1","","","","","1"
"4408-608AB34","1","1","1","1","MA-4408-608AB34","","","","1","1","1","PC","1","PC","0","1","","","","","1"
"4408-609AA34","1","1","1","1","MA-4408-609AA34","","","","1","1","1","PC","1","PC","0","1","","","","","1"
"4408-601AA34","1","1","1","1","MA-4408-601AA34","","","","1","1","1","PC","1","PC","0","1","","","","","1"
"956-66134","1","1","1","1","MA-953-661B34","","","","1","1","1","PC","1","PC","0","1","","","","","1"
"4408-502EA","1","1","1","1","MA-RP-0145RB","","","","1","1","1","PC","1","PC","0","1","","","","","1"
"4408-502BA","1","1","1","1","MA-RP-0145RB","","","","1","1","1","PC","1","PC","0","1","","","","","1"
"4408-502KA","1","1","1","1","MA-RP-0145RB","","","","1","1","1","PC","1","PC","0","1","","","","","1"
"4408-502CA","1","1","1","1","MA-RP-0145T","","","","1","1","1","PC","1","PC","0","1","","","","","1"
"4408-502DA","1","1","1","1","MA-RP-0145T","","","","1","1","1","PC","1","PC","0","1","","","","","1"
"930-460","1","1","1","1","MA-930-460","","","","1","1","1","PC","1","PC","0","1","","","","","1"
"1044-436AC34","1","1","1","1","MA-1044-436AA34","","","","1","1","1","PC","1","PC","0","1","","","","","1"
"1044-438AA34","1","1","1","1","MA-1044-438AA34","","","","1","1","1","PC","1","PC","0","1","","","","","1"
"1044-441AB34","1","1","1","1","MA-1044-441AB34","","","","1","1","1","PC","1","PC","0","1","","","","","1"
"4408-432AB34","1","1","1","1","MA-4408-432AB34","","","","1","1","1","PC","1","PC","0","1","","","","","1"
"3662-502AB34","1","1","1","1","MA-954-50234","","","","1","1","1","PC","1","PC","0","1","","","","","1"
"5520-601AB38","1","1","1","1","MA-161-601HA38","","","","1","1","1","PC","1","PC","0","1","","","","","1"
"100-406DA26","1","1","1","1","MA-100-406DA26","","","","1","1","1","PC","1","PC","0","1","","","","","1"
"TS-5174BA","1","1","1","1","MA-1631-102DB","","","","1","1","1","PC","1","PC","0","1","","","","","1"
"12-217D","1","1","1","1","MA-12-217D","","","","1","1","1","PC","1","PC","0","1","","","","","1"
"3326-501AA30","1","1","1","1","MA-1531-501CA30","","","","1","1","1","PC","1","PC","0","1","","","","","1"
"3652-501CA34","1","1","1","1","MA-171-501GA34","","","","1","1","1","PC","1","PC","0","1","","","","","1"
"3555-652AA34","1","1","1","1","MA-720-65234-DRUM","","","","1","1","1","PC","1","PC","0","1","","","","","1"
"3326-601EA30","1","1","1","1","MA-748-601AA30","","","","1","1","1","PC","1","PC","0","1","","","","","1"
"12Q-411NA31","1","1","1","1","MA-12Q-411NA31","","","","1","1","1","PC","1","PC","0","1","","","","","1"
"5520-502XA","1","1","1","1","MA-RP-0145N","","","","1","1","1","PC","1","PC","0","1","","","","","1"
"945-502EA34","1","1","1","1","MA-954-50234","","","","1","1","1","PC","1","PC","0","1","","","","","1"
"5517-502AA36","1","1","1","1","MA-5517-502AA36","","","","1","1","1","PC","1","PC","0","1","","","","","1"
"4408-501AB34","1","1","1","1","MA-171-501GA34","","","","1","1","1","PC","1","PC","0","1","","","","","1"
"3636-501CA30","1","1","1","1","MA-171-501HA30","","","","1","1","1","PC","1","PC","0","1","","","","","1"
"1044-401FA30","1","1","1","1","MA-1044-401FA30","","","","1","1","1","PC","1","PC","0","1","","","","","1"
"1636-401CA30","1","1","1","1","MA-1636-401AA30","","","","1","1","1","PC","1","PC","0","1","","","","","1"
"171-406PA30","1","1","1","1","MA-171-406PA30","","","","1","1","1","PC","1","PC","0","1","","","","","1"
"1044-431CA30","1","1","1","1","MA-1636-431AA30","","","","1","1","1","PC","1","PC","0","1","","","","","1"
"5520-502AA36","1","1","1","1","MA-5517-502AA36","","","","1","1","1","PC","1","PC","0","1","","","","","1"
"5520-501BB36","1","1","1","1","MA-5500-501EB36","","","","1","1","1","PC","1","PC","0","1","","","","","1"
"5533-501AA36","1","1","1","1","MA-5529-501CA36","","","","1","1","1","PC","1","PC","0","1","","","","","1"
"6105-601AA36","1","1","1","1","MA-6104-601AA36","","","","1","1","1","PC","1","PC","0","1","","","","","1"
"12Q-411MA36","1","1","1","1","MA-12Q-411MA36","","","","1","1","1","PC","1","PC","0","1","","","","","1"
"161-406RE36","1","1","1","1","MA-161-406RE36","","","","1","1","1","PC","1","PC","0","1","","","","","1"
"1631-141AA","1","1","1","1","MA-1631-141AA","","","","1","1","1","PC","1","PC","0","1","","","","","1"
"SPL-2521DA","1","1","1","1","MA-1631-102BD","","","","1","1","1","PC","1","PC","0","1","","","","","1"
"3538-652AA16","1","1","1","1","MA-720-65216-DRUM","","","","1","1","1","PC","1","PC","0","1","","","","","1"
"3538-502JA16","1","1","1","1","MA-954-50216","","","","1","1","1","PC","1","PC","0","1","","","","","1"
"3239-651AC32","1","1","1","1","MA-625-65132-DRUM","","","","1","1","1","PC","1","PC","0","1","","","","","1"
"3145-652AA34","1","1","1","1","MA-720-65234-DRUM","","","","1","1","1","PC","1","PC","0","1","","","","","1"
"3538-601EA16","1","1","1","1","MA-943-601AA16","","","","1","1","1","PC","1","PC","0","1","","","","","1"
"171-406LA32","1","1","1","1","MA-171-406AA32","","","","1","1","1","PC","1","PC","0","1","","","","","1"
"1631-103AB20","1","1","1","1","MA-1631-103AB20","","","","1","1","1","PC","1","PC","0","1","","","","","1"
"1635-401AA20","1","1","1","1","MA-1635-401AA20","","","","1","1","1","PC","1","PC","0","1","","","","","1"
"171-406PA16","1","1","1","1","MA-171-406PA16","","","","1","1","1","PC","1","PC","0","1","","","","","1"
"3538-501AA16","1","1","1","1","MA-3538-501AA16","","","","1","1","1","PC","1","PC","0","1","","","","","1"
"3538-501BA16","1","1","1","1","MA-3538-501BA16","","","","1","1","1","PC","1","PC","0","1","","","","","1"
"3538-608AA16","1","1","1","1","MA-3538-608AA16-DRUM","","","","1","1","1","PC","1","PC","0","1","","","","","1"
"3662-601AA30","1","1","1","1","MA-3662-601AA30","","","","1","1","1","PC","1","PC","0","1","","","","","1"
"4408-501CA30","1","1","1","1","MA-171-501HA30","","","","1","1","1","PC","1","PC","0","1","","","","","1"
"3662-501AA30","1","1","1","1","MA-171-501HA30","","","","1","1","1","PC","1","PC","0","1","","","","","1"
"3662-501BA30","1","1","1","1","MA-3636-501BC30","","","","1","1","1","PC","1","PC","0","1","","","","","1"
"4408-608AC30","1","1","1","1","MA-4408-608AB30","","","","1","1","1","PC","1","PC","0","1","","","","","1"
"3662-608AA30","1","1","1","1","MA-3501-66001AA30","","","","1","1","1","PC","1","PC","0","1","","","","","1"
"4408-601AA30","1","1","1","1","MA-4408-601AA30","","","","1","1","1","PC","1","PC","0","1","","","","","1"
"4408-609AA30","1","1","1","1","MA-625-65130-DRUM","","","","1","1","1","PC","1","PC","0","1","","","","","1"
"3555-652AA30","1","1","1","1","MA-720-65230-DRUM","","","","1","1","1","PC","1","PC","0","1","","","","","1"
"956-66130","1","1","1","1","MA-953-661B30","","","","1","1","1","PC","1","PC","0","1","","","","","1"
"3662-502AA30","1","1","1","1","MA-954-50230","","","","1","1","1","PC","1","PC","0","1","","","","","1"
"1731-417CA18","1","1","1","1","MA-1731-417BA18-DRUM","","","","1","1","1","PC","1","PC","0","1","","","","","1"
"6105-602EA30","1","1","1","1","MA-RH-0031K-06G","","","","1","1","1","PC","1","PC","0","1","","","","","1"
"6105-602FA30","1","1","1","1","MA-RH-0031K-06G","","","","1","1","1","PC","1","PC","0","1","","","","","1"
"1731-417DA18","1","1","1","1","MA-1731-417BA18-DRUM","","","","1","1","1","PC","1","PC","0","1","","","","","1"
"3326-501BA30","1","1","1","1","MA-3326-501BA30","","","","1","1","1","PC","1","PC","0","1","","","","","1"
"1231-103JA38","1","1","1","1","MA-1231-103JA38","","","","1","1","1","PC","1","PC","0","1","","","","","1"
"SPL-2573DA","1","1","1","1","MA-1631-102AD","","","","1","1","1","PC","1","PC","0","1","","","","","1"
"1531-501EA32","1","1","1","1","MA-1531-501AA32","","","","1","1","1","PC","1","PC","0","1","","","","","1"
"6104-602CB34","1","1","1","1","MA-RH-0031A-05H","","","","1","1","1","PC","1","PC","0","1","","","","","1"
"6207-602FE34","1","1","1","1","MA-RH-0031A-05H","","","","1","1","1","PC","1","PC","0","1","","","","","1"
"6207-602GD34","1","1","1","1","MA-RH-0031A-05H","","","","1","1","1","PC","1","PC","0","1","","","","","1"
"6207-602HD34","1","1","1","1","MA-RH-0031A-05H","","","","1","1","1","PC","1","PC","0","1","","","","","1"
"6207-602JD34","1","1","1","1","MA-RH-0031A-05H","","","","1","1","1","PC","1","PC","0","1","","","","","1"
"1636-401DA30","1","1","1","1","MA-1636-401AA30","","","","1","1","1","PC","1","PC","0","1","","","","","1"
"1044-436AC30","1","1","1","1","MA-1044-436AA30","","","","1","1","1","PC","1","PC","0","1","","","","","1"
"1044-438AA30","1","1","1","1","MA-1044-438AA30","","","","1","1","1","PC","1","PC","0","1","","","","","1"
"1044-441AB30","1","1","1","1","MA-1044-441AB30","","","","1","1","1","PC","1","PC","0","1","","","","","1"
"4408-432AB30","1","1","1","1","MA-4408-432AB30","","","","1","1","1","PC","1","PC","0","1","","","","","1"
"603-502JA30","1","1","1","1","MA-582-502AA30","","","","1","1","1","PC","1","PC","0","1","","","","","1"
"953-678B30","1","1","1","1","MA-953-678A30","","","","1","1","1","PC","1","PC","0","1","","","","","1"
"1331-102VA","1","1","1","1","MA-1631-102DB","","","","1","1","1","PC","1","PC","0","1","","","","","1"
"12Q-411MB31","1","1","1","1","MA-12Q-411MA31","","","","1","1","1","PC","1","PC","0","1","","","","","1"
"5517-641AA30","1","1","1","1","MA-485-641BA30-DRUM","","","","1","1","1","PC","1","PC","0","1","","","","","1"
"5169-502AA30","1","1","1","1","MA-5163-502AA30","","","","1","1","1","PC","1","PC","0","1","","","","","1"
"5169-502AA33","1","1","1","1","MA-5163-502AA33","","","","1","1","1","PC","1","PC","0","1","","","","","1"
"5520-502YA","1","1","1","1","MA-RP-0145N","","","","1","1","1","PC","1","PC","0","1","","","","","1"
"6107-502AA30","1","1","1","1","MA-5517-502AA30","","","","1","1","1","PC","1","PC","0","1","","","","","1"
"6107-602AA30","1","1","1","1","MA-RH-0031K-06G","","","","1","1","1","PC","1","PC","0","1","","","","","1"
"6107-602BA30","1","1","1","1","MA-RH-0031K-06G","","","","1","1","1","PC","1","PC","0","1","","","","","1"
"6107-602CA30","1","1","1","1","MA-RH-0031K-06G","","","","1","1","1","PC","1","PC","0","1","","","","","1"
"6107-602DA30","1","1","1","1","MA-RH-0031K-06G","","","","1","1","1","PC","1","PC","0","1","","","","","1"
"6107-606AA30","1","1","1","1","MA-RH-0031A-05C","","","","1","1","1","PC","1","PC","0","1","","","","","1"
"3139-502BA26","1","1","1","1","MA-RH-0175KD-21AA","","","","1","1","1","PC","1","PC","0","1","","","","","1"
"12Q-411MB38","1","1","1","1","MA-12Q-411MA38","","","","1","1","1","PC","1","PC","0","1","","","","","1"
"3145-652AA32","1","1","1","1","MA-720-65230-DRUM","","","","1","1","1","PC","1","PC","0","1","","","","","1"
"962-608AA30","1","1","1","1","MA-962-608AA30","","","","1","1","1","PC","1","PC","0","1","","","","","1"
"953-661B26","1","1","1","1","MA-953-661B26","","","","1","1","1","PC","1","PC","0","1","","","","","1"
"953-661B30","1","1","1","1","MA-953-661B30","","","","1","1","1","PC","1","PC","0","1","","","","","1"
"956-661-30","1","1","1","1","MA-953-661B30","","","","1","1","1","PC","1","PC","0","1","","","","","1"
"953-661B34","1","1","1","1","MA-953-661B34","","","","1","1","1","PC","1","PC","0","1","","","","","1"
"956-661-34","1","1","1","1","MA-953-661B34","","","","1","1","1","PC","1","PC","0","1","","","","","1"
"953-678A-30","1","1","1","1","MA-953-678A30","","","","1","1","1","PC","1","PC","0","1","","","","","1"
"953-678B-30","1","1","1","1","MA-953-678A30","","","","1","1","1","PC","1","PC","0","1","","","","","1"
"953-678B-34","1","1","1","1","MA-953-678A34","","","","1","1","1","PC","1","PC","0","1","","","","","1"
"161-406JB31","1","1","1","1","MA-161-406JA31","","","","1","1","1","PC","1","PC","0","1","","","","","1"
"SPL-2588AA30","1","1","1","1","MA-SPL-2588AA30","","","","1","1","1","PC","1","PC","0","1","","","","","1"
"SPL-2588BA30","1","1","1","1","MA-161-403CA30","","","","1","1","1","PC","1","PC","0","1","","","","","1"
"165-601GA33","1","1","1","1","MA-165-601GA33","","","","1","1","1","PC","1","PC","0","1","","","","","1"
"3536-501BA30","1","1","1","1","MA-3538-501CA30","","","","1","1","1","PC","1","PC","0","1","","","","","1"
"3538-501CA30","1","1","1","1","MA-3538-501CA30","","","","1","1","1","PC","1","PC","0","1","","","","","1"
"3636-501DA30","1","1","1","1","MA-3538-501DA30","","","","1","1","1","PC","1","PC","0","1","","","","","1"
"3538-501DA30","1","1","1","1","MA-3538-501DA30","","","","1","1","1","PC","1","PC","0","1","","","","","1"
"1635-406AA30","1","1","1","1","MA-1635-406AA30","","","","1","1","1","PC","1","PC","0","1","","","","","1"
"631-666B30","1","1","1","1","MA-560-66630-DRUM","","","","1","1","1","PC","1","PC","0","1","","","","","1"
"631-60130","1","1","1","1","MA-631-60130","","","","1","1","1","PC","1","PC","0","1","","","","","1"
"5534-502AC38","1","1","1","1","MA-5517-502AA34","","","","1","1","1","PC","1","PC","0","1","","","","","1"
"1731-501ZJA22","1","1","1","1","MA-19B-501ZGA22","","","","1","1","1","PC","1","PC","0","1","","","","","1"
"5172-641AA30","1","1","1","1","MA-485-641BA30-DRUM","","","","1","1","1","PC","1","PC","0","1","","","","","1"
"3154-652AB22","1","1","1","1","MA-720-65222-DRUM","","","","1","1","1","PC","1","PC","0","1","","","","","1"
"5172-502AA30","1","1","1","1","MA-5172-502AA30","","","","1","1","1","PC","1","PC","0","1","","","","","1"
"5172-602AA30","1","1","1","1","MA-RH-0031A-06E","","","","1","1","1","PC","1","PC","0","1","","","","","1"
"5172-602BA30","1","1","1","1","MA-RH-0031A-05C","","","","1","1","1","PC","1","PC","0","1","","","","","1"
"80-406A26","1","1","1","1","MA-80-406A26","","","","1","1","1","PC","1","PC","0","1","","","","","1"
"80-40630","1","1","1","1","MA-80-40630","","","","1","1","1","PC","1","PC","0","1","","","","","1"
"80-406B26","1","1","1","1","MA-80-406B26","","","","1","1","1","PC","1","PC","0","1","","","","","1"
"600-65238","1","1","1","1","MA-720-65238-DRUM","","","","1","1","1","PC","1","PC","0","1","","","","","1"
"3922-652AA26","1","1","1","1","MA-3922-652AA26-DRUM","","","","1","1","1","PC","1","PC","0","1","","","","","1"
"631-502NA30","1","1","1","1","MA-631-50230","","","","1","1","1","PC","1","PC","0","1","","","","","1"
"5172-601AA30","1","1","1","1","MA-165-601GA33","","","","1","1","1","PC","1","PC","0","1","","","","","1"
"1331-210JA","1","1","1","1","MA-1331-210JA","","","","1","1","1","PC","1","PC","0","1","","","","","1"
"1331-211JA","1","1","1","1","MA-1331-211JA","","","","1","1","1","PC","1","PC","0","1","","","","","1"
"1631-111QA","1","1","1","1","MA-1631-111QA","","","","1","1","1","PC","1","PC","0","1","","","","","1"
"1631-111RA","1","1","1","1","MA-1631-111RA","","","","1","1","1","PC","1","PC","0","1","","","","","1"
"5172-501AA30","1","1","1","1","MA-1051-501CA30","","","","1","1","1","PC","1","PC","0","1","","","","","1"
"5172-501BA33","1","1","1","1","MA-1051-501BB33","","","","1","1","1","PC","1","PC","0","1","","","","","1"
"3650-651AB30","1","1","1","1","MA-3650-651AA30-DRUM","","","","1","1","1","PC","1","PC","0","1","","","","","1"
"3650-651AA34","1","1","1","1","MA-3650-651AA34-DRUM","","","","1","1","1","PC","1","PC","0","1","","","","","1"
"3153-652AB28","1","1","1","1","MA-560-66632-DRUM","","","","1","1","1","PC","1","PC","0","1","","","","","1"
"3239-601EA26","1","1","1","1","MA-880-601AA26","","","","1","1","1","PC","1","PC","0","1","","","","","1"
"3153-502JB28","1","1","1","1","MA-RH-0175KD-21AA","","","","1","1","1","PC","1","PC","0","1","","","","","1"
"3239-608AA26","1","1","1","1","MA-973-608AA26-DRUM","","","","1","1","1","PC","1","PC","0","1","","","","","1"
"4117-652AA30","1","1","1","1","MA-720-65230-DRUM","","","","1","1","1","PC","1","PC","0","1","","","","","1"
"3239-651AA26","1","1","1","1","MA-625-65126-DRUM","","","","1","1","1","PC","1","PC","0","1","","","","","1"
"3239-502AA26","1","1","1","1","MA-4109-502AA30","","","","1","1","1","PC","1","PC","0","1","","","","","1"
"5142-501AA38","1","1","1","1","MA-1051-501CA38","","","","1","1","1","PC","1","PC","0","1","","","","","1"
"1731-501ZGA22","1","1","1","1","MA-19B-501ZGA22","","","","1","1","1","PC","1","PC","0","1","","","","","1"
"1531-501ZQA2230","1","1","1","1","MA-1531-501ZKA2230","","","","1","1","1","PC","1","PC","0","1","","","","","1"
"3650-501CA34","1","1","1","1","MA-171-501GA34","","","","1","1","1","PC","1","PC","0","1","","","","","1"
"1531-406AA2230","1","1","1","1","MA-1531-406AA2230","","","","1","1","1","PC","1","PC","0","1","","","","","1"
"1632-406AA26","1","1","1","1","MA-171-406AA26","","","","1","1","1","PC","1","PC","0","1","","","","","1"
"1532-440CA26","1","1","1","1","MA-1532-440AA26","","","","1","1","1","PC","1","PC","0","1","","","","","1"
"3239-432AA26","1","1","1","1","MA-3237-432BA26","","","","1","1","1","PC","1","PC","0","1","","","","","1"
"600-652AA22","1","1","1","1","MA-720-65222-DRUM","","","","1","1","1","PC","1","PC","0","1","","","","","1"
"13-406BA18","1","1","1","1","MA-13-406BA18","","","","1","1","1","PC","1","PC","0","1","","","","","1"
"13-406BA20","1","1","1","1","MA-13-406BA20","","","","1","1","1","PC","1","PC","0","1","","","","","1"
"TS-5209BA30","1","1","1","1","MA-485-641BA30-DRUM","","","","1","1","1","PC","1","PC","0","1","","","","","1"
"1355-401EA24","1","1","1","1","MA-1355-401DA24","","","","1","1","1","PC","1","PC","0","1","","","","","1"
"6108-601AA38","1","1","1","1","MA-6104-601AA38","","","","1","1","1","PC","1","PC","0","1","","","","","1"
"6108-641AA38","1","1","1","1","MA-485-641BA38-DRUM","","","","1","1","1","PC","1","PC","0","1","","","","","1"
"6108-502AA38","1","1","1","1","MA-5517-502AA38","","","","1","1","1","PC","1","PC","0","1","","","","","1"
"3139-601ZA30","1","1","1","1","MA-RV-0173","","","","1","1","1","PC","1","PC","0","1","","","","","1"
"4207-651AB34","1","1","1","1","MA-625-65134-DRUM","","","","1","1","1","PC","1","PC","0","1","","","","","1"
"6108-602AA38","1","1","1","1","MA-RH-0031K-06SA","","","","1","1","1","PC","1","PC","0","1","","","","","1"
"6108-602BA38","1","1","1","1","MA-RH-0031K-06SA","","","","1","1","1","PC","1","PC","0","1","","","","","1"
"6108-602CA38","1","1","1","1","MA-RH-0031K-06SA","","","","1","1","1","PC","1","PC","0","1","","","","","1"
"6108-602DA38","1","1","1","1","MA-RH-0031K-06RA","","","","1","1","1","PC","1","PC","0","1","","","","","1"
"6108-606AA38","1","1","1","1","MA-RH-0031A-05C","","","","1","1","1","PC","1","PC","0","1","","","","","1"
"6108-602EA38","1","1","1","1","MA-RH-0031K-06SA","","","","1","1","1","PC","1","PC","0","1","","","","","1"
"1532-440JA30","1","1","1","1","MA-1532-440AA30","","","","1","1","1","PC","1","PC","0","1","","","","","1"
"1532-440DA34","1","1","1","1","MA-1532-440AA34","","","","1","1","1","PC","1","PC","0","1","","","","","1"
"1532-440JA34","1","1","1","1","MA-1532-440AA34","","","","1","1","1","PC","1","PC","0","1","","","","","1"
"3247-432AA30","1","1","1","1","MA-3237-432BA30","","","","1","1","1","PC","1","PC","0","1","","","","","1"
"3237-432AC34","1","1","1","1","MA-3237-432BA34","","","","1","1","1","PC","1","PC","0","1","","","","","1"
"3247-432AA34","1","1","1","1","MA-3237-432BA34","","","","1","1","1","PC","1","PC","0","1","","","","","1"
"3247-608AA30","1","1","1","1","MA-973-608AA30-DRUM","","","","1","1","1","PC","1","PC","0","1","","","","","1"
"3247-502AA30","1","1","1","1","MA-4109-502AA30","","","","1","1","1","PC","1","PC","0","1","","","","","1"
"3247-502AA34","1","1","1","1","MA-600-502AA34","","","","1","1","1","PC","1","PC","0","1","","","","","1"
"3247-651AA30","1","1","1","1","MA-625-65130-DRUM","","","","1","1","1","PC","1","PC","0","1","","","","","1"
"3247-651AA34","1","1","1","1","MA-625-65134-DRUM","","","","1","1","1","PC","1","PC","0","1","","","","","1"
"3247-601EA30","1","1","1","1","MA-880-601AA30","","","","1","1","1","PC","1","PC","0","1","","","","","1"
"3247-601EA34","1","1","1","1","MA-880-601AA34","","","","1","1","1","PC","1","PC","0","1","","","","","1"
"3247-608AA34","1","1","1","1","MA-973-608AA34-DRUM","","","","1","1","1","PC","1","PC","0","1","","","","","1"
"3660-501CA30","1","1","1","1","MA-171-501HA30","","","","1","1","1","PC","1","PC","0","1","","","","","1"
"3157-502AB34","1","1","1","1","MA-600-502AA34","","","","1","1","1","PC","1","PC","0","1","","","","","1"
"3160-601EA34","1","1","1","1","MA-RV-0173","","","","1","1","1","PC","1","PC","0","1","","","","","1"
"4207-651AB30","1","1","1","1","MA-625-65130-DRUM","","","","1","1","1","PC","1","PC","0","1","","","","","1"
"3652-501CA30","1","1","1","1","MA-171-501HA30","","","","1","1","1","PC","1","PC","0","1","","","","","1"
"6207-601AC34","1","1","1","1","MA-5207-601BB34","","","","1","1","1","PC","1","PC","0","1","","","","","1"
"3650-608AB30","1","1","1","1","MA-814-60830-DRUM","","","","1","1","1","PC","1","PC","0","1","","","","","1"
"4408-651AA30","1","1","1","1","MA-3650-651AA30-DRUM","","","","1","1","1","PC","1","PC","0","1","","","","","1"
"4408-601BA30","1","1","1","1","MA-954-60130-DRUM","","","","1","1","1","PC","1","PC","0","1","","","","","1"
"4408-608BA30","1","1","1","1","MA-814-60830-DRUM","","","","1","1","1","PC","1","PC","0","1","","","","","1"
"4117-601EB30","1","1","1","1","MA-748-601AA30","","","","1","1","1","PC","1","PC","0","1","","","","","1"
"5165-501AB30","1","1","1","1","MA-161-501AA30","","","","1","1","1","PC","1","PC","0","1","","","","","1"
"5165-601AA30","1","1","1","1","MA-165-601AB33","","","","1","1","1","PC","1","PC","0","1","","","","","1"
"5529-501CA38","1","1","1","1","MA-5529-501CA38","","","","1","1","1","PC","1","PC","0","1","","","","","1"
"100-401AA30","1","1","1","1","MA-100-40130","","","","1","1","1","PC","1","PC","0","1","","","","","1"
"5142-602ZA38","1","1","1","1","MA-RH-0031A-05C","","","","1","1","1","PC","1","PC","0","1","","","","","1"
"3922-502JB26","1","1","1","1","MA-3922-502AC26","","","","1","1","1","PC","1","PC","0","1","","","","","1"
"3153-502JB36","1","1","1","1","MA-RH-0175KD-21AA","","","","1","1","1","PC","1","PC","0","1","","","","","1"
"5142-502ZA38","1","1","1","1","MA-474-502AA38","","","","1","1","1","PC","1","PC","0","1","","","","","1"
"5308-601AA30","1","1","1","1","MA-161-601BA30","","","","1","1","1","PC","1","PC","0","1","","","","","1"
"3922-502JB36","1","1","1","1","MA-3922-502AC36","","","","1","1","1","PC","1","PC","0","1","","","","","1"
"3922-502JD30","1","1","1","1","MA-600-502AA30","","","","1","1","1","PC","1","PC","0","1","","","","","1"
"3922-502EB26","1","1","1","1","MA-3922-502AC26","","","","1","1","1","PC","1","PC","0","1","","","","","1"
"162-501ZLA34","1","1","1","1","MA-162-501ZKA34","","","","1","1","1","PC","1","PC","0","1","","","","","1"
"3242-502AC30","1","1","1","1","MA-3144-502AB30","","","","1","1","1","PC","1","PC","0","1","","","","","1"
"4119-608AA30","1","1","1","1","MA-814-60830-DRUM","","","","1","1","1","PC","1","PC","0","1","","","","","1"
"4119-502EA30","1","1","1","1","MA-4109-502AA30","","","","1","1","1","PC","1","PC","0","1","","","","","1"
"4119-601EA30","1","1","1","1","MA-4119-601AA30","","","","1","1","1","PC","1","PC","0","1","","","","","1"
"4119-666AA30","1","1","1","1","MA-560-66630-DRUM","","","","1","1","1","PC","1","PC","0","1","","","","","1"
"352B-602BB38","1","1","1","1","MA-RH-0031A-05C","","","","1","1","1","PC","1","PC","0","1","","","","","1"
"5154-502AA38","1","1","1","1","MA-474-502AA34","","","","1","1","1","PC","1","PC","0","1","","","","","1"
"5154-602BA38","1","1","1","1","MA-RH-0031A-05C","","","","1","1","1","PC","1","PC","0","1","","","","","1"
"5154-602AA38","1","1","1","1","MA-RH-0031K-06B","","","","1","1","1","PC","1","PC","0","1","","","","","1"
"5172-641AA33","1","1","1","1","MA-485-641BA33-DRUM","","","","1","1","1","PC","1","PC","0","1","","","","","1"
"4117-652AA34","1","1","1","1","MA-720-65234-DRUM","","","","1","1","1","PC","1","PC","0","1","","","","","1"
"C352-501AA38","1","1","1","1","MA-161-501PA38","","","","1","1","1","PC","1","PC","0","1","","","","","1"
"C352-601AA38","1","1","1","1","MA-161-601BA38","","","","1","1","1","PC","1","PC","0","1","","","","","1"
"5172-501AA33","1","1","1","1","MA-5172-501AA33","","","","1","1","1","PC","1","PC","0","1","","","","","1"
"C352-501BA38","1","1","1","1","MA-B336-501BA38","","","","1","1","1","PC","1","PC","0","1","","","","","1"
"161-406PE38","1","1","1","1","MA-161-406PE38","","","","1","1","1","PC","1","PC","0","1","","","","","1"
"3153-601EB36","1","1","1","1","MA-603-601-BLOCK","","","","1","1","1","PC","1","PC","0","1","","","","","1"
"5172-601AA33","1","1","1","1","MA-165-601GA35","","","","1","1","1","PC","1","PC","0","1","","","","","1"
"5208-601AA34","1","1","1","1","MA-5207-601CA34","","","","1","1","1","PC","1","PC","0","1","","","","","1"
"3156-652AA32","1","1","1","1","MA-720-65232-DRUM","","","","1","1","1","PC","1","PC","0","1","","","","","1"
"5172-602AA33","1","1","1","1","MA-RH-0031A-06E","","","","1","1","1","PC","1","PC","0","1","","","","","1"
"5172-602BA33","1","1","1","1","MA-RH-0031A-05C","","","","1","1","1","PC","1","PC","0","1","","","","","1"
"5172-602CA33","1","1","1","1","MA-RH-0031A-05C","","","","1","1","1","PC","1","PC","0","1","","","","","1"
"3144-601EA32","1","1","1","1","MA-603-601-BLOCK","","","","1","1","1","PC","1","PC","0","1","","","","","1"
"3139-502FA32","1","1","1","1","MA-RH-0175KD-21AA","","","","1","1","1","PC","1","PC","0","1","","","","","1"
"3139-502FA38","1","1","1","1","MA-RH-0175KD-21AA","","","","1","1","1","PC","1","PC","0","1","","","","","1"
"3145-502EA32","1","1","1","1","MA-600-502AA32","","","","1","1","1","PC","1","PC","0","1","","","","","1"
"5172-502AA33","1","1","1","1","MA-5172-502AA33","","","","1","1","1","PC","1","PC","0","1","","","","","1"
"3638-501CA30","1","1","1","1","MA-171-501HA30","","","","1","1","1","PC","1","PC","0","1","","","","","1"
"3248-432AA30","1","1","1","1","MA-3237-432BA30","","","","1","1","1","PC","1","PC","0","1","","","","","1"
"12Q-411LA34","1","1","1","1","MA-12Q-411BA34","","","","1","1","1","PC","1","PC","0","1","","","","","1"
"1551-401CA30","1","1","1","1","MA-1551-401CA30","","","","1","1","1","PC","1","PC","0","1","","","","","1"
"5174-602AA38","1","1","1","1","MA-RH-0031K-06A","","","","1","1","1","PC","1","PC","0","1","","","","","1"
"5174-602BA38","1","1","1","1","MA-RH-0031A-05C","","","","1","1","1","PC","1","PC","0","1","","","","","1"
"5174-602CA38","1","1","1","1","MA-RH-0031A-05C","","","","1","1","1","PC","1","PC","0","1","","","","","1"
"5612-602AA34","1","1","1","1","MA-RH-0031A-05C","","","","1","1","1","PC","1","PC","0","1","","","","","1"
"5612-602BA34","1","1","1","1","MA-RH-0031A-05C","","","","1","1","1","PC","1","PC","0","1","","","","","1"
"5612-602CA34","1","1","1","1","MA-RH-0031A-05C","","","","1","1","1","PC","1","PC","0","1","","","","","1"
"5612-602DA34","1","1","1","1","MA-RH-0031A-05C","","","","1","1","1","PC","1","PC","0","1","","","","","1"
"5612-602EA34","1","1","1","1","MA-RH-0031A-05C","","","","1","1","1","PC","1","PC","0","1","","","","","1"
"5108-502AA34","1","1","1","1","MA-5108-502AA34","","","","1","1","1","PC","1","PC","0","1","","","","","1"
"5128-601AA33","1","1","1","1","MA-165-601AB33","","","","1","1","1","PC","1","PC","0","1","","","","","1"
"474-601AB36","1","1","1","1","MA-165-601BA36","","","","1","1","1","PC","1","PC","0","1","","","","","1"
"5612-601AA34","1","1","1","1","MA-5211-601AA34","","","","1","1","1","PC","1","PC","0","1","","","","","1"
"5108-641AA34","1","1","1","1","MA-485-641BA34-DRUM","","","","1","1","1","PC","1","PC","0","1","","","","","1"
"5108-641AA36","1","1","1","1","MA-485-641BA36-DRUM","","","","1","1","1","PC","1","PC","0","1","","","","","1"
"SPL-2588EA31","1","1","1","1","MA-SPL-2588EA31","","","","1","1","1","PC","1","PC","0","1","","","","","1"
"SPL-2594AA34","1","1","1","1","MA-5207-601BB34","","","","1","1","1","PC","1","PC","0","1","","","","","1"
"1635-401AA30","1","1","1","1","MA-1635-401AA30","","","","1","1","1","PC","1","PC","0","1","","","","","1"
"5108-502AA36","1","1","1","1","MA-5108-502AA36","","","","1","1","1","PC","1","PC","0","1","","","","","1"
"6214-502CA34","1","1","1","1","MA-5517-502AA34","","","","1","1","1","PC","1","PC","0","1","","","","","1"
"5108-602AA34","1","1","1","1","MA-RH-0031A-05D","","","","1","1","1","PC","1","PC","0","1","","","","","1"
"5108-602AA36","1","1","1","1","MA-RH-0031A-05D","","","","1","1","1","PC","1","PC","0","1","","","","","1"
"5108-602BA34","1","1","1","1","MA-RH-0031A-05C","","","","1","1","1","PC","1","PC","0","1","","","","","1"
"5108-602BA36","1","1","1","1","MA-RH-0031A-05C","","","","1","1","1","PC","1","PC","0","1","","","","","1"
"12Q-411MB36","1","1","1","1","MA-12Q-411MA36","","","","1","1","1","PC","1","PC","0","1","","","","","1"
"6214-502BA34","1","1","1","1","MA-5517-502AA34","","","","1","1","1","PC","1","PC","0","1","","","","","1"
"5143-601AA16","1","1","1","1","MA-1751-601AA16","","","","1","1","1","PC","1","PC","0","1","","","","","1"
"5143-501AA16","1","1","1","1","MA-1751-501AA16","","","","1","1","1","PC","1","PC","0","1","","","","","1"
"5143-502JA16","1","1","1","1","MA-59-502B16","","","","1","1","1","PC","1","PC","0","1","","","","","1"
"5143-602AA16","1","1","1","1","MA-RH-0031A-07E","","","","1","1","1","PC","1","PC","0","1","","","","","1"
"5143-602BA16","1","1","1","1","MA-RH-0031A-07E","","","","1","1","1","PC","1","PC","0","1","","","","","1"
"5143-602CA16","1","1","1","1","MA-RH-0031A-05C","","","","1","1","1","PC","1","PC","0","1","","","","","1"
"12Q-411MB34","1","1","1","1","MA-12Q-411MA34","","","","1","1","1","PC","1","PC","0","1","","","","","1"
"C352-501AA36","1","1","1","1","MA-161-501PA36","","","","1","1","1","PC","1","PC","0","1","","","","","1"
"4117-601EA32","1","1","1","1","MA-631-60132-DRUM","","","","1","1","1","PC","1","PC","0","1","","","","","1"
"3139-608AC32","1","1","1","1","MA-973-608AA32-DRUM","","","","1","1","1","PC","1","PC","0","1","","","","","1"
"352B-502AA36","1","1","1","1","MA-5517-502AA36","","","","1","1","1","PC","1","PC","0","1","","","","","1"
"C352-601AA36","1","1","1","1","MA-161-601BA36","","","","1","1","1","PC","1","PC","0","1","","","","","1"
"C352-501BA36","1","1","1","1","MA-B336-501BA36","","","","1","1","1","PC","1","PC","0","1","","","","","1"
"161-406PE36","1","1","1","1","MA-161-406PE36","","","","1","1","1","PC","1","PC","0","1","","","","","1"
"3151-502JD30","1","1","1","1","MA-3151-502AA34","","","","1","1","1","PC","1","PC","0","1","","","","","1"
"3151-502JC34","1","1","1","1","MA-3151-502AA34","","","","1","1","1","PC","1","PC","0","1","","","","","1"
"6105-502AA36","1","1","1","1","MA-5517-502AA36","","","","1","1","1","PC","1","PC","0","1","","","","","1"
"6105-502AA38","1","1","1","1","MA-5517-502AA38","","","","1","1","1","PC","1","PC","0","1","","","","","1"
"1631-111SA","1","1","1","1","MA-1631-111SA","","","","1","1","1","PC","1","PC","0","1","","","","","1"
"1631-111TA","1","1","1","1","MA-1631-111TA","","","","1","1","1","PC","1","PC","0","1","","","","","1"
"6104-602EA34","1","1","1","1","MA-RH-0031K-06G","","","","1","1","1","PC","1","PC","0","1","","","","","1"
"6105-602CC38","1","1","1","1","MA-RH-0031A-05H","","","","1","1","1","PC","1","PC","0","1","","","","","1"
"6105-602CB36","1","1","1","1","MA-RH-0031A-05H","","","","1","1","1","PC","1","PC","0","1","","","","","1"
"523-652AA34","1","1","1","1","MA-720-65234-DRUM","","","","1","1","1","PC","1","PC","0","1","","","","","1"
"5173-502AA30","1","1","1","1","MA-474-502AA30","","","","1","1","1","PC","1","PC","0","1","","","","","1"
"5173-502AA34","1","1","1","1","MA-474-502AA34","","","","1","1","1","PC","1","PC","0","1","","","","","1"
"474-502ZA38","1","1","1","1","MA-474-502AA38","","","","1","1","1","PC","1","PC","0","1","","","","","1"
"5163-502AA38","1","1","1","1","MA-5163-502AA38","","","","1","1","1","PC","1","PC","0","1","","","","","1"
"5172-502AB30","1","1","1","1","MA-5172-502AA30","","","","1","1","1","PC","1","PC","0","1","","","","","1"
"474-602XA38","1","1","1","1","MA-RH-0031A-05C","","","","1","1","1","PC","1","PC","0","1","","","","","1"
"5530-501CA34","1","1","1","1","MA-5529-501CA34","","","","1","1","1","PC","1","PC","0","1","","","","","1"
"6104-502AB34","1","1","1","1","MA-5517-502AA34","","","","1","1","1","PC","1","PC","0","1","","","","","1"
"6207-502SB34","1","1","1","1","MA-5517-502AA34","","","","1","1","1","PC","1","PC","0","1","","","","","1"
"3139-502FA30","1","1","1","1","MA-RH-0175KD-21AA","","","","1","1","1","PC","1","PC","0","1","","","","","1"
"100-501NA40","1","1","1","1","MA-1531-501ZHA40","","","","1","1","1","PC","1","PC","0","1","","","","","1"
"5535-501BA48","1","1","1","1","MA-5535-501BA48","","","","1","1","1","PC","1","PC","0","1","","","","","1"
"5535-641AA48","1","1","1","1","MA-485-641BA48-DRUM","","","","1","1","1","PC","1","PC","0","1","","","","","1"
"485-502JA30","1","1","1","1","MA-485-502AA30","","","","1","1","1","PC","1","PC","0","1","","","","","1"
"3638-501CA34","1","1","1","1","MA-171-501GA34","","","","1","1","1","PC","1","PC","0","1","","","","","1"
"478-502AC30","1","1","1","1","MA-474-502AA30","","","","1","1","1","PC","1","PC","0","1","","","","","1"
"478-602BC30","1","1","1","1","MA-RH-0031A-05C","","","","1","1","1","PC","1","PC","0","1","","","","","1"
"5612-602EB34","1","1","1","1","MA-RH-0031A-05C","","","","1","1","1","PC","1","PC","0","1","","","","","1"
"478-502EC38","1","1","1","1","MA-474-502AA38","","","","1","1","1","PC","1","PC","0","1","","","","","1"
"478-602BC38","1","1","1","1","MA-RH-0031A-05C","","","","1","1","1","PC","1","PC","0","1","","","","","1"
"5165-502AC30","1","1","1","1","MA-474-502AA30","","","","1","1","1","PC","1","PC","0","1","","","","","1"
"4117-652AA32","1","1","1","1","MA-720-65232-DRUM","","","","1","1","1","PC","1","PC","0","1","","","","","1"
"5142-501NA30","1","1","1","1","MA-161-501HA30","","","","1","1","1","PC","1","PC","0","1","","","","","1"
"5142-601AA30","1","1","1","1","MA-165-601GA33","","","","1","1","1","PC","1","PC","0","1","","","","","1"
"3923-502AA26","1","1","1","1","MA-3922-502AC26","","","","1","1","1","PC","1","PC","0","1","","","","","1"
"3923-652AA26","1","1","1","1","MA-3922-652AA26-DRUM","","","","1","1","1","PC","1","PC","0","1","","","","","1"
"3923-608AA26","1","1","1","1","MA-560-60826","","","","1","1","1","PC","1","PC","0","1","","","","","1"
"3923-601EA26","1","1","1","1","MA-748-601AA26","","","","1","1","1","PC","1","PC","0","1","","","","","1"
"5165-602BB30","1","1","1","1","MA-RH-0031A-05C","","","","1","1","1","PC","1","PC","0","1","","","","","1"
"1831-401AA30","1","1","1","1","MA-1831-401AA30","","","","1","1","1","PC","1","PC","0","1","","","","","1"
"1831-406AA30","1","1","1","1","MA-1831-406AA30","","","","1","1","1","PC","1","PC","0","1","","","","","1"
"161-402LB34","1","1","1","1","MA-161-402GA34","","","","1","1","1","PC","1","PC","0","1","","","","","1"
"TS-5315LA","1","1","1","1","MA-560-66630-DRUM","","","","1","1","1","PC","1","PC","0","1","","","","","1"
"57-642EA","1","1","1","1","MA-57-642EA","","","","1","1","1","PC","1","PC","0","1","","","","","1"
"1831-418AA30","1","1","1","1","MA-1831-418AA30-DRUM","","","","1","1","1","PC","1","PC","0","1","","","","","1"
"3153-502EB32","1","1","1","1","MA-RH-0175KD-21AA","","","","1","1","1","PC","1","PC","0","1","","","","","1"
"3656-501CA30","1","1","1","1","MA-171-501HA30","","","","1","1","1","PC","1","PC","0","1","","","","","1"
"975-601EA30","1","1","1","1","MA-522-601AB30","","","","1","1","1","PC","1","PC","0","1","","","","","1"
"975-608AB30","1","1","1","1","MA-973-608AA30-DRUM","","","","1","1","1","PC","1","PC","0","1","","","","","1"
"3153-601EA42","1","1","1","1","MA-603-601-BLOCK","","","","1","1","1","PC","1","PC","0","1","","","","","1"
"3153-502JA42","1","1","1","1","MA-RH-0175KD-21AA","","","","1","1","1","PC","1","PC","0","1","","","","","1"
"4117-601EB34","1","1","1","1","MA-748-601AA34","","","","1","1","1","PC","1","PC","0","1","","","","","1"
"130-407AA14","1","1","1","1","MA-130-407AA14","","","","1","1","1","PC","1","PC","0","1","","","","","1"
"5529-501AA30","1","1","1","1","MA-5500-501DB30","","","","1","1","1","PC","1","PC","0","1","","","","","1"
"5529-501BA30","1","1","1","1","MA-5500-501EA30","","","","1","1","1","PC","1","PC","0","1","","","","","1"
"5542-641AA30","1","1","1","1","MA-485-641BA30-DRUM","","","","1","1","1","PC","1","PC","0","1","","","","","1"
"5542-502AA30","1","1","1","1","MA-5517-502AA30","","","","1","1","1","PC","1","PC","0","1","","","","","1"
"3922-652AB26","1","1","1","1","MA-3922-652AA26-DRUM","","","","1","1","1","PC","1","PC","0","1","","","","","1"
"3922-652AB30","1","1","1","1","MA-3922-652AA30-DRUM","","","","1","1","1","PC","1","PC","0","1","","","","","1"
"478-502AC33","1","1","1","1","MA-474-502AA33","","","","1","1","1","PC","1","PC","0","1","","","","","1"
"201-502BA14","1","1","1","1","MA-59-502B14","","","","1","1","1","PC","1","PC","0","1","","","","","1"
"3153-502EA42","1","1","1","1","MA-RH-0175KD-21AA","","","","1","1","1","PC","1","PC","0","1","","","","","1"
"478-602BC33","1","1","1","1","MA-RH-0031A-05C","","","","1","1","1","PC","1","PC","0","1","","","","","1"
"6110-606AA38","1","1","1","1","MA-RH-0031A-05C","","","","1","1","1","PC","1","PC","0","1","","","","","1"
"6104-502AB30","1","1","1","1","MA-5517-502AA30","","","","1","1","1","PC","1","PC","0","1","","","","","1"
"6104-602CB30","1","1","1","1","MA-RH-0031K-06G","","","","1","1","1","PC","1","PC","0","1","","","","","1"
"6104-602EA30","1","1","1","1","MA-RH-0031K-06G","","","","1","1","1","PC","1","PC","0","1","","","","","1"
"6104-606AB30","1","1","1","1","MA-RH-0031A-05C","","","","1","1","1","PC","1","PC","0","1","","","","","1"
"479-502AB33","1","1","1","1","MA-474-502AA33","","","","1","1","1","PC","1","PC","0","1","","","","","1"
"5142-502AA32","1","1","1","1","MA-5135-502AA32","","","","1","1","1","PC","1","PC","0","1","","","","","1"
"201-602BA14","1","1","1","1","MA-RH-0031A-20AA","","","","1","1","1","PC","1","PC","0","1","","","","","1"
"479-602BC33","1","1","1","1","MA-RH-0031A-05C","","","","1","1","1","PC","1","PC","0","1","","","","","1"
"5142-602BB32","1","1","1","1","MA-RH-0031A-05C","","","","1","1","1","PC","1","PC","0","1","","","","","1"
"5142-501NA32","1","1","1","1","MA-161-501HA32","","","","1","1","1","PC","1","PC","0","1","","","","","1"
"5142-601AA32","1","1","1","1","MA-165-601GA34","","","","1","1","1","PC","1","PC","0","1","","","","","1"
"161-406JB32","1","1","1","1","MA-161-406JA32","","","","1","1","1","PC","1","PC","0","1","","","","","1"
"1631-401AC30","1","1","1","1","MA-1631-401AB30","","","","1","1","1","PC","1","PC","0","1","","","","","1"
"5521-502AA22","1","1","1","1","MA-5521-502AB22","","","","1","1","1","PC","1","PC","0","1","","","","","1"
"1631-102EA","1","1","1","1","MA-1631-102AD","","","","1","1","1","PC","1","PC","0","1","","","","","1"
"3153-502EB26","1","1","1","1","MA-RH-0175KD-21AA","","","","1","1","1","PC","1","PC","0","1","","","","","1"
"5542-602AA30","1","1","1","1","MA-RH-0031A-05D","","","","1","1","1","PC","1","PC","0","1","","","","","1"
"5142-502AA40","1","1","1","1","MA-474-502AA34","","","","1","1","1","PC","1","PC","0","1","","","","","1"
"1355-401FA24","1","1","1","1","MA-1355-401DA24","","","","1","1","1","PC","1","PC","0","1","","","","","1"
"5521-601AA21","1","1","1","1","MA-1355-601BA21","","","","1","1","1","PC","1","PC","0","1","","","","","1"
"1355-406AB22","1","1","1","1","MA-1355-406AB22","","","","1","1","1","PC","1","PC","0","1","","","","","1"
"5527-501AA22","1","1","1","1","MA-5527-501AA22","","","","1","1","1","PC","1","PC","0","1","","","","","1"
"5527-501BA21","1","1","1","1","MA-5527-501BA21","","","","1","1","1","PC","1","PC","0","1","","","","","1"
"5521-602CA22","1","1","1","1","MA-RH-0031A-05C","","","","1","1","1","PC","1","PC","0","1","","","","","1"
"5527-501BA22","1","1","1","1","MA-5527-501BA22","","","","1","1","1","PC","1","PC","0","1","","","","","1"
"5165-501AA36","1","1","1","1","MA-161-501QA36","","","","1","1","1","PC","1","PC","0","1","","","","","1"
"5165-601AA36","1","1","1","1","MA-165-601BA38","","","","1","1","1","PC","1","PC","0","1","","","","","1"
"5530-501CA38","1","1","1","1","MA-5529-501CA38","","","","1","1","1","PC","1","PC","0","1","","","","","1"
"19B-501ZGC16","1","1","1","1","MA-19B-501ZGA16","","","","1","1","1","PC","1","PC","0","1","","","","","1"
"19B-501ZGC17","1","1","1","1","MA-19B-501ZGA17","","","","1","1","1","PC","1","PC","0","1","","","","","1"
"5165-641AA36","1","1","1","1","MA-485-641BA36-DRUM","","","","1","1","1","PC","1","PC","0","1","","","","","1"
"582-502JB16","1","1","1","1","MA-582-502AA16","","","","1","1","1","PC","1","PC","0","1","","","","","1"
"582-502JB17","1","1","1","1","MA-582-502AA17","","","","1","1","1","PC","1","PC","0","1","","","","","1"
"580-652AA16","1","1","1","1","MA-720-65216-DRUM","","","","1","1","1","PC","1","PC","0","1","","","","","1"
"580-652AA17","1","1","1","1","MA-720-65217-DRUM","","","","1","1","1","PC","1","PC","0","1","","","","","1"
"5165-502AA36","1","1","1","1","MA-474-502AA36","","","","1","1","1","PC","1","PC","0","1","","","","","1"
"1731-103AA18","1","1","1","1","MA-1731-103AA18","","","","1","1","1","PC","1","PC","0","1","","","","","1"
"3551-502AA34","1","1","1","1","MA-3551-502AA34","","","","1","1","1","PC","1","PC","0","1","","","","","1"
"3551-502EA34","1","1","1","1","MA-3551-502AA34","","","","1","1","1","PC","1","PC","0","1","","","","","1"
"3551-502JA34","1","1","1","1","MA-3551-502AA34","","","","1","1","1","PC","1","PC","0","1","","","","","1"
"4109-502AA26","1","1","1","1","MA-4109-502AA26","","","","1","1","1","PC","1","PC","0","1","","","","","1"
"4111-502JA30","1","1","1","1","MA-4109-502AA30","","","","1","1","1","PC","1","PC","0","1","","","","","1"
"4113-502JA26","1","1","1","1","MA-4109-502AA30","","","","1","1","1","PC","1","PC","0","1","","","","","1"
"4113-502JA30","1","1","1","1","MA-4109-502AA30","","","","1","1","1","PC","1","PC","0","1","","","","","1"
"4109-502AA36","1","1","1","1","MA-4109-502AA36","","","","1","1","1","PC","1","PC","0","1","","","","","1"
"5142-502AA26","1","1","1","1","MA-474-502AA30","","","","1","1","1","PC","1","PC","0","1","","","","","1"
"5141-502JA38","1","1","1","1","MA-474-502AA34","","","","1","1","1","PC","1","PC","0","1","","","","","1"
"5108-502AA42","1","1","1","1","MA-5108-502AA42","","","","1","1","1","PC","1","PC","0","1","","","","","1"
"3139-502AA30","1","1","1","1","MA-582-502AA30","","","","1","1","1","PC","1","PC","0","1","","","","","1"
"3139-502EA34","1","1","1","1","MA-582-502AA34","","","","1","1","1","PC","1","PC","0","1","","","","","1"
"3139-502AA34","1","1","1","1","MA-582-502AA34","","","","1","1","1","PC","1","PC","0","1","","","","","1"
"3236-502JA36","1","1","1","1","MA-600-502AA34","","","","1","1","1","PC","1","PC","0","1","","","","","1"
"4109-502AA32","1","1","1","1","MA-600-502AA34","","","","1","1","1","PC","1","PC","0","1","","","","","1"
"4109-502AA34","1","1","1","1","MA-600-502AA34","","","","1","1","1","PC","1","PC","0","1","","","","","1"
"TS-5254BA","1","1","1","1","MA-TS-5254BA","","","","1","1","1","PC","1","PC","0","1","","","","","1"
"3154-502AA","1","1","1","1","MA-3154-502AA","","","","1","1","1","PC","1","PC","0","1","","","","","1"
"3154-502BA","1","1","1","1","MA-3154-502AA","","","","1","1","1","PC","1","PC","0","1","","","","","1"
"3154-502CA","1","1","1","1","MA-3154-502AA","","","","1","1","1","PC","1","PC","0","1","","","","","1"
"3154-502DA","1","1","1","1","MA-3154-502AA","","","","1","1","1","PC","1","PC","0","1","","","","","1"
"3154-502FA","1","1","1","1","MA-3154-502AA","","","","1","1","1","PC","1","PC","0","1","","","","","1"
"TS-5253VA","1","1","1","1","MA-TS-5253VA","","","","1","1","1","PC","1","PC","0","1","","","","","1"
"TS-5259-401AA30","1","1","1","1","MA-TS-5259-401AA30","","","","1","1","1","PC","1","PC","0","1","","","","","1"
"5165-602AA36","1","1","1","1","MA-RH-0031A-06E","","","","1","1","1","PC","1","PC","0","1","","","","","1"
"5165-602BA36","1","1","1","1","MA-RH-0031A-05C","","","","1","1","1","PC","1","PC","0","1","","","","","1"
"3158-601EA16","1","1","1","1","MA-4305-601AA","","","","1","1","1","PC","1","PC","0","1","","","","","1"
"3158-601EA17","1","1","1","1","MA-4305-601AA","","","","1","1","1","PC","1","PC","0","1","","","","","1"
"5173-502AB30","1","1","1","1","MA-474-502AA30","","","","1","1","1","PC","1","PC","0","1","","","","","1"
"6215-502AA38","1","1","1","1","MA-5517-502AA38","","","","1","1","1","PC","1","PC","0","1","","","","","1"
"5165-501AA34","1","1","1","1","MA-161-501AA34","","","","1","1","1","PC","1","PC","0","1","","","","","1"
"5165-641AA34","1","1","1","1","MA-485-641BA34-DRUM","","","","1","1","1","PC","1","PC","0","1","","","","","1"
"582-502RA38","1","1","1","1","MA-582-502AA38","","","","1","1","1","PC","1","PC","0","1","","","","","1"
"479-602BC30","1","1","1","1","MA-RH-0031A-05C","","","","1","1","1","PC","1","PC","0","1","","","","","1"
"6215-602AA38","1","1","1","1","MA-RH-0031K-06G","","","","1","1","1","PC","1","PC","0","1","","","","","1"
"6215-602BA38","1","1","1","1","MA-RH-0031K-06G","","","","1","1","1","PC","1","PC","0","1","","","","","1"
"6215-602CA38","1","1","1","1","MA-RH-0031K-06G","","","","1","1","1","PC","1","PC","0","1","","","","","1"
"6215-602DA38","1","1","1","1","MA-RH-0031K-06G","","","","1","1","1","PC","1","PC","0","1","","","","","1"
"6215-606AA38","1","1","1","1","MA-RH-0031A-05C","","","","1","1","1","PC","1","PC","0","1","","","","","1"
"5165-502AA34","1","1","1","1","MA-474-502AA34","","","","1","1","1","PC","1","PC","0","1","","","","","1"
"5165-502EA34","1","1","1","1","MA-474-502AA34","","","","1","1","1","PC","1","PC","0","1","","","","","1"
"5165-601AA34","1","1","1","1","MA-165-601BA36","","","","1","1","1","PC","1","PC","0","1","","","","","1"
"5173-502AB34","1","1","1","1","MA-474-502AA34","","","","1","1","1","PC","1","PC","0","1","","","","","1"
"582-601EA38","1","1","1","1","MA-603-601-BLOCK","","","","1","1","1","PC","1","PC","0","1","","","","","1"
"580-652AA38","1","1","1","1","MA-720-65238-DRUM","","","","1","1","1","PC","1","PC","0","1","","","","","1"
"5165-602AA34","1","1","1","1","MA-RH-0031A-06E","","","","1","1","1","PC","1","PC","0","1","","","","","1"
"5165-602BA34","1","1","1","1","MA-RH-0031A-05C","","","","1","1","1","PC","1","PC","0","1","","","","","1"
"479-602BC34","1","1","1","1","MA-RH-0031A-05C","","","","1","1","1","PC","1","PC","0","1","","","","","1"
"479-602BC38","1","1","1","1","MA-RH-0031A-05C","","","","1","1","1","PC","1","PC","0","1","","","","","1"
"5530-501BA36","1","1","1","1","MA-5500-501EB36","","","","1","1","1","PC","1","PC","0","1","","","","","1"
"5530-501CA36","1","1","1","1","MA-5529-501CA36","","","","1","1","1","PC","1","PC","0","1","","","","","1"
"6108-601AA36","1","1","1","1","MA-6104-601AA36","","","","1","1","1","PC","1","PC","0","1","","","","","1"
"6108-641AA36","1","1","1","1","MA-485-641BA36-DRUM","","","","1","1","1","PC","1","PC","0","1","","","","","1"
"6108-502AA36","1","1","1","1","MA-5517-502AA36","","","","1","1","1","PC","1","PC","0","1","","","","","1"
"1751-413AB17","1","1","1","1","MA-1751-413AB17","","","","1","1","1","PC","1","PC","0","1","","","","","1"
"1751-413AB24","1","1","1","1","MA-1751-413AB24","","","","1","1","1","PC","1","PC","0","1","","","","","1"
"5543-502AA30","1","1","1","1","MA-5517-502AA30","","","","1","1","1","PC","1","PC","0","1","","","","","1"
"C479-602BC30","1","1","1","1","MA-RH-0031A-05C","","","","1","1","1","PC","1","PC","0","1","","","","","1"
"C479-602BC33","1","1","1","1","MA-RH-0031A-05C","","","","1","1","1","PC","1","PC","0","1","","","","","1"
"C479-602BC34","1","1","1","1","MA-RH-0031A-05C","","","","1","1","1","PC","1","PC","0","1","","","","","1"
"C479-602BC38","1","1","1","1","MA-RH-0031A-05C","","","","1","1","1","PC","1","PC","0","1","","","","","1"
"3326-501AA34","1","1","1","1","MA-1531-501CA34","","","","1","1","1","PC","1","PC","0","1","","","","","1"
"1532-436BC34","1","1","1","1","MA-1536-436AA34","","","","1","1","1","PC","1","PC","0","1","","","","","1"
"161-402MA38","1","1","1","1","MA-161-402KA38","","","","1","1","1","PC","1","PC","0","1","","","","","1"
"4120-502AA30","1","1","1","1","MA-4109-502AA30","","","","1","1","1","PC","1","PC","0","1","","","","","1"
"4120-652AA30","1","1","1","1","MA-720-65230-DRUM","","","","1","1","1","PC","1","PC","0","1","","","","","1"
"4120-601EA30","1","1","1","1","MA-748-601AA30","","","","1","1","1","PC","1","PC","0","1","","","","","1"
"3326-601EA34","1","1","1","1","MA-748-601AA34","","","","1","1","1","PC","1","PC","0","1","","","","","1"
"945-502JA30","1","1","1","1","MA-582-502AA30","","","","1","1","1","PC","1","PC","0","1","","","","","1"
"525-652AA30","1","1","1","1","MA-720-65230-DRUM","","","","1","1","1","PC","1","PC","0","1","","","","","1"
"600-65230","1","1","1","1","MA-720-65230-DRUM","","","","1","1","1","PC","1","PC","0","1","","","","","1"
"90-111SAE","1","1","1","1","MA-90-111SAE","","","","1","1","1","PC","1","PC","0","1","","","","","1"
"100-111BE","1","1","1","1","MA-100-111BE","","","","1","1","1","PC","1","PC","0","1","","","","","1"
"3326-501BA34","1","1","1","1","MA-3326-501BA34","","","","1","1","1","PC","1","PC","0","1","","","","","1"
"TS-5275-608AA30","1","1","1","1","MA-603-608AA30","","","","1","1","1","PC","1","PC","0","1","","","","","1"
"6108-602AA36","1","1","1","1","MA-RH-0031K-06SA","","","","1","1","1","PC","1","PC","0","1","","","","","1"
"6108-602BA36","1","1","1","1","MA-RH-0031K-06RA","","","","1","1","1","PC","1","PC","0","1","","","","","1"
"6108-602CA36","1","1","1","1","MA-RH-0031K-06RA","","","","1","1","1","PC","1","PC","0","1","","","","","1"
"6108-602DA36","1","1","1","1","MA-RH-0031K-06RA","","","","1","1","1","PC","1","PC","0","1","","","","","1"
"6108-602EA36","1","1","1","1","MA-RH-0031K-06RA","","","","1","1","1","PC","1","PC","0","1","","","","","1"
"6108-606AA36","1","1","1","1","MA-RH-0031A-05C","","","","1","1","1","PC","1","PC","0","1","","","","","1"
"5154-602EB33","1","1","1","1","MA-RH-0031A-05D","","","","1","1","1","PC","1","PC","0","1","","","","","1"
"TS-5275-502AA30","1","1","1","1","MA-RH-0175KD-21AA","","","","1","1","1","PC","1","PC","0","1","","","","","1"
"TS-5275-601EA30","1","1","1","1","MA-603-601-BLOCK","","","","1","1","1","PC","1","PC","0","1","","","","","1"
"5517-502ZA38","1","1","1","1","MA-5517-502AA38","","","","1","1","1","PC","1","PC","0","1","","","","","1"
"3237-608AA34","1","1","1","1","MA-973-608AA34-DRUM","","","","1","1","1","PC","1","PC","0","1","","","","","1"
"6109-502AA36","1","1","1","1","MA-5517-502AA36","","","","1","1","1","PC","1","PC","0","1","","","","","1"
"826-502JA34","1","1","1","1","MA-954-50234","","","","1","1","1","PC","1","PC","0","1","","","","","1"
"5534-601AA36","1","1","1","1","MA-161-601HA36","","","","1","1","1","PC","1","PC","0","1","","","","","1"
"478-502EC34","1","1","1","1","MA-474-502AA34","","","","1","1","1","PC","1","PC","0","1","","","","","1"
"478-502AC34","1","1","1","1","MA-474-502AA34","","","","1","1","1","PC","1","PC","0","1","","","","","1"
"1532-436BC26","1","1","1","1","MA-1536-436AA26","","","","1","1","1","PC","1","PC","0","1","","","","","1"
"1532-436BC30","1","1","1","1","MA-1536-436AA30","","","","1","1","1","PC","1","PC","0","1","","","","","1"
"810-652B34","1","1","1","1","MA-720-65234-DRUM","","","","1","1","1","PC","1","PC","0","1","","","","","1"
"1532-436BC32","1","1","1","1","MA-1536-436AA32","","","","1","1","1","PC","1","PC","0","1","","","","","1"
"5534-502AD38","1","1","1","1","MA-5517-502AA34","","","","1","1","1","PC","1","PC","0","1","","","","","1"
"5534-602AB38","1","1","1","1","MA-RH-0031K-06KB","","","","1","1","1","PC","1","PC","0","1","","","","","1"
"479-502EA38","1","1","1","1","MA-474-502AA38","","","","1","1","1","PC","1","PC","0","1","","","","","1"
"TS-5259-501AA30","1","1","1","1","MA-TS-5259-501AA30","","","","1","1","1","PC","1","PC","0","1","","","","","1"
"TS-5259-501BA30","1","1","1","1","MA-TS-5259-501BA30","","","","1","1","1","PC","1","PC","0","1","","","","","1"
"TS-5259-406CB30","1","1","1","1","MA-TS-5259-406CB30","","","","1","1","1","PC","1","PC","0","1","","","","","1"
"TS-5259-401CA30","1","1","1","1","MA-TS-5259-401CA30","","","","1","1","1","PC","1","PC","0","1","","","","","1"
"TS-5275-652AA30","1","1","1","1","MA-TS-5275-652AA30-DRUM","","","","1","1","1","PC","1","PC","0","1","","","","","1"
"TS-5259-418AC30","1","1","1","1","MA-TS-5259-418AC30-DRUM","","","","1","1","1","PC","1","PC","0","1","","","","","1"
"1931-102AA","1","1","1","1","MA-1931-102AA","","","","1","1","1","PC","1","PC","0","1","","","","","1"
"1931-102BA","1","1","1","1","MA-1631-102DB","","","","1","1","1","PC","1","PC","0","1","","","","","1"
"1931-103AA30","1","1","1","1","MA-1931-103AA30","","","","1","1","1","PC","1","PC","0","1","","","","","1"
"TS-5259BA06","1","1","1","1","MA-TS-5259BA06","","","","1","1","1","PC","1","PC","0","1","","","","","1"
"TS-5259GA01","1","1","1","1","MA-TS-5259GA01","","","","1","1","1","PC","1","PC","0","1","","","","","1"
"479-602BC36","1","1","1","1","MA-RH-0031A-05C","","","","1","1","1","PC","1","PC","0","1","","","","","1"
"1551-401AB30","1","1","1","1","MA-1551-401AB30","","","","1","1","1","PC","1","PC","0","1","","","","","1"
"478-602BC34","1","1","1","1","MA-RH-0031A-05C","","","","1","1","1","PC","1","PC","0","1","","","","","1"
"6201-602AA34","1","1","1","1","MA-RH-0031A-05C2","","","","1","1","1","PC","1","PC","0","1","","","","","1"
"6204-602MB34","1","1","1","1","MA-RH-0031A-10D","","","","1","1","1","PC","1","PC","0","1","","","","","1"
"5145-502JA09","1","1","1","1","MA-59-502B09","","","","1","1","1","PC","1","PC","0","1","","","","","1"
"631-502PA30","1","1","1","1","MA-631-50230","","","","1","1","1","PC","1","PC","0","1","","","","","1"
"5169-502AA36","1","1","1","1","MA-5163-502AA36","","","","1","1","1","PC","1","PC","0","1","","","","","1"
"479-501AB36","1","1","1","1","MA-161-501QA36","","","","1","1","1","PC","1","PC","0","1","","","","","1"
"479-601AB36","1","1","1","1","MA-165-601BA36","","","","1","1","1","PC","1","PC","0","1","","","","","1"
"479-602FA38","1","1","1","1","MA-RH-0031A-05C","","","","1","1","1","PC","1","PC","0","1","","","","","1"
"TS-5259HA01","1","1","1","1","MA-TS-5259HA01","","","","1","1","1","PC","1","PC","0","1","","","","","1"
"6201-602CA34","1","1","1","1","MA-RH-0031A-05C2","","","","1","1","1","PC","1","PC","0","1","","","","","1"
"6204-602MA34","1","1","1","1","MA-RH-0031A-10D","","","","1","1","1","PC","1","PC","0","1","","","","","1"
"5176-502AA30","1","1","1","1","MA-474-502AA30","","","","1","1","1","PC","1","PC","0","1","","","","","1"
"5176-502AA34","1","1","1","1","MA-474-502AA34","","","","1","1","1","PC","1","PC","0","1","","","","","1"
"TS-5259-103AA30","1","1","1","1","MA-TS-5259-103AA30","","","","1","1","1","PC","1","PC","0","1","","","","","1"
"TS-5259-102AA","1","1","1","1","MA-TS-5259-102AA","","","","1","1","1","PC","1","PC","0","1","","","","","1"
"TS-5259-102BA","1","1","1","1","MA-TS-5259-102BA","","","","1","1","1","PC","1","PC","0","1","","","","","1"
"5176-601AA30","1","1","1","1","MA-165-601AB30","","","","1","1","1","PC","1","PC","0","1","","","","","1"
"3923-501AA20","1","1","1","1","MA-19B-501AB20","","","","1","1","1","PC","1","PC","0","1","","","","","1"
"3923-502AA20","1","1","1","1","MA-3922-502AC20","","","","1","1","1","PC","1","PC","0","1","","","","","1"
"3923-652AA20","1","1","1","1","MA-3922-652AA20-DRUM","","","","1","1","1","PC","1","PC","0","1","","","","","1"
"6109-502AA38","1","1","1","1","MA-5517-502AA38","","","","1","1","1","PC","1","PC","0","1","","","","","1"
"3923-608AA20","1","1","1","1","MA-631-60820","","","","1","1","1","PC","1","PC","0","1","","","","","1"
"3923-601EA20","1","1","1","1","MA-748-601AA20","","","","1","1","1","PC","1","PC","0","1","","","","","1"
"1355-406AB18","1","1","1","1","MA-1355-406AB18","","","","1","1","1","PC","1","PC","0","1","","","","","1"
"5521-601AB17","1","1","1","1","MA-1355-601BA17","","","","1","1","1","PC","1","PC","0","1","","","","","1"
"5529-501BA36","1","1","1","1","MA-5500-501EB36","","","","1","1","1","PC","1","PC","0","1","","","","","1"
"5529-501CA36","1","1","1","1","MA-5529-501CA36","","","","1","1","1","PC","1","PC","0","1","","","","","1"
"6105-601AA34","1","1","1","1","MA-6104-601AA34","","","","1","1","1","PC","1","PC","0","1","","","","","1"
"6105-641AA34","1","1","1","1","MA-485-641BA34-DRUM","","","","1","1","1","PC","1","PC","0","1","","","","","1"
"6108-502FA36","1","1","1","1","MA-5517-502AA36","","","","1","1","1","PC","1","PC","0","1","","","","","1"
"5521-502AB18","1","1","1","1","MA-5521-502AB18","","","","1","1","1","PC","1","PC","0","1","","","","","1"
"5527-501AA18","1","1","1","1","MA-5527-501AA18","","","","1","1","1","PC","1","PC","0","1","","","","","1"
"5527-501BB18","1","1","1","1","MA-5527-501BB18","","","","1","1","1","PC","1","PC","0","1","","","","","1"
"474-602DA30","1","1","1","1","MA-RH-0031A-05C","","","","1","1","1","PC","1","PC","0","1","","","","","1"
"5217-602AA34","1","1","1","1","MA-RH-0031A-05D","","","","1","1","1","PC","1","PC","0","1","","","","","1"
"5217-602BA34","1","1","1","1","MA-RH-0031A-05C","","","","1","1","1","PC","1","PC","0","1","","","","","1"
"5217-602CA34","1","1","1","1","MA-RH-0031A-05C","","","","1","1","1","PC","1","PC","0","1","","","","","1"
"6108-601AA34","1","1","1","1","MA-6104-601AA34","","","","1","1","1","PC","1","PC","0","1","","","","","1"
"6105-502AA34","1","1","1","1","MA-5517-502AA34","","","","1","1","1","PC","1","PC","0","1","","","","","1"
"474-602DA34","1","1","1","1","MA-RH-0031A-05C","","","","1","1","1","PC","1","PC","0","1","","","","","1"
"6210-501CA34","1","1","1","1","MA-5529-501CA34","","","","1","1","1","PC","1","PC","0","1","","","","","1"
"3242-608AC34","1","1","1","1","MA-973-608AA34-DRUM","","","","1","1","1","PC","1","PC","0","1","","","","","1"
"3242-651AC34","1","1","1","1","MA-RH-0156","","","","1","1","1","PC","1","PC","0","1","","","","","1"
"6105-602AA34","1","1","1","1","MA-RH-0031K-06TA","","","","1","1","1","PC","1","PC","0","1","","","","","1"
"6105-602CA34","1","1","1","1","MA-RH-0031K-06TA","","","","1","1","1","PC","1","PC","0","1","","","","","1"
"6105-602DA34","1","1","1","1","MA-RH-0031A-05H","","","","1","1","1","PC","1","PC","0","1","","","","","1"
"6105-602EA34","1","1","1","1","MA-RH-0031K-06TA","","","","1","1","1","PC","1","PC","0","1","","","","","1"
"6105-606AA34","1","1","1","1","MA-RH-0031A-05C","","","","1","1","1","PC","1","PC","0","1","","","","","1"
"3242-502AA34","1","1","1","1","MA-600-502AA34","","","","1","1","1","PC","1","PC","0","1","","","","","1"
"5176-601AA34","1","1","1","1","MA-165-601BA34","","","","1","1","1","PC","1","PC","0","1","","","","","1"
"TS-5313-501AA30","1","1","1","1","MA-1051-501CA30","","","","1","1","1","PC","1","PC","0","1","","","","","1"
"TS-5313-601AA30","1","1","1","1","MA-165-601GA33","","","","1","1","1","PC","1","PC","0","1","","","","","1"
"525-608AA30","1","1","1","1","MA-603-608AA30-DRUM","","","","1","1","1","PC","1","PC","0","1","","","","","1"
"525-601EA30","1","1","1","1","MA-603-60130-DRUM","","","","1","1","1","PC","1","PC","0","1","","","","","1"
"5143-601AA21","1","1","1","1","MA-1751-601AA21","","","","1","1","1","PC","1","PC","0","1","","","","","1"
"5534-502AE38","1","1","1","1","MA-5517-502AA38","","","","1","1","1","PC","1","PC","0","1","","","","","1"
"5143-501AA21","1","1","1","1","MA-1751-501AA21","","","","1","1","1","PC","1","PC","0","1","","","","","1"
"5143-502JA21","1","1","1","1","MA-59-502B21","","","","1","1","1","PC","1","PC","0","1","","","","","1"
"80-406AP26","1","1","1","1","MA-80-406AP26","","","","1","1","1","PC","1","PC","0","1","","","","","1"
"1751-406BC21","1","1","1","1","MA-1751-406BC21","","","","1","1","1","PC","1","PC","0","1","","","","","1"
"1751-411AA21","1","1","1","1","MA-1751-411AA21","","","","1","1","1","PC","1","PC","0","1","","","","","1"
"479-502AB30","1","1","1","1","MA-474-502AA30","","","","1","1","1","PC","1","PC","0","1","","","","","1"
"1831-501AA30","1","1","1","1","MA-1831-501AA30","","","","1","1","1","PC","1","PC","0","1","","","","","1"
"1831-501BA30","1","1","1","1","MA-1831-501BA30","","","","1","1","1","PC","1","PC","0","1","","","","","1"
"3164-502AA30","1","1","1","1","MA-3164-502AA30","","","","1","1","1","PC","1","PC","0","1","","","","","1"
"1931-102AB","1","1","1","1","MA-1931-102AB","","","","1","1","1","PC","1","PC","0","1","","","","","1"
"1931-102BB","1","1","1","1","MA-1931-102BC","","","","1","1","1","PC","1","PC","0","1","","","","","1"
"3164-608AA26","1","1","1","1","MA-603-608AA26-DRUM","","","","1","1","1","PC","1","PC","0","1","","","","","1"
"3164-608AA30","1","1","1","1","MA-603-608AA30-DRUM","","","","1","1","1","PC","1","PC","0","1","","","","","1"
"3164-601EA30","1","1","1","1","MA-603-601-BLOCK","","","","1","1","1","PC","1","PC","0","1","","","","","1"
"1931-111BA","1","1","1","1","MA-1931-111BA","","","","1","1","1","PC","1","PC","0","1","","","","","1"
"G-6501JA","1","1","1","1","MA-G-6501JA","","","","1","1","1","PC","1","PC","0","1","","","","","1"
"G-6503JA","1","1","1","1","MA-G-6503JA","","","","1","1","1","PC","1","PC","0","1","","","","","1"
"K-13801LA","1","1","1","1","MA-K-13801LA","","","","1","1","1","PC","1","PC","0","1","","","","","1"
"1331-102VB","1","1","1","1","MA-1931-102BB","","","","1","1","1","PC","1","PC","0","1","","","","","1"
"6213-601AA30","1","1","1","1","MA-6213-601AA30","","","","1","1","1","PC","1","PC","0","1","","","","","1"
"3538-501AA14","1","1","1","1","MA-3538-501AA14","","","","1","1","1","PC","1","PC","0","1","","","","","1"
"3538-501BA14","1","1","1","1","MA-3538-501BA14","","","","1","1","1","PC","1","PC","0","1","","","","","1"
"3538-608AA14","1","1","1","1","MA-3538-608AA14-DRUM","","","","1","1","1","PC","1","PC","0","1","","","","","1"
"6213-502AA30","1","1","1","1","MA-5517-502AA30","","","","1","1","1","PC","1","PC","0","1","","","","","1"
"3538-652AA14","1","1","1","1","MA-720-65214-DRUM","","","","1","1","1","PC","1","PC","0","1","","","","","1"
"3538-502JA14","1","1","1","1","MA-954-50214","","","","1","1","1","PC","1","PC","0","1","","","","","1"
"3538-601EA14","1","1","1","1","MA-3538-601EA","","","","1","1","1","PC","1","PC","0","1","","","","","1"
"3538-601EA12","1","1","1","1","MA-3538-601EA","","","","1","1","1","PC","1","PC","0","1","","","","","1"
"6213-602GA30","1","1","1","1","MA-RH-0031K-06G","","","","1","1","1","PC","1","PC","0","1","","","","","1"
"6213-602HA30","1","1","1","1","MA-RH-0031K-06G","","","","1","1","1","PC","1","PC","0","1","","","","","1"
"6213-602JA30","1","1","1","1","MA-RH-0031K-06G","","","","1","1","1","PC","1","PC","0","1","","","","","1"
"6213-501BA30","1","1","1","1","MA-5500-501EA30","","","","1","1","1","PC","1","PC","0","1","","","","","1"
"6104-602DB30","1","1","1","1","MA-RH-0031A-05H","","","","1","1","1","PC","1","PC","0","1","","","","","1"
"6104-606AC30","1","1","1","1","MA-RH-0031A-05C","","","","1","1","1","PC","1","PC","0","1","","","","","1"
"6213-501AA30","1","1","1","1","MA-6213-501AA30","","","","1","1","1","PC","1","PC","0","1","","","","","1"
"6207-406BA3138","1","1","1","1","MA-6207-406BA3138","","","","1","1","1","PC","1","PC","0","1","","","","","1"
"3145-502BA38","1","1","1","1","MA-600-502AA38","","","","1","1","1","PC","1","PC","0","1","","","","","1"
"3145-502CA30","1","1","1","1","MA-600-502AA30","","","","1","1","1","PC","1","PC","0","1","","","","","1"
"1535-401AA20","1","1","1","1","MA-1635-401AA20","","","","1","1","1","PC","1","PC","0","1","","","","","1"
"171-406PA14","1","1","1","1","MA-171-406PA14","","","","1","1","1","PC","1","PC","0","1","","","","","1"
"1531-102QA","1","1","1","1","MA-1531-102AA","","","","1","1","1","PC","1","PC","0","1","","","","","1"
"162-309DA","1","1","1","1","MA-162-309DA","","","","1","1","1","PC","1","PC","0","1","","","","","1"
"1531-103JA20","1","1","1","1","MA-1531-103JA20","","","","1","1","1","PC","1","PC","0","1","","","","","1"
"12Q-411MC31","1","1","1","1","MA-12Q-411MA31","","","","1","1","1","PC","1","PC","0","1","","","","","1"
"161-402PA31","1","1","1","1","MA-161-402JA31","","","","1","1","1","PC","1","PC","0","1","","","","","1"
"5109-502AA33","1","1","1","1","MA-474-502AA33","","","","1","1","1","PC","1","PC","0","1","","","","","1"
"1831-401AA36","1","1","1","1","MA-1831-401AA36","","","","1","1","1","PC","1","PC","0","1","","","","","1"
"5310-602KA33","1","1","1","1","MA-RH-0031A-05D","","","","1","1","1","PC","1","PC","0","1","","","","","1"
"5310-602LA33","1","1","1","1","MA-RH-0031A-05D","","","","1","1","1","PC","1","PC","0","1","","","","","1"
"5121-601BA48","1","1","1","1","MA-1155-601AA48","","","","1","1","1","PC","1","PC","0","1","","","","","1"
"5534-501BA36","1","1","1","1","MA-5500-501EB36","","","","1","1","1","PC","1","PC","0","1","","","","","1"
"5540-501AA36","1","1","1","1","MA-5529-501CA36","","","","1","1","1","PC","1","PC","0","1","","","","","1"
"1831-406AA34","1","1","1","1","MA-1831-406AA34","","","","1","1","1","PC","1","PC","0","1","","","","","1"
"5534-641AA36","1","1","1","1","MA-485-641BA36-DRUM","","","","1","1","1","PC","1","PC","0","1","","","","","1"
"5534-502AA36","1","1","1","1","MA-5517-502AA36","","","","1","1","1","PC","1","PC","0","1","","","","","1"
"5534-602AA36","1","1","1","1","MA-RH-0031A-05D","","","","1","1","1","PC","1","PC","0","1","","","","","1"
"5534-602BA36","1","1","1","1","MA-RH-0031A-05C","","","","1","1","1","PC","1","PC","0","1","","","","","1"
"1831-501AA34","1","1","1","1","MA-1831-501AA34","","","","1","1","1","PC","1","PC","0","1","","","","","1"
"1831-501BA34","1","1","1","1","MA-1831-501BA34","","","","1","1","1","PC","1","PC","0","1","","","","","1"
"3164-608AA34","1","1","1","1","MA-603-608AA34-DRUM","","","","1","1","1","PC","1","PC","0","1","","","","","1"
"3164-502AA34","1","1","1","1","MA-3164-502AA34","","","","1","1","1","PC","1","PC","0","1","","","","","1"
"1831-102AA","1","1","1","1","MA-1831-102AA","","","","1","1","1","PC","1","PC","0","1","","","","","1"
"1831-102BA","1","1","1","1","MA-1831-102BA","","","","1","1","1","PC","1","PC","0","1","","","","","1"
"1831-103AA30","1","1","1","1","MA-1831-103AA30","","","","1","1","1","PC","1","PC","0","1","","","","","1"
"3164-601EA34","1","1","1","1","MA-603-601-BLOCK","","","","1","1","1","PC","1","PC","0","1","","","","","1"
"5121-501BA48","1","1","1","1","MA-1151-501DA48","","","","1","1","1","PC","1","PC","0","1","","","","","1"
"1151-406CA48","1","1","1","1","MA-1151-406CA48","","","","1","1","1","PC","1","PC","0","1","","","","","1"
"5109-602AA33","1","1","1","1","MA-RH-0031K-06A","","","","1","1","1","PC","1","PC","0","1","","","","","1"
"5109-602BA33","1","1","1","1","MA-RH-0031A-05C","","","","1","1","1","PC","1","PC","0","1","","","","","1"
"3324-501BA26","1","1","1","1","MA-816-501B26","","","","1","1","1","PC","1","PC","0","1","","","","","1"
"826-502EA26","1","1","1","1","MA-954-50226","","","","1","1","1","PC","1","PC","0","1","","","","","1"
"6105-602FB38","1","1","1","1","MA-RH-0031K-06G","","","","1","1","1","PC","1","PC","0","1","","","","","1"
"815-501BA26","1","1","1","1","MA-1531-501CA26","","","","1","1","1","PC","1","PC","0","1","","","","","1"
"C815-406CA26","1","1","1","1","MA-C815-406CA26","","","","1","1","1","PC","1","PC","0","1","","","","","1"
"815-60826","1","1","1","1","MA-814-60826","","","","1","1","1","PC","1","PC","0","1","","","","","1"
"954-601EA26","1","1","1","1","MA-954-60126","","","","1","1","1","PC","1","PC","0","1","","","","","1"
"1831-418AA36","1","1","1","1","MA-1831-418AA36-DRUM","","","","1","1","1","PC","1","PC","0","1","","","","","1"
"1831-501AA38","1","1","1","1","MA-1831-501AA38","","","","1","1","1","PC","1","PC","0","1","","","","","1"
"1831-401AA42","1","1","1","1","MA-1831-401AA42","","","","1","1","1","PC","1","PC","0","1","","","","","1"
"1831-406AA38","1","1","1","1","MA-1831-406AA38","","","","1","1","1","PC","1","PC","0","1","","","","","1"
"1831-401AB42","1","1","1","1","MA-1831-401AA42","","","","1","1","1","PC","1","PC","0","1","","","","","1"
"1831-103AA36","1","1","1","1","MA-1831-103AA36","","","","1","1","1","PC","1","PC","0","1","","","","","1"
"1831-418AA42","1","1","1","1","MA-1831-418AA42-DRUM","","","","1","1","1","PC","1","PC","0","1","","","","","1"
"4117-601FA30","1","1","1","1","MA-748-601AA30","","","","1","1","1","PC","1","PC","0","1","","","","","1"
"1831-501AA32","1","1","1","1","MA-1831-501AA32","","","","1","1","1","PC","1","PC","0","1","","","","","1"
"1831-501BA32","1","1","1","1","MA-1831-501BA32","","","","1","1","1","PC","1","PC","0","1","","","","","1"
"1831-406AA32","1","1","1","1","MA-1831-406AA32","","","","1","1","1","PC","1","PC","0","1","","","","","1"
"3164-502AA32","1","1","1","1","MA-3164-502AA32","","","","1","1","1","PC","1","PC","0","1","","","","","1"
"4117-601FA32","1","1","1","1","MA-631-60132-DRUM","","","","1","1","1","PC","1","PC","0","1","","","","","1"
"1831-501BB32","1","1","1","1","MA-1831-501BA32","","","","1","1","1","PC","1","PC","0","1","","","","","1"
"1831-501DB32","1","1","1","1","MA-1831-501AA32","","","","1","1","1","PC","1","PC","0","1","","","","","1"
"1831-501BA38","1","1","1","1","MA-1831-501BA38","","","","1","1","1","PC","1","PC","0","1","","","","","1"
"3164-502AA38","1","1","1","1","MA-3164-502AA38","","","","1","1","1","PC","1","PC","0","1","","","","","1"
"3164-608AA38","1","1","1","1","MA-603-608AA38-DRUM","","","","1","1","1","PC","1","PC","0","1","","","","","1"
"3164-601EA38","1","1","1","1","MA-603-601-BLOCK","","","","1","1","1","PC","1","PC","0","1","","","","","1"
"3242-608AA36","1","1","1","1","MA-973-608AA36-DRUM","","","","1","1","1","PC","1","PC","0","1","","","","","1"
"3242-651AB36","1","1","1","1","MA-RH-0156","","","","1","1","1","PC","1","PC","0","1","","","","","1"
"3164-502AA36","1","1","1","1","MA-3164-502AA36","","","","1","1","1","PC","1","PC","0","1","","","","","1"
"3538-608AA12","1","1","1","1","MA-3538-608AA12-DRUM","","","","1","1","1","PC","1","PC","0","1","","","","","1"
"3164-502AA26","1","1","1","1","MA-3164-502AA26","","","","1","1","1","PC","1","PC","0","1","","","","","1"
"3139-608BA32","1","1","1","1","MA-973-608AA32-DRUM","","","","1","1","1","PC","1","PC","0","1","","","","","1"
"DC-4003FB","1","1","1","1","MA-DC-4003FB","","","","1","1","1","PC","1","PC","0","1","","","","","1"
"1831-406AA36","1","1","1","1","MA-1831-406AA36","","","","1","1","1","PC","1","PC","0","1","","","","","1"
"5177-601AA33","1","1","1","1","MA-161-601BA33","","","","1","1","1","PC","1","PC","0","1","","","","","1"
"1831-406AA26","1","1","1","1","MA-1831-406AA26","","","","1","1","1","PC","1","PC","0","1","","","","","1"
"5177-501AA33","1","1","1","1","MA-161-501AA33","","","","1","1","1","PC","1","PC","0","1","","","","","1"
"5177-602AA33","1","1","1","1","MA-RH-0031K-06A","","","","1","1","1","PC","1","PC","0","1","","","","","1"
"5177-602BA33","1","1","1","1","MA-RH-0031A-05C","","","","1","1","1","PC","1","PC","0","1","","","","","1"
"1831-501CA32","1","1","1","1","MA-1831-501BA32","","","","1","1","1","PC","1","PC","0","1","","","","","1"
"1831-501CA34","1","1","1","1","MA-1831-501BA34","","","","1","1","1","PC","1","PC","0","1","","","","","1"
"5177-502AA33","1","1","1","1","MA-5177-502AA33","","","","1","1","1","PC","1","PC","0","1","","","","","1"
"4117-601FA34","1","1","1","1","MA-748-601AA34","","","","1","1","1","PC","1","PC","0","1","","","","","1"
"3139-608BA34","1","1","1","1","MA-973-608AA34-DRUM","","","","1","1","1","PC","1","PC","0","1","","","","","1"
"5529-501CA34","1","1","1","1","MA-5529-501CA34","","","","1","1","1","PC","1","PC","0","1","","","","","1"
"171-406LA36","1","1","1","1","MA-171-406AA36","","","","1","1","1","PC","1","PC","0","1","","","","","1"
"1731-103AA14","1","1","1","1","MA-1731-103AA14","","","","1","1","1","PC","1","PC","0","1","","","","","1"
"3153-652AB38","1","1","1","1","MA-720-65238-DRUM","","","","1","1","1","PC","1","PC","0","1","","","","","1"
"3242-608AB36","1","1","1","1","MA-973-608AA36-DRUM","","","","1","1","1","PC","1","PC","0","1","","","","","1"
"1731-103BA24","1","1","1","1","MA-1731-103BA24","","","","1","1","1","PC","1","PC","0","1","","","","","1"
"3139-502FB36","1","1","1","1","MA-RH-0175KD-21AA","","","","1","1","1","PC","1","PC","0","1","","","","","1"
"5545-502BA30","1","1","1","1","MA-5545-502","","","","1","1","1","PC","1","PC","0","1","","","","","1"
"1831-501AA26","1","1","1","1","MA-1831-501AA26","","","","1","1","1","PC","1","PC","0","1","","","","","1"
"1831-501BA26","1","1","1","1","MA-1831-501BA26","","","","1","1","1","PC","1","PC","0","1","","","","","1"
"G-6501JB","1","1","1","1","MA-G-6501JB","","","","1","1","1","PC","1","PC","0","1","","","","","1"
"1831-406AA40","1","1","1","1","MA-1831-406AA40","","","","1","1","1","PC","1","PC","0","1","","","","","1"
"3139-608BA30","1","1","1","1","MA-973-608AA30-DRUM","","","","1","1","1","PC","1","PC","0","1","","","","","1"
"352B-602BB34","1","1","1","1","MA-RH-0031A-05C","","","","1","1","1","PC","1","PC","0","1","","","","","1"
"3165-502AA30","1","1","1","1","MA-3164-502AA30","","","","1","1","1","PC","1","PC","0","1","","","","","1"
"4115-601FA30","1","1","1","1","MA-748-601AA30","","","","1","1","1","PC","1","PC","0","1","","","","","1"
"1831-501AA36","1","1","1","1","MA-1831-501AA36","","","","1","1","1","PC","1","PC","0","1","","","","","1"
"1831-406AA42","1","1","1","1","MA-1831-406AA42","","","","1","1","1","PC","1","PC","0","1","","","","","1"
"3242-502BA36","1","1","1","1","MA-4109-502AA36","","","","1","1","1","PC","1","PC","0","1","","","","","1"
"5165-501AA38","1","1","1","1","MA-161-501QA38","","","","1","1","1","PC","1","PC","0","1","","","","","1"
"5165-601AA38","1","1","1","1","MA-165-601BA40","","","","1","1","1","PC","1","PC","0","1","","","","","1"
"5165-641AA38","1","1","1","1","MA-485-641BA38-DRUM","","","","1","1","1","PC","1","PC","0","1","","","","","1"
"5165-602AA38","1","1","1","1","MA-RH-0031A-06E","","","","1","1","1","PC","1","PC","0","1","","","","","1"
"5165-602BA38","1","1","1","1","MA-RH-0031A-05C","","","","1","1","1","PC","1","PC","0","1","","","","","1"
"5165-502AA38","1","1","1","1","MA-474-502AA38","","","","1","1","1","PC","1","PC","0","1","","","","","1"
"3164-608AA32","1","1","1","1","MA-603-608AA32-DRUM","","","","1","1","1","PC","1","PC","0","1","","","","","1"
"3164-502AA40","1","1","1","1","MA-3164-502AA40","","","","1","1","1","PC","1","PC","0","1","","","","","1"
"3164-608AA36","1","1","1","1","MA-603-608AA36-DRUM","","","","1","1","1","PC","1","PC","0","1","","","","","1"
"3164-608AA40","1","1","1","1","MA-603-608AA40-DRUM","","","","1","1","1","PC","1","PC","0","1","","","","","1"
"161-413NA","1","1","1","1","MA-161-413BA","","","","1","1","1","PC","1","PC","0","1","","","","","1"
"5312-501AA33","1","1","1","1","MA-161-501PA33","","","","1","1","1","PC","1","PC","0","1","","","","","1"
"1831-501AA40","1","1","1","1","MA-1831-501AA40","","","","1","1","1","PC","1","PC","0","1","","","","","1"
"1831-501BA36","1","1","1","1","MA-1831-501BA36","","","","1","1","1","PC","1","PC","0","1","","","","","1"
"1831-501BA40","1","1","1","1","MA-1831-501BA40","","","","1","1","1","PC","1","PC","0","1","","","","","1"
"5312-501BA33","1","1","1","1","MA-335-501BA33","","","","1","1","1","PC","1","PC","0","1","","","","","1"
"6105-502FA34","1","1","1","1","MA-5517-502AA34","","","","1","1","1","PC","1","PC","0","1","","","","","1"
"3538-502FA34","1","1","1","1","MA-954-50234","","","","1","1","1","PC","1","PC","0","1","","","","","1"
"3550-502EA34","1","1","1","1","MA-954-50234","","","","1","1","1","PC","1","PC","0","1","","","","","1"
"19B-406ZA22","1","1","1","1","MA-19B-406ZA22","","","","1","1","1","PC","1","PC","0","1","","","","","1"
"1831-501BA42","1","1","1","1","MA-1831-501BA42","","","","1","1","1","PC","1","PC","0","1","","","","","1"
"3922-601FA30","1","1","1","1","MA-748-601AA30","","","","1","1","1","PC","1","PC","0","1","","","","","1"
"3922-502KA30","1","1","1","1","MA-600-502AA30","","","","1","1","1","PC","1","PC","0","1","","","","","1"
"4109-601FA30","1","1","1","1","MA-748-601AA30","","","","1","1","1","PC","1","PC","0","1","","","","","1"
"4109-502KA30","1","1","1","1","MA-4109-502AA30","","","","1","1","1","PC","1","PC","0","1","","","","","1"
"3164-601EA32","1","1","1","1","MA-603-601-BLOCK","","","","1","1","1","PC","1","PC","0","1","","","","","1"
"3164-601EA36","1","1","1","1","MA-603-601-BLOCK","","","","1","1","1","PC","1","PC","0","1","","","","","1"
"3164-601EA40","1","1","1","1","MA-603-601-BLOCK","","","","1","1","1","PC","1","PC","0","1","","","","","1"
"6207-602NA34","1","1","1","1","MA-RH-0031A-05H","","","","1","1","1","PC","1","PC","0","1","","","","","1"
"6207-602PA34","1","1","1","1","MA-RH-0031A-05H","","","","1","1","1","PC","1","PC","0","1","","","","","1"
"3139-601FA34","1","1","1","1","MA-RV-0173","","","","1","1","1","PC","1","PC","0","1","","","","","1"
"3153-652AB40","1","1","1","1","MA-720-65240-DRUM","","","","1","1","1","PC","1","PC","0","1","","","","","1"
"3164-502EA32","1","1","1","1","MA-3164-502AA32","","","","1","1","1","PC","1","PC","0","1","","","","","1"
"1831-501AA42","1","1","1","1","MA-1831-501AA42","","","","1","1","1","PC","1","PC","0","1","","","","","1"
"3164-502EA36","1","1","1","1","MA-3164-502AA36","","","","1","1","1","PC","1","PC","0","1","","","","","1"
"5154-602EA36","1","1","1","1","MA-RH-0031K-06B","","","","1","1","1","PC","1","PC","0","1","","","","","1"
"5154-502EA36","1","1","1","1","MA-474-502AA36","","","","1","1","1","PC","1","PC","0","1","","","","","1"
"1831-406AA28","1","1","1","1","MA-1831-406AA28","","","","1","1","1","PC","1","PC","0","1","","","","","1"
"1931-111BB","1","1","1","1","MA-1931-111BA","","","","1","1","1","PC","1","PC","0","1","","","","","1"
"1631-111QB","1","1","1","1","MA-1631-111QA","","","","1","1","1","PC","1","PC","0","1","","","","","1"
"1931-102AC","1","1","1","1","MA-1931-102AB","","","","1","1","1","PC","1","PC","0","1","","","","","1"
"1931-102BC","1","1","1","1","MA-1931-102BC","","","","1","1","1","PC","1","PC","0","1","","","","","1"
"1155-440AB48","1","1","1","1","MA-1155-440AA48","","","","1","1","1","PC","1","PC","0","1","","","","","1"
"1155-413AB48","1","1","1","1","MA-1155-413AA48","","","","1","1","1","PC","1","PC","0","1","","","","","1"
"1831-103AA42","1","1","1","1","MA-1831-103AA42","","","","1","1","1","PC","1","PC","0","1","","","","","1"
"3164-608AA42","1","1","1","1","MA-603-608AA42-DRUM","","","","1","1","1","PC","1","PC","0","1","","","","","1"
"1831-103AB30","1","1","1","1","MA-1831-103AB30","","","","1","1","1","PC","1","PC","0","1","","","","","1"
"1831-103AB36","1","1","1","1","MA-1831-103AB36","","","","1","1","1","PC","1","PC","0","1","","","","","1"
"1931-401AA30","1","1","1","1","MA-1831-401AA30","","","","1","1","1","PC","1","PC","0","1","","","","","1"
"1931-401AA36","1","1","1","1","MA-1831-401AA36","","","","1","1","1","PC","1","PC","0","1","","","","","1"
"1931-401AA42","1","1","1","1","MA-1831-401AA42","","","","1","1","1","PC","1","PC","0","1","","","","","1"
"3242-502BA30","1","1","1","1","MA-4109-502AA30","","","","1","1","1","PC","1","PC","0","1","","","","","1"
"1931-401AB42","1","1","1","1","MA-1831-401AA42","","","","1","1","1","PC","1","PC","0","1","","","","","1"
"1731-501ZKA18","1","1","1","1","MA-1731-501ZKA18","","","","1","1","1","PC","1","PC","0","1","","","","","1"
"19B-501ZGA18","1","1","1","1","MA-19B-501ZGA18","","","","1","1","1","PC","1","PC","0","1","","","","","1"
"3154-601EA18","1","1","1","1","MA-3154-601AA18","","","","1","1","1","PC","1","PC","0","1","","","","","1"
"1731-406DA18","1","1","1","1","MA-1731-406DA18","","","","1","1","1","PC","1","PC","0","1","","","","","1"
"5542-502AA34","1","1","1","1","MA-5517-502AA34","","","","1","1","1","PC","1","PC","0","1","","","","","1"
"G-6501JC","1","1","1","1","MA-G-6501JB","","","","1","1","1","PC","1","PC","0","1","","","","","1"
"G-6501JE","1","1","1","1","MA-G-6501JB","","","","1","1","1","PC","1","PC","0","1","","","","","1"
"5542-641AA34","1","1","1","1","MA-485-641BA34-DRUM","","","","1","1","1","PC","1","PC","0","1","","","","","1"
"5542-602AA34","1","1","1","1","MA-RH-0031A-05D","","","","1","1","1","PC","1","PC","0","1","","","","","1"
"1831-102BB","1","1","1","1","MA-1831-102BA","","","","1","1","1","PC","1","PC","0","1","","","","","1"
"12-205JS","1","1","1","1","MA-12-205J","","","","1","1","1","PC","1","PC","0","1","","","","","1"
"12-218JS","1","1","1","1","MA-12-218J","","","","1","1","1","PC","1","PC","0","1","","","","","1"
"1831-501CA30","1","1","1","1","MA-1831-501BA30","","","","1","1","1","PC","1","PC","0","1","","","","","1"
"3139-601FA30","1","1","1","1","MA-RV-0173","","","","1","1","1","PC","1","PC","0","1","","","","","1"
"1731-401CA18","1","1","1","1","MA-1731-401CA18","","","","1","1","1","PC","1","PC","0","1","","","","","1"
"3164-502AA42","1","1","1","1","MA-3164-502AA42","","","","1","1","1","PC","1","PC","0","1","","","","","1"
"3101-502AA38","1","1","1","1","MA-582-502AA38","","","","1","1","1","PC","1","PC","0","1","","","","","1"
"1731-103BA18","1","1","1","1","MA-1731-103BA18","","","","1","1","1","PC","1","PC","0","1","","","","","1"
"580-65226","1","1","1","1","MA-720-65226-DRUM","","","","1","1","1","PC","1","PC","0","1","","","","","1"
"5121-602FA30","1","1","1","1","MA-RH-0031A-06E","","","","1","1","1","PC","1","PC","0","1","","","","","1"
"3242-502BA34","1","1","1","1","MA-600-502AA34","","","","1","1","1","PC","1","PC","0","1","","","","","1"
"SPL-2623AA33","1","1","1","1","MA-5517-502AA33","","","","1","1","1","PC","1","PC","0","1","","","","","1"
"SPL-2695AA30","1","1","1","1","MA-165-601GA33","","","","1","1","1","PC","1","PC","0","1","","","","","1"
"SPL-2698AA30","1","1","1","1","MA-SPL-2698AA30","","","","1","1","1","PC","1","PC","0","1","","","","","1"
"TS-5367-402CA30","1","1","1","1","MA-161-402CA30","","","","1","1","1","PC","1","PC","0","1","","","","","1"
"3164-601EA42","1","1","1","1","MA-603-601-BLOCK","","","","1","1","1","PC","1","PC","0","1","","","","","1"
"3650-501CA26","1","1","1","1","MA-171-501GA26","","","","1","1","1","PC","1","PC","0","1","","","","","1"
"3650-501BB26","1","1","1","1","MA-3638-501BB26","","","","1","1","1","PC","1","PC","0","1","","","","","1"
"3153-502JB38","1","1","1","1","MA-RH-0175KD-21AA","","","","1","1","1","PC","1","PC","0","1","","","","","1"
"3153-601EB38","1","1","1","1","MA-603-601-BLOCK","","","","1","1","1","PC","1","PC","0","1","","","","","1"
"5545-502CA30","1","1","1","1","MA-5545-502","","","","1","1","1","PC","1","PC","0","1","","","","","1"
"3650-608AA26","1","1","1","1","MA-3650-608AA26","","","","1","1","1","PC","1","PC","0","1","","","","","1"
"3650-651AA26","1","1","1","1","MA-3650-651AA26","","","","1","1","1","PC","1","PC","0","1","","","","","1"
"171-406PA26","1","1","1","1","MA-171-406PA26","","","","1","1","1","PC","1","PC","0","1","","","","","1"
"3659-432AA26","1","1","1","1","MA-3237-432AA26","","","","1","1","1","PC","1","PC","0","1","","","","","1"
"3650-502JB26","1","1","1","1","MA-954-50226","","","","1","1","1","PC","1","PC","0","1","","","","","1"
"171-501GA26","1","1","1","1","MA-171-501GA26","","","","1","1","1","PC","1","PC","0","1","","","","","1"
"478-502AC38","1","1","1","1","MA-474-502AA38","","","","1","1","1","PC","1","PC","0","1","","","","","1"
"3164-601EA26","1","1","1","1","MA-603-601-BLOCK","","","","1","1","1","PC","1","PC","0","1","","","","","1"
"479-502AB38","1","1","1","1","MA-474-502AA38","","","","1","1","1","PC","1","PC","0","1","","","","","1"
"3656-501BB30","1","1","1","1","MA-3636-501BC30","","","","1","1","1","PC","1","PC","0","1","","","","","1"
"3660-501BB30","1","1","1","1","MA-3636-501BC30","","","","1","1","1","PC","1","PC","0","1","","","","","1"
"1551-401CB38","1","1","1","1","MA-1551-401AA38","","","","1","1","1","PC","1","PC","0","1","","","","","1"
"1551-401CB30","1","1","1","1","MA-1551-401CA30","","","","1","1","1","PC","1","PC","0","1","","","","","1"
"3157-502AA26","1","1","1","1","MA-4109-502AA26","","","","1","1","1","PC","1","PC","0","1","","","","","1"
"3157-601EA26","1","1","1","1","MA-603-601-BLOCK","","","","1","1","1","PC","1","PC","0","1","","","","","1"
"3164-652AA30","1","1","1","1","MA-3164-652AA30-DRUM","","","","1","1","1","PC","1","PC","0","1","","","","","1"
"3164-652AA34","1","1","1","1","MA-3164-652AA34-DRUM","","","","1","1","1","PC","1","PC","0","1","","","","","1"
"5165-501AA32","1","1","1","1","MA-161-501QA32","","","","1","1","1","PC","1","PC","0","1","","","","","1"
"5172-501AA32","1","1","1","1","MA-1051-501CA32","","","","1","1","1","PC","1","PC","0","1","","","","","1"
"5165-502EA32","1","1","1","1","MA-474-502AA34","","","","1","1","1","PC","1","PC","0","1","","","","","1"
"5165-602AA32","1","1","1","1","MA-RH-0031A-06E","","","","1","1","1","PC","1","PC","0","1","","","","","1"
"5165-602BA32","1","1","1","1","MA-RH-0031A-05C","","","","1","1","1","PC","1","PC","0","1","","","","","1"
"5165-641AA32","1","1","1","1","MA-485-641BA32-DRUM","","","","1","1","1","PC","1","PC","0","1","","","","","1"
"5172-601AA32","1","1","1","1","MA-165-601GA34","","","","1","1","1","PC","1","PC","0","1","","","","","1"
"5172-601AA34","1","1","1","1","MA-165-601GA36","","","","1","1","1","PC","1","PC","0","1","","","","","1"
"6108-641AA34","1","1","1","1","MA-485-641BA34-DRUM","","","","1","1","1","PC","1","PC","0","1","","","","","1"
"6109-502FA34","1","1","1","1","MA-5517-502AA34","","","","1","1","1","PC","1","PC","0","1","","","","","1"
"6108-602AA34","1","1","1","1","MA-RH-0031K-06SA","","","","1","1","1","PC","1","PC","0","1","","","","","1"
"6108-602BA34","1","1","1","1","MA-RH-0031K-06SA","","","","1","1","1","PC","1","PC","0","1","","","","","1"
"6108-602CA34","1","1","1","1","MA-RH-0031K-06SA","","","","1","1","1","PC","1","PC","0","1","","","","","1"
"6108-602DA34","1","1","1","1","MA-RH-0031K-06SA","","","","1","1","1","PC","1","PC","0","1","","","","","1"
"6108-602EA34","1","1","1","1","MA-RH-0031K-06SA","","","","1","1","1","PC","1","PC","0","1","","","","","1"
"6108-606AA34","1","1","1","1","MA-RH-0031A-05C","","","","1","1","1","PC","1","PC","0","1","","","","","1"
"5172-501AA34","1","1","1","1","MA-5172-501AA34","","","","1","1","1","PC","1","PC","0","1","","","","","1"
"5172-501BA34","1","1","1","1","MA-1051-501BA34","","","","1","1","1","PC","1","PC","0","1","","","","","1"
"3139-502FB34","1","1","1","1","MA-RH-0175KD-21AA","","","","1","1","1","PC","1","PC","0","1","","","","","1"
"5545-501AA30","1","1","1","1","MA-5545-501AA30","","","","1","1","1","PC","1","PC","0","1","","","","","1"
"5545-502DA30","1","1","1","1","MA-5545-502","","","","1","1","1","PC","1","PC","0","1","","","","","1"
"5545-502GA30","1","1","1","1","MA-5545-502GA","","","","1","1","1","PC","1","PC","0","1","","","","","1"
"5165-502EA30","1","1","1","1","MA-474-502AA30","","","","1","1","1","PC","1","PC","0","1","","","","","1"
"5545-502AA30","1","1","1","1","MA-5545-502AA30","","","","1","1","1","PC","1","PC","0","1","","","","","1"
"5165-601AA32","1","1","1","1","MA-165-601BA34","","","","1","1","1","PC","1","PC","0","1","","","","","1"
"3557-601AA30","1","1","1","1","MA-3557-601AA30","","","","1","1","1","PC","1","PC","0","1","","","","","1"
"3557-601AA34","1","1","1","1","MA-3557-601AA34","","","","1","1","1","PC","1","PC","0","1","","","","","1"
"SPL-2755AA","1","1","1","1","MA-1231-103JA38","","","","1","1","1","PC","1","PC","0","1","","","","","1"
"3557-652AA34","1","1","1","1","MA-720-65234-DRUM","","","","1","1","1","PC","1","PC","0","1","","","","","1"
"3557-502AA34","1","1","1","1","MA-600-502AA34","","","","1","1","1","PC","1","PC","0","1","","","","","1"
"5545-502EA30","1","1","1","1","MA-5545-502AA30","","","","1","1","1","PC","1","PC","0","1","","","","","1"
"5545-502HA30","1","1","1","1","MA-5545-502GA","","","","1","1","1","PC","1","PC","0","1","","","","","1"
"5545-502JA30","1","1","1","1","MA-5545-502GA","","","","1","1","1","PC","1","PC","0","1","","","","","1"
"TS-5380AA30","1","1","1","1","MA-603-608AA30","","","","1","1","1","PC","1","PC","0","1","","","","","1"
"171-406RA34","1","1","1","1","MA-171-406RA34","","","","1","1","1","PC","1","PC","0","1","","","","","1"
"3557-501AA34","1","1","1","1","MA-171-501AA34","","","","1","1","1","PC","1","PC","0","1","","","","","1"
"3557-608AA34","1","1","1","1","MA-3501-66001AA34","","","","1","1","1","PC","1","PC","0","1","","","","","1"
"6109-502AA34","1","1","1","1","MA-5517-502AA34","","","","1","1","1","PC","1","PC","0","1","","","","","1"
"3166-601EA22","1","1","1","1","MA-3154-601AA22","","","","1","1","1","PC","1","PC","0","1","","","","","1"
"3166-502CA","1","1","1","1","MA-3154-502AA","","","","1","1","1","PC","1","PC","0","1","","","","","1"
"3166-502DA","1","1","1","1","MA-3154-502AA","","","","1","1","1","PC","1","PC","0","1","","","","","1"
"3166-502FA","1","1","1","1","MA-3154-502AA","","","","1","1","1","PC","1","PC","0","1","","","","","1"
"6108-602EB34","1","1","1","1","MA-RH-0031K-06SA","","","","1","1","1","PC","1","PC","0","1","","","","","1"
"3166-608AA22","1","1","1","1","MA-603-608AA22-DRUM","","","","1","1","1","PC","1","PC","0","1","","","","","1"
"3166-501BA22","1","1","1","1","MA-19B-501ZGA22","","","","1","1","1","PC","1","PC","0","1","","","","","1"
"3164-502ZA30","1","1","1","1","MA-3164-502AA30","","","","1","1","1","PC","1","PC","0","1","","","","","1"
"3922-502KA32","1","1","1","1","MA-600-502AA32","","","","1","1","1","PC","1","PC","0","1","","","","","1"
"3922-601FA32","1","1","1","1","MA-631-60132-DRUM","","","","1","1","1","PC","1","PC","0","1","","","","","1"
"3922-652AA32","1","1","1","1","MA-3922-652AA32-DRUM","","","","1","1","1","PC","1","PC","0","1","","","","","1"
"3153-502JB42","1","1","1","1","MA-RH-0175KD-21AA","","","","1","1","1","PC","1","PC","0","1","","","","","1"
"SPL-2798-401AA30","1","1","1","1","MA-SPL-2798-401AA30","","","","1","1","1","PC","1","PC","0","1","","","","","1"
"1831-501DA26","1","1","1","1","MA-1831-501AA26","","","","1","1","1","PC","1","PC","0","1","","","","","1"
"1831-501DA30","1","1","1","1","MA-1831-501AA30","","","","1","1","1","PC","1","PC","0","1","","","","","1"
"1831-501DA32","1","1","1","1","MA-1831-501AA32","","","","1","1","1","PC","1","PC","0","1","","","","","1"
"1831-501DA34","1","1","1","1","MA-1831-501AA34","","","","1","1","1","PC","1","PC","0","1","","","","","1"
"1831-501DA36","1","1","1","1","MA-1831-501AA36","","","","1","1","1","PC","1","PC","0","1","","","","","1"
"1831-501DA38","1","1","1","1","MA-1831-501AA38","","","","1","1","1","PC","1","PC","0","1","","","","","1"
"1831-501DA40","1","1","1","1","MA-1831-501AA40","","","","1","1","1","PC","1","PC","0","1","","","","","1"
"1831-501DA42","1","1","1","1","MA-1831-501AA42","","","","1","1","1","PC","1","PC","0","1","","","","","1"
"3101-502EA38","1","1","1","1","MA-582-502AA38","","","","1","1","1","PC","1","PC","0","1","","","","","1"
"5167-602AA34","1","1","1","1","MA-RH-0031K-06B","","","","1","1","1","PC","1","PC","0","1","","","","","1"
"5176-601BA30","1","1","1","1","MA-165-601AB30","","","","1","1","1","PC","1","PC","0","1","","","","","1"
"5176-601BA34","1","1","1","1","MA-165-601BA34","","","","1","1","1","PC","1","PC","0","1","","","","","1"
"5176-601BB30","1","1","1","1","MA-165-601AB30","","","","1","1","1","PC","1","PC","0","1","","","","","1"
"8101-502BC","1","1","1","1","MA-8101-502BC","","","","1","1","1","PC","1","PC","0","1","","","","","1"
"8101-502CC","1","1","1","1","MA-8101-502CC","","","","1","1","1","PC","1","PC","0","1","","","","","1"
"8101-502KC","1","1","1","1","MA-8101-502KC","","","","1","1","1","PC","1","PC","0","1","","","","","1"
"8101-502DA","1","1","1","1","MA-8101-502DA","","","","1","1","1","PC","1","PC","0","1","","","","","1"
"8101-502FA","1","1","1","1","MA-8101-502FA","","","","1","1","1","PC","1","PC","0","1","","","","","1"
"8102-502JA30","1","1","1","1","MA-8102-502JA30","","","","1","1","1","PC","1","PC","0","1","","","","","1"
"8102-608AA30","1","1","1","1","MA-8102-608AA30","","","","1","1","1","PC","1","PC","0","1","","","","","1"
"8102-601EA30","1","1","1","1","MA-8102-601EA30","","","","1","1","1","PC","1","PC","0","1","","","","","1"
"8102-652AA30","1","1","1","1","MA-8102-652AA30","","","","1","1","1","PC","1","PC","0","1","","","","","1"
"SPL-2798-406AA32","1","1","1","1","MA-SPL-2798-406AA32","","","","1","1","1","PC","1","PC","0","1","","","","","1"
"TS-5386AA","1","1","1","1","MA-RH-0031K-06G","","","","1","1","1","PC","1","PC","0","1","","","","","1"
"5108-502EB38","1","1","1","1","MA-5108-502AA38","","","","1","1","1","PC","1","PC","0","1","","","","","1"
"5108-602EC38","1","1","1","1","MA-RH-0031A-05E","","","","1","1","1","PC","1","PC","0","1","","","","","1"
"5108-602BB38","1","1","1","1","MA-RH-0031A-05C","","","","1","1","1","PC","1","PC","0","1","","","","","1"
"352B-602FA30","1","1","1","1","MA-RH-0031A-05D","","","","1","1","1","PC","1","PC","0","1","","","","","1"
"5179-502EA34","1","1","1","1","MA-474-502AA34","","","","1","1","1","PC","1","PC","0","1","","","","","1"
"1161-411AA48","1","1","1","1","MA-121-411BA48","","","","1","1","1","PC","1","PC","0","1","","","","","1"
"6105-601AA48","1","1","1","1","MA-6105-601AA48","","","","1","1","1","PC","1","PC","0","1","","","","","1"
"120-404LA","1","1","1","1","MA-120-404GA","","","","1","1","1","PC","1","PC","0","1","","","","","1"
"5180-502AA30","1","1","1","1","MA-474-502AA30","","","","1","1","1","PC","1","PC","0","1","","","","","1"
"5180-502EA30","1","1","1","1","MA-474-502AA30","","","","1","1","1","PC","1","PC","0","1","","","","","1"
"5180-601AA30","1","1","1","1","MA-165-601AB33","","","","1","1","1","PC","1","PC","0","1","","","","","1"
"5180-602AA30","1","1","1","1","MA-RH-0031A-05C","","","","1","1","1","PC","1","PC","0","1","","","","","1"
"5180-602CA30","1","1","1","1","MA-RH-0031A-05C","","","","1","1","1","PC","1","PC","0","1","","","","","1"
"5180-602BA30","1","1","1","1","MA-RH-0031A-05C","","","","1","1","1","PC","1","PC","0","1","","","","","1"
"474-501AB30","1","1","1","1","MA-161-501AA30","","","","1","1","1","PC","1","PC","0","1","","","","","1"
"TS-5397AA30","1","1","1","1","MA-165-601AB33","","","","1","1","1","PC","1","PC","0","1","","","","","1"
"1155-402BA48","1","1","1","1","MA-1155-402AA48","","","","1","1","1","PC","1","PC","0","1","","","","","1"
"1151-401CB48","1","1","1","1","MA-1151-401BA48","","","","1","1","1","PC","1","PC","0","1","","","","","1"
"6105-501AA48","1","1","1","1","MA-1155-501AA48","","","","1","1","1","PC","1","PC","0","1","","","","","1"
"6105-501BA48","1","1","1","1","MA-5535-501BA48","","","","1","1","1","PC","1","PC","0","1","","","","","1"
"600-502ZA30","1","1","1","1","MA-600-502AA30","","","","1","1","1","PC","1","PC","0","1","","","","","1"
"6108-602EB38","1","1","1","1","MA-RH-0031K-06SA","","","","1","1","1","PC","1","PC","0","1","","","","","1"
"5534-502EA38","1","1","1","1","MA-5517-502AA38","","","","1","1","1","PC","1","PC","0","1","","","","","1"
"5534-602EA38","1","1","1","1","MA-RH-0031A-05D","","","","1","1","1","PC","1","PC","0","1","","","","","1"
"6109-502FA36","1","1","1","1","MA-5517-502AA36","","","","1","1","1","PC","1","PC","0","1","","","","","1"
"3538-502EA34","1","1","1","1","MA-954-50234","","","","1","1","1","PC","1","PC","0","1","","","","","1"
"954-502KA26","1","1","1","1","MA-954-50226","","","","1","1","1","PC","1","PC","0","1","","","","","1"
"6105-502AA48","1","1","1","1","MA-5517-502AA34","","","","1","1","1","PC","1","PC","0","1","","","","","1"
"6105-641AA48","1","1","1","1","MA-485-641BA48-DRUM","","","","1","1","1","PC","1","PC","0","1","","","","","1"
"6105-602AA48","1","1","1","1","MA-RH-0031K-06G","","","","1","1","1","PC","1","PC","0","1","","","","","1"
"6105-602CA48","1","1","1","1","MA-RH-0031K-06G","","","","1","1","1","PC","1","PC","0","1","","","","","1"
"6105-602DA48","1","1","1","1","MA-RH-0031K-06G","","","","1","1","1","PC","1","PC","0","1","","","","","1"
"6105-602EA48","1","1","1","1","MA-RH-0031K-06G","","","","1","1","1","PC","1","PC","0","1","","","","","1"
"6105-502FA38","1","1","1","1","MA-5517-502AA38","","","","1","1","1","PC","1","PC","0","1","","","","","1"
"6105-606AA48","1","1","1","1","MA-RH-0031A-05C","","","","1","1","1","PC","1","PC","0","1","","","","","1"
"1831-501EA34","1","1","1","1","MA-1831-501EA34","","","","1","1","1","PC","1","PC","0","1","","","","","1"
"3165-502AA34","1","1","1","1","MA-3164-502AA34","","","","1","1","1","PC","1","PC","0","1","","","","","1"
"12Q-411GA34-JTEC","1","1","1","1","MA-12Q-411GA34","","","","1","1","1","PC","1","PC","0","1","","","","","1"
"3151-601FA30","1","1","1","1","MA-603-601-BLOCK","","","","1","1","1","PC","1","PC","0","1","","","","","1"
"3151-502LA30","1","1","1","1","MA-3151-502AA34","","","","1","1","1","PC","1","PC","0","1","","","","","1"
"5181-641AA19","1","1","1","1","MA-720-65218-DRUM","","","","1","1","1","PC","1","PC","0","1","","","","","1"
"5181-502AA19","1","1","1","1","MA-59-502B19","","","","1","1","1","PC","1","PC","0","1","","","","","1"
"5181-602AA19","1","1","1","1","MA-RH-0031A-07E","","","","1","1","1","PC","1","PC","0","1","","","","","1"
"5181-602BA19","1","1","1","1","MA-RH-0031A-07E","","","","1","1","1","PC","1","PC","0","1","","","","","1"
"5181-602GA19","1","1","1","1","MA-RH-0031A-07E","","","","1","1","1","PC","1","PC","0","1","","","","","1"
"5521-502AB17","1","1","1","1","MA-5521-502AB17","","","","1","1","1","PC","1","PC","0","1","","","","","1"
"5527-501AA17","1","1","1","1","MA-5527-501AA17","","","","1","1","1","PC","1","PC","0","1","","","","","1"
"5527-501BB17","1","1","1","1","MA-5527-501BB17","","","","1","1","1","PC","1","PC","0","1","","","","","1"
"5527-501AB20","1","1","1","1","MA-5527-501AA20","","","","1","1","1","PC","1","PC","0","1","","","","","1"
"5527-501BC20","1","1","1","1","MA-5527-501BC20","","","","1","1","1","PC","1","PC","0","1","","","","","1"
"5541-502EA38","1","1","1","1","MA-5517-502AA38","","","","1","1","1","PC","1","PC","0","1","","","","","1"
"5529-602EA38","1","1","1","1","MA-RH-0031A-05E","","","","1","1","1","PC","1","PC","0","1","","","","","1"
"3557-601AB34","1","1","1","1","MA-3557-601AA34","","","","1","1","1","PC","1","PC","0","1","","","","","1"
"5521-502AB20","1","1","1","1","MA-5521-502AB20","","","","1","1","1","PC","1","PC","0","1","","","","","1"
"5527-501AA20","1","1","1","1","MA-5527-501AA20","","","","1","1","1","PC","1","PC","0","1","","","","","1"
"600-65234","1","1","1","1","MA-720-65234-DRUM","","","","1","1","1","PC","1","PC","0","1","","","","","1"
"3153-502KA30","1","1","1","1","MA-RH-0175KD-21AA","","","","1","1","1","PC","1","PC","0","1","","","","","1"
"3157-502AB30","1","1","1","1","MA-4109-502AA30","","","","1","1","1","PC","1","PC","0","1","","","","","1"
"1355-406BA17","1","1","1","1","MA-1355-406BA17","","","","1","1","1","PC","1","PC","0","1","","","","","1"
"1355-406AB20","1","1","1","1","MA-1355-406AB20","","","","1","1","1","PC","1","PC","0","1","","","","","1"
"1355-406AB17","1","1","1","1","MA-1355-406AB17","","","","1","1","1","PC","1","PC","0","1","","","","","1"
"1751-501CA19","1","1","1","1","MA-1751-501AA19","","","","1","1","1","PC","1","PC","0","1","","","","","1"
"1731-102EA","1","1","1","1","MA-1731-102BA","","","","1","1","1","PC","1","PC","0","1","","","","","1"
"TS-5411-210AA","1","1","1","1","MA-1331-210JA","","","","1","1","1","PC","1","PC","0","1","","","","","1"
"TS-5411-211AA","1","1","1","1","MA-1331-211JA","","","","1","1","1","PC","1","PC","0","1","","","","","1"
"582-502ZA30","1","1","1","1","MA-582-502AA30","","","","1","1","1","PC","1","PC","0","1","","","","","1"
"1751-406CA19","1","1","1","1","MA-1751-406CA19","","","","1","1","1","PC","1","PC","0","1","","","","","1"
"1731-111CA","1","1","1","1","MA-1731-111CA","","","","1","1","1","PC","1","PC","0","1","","","","","1"
"1731-111DA","1","1","1","1","MA-1731-111DA","","","","1","1","1","PC","1","PC","0","1","","","","","1"
"1731-111EA","1","1","1","1","MA-1731-111DA","","","","1","1","1","PC","1","PC","0","1","","","","","1"
"3164-502EA34","1","1","1","1","MA-3164-502AA34","","","","1","1","1","PC","1","PC","0","1","","","","","1"
"5176-502EB30","1","1","1","1","MA-474-502AA30","","","","1","1","1","PC","1","PC","0","1","","","","","1"
"SPL-2798-501AA30","1","1","1","1","MA-SPL-2798-501AA30","","","","1","1","1","PC","1","PC","0","1","","","","","1"
"5181-501AA19","1","1","1","1","MA-1751-501AA19","","","","1","1","1","PC","1","PC","0","1","","","","","1"
"5176-602AB30","1","1","1","1","MA-RH-0031K-06A","","","","1","1","1","PC","1","PC","0","1","","","","","1"
"5176-602BA30","1","1","1","1","MA-RH-0031A-05C","","","","1","1","1","PC","1","PC","0","1","","","","","1"
"5181-601AA19","1","1","1","1","MA-1751-601AA19","","","","1","1","1","PC","1","PC","0","1","","","","","1"
"3153-601FA30","1","1","1","1","MA-603-601-BLOCK","","","","1","1","1","PC","1","PC","0","1","","","","","1"
"5165-501AA42","1","1","1","1","MA-161-501AA42","","","","1","1","1","PC","1","PC","0","1","","","","","1"
"5165-601AA42","1","1","1","1","MA-165-601BAB42","","","","1","1","1","PC","1","PC","0","1","","","","","1"
"5176-601BB34","1","1","1","1","MA-165-601BA34","","","","1","1","1","PC","1","PC","0","1","","","","","1"
"1731-102DA","1","1","1","1","MA-1731-102AA","","","","1","1","1","PC","1","PC","0","1","","","","","1"
"3153-502KA32","1","1","1","1","MA-RH-0175KD-21AA","","","","1","1","1","PC","1","PC","0","1","","","","","1"
"1831-501DA28","1","1","1","1","MA-1831-501AA30","","","","1","1","1","PC","1","PC","0","1","","","","","1"
"1831-501BA28","1","1","1","1","MA-1831-501BA28","","","","1","1","1","PC","1","PC","0","1","","","","","1"
"3153-601FA32","1","1","1","1","MA-603-601-BLOCK","","","","1","1","1","PC","1","PC","0","1","","","","","1"
"3153-502KA28","1","1","1","1","MA-RH-0175KD-21AA","","","","1","1","1","PC","1","PC","0","1","","","","","1"
"3153-502KA26","1","1","1","1","MA-RH-0175KD-21AA","","","","1","1","1","PC","1","PC","0","1","","","","","1"
"5165-602AA42","1","1","1","1","MA-RH-0031K-06A","","","","1","1","1","PC","1","PC","0","1","","","","","1"
"5165-602BA42","1","1","1","1","MA-RH-0031A-05C","","","","1","1","1","PC","1","PC","0","1","","","","","1"
"3153-601FA26","1","1","1","1","MA-603-601-BLOCK","","","","1","1","1","PC","1","PC","0","1","","","","","1"
"TS-5412AA34","1","1","1","1","MA-3557-601AA34","","","","1","1","1","PC","1","PC","0","1","","","","","1"
"TS-5367-414AA","1","1","1","1","MA-170-414AA","","","","1","1","1","PC","1","PC","0","1","","","","","1"
"5176-641AA30","1","1","1","1","MA-485-641BA30-DRUM","","","","1","1","1","PC","1","PC","0","1","","","","","1"
"5173-641AA30","1","1","1","1","MA-485-641BA30-DRUM","","","","1","1","1","PC","1","PC","0","1","","","","","1"
"5176-641AA34","1","1","1","1","MA-485-641BA34-DRUM","","","","1","1","1","PC","1","PC","0","1","","","","","1"
"5173-641AA34","1","1","1","1","MA-485-641BA34-DRUM","","","","1","1","1","PC","1","PC","0","1","","","","","1"
"5179-641AA30","1","1","1","1","MA-485-641BA30-DRUM","","","","1","1","1","PC","1","PC","0","1","","","","","1"
"5179-641AA34","1","1","1","1","MA-485-641BA34-DRUM","","","","1","1","1","PC","1","PC","0","1","","","","","1"
"3662-601AB34","1","1","1","1","MA-3662-601AA34","","","","1","1","1","PC","1","PC","0","1","","","","","1"
"1831-406AA38-2","1","1","1","1","MA-1831-406AA38-2","","","","1","1","1","PC","1","PC","0","1","","","","","1"
"1551-401FA38","1","1","1","1","MA-1551-401AA38","","","","1","1","1","PC","1","PC","0","1","","","","","1"
"3662-502EA34","1","1","1","1","MA-954-50234","","","","1","1","1","PC","1","PC","0","1","","","","","1"
"3662-601EA34","1","1","1","1","MA-3557-601AA34","","","","1","1","1","PC","1","PC","0","1","","","","","1"
"478-502ZA38","1","1","1","1","MA-474-502AA38","","","","1","1","1","PC","1","PC","0","1","","","","","1"
"3153-502KA34","1","1","1","1","MA-RH-0175KD-21AA","","","","1","1","1","PC","1","PC","0","1","","","","","1"
"3153-601FA34","1","1","1","1","MA-603-601-BLOCK","","","","1","1","1","PC","1","PC","0","1","","","","","1"
"SPL-2798-501AA34","1","1","1","1","MA-SPL-2798-501AA34","","","","1","1","1","PC","1","PC","0","1","","","","","1"
"3662-601AB30","1","1","1","1","MA-3557-601AA30","","","","1","1","1","PC","1","PC","0","1","","","","","1"
"5165-502AA42","1","1","1","1","MA-474-502AA34","","","","1","1","1","PC","1","PC","0","1","","","","","1"
"3145-502EB38","1","1","1","1","MA-600-502AA38","","","","1","1","1","PC","1","PC","0","1","","","","","1"
"485-502JA36","1","1","1","1","MA-485-502AA36","","","","1","1","1","PC","1","PC","0","1","","","","","1"
"5165-501AA40","1","1","1","1","MA-161-501AA40","","","","1","1","1","PC","1","PC","0","1","","","","","1"
"5165-601AA40","1","1","1","1","MA-165-601BAB42","","","","1","1","1","PC","1","PC","0","1","","","","","1"
"5165-602AA40","1","1","1","1","MA-RH-0031A-06E","","","","1","1","1","PC","1","PC","0","1","","","","","1"
"5165-602BA40","1","1","1","1","MA-RH-0031A-05C","","","","1","1","1","PC","1","PC","0","1","","","","","1"
"5165-641AA40","1","1","1","1","MA-485-641BA40-DRUM","","","","1","1","1","PC","1","PC","0","1","","","","","1"
"5165-502AA40","1","1","1","1","MA-474-502AA34","","","","1","1","1","PC","1","PC","0","1","","","","","1"
"1751-103BA24","1","1","1","1","MA-1751-103BA24","","","","1","1","1","PC","1","PC","0","1","","","","","1"
"3662-608AB34","1","1","1","1","MA-3501-66001AA34","","","","1","1","1","PC","1","PC","0","1","","","","","1"
"3662-501BB34","1","1","1","1","MA-3636-501BC34","","","","1","1","1","PC","1","PC","0","1","","","","","1"
"1331-102VC","1","1","1","1","MA-1931-102BB","","","","1","1","1","PC","1","PC","0","1","","","","","1"
"5108-502EB30","1","1","1","1","MA-5108-502AA30","","","","1","1","1","PC","1","PC","0","1","","","","","1"
"5108-602BC30","1","1","1","1","MA-RH-0031A-05C","","","","1","1","1","PC","1","PC","0","1","","","","","1"
"5108-602EC30","1","1","1","1","MA-RH-0031A-05D","","","","1","1","1","PC","1","PC","0","1","","","","","1"
"3558-502EA34","1","1","1","1","MA-954-50234","","","","1","1","1","PC","1","PC","0","1","","","","","1"
"3558-601EA34","1","1","1","1","MA-3557-601AA34","","","","1","1","1","PC","1","PC","0","1","","","","","1"
"3558-666AA34","1","1","1","1","MA-560-66634-DRUM","","","","1","1","1","PC","1","PC","0","1","","","","","1"
"3164-502BA30","1","1","1","1","MA-3164-502AA30","","","","1","1","1","PC","1","PC","0","1","","","","","1"
"3164-502BA34","1","1","1","1","MA-3164-502AA34","","","","1","1","1","PC","1","PC","0","1","","","","","1"
"3559-601AA30","1","1","1","1","MA-3557-601AA30","","","","1","1","1","PC","1","PC","0","1","","","","","1"
"3662-608AB30","1","1","1","1","MA-3501-66001AA30","","","","1","1","1","PC","1","PC","0","1","","","","","1"
"3650-502FA30","1","1","1","1","MA-954-50230","","","","1","1","1","PC","1","PC","0","1","","","","","1"
"4113-502KA30","1","1","1","1","MA-4109-502AA30","","","","1","1","1","PC","1","PC","0","1","","","","","1"
"4113-601FA30","1","1","1","1","MA-748-601AA30","","","","1","1","1","PC","1","PC","0","1","","","","","1"
"5213-602EA30","1","1","1","1","MA-RH-0031K-06KB","","","","1","1","1","PC","1","PC","0","1","","","","","1"
"5218-502EA30","1","1","1","1","MA-474-502AA30","","","","1","1","1","PC","1","PC","0","1","","","","","1"
"3650-501BB30","1","1","1","1","MA-3636-501BC30","","","","1","1","1","PC","1","PC","0","1","","","","","1"
"3154-652AA25","1","1","1","1","MA-720-65225-DRUM","","","","1","1","1","PC","1","PC","0","1","","","","","1"
"3154-652AA21","1","1","1","1","MA-720-65221-DRUM","","","","1","1","1","PC","1","PC","0","1","","","","","1"
"3154-652AA23","1","1","1","1","MA-720-65223-DRUM","","","","1","1","1","PC","1","PC","0","1","","","","","1"
"4206-601JA30","1","1","1","1","MA-4206-601AA30","","","","1","1","1","PC","1","PC","0","1","","","","","1"
"3164-502EA30","1","1","1","1","MA-3164-502AA30","","","","1","1","1","PC","1","PC","0","1","","","","","1"
"1551-401GA38","1","1","1","1","MA-1551-401AA38","","","","1","1","1","PC","1","PC","0","1","","","","","1"
"3153-502FA26","1","1","1","1","MA-RH-0175KD-21AA","","","","1","1","1","PC","1","PC","0","1","","","","","1"
"5132-502JA30","1","1","1","1","MA-5132-502AA30","","","","1","1","1","PC","1","PC","0","1","","","","","1"
"12Q-411KB31","1","1","1","1","MA-12Q-411BA31","","","","1","1","1","PC","1","PC","0","1","","","","","1"
"888-502AA30","1","1","1","1","MA-888-502AA30","","","","1","1","1","PC","1","PC","0","1","","","","","1"
"4206-601AA30","1","1","1","1","MA-4206-601AA30","","","","1","1","1","PC","1","PC","0","1","","","","","1"
"4206-651AA30","1","1","1","1","MA-625-65130-DRUM","","","","1","1","1","PC","1","PC","0","1","","","","","1"
"1631-111UA","1","1","1","1","MA-1631-111UA","","","","1","1","1","PC","1","PC","0","1","","","","","1"
"1631-111VA","1","1","1","1","MA-1631-111VA","","","","1","1","1","PC","1","PC","0","1","","","","","1"
"1631-103DA30","1","1","1","1","MA-1631-103AB30","","","","1","1","1","PC","1","PC","0","1","","","","","1"
"1531-128BA","1","1","1","1","MA-1531-128BA","","","","1","1","1","PC","1","PC","0","1","","","","","1"
"4206-502AA30","1","1","1","1","MA-888-502AA30","","","","1","1","1","PC","1","PC","0","1","","","","","1"
"3139-652CA30","1","1","1","1","MA-720-65230-DRUM","","","","1","1","1","PC","1","PC","0","1","","","","","1"
"1751-406CB19","1","1","1","1","MA-1751-406CA19","","","","1","1","1","PC","1","PC","0","1","","","","","1"
"1831-501BB30","1","1","1","1","MA-1831-501BA30","","","","1","1","1","PC","1","PC","0","1","","","","","1"
"1831-501DB30","1","1","1","1","MA-1831-501AA30","","","","1","1","1","PC","1","PC","0","1","","","","","1"
"1731-111CB","1","1","1","1","MA-1731-111CB","","","","1","1","1","PC","1","PC","0","1","","","","","1"
"1731-111EB","1","1","1","1","MA-1731-111EB","","","","1","1","1","PC","1","PC","0","1","","","","","1"
"1731-111DB","1","1","1","1","MA-1731-111EB","","","","1","1","1","PC","1","PC","0","1","","","","","1"
"3166-652AA16","1","1","1","1","MA-720-65216-DRUM","","","","1","1","1","PC","1","PC","0","1","","","","","1"
"3166-608AA16","1","1","1","1","MA-3154-608AA16","","","","1","1","1","PC","1","PC","0","1","","","","","1"
"1831-501BB34","1","1","1","1","MA-1831-501BA34","","","","1","1","1","PC","1","PC","0","1","","","","","1"
"1831-501DB34","1","1","1","1","MA-1831-501AA34","","","","1","1","1","PC","1","PC","0","1","","","","","1"
"3166-601EA16","1","1","1","1","MA-3154-601AA16","","","","1","1","1","PC","1","PC","0","1","","","","","1"
"3166-501BA16","1","1","1","1","MA-19B-501ZGA16","","","","1","1","1","PC","1","PC","0","1","","","","","1"
"1831-501BB26","1","1","1","1","MA-1831-501BA26","","","","1","1","1","PC","1","PC","0","1","","","","","1"
"1831-501DB26","1","1","1","1","MA-1831-501AA26","","","","1","1","1","PC","1","PC","0","1","","","","","1"
"1751-440BA24","1","1","1","1","MA-1751-440AC24","","","","1","1","1","PC","1","PC","0","1","","","","","1"
"3166-608AA14","1","1","1","1","MA-603-608AA14","","","","1","1","1","PC","1","PC","0","1","","","","","1"
"3166-608AA18","1","1","1","1","MA-603-608AA18-DRUM","","","","1","1","1","PC","1","PC","0","1","","","","","1"
"3166-652AA18","1","1","1","1","MA-720-65218-DRUM","","","","1","1","1","PC","1","PC","0","1","","","","","1"
"3166-501BA18","1","1","1","1","MA-19B-501ZGA18","","","","1","1","1","PC","1","PC","0","1","","","","","1"
"3166-601EA18","1","1","1","1","MA-3154-601AA18","","","","1","1","1","PC","1","PC","0","1","","","","","1"
"6109-502FA38","1","1","1","1","MA-5517-502AA38","","","","1","1","1","PC","1","PC","0","1","","","","","1"
"3166-608AA20","1","1","1","1","MA-3154-608AA20-DRUM","","","","1","1","1","PC","1","PC","0","1","","","","","1"
"3166-608AA21","1","1","1","1","MA-3154-608AA21-DRUM","","","","1","1","1","PC","1","PC","0","1","","","","","1"
"3166-601EA20","1","1","1","1","MA-3154-601AA20","","","","1","1","1","PC","1","PC","0","1","","","","","1"
"3166-601EA21","1","1","1","1","MA-3154-601AA21","","","","1","1","1","PC","1","PC","0","1","","","","","1"
"3166-601EA24","1","1","1","1","MA-3154-601AA24","","","","1","1","1","PC","1","PC","0","1","","","","","1"
"3166-608AA24","1","1","1","1","MA-3154-608AA24-DRUM","","","","1","1","1","PC","1","PC","0","1","","","","","1"
"3166-652AA20","1","1","1","1","MA-720-65220-DRUM","","","","1","1","1","PC","1","PC","0","1","","","","","1"
"3166-501BA21","1","1","1","1","MA-19B-501ZGA21","","","","1","1","1","PC","1","PC","0","1","","","","","1"
"3166-652AA21","1","1","1","1","MA-720-65221-DRUM","","","","1","1","1","PC","1","PC","0","1","","","","","1"
"1731-401DA18","1","1","1","1","MA-1731-401CA18","","","","1","1","1","PC","1","PC","0","1","","","","","1"
"1731-406DA16","1","1","1","1","MA-1731-406DA16","","","","1","1","1","PC","1","PC","0","1","","","","","1"
"1731-406DA15","1","1","1","1","MA-1731-406DA15","","","","1","1","1","PC","1","PC","0","1","","","","","1"
"3166-652AA12","1","1","1","1","MA-720-65212-DRUM","","","","1","1","1","PC","1","PC","0","1","","","","","1"
"3164-502YA34","1","1","1","1","MA-3164-502AA34","","","","1","1","1","PC","1","PC","0","1","","","","","1"
"3166-501BA20","1","1","1","1","MA-19B-501ZGA20","","","","1","1","1","PC","1","PC","0","1","","","","","1"
"3166-601EA12","1","1","1","1","MA-3154-601AA12","","","","1","1","1","PC","1","PC","0","1","","","","","1"
"3166-601EA23","1","1","1","1","MA-3154-601AA23","","","","1","1","1","PC","1","PC","0","1","","","","","1"
"3164-502AB26","1","1","1","1","MA-3164-502AA26","","","","1","1","1","PC","1","PC","0","1","","","","","1"
"3164-502AB30","1","1","1","1","MA-3164-502AA30","","","","1","1","1","PC","1","PC","0","1","","","","","1"
"3164-502AB32","1","1","1","1","MA-3164-502AA32","","","","1","1","1","PC","1","PC","0","1","","","","","1"
"3164-502AB34","1","1","1","1","MA-3164-502AA34","","","","1","1","1","PC","1","PC","0","1","","","","","1"
"3164-502EB30","1","1","1","1","MA-3164-502AA30","","","","1","1","1","PC","1","PC","0","1","","","","","1"
"5529-602FA38","1","1","1","1","MA-RH-0031A-05E","","","","1","1","1","PC","1","PC","0","1","","","","","1"
"5174-602AA33","1","1","1","1","MA-RH-0031A-05C","","","","1","1","1","PC","1","PC","0","1","","","","","1"
"5174-602BA33","1","1","1","1","MA-RH-0031A-05C","","","","1","1","1","PC","1","PC","0","1","","","","","1"
"12Q-411NB31","1","1","1","1","MA-12Q-411NA31","","","","1","1","1","PC","1","PC","0","1","","","","","1"
"6207-411AB34","1","1","1","1","MA-12Q-411FA33","","","","1","1","1","PC","1","PC","0","1","","","","","1"
"6207-411AC38","1","1","1","1","MA-12Q-411FA38","","","","1","1","1","PC","1","PC","0","1","","","","","1"
"1731-406DA20","1","1","1","1","MA-1731-406DA20","","","","1","1","1","PC","1","PC","0","1","","","","","1"
"1731-406DA21","1","1","1","1","MA-1731-406DA21","","","","1","1","1","PC","1","PC","0","1","","","","","1"
"12Q-411FB38","1","1","1","1","MA-12Q-411FA38","","","","1","1","1","PC","1","PC","0","1","","","","","1"
"485-641AC36","1","1","1","1","MA-485-641BA36-DRUM","","","","1","1","1","PC","1","PC","0","1","","","","","1"
"12Q-411FB34","1","1","1","1","MA-12Q-411FA33","","","","1","1","1","PC","1","PC","0","1","","","","","1"
"3154-601EA12","1","1","1","1","MA-3154-601AA12","","","","1","1","1","PC","1","PC","0","1","","","","","1"
"3154-601EA22","1","1","1","1","MA-3154-601AA22","","","","1","1","1","PC","1","PC","0","1","","","","","1"
"5176-502EB34","1","1","1","1","MA-474-502AA34","","","","1","1","1","PC","1","PC","0","1","","","","","1"
"5176-602AB34","1","1","1","1","MA-RH-0031K-06A","","","","1","1","1","PC","1","PC","0","1","","","","","1"
"5176-602BA34","1","1","1","1","MA-RH-0031A-05C","","","","1","1","1","PC","1","PC","0","1","","","","","1"
"3165-502AB30","1","1","1","1","MA-3164-502AA30","","","","1","1","1","PC","1","PC","0","1","","","","","1"
"3164-502XA30","1","1","1","1","MA-3164-502AA30","","","","1","1","1","PC","1","PC","0","1","","","","","1"
"1731-501ZKA24","1","1","1","1","MA-1731-501ZKA24","","","","1","1","1","PC","1","PC","0","1","","","","","1"
"3154-609BA4","1","1","1","1","MA-3154-609BA4","","","","1","1","1","PC","1","PC","0","1","","","","","1"
"3166-608AA23","1","1","1","1","MA-3154-608AA23-DRUM","","","","1","1","1","PC","1","PC","0","1","","","","","1"
"1731-406DA23","1","1","1","1","MA-1731-406DA23","","","","1","1","1","PC","1","PC","0","1","","","","","1"
"1731-406DA24","1","1","1","1","MA-1731-406DA24","","","","1","1","1","PC","1","PC","0","1","","","","","1"
"3166-501BA23","1","1","1","1","MA-19B-501ZGA23","","","","1","1","1","PC","1","PC","0","1","","","","","1"
"3166-501BA24","1","1","1","1","MA-19B-501ZGA24","","","","1","1","1","PC","1","PC","0","1","","","","","1"
"3166-608AA12","1","1","1","1","MA-3154-608AA12","","","","1","1","1","PC","1","PC","0","1","","","","","1"
"3166-608AA13","1","1","1","1","MA-3154-608AA13","","","","1","1","1","PC","1","PC","0","1","","","","","1"
"3166-608AA15","1","1","1","1","MA-3154-608AA15","","","","1","1","1","PC","1","PC","0","1","","","","","1"
"3166-608AA17","1","1","1","1","MA-3154-608AA17","","","","1","1","1","PC","1","PC","0","1","","","","","1"
"3166-608AA19","1","1","1","1","MA-3154-608AA19-DRUM","","","","1","1","1","PC","1","PC","0","1","","","","","1"
"5173-502EC30","1","1","1","1","MA-474-502AA30","","","","1","1","1","PC","1","PC","0","1","","","","","1"
"5173-502EC34","1","1","1","1","MA-474-502AA34","","","","1","1","1","PC","1","PC","0","1","","","","","1"
"3558-690AA34","1","1","1","1","MA-3558-690AA34-KAKUZAI","","","","1","1","1","PC","1","PC","0","1","","","","","1"
"5143-601AA14","1","1","1","1","MA-1751-601AA14","","","","1","1","1","PC","1","PC","0","1","","","","","1"
"5143-501AA14","1","1","1","1","MA-1751-501AA14","","","","1","1","1","PC","1","PC","0","1","","","","","1"
"5143-502JA14","1","1","1","1","MA-59-502B14","","","","1","1","1","PC","1","PC","0","1","","","","","1"
"5143-602AA14","1","1","1","1","MA-RH-0031A-07E","","","","1","1","1","PC","1","PC","0","1","","","","","1"
"5143-602BA14","1","1","1","1","MA-RH-0031A-07E","","","","1","1","1","PC","1","PC","0","1","","","","","1"
"5143-602CA14","1","1","1","1","MA-RH-0031A-05C","","","","1","1","1","PC","1","PC","0","1","","","","","1"
"3154-601EA23","1","1","1","1","MA-3154-601AA23","","","","1","1","1","PC","1","PC","0","1","","","","","1"
"3154-601EA16","1","1","1","1","MA-3154-601AA16","","","","1","1","1","PC","1","PC","0","1","","","","","1"
"3154-601EA13","1","1","1","1","MA-3154-601AA13","","","","1","1","1","PC","1","PC","0","1","","","","","1"
"3154-601EA14","1","1","1","1","MA-3154-601AA14","","","","1","1","1","PC","1","PC","0","1","","","","","1"
"3154-601EA15","1","1","1","1","MA-3154-601AA15","","","","1","1","1","PC","1","PC","0","1","","","","","1"
"3154-601EA17","1","1","1","1","MA-3154-601AA17","","","","1","1","1","PC","1","PC","0","1","","","","","1"
"3166-501BA12","1","1","1","1","MA-19B-501ZGA12","","","","1","1","1","PC","1","PC","0","1","","","","","1"
"1731-401CA14","1","1","1","1","MA-1731-401CA14","","","","1","1","1","PC","1","PC","0","1","","","","","1"
"1731-406DA12","1","1","1","1","MA-1731-406DA12","","","","1","1","1","PC","1","PC","0","1","","","","","1"
"1731-501ZKA14","1","1","1","1","MA-1731-501ZKA14","","","","1","1","1","PC","1","PC","0","1","","","","","1"
"1331-102VD","1","1","1","1","MA-1931-102BC","","","","1","1","1","PC","1","PC","0","1","","","","","1"
"5520-502CD","1","1","1","1","MA-RP-0359-01AD","","","","1","1","1","PC","1","PC","0","1","","","","","1"
"5520-502JE","1","1","1","1","MA-RP-0359-01AD","","","","1","1","1","PC","1","PC","0","1","","","","","1"
"5520-502KD","1","1","1","1","MA-RP-0359-01AD","","","","1","1","1","PC","1","PC","0","1","","","","","1"
"5520-502RB","1","1","1","1","MA-RP-0359-01AD","","","","1","1","1","PC","1","PC","0","1","","","","","1"
"5520-502BE","1","1","1","1","MA-RP-0359-01AD","","","","1","1","1","PC","1","PC","0","1","","","","","1"
"5181-501AA22","1","1","1","1","MA-1751-501AA22","","","","1","1","1","PC","1","PC","0","1","","","","","1"
"5181-502AA22","1","1","1","1","MA-59-502B22","","","","1","1","1","PC","1","PC","0","1","","","","","1"
"5181-602AA22","1","1","1","1","MA-RH-0031A-07E","","","","1","1","1","PC","1","PC","0","1","","","","","1"
"5181-602GA22","1","1","1","1","MA-RH-0031A-05C","","","","1","1","1","PC","1","PC","0","1","","","","","1"
"5181-641AA22","1","1","1","1","MA-720-65221-DRUM","","","","1","1","1","PC","1","PC","0","1","","","","","1"
"5160-502AA33","1","1","1","1","MA-474-502AA33","","","","1","1","1","PC","1","PC","0","1","","","","","1"
"5181-601AA22","1","1","1","1","MA-1751-601AA22","","","","1","1","1","PC","1","PC","0","1","","","","","1"
"1751-501CA22","1","1","1","1","MA-1751-501AA22","","","","1","1","1","PC","1","PC","0","1","","","","","1"
"582-502EA7.6","1","1","1","1","MA-582-502AA7.6","","","","1","1","1","PC","1","PC","0","1","","","","","1"
"3142-652BA30","1","1","1","1","MA-720-65230-DRUM","","","","1","1","1","PC","1","PC","0","1","","","","","1"
"3142-502AA30","1","1","1","1","MA-582-502AA30","","","","1","1","1","PC","1","PC","0","1","","","","","1"
"3142-601FA30","1","1","1","1","MA-603-601-BLOCK","","","","1","1","1","PC","1","PC","0","1","","","","","1"
"3142-502KA30","1","1","1","1","MA-582-502AA30","","","","1","1","1","PC","1","PC","0","1","","","","","1"
"1731-103BA14","1","1","1","1","MA-1731-103BA14","","","","1","1","1","PC","1","PC","0","1","","","","","1"
"5310-602KA30","1","1","1","1","MA-RH-0031A-05D","","","","1","1","1","PC","1","PC","0","1","","","","","1"
"5310-602MA30","1","1","1","1","MA-RH-0031A-05D","","","","1","1","1","PC","1","PC","0","1","","","","","1"
"12Q-411HA31","1","1","1","1","MA-12Q-411HA31","","","","1","1","1","PC","1","PC","0","1","","","","","1"
"5310-502AA30","1","1","1","1","MA-355-50230","","","","1","1","1","PC","1","PC","0","1","","","","","1"
"5310-501AA30","1","1","1","1","MA-5310-501AA30","","","","1","1","1","PC","1","PC","0","1","","","","","1"
"5310-501BA30","1","1","1","1","MA-5310-501BA30","","","","1","1","1","PC","1","PC","0","1","","","","","1"
"5310-602GA30","1","1","1","1","MA-RH-0031A-05C","","","","1","1","1","PC","1","PC","0","1","","","","","1"
"5310-601AA30","1","1","1","1","MA-161-601BA30","","","","1","1","1","PC","1","PC","0","1","","","","","1"
"SPL-2798-501BA38","1","1","1","1","MA-SPL-2798-501BA38","","","","1","1","1","PC","1","PC","0","1","","","","","1"
"3165-502EA30","1","1","1","1","MA-3164-502AA30","","","","1","1","1","PC","1","PC","0","1","","","","","1"
"3145-652BA30","1","1","1","1","MA-720-65230-DRUM","","","","1","1","1","PC","1","PC","0","1","","","","","1"
"5181-501AA21","1","1","1","1","MA-1751-501AA21","","","","1","1","1","PC","1","PC","0","1","","","","","1"
"5181-502AA21","1","1","1","1","MA-59-502B21","","","","1","1","1","PC","1","PC","0","1","","","","","1"
"5181-602AA21","1","1","1","1","MA-RH-0031A-06E","","","","1","1","1","PC","1","PC","0","1","","","","","1"
"5181-602BA21","1","1","1","1","MA-RH-0031A-05C","","","","1","1","1","PC","1","PC","0","1","","","","","1"
"5181-602GA21","1","1","1","1","MA-RH-0031A-07E","","","","1","1","1","PC","1","PC","0","1","","","","","1"
"5181-641AA21","1","1","1","1","MA-720-65220-DRUM","","","","1","1","1","PC","1","PC","0","1","","","","","1"
"TS-5432AA30","1","1","1","1","MA-RH-0031K-06A","","","","1","1","1","PC","1","PC","0","1","","","","","1"
"TS-5432BA30","1","1","1","1","MA-RH-0031K-06A","","","","1","1","1","PC","1","PC","0","1","","","","","1"
"TS-5432CA30","1","1","1","1","MA-RH-0031K-06A","","","","1","1","1","PC","1","PC","0","1","","","","","1"
"5181-501AA20","1","1","1","1","MA-1751-501AA20","","","","1","1","1","PC","1","PC","0","1","","","","","1"
"5181-601AA21","1","1","1","1","MA-1751-601AA21","","","","1","1","1","PC","1","PC","0","1","","","","","1"
"3538-501BA24","1","1","1","1","MA-3538-501BA24","","","","1","1","1","PC","1","PC","0","1","","","","","1"
"3538-608AA24","1","1","1","1","MA-3538-608AA24-DRUM","","","","1","1","1","PC","1","PC","0","1","","","","","1"
"4408-502AB24","1","1","1","1","MA-954-50224","","","","1","1","1","PC","1","PC","0","1","","","","","1"
"5160-602AA33","1","1","1","1","MA-RH-0031A-05F","","","","1","1","1","PC","1","PC","0","1","","","","","1"
"5160-602BA33","1","1","1","1","MA-RH-0031A-05C","","","","1","1","1","PC","1","PC","0","1","","","","","1"
"5165-601AA44","1","1","1","1","MA-1155-601AA44","","","","1","1","1","PC","1","PC","0","1","","","","","1"
"5165-641AA44","1","1","1","1","MA-485-641BA44-DRUM","","","","1","1","1","PC","1","PC","0","1","","","","","1"
"5165-501AA44","1","1","1","1","MA-1151-501CA44","","","","1","1","1","PC","1","PC","0","1","","","","","1"
"5165-602AA44","1","1","1","1","MA-RH-0031K-06A","","","","1","1","1","PC","1","PC","0","1","","","","","1"
"5165-602BA44","1","1","1","1","MA-RH-0031A-05C","","","","1","1","1","PC","1","PC","0","1","","","","","1"
"5165-502AA44","1","1","1","1","MA-474-502AA34","","","","1","1","1","PC","1","PC","0","1","","","","","1"
"5310-602NA30","1","1","1","1","MA-RH-0031A-05D","","","","1","1","1","PC","1","PC","0","1","","","","","1"
"600-652BA30","1","1","1","1","MA-720-65230-DRUM","","","","1","1","1","PC","1","PC","0","1","","","","","1"
"1751-103BB24","1","1","1","1","MA-1751-103BA24","","","","1","1","1","PC","1","PC","0","1","","","","","1"
"3147-502LA30","1","1","1","1","MA-582-502AA30","","","","1","1","1","PC","1","PC","0","1","","","","","1"
"603-601GA30","1","1","1","1","MA-603-601-BLOCK","","","","1","1","1","PC","1","PC","0","1","","","","","1"
"SPL-2823AA","1","1","1","1","MA-1631-102BD","","","","1","1","1","PC","1","PC","0","1","","","","","1"
"SPL-2823BA","1","1","1","1","MA-1631-102AD","","","","1","1","1","PC","1","PC","0","1","","","","","1"
"580-652BA30","1","1","1","1","MA-720-65230-DRUM","","","","1","1","1","PC","1","PC","0","1","","","","","1"
"1831-501DA3036","1","1","1","1","MA-1831-501AA34","","","","1","1","1","PC","1","PC","0","1","","","","","1"
"582-502FA30","1","1","1","1","MA-582-502AA30","","","","1","1","1","PC","1","PC","0","1","","","","","1"
"582-601FA30","1","1","1","1","MA-603-601-BLOCK","","","","1","1","1","PC","1","PC","0","1","","","","","1"
"1831-501BA3036","1","1","1","1","MA-1831-501BA3034","","","","1","1","1","PC","1","PC","0","1","","","","","1"
"1751-406CB22","1","1","1","1","MA-1751-406CB22","","","","1","1","1","PC","1","PC","0","1","","","","","1"
"TS-5412AB34","1","1","1","1","MA-3557-601AA34","","","","1","1","1","PC","1","PC","0","1","","","","","1"
"1731-501ZJA23","1","1","1","1","MA-19B-501ZGA23","","","","1","1","1","PC","1","PC","0","1","","","","","1"
"TS-5385-401AA30","1","1","1","1","MA-TS-5385-401AA30","","","","1","1","1","PC","1","PC","0","1","","","","","1"
"TS-5385-406AA30","1","1","1","1","MA-TS-5385-406AA30","","","","1","1","1","PC","1","PC","0","1","","","","","1"
"3559-601EA34","1","1","1","1","MA-3557-601AA34","","","","1","1","1","PC","1","PC","0","1","","","","","1"
"3554-502EA34","1","1","1","1","MA-954-50234","","","","1","1","1","PC","1","PC","0","1","","","","","1"
"1831-406AA3036","1","1","1","1","MA-1831-406AA3036","","","","1","1","1","PC","1","PC","0","1","","","","","1"
"1731-501ZJA24","1","1","1","1","MA-19B-501ZGA24","","","","1","1","1","PC","1","PC","0","1","","","","","1"
"12Q-411LA34-JTEC","1","1","1","1","MA-12Q-411BA34","","","","1","1","1","PC","1","PC","0","1","","","","","1"
"1831-501DB42","1","1","1","1","MA-1831-501AA42","","","","1","1","1","PC","1","PC","0","1","","","","","1"
"1831-501BB42","1","1","1","1","MA-1831-501BA42","","","","1","1","1","PC","1","PC","0","1","","","","","1"
"3164-502EA42","1","1","1","1","MA-3164-502AA42","","","","1","1","1","PC","1","PC","0","1","","","","","1"
"1831-501DB41","1","1","1","1","MA-1831-501AA42","","","","1","1","1","PC","1","PC","0","1","","","","","1"
"101-440BB30","1","1","1","1","MA-101-440BB30","","","","1","1","1","PC","1","PC","0","1","","","","","1"
"3538-501AA24","1","1","1","1","MA-3538-501AA24","","","","1","1","1","PC","1","PC","0","1","","","","","1"
"1635-406AA24","1","1","1","1","MA-1635-406AA24","","","","1","1","1","PC","1","PC","0","1","","","","","1"
"3538-502AA24","1","1","1","1","MA-954-50224","","","","1","1","1","PC","1","PC","0","1","","","","","1"
"3538-652AA24","1","1","1","1","MA-720-65224-DRUM","","","","1","1","1","PC","1","PC","0","1","","","","","1"
"3538-601EA24","1","1","1","1","MA-943-601AA24","","","","1","1","1","PC","1","PC","0","1","","","","","1"
"3538-502JA24","1","1","1","1","MA-954-50224","","","","1","1","1","PC","1","PC","0","1","","","","","1"
"1831-501CB30","1","1","1","1","MA-1831-501BA30","","","","1","1","1","PC","1","PC","0","1","","","","","1"
"3166-652AA17","1","1","1","1","MA-720-65217-DRUM","","","","1","1","1","PC","1","PC","0","1","","","","","1"
"3166-501BA17","1","1","1","1","MA-19B-501ZGA17","","","","1","1","1","PC","1","PC","0","1","","","","","1"
"3166-601EA17","1","1","1","1","MA-3154-601AA17","","","","1","1","1","PC","1","PC","0","1","","","","","1"
"TS-5440AA34","1","1","1","1","MA-954-50234","","","","1","1","1","PC","1","PC","0","1","","","","","1"
"4119-666AB30","1","1","1","1","MA-560-66630-DRUM","","","","1","1","1","PC","1","PC","0","1","","","","","1"
"1831-401AA30-1","1","1","1","1","MA-1831-401AA30-1","","","","1","1","1","PC","1","PC","0","1","","","","","1"
"12Q-411BA34-JTEC","1","1","1","1","MA-12Q-411BA34","","","","1","1","1","PC","1","PC","0","1","","","","","1"
"12Q-411BA31-JTEC","1","1","1","1","MA-12Q-411BA31","","","","1","1","1","PC","1","PC","0","1","","","","","1"
"12Q-411FA38-JTEC","1","1","1","1","MA-12Q-411FA38","","","","1","1","1","PC","1","PC","0","1","","","","","1"
"12Q-411BA33-JTEC","1","1","1","1","MA-12Q-411BA33","","","","1","1","1","PC","1","PC","0","1","","","","","1"
"474-601AB30-JTEC","1","1","1","1","MA-165-601AB30","","","","1","1","1","PC","1","PC","0","1","","","","","1"
"479-601AA30-JTEC","1","1","1","1","MA-165-601AB30","","","","1","1","1","PC","1","PC","0","1","","","","","1"
"5176-601BB30-JTEC","1","1","1","1","MA-165-601AB30","","","","1","1","1","PC","1","PC","0","1","","","","","1"
"5176-601BB34-JTEC","1","1","1","1","MA-165-601BA34","","","","1","1","1","PC","1","PC","0","1","","","","","1"
"479-601AB34-JTEC","1","1","1","1","MA-165-601BA34","","","","1","1","1","PC","1","PC","0","1","","","","","1"
"5181-641AA18","1","1","1","1","MA-720-65217-DRUM","","","","1","1","1","PC","1","PC","0","1","","","","","1"
"3154-608AA16","1","1","1","1","MA-3154-608AA16","","","","1","1","1","PC","1","PC","0","1","","","","","1"
"1831-501DB28","1","1","1","1","MA-1831-501AA30","","","","1","1","1","PC","1","PC","0","1","","","","","1"
"1831-501BB28","1","1","1","1","MA-1831-501BA28","","","","1","1","1","PC","1","PC","0","1","","","","","1"
"3153-502FA28","1","1","1","1","MA-RH-0175KD-21AA","","","","1","1","1","PC","1","PC","0","1","","","","","1"
"5165-502AA32","1","1","1","1","MA-474-502AA34","","","","1","1","1","PC","1","PC","0","1","","","","","1"
"3139-652CA34","1","1","1","1","MA-720-65234-DRUM","","","","1","1","1","PC","1","PC","0","1","","","","","1"
"5181-601AA20","1","1","1","1","MA-1751-601AA20","","","","1","1","1","PC","1","PC","0","1","","","","","1"
"3154-608AA19","1","1","1","1","MA-3154-608AA19-DRUM","","","","1","1","1","PC","1","PC","0","1","","","","","1"
"5181-602AA20","1","1","1","1","MA-RH-0031A-07E","","","","1","1","1","PC","1","PC","0","1","","","","","1"
"5181-602GA20","1","1","1","1","MA-RH-0031A-05C","","","","1","1","1","PC","1","PC","0","1","","","","","1"
"5181-641AA20","1","1","1","1","MA-720-65219-DRUM","","","","1","1","1","PC","1","PC","0","1","","","","","1"
"582-502BA7.6","1","1","1","1","MA-582-502AA7.6","","","","1","1","1","PC","1","PC","0","1","","","","","1"
"1751-501CA20","1","1","1","1","MA-1751-501AA20","","","","1","1","1","PC","1","PC","0","1","","","","","1"
"5181-502AA20","1","1","1","1","MA-59-502B20","","","","1","1","1","PC","1","PC","0","1","","","","","1"
"5128-502EA30","1","1","1","1","MA-474-502AA30","","","","1","1","1","PC","1","PC","0","1","","","","","1"
"3147-502MA30","1","1","1","1","MA-582-502AA30","","","","1","1","1","PC","1","PC","0","1","","","","","1"
"3153-502FA30","1","1","1","1","MA-RH-0175KD-21AA","","","","1","1","1","PC","1","PC","0","1","","","","","1"
"100-619FB5","1","1","1","1","MA-100-619FB5","","","","1","1","1","PC","1","PC","0","1","","","","","1"
"1831-501BB36","1","1","1","1","MA-1831-501BA36","","","","1","1","1","PC","1","PC","0","1","","","","","1"
"1831-501DB36","1","1","1","1","MA-1831-501AA36","","","","1","1","1","PC","1","PC","0","1","","","","","1"
"TS-5441VA30","1","1","1","1","MA-RH-0031K-06SA","","","","1","1","1","PC","1","PC","0","1","","","","","1"
"TS-5441MA30","1","1","1","1","MA-RH-0031K-06SA","","","","1","1","1","PC","1","PC","0","1","","","","","1"
"TS-5441NA30","1","1","1","1","MA-RH-0031K-06TA","","","","1","1","1","PC","1","PC","0","1","","","","","1"
"TS-5441PA30","1","1","1","1","MA-RH-0031K-06TA","","","","1","1","1","PC","1","PC","0","1","","","","","1"
"3164-502AB36","1","1","1","1","MA-3164-502AA36","","","","1","1","1","PC","1","PC","0","1","","","","","1"
"5308-601AB38","1","1","1","1","MA-161-601BA38","","","","1","1","1","PC","1","PC","0","1","","","","","1"
"582-601EA41","1","1","1","1","MA-603-601-BLOCK","","","","1","1","1","PC","1","PC","0","1","","","","","1"
"3164-502ZA36","1","1","1","1","MA-3164-502AA36","","","","1","1","1","PC","1","PC","0","1","","","","","1"
"3164-502ZA34","1","1","1","1","MA-3164-502AA34","","","","1","1","1","PC","1","PC","0","1","","","","","1"
"1831-501BB38","1","1","1","1","MA-1831-501BA38","","","","1","1","1","PC","1","PC","0","1","","","","","1"
"1831-501CB32","1","1","1","1","MA-1831-501BA32","","","","1","1","1","PC","1","PC","0","1","","","","","1"
"1831-501DB38","1","1","1","1","MA-1831-501AA38","","","","1","1","1","PC","1","PC","0","1","","","","","1"
"3164-502ZA38","1","1","1","1","MA-3164-502AA38","","","","1","1","1","PC","1","PC","0","1","","","","","1"
"3164-502EB32","1","1","1","1","MA-3164-502AA32","","","","1","1","1","PC","1","PC","0","1","","","","","1"
"1831-501BA41","1","1","1","1","MA-1831-501BA41","","","","1","1","1","PC","1","PC","0","1","","","","","1"
"1831-406AA41","1","1","1","1","MA-1831-406AA41","","","","1","1","1","PC","1","PC","0","1","","","","","1"
"1831-501DA41","1","1","1","1","MA-1831-501AA42","","","","1","1","1","PC","1","PC","0","1","","","","","1"
"580-652AA41","1","1","1","1","MA-720-65241-DRUM","","","","1","1","1","PC","1","PC","0","1","","","","","1"
"582-502FA41","1","1","1","1","MA-582-502AA41","","","","1","1","1","PC","1","PC","0","1","","","","","1"
"582-502ZA41","1","1","1","1","MA-582-502AA41","","","","1","1","1","PC","1","PC","0","1","","","","","1"
"582-601FA41","1","1","1","1","MA-603-601-BLOCK","","","","1","1","1","PC","1","PC","0","1","","","","","1"
"1831-501EA26","1","1","1","1","MA-1831-501EA26","","","","1","1","1","PC","1","PC","0","1","","","","","1"
"600-652BA26","1","1","1","1","MA-720-65226-DRUM","","","","1","1","1","PC","1","PC","0","1","","","","","1"
"603-60841","1","1","1","1","MA-603-608AA41-DRUM","","","","1","1","1","PC","1","PC","0","1","","","","","1"
"600-502BA26","1","1","1","1","MA-600-502AA26","","","","1","1","1","PC","1","PC","0","1","","","","","1"
"603-601GA26","1","1","1","1","MA-603-601-BLOCK","","","","1","1","1","PC","1","PC","0","1","","","","","1"
"3164-608AA26-1","1","1","1","1","MA-603-608AA26-DRUM","","","","1","1","1","PC","1","PC","0","1","","","","","1"
"3164-608AA28-1","1","1","1","1","MA-603-608AA28-DRUM","","","","1","1","1","PC","1","PC","0","1","","","","","1"
"3164-608AA30-1","1","1","1","1","MA-603-608AA30-DRUM","","","","1","1","1","PC","1","PC","0","1","","","","","1"
"3164-608AA32-1","1","1","1","1","MA-603-608AA32-DRUM","","","","1","1","1","PC","1","PC","0","1","","","","","1"
"3164-608AA34-1","1","1","1","1","MA-603-608AA34-DRUM","","","","1","1","1","PC","1","PC","0","1","","","","","1"
"3164-608AA36-1","1","1","1","1","MA-603-608AA36-DRUM","","","","1","1","1","PC","1","PC","0","1","","","","","1"
"3164-608AA38-1","1","1","1","1","MA-603-608AA38-DRUM","","","","1","1","1","PC","1","PC","0","1","","","","","1"
"3164-608AA40-1","1","1","1","1","MA-603-608AA40-DRUM","","","","1","1","1","PC","1","PC","0","1","","","","","1"
"3164-608AA42-1","1","1","1","1","MA-603-608AA42-DRUM","","","","1","1","1","PC","1","PC","0","1","","","","","1"
"580-652AA40","1","1","1","1","MA-720-65240-DRUM","","","","1","1","1","PC","1","PC","0","1","","","","","1"
"582-502FA40","1","1","1","1","MA-582-502AA40","","","","1","1","1","PC","1","PC","0","1","","","","","1"
"582-601FA40","1","1","1","1","MA-603-601-BLOCK","","","","1","1","1","PC","1","PC","0","1","","","","","1"
"3558-502EB34","1","1","1","1","MA-954-50234","","","","1","1","1","PC","1","PC","0","1","","","","","1"
"3558-601EB34","1","1","1","1","MA-3557-601AA34","","","","1","1","1","PC","1","PC","0","1","","","","","1"
"TS-5450-501AA19","1","1","1","1","MA-5527-501AA19","","","","1","1","1","PC","1","PC","0","1","","","","","1"
"TS-5385-401AB30","1","1","1","1","MA-TS-5385-401AB30","","","","1","1","1","PC","1","PC","0","1","","","","","1"
"1831-501BB40","1","1","1","1","MA-1831-501BA40","","","","1","1","1","PC","1","PC","0","1","","","","","1"
"1831-501DB40","1","1","1","1","MA-1831-501AA40","","","","1","1","1","PC","1","PC","0","1","","","","","1"
"3164-502AB38","1","1","1","1","MA-3164-502AA38","","","","1","1","1","PC","1","PC","0","1","","","","","1"
"3164-502AB40","1","1","1","1","MA-3164-502AA40","","","","1","1","1","PC","1","PC","0","1","","","","","1"
"5546-502AA19","1","1","1","1","MA-5521-502AB19","","","","1","1","1","PC","1","PC","0","1","","","","","1"
"TS-5448DA30","1","1","1","1","MA-171-501BB30","","","","1","1","1","PC","1","PC","0","1","","","","","1"
"TS-5450BA19","1","1","1","1","MA-TS-5450BA19","","","","1","1","1","PC","1","PC","0","1","","","","","1"
"TS-5450CA19","1","1","1","1","MA-TS-5450BA19","","","","1","1","1","PC","1","PC","0","1","","","","","1"
"TS-5450DA19","1","1","1","1","MA-TS-5450BA19","","","","1","1","1","PC","1","PC","0","1","","","","","1"
"TS-5450EA19","1","1","1","1","MA-TS-5450BA19","","","","1","1","1","PC","1","PC","0","1","","","","","1"
"600-502AD38","1","1","1","1","MA-600-502AA38","","","","1","1","1","PC","1","PC","0","1","","","","","1"
"600-502EA38","1","1","1","1","MA-600-502AA38","","","","1","1","1","PC","1","PC","0","1","","","","","1"
"4108-601FA26","1","1","1","1","MA-748-601AA26","","","","1","1","1","PC","1","PC","0","1","","","","","1"
"631-502RA26","1","1","1","1","MA-631-50226","","","","1","1","1","PC","1","PC","0","1","","","","","1"
"SPL-2832-406AA30","1","1","1","1","MA-161-406QE30","","","","1","1","1","PC","1","PC","0","1","","","","","1"
"SPL-2841-401AA24","1","1","1","1","MA-1751-401BB24","","","","1","1","1","PC","1","PC","0","1","","","","","1"
"5546-502AA38","1","1","1","1","MA-5546-502AA38","","","","1","1","1","PC","1","PC","0","1","","","","","1"
"5546-502EA38","1","1","1","1","MA-5546-502AA38","","","","1","1","1","PC","1","PC","0","1","","","","","1"
"1731-406DA17","1","1","1","1","MA-1731-406DA17","","","","1","1","1","PC","1","PC","0","1","","","","","1"
"3153-502JC30","1","1","1","1","MA-600-502AA30","","","","1","1","1","PC","1","PC","0","1","","","","","1"
"3153-502EC30","1","1","1","1","MA-600-502AA30","","","","1","1","1","PC","1","PC","0","1","","","","","1"
"3153-502KB34","1","1","1","1","MA-3153-502AC34","","","","1","1","1","PC","1","PC","0","1","","","","","1"
"3153-502EC34","1","1","1","1","MA-3153-502AC34","","","","1","1","1","PC","1","PC","0","1","","","","","1"
"3153-502JC34","1","1","1","1","MA-3153-502AC34","","","","1","1","1","PC","1","PC","0","1","","","","","1"
"3153-502FB30","1","1","1","1","MA-600-502AA30","","","","1","1","1","PC","1","PC","0","1","","","","","1"
"3153-502KB30","1","1","1","1","MA-600-502AA30","","","","1","1","1","PC","1","PC","0","1","","","","","1"
"3922-502FA30","1","1","1","1","MA-600-502AA30","","","","1","1","1","PC","1","PC","0","1","","","","","1"
"161-406UA38","1","1","1","1","MA-161-406UA38","","","","1","1","1","PC","1","PC","0","1","","","","","1"
"5546-501AA38","1","1","1","1","MA-5500-501GA38","","","","1","1","1","PC","1","PC","0","1","","","","","1"
"3139-608AC36","1","1","1","1","MA-973-608AA36-DRUM","","","","1","1","1","PC","1","PC","0","1","","","","","1"
"4117-601FA36","1","1","1","1","MA-748-601AA36","","","","1","1","1","PC","1","PC","0","1","","","","","1"
"4117-652AA36","1","1","1","1","MA-720-65236-DRUM","","","","1","1","1","PC","1","PC","0","1","","","","","1"
"790-502BA26","1","1","1","1","MA-790-502AA26","","","","1","1","1","PC","1","PC","0","1","","","","","1"
"560-601BA26","1","1","1","1","MA-560-601AA26","","","","1","1","1","PC","1","PC","0","1","","","","","1"
"888-651AA30","1","1","1","1","MA-625-65130-DRUM","","","","1","1","1","PC","1","PC","0","1","","","","","1"
"888-502AB30","1","1","1","1","MA-888-502AA30","","","","1","1","1","PC","1","PC","0","1","","","","","1"
"4109-502FA30","1","1","1","1","MA-4109-502AA30","","","","1","1","1","PC","1","PC","0","1","","","","","1"
"TS-5385-418AA30","1","1","1","1","MA-TS-5385-418AA30-DRUM","","","","1","1","1","PC","1","PC","0","1","","","","","1"
"1631-103CA30","1","1","1","1","MA-1831-103AB30","","","","1","1","1","PC","1","PC","0","1","","","","","1"
"3166-652AA15","1","1","1","1","MA-720-65215-DRUM","","","","1","1","1","PC","1","PC","0","1","","","","","1"
"1731-406DA15-1","1","1","1","1","MA-1731-406DA15","","","","1","1","1","PC","1","PC","0","1","","","","","1"
"1831-501DC38","1","1","1","1","MA-1831-501AA38","","","","1","1","1","PC","1","PC","0","1","","","","","1"
"201-602CA14","1","1","1","1","MA-RH-0031A-20AA","","","","1","1","1","PC","1","PC","0","1","","","","","1"
"201-602DA14","1","1","1","1","MA-RH-0031A-20AA","","","","1","1","1","PC","1","PC","0","1","","","","","1"
"201-602EA14","1","1","1","1","MA-RH-0031A-20AA","","","","1","1","1","PC","1","PC","0","1","","","","","1"
"201-602FA14","1","1","1","1","MA-RH-0031A-20AA","","","","1","1","1","PC","1","PC","0","1","","","","","1"
"201-602GA14","1","1","1","1","MA-RH-0031A-20AA","","","","1","1","1","PC","1","PC","0","1","","","","","1"
"201-602HA14","1","1","1","1","MA-RH-0031A-20AA","","","","1","1","1","PC","1","PC","0","1","","","","","1"
"3166-501BA15","1","1","1","1","MA-19B-501ZGA15","","","","1","1","1","PC","1","PC","0","1","","","","","1"
"3166-601EA15","1","1","1","1","MA-3154-601AA15","","","","1","1","1","PC","1","PC","0","1","","","","","1"
"1831-501AC38","1","1","1","1","MA-1831-501AA38","","","","1","1","1","PC","1","PC","0","1","","","","","1"
"1831-501AC40","1","1","1","1","MA-1831-501AA40","","","","1","1","1","PC","1","PC","0","1","","","","","1"
"1831-501AC42","1","1","1","1","MA-1831-501AA42","","","","1","1","1","PC","1","PC","0","1","","","","","1"
"1831-501DC40","1","1","1","1","MA-1831-501AA40","","","","1","1","1","PC","1","PC","0","1","","","","","1"
"1831-501DC42","1","1","1","1","MA-1831-501AA42","","","","1","1","1","PC","1","PC","0","1","","","","","1"
"3157-502FA30","1","1","1","1","MA-4109-502AA30","","","","1","1","1","PC","1","PC","0","1","","","","","1"
"3239-502AB34","1","1","1","1","MA-600-502AA34","","","","1","1","1","PC","1","PC","0","1","","","","","1"
"631-502NA26","1","1","1","1","MA-631-50226","","","","1","1","1","PC","1","PC","0","1","","","","","1"
"3153-502KB32","1","1","1","1","MA-600-502AA32","","","","1","1","1","PC","1","PC","0","1","","","","","1"
"3157-601FA30","1","1","1","1","MA-603-601-BLOCK","","","","1","1","1","PC","1","PC","0","1","","","","","1"
"3166-652AA23","1","1","1","1","MA-720-65223-DRUM","","","","1","1","1","PC","1","PC","0","1","","","","","1"
"600-502KA38","1","1","1","1","MA-600-502AA38","","","","1","1","1","PC","1","PC","0","1","","","","","1"
"600-652BA38","1","1","1","1","MA-720-65238-DRUM","","","","1","1","1","PC","1","PC","0","1","","","","","1"
"603-601GA38","1","1","1","1","MA-603-601-BLOCK","","","","1","1","1","PC","1","PC","0","1","","","","","1"
"1731-406BA22","1","1","1","1","MA-1731-406BA22","","","","1","1","1","PC","1","PC","0","1","","","","","1"
"6108-502FA38","1","1","1","1","MA-5517-502AA38","","","","1","1","1","PC","1","PC","0","1","","","","","1"
"3166-501BA19","1","1","1","1","MA-19B-501ZGA19","","","","1","1","1","PC","1","PC","0","1","","","","","1"
"3166-601EA19","1","1","1","1","MA-3154-601AA19","","","","1","1","1","PC","1","PC","0","1","","","","","1"
"3164-502EB34","1","1","1","1","MA-3164-502AA34","","","","1","1","1","PC","1","PC","0","1","","","","","1"
"1631-103CA38","1","1","1","1","MA-1831-103AB36","","","","1","1","1","PC","1","PC","0","1","","","","","1"
"5611-502AA34","1","1","1","1","MA-5517-502AA34","","","","1","1","1","PC","1","PC","0","1","","","","","1"
"3557-502AA30","1","1","1","1","MA-4109-502AA30","","","","1","1","1","PC","1","PC","0","1","","","","","1"
"161-402CA30-JTEC","1","1","1","1","MA-161-402CA30-1","","","","1","1","1","PC","1","PC","0","1","","","","","1"
"161-406JB33-JTEC","1","1","1","1","MA-161-406JA33","","","","1","1","1","PC","1","PC","0","1","","","","","1"
"1731-406DA16-1","1","1","1","1","MA-1731-406DA16","","","","1","1","1","PC","1","PC","0","1","","","","","1"
"1731-406DA17-1","1","1","1","1","MA-1731-406DA17","","","","1","1","1","PC","1","PC","0","1","","","","","1"
"1731-406DA18-1","1","1","1","1","MA-1731-406DA18","","","","1","1","1","PC","1","PC","0","1","","","","","1"
"5142-601AA33-JTEC","1","1","1","1","MA-165-601GA35","","","","1","1","1","PC","1","PC","0","1","","","","","1"
"5172-601AA33-JTEC","1","1","1","1","MA-165-601GA35","","","","1","1","1","PC","1","PC","0","1","","","","","1"
"12Q-411BA36-JTEC","1","1","1","1","MA-12Q-411BA36","","","","1","1","1","PC","1","PC","0","1","","","","","1"
"12Q-411BA40-JTEC","1","1","1","1","MA-12Q-411BA40","","","","1","1","1","PC","1","PC","0","1","","","","","1"
"12Q-411BAB42-JTEC","1","1","1","1","MA-12Q-411BAB42","","","","1","1","1","PC","1","PC","0","1","","","","","1"
"12Q-411FB38-JTEC","1","1","1","1","MA-12Q-411FA38","","","","1","1","1","PC","1","PC","0","1","","","","","1"
"12Q-411GA31-JTEC","1","1","1","1","MA-12Q-411GA31","","","","1","1","1","PC","1","PC","0","1","","","","","1"
"12Q-411MB31-JTEC","1","1","1","1","MA-12Q-411MA31","","","","1","1","1","PC","1","PC","0","1","","","","","1"
"12Q-411NB31-JTEC","1","1","1","1","MA-12Q-411NA31","","","","1","1","1","PC","1","PC","0","1","","","","","1"
"161-402CA38-JTEC","1","1","1","1","MA-161-402CA38","","","","1","1","1","PC","1","PC","0","1","","","","","1"
"161-402CA38-L1-JTEC","1","1","1","1","MA-161-402CA38","","","","1","1","1","PC","1","PC","0","1","","","","","1"
"3139-652CA36","1","1","1","1","MA-720-65236-DRUM","","","","1","1","1","PC","1","PC","0","1","","","","","1"
"3922-601FA34","1","1","1","1","MA-748-601AA34","","","","1","1","1","PC","1","PC","0","1","","","","","1"
"3922-652AA34","1","1","1","1","MA-3922-652AA34-DRUM","","","","1","1","1","PC","1","PC","0","1","","","","","1"
"3922-502KA34","1","1","1","1","MA-600-502AA34","","","","1","1","1","PC","1","PC","0","1","","","","","1"
"3139-601FA36","1","1","1","1","MA-RV-0173","","","","1","1","1","PC","1","PC","0","1","","","","","1"
"5165-502EA38","1","1","1","1","MA-474-502AA34","","","","1","1","1","PC","1","PC","0","1","","","","","1"
"3166-652AA22","1","1","1","1","MA-720-65222-DRUM","","","","1","1","1","PC","1","PC","0","1","","","","","1"
"5154-601AA32","1","1","1","1","MA-165-601BA34","","","","1","1","1","PC","1","PC","0","1","","","","","1"
"161-404AEC","1","1","1","1","MA-161-404AEC","","","","1","1","1","PC","1","PC","0","1","","","","","1"
"479-502EB30","1","1","1","1","MA-474-502AA30","","","","1","1","1","PC","1","PC","0","1","","","","","1"
"3557-601EA30","1","1","1","1","MA-3557-601AA30","","","","1","1","1","PC","1","PC","0","1","","","","","1"
"3557-652AA30","1","1","1","1","MA-720-65230-DRUM","","","","1","1","1","PC","1","PC","0","1","","","","","1"
"3557-502EA30","1","1","1","1","MA-4109-502AA30","","","","1","1","1","PC","1","PC","0","1","","","","","1"
"12Q-411FB38-1","1","1","1","1","MA-12Q-411FA38","","","","1","1","1","PC","1","PC","0","1","","","","","1"
"5165-601AA30-1","1","1","1","1","MA-165-601AB33","","","","1","1","1","PC","1","PC","0","1","","","","","1"
"5154-601AA30-1","1","1","1","1","MA-165-601AB33","","","","1","1","1","PC","1","PC","0","1","","","","","1"
"3153-601FA36","1","1","1","1","MA-603-601-BLOCK","","","","1","1","1","PC","1","PC","0","1","","","","","1"
"115-103CB38","1","1","1","1","MA-115-103BA38","","","","1","1","1","PC","1","PC","0","1","","","","","1"
"479-502EB33","1","1","1","1","MA-474-502AA33","","","","1","1","1","PC","1","PC","0","1","","","","","1"
"478-502EC33","1","1","1","1","MA-474-502AA33","","","","1","1","1","PC","1","PC","0","1","","","","","1"
"3139-601FA38","1","1","1","1","MA-RV-0173","","","","1","1","1","PC","1","PC","0","1","","","","","1"
"6111-502AA30","1","1","1","1","MA-5517-502AA30","","","","1","1","1","PC","1","PC","0","1","","","","","1"
"6111-602AA30","1","1","1","1","MA-RH-0031K-06G","","","","1","1","1","PC","1","PC","0","1","","","","","1"
"6111-602BA30","1","1","1","1","MA-RH-0031A-05H","","","","1","1","1","PC","1","PC","0","1","","","","","1"
"6111-602CA30","1","1","1","1","MA-RH-0031A-05H","","","","1","1","1","PC","1","PC","0","1","","","","","1"
"6111-602DA30","1","1","1","1","MA-RH-0031A-05H","","","","1","1","1","PC","1","PC","0","1","","","","","1"
"6111-502ZA30","1","1","1","1","MA-5517-502AA30","","","","1","1","1","PC","1","PC","0","1","","","","","1"
"SPL-2843-13801KA","1","1","1","1","MA-K-13801KA","","","","1","1","1","PC","1","PC","0","1","","","","","1"
"5181-502AA16","1","1","1","1","MA-59-502B16","","","","1","1","1","PC","1","PC","0","1","","","","","1"
"5181-601AA16","1","1","1","1","MA-1751-601AA16","","","","1","1","1","PC","1","PC","0","1","","","","","1"
"5181-641AA16","1","1","1","1","MA-720-65215-DRUM","","","","1","1","1","PC","1","PC","0","1","","","","","1"
"5181-602AA16","1","1","1","1","MA-RH-0031A-06E","","","","1","1","1","PC","1","PC","0","1","","","","","1"
"5181-602BA16","1","1","1","1","MA-RH-0031A-05C","","","","1","1","1","PC","1","PC","0","1","","","","","1"
"5181-602GA16","1","1","1","1","MA-RH-0031A-05C","","","","1","1","1","PC","1","PC","0","1","","","","","1"
"B336-602CA30","1","1","1","1","MA-RH-0031A-05C","","","","1","1","1","PC","1","PC","0","1","","","","","1"
"B336-602CA33","1","1","1","1","MA-RH-0031A-05C","","","","1","1","1","PC","1","PC","0","1","","","","","1"
"B336-602CA34","1","1","1","1","MA-RH-0031A-05C","","","","1","1","1","PC","1","PC","0","1","","","","","1"
"B336-602CA36","1","1","1","1","MA-RH-0031A-05C","","","","1","1","1","PC","1","PC","0","1","","","","","1"
"B336-602CA38","1","1","1","1","MA-RH-0031A-05C","","","","1","1","1","PC","1","PC","0","1","","","","","1"
"5181-601AA15","1","1","1","1","MA-1751-601AA15","","","","1","1","1","PC","1","PC","0","1","","","","","1"
"1751-401CA24","1","1","1","1","MA-1751-401CA24","","","","1","1","1","PC","1","PC","0","1","","","","","1"
"1731-406DA13","1","1","1","1","MA-1731-406DA13","","","","1","1","1","PC","1","PC","0","1","","","","","1"
"1731-406DA14","1","1","1","1","MA-1731-406DA14","","","","1","1","1","PC","1","PC","0","1","","","","","1"
"5181-501AA15","1","1","1","1","MA-1751-501AA15","","","","1","1","1","PC","1","PC","0","1","","","","","1"
"5181-502AA15","1","1","1","1","MA-59-502B15","","","","1","1","1","PC","1","PC","0","1","","","","","1"
"5181-641AA15","1","1","1","1","MA-720-65214-DRUM","","","","1","1","1","PC","1","PC","0","1","","","","","1"
"1155-403AB48","1","1","1","1","MA-1155-403AA48","","","","1","1","1","PC","1","PC","0","1","","","","","1"
"3239-502AB30","1","1","1","1","MA-4109-502AA30","","","","1","1","1","PC","1","PC","0","1","","","","","1"
"5181-602GA15","1","1","1","1","MA-RH-0031A-05C","","","","1","1","1","PC","1","PC","0","1","","","","","1"
"5181-602AA15","1","1","1","1","MA-RH-0031A-06E","","","","1","1","1","PC","1","PC","0","1","","","","","1"
"1831-501CB34","1","1","1","1","MA-1831-501BA34","","","","1","1","1","PC","1","PC","0","1","","","","","1"
"3139-652CA32","1","1","1","1","MA-720-65232-DRUM","","","","1","1","1","PC","1","PC","0","1","","","","","1"
"5165-502EA36","1","1","1","1","MA-474-502AA36","","","","1","1","1","PC","1","PC","0","1","","","","","1"
"3145-502BB34","1","1","1","1","MA-3153-502AC34","","","","1","1","1","PC","1","PC","0","1","","","","","1"
"3139-601FA32","1","1","1","1","MA-RV-0173","","","","1","1","1","PC","1","PC","0","1","","","","","1"
"5546-502BB38","1","1","1","1","MA-RH-0207D-01AA","","","","1","1","1","PC","1","PC","0","1","","","","","1"
"600-652BA34","1","1","1","1","MA-720-65234-DRUM","","","","1","1","1","PC","1","PC","0","1","","","","","1"
"TS-5486KA16","1","1","1","1","MA-RH-0207D-01AA","","","","1","1","1","PC","1","PC","0","1","","","","","1"
"TS-5486LA16","1","1","1","1","MA-RH-0207D-01AA","","","","1","1","1","PC","1","PC","0","1","","","","","1"
"TS-5486MA16","1","1","1","1","MA-RH-0207D-01AA","","","","1","1","1","PC","1","PC","0","1","","","","","1"
"TS-5486NA16","1","1","1","1","MA-RH-0207D-01AA","","","","1","1","1","PC","1","PC","0","1","","","","","1"
"3559-601AA34","1","1","1","1","MA-3557-601AA34","","","","1","1","1","PC","1","PC","0","1","","","","","1"
"5546-502CB38","1","1","1","1","MA-RH-0207D-01AA","","","","1","1","1","PC","1","PC","0","1","","","","","1"
"5546-502CC38","1","1","1","1","MA-RH-0207D-01AA","","","","1","1","1","PC","1","PC","0","1","","","","","1"
"5546-502EB38","1","1","1","1","MA-5546-502AA38","","","","1","1","1","PC","1","PC","0","1","","","","","1"
"603-601GA34","1","1","1","1","MA-603-601-BLOCK","","","","1","1","1","PC","1","PC","0","1","","","","","1"
"3558-502AA34","1","1","1","1","MA-954-50234","","","","1","1","1","PC","1","PC","0","1","","","","","1"
"3558-601AA34","1","1","1","1","MA-3557-601AA34","","","","1","1","1","PC","1","PC","0","1","","","","","1"
"3147-502MA34","1","1","1","1","MA-582-502AA34","","","","1","1","1","PC","1","PC","0","1","","","","","1"
"631-60126","1","1","1","1","MA-631-60126","","","","1","1","1","PC","1","PC","0","1","","","","","1"
"TS-5486AA16","1","1","1","1","MA-954-50216","","","","1","1","1","PC","1","PC","0","1","","","","","1"
"5546-502AB38","1","1","1","1","MA-5546-502AA38","","","","1","1","1","PC","1","PC","0","1","","","","","1"
"5546-502GA38","1","1","1","1","MA-RH-0207D-01AA","","","","1","1","1","PC","1","PC","0","1","","","","","1"
"3652-501BC30","1","1","1","1","MA-3636-501BC30","","","","1","1","1","PC","1","PC","0","1","","","","","1"
"3652-502EA30","1","1","1","1","MA-954-50230","","","","1","1","1","PC","1","PC","0","1","","","","","1"
"479-502AB34","1","1","1","1","MA-474-502AA34","","","","1","1","1","PC","1","PC","0","1","","","","","1"
"5546-502BC38","1","1","1","1","MA-RH-0207D-01AA","","","","1","1","1","PC","1","PC","0","1","","","","","1"
"5546-502DC38","1","1","1","1","MA-RH-0207D-01AA","","","","1","1","1","PC","1","PC","0","1","","","","","1"
"5546-502FA38","1","1","1","1","MA-RH-0207D-01AA","","","","1","1","1","PC","1","PC","0","1","","","","","1"
"12Q-411FB36","1","1","1","1","MA-12Q-411FA36","","","","1","1","1","PC","1","PC","0","1","","","","","1"
"TS-5469FA38","1","1","1","1","MA-5546-502AA38","","","","1","1","1","PC","1","PC","0","1","","","","","1"
"5517-501BA36","1","1","1","1","MA-5500-501EB36","","","","1","1","1","PC","1","PC","0","1","","","","","1"
"5517-501CA36","1","1","1","1","MA-5529-501CA36","","","","1","1","1","PC","1","PC","0","1","","","","","1"
"5517-641AA36","1","1","1","1","MA-485-641BA36-DRUM","","","","1","1","1","PC","1","PC","0","1","","","","","1"
"6104-502AA36","1","1","1","1","MA-5517-502AA36","","","","1","1","1","PC","1","PC","0","1","","","","","1"
"6104-601AA36","1","1","1","1","MA-6104-601AA36","","","","1","1","1","PC","1","PC","0","1","","","","","1"
"3922-502JA32","1","1","1","1","MA-600-502AA32","","","","1","1","1","PC","1","PC","0","1","","","","","1"
"3922-601EA32","1","1","1","1","MA-631-60132-DRUM","","","","1","1","1","PC","1","PC","0","1","","","","","1"
"6104-602AA36","1","1","1","1","MA-RH-0031K-06G","","","","1","1","1","PC","1","PC","0","1","","","","","1"
"6104-602CA36","1","1","1","1","MA-RH-0031K-06G","","","","1","1","1","PC","1","PC","0","1","","","","","1"
"6104-602DA36","1","1","1","1","MA-RH-0031K-06G","","","","1","1","1","PC","1","PC","0","1","","","","","1"
"6104-602EA36","1","1","1","1","MA-RH-0031K-06G","","","","1","1","1","PC","1","PC","0","1","","","","","1"
"6104-606AA36","1","1","1","1","MA-RH-0031A-05C","","","","1","1","1","PC","1","PC","0","1","","","","","1"
"600-502BA30","1","1","1","1","MA-600-502AA30","","","","1","1","1","PC","1","PC","0","1","","","","","1"
"TS-5504AA19","1","1","1","1","MA-5521-502AB19","","","","1","1","1","PC","1","PC","0","1","","","","","1"
"5530-502EA34","1","1","1","1","MA-5517-502AA34","","","","1","1","1","PC","1","PC","0","1","","","","","1"
"3538-502ZA34","1","1","1","1","MA-954-50234","","","","1","1","1","PC","1","PC","0","1","","","","","1"
"5545-502GC30","1","1","1","1","MA-RH-0207D-01AA","","","","1","1","1","PC","1","PC","0","1","","","","","1"
"5545-502BC30","1","1","1","1","MA-RH-0207D-01AA","","","","1","1","1","PC","1","PC","0","1","","","","","1"
"5545-502CC30","1","1","1","1","MA-RH-0207D-01AA","","","","1","1","1","PC","1","PC","0","1","","","","","1"
"5545-502DC30","1","1","1","1","MA-RH-0207D-01AA","","","","1","1","1","PC","1","PC","0","1","","","","","1"
"5545-502JC30","1","1","1","1","MA-RH-0207D-01AA","","","","1","1","1","PC","1","PC","0","1","","","","","1"
"5545-502LB30","1","1","1","1","MA-RH-0207D-01AA","","","","1","1","1","PC","1","PC","0","1","","","","","1"
"3154-608AB18","1","1","1","1","MA-603-608AA18-DRUM","","","","1","1","1","PC","1","PC","0","1","","","","","1"
"3154-652AB18","1","1","1","1","MA-720-65218-DRUM","","","","1","1","1","PC","1","PC","0","1","","","","","1"
"SPL-2843-406AA38","1","1","1","1","MA-2843-406AA38","","","","1","1","1","PC","1","PC","0","1","","","","","1"
"SPL-2843-411BB38","1","1","1","1","MA-SPL-2843-411BB38","","","","1","1","1","PC","1","PC","0","1","","","","","1"
"3154-601EA20","1","1","1","1","MA-3154-601AA20","","","","1","1","1","PC","1","PC","0","1","","","","","1"
"3154-608AA20","1","1","1","1","MA-3154-608AA20-DRUM","","","","1","1","1","PC","1","PC","0","1","","","","","1"
"479-502AB36","1","1","1","1","MA-474-502AA36","","","","1","1","1","PC","1","PC","0","1","","","","","1"
"161-403CB30","1","1","1","1","MA-161-403CA30","","","","1","1","1","PC","1","PC","0","1","","","","","1"
"161-403CB38","1","1","1","1","MA-161-403CA38","","","","1","1","1","PC","1","PC","0","1","","","","","1"
"C479-602AA36","1","1","1","1","MA-RH-0031A-05C","","","","1","1","1","PC","1","PC","0","1","","","","","1"
"C479-602BA36","1","1","1","1","MA-RH-0031A-05C","","","","1","1","1","PC","1","PC","0","1","","","","","1"
"6104-502EA30","1","1","1","1","MA-5517-502AA30","","","","1","1","1","PC","1","PC","0","1","","","","","1"
"6104-602FA30","1","1","1","1","MA-RH-0031K-06G","","","","1","1","1","PC","1","PC","0","1","","","","","1"
"19B-406ZA17","1","1","1","1","MA-19B-406ZA17","","","","1","1","1","PC","1","PC","0","1","","","","","1"
"3164-608AA28","1","1","1","1","MA-603-608AA28-DRUM","","","","1","1","1","PC","1","PC","0","1","","","","","1"
"479-602BB30","1","1","1","1","MA-RH-0031A-05C","","","","1","1","1","PC","1","PC","0","1","","","","","1"
"479-602BD30","1","1","1","1","MA-RH-0031A-05C","","","","1","1","1","PC","1","PC","0","1","","","","","1"
"C479-602BD30","1","1","1","1","MA-RH-0031A-05C","","","","1","1","1","PC","1","PC","0","1","","","","","1"
"3164-502AB28","1","1","1","1","MA-3164-502AA28","","","","1","1","1","PC","1","PC","0","1","","","","","1"
"3164-601EA28","1","1","1","1","MA-603-601-BLOCK","","","","1","1","1","PC","1","PC","0","1","","","","","1"
"479-602BD33","1","1","1","1","MA-RH-0031A-05C","","","","1","1","1","PC","1","PC","0","1","","","","","1"
"479-602BD34","1","1","1","1","MA-RH-0031A-05C","","","","1","1","1","PC","1","PC","0","1","","","","","1"
"479-602BD36","1","1","1","1","MA-RH-0031A-05C","","","","1","1","1","PC","1","PC","0","1","","","","","1"
"479-602BD38","1","1","1","1","MA-RH-0031A-05C","","","","1","1","1","PC","1","PC","0","1","","","","","1"
"479-602BD40","1","1","1","1","MA-RH-0031A-05C","","","","1","1","1","PC","1","PC","0","1","","","","","1"
"C479-602BD33","1","1","1","1","MA-RH-0031A-05C","","","","1","1","1","PC","1","PC","0","1","","","","","1"
"C479-602BD34","1","1","1","1","MA-RH-0031A-05C","","","","1","1","1","PC","1","PC","0","1","","","","","1"
"C479-602BD36","1","1","1","1","MA-RH-0031A-05C","","","","1","1","1","PC","1","PC","0","1","","","","","1"
"C479-602BD38","1","1","1","1","MA-RH-0031A-05C","","","","1","1","1","PC","1","PC","0","1","","","","","1"
"3164-502EA38","1","1","1","1","MA-3164-502AA38","","","","1","1","1","PC","1","PC","0","1","","","","","1"
"474-602LA30","1","1","1","1","MA-RH-0031A-05D","","","","1","1","1","PC","1","PC","0","1","","","","","1"
"1151-406CB44","1","1","1","1","MA-1151-406CA44","","","","1","1","1","PC","1","PC","0","1","","","","","1"
"1151-406CB48","1","1","1","1","MA-1151-406CA48","","","","1","1","1","PC","1","PC","0","1","","","","","1"
"1151-406DB48","1","1","1","1","MA-1151-406DA48","","","","1","1","1","PC","1","PC","0","1","","","","","1"
"3145-502BB30","1","1","1","1","MA-600-502AA30","","","","1","1","1","PC","1","PC","0","1","","","","","1"
"161-403DB38","1","1","1","1","MA-161-403DA38","","","","1","1","1","PC","1","PC","0","1","","","","","1"
"161-403GB38","1","1","1","1","MA-161-403GA38","","","","1","1","1","PC","1","PC","0","1","","","","","1"
"161-403HB38","1","1","1","1","MA-161-403DA38","","","","1","1","1","PC","1","PC","0","1","","","","","1"
"1551-401CC30","1","1","1","1","MA-1551-401CA30","","","","1","1","1","PC","1","PC","0","1","","","","","1"
"1551-401AC30","1","1","1","1","MA-1551-401AB30","","","","1","1","1","PC","1","PC","0","1","","","","","1"
"3650-601AB26","1","1","1","1","MA-931-601AA26","","","","1","1","1","PC","1","PC","0","1","","","","","1"
"3650-601AB30","1","1","1","1","MA-954-60130-DRUM","","","","1","1","1","PC","1","PC","0","1","","","","","1"
"3650-601AB34","1","1","1","1","MA-814-60830-DRUM","","","","1","1","1","PC","1","PC","0","1","","","","","1"
"3652-601AB30","1","1","1","1","MA-954-60130-DRUM","","","","1","1","1","PC","1","PC","0","1","","","","","1"
"3652-601AB32","1","1","1","1","MA-931-601AA32","","","","1","1","1","PC","1","PC","0","1","","","","","1"
"3652-601AB34","1","1","1","1","MA-814-60830-DRUM","","","","1","1","1","PC","1","PC","0","1","","","","","1"
"3656-601AB30","1","1","1","1","MA-954-60130-DRUM","","","","1","1","1","PC","1","PC","0","1","","","","","1"
"3660-601AB30","1","1","1","1","MA-954-60130-DRUM","","","","1","1","1","PC","1","PC","0","1","","","","","1"
"1551-401CC38","1","1","1","1","MA-1551-401AA38","","","","1","1","1","PC","1","PC","0","1","","","","","1"
"5546-501AB38","1","1","1","1","MA-5500-501GA38","","","","1","1","1","PC","1","PC","0","1","","","","","1"
"1551-401AC38","1","1","1","1","MA-1551-401AA38","","","","1","1","1","PC","1","PC","0","1","","","","","1"
"E474-502EB30","1","1","1","1","MA-485-502AA30","","","","1","1","1","PC","1","PC","0","1","","","","","1"
"5547-502BB38","1","1","1","1","MA-RH-0207D-01AA","","","","1","1","1","PC","1","PC","0","1","","","","","1"
"5547-502GB38","1","1","1","1","MA-RH-0207D-01AA","","","","1","1","1","PC","1","PC","0","1","","","","","1"
"5546-502BD38","1","1","1","1","MA-RH-0207D-01AA","","","","1","1","1","PC","1","PC","0","1","","","","","1"
"5546-502DD38","1","1","1","1","MA-RH-0207D-01AA","","","","1","1","1","PC","1","PC","0","1","","","","","1"
"5546-502FB38","1","1","1","1","MA-RH-0207D-01AA","","","","1","1","1","PC","1","PC","0","1","","","","","1"
"5546-502GB38","1","1","1","1","MA-RH-0207D-01AA","","","","1","1","1","PC","1","PC","0","1","","","","","1"
"5546-502AC38","1","1","1","1","MA-5546-502AA38","","","","1","1","1","PC","1","PC","0","1","","","","","1"
"5546-502CD38","1","1","1","1","MA-RH-0207D-01AA","","","","1","1","1","PC","1","PC","0","1","","","","","1"
"3922-502FA32","1","1","1","1","MA-600-502AA32","","","","1","1","1","PC","1","PC","0","1","","","","","1"
"5546-502EC38","1","1","1","1","MA-5546-502AA38","","","","1","1","1","PC","1","PC","0","1","","","","","1"
"5547-502AB38","1","1","1","1","MA-5547-502AA38","","","","1","1","1","PC","1","PC","0","1","","","","","1"
"1044-431BE30","1","1","1","1","MA-1044-431BD30","","","","1","1","1","PC","1","PC","0","1","","","","","1"
"1044-431CB30","1","1","1","1","MA-1044-431BD30","","","","1","1","1","PC","1","PC","0","1","","","","","1"
"1532-431BB26","1","1","1","1","MA-1532-431BA26","","","","1","1","1","PC","1","PC","0","1","","","","","1"
"1532-431BB30","1","1","1","1","MA-1532-431BA30","","","","1","1","1","PC","1","PC","0","1","","","","","1"
"1636-431AB30","1","1","1","1","MA-1044-431BD30","","","","1","1","1","PC","1","PC","0","1","","","","","1"
"12Q-411GA32","1","1","1","1","MA-12Q-411GA32","","","","1","1","1","PC","1","PC","0","1","","","","","1"
"5172-502AB33","1","1","1","1","MA-5172-502AA33","","","","1","1","1","PC","1","PC","0","1","","","","","1"
"5172-502AC30","1","1","1","1","MA-5172-502AA30","","","","1","1","1","PC","1","PC","0","1","","","","","1"
"5547-502DB38","1","1","1","1","MA-RH-0207D-01AA","","","","1","1","1","PC","1","PC","0","1","","","","","1"
"5547-502FB38","1","1","1","1","MA-RH-0207D-01AA","","","","1","1","1","PC","1","PC","0","1","","","","","1"
"SPL-2843-418AA38","1","1","1","1","MA-SPL-2843-418AA38-DRUM","","","","1","1","1","PC","1","PC","0","1","","","","","1"
"3644-601AB30","1","1","1","1","MA-954-60130-DRUM","","","","1","1","1","PC","1","PC","0","1","","","","","1"
"3649-601AB30","1","1","1","1","MA-954-60130-DRUM","","","","1","1","1","PC","1","PC","0","1","","","","","1"
"960-601BB26","1","1","1","1","MA-931-601AA26","","","","1","1","1","PC","1","PC","0","1","","","","","1"
"960-601BB30","1","1","1","1","MA-954-60130-DRUM","","","","1","1","1","PC","1","PC","0","1","","","","","1"
"960-601BB32","1","1","1","1","MA-931-601AA32","","","","1","1","1","PC","1","PC","0","1","","","","","1"
"960-601BB34","1","1","1","1","MA-814-60830-DRUM","","","","1","1","1","PC","1","PC","0","1","","","","","1"
"SPL-2865AA30","1","1","1","1","MA-73-50230","","","","1","1","1","PC","1","PC","0","1","","","","","1"
"SPL-2890-102AA","1","1","1","1","MA-SPL-2890-102AA","","","","1","1","1","PC","1","PC","0","1","","","","","1"
"SPL-2890-103AA30","1","1","1","1","MA-1931-103AA30","","","","1","1","1","PC","1","PC","0","1","","","","","1"
"1051-501GA38","1","1","1","1","MA-1051-501BA38","","","","1","1","1","PC","1","PC","0","1","","","","","1"
"5165-501BA36","1","1","1","1","MA-1051-501CA36","","","","1","1","1","PC","1","PC","0","1","","","","","1"
"5165-601BA36","1","1","1","1","MA-165-601GA38","","","","1","1","1","PC","1","PC","0","1","","","","","1"
"523-652AB32","1","1","1","1","MA-720-65232-DRUM","","","","1","1","1","PC","1","PC","0","1","","","","","1"
"5545-502BD30","1","1","1","1","MA-RH-0207D-01AA","","","","1","1","1","PC","1","PC","0","1","","","","","1"
"5545-502CD30","1","1","1","1","MA-RH-0207D-01AA","","","","1","1","1","PC","1","PC","0","1","","","","","1"
"5545-502DD30","1","1","1","1","MA-RH-0207D-01AA","","","","1","1","1","PC","1","PC","0","1","","","","","1"
"5545-502JD30","1","1","1","1","MA-RH-0207D-01AA","","","","1","1","1","PC","1","PC","0","1","","","","","1"
"5545-502LC30","1","1","1","1","MA-RH-0207D-01AA","","","","1","1","1","PC","1","PC","0","1","","","","","1"
"5545-502GD30","1","1","1","1","MA-5545-502GD30","","","","1","1","1","PC","1","PC","0","1","","","","","1"
"3557-601EA34","1","1","1","1","MA-3557-601AA34","","","","1","1","1","PC","1","PC","0","1","","","","","1"
"5518-502EA34","1","1","1","1","MA-5517-502AA34","","","","1","1","1","PC","1","PC","0","1","","","","","1"
"3557-502EA34","1","1","1","1","MA-600-502AA34","","","","1","1","1","PC","1","PC","0","1","","","","","1"
"3114-6101FA26","1","1","1","1","MA-748-601AA26","","","","1","1","1","PC","1","PC","0","1","","","","","1"
"3114-5102FA26","1","1","1","1","MA-582-502AA26","","","","1","1","1","PC","1","PC","0","1","","","","","1"
"474-602EA36","1","1","1","1","MA-RH-0031A-05D","","","","1","1","1","PC","1","PC","0","1","","","","","1"
"474-502EA36","1","1","1","1","MA-474-502AA36","","","","1","1","1","PC","1","PC","0","1","","","","","1"
"1551-401FA30","1","1","1","1","MA-1551-401AB30","","","","1","1","1","PC","1","PC","0","1","","","","","1"
"5530-602CA30","1","1","1","1","MA-RH-0031A-05C","","","","1","1","1","PC","1","PC","0","1","","","","","1"
"5121-602FA36","1","1","1","1","MA-RH-0031A-05F","","","","1","1","1","PC","1","PC","0","1","","","","","1"
"6105-502FA42","1","1","1","1","MA-5517-502AA42","","","","1","1","1","PC","1","PC","0","1","","","","","1"
"5520-501DA42","1","1","1","1","MA-161-501AA42","","","","1","1","1","PC","1","PC","0","1","","","","","1"
"5533-501AA42","1","1","1","1","MA-5529-501CA42","","","","1","1","1","PC","1","PC","0","1","","","","","1"
"1551-401EB38","1","1","1","1","MA-1551-401AA38","","","","1","1","1","PC","1","PC","0","1","","","","","1"
"6105-601AA42","1","1","1","1","MA-6105-601AA42","","","","1","1","1","PC","1","PC","0","1","","","","","1"
"12Q-411FB42","1","1","1","1","MA-12Q-411BAC42","","","","1","1","1","PC","1","PC","0","1","","","","","1"
"5154-602EA38","1","1","1","1","MA-RH-0031K-06B","","","","1","1","1","PC","1","PC","0","1","","","","","1"
"3561-601AA34","1","1","1","1","MA-603-601-BLOCK","","","","1","1","1","PC","1","PC","0","1","","","","","1"
"5154-502EA38","1","1","1","1","MA-474-502AA34","","","","1","1","1","PC","1","PC","0","1","","","","","1"
"5156-502BA07","1","1","1","1","MA-FC250-6F-41X44.7X101.7","","","","1","1","1","PC","1","PC","0","1","","","","","1"
"5156-502CA07","1","1","1","1","MA-FC250-6F-41X44.7X101.7","","","","1","1","1","PC","1","PC","0","1","","","","","1"
"5156-502EA07","1","1","1","1","MA-FC250-6F-41X44.7X101.7","","","","1","1","1","PC","1","PC","0","1","","","","","1"
"5156-502JA07","1","1","1","1","MA-FC250-6F-41X44.7X101.7","","","","1","1","1","PC","1","PC","0","1","","","","","1"
"5156-502AA07","1","1","1","1","MA-FC250-6F-41X44.7X101.7","","","","1","1","1","PC","1","PC","0","1","","","","","1"
"12Q-411BAC42","1","1","1","1","MA-12Q-411BAC42","","","","1","1","1","PC","1","PC","0","1","","","","","1"
"5156-502MA5.5","1","1","1","1","MA-FC250-6F-41X44.7X101.7","","","","1","1","1","PC","1","PC","0","1","","","","","1"
"5156-502NA5.5","1","1","1","1","MA-FC250-6F-41X44.7X101.7","","","","1","1","1","PC","1","PC","0","1","","","","","1"
"5156-502PA5.5","1","1","1","1","MA-FC250-6F-41X44.7X101.7","","","","1","1","1","PC","1","PC","0","1","","","","","1"
"5156-502QA5.5","1","1","1","1","MA-FC250-6F-41X44.7X101.7","","","","1","1","1","PC","1","PC","0","1","","","","","1"
"3558-502ZA34","1","1","1","1","MA-954-50234","","","","1","1","1","PC","1","PC","0","1","","","","","1"
"3561-601EA34","1","1","1","1","MA-3557-601AA34","","","","1","1","1","PC","1","PC","0","1","","","","","1"
"5167-502EA34","1","1","1","1","MA-474-502AA34","","","","1","1","1","PC","1","PC","0","1","","","","","1"
"5167-602BA34","1","1","1","1","MA-RH-0031K-06B","","","","1","1","1","PC","1","PC","0","1","","","","","1"
"5167-602EA34","1","1","1","1","MA-RH-0031K-06B","","","","1","1","1","PC","1","PC","0","1","","","","","1"
"3139-608AB26","1","1","1","1","MA-560-60826","","","","1","1","1","PC","1","PC","0","1","","","","","1"
"1151-401BB48","1","1","1","1","MA-1151-401BA48","","","","1","1","1","PC","1","PC","0","1","","","","","1"
"4117-652AA26","1","1","1","1","MA-720-65226-DRUM","","","","1","1","1","PC","1","PC","0","1","","","","","1"
"4117-601FA26","1","1","1","1","MA-748-601AA26","","","","1","1","1","PC","1","PC","0","1","","","","","1"
"3562-601EA34","1","1","1","1","MA-748-601AA34","","","","1","1","1","PC","1","PC","0","1","","","","","1"
"3562-608AA34","1","1","1","1","MA-3709-608AA34","","","","1","1","1","PC","1","PC","0","1","","","","","1"
"3562-652AA34","1","1","1","1","MA-720-65234-DRUM","","","","1","1","1","PC","1","PC","0","1","","","","","1"
"3662-502ZA34","1","1","1","1","MA-954-50234","","","","1","1","1","PC","1","PC","0","1","","","","","1"
"SPL-2922AA","1","1","1","1","MA-K-13801JA","","","","1","1","1","PC","1","PC","0","1","","","","","1"
"SPL-2927AA30","1","1","1","1","MA-1551-401AA30","","","","1","1","1","PC","1","PC","0","1","","","","","1"
"3164-502EA26","1","1","1","1","MA-3164-502AA26","","","","1","1","1","PC","1","PC","0","1","","","","","1"
"3562-502ZA34","1","1","1","1","MA-954-50234","","","","1","1","1","PC","1","PC","0","1","","","","","1"
"5167-502AA34","1","1","1","1","MA-474-502AA34","","","","1","1","1","PC","1","PC","0","1","","","","","1"
"SPL-2930-102AA","1","1","1","1","MA-1631-102AD","","","","1","1","1","PC","1","PC","0","1","","","","","1"
"SPL-2930-102BA","1","1","1","1","MA-1631-102BD","","","","1","1","1","PC","1","PC","0","1","","","","","1"
"SPL-2930-111AA","1","1","1","1","MA-1631-111AA","","","","1","1","1","PC","1","PC","0","1","","","","","1"
"SPL-2930-111BA","1","1","1","1","MA-1631-111BA","","","","1","1","1","PC","1","PC","0","1","","","","","1"
"6110-502BB38","1","1","1","1","MA-RH-0207D-01AA","","","","1","1","1","PC","1","PC","0","1","","","","","1"
"5213-502EA34","1","1","1","1","MA-474-502AA34","","","","1","1","1","PC","1","PC","0","1","","","","","1"
"1551-401BB38","1","1","1","1","MA-1551-401AA38","","","","1","1","1","PC","1","PC","0","1","","","","","1"
"6110-502GB38","1","1","1","1","MA-RH-0207D-01AA","","","","1","1","1","PC","1","PC","0","1","","","","","1"
"6110-502JB38","1","1","1","1","MA-RH-0207D-01AA","","","","1","1","1","PC","1","PC","0","1","","","","","1"
"TS-5385-411AA31","1","1","1","1","MA-TS-5385-411AA31","","","","1","1","1","PC","1","PC","0","1","","","","","1"
"5213-602EA34","1","1","1","1","MA-RH-0031A-05D","","","","1","1","1","PC","1","PC","0","1","","","","","1"
"6110-502CB38","1","1","1","1","MA-RH-0207D-01AA","","","","1","1","1","PC","1","PC","0","1","","","","","1"
"6110-502DB38","1","1","1","1","MA-RH-0207D-01AA","","","","1","1","1","PC","1","PC","0","1","","","","","1"
"3562-502AA34","1","1","1","1","MA-954-50234","","","","1","1","1","PC","1","PC","0","1","","","","","1"
"3562-502FA34","1","1","1","1","MA-954-50234","","","","1","1","1","PC","1","PC","0","1","","","","","1"
"4408-601BC30","1","1","1","1","MA-954-60130-DRUM","","","","1","1","1","PC","1","PC","0","1","","","","","1"
"5547-502EB38","1","1","1","1","MA-5547-502AA38","","","","1","1","1","PC","1","PC","0","1","","","","","1"
"TS-5486-501XA16","1","1","1","1","MA-TS-5486-501XA16","","","","1","1","1","PC","1","PC","0","1","","","","","1"
"6105-602CC42","1","1","1","1","MA-RH-0031K-06TA","","","","1","1","1","PC","1","PC","0","1","","","","","1"
"TS-5550-406AA26","1","1","1","1","MA-1531-406AA26","","","","1","1","1","PC","1","PC","0","1","","","","","1"
"6110-502AB38","1","1","1","1","MA-5546-502AA38","","","","1","1","1","PC","1","PC","0","1","","","","","1"
"6110-502EB38","1","1","1","1","MA-5546-502AA38","","","","1","1","1","PC","1","PC","0","1","","","","","1"
"4305-608AB15","1","1","1","1","MA-603-608AA15-DRUM","","","","1","1","1","PC","1","PC","0","1","","","","","1"
"19B-501ZGD15","1","1","1","1","MA-19B-501ZGA15","","","","1","1","1","PC","1","PC","0","1","","","","","1"
"3158-601EA15","1","1","1","1","MA-4305-601AA","","","","1","1","1","PC","1","PC","0","1","","","","","1"
"580-652AA15","1","1","1","1","MA-720-65215-DRUM","","","","1","1","1","PC","1","PC","0","1","","","","","1"
"582-502EA17","1","1","1","1","MA-582-502AA17","","","","1","1","1","PC","1","PC","0","1","","","","","1"
"4305-608AB19","1","1","1","1","MA-603-608AA19-DRUM","","","","1","1","1","PC","1","PC","0","1","","","","","1"
"582-502EA15","1","1","1","1","MA-582-502AA15","","","","1","1","1","PC","1","PC","0","1","","","","","1"
"3158-601EA19","1","1","1","1","MA-603-601-BLOCK","","","","1","1","1","PC","1","PC","0","1","","","","","1"
"580-652AA19","1","1","1","1","MA-720-65219-DRUM","","","","1","1","1","PC","1","PC","0","1","","","","","1"
"582-502EA19","1","1","1","1","MA-582-502AA19","","","","1","1","1","PC","1","PC","0","1","","","","","1"
"1731-501ZGD19","1","1","1","1","MA-19B-501ZGA19","","","","1","1","1","PC","1","PC","0","1","","","","","1"
"1731-501ZGD21","1","1","1","1","MA-19B-501ZGA21","","","","1","1","1","PC","1","PC","0","1","","","","","1"
"3158-601EA21","1","1","1","1","MA-603-601-BLOCK","","","","1","1","1","PC","1","PC","0","1","","","","","1"
"580-652AA21","1","1","1","1","MA-720-65221-DRUM","","","","1","1","1","PC","1","PC","0","1","","","","","1"
"582-502EA21","1","1","1","1","MA-582-502AA21","","","","1","1","1","PC","1","PC","0","1","","","","","1"
"19B-501ZGD19","1","1","1","1","MA-19B-501ZGA19","","","","1","1","1","PC","1","PC","0","1","","","","","1"
"19B-501ZGD21","1","1","1","1","MA-19B-501ZGA21","","","","1","1","1","PC","1","PC","0","1","","","","","1"
"603-502EA26","1","1","1","1","MA-582-502AA26","","","","1","1","1","PC","1","PC","0","1","","","","","1"
"3636-502LA34","1","1","1","1","MA-3636-502BA34","","","","1","1","1","PC","1","PC","0","1","","","","","1"
"962-652AA34","1","1","1","1","MA-720-65234-DRUM","","","","1","1","1","PC","1","PC","0","1","","","","","1"
"582-502AB21","1","1","1","1","MA-582-502AA21","","","","1","1","1","PC","1","PC","0","1","","","","","1"
"3536-501BA34","1","1","1","1","MA-171-501GA34","","","","1","1","1","PC","1","PC","0","1","","","","","1"
"962-608AB34","1","1","1","1","MA-814-60834-DRUM","","","","1","1","1","PC","1","PC","0","1","","","","","1"
"1831-501CA26","1","1","1","1","MA-1831-501BA26","","","","1","1","1","PC","1","PC","0","1","","","","","1"
"600-502BA34","1","1","1","1","MA-600-502AA34","","","","1","1","1","PC","1","PC","0","1","","","","","1"
"3139-608BA26","1","1","1","1","MA-973-608AA26-DRUM","","","","1","1","1","PC","1","PC","0","1","","","","","1"
"6110-602AB38","1","1","1","1","MA-RH-0031K-06SA","","","","1","1","1","PC","1","PC","0","1","","","","","1"
"6110-602CB38","1","1","1","1","MA-RH-0031K-06SA","","","","1","1","1","PC","1","PC","0","1","","","","","1"
"6110-602DB38","1","1","1","1","MA-RH-0031K-06SA","","","","1","1","1","PC","1","PC","0","1","","","","","1"
"6110-602EB38","1","1","1","1","MA-RH-0031K-06SA","","","","1","1","1","PC","1","PC","0","1","","","","","1"
"3139-601FA26","1","1","1","1","MA-RV-0173","","","","1","1","1","PC","1","PC","0","1","","","","","1"
"3139-652CA26","1","1","1","1","MA-720-65226-DRUM","","","","1","1","1","PC","1","PC","0","1","","","","","1"
"TS-5559AA38","1","1","1","1","MA-5546-502AA38","","","","1","1","1","PC","1","PC","0","1","","","","","1"
"12Q-411BA32-JTEC","1","1","1","1","MA-12Q-411BA32","","","","1","1","1","PC","1","PC","0","1","","","","","1"
"161-406DG31","1","1","1","1","MA-161-406DE31","","","","1","1","1","PC","1","PC","0","1","","","","","1"
"161-406DG3138","1","1","1","1","MA-161-406DE3138","","","","1","1","1","PC","1","PC","0","1","","","","","1"
"479-501AA3038","1","1","1","1","MA-161-501AA3038","","","","1","1","1","PC","1","PC","0","1","","","","","1"
"SPL-2930-111CA","1","1","1","1","MA-1631-111CA","","","","1","1","1","PC","1","PC","0","1","","","","","1"
"TS-5560BA34","1","1","1","1","MA-954-50234","","","","1","1","1","PC","1","PC","0","1","","","","","1"
"21A2-111AA","1","1","1","1","MA-1631-111AA","","","","1","1","1","PC","1","PC","0","1","","","","","1"
"21A2-111BA","1","1","1","1","MA-1631-111MA","","","","1","1","1","PC","1","PC","0","1","","","","","1"
"21A2-102AA","1","1","1","1","MA-1155-102AB","","","","1","1","1","PC","1","PC","0","1","","","","","1"
"3562-652AB34","1","1","1","1","MA-720-65234-DRUM","","","","1","1","1","PC","1","PC","0","1","","","","","1"
"3562-502FB34","1","1","1","1","MA-954-50234","","","","1","1","1","PC","1","PC","0","1","","","","","1"
"3562-502ZB34","1","1","1","1","MA-954-50234","","","","1","1","1","PC","1","PC","0","1","","","","","1"
"21A2-103AA30","1","1","1","1","MA-1931-103AA30","","","","1","1","1","PC","1","PC","0","1","","","","","1"
"5156-502MA07","1","1","1","1","MA-FC250-6F-41X44.7X101.7","","","","1","1","1","PC","1","PC","0","1","","","","","1"
"5156-502NA07","1","1","1","1","MA-FC250-6F-41X44.7X101.7","","","","1","1","1","PC","1","PC","0","1","","","","","1"
"5156-502PA07","1","1","1","1","MA-FC250-6F-41X44.7X101.7","","","","1","1","1","PC","1","PC","0","1","","","","","1"
"5156-502QA07","1","1","1","1","MA-FC250-6F-41X44.7X101.7","","","","1","1","1","PC","1","PC","0","1","","","","","1"
"603-502EA34","1","1","1","1","MA-582-502AA34","","","","1","1","1","PC","1","PC","0","1","","","","","1"
"K-17201FA","1","1","1","1","MA-K-17201FA","","","","1","1","1","PC","1","PC","0","1","","","","","1"
"4121-601EA21","1","1","1","1","MA-748-601AA21","","","","1","1","1","PC","1","PC","0","1","","","","","1"
"4121-652AA21","1","1","1","1","MA-720-65221-DRUM","","","","1","1","1","PC","1","PC","0","1","","","","","1"
"4121-608AA21","1","1","1","1","MA-973-608AA21-DRUM","","","","1","1","1","PC","1","PC","0","1","","","","","1"
"4121-502EA21","1","1","1","1","MA-4121-502AA21","","","","1","1","1","PC","1","PC","0","1","","","","","1"
"5530-502EA38","1","1","1","1","MA-5517-502AA38","","","","1","1","1","PC","1","PC","0","1","","","","","1"
"1355-402AB24","1","1","1","1","MA-1355-402AA24","","","","1","1","1","PC","1","PC","0","1","","","","","1"
"5521-602CA24","1","1","1","1","MA-RH-0031A-06E","","","","1","1","1","PC","1","PC","0","1","","","","","1"
"5521-602HA24","1","1","1","1","MA-RH-0031A-06E","","","","1","1","1","PC","1","PC","0","1","","","","","1"
"KF30-00901AB","1","1","1","1","MA-KF30-00901AA","","","","1","1","1","PC","1","PC","0","1","","","","","1"
"1631-102FA","1","1","1","1","MA-1631-102AD","","","","1","1","1","PC","1","PC","0","1","","","","","1"
"1631-103FA24","1","1","1","1","MA-1631-103FA24","","","","1","1","1","PC","1","PC","0","1","","","","","1"
"1355-401GA24","1","1","1","1","MA-1355-401DA24","","","","1","1","1","PC","1","PC","0","1","","","","","1"
"5521-502AA24","1","1","1","1","MA-5521-502AB24","","","","1","1","1","PC","1","PC","0","1","","","","","1"
"1355-406AB24","1","1","1","1","MA-1355-406AB24","","","","1","1","1","PC","1","PC","0","1","","","","","1"
"3662-608AC34","1","1","1","1","MA-3501-66001AA34","","","","1","1","1","PC","1","PC","0","1","","","","","1"
"5521-601AA23","1","1","1","1","MA-1355-601BA23","","","","1","1","1","PC","1","PC","0","1","","","","","1"
"5527-501AA24","1","1","1","1","MA-5527-501AA24","","","","1","1","1","PC","1","PC","0","1","","","","","1"
"5527-501BA24","1","1","1","1","MA-5527-501BA24","","","","1","1","1","PC","1","PC","0","1","","","","","1"
"1631-103GA24","1","1","1","1","MA-1731-103BA18","","","","1","1","1","PC","1","PC","0","1","","","","","1"
"KF11-01101AA","1","1","1","1","MA-1631-111AA","","","","1","1","1","PC","1","PC","0","1","","","","","1"
"KF11-01101BA","1","1","1","1","MA-1631-111BA","","","","1","1","1","PC","1","PC","0","1","","","","","1"
"161-406UA30","1","1","1","1","MA-161-406QE30","","","","1","1","1","PC","1","PC","0","1","","","","","1"
"1751-406CB16","1","1","1","1","MA-1751-406BC16","","","","1","1","1","PC","1","PC","0","1","","","","","1"
"SPL-2930-111DA","1","1","1","1","MA-1631-111DA","","","","1","1","1","PC","1","PC","0","1","","","","","1"
"478-502AC36","1","1","1","1","MA-474-502AA36","","","","1","1","1","PC","1","PC","0","1","","","","","1"
"5545-502EB30","1","1","1","1","MA-5546-502AA30","","","","1","1","1","PC","1","PC","0","1","","","","","1"
"478-602BC36","1","1","1","1","MA-RH-0031A-05C","","","","1","1","1","PC","1","PC","0","1","","","","","1"
"5545-501AB30","1","1","1","1","MA-161-501AA30","","","","1","1","1","PC","1","PC","0","1","","","","","1"
"5165-502AA33","1","1","1","1","MA-5135-502AA33","","","","1","1","1","PC","1","PC","0","1","","","","","1"
"5165-502EA33","1","1","1","1","MA-5135-502AA33","","","","1","1","1","PC","1","PC","0","1","","","","","1"
"5165-601AA33","1","1","1","1","MA-165-601BA35","","","","1","1","1","PC","1","PC","0","1","","","","","1"
"5165-641AA33","1","1","1","1","MA-485-641BA33-DRUM","","","","1","1","1","PC","1","PC","0","1","","","","","1"
"5165-602AA33","1","1","1","1","MA-RH-0031K-06LB","","","","1","1","1","PC","1","PC","0","1","","","","","1"
"5165-602BA33","1","1","1","1","MA-RH-0031K-06A","","","","1","1","1","PC","1","PC","0","1","","","","","1"
"5165-602CA33","1","1","1","1","MA-RH-0031A-05C","","","","1","1","1","PC","1","PC","0","1","","","","","1"
"5165-501AA33","1","1","1","1","MA-161-501AA33","","","","1","1","1","PC","1","PC","0","1","","","","","1"
"1631-103EA30","1","1","1","1","MA-1631-103AB30","","","","1","1","1","PC","1","PC","0","1","","","","","1"
"1631-102GA","1","1","1","1","MA-1631-102AD","","","","1","1","1","PC","1","PC","0","1","","","","","1"
"1631-111XA","1","1","1","1","MA-1631-111AA","","","","1","1","1","PC","1","PC","0","1","","","","","1"
"1631-111YA","1","1","1","1","MA-1631-111BA","","","","1","1","1","PC","1","PC","0","1","","","","","1"
"1631-111ZA","1","1","1","1","MA-1631-111BA","","","","1","1","1","PC","1","PC","0","1","","","","","1"
"1551-401HA30","1","1","1","1","MA-1551-401AB30","","","","1","1","1","PC","1","PC","0","1","","","","","1"
"K-17301GA","1","1","1","1","MA-K-17301GA","","","","1","1","1","PC","1","PC","0","1","","","","","1"
"5179-502AB30","1","1","1","1","MA-474-502AA30","","","","1","1","1","PC","1","PC","0","1","","","","","1"
"5179-502AB34","1","1","1","1","MA-474-502AA34","","","","1","1","1","PC","1","PC","0","1","","","","","1"
"5179-502EB30","1","1","1","1","MA-474-502AA30","","","","1","1","1","PC","1","PC","0","1","","","","","1"
"5179-502EB34","1","1","1","1","MA-474-502AA34","","","","1","1","1","PC","1","PC","0","1","","","","","1"
"5145-501AA16","1","1","1","1","MA-1751-501AA16","","","","1","1","1","PC","1","PC","0","1","","","","","1"
"5181-501AA16","1","1","1","1","MA-1751-501AA16","","","","1","1","1","PC","1","PC","0","1","","","","","1"
"1551-401DB38","1","1","1","1","MA-1551-401AA38","","","","1","1","1","PC","1","PC","0","1","","","","","1"
"1751-43A01BA","1","1","1","1","MA-1751-413AB17","","","","1","1","1","PC","1","PC","0","1","","","","","1"
"6210-502FA34","1","1","1","1","MA-5517-502AA34","","","","1","1","1","PC","1","PC","0","1","","","","","1"
"6210-602ED34","1","1","1","1","MA-RH-0031A-05H","","","","1","1","1","PC","1","PC","0","1","","","","","1"
"5545-502AB30","1","1","1","1","MA-5546-502AA30","","","","1","1","1","PC","1","PC","0","1","","","","","1"
"5545-502MA30","1","1","1","1","MA-RH-0207D-01AA","","","","1","1","1","PC","1","PC","0","1","","","","","1"
"5545-502NA30","1","1","1","1","MA-RH-0207D-01AA","","","","1","1","1","PC","1","PC","0","1","","","","","1"
"5545-502PA30","1","1","1","1","MA-RH-0207D-01AA","","","","1","1","1","PC","1","PC","0","1","","","","","1"
"5545-502QA30","1","1","1","1","MA-RH-0207D-01AA","","","","1","1","1","PC","1","PC","0","1","","","","","1"
"5545-502RA30","1","1","1","1","MA-RH-0207D-01AA","","","","1","1","1","PC","1","PC","0","1","","","","","1"
"5545-502SA30","1","1","1","1","MA-RH-0207D-01AA","","","","1","1","1","PC","1","PC","0","1","","","","","1"
"1551-401AC38-ISHIKAWA","1","1","1","1","MA-1551-401AA38","","","","1","1","1","PC","1","PC","0","1","","","","","1"
"1551-401BB38-ISHIKAWA","1","1","1","1","MA-1551-401AA38","","","","1","1","1","PC","1","PC","0","1","","","","","1"
"1551-401CC38-ISHIKAWA","1","1","1","1","MA-1551-401AA38","","","","1","1","1","PC","1","PC","0","1","","","","","1"
"1551-401DB38-ISHIKAWA","1","1","1","1","MA-1551-401AA38","","","","1","1","1","PC","1","PC","0","1","","","","","1"
"1551-401FA38-ISHIKAWA","1","1","1","1","MA-1551-401AA38","","","","1","1","1","PC","1","PC","0","1","","","","","1"
"K-24001AA","1","1","1","1","MA-K-24001AA","","","","1","1","1","PC","1","PC","0","1","","","","","1"
"K-24002AA","1","1","1","1","MA-K-24002AA","","","","1","1","1","PC","1","PC","0","1","","","","","1"
"5183-601AA33","1","1","1","1","MA-165-601GA35","","","","1","1","1","PC","1","PC","0","1","","","","","1"
"161-402NA34","1","1","1","1","MA-161-402GA34","","","","1","1","1","PC","1","PC","0","1","","","","","1"
"3167-502AA30","1","1","1","1","MA-3164-502AA30","","","","1","1","1","PC","1","PC","0","1","","","","","1"
"3167-652AA30","1","1","1","1","MA-3164-652AA30-DRUM","","","","1","1","1","PC","1","PC","0","1","","","","","1"
"3167-608AA30","1","1","1","1","MA-603-608AA30-DRUM","","","","1","1","1","PC","1","PC","0","1","","","","","1"
"3167-601EA30","1","1","1","1","MA-603-601-BLOCK","","","","1","1","1","PC","1","PC","0","1","","","","","1"
"5183-501AA33","1","1","1","1","MA-5500-501DB30","","","","1","1","1","PC","1","PC","0","1","","","","","1"
"5183-502AA33","1","1","1","1","MA-5183-502AA33","","","","1","1","1","PC","1","PC","0","1","","","","","1"
"5183-602AA33","1","1","1","1","MA-RH-0031A-05H","","","","1","1","1","PC","1","PC","0","1","","","","","1"
"5183-602BA33","1","1","1","1","MA-RH-0031A-05H","","","","1","1","1","PC","1","PC","0","1","","","","","1"
"SPL-2949AA33","1","1","1","1","MA-355-50233","","","","1","1","1","PC","1","PC","0","1","","","","","1"
"5173-641AA38","1","1","1","1","MA-485-641BA38-DRUM","","","","1","1","1","PC","1","PC","0","1","","","","","1"
"5173-502AA38","1","1","1","1","MA-474-502AA38","","","","1","1","1","PC","1","PC","0","1","","","","","1"
"5173-502EA38","1","1","1","1","MA-474-502AA38","","","","1","1","1","PC","1","PC","0","1","","","","","1"
"1151-406CA46","1","1","1","1","MA-1151-406CA46","","","","1","1","1","PC","1","PC","0","1","","","","","1"
"121-411BA46","1","1","1","1","MA-121-411BA48","","","","1","1","1","PC","1","PC","0","1","","","","","1"
"5165-601AA46","1","1","1","1","MA-1155-601AA48","","","","1","1","1","PC","1","PC","0","1","","","","","1"
"5165-502AA46","1","1","1","1","MA-474-502AA34","","","","1","1","1","PC","1","PC","0","1","","","","","1"
"5165-602AA46","1","1","1","1","MA-RH-0031K-06A","","","","1","1","1","PC","1","PC","0","1","","","","","1"
"5165-602BA46","1","1","1","1","MA-RH-0031A-05C","","","","1","1","1","PC","1","PC","0","1","","","","","1"
"3558-502AB34","1","1","1","1","MA-954-50234","","","","1","1","1","PC","1","PC","0","1","","","","","1"
"SPL-2949BA33","1","1","1","1","MA-355-50233","","","","1","1","1","PC","1","PC","0","1","","","","","1"
"5165-502AA48","1","1","1","1","MA-474-502AA34","","","","1","1","1","PC","1","PC","0","1","","","","","1"
"5165-602AA48","1","1","1","1","MA-RH-0031K-06A","","","","1","1","1","PC","1","PC","0","1","","","","","1"
"5165-602BA48","1","1","1","1","MA-RH-0031A-05C","","","","1","1","1","PC","1","PC","0","1","","","","","1"
"5165-641AA46","1","1","1","1","MA-485-641BA46-DRUM","","","","1","1","1","PC","1","PC","0","1","","","","","1"
"5165-501AA46","1","1","1","1","MA-1151-501CA44","","","","1","1","1","PC","1","PC","0","1","","","","","1"
"161-406DF34-1","1","1","1","1","MA-161-406DE34","","","","1","1","1","PC","1","PC","0","1","","","","","1"
"161-406DG31-1","1","1","1","1","MA-161-406DE31","","","","1","1","1","PC","1","PC","0","1","","","","","1"
"479-602EB38","1","1","1","1","MA-RH-0031A-05C","","","","1","1","1","PC","1","PC","0","1","","","","","1"
"SPL-2950AA22","1","1","1","1","MA-4305-601AA","","","","1","1","1","PC","1","PC","0","1","","","","","1"
"SPL-2950DA22","1","1","1","1","MA-720-65222-DRUM","","","","1","1","1","PC","1","PC","0","1","","","","","1"
"SPL-2963CA01","1","1","1","1","MA-SPL-2963CA01","","","","1","1","1","PC","1","PC","0","1","","","","","1"
"5165-641AA48","1","1","1","1","MA-485-641BA48-DRUM","","","","1","1","1","PC","1","PC","0","1","","","","","1"
"5165-601AA48","1","1","1","1","MA-1155-601AA48","","","","1","1","1","PC","1","PC","0","1","","","","","1"
"5517-501CA38","1","1","1","1","MA-5529-501CA38","","","","1","1","1","PC","1","PC","0","1","","","","","1"
"5517-601AA38","1","1","1","1","MA-161-601HA38","","","","1","1","1","PC","1","PC","0","1","","","","","1"
"5518-502AA38","1","1","1","1","MA-5517-502AA38","","","","1","1","1","PC","1","PC","0","1","","","","","1"
"5518-502EA38","1","1","1","1","MA-5517-502AA38","","","","1","1","1","PC","1","PC","0","1","","","","","1"
"5517-602AA38","1","1","1","1","MA-RH-0031A-05D","","","","1","1","1","PC","1","PC","0","1","","","","","1"
"5517-602BA38","1","1","1","1","MA-RH-0031A-05D","","","","1","1","1","PC","1","PC","0","1","","","","","1"
"5517-602EA38","1","1","1","1","MA-RH-0031A-05D","","","","1","1","1","PC","1","PC","0","1","","","","","1"
"5517-602FA38","1","1","1","1","MA-RH-0031A-05D","","","","1","1","1","PC","1","PC","0","1","","","","","1"
"5517-602GA38","1","1","1","1","MA-RH-0031A-05D","","","","1","1","1","PC","1","PC","0","1","","","","","1"
"5517-602HA38","1","1","1","1","MA-RH-0031A-05D","","","","1","1","1","PC","1","PC","0","1","","","","","1"
"5215-502EA34","1","1","1","1","MA-5163-502AA34","","","","1","1","1","PC","1","PC","0","1","","","","","1"
"5165-501AA48","1","1","1","1","MA-1151-501EA48","","","","1","1","1","PC","1","PC","0","1","","","","","1"
"5517-602GC30","1","1","1","1","MA-RH-0031A-05D","","","","1","1","1","PC","1","PC","0","1","","","","","1"
"5517-602GC34","1","1","1","1","MA-RH-0031A-05D","","","","1","1","1","PC","1","PC","0","1","","","","","1"
"5518-502AB30","1","1","1","1","MA-5517-502AA30","","","","1","1","1","PC","1","PC","0","1","","","","","1"
"5518-502AB34","1","1","1","1","MA-5517-502AA34","","","","1","1","1","PC","1","PC","0","1","","","","","1"
"5518-502EB30","1","1","1","1","MA-5517-502AA30","","","","1","1","1","PC","1","PC","0","1","","","","","1"
"5518-502EB34","1","1","1","1","MA-5517-502AA34","","","","1","1","1","PC","1","PC","0","1","","","","","1"
"6213-502AA34","1","1","1","1","MA-5517-502AA34","","","","1","1","1","PC","1","PC","0","1","","","","","1"
"6104-602DB34","1","1","1","1","MA-RH-0031K-06G","","","","1","1","1","PC","1","PC","0","1","","","","","1"
"6213-602AA34","1","1","1","1","MA-RH-0031K-06G","","","","1","1","1","PC","1","PC","0","1","","","","","1"
"6213-602CA34","1","1","1","1","MA-RH-0031K-06G","","","","1","1","1","PC","1","PC","0","1","","","","","1"
"6213-602EA34","1","1","1","1","MA-RH-0031K-06G","","","","1","1","1","PC","1","PC","0","1","","","","","1"
"6104-606AE34","1","1","1","1","MA-RH-0031A-05C","","","","1","1","1","PC","1","PC","0","1","","","","","1"
"478-502EC30","1","1","1","1","MA-474-502AA30","","","","1","1","1","PC","1","PC","0","1","","","","","1"
"5208-502JC34","1","1","1","1","MA-5208-502AA34","","","","1","1","1","PC","1","PC","0","1","","","","","1"
"4305-502DA18","1","1","1","1","MA-4305-502DA","","","","1","1","1","PC","1","PC","0","1","","","","","1"
"4305-502DA19","1","1","1","1","MA-4305-502DA","","","","1","1","1","PC","1","PC","0","1","","","","","1"
"4305-502DA20","1","1","1","1","MA-4305-502DA","","","","1","1","1","PC","1","PC","0","1","","","","","1"
"4305-502DA21","1","1","1","1","MA-4305-502DA","","","","1","1","1","PC","1","PC","0","1","","","","","1"
"4305-502DA22","1","1","1","1","MA-4305-502DA","","","","1","1","1","PC","1","PC","0","1","","","","","1"
"3139-502BB26","1","1","1","1","MA-600-502AA26","","","","1","1","1","PC","1","PC","0","1","","","","","1"
"3139-502BB28","1","1","1","1","MA-600-502AA28","","","","1","1","1","PC","1","PC","0","1","","","","","1"
"3139-502BB30","1","1","1","1","MA-600-502AA30","","","","1","1","1","PC","1","PC","0","1","","","","","1"
"3139-502BB32","1","1","1","1","MA-600-502AA32","","","","1","1","1","PC","1","PC","0","1","","","","","1"
"3139-502BB34","1","1","1","1","MA-3153-502AC34","","","","1","1","1","PC","1","PC","0","1","","","","","1"
"3139-502BB36","1","1","1","1","MA-600-502AA36","","","","1","1","1","PC","1","PC","0","1","","","","","1"
"3139-502BB38","1","1","1","1","MA-600-502AA38","","","","1","1","1","PC","1","PC","0","1","","","","","1"
"3139-502BB40","1","1","1","1","MA-600-502AA40","","","","1","1","1","PC","1","PC","0","1","","","","","1"
"3139-502BB42","1","1","1","1","MA-600-502AA42","","","","1","1","1","PC","1","PC","0","1","","","","","1"
"3139-502FC30","1","1","1","1","MA-600-502AA30","","","","1","1","1","PC","1","PC","0","1","","","","","1"
"3139-502FC32","1","1","1","1","MA-600-502AA32","","","","1","1","1","PC","1","PC","0","1","","","","","1"
"3139-502FC34","1","1","1","1","MA-3153-502AC34","","","","1","1","1","PC","1","PC","0","1","","","","","1"
"3139-502FC36","1","1","1","1","MA-600-502AA36","","","","1","1","1","PC","1","PC","0","1","","","","","1"
"3139-502FC38","1","1","1","1","MA-600-502AA38","","","","1","1","1","PC","1","PC","0","1","","","","","1"
"3145-502BB26","1","1","1","1","MA-600-502AA26","","","","1","1","1","PC","1","PC","0","1","","","","","1"
"3145-502BB32","1","1","1","1","MA-600-502AA32","","","","1","1","1","PC","1","PC","0","1","","","","","1"
"3145-502BB36","1","1","1","1","MA-600-502AA36","","","","1","1","1","PC","1","PC","0","1","","","","","1"
"3145-502BB38","1","1","1","1","MA-600-502AA38","","","","1","1","1","PC","1","PC","0","1","","","","","1"
"3145-502EC32","1","1","1","1","MA-600-502AA32","","","","1","1","1","PC","1","PC","0","1","","","","","1"
"3145-502EC38","1","1","1","1","MA-600-502AA38","","","","1","1","1","PC","1","PC","0","1","","","","","1"
"3538-501BC30","1","1","1","1","MA-3636-501BC30","","","","1","1","1","PC","1","PC","0","1","","","","","1"
"3563-502ZA34","1","1","1","1","MA-954-50234","","","","1","1","1","PC","1","PC","0","1","","","","","1"
"3563-652AA34","1","1","1","1","MA-720-65234-DRUM","","","","1","1","1","PC","1","PC","0","1","","","","","1"
"474-501AB34-1","1","1","1","1","MA-161-501AA34","","","","1","1","1","PC","1","PC","0","1","","","","","1"
"474-501AB34-2","1","1","1","1","MA-161-501AA34","","","","1","1","1","PC","1","PC","0","1","","","","","1"
"3563-502EA34","1","1","1","1","MA-954-50234","","","","1","1","1","PC","1","PC","0","1","","","","","1"
"5108-502EA42","1","1","1","1","MA-5108-502AA42","","","","1","1","1","PC","1","PC","0","1","","","","","1"
"5108-602EA42","1","1","1","1","MA-RH-0031A-05D","","","","1","1","1","PC","1","PC","0","1","","","","","1"
"1155-440AC48","1","1","1","1","MA-1155-440AA48","","","","1","1","1","PC","1","PC","0","1","","","","","1"
"3166-652AB12","1","1","1","1","MA-720-65212-DRUM","","","","1","1","1","PC","1","PC","0","1","","","","","1"
"3166-652AB15","1","1","1","1","MA-720-65215-DRUM","","","","1","1","1","PC","1","PC","0","1","","","","","1"
"3166-652AB16","1","1","1","1","MA-720-65216-DRUM","","","","1","1","1","PC","1","PC","0","1","","","","","1"
"3166-652AB17","1","1","1","1","MA-720-65217-DRUM","","","","1","1","1","PC","1","PC","0","1","","","","","1"
"3166-652AB18","1","1","1","1","MA-720-65218-DRUM","","","","1","1","1","PC","1","PC","0","1","","","","","1"
"3166-652AB19","1","1","1","1","MA-720-65219-DRUM","","","","1","1","1","PC","1","PC","0","1","","","","","1"
"3166-652AB20","1","1","1","1","MA-720-65220-DRUM","","","","1","1","1","PC","1","PC","0","1","","","","","1"
"3166-652AB21","1","1","1","1","MA-720-65221-DRUM","","","","1","1","1","PC","1","PC","0","1","","","","","1"
"3166-652AB22","1","1","1","1","MA-720-65222-DRUM","","","","1","1","1","PC","1","PC","0","1","","","","","1"
"3166-652AB23","1","1","1","1","MA-720-65223-DRUM","","","","1","1","1","PC","1","PC","0","1","","","","","1"
"3166-652AB24","1","1","1","1","MA-720-65224-DRUM","","","","1","1","1","PC","1","PC","0","1","","","","","1"
"3154-652AB12","1","1","1","1","MA-720-65212-DRUM","","","","1","1","1","PC","1","PC","0","1","","","","","1"
"3154-652AB13","1","1","1","1","MA-720-65213-DRUM","","","","1","1","1","PC","1","PC","0","1","","","","","1"
"3154-652AB14","1","1","1","1","MA-720-65214-DRUM","","","","1","1","1","PC","1","PC","0","1","","","","","1"
"3154-652AB15","1","1","1","1","MA-720-65215-DRUM","","","","1","1","1","PC","1","PC","0","1","","","","","1"
"3154-652AB16","1","1","1","1","MA-720-65216-DRUM","","","","1","1","1","PC","1","PC","0","1","","","","","1"
"3154-652AB17","1","1","1","1","MA-720-65217-DRUM","","","","1","1","1","PC","1","PC","0","1","","","","","1"
"3154-652AB19","1","1","1","1","MA-720-65219-DRUM","","","","1","1","1","PC","1","PC","0","1","","","","","1"
"3154-652AB20","1","1","1","1","MA-720-65220-DRUM","","","","1","1","1","PC","1","PC","0","1","","","","","1"
"3154-652AB21","1","1","1","1","MA-720-65221-DRUM","","","","1","1","1","PC","1","PC","0","1","","","","","1"
"3154-652AB23","1","1","1","1","MA-720-65223-DRUM","","","","1","1","1","PC","1","PC","0","1","","","","","1"
"3154-652AB24","1","1","1","1","MA-720-65224-DRUM","","","","1","1","1","PC","1","PC","0","1","","","","","1"
"3154-652AC18","1","1","1","1","MA-720-65218-DRUM","","","","1","1","1","PC","1","PC","0","1","","","","","1"
"3154-652AC22","1","1","1","1","MA-720-65222-DRUM","","","","1","1","1","PC","1","PC","0","1","","","","","1"
"5517-602KA34","1","1","1","1","MA-RH-0031A-05D","","","","1","1","1","PC","1","PC","0","1","","","","","1"
"5518-502BA34","1","1","1","1","MA-5517-502AA34","","","","1","1","1","PC","1","PC","0","1","","","","","1"
"5518-502CA34","1","1","1","1","MA-5517-502AA34","","","","1","1","1","PC","1","PC","0","1","","","","","1"
"1551-401AC38-ISHIKAWA-1","1","1","1","1","MA-1551-401AA38","","","","1","1","1","PC","1","PC","0","1","","","","","1"
"1551-401BB38-ISHIKAWA-1","1","1","1","1","MA-1551-401AA38","","","","1","1","1","PC","1","PC","0","1","","","","","1"
"1551-401CC38-ISHIKAWA-1","1","1","1","1","MA-1551-401AA38","","","","1","1","1","PC","1","PC","0","1","","","","","1"
"1551-401DB38-ISHIKAWA-1","1","1","1","1","MA-1551-401AA38","","","","1","1","1","PC","1","PC","0","1","","","","","1"
"1551-401FA38-ISHIKAWA-1","1","1","1","1","MA-1551-401AA38","","","","1","1","1","PC","1","PC","0","1","","","","","1"
"6213-501BA34","1","1","1","1","MA-5500-501EB34","","","","1","1","1","PC","1","PC","0","1","","","","","1"
"5210-502JC34","1","1","1","1","MA-5208-502AA34","","","","1","1","1","PC","1","PC","0","1","","","","","1"
"600-502FA26","1","1","1","1","MA-600-502AA26","","","","1","1","1","PC","1","PC","0","1","","","","","1"
"600-502FA30","1","1","1","1","MA-600-502AA30","","","","1","1","1","PC","1","PC","0","1","","","","","1"
"600-502FA34","1","1","1","1","MA-600-502AA34","","","","1","1","1","PC","1","PC","0","1","","","","","1"
"600-502FA38","1","1","1","1","MA-600-502AA38","","","","1","1","1","PC","1","PC","0","1","","","","","1"
"161-403CB38-1","1","1","1","1","MA-161-403CA38","","","","1","1","1","PC","1","PC","0","1","","","","","1"
"5108-602BB42","1","1","1","1","MA-RH-0031A-05C","","","","1","1","1","PC","1","PC","0","1","","","","","1"
"5108-501AA42","1","1","1","1","MA-161-501AA42","","","","1","1","1","PC","1","PC","0","1","","","","","1"
"SPL-2974AA34","1","1","1","1","MA-3151-502AA34","","","","1","1","1","PC","1","PC","0","1","","","","","1"
"3154-601EA21","1","1","1","1","MA-3154-601AA21","","","","1","1","1","PC","1","PC","0","1","","","","","1"
"4105-608AA30","1","1","1","1","MA-814-60830-DRUM","","","","1","1","1","PC","1","PC","0","1","","","","","1"
"4104-502FA30","1","1","1","1","MA-600-502AA30","","","","1","1","1","PC","1","PC","0","1","","","","","1"
"4105-601FA30","1","1","1","1","MA-4105-601AA30","","","","1","1","1","PC","1","PC","0","1","","","","","1"
"3167-502BA34","1","1","1","1","MA-3164-502AA34","","","","1","1","1","PC","1","PC","0","1","","","","","1"
"3167-608AA34","1","1","1","1","MA-603-608AA34-DRUM","","","","1","1","1","PC","1","PC","0","1","","","","","1"
"3167-652AA34","1","1","1","1","MA-3164-652AA34-DRUM","","","","1","1","1","PC","1","PC","0","1","","","","","1"
"3167-601EA34","1","1","1","1","MA-603-601-BLOCK","","","","1","1","1","PC","1","PC","0","1","","","","","1"
"4105-666AB30","1","1","1","1","MA-560-66630-DRUM","","","","1","1","1","PC","1","PC","0","1","","","","","1"
"3166-501BA14","1","1","1","1","MA-19B-501ZGA14","","","","1","1","1","PC","1","PC","0","1","","","","","1"
"3166-601EA14","1","1","1","1","MA-3154-601AA14","","","","1","1","1","PC","1","PC","0","1","","","","","1"
"3166-652AA14","1","1","1","1","MA-720-65214-DRUM","","","","1","1","1","PC","1","PC","0","1","","","","","1"
"SPL-2986-501AA33","1","1","1","1","MA-5500-501DB30","","","","1","1","1","PC","1","PC","0","1","","","","","1"
"5183-502AB33","1","1","1","1","MA-5183-502AA33","","","","1","1","1","PC","1","PC","0","1","","","","","1"
"5183-602AB33","1","1","1","1","MA-RH-0031A-05H","","","","1","1","1","PC","1","PC","0","1","","","","","1"
"5183-602BB33","1","1","1","1","MA-RH-0031A-05H","","","","1","1","1","PC","1","PC","0","1","","","","","1"
"3147-502NA34","1","1","1","1","MA-582-502AA34","","","","1","1","1","PC","1","PC","0","1","","","","","1"
"474-501AB34-3","1","1","1","1","MA-161-501AA34","","","","1","1","1","PC","1","PC","0","1","","","","","1"
"5154-501AA34-1","1","1","1","1","MA-161-501AA34","","","","1","1","1","PC","1","PC","0","1","","","","","1"
"5208-501AA34-1","1","1","1","1","MA-161-501AA34","","","","1","1","1","PC","1","PC","0","1","","","","","1"
"5211-501AA34-1","1","1","1","1","MA-161-501AA34","","","","1","1","1","PC","1","PC","0","1","","","","","1"
"5212-501AA34-1","1","1","1","1","MA-161-501AA34","","","","1","1","1","PC","1","PC","0","1","","","","","1"
"SPL-2843-404AA","1","1","1","1","MA-SPL-2843-404AA","","","","1","1","1","PC","1","PC","0","1","","","","","1"
"SPL-2843-411CA38","1","1","1","1","MA-SPL-2843-411CA38","","","","1","1","1","PC","1","PC","0","1","","","","","1"
"SPL-2843-414AA","1","1","1","1","MA-SPL-2843-414AA","","","","1","1","1","PC","1","PC","0","1","","","","","1"
"582-502SA40","1","1","1","1","MA-582-502AA40","","","","1","1","1","PC","1","PC","0","1","","","","","1"
"582-502SA41","1","1","1","1","MA-582-502AA41","","","","1","1","1","PC","1","PC","0","1","","","","","1"
"SPL-2843-601BA38","1","1","1","1","MA-SPL-2843-601BA38","","","","1","1","1","PC","1","PC","0","1","","","","","1"
"TS-5610AA30","1","1","1","1","MA-720-65230-DRUM","","","","1","1","1","PC","1","PC","0","1","","","","","1"
"TS-5610BA30","1","1","1","1","MA-603-608AA30-DRUM","","","","1","1","1","PC","1","PC","0","1","","","","","1"
"SPL-3003-502AA30","1","1","1","1","MA-RH-0175KD-21AA","","","","1","1","1","PC","1","PC","0","1","","","","","1"
"SPL-2843-440EA38","1","1","1","1","MA-SPL-2843-440EA38","","","","1","1","1","PC","1","PC","0","1","","","","","1"
"5108-602AB42","1","1","1","1","MA-RH-0031A-05D","","","","1","1","1","PC","1","PC","0","1","","","","","1"
"SPL-2843-102AD","1","1","1","1","MA-1631-102AD","","","","1","1","1","PC","1","PC","0","1","","","","","1"
"SPL-2843-102BD","1","1","1","1","MA-1631-102BD","","","","1","1","1","PC","1","PC","0","1","","","","","1"
"SPL-2843-01301BA","1","1","1","1","MA-SPL-2843-01301BA","","","","1","1","1","PC","1","PC","0","1","","","","","1"
"4104-666BB30","1","1","1","1","MA-560-66630-DRUM","","","","1","1","1","PC","1","PC","0","1","","","","","1"
"4104-666BB44","1","1","1","1","MA-560-66644-DRUM","","","","1","1","1","PC","1","PC","0","1","","","","","1"
"600-502NA30","1","1","1","1","MA-600-502AA30","","","","1","1","1","PC","1","PC","0","1","","","","","1"
"5181-501AA14","1","1","1","1","MA-1751-501AA14","","","","1","1","1","PC","1","PC","0","1","","","","","1"
"5181-502AA14","1","1","1","1","MA-59-502B14","","","","1","1","1","PC","1","PC","0","1","","","","","1"
"5181-601AA14","1","1","1","1","MA-1751-601AA14","","","","1","1","1","PC","1","PC","0","1","","","","","1"
"5181-641AA14","1","1","1","1","MA-720-65213-DRUM","","","","1","1","1","PC","1","PC","0","1","","","","","1"
"5181-602AA14","1","1","1","1","MA-RH-0031A-06E","","","","1","1","1","PC","1","PC","0","1","","","","","1"
"5181-602GA14","1","1","1","1","MA-RH-0031A-05C","","","","1","1","1","PC","1","PC","0","1","","","","","1"
"5181-602BA14","1","1","1","1","MA-RH-0031A-05C","","","","1","1","1","PC","1","PC","0","1","","","","","1"
"SPL-2843-501AA38","1","1","1","1","MA-5500-501GA38","","","","1","1","1","PC","1","PC","0","1","","","","","1"
"5529-502EA36","1","1","1","1","MA-5517-502AA36","","","","1","1","1","PC","1","PC","0","1","","","","","1"
"1551-401JA38","1","1","1","1","MA-1551-401AA38","","","","1","1","1","PC","1","PC","0","1","","","","","1"
"3650-502GA30","1","1","1","1","MA-954-50230","","","","1","1","1","PC","1","PC","0","1","","","","","1"
"5218-502EA34","1","1","1","1","MA-474-502AA34","","","","1","1","1","PC","1","PC","0","1","","","","","1"
"3167-502AA34","1","1","1","1","MA-3164-502AA34","","","","1","1","1","PC","1","PC","0","1","","","","","1"
"3650-601BA30","1","1","1","1","MA-954-60130-DRUM","","","","1","1","1","PC","1","PC","0","1","","","","","1"
"4104-502DA30","1","1","1","1","MA-600-502AA30","","","","1","1","1","PC","1","PC","0","1","","","","","1"
"5218-502AA34","1","1","1","1","MA-474-502AA34","","","","1","1","1","PC","1","PC","0","1","","","","","1"
"3650-502BA30","1","1","1","1","MA-954-50230","","","","1","1","1","PC","1","PC","0","1","","","","","1"
"3650-502AA30","1","1","1","1","MA-954-50230","","","","1","1","1","PC","1","PC","0","1","","","","","1"
"5218-502AA36","1","1","1","1","MA-474-502AA36","","","","1","1","1","PC","1","PC","0","1","","","","","1"
"5218-502EA36","1","1","1","1","MA-474-502AA36","","","","1","1","1","PC","1","PC","0","1","","","","","1"
"1044-430FA","1","1","1","1","MA-1044-430EA","","","","1","1","1","PC","1","PC","0","1","","","","","1"
"1636-401EA30","1","1","1","1","MA-1636-401AA30","","","","1","1","1","PC","1","PC","0","1","","","","","1"
"1636-431CA30","1","1","1","1","MA-1636-431AA30","","","","1","1","1","PC","1","PC","0","1","","","","","1"
"3650-501DA30","1","1","1","1","MA-3636-501BC30","","","","1","1","1","PC","1","PC","0","1","","","","","1"
"201-523AA24","1","1","1","1","SKD6G2526","","","","1","1","1","PC","1","PC","0","1","","","","","1"
"201-524AA24","1","1","1","1","SKD6G2535","","","","1","1","1","PC","1","PC","0","1","","","","","1"
"201-607AC24","1","1","1","1","MA-201-607AC24","","","","1","1","1","PC","1","PC","0","1","","","","","1"
"201-607CC24","1","1","1","1","G3Z2060","","","","1","1","1","PC","1","PC","0","1","","","","","1"
"201-607DC24","1","1","1","1","G3Z2060","","","","1","1","1","PC","1","PC","0","1","","","","","1"
"202-512AA15","1","1","1","1","SKD6.0X27X35","","","","1","1","1","PC","1","PC","0","1","","","","","1"
"202-512AA16","1","1","1","1","SKD6.0X27X41","","","","1","1","1","PC","1","PC","0","1","","","","","1"
"202-512AA17","1","1","1","1","SKD6.0X30X41","","","","1","1","1","PC","1","PC","0","1","","","","","1"
"202-512AA20","1","1","1","1","SKD6.0X27X41","","","","1","1","1","PC","1","PC","0","1","","","","","1"
"202-512AA21","1","1","1","1","SKD6.0X27X41","","","","1","1","1","PC","1","PC","0","1","","","","","1"
"202-512AA22","1","1","1","1","SKD6.0X27X35","","","","1","1","1","PC","1","PC","0","1","","","","","1"
"202-529AA15","1","1","1","1","SKD6.0X27X32","","","","1","1","1","PC","1","PC","0","1","","","","","1"
"202-529AA16","1","1","1","1","SKD6.0X27X32","","","","1","1","1","PC","1","PC","0","1","","","","","1"
"202-529AA17","1","1","1","1","SKD6.0X27X32","","","","1","1","1","PC","1","PC","0","1","","","","","1"
"202-529AA18","1","1","1","1","SKD6.0X27X32","","","","1","1","1","PC","1","PC","0","1","","","","","1"
"202-529AA20","1","1","1","1","SKD6.0X27X32","","","","1","1","1","PC","1","PC","0","1","","","","","1"
"202-529AA21","1","1","1","1","SKD6.0X27X32","","","","1","1","1","PC","1","PC","0","1","","","","","1"
"202-529AA22","1","1","1","1","SKD6.0X27X32","","","","1","1","1","PC","1","PC","0","1","","","","","1"
"211-511AA38","1","1","1","1","211-511AA38-M1","","","","1","1","1","PC","1","PC","0","1","","","","","1"
"225-517B","1","1","1","1","SKD6.0X30X55","","","","1","1","1","PC","1","PC","0","1","","","","","1"
"258-506AA24","1","1","1","1","MA-258-506AA24","","","","1","1","1","PC","1","PC","0","1","","","","","1"
"266-511D33","1","1","1","1","LECNY-MY1A33","","","","1","1","1","PC","1","PC","0","1","","","","","1"
"266-613A33","1","1","1","1","SKD11027067","","","","1","1","1","PC","1","PC","0","1","","","","","1"
"266-614B33","1","1","1","1","SKD6G1584","","","","1","1","1","PC","1","PC","0","1","","","","","1"
"266-614C33","1","1","1","1","SKD6G1542","","","","1","1","1","PC","1","PC","0","1","","","","","1"
"278-625A30","1","1","1","1","SKD11025067","","","","1","1","1","PC","1","PC","0","1","","","","","1"
"278-626A30","1","1","1","1","SKD11025067","","","","1","1","1","PC","1","PC","0","1","","","","","1"
"279-508A30","1","1","1","1","MA-279-508A30","","","","1","1","1","PC","1","PC","0","1","","","","","1"
"279-511KA33","1","1","1","1","SKD5E2532","","","","1","1","1","PC","1","PC","0","1","","","","","1"
"279-511KA38","1","1","1","1","SKD4.8X30X32","","","","1","1","1","PC","1","PC","0","1","","","","","1"
"279-511VA33","1","1","1","1","SKD4.8X30X32","","","","1","1","1","PC","1","PC","0","1","","","","","1"
"279-512A33","1","1","1","1","SKD6G2220","","","","1","1","1","PC","1","PC","0","1","","","","","1"
"279-513A30","1","1","1","1","SKD6G2545","","","","1","1","1","PC","1","PC","0","1","","","","","1"
"279-514D30","1","1","1","1","SKD6G2545","","","","1","1","1","PC","1","PC","0","1","","","","","1"
"279-514D33","1","1","1","1","SKD6.0X25X45","","","","1","1","1","PC","1","PC","0","1","","","","","1"
"279-514D38","1","1","1","1","SKD6.0X25X45","","","","1","1","1","PC","1","PC","0","1","","","","","1"
"279-516S33","1","1","1","1","SKD5E2532","","","","1","1","1","PC","1","PC","0","1","","","","","1"
"279-611A33","1","1","1","1","SKD6G2220","","","","1","1","1","PC","1","PC","0","1","","","","","1"
"279-612A33","1","1","1","1","SKD6G2220","","","","1","1","1","PC","1","PC","0","1","","","","","1"
"279-615A30","1","1","1","1","SKD6G2224","","","","1","1","1","PC","1","PC","0","1","","","","","1"
"279-615A33","1","1","1","1","SKD6G2224","","","","1","1","1","PC","1","PC","0","1","","","","","1"
"279-616A30","1","1","1","1","SKD6G2224","","","","1","1","1","PC","1","PC","0","1","","","","","1"
"279-616A33","1","1","1","1","SKD6G2224","","","","1","1","1","PC","1","PC","0","1","","","","","1"
"279-619A30","1","1","1","1","SKD6G2242","","","","1","1","1","PC","1","PC","0","1","","","","","1"
"279-623A30","1","1","1","1","SKD6G2242","","","","1","1","1","PC","1","PC","0","1","","","","","1"
"279-627A30","1","1","1","1","SKD6G2224","","","","1","1","1","PC","1","PC","0","1","","","","","1"
"279-628A30","1","1","1","1","SKD6G2224","","","","1","1","1","PC","1","PC","0","1","","","","","1"
"279-631A33","1","1","1","1","SKD6G2220","","","","1","1","1","PC","1","PC","0","1","","","","","1"
"279-632A33","1","1","1","1","SKD6G2220","","","","1","1","1","PC","1","PC","0","1","","","","","1"
"3101-511AA30","1","1","1","1","SKD11050085","","","","1","1","1","PC","1","PC","0","1","","","","","1"
"3101-512AA30","1","1","1","1","SKD11050085","","","","1","1","1","PC","1","PC","0","1","","","","","1"
"3101-512BA30","1","1","1","1","SKD11050085","","","","1","1","1","PC","1","PC","0","1","","","","","1"
"3101-514BA30","1","1","1","1","SKD8E5028","","","","1","1","1","PC","1","PC","0","1","","","","","1"
"3101-515CA30","1","1","1","1","SKD11050085","","","","1","1","1","PC","1","PC","0","1","","","","","1"
"3101-611AA30","1","1","1","1","SKD6G3532","","","","1","1","1","PC","1","PC","0","1","","","","","1"
"3101-611BA30","1","1","1","1","SKD6G3532","","","","1","1","1","PC","1","PC","0","1","","","","","1"
"3101-612AA30","1","1","1","1","SKD6G3532","","","","1","1","1","PC","1","PC","0","1","","","","","1"
"3101-612BA30","1","1","1","1","SKD6G3532","","","","1","1","1","PC","1","PC","0","1","","","","","1"
"3106-511BB38","1","1","1","1","SKD6.95X50X36","","","","1","1","1","PC","1","PC","0","1","","","","","1"
"3106-512BB38","1","1","1","1","SKD6.95X50X36","","","","1","1","1","PC","1","PC","0","1","","","","","1"
"3106-513BB38","1","1","1","1","SKD6.95X50X36","","","","1","1","1","PC","1","PC","0","1","","","","","1"
"3106-514BB30","1","1","1","1","SKD6.95X50X36","","","","1","1","1","PC","1","PC","0","1","","","","","1"
"3106-517BB38","1","1","1","1","SKD6.95X50X36","","","","1","1","1","PC","1","PC","0","1","","","","","1"
"3114-6202AA30","1","1","1","1","SKD8.0X50X52","","","","1","1","1","PC","1","PC","0","1","","","","","1"
"3114-6202BA30","1","1","1","1","SKD8.0X50X52","","","","1","1","1","PC","1","PC","0","1","","","","","1"
"3114-6203AA30","1","1","1","1","SKD8.0X50X52","","","","1","1","1","PC","1","PC","0","1","","","","","1"
"3139-511AA30","1","1","1","1","3139-511AA30-M1","","","","1","1","1","PC","1","PC","0","1","","","","","1"
"3139-512AA30","1","1","1","1","3139-511AA30-M1","","","","1","1","1","PC","1","PC","0","1","","","","","1"
"3139-513AA30","1","1","1","1","3139-513AA30-M1","","","","1","1","1","PC","1","PC","0","1","","","","","1"
"3139-611AA26","1","1","1","1","SKD7.0X40X35","","","","1","1","1","PC","1","PC","0","1","","","","","1"
"3139-611AA30","1","1","1","1","SKD7.0X40X35","","","","1","1","1","PC","1","PC","0","1","","","","","1"
"3139-611AA34","1","1","1","1","SKD7.0X40X35","","","","1","1","1","PC","1","PC","0","1","","","","","1"
"3139-611AA36","1","1","1","1","SKD7.0X40X35","","","","1","1","1","PC","1","PC","0","1","","","","","1"
"3139-611AA38","1","1","1","1","SKD7.0X40X35","","","","1","1","1","PC","1","PC","0","1","","","","","1"
"3139-611BA26","1","1","1","1","SKD7.0X40X35","","","","1","1","1","PC","1","PC","0","1","","","","","1"
"3139-611BA30","1","1","1","1","SKD7.0X40X35","","","","1","1","1","PC","1","PC","0","1","","","","","1"
"3139-611BA32","1","1","1","1","SKD7.0X40X35","","","","1","1","1","PC","1","PC","0","1","","","","","1"
"3139-611BA34","1","1","1","1","SKD7.0X40X35","","","","1","1","1","PC","1","PC","0","1","","","","","1"
"3139-611BA36","1","1","1","1","SKD7.0X40X35","","","","1","1","1","PC","1","PC","0","1","","","","","1"
"3139-611BA38","1","1","1","1","SKD7.0X40X35","","","","1","1","1","PC","1","PC","0","1","","","","","1"
"3139-612AA26","1","1","1","1","SKD7.0X40X35","","","","1","1","1","PC","1","PC","0","1","","","","","1"
"3139-612AA28","1","1","1","1","SKD8B4040","","","","1","1","1","PC","1","PC","0","1","","","","","1"
"3139-612AA30","1","1","1","1","SKD8B4040","","","","1","1","1","PC","1","PC","0","1","","","","","1"
"3139-612AA32","1","1","1","1","SKD8B4040","","","","1","1","1","PC","1","PC","0","1","","","","","1"
"3139-612AA34","1","1","1","1","SKD8B4040","","","","1","1","1","PC","1","PC","0","1","","","","","1"
"3139-612AA36","1","1","1","1","SKD8B4040","","","","1","1","1","PC","1","PC","0","1","","","","","1"
"3139-612AA38","1","1","1","1","SKD8B4040","","","","1","1","1","PC","1","PC","0","1","","","","","1"
"3139-612BA26","1","1","1","1","SKD7.0X40X35","","","","1","1","1","PC","1","PC","0","1","","","","","1"
"3139-612BA28","1","1","1","1","SKD8B4040","","","","1","1","1","PC","1","PC","0","1","","","","","1"
"3139-612BA30","1","1","1","1","SKD8B4040","","","","1","1","1","PC","1","PC","0","1","","","","","1"
"3139-612BA32","1","1","1","1","SKD8B4040","","","","1","1","1","PC","1","PC","0","1","","","","","1"
"3139-612BA34","1","1","1","1","SKD8B4040","","","","1","1","1","PC","1","PC","0","1","","","","","1"
"3139-612BA36","1","1","1","1","SKD8B4040","","","","1","1","1","PC","1","PC","0","1","","","","","1"
"3139-612BA38","1","1","1","1","SKD8B4040","","","","1","1","1","PC","1","PC","0","1","","","","","1"
"3145-511AA30","1","1","1","1","SKD7Z3030","","","","1","1","1","PC","1","PC","0","1","","","","","1"
"3145-512AA30","1","1","1","1","SKD7Z3030","","","","1","1","1","PC","1","PC","0","1","","","","","1"
"3145-513AA26","1","1","1","1","SKD7Z3030","","","","1","1","1","PC","1","PC","0","1","","","","","1"
"3145-513AA34","1","1","1","1","SKD11025067","","","","1","1","1","PC","1","PC","0","1","","","","","1"
"3145-522AB30","1","1","1","1","SKD7.75X50X32","","","","1","1","1","PC","1","PC","0","1","","","","","1"
"3145-531AA30","1","1","1","1","SKD11050085","","","","1","1","1","PC","1","PC","0","1","","","","","1"
"3145-532AA30","1","1","1","1","SKD11050085","","","","1","1","1","PC","1","PC","0","1","","","","","1"
"3145-533AA30","1","1","1","1","SKD11050085","","","","1","1","1","PC","1","PC","0","1","","","","","1"
"3145-534AA30","1","1","1","1","SKD11050085","","","","1","1","1","PC","1","PC","0","1","","","","","1"
"3145-611AA30","1","1","1","1","SKD11040082","","","","1","1","1","PC","1","PC","0","1","","","","","1"
"3145-611BA30","1","1","1","1","SKD8B4040","","","","1","1","1","PC","1","PC","0","1","","","","","1"
"3145-612AA30","1","1","1","1","SKD8B4040","","","","1","1","1","PC","1","PC","0","1","","","","","1"
"3145-612BA30","1","1","1","1","SKD8B4040","","","","1","1","1","PC","1","PC","0","1","","","","","1"
"3145-621AA30","1","1","1","1","SKD7.0X40X35","","","","1","1","1","PC","1","PC","0","1","","","","","1"
"3145-621BA30","1","1","1","1","SKD7.0X40X35","","","","1","1","1","PC","1","PC","0","1","","","","","1"
"3145-622AA30","1","1","1","1","SKD7.0X40X35","","","","1","1","1","PC","1","PC","0","1","","","","","1"
"3145-622BA30","1","1","1","1","SKD7.0X40X35","","","","1","1","1","PC","1","PC","0","1","","","","","1"
"3147-511AA38","1","1","1","1","603-511$$-M1","","","","1","1","1","PC","1","PC","0","1","","","","","1"
"3147-522AA34","1","1","1","1","SKD9.0X50X45","","","","1","1","1","PC","1","PC","0","1","","","","","1"
"3147-531AA30","1","1","1","1","3147-531AA30-M1","","","","1","1","1","PC","1","PC","0","1","","","","","1"
"3147-532AA30","1","1","1","1","3147-531AA30-M1","","","","1","1","1","PC","1","PC","0","1","","","","","1"
"3147-533AA30","1","1","1","1","3147-533AA30-M1","","","","1","1","1","PC","1","PC","0","1","","","","","1"
"3147-534AA30","1","1","1","1","SKD8.45X50X32","","","","1","1","1","PC","1","PC","0","1","","","","","1"
"3151-521CA30","1","1","1","1","SKD6.15X75X22","","","","1","1","1","PC","1","PC","0","1","","","","","1"
"3151-523DA30","1","1","1","1","SKD6.15X75X22","","","","1","1","1","PC","1","PC","0","1","","","","","1"
"3151-523EA30","1","1","1","1","SKD6.15X75X22","","","","1","1","1","PC","1","PC","0","1","","","","","1"
"3151-523FA30","1","1","1","1","SKD6.15X75X22","","","","1","1","1","PC","1","PC","0","1","","","","","1"
"3151-524CA30","1","1","1","1","SKD6.15X75X22","","","","1","1","1","PC","1","PC","0","1","","","","","1"
"3151-525EA30","1","1","1","1","SKD6.15X75X22","","","","1","1","1","PC","1","PC","0","1","","","","","1"
"3151-525FA28","1","1","1","1","SKD6.15X75X22","","","","1","1","1","PC","1","PC","0","1","","","","","1"
"3151-525FA30","1","1","1","1","SKD6.15X75X22","","","","1","1","1","PC","1","PC","0","1","","","","","1"
"3151-621AA30","1","1","1","1","SKD7.0X40X41","","","","1","1","1","PC","1","PC","0","1","","","","","1"
"3153-511AA30","1","1","1","1","SKD6G4730","","","","1","1","1","PC","1","PC","0","1","","","","","1"
"3153-511AA36","1","1","1","1","SKD6G4730","","","","1","1","1","PC","1","PC","0","1","","","","","1"
"3153-512AA30","1","1","1","1","SKD6G4730","","","","1","1","1","PC","1","PC","0","1","","","","","1"
"3153-512AA34","1","1","1","1","SKD6G4730","","","","1","1","1","PC","1","PC","0","1","","","","","1"
"3153-512BA30","1","1","1","1","SKD6G4730","","","","1","1","1","PC","1","PC","0","1","","","","","1"
"3153-513AA30","1","1","1","1","SKD6G4730","","","","1","1","1","PC","1","PC","0","1","","","","","1"
"3153-513AA34","1","1","1","1","SKD6G4730","","","","1","1","1","PC","1","PC","0","1","","","","","1"
"3153-513BA30","1","1","1","1","SKD6G4730","","","","1","1","1","PC","1","PC","0","1","","","","","1"
"3153-513BA34","1","1","1","1","SKD6G4730","","","","1","1","1","PC","1","PC","0","1","","","","","1"
"3153-513CA30","1","1","1","1","SKD6G4730","","","","1","1","1","PC","1","PC","0","1","","","","","1"
"3153-513CA32","1","1","1","1","SKD6G4730","","","","1","1","1","PC","1","PC","0","1","","","","","1"
"3153-513CA34","1","1","1","1","SKD6G4730","","","","1","1","1","PC","1","PC","0","1","","","","","1"
"3153-514AA30","1","1","1","1","SKD6G4730","","","","1","1","1","PC","1","PC","0","1","","","","","1"
"3153-515AA30","1","1","1","1","SKD6G4730","","","","1","1","1","PC","1","PC","0","1","","","","","1"
"3153-515AA34","1","1","1","1","SKD6G4730","","","","1","1","1","PC","1","PC","0","1","","","","","1"
"3153-515BA30","1","1","1","1","SKD6G4730","","","","1","1","1","PC","1","PC","0","1","","","","","1"
"3153-515BA34","1","1","1","1","SKD6G4730","","","","1","1","1","PC","1","PC","0","1","","","","","1"
"3153-543AA32","1","1","1","1","SKD6G4730","","","","1","1","1","PC","1","PC","0","1","","","","","1"
"3153-543BA32","1","1","1","1","SKD6G4730","","","","1","1","1","PC","1","PC","0","1","","","","","1"
"3153-611AA26","1","1","1","1","SKD7.0X40X35","","","","1","1","1","PC","1","PC","0","1","","","","","1"
"3153-611AA28","1","1","1","1","SKD7.0X40X35","","","","1","1","1","PC","1","PC","0","1","","","","","1"
"3153-611AA30","1","1","1","1","SKD8B4040","","","","1","1","1","PC","1","PC","0","1","","","","","1"
"3153-611AA34","1","1","1","1","PT-3164-611AA-M100","","","","1","1","1","PC","1","PC","0","1","","","","","1"
"3153-611AA42","1","1","1","1","SKD8B4040","","","","1","1","1","PC","1","PC","0","1","","","","","1"
"3153-612AA26","1","1","1","1","SKD7.0X40X35","","","","1","1","1","PC","1","PC","0","1","","","","","1"
"3153-612AA28","1","1","1","1","SKD7.0X40X35","","","","1","1","1","PC","1","PC","0","1","","","","","1"
"3153-612AA30","1","1","1","1","SKD11040082","","","","1","1","1","PC","1","PC","0","1","","","","","1"
"3153-612AA34","1","1","1","1","SKD7.0X40X35","","","","1","1","1","PC","1","PC","0","1","","","","","1"
"3153-612BA26","1","1","1","1","SKD7.0X40X35","","","","1","1","1","PC","1","PC","0","1","","","","","1"
"3153-612BA28","1","1","1","1","SKD7.0X40X35","","","","1","1","1","PC","1","PC","0","1","","","","","1"
"3153-612BA30","1","1","1","1","SKD11040082","","","","1","1","1","PC","1","PC","0","1","","","","","1"
"3153-612BA34","1","1","1","1","SKD7.0X40X35","","","","1","1","1","PC","1","PC","0","1","","","","","1"
"3153-612BA42","1","1","1","1","SKD11040082","","","","1","1","1","PC","1","PC","0","1","","","","","1"
"3154-511AC18","1","1","1","1","SKD8E3032","","","","1","1","1","PC","1","PC","0","1","","","","","1"
"3154-611AA18","1","1","1","1","SKD9.0X50X29","","","","1","1","1","PC","1","PC","0","1","","","","","1"
"3154-611AA20","1","1","1","1","SKD105029","","","","1","1","1","PC","1","PC","0","1","","","","","1"
"3154-611BA18","1","1","1","1","SKD9.0X50X29","","","","1","1","1","PC","1","PC","0","1","","","","","1"
"3154-611BA20","1","1","1","1","SKD105029","","","","1","1","1","PC","1","PC","0","1","","","","","1"
"3154-691AB21","1","1","1","1","SKD9.0X50X29","","","","1","1","1","PC","1","PC","0","1","","","","","1"
"3158-611AA18","1","1","1","1","SKD6.0X30X28","","","","1","1","1","PC","1","PC","0","1","","","","","1"
"3158-611AA26","1","1","1","1","SKD6.0X30X28","","","","1","1","1","PC","1","PC","0","1","","","","","1"
"3158-611BA18","1","1","1","1","SKD6.0X30X28","","","","1","1","1","PC","1","PC","0","1","","","","","1"
"3158-611BA26","1","1","1","1","SKD6.0X30X28","","","","1","1","1","PC","1","PC","0","1","","","","","1"
"3164-511AA36","1","1","1","1","SKD6G2532","","","","1","1","1","PC","1","PC","0","1","","","","","1"
"3164-511ZA34","1","1","1","1","SKD7Z3030","","","","1","1","1","PC","1","PC","0","1","","","","","1"
"3164-512AA32","1","1","1","1","PT-3164-511AA26-M","","","","1","1","1","PC","1","PC","0","1","","","","","1"
"3164-512AA34","1","1","1","1","PT-3164-511AA26-M","","","","1","1","1","PC","1","PC","0","1","","","","","1"
"3164-512AA36","1","1","1","1","PT-3164-511AA26-M","","","","1","1","1","PC","1","PC","0","1","","","","","1"
"3164-512AB30","1","1","1","1","PT-3164-511AA26-M","","","","1","1","1","PC","1","PC","0","1","","","","","1"
"3164-513AA32","1","1","1","1","PT-3164-513AA26-M","","","","1","1","1","PC","1","PC","0","1","","","","","1"
"3164-513AA34","1","1","1","1","PT-3164-513AA26-M","","","","1","1","1","PC","1","PC","0","1","","","","","1"
"3164-513AA36","1","1","1","1","PT-3164-513AA26-M","","","","1","1","1","PC","1","PC","0","1","","","","","1"
"3164-513AB30","1","1","1","1","PT-3164-513AA26-M","","","","1","1","1","PC","1","PC","0","1","","","","","1"
"3164-521AA30","1","1","1","1","PT-3164-511AA26-M","","","","1","1","1","PC","1","PC","0","1","","","","","1"
"3164-522AA30","1","1","1","1","PT-3164-511AA26-M","","","","1","1","1","PC","1","PC","0","1","","","","","1"
"3164-523AA30","1","1","1","1","PT-3164-513AA26-M","","","","1","1","1","PC","1","PC","0","1","","","","","1"
"3164-611AA26","1","1","1","1","SKD7.0X40X35","","","","1","1","1","PC","1","PC","0","1","","","","","1"
"3164-611AA32","1","1","1","1","SKD7.0X40X35","","","","1","1","1","PC","1","PC","0","1","","","","","1"
"3164-611AA36","1","1","1","1","SKD7.0X40X35","","","","1","1","1","PC","1","PC","0","1","","","","","1"
"3164-611AA38","1","1","1","1","SKD7.0X40X35","","","","1","1","1","PC","1","PC","0","1","","","","","1"
"3164-611BA30","1","1","1","1","SKD5.4X35X34","","","","1","1","1","PC","1","PC","0","1","","","","","1"
"3164-611BA38","1","1","1","1","SKD5.4X35X34","","","","1","1","1","PC","1","PC","0","1","","","","","1"
"3164-612CA30","1","1","1","1","SKD5.4X35X40","","","","1","1","1","PC","1","PC","0","1","","","","","1"
"3164-612CA38","1","1","1","1","SKD5.4X35X34","","","","1","1","1","PC","1","PC","0","1","","","","","1"
"3164-612DA30","1","1","1","1","SKD5.4X35X40","","","","1","1","1","PC","1","PC","0","1","","","","","1"
"3164-612DA38","1","1","1","1","SKD5.4X35X34","","","","1","1","1","PC","1","PC","0","1","","","","","1"
"3166-511AA15","1","1","1","1","SKD8E3030","","","","1","1","1","PC","1","PC","0","1","","","","","1"
"3166-511AA18","1","1","1","1","SKD8E3030","","","","1","1","1","PC","1","PC","0","1","","","","","1"
"3166-511AA22","1","1","1","1","SKD8E3030","","","","1","1","1","PC","1","PC","0","1","","","","","1"
"3166-521AA15","1","1","1","1","SKD8E3030","","","","1","1","1","PC","1","PC","0","1","","","","","1"
"3166-521AA18","1","1","1","1","SKD8E3030","","","","1","1","1","PC","1","PC","0","1","","","","","1"
"3166-521AA22","1","1","1","1","SKD8E3030","","","","1","1","1","PC","1","PC","0","1","","","","","1"
"3166-522AA15","1","1","1","1","SKD8E3030","","","","1","1","1","PC","1","PC","0","1","","","","","1"
"3166-522AA18","1","1","1","1","SKD8E3030","","","","1","1","1","PC","1","PC","0","1","","","","","1"
"3166-522AA22","1","1","1","1","SKD8E3030","","","","1","1","1","PC","1","PC","0","1","","","","","1"
"3166-523AA15","1","1","1","1","SKD8E3030","","","","1","1","1","PC","1","PC","0","1","","","","","1"
"3166-523AA18","1","1","1","1","SKD8E3030","","","","1","1","1","PC","1","PC","0","1","","","","","1"
"3166-523AA22","1","1","1","1","SKD8E3030","","","","1","1","1","PC","1","PC","0","1","","","","","1"
"3166-611AA18","1","1","1","1","SKD9.0X50X29","","","","1","1","1","PC","1","PC","0","1","","","","","1"
"3166-611AA19","1","1","1","1","PT-3154-611AB22-M2","","","","1","1","1","PC","1","PC","0","1","","","","","1"
"3166-611AA20","1","1","1","1","SKD9.0X50X29","","","","1","1","1","PC","1","PC","0","1","","","","","1"
"3166-611AA21","1","1","1","1","SKD9.0X50X29","","","","1","1","1","PC","1","PC","0","1","","","","","1"
"3166-611AA24","1","1","1","1","SKD9.0X50X29","","","","1","1","1","PC","1","PC","0","1","","","","","1"
"3166-611BA18","1","1","1","1","SKD9.0X50X29","","","","1","1","1","PC","1","PC","0","1","","","","","1"
"3166-611BA19","1","1","1","1","PT-3154-611AB22-M2","","","","1","1","1","PC","1","PC","0","1","","","","","1"
"3166-611BA20","1","1","1","1","SKD9.0X50X29","","","","1","1","1","PC","1","PC","0","1","","","","","1"
"3166-611BA21","1","1","1","1","SKD9.0X50X29","","","","1","1","1","PC","1","PC","0","1","","","","","1"
"3166-691AA21","1","1","1","1","SKD9.0X50X29","","","","1","1","1","PC","1","PC","0","1","","","","","1"
"3167-511AA34","1","1","1","1","SKD7Z3030","","","","1","1","1","PC","1","PC","0","1","","","","","1"
"3167-512AA34","1","1","1","1","SKD7Z3030","","","","1","1","1","PC","1","PC","0","1","","","","","1"
"3167-513AA34","1","1","1","1","SKD7Z3030","","","","1","1","1","PC","1","PC","0","1","","","","","1"
"3167-611AA34","1","1","1","1","SKD7.0X40X41","","","","1","1","1","PC","1","PC","0","1","","","","","1"
"3167-611BA34","1","1","1","1","SKD7.0X40X41","","","","1","1","1","PC","1","PC","0","1","","","","","1"
"3167-612AA34","1","1","1","1","SKD7.0X50X60","","","","1","1","1","PC","1","PC","0","1","","","","","1"
"3167-612BA34","1","1","1","1","SKD7.0X50X60","","","","1","1","1","PC","1","PC","0","1","","","","","1"
"3228-511BA","1","1","1","1","SKD6G2218","","","","1","1","1","PC","1","PC","0","1","","","","","1"
"3229-512AB30","1","1","1","1","SKD8B2140","","","","1","1","1","PC","1","PC","0","1","","","","","1"
"3236-514AA30","1","1","1","1","SKD7.65X30X41","","","","1","1","1","PC","1","PC","0","1","","","","","1"
"3236-514AA34","1","1","1","1","SKD7.65X30X41","","","","1","1","1","PC","1","PC","0","1","","","","","1"
"3238-512AB30","1","1","1","1","3238-512AA30-M1","","","","1","1","1","PC","1","PC","0","1","","","","","1"
"3238-513AB30","1","1","1","1","3238-512AA30-M1","","","","1","1","1","PC","1","PC","0","1","","","","","1"
"3238-514AB30","1","1","1","1","3238-514AB30-M1","","","","1","1","1","PC","1","PC","0","1","","","","","1"
"3238-515AA30","1","1","1","1","SKD11029082","","","","1","1","1","PC","1","PC","0","1","","","","","1"
"3238-611AB30","1","1","1","1","SKD5.7X47X70","","","","1","1","1","PC","1","PC","0","1","","","","","1"
"3238-612AB30","1","1","1","1","SKD5.7X47X70","","","","1","1","1","PC","1","PC","0","1","","","","","1"
"3239-512AB34","1","1","1","1","SKD7.65X30X41","","","","1","1","1","PC","1","PC","0","1","","","","","1"
"3239-513AB30","1","1","1","1","SKD7.65X30X41","","","","1","1","1","PC","1","PC","0","1","","","","","1"
"3239-514AB38","1","1","1","1","SKD7.65X30X55","","","","1","1","1","PC","1","PC","0","1","","","","","1"
"3239-514AC30","1","1","1","1","SKD7.65X30X55","","","","1","1","1","PC","1","PC","0","1","","","","","1"
"3239-514AC34","1","1","1","1","SKD7.65X30X60","","","","1","1","1","PC","1","PC","0","1","","","","","1"
"3239-611AB34","1","1","1","1","SKD5.7X47X70","","","","1","1","1","PC","1","PC","0","1","","","","","1"
"3239-612AB34","1","1","1","1","SKD5.7X47X70","","","","1","1","1","PC","1","PC","0","1","","","","","1"
"3242-534AA36","1","1","1","1","SKD11025067","","","","1","1","1","PC","1","PC","0","1","","","","","1"
"3242-535AA36","1","1","1","1","SKD11025067","","","","1","1","1","PC","1","PC","0","1","","","","","1"
"329-611AA44","1","1","1","1","SKD6G2218","","","","1","1","1","PC","1","PC","0","1","","","","","1"
"329-612AA44","1","1","1","1","SKD6G2218","","","","1","1","1","PC","1","PC","0","1","","","","","1"
"329-615AA44","1","1","1","1","SKD6G2225","","","","1","1","1","PC","1","PC","0","1","","","","","1"
"329-616AA44","1","1","1","1","SKD6G2225","","","","1","1","1","PC","1","PC","0","1","","","","","1"
"3340-611AA30","1","1","1","1","SKD6.0X35X40","","","","1","1","1","PC","1","PC","0","1","","","","","1"
"335-512AA33","1","1","1","1","SKD6.0X27X32","","","","1","1","1","PC","1","PC","0","1","","","","","1"
"335-512AA38","1","1","1","1","SKD11-DIA38","","","","1","1","1","PC","1","PC","0","1","","","","","1"
"335-512AA42","1","1","1","1","SKD6.0X27X32","","","","1","1","1","PC","1","PC","0","1","","","","","1"
"335-514BB33","1","1","1","1","SKD6.0X30X45","","","","1","1","1","PC","1","PC","0","1","","","","","1"
"335-516BA30","1","1","1","1","SKD6.0X30X45","","","","1","1","1","PC","1","PC","0","1","","","","","1"
"335-518CA30","1","1","1","1","SKD6.0X30X45","","","","1","1","1","PC","1","PC","0","1","","","","","1"
"335-611BB33","1","1","1","1","SKD6G2519","","","","1","1","1","PC","1","PC","0","1","","","","","1"
"3504-511AA30","1","1","1","1","SKD6G2518","","","","1","1","1","PC","1","PC","0","1","","","","","1"
"3504-512AB30","1","1","1","1","SKD8B2948","","","","1","1","1","PC","1","PC","0","1","","","","","1"
"3504-514AC30","1","1","1","1","SKD6G2761","","","","1","1","1","PC","1","PC","0","1","","","","","1"
"3504-514BB30","1","1","1","1","SKD6G2761","","","","1","1","1","PC","1","PC","0","1","","","","","1"
"3504-515AB30","1","1","1","1","SKD11021082","","","","1","1","1","PC","1","PC","0","1","","","","","1"
"3504-532AB30","1","1","1","1","SKD8B2965","","","","1","1","1","PC","1","PC","0","1","","","","","1"
"3504-541AA","1","1","1","1","NC-3504-541AA","","","","1","1","1","PC","1","PC","0","1","","","","","1"
"3504-611AC30","1","1","1","1","SKD6E4061","","","","1","1","1","PC","1","PC","0","1","","","","","1"
"3504-612AC30","1","1","1","1","SKD11040065","","","","1","1","1","PC","1","PC","0","1","","","","","1"
"3504-613AA30","1","1","1","1","SKD6E3560","","","","1","1","1","PC","1","PC","0","1","","","","","1"
"3504-621AC30","1","1","1","1","SKD6G2576","","","","1","1","1","PC","1","PC","0","1","","","","","1"
"3504-622AB30","1","1","1","1","SKD6G2576","","","","1","1","1","PC","1","PC","0","1","","","","","1"
"3504-631AD30","1","1","1","1","SKD6G2285","","","","1","1","1","PC","1","PC","0","1","","","","","1"
"3504-632AB30","1","1","1","1","SKD6G1585","","","","1","1","1","PC","1","PC","0","1","","","","","1"
"3504-641AC30","1","1","1","1","SKD6G2590","","","","1","1","1","PC","1","PC","0","1","","","","","1"
"3504-642AB30","1","1","1","1","SKD6G1585","","","","1","1","1","PC","1","PC","0","1","","","","","1"
"3504-651AB30","1","1","1","1","SKD8E4020","","","","1","1","1","PC","1","PC","0","1","","","","","1"
"3504-661AC30","1","1","1","1","SKD6G2278","","","","1","1","1","PC","1","PC","0","1","","","","","1"
"352-513A33","1","1","1","1","SKD6.0X27X41","","","","1","1","1","PC","1","PC","0","1","","","","","1"
"352-571AA30","1","1","1","1","SKD6G2519","","","","1","1","1","PC","1","PC","0","1","","","","","1"
"352-571AB30","1","1","1","1","SKD6G2519","","","","1","1","1","PC","1","PC","0","1","","","","","1"
"352-572AA30","1","1","1","1","SKD6.0X30X28","","","","1","1","1","PC","1","PC","0","1","","","","","1"
"352-572AA36","1","1","1","1","SKD6.0X30X32","","","","1","1","1","PC","1","PC","0","1","","","","","1"
"352-572AA38","1","1","1","1","SKD6.0X27X32","","","","1","1","1","PC","1","PC","0","1","","","","","1"
"352-675AA30","1","1","1","1","352-675AA30-L101","","","","1","1","1","PC","1","PC","0","1","","","","","1"
"352B-505AA30","1","1","1","1","SKD5Z1270","","","","1","1","1","PC","1","PC","0","1","","","","","1"
"352B-505AA36","1","1","1","1","NC-352B-505AA36","","","","1","1","1","PC","1","PC","0","1","","","","","1"
"352B-505BA36","1","1","1","1","SKD5Z2230","","","","1","1","1","PC","1","PC","0","1","","","","","1"
"352B-505CA30","1","1","1","1","SKD5Z1232","","","","1","1","1","PC","1","PC","0","1","","","","","1"
"352B-506AA36","1","1","1","1","MA-352B-506AA36","","","","1","1","1","PC","1","PC","0","1","","","","","1"
"352B-506BA36","1","1","1","1","MA-352B-506BA36","","","","1","1","1","PC","1","PC","0","1","","","","","1"
"352B-513AA36","1","1","1","1","SKD6G2741","","","","1","1","1","PC","1","PC","0","1","","","","","1"
"352B-513AB30","1","1","1","1","SKD6G2741","","","","1","1","1","PC","1","PC","0","1","","","","","1"
"352B-514BA34","1","1","1","1","SKD6.0X30X41","","","","1","1","1","PC","1","PC","0","1","","","","","1"
"352B-514BA36","1","1","1","1","SKD7Z3038","","","","1","1","1","PC","1","PC","0","1","","","","","1"
"352B-514BB30","1","1","1","1","SKD6.0X30X41","","","","1","1","1","PC","1","PC","0","1","","","","","1"
"352B-516AA36","1","1","1","1","SKD11027067","","","","1","1","1","PC","1","PC","0","1","","","","","1"
"352B-516GA36","1","1","1","1","SKD11027067","","","","1","1","1","PC","1","PC","0","1","","","","","1"
"352B-516GA38","1","1","1","1","SKD6.0X30X55","","","","1","1","1","PC","1","PC","0","1","","","","","1"
"352B-517AC36","1","1","1","1","SKD11035067","","","","1","1","1","PC","1","PC","0","1","","","","","1"
"352B-518AA30","1","1","1","1","SKD11030070","","","","1","1","1","PC","1","PC","0","1","","","","","1"
"352B-518AA36","1","1","1","1","SKD11030070","","","","1","1","1","PC","1","PC","0","1","","","","","1"
"352B-518GA30","1","1","1","1","SKD11030070","","","","1","1","1","PC","1","PC","0","1","","","","","1"
"352B-518GA36","1","1","1","1","SKD11030070","","","","1","1","1","PC","1","PC","0","1","","","","","1"
"352B-520AA38","1","1","1","1","SKD6.0X30X41","","","","1","1","1","PC","1","PC","0","1","","","","","1"
"352B-521AA38","1","1","1","1","SKD6.0X30X41","","","","1","1","1","PC","1","PC","0","1","","","","","1"
"352B-611BA30","1","1","1","1","SKD6G2519","","","","1","1","1","PC","1","PC","0","1","","","","","1"
"352B-611CA30","1","1","1","1","SKD6G2519","","","","1","1","1","PC","1","PC","0","1","","","","","1"
"352B-613AA30","1","1","1","1","NC-352B-613AA30-ALL","","","","1","1","1","PC","1","PC","0","1","","","","","1"
"352B-614AA30","1","1","1","1","NC-352B-614AA30-ALL","","","","1","1","1","PC","1","PC","0","1","","","","","1"
"352B-615AA30","1","1","1","1","NC-352B-615AA30-ALL","","","","1","1","1","PC","1","PC","0","1","","","","","1"
"352B-616AA30","1","1","1","1","NC-352B-616AA30-ALL","","","","1","1","1","PC","1","PC","0","1","","","","","1"
"352B-617AA30","1","1","1","1","NC-352B-617AA30-ALL","","","","1","1","1","PC","1","PC","0","1","","","","","1"
"352B-618AA30","1","1","1","1","NC-352B-618AA30-ALL","","","","1","1","1","PC","1","PC","0","1","","","","","1"
"352B-619AA30","1","1","1","1","NC-352B-619AA30-ALL","","","","1","1","1","PC","1","PC","0","1","","","","","1"
"352B-620AA30","1","1","1","1","NC-352B-620AA30-ALL","","","","1","1","1","PC","1","PC","0","1","","","","","1"
"352B-621AA30","1","1","1","1","SKD6G2524","","","","1","1","1","PC","1","PC","0","1","","","","","1"
"352B-621BA30","1","1","1","1","LPJ3B-MC1AA30","","","","1","1","1","PC","1","PC","0","1","","","","","1"
"352B-621CA30","1","1","1","1","SKD11-DIA38","","","","1","1","1","PC","1","PC","0","1","","","","","1"
"352B-621GA30","1","1","1","1","SKD11025067","","","","1","1","1","PC","1","PC","0","1","","","","","1"
"352B-622AA30","1","1","1","1","SKD6G1556","","","","1","1","1","PC","1","PC","0","1","","","","","1"
"3538-505AA34","1","1","1","1","SKD5Z1270","","","","1","1","1","PC","1","PC","0","1","","","","","1"
"3538-505BA34","1","1","1","1","SKD5Z1236","","","","1","1","1","PC","1","PC","0","1","","","","","1"
"3538-511AA30","1","1","1","1","SKD6G2515","","","","1","1","1","PC","1","PC","0","1","","","","","1"
"3538-512AA30","1","1","1","1","SKD6.7X32X30","","","","1","1","1","PC","1","PC","0","1","","","","","1"
"3538-512AA34","1","1","1","1","SKD6.7X32X30","","","","1","1","1","PC","1","PC","0","1","","","","","1"
"3538-514BA34","1","1","1","1","SKD6.7X32X38","","","","1","1","1","PC","1","PC","0","1","","","","","1"
"3538-522AA34","1","1","1","1","SKD7Z3035","","","","1","1","1","PC","1","PC","0","1","","","","","1"
"3538-523AA34","1","1","1","1","SKD7Z3035","","","","1","1","1","PC","1","PC","0","1","","","","","1"
"3538-524AA34","1","1","1","1","SKD7B3235","","","","1","1","1","PC","1","PC","0","1","","","","","1"
"3538-541AB34","1","1","1","1","3538-541AA30-M1","","","","1","1","1","PC","1","PC","0","1","","","","","1"
"3538-542AA34","1","1","1","1","SKD11-DIA50","","","","1","1","1","PC","1","PC","0","1","","","","","1"
"3538-566AB30","1","1","1","1","SKD7.9X30X32","","","","1","1","1","PC","1","PC","0","1","","","","","1"
"3538-566AB34","1","1","1","1","SKD11030085","","","","1","1","1","PC","1","PC","0","1","","","","","1"
"3538-566BA30","1","1","1","1","SKD7.9X30X32","","","","1","1","1","PC","1","PC","0","1","","","","","1"
"3538-566BA34","1","1","1","1","SKD11030085","","","","1","1","1","PC","1","PC","0","1","","","","","1"
"3538-566CA34","1","1","1","1","SKD11030085","","","","1","1","1","PC","1","PC","0","1","","","","","1"
"3538-566DA34","1","1","1","1","SKD11030085","","","","1","1","1","PC","1","PC","0","1","","","","","1"
"3538-569AB34","1","1","1","1","SKD8E3022","","","","1","1","1","PC","1","PC","0","1","","","","","1"
"3538-569BA34","1","1","1","1","SKD8E3020","","","","1","1","1","PC","1","PC","0","1","","","","","1"
"3538-570AC34","1","1","1","1","SKD8E3020","","","","1","1","1","PC","1","PC","0","1","","","","","1"
"3538-570BD34","1","1","1","1","SKD8E3020","","","","1","1","1","PC","1","PC","0","1","","","","","1"
"3538-570CB34","1","1","1","1","SKD8E3020","","","","1","1","1","PC","1","PC","0","1","","","","","1"
"3538-591BA34","1","1","1","1","MULTUS-DATA","","","","1","1","1","PC","1","PC","0","1","","","","","1"
"3538-592AB34","1","1","1","1","SKD11040082","","","","1","1","1","PC","1","PC","0","1","","","","","1"
"3538-593AA34","1","1","1","1","SKD11032072","","","","1","1","1","PC","1","PC","0","1","","","","","1"
"3538-611AA30","1","1","1","1","SKD6.0X35X40","","","","1","1","1","PC","1","PC","0","1","","","","","1"
"3538-611AA34","1","1","1","1","SKD6.0X35X40","","","","1","1","1","PC","1","PC","0","1","","","","","1"
"3538-611AB34","1","1","1","1","SKD6.0X35X40","","","","1","1","1","PC","1","PC","0","1","","","","","1"
"3538-611BA30","1","1","1","1","SKD6.0X35X40","","","","1","1","1","PC","1","PC","0","1","","","","","1"
"3538-611BA34","1","1","1","1","SKD6.0X35X40","","","","1","1","1","PC","1","PC","0","1","","","","","1"
"3538-611BB34","1","1","1","1","SKD6.0X35X40","","","","1","1","1","PC","1","PC","0","1","","","","","1"
"3538-612AA30","1","1","1","1","SKD6.0X35X40","","","","1","1","1","PC","1","PC","0","1","","","","","1"
"3538-612AA34","1","1","1","1","SKD6.0X35X40","","","","1","1","1","PC","1","PC","0","1","","","","","1"
"3538-612AB34","1","1","1","1","SKD6.0X35X40","","","","1","1","1","PC","1","PC","0","1","","","","","1"
"3542-511AA30","1","1","1","1","SKD6G2515","","","","1","1","1","PC","1","PC","0","1","","","","","1"
"3542-513AA34","1","1","1","1","SKD7Z3035","","","","1","1","1","PC","1","PC","0","1","","","","","1"
"3542-611AA30","1","1","1","1","SKD6.0X35X40","","","","1","1","1","PC","1","PC","0","1","","","","","1"
"3542-611AA34","1","1","1","1","SKD6.0X35X40","","","","1","1","1","PC","1","PC","0","1","","","","","1"
"3542-611AB34","1","1","1","1","SKD6.0X35X40","","","","1","1","1","PC","1","PC","0","1","","","","","1"
"3542-611BA30","1","1","1","1","SKD6.0X35X40","","","","1","1","1","PC","1","PC","0","1","","","","","1"
"3542-611BA34","1","1","1","1","SKD6.0X35X40","","","","1","1","1","PC","1","PC","0","1","","","","","1"
"3542-611BB34","1","1","1","1","SKD6.0X35X40","","","","1","1","1","PC","1","PC","0","1","","","","","1"
"3542-612AA30","1","1","1","1","SKD6.0X35X40","","","","1","1","1","PC","1","PC","0","1","","","","","1"
"3542-612AA34","1","1","1","1","SKD6.0X35X40","","","","1","1","1","PC","1","PC","0","1","","","","","1"
"3542-612AB34","1","1","1","1","SKD6.0X35X40","","","","1","1","1","PC","1","PC","0","1","","","","","1"
"3542-612BA30","1","1","1","1","SKD6.0X35X40","","","","1","1","1","PC","1","PC","0","1","","","","","1"
"3542-612BA34","1","1","1","1","SKD6.0X35X40","","","","1","1","1","PC","1","PC","0","1","","","","","1"
"3542-612BB34","1","1","1","1","SKD6.0X35X40","","","","1","1","1","PC","1","PC","0","1","","","","","1"
"3550-511AA30","1","1","1","1","SKD6G2515","","","","1","1","1","PC","1","PC","0","1","","","","","1"
"3550-512AA34","1","1","1","1","SKD7Z3026","","","","1","1","1","PC","1","PC","0","1","","","","","1"
"3550-513AA34","1","1","1","1","SKD7Z3037","","","","1","1","1","PC","1","PC","0","1","","","","","1"
"3550-514AA34","1","1","1","1","SKD7B3235","","","","1","1","1","PC","1","PC","0","1","","","","","1"
"3550-516AA34","1","1","1","1","SKD7B3235","","","","1","1","1","PC","1","PC","0","1","","","","","1"
"3550-517AA34","1","1","1","1","SKD7Z3037","","","","1","1","1","PC","1","PC","0","1","","","","","1"
"3550-591AA34","1","1","1","1","SKD11030072","","","","1","1","1","PC","1","PC","0","1","","","","","1"
"3550-592AB34","1","1","1","1","3550-592AB34-M0","","","","1","1","1","PC","1","PC","0","1","","","","","1"
"3550-593AA34","1","1","1","1","SKD11032072","","","","1","1","1","PC","1","PC","0","1","","","","","1"
"3550-611AB34","1","1","1","1","SKD8E4048","","","","1","1","1","PC","1","PC","0","1","","","","","1"
"3550-611PB34","1","1","1","1","SKD8E4048","","","","1","1","1","PC","1","PC","0","1","","","","","1"
"3550-612AB34","1","1","1","1","SKD8E4048","","","","1","1","1","PC","1","PC","0","1","","","","","1"
"3550-613AB34","1","1","1","1","SKD8E4048","","","","1","1","1","PC","1","PC","0","1","","","","","1"
"355-504A33","1","1","1","1","MA-355-504A33","","","","1","1","1","PC","1","PC","0","1","","","","","1"
"355-505A33","1","1","1","1","SKD6Z1855","","","","1","1","1","PC","1","PC","0","1","","","","","1"
"355-511B","1","1","1","1","SKD6G2520","","","","1","1","1","PC","1","PC","0","1","","","","","1"
"355-512A33","1","1","1","1","SKD6G2745","","","","1","1","1","PC","1","PC","0","1","","","","","1"
"355-513A33","1","1","1","1","SKD6G2753","","","","1","1","1","PC","1","PC","0","1","","","","","1"
"355-513AL33","1","1","1","1","SKD6G2753","","","","1","1","1","PC","1","PC","0","1","","","","","1"
"355-514A33","1","1","1","1","SKD7Z3054","","","","1","1","1","PC","1","PC","0","1","","","","","1"
"355-514AL33","1","1","1","1","SKD7Z3054","","","","1","1","1","PC","1","PC","0","1","","","","","1"
"355-516A33","1","1","1","1","SKD6G2761","","","","1","1","1","PC","1","PC","0","1","","","","","1"
"355-517A33","1","1","1","1","SKD6G2753","","","","1","1","1","PC","1","PC","0","1","","","","","1"
"355-518A33","1","1","1","1","SKD7Z3054","","","","1","1","1","PC","1","PC","0","1","","","","","1"
"355-541","1","1","1","1","SKD11022067","","","","1","1","1","PC","1","PC","0","1","","","","","1"
"355-541A33","1","1","1","1","NC-355-541A33","","","","1","1","1","PC","1","PC","0","1","","","","","1"
"355-606C33","1","1","1","1","MA-355-606C33","","","","1","1","1","PC","1","PC","0","1","","","","","1"
"355-606D33","1","1","1","1","MA-355-606D33","","","","1","1","1","PC","1","PC","0","1","","","","","1"
"355-611B33","1","1","1","1","SKD7Z3020","","","","1","1","1","PC","1","PC","0","1","","","","","1"
"355-612AB33","1","1","1","1","SKD6G2745","","","","1","1","1","PC","1","PC","0","1","","","","","1"
"355-615A33","1","1","1","1","355-615A33-L1","","","","1","1","1","PC","1","PC","0","1","","","","","1"
"355-616A33","1","1","1","1","355-615A33-L1","","","","1","1","1","PC","1","PC","0","1","","","","","1"
"355-617A33","1","1","1","1","355-615A33-L1","","","","1","1","1","PC","1","PC","0","1","","","","","1"
"355-618A33","1","1","1","1","355-615A33-L1","","","","1","1","1","PC","1","PC","0","1","","","","","1"
"355-619A33","1","1","1","1","355-615A33-L1","","","","1","1","1","PC","1","PC","0","1","","","","","1"
"355-620A33","1","1","1","1","355-615A33-L1","","","","1","1","1","PC","1","PC","0","1","","","","","1"
"355-621A33","1","1","1","1","355-615A33-L1","","","","1","1","1","PC","1","PC","0","1","","","","","1"
"355-622A33","1","1","1","1","355-615A33-L1","","","","1","1","1","PC","1","PC","0","1","","","","","1"
"3557-512AA34","1","1","1","1","SKD7.65X30X28","","","","1","1","1","PC","1","PC","0","1","","","","","1"
"3557-513AA34","1","1","1","1","SKD7.65X30X28","","","","1","1","1","PC","1","PC","0","1","","","","","1"
"3557-514AB34","1","1","1","1","SKD7.65X30X41","","","","1","1","1","PC","1","PC","0","1","","","","","1"
"3557-515AA34","1","1","1","1","SKD7.65X30X28","","","","1","1","1","PC","1","PC","0","1","","","","","1"
"3557-522AA34","1","1","1","1","SKD7.65X30X28","","","","1","1","1","PC","1","PC","0","1","","","","","1"
"3557-525AA34","1","1","1","1","SKD7.65X30X28","","","","1","1","1","PC","1","PC","0","1","","","","","1"
"3557-611AA30","1","1","1","1","SKD8.0X40X55","","","","1","1","1","PC","1","PC","0","1","","","","","1"
"3557-611AB34","1","1","1","1","SKD8.0X40X55","","","","1","1","1","PC","1","PC","0","1","","","","","1"
"3557-612AA30","1","1","1","1","SKD8.0X40X35","","","","1","1","1","PC","1","PC","0","1","","","","","1"
"3557-612AC34","1","1","1","1","SKD8.0X40X35","","","","1","1","1","PC","1","PC","0","1","","","","","1"
"3557-614AA30","1","1","1","1","SKD8.0X40X35","","","","1","1","1","PC","1","PC","0","1","","","","","1"
"3557-614AA34","1","1","1","1","SKD8.0X40X35","","","","1","1","1","PC","1","PC","0","1","","","","","1"
"3557-621AA30","1","1","1","1","SKD6.0X25X100","","","","1","1","1","PC","1","PC","0","1","","","","","1"
"3557-621AB34","1","1","1","1","SKD6.0X25X70","","","","1","1","1","PC","1","PC","0","1","","","","","1"
"3557-631AA30","1","1","1","1","SKD6.0X25X100","","","","1","1","1","PC","1","PC","0","1","","","","","1"
"3557-631AA34","1","1","1","1","SKD6.0X25X70","","","","1","1","1","PC","1","PC","0","1","","","","","1"
"3557-632AA34","1","1","1","1","SKD6.0X25X38","","","","1","1","1","PC","1","PC","0","1","","","","","1"
"3558-516AA34","1","1","1","1","SKD6.7X30X40","","","","1","1","1","PC","1","PC","0","1","","","","","1"
"3558-522AA34","1","1","1","1","SKD6.7X30X32","","","","1","1","1","PC","1","PC","0","1","","","","","1"
"3558-523AA34","1","1","1","1","SKD6.7X32X45","","","","1","1","1","PC","1","PC","0","1","","","","","1"
"3558-524AA34","1","1","1","1","SKD6.7X32X45","","","","1","1","1","PC","1","PC","0","1","","","","","1"
"3558-611AB34","1","1","1","1","SKD5.8X40X60","","","","1","1","1","PC","1","PC","0","1","","","","","1"
"3558-613BA34","1","1","1","1","SKD5.8X35X55","","","","1","1","1","PC","1","PC","0","1","","","","","1"
"3558-621AA34","1","1","1","1","SKD6.0X27X90","","","","1","1","1","PC","1","PC","0","1","","","","","1"
"3558-622AA34","1","1","1","1","SKD6.0X27X49","","","","1","1","1","PC","1","PC","0","1","","","","","1"
"3558-631AA34","1","1","1","1","SKD6.0X25X100","","","","1","1","1","PC","1","PC","0","1","","","","","1"
"3558-632AA34","1","1","1","1","SKD6.0X25X48","","","","1","1","1","PC","1","PC","0","1","","","","","1"
"3558-641AA34","1","1","1","1","SKD6.0X25X100","","","","1","1","1","PC","1","PC","0","1","","","","","1"
"3558-642AA34","1","1","1","1","SKD6.0X22X95","","","","1","1","1","PC","1","PC","0","1","","","","","1"
"3559-611BA34","1","1","1","1","SKD8.0X40X75","","","","1","1","1","PC","1","PC","0","1","","","","","1"
"3559-612AA34","1","1","1","1","SKD8.0X40X47","","","","1","1","1","PC","1","PC","0","1","","","","","1"
"3559-612BA34","1","1","1","1","SKD8.0X40X47","","","","1","1","1","PC","1","PC","0","1","","","","","1"
"3559-614AA34","1","1","1","1","SKD8.0X50X52","","","","1","1","1","PC","1","PC","0","1","","","","","1"
"3559-621BA34","1","1","1","1","SKD6.0X25X90","","","","1","1","1","PC","1","PC","0","1","","","","","1"
"3559-622AA34","1","1","1","1","SKD6.0X27X54","","","","1","1","1","PC","1","PC","0","1","","","","","1"
"3561-522AA34","1","1","1","1","SKD6.7X30X32","","","","1","1","1","PC","1","PC","0","1","","","","","1"
"3561-523AB34","1","1","1","1","SKD6.7X32X45","","","","1","1","1","PC","1","PC","0","1","","","","","1"
"3561-594AA34","1","1","1","1","SKD4.2X25X50","","","","1","1","1","PC","1","PC","0","1","","","","","1"
"3561-611AA34","1","1","1","1","SKD8.0X40X55","","","","1","1","1","PC","1","PC","0","1","","","","","1"
"3561-611AB34","1","1","1","1","SKD8.0X40X55","","","","1","1","1","PC","1","PC","0","1","","","","","1"
"3561-612AA34","1","1","1","1","SKD8.0X40X30","","","","1","1","1","PC","1","PC","0","1","","","","","1"
"3561-614AA34","1","1","1","1","SKD8.0X40X47","","","","1","1","1","PC","1","PC","0","1","","","","","1"
"3561-621AA34","1","1","1","1","SKD6.0X25X100","","","","1","1","1","PC","1","PC","0","1","","","","","1"
"3561-621AB34","1","1","1","1","SKD6.0X25X100","","","","1","1","1","PC","1","PC","0","1","","","","","1"
"3561-631AA34","1","1","1","1","SKD6.0X25X100","","","","1","1","1","PC","1","PC","0","1","","","","","1"
"3561-641AA34","1","1","1","1","SKD6.0X25X100","","","","1","1","1","PC","1","PC","0","1","","","","","1"
"3561-641AB34","1","1","1","1","SKD6.0X25X100","","","","1","1","1","PC","1","PC","0","1","","","","","1"
"3561-651AA34","1","1","1","1","SKD8.0X40X30","","","","1","1","1","PC","1","PC","0","1","","","","","1"
"3561-691AA34","1","1","1","1","SKD8.0X40X55","","","","1","1","1","PC","1","PC","0","1","","","","","1"
"3562-611AA34","1","1","1","1","SKD9.5X50X36","","","","1","1","1","PC","1","PC","0","1","","","","","1"
"3562-612AA34","1","1","1","1","SKD9.5X50X36","","","","1","1","1","PC","1","PC","0","1","","","","","1"
"3562-612BA34","1","1","1","1","SKD9.5X50X36","","","","1","1","1","PC","1","PC","0","1","","","","","1"
"3562-613AA34","1","1","1","1","SKD9.5X50X36","","","","1","1","1","PC","1","PC","0","1","","","","","1"
"3562-614AA34","1","1","1","1","SKD9.5X50X36","","","","1","1","1","PC","1","PC","0","1","","","","","1"
"3562-615AA34","1","1","1","1","SKD9.5X50X42","","","","1","1","1","PC","1","PC","0","1","","","","","1"
"3563-513AA34","1","1","1","1","SKD6.7X32X45","","","","1","1","1","PC","1","PC","0","1","","","","","1"
"3563-611AA34","1","1","1","1","SKD8.0X40X47","","","","1","1","1","PC","1","PC","0","1","","","","","1"
"3563-611PA34","1","1","1","1","SKD8.0X40X47","","","","1","1","1","PC","1","PC","0","1","","","","","1"
"3636-518AB26","1","1","1","1","SKD7B3254","","","","1","1","1","PC","1","PC","0","1","","","","","1"
"3636-541AA26","1","1","1","1","355-541-M1-XDF","","","","1","1","1","PC","1","PC","0","1","","","","","1"
"3636-566AC26","1","1","1","1","SKD8B2932","","","","1","1","1","PC","1","PC","0","1","","","","","1"
"3636-566PC26","1","1","1","1","SKD8B2932","","","","1","1","1","PC","1","PC","0","1","","","","","1"
"3636-570BD26","1","1","1","1","SKD8E3038","","","","1","1","1","PC","1","PC","0","1","","","","","1"
"3636-570DC26","1","1","1","1","SKD8E3038","","","","1","1","1","PC","1","PC","0","1","","","","","1"
"3638-516AA34","1","1","1","1","SKD7Z3037","","","","1","1","1","PC","1","PC","0","1","","","","","1"
"3638-611AB30","1","1","1","1","SKD6.0X40X41","","","","1","1","1","PC","1","PC","0","1","","","","","1"
"3638-611AB34","1","1","1","1","SKD6E4045","","","","1","1","1","PC","1","PC","0","1","","","","","1"
"3638-612AB30","1","1","1","1","SKD6.0X40X41","","","","1","1","1","PC","1","PC","0","1","","","","","1"
"3638-612AB34","1","1","1","1","SKD6E4045","","","","1","1","1","PC","1","PC","0","1","","","","","1"
"3642-611AB30","1","1","1","1","SKD6.0X40X41","","","","1","1","1","PC","1","PC","0","1","","","","","1"
"3642-611AB34","1","1","1","1","SKD6E4045","","","","1","1","1","PC","1","PC","0","1","","","","","1"
"3642-612AC30","1","1","1","1","SKD6.0X40X41","","","","1","1","1","PC","1","PC","0","1","","","","","1"
"3642-612AC34","1","1","1","1","SKD6E4045","","","","1","1","1","PC","1","PC","0","1","","","","","1"
"3650-513AA34","1","1","1","1","SKD6.7X32X55","","","","1","1","1","PC","1","PC","0","1","","","","","1"
"3650-513AB26","1","1","1","1","SKD7B3254","","","","1","1","1","PC","1","PC","0","1","","","","","1"
"3650-514AB34","1","1","1","1","SKD6.7X30X55","","","","1","1","1","PC","1","PC","0","1","","","","","1"
"3650-514AC26","1","1","1","1","SKD7B3254","","","","1","1","1","PC","1","PC","0","1","","","","","1"
"3650-611AB26","1","1","1","1","SKD6.0X47X60","","","","1","1","1","PC","1","PC","0","1","","","","","1"
"3650-611AB34","1","1","1","1","SKD6.0X47X60","","","","1","1","1","PC","1","PC","0","1","","","","","1"
"3650-612AB26","1","1","1","1","SKD6.0X47X60","","","","1","1","1","PC","1","PC","0","1","","","","","1"
"3650-612AB34","1","1","1","1","SKD6.0X47X60","","","","1","1","1","PC","1","PC","0","1","","","","","1"
"3651-611AA26","1","1","1","1","SKD6.0X47X60","","","","1","1","1","PC","1","PC","0","1","","","","","1"
"3651-611AB34","1","1","1","1","SKD6.0X47X60","","","","1","1","1","PC","1","PC","0","1","","","","","1"
"3651-612AA26","1","1","1","1","SKD6.0X47X60","","","","1","1","1","PC","1","PC","0","1","","","","","1"
"3651-612AB34","1","1","1","1","SKD6.0X47X60","","","","1","1","1","PC","1","PC","0","1","","","","","1"
"3652-512AA34","1","1","1","1","SKD6.7X30X32","","","","1","1","1","PC","1","PC","0","1","","","","","1"
"3652-513AB30","1","1","1","1","SKD7Z3045","","","","1","1","1","PC","1","PC","0","1","","","","","1"
"3652-514AA34","1","1","1","1","SKD6.7X32X45","","","","1","1","1","PC","1","PC","0","1","","","","","1"
"3652-514AB30","1","1","1","1","SKD6.7X32X45","","","","1","1","1","PC","1","PC","0","1","","","","","1"
"3652-514GA34","1","1","1","1","SKD11032072","","","","1","1","1","PC","1","PC","0","1","","","","","1"
"3652-516AB30","1","1","1","1","SKD11030070","","","","1","1","1","PC","1","PC","0","1","","","","","1"
"3652-517AA30","1","1","1","1","SKD7Z3045","","","","1","1","1","PC","1","PC","0","1","","","","","1"
"3652-542AA34","1","1","1","1","SKD6.7X32X40","","","","1","1","1","PC","1","PC","0","1","","","","","1"
"3652-592AB30","1","1","1","1","SKD11040085","","","","1","1","1","PC","1","PC","0","1","","","","","1"
"3652-593AA30","1","1","1","1","SKD11032072","","","","1","1","1","PC","1","PC","0","1","","","","","1"
"3652-611AB34","1","1","1","1","SKD6.0X47X60","","","","1","1","1","PC","1","PC","0","1","","","","","1"
"3652-611AC30","1","1","1","1","SKD6.0X47X60","","","","1","1","1","PC","1","PC","0","1","","","","","1"
"3652-612AB30","1","1","1","1","SKD6.0X47X60","","","","1","1","1","PC","1","PC","0","1","","","","","1"
"3652-612AB34","1","1","1","1","SKD6.0X47X60","","","","1","1","1","PC","1","PC","0","1","","","","","1"
"3652-641AB34","1","1","1","1","SKD6G4765","","","","1","1","1","PC","1","PC","0","1","","","","","1"
"3652-642AB34","1","1","1","1","SKD6G4765","","","","1","1","1","PC","1","PC","0","1","","","","","1"
"3654-512AA30","1","1","1","1","SKD6.7X30X32","","","","1","1","1","PC","1","PC","0","1","","","","","1"
"3654-512AA34","1","1","1","1","SKD6.7X30X32","","","","1","1","1","PC","1","PC","0","1","","","","","1"
"3654-513AA30","1","1","1","1","3538-513AA30-M1","","","","1","1","1","PC","1","PC","0","1","","","","","1"
"3654-513AA34","1","1","1","1","SKD7Z3035","","","","1","1","1","PC","1","PC","0","1","","","","","1"
"3654-514AA34","1","1","1","1","SKD7B3235","","","","1","1","1","PC","1","PC","0","1","","","","","1"
"3655-512AA34","1","1","1","1","SKD6.7X30X32","","","","1","1","1","PC","1","PC","0","1","","","","","1"
"3662-512AB34","1","1","1","1","SKD6.7X30X32","","","","1","1","1","PC","1","PC","0","1","","","","","1"
"3662-592AA34","1","1","1","1","SKD6.7X40X75","","","","1","1","1","PC","1","PC","0","1","","","","","1"
"3662-593AA34","1","1","1","1","SKD6.7X32X45","","","","1","1","1","PC","1","PC","0","1","","","","","1"
"3662-611AB34","1","1","1","1","SKD8.0X40X47","","","","1","1","1","PC","1","PC","0","1","","","","","1"
"3662-611BB34","1","1","1","1","SKD8.0X40X47","","","","1","1","1","PC","1","PC","0","1","","","","","1"
"3662-612AB34","1","1","1","1","SKD8.0X40X47","","","","1","1","1","PC","1","PC","0","1","","","","","1"
"3662-612BB34","1","1","1","1","SKD8.0X40X47","","","","1","1","1","PC","1","PC","0","1","","","","","1"
"3662-613AB34","1","1","1","1","SKD8.0X40X47","","","","1","1","1","PC","1","PC","0","1","","","","","1"
"3662-614AA34","1","1","1","1","SKD8.0X40X47","","","","1","1","1","PC","1","PC","0","1","","","","","1"
"3662-621AB34","1","1","1","1","SKD6.0X27X49","","","","1","1","1","PC","1","PC","0","1","","","","","1"
"3662-621BB34","1","1","1","1","SKD6.0X27X49","","","","1","1","1","PC","1","PC","0","1","","","","","1"
"3662-631AA34","1","1","1","1","SKD6.0X25X50","","","","1","1","1","PC","1","PC","0","1","","","","","1"
"3662-632AB34","1","1","1","1","SKD6.0X25X50","","","","1","1","1","PC","1","PC","0","1","","","","","1"
"3922-512AC30","1","1","1","1","SKD6.6X32X40","","","","1","1","1","PC","1","PC","0","1","","","","","1"
"3922-513AB30","1","1","1","1","SKD6.6X32X55","","","","1","1","1","PC","1","PC","0","1","","","","","1"
"3922-518AB","1","1","1","1","SKD11030070","","","","1","1","1","PC","1","PC","0","1","","","","","1"
"3922-524AA","1","1","1","1","SKD11075067","","","","1","1","1","PC","1","PC","0","1","","","","","1"
"3922-611JA30","1","1","1","1","SKD9.0X50X45","","","","1","1","1","PC","1","PC","0","1","","","","","1"
"3922-611JA32","1","1","1","1","SKD9.0X50X45","","","","1","1","1","PC","1","PC","0","1","","","","","1"
"3922-611JA34","1","1","1","1","SKD9.0X50X45","","","","1","1","1","PC","1","PC","0","1","","","","","1"
"3922-611KA30","1","1","1","1","SKD9.0X50X45","","","","1","1","1","PC","1","PC","0","1","","","","","1"
"3922-611KA34","1","1","1","1","SKD9.0X50X45","","","","1","1","1","PC","1","PC","0","1","","","","","1"
"3922-611LA26","1","1","1","1","SKD9.0X50X45","","","","1","1","1","PC","1","PC","0","1","","","","","1"
"3922-611LA30","1","1","1","1","SKD9.0X50X45","","","","1","1","1","PC","1","PC","0","1","","","","","1"
"3922-611LA32","1","1","1","1","SKD9.0X50X45","","","","1","1","1","PC","1","PC","0","1","","","","","1"
"3922-611MA26","1","1","1","1","SKD9.0X50X45","","","","1","1","1","PC","1","PC","0","1","","","","","1"
"3922-611MA30","1","1","1","1","SKD9.0X50X45","","","","1","1","1","PC","1","PC","0","1","","","","","1"
"3922-612CA34","1","1","1","1","SKD9.0X50X20","","","","1","1","1","PC","1","PC","0","1","","","","","1"
"3922-618BA30","1","1","1","1","SKD9.0X50X45","","","","1","1","1","PC","1","PC","0","1","","","","","1"
"3922-618BA34","1","1","1","1","SKD9.0X50X45","","","","1","1","1","PC","1","PC","0","1","","","","","1"
"3922-619EA30","1","1","1","1","SKD9.0X50X60","","","","1","1","1","PC","1","PC","0","1","","","","","1"
"3922-619EA32","1","1","1","1","SKD9.0X50X60","","","","1","1","1","PC","1","PC","0","1","","","","","1"
"3922-619EA34","1","1","1","1","SKD9.0X50X60","","","","1","1","1","PC","1","PC","0","1","","","","","1"
"3922-619FA26","1","1","1","1","SKD9.0X50X60","","","","1","1","1","PC","1","PC","0","1","","","","","1"
"4105-611AB30","1","1","1","1","SKD9.0X50X29","","","","1","1","1","PC","1","PC","0","1","","","","","1"
"4105-612AC30","1","1","1","1","SKD9.0X50X52","","","","1","1","1","PC","1","PC","0","1","","","","","1"
"4105-613AA30","1","1","1","1","SKD9.0X50X29","","","","1","1","1","PC","1","PC","0","1","","","","","1"
"4105-614AC30","1","1","1","1","SKD9.0X50X52","","","","1","1","1","PC","1","PC","0","1","","","","","1"
"4109-515AB30","1","1","1","1","SKD6.6X30X35","","","","1","1","1","PC","1","PC","0","1","","","","","1"
"4109-516AA30","1","1","1","1","SKD11032072","","","","1","1","1","PC","1","PC","0","1","","","","","1"
"4109-521AA30","1","1","1","1","SKD6G2515","","","","1","1","1","PC","1","PC","0","1","","","","","1"
"4109-523AB30","1","1","1","1","SKD7B3235","","","","1","1","1","PC","1","PC","0","1","","","","","1"
"4109-533AB30","1","1","1","1","SKD7Z3030","","","","1","1","1","PC","1","PC","0","1","","","","","1"
"4109-611AB30","1","1","1","1","SKD9.0X50X37","","","","1","1","1","PC","1","PC","0","1","","","","","1"
"4109-616AA32","1","1","1","1","SKD9.0X50X37","","","","1","1","1","PC","1","PC","0","1","","","","","1"
"4109-617AA32","1","1","1","1","SKD9.0X50X32","","","","1","1","1","PC","1","PC","0","1","","","","","1"
"4109-618AA32","1","1","1","1","SKD9.0X50X29","","","","1","1","1","PC","1","PC","0","1","","","","","1"
"4109-621AB30","1","1","1","1","SKD9.0X50X37","","","","1","1","1","PC","1","PC","0","1","","","","","1"
"4109-621BB30","1","1","1","1","4109-611AB30-M1-HORITA","","","","1","1","1","PC","1","PC","0","1","","","","","1"
"4109-622AB30","1","1","1","1","SKD105027","","","","1","1","1","PC","1","PC","0","1","","","","","1"
"4109-623AA30","1","1","1","1","SKD105038","","","","1","1","1","PC","1","PC","0","1","","","","","1"
"4115-511AA34","1","1","1","1","SKD11025067","","","","1","1","1","PC","1","PC","0","1","","","","","1"
"4115-511BA34","1","1","1","1","SKD7Z3040","","","","1","1","1","PC","1","PC","0","1","","","","","1"
"4115-511CA34","1","1","1","1","SKD7Z3030","","","","1","1","1","PC","1","PC","0","1","","","","","1"
"4115-512AA30","1","1","1","1","SKD11025067","","","","1","1","1","PC","1","PC","0","1","","","","","1"
"4115-513AA30","1","1","1","1","SKD11025067","","","","1","1","1","PC","1","PC","0","1","","","","","1"
"4115-514AA30","1","1","1","1","SKD11025067","","","","1","1","1","PC","1","PC","0","1","","","","","1"
"4115-515AA30","1","1","1","1","SKD11025067","","","","1","1","1","PC","1","PC","0","1","","","","","1"
"4115-515AA34","1","1","1","1","SKD7Z3030","","","","1","1","1","PC","1","PC","0","1","","","","","1"
"4115-516AA30","1","1","1","1","SKD11025067","","","","1","1","1","PC","1","PC","0","1","","","","","1"
"4115-611AA30","1","1","1","1","SKD9.0X50X29","","","","1","1","1","PC","1","PC","0","1","","","","","1"
"4115-611AA32","1","1","1","1","SKD9.0X50X29","","","","1","1","1","PC","1","PC","0","1","","","","","1"
"4115-611AA34","1","1","1","1","SKD9.0X50X29","","","","1","1","1","PC","1","PC","0","1","","","","","1"
"4115-611AA36","1","1","1","1","SKD9.0X50X29","","","","1","1","1","PC","1","PC","0","1","","","","","1"
"4115-612AA30","1","1","1","1","SKD9.0X50X32","","","","1","1","1","PC","1","PC","0","1","","","","","1"
"4115-612AA32","1","1","1","1","SKD9.0X50X32","","","","1","1","1","PC","1","PC","0","1","","","","","1"
"4115-612AA34","1","1","1","1","SKD9.0X50X37","","","","1","1","1","PC","1","PC","0","1","","","","","1"
"4115-612AA36","1","1","1","1","SKD9.0X50X32","","","","1","1","1","PC","1","PC","0","1","","","","","1"
"4115-612BA30","1","1","1","1","SKD9.0X50X32","","","","1","1","1","PC","1","PC","0","1","","","","","1"
"4115-613AA30","1","1","1","1","SKD9.0X50X37","","","","1","1","1","PC","1","PC","0","1","","","","","1"
"4115-613AA32","1","1","1","1","SKD9.0X50X37","","","","1","1","1","PC","1","PC","0","1","","","","","1"
"4115-613AA34","1","1","1","1","SKD9.0X50X37","","","","1","1","1","PC","1","PC","0","1","","","","","1"
"4115-613AA36","1","1","1","1","SKD9.0X50X37","","","","1","1","1","PC","1","PC","0","1","","","","","1"
"4115-614AA30","1","1","1","1","SKD9.0X50X52","","","","1","1","1","PC","1","PC","0","1","","","","","1"
"4115-615AA30","1","1","1","1","SKD9.0X50X41","","","","1","1","1","PC","1","PC","0","1","","","","","1"
"4115-616AA30","1","1","1","1","SKD9.0X50X60","","","","1","1","1","PC","1","PC","0","1","","","","","1"
"4117-531AB34","1","1","1","1","SKD7Z3030","","","","1","1","1","PC","1","PC","0","1","","","","","1"
"4117-532AA26","1","1","1","1","SKD7Z3040","","","","1","1","1","PC","1","PC","0","1","","","","","1"
"4117-532AA34","1","1","1","1","SKD7Z3040","","","","1","1","1","PC","1","PC","0","1","","","","","1"
"4117-532AB30","1","1","1","1","SKD7Z3040","","","","1","1","1","PC","1","PC","0","1","","","","","1"
"4117-533AA26","1","1","1","1","SKD7Z3040","","","","1","1","1","PC","1","PC","0","1","","","","","1"
"4117-533AA32","1","1","1","1","SKD7Z3040","","","","1","1","1","PC","1","PC","0","1","","","","","1"
"4117-533AA34","1","1","1","1","SKD7Z3040","","","","1","1","1","PC","1","PC","0","1","","","","","1"
"4117-533AB30","1","1","1","1","SKD6G2540","","","","1","1","1","PC","1","PC","0","1","","","","","1"
"4117-534AA26","1","1","1","1","SKD7Z3030","","","","1","1","1","PC","1","PC","0","1","","","","","1"
"4117-534AA30","1","1","1","1","SKD6G2528","","","","1","1","1","PC","1","PC","0","1","","","","","1"
"4117-534AA34","1","1","1","1","SKD6G2532","","","","1","1","1","PC","1","PC","0","1","","","","","1"
"4117-535AA26","1","1","1","1","SKD7Z3030","","","","1","1","1","PC","1","PC","0","1","","","","","1"
"4117-535AA30","1","1","1","1","SKD7Z3030","","","","1","1","1","PC","1","PC","0","1","","","","","1"
"4117-535AA34","1","1","1","1","SKD7Z3030","","","","1","1","1","PC","1","PC","0","1","","","","","1"
"4117-536AA26","1","1","1","1","SKD7Z3030","","","","1","1","1","PC","1","PC","0","1","","","","","1"
"4117-536AA30","1","1","1","1","SKD6G2528","","","","1","1","1","PC","1","PC","0","1","","","","","1"
"4117-536AA34","1","1","1","1","SKD7Z3030","","","","1","1","1","PC","1","PC","0","1","","","","","1"
"4117-542AA26","1","1","1","1","SKD7Z3040","","","","1","1","1","PC","1","PC","0","1","","","","","1"
"4117-543AA26","1","1","1","1","SKD7Z3040","","","","1","1","1","PC","1","PC","0","1","","","","","1"
"4117-544AA26","1","1","1","1","SKD7Z3040","","","","1","1","1","PC","1","PC","0","1","","","","","1"
"4117-547AA26","1","1","1","1","SKD7Z3040","","","","1","1","1","PC","1","PC","0","1","","","","","1"
"4117-547BA26","1","1","1","1","SKD7Z3040","","","","1","1","1","PC","1","PC","0","1","","","","","1"
"4117-548AA26","1","1","1","1","SKD7Z3040","","","","1","1","1","PC","1","PC","0","1","","","","","1"
"4117-616AA26","1","1","1","1","SKD9.0X50X60","","","","1","1","1","PC","1","PC","0","1","","","","","1"
"4117-616AA30","1","1","1","1","SKD9.0X50X60","","","","1","1","1","PC","1","PC","0","1","","","","","1"
"4117-616AA32","1","1","1","1","SKD9.0X50X60","","","","1","1","1","PC","1","PC","0","1","","","","","1"
"4117-616AA34","1","1","1","1","SKD9.0X50X60","","","","1","1","1","PC","1","PC","0","1","","","","","1"
"4117-631AA26","1","1","1","1","SKD9.0X50X25","","","","1","1","1","PC","1","PC","0","1","","","","","1"
"4117-631AA30","1","1","1","1","SKD11-DIA50","","","","1","1","1","PC","1","PC","0","1","","","","","1"
"4117-632AA26","1","1","1","1","SKD9.0X50X37","","","","1","1","1","PC","1","PC","0","1","","","","","1"
"4117-633BA26","1","1","1","1","SKD9.0X50X41","","","","1","1","1","PC","1","PC","0","1","","","","","1"
"4117-634AA26","1","1","1","1","SKD9.0X50X32","","","","1","1","1","PC","1","PC","0","1","","","","","1"
"4117-634AA32","1","1","1","1","SKD9.0X50X32","","","","1","1","1","PC","1","PC","0","1","","","","","1"
"4117-634AB30","1","1","1","1","SKD9.0X50X32","","","","1","1","1","PC","1","PC","0","1","","","","","1"
"4117-641AA26","1","1","1","1","SKD9.0X50X29","","","","1","1","1","PC","1","PC","0","1","","","","","1"
"4117-642AA26","1","1","1","1","SKD9.0X50X38","","","","1","1","1","PC","1","PC","0","1","","","","","1"
"4121-611AA20","1","1","1","1","SKD9.0X50X29","","","","1","1","1","PC","1","PC","0","1","","","","","1"
"4121-612AA22","1","1","1","1","SKD9.0X50X37","","","","1","1","1","PC","1","PC","0","1","","","","","1"
"4121-613AA22","1","1","1","1","SKD9.0X50X45","","","","1","1","1","PC","1","PC","0","1","","","","","1"
"4121-614AA20","1","1","1","1","SKD9.0X50X37","","","","1","1","1","PC","1","PC","0","1","","","","","1"
"4207-512AB30","1","1","1","1","SKD6.65X32X43","","","","1","1","1","PC","1","PC","0","1","","","","","1"
"4207-514AB30","1","1","1","1","SKD6.65X32X32","","","","1","1","1","PC","1","PC","0","1","","","","","1"
"4207-522AA30","1","1","1","1","SKD6.65X30X32","","","","1","1","1","PC","1","PC","0","1","","","","","1"
"4207-523AA30","1","1","1","1","SKD6.65X30X32","","","","1","1","1","PC","1","PC","0","1","","","","","1"
"4207-524AA30","1","1","1","1","SKD6.65X30X35","","","","1","1","1","PC","1","PC","0","1","","","","","1"
"4207-525AA30","1","1","1","1","SKD6.65X30X32","","","","1","1","1","PC","1","PC","0","1","","","","","1"
"4207-611AA30","1","1","1","1","SKD9.0X50X60","","","","1","1","1","PC","1","PC","0","1","","","","","1"
"4207-612AB30","1","1","1","1","SKD9.0X50X29","","","","1","1","1","PC","1","PC","0","1","","","","","1"
"4207-613AC30","1","1","1","1","SKD9.0X50X52","","","","1","1","1","PC","1","PC","0","1","","","","","1"
"4207-614AA34","1","1","1","1","SKD9.0X50X20","","","","1","1","1","PC","1","PC","0","1","","","","","1"
"4207-615AB30","1","1","1","1","SKD9.0X50X41","","","","1","1","1","PC","1","PC","0","1","","","","","1"
"4207-616AA30","1","1","1","1","SKD9.0X50X60","","","","1","1","1","PC","1","PC","0","1","","","","","1"
"4207-622AA30","1","1","1","1","SKD9.0X50X75","","","","1","1","1","PC","1","PC","0","1","","","","","1"
"4207-624AA30","1","1","1","1","SKD9.0X50X75","","","","1","1","1","PC","1","PC","0","1","","","","","1"
"474-506AA30","1","1","1","1","MA-474-506AA30","","","","1","1","1","PC","1","PC","0","1","","","","","1"
"474-506BA30","1","1","1","1","MA-474-506BA30","","","","1","1","1","PC","1","PC","0","1","","","","","1"
"474-511AA30","1","1","1","1","474-511AA30-M1","","","","1","1","1","PC","1","PC","0","1","","","","","1"
"474-511DA33","1","1","1","1","474-511AA33-M1","","","","1","1","1","PC","1","PC","0","1","","","","","1"
"474-512DA30","1","1","1","1","SKD8E3025","","","","1","1","1","PC","1","PC","0","1","","","","","1"
"474-512DA33","1","1","1","1","SKD6.0X27X32","","","","1","1","1","PC","1","PC","0","1","","","","","1"
"474-512DA38","1","1","1","1","474-512SA38-M1","","","","1","1","1","PC","1","PC","0","1","","","","","1"
"474-512SA33","1","1","1","1","SKD6.0X25X32","","","","1","1","1","PC","1","PC","0","1","","","","","1"
"474-512SA38","1","1","1","1","SKD6G2521","","","","1","1","1","PC","1","PC","0","1","","","","","1"
"474-513AA30","1","1","1","1","SKD6.0X27X32","","","","1","1","1","PC","1","PC","0","1","","","","","1"
"474-514AA30","1","1","1","1","SKD6.0X27X41","","","","1","1","1","PC","1","PC","0","1","","","","","1"
"474-514AA33","1","1","1","1","SKD6.0X25X43","","","","1","1","1","PC","1","PC","0","1","","","","","1"
"474-514AA34","1","1","1","1","474-514AA34-M1","","","","1","1","1","PC","1","PC","0","1","","","","","1"
"474-514AA36","1","1","1","1","SKD6.0X25X43","","","","1","1","1","PC","1","PC","0","1","","","","","1"
"474-514AA38","1","1","1","1","SKD6.0X27X41","","","","1","1","1","PC","1","PC","0","1","","","","","1"
"474-515DA30","1","1","1","1","SKD8E3025","","","","1","1","1","PC","1","PC","0","1","","","","","1"
"474-515DA38","1","1","1","1","474-512SA38-M1","","","","1","1","1","PC","1","PC","0","1","","","","","1"
"474-515SA30","1","1","1","1","SKD6.0X25X32","","","","1","1","1","PC","1","PC","0","1","","","","","1"
"474-515SA33","1","1","1","1","SKD6.0X25X32","","","","1","1","1","PC","1","PC","0","1","","","","","1"
"474-515SA38","1","1","1","1","474-512SA38-M1","","","","1","1","1","PC","1","PC","0","1","","","","","1"
"474-516AA30","1","1","1","1","474-511AA30-M1","","","","1","1","1","PC","1","PC","0","1","","","","","1"
"474-518AA30","1","1","1","1","SKD6.0X27X41","","","","1","1","1","PC","1","PC","0","1","","","","","1"
"474-518AA33","1","1","1","1","SKD6.0X27X41","","","","1","1","1","PC","1","PC","0","1","","","","","1"
"474-518AA34","1","1","1","1","SKD6.0X27X41","","","","1","1","1","PC","1","PC","0","1","","","","","1"
"474-518AA38","1","1","1","1","SKD6G2538","","","","1","1","1","PC","1","PC","0","1","","","","","1"
"474-532SA34","1","1","1","1","SKD6.0X25X32","","","","1","1","1","PC","1","PC","0","1","","","","","1"
"474-533AA33","1","1","1","1","SKD11-DIA38","","","","1","1","1","PC","1","PC","0","1","","","","","1"
"474-534AA33","1","1","1","1","SKD6.0X25X43","","","","1","1","1","PC","1","PC","0","1","","","","","1"
"474-538AA36","1","1","1","1","SKD6.0X25X43","","","","1","1","1","PC","1","PC","0","1","","","","","1"
"474-542AA30","1","1","1","1","SKD6.0X25X32","","","","1","1","1","PC","1","PC","0","1","","","","","1"
"474-542AA33","1","1","1","1","SKD6.0X27X32","","","","1","1","1","PC","1","PC","0","1","","","","","1"
"474-608AA38","1","1","1","1","MA-474-608AA38","","","","1","1","1","PC","1","PC","0","1","","","","","1"
"474-611BA38","1","1","1","1","SKD6G2520","","","","1","1","1","PC","1","PC","0","1","","","","","1"
"474-611DA33","1","1","1","1","SKD6G2520","","","","1","1","1","PC","1","PC","0","1","","","","","1"
"474-612BA38","1","1","1","1","SKD6G2220","","","","1","1","1","PC","1","PC","0","1","","","","","1"
"474-615AA30","1","1","1","1","SKD8E3025","","","","1","1","1","PC","1","PC","0","1","","","","","1"
"474-615AA33","1","1","1","1","SKD7.0X30X28","","","","1","1","1","PC","1","PC","0","1","","","","","1"
"474-615AA34","1","1","1","1","474-615AA33-M","","","","1","1","1","PC","1","PC","0","1","","","","","1"
"474-615AA38","1","1","1","1","SKD8B2130","","","","1","1","1","PC","1","PC","0","1","","","","","1"
"474-616AA30","1","1","1","1","SKD8E3025","","","","1","1","1","PC","1","PC","0","1","","","","","1"
"474-616AA33","1","1","1","1","SKD7.0X30X28","","","","1","1","1","PC","1","PC","0","1","","","","","1"
"474-616AA34","1","1","1","1","474-615AA33-M","","","","1","1","1","PC","1","PC","0","1","","","","","1"
"474-616AA38","1","1","1","1","SKD8B2130","","","","1","1","1","PC","1","PC","0","1","","","","","1"
"474-617AA33","1","1","1","1","SKD7.0X30X32","","","","1","1","1","PC","1","PC","0","1","","","","","1"
"474-619AA30","1","1","1","1","474-619AA30-M1","","","","1","1","1","PC","1","PC","0","1","","","","","1"
"474-619AA33","1","1","1","1","474-619AA33-M1","","","","1","1","1","PC","1","PC","0","1","","","","","1"
"474-619AA34","1","1","1","1","474-619AA33-M1","","","","1","1","1","PC","1","PC","0","1","","","","","1"
"474-620AA30","1","1","1","1","474-619AA30-M1","","","","1","1","1","PC","1","PC","0","1","","","","","1"
"474-620AA33","1","1","1","1","474-619AA33-M1","","","","1","1","1","PC","1","PC","0","1","","","","","1"
"474-620AA34","1","1","1","1","474-619AA33-M1","","","","1","1","1","PC","1","PC","0","1","","","","","1"
"474-621AA38","1","1","1","1","SKD7.0X30X35","","","","1","1","1","PC","1","PC","0","1","","","","","1"
"474-623AA30","1","1","1","1","474-619AA30-M1","","","","1","1","1","PC","1","PC","0","1","","","","","1"
"474-623AA33","1","1","1","1","474-619AA33-M1","","","","1","1","1","PC","1","PC","0","1","","","","","1"
"474-623AA34","1","1","1","1","474-619AA33-M1","","","","1","1","1","PC","1","PC","0","1","","","","","1"
"474-623AA38","1","1","1","1","SKD8B2140","","","","1","1","1","PC","1","PC","0","1","","","","","1"
"474-624AA30","1","1","1","1","474-619AA30-M1","","","","1","1","1","PC","1","PC","0","1","","","","","1"
"474-624AA33","1","1","1","1","474-619AA33-M1","","","","1","1","1","PC","1","PC","0","1","","","","","1"
"474-624AA34","1","1","1","1","474-619AA33-M1","","","","1","1","1","PC","1","PC","0","1","","","","","1"
"474-624AA38","1","1","1","1","SKD8B2140","","","","1","1","1","PC","1","PC","0","1","","","","","1"
"474-625AA38","1","1","1","1","SKD7.0X30X35","","","","1","1","1","PC","1","PC","0","1","","","","","1"
"474-627AA30","1","1","1","1","SKD8E3025","","","","1","1","1","PC","1","PC","0","1","","","","","1"
"474-627AA33","1","1","1","1","SKD7.0X30X32","","","","1","1","1","PC","1","PC","0","1","","","","","1"
"474-627AA34","1","1","1","1","474-615AA33-M","","","","1","1","1","PC","1","PC","0","1","","","","","1"
"474-627AA38","1","1","1","1","SKD7.0X30X32","","","","1","1","1","PC","1","PC","0","1","","","","","1"
"474-628AA30","1","1","1","1","SKD8E3025","","","","1","1","1","PC","1","PC","0","1","","","","","1"
"474-628AA33","1","1","1","1","SKD7.0X30X32","","","","1","1","1","PC","1","PC","0","1","","","","","1"
"474-628AA34","1","1","1","1","474-615AA33-M","","","","1","1","1","PC","1","PC","0","1","","","","","1"
"474-628AA38","1","1","1","1","SKD7.0X30X32","","","","1","1","1","PC","1","PC","0","1","","","","","1"
"474-651AB38","1","1","1","1","SKD11-DIA50","","","","1","1","1","PC","1","PC","0","1","","","","","1"
"474-652AB38","1","1","1","1","SKD11-DIA50","","","","1","1","1","PC","1","PC","0","1","","","","","1"
"474-655BA38","1","1","1","1","SKD8B2140","","","","1","1","1","PC","1","PC","0","1","","","","","1"
"474-656BA38","1","1","1","1","SKD8B2140","","","","1","1","1","PC","1","PC","0","1","","","","","1"
"478-521AB30","1","1","1","1","SKD11022055","","","","1","1","1","PC","1","PC","0","1","","","","","1"
"478-521AB33","1","1","1","1","SKD11022055","","","","1","1","1","PC","1","PC","0","1","","","","","1"
"478-521AB34","1","1","1","1","478-521AB34-M1","","","","1","1","1","PC","1","PC","0","1","","","","","1"
"478-521AB36","1","1","1","1","478-521AB36-M1","","","","1","1","1","PC","1","PC","0","1","","","","","1"
"478-521AC38","1","1","1","1","478-521AB38-M1","","","","1","1","1","PC","1","PC","0","1","","","","","1"
"478-521BA30","1","1","1","1","478-521AB30-M1","","","","1","1","1","PC","1","PC","0","1","","","","","1"
"478-521BA34","1","1","1","1","SKD11022055","","","","1","1","1","PC","1","PC","0","1","","","","","1"
"478-521BB38","1","1","1","1","SKD4.8X22X35","","","","1","1","1","PC","1","PC","0","1","","","","","1"
"478-521EA34","1","1","1","1","SKD4.8X22X35","","","","1","1","1","PC","1","PC","0","1","","","","","1"
"478-521EA36","1","1","1","1","478-521AB36-M1","","","","1","1","1","PC","1","PC","0","1","","","","","1"
"478-521EB30","1","1","1","1","SKD4.8X22X35","","","","1","1","1","PC","1","PC","0","1","","","","","1"
"478-521EB38","1","1","1","1","SKD4.8X22X35","","","","1","1","1","PC","1","PC","0","1","","","","","1"
"478-521FA34","1","1","1","1","SKD4.8X25X35","","","","1","1","1","PC","1","PC","0","1","","","","","1"
"478-521FA36","1","1","1","1","478-521AB36-M1","","","","1","1","1","PC","1","PC","0","1","","","","","1"
"478-522AB30","1","1","1","1","SKD11022067","","","","1","1","1","PC","1","PC","0","1","","","","","1"
"478-522AB34","1","1","1","1","SKD5.95X22X35","","","","1","1","1","PC","1","PC","0","1","","","","","1"
"478-522AB36","1","1","1","1","SKD5.95X22X35","","","","1","1","1","PC","1","PC","0","1","","","","","1"
"478-522AB38","1","1","1","1","478-522AB38-M1","","","","1","1","1","PC","1","PC","0","1","","","","","1"
"478-522DA30","1","1","1","1","SKD5.95X22X35","","","","1","1","1","PC","1","PC","0","1","","","","","1"
"478-522DA33","1","1","1","1","SKD11022067","","","","1","1","1","PC","1","PC","0","1","","","","","1"
"478-522DA34","1","1","1","1","SKD11022067","","","","1","1","1","PC","1","PC","0","1","","","","","1"
"478-522DA36","1","1","1","1","SKD5.95X22X35","","","","1","1","1","PC","1","PC","0","1","","","","","1"
"478-522DC38","1","1","1","1","SKD5.95X22X35","","","","1","1","1","PC","1","PC","0","1","","","","","1"
"478-522EB30","1","1","1","1","SKD5.95X22X35","","","","1","1","1","PC","1","PC","0","1","","","","","1"
"478-522EB34","1","1","1","1","SKD5.95X22X35","","","","1","1","1","PC","1","PC","0","1","","","","","1"
"478-522GB33","1","1","1","1","SKD5.95X22X35","","","","1","1","1","PC","1","PC","0","1","","","","","1"
"478-523AB30","1","1","1","1","SKD11022055","","","","1","1","1","PC","1","PC","0","1","","","","","1"
"478-523AB33","1","1","1","1","SKD4.8X22X35","","","","1","1","1","PC","1","PC","0","1","","","","","1"
"478-523AB34","1","1","1","1","SKD4.8X22X35","","","","1","1","1","PC","1","PC","0","1","","","","","1"
"478-524AB30","1","1","1","1","SKD11022067","","","","1","1","1","PC","1","PC","0","1","","","","","1"
"478-524AB33","1","1","1","1","SKD11022067","","","","1","1","1","PC","1","PC","0","1","","","","","1"
"478-524AB34","1","1","1","1","SKD5.95X22X35","","","","1","1","1","PC","1","PC","0","1","","","","","1"
"478-524AB36","1","1","1","1","SKD5.95X22X35","","","","1","1","1","PC","1","PC","0","1","","","","","1"
"478-524AB38","1","1","1","1","SKD5.95X22X35","","","","1","1","1","PC","1","PC","0","1","","","","","1"
"478-524BA30","1","1","1","1","SKD5.95X22X35","","","","1","1","1","PC","1","PC","0","1","","","","","1"
"478-524DA34","1","1","1","1","SKD11022067","","","","1","1","1","PC","1","PC","0","1","","","","","1"
"478-524DC38","1","1","1","1","SKD5.95X22X35","","","","1","1","1","PC","1","PC","0","1","","","","","1"
"478-524EA34","1","1","1","1","SKD5.95X22X35","","","","1","1","1","PC","1","PC","0","1","","","","","1"
"478-524EA36","1","1","1","1","478-522AB33-M1","","","","1","1","1","PC","1","PC","0","1","","","","","1"
"478-524EB30","1","1","1","1","SKD5.95X22X35","","","","1","1","1","PC","1","PC","0","1","","","","","1"
"478-524FA34","1","1","1","1","SKD5.95X22X35","","","","1","1","1","PC","1","PC","0","1","","","","","1"
"478-525AB30","1","1","1","1","SKD5.95X22X35","","","","1","1","1","PC","1","PC","0","1","","","","","1"
"478-525AB34","1","1","1","1","SKD5.95X22X35","","","","1","1","1","PC","1","PC","0","1","","","","","1"
"478-531AB33","1","1","1","1","SKD11022055","","","","1","1","1","PC","1","PC","0","1","","","","","1"
"478-531BA30","1","1","1","1","SKD4.8X22X35","","","","1","1","1","PC","1","PC","0","1","","","","","1"
"478-531FA30","1","1","1","1","SKD4.8X22X35","","","","1","1","1","PC","1","PC","0","1","","","","","1"
"478-533AB30","1","1","1","1","SKD4.8X30X35","","","","1","1","1","PC","1","PC","0","1","","","","","1"
"478-533AB33","1","1","1","1","SKD11022055","","","","1","1","1","PC","1","PC","0","1","","","","","1"
"478-533AB34","1","1","1","1","478-521AB34-M1","","","","1","1","1","PC","1","PC","0","1","","","","","1"
"478-533AB36","1","1","1","1","478-521AB36-M","","","","1","1","1","PC","1","PC","0","1","","","","","1"
"478-533AC38","1","1","1","1","478-521AB38-M1","","","","1","1","1","PC","1","PC","0","1","","","","","1"
"478-533BA30","1","1","1","1","SKD4.8X30X35","","","","1","1","1","PC","1","PC","0","1","","","","","1"
"478-533BA34","1","1","1","1","SKD11022055","","","","1","1","1","PC","1","PC","0","1","","","","","1"
"478-533EA36","1","1","1","1","478-521AB36-M1","","","","1","1","1","PC","1","PC","0","1","","","","","1"
"478-533EB30","1","1","1","1","SKD4.8X22X35","","","","1","1","1","PC","1","PC","0","1","","","","","1"
"478-535BB30","1","1","1","1","SKD11022055","","","","1","1","1","PC","1","PC","0","1","","","","","1"
"478-607AA30","1","1","1","1","MA-478-607AA30","","","","1","1","1","PC","1","PC","0","1","","","","","1"
"478-607AA34","1","1","1","1","MA-478-607AA34","","","","1","1","1","PC","1","PC","0","1","","","","","1"
"478-607BA30","1","1","1","1","MA-478-607BA30","","","","1","1","1","PC","1","PC","0","1","","","","","1"
"478-607BA34","1","1","1","1","MA-478-607BA34","","","","1","1","1","PC","1","PC","0","1","","","","","1"
"478-608AA30","1","1","1","1","MA-478-608AA30","","","","1","1","1","PC","1","PC","0","1","","","","","1"
"478-608AA34","1","1","1","1","MA-478-608AA34","","","","1","1","1","PC","1","PC","0","1","","","","","1"
"478-623AA30","1","1","1","1","SKD5E2532","","","","1","1","1","PC","1","PC","0","1","","","","","1"
"478-623AA33","1","1","1","1","SKD5E2532","","","","1","1","1","PC","1","PC","0","1","","","","","1"
"478-623AA34","1","1","1","1","SKD4.8X30X32","","","","1","1","1","PC","1","PC","0","1","","","","","1"
"478-623AA36","1","1","1","1","SKD4.8X30X35","","","","1","1","1","PC","1","PC","0","1","","","","","1"
"478-623BA30","1","1","1","1","SKD5E2532","","","","1","1","1","PC","1","PC","0","1","","","","","1"
"478-623BA34","1","1","1","1","SKD5E2533","","","","1","1","1","PC","1","PC","0","1","","","","","1"
"478-623BA38","1","1","1","1","SKD4.8X30X35","","","","1","1","1","PC","1","PC","0","1","","","","","1"
"478-623DA30","1","1","1","1","SKD4.8X30X32","","","","1","1","1","PC","1","PC","0","1","","","","","1"
"478-623DA34","1","1","1","1","SKD4.8X30X32","","","","1","1","1","PC","1","PC","0","1","","","","","1"
"478-623DA36","1","1","1","1","SKD4.8X30X35","","","","1","1","1","PC","1","PC","0","1","","","","","1"
"478-623DA38","1","1","1","1","SKD4.8X30X35","","","","1","1","1","PC","1","PC","0","1","","","","","1"
"478-623FA34","1","1","1","1","SKD4.8X30X35","","","","1","1","1","PC","1","PC","0","1","","","","","1"
"478-623FA36","1","1","1","1","SKD4.8X30X35","","","","1","1","1","PC","1","PC","0","1","","","","","1"
"478-624AA30","1","1","1","1","SKD11025055","","","","1","1","1","PC","1","PC","0","1","","","","","1"
"478-624AA33","1","1","1","1","SKD5E2532","","","","1","1","1","PC","1","PC","0","1","","","","","1"
"478-624AA34","1","1","1","1","SKD4.8X30X32","","","","1","1","1","PC","1","PC","0","1","","","","","1"
"478-624AA36","1","1","1","1","SKD4.8X30X32","","","","1","1","1","PC","1","PC","0","1","","","","","1"
"478-624AB30","1","1","1","1","SKD4.8X30X32","","","","1","1","1","PC","1","PC","0","1","","","","","1"
"478-624BA30","1","1","1","1","SKD5E2532","","","","1","1","1","PC","1","PC","0","1","","","","","1"
"478-624BA34","1","1","1","1","SKD5E2533","","","","1","1","1","PC","1","PC","0","1","","","","","1"
"478-624BA38","1","1","1","1","SKD4.8X30X35","","","","1","1","1","PC","1","PC","0","1","","","","","1"
"478-624BB30","1","1","1","1","SKD4.8X30X32","","","","1","1","1","PC","1","PC","0","1","","","","","1"
"478-624DA30","1","1","1","1","SKD4.8X30X32","","","","1","1","1","PC","1","PC","0","1","","","","","1"
"478-624DA34","1","1","1","1","SKD4.8X30X32","","","","1","1","1","PC","1","PC","0","1","","","","","1"
"478-624DA38","1","1","1","1","SKD4.8X30X35","","","","1","1","1","PC","1","PC","0","1","","","","","1"
"478-624FA34","1","1","1","1","SKD4.8X30X35","","","","1","1","1","PC","1","PC","0","1","","","","","1"
"478-624FA36","1","1","1","1","SKD4.8X30X35","","","","1","1","1","PC","1","PC","0","1","","","","","1"
"478-625AA33","1","1","1","1","SKD6G2531","","","","1","1","1","PC","1","PC","0","1","","","","","1"
"478-625AA34","1","1","1","1","SKD6.0X25X35","","","","1","1","1","PC","1","PC","0","1","","","","","1"
"478-625AA38","1","1","1","1","478-625AA34-M1","","","","1","1","1","PC","1","PC","0","1","","","","","1"
"478-625DA34","1","1","1","1","SKD6G2534","","","","1","1","1","PC","1","PC","0","1","","","","","1"
"478-625DA38","1","1","1","1","SKD6.0X25X35","","","","1","1","1","PC","1","PC","0","1","","","","","1"
"478-625FA34","1","1","1","1","SKD6.0X25X35","","","","1","1","1","PC","1","PC","0","1","","","","","1"
"478-626AA33","1","1","1","1","SKD6G2531","","","","1","1","1","PC","1","PC","0","1","","","","","1"
"478-626AA34","1","1","1","1","SKD6.0X25X35","","","","1","1","1","PC","1","PC","0","1","","","","","1"
"478-626AA38","1","1","1","1","478-625AA34-M1","","","","1","1","1","PC","1","PC","0","1","","","","","1"
"478-626DA34","1","1","1","1","SKD6G2534","","","","1","1","1","PC","1","PC","0","1","","","","","1"
"478-626DA38","1","1","1","1","SKD6.0X25X35","","","","1","1","1","PC","1","PC","0","1","","","","","1"
"478-626FA34","1","1","1","1","SKD6.0X25X35","","","","1","1","1","PC","1","PC","0","1","","","","","1"
"478-627AA33","1","1","1","1","SKD5E2532","","","","1","1","1","PC","1","PC","0","1","","","","","1"
"478-628AA33","1","1","1","1","SKD5E2532","","","","1","1","1","PC","1","PC","0","1","","","","","1"
"478-629AA30","1","1","1","1","SKD5E2532","","","","1","1","1","PC","1","PC","0","1","","","","","1"
"478-629AA33","1","1","1","1","SKD4.8X30X35","","","","1","1","1","PC","1","PC","0","1","","","","","1"
"478-629AB30","1","1","1","1","SKD4.8X30X32","","","","1","1","1","PC","1","PC","0","1","","","","","1"
"478-629BA34","1","1","1","1","SKD5E2533","","","","1","1","1","PC","1","PC","0","1","","","","","1"
"478-629CA34","1","1","1","1","SKD4.8X30X35","","","","1","1","1","PC","1","PC","0","1","","","","","1"
"478-629CA38","1","1","1","1","SKD4.8X30X35","","","","1","1","1","PC","1","PC","0","1","","","","","1"
"478-629DA34","1","1","1","1","SKD4.8X30X35","","","","1","1","1","PC","1","PC","0","1","","","","","1"
"478-630AA30","1","1","1","1","SKD5E2532","","","","1","1","1","PC","1","PC","0","1","","","","","1"
"478-630AB30","1","1","1","1","SKD4.8X30X32","","","","1","1","1","PC","1","PC","0","1","","","","","1"
"478-630BA34","1","1","1","1","SKD5E2533","","","","1","1","1","PC","1","PC","0","1","","","","","1"
"478-630BB30","1","1","1","1","SKD4.8X30X32","","","","1","1","1","PC","1","PC","0","1","","","","","1"
"478-630CA34","1","1","1","1","SKD4.8X30X32","","","","1","1","1","PC","1","PC","0","1","","","","","1"
"478-630CA38","1","1","1","1","SKD4.8X30X35","","","","1","1","1","PC","1","PC","0","1","","","","","1"
"478-630DA34","1","1","1","1","SKD4.8X30X35","","","","1","1","1","PC","1","PC","0","1","","","","","1"
"478-631AA30","1","1","1","1","SKD6G2732","","","","1","1","1","PC","1","PC","0","1","","","","","1"
"478-631AA33","1","1","1","1","SKD6G2531","","","","1","1","1","PC","1","PC","0","1","","","","","1"
"478-631AA34","1","1","1","1","SKD6.0X25X35","","","","1","1","1","PC","1","PC","0","1","","","","","1"
"478-631BA34","1","1","1","1","SKD6G2534","","","","1","1","1","PC","1","PC","0","1","","","","","1"
"478-631BA38","1","1","1","1","SKD6.0X25X35","","","","1","1","1","PC","1","PC","0","1","","","","","1"
"478-631DA33","1","1","1","1","SKD6.0X25X35","","","","1","1","1","PC","1","PC","0","1","","","","","1"
"478-631DA34","1","1","1","1","SKD6.0X25X35","","","","1","1","1","PC","1","PC","0","1","","","","","1"
"478-632AA30","1","1","1","1","SKD6G2732","","","","1","1","1","PC","1","PC","0","1","","","","","1"
"478-632AA33","1","1","1","1","SKD6G2531","","","","1","1","1","PC","1","PC","0","1","","","","","1"
"478-632AA34","1","1","1","1","SKD6.0X25X35","","","","1","1","1","PC","1","PC","0","1","","","","","1"
"478-632BA34","1","1","1","1","SKD6G2534","","","","1","1","1","PC","1","PC","0","1","","","","","1"
"478-632DA33","1","1","1","1","SKD6.0X25X35","","","","1","1","1","PC","1","PC","0","1","","","","","1"
"478-632DA34","1","1","1","1","SKD6.0X25X35","","","","1","1","1","PC","1","PC","0","1","","","","","1"
"478-633AA38","1","1","1","1","SKD6.0X25X35","","","","1","1","1","PC","1","PC","0","1","","","","","1"
"478-636BB30","1","1","1","1","SKD4.8X30X32","","","","1","1","1","PC","1","PC","0","1","","","","","1"
"479-506AA30","1","1","1","1","MA-479-506AA30","","","","1","1","1","PC","1","PC","0","1","","","","","1"
"479-506AA34","1","1","1","1","MA-479-506AA34","","","","1","1","1","PC","1","PC","0","1","","","","","1"
"479-506AA36","1","1","1","1","MA-479-506AA36","","","","1","1","1","PC","1","PC","0","1","","","","","1"
"479-506BA30","1","1","1","1","MA-479-506BA30","","","","1","1","1","PC","1","PC","0","1","","","","","1"
"479-506BA34","1","1","1","1","MA-479-506BA34","","","","1","1","1","PC","1","PC","0","1","","","","","1"
"479-506BA36","1","1","1","1","MA-479-506BA36","","","","1","1","1","PC","1","PC","0","1","","","","","1"
"479-511AA30","1","1","1","1","NC-479-511AA30-MA-NC","","","","1","1","1","PC","1","PC","0","1","","","","","1"
"479-511AA36","1","1","1","1","SKD5E2520","","","","1","1","1","PC","1","PC","0","1","","","","","1"
"479-511BA30","1","1","1","1","479-511AA30-M1","","","","1","1","1","PC","1","PC","0","1","","","","","1"
"479-511BA36","1","1","1","1","SKD5E2520","","","","1","1","1","PC","1","PC","0","1","","","","","1"
"479-511CA30","1","1","1","1","SKD5E2520","","","","1","1","1","PC","1","PC","0","1","","","","","1"
"479-511CA36","1","1","1","1","SKD5E2520","","","","1","1","1","PC","1","PC","0","1","","","","","1"
"479-511KA30","1","1","1","1","479-511JA30-M1","","","","1","1","1","PC","1","PC","0","1","","","","","1"
"479-511MA36","1","1","1","1","479-511AA36-M1","","","","1","1","1","PC","1","PC","0","1","","","","","1"
"479-512AA30","1","1","1","1","479-512AA30-M1","","","","1","1","1","PC","1","PC","0","1","","","","","1"
"479-512AA33","1","1","1","1","SKD6.0X25X32","","","","1","1","1","PC","1","PC","0","1","","","","","1"
"479-512AA34","1","1","1","1","SKD6G2532","","","","1","1","1","PC","1","PC","0","1","","","","","1"
"479-512AA36","1","1","1","1","479-512AA36-M1","","","","1","1","1","PC","1","PC","0","1","","","","","1"
"479-512AA38","1","1","1","1","479-512AA38-M1","","","","1","1","1","PC","1","PC","0","1","","","","","1"
"479-512DA34","1","1","1","1","SKD6.0X25X32","","","","1","1","1","PC","1","PC","0","1","","","","","1"
"479-512JA34","1","1","1","1","SKD6.0X27X32","","","","1","1","1","PC","1","PC","0","1","","","","","1"
"479-512JA36","1","1","1","1","SKD6.0X27X32","","","","1","1","1","PC","1","PC","0","1","","","","","1"
"479-513AB30","1","1","1","1","SKD5.95X25X32","","","","1","1","1","PC","1","PC","0","1","","","","","1"
"479-513AB34","1","1","1","1","SKD5.95X25X32","","","","1","1","1","PC","1","PC","0","1","","","","","1"
"479-513BB30","1","1","1","1","SKD5.95X25X32","","","","1","1","1","PC","1","PC","0","1","","","","","1"
"479-513BB34","1","1","1","1","SKD5.95X25X32","","","","1","1","1","PC","1","PC","0","1","","","","","1"
"479-514AA30","1","1","1","1","SKD5.95X25X48","","","","1","1","1","PC","1","PC","0","1","","","","","1"
"479-514AA33","1","1","1","1","SKD6G2548","","","","1","1","1","PC","1","PC","0","1","","","","","1"
"479-514AA34","1","1","1","1","SKD6G2548","","","","1","1","1","PC","1","PC","0","1","","","","","1"
"479-514AA36","1","1","1","1","SKD6G2548","","","","1","1","1","PC","1","PC","0","1","","","","","1"
"479-514AA38","1","1","1","1","479-514AA36-M1","","","","1","1","1","PC","1","PC","0","1","","","","","1"
"479-514CA34","1","1","1","1","479-514CA34-M1","","","","1","1","1","PC","1","PC","0","1","","","","","1"
"479-515AA30","1","1","1","1","479-512AA30-M1","","","","1","1","1","PC","1","PC","0","1","","","","","1"
"479-515AA33","1","1","1","1","SKD6G2532","","","","1","1","1","PC","1","PC","0","1","","","","","1"
"479-515AA34","1","1","1","1","SKD6G2532","","","","1","1","1","PC","1","PC","0","1","","","","","1"
"479-515AA36","1","1","1","1","SKD6G2532","","","","1","1","1","PC","1","PC","0","1","","","","","1"
"479-515AA38","1","1","1","1","479-512AA38-M1","","","","1","1","1","PC","1","PC","0","1","","","","","1"
"479-516AA30","1","1","1","1","NC-479-516AA30-MA-NC","","","","1","1","1","PC","1","PC","0","1","","","","","1"
"479-516AA36","1","1","1","1","SKD5E2520","","","","1","1","1","PC","1","PC","0","1","","","","","1"
"479-516CA36","1","1","1","1","SKD5E2520","","","","1","1","1","PC","1","PC","0","1","","","","","1"
"479-518AA30","1","1","1","1","SKD5.95X25X45","","","","1","1","1","PC","1","PC","0","1","","","","","1"
"479-518AA33","1","1","1","1","SKD6G2548","","","","1","1","1","PC","1","PC","0","1","","","","","1"
"479-518AA34","1","1","1","1","SKD6G2548","","","","1","1","1","PC","1","PC","0","1","","","","","1"
"479-518AA36","1","1","1","1","V8ER-MY4AA36","","","","1","1","1","PC","1","PC","0","1","","","","","1"
"479-518AA38","1","1","1","1","479-514AA36-M1","","","","1","1","1","PC","1","PC","0","1","","","","","1"
"479-518CA34","1","1","1","1","479-514CA34-M1","","","","1","1","1","PC","1","PC","0","1","","","","","1"
"479-518HA30","1","1","1","1","SKD5.95X25X48","","","","1","1","1","PC","1","PC","0","1","","","","","1"
"479-518HA34","1","1","1","1","SKD5.95X25X48","","","","1","1","1","PC","1","PC","0","1","","","","","1"
"479-518HA36","1","1","1","1","SKD5.95X25X50","","","","1","1","1","PC","1","PC","0","1","","","","","1"
"479-518HA38","1","1","1","1","479-518HA38-M1","","","","1","1","1","PC","1","PC","0","1","","","","","1"
"479-542AA30","1","1","1","1","SKD6.0X27X32","","","","1","1","1","PC","1","PC","0","1","","","","","1"
"479-542AA36","1","1","1","1","SKD6.0X27X35","","","","1","1","1","PC","1","PC","0","1","","","","","1"
"479-545AA36","1","1","1","1","SKD6.0X27X35","","","","1","1","1","PC","1","PC","0","1","","","","","1"
"479-548AA36","1","1","1","1","SKD6.0X27X35","","","","1","1","1","PC","1","PC","0","1","","","","","1"
"479-548CA30","1","1","1","1","SKD6.0X27X35","","","","1","1","1","PC","1","PC","0","1","","","","","1"
"479-607AA30","1","1","1","1","MA-479-607AA30","","","","1","1","1","PC","1","PC","0","1","","","","","1"
"479-607AA33","1","1","1","1","MA-479-607AA33","","","","1","1","1","PC","1","PC","0","1","","","","","1"
"479-607AA34","1","1","1","1","MA-479-607AA34","","","","1","1","1","PC","1","PC","0","1","","","","","1"
"479-607AA36","1","1","1","1","MA-479-607AA36","","","","1","1","1","PC","1","PC","0","1","","","","","1"
"479-607BA30","1","1","1","1","MA-479-607BA30","","","","1","1","1","PC","1","PC","0","1","","","","","1"
"479-607BA33","1","1","1","1","MA-479-607BA33","","","","1","1","1","PC","1","PC","0","1","","","","","1"
"479-607BA34","1","1","1","1","MA-479-607BA34","","","","1","1","1","PC","1","PC","0","1","","","","","1"
"479-607BA36","1","1","1","1","MA-479-607BA36","","","","1","1","1","PC","1","PC","0","1","","","","","1"
"479-608AA33","1","1","1","1","MA-479-608AA33","","","","1","1","1","PC","1","PC","0","1","","","","","1"
"479-608AA34","1","1","1","1","MA-479-608AA34","","","","1","1","1","PC","1","PC","0","1","","","","","1"
"479-608AA36","1","1","1","1","MA-479-608AA36","","","","1","1","1","PC","1","PC","0","1","","","","","1"
"479-608BA36","1","1","1","1","MA-479-608BA36","","","","1","1","1","PC","1","PC","0","1","","","","","1"
"479-611AA34","1","1","1","1","SKD6G2518","","","","1","1","1","PC","1","PC","0","1","","","","","1"
"479-611AA36","1","1","1","1","SKD6G2519","","","","1","1","1","PC","1","PC","0","1","","","","","1"
"479-611BA30","1","1","1","1","SKD6G2518","","","","1","1","1","PC","1","PC","0","1","","","","","1"
"479-611BA34","1","1","1","1","SKD6G2518","","","","1","1","1","PC","1","PC","0","1","","","","","1"
"479-611BA36","1","1","1","1","SKD6G2519","","","","1","1","1","PC","1","PC","0","1","","","","","1"
"479-611CA36","1","1","1","1","SKD6G2519","","","","1","1","1","PC","1","PC","0","1","","","","","1"
"479-611CB34","1","1","1","1","SKD6G2518","","","","1","1","1","PC","1","PC","0","1","","","","","1"
"479-612AA34","1","1","1","1","SKD6G2218","","","","1","1","1","PC","1","PC","0","1","","","","","1"
"479-612AA36","1","1","1","1","SKD6G2218","","","","1","1","1","PC","1","PC","0","1","","","","","1"
"479-612BA30","1","1","1","1","SKD6G2218","","","","1","1","1","PC","1","PC","0","1","","","","","1"
"479-612BA34","1","1","1","1","SKD6G2218","","","","1","1","1","PC","1","PC","0","1","","","","","1"
"479-612BA36","1","1","1","1","SKD6G2218","","","","1","1","1","PC","1","PC","0","1","","","","","1"
"479-612CA36","1","1","1","1","SKD6G2218","","","","1","1","1","PC","1","PC","0","1","","","","","1"
"479-612CB34","1","1","1","1","SKD6G2218","","","","1","1","1","PC","1","PC","0","1","","","","","1"
"479-613AA36","1","1","1","1","SKD6G2218","","","","1","1","1","PC","1","PC","0","1","","","","","1"
"479-613BA34","1","1","1","1","SKD6G2218","","","","1","1","1","PC","1","PC","0","1","","","","","1"
"479-613BA36","1","1","1","1","SKD6G2218","","","","1","1","1","PC","1","PC","0","1","","","","","1"
"479-615AA30","1","1","1","1","479-615AA30-M","","","","1","1","1","PC","1","PC","0","1","","","","","1"
"479-615AA33","1","1","1","1","SKD8B2130","","","","1","1","1","PC","1","PC","0","1","","","","","1"
"479-615AA34","1","1","1","1","SKD8B2130","","","","1","1","1","PC","1","PC","0","1","","","","","1"
"479-615AA36","1","1","1","1","SKD7.0X30X32","","","","1","1","1","PC","1","PC","0","1","","","","","1"
"479-615AA38","1","1","1","1","479-615AA36-M1","","","","1","1","1","PC","1","PC","0","1","","","","","1"
"479-615JA34","1","1","1","1","SKD7.0X30X32","","","","1","1","1","PC","1","PC","0","1","","","","","1"
"479-615JA36","1","1","1","1","SKD7.0X30X32","","","","1","1","1","PC","1","PC","0","1","","","","","1"
"479-616AA30","1","1","1","1","479-615AA30-M","","","","1","1","1","PC","1","PC","0","1","","","","","1"
"479-616AA33","1","1","1","1","SKD8B2130","","","","1","1","1","PC","1","PC","0","1","","","","","1"
"479-616AA34","1","1","1","1","SKD8B2130","","","","1","1","1","PC","1","PC","0","1","","","","","1"
"479-616AA36","1","1","1","1","SKD8B2130","","","","1","1","1","PC","1","PC","0","1","","","","","1"
"479-616AA38","1","1","1","1","479-615AA36-M1","","","","1","1","1","PC","1","PC","0","1","","","","","1"
"479-616JA34","1","1","1","1","SKD7.0X30X32","","","","1","1","1","PC","1","PC","0","1","","","","","1"
"479-617AA34","1","1","1","1","SKD7.0X30X32","","","","1","1","1","PC","1","PC","0","1","","","","","1"
"479-617AA36","1","1","1","1","SKD7.0X30X32","","","","1","1","1","PC","1","PC","0","1","","","","","1"
"479-619AA30","1","1","1","1","479-619AA30-M1","","","","1","1","1","PC","1","PC","0","1","","","","","1"
"479-619AA34","1","1","1","1","SKD8B2148","","","","1","1","1","PC","1","PC","0","1","","","","","1"
"479-619AA36","1","1","1","1","SKD8B2148","","","","1","1","1","PC","1","PC","0","1","","","","","1"
"479-619AA38","1","1","1","1","479-619AA36-M1","","","","1","1","1","PC","1","PC","0","1","","","","","1"
"479-620AA30","1","1","1","1","479-619AA30-M1","","","","1","1","1","PC","1","PC","0","1","","","","","1"
"479-620AA34","1","1","1","1","SKD8B2148","","","","1","1","1","PC","1","PC","0","1","","","","","1"
"479-620AA36","1","1","1","1","SKD8B2148","","","","1","1","1","PC","1","PC","0","1","","","","","1"
"479-620AA38","1","1","1","1","479-619AA36-M1","","","","1","1","1","PC","1","PC","0","1","","","","","1"
"479-620DA34","1","1","1","1","SKD8B2144","","","","1","1","1","PC","1","PC","0","1","","","","","1"
"479-623AA30","1","1","1","1","479-619AA30-M1","","","","1","1","1","PC","1","PC","0","1","","","","","1"
"479-623AA34","1","1","1","1","SKD8B2148","","","","1","1","1","PC","1","PC","0","1","","","","","1"
"479-623AA36","1","1","1","1","SKD8B2148","","","","1","1","1","PC","1","PC","0","1","","","","","1"
"479-623AA38","1","1","1","1","479-619AA36-M1","","","","1","1","1","PC","1","PC","0","1","","","","","1"
"479-624AA30","1","1","1","1","479-619AA30-M1","","","","1","1","1","PC","1","PC","0","1","","","","","1"
"479-624AA34","1","1","1","1","SKD8B2148","","","","1","1","1","PC","1","PC","0","1","","","","","1"
"479-624AA36","1","1","1","1","SKD8B2148","","","","1","1","1","PC","1","PC","0","1","","","","","1"
"479-624AA38","1","1","1","1","479-619AA36-M1","","","","1","1","1","PC","1","PC","0","1","","","","","1"
"479-627AA30","1","1","1","1","479-615AA30-M","","","","1","1","1","PC","1","PC","0","1","","","","","1"
"479-627AA33","1","1","1","1","SKD8B2130","","","","1","1","1","PC","1","PC","0","1","","","","","1"
"479-627AA34","1","1","1","1","SKD8B2130","","","","1","1","1","PC","1","PC","0","1","","","","","1"
"479-627AA36","1","1","1","1","SKD7.0X30X32","","","","1","1","1","PC","1","PC","0","1","","","","","1"
"479-627AA38","1","1","1","1","479-615AA36-M1","","","","1","1","1","PC","1","PC","0","1","","","","","1"
"479-628AA30","1","1","1","1","479-615AA30-M","","","","1","1","1","PC","1","PC","0","1","","","","","1"
"479-628AA33","1","1","1","1","SKD8B2130","","","","1","1","1","PC","1","PC","0","1","","","","","1"
"479-628AA34","1","1","1","1","SKD8B2130","","","","1","1","1","PC","1","PC","0","1","","","","","1"
"479-628AA36","1","1","1","1","SKD8B2130","","","","1","1","1","PC","1","PC","0","1","","","","","1"
"479-628AA38","1","1","1","1","479-615AA36-M1","","","","1","1","1","PC","1","PC","0","1","","","","","1"
"479-629AA34","1","1","1","1","SKD7.0X30X32","","","","1","1","1","PC","1","PC","0","1","","","","","1"
"479-629AA36","1","1","1","1","SKD7.0X30X32","","","","1","1","1","PC","1","PC","0","1","","","","","1"
"479-631AA30","1","1","1","1","SKD6G2518","","","","1","1","1","PC","1","PC","0","1","","","","","1"
"479-631AA34","1","1","1","1","SKD6G2518","","","","1","1","1","PC","1","PC","0","1","","","","","1"
"479-631AA36","1","1","1","1","SKD6G2519","","","","1","1","1","PC","1","PC","0","1","","","","","1"
"479-631CA34","1","1","1","1","SKD6G2518","","","","1","1","1","PC","1","PC","0","1","","","","","1"
"479-632AA30","1","1","1","1","SKD6G2218","","","","1","1","1","PC","1","PC","0","1","","","","","1"
"479-632AA34","1","1","1","1","SKD6G2218","","","","1","1","1","PC","1","PC","0","1","","","","","1"
"479-632AA36","1","1","1","1","SKD6G2218","","","","1","1","1","PC","1","PC","0","1","","","","","1"
"479-632CA34","1","1","1","1","SKD6G2218","","","","1","1","1","PC","1","PC","0","1","","","","","1"
"479-633AA36","1","1","1","1","SKD6G2218","","","","1","1","1","PC","1","PC","0","1","","","","","1"
"479-651AB33","1","1","1","1","SKD8B2130","","","","1","1","1","PC","1","PC","0","1","","","","","1"
"479-651AB36","1","1","1","1","V8ER-MF1AB36","","","","1","1","1","PC","1","PC","0","1","","","","","1"
"479-651CA34","1","1","1","1","SKD11021082","","","","1","1","1","PC","1","PC","0","1","","","","","1"
"479-652AB33","1","1","1","1","SKD8B2130","","","","1","1","1","PC","1","PC","0","1","","","","","1"
"479-652AB36","1","1","1","1","V8ER-MF1AB36","","","","1","1","1","PC","1","PC","0","1","","","","","1"
"479-652CA34","1","1","1","1","SKD11021082","","","","1","1","1","PC","1","PC","0","1","","","","","1"
"479-684AA36","1","1","1","1","SKD7.0X30X32","","","","1","1","1","PC","1","PC","0","1","","","","","1"
"479-686AA36","1","1","1","1","SKD7.0X30X32","","","","1","1","1","PC","1","PC","0","1","","","","","1"
"485-511BA30","1","1","1","1","SKD6G2720","","","","1","1","1","PC","1","PC","0","1","","","","","1"
"485-512AA30","1","1","1","1","SKD6G4740","","","","1","1","1","PC","1","PC","0","1","","","","","1"
"485-512BA30","1","1","1","1","SKD6G4740","","","","1","1","1","PC","1","PC","0","1","","","","","1"
"485-518AA30","1","1","1","1","SKD6G5040","","","","1","1","1","PC","1","PC","0","1","","","","","1"
"485-519AA30","1","1","1","1","SKD8B2914","","","","1","1","1","PC","1","PC","0","1","","","","","1"
"485-611DA30","1","1","1","1","SKD6G2518","","","","1","1","1","PC","1","PC","0","1","","","","","1"
"485-612AA30","1","1","1","1","SKD7Z3035","","","","1","1","1","PC","1","PC","0","1","","","","","1"
"485-612BA30","1","1","1","1","SKD7Z3035","","","","1","1","1","PC","1","PC","0","1","","","","","1"
"485-613AA30","1","1","1","1","NC-485-613AA30","","","","1","1","1","PC","1","PC","0","1","","","","","1"
"485-614AA30","1","1","1","1","NC-485-614AA30","","","","1","1","1","PC","1","PC","0","1","","","","","1"
"485-615AA30","1","1","1","1","NC-485-615AA30","","","","1","1","1","PC","1","PC","0","1","","","","","1"
"485-616AA30","1","1","1","1","NC-485-616AA30","","","","1","1","1","PC","1","PC","0","1","","","","","1"
"485-616AA38","1","1","1","1","NC-485-616AA38","","","","1","1","1","PC","1","PC","0","1","","","","","1"
"485-617AA30","1","1","1","1","NC-485-617AA30","","","","1","1","1","PC","1","PC","0","1","","","","","1"
"485-618AA30","1","1","1","1","NC-485-618AA30","","","","1","1","1","PC","1","PC","0","1","","","","","1"
"485-619AA30","1","1","1","1","NC-485-619AA30","","","","1","1","1","PC","1","PC","0","1","","","","","1"
"485-620AA30","1","1","1","1","NC-485-620AA30","","","","1","1","1","PC","1","PC","0","1","","","","","1"
"485-620AA38","1","1","1","1","NC-485-620AA38","","","","1","1","1","PC","1","PC","0","1","","","","","1"
"485-621AA30","1","1","1","1","SKD6G2523","","","","1","1","1","PC","1","PC","0","1","","","","","1"
"485-622AA30","1","1","1","1","SKD6G1535","","","","1","1","1","PC","1","PC","0","1","","","","","1"
"5108-511CA36","1","1","1","1","5108-511AA30-M1","","","","1","1","1","PC","1","PC","0","1","","","","","1"
"5108-511DA42","1","1","1","1","SKD4.8X30X32","","","","1","1","1","PC","1","PC","0","1","","","","","1"
"5108-516BA33","1","1","1","1","SKD4.8X30X32","","","","1","1","1","PC","1","PC","0","1","","","","","1"
"5108-613CA36","1","1","1","1","SKD4.8X30X32","","","","1","1","1","PC","1","PC","0","1","","","","","1"
"5108-614CA36","1","1","1","1","SKD4.8X30X32","","","","1","1","1","PC","1","PC","0","1","","","","","1"
"5121-511AA42","1","1","1","1","5121-511AA42-M1","","","","1","1","1","PC","1","PC","0","1","","","","","1"
"5121-512AB34","1","1","1","1","SKD6.0X25X45","","","","1","1","1","PC","1","PC","0","1","","","","","1"
"5121-521AA36","1","1","1","1","5121-511AA36-M1","","","","1","1","1","PC","1","PC","0","1","","","","","1"
"5121-522AB36","1","1","1","1","SKD6.0X25X48","","","","1","1","1","PC","1","PC","0","1","","","","","1"
"5121-524BA36","1","1","1","1","5121-511AA36-M1","","","","1","1","1","PC","1","PC","0","1","","","","","1"
"5128-607AA30","1","1","1","1","MA-5128-607AA30","","","","1","1","1","PC","1","PC","0","1","","","","","1"
"5128-607BA30","1","1","1","1","MA-5128-607BA30","","","","1","1","1","PC","1","PC","0","1","","","","","1"
"5128-608AA30","1","1","1","1","MA-5128-608AA30","","","","1","1","1","PC","1","PC","0","1","","","","","1"
"5132-511AA30","1","1","1","1","SKD6E3515","","","","1","1","1","PC","1","PC","0","1","","","","","1"
"5132-512AA30","1","1","1","1","SKD6G4726","","","","1","1","1","PC","1","PC","0","1","","","","","1"
"5132-518AA30","1","1","1","1","SKD11035067","","","","1","1","1","PC","1","PC","0","1","","","","","1"
"5132-519AA30","1","1","1","1","SKD105020","","","","1","1","1","PC","1","PC","0","1","","","","","1"
"5142-506AA33","1","1","1","1","MA-5142-506AA33","","","","1","1","1","PC","1","PC","0","1","","","","","1"
"5142-507AA33","1","1","1","1","MA-5142-507AA33","","","","1","1","1","PC","1","PC","0","1","","","","","1"
"5142-511AA33","1","1","1","1","SKD5E2545","","","","1","1","1","PC","1","PC","0","1","","","","","1"
"5142-512AB34","1","1","1","1","5142-512AB34-M1","","","","1","1","1","PC","1","PC","0","1","","","","","1"
"5142-516AB34","1","1","1","1","5142-512AB34-M1","","","","1","1","1","PC","1","PC","0","1","","","","","1"
"5142-521AA33","1","1","1","1","SKD5E2545","","","","1","1","1","PC","1","PC","0","1","","","","","1"
"5142-522AB34","1","1","1","1","5142-512AB34-M1","","","","1","1","1","PC","1","PC","0","1","","","","","1"
"5142-524AA33","1","1","1","1","SKD5E2545","","","","1","1","1","PC","1","PC","0","1","","","","","1"
"5142-525AB34","1","1","1","1","5142-512AB34-M1","","","","1","1","1","PC","1","PC","0","1","","","","","1"
"5142-525AB38","1","1","1","1","SKD6.0X25X43","","","","1","1","1","PC","1","PC","0","1","","","","","1"
"5142-529AA33","1","1","1","1","SKD4.8X50X200","","","","1","1","1","PC","1","PC","0","1","","","","","1"
"5142-529AA34","1","1","1","1","SKD4.8X50X200","","","","1","1","1","PC","1","PC","0","1","","","","","1"
"5142-529AA38","1","1","1","1","SKD4.8X50X200","","","","1","1","1","PC","1","PC","0","1","","","","","1"
"5142-532AA34","1","1","1","1","5142-512AB34-M1","","","","1","1","1","PC","1","PC","0","1","","","","","1"
"5142-535AA34","1","1","1","1","5142-512AB34-M1","","","","1","1","1","PC","1","PC","0","1","","","","","1"
"5142-606AA33","1","1","1","1","MA-5142-606AA33","","","","1","1","1","PC","1","PC","0","1","","","","","1"
"5142-606BA33","1","1","1","1","MA-5142-606BA33","","","","1","1","1","PC","1","PC","0","1","","","","","1"
"5142-607AA33","1","1","1","1","MA-5142-607AA33","","","","1","1","1","PC","1","PC","0","1","","","","","1"
"5142-611BA33","1","1","1","1","5141-611AA36-M1","","","","1","1","1","PC","1","PC","0","1","","","","","1"
"5142-612BA33","1","1","1","1","5141-611AA36-M1","","","","1","1","1","PC","1","PC","0","1","","","","","1"
"5142-613AA33","1","1","1","1","5142-613AA33-M0","","","","1","1","1","PC","1","PC","0","1","","","","","1"
"5142-613AA34","1","1","1","1","SKD7.0X30X32","","","","1","1","1","PC","1","PC","0","1","","","","","1"
"5142-613BA34","1","1","1","1","SKD7.0X30X32","","","","1","1","1","PC","1","PC","0","1","","","","","1"
"5142-614AA33","1","1","1","1","5142-613AA33-M0","","","","1","1","1","PC","1","PC","0","1","","","","","1"
"5142-614AA34","1","1","1","1","SKD7.0X30X32","","","","1","1","1","PC","1","PC","0","1","","","","","1"
"5142-614BA34","1","1","1","1","SKD7.0X30X32","","","","1","1","1","PC","1","PC","0","1","","","","","1"
"5142-615AA33","1","1","1","1","5142-615AA33-M1","","","","1","1","1","PC","1","PC","0","1","","","","","1"
"5142-615AA34","1","1","1","1","SKD7.0X30X41","","","","1","1","1","PC","1","PC","0","1","","","","","1"
"5142-615BA34","1","1","1","1","SKD7.0X30X41","","","","1","1","1","PC","1","PC","0","1","","","","","1"
"5142-615LA33","1","1","1","1","SKD8E3040","","","","1","1","1","PC","1","PC","0","1","","","","","1"
"5142-616AA33","1","1","1","1","5142-615AA33-M1","","","","1","1","1","PC","1","PC","0","1","","","","","1"
"5142-616AA34","1","1","1","1","SKD7.0X30X41","","","","1","1","1","PC","1","PC","0","1","","","","","1"
"5142-616BA34","1","1","1","1","SKD7.0X30X41","","","","1","1","1","PC","1","PC","0","1","","","","","1"
"5142-617AA34","1","1","1","1","SKD7.0X30X41","","","","1","1","1","PC","1","PC","0","1","","","","","1"
"5142-617BA34","1","1","1","1","SKD7.0X30X41","","","","1","1","1","PC","1","PC","0","1","","","","","1"
"5142-618AA34","1","1","1","1","SKD7.0X30X41","","","","1","1","1","PC","1","PC","0","1","","","","","1"
"5142-618BA34","1","1","1","1","SKD7.0X30X41","","","","1","1","1","PC","1","PC","0","1","","","","","1"
"5142-619AA33","1","1","1","1","5142-613AA33-M0","","","","1","1","1","PC","1","PC","0","1","","","","","1"
"5142-619AA34","1","1","1","1","SKD7.0X30X28","","","","1","1","1","PC","1","PC","0","1","","","","","1"
"5142-620AA33","1","1","1","1","5142-613AA33-M0","","","","1","1","1","PC","1","PC","0","1","","","","","1"
"5142-620AA34","1","1","1","1","SKD7.0X30X28","","","","1","1","1","PC","1","PC","0","1","","","","","1"
"5154-506AA30","1","1","1","1","MA-5154-506AA30","","","","1","1","1","PC","1","PC","0","1","","","","","1"
"5154-506AA32","1","1","1","1","MA-5154-506AA32","","","","1","1","1","PC","1","PC","0","1","","","","","1"
"5154-506AA34","1","1","1","1","MA-5154-506AA34","","","","1","1","1","PC","1","PC","0","1","","","","","1"
"5154-506BB30","1","1","1","1","MA-5154-506BB30","","","","1","1","1","PC","1","PC","0","1","","","","","1"
"5154-506BB33","1","1","1","1","MA-5154-506BB33","","","","1","1","1","PC","1","PC","0","1","","","","","1"
"5154-506BB34","1","1","1","1","MA-5154-506BB34","","","","1","1","1","PC","1","PC","0","1","","","","","1"
"5154-506DA34","1","1","1","1","MA-5154-506DA34","","","","1","1","1","PC","1","PC","0","1","","","","","1"
"5154-511AA30","1","1","1","1","SKD11022067","","","","1","1","1","PC","1","PC","0","1","","","","","1"
"5154-511AA34","1","1","1","1","SKD11022067","","","","1","1","1","PC","1","PC","0","1","","","","","1"
"5154-511BA30","1","1","1","1","SKD6G2232","","","","1","1","1","PC","1","PC","0","1","","","","","1"
"5154-512AA30","1","1","1","1","SKD11022067","","","","1","1","1","PC","1","PC","0","1","","","","","1"
"5154-512AA34","1","1","1","1","SKD11022067","","","","1","1","1","PC","1","PC","0","1","","","","","1"
"5154-512AA38","1","1","1","1","SKD6G2232","","","","1","1","1","PC","1","PC","0","1","","","","","1"
"5154-513AA30","1","1","1","1","SKD8B2135","","","","1","1","1","PC","1","PC","0","1","","","","","1"
"5154-513AA32","1","1","1","1","SKD11021082","","","","1","1","1","PC","1","PC","0","1","","","","","1"
"5154-513AA34","1","1","1","1","SKD11021082","","","","1","1","1","PC","1","PC","0","1","","","","","1"
"5154-513AA38","1","1","1","1","SKD8B2135","","","","1","1","1","PC","1","PC","0","1","","","","","1"
"5154-514AA30","1","1","1","1","SKD11021082","","","","1","1","1","PC","1","PC","0","1","","","","","1"
"5154-514AA32","1","1","1","1","SKD8B2135","","","","1","1","1","PC","1","PC","0","1","","","","","1"
"5154-514AA34","1","1","1","1","SKD11021082","","","","1","1","1","PC","1","PC","0","1","","","","","1"
"5154-515AA34","1","1","1","1","SKD8B2135","","","","1","1","1","PC","1","PC","0","1","","","","","1"
"5154-521AA30","1","1","1","1","SKD11022067","","","","1","1","1","PC","1","PC","0","1","","","","","1"
"5154-521AA34","1","1","1","1","SKD6G2232","","","","1","1","1","PC","1","PC","0","1","","","","","1"
"5154-531AA32","1","1","1","1","SKD6G2232","","","","1","1","1","PC","1","PC","0","1","","","","","1"
"5154-531AB30","1","1","1","1","SKD11022067","","","","1","1","1","PC","1","PC","0","1","","","","","1"
"5154-531DA34","1","1","1","1","SKD6G2232","","","","1","1","1","PC","1","PC","0","1","","","","","1"
"5154-532AA34","1","1","1","1","SKD6G2232","","","","1","1","1","PC","1","PC","0","1","","","","","1"
"5154-607AA30","1","1","1","1","MA-5154-607AA30","","","","1","1","1","PC","1","PC","0","1","","","","","1"
"5154-607AA32","1","1","1","1","MA-5154-607AA32","","","","1","1","1","PC","1","PC","0","1","","","","","1"
"5154-607AA34","1","1","1","1","MA-5154-607AA34","","","","1","1","1","PC","1","PC","0","1","","","","","1"
"5154-607BA30","1","1","1","1","MA-5154-607BA30","","","","1","1","1","PC","1","PC","0","1","","","","","1"
"5154-607BA32","1","1","1","1","MA-5154-607BA32","","","","1","1","1","PC","1","PC","0","1","","","","","1"
"5154-607BA34","1","1","1","1","MA-5154-607BA34","","","","1","1","1","PC","1","PC","0","1","","","","","1"
"5154-608AA30","1","1","1","1","MA-5154-608AA30","","","","1","1","1","PC","1","PC","0","1","","","","","1"
"5154-608AA33","1","1","1","1","MA-5154-608AA33","","","","1","1","1","PC","1","PC","0","1","","","","","1"
"5154-608AA34","1","1","1","1","MA-5154-608AA34","","","","1","1","1","PC","1","PC","0","1","","","","","1"
"5154-611AA30","1","1","1","1","SKD11025067","","","","1","1","1","PC","1","PC","0","1","","","","","1"
"5154-611AA32","1","1","1","1","SKD4.8X30X32","","","","1","1","1","PC","1","PC","0","1","","","","","1"
"5154-611AA34","1","1","1","1","SKD4.8X30X32","","","","1","1","1","PC","1","PC","0","1","","","","","1"
"5154-611AA36","1","1","1","1","SKD4.8X30X32","","","","1","1","1","PC","1","PC","0","1","","","","","1"
"5154-611AA38","1","1","1","1","SKD4.8X30X32","","","","1","1","1","PC","1","PC","0","1","","","","","1"
"5154-611CA30","1","1","1","1","SKD4.8X30X32","","","","1","1","1","PC","1","PC","0","1","","","","","1"
"5154-612AA30","1","1","1","1","SKD11025067","","","","1","1","1","PC","1","PC","0","1","","","","","1"
"5154-612AA32","1","1","1","1","SKD4.8X30X35","","","","1","1","1","PC","1","PC","0","1","","","","","1"
"5154-612AA34","1","1","1","1","SKD4.8X30X32","","","","1","1","1","PC","1","PC","0","1","","","","","1"
"5154-612AA36","1","1","1","1","SKD4.8X30X32","","","","1","1","1","PC","1","PC","0","1","","","","","1"
"5154-612CA30","1","1","1","1","SKD4.8X30X32","","","","1","1","1","PC","1","PC","0","1","","","","","1"
"5154-613AB30","1","1","1","1","SKD11030055","","","","1","1","1","PC","1","PC","0","1","","","","","1"
"5154-613AB34","1","1","1","1","SKD4.8X30X32","","","","1","1","1","PC","1","PC","0","1","","","","","1"
"5154-613AB36","1","1","1","1","SKD4.8X30X32","","","","1","1","1","PC","1","PC","0","1","","","","","1"
"5154-614AB30","1","1","1","1","SKD11030055","","","","1","1","1","PC","1","PC","0","1","","","","","1"
"5154-614AB34","1","1","1","1","SKD4.8X30X32","","","","1","1","1","PC","1","PC","0","1","","","","","1"
"5154-614AB36","1","1","1","1","SKD4.8X30X32","","","","1","1","1","PC","1","PC","0","1","","","","","1"
"5154-615AA30","1","1","1","1","SKD11025067","","","","1","1","1","PC","1","PC","0","1","","","","","1"
"5154-615AA32","1","1","1","1","SKD6.0X25X32","","","","1","1","1","PC","1","PC","0","1","","","","","1"
"5154-615AA34","1","1","1","1","SKD11025067","","","","1","1","1","PC","1","PC","0","1","","","","","1"
"5154-615AA38","1","1","1","1","SKD6.0X25X32","","","","1","1","1","PC","1","PC","0","1","","","","","1"
"5154-616AA30","1","1","1","1","SKD11025067","","","","1","1","1","PC","1","PC","0","1","","","","","1"
"5154-616AA32","1","1","1","1","SKD6.0X25X32","","","","1","1","1","PC","1","PC","0","1","","","","","1"
"5154-616AA34","1","1","1","1","SKD11025067","","","","1","1","1","PC","1","PC","0","1","","","","","1"
"5154-617AA30","1","1","1","1","SKD11025067","","","","1","1","1","PC","1","PC","0","1","","","","","1"
"5154-617AA34","1","1","1","1","SKD11025067","","","","1","1","1","PC","1","PC","0","1","","","","","1"
"5154-617AA38","1","1","1","1","SKD6.0X25X32","","","","1","1","1","PC","1","PC","0","1","","","","","1"
"5154-618AA30","1","1","1","1","SKD11025067","","","","1","1","1","PC","1","PC","0","1","","","","","1"
"5154-618AA34","1","1","1","1","SKD11025067","","","","1","1","1","PC","1","PC","0","1","","","","","1"
"5154-619AA34","1","1","1","1","SKD6.0X25X32","","","","1","1","1","PC","1","PC","0","1","","","","","1"
"5154-620AA30","1","1","1","1","SKD6.0X25X32","","","","1","1","1","PC","1","PC","0","1","","","","","1"
"5154-620AA34","1","1","1","1","SKD6.0X25X32","","","","1","1","1","PC","1","PC","0","1","","","","","1"
"5154-621AA30","1","1","1","1","SKD11030055","","","","1","1","1","PC","1","PC","0","1","","","","","1"
"5154-621AA34","1","1","1","1","SKD4.8X30X32","","","","1","1","1","PC","1","PC","0","1","","","","","1"
"5154-622AA30","1","1","1","1","SKD11030055","","","","1","1","1","PC","1","PC","0","1","","","","","1"
"5154-622AA34","1","1","1","1","SKD4.8X30X32","","","","1","1","1","PC","1","PC","0","1","","","","","1"
"5154-631AA32","1","1","1","1","5154-611AA38-M1","","","","1","1","1","PC","1","PC","0","1","","","","","1"
"5154-631AB30","1","1","1","1","SKD11030055","","","","1","1","1","PC","1","PC","0","1","","","","","1"
"5154-631AB34","1","1","1","1","5154-611AA38-M1","","","","1","1","1","PC","1","PC","0","1","","","","","1"
"5154-631BA34","1","1","1","1","SKD4.8X30X32","","","","1","1","1","PC","1","PC","0","1","","","","","1"
"5154-631CA30","1","1","1","1","SKD4.8X30X32","","","","1","1","1","PC","1","PC","0","1","","","","","1"
"5154-632AA32","1","1","1","1","5154-611AA38-M1","","","","1","1","1","PC","1","PC","0","1","","","","","1"
"5154-632AB30","1","1","1","1","SKD11030055","","","","1","1","1","PC","1","PC","0","1","","","","","1"
"5154-632AB34","1","1","1","1","5154-611AA38-M1","","","","1","1","1","PC","1","PC","0","1","","","","","1"
"5154-632BA34","1","1","1","1","5154-611AA38-M1","","","","1","1","1","PC","1","PC","0","1","","","","","1"
"5154-632CA30","1","1","1","1","SKD4.8X30X32","","","","1","1","1","PC","1","PC","0","1","","","","","1"
"5154-633AA30","1","1","1","1","SKD4.8X30X32","","","","1","1","1","PC","1","PC","0","1","","","","","1"
"5154-633AA32","1","1","1","1","5154-611AA38-M1","","","","1","1","1","PC","1","PC","0","1","","","","","1"
"5154-633AA34","1","1","1","1","5154-611AA38-M1","","","","1","1","1","PC","1","PC","0","1","","","","","1"
"5154-634AA30","1","1","1","1","SKD4.8X30X32","","","","1","1","1","PC","1","PC","0","1","","","","","1"
"5154-634AA32","1","1","1","1","5154-611AA38-M1","","","","1","1","1","PC","1","PC","0","1","","","","","1"
"5154-634AA34","1","1","1","1","5154-611AA38-M1","","","","1","1","1","PC","1","PC","0","1","","","","","1"
"5154-635AA30","1","1","1","1","SKD11025067","","","","1","1","1","PC","1","PC","0","1","","","","","1"
"5154-635AA32","1","1","1","1","PT-5154-615AA38-M100","","","","1","1","1","PC","1","PC","0","1","","","","","1"
"5154-635AA34","1","1","1","1","SKD6.0X25X32","","","","1","1","1","PC","1","PC","0","1","","","","","1"
"5154-636AA30","1","1","1","1","SKD11025067","","","","1","1","1","PC","1","PC","0","1","","","","","1"
"5154-636AA32","1","1","1","1","PT-5154-615AA38-M100","","","","1","1","1","PC","1","PC","0","1","","","","","1"
"5154-636AA34","1","1","1","1","SKD6.0X25X32","","","","1","1","1","PC","1","PC","0","1","","","","","1"
"5154-637AA30","1","1","1","1","SKD11025067","","","","1","1","1","PC","1","PC","0","1","","","","","1"
"5154-637AA32","1","1","1","1","PT-5154-615AA38-M100","","","","1","1","1","PC","1","PC","0","1","","","","","1"
"5154-638AA30","1","1","1","1","SKD11025067","","","","1","1","1","PC","1","PC","0","1","","","","","1"
"5154-638AA32","1","1","1","1","PT-5154-615AA38-M100","","","","1","1","1","PC","1","PC","0","1","","","","","1"
"5156-511AB5.5","1","1","1","1","5156-511AA5.5-M1","","","","1","1","1","PC","1","PC","0","1","","","","","1"
"5156-512AB5.5","1","1","1","1","5156-512AA5.5-M1","","","","1","1","1","PC","1","PC","0","1","","","","","1"
"5156-513AA07","1","1","1","1","5156-513AA07-M1","","","","1","1","1","PC","1","PC","0","1","","","","","1"
"5156-513AA5.5","1","1","1","1","5156-513AA5.5-M1","","","","1","1","1","PC","1","PC","0","1","","","","","1"
"5156-514AA07","1","1","1","1","5156-514AA07-M1","","","","1","1","1","PC","1","PC","0","1","","","","","1"
"5156-514AA5.5","1","1","1","1","5156-514AA5.5-M1","","","","1","1","1","PC","1","PC","0","1","","","","","1"
"5157-511AA34","1","1","1","1","SKD11025067","","","","1","1","1","PC","1","PC","0","1","","","","","1"
"5157-511BA30","1","1","1","1","SKD7Z3030","","","","1","1","1","PC","1","PC","0","1","","","","","1"
"5157-512AA34","1","1","1","1","SKD7Z3030","","","","1","1","1","PC","1","PC","0","1","","","","","1"
"5157-513AA30","1","1","1","1","SKD8B2135","","","","1","1","1","PC","1","PC","0","1","","","","","1"
"5157-513AA34","1","1","1","1","SKD8B2135","","","","1","1","1","PC","1","PC","0","1","","","","","1"
"5157-514AA34","1","1","1","1","SKD8B2135","","","","1","1","1","PC","1","PC","0","1","","","","","1"
"5157-611AA34","1","1","1","1","SKD11025067","","","","1","1","1","PC","1","PC","0","1","","","","","1"
"5157-611AB30","1","1","1","1","SKD6.0X25X32","","","","1","1","1","PC","1","PC","0","1","","","","","1"
"5157-611BA30","1","1","1","1","SKD6.0X25X32","","","","1","1","1","PC","1","PC","0","1","","","","","1"
"5157-612AA34","1","1","1","1","SKD11025067","","","","1","1","1","PC","1","PC","0","1","","","","","1"
"5157-612AB30","1","1","1","1","SKD6.0X25X32","","","","1","1","1","PC","1","PC","0","1","","","","","1"
"5157-612BA30","1","1","1","1","SKD6.0X25X32","","","","1","1","1","PC","1","PC","0","1","","","","","1"
"5157-613AA30","1","1","1","1","SKD6.0X25X32","","","","1","1","1","PC","1","PC","0","1","","","","","1"
"5157-613AA34","1","1","1","1","SKD6.0X25X32","","","","1","1","1","PC","1","PC","0","1","","","","","1"
"5157-614AA30","1","1","1","1","SKD6.0X25X32","","","","1","1","1","PC","1","PC","0","1","","","","","1"
"5157-614AA34","1","1","1","1","SKD6.0X25X32","","","","1","1","1","PC","1","PC","0","1","","","","","1"
"5157-615AA30","1","1","1","1","SKD7.2X21X32","","","","1","1","1","PC","1","PC","0","1","","","","","1"
"5157-615AA34","1","1","1","1","SKD7.2X21X32","","","","1","1","1","PC","1","PC","0","1","","","","","1"
"5157-616AA30","1","1","1","1","SKD7.2X21X32","","","","1","1","1","PC","1","PC","0","1","","","","","1"
"5157-616AA34","1","1","1","1","SKD7.2X21X32","","","","1","1","1","PC","1","PC","0","1","","","","","1"
"5157-617AA34","1","1","1","1","SKD7.2X21X32","","","","1","1","1","PC","1","PC","0","1","","","","","1"
"5157-618AA34","1","1","1","1","SKD7.2X21X32","","","","1","1","1","PC","1","PC","0","1","","","","","1"
"5165-506AA36","1","1","1","1","MA-5165-506AA36","","","","1","1","1","PC","1","PC","0","1","","","","","1"
"5165-506AA40","1","1","1","1","MA-5165-506AA40","","","","1","1","1","PC","1","PC","0","1","","","","","1"
"5165-506AA42","1","1","1","1","MA-5165-506AA42","","","","1","1","1","PC","1","PC","0","1","","","","","1"
"5165-506BA36","1","1","1","1","MA-5165-506BA36","","","","1","1","1","PC","1","PC","0","1","","","","","1"
"5165-514AA38","1","1","1","1","SKD8E3045","","","","1","1","1","PC","1","PC","0","1","","","","","1"
"5165-524AA38","1","1","1","1","PT-5165-511AA38","","","","1","1","1","PC","1","PC","0","1","","","","","1"
"5165-529AA38","1","1","1","1","SKD6G2745","","","","1","1","1","PC","1","PC","0","1","","","","","1"
"5165-531AA38","1","1","1","1","SKD6G2745","","","","1","1","1","PC","1","PC","0","1","","","","","1"
"5165-541SA38","1","1","1","1","PT-5165-511AA38","","","","1","1","1","PC","1","PC","0","1","","","","","1"
"5165-606AA33","1","1","1","1","MA-5165-606AA33","","","","1","1","1","PC","1","PC","0","1","","","","","1"
"5165-606AA36","1","1","1","1","MA-5165-606AA36","","","","1","1","1","PC","1","PC","0","1","","","","","1"
"5165-606AA40","1","1","1","1","MA-5165-606AA40","","","","1","1","1","PC","1","PC","0","1","","","","","1"
"5165-606AA42","1","1","1","1","MA-5165-606AA42","","","","1","1","1","PC","1","PC","0","1","","","","","1"
"5165-606BA33","1","1","1","1","MA-5165-606BA33","","","","1","1","1","PC","1","PC","0","1","","","","","1"
"5165-606BA36","1","1","1","1","MA-5165-606BA36","","","","1","1","1","PC","1","PC","0","1","","","","","1"
"5165-607AA36","1","1","1","1","MA-5165-607AA36","","","","1","1","1","PC","1","PC","0","1","","","","","1"
"5165-611AA36","1","1","1","1","SKD6G2516","","","","1","1","1","PC","1","PC","0","1","","","","","1"
"5165-612AA36","1","1","1","1","SKD6G2515","","","","1","1","1","PC","1","PC","0","1","","","","","1"
"5165-613AA30","1","1","1","1","SKD7.0X30X32","","","","1","1","1","PC","1","PC","0","1","","","","","1"
"5165-613AA32","1","1","1","1","5165-613AA30-M1","","","","1","1","1","PC","1","PC","0","1","","","","","1"
"5165-613AA33","1","1","1","1","SKD7.0X30X32","","","","1","1","1","PC","1","PC","0","1","","","","","1"
"5165-613AA34","1","1","1","1","SKD8E3030","","","","1","1","1","PC","1","PC","0","1","","","","","1"
"5165-613AA36","1","1","1","1","5165-613AA38-M1","","","","1","1","1","PC","1","PC","0","1","","","","","1"
"5165-613AA38","1","1","1","1","5165-613AA38-M1","","","","1","1","1","PC","1","PC","0","1","","","","","1"
"5165-613AA40","1","1","1","1","5165-613AA42-M1","","","","1","1","1","PC","1","PC","0","1","","","","","1"
"5165-613AA42","1","1","1","1","SKD8E3030","","","","1","1","1","PC","1","PC","0","1","","","","","1"
"5165-613AA44","1","1","1","1","SKD8E3030","","","","1","1","1","PC","1","PC","0","1","","","","","1"
"5165-613AA46","1","1","1","1","SKD7.0X30X32","","","","1","1","1","PC","1","PC","0","1","","","","","1"
"5165-613AA48","1","1","1","1","SKD7.0X30X32","","","","1","1","1","PC","1","PC","0","1","","","","","1"
"5165-613BA36","1","1","1","1","SKD7.0X30X28","","","","1","1","1","PC","1","PC","0","1","","","","","1"
"5165-614AA30","1","1","1","1","SKD7.0X30X32","","","","1","1","1","PC","1","PC","0","1","","","","","1"
"5165-614AA32","1","1","1","1","5165-613AA30-M1","","","","1","1","1","PC","1","PC","0","1","","","","","1"
"5165-614AA34","1","1","1","1","SKD8E3030","","","","1","1","1","PC","1","PC","0","1","","","","","1"
"5165-614AA36","1","1","1","1","5165-614AA38-M1","","","","1","1","1","PC","1","PC","0","1","","","","","1"
"5165-614AA38","1","1","1","1","5165-614AA38-M1","","","","1","1","1","PC","1","PC","0","1","","","","","1"
"5165-614AA40","1","1","1","1","5165-614AA42-M1","","","","1","1","1","PC","1","PC","0","1","","","","","1"
"5165-614AA42","1","1","1","1","SKD8E3030","","","","1","1","1","PC","1","PC","0","1","","","","","1"
"5165-614AA44","1","1","1","1","SKD8E3030","","","","1","1","1","PC","1","PC","0","1","","","","","1"
"5165-614AA46","1","1","1","1","SKD7.0X30X32","","","","1","1","1","PC","1","PC","0","1","","","","","1"
"5165-614AA48","1","1","1","1","SKD7.0X30X32","","","","1","1","1","PC","1","PC","0","1","","","","","1"
"5165-614BA36","1","1","1","1","SKD7.0X30X28","","","","1","1","1","PC","1","PC","0","1","","","","","1"
"5165-615AA30","1","1","1","1","SKD7.0X30X41","","","","1","1","1","PC","1","PC","0","1","","","","","1"
"5165-615AA32","1","1","1","1","SKD7.0X30X40","","","","1","1","1","PC","1","PC","0","1","","","","","1"
"5165-615AA34","1","1","1","1","SKD7.0X30X40","","","","1","1","1","PC","1","PC","0","1","","","","","1"
"5165-615AA36","1","1","1","1","SKD7.0X30X40","","","","1","1","1","PC","1","PC","0","1","","","","","1"
"5165-615AA38","1","1","1","1","SKD7.0X30X45","","","","1","1","1","PC","1","PC","0","1","","","","","1"
"5165-615AA40","1","1","1","1","SKD7.0X30X41","","","","1","1","1","PC","1","PC","0","1","","","","","1"
"5165-615AA42","1","1","1","1","5165-615AA42-M1","","","","1","1","1","PC","1","PC","0","1","","","","","1"
"5165-615AA44","1","1","1","1","5165-615AA42-M1","","","","1","1","1","PC","1","PC","0","1","","","","","1"
"5165-615AA46","1","1","1","1","SKD7.0X30X41","","","","1","1","1","PC","1","PC","0","1","","","","","1"
"5165-615AA48","1","1","1","1","SKD7.0X30X41","","","","1","1","1","PC","1","PC","0","1","","","","","1"
"5165-615BA36","1","1","1","1","5165-615AA38-M1","","","","1","1","1","PC","1","PC","0","1","","","","","1"
"5165-615LA42","1","1","1","1","5165-615AA42-M1","","","","1","1","1","PC","1","PC","0","1","","","","","1"
"5165-616AA30","1","1","1","1","SKD7.0X30X41","","","","1","1","1","PC","1","PC","0","1","","","","","1"
"5165-616AA34","1","1","1","1","SKD7.0X30X40","","","","1","1","1","PC","1","PC","0","1","","","","","1"
"5165-616AA36","1","1","1","1","SKD7.0X30X40","","","","1","1","1","PC","1","PC","0","1","","","","","1"
"5165-616AA38","1","1","1","1","SKD7.0X30X40","","","","1","1","1","PC","1","PC","0","1","","","","","1"
"5165-616AA40","1","1","1","1","SKD7.0X30X40","","","","1","1","1","PC","1","PC","0","1","","","","","1"
"5165-616AA42","1","1","1","1","5165-616AA42-M1","","","","1","1","1","PC","1","PC","0","1","","","","","1"
"5165-616AA44","1","1","1","1","5165-616AA42-M1","","","","1","1","1","PC","1","PC","0","1","","","","","1"
"5165-616AA46","1","1","1","1","SKD7.0X30X40","","","","1","1","1","PC","1","PC","0","1","","","","","1"
"5165-616AA48","1","1","1","1","SKD7.0X30X40","","","","1","1","1","PC","1","PC","0","1","","","","","1"
"5165-616BA36","1","1","1","1","5165-616AA38-M1","","","","1","1","1","PC","1","PC","0","1","","","","","1"
"5165-617AA36","1","1","1","1","SKD7.0X30X41","","","","1","1","1","PC","1","PC","0","1","","","","","1"
"5165-617AA40","1","1","1","1","SKD7.0X30X41","","","","1","1","1","PC","1","PC","0","1","","","","","1"
"5165-617AA42","1","1","1","1","5165-615AA42-M1","","","","1","1","1","PC","1","PC","0","1","","","","","1"
"5165-617AA44","1","1","1","1","5165-615AA42-M1","","","","1","1","1","PC","1","PC","0","1","","","","","1"
"5165-617AA46","1","1","1","1","SKD7.0X30X41","","","","1","1","1","PC","1","PC","0","1","","","","","1"
"5165-618AA36","1","1","1","1","SKD7.0X30X40","","","","1","1","1","PC","1","PC","0","1","","","","","1"
"5165-618AA38","1","1","1","1","SKD7.0X30X40","","","","1","1","1","PC","1","PC","0","1","","","","","1"
"5165-618AA40","1","1","1","1","SKD7.0X30X40","","","","1","1","1","PC","1","PC","0","1","","","","","1"
"5165-618AA42","1","1","1","1","5165-616AA42-M1","","","","1","1","1","PC","1","PC","0","1","","","","","1"
"5165-618AA44","1","1","1","1","5165-616AA42-M1","","","","1","1","1","PC","1","PC","0","1","","","","","1"
"5165-618AA46","1","1","1","1","SKD7.0X30X40","","","","1","1","1","PC","1","PC","0","1","","","","","1"
"5165-619AA30","1","1","1","1","SKD7.0X30X32","","","","1","1","1","PC","1","PC","0","1","","","","","1"
"5165-619AA32","1","1","1","1","5165-613AA30-M1","","","","1","1","1","PC","1","PC","0","1","","","","","1"
"5165-619AA34","1","1","1","1","SKD8E3030","","","","1","1","1","PC","1","PC","0","1","","","","","1"
"5165-619AA36","1","1","1","1","5165-613AA38-M1","","","","1","1","1","PC","1","PC","0","1","","","","","1"
"5165-619AA38","1","1","1","1","5165-613AA38-M1","","","","1","1","1","PC","1","PC","0","1","","","","","1"
"5165-619AA40","1","1","1","1","5165-613AA42-M1","","","","1","1","1","PC","1","PC","0","1","","","","","1"
"5165-619AA42","1","1","1","1","SKD8E3030","","","","1","1","1","PC","1","PC","0","1","","","","","1"
"5165-619AA44","1","1","1","1","SKD8E3030","","","","1","1","1","PC","1","PC","0","1","","","","","1"
"5165-619AA48","1","1","1","1","SKD7.0X30X32","","","","1","1","1","PC","1","PC","0","1","","","","","1"
"5165-620AA30","1","1","1","1","SKD7.0X30X32","","","","1","1","1","PC","1","PC","0","1","","","","","1"
"5165-620AA32","1","1","1","1","5165-613AA30-M1","","","","1","1","1","PC","1","PC","0","1","","","","","1"
"5165-620AA34","1","1","1","1","SKD8E3030","","","","1","1","1","PC","1","PC","0","1","","","","","1"
"5165-620AA36","1","1","1","1","5165-614AA38-M1","","","","1","1","1","PC","1","PC","0","1","","","","","1"
"5165-620AA38","1","1","1","1","5165-614AA38-M1","","","","1","1","1","PC","1","PC","0","1","","","","","1"
"5165-620AA40","1","1","1","1","5165-614AA42-M1","","","","1","1","1","PC","1","PC","0","1","","","","","1"
"5165-620AA42","1","1","1","1","SKD8E3030","","","","1","1","1","PC","1","PC","0","1","","","","","1"
"5165-620AA44","1","1","1","1","SKD8E3030","","","","1","1","1","PC","1","PC","0","1","","","","","1"
"5165-620AA48","1","1","1","1","SKD7.0X30X32","","","","1","1","1","PC","1","PC","0","1","","","","","1"
"5165-621AA36","1","1","1","1","SKD6G2516","","","","1","1","1","PC","1","PC","0","1","","","","","1"
"5165-622AA36","1","1","1","1","SKD6G2515","","","","1","1","1","PC","1","PC","0","1","","","","","1"
"5165-627AA34","1","1","1","1","SKD7.0X30X41","","","","1","1","1","PC","1","PC","0","1","","","","","1"
"5165-627AA36","1","1","1","1","5165-627AA38-M1","","","","1","1","1","PC","1","PC","0","1","","","","","1"
"5165-628AA34","1","1","1","1","SKD7.0X30X41","","","","1","1","1","PC","1","PC","0","1","","","","","1"
"5165-628AA36","1","1","1","1","5165-628AA38-M1","","","","1","1","1","PC","1","PC","0","1","","","","","1"
"5167-511AB30","1","1","1","1","SKD6G3532","","","","1","1","1","PC","1","PC","0","1","","","","","1"
"5167-611AA34","1","1","1","1","SKD4.8X30X32","","","","1","1","1","PC","1","PC","0","1","","","","","1"
"5167-612AA34","1","1","1","1","SKD4.8X30X32","","","","1","1","1","PC","1","PC","0","1","","","","","1"
"5167-614AA34","1","1","1","1","SKD4.8X30X32","","","","1","1","1","PC","1","PC","0","1","","","","","1"
"5167-628AA34","1","1","1","1","SKD4.8X30X32","","","","1","1","1","PC","1","PC","0","1","","","","","1"
"5169-512AA36","1","1","1","1","5169-512AA36-M1","","","","1","1","1","PC","1","PC","0","1","","","","","1"
"5169-514AB36","1","1","1","1","5169-514AB36-M1","","","","1","1","1","PC","1","PC","0","1","","","","","1"
"5169-515AA36","1","1","1","1","5169-512AA36-M1","","","","1","1","1","PC","1","PC","0","1","","","","","1"
"5172-506AA30","1","1","1","1","MA-5172-506AA30","","","","1","1","1","PC","1","PC","0","1","","","","","1"
"5172-506AA33","1","1","1","1","MA-5172-506AA33","","","","1","1","1","PC","1","PC","0","1","","","","","1"
"5172-506BA30","1","1","1","1","MA-5172-506BA30","","","","1","1","1","PC","1","PC","0","1","","","","","1"
"5172-506BA33","1","1","1","1","MA-5172-506BA33","","","","1","1","1","PC","1","PC","0","1","","","","","1"
"5172-511AA33","1","1","1","1","SKD10X50X21","","","","1","1","1","PC","1","PC","0","1","","","","","1"
"5172-512AA33","1","1","1","1","SKD10X50X21","","","","1","1","1","PC","1","PC","0","1","","","","","1"
"5172-513AA33","1","1","1","1","SKD10X50X21","","","","1","1","1","PC","1","PC","0","1","","","","","1"
"5172-514AA33","1","1","1","1","SKD10X50X21","","","","1","1","1","PC","1","PC","0","1","","","","","1"
"5172-606AA30","1","1","1","1","MA-5172-606AA30","","","","1","1","1","PC","1","PC","0","1","","","","","1"
"5172-606BA30","1","1","1","1","MA-5172-606BA30","","","","1","1","1","PC","1","PC","0","1","","","","","1"
"5172-607AA30","1","1","1","1","SK5-3X22X41","","","","1","1","1","PC","1","PC","0","1","","","","","1"
"5172-607AA33","1","1","1","1","MA-5172-607AA33","","","","1","1","1","PC","1","PC","0","1","","","","","1"
"5173-611BA36","1","1","1","1","5165-611AA30-M1","","","","1","1","1","PC","1","PC","0","1","","","","","1"
"5173-612AA36","1","1","1","1","5173-612AA36-M1","","","","1","1","1","PC","1","PC","0","1","","","","","1"
"5173-612BA36","1","1","1","1","5173-612AA36-M1","","","","1","1","1","PC","1","PC","0","1","","","","","1"
"5173-632AA36","1","1","1","1","5173-612AA36-M1","","","","1","1","1","PC","1","PC","0","1","","","","","1"
"5176-611AA30","1","1","1","1","5176-611AA30-M1","","","","1","1","1","PC","1","PC","0","1","","","","","1"
"5176-611AA34","1","1","1","1","5176-611AA38-M1","","","","1","1","1","PC","1","PC","0","1","","","","","1"
"5176-612AA30","1","1","1","1","5176-612AA30-M1","","","","1","1","1","PC","1","PC","0","1","","","","","1"
"5176-612AA34","1","1","1","1","5176-612AA38-M1","","","","1","1","1","PC","1","PC","0","1","","","","","1"
"5176-631AA34","1","1","1","1","5176-611AA38-M1","","","","1","1","1","PC","1","PC","0","1","","","","","1"
"5176-631BA30","1","1","1","1","5176-611AA30-M1","","","","1","1","1","PC","1","PC","0","1","","","","","1"
"5176-632AA34","1","1","1","1","5176-612AA38-M1","","","","1","1","1","PC","1","PC","0","1","","","","","1"
"5176-632BA30","1","1","1","1","5176-612AA30-M1","","","","1","1","1","PC","1","PC","0","1","","","","","1"
"5178-531BA36","1","1","1","1","SKD5E2522","","","","1","1","1","PC","1","PC","0","1","","","","","1"
"5178-534AA36","1","1","1","1","SKD6.0X25X43","","","","1","1","1","PC","1","PC","0","1","","","","","1"
"5179-623AA34","1","1","1","1","5179-623AA34-M1","","","","1","1","1","PC","1","PC","0","1","","","","","1"
"5179-623DA34","1","1","1","1","5179-623AA34-M1","","","","1","1","1","PC","1","PC","0","1","","","","","1"
"5179-624AA34","1","1","1","1","5179-623AA34-M1","","","","1","1","1","PC","1","PC","0","1","","","","","1"
"5179-624DA34","1","1","1","1","5179-623AA34-M1","","","","1","1","1","PC","1","PC","0","1","","","","","1"
"5179-629DA34","1","1","1","1","SKD4.8X30X32","","","","1","1","1","PC","1","PC","0","1","","","","","1"
"5179-630DA34","1","1","1","1","SKD4.8X30X32","","","","1","1","1","PC","1","PC","0","1","","","","","1"
"5181-511AA18","1","1","1","1","SKD4.8X27X45","","","","1","1","1","PC","1","PC","0","1","","","","","1"
"5181-511AA21","1","1","1","1","SKD4.8X27X45","","","","1","1","1","PC","1","PC","0","1","","","","","1"
"5183-511AA33","1","1","1","1","SKD6G2540","","","","1","1","1","PC","1","PC","0","1","","","","","1"
"5183-511CA33","1","1","1","1","SKD6G2540","","","","1","1","1","PC","1","PC","0","1","","","","","1"
"5183-513AA33","1","1","1","1","SKD6G2540","","","","1","1","1","PC","1","PC","0","1","","","","","1"
"5183-514AA33","1","1","1","1","SKD6G2540","","","","1","1","1","PC","1","PC","0","1","","","","","1"
"5208-505AC34","1","1","1","1","SKD7.0X30X58","","","","1","1","1","PC","1","PC","0","1","","","","","1"
"5211-511CA34","1","1","1","1","SKD4.8X30X32","","","","1","1","1","PC","1","PC","0","1","","","","","1"
"5211-521AB34","1","1","1","1","SKD4.8X30X32","","","","1","1","1","PC","1","PC","0","1","","","","","1"
"5211-521BB34","1","1","1","1","SKD4.8X30X32","","","","1","1","1","PC","1","PC","0","1","","","","","1"
"5213-512AA34","1","1","1","1","SKD6.0X27X41","","","","1","1","1","PC","1","PC","0","1","","","","","1"
"5213-512AA36","1","1","1","1","SKD6.0X27X41","","","","1","1","1","PC","1","PC","0","1","","","","","1"
"5213-514AA34","1","1","1","1","5213-514AA34-M1","","","","1","1","1","PC","1","PC","0","1","","","","","1"
"5213-514AA36","1","1","1","1","5213-514AA36-M1","","","","1","1","1","PC","1","PC","0","1","","","","","1"
"5213-515AA36","1","1","1","1","SKD6.0X27X41","","","","1","1","1","PC","1","PC","0","1","","","","","1"
"5213-518AA34","1","1","1","1","5213-514AA34-M1","","","","1","1","1","PC","1","PC","0","1","","","","","1"
"5213-518AA36","1","1","1","1","5213-514AA36-M1","","","","1","1","1","PC","1","PC","0","1","","","","","1"
"5213-615AB34","1","1","1","1","SKD7.0X30X45","","","","1","1","1","PC","1","PC","0","1","","","","","1"
"5213-615AB36","1","1","1","1","SKD7.0X30X45","","","","1","1","1","PC","1","PC","0","1","","","","","1"
"5213-616AB34","1","1","1","1","SKD7.0X30X41","","","","1","1","1","PC","1","PC","0","1","","","","","1"
"5213-616AB36","1","1","1","1","SKD7.0X30X41","","","","1","1","1","PC","1","PC","0","1","","","","","1"
"5213-619AA34","1","1","1","1","5213-619AA34-M1","","","","1","1","1","PC","1","PC","0","1","","","","","1"
"5213-619AA36","1","1","1","1","5213-619AA36-M1","","","","1","1","1","PC","1","PC","0","1","","","","","1"
"5213-620AA34","1","1","1","1","5213-619AA34-M1","","","","1","1","1","PC","1","PC","0","1","","","","","1"
"5213-620AA36","1","1","1","1","5213-619AA36-M1","","","","1","1","1","PC","1","PC","0","1","","","","","1"
"5213-621AA34","1","1","1","1","5213-621AA34-M1","","","","1","1","1","PC","1","PC","0","1","","","","","1"
"5213-623AA34","1","1","1","1","5213-619AA34-M1","","","","1","1","1","PC","1","PC","0","1","","","","","1"
"5213-623AA36","1","1","1","1","5213-619AA36-M1","","","","1","1","1","PC","1","PC","0","1","","","","","1"
"5213-624AA34","1","1","1","1","5213-619AA34-M1","","","","1","1","1","PC","1","PC","0","1","","","","","1"
"5213-624AA36","1","1","1","1","5213-619AA36-M1","","","","1","1","1","PC","1","PC","0","1","","","","","1"
"5213-627AB30","1","1","1","1","5213-615AB34-M1","","","","1","1","1","PC","1","PC","0","1","","","","","1"
"5213-628AB30","1","1","1","1","5213-615AB34-M1","","","","1","1","1","PC","1","PC","0","1","","","","","1"
"5215-517AA34","1","1","1","1","SKD6.0X35X60","","","","1","1","1","PC","1","PC","0","1","","","","","1"
"5215-518AA34","1","1","1","1","SKD6.0X35X60","","","","1","1","1","PC","1","PC","0","1","","","","","1"
"5301-591AA36","1","1","1","1","SKD11027067","","","","1","1","1","PC","1","PC","0","1","","","","","1"
"5301-591AA38","1","1","1","1","SKD6.0X30X55","","","","1","1","1","PC","1","PC","0","1","","","","","1"
"5301-592AA36","1","1","1","1","SKD11035067","","","","1","1","1","PC","1","PC","0","1","","","","","1"
"5301-593AA36","1","1","1","1","SKD11030070","","","","1","1","1","PC","1","PC","0","1","","","","","1"
"5301-593AA38","1","1","1","1","SKD6.0X35X55","","","","1","1","1","PC","1","PC","0","1","","","","","1"
"5307-591AA38","1","1","1","1","SKD11027067","","","","1","1","1","PC","1","PC","0","1","","","","","1"
"5307-592AA34","1","1","1","1","SKD6.0X35X65","","","","1","1","1","PC","1","PC","0","1","","","","","1"
"5307-592AA38","1","1","1","1","SKD6.0X35X65","","","","1","1","1","PC","1","PC","0","1","","","","","1"
"5307-593AA38","1","1","1","1","SKD7Z3045","","","","1","1","1","PC","1","PC","0","1","","","","","1"
"5308-615AB30","1","1","1","1","5308-615AB30-L1","","","","1","1","1","PC","1","PC","0","1","","","","","1"
"5308-617AB30","1","1","1","1","5308-615AB30-L1","","","","1","1","1","PC","1","PC","0","1","","","","","1"
"5513-619AB30","1","1","1","1","5308-615AB30-L1","","","","1","1","1","PC","1","PC","0","1","","","","","1"
"5513-621AB30","1","1","1","1","5308-615AB30-L1","","","","1","1","1","PC","1","PC","0","1","","","","","1"
"5517-504BA30","1","1","1","1","MA-5517-504BA30","","","","1","1","1","PC","1","PC","0","1","","","","","1"
"5517-504BA36","1","1","1","1","MA-5517-504BA36","","","","1","1","1","PC","1","PC","0","1","","","","","1"
"5517-505AA30","1","1","1","1","SKD6G1552","","","","1","1","1","PC","1","PC","0","1","","","","","1"
"5517-505AA34","1","1","1","1","SKD6G1552","","","","1","1","1","PC","1","PC","0","1","","","","","1"
"5517-505AA36","1","1","1","1","MA-5517-505AA36-HGT","","","","1","1","1","PC","1","PC","0","1","","","","","1"
"5517-511AA34","1","1","1","1","SKD6G2523","","","","1","1","1","PC","1","PC","0","1","","","","","1"
"5517-512AA34","1","1","1","1","SKD7Z3030","","","","1","1","1","PC","1","PC","0","1","","","","","1"
"5517-512BA30","1","1","1","1","SKD7Z3032","","","","1","1","1","PC","1","PC","0","1","","","","","1"
"5517-512BA34","1","1","1","1","SKD7Z3030","","","","1","1","1","PC","1","PC","0","1","","","","","1"
"5517-513AA30","1","1","1","1","SKD7Z3054","","","","1","1","1","PC","1","PC","0","1","","","","","1"
"5517-513AA34","1","1","1","1","SKD7Z3054","","","","1","1","1","PC","1","PC","0","1","","","","","1"
"5517-513AA36","1","1","1","1","SKD6.0X30X55","","","","1","1","1","PC","1","PC","0","1","","","","","1"
"5517-513BA30","1","1","1","1","SKD7Z3054","","","","1","1","1","PC","1","PC","0","1","","","","","1"
"5517-513BA34","1","1","1","1","SKD7Z3054","","","","1","1","1","PC","1","PC","0","1","","","","","1"
"5517-513BA36","1","1","1","1","SKD6.0X30X55","","","","1","1","1","PC","1","PC","0","1","","","","","1"
"5517-514AA30","1","1","1","1","SKD7Z3054","","","","1","1","1","PC","1","PC","0","1","","","","","1"
"5517-514AA34","1","1","1","1","SKD6E3555","","","","1","1","1","PC","1","PC","0","1","","","","","1"
"5517-514AA36","1","1","1","1","SKD6.0X30X55","","","","1","1","1","PC","1","PC","0","1","","","","","1"
"5517-514BA30","1","1","1","1","SKD7Z3054","","","","1","1","1","PC","1","PC","0","1","","","","","1"
"5517-514BA34","1","1","1","1","SKD6E3555","","","","1","1","1","PC","1","PC","0","1","","","","","1"
"5517-514BA36","1","1","1","1","SKD6.0X30X55","","","","1","1","1","PC","1","PC","0","1","","","","","1"
"5517-514BA38","1","1","1","1","5517-514BA38-M1","","","","1","1","1","PC","1","PC","0","1","","","","","1"
"5517-516AA30","1","1","1","1","SKD11035065","","","","1","1","1","PC","1","PC","0","1","","","","","1"
"5517-516AA34","1","1","1","1","SKD11027067","","","","1","1","1","PC","1","PC","0","1","","","","","1"
"5517-516AA36","1","1","1","1","SKD5.8X35X55","","","","1","1","1","PC","1","PC","0","1","","","","","1"
"5517-516CA30","1","1","1","1","SKD11035065","","","","1","1","1","PC","1","PC","0","1","","","","","1"
"5517-516GA36","1","1","1","1","SKD5.8X35X55","","","","1","1","1","PC","1","PC","0","1","","","","","1"
"5517-517AA30","1","1","1","1","5517-513AA30-M0","","","","1","1","1","PC","1","PC","0","1","","","","","1"
"5517-517AA34","1","1","1","1","SKD7Z3054","","","","1","1","1","PC","1","PC","0","1","","","","","1"
"5517-517AA36","1","1","1","1","SKD6.0X30X55","","","","1","1","1","PC","1","PC","0","1","","","","","1"
"5517-517GA36","1","1","1","1","SKD6.0X30X55","","","","1","1","1","PC","1","PC","0","1","","","","","1"
"5517-518AA30","1","1","1","1","5517-514AA30-M0","","","","1","1","1","PC","1","PC","0","1","","","","","1"
"5517-518AA34","1","1","1","1","SKD6E3555","","","","1","1","1","PC","1","PC","0","1","","","","","1"
"5517-518AA36","1","1","1","1","SKD6.0X30X55","","","","1","1","1","PC","1","PC","0","1","","","","","1"
"5517-518BA30","1","1","1","1","5517-514BA30-M1","","","","1","1","1","PC","1","PC","0","1","","","","","1"
"5517-518GA36","1","1","1","1","SKD6.0X30X55","","","","1","1","1","PC","1","PC","0","1","","","","","1"
"5517-566AA36","1","1","1","1","SKD7.9X30X32","","","","1","1","1","PC","1","PC","0","1","","","","","1"
"5517-566AB34","1","1","1","1","SKD8E3030","","","","1","1","1","PC","1","PC","0","1","","","","","1"
"5517-566BA36","1","1","1","1","SKD7.9X30X32","","","","1","1","1","PC","1","PC","0","1","","","","","1"
"5517-566BB34","1","1","1","1","SKD8E3030","","","","1","1","1","PC","1","PC","0","1","","","","","1"
"5517-566CA30","1","1","1","1","SKD11030085","","","","1","1","1","PC","1","PC","0","1","","","","","1"
"5517-566DA30","1","1","1","1","SKD11030085","","","","1","1","1","PC","1","PC","0","1","","","","","1"
"5517-566FA34","1","1","1","1","SKD7.9X30X32","","","","1","1","1","PC","1","PC","0","1","","","","","1"
"5517-569AA34","1","1","1","1","SKD8E3030","","","","1","1","1","PC","1","PC","0","1","","","","","1"
"5517-570AA30","1","1","1","1","SKD8E3022","","","","1","1","1","PC","1","PC","0","1","","","","","1"
"5517-570AC34","1","1","1","1","SKD8E3030","","","","1","1","1","PC","1","PC","0","1","","","","","1"
"5517-570BA34","1","1","1","1","SKD11021082","","","","1","1","1","PC","1","PC","0","1","","","","","1"
"5517-570BC30","1","1","1","1","SKD8E3022","","","","1","1","1","PC","1","PC","0","1","","","","","1"
"5517-570CA30","1","1","1","1","SKD8E3020","","","","1","1","1","PC","1","PC","0","1","","","","","1"
"5517-591AA30","1","1","1","1","SKD11027067","","","","1","1","1","PC","1","PC","0","1","","","","","1"
"5517-591AA34","1","1","1","1","5517-516AA34-M1","","","","1","1","1","PC","1","PC","0","1","","","","","1"
"5517-591AA38","1","1","1","1","5517-516AA38-M1","","","","1","1","1","PC","1","PC","0","1","","","","","1"
"5517-592AA30","1","1","1","1","5517-592AA30-M0","","","","1","1","1","PC","1","PC","0","1","","","","","1"
"5517-592AA38","1","1","1","1","SKD6.0X35X70","","","","1","1","1","PC","1","PC","0","1","","","","","1"
"5517-593AA30","1","1","1","1","5517-514AA30-M0","","","","1","1","1","PC","1","PC","0","1","","","","","1"
"5517-593AA34","1","1","1","1","5517-514AA34-M1","","","","1","1","1","PC","1","PC","0","1","","","","","1"
"5517-593AA38","1","1","1","1","5517-514AA38-M1","","","","1","1","1","PC","1","PC","0","1","","","","","1"
"5517-611BA34","1","1","1","1","SKD6G2519","","","","1","1","1","PC","1","PC","0","1","","","","","1"
"5517-612AA34","1","1","1","1","SKD7Z3035","","","","1","1","1","PC","1","PC","0","1","","","","","1"
"5517-612BA34","1","1","1","1","SKD7Z3035","","","","1","1","1","PC","1","PC","0","1","","","","","1"
"5517-613AA34","1","1","1","1","SKD161640","","","","1","1","1","PC","1","PC","0","1","","","","","1"
"5517-613BA34","1","1","1","1","SKD161640","","","","1","1","1","PC","1","PC","0","1","","","","","1"
"5517-614AA34","1","1","1","1","SKD161640","","","","1","1","1","PC","1","PC","0","1","","","","","1"
"5517-614BA34","1","1","1","1","SKD161640","","","","1","1","1","PC","1","PC","0","1","","","","","1"
"5517-615AA34","1","1","1","1","SKD161625","","","","1","1","1","PC","1","PC","0","1","","","","","1"
"5517-616AA34","1","1","1","1","SKD161625","","","","1","1","1","PC","1","PC","0","1","","","","","1"
"5517-617AA34","1","1","1","1","SKD161635","","","","1","1","1","PC","1","PC","0","1","","","","","1"
"5517-617BA34","1","1","1","1","SKD161635","","","","1","1","1","PC","1","PC","0","1","","","","","1"
"5517-618AA34","1","1","1","1","SKD161635","","","","1","1","1","PC","1","PC","0","1","","","","","1"
"5517-618BA34","1","1","1","1","SKD161635","","","","1","1","1","PC","1","PC","0","1","","","","","1"
"5517-619AA34","1","1","1","1","SKD161625","","","","1","1","1","PC","1","PC","0","1","","","","","1"
"5517-620AA34","1","1","1","1","SKD161625","","","","1","1","1","PC","1","PC","0","1","","","","","1"
"5517-621AA34","1","1","1","1","SKD7Z3054","","","","1","1","1","PC","1","PC","0","1","","","","","1"
"5517-622AA34","1","1","1","1","SKD6G1542","","","","1","1","1","PC","1","PC","0","1","","","","","1"
"5518-504AA34","1","1","1","1","MA-5518-504AA34","","","","1","1","1","PC","1","PC","0","1","","","","","1"
"5518-505AA34","1","1","1","1","SKD6G1552","","","","1","1","1","PC","1","PC","0","1","","","","","1"
"5518-521AA34","1","1","1","1","SKD6E3525","","","","1","1","1","PC","1","PC","0","1","","","","","1"
"5518-522AA34","1","1","1","1","NC-5518-522AA34","","","","1","1","1","PC","1","PC","0","1","","","","","1"
"5518-523AA34","1","1","1","1","SKD6G2718","","","","1","1","1","PC","1","PC","0","1","","","","","1"
"5518-524AA34","1","1","1","1","SKD6E3525","","","","1","1","1","PC","1","PC","0","1","","","","","1"
"5518-525AA34","1","1","1","1","SKD7Z3054","","","","1","1","1","PC","1","PC","0","1","","","","","1"
"5518-525AA38","1","1","1","1","5518-525AA38-M1","","","","1","1","1","PC","1","PC","0","1","","","","","1"
"5518-526AA34","1","1","1","1","SKD7Z3054","","","","1","1","1","PC","1","PC","0","1","","","","","1"
"5518-526AA38","1","1","1","1","5518-526AA38-M1","","","","1","1","1","PC","1","PC","0","1","","","","","1"
"5518-531AA34","1","1","1","1","SKD6G2524","","","","1","1","1","PC","1","PC","0","1","","","","","1"
"5518-532AA34","1","1","1","1","SKD6G2745","","","","1","1","1","PC","1","PC","0","1","","","","","1"
"5518-532BA34","1","1","1","1","SKD6G2745","","","","1","1","1","PC","1","PC","0","1","","","","","1"
"5518-616BA34","1","1","1","1","SKD7Z3054","","","","1","1","1","PC","1","PC","0","1","","","","","1"
"5520-566AA30","1","1","1","1","SKD11030085","","","","1","1","1","PC","1","PC","0","1","","","","","1"
"5520-566BA30","1","1","1","1","SKD7.9X30X32","","","","1","1","1","PC","1","PC","0","1","","","","","1"
"5520-566BA34","1","1","1","1","SKD7.9X30X32","","","","1","1","1","PC","1","PC","0","1","","","","","1"
"5520-566BA38","1","1","1","1","SKD11030085","","","","1","1","1","PC","1","PC","0","1","","","","","1"
"5520-566BA42","1","1","1","1","SKD7.9X30X32","","","","1","1","1","PC","1","PC","0","1","","","","","1"
"5520-566CA30","1","1","1","1","SKD11030085","","","","1","1","1","PC","1","PC","0","1","","","","","1"
"5520-566EB30","1","1","1","1","SKD7.9X30X32","","","","1","1","1","PC","1","PC","0","1","","","","","1"
"5520-566FA34","1","1","1","1","SKD7.9X30X32","","","","1","1","1","PC","1","PC","0","1","","","","","1"
"5520-569AB38","1","1","1","1","SKD9Z3520","","","","1","1","1","PC","1","PC","0","1","","","","","1"
"5520-569BA30","1","1","1","1","SKD9Z3520","","","","1","1","1","PC","1","PC","0","1","","","","","1"
"5520-570AA30","1","1","1","1","SKD8E3022","","","","1","1","1","PC","1","PC","0","1","","","","","1"
"5520-570BC38","1","1","1","1","SKD8E3030","","","","1","1","1","PC","1","PC","0","1","","","","","1"
"5520-570CA30","1","1","1","1","SKD8B2125","","","","1","1","1","PC","1","PC","0","1","","","","","1"
"5521-513AB24","1","1","1","1","5521-513AB24-M1","","","","1","1","1","PC","1","PC","0","1","","","","","1"
"5521-514AB24","1","1","1","1","5521-514AB24-M1","","","","1","1","1","PC","1","PC","0","1","","","","","1"
"5521-517AB24","1","1","1","1","5521-517AB24-M1","","","","1","1","1","PC","1","PC","0","1","","","","","1"
"5521-517GA24","1","1","1","1","5521-517AB24-M1","","","","1","1","1","PC","1","PC","0","1","","","","","1"
"5521-518GA24","1","1","1","1","5521-518BA24-M1","","","","1","1","1","PC","1","PC","0","1","","","","","1"
"5529-511CA30","1","1","1","1","SKD6G2515","","","","1","1","1","PC","1","PC","0","1","","","","","1"
"5529-511DA30","1","1","1","1","SKD6G2515","","","","1","1","1","PC","1","PC","0","1","","","","","1"
"5529-511EA30","1","1","1","1","SKD6G2515","","","","1","1","1","PC","1","PC","0","1","","","","","1"
"5529-511FA30","1","1","1","1","SKD6G2515","","","","1","1","1","PC","1","PC","0","1","","","","","1"
"5529-513AA34","1","1","1","1","SKD6.0X30X41","","","","1","1","1","PC","1","PC","0","1","","","","","1"
"5529-514AB34","1","1","1","1","352B-514AB33-M1","","","","1","1","1","PC","1","PC","0","1","","","","","1"
"5529-521AA30","1","1","1","1","SKD6G2515","","","","1","1","1","PC","1","PC","0","1","","","","","1"
"5529-521BA30","1","1","1","1","SKD6G2515","","","","1","1","1","PC","1","PC","0","1","","","","","1"
"5529-522AA30","1","1","1","1","SKD11027067","","","","1","1","1","PC","1","PC","0","1","","","","","1"
"5529-566AA36","1","1","1","1","SKD7.9X30X45","","","","1","1","1","PC","1","PC","0","1","","","","","1"
"5529-566AA38","1","1","1","1","SKD7.9X30X40","","","","1","1","1","PC","1","PC","0","1","","","","","1"
"5529-572AA38","1","1","1","1","SKD6.0X30X32","","","","1","1","1","PC","1","PC","0","1","","","","","1"
"5529-573AB36","1","1","1","1","SKD6.0X30X41","","","","1","1","1","PC","1","PC","0","1","","","","","1"
"5529-574AA38","1","1","1","1","SKD6.0X30X41","","","","1","1","1","PC","1","PC","0","1","","","","","1"
"5529-607AA38","1","1","1","1","MA-5529-607AA38","","","","1","1","1","PC","1","PC","0","1","","","","","1"
"5529-607BA38","1","1","1","1","MA-5529-607BA38","","","","1","1","1","PC","1","PC","0","1","","","","","1"
"5530-572AA34","1","1","1","1","SKD6.0X30X32","","","","1","1","1","PC","1","PC","0","1","","","","","1"
"5532-516AB30","1","1","1","1","SKD11030070","","","","1","1","1","PC","1","PC","0","1","","","","","1"
"5532-516GA30","1","1","1","1","SKD11027067","","","","1","1","1","PC","1","PC","0","1","","","","","1"
"5532-517GA30","1","1","1","1","SKD11027067","","","","1","1","1","PC","1","PC","0","1","","","","","1"
"5532-521AA30","1","1","1","1","SKD6G2515","","","","1","1","1","PC","1","PC","0","1","","","","","1"
"5532-521BA30","1","1","1","1","SKD6G2515","","","","1","1","1","PC","1","PC","0","1","","","","","1"
"5532-522AA30","1","1","1","1","SKD6G2727","","","","1","1","1","PC","1","PC","0","1","","","","","1"
"5532-524AB30","1","1","1","1","SKD7Z3038","","","","1","1","1","PC","1","PC","0","1","","","","","1"
"5532-524AB34","1","1","1","1","352B-514AB33-M1","","","","1","1","1","PC","1","PC","0","1","","","","","1"
"5532-531AA30","1","1","1","1","SKD6G2515","","","","1","1","1","PC","1","PC","0","1","","","","","1"
"5532-531BA30","1","1","1","1","SKD6G2515","","","","1","1","1","PC","1","PC","0","1","","","","","1"
"5532-566AA30","1","1","1","1","SKD7.9X30X32","","","","1","1","1","PC","1","PC","0","1","","","","","1"
"5532-566BA30","1","1","1","1","SKD7.9X30X32","","","","1","1","1","PC","1","PC","0","1","","","","","1"
"5532-566BA34","1","1","1","1","SKD7.9X30X32","","","","1","1","1","PC","1","PC","0","1","","","","","1"
"5532-566CA30","1","1","1","1","SKD11029082","","","","1","1","1","PC","1","PC","0","1","","","","","1"
"5532-566EA30","1","1","1","1","SKD7.9X30X32","","","","1","1","1","PC","1","PC","0","1","","","","","1"
"5532-566FA34","1","1","1","1","SKD7.9X30X32","","","","1","1","1","PC","1","PC","0","1","","","","","1"
"5532-566FA36","1","1","1","1","SKD7.9X30X32","","","","1","1","1","PC","1","PC","0","1","","","","","1"
"5532-569AA30","1","1","1","1","SKD8E3022","","","","1","1","1","PC","1","PC","0","1","","","","","1"
"5532-569AA34","1","1","1","1","SKD8E3025","","","","1","1","1","PC","1","PC","0","1","","","","","1"
"5532-569BA30","1","1","1","1","SKD8E3020","","","","1","1","1","PC","1","PC","0","1","","","","","1"
"5532-569CA30","1","1","1","1","SKD11035090","","","","1","1","1","PC","1","PC","0","1","","","","","1"
"5532-569CA34","1","1","1","1","SKD11030085","","","","1","1","1","PC","1","PC","0","1","","","","","1"
"5532-570AA30","1","1","1","1","SKD8E3020","","","","1","1","1","PC","1","PC","0","1","","","","","1"
"5532-570BA30","1","1","1","1","SKD8E3020","","","","1","1","1","PC","1","PC","0","1","","","","","1"
"5532-570CA30","1","1","1","1","SKD11030085","","","","1","1","1","PC","1","PC","0","1","","","","","1"
"5532-570CA34","1","1","1","1","SKD11030085","","","","1","1","1","PC","1","PC","0","1","","","","","1"
"5532-591AC30","1","1","1","1","SKD11027067","","","","1","1","1","PC","1","PC","0","1","","","","","1"
"5532-592AB30","1","1","1","1","SKD11035065","","","","1","1","1","PC","1","PC","0","1","","","","","1"
"5532-593AB30","1","1","1","1","SKD11030070","","","","1","1","1","PC","1","PC","0","1","","","","","1"
"5533-613AA34","1","1","1","1","SKD7.0X30X32","","","","1","1","1","PC","1","PC","0","1","","","","","1"
"5533-614AA34","1","1","1","1","SKD7.0X30X32","","","","1","1","1","PC","1","PC","0","1","","","","","1"
"5533-619AA34","1","1","1","1","SKD7.0X30X30","","","","1","1","1","PC","1","PC","0","1","","","","","1"
"5533-620AA34","1","1","1","1","SKD7.0X30X28","","","","1","1","1","PC","1","PC","0","1","","","","","1"
"5541-514AA38","1","1","1","1","SKD6.0X30X41","","","","1","1","1","PC","1","PC","0","1","","","","","1"
"5542-514AA34","1","1","1","1","SKD6.0X35X40","","","","1","1","1","PC","1","PC","0","1","","","","","1"
"5545-512CA30","1","1","1","1","SKD6.0X30X30","","","","1","1","1","PC","1","PC","0","1","","","","","1"
"5545-512DA30","1","1","1","1","SKD6.0X30X30","","","","1","1","1","PC","1","PC","0","1","","","","","1"
"5545-514CA30","1","1","1","1","SKD6.0X30X41","","","","1","1","1","PC","1","PC","0","1","","","","","1"
"5546-505AA38","1","1","1","1","MA-5546-505AA38-HGT","","","","1","1","1","PC","1","PC","0","1","","","","","1"
"5546-506AA38","1","1","1","1","MA-5546-506AA38","","","","1","1","1","PC","1","PC","0","1","","","","","1"
"5546-506BA38","1","1","1","1","MA-5546-506BA38","","","","1","1","1","PC","1","PC","0","1","","","","","1"
"5546-514AB38","1","1","1","1","SKD6.0X30X41","","","","1","1","1","PC","1","PC","0","1","","","","","1"
"5546-516BA38","1","1","1","1","SKD6.0X40X54","","","","1","1","1","PC","1","PC","0","1","","","","","1"
"5546-518AA38","1","1","1","1","SKD6.0X30X41","","","","1","1","1","PC","1","PC","0","1","","","","","1"
"5546-519AA38","1","1","1","1","SKD6.0X40X41","","","","1","1","1","PC","1","PC","0","1","","","","","1"
"5546-520AA38","1","1","1","1","SKD6.0X30X41","","","","1","1","1","PC","1","PC","0","1","","","","","1"
"5546-592AB38","1","1","1","1","SKD6.0X35X55","","","","1","1","1","PC","1","PC","0","1","","","","","1"
"590-611","1","1","1","1","SKD4.8X30X60","","","","1","1","1","PC","1","PC","0","1","","","","","1"
"59-506E09","1","1","1","1","MA-59-506E09","","","","1","1","1","PC","1","PC","0","1","","","","","1"
"59-511A09","1","1","1","1","SKD11025055","","","","1","1","1","PC","1","PC","0","1","","","","","1"
"59-511A26","1","1","1","1","SKD5E3045","","","","1","1","1","PC","1","PC","0","1","","","","","1"
"59-512R09","1","1","1","1","SKD11025067","","","","1","1","1","PC","1","PC","0","1","","","","","1"
"59-525AV38","1","1","1","1","SKD6.0X27X49","","","","1","1","1","PC","1","PC","0","1","","","","","1"
"59-607DC09","1","1","1","1","MA-59-607DC09","","","","1","1","1","PC","1","PC","0","1","","","","","1"
"59-607EC09","1","1","1","1","MA-59-607EC09","","","","1","1","1","PC","1","PC","0","1","","","","","1"
"59-608DC09","1","1","1","1","MA-59-608DC09","","","","1","1","1","PC","1","PC","0","1","","","","","1"
"59-611D09","1","1","1","1","SKD6E3540","","","","1","1","1","PC","1","PC","0","1","","","","","1"
"59-612B","1","1","1","1","SKD6E3515","","","","1","1","1","PC","1","PC","0","1","","","","","1"
"59-614BS2","1","1","1","1","SKD6E3525","","","","1","1","1","PC","1","PC","0","1","","","","","1"
"59-615A09","1","1","1","1","SKD6E3540","","","","1","1","1","PC","1","PC","0","1","","","","","1"
"59-622S33","1","1","1","1","SKD6E3515","","","","1","1","1","PC","1","PC","0","1","","","","","1"
"600-611JLS2","1","1","1","1","SKD5Z2235","","","","1","1","1","PC","1","PC","0","1","","","","","1"
"600-611JL-S2","1","1","1","1","SKD4.2X25X35","","","","1","1","1","PC","1","PC","0","1","","","","","1"
"600-611J-S2","1","1","1","1","SKD5Z2235","","","","1","1","1","PC","1","PC","0","1","","","","","1"
"600-611NA","1","1","1","1","SKD4.2X25X50","","","","1","1","1","PC","1","PC","0","1","","","","","1"
"600-611RA","1","1","1","1","SKD4.2X25X50","","","","1","1","1","PC","1","PC","0","1","","","","","1"
"600-613","1","1","1","1","SUJ3030056","","","","1","1","1","PC","1","PC","0","1","","","","","1"
"600-613CA","1","1","1","1","SKD4.2X25X50","","","","1","1","1","PC","1","PC","0","1","","","","","1"
"600-631AA36","1","1","1","1","SKD6.0X30X41","","","","1","1","1","PC","1","PC","0","1","","","","","1"
"600-631PA36","1","1","1","1","SKD6.0X30X41","","","","1","1","1","PC","1","PC","0","1","","","","","1"
"600-633AA30","1","1","1","1","SKD6.0X35X48","","","","1","1","1","PC","1","PC","0","1","","","","","1"
"603-514B38","1","1","1","1","3S-MY5","","","","1","1","1","PC","1","PC","0","1","","","","","1"
"603-53122","1","1","1","1","3S-MY122","","","","1","1","1","PC","1","PC","0","1","","","","","1"
"603-53160","1","1","1","1","3S-MY160","","","","1","1","1","PC","1","PC","0","1","","","","","1"
"603-53248","1","1","1","1","3S-MY148","","","","1","1","1","PC","1","PC","0","1","","","","","1"
"603-53348","1","1","1","1","3S-MY148","","","","1","1","1","PC","1","PC","0","1","","","","","1"
"603-621C","1","1","1","1","SKD6G2235","","","","1","1","1","PC","1","PC","0","1","","","","","1"
"603-621CB","1","1","1","1","SKD6G2235","","","","1","1","1","PC","1","PC","0","1","","","","","1"
"603-643AA","1","1","1","1","SKD6.0X30X38","","","","1","1","1","PC","1","PC","0","1","","","","","1"
"603-643BA","1","1","1","1","SKD6.0X30X41","","","","1","1","1","PC","1","PC","0","1","","","","","1"
"603-643PA","1","1","1","1","SKD6.0X30X38","","","","1","1","1","PC","1","PC","0","1","","","","","1"
"603-643QA","1","1","1","1","SKD6.0X30X41","","","","1","1","1","PC","1","PC","0","1","","","","","1"
"603-644AA","1","1","1","1","SKD6.0X35X48","","","","1","1","1","PC","1","PC","0","1","","","","","1"
"6104-605AA36","1","1","1","1","MA-6104-605AA36","","","","1","1","1","PC","1","PC","0","1","","","","","1"
"6104-605AB30","1","1","1","1","MA-6104-605AB30","","","","1","1","1","PC","1","PC","0","1","","","","","1"
"6104-605AB34","1","1","1","1","MA-6104-605AB34","","","","1","1","1","PC","1","PC","0","1","","","","","1"
"6104-612AA36","1","1","1","1","SKD6.0X40X52","","","","1","1","1","PC","1","PC","0","1","","","","","1"
"6104-612BA36","1","1","1","1","SKD6.0X40X52","","","","1","1","1","PC","1","PC","0","1","","","","","1"
"6104-615AA36","1","1","1","1","SKD6.0X35X55","","","","1","1","1","PC","1","PC","0","1","","","","","1"
"6104-615GA36","1","1","1","1","SKD6.0X35X55","","","","1","1","1","PC","1","PC","0","1","","","","","1"
"6104-618AA30","1","1","1","1","SKD6.0X40X52","","","","1","1","1","PC","1","PC","0","1","","","","","1"
"6104-621AA30","1","1","1","1","SKD6G4754","","","","1","1","1","PC","1","PC","0","1","","","","","1"
"6104-621AA36","1","1","1","1","SKD6.0X47X48","","","","1","1","1","PC","1","PC","0","1","","","","","1"
"6104-621AB34","1","1","1","1","SKD6.0X47X48","","","","1","1","1","PC","1","PC","0","1","","","","","1"
"6104-621BA30","1","1","1","1","SKD6G4754","","","","1","1","1","PC","1","PC","0","1","","","","","1"
"6104-621BA36","1","1","1","1","SKD6.0X47X48","","","","1","1","1","PC","1","PC","0","1","","","","","1"
"6104-621BB34","1","1","1","1","SKD6.0X47X48","","","","1","1","1","PC","1","PC","0","1","","","","","1"
"6104-622AA30","1","1","1","1","SKD6G4754","","","","1","1","1","PC","1","PC","0","1","","","","","1"
"6104-622AA36","1","1","1","1","SKD6.0X47X48","","","","1","1","1","PC","1","PC","0","1","","","","","1"
"6104-622AB34","1","1","1","1","SKD6.0X47X48","","","","1","1","1","PC","1","PC","0","1","","","","","1"
"6104-623AA30","1","1","1","1","SKD6G4754","","","","1","1","1","PC","1","PC","0","1","","","","","1"
"6104-623AA36","1","1","1","1","SKD6.0X47X48","","","","1","1","1","PC","1","PC","0","1","","","","","1"
"6104-623AB34","1","1","1","1","SKD6.0X47X48","","","","1","1","1","PC","1","PC","0","1","","","","","1"
"6104-624AA30","1","1","1","1","SKD6.0X47X48","","","","1","1","1","PC","1","PC","0","1","","","","","1"
"6104-691AA36","1","1","1","1","SKD6.0X40X54","","","","1","1","1","PC","1","PC","0","1","","","","","1"
"6104-692AA34","1","1","1","1","SKD6.0X40X52","","","","1","1","1","PC","1","PC","0","1","","","","","1"
"6104-692AA36","1","1","1","1","SKD6.0X40X54","","","","1","1","1","PC","1","PC","0","1","","","","","1"
"6105-524AA38","1","1","1","1","SKD7Z3045","","","","1","1","1","PC","1","PC","0","1","","","","","1"
"6105-566AA38","1","1","1","1","SKD11-DIA50","","","","1","1","1","PC","1","PC","0","1","","","","","1"
"6105-566BA38","1","1","1","1","SKD8B2948","","","","1","1","1","PC","1","PC","0","1","","","","","1"
"6105-569AA38","1","1","1","1","SKD11-DIA50","","","","1","1","1","PC","1","PC","0","1","","","","","1"
"6105-570AA38","1","1","1","1","SKD8E3053","","","","1","1","1","PC","1","PC","0","1","","","","","1"
"6105-570BA38","1","1","1","1","SKD11021082","","","","1","1","1","PC","1","PC","0","1","","","","","1"
"6105-605AC42","1","1","1","1","MA-6105-605AC42","","","","1","1","1","PC","1","PC","0","1","","","","","1"
"6105-611AA38","1","1","1","1","SKD6G2516","","","","1","1","1","PC","1","PC","0","1","","","","","1"
"6105-612AA38","1","1","1","1","6105-612AA38-M1","","","","1","1","1","PC","1","PC","0","1","","","","","1"
"6105-612BA38","1","1","1","1","6105-612BA38-M1","","","","1","1","1","PC","1","PC","0","1","","","","","1"
"6105-615AC38","1","1","1","1","SKD11035067","","","","1","1","1","PC","1","PC","0","1","","","","","1"
"6105-615GC38","1","1","1","1","SKD11035067","","","","1","1","1","PC","1","PC","0","1","","","","","1"
"6105-618AA30","1","1","1","1","SKD6.0X40X41","","","","1","1","1","PC","1","PC","0","1","","","","","1"
"6105-621AA34","1","1","1","1","SKD6.0X47X41","","","","1","1","1","PC","1","PC","0","1","","","","","1"
"6105-621AC38","1","1","1","1","SKD6.0X47X41","","","","1","1","1","PC","1","PC","0","1","","","","","1"
"6105-621AC42","1","1","1","1","SKD6.0X47X41","","","","1","1","1","PC","1","PC","0","1","","","","","1"
"6105-621BA34","1","1","1","1","SKD6.0X47X41","","","","1","1","1","PC","1","PC","0","1","","","","","1"
"6105-621BC38","1","1","1","1","SKD6.0X47X41","","","","1","1","1","PC","1","PC","0","1","","","","","1"
"6105-621BC42","1","1","1","1","SKD6.0X47X41","","","","1","1","1","PC","1","PC","0","1","","","","","1"
"6105-622AA34","1","1","1","1","SKD6.0X47X41","","","","1","1","1","PC","1","PC","0","1","","","","","1"
"6105-622AB38","1","1","1","1","SKD6.0X47X41","","","","1","1","1","PC","1","PC","0","1","","","","","1"
"6105-622AB42","1","1","1","1","SKD6.0X47X41","","","","1","1","1","PC","1","PC","0","1","","","","","1"
"6105-623AA34","1","1","1","1","SKD6.0X47X41","","","","1","1","1","PC","1","PC","0","1","","","","","1"
"6105-623AC38","1","1","1","1","SKD6.0X47X41","","","","1","1","1","PC","1","PC","0","1","","","","","1"
"6105-623AC42","1","1","1","1","SKD6.0X47X41","","","","1","1","1","PC","1","PC","0","1","","","","","1"
"6105-624AA30","1","1","1","1","SKD6.0X47X38","","","","1","1","1","PC","1","PC","0","1","","","","","1"
"6105-625AA30","1","1","1","1","SKD6.0X47X38","","","","1","1","1","PC","1","PC","0","1","","","","","1"
"6105-691AA38","1","1","1","1","SKD11040065","","","","1","1","1","PC","1","PC","0","1","","","","","1"
"6105-692AA34","1","1","1","1","SKD6.0X40X46","","","","1","1","1","PC","1","PC","0","1","","","","","1"
"6105-692AA38","1","1","1","1","SKD11040065","","","","1","1","1","PC","1","PC","0","1","","","","","1"
"6105-692AA42","1","1","1","1","SKD6.0X40X46","","","","1","1","1","PC","1","PC","0","1","","","","","1"
"6108-605AB38","1","1","1","1","MA-6108-605AB38","","","","1","1","1","PC","1","PC","0","1","","","","","1"
"6108-612AA36","1","1","1","1","SKD6.0X40X41","","","","1","1","1","PC","1","PC","0","1","","","","","1"
"6108-612BA36","1","1","1","1","SKD6.0X40X41","","","","1","1","1","PC","1","PC","0","1","","","","","1"
"6108-615GA38","1","1","1","1","SKD6.0X35X55","","","","1","1","1","PC","1","PC","0","1","","","","","1"
"6108-621AA36","1","1","1","1","SKD6.0X47X38","","","","1","1","1","PC","1","PC","0","1","","","","","1"
"6108-621AA38","1","1","1","1","SKD6.0X47X38","","","","1","1","1","PC","1","PC","0","1","","","","","1"
"6108-621BA36","1","1","1","1","SKD6.0X47X38","","","","1","1","1","PC","1","PC","0","1","","","","","1"
"6108-621BA38","1","1","1","1","SKD6.0X47X38","","","","1","1","1","PC","1","PC","0","1","","","","","1"
"6108-622AA36","1","1","1","1","SKD6.0X47X33","","","","1","1","1","PC","1","PC","0","1","","","","","1"
"6108-622AB38","1","1","1","1","SKD6.0X47X45","","","","1","1","1","PC","1","PC","0","1","","","","","1"
"6108-623AA36","1","1","1","1","SKD6.0X40X38","","","","1","1","1","PC","1","PC","0","1","","","","","1"
"6108-623AA38","1","1","1","1","SKD6.0X40X38","","","","1","1","1","PC","1","PC","0","1","","","","","1"
"6108-691AA36","1","1","1","1","SKD6.0X40X41","","","","1","1","1","PC","1","PC","0","1","","","","","1"
"6108-692AA36","1","1","1","1","SKD6.0X40X38","","","","1","1","1","PC","1","PC","0","1","","","","","1"
"6108-692AA38","1","1","1","1","SKD6.0X40X38","","","","1","1","1","PC","1","PC","0","1","","","","","1"
"6110-512AB38","1","1","1","1","SKD6.0X30X32","","","","1","1","1","PC","1","PC","0","1","","","","","1"
"6110-592AB38","1","1","1","1","SKD6.0X35X65","","","","1","1","1","PC","1","PC","0","1","","","","","1"
"6110-621AC38","1","1","1","1","SKD6.0X47X41","","","","1","1","1","PC","1","PC","0","1","","","","","1"
"6110-621BC38","1","1","1","1","SKD6.0X47X41","","","","1","1","1","PC","1","PC","0","1","","","","","1"
"6110-622AB38","1","1","1","1","SKD6.0X47X41","","","","1","1","1","PC","1","PC","0","1","","","","","1"
"6110-623AC38","1","1","1","1","SKD6.0X47X41","","","","1","1","1","PC","1","PC","0","1","","","","","1"
"6110-692AB38","1","1","1","1","SKD6.0X47X45","","","","1","1","1","PC","1","PC","0","1","","","","","1"
"6111-513AA30","1","1","1","1","5517-513AA30-M1","","","","1","1","1","PC","1","PC","0","1","","","","","1"
"6111-513BA30","1","1","1","1","5517-513BA30-M1","","","","1","1","1","PC","1","PC","0","1","","","","","1"
"6111-514AA30","1","1","1","1","5517-514AA30-M1","","","","1","1","1","PC","1","PC","0","1","","","","","1"
"6111-514BA30","1","1","1","1","5517-514BA30-M1","","","","1","1","1","PC","1","PC","0","1","","","","","1"
"6111-525AA30","1","1","1","1","5518-525AA30-M1","","","","1","1","1","PC","1","PC","0","1","","","","","1"
"6111-526AA30","1","1","1","1","5518-526AA30-M1","","","","1","1","1","PC","1","PC","0","1","","","","","1"
"6111-616AA30","1","1","1","1","6111-616AA30-M1","","","","1","1","1","PC","1","PC","0","1","","","","","1"
"6111-624AA30","1","1","1","1","SKD6.0X47X48","","","","1","1","1","PC","1","PC","0","1","","","","","1"
"6111-624BA30","1","1","1","1","SKD6.0X47X48","","","","1","1","1","PC","1","PC","0","1","","","","","1"
"6202-566AA34","1","1","1","1","SKD8E3030","","","","1","1","1","PC","1","PC","0","1","","","","","1"
"6202-566CA34","1","1","1","1","SKD8E3030","","","","1","1","1","PC","1","PC","0","1","","","","","1"
"6202-566FA34","1","1","1","1","SKD7.9X30X32","","","","1","1","1","PC","1","PC","0","1","","","","","1"
"6202-569AB34","1","1","1","1","SKD8E3034","","","","1","1","1","PC","1","PC","0","1","","","","","1"
"6202-570AA34","1","1","1","1","SKD8E3030","","","","1","1","1","PC","1","PC","0","1","","","","","1"
"6202-570CA34","1","1","1","1","SKD8B2130","","","","1","1","1","PC","1","PC","0","1","","","","","1"
"6210-513AB34","1","1","1","1","SKD6.0X30X60","","","","1","1","1","PC","1","PC","0","1","","","","","1"
"6210-513AC34","1","1","1","1","SKD6.0X30X60","","","","1","1","1","PC","1","PC","0","1","","","","","1"
"6210-514AB34","1","1","1","1","SKD6.0X30X60","","","","1","1","1","PC","1","PC","0","1","","","","","1"
"6210-517AA34","1","1","1","1","SKD6.0X30X60","","","","1","1","1","PC","1","PC","0","1","","","","","1"
"6210-525AA34","1","1","1","1","SKD6.0X30X60","","","","1","1","1","PC","1","PC","0","1","","","","","1"
"6210-526BA34","1","1","1","1","SKD6.0X30X60","","","","1","1","1","PC","1","PC","0","1","","","","","1"
"6210-566AA34","1","1","1","1","SKD7.9X30X32","","","","1","1","1","PC","1","PC","0","1","","","","","1"
"6210-566BA34","1","1","1","1","SKD7.9X30X32","","","","1","1","1","PC","1","PC","0","1","","","","","1"
"6210-615AA34","1","1","1","1","SKD6.0X35X55","","","","1","1","1","PC","1","PC","0","1","","","","","1"
"6210-621AD34","1","1","1","1","SKD6.0X47X60","","","","1","1","1","PC","1","PC","0","1","","","","","1"
"6210-622AC34","1","1","1","1","SKD6.0X47X60","","","","1","1","1","PC","1","PC","0","1","","","","","1"
"6210-623AB34","1","1","1","1","SKD6.0X47X60","","","","1","1","1","PC","1","PC","0","1","","","","","1"
"6210-623BB34","1","1","1","1","SKD6.0X47X60","","","","1","1","1","PC","1","PC","0","1","","","","","1"
"6210-624AC34","1","1","1","1","SKD6.0X47X60","","","","1","1","1","PC","1","PC","0","1","","","","","1"
"6210-692AA34","1","1","1","1","SKD6.0X40X54","","","","1","1","1","PC","1","PC","0","1","","","","","1"
"6213-513AA34","1","1","1","1","5517-513AA34-M1","","","","1","1","1","PC","1","PC","0","1","","","","","1"
"6213-513BA34","1","1","1","1","5517-513BA34-M1","","","","1","1","1","PC","1","PC","0","1","","","","","1"
"6213-514AA34","1","1","1","1","5517-514AA34-M1","","","","1","1","1","PC","1","PC","0","1","","","","","1"
"6213-514BA34","1","1","1","1","5517-514BA34-M1","","","","1","1","1","PC","1","PC","0","1","","","","","1"
"6214-513AA34","1","1","1","1","SKD6.0X30X55","","","","1","1","1","PC","1","PC","0","1","","","","","1"
"621-64526","1","1","1","1","SKD5.8X35X55","","","","1","1","1","PC","1","PC","0","1","","","","","1"
"630-62126","1","1","1","1","SKD5.0X30X70","","","","1","1","1","PC","1","PC","0","1","","","","","1"
"630-62226","1","1","1","1","SKD5.0X30X70","","","","1","1","1","PC","1","PC","0","1","","","","","1"
"630-62326","1","1","1","1","SKD5.0X30X70","","","","1","1","1","PC","1","PC","0","1","","","","","1"
"630-62426","1","1","1","1","SKD5.0X30X70","","","","1","1","1","PC","1","PC","0","1","","","","","1"
"631-514N26","1","1","1","1","SKD8B2940","","","","1","1","1","PC","1","PC","0","1","","","","","1"
"631-514NL26","1","1","1","1","SKD8B2940","","","","1","1","1","PC","1","PC","0","1","","","","","1"
"631-51526","1","1","1","1","SKD8B2148","","","","1","1","1","PC","1","PC","0","1","","","","","1"
"631-516E30","1","1","1","1","SKD7.65X40X40","","","","1","1","1","PC","1","PC","0","1","","","","","1"
"631-516G26","1","1","1","1","DF3-MY6D30","","","","1","1","1","PC","1","PC","0","1","","","","","1"
"631-516GL26","1","1","1","1","DF3-MY6D30","","","","1","1","1","PC","1","PC","0","1","","","","","1"
"631-516H26","1","1","1","1","DF3-MY6D30","","","","1","1","1","PC","1","PC","0","1","","","","","1"
"631-516HL26","1","1","1","1","DF3-MY6D30","","","","1","1","1","PC","1","PC","0","1","","","","","1"
"631-516I26","1","1","1","1","DF3-MY6D30","","","","1","1","1","PC","1","PC","0","1","","","","","1"
"631-516IL26","1","1","1","1","DF3-MY6D30","","","","1","1","1","PC","1","PC","0","1","","","","","1"
"631-51726","1","1","1","1","SKD8B2940","","","","1","1","1","PC","1","PC","0","1","","","","","1"
"631-518AA26","1","1","1","1","SKD7.65X30X48","","","","1","1","1","PC","1","PC","0","1","","","","","1"
"631-51926","1","1","1","1","SKD8B2940","","","","1","1","1","PC","1","PC","0","1","","","","","1"
"631-53130","1","1","1","1","SKD6.65X30X32","","","","1","1","1","PC","1","PC","0","1","","","","","1"
"631-631BL30","1","1","1","1","SKD7Z3098","","","","1","1","1","PC","1","PC","0","1","","","","","1"
"631-631CA30","1","1","1","1","SKD6.0X47X98","","","","1","1","1","PC","1","PC","0","1","","","","","1"
"631-634B26","1","1","1","1","DF3-MD130","","","","1","1","1","PC","1","PC","0","1","","","","","1"
"631-65126","1","1","1","1","SKD19X25X50","","","","1","1","1","PC","1","PC","0","1","","","","","1"
"631-65226","1","1","1","1","SKD19X25X50","","","","1","1","1","PC","1","PC","0","1","","","","","1"
"631-682AA26","1","1","1","1","SKD6.0X30X100","","","","1","1","1","PC","1","PC","0","1","","","","","1"
"631-682BA26","1","1","1","1","SKD6.0X30X100","","","","1","1","1","PC","1","PC","0","1","","","","","1"
"631-682CA26","1","1","1","1","SKD6.0X47X98","","","","1","1","1","PC","1","PC","0","1","","","","","1"
"631-685AA26","1","1","1","1","SKD19X25X50","","","","1","1","1","PC","1","PC","0","1","","","","","1"
"631-685BA26","1","1","1","1","SKD19X25X50","","","","1","1","1","PC","1","PC","0","1","","","","","1"
"740-514B30","1","1","1","1","PL2-MY4B","","","","1","1","1","PC","1","PC","0","1","","","","","1"
"740-514BL30","1","1","1","1","PL2-MY4B","","","","1","1","1","PC","1","PC","0","1","","","","","1"
"742-51330S2","1","1","1","1","PL2-MY2","","","","1","1","1","PC","1","PC","0","1","","","","","1"
"748-522AA30","1","1","1","1","SKD7B3245","","","","1","1","1","PC","1","PC","0","1","","","","","1"
"748-616AA30","1","1","1","1","SKD10X50X65","","","","1","1","1","PC","1","PC","0","1","","","","","1"
"748-651AA30","1","1","1","1","SKD8.0X50X40","","","","1","1","1","PC","1","PC","0","1","","","","","1"
"76-507AB30","1","1","1","1","MA-76-507AB30","","","","1","1","1","PC","1","PC","0","1","","","","","1"
"76-511AL38","1","1","1","1","SKD5E2225","","","","1","1","1","PC","1","PC","0","1","","","","","1"
"76-614AC38","1","1","1","1","SKD6.0X30X28","","","","1","1","1","PC","1","PC","0","1","","","","","1"
"76-615A38","1","1","1","1","SKD6G2745","","","","1","1","1","PC","1","PC","0","1","","","","","1"
"76-616A38","1","1","1","1","SKD6G2745","","","","1","1","1","PC","1","PC","0","1","","","","","1"
"790-611F30S2","1","1","1","1","SKD4.8X30X50","","","","1","1","1","PC","1","PC","0","1","","","","","1"
"790-611FB30S2","1","1","1","1","SKD4.8X30X50","","","","1","1","1","PC","1","PC","0","1","","","","","1"
"790-611FL30S2","1","1","1","1","SKD4.8X30X50","","","","1","1","1","PC","1","PC","0","1","","","","","1"
"790-612AA30","1","1","1","1","SKD4.8X30X50","","","","1","1","1","PC","1","PC","0","1","","","","","1"
"815-611AB30","1","1","1","1","SKD6.0X47X41","","","","1","1","1","PC","1","PC","0","1","","","","","1"
"815-612AB30","1","1","1","1","SKD6.0X47X41","","","","1","1","1","PC","1","PC","0","1","","","","","1"
"816-51326","1","1","1","1","SKD11032072","","","","1","1","1","PC","1","PC","0","1","","","","","1"
"83-611B","1","1","1","1","SKD4.8X30X50","","","","1","1","1","PC","1","PC","0","1","","","","","1"
"881-519BB30","1","1","1","1","SKD11032072","","","","1","1","1","PC","1","PC","0","1","","","","","1"
"882-516A30","1","1","1","1","SKD7.65X40X35","","","","1","1","1","PC","1","PC","0","1","","","","","1"
"960-505AA26","1","1","1","1","SKD5Z1253","","","","1","1","1","PC","1","PC","0","1","","","","","1"
"960-511CA30","1","1","1","1","SKD11-DIA38","","","","1","1","1","PC","1","PC","0","1","","","","","1"
"960-516AB26","1","1","1","1","SKD11030070","","","","1","1","1","PC","1","PC","0","1","","","","","1"
"960-516BA34","1","1","1","1","SKD6.7X40X75","","","","1","1","1","PC","1","PC","0","1","","","","","1"
"960-517AA26","1","1","1","1","SKD7Z3054","","","","1","1","1","PC","1","PC","0","1","","","","","1"
"960-611GB34","1","1","1","1","SKD6.0X47X65","","","","1","1","1","PC","1","PC","0","1","","","","","1"
"960-611JB34","1","1","1","1","SKD6.0X47X65","","","","1","1","1","PC","1","PC","0","1","","","","","1"
"960-612DB34","1","1","1","1","SKD6.0X47X65","","","","1","1","1","PC","1","PC","0","1","","","","","1"
"971-621AA36","1","1","1","1","SKD8.0X40X35","","","","1","1","1","PC","1","PC","0","1","","","","","1"
"972-651AB26","1","1","1","1","SKD8E5018","","","","1","1","1","PC","1","PC","0","1","","","","","1"
"973-615AA30","1","1","1","1","SKD8.0X40X55","","","","1","1","1","PC","1","PC","0","1","","","","","1"
"B336-504AA38","1","1","1","1","MA-B336-504AA38","","","","1","1","1","PC","1","PC","0","1","","","","","1"
"B336-504BA38","1","1","1","1","MA-B336-504BA38","","","","1","1","1","PC","1","PC","0","1","","","","","1"
"B336-505AA38","1","1","1","1","SKD5Z1285","","","","1","1","1","PC","1","PC","0","1","","","","","1"
"B336-505BA38","1","1","1","1","SKD5Z1253","","","","1","1","1","PC","1","PC","0","1","","","","","1"
"B336-511BA38","1","1","1","1","SKD6G2520","","","","1","1","1","PC","1","PC","0","1","","","","","1"
"B336-511BB38","1","1","1","1","SKD6G2520","","","","1","1","1","PC","1","PC","0","1","","","","","1"
"B336-513AB34","1","1","1","1","SKD6.0X30X49","","","","1","1","1","PC","1","PC","0","1","","","","","1"
"B336-513AB42","1","1","1","1","SKD6.0X30X49","","","","1","1","1","PC","1","PC","0","1","","","","","1"
"B336-514BA38","1","1","1","1","SKD7Z3045","","","","1","1","1","PC","1","PC","0","1","","","","","1"
"B336-516AA38","1","1","1","1","SKD11027067","","","","1","1","1","PC","1","PC","0","1","","","","","1"
"B336-516BA38","1","1","1","1","SKD11027067","","","","1","1","1","PC","1","PC","0","1","","","","","1"
"B336-516GA38","1","1","1","1","SKD11027067","","","","1","1","1","PC","1","PC","0","1","","","","","1"
"B336-517AC34","1","1","1","1","B336-517AC34-M1","","","","1","1","1","PC","1","PC","0","1","","","","","1"
"B336-517AC38","1","1","1","1","SKD11035065","","","","1","1","1","PC","1","PC","0","1","","","","","1"
"B336-517GB38","1","1","1","1","SKD11035065","","","","1","1","1","PC","1","PC","0","1","","","","","1"
"B336-519AA38","1","1","1","1","SKD7Z3045","","","","1","1","1","PC","1","PC","0","1","","","","","1"
"B336-524AA30","1","1","1","1","SKD6.0X30X45","","","","1","1","1","PC","1","PC","0","1","","","","","1"
"B336-524AA34","1","1","1","1","SKD6.0X30X45","","","","1","1","1","PC","1","PC","0","1","","","","","1"
"B336-524AA38","1","1","1","1","SKD7Z3045","","","","1","1","1","PC","1","PC","0","1","","","","","1"
"B336-541AA34","1","1","1","1","SKD6G1862","","","","1","1","1","PC","1","PC","0","1","","","","","1"
"B336-541AA36","1","1","1","1","355-541-M1","","","","1","1","1","PC","1","PC","0","1","","","","","1"
"B336-541AA38","1","1","1","1","SKD6G1862","","","","1","1","1","PC","1","PC","0","1","","","","","1"
"B336-612AA38","1","1","1","1","B336-612AA38-M1-HORITA","","","","1","1","1","PC","1","PC","0","1","","","","","1"
"B336-613AA38","1","1","1","1","NC-B336-613AA38","","","","1","1","1","PC","1","PC","0","1","","","","","1"
"B336-614AA38","1","1","1","1","NC-B336-614AA38","","","","1","1","1","PC","1","PC","0","1","","","","","1"
"B336-615AA38","1","1","1","1","NC-B336-615AA38","","","","1","1","1","PC","1","PC","0","1","","","","","1"
"B336-617AA38","1","1","1","1","NC-B336-617AA38","","","","1","1","1","PC","1","PC","0","1","","","","","1"
"B336-618AA38","1","1","1","1","NC-B336-618AA38","","","","1","1","1","PC","1","PC","0","1","","","","","1"
"B336-619AA38","1","1","1","1","NC-B336-619AA38","","","","1","1","1","PC","1","PC","0","1","","","","","1"
"B336-621AA38","1","1","1","1","SKD6G2545","","","","1","1","1","PC","1","PC","0","1","","","","","1"
"B336-621GA38","1","1","1","1","SKD6G2545","","","","1","1","1","PC","1","PC","0","1","","","","","1"
"B336-622AA38","1","1","1","1","SKD6G1565","","","","1","1","1","PC","1","PC","0","1","","","","","1"
"B336-623AA38","1","1","1","1","SKD6G1535","","","","1","1","1","PC","1","PC","0","1","","","","","1"
"E474-511AA30","1","1","1","1","SKD6G2720","","","","1","1","1","PC","1","PC","0","1","","","","","1"
"E474-512AA30","1","1","1","1","SKD6G4730","","","","1","1","1","PC","1","PC","0","1","","","","","1"
"E474-512BA30","1","1","1","1","SKD6G4730","","","","1","1","1","PC","1","PC","0","1","","","","","1"
"E474-513AA30","1","1","1","1","NC-E474-513AA30","","","","1","1","1","PC","1","PC","0","1","","","","","1"
"E474-514AA30","1","1","1","1","NC-E474-514AA30","","","","1","1","1","PC","1","PC","0","1","","","","","1"
"E474-515AA30","1","1","1","1","NC-E474-515AA30","","","","1","1","1","PC","1","PC","0","1","","","","","1"
"E474-516AA30","1","1","1","1","NC-E474-516AA30","","","","1","1","1","PC","1","PC","0","1","","","","","1"
"E474-518AA30","1","1","1","1","SKD11035067","","","","1","1","1","PC","1","PC","0","1","","","","","1"
"KS64-01901CB","1","1","1","1","SKD25X19X100","","","","1","1","1","PC","1","PC","0","1","","","","","1"
"KS64-01902CB","1","1","1","1","SKD25X19X100","","","","1","1","1","PC","1","PC","0","1","","","","","1"
"KS64-01903CB","1","1","1","1","SKD25X19X100","","","","1","1","1","PC","1","PC","0","1","","","","","1"
"KS64-01904CB","1","1","1","1","SKD25X19X100","","","","1","1","1","PC","1","PC","0","1","","","","","1"
"KS64-01905CB","1","1","1","1","SKD25X19X100","","","","1","1","1","PC","1","PC","0","1","","","","","1"
"KS64-01906CB","1","1","1","1","SKD25X19X100","","","","1","1","1","PC","1","PC","0","1","","","","","1"
"KS64-01907CB","1","1","1","1","SKD25X19X120","","","","1","1","1","PC","1","PC","0","1","","","","","1"
"KS64-01908EA","1","1","1","1","KS64-01908EA-M101","","","","1","1","1","PC","1","PC","0","1","","","","","1"
"KS64-01908FA","1","1","1","1","KS64-01908FA-M101","","","","1","1","1","PC","1","PC","0","1","","","","","1"
"KS64-01909CB","1","1","1","1","SKD25X19X120","","","","1","1","1","PC","1","PC","0","1","","","","","1"
"KS64-01910CC","1","1","1","1","SKD25X19X120","","","","1","1","1","PC","1","PC","0","1","","","","","1"
"KS64-01911CC","1","1","1","1","SKD25X19X100","","","","1","1","1","PC","1","PC","0","1","","","","","1"
"SPL-1189A30","1","1","1","1","SKD6.0X30X100","","","","1","1","1","PC","1","PC","0","1","","","","","1"
"SPL-2542BA42","1","1","1","1","SKD4.8X30X32","","","","1","1","1","PC","1","PC","0","1","","","","","1"
"SPL-2542CA42","1","1","1","1","SKD4.8X30X32","","","","1","1","1","PC","1","PC","0","1","","","","","1"
"SPL-2972AA32","1","1","1","1","SKD7.0X40X35","","","","1","1","1","PC","1","PC","0","1","","","","","1"
"TS-5486DA16","1","1","1","1","SKD6.7X30X32","","","","1","1","1","PC","1","PC","0","1","","","","","1"
"YCM-109EA","1","1","1","1","SK5-3.2X40X97","","","","1","1","1","PC","1","PC","0","1","","","","","1"
"YCM-151","1","1","1","1","SK5-3.2X40X97","","","","1","1","1","PC","1","PC","0","1","","","","","1"
"YS65-15101AA","1","1","1","1","SK5-4.0X40X97","","","","1","1","1","PC","1","PC","0","1","","","","","1"
"YCF-104GP","1","1","1","1","SK5-4.9X40X97","","","","1","1","1","PC","1","PC","0","1","","","","","1"
"YCF-162AA","1","1","1","1","SK3-6.5X50X390","","","","1","1","1","PC","1","PC","0","1","","","","","1"
"YS65-13701BA","1","1","1","1","PT-SK3-6.5X80X390","","","","1","1","1","PC","1","PC","0","1","","","","","1"
"YCF-116NAP","1","1","1","1","PT-SK3-6.5X45X390","","","","1","1","1","PC","1","PC","0","1","","","","","1"
"YCF-116MBP","1","1","1","1","PT-SK3-7.5X45X390","","","","1","1","1","PC","1","PC","0","1","","","","","1"
"YCF-137YB","1","1","1","1","SK3-6X50X390","","","","1","1","1","PC","1","PC","0","1","","","","","1"
"YS65-00101NA30","1","1","1","1","PT-SK3-4.5X80X390","","","","1","1","1","PC","1","PC","0","1","","","","","1"
"YS65-26401AA34","1","1","1","1","PT-SK3-4.5X80X390","","","","1","1","1","PC","1","PC","0","1","","","","","1"
"YS65-26401BA34","1","1","1","1","PT-SK3-4X80X390","","","","1","1","1","PC","1","PC","0","1","","","","","1"
"YCM-205","1","1","1","1","SK3-8X50X390","","","","1","1","1","PC","1","PC","0","1","","","","","1"
"YCM-204C","1","1","1","1","SK3-8X50X390","","","","1","1","1","PC","1","PC","0","1","","","","","1"
"YCM-135C","1","1","1","1","SK3-8X50X390","","","","1","1","1","PC","1","PC","0","1","","","","","1"
"YS65-03701AB","1","1","1","1","SK3-8X50X390","","","","1","1","1","PC","1","PC","0","1","","","","","1"
"ES64-01001EA","1","1","1","1","MA-ES64-01001DA","","","","1","1","1","PC","1","PC","0","1","","","","","1"
"ES64-01001CB","1","1","1","1","MA-ES64-01001CA","","","","1","1","1","PC","1","PC","0","1","","","","","1"
"ES64-01001BC","1","1","1","1","MA-ES64-01001BB","","","","1","1","1","PC","1","PC","0","1","","","","","1"
"ES64-01001AC","1","1","1","1","MA-ES64-01001AB","","","","1","1","1","PC","1","PC","0","1","","","","","1"
