品目コード,番号,工順,工程コード
00-1005E,10,10,CAFIN
00-1041E26,10,10,CAFIN
00-1041E30,10,10,CAFIN
00-1041G2-30,10,10,CAFIN
00-1041G230,10,10,CAFIN
00-1041G26,10,10,CAFIN
00-1041G30,10,10,CAFIN
00-1041G32,10,10,CAFIN
00-1041H34,10,10,CAFIN
00-1041J,10,10,CAFIN
00-1041KA28,10,10,CAFIN
00-1041KA30,10,10,CAFIN
00-1041LA30,10,10,CAFIN
00-1049A34,10,10,CAFIN
00-1049B34,10,10,CAFIN
00-1049C34,10,10,CAFIN
00-1049D34,10,10,CAFIN
00-1054A26,10,10,CAFIN
00-1054A30,10,10,CAFIN
00-1054B26,10,10,CAFIN
00-1054B30,10,10,CAFIN
00-1054C30,10,10,CAFIN
00-1078,10,10,CAFIN
00-1085A,10,10,CAFIN
00-1085B,10,10,CAFIN
00-1090AA20,10,10,CAFIN
00-1090AA34,10,10,CAFIN
00-1090AA38,10,10,CAFIN
00-1090AB30,10,10,CAFIN
00-1090AB34,10,10,CAFIN
00-1090CA30,10,10,CAFIN
00-1090CA34,10,10,CAFIN
00-1090FA30,10,10,CAFIN
00-1090HA30,10,10,CAFIN
00-1090HA34,10,10,CAFIN
00-1090MA34,10,10,CAFIN
00-1092,10,10,CAFIN
00-1101AE,10,10,CAFIN
00-1101AF,10,10,CAFIN
00-1101DA,10,10,CAFIN
00-1101DC,10,10,CAFIN
00-1101EA,10,10,CAFIN
00-1101HA,10,10,CAFIN
00-1101JA,10,10,CAFIN
00-1101LA,10,10,CAFIN
00-1101PA,10,10,CAFIN
00-1101QA26,10,10,CAFIN
00-1101QA30,10,10,CAFIN
00-1101QA32,10,10,CAFIN
00-1101QA34,10,10,CAFIN
00-1101UA,10,10,CAFIN
00-1101VA34,10,10,CAFIN
00-1101ZA30,10,10,CAFIN
00-1113AA26,10,10,CAFIN
00-1113AA30,10,10,CAFIN
00-1113AA32,10,10,CAFIN
00-1113AA34,10,10,CAFIN
00-1113BA30,10,10,CAFIN
00-1113BA34,10,10,CAFIN
00-1113BB26,10,10,CAFIN
00-1113BB30,10,10,CAFIN
00-1113BB32,10,10,CAFIN
00-1113BB34,10,10,CAFIN
00-1113CA30,10,10,CAFIN
00-1113CA34,10,10,CAFIN
00-1113CB30,10,10,CAFIN
00-1113DA26,10,10,CAFIN
00-1113DA30,10,10,CAFIN
00-1113DA34,10,10,CAFIN
00-1113FA26,10,10,CAFIN
00-1113FA30,10,10,CAFIN
00-1113FA34,10,10,CAFIN
00-1113FC26,10,10,CAFIN
00-1113FC34,10,10,CAFIN
00-1113QA26,10,10,CAFIN
00-1113QA30,10,10,CAFIN
00-1113QA32,10,10,CAFIN
00-1113QA34,10,10,CAFIN
00-1128AA26,10,10,CAFIN
00-1128AA30,10,10,CAFIN
00-1128AA32,10,10,CAFIN
00-1128AA34,10,10,CAFIN
00-1128BA30,10,10,CAFIN
00-1128BA32,10,10,CAFIN
00-1128BA34,10,10,CAFIN
00-1144AA26,10,10,CAFIN
00-1144AA30,10,10,CAFIN
00-1144AA34,10,10,CAFIN
00-1144AA36,10,10,CAFIN
00-1144AA38,10,10,CAFIN
00-1150BA30,10,10,CAFIN
00-1150DA30,10,10,CAFIN
00-1152AA,10,10,CAFIN
12-426HS30,10,10,CAFIN
20-511A26,10,10,CAFIN
201-511AA14,10,10,CAFIN
201-511AA16,10,10,CAFIN
201-511AA18,10,10,CAFIN
201-511AA20,10,10,CAFIN
201-511AA21,10,10,CAFIN
201-511AA22,10,10,CAFIN
201-511AA24,10,10,CAFIN
201-511AA26,10,10,CAFIN
201-511BA26,10,10,CAFIN
201-512AA13,10,10,CAFIN
201-512AA14,10,10,CAFIN
201-512AA15,10,10,CAFIN
201-512AA16,10,10,CAFIN
201-512AA17,10,10,CAFIN
201-512AA18,10,10,CAFIN
201-512AA19,10,10,CAFIN
201-512AA20,10,10,CAFIN
201-512AA21,10,10,CAFIN
201-512AA22,10,10,CAFIN
201-512AA24,10,10,CAFIN
201-512AA26,10,10,CAFIN
201-513AA15,10,10,CAFIN
201-513AA16,10,10,CAFIN
201-513AA18,10,10,CAFIN
201-515AA13,10,10,CAFIN
201-515AA14,10,10,CAFIN
201-515AA15,10,10,CAFIN
201-515AA16,10,10,CAFIN
201-515AA17,10,10,CAFIN
201-515AA18,10,10,CAFIN
201-515AA19,10,10,CAFIN
201-515AA20,10,10,CAFIN
201-515AA21,10,10,CAFIN
201-515AA22,10,10,CAFIN
201-515AA24,10,10,CAFIN
201-516AA14,10,10,CAFIN
201-516AA16,10,10,CAFIN
201-516AA18,10,10,CAFIN
201-516AA20,10,10,CAFIN
201-516AA22,10,10,CAFIN
201-516AA24,10,10,CAFIN
201-516AA26,10,10,CAFIN
201-518AA15,10,10,CAFIN
201-518AA16,10,10,CAFIN
201-523AA13,10,10,CAFIN
201-523AA14,10,10,CAFIN
201-523AA15,10,10,CAFIN
201-523AA16,10,10,CAFIN
201-523AA17,10,10,CAFIN
201-523AA18,10,10,CAFIN
201-523AA19,10,10,CAFIN
201-523AA20,10,10,CAFIN
201-523AA21,10,10,CAFIN
201-523AA22,10,10,CAFIN
201-523AA24,10,10,CAFIN
201-523AA26,10,10,CAFIN
201-524AA13,10,10,CAFIN
201-524AA14,10,10,CAFIN
201-524AA15,10,10,CAFIN
201-524AA16,10,10,CAFIN
201-524AA17,10,10,CAFIN
201-524AA18,10,10,CAFIN
201-524AA19,10,10,CAFIN
201-524AA20,10,10,CAFIN
201-524AA21,10,10,CAFIN
201-524AA22,10,10,CAFIN
201-524AA24,10,10,CAFIN
201-524AA26,10,10,CAFIN
201-525AA13,10,10,CAFIN
201-525AA14,10,10,CAFIN
201-525AA15,10,10,CAFIN
201-525AA16,10,10,CAFIN
201-525AA17,10,10,CAFIN
201-525AA18,10,10,CAFIN
201-525AA19,10,10,CAFIN
201-525AA20,10,10,CAFIN
201-525AA21,10,10,CAFIN
201-525AA22,10,10,CAFIN
201-525AA24,10,10,CAFIN
201-526AA13,10,10,CAFIN
201-526AA14,10,10,CAFIN
201-526AA15,10,10,CAFIN
201-526AA16,10,10,CAFIN
201-526AA17,10,10,CAFIN
201-526AA18,10,10,CAFIN
201-526AA19,10,10,CAFIN
201-526AA20,10,10,CAFIN
201-526AA21,10,10,CAFIN
201-526AA22,10,10,CAFIN
201-531AA16,10,10,CAFIN
201-531AA18,10,10,CAFIN
201-531AA20,10,10,CAFIN
201-531AA22,10,10,CAFIN
201-532AA16,10,10,CAFIN
201-532AA17,10,10,CAFIN
201-532AA18,10,10,CAFIN
201-532AA19,10,10,CAFIN
201-532AA20,10,10,CAFIN
201-532AA22,10,10,CAFIN
201-607AB15,10,10,CAFIN
201-607AB18,10,10,CAFIN
201-607AB22,10,10,CAFIN
201-607AC13,10,10,CAFIN
201-607AC14,10,10,CAFIN
201-607AC15,10,10,CAFIN
201-607AC16,10,10,CAFIN
201-607AC17,10,10,CAFIN
201-607AC18,10,10,CAFIN
201-607AC19,10,10,CAFIN
201-607AC20,10,10,CAFIN
201-607AC21,10,10,CAFIN
201-607AC22,10,10,CAFIN
201-607AC24,10,10,CAFIN
201-607BB15,10,10,CAFIN
201-607BB17,10,10,CAFIN
201-607BB18,10,10,CAFIN
201-607BC15,10,10,CAFIN
201-607BC16,10,10,CAFIN
201-607BC17,10,10,CAFIN
201-607BC18,10,10,CAFIN
201-607BC19,10,10,CAFIN
201-607BC20,10,10,CAFIN
201-607CB17,10,10,CAFIN
201-607CB19,10,10,CAFIN
201-607CB21,10,10,CAFIN
201-607CC13,10,10,CAFIN
201-607CC14,10,10,CAFIN
201-607CC15,10,10,CAFIN
201-607CC16,10,10,CAFIN
201-607CC17,10,10,CAFIN
201-607CC18,10,10,CAFIN
201-607CC19,10,10,CAFIN
201-607CC20,10,10,CAFIN
201-607CC21,10,10,CAFIN
201-607CC22,10,10,CAFIN
201-607CC24,10,10,CAFIN
201-607DC13,10,10,CAFIN
201-607DC14,10,10,CAFIN
201-607DC15,10,10,CAFIN
201-607DC16,10,10,CAFIN
201-607DC17,10,10,CAFIN
201-607DC18,10,10,CAFIN
201-607DC19,10,10,CAFIN
201-607DC20,10,10,CAFIN
201-607DC21,10,10,CAFIN
201-607DC22,10,10,CAFIN
201-607DC24,10,10,CAFIN
201-607EC13,10,10,CAFIN
201-607EC14,10,10,CAFIN
201-611AA14,10,10,CAFIN
201-611AA16,10,10,CAFIN
201-611AA18,10,10,CAFIN
201-611AA20,10,10,CAFIN
201-611AA22,10,10,CAFIN
201-611AA24,10,10,CAFIN
201-611AA26,10,10,CAFIN
201-611BA20,10,10,CAFIN
201-612AA16,10,10,CAFIN
201-612AA18,10,10,CAFIN
201-612AA20,10,10,CAFIN
201-612AA22,10,10,CAFIN
201-612AA24,10,10,CAFIN
201-612AA26,10,10,CAFIN
201-612BA20,10,10,CAFIN
201-613AA13,10,10,CAFIN
201-613AA14,10,10,CAFIN
201-613AA15,10,10,CAFIN
201-613AA16,10,10,CAFIN
201-613AA17,10,10,CAFIN
201-613AA18,10,10,CAFIN
201-613AA19,10,10,CAFIN
201-613AA20,10,10,CAFIN
201-613AA21,10,10,CAFIN
201-613AA22,10,10,CAFIN
201-613AA24,10,10,CAFIN
201-613AA26,10,10,CAFIN
201-614AA15,10,10,CAFIN
201-614AA16,10,10,CAFIN
201-614AA17,10,10,CAFIN
201-614AA18,10,10,CAFIN
201-614AA19,10,10,CAFIN
201-614AA20,10,10,CAFIN
201-614AA21,10,10,CAFIN
201-614AA22,10,10,CAFIN
201-614AA24,10,10,CAFIN
201-614AA26,10,10,CAFIN
201-615AA15,10,10,CAFIN
201-615AA16,10,10,CAFIN
201-615AA17,10,10,CAFIN
201-615AA18,10,10,CAFIN
201-615AA19,10,10,CAFIN
201-615AA20,10,10,CAFIN
201-616AA15,10,10,CAFIN
201-616AA16,10,10,CAFIN
201-616AA17,10,10,CAFIN
201-616AA18,10,10,CAFIN
201-616AA19,10,10,CAFIN
201-616AA20,10,10,CAFIN
201-617AA16,10,10,CAFIN
201-618AA16,10,10,CAFIN
201-618AA18,10,10,CAFIN
201-619AA13,10,10,CAFIN
201-619AA14,10,10,CAFIN
201-619AA15,10,10,CAFIN
201-619AA16,10,10,CAFIN
201-619AA17,10,10,CAFIN
201-619AA18,10,10,CAFIN
201-619AA19,10,10,CAFIN
201-619AA20,10,10,CAFIN
201-619AA21,10,10,CAFIN
201-619AA22,10,10,CAFIN
201-619AA24,10,10,CAFIN
201-620AA15,10,10,CAFIN
201-620AA16,10,10,CAFIN
201-620AA17,10,10,CAFIN
201-620AA18,10,10,CAFIN
201-620AA19,10,10,CAFIN
201-620AA20,10,10,CAFIN
201-620AA21,10,10,CAFIN
201-620AA22,10,10,CAFIN
201-620AA24,10,10,CAFIN
201-621AA14,10,10,CAFIN
201-621AA16,10,10,CAFIN
201-621AA18,10,10,CAFIN
201-621AA20,10,10,CAFIN
201-621AA22,10,10,CAFIN
201-621AA24,10,10,CAFIN
201-621AA26,10,10,CAFIN
201-622AA16,10,10,CAFIN
201-622AA18,10,10,CAFIN
201-622AA20,10,10,CAFIN
201-622AA22,10,10,CAFIN
201-622AA24,10,10,CAFIN
201-622AA26,10,10,CAFIN
201-623AA13,10,10,CAFIN
201-623AA14,10,10,CAFIN
201-623AA15,10,10,CAFIN
201-623AA16,10,10,CAFIN
201-623AA17,10,10,CAFIN
201-623AA18,10,10,CAFIN
201-623AA19,10,10,CAFIN
201-623AA20,10,10,CAFIN
201-623AA21,10,10,CAFIN
201-623AA22,10,10,CAFIN
201-623AA24,10,10,CAFIN
201-623AA26,10,10,CAFIN
201-623GA15,10,10,CAFIN
201-623GA16,10,10,CAFIN
201-623GA17,10,10,CAFIN
201-623GA18,10,10,CAFIN
201-623GA19,10,10,CAFIN
201-623GA20,10,10,CAFIN
201-623GA21,10,10,CAFIN
201-623GA24,10,10,CAFIN
201-624AA15,10,10,CAFIN
201-624AA16,10,10,CAFIN
201-624AA17,10,10,CAFIN
201-624AA18,10,10,CAFIN
201-624AA19,10,10,CAFIN
201-624AA20,10,10,CAFIN
201-624AA21,10,10,CAFIN
201-624AA22,10,10,CAFIN
201-624AA24,10,10,CAFIN
201-624AA26,10,10,CAFIN
201-625AA18,10,10,CAFIN
201-625AA19,10,10,CAFIN
201-625AA20,10,10,CAFIN
201-625AA21,10,10,CAFIN
201-626AA18,10,10,CAFIN
201-626AA19,10,10,CAFIN
201-626AA20,10,10,CAFIN
201-626AA21,10,10,CAFIN
201-627AA15,10,10,CAFIN
201-627AA16,10,10,CAFIN
201-627AA17,10,10,CAFIN
201-627AA18,10,10,CAFIN
201-627AA19,10,10,CAFIN
201-627AA20,10,10,CAFIN
201-627AA21,10,10,CAFIN
201-627AA22,10,10,CAFIN
201-628AA18,10,10,CAFIN
201-628AA19,10,10,CAFIN
201-628AA20,10,10,CAFIN
201-628AA21,10,10,CAFIN
201-630AA13,10,10,CAFIN
201-630AA14,10,10,CAFIN
201-630AA15,10,10,CAFIN
201-630AA16,10,10,CAFIN
201-630AA17,10,10,CAFIN
201-630AA18,10,10,CAFIN
201-630AA19,10,10,CAFIN
201-630AA20,10,10,CAFIN
201-630AA21,10,10,CAFIN
201-630AA22,10,10,CAFIN
201-631AA17,10,10,CAFIN
201-631AA18,10,10,CAFIN
201-631AA19,10,10,CAFIN
201-632AA13,10,10,CAFIN
201-632AA14,10,10,CAFIN
201-632AA15,10,10,CAFIN
201-632AA16,10,10,CAFIN
201-632AA17,10,10,CAFIN
201-632AA18,10,10,CAFIN
201-632AA19,10,10,CAFIN
201-632AA20,10,10,CAFIN
201-632AA21,10,10,CAFIN
201-632AA22,10,10,CAFIN
201-633AA15,10,10,CAFIN
201-633AA16,10,10,CAFIN
201-633AA17,10,10,CAFIN
201-633AA18,10,10,CAFIN
201-633AA19,10,10,CAFIN
201-633AA20,10,10,CAFIN
201-633AA21,10,10,CAFIN
201-633AA22,10,10,CAFIN
201-635AA15,10,10,CAFIN
201-635AA16,10,10,CAFIN
201-635AA17,10,10,CAFIN
201-635AA18,10,10,CAFIN
201-635AA19,10,10,CAFIN
201-635AA20,10,10,CAFIN
201-635AA21,10,10,CAFIN
201-635AA22,10,10,CAFIN
201-637AA18,10,10,CAFIN
201-637AA20,10,10,CAFIN
201-647AA,10,10,CAFIN
201-647AC,10,10,CAFIN
202-511AA16,10,10,CAFIN
202-511AA18,10,10,CAFIN
202-511AA20,10,10,CAFIN
202-511AA22,10,10,CAFIN
202-511AA26,10,10,CAFIN
202-512AA15,10,10,CAFIN
202-512AA16,10,10,CAFIN
202-512AA17,10,10,CAFIN
202-512AA18,10,10,CAFIN
202-512AA19,10,10,CAFIN
202-512AA20,10,10,CAFIN
202-512AA21,10,10,CAFIN
202-512AA22,10,10,CAFIN
202-515AA15,10,10,CAFIN
202-515AA16,10,10,CAFIN
202-515AA17,10,10,CAFIN
202-515AA18,10,10,CAFIN
202-515AA19,10,10,CAFIN
202-518AA16,10,10,CAFIN
202-518AA18,10,10,CAFIN
202-519AA16,10,10,CAFIN
202-519AA18,10,10,CAFIN
202-527AA13,10,10,CAFIN
202-527AA14,10,10,CAFIN
202-527AA15,10,10,CAFIN
202-527AA16,10,10,CAFIN
202-527AA17,10,10,CAFIN
202-527AA18,10,10,CAFIN
202-527AA19,10,10,CAFIN
202-527AA20,10,10,CAFIN
202-527AA21,10,10,CAFIN
202-527AA22,10,10,CAFIN
202-527AA24,10,10,CAFIN
202-527AA26,10,10,CAFIN
202-528AA13,10,10,CAFIN
202-528AA14,10,10,CAFIN
202-528AA15,10,10,CAFIN
202-528AA16,10,10,CAFIN
202-528AA17,10,10,CAFIN
202-528AA18,10,10,CAFIN
202-528AA19,10,10,CAFIN
202-528AA20,10,10,CAFIN
202-528AA21,10,10,CAFIN
202-528AA22,10,10,CAFIN
202-528AA24,10,10,CAFIN
202-528AA26,10,10,CAFIN
202-529AA15,10,10,CAFIN
202-529AA16,10,10,CAFIN
202-529AA17,10,10,CAFIN
202-529AA18,10,10,CAFIN
202-529AA19,10,10,CAFIN
202-529AA20,10,10,CAFIN
202-529AA21,10,10,CAFIN
202-529AA22,10,10,CAFIN
202-611AA16,10,10,CAFIN
202-611AA18,10,10,CAFIN
202-611AA20,10,10,CAFIN
202-611AA22,10,10,CAFIN
202-611AA26,10,10,CAFIN
202-612AA16,10,10,CAFIN
202-612AA18,10,10,CAFIN
202-612AA20,10,10,CAFIN
202-612AA22,10,10,CAFIN
202-612AA26,10,10,CAFIN
205-511AA15,10,10,CAFIN
205-511AA16,10,10,CAFIN
205-511AA17,10,10,CAFIN
205-511AA18,10,10,CAFIN
205-511AA19,10,10,CAFIN
205-511AA20,10,10,CAFIN
205-511AA21,10,10,CAFIN
205-512AA15,10,10,CAFIN
205-512AA16,10,10,CAFIN
205-512AA17,10,10,CAFIN
205-512AA18,10,10,CAFIN
205-512AA19,10,10,CAFIN
205-512AA20,10,10,CAFIN
205-512AA21,10,10,CAFIN
205-512AA26,10,10,CAFIN
205-514AA18,10,10,CAFIN
205-514AA19,10,10,CAFIN
205-514AA20,10,10,CAFIN
205-515AA15,10,10,CAFIN
205-515AA16,10,10,CAFIN
205-515AA17,10,10,CAFIN
205-515AA18,10,10,CAFIN
205-515AA20,10,10,CAFIN
205-516AA15,10,10,CAFIN
205-516AA16,10,10,CAFIN
205-516AA17,10,10,CAFIN
205-516AA18,10,10,CAFIN
205-516AA19,10,10,CAFIN
205-516AA20,10,10,CAFIN
205-516AA21,10,10,CAFIN
205-607AB18,10,10,CAFIN
205-607AB21,10,10,CAFIN
205-607AC15,10,10,CAFIN
205-607BB18,10,10,CAFIN
205-607BC15,10,10,CAFIN
205-607CC15,10,10,CAFIN
205-611DA16,10,10,CAFIN
205-611DA17,10,10,CAFIN
205-611DA18,10,10,CAFIN
205-611DA19,10,10,CAFIN
205-611DA20,10,10,CAFIN
205-611DA21,10,10,CAFIN
205-611SA16,10,10,CAFIN
205-611SA17,10,10,CAFIN
205-611SA18,10,10,CAFIN
205-611SA19,10,10,CAFIN
205-611SA20,10,10,CAFIN
205-611SA21,10,10,CAFIN
205-612DA18,10,10,CAFIN
205-612DA20,10,10,CAFIN
205-613AA18,10,10,CAFIN
205-613AA19,10,10,CAFIN
205-613AA20,10,10,CAFIN
205-614AA18,10,10,CAFIN
205-614AA19,10,10,CAFIN
205-614AA20,10,10,CAFIN
205-615AA18,10,10,CAFIN
205-615AA19,10,10,CAFIN
205-615AA20,10,10,CAFIN
205-616AA18,10,10,CAFIN
205-616AA19,10,10,CAFIN
205-616AA20,10,10,CAFIN
205-617AA16,10,10,CAFIN
205-617AA17,10,10,CAFIN
205-617AA18,10,10,CAFIN
205-617AA19,10,10,CAFIN
205-617AA20,10,10,CAFIN
205-617AA21,10,10,CAFIN
205-618AA16,10,10,CAFIN
205-618AA17,10,10,CAFIN
205-618AA18,10,10,CAFIN
205-618AA19,10,10,CAFIN
205-618AA20,10,10,CAFIN
205-618AA21,10,10,CAFIN
205-619DA18,10,10,CAFIN
205-619DA19,10,10,CAFIN
205-619DA20,10,10,CAFIN
205-619SA19,10,10,CAFIN
205-619SA20,10,10,CAFIN
205-620DA16,10,10,CAFIN
205-620DA17,10,10,CAFIN
205-620DA18,10,10,CAFIN
205-620DA19,10,10,CAFIN
205-620DA20,10,10,CAFIN
205-620DA21,10,10,CAFIN
205-620SA20,10,10,CAFIN
205-621AA16,10,10,CAFIN
205-621AA17,10,10,CAFIN
205-621AA18,10,10,CAFIN
205-621AA21,10,10,CAFIN
205-622AA16,10,10,CAFIN
205-622AA17,10,10,CAFIN
205-622AA18,10,10,CAFIN
205-622AA21,10,10,CAFIN
205-623AA16,10,10,CAFIN
205-623AA17,10,10,CAFIN
205-623AA18,10,10,CAFIN
205-623AA19,10,10,CAFIN
205-623AA20,10,10,CAFIN
205-623AA21,10,10,CAFIN
206-511AA17,10,10,CAFIN
206-511AA18,10,10,CAFIN
206-511AA19,10,10,CAFIN
206-511AA20,10,10,CAFIN
206-511AA21,10,10,CAFIN
206-514AA18,10,10,CAFIN
206-515AA16,10,10,CAFIN
206-515AA17,10,10,CAFIN
206-515AA18,10,10,CAFIN
206-515AA19,10,10,CAFIN
206-515AA20,10,10,CAFIN
206-515AA21,10,10,CAFIN
206-611DA16,10,10,CAFIN
206-611DA17,10,10,CAFIN
206-611DA18,10,10,CAFIN
206-611DA19,10,10,CAFIN
206-611DA20,10,10,CAFIN
206-611DA21,10,10,CAFIN
206-612DA16,10,10,CAFIN
206-612DA17,10,10,CAFIN
206-612DA18,10,10,CAFIN
206-612DA19,10,10,CAFIN
206-612DA20,10,10,CAFIN
206-612DA21,10,10,CAFIN
208-613AA15,10,10,CAFIN
208-614AA15,10,10,CAFIN
208-623AA15,10,10,CAFIN
208-624AA15,10,10,CAFIN
21-511H,10,10,CAFIN
21-511HS,10,10,CAFIN
21-513K,10,10,CAFIN
21-611H4,10,10,CAFIN
21-612B,10,10,CAFIN
21-614H4,10,10,CAFIN
211-506AA36,10,10,CAFIN
211-507AA36,10,10,CAFIN
211-511AA30,10,10,CAFIN
211-511AA33,10,10,CAFIN
211-511AA36,10,10,CAFIN
211-511AA38,10,10,CAFIN
211-511BA38,10,10,CAFIN
211-512AA30,10,10,CAFIN
211-512AA33,10,10,CAFIN
211-512AA36,10,10,CAFIN
211-512AA38,10,10,CAFIN
211-514AA30,10,10,CAFIN
211-514AA33,10,10,CAFIN
211-514AA36,10,10,CAFIN
211-514AA38,10,10,CAFIN
211-516AA30,10,10,CAFIN
211-516AA33,10,10,CAFIN
211-516AA36,10,10,CAFIN
211-516AA38,10,10,CAFIN
211-521AA30,10,10,CAFIN
211-521AA33,10,10,CAFIN
211-521AA36,10,10,CAFIN
211-521AA38,10,10,CAFIN
211-522AA30,10,10,CAFIN
211-522AA33,10,10,CAFIN
211-522AA36,10,10,CAFIN
211-522AA38,10,10,CAFIN
211-524AA30,10,10,CAFIN
211-524AA33,10,10,CAFIN
211-524AA36,10,10,CAFIN
211-524AA38,10,10,CAFIN
211-525AA30,10,10,CAFIN
211-525AA33,10,10,CAFIN
211-525AA36,10,10,CAFIN
211-525AA38,10,10,CAFIN
211-606AA30,10,10,CAFIN
211-606AA33,10,10,CAFIN
211-606AA38,10,10,CAFIN
211-606BA30,10,10,CAFIN
211-606BA33,10,10,CAFIN
211-606BA38,10,10,CAFIN
211-607AA30,10,10,CAFIN
211-607AA33,10,10,CAFIN
211-607AA38,10,10,CAFIN
211-607AB30,10,10,CAFIN
211-607AB33,10,10,CAFIN
211-607AB38,10,10,CAFIN
211-611AA30,10,10,CAFIN
211-611AA33,10,10,CAFIN
211-611AA36,10,10,CAFIN
211-611AA38,10,10,CAFIN
211-612AA30,10,10,CAFIN
211-612AA33,10,10,CAFIN
211-612AA36,10,10,CAFIN
211-612AA38,10,10,CAFIN
211-613AA30,10,10,CAFIN
211-613AA33,10,10,CAFIN
211-613AA36,10,10,CAFIN
211-613AA38,10,10,CAFIN
211-614AA30,10,10,CAFIN
211-614AA33,10,10,CAFIN
211-614AA36,10,10,CAFIN
211-614AA38,10,10,CAFIN
211-615AA30,10,10,CAFIN
211-615AA33,10,10,CAFIN
211-615AA36,10,10,CAFIN
211-615AA38,10,10,CAFIN
211-615LA30,10,10,CAFIN
211-615LA33,10,10,CAFIN
211-615LA36,10,10,CAFIN
211-615LA38,10,10,CAFIN
211-616AA30,10,10,CAFIN
211-616AA33,10,10,CAFIN
211-616AA36,10,10,CAFIN
211-616AA38,10,10,CAFIN
211-617AA30,10,10,CAFIN
211-617AA33,10,10,CAFIN
211-617AA36,10,10,CAFIN
211-617AA38,10,10,CAFIN
211-618AA30,10,10,CAFIN
211-618AA33,10,10,CAFIN
211-618AA36,10,10,CAFIN
211-618AA38,10,10,CAFIN
211-619AA30,10,10,CAFIN
211-619AA33,10,10,CAFIN
211-619AA36,10,10,CAFIN
211-619AA38,10,10,CAFIN
211-620AA30,10,10,CAFIN
211-620AA33,10,10,CAFIN
211-620AA36,10,10,CAFIN
211-620AA38,10,10,CAFIN
211-621AA30,10,10,CAFIN
211-621AA33,10,10,CAFIN
211-621AA36,10,10,CAFIN
211-621AA38,10,10,CAFIN
211-622AA30,10,10,CAFIN
211-622AA33,10,10,CAFIN
211-622AA36,10,10,CAFIN
211-622AA38,10,10,CAFIN
220-511D,10,10,CAFIN
220-511P,10,10,CAFIN
220-514,10,10,CAFIN
220-515,10,10,CAFIN
220-521P,10,10,CAFIN
220-611C,10,10,CAFIN
220-613E33,10,10,CAFIN
220-614E,10,10,CAFIN
220-614E33,10,10,CAFIN
220-617,10,10,CAFIN
220-618,10,10,CAFIN
220-626H,10,10,CAFIN
223-516AA33,10,10,CAFIN
223-517AA33,10,10,CAFIN
223-518AA33,10,10,CAFIN
223-625A33,10,10,CAFIN
223-626A33,10,10,CAFIN
224-511AA33,10,10,CAFIN
224-511BA33,10,10,CAFIN
224-511LA33,10,10,CAFIN
224-512AA33,10,10,CAFIN
224-513AA33,10,10,CAFIN
224-514AA33,10,10,CAFIN
224-515AA,10,10,CAFIN
224-516AA33,10,10,CAFIN
224-517AA33,10,10,CAFIN
224-518AA33,10,10,CAFIN
224-519AA33,10,10,CAFIN
224-611AA33,10,10,CAFIN
224-612AA33,10,10,CAFIN
224-613AA33,10,10,CAFIN
224-614AA33,10,10,CAFIN
224-615AA33,10,10,CAFIN
224-616AA33,10,10,CAFIN
224-617AA33,10,10,CAFIN
224-618AA33,10,10,CAFIN
224-619AA33,10,10,CAFIN
224-620AA33,10,10,CAFIN
224-621AA33,10,10,CAFIN
224-622AA33,10,10,CAFIN
224-623AA33,10,10,CAFIN
224-624AA33,10,10,CAFIN
224-625AA33,10,10,CAFIN
224-626AA33,10,10,CAFIN
224-627AA33,10,10,CAFIN
224-628AA33,10,10,CAFIN
224-631AA33,10,10,CAFIN
224-632AA33,10,10,CAFIN
225-512B,10,10,CAFIN
225-517B,10,10,CAFIN
225-521B,10,10,CAFIN
225-621B,10,10,CAFIN
225-622B,10,10,CAFIN
225-623B,10,10,CAFIN
225-626B,10,10,CAFIN
225-632B,10,10,CAFIN
226-50633,10,10,CAFIN
226-506A30,10,10,CAFIN
226-506BA36,10,10,CAFIN
226-511AB33,10,10,CAFIN
226-511CA33,10,10,CAFIN
226-512A30,10,10,CAFIN
226-512A33,10,10,CAFIN
226-512AA36,10,10,CAFIN
226-512AB30,10,10,CAFIN
226-513A30,10,10,CAFIN
226-513A33,10,10,CAFIN
226-513AA36,10,10,CAFIN
226-513BA30,10,10,CAFIN
226-513BA33,10,10,CAFIN
226-513BA36,10,10,CAFIN
226-514A30,10,10,CAFIN
226-514A33,10,10,CAFIN
226-514AA36,10,10,CAFIN
226-514BA30,10,10,CAFIN
226-514BA33,10,10,CAFIN
226-514BA36,10,10,CAFIN
226-515A33,10,10,CAFIN
226-515AA33,10,10,CAFIN
226-516A30,10,10,CAFIN
226-516A33,10,10,CAFIN
226-516AA36,10,10,CAFIN
226-516AB30,10,10,CAFIN
226-517A30,10,10,CAFIN
226-517A33,10,10,CAFIN
226-517AA36,10,10,CAFIN
226-517AB30,10,10,CAFIN
226-518A33,10,10,CAFIN
226-519A33,10,10,CAFIN
226-520AB33,10,10,CAFIN
226-520CA33,10,10,CAFIN
226-521AA30,10,10,CAFIN
226-521AA33,10,10,CAFIN
226-521AA36,10,10,CAFIN
226-606A30,10,10,CAFIN
226-606AA36,10,10,CAFIN
226-606B30,10,10,CAFIN
226-606BA36,10,10,CAFIN
226-611A30,10,10,CAFIN
226-611A33,10,10,CAFIN
226-611AB30,10,10,CAFIN
226-611AB33,10,10,CAFIN
226-611BA33,10,10,CAFIN
226-611CA30,10,10,CAFIN
226-611CA33,10,10,CAFIN
226-611CB33,10,10,CAFIN
226-612A30,10,10,CAFIN
226-612A33,10,10,CAFIN
226-612AA36,10,10,CAFIN
226-612AB30,10,10,CAFIN
226-612AB33,10,10,CAFIN
226-612AB36,10,10,CAFIN
226-613A30,10,10,CAFIN
226-613A33,10,10,CAFIN
226-613AA36,10,10,CAFIN
226-613BA30,10,10,CAFIN
226-613BA33,10,10,CAFIN
226-613BA36,10,10,CAFIN
226-614A30,10,10,CAFIN
226-614AA36,10,10,CAFIN
226-614B30,10,10,CAFIN
226-614BA36,10,10,CAFIN
227-513AA30,10,10,CAFIN
227-514AA30,10,10,CAFIN
227-516AA30,10,10,CAFIN
227-612AA30,10,10,CAFIN
227-613AA30,10,10,CAFIN
227-614AA30,10,10,CAFIN
227-615AA30,10,10,CAFIN
23-530D,10,10,CAFIN
23-611A,10,10,CAFIN
23-612,10,10,CAFIN
25-512,10,10,CAFIN
25-613,10,10,CAFIN
251-506AA12,10,10,CAFIN
251-506AA30,10,10,CAFIN
251-511AA12,10,10,CAFIN
251-511AA30,10,10,CAFIN
251-511AA38,10,10,CAFIN
251-512AA12,10,10,CAFIN
251-512AA30,10,10,CAFIN
251-512AA38,10,10,CAFIN
251-513AA30,10,10,CAFIN
251-513AA38,10,10,CAFIN
251-513BA30,10,10,CAFIN
251-513BA38,10,10,CAFIN
251-514AA30,10,10,CAFIN
251-515AA12,10,10,CAFIN
251-515AA38,10,10,CAFIN
251-516AA12,10,10,CAFIN
251-516AA38,10,10,CAFIN
251-517AA38,10,10,CAFIN
251-523AA12,10,10,CAFIN
251-524AA12,10,10,CAFIN
251-606AA30,10,10,CAFIN
251-606BA30,10,10,CAFIN
251-606CA30,10,10,CAFIN
251-607AA12,10,10,CAFIN
251-607BA12,10,10,CAFIN
251-611AA12,10,10,CAFIN
251-611AA30,10,10,CAFIN
251-611AA38,10,10,CAFIN
251-612AA38,10,10,CAFIN
251-613AA12,10,10,CAFIN
251-613AA30,10,10,CAFIN
251-613AA38,10,10,CAFIN
251-613BA30,10,10,CAFIN
251-614AA38,10,10,CAFIN
251-615AA30,10,10,CAFIN
251-615AA38,10,10,CAFIN
251-617AA38,10,10,CAFIN
251-618AA38,10,10,CAFIN
251-619AA12,10,10,CAFIN
251-619AA38,10,10,CAFIN
251-620AA38,10,10,CAFIN
251-621AA12,10,10,CAFIN
251-621AA38,10,10,CAFIN
251-622AA38,10,10,CAFIN
251-623AA12,10,10,CAFIN
258-506AA13,10,10,CAFIN
258-506AA14,10,10,CAFIN
258-506AA15,10,10,CAFIN
258-506AA16,10,10,CAFIN
258-506AA17,10,10,CAFIN
258-506AA18,10,10,CAFIN
258-506AA19,10,10,CAFIN
258-506AA20,10,10,CAFIN
258-506AA21,10,10,CAFIN
258-506AA22,10,10,CAFIN
258-506AA24,10,10,CAFIN
258-506AA26,10,10,CAFIN
258-511AA22,10,10,CAFIN
258-512AA22,10,10,CAFIN
258-513AA22,10,10,CAFIN
261-509B33,10,10,CAFIN
261-511A33,10,10,CAFIN
261-528A33,10,10,CAFIN
261-557A33,10,10,CAFIN
261-606B33,10,10,CAFIN
261-606C33,10,10,CAFIN
261-611A33,10,10,CAFIN
261-611BA33,10,10,CAFIN
261-612A33,10,10,CAFIN
261-613BA33,10,10,CAFIN
261-615A33,10,10,CAFIN
261-616A33,10,10,CAFIN
261-617A33,10,10,CAFIN
261-618A33,10,10,CAFIN
261-619A33,10,10,CAFIN
261-620A33,10,10,CAFIN
261-621A33,10,10,CAFIN
261-622A33,10,10,CAFIN
263-511A33,10,10,CAFIN
263-512A33,10,10,CAFIN
263-514A33,10,10,CAFIN
263-519A33,10,10,CAFIN
263-526A33,10,10,CAFIN
263-566B33,10,10,CAFIN
263-611BA33,10,10,CAFIN
263-612A33,10,10,CAFIN
263-615A33,10,10,CAFIN
263-616A33,10,10,CAFIN
263-617A33,10,10,CAFIN
263-618A33,10,10,CAFIN
263-625AA33,10,10,CAFIN
263-626AA33,10,10,CAFIN
263-627AA33,10,10,CAFIN
266-509A33,10,10,CAFIN
266-511B33,10,10,CAFIN
266-511D33,10,10,CAFIN
266-511E33,10,10,CAFIN
266-512BA33,10,10,CAFIN
266-513BA33,10,10,CAFIN
266-514B33,10,10,CAFIN
266-515A33,10,10,CAFIN
266-516A33,10,10,CAFIN
266-517A33,10,10,CAFIN
266-518A33,10,10,CAFIN
266-519B33,10,10,CAFIN
266-520A33,10,10,CAFIN
266-555A33,10,10,CAFIN
266-555B33,10,10,CAFIN
266-556A33,10,10,CAFIN
266-557A33,10,10,CAFIN
266-558A33,10,10,CAFIN
266-606A33,10,10,CAFIN
266-606B33,10,10,CAFIN
266-611A33,10,10,CAFIN
266-611AB33,10,10,CAFIN
266-612A33,10,10,CAFIN
266-612AB33,10,10,CAFIN
266-613A33,10,10,CAFIN
266-614B33,10,10,CAFIN
266-614C33,10,10,CAFIN
266-615A33,10,10,CAFIN
266-616A33,10,10,CAFIN
266-617A33,10,10,CAFIN
266-618A33,10,10,CAFIN
266-619A33,10,10,CAFIN
266-620A33,10,10,CAFIN
266-621A33,10,10,CAFIN
266-622A33,10,10,CAFIN
266-623A33,10,10,CAFIN
266-624A33,10,10,CAFIN
266-625AA33,10,10,CAFIN
267-508,10,10,CAFIN
267-511C30,10,10,CAFIN
267-511D30,10,10,CAFIN
267-511EA30,10,10,CAFIN
267-511FA30,10,10,CAFIN
267-511MA30,10,10,CAFIN
267-512A30,10,10,CAFIN
267-512BA30,10,10,CAFIN
267-513A30,10,10,CAFIN
267-513MA30,10,10,CAFIN
267-514DA30,10,10,CAFIN
267-515A30,10,10,CAFIN
267-516A30,10,10,CAFIN
267-517A30,10,10,CAFIN
267-520AA30,10,10,CAFIN
267-521AA30,10,10,CAFIN
267-522AA30,10,10,CAFIN
267-55730,10,10,CAFIN
267-559BA30,10,10,CAFIN
267-56030,10,10,CAFIN
267-614A30,10,10,CAFIN
267-621A30,10,10,CAFIN
267-621CA30,10,10,CAFIN
267-621CB30,10,10,CAFIN
267-622A30,10,10,CAFIN
267-622CA30,10,10,CAFIN
267-622CB30,10,10,CAFIN
267-623CA30,10,10,CAFIN
267-624AA30,10,10,CAFIN
267-628AA30,10,10,CAFIN
269-508AA34,10,10,CAFIN
269-508AA36,10,10,CAFIN
269-508AA38,10,10,CAFIN
269-508AA42,10,10,CAFIN
269-508AB30,10,10,CAFIN
269-508AB33,10,10,CAFIN
269-508BA34,10,10,CAFIN
269-508BA36,10,10,CAFIN
269-508BA38,10,10,CAFIN
269-508BA42,10,10,CAFIN
269-508BB30,10,10,CAFIN
269-508BB33,10,10,CAFIN
269-511A30,10,10,CAFIN
269-511AA38,10,10,CAFIN
269-511B30,10,10,CAFIN
269-511BA38,10,10,CAFIN
269-511BB30,10,10,CAFIN
269-511CA30,10,10,CAFIN
269-511CA38,10,10,CAFIN
269-511MA30,10,10,CAFIN
269-511MA38,10,10,CAFIN
269-511XA30,10,10,CAFIN
269-512BA30,10,10,CAFIN
269-512BA33,10,10,CAFIN
269-512BA38,10,10,CAFIN
269-513A30,10,10,CAFIN
269-513BA30,10,10,CAFIN
269-513BA38,10,10,CAFIN
269-513BB33,10,10,CAFIN
269-513MA30,10,10,CAFIN
269-513MA33,10,10,CAFIN
269-513MA38,10,10,CAFIN
269-513XA30,10,10,CAFIN
269-513XB30,10,10,CAFIN
269-514A30,10,10,CAFIN
269-514AA38,10,10,CAFIN
269-514XA30,10,10,CAFIN
269-515A30,10,10,CAFIN
269-515A33,10,10,CAFIN
269-515AA38,10,10,CAFIN
269-515XA30,10,10,CAFIN
269-516A30,10,10,CAFIN
269-516AA38,10,10,CAFIN
269-517A30,10,10,CAFIN
269-517AA38,10,10,CAFIN
269-518A30,10,10,CAFIN
269-518A33,10,10,CAFIN
269-518AA38,10,10,CAFIN
269-519A30,10,10,CAFIN
269-519A33,10,10,CAFIN
269-520A30,10,10,CAFIN
269-520AA38,10,10,CAFIN
269-521A30,10,10,CAFIN
269-521A33,10,10,CAFIN
269-521AA38,10,10,CAFIN
269-521XA30,10,10,CAFIN
269-557AA38,10,10,CAFIN
269-559AA38,10,10,CAFIN
269-566AA38,10,10,CAFIN
269-569AA38,10,10,CAFIN
269-611A30,10,10,CAFIN
269-611A33,10,10,CAFIN
269-611B30,10,10,CAFIN
269-611B33,10,10,CAFIN
269-611XA30,10,10,CAFIN
269-612AB30,10,10,CAFIN
269-612AB33,10,10,CAFIN
269-612AB38,10,10,CAFIN
269-612XB30,10,10,CAFIN
269-613A30,10,10,CAFIN
269-613A33,10,10,CAFIN
269-613AA38,10,10,CAFIN
269-614A30,10,10,CAFIN
269-614A33,10,10,CAFIN
269-614AA38,10,10,CAFIN
269-614BA38,10,10,CAFIN
269-615A30,10,10,CAFIN
269-616A30,10,10,CAFIN
269-619A30,10,10,CAFIN
269-620A30,10,10,CAFIN
271-511AA33,10,10,CAFIN
271-511XA33,10,10,CAFIN
271-611AA33,10,10,CAFIN
272-511AA30,10,10,CAFIN
272-511AA38,10,10,CAFIN
272-511AA42,10,10,CAFIN
272-511AB30,10,10,CAFIN
272-511AB34,10,10,CAFIN
272-511AB38,10,10,CAFIN
272-511AB42,10,10,CAFIN
272-511BA30,10,10,CAFIN
272-511BB30,10,10,CAFIN
272-511CA30,10,10,CAFIN
272-511MA30,10,10,CAFIN
272-511MB30,10,10,CAFIN
272-511MB38,10,10,CAFIN
272-511XA30,10,10,CAFIN
272-512AA38,10,10,CAFIN
272-512AA42,10,10,CAFIN
272-512AB30,10,10,CAFIN
272-512AB33,10,10,CAFIN
272-513AA38,10,10,CAFIN
272-513AA42,10,10,CAFIN
272-513AB30,10,10,CAFIN
272-513AB33,10,10,CAFIN
272-513MB30,10,10,CAFIN
272-513MB33,10,10,CAFIN
272-514AB30,10,10,CAFIN
272-515AA38,10,10,CAFIN
272-515AA42,10,10,CAFIN
272-515AB33,10,10,CAFIN
272-515AL33,10,10,CAFIN
272-515AL38,10,10,CAFIN
272-515AL42,10,10,CAFIN
272-515BB30,10,10,CAFIN
272-515BL30,10,10,CAFIN
272-516AB30,10,10,CAFIN
272-517AA33,10,10,CAFIN
272-517AA38,10,10,CAFIN
272-517AA42,10,10,CAFIN
272-517BA30,10,10,CAFIN
272-519AA38,10,10,CAFIN
272-519AA42,10,10,CAFIN
272-519BB30,10,10,CAFIN
272-519BB33,10,10,CAFIN
272-520AA38,10,10,CAFIN
272-520AA42,10,10,CAFIN
272-520AB33,10,10,CAFIN
272-520BB30,10,10,CAFIN
272-525AA38,10,10,CAFIN
272-525BA30,10,10,CAFIN
272-526AA30,10,10,CAFIN
272-526AB30,10,10,CAFIN
272-526ABU30,10,10,CAFIN
272-532AA30,10,10,CAFIN
272-532AA33,10,10,CAFIN
272-532AA38,10,10,CAFIN
272-533AA38,10,10,CAFIN
272-533AB30,10,10,CAFIN
272-533AB33,10,10,CAFIN
272-534AA30,10,10,CAFIN
272-534AB30,10,10,CAFIN
272-534AB38,10,10,CAFIN
272-534AB42,10,10,CAFIN
272-557AA30,10,10,CAFIN
272-557AA33,10,10,CAFIN
272-557AA38,10,10,CAFIN
272-557AA42,10,10,CAFIN
272-558AA42,10,10,CAFIN
272-559AA30,10,10,CAFIN
272-559AA33,10,10,CAFIN
272-559AA38,10,10,CAFIN
272-559AA42,10,10,CAFIN
272-566AA30,10,10,CAFIN
272-566AA36,10,10,CAFIN
272-566AA38,10,10,CAFIN
272-566AB30,10,10,CAFIN
272-566AB33,10,10,CAFIN
272-567AA33,10,10,CAFIN
272-567AA42,10,10,CAFIN
272-569AA30,10,10,CAFIN
272-569AA33,10,10,CAFIN
272-569AA38,10,10,CAFIN
272-569AA42,10,10,CAFIN
272-570AA30,10,10,CAFIN
272-611AA30,10,10,CAFIN
272-611AA33,10,10,CAFIN
272-611BA30,10,10,CAFIN
272-611XA30,10,10,CAFIN
272-612AA30,10,10,CAFIN
272-612AA33,10,10,CAFIN
272-613AA30,10,10,CAFIN
272-613AA33,10,10,CAFIN
272-614AA30,10,10,CAFIN
272-614AA33,10,10,CAFIN
274-515AA30,10,10,CAFIN
274-515AB30,10,10,CAFIN
274-515AC30,10,10,CAFIN
274-515BA30,10,10,CAFIN
274-515CA30,10,10,CAFIN
274-515DA30,10,10,CAFIN
274-566AA30,10,10,CAFIN
274-566AB30,10,10,CAFIN
274-566BA30,10,10,CAFIN
274-566BB30,10,10,CAFIN
274-566BC30,10,10,CAFIN
274-566BL30,10,10,CAFIN
274-566CA30,10,10,CAFIN
274-566CB30,10,10,CAFIN
274-569AA30,10,10,CAFIN
274-569AA34,10,10,CAFIN
274-569AA38,10,10,CAFIN
274-569AB30,10,10,CAFIN
274-569BA30,10,10,CAFIN
274-569BA34,10,10,CAFIN
274-569BA38,10,10,CAFIN
274-569BB30,10,10,CAFIN
274-569BC30,10,10,CAFIN
274-569CA30,10,10,CAFIN
274-569CB30,10,10,CAFIN
274-569DA30,10,10,CAFIN
274-569DB30,10,10,CAFIN
274-569EA30,10,10,CAFIN
274-569EB30,10,10,CAFIN
274-570AA30,10,10,CAFIN
274-570AB30,10,10,CAFIN
274-570BA30,10,10,CAFIN
274-570BB30,10,10,CAFIN
274-570CA30,10,10,CAFIN
274-570CB30,10,10,CAFIN
274-570DA30,10,10,CAFIN
274-570DB30,10,10,CAFIN
274-612AA30,10,10,CAFIN
274-612BA30,10,10,CAFIN
274-612CA30,10,10,CAFIN
274-613AA30,10,10,CAFIN
274-614AA30,10,10,CAFIN
274-615AA30,10,10,CAFIN
274-616AA30,10,10,CAFIN
274-617AA30,10,10,CAFIN
274-618AA30,10,10,CAFIN
274-619AA30,10,10,CAFIN
274-620AA30,10,10,CAFIN
274-621AA30,10,10,CAFIN
274-621BA30,10,10,CAFIN
274-621GA30,10,10,CAFIN
274-621TA30,10,10,CAFIN
274-622AA30,10,10,CAFIN
274-623AA30,10,10,CAFIN
274-624AA30,10,10,CAFIN
278-506AB36,10,10,CAFIN
278-507AA36,10,10,CAFIN
278-507AB36,10,10,CAFIN
278-511A30,10,10,CAFIN
278-511A33,10,10,CAFIN
278-511A38,10,10,CAFIN
278-511AA36,10,10,CAFIN
278-511B30,10,10,CAFIN
278-511BA36,10,10,CAFIN
278-512A30,10,10,CAFIN
278-512A33,10,10,CAFIN
278-512A38,10,10,CAFIN
278-512AA36,10,10,CAFIN
278-513A30,10,10,CAFIN
278-513A33,10,10,CAFIN
278-513A38,10,10,CAFIN
278-513AA36,10,10,CAFIN
278-521A30,10,10,CAFIN
278-521A33,10,10,CAFIN
278-521A38,10,10,CAFIN
278-521AA36,10,10,CAFIN
278-521BA30,10,10,CAFIN
278-521BA33,10,10,CAFIN
278-521BA36,10,10,CAFIN
278-521DS33,10,10,CAFIN
278-522A33,10,10,CAFIN
278-522A38,10,10,CAFIN
278-522AA36,10,10,CAFIN
278-522AB30,10,10,CAFIN
278-522AB33,10,10,CAFIN
278-522AB38,10,10,CAFIN
278-522DA33,10,10,CAFIN
278-523A30,10,10,CAFIN
278-523A33,10,10,CAFIN
278-523A38,10,10,CAFIN
278-523AA36,10,10,CAFIN
278-523BA30,10,10,CAFIN
278-523BA33,10,10,CAFIN
278-523BA36,10,10,CAFIN
278-523DS33,10,10,CAFIN
278-524A33,10,10,CAFIN
278-524A38,10,10,CAFIN
278-524AA36,10,10,CAFIN
278-524AB30,10,10,CAFIN
278-524AB33,10,10,CAFIN
278-524AB38,10,10,CAFIN
278-524B30,10,10,CAFIN
278-524BA30,10,10,CAFIN
278-524BA36,10,10,CAFIN
278-524BB30,10,10,CAFIN
278-524BB33,10,10,CAFIN
278-524DA33,10,10,CAFIN
278-524DS33,10,10,CAFIN
278-525A30,10,10,CAFIN
278-525A33,10,10,CAFIN
278-525AA36,10,10,CAFIN
278-525AB30,10,10,CAFIN
278-525AB33,10,10,CAFIN
278-525AB38,10,10,CAFIN
278-528AA38,10,10,CAFIN
278-531BA30,10,10,CAFIN
278-531BA33,10,10,CAFIN
278-531BA36,10,10,CAFIN
278-531DS33,10,10,CAFIN
278-607A33,10,10,CAFIN
278-607AA36,10,10,CAFIN
278-607BA36,10,10,CAFIN
278-608,10,10,CAFIN
278-608A33,10,10,CAFIN
278-608A38,10,10,CAFIN
278-608AA36,10,10,CAFIN
278-611A30,10,10,CAFIN
278-611A33,10,10,CAFIN
278-611A38,10,10,CAFIN
278-611AA36,10,10,CAFIN
278-611B30,10,10,CAFIN
278-611BA36,10,10,CAFIN
278-612A30,10,10,CAFIN
278-612A33,10,10,CAFIN
278-612A38,10,10,CAFIN
278-612AA36,10,10,CAFIN
278-612B30,10,10,CAFIN
278-612BA36,10,10,CAFIN
278-613A30,10,10,CAFIN
278-613A33,10,10,CAFIN
278-613A38,10,10,CAFIN
278-613AA36,10,10,CAFIN
278-614A30,10,10,CAFIN
278-614A33,10,10,CAFIN
278-614A38,10,10,CAFIN
278-614AA36,10,10,CAFIN
278-615A30,10,10,CAFIN
278-615A33,10,10,CAFIN
278-615A38,10,10,CAFIN
278-615AA36,10,10,CAFIN
278-616A30,10,10,CAFIN
278-616A33,10,10,CAFIN
278-616A38,10,10,CAFIN
278-616AA36,10,10,CAFIN
278-621A30,10,10,CAFIN
278-621A33,10,10,CAFIN
278-621A38,10,10,CAFIN
278-621AA36,10,10,CAFIN
278-621L30,10,10,CAFIN
278-622A30,10,10,CAFIN
278-622A33,10,10,CAFIN
278-622A38,10,10,CAFIN
278-622AA36,10,10,CAFIN
278-622L30,10,10,CAFIN
278-623A30,10,10,CAFIN
278-623A33,10,10,CAFIN
278-623A38,10,10,CAFIN
278-623AA36,10,10,CAFIN
278-623BA30,10,10,CAFIN
278-623BA33,10,10,CAFIN
278-623BA36,10,10,CAFIN
278-623DA33,10,10,CAFIN
278-623DS30,10,10,CAFIN
278-623DS33,10,10,CAFIN
278-623S30,10,10,CAFIN
278-623S33,10,10,CAFIN
278-623S38,10,10,CAFIN
278-624A30,10,10,CAFIN
278-624A33,10,10,CAFIN
278-624A38,10,10,CAFIN
278-624AA36,10,10,CAFIN
278-624BA30,10,10,CAFIN
278-624BA33,10,10,CAFIN
278-624BA36,10,10,CAFIN
278-624DA33,10,10,CAFIN
278-624DS30,10,10,CAFIN
278-624DS33,10,10,CAFIN
278-624S30,10,10,CAFIN
278-624S33,10,10,CAFIN
278-624S38,10,10,CAFIN
278-625A30,10,10,CAFIN
278-625A33,10,10,CAFIN
278-625A38,10,10,CAFIN
278-625AA36,10,10,CAFIN
278-625DA33,10,10,CAFIN
278-625DS33,10,10,CAFIN
278-626A30,10,10,CAFIN
278-626A33,10,10,CAFIN
278-626A38,10,10,CAFIN
278-626AA36,10,10,CAFIN
278-626DA33,10,10,CAFIN
278-626DS33,10,10,CAFIN
278-627A30,10,10,CAFIN
278-627A33,10,10,CAFIN
278-627M,10,10,CAFIN
278-627M30,10,10,CAFIN
278-628A30,10,10,CAFIN
278-628A33,10,10,CAFIN
278-628M30,10,10,CAFIN
278-629A30,10,10,CAFIN
278-629A33,10,10,CAFIN
278-629A38,10,10,CAFIN
278-629AA36,10,10,CAFIN
278-629DA33,10,10,CAFIN
278-629DS33,10,10,CAFIN
278-630A30,10,10,CAFIN
278-630A33,10,10,CAFIN
278-630A38,10,10,CAFIN
278-630AA36,10,10,CAFIN
278-630DA33,10,10,CAFIN
278-630DS33,10,10,CAFIN
278-631A30,10,10,CAFIN
278-631A33,10,10,CAFIN
278-631A38,10,10,CAFIN
278-631AA36,10,10,CAFIN
278-631BA30,10,10,CAFIN
278-631BA33,10,10,CAFIN
278-631BA36,10,10,CAFIN
278-631CA33,10,10,CAFIN
278-631DA33,10,10,CAFIN
278-632A30,10,10,CAFIN
278-632A33,10,10,CAFIN
278-632A38,10,10,CAFIN
278-632AA36,10,10,CAFIN
278-632BA30,10,10,CAFIN
278-632BA33,10,10,CAFIN
278-632BA36,10,10,CAFIN
278-632CA33,10,10,CAFIN
278-633A30,10,10,CAFIN
278-633A38,10,10,CAFIN
278-633AA36,10,10,CAFIN
278-633DA33,10,10,CAFIN
278-634A30,10,10,CAFIN
278-634A38,10,10,CAFIN
278-634AA36,10,10,CAFIN
279-507A33,10,10,CAFIN
279-508A30,10,10,CAFIN
279-508A33,10,10,CAFIN
279-508A38,10,10,CAFIN
279-511BLA33,10,10,CAFIN
279-511D33,10,10,CAFIN
279-511D38,10,10,CAFIN
279-511HA33,10,10,CAFIN
279-511KA33,10,10,CAFIN
279-511KA38,10,10,CAFIN
279-511L33,10,10,CAFIN
279-511L38,10,10,CAFIN
279-511MA33,10,10,CAFIN
279-511MA38,10,10,CAFIN
279-511S33,10,10,CAFIN
279-511S38,10,10,CAFIN
279-511SE33,10,10,CAFIN
279-511T33,10,10,CAFIN
279-511T38,10,10,CAFIN
279-511UA33,10,10,CAFIN
279-511VA33,10,10,CAFIN
279-512A33,10,10,CAFIN
279-512A38,10,10,CAFIN
279-512BA33,10,10,CAFIN
279-512CA33,10,10,CAFIN
279-512HA33,10,10,CAFIN
279-513A30,10,10,CAFIN
279-513A33,10,10,CAFIN
279-513A38,10,10,CAFIN
279-513AB38,10,10,CAFIN
279-513BA38,10,10,CAFIN
279-513HA33,10,10,CAFIN
279-514D30,10,10,CAFIN
279-514D33,10,10,CAFIN
279-514D38,10,10,CAFIN
279-514S30,10,10,CAFIN
279-514S33,10,10,CAFIN
279-514S38,10,10,CAFIN
279-515A33,10,10,CAFIN
279-515A38,10,10,CAFIN
279-516D33,10,10,CAFIN
279-516D38,10,10,CAFIN
279-516S33,10,10,CAFIN
279-516S38,10,10,CAFIN
279-517A30,10,10,CAFIN
279-517A33,10,10,CAFIN
279-517A38,10,10,CAFIN
279-521AA33,10,10,CAFIN
279-521AB33,10,10,CAFIN
279-521BA33,10,10,CAFIN
279-522AA33,10,10,CAFIN
279-522BA33,10,10,CAFIN
279-523AA33,10,10,CAFIN
279-524AA33,10,10,CAFIN
279-525AA33,10,10,CAFIN
279-525AA38,10,10,CAFIN
279-526DA33,10,10,CAFIN
279-526SA33,10,10,CAFIN
279-526SA38,10,10,CAFIN
279-571AA38,10,10,CAFIN
279-572AA38,10,10,CAFIN
279-573AA38,10,10,CAFIN
279-574AA38,10,10,CAFIN
279-581AA33,10,10,CAFIN
279-582AA33,10,10,CAFIN
279-585AA33,10,10,CAFIN
279-586AA33,10,10,CAFIN
279-607D30,10,10,CAFIN
279-607D33,10,10,CAFIN
279-607D38,10,10,CAFIN
279-607F30,10,10,CAFIN
279-607F33,10,10,CAFIN
279-607F38,10,10,CAFIN
279-607G30,10,10,CAFIN
279-607G33,10,10,CAFIN
279-607G38,10,10,CAFIN
279-611A33,10,10,CAFIN
279-611A38,10,10,CAFIN
279-611BA33,10,10,CAFIN
279-611HA33,10,10,CAFIN
279-611L33,10,10,CAFIN
279-611L38,10,10,CAFIN
279-611MA33,10,10,CAFIN
279-611T33,10,10,CAFIN
279-611T38,10,10,CAFIN
279-612A33,10,10,CAFIN
279-612A38,10,10,CAFIN
279-612BA33,10,10,CAFIN
279-612HA33,10,10,CAFIN
279-612L33,10,10,CAFIN
279-612L38,10,10,CAFIN
279-612MA33,10,10,CAFIN
279-612T33,10,10,CAFIN
279-612T38,10,10,CAFIN
279-613A33,10,10,CAFIN
279-613A38,10,10,CAFIN
279-613L33,10,10,CAFIN
279-613L38,10,10,CAFIN
279-613MA33,10,10,CAFIN
279-613T33,10,10,CAFIN
279-613T38,10,10,CAFIN
279-614A33,10,10,CAFIN
279-614A38,10,10,CAFIN
279-614L33,10,10,CAFIN
279-614L38,10,10,CAFIN
279-614MA33,10,10,CAFIN
279-614T33,10,10,CAFIN
279-614T38,10,10,CAFIN
279-615A30,10,10,CAFIN
279-615A33,10,10,CAFIN
279-615A38,10,10,CAFIN
279-615HA33,10,10,CAFIN
279-616A30,10,10,CAFIN
279-616A33,10,10,CAFIN
279-616A38,10,10,CAFIN
279-616HA33,10,10,CAFIN
279-617A30,10,10,CAFIN
279-617A33,10,10,CAFIN
279-617A38,10,10,CAFIN
279-618A30,10,10,CAFIN
279-618A33,10,10,CAFIN
279-618A38,10,10,CAFIN
279-619A30,10,10,CAFIN
279-619A33,10,10,CAFIN
279-619A38,10,10,CAFIN
279-619HA33,10,10,CAFIN
279-620A30,10,10,CAFIN
279-620A33,10,10,CAFIN
279-620A38,10,10,CAFIN
279-620HA33,10,10,CAFIN
279-621A30,10,10,CAFIN
279-621A33,10,10,CAFIN
279-621A38,10,10,CAFIN
279-622A30,10,10,CAFIN
279-622A33,10,10,CAFIN
279-622A38,10,10,CAFIN
279-623A30,10,10,CAFIN
279-623A33,10,10,CAFIN
279-623A38,10,10,CAFIN
279-624A30,10,10,CAFIN
279-624A33,10,10,CAFIN
279-624A38,10,10,CAFIN
279-625A30,10,10,CAFIN
279-625A33,10,10,CAFIN
279-625A38,10,10,CAFIN
279-626A30,10,10,CAFIN
279-626A33,10,10,CAFIN
279-626A38,10,10,CAFIN
279-627A30,10,10,CAFIN
279-627A33,10,10,CAFIN
279-627A38,10,10,CAFIN
279-628A30,10,10,CAFIN
279-628A33,10,10,CAFIN
279-628A38,10,10,CAFIN
279-629A30,10,10,CAFIN
279-629A33,10,10,CAFIN
279-629A38,10,10,CAFIN
279-630A30,10,10,CAFIN
279-630A33,10,10,CAFIN
279-630A38,10,10,CAFIN
279-631A33,10,10,CAFIN
279-631A38,10,10,CAFIN
279-632A33,10,10,CAFIN
279-632A38,10,10,CAFIN
279-633A33,10,10,CAFIN
279-633A38,10,10,CAFIN
279-634A33,10,10,CAFIN
279-634A38,10,10,CAFIN
279-635A30,10,10,CAFIN
279-635A33,10,10,CAFIN
279-635A38,10,10,CAFIN
279-636A30,10,10,CAFIN
279-636A33,10,10,CAFIN
279-636A38,10,10,CAFIN
279-637A33,10,10,CAFIN
279-637A38,10,10,CAFIN
279-638A33,10,10,CAFIN
279-638A38,10,10,CAFIN
279-651AA33,10,10,CAFIN
279-652AA33,10,10,CAFIN
279-653AA33,10,10,CAFIN
279-653BA33,10,10,CAFIN
279-654AA33,10,10,CAFIN
279-654BA33,10,10,CAFIN
279-655AA33,10,10,CAFIN
279-656AA33,10,10,CAFIN
279-671AA38,10,10,CAFIN
279-673AA38,10,10,CAFIN
279-675AA38,10,10,CAFIN
279-677AA38,10,10,CAFIN
283-509AA33,10,10,CAFIN
283-512AA33,10,10,CAFIN
283-513AA33,10,10,CAFIN
283-515AA33,10,10,CAFIN
283-517AA33,10,10,CAFIN
283-518AA33,10,10,CAFIN
283-519AA33,10,10,CAFIN
283-520AA33,10,10,CAFIN
283-521AA33,10,10,CAFIN
283-522AA33,10,10,CAFIN
283-523AA33,10,10,CAFIN
283-551AA33,10,10,CAFIN
283-554AA33,10,10,CAFIN
283-555AA33,10,10,CAFIN
283-555BA33,10,10,CAFIN
283-556AA33,10,10,CAFIN
283-556AB33,10,10,CAFIN
283-557AA33,10,10,CAFIN
283-557AB33,10,10,CAFIN
283-558AA33,10,10,CAFIN
283-611AA33,10,10,CAFIN
283-611BA33,10,10,CAFIN
283-611XA33,10,10,CAFIN
283-612AA33,10,10,CAFIN
283-613AA33,10,10,CAFIN
283-614AA33,10,10,CAFIN
284-511AA33,10,10,CAFIN
284-511AB33,10,10,CAFIN
284-511BA33,10,10,CAFIN
284-511BB33,10,10,CAFIN
284-511MA33,10,10,CAFIN
284-512AA33,10,10,CAFIN
284-513AA33,10,10,CAFIN
284-513MA33,10,10,CAFIN
284-514AA33,10,10,CAFIN
284-515AA33,10,10,CAFIN
284-516AA33,10,10,CAFIN
284-517AA33,10,10,CAFIN
284-518AA33,10,10,CAFIN
284-519AA33,10,10,CAFIN
284-520AA33,10,10,CAFIN
284-521AA33,10,10,CAFIN
284-522AA33,10,10,CAFIN
284-523AA33,10,10,CAFIN
284-525AA33,10,10,CAFIN
284-526AA33,10,10,CAFIN
284-526AAU33,10,10,CAFIN
284-527AA33,10,10,CAFIN
284-528AA33,10,10,CAFIN
284-529AA33,10,10,CAFIN
284-529BA33,10,10,CAFIN
284-556AB33,10,10,CAFIN
284-557A33,10,10,CAFIN
284-557AB33,10,10,CAFIN
284-569AA33,10,10,CAFIN
284-611AA33,10,10,CAFIN
284-611AB33,10,10,CAFIN
284-611BA33,10,10,CAFIN
284-611BB33,10,10,CAFIN
291-506AA22,10,10,CAFIN
291-506AA23,10,10,CAFIN
291-506BA21,10,10,CAFIN
291-506BA22,10,10,CAFIN
291-506BA23,10,10,CAFIN
291-506CA22,10,10,CAFIN
291-506CA23,10,10,CAFIN
291-512AA21,10,10,CAFIN
291-512AA22,10,10,CAFIN
291-514AA21,10,10,CAFIN
291-515AA21,10,10,CAFIN
291-517AA21,10,10,CAFIN
291-518AA21,10,10,CAFIN
291-522AA23,10,10,CAFIN
291-607AA21,10,10,CAFIN
291-607AA22,10,10,CAFIN
291-607AA23,10,10,CAFIN
291-607BA21,10,10,CAFIN
291-607BA23,10,10,CAFIN
291-607CA22,10,10,CAFIN
291-607CA23,10,10,CAFIN
291-608AA,10,10,CAFIN
291-611AA21,10,10,CAFIN
291-612AB21,10,10,CAFIN
291-612AB22,10,10,CAFIN
291-612AB23,10,10,CAFIN
291-613AA21,10,10,CAFIN
291-614AA21,10,10,CAFIN
291-615AA21,10,10,CAFIN
3101-511AA30,10,10,CAFIN
3101-512AA30,10,10,CAFIN
3101-512BA30,10,10,CAFIN
3101-513CA30,10,10,CAFIN
3101-513CA38,10,10,CAFIN
3101-514AA30,10,10,CAFIN
3101-514BA30,10,10,CAFIN
3101-515AA30,10,10,CAFIN
3101-515BA30,10,10,CAFIN
3101-515CA30,10,10,CAFIN
3101-531AA30,10,10,CAFIN
3101-532AA30,10,10,CAFIN
3101-533AA30,10,10,CAFIN
3101-541AA38,10,10,CAFIN
3101-542AA38,10,10,CAFIN
3101-543AA38,10,10,CAFIN
3101-545AA38,10,10,CAFIN
3101-546AA38,10,10,CAFIN
3101-546BA38,10,10,CAFIN
3101-551AA38,10,10,CAFIN
3101-552AA38,10,10,CAFIN
3101-552BA38,10,10,CAFIN
3101-553CA38,10,10,CAFIN
3101-555CA38,10,10,CAFIN
3101-561AA38,10,10,CAFIN
3101-562AA38,10,10,CAFIN
3101-563AA38,10,10,CAFIN
3101-565AA38,10,10,CAFIN
3101-593AB30,10,10,CAFIN
3101-593BA30,10,10,CAFIN
3101-593CA38,10,10,CAFIN
3101-593DA38,10,10,CAFIN
3101-611AA30,10,10,CAFIN
3101-611AA38,10,10,CAFIN
3101-611AA42,10,10,CAFIN
3101-611BA30,10,10,CAFIN
3101-611BA38,10,10,CAFIN
3101-611BA42,10,10,CAFIN
3101-612AA30,10,10,CAFIN
3101-612AA38,10,10,CAFIN
3101-612AA42,10,10,CAFIN
3101-612BA30,10,10,CAFIN
3101-612BA38,10,10,CAFIN
3101-612BA42,10,10,CAFIN
3101-621AA38,10,10,CAFIN
3101-621BA38,10,10,CAFIN
3106-511AA30,10,10,CAFIN
3106-511BA30,10,10,CAFIN
3106-511BB30,10,10,CAFIN
3106-511BB38,10,10,CAFIN
3106-511CA30,10,10,CAFIN
3106-512AA30,10,10,CAFIN
3106-512BA30,10,10,CAFIN
3106-512BB30,10,10,CAFIN
3106-512BB38,10,10,CAFIN
3106-512CA30,10,10,CAFIN
3106-513BB30,10,10,CAFIN
3106-513BB38,10,10,CAFIN
3106-514AA30,10,10,CAFIN
3106-514BB30,10,10,CAFIN
3106-514BB38,10,10,CAFIN
3106-515AA30,10,10,CAFIN
3106-516BB30,10,10,CAFIN
3106-516BB38,10,10,CAFIN
3106-517BB30,10,10,CAFIN
3106-517BB38,10,10,CAFIN
3106-518BB30,10,10,CAFIN
3106-518BB38,10,10,CAFIN
3106-519BB38,10,10,CAFIN
3106-521AA30,10,10,CAFIN
3106-521BB30,10,10,CAFIN
3106-521BB38,10,10,CAFIN
3106-521CA30,10,10,CAFIN
3106-522AA30,10,10,CAFIN
3106-522BA30,10,10,CAFIN
3106-522BB30,10,10,CAFIN
3106-522BB38,10,10,CAFIN
3106-522CA30,10,10,CAFIN
3106-523AA30,10,10,CAFIN
3106-523AA38,10,10,CAFIN
3106-531AA34,10,10,CAFIN
3106-535AA34,10,10,CAFIN
3106-541AA30,10,10,CAFIN
3106-545AA30,10,10,CAFIN
3106-591AA30,10,10,CAFIN
3106-592AA30,10,10,CAFIN
3106-593AA30,10,10,CAFIN
3106-594AA30,10,10,CAFIN
311-5214BB30,10,10,CAFIN
3110-511AA34,10,10,CAFIN
3110-511BA34,10,10,CAFIN
3110-512AA34,10,10,CAFIN
3110-512BA34,10,10,CAFIN
3110-513AA34,10,10,CAFIN
3110-513BA34,10,10,CAFIN
3110-514AA34,10,10,CAFIN
3110-514BA34,10,10,CAFIN
3110-515BA34,10,10,CAFIN
3110-516BA34,10,10,CAFIN
3110-521AA34,10,10,CAFIN
3110-522AA34,10,10,CAFIN
3110-523AA34,10,10,CAFIN
3114-512AA30,10,10,CAFIN
3114-5211BA,10,10,CAFIN
3114-5211BB,10,10,CAFIN
3114-5212AB30,10,10,CAFIN
3114-5212BB30,10,10,CAFIN
3114-5213AB30,10,10,CAFIN
3114-5214BB26,10,10,CAFIN
3114-5214BB30,10,10,CAFIN
3114-5216BB26,10,10,CAFIN
3114-5216BB30,10,10,CAFIN
3114-5221BB,10,10,CAFIN
3114-5251BA,10,10,CAFIN
3114-5251BB,10,10,CAFIN
3114-551AA,10,10,CAFIN
3114-6201AA30,10,10,CAFIN
3114-6201BA30,10,10,CAFIN
3114-6202AA30,10,10,CAFIN
3114-6202BA30,10,10,CAFIN
3114-6203AA30,10,10,CAFIN
3124-505AA30,10,10,CAFIN
3124-505AA32,10,10,CAFIN
3124-505AB30,10,10,CAFIN
3124-505AC30,10,10,CAFIN
3124-505AC32,10,10,CAFIN
3124-505AD30,10,10,CAFIN
3124-505AE30,10,10,CAFIN
3124-505AE32,10,10,CAFIN
3124-505BA30,10,10,CAFIN
3124-505BA32,10,10,CAFIN
3124-505BB30,10,10,CAFIN
3124-505BB32,10,10,CAFIN
3124-512AA30,10,10,CAFIN
3124-512AA32,10,10,CAFIN
3124-513AA30,10,10,CAFIN
3124-513AB30,10,10,CAFIN
3124-513AC30,10,10,CAFIN
3124-514AA30,10,10,CAFIN
3124-514AB30,10,10,CAFIN
3124-514AB32,10,10,CAFIN
3124-514AC30,10,10,CAFIN
3124-514AC32,10,10,CAFIN
3124-514PA30,10,10,CAFIN
3124-515AA30,10,10,CAFIN
3124-515AA32,10,10,CAFIN
3124-516AA30,10,10,CAFIN
3124-516AA32,10,10,CAFIN
3124-517AA30,10,10,CAFIN
3133-511AA34,10,10,CAFIN
3133-512AA34,10,10,CAFIN
3133-513AA34,10,10,CAFIN
3133-515AA34,10,10,CAFIN
3139-511AA26,10,10,CAFIN
3139-511AA28,10,10,CAFIN
3139-511AA30,10,10,CAFIN
3139-511AA32,10,10,CAFIN
3139-511AA34,10,10,CAFIN
3139-511AA36,10,10,CAFIN
3139-511AA38,10,10,CAFIN
3139-511AA40,10,10,CAFIN
3139-511AA42,10,10,CAFIN
3139-512AA26,10,10,CAFIN
3139-512AA28,10,10,CAFIN
3139-512AA30,10,10,CAFIN
3139-512AA32,10,10,CAFIN
3139-512AA34,10,10,CAFIN
3139-512AA36,10,10,CAFIN
3139-512AA38,10,10,CAFIN
3139-512AA40,10,10,CAFIN
3139-512AA42,10,10,CAFIN
3139-513AA26,10,10,CAFIN
3139-513AA28,10,10,CAFIN
3139-513AA30,10,10,CAFIN
3139-513AA32,10,10,CAFIN
3139-513AA34,10,10,CAFIN
3139-513AA36,10,10,CAFIN
3139-513AA38,10,10,CAFIN
3139-513AA40,10,10,CAFIN
3139-513AA42,10,10,CAFIN
3139-514AA26,10,10,CAFIN
3139-514AA28,10,10,CAFIN
3139-514AA30,10,10,CAFIN
3139-514AA34,10,10,CAFIN
3139-515AA26,10,10,CAFIN
3139-515AA28,10,10,CAFIN
3139-515AA30,10,10,CAFIN
3139-515AA32,10,10,CAFIN
3139-515AA34,10,10,CAFIN
3139-515AA36,10,10,CAFIN
3139-515AA38,10,10,CAFIN
3139-515AA40,10,10,CAFIN
3139-515AA42,10,10,CAFIN
3139-515BA26,10,10,CAFIN
3139-515BA28,10,10,CAFIN
3139-515BA30,10,10,CAFIN
3139-515BA32,10,10,CAFIN
3139-515BA34,10,10,CAFIN
3139-515BA36,10,10,CAFIN
3139-515BA38,10,10,CAFIN
3139-515BA40,10,10,CAFIN
3139-515BA42,10,10,CAFIN
3139-591AA30,10,10,CAFIN
3139-593AA26,10,10,CAFIN
3139-593AA30,10,10,CAFIN
3139-593AA32,10,10,CAFIN
3139-593AA38,10,10,CAFIN
3139-611AA26,10,10,CAFIN
3139-611AA28,10,10,CAFIN
3139-611AA30,10,10,CAFIN
3139-611AA32,10,10,CAFIN
3139-611AA34,10,10,CAFIN
3139-611AA36,10,10,CAFIN
3139-611AA38,10,10,CAFIN
3139-611AA40,10,10,CAFIN
3139-611AA42,10,10,CAFIN
3139-611BA26,10,10,CAFIN
3139-611BA28,10,10,CAFIN
3139-611BA30,10,10,CAFIN
3139-611BA32,10,10,CAFIN
3139-611BA34,10,10,CAFIN
3139-611BA36,10,10,CAFIN
3139-611BA38,10,10,CAFIN
3139-611BA40,10,10,CAFIN
3139-611BA42,10,10,CAFIN
3139-612AA26,10,10,CAFIN
3139-612AA28,10,10,CAFIN
3139-612AA30,10,10,CAFIN
3139-612AA32,10,10,CAFIN
3139-612AA34,10,10,CAFIN
3139-612AA36,10,10,CAFIN
3139-612AA38,10,10,CAFIN
3139-612AA40,10,10,CAFIN
3139-612AA42,10,10,CAFIN
3139-612BA26,10,10,CAFIN
3139-612BA28,10,10,CAFIN
3139-612BA30,10,10,CAFIN
3139-612BA32,10,10,CAFIN
3139-612BA34,10,10,CAFIN
3139-612BA36,10,10,CAFIN
3139-612BA38,10,10,CAFIN
3139-612BA40,10,10,CAFIN
3139-612BA42,10,10,CAFIN
3141-511AA30,10,10,CAFIN
3141-512AA30,10,10,CAFIN
3141-513AA30,10,10,CAFIN
3141-514AA30,10,10,CAFIN
3141-611AA30,10,10,CAFIN
3141-611BA30,10,10,CAFIN
3141-612AA30,10,10,CAFIN
3141-612BA30,10,10,CAFIN
3142-531AA38,10,10,CAFIN
3142-532AA38,10,10,CAFIN
3142-533AA38,10,10,CAFIN
3142-539AA38,10,10,CAFIN
3142-591AA38,10,10,CAFIN
3142-593AA30,10,10,CAFIN
3142-611AA26,10,10,CAFIN
3142-611AB26,10,10,CAFIN
3142-611PA26,10,10,CAFIN
3142-611PB26,10,10,CAFIN
3144-507AA26,10,10,CAFIN
3144-507AA30,10,10,CAFIN
3144-507AA32,10,10,CAFIN
3144-507AA34,10,10,CAFIN
3144-507AA36,10,10,CAFIN
3144-507BA30,10,10,CAFIN
3144-507BA32,10,10,CAFIN
3144-507BA34,10,10,CAFIN
3144-507BA36,10,10,CAFIN
3144-511AA30,10,10,CAFIN
3144-511AA38,10,10,CAFIN
3144-512AA30,10,10,CAFIN
3144-512AA38,10,10,CAFIN
3144-513AA30,10,10,CAFIN
3144-513AA38,10,10,CAFIN
3144-514AA30,10,10,CAFIN
3144-514AA38,10,10,CAFIN
3144-515AA38,10,10,CAFIN
3144-516AA38,10,10,CAFIN
3144-521AA30,10,10,CAFIN
3144-522AA30,10,10,CAFIN
3144-593AA30,10,10,CAFIN
3144-611AA30,10,10,CAFIN
3144-611AA36,10,10,CAFIN
3144-611BA30,10,10,CAFIN
3144-611BA36,10,10,CAFIN
3144-612AA30,10,10,CAFIN
3144-612AA36,10,10,CAFIN
3145-511AA26,10,10,CAFIN
3145-511AA30,10,10,CAFIN
3145-511AA32,10,10,CAFIN
3145-511AA34,10,10,CAFIN
3145-511AA36,10,10,CAFIN
3145-511AA38,10,10,CAFIN
3145-512AA26,10,10,CAFIN
3145-512AA30,10,10,CAFIN
3145-512AA32,10,10,CAFIN
3145-512AA34,10,10,CAFIN
3145-512AA36,10,10,CAFIN
3145-512AA38,10,10,CAFIN
3145-513AA26,10,10,CAFIN
3145-513AA30,10,10,CAFIN
3145-513AA32,10,10,CAFIN
3145-513AA34,10,10,CAFIN
3145-513AA36,10,10,CAFIN
3145-513AA38,10,10,CAFIN
3145-514AA26,10,10,CAFIN
3145-514AA30,10,10,CAFIN
3145-514AA34,10,10,CAFIN
3145-515AA26,10,10,CAFIN
3145-515AA30,10,10,CAFIN
3145-515AA32,10,10,CAFIN
3145-515AA34,10,10,CAFIN
3145-515AA36,10,10,CAFIN
3145-515AA38,10,10,CAFIN
3145-515BA26,10,10,CAFIN
3145-515BA30,10,10,CAFIN
3145-515BA32,10,10,CAFIN
3145-515BA34,10,10,CAFIN
3145-515BA36,10,10,CAFIN
3145-515BA38,10,10,CAFIN
3145-521AA30,10,10,CAFIN
3145-521AA34,10,10,CAFIN
3145-521AB30,10,10,CAFIN
3145-522AA30,10,10,CAFIN
3145-522AA34,10,10,CAFIN
3145-522AB30,10,10,CAFIN
3145-523AA30,10,10,CAFIN
3145-523AB30,10,10,CAFIN
3145-524AA30,10,10,CAFIN
3145-525AB30,10,10,CAFIN
3145-525BB30,10,10,CAFIN
3145-525CA30,10,10,CAFIN
3145-525CA34,10,10,CAFIN
3145-526AA30,10,10,CAFIN
3145-527AA30,10,10,CAFIN
3145-531AA30,10,10,CAFIN
3145-531AA34,10,10,CAFIN
3145-531AA38,10,10,CAFIN
3145-531BA38,10,10,CAFIN
3145-532AA30,10,10,CAFIN
3145-532AA34,10,10,CAFIN
3145-532AA38,10,10,CAFIN
3145-533AA30,10,10,CAFIN
3145-533AA34,10,10,CAFIN
3145-533AA38,10,10,CAFIN
3145-534AA30,10,10,CAFIN
3145-534AA38,10,10,CAFIN
3145-536AA30,10,10,CAFIN
3145-536AA38,10,10,CAFIN
3145-537AA30,10,10,CAFIN
3145-537AA38,10,10,CAFIN
3145-538AA30,10,10,CAFIN
3145-538AA38,10,10,CAFIN
3145-539AA30,10,10,CAFIN
3145-539AA38,10,10,CAFIN
3145-541AA34,10,10,CAFIN
3145-541BA34,10,10,CAFIN
3145-542AA34,10,10,CAFIN
3145-542BA34,10,10,CAFIN
3145-545AA34,10,10,CAFIN
3145-551AA30,10,10,CAFIN
3145-581AA38,10,10,CAFIN
3145-582AA38,10,10,CAFIN
3145-583AA38,10,10,CAFIN
3145-584AA38,10,10,CAFIN
3145-585AA38,10,10,CAFIN
3145-586AA38,10,10,CAFIN
3145-593AA26,10,10,CAFIN
3145-593AA30,10,10,CAFIN
3145-593AA32,10,10,CAFIN
3145-593AA38,10,10,CAFIN
3145-593BA30,10,10,CAFIN
3145-611AA26,10,10,CAFIN
3145-611AA30,10,10,CAFIN
3145-611AA32,10,10,CAFIN
3145-611AA34,10,10,CAFIN
3145-611AA36,10,10,CAFIN
3145-611AA38,10,10,CAFIN
3145-611BA26,10,10,CAFIN
3145-611BA30,10,10,CAFIN
3145-611BA32,10,10,CAFIN
3145-611BA34,10,10,CAFIN
3145-611BA36,10,10,CAFIN
3145-611BA38,10,10,CAFIN
3145-612AA26,10,10,CAFIN
3145-612AA30,10,10,CAFIN
3145-612AA32,10,10,CAFIN
3145-612AA34,10,10,CAFIN
3145-612AA36,10,10,CAFIN
3145-612AA38,10,10,CAFIN
3145-612BA26,10,10,CAFIN
3145-612BA30,10,10,CAFIN
3145-612BA32,10,10,CAFIN
3145-612BA34,10,10,CAFIN
3145-612BA36,10,10,CAFIN
3145-612BA38,10,10,CAFIN
3145-621AA30,10,10,CAFIN
3145-621AA34,10,10,CAFIN
3145-621BA30,10,10,CAFIN
3145-621BA34,10,10,CAFIN
3145-622AA30,10,10,CAFIN
3145-622AA34,10,10,CAFIN
3145-622BA30,10,10,CAFIN
3145-622BA34,10,10,CAFIN
3146-511AA30,10,10,CAFIN
3146-512AA30,10,10,CAFIN
3146-513AA30,10,10,CAFIN
3146-514AA30,10,10,CAFIN
3146-515AA38,10,10,CAFIN
3147-511AA30,10,10,CAFIN
3147-511AA38,10,10,CAFIN
3147-512AA30,10,10,CAFIN
3147-512AA38,10,10,CAFIN
3147-512BA30,10,10,CAFIN
3147-513AA30,10,10,CAFIN
3147-513AA38,10,10,CAFIN
3147-515AA30,10,10,CAFIN
3147-515AA34,10,10,CAFIN
3147-516AA34,10,10,CAFIN
3147-522AA30,10,10,CAFIN
3147-522AA34,10,10,CAFIN
3147-523AA30,10,10,CAFIN
3147-531AA30,10,10,CAFIN
3147-532AA30,10,10,CAFIN
3147-533AA30,10,10,CAFIN
3147-534AA30,10,10,CAFIN
3147-535AA30,10,10,CAFIN
3148-511AA19,10,10,CAFIN
3148-511AB19,10,10,CAFIN
3148-511BA19,10,10,CAFIN
3149-511AA30,10,10,CAFIN
3149-512AA30,10,10,CAFIN
3149-514AA30,10,10,CAFIN
3149-515AA30,10,10,CAFIN
3149-515AB30,10,10,CAFIN
3149-516AA30,10,10,CAFIN
3150-511AA30,10,10,CAFIN
3150-512AA30,10,10,CAFIN
3150-512BA30,10,10,CAFIN
3150-514AA30,10,10,CAFIN
3150-515AA30,10,10,CAFIN
3150-611AA30,10,10,CAFIN
3150-611BA30,10,10,CAFIN
3150-612AA30,10,10,CAFIN
3151-511AA30,10,10,CAFIN
3151-512AA30,10,10,CAFIN
3151-513AA30,10,10,CAFIN
3151-514AA30,10,10,CAFIN
3151-515AA30,10,10,CAFIN
3151-515BA30,10,10,CAFIN
3151-521AA30,10,10,CAFIN
3151-521BA30,10,10,CAFIN
3151-521CA28,10,10,CAFIN
3151-521CA30,10,10,CAFIN
3151-522AA30,10,10,CAFIN
3151-522BA30,10,10,CAFIN
3151-522CA30,10,10,CAFIN
3151-522DA30,10,10,CAFIN
3151-522EA28,10,10,CAFIN
3151-522EA30,10,10,CAFIN
3151-522FA28,10,10,CAFIN
3151-522FA30,10,10,CAFIN
3151-522HA28,10,10,CAFIN
3151-522HA30,10,10,CAFIN
3151-522JA30,10,10,CAFIN
3151-523AA30,10,10,CAFIN
3151-523BA30,10,10,CAFIN
3151-523CA30,10,10,CAFIN
3151-523DA28,10,10,CAFIN
3151-523DA30,10,10,CAFIN
3151-523EA28,10,10,CAFIN
3151-523EA30,10,10,CAFIN
3151-523FA28,10,10,CAFIN
3151-523FA30,10,10,CAFIN
3151-524AA30,10,10,CAFIN
3151-524BA30,10,10,CAFIN
3151-524CA28,10,10,CAFIN
3151-524CA30,10,10,CAFIN
3151-525AA30,10,10,CAFIN
3151-525BA30,10,10,CAFIN
3151-525CA30,10,10,CAFIN
3151-525DA30,10,10,CAFIN
3151-525EA28,10,10,CAFIN
3151-525EA30,10,10,CAFIN
3151-525FA28,10,10,CAFIN
3151-525FA30,10,10,CAFIN
3151-525GA30,10,10,CAFIN
3151-527CA30,10,10,CAFIN
3151-527FA30,10,10,CAFIN
3151-591BA30,10,10,CAFIN
3151-611AA30,10,10,CAFIN
3151-611BA30,10,10,CAFIN
3151-612AA30,10,10,CAFIN
3151-612BA30,10,10,CAFIN
3151-621AA28,10,10,CAFIN
3151-621AA30,10,10,CAFIN
3151-621AA34,10,10,CAFIN
3151-621AA38,10,10,CAFIN
3151-621BA28,10,10,CAFIN
3151-621BA30,10,10,CAFIN
3151-621BA34,10,10,CAFIN
3151-621BA38,10,10,CAFIN
3151-622AA28,10,10,CAFIN
3151-622AA30,10,10,CAFIN
3151-622AA34,10,10,CAFIN
3151-622AA38,10,10,CAFIN
3151-622AB30,10,10,CAFIN
3151-622AB34,10,10,CAFIN
3152-511AA30,10,10,CAFIN
3152-511BA30,10,10,CAFIN
3152-611AA30,10,10,CAFIN
3152-611BA30,10,10,CAFIN
3153-511AA26,10,10,CAFIN
3153-511AA28,10,10,CAFIN
3153-511AA30,10,10,CAFIN
3153-511AA32,10,10,CAFIN
3153-511AA34,10,10,CAFIN
3153-511AA36,10,10,CAFIN
3153-511AA38,10,10,CAFIN
3153-511AA40,10,10,CAFIN
3153-511AA42,10,10,CAFIN
3153-512AA26,10,10,CAFIN
3153-512AA28,10,10,CAFIN
3153-512AA30,10,10,CAFIN
3153-512AA32,10,10,CAFIN
3153-512AA34,10,10,CAFIN
3153-512AA36,10,10,CAFIN
3153-512AA38,10,10,CAFIN
3153-512AA40,10,10,CAFIN
3153-512AA42,10,10,CAFIN
3153-512BA26,10,10,CAFIN
3153-512BA28,10,10,CAFIN
3153-512BA30,10,10,CAFIN
3153-512BA32,10,10,CAFIN
3153-512BA34,10,10,CAFIN
3153-512BA36,10,10,CAFIN
3153-512BA38,10,10,CAFIN
3153-512BA40,10,10,CAFIN
3153-512BA42,10,10,CAFIN
3153-513AA26,10,10,CAFIN
3153-513AA28,10,10,CAFIN
3153-513AA30,10,10,CAFIN
3153-513AA32,10,10,CAFIN
3153-513AA34,10,10,CAFIN
3153-513AA36,10,10,CAFIN
3153-513AA38,10,10,CAFIN
3153-513AA40,10,10,CAFIN
3153-513AA42,10,10,CAFIN
3153-513BA26,10,10,CAFIN
3153-513BA28,10,10,CAFIN
3153-513BA30,10,10,CAFIN
3153-513BA32,10,10,CAFIN
3153-513BA34,10,10,CAFIN
3153-513BA36,10,10,CAFIN
3153-513BA38,10,10,CAFIN
3153-513BA40,10,10,CAFIN
3153-513BA42,10,10,CAFIN
3153-513CA26,10,10,CAFIN
3153-513CA28,10,10,CAFIN
3153-513CA30,10,10,CAFIN
3153-513CA32,10,10,CAFIN
3153-513CA34,10,10,CAFIN
3153-513CA36,10,10,CAFIN
3153-513CA38,10,10,CAFIN
3153-513CA40,10,10,CAFIN
3153-513CA42,10,10,CAFIN
3153-514AA26,10,10,CAFIN
3153-514AA28,10,10,CAFIN
3153-514AA30,10,10,CAFIN
3153-514AA32,10,10,CAFIN
3153-514AA34,10,10,CAFIN
3153-514AA36,10,10,CAFIN
3153-514AA38,10,10,CAFIN
3153-514AA40,10,10,CAFIN
3153-514AA42,10,10,CAFIN
3153-514BA26,10,10,CAFIN
3153-514BA28,10,10,CAFIN
3153-514BA30,10,10,CAFIN
3153-514BA32,10,10,CAFIN
3153-514BA34,10,10,CAFIN
3153-514BA36,10,10,CAFIN
3153-514BA38,10,10,CAFIN
3153-514BA40,10,10,CAFIN
3153-514BA42,10,10,CAFIN
3153-514CA30,10,10,CAFIN
3153-514DA30,10,10,CAFIN
3153-515AA26,10,10,CAFIN
3153-515AA28,10,10,CAFIN
3153-515AA30,10,10,CAFIN
3153-515AA32,10,10,CAFIN
3153-515AA34,10,10,CAFIN
3153-515AA36,10,10,CAFIN
3153-515AA38,10,10,CAFIN
3153-515AA40,10,10,CAFIN
3153-515AA42,10,10,CAFIN
3153-515BA26,10,10,CAFIN
3153-515BA28,10,10,CAFIN
3153-515BA30,10,10,CAFIN
3153-515BA32,10,10,CAFIN
3153-515BA34,10,10,CAFIN
3153-515BA36,10,10,CAFIN
3153-515BA38,10,10,CAFIN
3153-515BA40,10,10,CAFIN
3153-515BA42,10,10,CAFIN
3153-515CA30,10,10,CAFIN
3153-515DA30,10,10,CAFIN
3153-516AA26,10,10,CAFIN
3153-516AA30,10,10,CAFIN
3153-516AA34,10,10,CAFIN
3153-516AA36,10,10,CAFIN
3153-523AA30,10,10,CAFIN
3153-523BA30,10,10,CAFIN
3153-523CA30,10,10,CAFIN
3153-531AA30,10,10,CAFIN
3153-541AA26,10,10,CAFIN
3153-541AA28,10,10,CAFIN
3153-541AA30,10,10,CAFIN
3153-541AA32,10,10,CAFIN
3153-541AA34,10,10,CAFIN
3153-541AA36,10,10,CAFIN
3153-541AA38,10,10,CAFIN
3153-541AA40,10,10,CAFIN
3153-541AA42,10,10,CAFIN
3153-541BA26,10,10,CAFIN
3153-541BA30,10,10,CAFIN
3153-541BA42,10,10,CAFIN
3153-541BB26,10,10,CAFIN
3153-541BB30,10,10,CAFIN
3153-542AA26,10,10,CAFIN
3153-542AA28,10,10,CAFIN
3153-542AA30,10,10,CAFIN
3153-542AA32,10,10,CAFIN
3153-542AA34,10,10,CAFIN
3153-542AA36,10,10,CAFIN
3153-542AA38,10,10,CAFIN
3153-542AA40,10,10,CAFIN
3153-542BA26,10,10,CAFIN
3153-542BA28,10,10,CAFIN
3153-542BA30,10,10,CAFIN
3153-542BA32,10,10,CAFIN
3153-542BA34,10,10,CAFIN
3153-542BA36,10,10,CAFIN
3153-542BA38,10,10,CAFIN
3153-542BA40,10,10,CAFIN
3153-542CA26,10,10,CAFIN
3153-542CA30,10,10,CAFIN
3153-542CB26,10,10,CAFIN
3153-542CB30,10,10,CAFIN
3153-542DA30,10,10,CAFIN
3153-542DB30,10,10,CAFIN
3153-543AA26,10,10,CAFIN
3153-543AA28,10,10,CAFIN
3153-543AA30,10,10,CAFIN
3153-543AA32,10,10,CAFIN
3153-543AA34,10,10,CAFIN
3153-543BA26,10,10,CAFIN
3153-543BA28,10,10,CAFIN
3153-543BA30,10,10,CAFIN
3153-543BA32,10,10,CAFIN
3153-543BA34,10,10,CAFIN
3153-543CA30,10,10,CAFIN
3153-543CB30,10,10,CAFIN
3153-544AA30,10,10,CAFIN
3153-544AA34,10,10,CAFIN
3153-544BA30,10,10,CAFIN
3153-544BA34,10,10,CAFIN
3153-551AA30,10,10,CAFIN
3153-551AA32,10,10,CAFIN
3153-551AA34,10,10,CAFIN
3153-552AA30,10,10,CAFIN
3153-552AA34,10,10,CAFIN
3153-552BA30,10,10,CAFIN
3153-552BA34,10,10,CAFIN
3153-553AA30,10,10,CAFIN
3153-553AA32,10,10,CAFIN
3153-553AA34,10,10,CAFIN
3153-554AA30,10,10,CAFIN
3153-554BA30,10,10,CAFIN
3153-555AA30,10,10,CAFIN
3153-561AA26,10,10,CAFIN
3153-561AA28,10,10,CAFIN
3153-561AA30,10,10,CAFIN
3153-561AA32,10,10,CAFIN
3153-561AA34,10,10,CAFIN
3153-561AA36,10,10,CAFIN
3153-561AA38,10,10,CAFIN
3153-561AA40,10,10,CAFIN
3153-562AA26,10,10,CAFIN
3153-562AA30,10,10,CAFIN
3153-562AA34,10,10,CAFIN
3153-562AA36,10,10,CAFIN
3153-562AA38,10,10,CAFIN
3153-562AA40,10,10,CAFIN
3153-562BA26,10,10,CAFIN
3153-562BA30,10,10,CAFIN
3153-562BA34,10,10,CAFIN
3153-562BA36,10,10,CAFIN
3153-562BA38,10,10,CAFIN
3153-562BA40,10,10,CAFIN
3153-582AA30,10,10,CAFIN
3153-582BA30,10,10,CAFIN
3153-591AA26,10,10,CAFIN
3153-591AA28,10,10,CAFIN
3153-591AA30,10,10,CAFIN
3153-591AA32,10,10,CAFIN
3153-591AA34,10,10,CAFIN
3153-591AA36,10,10,CAFIN
3153-591AA38,10,10,CAFIN
3153-591AA40,10,10,CAFIN
3153-611AA26,10,10,CAFIN
3153-611AA28,10,10,CAFIN
3153-611AA30,10,10,CAFIN
3153-611AA32,10,10,CAFIN
3153-611AA34,10,10,CAFIN
3153-611AA36,10,10,CAFIN
3153-611AA38,10,10,CAFIN
3153-611AA40,10,10,CAFIN
3153-611AA42,10,10,CAFIN
3153-611BA32,10,10,CAFIN
3153-611CA30,10,10,CAFIN
3153-611CA34,10,10,CAFIN
3153-612AA26,10,10,CAFIN
3153-612AA28,10,10,CAFIN
3153-612AA30,10,10,CAFIN
3153-612AA32,10,10,CAFIN
3153-612AA34,10,10,CAFIN
3153-612AA36,10,10,CAFIN
3153-612AA38,10,10,CAFIN
3153-612AA40,10,10,CAFIN
3153-612AA42,10,10,CAFIN
3153-612BA26,10,10,CAFIN
3153-612BA28,10,10,CAFIN
3153-612BA30,10,10,CAFIN
3153-612BA32,10,10,CAFIN
3153-612BA34,10,10,CAFIN
3153-612BA36,10,10,CAFIN
3153-612BA38,10,10,CAFIN
3153-612BA40,10,10,CAFIN
3153-612BA42,10,10,CAFIN
3153-612CA32,10,10,CAFIN
3153-612DA32,10,10,CAFIN
3153-691AB,10,10,CAFIN
3154-511AA12,10,10,CAFIN
3154-511AA15,10,10,CAFIN
3154-511AA18,10,10,CAFIN
3154-511AA22,10,10,CAFIN
3154-511AA30,10,10,CAFIN
3154-511AB18,10,10,CAFIN
3154-511AB22,10,10,CAFIN
3154-511AB30,10,10,CAFIN
3154-511AC18,10,10,CAFIN
3154-511AC22,10,10,CAFIN
3154-521AA12,10,10,CAFIN
3154-521AA15,10,10,CAFIN
3154-521AA18,10,10,CAFIN
3154-521AA22,10,10,CAFIN
3154-521AA30,10,10,CAFIN
3154-521AB18,10,10,CAFIN
3154-521AB22,10,10,CAFIN
3154-521AC22,10,10,CAFIN
3154-522AA12,10,10,CAFIN
3154-522AA15,10,10,CAFIN
3154-522AA18,10,10,CAFIN
3154-522AA22,10,10,CAFIN
3154-522AA30,10,10,CAFIN
3154-522AB18,10,10,CAFIN
3154-522AB22,10,10,CAFIN
3154-522AC22,10,10,CAFIN
3154-523AA12,10,10,CAFIN
3154-523AA15,10,10,CAFIN
3154-523AA18,10,10,CAFIN
3154-523AA22,10,10,CAFIN
3154-523AA30,10,10,CAFIN
3154-523AB18,10,10,CAFIN
3154-523AB22,10,10,CAFIN
3154-523AC22,10,10,CAFIN
3154-591AA,10,10,CAFIN
3154-591AB,10,10,CAFIN
3154-611AA12,10,10,CAFIN
3154-611AA13,10,10,CAFIN
3154-611AA14,10,10,CAFIN
3154-611AA15,10,10,CAFIN
3154-611AA16,10,10,CAFIN
3154-611AA17,10,10,CAFIN
3154-611AA18,10,10,CAFIN
3154-611AA19,10,10,CAFIN
3154-611AA20,10,10,CAFIN
3154-611AA21,10,10,CAFIN
3154-611AA22,10,10,CAFIN
3154-611AA23,10,10,CAFIN
3154-611AA24,10,10,CAFIN
3154-611AA25,10,10,CAFIN
3154-611AA26,10,10,CAFIN
3154-611AA30,10,10,CAFIN
3154-611AA32,10,10,CAFIN
3154-611AB22,10,10,CAFIN
3154-611AB24,10,10,CAFIN
3154-611AB30,10,10,CAFIN
3154-611AC22,10,10,CAFIN
3154-611BA12,10,10,CAFIN
3154-611BA13,10,10,CAFIN
3154-611BA14,10,10,CAFIN
3154-611BA15,10,10,CAFIN
3154-611BA16,10,10,CAFIN
3154-611BA17,10,10,CAFIN
3154-611BA18,10,10,CAFIN
3154-611BA19,10,10,CAFIN
3154-611BA20,10,10,CAFIN
3154-611BA21,10,10,CAFIN
3154-611BA22,10,10,CAFIN
3154-611BA23,10,10,CAFIN
3154-611BA24,10,10,CAFIN
3154-611BA25,10,10,CAFIN
3154-611BA26,10,10,CAFIN
3154-611BA30,10,10,CAFIN
3154-611BA32,10,10,CAFIN
3154-611BB22,10,10,CAFIN
3154-611BB24,10,10,CAFIN
3154-611BB30,10,10,CAFIN
3154-611BC22,10,10,CAFIN
3154-611ZA22,10,10,CAFIN
3154-691AA14,10,10,CAFIN
3154-691AA17,10,10,CAFIN
3154-691AA21,10,10,CAFIN
3154-691AA24,10,10,CAFIN
3154-691AA26,10,10,CAFIN
3154-691AA30,10,10,CAFIN
3154-691AB21,10,10,CAFIN
3154-691AB24,10,10,CAFIN
3154-691AC24,10,10,CAFIN
3155-513AA30,10,10,CAFIN
3155-519AA30,10,10,CAFIN
3155-521AA30,10,10,CAFIN
3155-572AA30,10,10,CAFIN
3157-511AA26,10,10,CAFIN
3157-511AA34,10,10,CAFIN
3157-511BA34,10,10,CAFIN
3157-512AA26,10,10,CAFIN
3157-512AA30,10,10,CAFIN
3157-512AA34,10,10,CAFIN
3157-512AB34,10,10,CAFIN
3157-513AA26,10,10,CAFIN
3157-513AA30,10,10,CAFIN
3157-513AA34,10,10,CAFIN
3157-514AA26,10,10,CAFIN
3157-514AA30,10,10,CAFIN
3157-514AA34,10,10,CAFIN
3157-515AA26,10,10,CAFIN
3157-515AA30,10,10,CAFIN
3157-515AA34,10,10,CAFIN
3157-515AB34,10,10,CAFIN
3157-611AA26,10,10,CAFIN
3157-611AA34,10,10,CAFIN
3157-611AB34,10,10,CAFIN
3157-612AA26,10,10,CAFIN
3157-612AA34,10,10,CAFIN
3157-612AB34,10,10,CAFIN
3158-611AA13,10,10,CAFIN
3158-611AA18,10,10,CAFIN
3158-611AA26,10,10,CAFIN
3158-611BA13,10,10,CAFIN
3158-611BA18,10,10,CAFIN
3158-611BA26,10,10,CAFIN
3159-504AA02,10,10,CAFIN
3159-504AA03,10,10,CAFIN
3159-504AA04,10,10,CAFIN
3159-506AA02,10,10,CAFIN
3159-506AA03,10,10,CAFIN
3159-506AA04,10,10,CAFIN
3159-511AA02,10,10,CAFIN
3159-511AA03,10,10,CAFIN
3159-511AA04,10,10,CAFIN
3159-511BA04,10,10,CAFIN
3159-512AA02,10,10,CAFIN
3159-512AA03,10,10,CAFIN
3159-512AA04,10,10,CAFIN
3159-512BA04,10,10,CAFIN
3162-511AA30,10,10,CAFIN
3162-512AA30,10,10,CAFIN
3162-513AA30,10,10,CAFIN
3162-514AA30,10,10,CAFIN
3162-591AA30,10,10,CAFIN
3162-611AA30,10,10,CAFIN
3162-611BA30,10,10,CAFIN
3162-612AA30,10,10,CAFIN
3162-612BA30,10,10,CAFIN
3163-511AA34,10,10,CAFIN
3163-511BA34,10,10,CAFIN
3164-511AA26,10,10,CAFIN
3164-511AA28,10,10,CAFIN
3164-511AA30,10,10,CAFIN
3164-511AA32,10,10,CAFIN
3164-511AA34,10,10,CAFIN
3164-511AA36,10,10,CAFIN
3164-511AA38,10,10,CAFIN
3164-511AA40,10,10,CAFIN
3164-511AA42,10,10,CAFIN
3164-511AB30,10,10,CAFIN
3164-511ZA30,10,10,CAFIN
3164-511ZA34,10,10,CAFIN
3164-512AA26,10,10,CAFIN
3164-512AA28,10,10,CAFIN
3164-512AA30,10,10,CAFIN
3164-512AA32,10,10,CAFIN
3164-512AA34,10,10,CAFIN
3164-512AA36,10,10,CAFIN
3164-512AA38,10,10,CAFIN
3164-512AA40,10,10,CAFIN
3164-512AA42,10,10,CAFIN
3164-512AB30,10,10,CAFIN
3164-513AA26,10,10,CAFIN
3164-513AA28,10,10,CAFIN
3164-513AA30,10,10,CAFIN
3164-513AA32,10,10,CAFIN
3164-513AA34,10,10,CAFIN
3164-513AA36,10,10,CAFIN
3164-513AA38,10,10,CAFIN
3164-513AA40,10,10,CAFIN
3164-513AA42,10,10,CAFIN
3164-513AB30,10,10,CAFIN
3164-514AA26,10,10,CAFIN
3164-514AA28,10,10,CAFIN
3164-514AA30,10,10,CAFIN
3164-514AA32,10,10,CAFIN
3164-514AA34,10,10,CAFIN
3164-514AA36,10,10,CAFIN
3164-514AA38,10,10,CAFIN
3164-514AA40,10,10,CAFIN
3164-514AA42,10,10,CAFIN
3164-514AB30,10,10,CAFIN
3164-515AA26,10,10,CAFIN
3164-515AA28,10,10,CAFIN
3164-515AA30,10,10,CAFIN
3164-515AA32,10,10,CAFIN
3164-515AA34,10,10,CAFIN
3164-515AA36,10,10,CAFIN
3164-515AA38,10,10,CAFIN
3164-515AA40,10,10,CAFIN
3164-515AA42,10,10,CAFIN
3164-515AB30,10,10,CAFIN
3164-515BA26,10,10,CAFIN
3164-515BA28,10,10,CAFIN
3164-515BA30,10,10,CAFIN
3164-515BA32,10,10,CAFIN
3164-515BA34,10,10,CAFIN
3164-515BA36,10,10,CAFIN
3164-515BA38,10,10,CAFIN
3164-515BA40,10,10,CAFIN
3164-515BA42,10,10,CAFIN
3164-515BB30,10,10,CAFIN
3164-516AA32,10,10,CAFIN
3164-521AA30,10,10,CAFIN
3164-521AA32,10,10,CAFIN
3164-521AA34,10,10,CAFIN
3164-522AA30,10,10,CAFIN
3164-522AA32,10,10,CAFIN
3164-522AA34,10,10,CAFIN
3164-523AA30,10,10,CAFIN
3164-523AA32,10,10,CAFIN
3164-523AA34,10,10,CAFIN
3164-531AA30,10,10,CAFIN
3164-531AA38,10,10,CAFIN
3164-532AA30,10,10,CAFIN
3164-532AA38,10,10,CAFIN
3164-532BA30,10,10,CAFIN
3164-532BA38,10,10,CAFIN
3164-533AA30,10,10,CAFIN
3164-533AA38,10,10,CAFIN
3164-534AA30,10,10,CAFIN
3164-534AA38,10,10,CAFIN
3164-534BA30,10,10,CAFIN
3164-534BA38,10,10,CAFIN
3164-535AA30,10,10,CAFIN
3164-535AA38,10,10,CAFIN
3164-535BA30,10,10,CAFIN
3164-535BA38,10,10,CAFIN
3164-536AA30,10,10,CAFIN
3164-591AA26,10,10,CAFIN
3164-591AA30,10,10,CAFIN
3164-591AA32,10,10,CAFIN
3164-591AA38,10,10,CAFIN
3164-611AA26,10,10,CAFIN
3164-611AA28,10,10,CAFIN
3164-611AA30,10,10,CAFIN
3164-611AA32,10,10,CAFIN
3164-611AA34,10,10,CAFIN
3164-611AA36,10,10,CAFIN
3164-611AA38,10,10,CAFIN
3164-611AA40,10,10,CAFIN
3164-611AA42,10,10,CAFIN
3164-611BA30,10,10,CAFIN
3164-611BA38,10,10,CAFIN
3164-612AA30,10,10,CAFIN
3164-612AA34,10,10,CAFIN
3164-612BA30,10,10,CAFIN
3164-612BA34,10,10,CAFIN
3164-612CA30,10,10,CAFIN
3164-612CA38,10,10,CAFIN
3164-612DA30,10,10,CAFIN
3164-612DA38,10,10,CAFIN
3166-511AA12,10,10,CAFIN
3166-511AA15,10,10,CAFIN
3166-511AA18,10,10,CAFIN
3166-511AA22,10,10,CAFIN
3166-521AA12,10,10,CAFIN
3166-521AA15,10,10,CAFIN
3166-521AA18,10,10,CAFIN
3166-521AA22,10,10,CAFIN
3166-521AB18,10,10,CAFIN
3166-522AA12,10,10,CAFIN
3166-522AA15,10,10,CAFIN
3166-522AA18,10,10,CAFIN
3166-522AA22,10,10,CAFIN
3166-523AA12,10,10,CAFIN
3166-523AA15,10,10,CAFIN
3166-523AA18,10,10,CAFIN
3166-523AA22,10,10,CAFIN
3166-591AA,10,10,CAFIN
3166-611AA12,10,10,CAFIN
3166-611AA14,10,10,CAFIN
3166-611AA15,10,10,CAFIN
3166-611AA16,10,10,CAFIN
3166-611AA17,10,10,CAFIN
3166-611AA18,10,10,CAFIN
3166-611AA19,10,10,CAFIN
3166-611AA20,10,10,CAFIN
3166-611AA21,10,10,CAFIN
3166-611AA22,10,10,CAFIN
3166-611AA23,10,10,CAFIN
3166-611AA24,10,10,CAFIN
3166-611BA12,10,10,CAFIN
3166-611BA14,10,10,CAFIN
3166-611BA15,10,10,CAFIN
3166-611BA16,10,10,CAFIN
3166-611BA17,10,10,CAFIN
3166-611BA18,10,10,CAFIN
3166-611BA19,10,10,CAFIN
3166-611BA20,10,10,CAFIN
3166-611BA21,10,10,CAFIN
3166-611BA22,10,10,CAFIN
3166-611BA23,10,10,CAFIN
3166-611BA24,10,10,CAFIN
3166-691AA14,10,10,CAFIN
3166-691AA17,10,10,CAFIN
3166-691AA21,10,10,CAFIN
3166-691AA26,10,10,CAFIN
3167-511AA34,10,10,CAFIN
3167-511AB34,10,10,CAFIN
3167-512AA34,10,10,CAFIN
3167-512AB34,10,10,CAFIN
3167-513AA34,10,10,CAFIN
3167-514AA34,10,10,CAFIN
3167-515AA30,10,10,CAFIN
3167-515AA34,10,10,CAFIN
3167-515AB30,10,10,CAFIN
3167-515BA30,10,10,CAFIN
3167-515BA34,10,10,CAFIN
3167-515BB30,10,10,CAFIN
3167-521AA34,10,10,CAFIN
3167-522AA34,10,10,CAFIN
3167-523AA34,10,10,CAFIN
3167-525AA30,10,10,CAFIN
3167-525AA34,10,10,CAFIN
3167-591AA34,10,10,CAFIN
3167-611AA34,10,10,CAFIN
3167-611BA34,10,10,CAFIN
3167-612AA34,10,10,CAFIN
3167-612BA34,10,10,CAFIN
3206-531BA17,10,10,CAFIN
3206-531BA30,10,10,CAFIN
3206-531DA30,10,10,CAFIN
3206-531PA17,10,10,CAFIN
3206-535B30,10,10,CAFIN
3206-591AA30,10,10,CAFIN
3206-592AA30,10,10,CAFIN
3206-593AA30,10,10,CAFIN
3206-594AA30,10,10,CAFIN
3207-531DA30,10,10,CAFIN
3207-531EA30,10,10,CAFIN
3207-532EA30,10,10,CAFIN
3207-533AA30,10,10,CAFIN
3207-534EA30,10,10,CAFIN
3207-535AA30,10,10,CAFIN
3209-511AA30,10,10,CAFIN
3209-512AA30,10,10,CAFIN
3209-513AA30,10,10,CAFIN
3209-514AA30,10,10,CAFIN
3209-515AA30,10,10,CAFIN
3209-611AA30,10,10,CAFIN
3209-612AA30,10,10,CAFIN
3209-613AA30,10,10,CAFIN
3212-511AB30,10,10,CAFIN
3212-512AB30,10,10,CAFIN
3213-511AA30,10,10,CAFIN
3213-511AA34,10,10,CAFIN
3213-512AA34,10,10,CAFIN
3213-513AA30,10,10,CAFIN
3213-513AA34,10,10,CAFIN
3213-514AA30,10,10,CAFIN
3213-514AA34,10,10,CAFIN
3213-515AA30,10,10,CAFIN
3213-515AA34,10,10,CAFIN
3213-611AA30,10,10,CAFIN
3213-611AA34,10,10,CAFIN
3213-611BA30,10,10,CAFIN
3213-611BA34,10,10,CAFIN
3213-612AA30,10,10,CAFIN
3213-612AA34,10,10,CAFIN
3213-612BA30,10,10,CAFIN
3213-612BA34,10,10,CAFIN
3213-613AA30,10,10,CAFIN
3213-613AA34,10,10,CAFIN
3220-505AA26,10,10,CAFIN
3220-505AA30,10,10,CAFIN
3220-505AB26,10,10,CAFIN
3220-505AB30,10,10,CAFIN
3220-511AA30,10,10,CAFIN
3220-511BA30,10,10,CAFIN
3220-511CA30,10,10,CAFIN
3220-512AA30,10,10,CAFIN
3220-512AB30,10,10,CAFIN
3220-512AC26,10,10,CAFIN
3220-512AC30,10,10,CAFIN
3220-513AA26,10,10,CAFIN
3220-513AA30,10,10,CAFIN
3220-513AA32,10,10,CAFIN
3220-513AA34,10,10,CAFIN
3220-513BA26,10,10,CAFIN
3220-513BA30,10,10,CAFIN
3220-513BA32,10,10,CAFIN
3220-513BA34,10,10,CAFIN
3220-514AA26,10,10,CAFIN
3220-514AA30,10,10,CAFIN
3220-514AA32,10,10,CAFIN
3220-514AA34,10,10,CAFIN
3220-514BA26,10,10,CAFIN
3220-514BA30,10,10,CAFIN
3220-514BA32,10,10,CAFIN
3220-514BA34,10,10,CAFIN
3220-515AA30,10,10,CAFIN
3220-515AB26,10,10,CAFIN
3220-515AB30,10,10,CAFIN
3220-516AA26,10,10,CAFIN
3220-516AA30,10,10,CAFIN
3220-516BA26,10,10,CAFIN
3220-516BA30,10,10,CAFIN
3221-505AA26,10,10,CAFIN
3221-505BA26,10,10,CAFIN
3221-512AA26,10,10,CAFIN
3221-512BA26,10,10,CAFIN
3221-513BA26,10,10,CAFIN
3221-514AA26,10,10,CAFIN
3221-515AA26,10,10,CAFIN
3221-611AA26,10,10,CAFIN
3221-611AA30,10,10,CAFIN
3221-611AA32,10,10,CAFIN
3221-612AA26,10,10,CAFIN
3221-612AA30,10,10,CAFIN
3221-612AA32,10,10,CAFIN
3222-505AA30,10,10,CAFIN
3222-505AA32,10,10,CAFIN
3222-505BA26,10,10,CAFIN
3222-505BA30,10,10,CAFIN
3222-505BA32,10,10,CAFIN
3222-512AA30,10,10,CAFIN
3222-512AA32,10,10,CAFIN
3222-512AA34,10,10,CAFIN
3222-513AA30,10,10,CAFIN
3222-513AA32,10,10,CAFIN
3222-513AA34,10,10,CAFIN
3222-514AA30,10,10,CAFIN
3222-514AA32,10,10,CAFIN
3222-515AA30,10,10,CAFIN
3222-515AA32,10,10,CAFIN
3222-611AA30,10,10,CAFIN
3222-611AA32,10,10,CAFIN
3222-611AA34,10,10,CAFIN
3222-611BA30,10,10,CAFIN
3222-612AA30,10,10,CAFIN
3222-612AA32,10,10,CAFIN
3222-612AA34,10,10,CAFIN
3222-612BA30,10,10,CAFIN
3225-505AA,10,10,CAFIN
3225-511AA,10,10,CAFIN
3225-511BA,10,10,CAFIN
3225-511CA,10,10,CAFIN
3225-511DA,10,10,CAFIN
3225-511EA,10,10,CAFIN
3225-511FA,10,10,CAFIN
3225-511GA,10,10,CAFIN
3225-511HA,10,10,CAFIN
3225-511JA,10,10,CAFIN
3225-512AA30,10,10,CAFIN
3225-512BA30,10,10,CAFIN
3225-512CA30,10,10,CAFIN
3225-512DA26,10,10,CAFIN
3225-512DA30,10,10,CAFIN
3225-512DA32,10,10,CAFIN
3225-512DA36,10,10,CAFIN
3225-513AA30,10,10,CAFIN
3225-513BA26,10,10,CAFIN
3225-513BA30,10,10,CAFIN
3225-513BA32,10,10,CAFIN
3225-513BA36,10,10,CAFIN
3225-514AA26,10,10,CAFIN
3225-514AA30,10,10,CAFIN
3225-514AA32,10,10,CAFIN
3225-514AA36,10,10,CAFIN
3225-515AA30,10,10,CAFIN
3225-515BA26,10,10,CAFIN
3225-515BA30,10,10,CAFIN
3225-515BA32,10,10,CAFIN
3225-515BA36,10,10,CAFIN
3225-516AA30,10,10,CAFIN
3225-541HA,10,10,CAFIN
3225-611AA26,10,10,CAFIN
3225-611AA30,10,10,CAFIN
3225-611AA32,10,10,CAFIN
3225-611AA36,10,10,CAFIN
3225-612AA26,10,10,CAFIN
3225-612AA30,10,10,CAFIN
3225-612AA32,10,10,CAFIN
3225-612AA36,10,10,CAFIN
3226-512AA30,10,10,CAFIN
3226-512BA30,10,10,CAFIN
3226-512CA26,10,10,CAFIN
3226-512CA30,10,10,CAFIN
3226-512CA32,10,10,CAFIN
3226-512CA34,10,10,CAFIN
3226-512CB26,10,10,CAFIN
3226-513AA26,10,10,CAFIN
3226-513AA30,10,10,CAFIN
3226-513AA32,10,10,CAFIN
3226-513AA34,10,10,CAFIN
3226-513AB26,10,10,CAFIN
3226-514AA26,10,10,CAFIN
3226-514AA30,10,10,CAFIN
3226-514AA32,10,10,CAFIN
3226-514AA34,10,10,CAFIN
3226-514AB26,10,10,CAFIN
3226-515AA26,10,10,CAFIN
3226-515AA30,10,10,CAFIN
3226-515AA32,10,10,CAFIN
3226-515AA34,10,10,CAFIN
3226-515AB26,10,10,CAFIN
3226-611AA26,10,10,CAFIN
3226-611AA30,10,10,CAFIN
3226-611AA32,10,10,CAFIN
3226-611AA34,10,10,CAFIN
3226-612AA26,10,10,CAFIN
3226-612AA30,10,10,CAFIN
3226-612AA32,10,10,CAFIN
3226-612AA34,10,10,CAFIN
3228-511AA,10,10,CAFIN
3228-511BA,10,10,CAFIN
3228-512AA30,10,10,CAFIN
3228-512BA30,10,10,CAFIN
3228-512BA34,10,10,CAFIN
3228-512BB26,10,10,CAFIN
3228-512BB30,10,10,CAFIN
3228-512BB32,10,10,CAFIN
3228-512BB34,10,10,CAFIN
3228-513AA26,10,10,CAFIN
3228-513AA30,10,10,CAFIN
3228-513AA32,10,10,CAFIN
3228-513AA34,10,10,CAFIN
3228-514AA26,10,10,CAFIN
3228-515AA30,10,10,CAFIN
3228-515AA34,10,10,CAFIN
3228-515AB26,10,10,CAFIN
3228-515AB30,10,10,CAFIN
3228-515AB32,10,10,CAFIN
3228-515AB34,10,10,CAFIN
3228-541AA,10,10,CAFIN
3228-542AA30,10,10,CAFIN
3228-611AA26,10,10,CAFIN
3228-611AA36,10,10,CAFIN
3228-611AA38,10,10,CAFIN
3228-612AA26,10,10,CAFIN
3228-641AA30,10,10,CAFIN
3228-642AA30,10,10,CAFIN
3229-512AA26,10,10,CAFIN
3229-512AA30,10,10,CAFIN
3229-512AA32,10,10,CAFIN
3229-512AA36,10,10,CAFIN
3229-512AA38,10,10,CAFIN
3229-512AB26,10,10,CAFIN
3229-512AB30,10,10,CAFIN
3229-512AB38,10,10,CAFIN
3229-513AA26,10,10,CAFIN
3229-513AA30,10,10,CAFIN
3229-513AA32,10,10,CAFIN
3229-513AA36,10,10,CAFIN
3229-513AA38,10,10,CAFIN
3229-514AA32,10,10,CAFIN
3229-515AA26,10,10,CAFIN
3229-515AA30,10,10,CAFIN
3229-515AA32,10,10,CAFIN
3229-515AA36,10,10,CAFIN
3229-515AA38,10,10,CAFIN
3229-515AB26,10,10,CAFIN
3229-515AB30,10,10,CAFIN
3229-515AB38,10,10,CAFIN
323-506AA30,10,10,CAFIN
323-507AA30,10,10,CAFIN
323-551AA30,10,10,CAFIN
323-552AA30,10,10,CAFIN
323-553AA30,10,10,CAFIN
323-611AA30,10,10,CAFIN
323-612AA30,10,10,CAFIN
323-651AA30,10,10,CAFIN
323-652AA30,10,10,CAFIN
3230-511AA,10,10,CAFIN
3230-513AA30,10,10,CAFIN
3230-513AA34,10,10,CAFIN
3230-514AA34,10,10,CAFIN
3230-521BA,10,10,CAFIN
3230-611AA30,10,10,CAFIN
3230-611AA32,10,10,CAFIN
3230-611AA34,10,10,CAFIN
3230-612AA30,10,10,CAFIN
3230-612AA32,10,10,CAFIN
3230-612AA34,10,10,CAFIN
3231-511AA,10,10,CAFIN
3231-513AA34,10,10,CAFIN
3231-514AA34,10,10,CAFIN
3231-521AA,10,10,CAFIN
3232-505AA30,10,10,CAFIN
3232-505AB30,10,10,CAFIN
3232-505BA30,10,10,CAFIN
3232-505BB30,10,10,CAFIN
3232-511BA30,10,10,CAFIN
3232-512AA30,10,10,CAFIN
3232-513AA30,10,10,CAFIN
3232-513AB30,10,10,CAFIN
3232-513AC30,10,10,CAFIN
3232-514AA30,10,10,CAFIN
3232-514AB30,10,10,CAFIN
3232-515AA30,10,10,CAFIN
3232-516AA30,10,10,CAFIN
3232-517AA30,10,10,CAFIN
3235-513AA30,10,10,CAFIN
3235-611AA30,10,10,CAFIN
3235-612AA30,10,10,CAFIN
3236-506AA26,10,10,CAFIN
3236-506AA32,10,10,CAFIN
3236-506AA36,10,10,CAFIN
3236-506BA26,10,10,CAFIN
3236-506BA32,10,10,CAFIN
3236-506BA36,10,10,CAFIN
3236-512AA30,10,10,CAFIN
3236-512AB26,10,10,CAFIN
3236-512AB30,10,10,CAFIN
3236-512AB32,10,10,CAFIN
3236-512AB34,10,10,CAFIN
3236-512AB36,10,10,CAFIN
3236-513AA30,10,10,CAFIN
3236-513AB26,10,10,CAFIN
3236-513AB30,10,10,CAFIN
3236-513AB32,10,10,CAFIN
3236-513AB34,10,10,CAFIN
3236-513AB36,10,10,CAFIN
3236-514AA26,10,10,CAFIN
3236-514AA30,10,10,CAFIN
3236-514AA32,10,10,CAFIN
3236-514AA34,10,10,CAFIN
3236-514AA36,10,10,CAFIN
3236-515AA26,10,10,CAFIN
3236-515AA30,10,10,CAFIN
3236-515AA32,10,10,CAFIN
3236-515AA34,10,10,CAFIN
3236-515AA36,10,10,CAFIN
3236-541AA30,10,10,CAFIN
3236-543AA30,10,10,CAFIN
3236-543AB30,10,10,CAFIN
3236-544AA30,10,10,CAFIN
3236-611AA26,10,10,CAFIN
3236-611AA30,10,10,CAFIN
3236-611AA32,10,10,CAFIN
3236-611AA34,10,10,CAFIN
3236-611AA36,10,10,CAFIN
3236-611AB30,10,10,CAFIN
3236-611AB34,10,10,CAFIN
3236-611LA26,10,10,CAFIN
3236-611LA30,10,10,CAFIN
3236-611LA32,10,10,CAFIN
3236-611LA34,10,10,CAFIN
3236-611LA36,10,10,CAFIN
3236-612AA26,10,10,CAFIN
3236-612AA30,10,10,CAFIN
3236-612AA32,10,10,CAFIN
3236-612AA34,10,10,CAFIN
3236-612AA36,10,10,CAFIN
3236-612AB30,10,10,CAFIN
3236-612AB34,10,10,CAFIN
3236-641AA30,10,10,CAFIN
3236-642AA30,10,10,CAFIN
3236-642AB30,10,10,CAFIN
3236-642LA30,10,10,CAFIN
3236-642LB30,10,10,CAFIN
3237-511BA,10,10,CAFIN
3237-512AA26,10,10,CAFIN
3237-512AA30,10,10,CAFIN
3237-512AA34,10,10,CAFIN
3237-512AB34,10,10,CAFIN
3237-513AA26,10,10,CAFIN
3237-513AA30,10,10,CAFIN
3237-513AA34,10,10,CAFIN
3237-513AB34,10,10,CAFIN
3237-514AA26,10,10,CAFIN
3237-514AA30,10,10,CAFIN
3237-514AA34,10,10,CAFIN
3237-514AB34,10,10,CAFIN
3237-515AA26,10,10,CAFIN
3237-515AA30,10,10,CAFIN
3237-515AA34,10,10,CAFIN
3237-611AA26,10,10,CAFIN
3237-611AA34,10,10,CAFIN
3237-611AB34,10,10,CAFIN
3237-611LA26,10,10,CAFIN
3237-611LA34,10,10,CAFIN
3237-611LB34,10,10,CAFIN
3237-612AA26,10,10,CAFIN
3237-612AA34,10,10,CAFIN
3237-612AB34,10,10,CAFIN
3238-511AA,10,10,CAFIN
3238-511BA,10,10,CAFIN
3238-511BA23,10,10,CAFIN
3238-511CA,10,10,CAFIN
3238-512AA26,10,10,CAFIN
3238-512AA30,10,10,CAFIN
3238-512AA34,10,10,CAFIN
3238-512AB30,10,10,CAFIN
3238-513AA26,10,10,CAFIN
3238-513AA30,10,10,CAFIN
3238-513AA34,10,10,CAFIN
3238-513AB30,10,10,CAFIN
3238-514AA26,10,10,CAFIN
3238-514AA30,10,10,CAFIN
3238-514AA34,10,10,CAFIN
3238-514AB26,10,10,CAFIN
3238-514AB30,10,10,CAFIN
3238-514AB34,10,10,CAFIN
3238-515AA26,10,10,CAFIN
3238-515AA30,10,10,CAFIN
3238-515AA34,10,10,CAFIN
3238-521AA,10,10,CAFIN
3238-521AA23,10,10,CAFIN
3238-542AA30,10,10,CAFIN
3238-611AA26,10,10,CAFIN
3238-611AA30,10,10,CAFIN
3238-611AA34,10,10,CAFIN
3238-611AB26,10,10,CAFIN
3238-611AB30,10,10,CAFIN
3238-611AB34,10,10,CAFIN
3238-611LA26,10,10,CAFIN
3238-611LA30,10,10,CAFIN
3238-611LA34,10,10,CAFIN
3238-612AA26,10,10,CAFIN
3238-612AA30,10,10,CAFIN
3238-612AA34,10,10,CAFIN
3238-612AB26,10,10,CAFIN
3238-612AB30,10,10,CAFIN
3238-612AB34,10,10,CAFIN
3238-641AA30,10,10,CAFIN
3238-641AB30,10,10,CAFIN
3238-642AA30,10,10,CAFIN
3238-642AB30,10,10,CAFIN
3238-642LA30,10,10,CAFIN
3239-512AA23,10,10,CAFIN
3239-512AA26,10,10,CAFIN
3239-512AA30,10,10,CAFIN
3239-512AA34,10,10,CAFIN
3239-512AA36,10,10,CAFIN
3239-512AA38,10,10,CAFIN
3239-512AB30,10,10,CAFIN
3239-512AB32,10,10,CAFIN
3239-512AB34,10,10,CAFIN
3239-512BA26,10,10,CAFIN
3239-512BA30,10,10,CAFIN
3239-513AA23,10,10,CAFIN
3239-513AA26,10,10,CAFIN
3239-513AA30,10,10,CAFIN
3239-513AA34,10,10,CAFIN
3239-513AA36,10,10,CAFIN
3239-513AA38,10,10,CAFIN
3239-513AB30,10,10,CAFIN
3239-513AB32,10,10,CAFIN
3239-513AB34,10,10,CAFIN
3239-514AA23,10,10,CAFIN
3239-514AA26,10,10,CAFIN
3239-514AA30,10,10,CAFIN
3239-514AA34,10,10,CAFIN
3239-514AA36,10,10,CAFIN
3239-514AA38,10,10,CAFIN
3239-514AB26,10,10,CAFIN
3239-514AB30,10,10,CAFIN
3239-514AB32,10,10,CAFIN
3239-514AB34,10,10,CAFIN
3239-514AB36,10,10,CAFIN
3239-514AB38,10,10,CAFIN
3239-514AC30,10,10,CAFIN
3239-514AC32,10,10,CAFIN
3239-514AC34,10,10,CAFIN
3239-514BA23,10,10,CAFIN
3239-515AA23,10,10,CAFIN
3239-515AA26,10,10,CAFIN
3239-515AA30,10,10,CAFIN
3239-515AA32,10,10,CAFIN
3239-515AA34,10,10,CAFIN
3239-515AA36,10,10,CAFIN
3239-515AA38,10,10,CAFIN
3239-515AB30,10,10,CAFIN
3239-515BA23,10,10,CAFIN
3239-515BA26,10,10,CAFIN
3239-515BA30,10,10,CAFIN
3239-515BB30,10,10,CAFIN
3239-541AA,10,10,CAFIN
3239-541AA23,10,10,CAFIN
3239-542AA23,10,10,CAFIN
3239-542AA26,10,10,CAFIN
3239-542AA30,10,10,CAFIN
3239-542AB30,10,10,CAFIN
3239-571AA,10,10,CAFIN
3239-571BA,10,10,CAFIN
3239-572AA26,10,10,CAFIN
3239-575AA26,10,10,CAFIN
3239-611AA23,10,10,CAFIN
3239-611AA26,10,10,CAFIN
3239-611AA32,10,10,CAFIN
3239-611AA34,10,10,CAFIN
3239-611AA36,10,10,CAFIN
3239-611AA38,10,10,CAFIN
3239-611AB23,10,10,CAFIN
3239-611AB32,10,10,CAFIN
3239-611AB34,10,10,CAFIN
3239-611AB36,10,10,CAFIN
3239-611AB38,10,10,CAFIN
3239-611BA26,10,10,CAFIN
3239-611BA34,10,10,CAFIN
3239-611LA32,10,10,CAFIN
3239-611LA34,10,10,CAFIN
3239-611LA36,10,10,CAFIN
3239-612AA23,10,10,CAFIN
3239-612AA26,10,10,CAFIN
3239-612AA32,10,10,CAFIN
3239-612AA34,10,10,CAFIN
3239-612AA36,10,10,CAFIN
3239-612AA38,10,10,CAFIN
3239-612AB23,10,10,CAFIN
3239-612AB32,10,10,CAFIN
3239-612AB34,10,10,CAFIN
3239-612AB36,10,10,CAFIN
3239-612AB38,10,10,CAFIN
3239-641AA23,10,10,CAFIN
3239-641AA26,10,10,CAFIN
3239-641AA34,10,10,CAFIN
3239-641AB34,10,10,CAFIN
3239-642AA23,10,10,CAFIN
3239-642AA26,10,10,CAFIN
3239-642AA34,10,10,CAFIN
3239-642AB34,10,10,CAFIN
3239-642LA34,10,10,CAFIN
3240-512AA26,10,10,CAFIN
3240-512AA28,10,10,CAFIN
3240-512AA30,10,10,CAFIN
3240-512AA34,10,10,CAFIN
3240-513AA26,10,10,CAFIN
3240-513AA28,10,10,CAFIN
3240-513AA30,10,10,CAFIN
3240-513AA34,10,10,CAFIN
3240-514AA30,10,10,CAFIN
3240-514AB26,10,10,CAFIN
3240-514AB28,10,10,CAFIN
3240-514AB30,10,10,CAFIN
3240-514AB34,10,10,CAFIN
3240-515AA26,10,10,CAFIN
3240-515AA28,10,10,CAFIN
3240-515AA30,10,10,CAFIN
3240-515AA34,10,10,CAFIN
3240-611AA26,10,10,CAFIN
3240-611AA28,10,10,CAFIN
3240-611AB26,10,10,CAFIN
3240-611AB28,10,10,CAFIN
3240-611LA26,10,10,CAFIN
3240-611LA28,10,10,CAFIN
3240-612AA26,10,10,CAFIN
3240-612AA28,10,10,CAFIN
3240-612AB26,10,10,CAFIN
3240-612AB28,10,10,CAFIN
3241-512AA30,10,10,CAFIN
3241-512AA34,10,10,CAFIN
3241-513AA30,10,10,CAFIN
3241-513AA34,10,10,CAFIN
3241-514AA30,10,10,CAFIN
3241-514AA34,10,10,CAFIN
3241-515AA30,10,10,CAFIN
3241-515AA34,10,10,CAFIN
3241-611AA30,10,10,CAFIN
3241-611AA34,10,10,CAFIN
3241-611AB30,10,10,CAFIN
3241-611AB34,10,10,CAFIN
3241-611LA30,10,10,CAFIN
3241-611LA34,10,10,CAFIN
3241-612AA30,10,10,CAFIN
3241-612AA34,10,10,CAFIN
3241-612AB30,10,10,CAFIN
3241-612AB34,10,10,CAFIN
3242-511AA30,10,10,CAFIN
3242-512AA30,10,10,CAFIN
3242-512BA30,10,10,CAFIN
3242-513AA30,10,10,CAFIN
3242-513BA30,10,10,CAFIN
3242-514AA30,10,10,CAFIN
3242-514AB30,10,10,CAFIN
3242-515AA30,10,10,CAFIN
3242-515AB30,10,10,CAFIN
3242-516AA30,10,10,CAFIN
3242-517AA30,10,10,CAFIN
3242-518AA30,10,10,CAFIN
3242-519AA30,10,10,CAFIN
3242-521AB30,10,10,CAFIN
3242-522AB30,10,10,CAFIN
3242-528AA30,10,10,CAFIN
3242-529AA30,10,10,CAFIN
3242-531AA26,10,10,CAFIN
3242-531AA30,10,10,CAFIN
3242-531AA32,10,10,CAFIN
3242-531AA34,10,10,CAFIN
3242-531AA36,10,10,CAFIN
3242-531BA30,10,10,CAFIN
3242-532AA26,10,10,CAFIN
3242-532AA30,10,10,CAFIN
3242-532AA32,10,10,CAFIN
3242-532AA34,10,10,CAFIN
3242-532AA36,10,10,CAFIN
3242-532BA26,10,10,CAFIN
3242-532BA30,10,10,CAFIN
3242-532BA32,10,10,CAFIN
3242-532BA34,10,10,CAFIN
3242-532BA36,10,10,CAFIN
3242-533AA26,10,10,CAFIN
3242-533AA30,10,10,CAFIN
3242-533AA32,10,10,CAFIN
3242-533AA34,10,10,CAFIN
3242-533AA36,10,10,CAFIN
3242-534AA26,10,10,CAFIN
3242-534AA30,10,10,CAFIN
3242-534AA32,10,10,CAFIN
3242-534AA34,10,10,CAFIN
3242-534AA36,10,10,CAFIN
3242-535AA26,10,10,CAFIN
3242-535AA30,10,10,CAFIN
3242-535AA32,10,10,CAFIN
3242-535AA34,10,10,CAFIN
3242-535AA36,10,10,CAFIN
3242-536AA26,10,10,CAFIN
3242-536AA30,10,10,CAFIN
3242-536AA32,10,10,CAFIN
3242-536AA34,10,10,CAFIN
3242-536AA36,10,10,CAFIN
3242-541AA30,10,10,CAFIN
3242-542AA30,10,10,CAFIN
3242-591AA30,10,10,CAFIN
3242-593AA26,10,10,CAFIN
3242-611AA26,10,10,CAFIN
3242-611AA30,10,10,CAFIN
3242-611AA32,10,10,CAFIN
3242-611AA34,10,10,CAFIN
3242-611AA36,10,10,CAFIN
3242-611AB30,10,10,CAFIN
3242-611AB32,10,10,CAFIN
3242-611AB34,10,10,CAFIN
3242-611LA30,10,10,CAFIN
3242-612AA26,10,10,CAFIN
3242-612AA30,10,10,CAFIN
3242-612AA32,10,10,CAFIN
3242-612AA34,10,10,CAFIN
3242-612AA36,10,10,CAFIN
3242-612AB30,10,10,CAFIN
3242-612AB32,10,10,CAFIN
3242-612AB34,10,10,CAFIN
3242-612AC30,10,10,CAFIN
3242-612BA26,10,10,CAFIN
3242-612BA30,10,10,CAFIN
3242-612BA32,10,10,CAFIN
3242-612BA34,10,10,CAFIN
3242-612BA36,10,10,CAFIN
3242-612BB30,10,10,CAFIN
3242-612BB32,10,10,CAFIN
3242-612BB34,10,10,CAFIN
3242-612BC30,10,10,CAFIN
3242-621AA30,10,10,CAFIN
3242-621AB30,10,10,CAFIN
3242-621LA30,10,10,CAFIN
3242-622AA30,10,10,CAFIN
3242-622AB30,10,10,CAFIN
3242-622LA30,10,10,CAFIN
3246-512AA34,10,10,CAFIN
3246-513AA34,10,10,CAFIN
3246-514AA34,10,10,CAFIN
3246-515AA34,10,10,CAFIN
3246-611AA34,10,10,CAFIN
3246-611AB34,10,10,CAFIN
3246-612AA34,10,10,CAFIN
3246-612AB34,10,10,CAFIN
3247-512AA30,10,10,CAFIN
3247-512AA34,10,10,CAFIN
3247-513AA30,10,10,CAFIN
3247-513AA34,10,10,CAFIN
3247-514AA30,10,10,CAFIN
3247-514AA34,10,10,CAFIN
3247-515AA30,10,10,CAFIN
3247-515AA34,10,10,CAFIN
3247-611AA30,10,10,CAFIN
3247-611AA34,10,10,CAFIN
3247-612AA30,10,10,CAFIN
3247-612AA34,10,10,CAFIN
326-627AA60,10,10,CAFIN
328-506AA48,10,10,CAFIN
328-506AA60,10,10,CAFIN
328-507AA48,10,10,CAFIN
328-507AA60,10,10,CAFIN
328-511AA60,10,10,CAFIN
328-511BA48,10,10,CAFIN
328-511BA60,10,10,CAFIN
328-512AA48,10,10,CAFIN
328-512AA60,10,10,CAFIN
328-513AA48,10,10,CAFIN
328-513AA60,10,10,CAFIN
328-521AA60,10,10,CAFIN
328-521BA48,10,10,CAFIN
328-521BA60,10,10,CAFIN
328-521MA60,10,10,CAFIN
328-522AA48,10,10,CAFIN
328-522AA60,10,10,CAFIN
328-523AA60,10,10,CAFIN
328-524AA60,10,10,CAFIN
328-524BA48,10,10,CAFIN
328-524BA60,10,10,CAFIN
328-525AA60,10,10,CAFIN
328-525BA60,10,10,CAFIN
328-607AA48,10,10,CAFIN
328-607AA60,10,10,CAFIN
328-607BA48,10,10,CAFIN
328-608AA48,10,10,CAFIN
328-608AA60,10,10,CAFIN
328-608BA48,10,10,CAFIN
328-608BA60,10,10,CAFIN
328-611AA48,10,10,CAFIN
328-611AA60,10,10,CAFIN
328-611BA48,10,10,CAFIN
328-611BA60,10,10,CAFIN
328-612BA48,10,10,CAFIN
328-612BA60,10,10,CAFIN
328-613AA48,10,10,CAFIN
328-613AA60,10,10,CAFIN
328-614AA48,10,10,CAFIN
328-614AA60,10,10,CAFIN
328-615AA48,10,10,CAFIN
328-615AA60,10,10,CAFIN
328-616AA48,10,10,CAFIN
328-616AA60,10,10,CAFIN
328-621AA60,10,10,CAFIN
328-621MA60,10,10,CAFIN
328-622AA60,10,10,CAFIN
328-622MA60,10,10,CAFIN
328-623AA60,10,10,CAFIN
328-623BA48,10,10,CAFIN
328-623BA60,10,10,CAFIN
328-624AA60,10,10,CAFIN
328-624BA48,10,10,CAFIN
328-624BA60,10,10,CAFIN
328-625AA48,10,10,CAFIN
328-625AA60,10,10,CAFIN
328-626AA48,10,10,CAFIN
328-626AA60,10,10,CAFIN
328-629AA60,10,10,CAFIN
328-630AA60,10,10,CAFIN
328-631AA60,10,10,CAFIN
328-632AA60,10,10,CAFIN
329-506AA44,10,10,CAFIN
329-506AA60,10,10,CAFIN
329-507AA44,10,10,CAFIN
329-507AA60,10,10,CAFIN
329-511DA44,10,10,CAFIN
329-511LA44,10,10,CAFIN
329-511SA60,10,10,CAFIN
329-511TA44,10,10,CAFIN
329-511TA60,10,10,CAFIN
329-512AA44,10,10,CAFIN
329-512AA60,10,10,CAFIN
329-513AA44,10,10,CAFIN
329-513AA60,10,10,CAFIN
329-514AA44,10,10,CAFIN
329-514AA60,10,10,CAFIN
329-515AA60,10,10,CAFIN
329-516DA60,10,10,CAFIN
329-516SA60,10,10,CAFIN
329-607AA44,10,10,CAFIN
329-607AA60,10,10,CAFIN
329-607BA44,10,10,CAFIN
329-607BA60,10,10,CAFIN
329-608AA44,10,10,CAFIN
329-608AA60,10,10,CAFIN
329-608BA44,10,10,CAFIN
329-608BA60,10,10,CAFIN
329-611AA44,10,10,CAFIN
329-611AA60,10,10,CAFIN
329-611LA44,10,10,CAFIN
329-611LA60,10,10,CAFIN
329-611TA60,10,10,CAFIN
329-612AA44,10,10,CAFIN
329-612AA60,10,10,CAFIN
329-612LA44,10,10,CAFIN
329-612LA60,10,10,CAFIN
329-612TA60,10,10,CAFIN
329-613AA44,10,10,CAFIN
329-613LA44,10,10,CAFIN
329-613TA60,10,10,CAFIN
329-614TA60,10,10,CAFIN
329-615AA44,10,10,CAFIN
329-615AA60,10,10,CAFIN
329-616AA44,10,10,CAFIN
329-616AA60,10,10,CAFIN
329-617AA44,10,10,CAFIN
329-617AA60,10,10,CAFIN
329-618AA44,10,10,CAFIN
329-618AA60,10,10,CAFIN
329-619AA44,10,10,CAFIN
329-619AA60,10,10,CAFIN
329-620AA44,10,10,CAFIN
329-620AA60,10,10,CAFIN
329-621AA44,10,10,CAFIN
329-621AA60,10,10,CAFIN
329-622AA60,10,10,CAFIN
329-623AA44,10,10,CAFIN
329-623AA60,10,10,CAFIN
329-624AA44,10,10,CAFIN
329-624AA60,10,10,CAFIN
329-625AA44,10,10,CAFIN
329-627AA44,10,10,CAFIN
329-627AA60,10,10,CAFIN
329-628AA44,10,10,CAFIN
329-628AA60,10,10,CAFIN
329-629AA44,10,10,CAFIN
329-630AA44,10,10,CAFIN
329-631AA44,10,10,CAFIN
329-631AA60,10,10,CAFIN
329-632AA44,10,10,CAFIN
329-632AA60,10,10,CAFIN
329-633AA44,10,10,CAFIN
3314-512AA30,10,10,CAFIN
3323-505AA26,10,10,CAFIN
3323-505BA26,10,10,CAFIN
3323-511AA26,10,10,CAFIN
3323-511BA26,10,10,CAFIN
3323-511CA26,10,10,CAFIN
3323-512AA26,10,10,CAFIN
3323-513AA26,10,10,CAFIN
3323-514AA26,10,10,CAFIN
3323-516AA26,10,10,CAFIN
3323-517AA26,10,10,CAFIN
3323-518AA26,10,10,CAFIN
3323-524AA26,10,10,CAFIN
3323-526AA26,10,10,CAFIN
3323-527AA26,10,10,CAFIN
3323-528AA26,10,10,CAFIN
3323-541AA26,10,10,CAFIN
3323-542AA26,10,10,CAFIN
3323-611AA26,10,10,CAFIN
3323-611AA30,10,10,CAFIN
3323-612AA26,10,10,CAFIN
3323-612AA30,10,10,CAFIN
3325-511AA30,10,10,CAFIN
3325-512AA30,10,10,CAFIN
3325-513AA30,10,10,CAFIN
3325-514AA30,10,10,CAFIN
3325-515AA30,10,10,CAFIN
3325-516AA30,10,10,CAFIN
3325-517AA30,10,10,CAFIN
3325-518AA30,10,10,CAFIN
3326-505AA30,10,10,CAFIN
3326-505AA34,10,10,CAFIN
3326-505BA30,10,10,CAFIN
3326-505BA34,10,10,CAFIN
3326-511AA30,10,10,CAFIN
3326-511AB30,10,10,CAFIN
3326-511BA30,10,10,CAFIN
3326-512AA30,10,10,CAFIN
3326-512AA34,10,10,CAFIN
3326-512AB30,10,10,CAFIN
3326-513AA30,10,10,CAFIN
3326-513AA34,10,10,CAFIN
3326-514AA30,10,10,CAFIN
3326-514AA34,10,10,CAFIN
3326-515AA30,10,10,CAFIN
3326-515AA34,10,10,CAFIN
3326-516AA30,10,10,CAFIN
3326-516AA34,10,10,CAFIN
3326-517AA30,10,10,CAFIN
3326-517AA34,10,10,CAFIN
3326-518AA30,10,10,CAFIN
3326-518AA34,10,10,CAFIN
3326-518AB30,10,10,CAFIN
3326-518AB34,10,10,CAFIN
3326-531AA30,10,10,CAFIN
3326-531BA30,10,10,CAFIN
3326-532AA30,10,10,CAFIN
3326-534AA30,10,10,CAFIN
3326-535AA30,10,10,CAFIN
3326-541AA30,10,10,CAFIN
3326-541AA34,10,10,CAFIN
3326-542AA30,10,10,CAFIN
3326-561AA30,10,10,CAFIN
3326-611AA30,10,10,CAFIN
3326-611AA34,10,10,CAFIN
3326-612AA30,10,10,CAFIN
3326-612AA34,10,10,CAFIN
3326-641AA30,10,10,CAFIN
3326-642AA30,10,10,CAFIN
3340-513AA30,10,10,CAFIN
3340-514AA30,10,10,CAFIN
3340-517AA30,10,10,CAFIN
3340-518AA30,10,10,CAFIN
3340-611AA30,10,10,CAFIN
3340-611AA32,10,10,CAFIN
3340-611PA30,10,10,CAFIN
3340-611PA32,10,10,CAFIN
3340-612AA30,10,10,CAFIN
3340-612AA32,10,10,CAFIN
335-504AA30,10,10,CAFIN
335-504AA33,10,10,CAFIN
335-504BA30,10,10,CAFIN
335-504BA33,10,10,CAFIN
335-505AA30,10,10,CAFIN
335-505AA33,10,10,CAFIN
335-505BA30,10,10,CAFIN
335-505BA33,10,10,CAFIN
335-511AA33,10,10,CAFIN
335-511AB33,10,10,CAFIN
335-511BA33,10,10,CAFIN
335-511BB33,10,10,CAFIN
335-511MA33,10,10,CAFIN
335-512AA33,10,10,CAFIN
335-512AA38,10,10,CAFIN
335-512AA42,10,10,CAFIN
335-512AA48,10,10,CAFIN
335-512MA33,10,10,CAFIN
335-513AA30,10,10,CAFIN
335-513AA33,10,10,CAFIN
335-513AB30,10,10,CAFIN
335-513AB33,10,10,CAFIN
335-514AA30,10,10,CAFIN
335-514AA33,10,10,CAFIN
335-514BA30,10,10,CAFIN
335-514BA33,10,10,CAFIN
335-514BB30,10,10,CAFIN
335-514BB33,10,10,CAFIN
335-515AA33,10,10,CAFIN
335-515MA33,10,10,CAFIN
335-516AA30,10,10,CAFIN
335-516AA33,10,10,CAFIN
335-516BA30,10,10,CAFIN
335-516GA30,10,10,CAFIN
335-516TA30,10,10,CAFIN
335-517AA30,10,10,CAFIN
335-517AA33,10,10,CAFIN
335-517AB30,10,10,CAFIN
335-517AB33,10,10,CAFIN
335-517AC30,10,10,CAFIN
335-517AC33,10,10,CAFIN
335-517AD30,10,10,CAFIN
335-517AD33,10,10,CAFIN
335-517GA30,10,10,CAFIN
335-517GB30,10,10,CAFIN
335-518AA30,10,10,CAFIN
335-518AA33,10,10,CAFIN
335-518BA30,10,10,CAFIN
335-518BA33,10,10,CAFIN
335-518BB30,10,10,CAFIN
335-518BB33,10,10,CAFIN
335-518CA30,10,10,CAFIN
335-518GA30,10,10,CAFIN
335-611AA33,10,10,CAFIN
335-611AB33,10,10,CAFIN
335-611BA33,10,10,CAFIN
335-611BB33,10,10,CAFIN
335-611DA33,10,10,CAFIN
335-611EA33,10,10,CAFIN
335-612AA30,10,10,CAFIN
335-612AA33,10,10,CAFIN
335-612AB33,10,10,CAFIN
335-612BA30,10,10,CAFIN
335-612BA33,10,10,CAFIN
335-612BB33,10,10,CAFIN
335-613AA30,10,10,CAFIN
335-613AA33,10,10,CAFIN
335-613AB33,10,10,CAFIN
335-614AA30,10,10,CAFIN
335-614AA33,10,10,CAFIN
335-615AA33,10,10,CAFIN
335-616AA30,10,10,CAFIN
335-616AA33,10,10,CAFIN
335-616AB33,10,10,CAFIN
335-617AA30,10,10,CAFIN
335-617AA33,10,10,CAFIN
335-618AA33,10,10,CAFIN
335-619AA30,10,10,CAFIN
335-619AA33,10,10,CAFIN
335-620AA30,10,10,CAFIN
335-620AA33,10,10,CAFIN
335-621AA30,10,10,CAFIN
335-621AA33,10,10,CAFIN
335-622AA33,10,10,CAFIN
335-623AA33,10,10,CAFIN
339-506AA42,10,10,CAFIN
339-507AA42,10,10,CAFIN
339-511TA42,10,10,CAFIN
339-512AA42,10,10,CAFIN
339-513AA42,10,10,CAFIN
339-514AA42,10,10,CAFIN
339-515AA42,10,10,CAFIN
339-516DA42,10,10,CAFIN
339-607AA42,10,10,CAFIN
339-607BA42,10,10,CAFIN
339-608AA42,10,10,CAFIN
339-611TA42,10,10,CAFIN
339-612TA42,10,10,CAFIN
339-615AA42,10,10,CAFIN
339-616AA42,10,10,CAFIN
339-619AA42,10,10,CAFIN
339-620AA42,10,10,CAFIN
339-623AA42,10,10,CAFIN
339-624AA42,10,10,CAFIN
339-627AA42,10,10,CAFIN
339-628AA42,10,10,CAFIN
339-631AA42,10,10,CAFIN
339-632AA42,10,10,CAFIN
339-635AA42,10,10,CAFIN
339-636AA42,10,10,CAFIN
350-508,10,10,CAFIN
350-511B1,10,10,CAFIN
350-511B2,10,10,CAFIN
350-511BJ1,10,10,CAFIN
350-511C1,10,10,CAFIN
350-511C133,10,10,CAFIN
350-512BS,10,10,CAFIN
350-513,10,10,CAFIN
350-514,10,10,CAFIN
350-514A33,10,10,CAFIN
350-516,10,10,CAFIN
350-517,10,10,CAFIN
350-518,10,10,CAFIN
350-519,10,10,CAFIN
350-522,10,10,CAFIN
350-524,10,10,CAFIN
350-541B,10,10,CAFIN
350-542B,10,10,CAFIN
350-611AS30,10,10,CAFIN
350-611AT30,10,10,CAFIN
350-612AS30,10,10,CAFIN
350-612AT30,10,10,CAFIN
350-613AS30,10,10,CAFIN
350-614AS30,10,10,CAFIN
350-618AS30,10,10,CAFIN
350-621B30,10,10,CAFIN
350-621C30,10,10,CAFIN
350-622B30,10,10,CAFIN
350-622C30,10,10,CAFIN
3501-51005AA26,10,10,CAFIN
3501-51005AA30,10,10,CAFIN
3501-52011AA30,10,10,CAFIN
3501-52011AA36,10,10,CAFIN
3501-52011AA38,10,10,CAFIN
3501-52011AB24,10,10,CAFIN
3501-52011AB30,10,10,CAFIN
3501-52011AB36,10,10,CAFIN
3501-52011AB38,10,10,CAFIN
3501-52011BA30,10,10,CAFIN
3501-52011BA38,10,10,CAFIN
3501-52011CA30,10,10,CAFIN
3501-52011CA38,10,10,CAFIN
3501-52011DA30,10,10,CAFIN
3501-52011DA38,10,10,CAFIN
3501-52011EA30,10,10,CAFIN
3501-52011EA36,10,10,CAFIN
3501-52011EA38,10,10,CAFIN
3501-52011FA38,10,10,CAFIN
3501-52011GA30,10,10,CAFIN
3501-52011GA36,10,10,CAFIN
3501-52011GA38,10,10,CAFIN
3501-52011HA30,10,10,CAFIN
3501-52011KA24,10,10,CAFIN
3501-52012AA24,10,10,CAFIN
3501-52012AA26,10,10,CAFIN
3501-52012AA30,10,10,CAFIN
3501-52012AA34,10,10,CAFIN
3501-52012AA36,10,10,CAFIN
3501-52012AA38,10,10,CAFIN
3501-52012AB24,10,10,CAFIN
3501-52012AB26,10,10,CAFIN
3501-52012AB30,10,10,CAFIN
3501-52012AB34,10,10,CAFIN
3501-52012AB36,10,10,CAFIN
3501-52012AB38,10,10,CAFIN
3501-52013AA24,10,10,CAFIN
3501-52013AA26,10,10,CAFIN
3501-52013AA30,10,10,CAFIN
3501-52013AA34,10,10,CAFIN
3501-52013AA36,10,10,CAFIN
3501-52013AA38,10,10,CAFIN
3501-52013BA30,10,10,CAFIN
3501-52014AA24,10,10,CAFIN
3501-52014AA26,10,10,CAFIN
3501-52014AA30,10,10,CAFIN
3501-52014AA34,10,10,CAFIN
3501-52014AA36,10,10,CAFIN
3501-52014AA38,10,10,CAFIN
3501-52014AL24,10,10,CAFIN
3501-52014AL26,10,10,CAFIN
3501-52014AL30,10,10,CAFIN
3501-52014AL34,10,10,CAFIN
3501-52014AL36,10,10,CAFIN
3501-52014AL38,10,10,CAFIN
3501-52014BA30,10,10,CAFIN
3501-52014BA34,10,10,CAFIN
3501-52014BL26,10,10,CAFIN
3501-52014BL30,10,10,CAFIN
3501-52014BL34,10,10,CAFIN
3501-52022AA26,10,10,CAFIN
3501-52022AA30,10,10,CAFIN
3501-52022AA36,10,10,CAFIN
3501-52026AA26,10,10,CAFIN
3501-52026AA30,10,10,CAFIN
3501-52026AA36,10,10,CAFIN
3501-52032AA24,10,10,CAFIN
3501-52032AA26,10,10,CAFIN
3501-52032AA30,10,10,CAFIN
3501-52032AA34,10,10,CAFIN
3501-52032AA36,10,10,CAFIN
3501-52032AA38,10,10,CAFIN
3501-52032AB24,10,10,CAFIN
3501-52032AB26,10,10,CAFIN
3501-52032AB30,10,10,CAFIN
3501-52032AB34,10,10,CAFIN
3501-52032AB36,10,10,CAFIN
3501-52032AB38,10,10,CAFIN
3501-52032LA24,10,10,CAFIN
3501-52032LA26,10,10,CAFIN
3501-52032LA30,10,10,CAFIN
3501-52032LA34,10,10,CAFIN
3501-52032LA36,10,10,CAFIN
3501-52032LA38,10,10,CAFIN
3501-52032LB24,10,10,CAFIN
3501-52032LB26,10,10,CAFIN
3501-52032LB30,10,10,CAFIN
3501-52032LB34,10,10,CAFIN
3501-52032LB36,10,10,CAFIN
3501-52033AA24,10,10,CAFIN
3501-52033AA26,10,10,CAFIN
3501-52033AA30,10,10,CAFIN
3501-52033AA36,10,10,CAFIN
3501-52033AL24,10,10,CAFIN
3501-52033AL26,10,10,CAFIN
3501-52033AL30,10,10,CAFIN
3501-52033AL36,10,10,CAFIN
3501-52036AA24,10,10,CAFIN
3501-52036AA26,10,10,CAFIN
3501-52036AA30,10,10,CAFIN
3501-52036AA34,10,10,CAFIN
3501-52036AA36,10,10,CAFIN
3501-52036AA38,10,10,CAFIN
3501-52036BA24,10,10,CAFIN
3501-52036BA26,10,10,CAFIN
3501-52036BA30,10,10,CAFIN
3501-52036BA34,10,10,CAFIN
3501-52036BA36,10,10,CAFIN
3501-52041AA24,10,10,CAFIN
3501-52043AA24,10,10,CAFIN
3501-52043AB24,10,10,CAFIN
3501-61001AC38,10,10,CAFIN
3501-62001AA26,10,10,CAFIN
3501-62001AA30,10,10,CAFIN
3501-62001AB26,10,10,CAFIN
3501-62001AB30,10,10,CAFIN
3501-62001AC26,10,10,CAFIN
3501-62001AC30,10,10,CAFIN
3501-62001AC34,10,10,CAFIN
3501-62001AC36,10,10,CAFIN
3501-62001AC38,10,10,CAFIN
3501-62001AD26,10,10,CAFIN
3501-62001AD30,10,10,CAFIN
3501-62001AD34,10,10,CAFIN
3501-62001AD36,10,10,CAFIN
3501-62001AD38,10,10,CAFIN
3501-62001AE24,10,10,CAFIN
3501-62001AE26,10,10,CAFIN
3501-62001AE30,10,10,CAFIN
3501-62001AE34,10,10,CAFIN
3501-62001AE36,10,10,CAFIN
3501-62001AE38,10,10,CAFIN
3501-62001BA30,10,10,CAFIN
3501-62001BB26,10,10,CAFIN
3501-62001BB30,10,10,CAFIN
3501-62001CA26,10,10,CAFIN
3501-62001CA30,10,10,CAFIN
3501-62001CB26,10,10,CAFIN
3501-62001CB30,10,10,CAFIN
3501-62001CC26,10,10,CAFIN
3501-62001CC30,10,10,CAFIN
3501-62001CC34,10,10,CAFIN
3501-62001CC36,10,10,CAFIN
3501-62001CC38,10,10,CAFIN
3501-62001CD24,10,10,CAFIN
3501-62001CD26,10,10,CAFIN
3501-62001CD30,10,10,CAFIN
3501-62001CD34,10,10,CAFIN
3501-62001CD36,10,10,CAFIN
3501-62001CD38,10,10,CAFIN
3501-62001DA26,10,10,CAFIN
3501-62001DA30,10,10,CAFIN
3501-62001DB26,10,10,CAFIN
3501-62001DB30,10,10,CAFIN
3501-62001EA26,10,10,CAFIN
3501-62001EA30,10,10,CAFIN
3501-62001EB26,10,10,CAFIN
3501-62001EB30,10,10,CAFIN
3501-62001EB34,10,10,CAFIN
3501-62001EB36,10,10,CAFIN
3501-62001EB38,10,10,CAFIN
3501-62001EC26,10,10,CAFIN
3501-62001EC30,10,10,CAFIN
3501-62001EC34,10,10,CAFIN
3501-62001EC36,10,10,CAFIN
3501-62001EC38,10,10,CAFIN
3501-62001ED26,10,10,CAFIN
3501-62001ED30,10,10,CAFIN
3501-62001ED34,10,10,CAFIN
3501-62001ED36,10,10,CAFIN
3501-62001ED38,10,10,CAFIN
3501-62001EF30,10,10,CAFIN
3501-62001EF36,10,10,CAFIN
3501-62001FA26,10,10,CAFIN
3501-62001FA30,10,10,CAFIN
3501-62001FB26,10,10,CAFIN
3501-62001FB30,10,10,CAFIN
3501-62001FB34,10,10,CAFIN
3501-62001FB36,10,10,CAFIN
3501-62001FB38,10,10,CAFIN
3501-62001FC26,10,10,CAFIN
3501-62001FC30,10,10,CAFIN
3501-62001FC34,10,10,CAFIN
3501-62001FC36,10,10,CAFIN
3501-62001FC38,10,10,CAFIN
3501-62001FD36,10,10,CAFIN
3501-62001GA26,10,10,CAFIN
3501-62001GA30,10,10,CAFIN
3501-62001GA36,10,10,CAFIN
3501-62001GA38,10,10,CAFIN
3501-62001GB26,10,10,CAFIN
3501-62001GB30,10,10,CAFIN
3501-62001GB34,10,10,CAFIN
3501-62001GB36,10,10,CAFIN
3501-62001GB38,10,10,CAFIN
3501-62001HA26,10,10,CAFIN
3501-62001HA30,10,10,CAFIN
3501-62001HA36,10,10,CAFIN
3501-62001HA38,10,10,CAFIN
3501-62001HB26,10,10,CAFIN
3501-62001HB30,10,10,CAFIN
3501-62001HB34,10,10,CAFIN
3501-62001HB36,10,10,CAFIN
3501-62001HB38,10,10,CAFIN
3501-62001JA26,10,10,CAFIN
3501-62001JA30,10,10,CAFIN
3501-62001JA36,10,10,CAFIN
3501-62001JA38,10,10,CAFIN
3501-62001JB26,10,10,CAFIN
3501-62001JB30,10,10,CAFIN
3501-62001JB34,10,10,CAFIN
3501-62001JB36,10,10,CAFIN
3501-62001JB38,10,10,CAFIN
3501-62001KA26,10,10,CAFIN
3501-62001KA30,10,10,CAFIN
3501-62001KA36,10,10,CAFIN
3501-62001KA38,10,10,CAFIN
3501-62001KB26,10,10,CAFIN
3501-62001KB30,10,10,CAFIN
3501-62001KB34,10,10,CAFIN
3501-62001KB36,10,10,CAFIN
3501-62001KB38,10,10,CAFIN
3501-62001KC30,10,10,CAFIN
3501-62001MA30,10,10,CAFIN
3501-62001MB24,10,10,CAFIN
3501-62001MB26,10,10,CAFIN
3501-62001MB30,10,10,CAFIN
3501-62001MB34,10,10,CAFIN
3501-62001MB36,10,10,CAFIN
3501-62001NA30,10,10,CAFIN
3501-62001NB26,10,10,CAFIN
3501-62001NB30,10,10,CAFIN
3501-62001NB34,10,10,CAFIN
3501-62001NB36,10,10,CAFIN
3501-62001NC26,10,10,CAFIN
3501-62001NC30,10,10,CAFIN
3501-62001NC36,10,10,CAFIN
3501-62001PA30,10,10,CAFIN
3501-62001PB24,10,10,CAFIN
3501-62001PB26,10,10,CAFIN
3501-62001PB30,10,10,CAFIN
3501-62001PB34,10,10,CAFIN
3501-62001PB36,10,10,CAFIN
3501-62001RA30,10,10,CAFIN
3501-62001RA34,10,10,CAFIN
3501-62001RA36,10,10,CAFIN
3501-62001RA38,10,10,CAFIN
3501-62001SA30,10,10,CAFIN
3501-62001SA34,10,10,CAFIN
3501-62001SA36,10,10,CAFIN
3501-62001SA38,10,10,CAFIN
3501-62001TA24,10,10,CAFIN
3501-62001UA24,10,10,CAFIN
3501-62001VA24,10,10,CAFIN
3501-62002AA26,10,10,CAFIN
3501-62002AA30,10,10,CAFIN
3501-62002AB38,10,10,CAFIN
3501-62002BA26,10,10,CAFIN
3501-62002BA30,10,10,CAFIN
3501-62002BB26,10,10,CAFIN
3501-62002BB30,10,10,CAFIN
3501-62002BC26,10,10,CAFIN
3501-62002BC30,10,10,CAFIN
3501-62002BC34,10,10,CAFIN
3501-62002BC36,10,10,CAFIN
3501-62002BC38,10,10,CAFIN
3501-62002CA30,10,10,CAFIN
3501-62002CA34,10,10,CAFIN
3501-62002CA36,10,10,CAFIN
3501-62002CA38,10,10,CAFIN
3501-62011AA26,10,10,CAFIN
3501-62011AA34,10,10,CAFIN
3501-62011AB24,10,10,CAFIN
3501-62011AB26,10,10,CAFIN
3501-62011AB30,10,10,CAFIN
3501-62011AB34,10,10,CAFIN
3501-62011AB36,10,10,CAFIN
3501-62011AB38,10,10,CAFIN
3501-62012AA26,10,10,CAFIN
3501-62012AB24,10,10,CAFIN
3501-62012AB26,10,10,CAFIN
3501-62012AB30,10,10,CAFIN
3501-62012AB34,10,10,CAFIN
3501-62012AB36,10,10,CAFIN
3501-62012AB38,10,10,CAFIN
3501-62014AE30,10,10,CAFIN
3501-62014AF30,10,10,CAFIN
3501-62014CD30,10,10,CAFIN
3501-62014ED30,10,10,CAFIN
3501-62014EE30,10,10,CAFIN
3501-62014FC30,10,10,CAFIN
3501-62014RA30,10,10,CAFIN
3501-62014RB30,10,10,CAFIN
3501-62014SA30,10,10,CAFIN
3501-62014SB30,10,10,CAFIN
3501-62014TA30,10,10,CAFIN
3501-62015AB30,10,10,CAFIN
3501-62015AB36,10,10,CAFIN
3501-62015BB30,10,10,CAFIN
3501-62015BB36,10,10,CAFIN
3501-62015CA36,10,10,CAFIN
3501-62015CB30,10,10,CAFIN
3501-62015CB36,10,10,CAFIN
3501-62015DA30,10,10,CAFIN
3501-62015EA30,10,10,CAFIN
3501-62021AA24,10,10,CAFIN
3501-62021AA26,10,10,CAFIN
3501-62021AA30,10,10,CAFIN
3501-62021AA34,10,10,CAFIN
3501-62021AA36,10,10,CAFIN
3501-62021AA38,10,10,CAFIN
3501-62021AL24,10,10,CAFIN
3501-62021AL26,10,10,CAFIN
3501-62021AL30,10,10,CAFIN
3501-62021AL34,10,10,CAFIN
3501-62021AL36,10,10,CAFIN
3501-62021AL38,10,10,CAFIN
3501-62031AA24,10,10,CAFIN
3501-62031AA26,10,10,CAFIN
3501-62031AA30,10,10,CAFIN
3501-62031AA34,10,10,CAFIN
3501-62031AA36,10,10,CAFIN
3501-62031AA38,10,10,CAFIN
3501-62032AA24,10,10,CAFIN
3501-62032AA26,10,10,CAFIN
3501-62032AA30,10,10,CAFIN
3501-62032AA34,10,10,CAFIN
3501-62032AA36,10,10,CAFIN
3501-62032AA38,10,10,CAFIN
3501-62041AA26,10,10,CAFIN
3501-62041AA30,10,10,CAFIN
3501-62041AA34,10,10,CAFIN
3501-62041AA36,10,10,CAFIN
3501-62041AA38,10,10,CAFIN
3501-62041AB26,10,10,CAFIN
3501-62041AB30,10,10,CAFIN
3501-62041AB34,10,10,CAFIN
3501-62041AB36,10,10,CAFIN
3501-62041AB38,10,10,CAFIN
3501-62042AA30,10,10,CAFIN
3501-62051AA30,10,10,CAFIN
3501-62051CA30,10,10,CAFIN
3501-62051EA30,10,10,CAFIN
3501-62051FA30,10,10,CAFIN
3501-62051GA30,10,10,CAFIN
3501-62051JA30,10,10,CAFIN
3501-62051KA30,10,10,CAFIN
3501-62051PA30,10,10,CAFIN
3501-62A01AE34,10,10,CAFIN
3501-62A01CC30,10,10,CAFIN
3501-62A01CD30,10,10,CAFIN
3501-62A01CD36,10,10,CAFIN
3501-62A01EC30,10,10,CAFIN
3501-62A01ED30,10,10,CAFIN
3501-62A01FC30,10,10,CAFIN
3501-62A01FC36,10,10,CAFIN
3501-62A01GA26,10,10,CAFIN
3501-62A01GA30,10,10,CAFIN
3501-62A01GA36,10,10,CAFIN
3501-62A01HA26,10,10,CAFIN
3501-62A01HA30,10,10,CAFIN
3501-62A01HA36,10,10,CAFIN
3501-62A01JA26,10,10,CAFIN
3501-62A01JA30,10,10,CAFIN
3501-62A01JA36,10,10,CAFIN
3501-62A01JB34,10,10,CAFIN
3501-62A01JB36,10,10,CAFIN
3501-62A01KA26,10,10,CAFIN
3501-62A01KA30,10,10,CAFIN
3501-62A01KA36,10,10,CAFIN
3501-62A01MB26,10,10,CAFIN
3501-62A01PB26,10,10,CAFIN
3501-62A15CB36,10,10,CAFIN
3501-Z0001AA30,10,10,CAFIN
3502-908AA00,10,10,CAFIN
3502-908AA26,10,10,CAFIN
3502-908BA00,10,10,CAFIN
3502-908BA30,10,10,CAFIN
3502-908CA30,10,10,CAFIN
3502-908DA26,10,10,CAFIN
3504-506AA26,10,10,CAFIN
3504-506AA38,10,10,CAFIN
3504-511AA30,10,10,CAFIN
3504-511AA38,10,10,CAFIN
3504-511BA30,10,10,CAFIN
3504-512AA30,10,10,CAFIN
3504-512AB26,10,10,CAFIN
3504-512AB30,10,10,CAFIN
3504-512AB34,10,10,CAFIN
3504-512AB36,10,10,CAFIN
3504-512AB38,10,10,CAFIN
3504-513AA26,10,10,CAFIN
3504-513AA30,10,10,CAFIN
3504-513AA34,10,10,CAFIN
3504-513AA36,10,10,CAFIN
3504-514AA30,10,10,CAFIN
3504-514AB30,10,10,CAFIN
3504-514AC26,10,10,CAFIN
3504-514AC30,10,10,CAFIN
3504-514AC34,10,10,CAFIN
3504-514AC36,10,10,CAFIN
3504-514AC38,10,10,CAFIN
3504-514BA30,10,10,CAFIN
3504-514BB26,10,10,CAFIN
3504-514BB30,10,10,CAFIN
3504-514BB34,10,10,CAFIN
3504-514BB36,10,10,CAFIN
3504-514BB38,10,10,CAFIN
3504-515AA30,10,10,CAFIN
3504-515AB26,10,10,CAFIN
3504-515AB30,10,10,CAFIN
3504-515AB34,10,10,CAFIN
3504-515AB36,10,10,CAFIN
3504-515AB38,10,10,CAFIN
3504-515BA26,10,10,CAFIN
3504-515BA30,10,10,CAFIN
3504-516AA30,10,10,CAFIN
3504-532AA30,10,10,CAFIN
3504-532AB26,10,10,CAFIN
3504-532AB30,10,10,CAFIN
3504-532AB34,10,10,CAFIN
3504-532AB36,10,10,CAFIN
3504-532AB38,10,10,CAFIN
3504-533AA30,10,10,CAFIN
3504-536AA30,10,10,CAFIN
3504-541AA,10,10,CAFIN
3504-611AA30,10,10,CAFIN
3504-611AB26,10,10,CAFIN
3504-611AB30,10,10,CAFIN
3504-611AB34,10,10,CAFIN
3504-611AB36,10,10,CAFIN
3504-611AC26,10,10,CAFIN
3504-611AC30,10,10,CAFIN
3504-611AC34,10,10,CAFIN
3504-611AC36,10,10,CAFIN
3504-611AC38,10,10,CAFIN
3504-611BA30,10,10,CAFIN
3504-611BA34,10,10,CAFIN
3504-612AA30,10,10,CAFIN
3504-612AB26,10,10,CAFIN
3504-612AB30,10,10,CAFIN
3504-612AB34,10,10,CAFIN
3504-612AB36,10,10,CAFIN
3504-612AC26,10,10,CAFIN
3504-612AC30,10,10,CAFIN
3504-612AC34,10,10,CAFIN
3504-612AC36,10,10,CAFIN
3504-612AC38,10,10,CAFIN
3504-612BA30,10,10,CAFIN
3504-612BA34,10,10,CAFIN
3504-613AA26,10,10,CAFIN
3504-613AA30,10,10,CAFIN
3504-613AA34,10,10,CAFIN
3504-613AA36,10,10,CAFIN
3504-613AA38,10,10,CAFIN
3504-621AA30,10,10,CAFIN
3504-621AB26,10,10,CAFIN
3504-621AB30,10,10,CAFIN
3504-621AB34,10,10,CAFIN
3504-621AB36,10,10,CAFIN
3504-621AC26,10,10,CAFIN
3504-621AC30,10,10,CAFIN
3504-621AC34,10,10,CAFIN
3504-621AC36,10,10,CAFIN
3504-621AC38,10,10,CAFIN
3504-621BA30,10,10,CAFIN
3504-621BA34,10,10,CAFIN
3504-622AB26,10,10,CAFIN
3504-622AB30,10,10,CAFIN
3504-622AB34,10,10,CAFIN
3504-622AB36,10,10,CAFIN
3504-622AB38,10,10,CAFIN
3504-631AA30,10,10,CAFIN
3504-631AB26,10,10,CAFIN
3504-631AB30,10,10,CAFIN
3504-631AB36,10,10,CAFIN
3504-631AC26,10,10,CAFIN
3504-631AC30,10,10,CAFIN
3504-631AC34,10,10,CAFIN
3504-631AC36,10,10,CAFIN
3504-631AD26,10,10,CAFIN
3504-631AD30,10,10,CAFIN
3504-631AD34,10,10,CAFIN
3504-631AD36,10,10,CAFIN
3504-631AD38,10,10,CAFIN
3504-632AA30,10,10,CAFIN
3504-632AB26,10,10,CAFIN
3504-632AB30,10,10,CAFIN
3504-632AB34,10,10,CAFIN
3504-632AB36,10,10,CAFIN
3504-632AB38,10,10,CAFIN
3504-641AA30,10,10,CAFIN
3504-641AB26,10,10,CAFIN
3504-641AB30,10,10,CAFIN
3504-641AB34,10,10,CAFIN
3504-641AB36,10,10,CAFIN
3504-641AC26,10,10,CAFIN
3504-641AC30,10,10,CAFIN
3504-641AC34,10,10,CAFIN
3504-641AC36,10,10,CAFIN
3504-641AC38,10,10,CAFIN
3504-642AA30,10,10,CAFIN
3504-642AB26,10,10,CAFIN
3504-642AB30,10,10,CAFIN
3504-642AB34,10,10,CAFIN
3504-642AB36,10,10,CAFIN
3504-642AB38,10,10,CAFIN
3504-651AA30,10,10,CAFIN
3504-651AB26,10,10,CAFIN
3504-651AB30,10,10,CAFIN
3504-651AB34,10,10,CAFIN
3504-651AB36,10,10,CAFIN
3504-651AB38,10,10,CAFIN
3504-652AA30,10,10,CAFIN
3504-661AA30,10,10,CAFIN
3504-661AB30,10,10,CAFIN
3504-661AC26,10,10,CAFIN
3504-661AC30,10,10,CAFIN
3504-661AC34,10,10,CAFIN
3504-661AC36,10,10,CAFIN
3504-661AC38,10,10,CAFIN
3506-514AA30,10,10,CAFIN
3513-505AA30,10,10,CAFIN
3513-505BA30,10,10,CAFIN
3513-511AA30,10,10,CAFIN
3513-512AA30,10,10,CAFIN
3513-512BA30,10,10,CAFIN
3513-513AA30,10,10,CAFIN
3513-514AA30,10,10,CAFIN
3513-515AA30,10,10,CAFIN
3513-516AA30,10,10,CAFIN
3513-516BA30,10,10,CAFIN
3513-517AA30,10,10,CAFIN
3513-518AA30,10,10,CAFIN
3513-519AA30,10,10,CAFIN
3513-520AA30,10,10,CAFIN
3514-511AA30,10,10,CAFIN
3514-512AA30,10,10,CAFIN
3514-532AA30,10,10,CAFIN
3514-536AA30,10,10,CAFIN
3514-611AA30,10,10,CAFIN
3514-612AA30,10,10,CAFIN
3514-613AA30,10,10,CAFIN
3514-614AA30,10,10,CAFIN
3514-615AA30,10,10,CAFIN
3514-617AA30,10,10,CAFIN
3514-618AA30,10,10,CAFIN
3514-619AA30,10,10,CAFIN
3514-661AA30,10,10,CAFIN
352-504A33,10,10,CAFIN
352-504B33,10,10,CAFIN
352-511A33,10,10,CAFIN
352-511AL33,10,10,CAFIN
352-511LA33,10,10,CAFIN
352-511LB33,10,10,CAFIN
352-512A33,10,10,CAFIN
352-512AL33,10,10,CAFIN
352-512LA33,10,10,CAFIN
352-513A33,10,10,CAFIN
352-513AL33,10,10,CAFIN
352-521A33,10,10,CAFIN
352-521AL33,10,10,CAFIN
352-531A33,10,10,CAFIN
352-532A33,10,10,CAFIN
352-533A33,10,10,CAFIN
352-541A33,10,10,CAFIN
352-542A33,10,10,CAFIN
352-565AA30,10,10,CAFIN
352-565AA33,10,10,CAFIN
352-565BA33,10,10,CAFIN
352-571AA30,10,10,CAFIN
352-571AB30,10,10,CAFIN
352-571BA30,10,10,CAFIN
352-571BB30,10,10,CAFIN
352-571LA30,10,10,CAFIN
352-571LB30,10,10,CAFIN
352-571MA30,10,10,CAFIN
352-572AA30,10,10,CAFIN
352-572AA33,10,10,CAFIN
352-572AA34,10,10,CAFIN
352-572AA36,10,10,CAFIN
352-572AA38,10,10,CAFIN
352-572AA42,10,10,CAFIN
352-572BA33,10,10,CAFIN
352-572MA30,10,10,CAFIN
352-573AA30,10,10,CAFIN
352-573AA33,10,10,CAFIN
352-574AA30,10,10,CAFIN
352-574AA33,10,10,CAFIN
352-575AA30,10,10,CAFIN
352-575MA30,10,10,CAFIN
352-576AA30,10,10,CAFIN
352-576AA33,10,10,CAFIN
352-577AA30,10,10,CAFIN
352-577AA33,10,10,CAFIN
352-578AA30,10,10,CAFIN
352-578AA33,10,10,CAFIN
352-581AA30,10,10,CAFIN
352-581AB30,10,10,CAFIN
352-606A33,10,10,CAFIN
352-606B33,10,10,CAFIN
352-614A33,10,10,CAFIN
352-614B33,10,10,CAFIN
352-621A33,10,10,CAFIN
352-621AB33,10,10,CAFIN
352-621AC33,10,10,CAFIN
352-621LA33,10,10,CAFIN
352-622A33,10,10,CAFIN
352-622AB33,10,10,CAFIN
352-622AC33,10,10,CAFIN
352-622AL33,10,10,CAFIN
352-622BL33,10,10,CAFIN
352-623A33,10,10,CAFIN
352-629AA33,10,10,CAFIN
352-671AA30,10,10,CAFIN
352-671AA33,10,10,CAFIN
352-671BA30,10,10,CAFIN
352-671BA33,10,10,CAFIN
352-671LA33,10,10,CAFIN
352-672AA30,10,10,CAFIN
352-672AA33,10,10,CAFIN
352-673AA33,10,10,CAFIN
352-674AA30,10,10,CAFIN
352-675AA30,10,10,CAFIN
352-677AA30,10,10,CAFIN
352-678AA30,10,10,CAFIN
352-679AA33,10,10,CAFIN
352A-606B30,10,10,CAFIN
352B-505AA30,10,10,CAFIN
352B-505AA33,10,10,CAFIN
352B-505AA34,10,10,CAFIN
352B-505AA36,10,10,CAFIN
352B-505AA38,10,10,CAFIN
352B-505AA42,10,10,CAFIN
352B-505AB36,10,10,CAFIN
352B-505AB38,10,10,CAFIN
352B-505AB42,10,10,CAFIN
352B-505AC38,10,10,CAFIN
352B-505BA30,10,10,CAFIN
352B-505BA33,10,10,CAFIN
352B-505BA34,10,10,CAFIN
352B-505BA36,10,10,CAFIN
352B-505BA38,10,10,CAFIN
352B-505BA42,10,10,CAFIN
352B-505BB36,10,10,CAFIN
352B-505BB38,10,10,CAFIN
352B-505CA30,10,10,CAFIN
352B-506AA33,10,10,CAFIN
352B-506AA34,10,10,CAFIN
352B-506AA36,10,10,CAFIN
352B-506AA38,10,10,CAFIN
352B-506BA33,10,10,CAFIN
352B-506BA34,10,10,CAFIN
352B-506BA36,10,10,CAFIN
352B-506BA38,10,10,CAFIN
352B-513AA30,10,10,CAFIN
352B-513AA33,10,10,CAFIN
352B-513AA34,10,10,CAFIN
352B-513AA36,10,10,CAFIN
352B-513AA38,10,10,CAFIN
352B-513AA42,10,10,CAFIN
352B-513AB30,10,10,CAFIN
352B-513AB33,10,10,CAFIN
352B-513AB38,10,10,CAFIN
352B-513BA33,10,10,CAFIN
352B-514AA30,10,10,CAFIN
352B-514AA33,10,10,CAFIN
352B-514AA34,10,10,CAFIN
352B-514AA42,10,10,CAFIN
352B-514AB33,10,10,CAFIN
352B-514AB34,10,10,CAFIN
352B-514BA30,10,10,CAFIN
352B-514BA33,10,10,CAFIN
352B-514BA34,10,10,CAFIN
352B-514BA36,10,10,CAFIN
352B-514BA38,10,10,CAFIN
352B-514BB30,10,10,CAFIN
352B-514BB38,10,10,CAFIN
352B-514CA33,10,10,CAFIN
352B-516AA30,10,10,CAFIN
352B-516AA33,10,10,CAFIN
352B-516AA34,10,10,CAFIN
352B-516AA36,10,10,CAFIN
352B-516AA38,10,10,CAFIN
352B-516AA42,10,10,CAFIN
352B-516AB33,10,10,CAFIN
352B-516BA33,10,10,CAFIN
352B-516GA36,10,10,CAFIN
352B-516GA38,10,10,CAFIN
352B-516GA42,10,10,CAFIN
352B-517AA30,10,10,CAFIN
352B-517AA33,10,10,CAFIN
352B-517AA34,10,10,CAFIN
352B-517AA36,10,10,CAFIN
352B-517AA38,10,10,CAFIN
352B-517AA42,10,10,CAFIN
352B-517AB33,10,10,CAFIN
352B-517AB34,10,10,CAFIN
352B-517AB36,10,10,CAFIN
352B-517AB38,10,10,CAFIN
352B-517AB42,10,10,CAFIN
352B-517AC33,10,10,CAFIN
352B-517AC36,10,10,CAFIN
352B-517AC38,10,10,CAFIN
352B-517AC42,10,10,CAFIN
352B-517BA33,10,10,CAFIN
352B-517GA36,10,10,CAFIN
352B-517GA38,10,10,CAFIN
352B-517GA42,10,10,CAFIN
352B-517GB36,10,10,CAFIN
352B-517GB38,10,10,CAFIN
352B-517GB42,10,10,CAFIN
352B-517GC36,10,10,CAFIN
352B-517GC42,10,10,CAFIN
352B-518AA30,10,10,CAFIN
352B-518AA33,10,10,CAFIN
352B-518AA34,10,10,CAFIN
352B-518AA36,10,10,CAFIN
352B-518AA38,10,10,CAFIN
352B-518AA42,10,10,CAFIN
352B-518BA33,10,10,CAFIN
352B-518GA30,10,10,CAFIN
352B-518GA36,10,10,CAFIN
352B-518GA38,10,10,CAFIN
352B-518GA42,10,10,CAFIN
352B-520AA30,10,10,CAFIN
352B-520AA36,10,10,CAFIN
352B-520AA38,10,10,CAFIN
352B-520BA33,10,10,CAFIN
352B-521AA30,10,10,CAFIN
352B-521AA33,10,10,CAFIN
352B-521AA36,10,10,CAFIN
352B-521AA38,10,10,CAFIN
352B-571AA33,10,10,CAFIN
352B-571BA33,10,10,CAFIN
352B-572AA33,10,10,CAFIN
352B-573AA33,10,10,CAFIN
352B-574AA33,10,10,CAFIN
352B-611AA30,10,10,CAFIN
352B-611AA33,10,10,CAFIN
352B-611BA30,10,10,CAFIN
352B-611BA33,10,10,CAFIN
352B-611CA30,10,10,CAFIN
352B-611CA33,10,10,CAFIN
352B-611LA30,10,10,CAFIN
352B-611LA33,10,10,CAFIN
352B-612AA30,10,10,CAFIN
352B-612AA33,10,10,CAFIN
352B-612AA34,10,10,CAFIN
352B-612AA38,10,10,CAFIN
352B-612BA30,10,10,CAFIN
352B-612BA33,10,10,CAFIN
352B-612BA34,10,10,CAFIN
352B-612BA38,10,10,CAFIN
352B-612CA30,10,10,CAFIN
352B-612CA33,10,10,CAFIN
352B-612DA30,10,10,CAFIN
352B-612DA33,10,10,CAFIN
352B-613AA30,10,10,CAFIN
352B-613AA33,10,10,CAFIN
352B-613AA34,10,10,CAFIN
352B-613AA36,10,10,CAFIN
352B-613AA38,10,10,CAFIN
352B-613BA30,10,10,CAFIN
352B-613BA33,10,10,CAFIN
352B-614AA30,10,10,CAFIN
352B-614AA33,10,10,CAFIN
352B-614AA34,10,10,CAFIN
352B-614AA36,10,10,CAFIN
352B-614AA38,10,10,CAFIN
352B-614BA30,10,10,CAFIN
352B-614BA33,10,10,CAFIN
352B-615AA30,10,10,CAFIN
352B-615AA33,10,10,CAFIN
352B-615AA34,10,10,CAFIN
352B-615AA38,10,10,CAFIN
352B-615BA30,10,10,CAFIN
352B-615BA33,10,10,CAFIN
352B-616AA30,10,10,CAFIN
352B-616AA33,10,10,CAFIN
352B-616AA34,10,10,CAFIN
352B-616AA38,10,10,CAFIN
352B-616BA30,10,10,CAFIN
352B-616BA33,10,10,CAFIN
352B-617AA30,10,10,CAFIN
352B-617AA33,10,10,CAFIN
352B-617AA34,10,10,CAFIN
352B-617AA36,10,10,CAFIN
352B-617AA38,10,10,CAFIN
352B-617BA30,10,10,CAFIN
352B-617BA33,10,10,CAFIN
352B-618AA30,10,10,CAFIN
352B-618AA33,10,10,CAFIN
352B-618AA34,10,10,CAFIN
352B-618AA36,10,10,CAFIN
352B-618AA38,10,10,CAFIN
352B-618BA30,10,10,CAFIN
352B-618BA33,10,10,CAFIN
352B-619AA30,10,10,CAFIN
352B-619AA33,10,10,CAFIN
352B-619AA34,10,10,CAFIN
352B-619AA38,10,10,CAFIN
352B-619BA30,10,10,CAFIN
352B-619BA33,10,10,CAFIN
352B-620AA30,10,10,CAFIN
352B-620AA33,10,10,CAFIN
352B-620AA34,10,10,CAFIN
352B-620AA38,10,10,CAFIN
352B-620BA30,10,10,CAFIN
352B-620BA33,10,10,CAFIN
352B-621AA30,10,10,CAFIN
352B-621AA33,10,10,CAFIN
352B-621AA34,10,10,CAFIN
352B-621AA38,10,10,CAFIN
352B-621BA30,10,10,CAFIN
352B-621BA33,10,10,CAFIN
352B-621CA30,10,10,CAFIN
352B-621CA33,10,10,CAFIN
352B-621GA30,10,10,CAFIN
352B-621GA38,10,10,CAFIN
352B-621GB30,10,10,CAFIN
352B-621GB38,10,10,CAFIN
352B-622AA30,10,10,CAFIN
352B-622AA33,10,10,CAFIN
352B-622AA34,10,10,CAFIN
352B-622AA38,10,10,CAFIN
352B-623AA30,10,10,CAFIN
352B-623AA33,10,10,CAFIN
352B-623AA34,10,10,CAFIN
352B-671AA33,10,10,CAFIN
352B-672AA33,10,10,CAFIN
352B-672BA33,10,10,CAFIN
352B-673AA33,10,10,CAFIN
352B-674AA33,10,10,CAFIN
352B-676AA33,10,10,CAFIN
352B-677AA33,10,10,CAFIN
352B-678AA33,10,10,CAFIN
352B-680AA33,10,10,CAFIN
3535-511AA38,10,10,CAFIN
3535-512AA30,10,10,CAFIN
3535-518AA38,10,10,CAFIN
3535-566AA38,10,10,CAFIN
3538-505AA12,10,10,CAFIN
3538-505AA14,10,10,CAFIN
3538-505AA16,10,10,CAFIN
3538-505AA24,10,10,CAFIN
3538-505AA30,10,10,CAFIN
3538-505AA32,10,10,CAFIN
3538-505AA34,10,10,CAFIN
3538-505AA38,10,10,CAFIN
3538-505BA12,10,10,CAFIN
3538-505BA14,10,10,CAFIN
3538-505BA16,10,10,CAFIN
3538-505BA24,10,10,CAFIN
3538-505BA30,10,10,CAFIN
3538-505BA32,10,10,CAFIN
3538-505BA34,10,10,CAFIN
3538-505BA38,10,10,CAFIN
3538-511AA12,10,10,CAFIN
3538-511AA24,10,10,CAFIN
3538-511AA30,10,10,CAFIN
3538-511AA38,10,10,CAFIN
3538-511BA30,10,10,CAFIN
3538-511BA38,10,10,CAFIN
3538-511CA30,10,10,CAFIN
3538-512AA12,10,10,CAFIN
3538-512AA14,10,10,CAFIN
3538-512AA16,10,10,CAFIN
3538-512AA24,10,10,CAFIN
3538-512AA26,10,10,CAFIN
3538-512AA30,10,10,CAFIN
3538-512AA32,10,10,CAFIN
3538-512AA34,10,10,CAFIN
3538-512AA38,10,10,CAFIN
3538-512CA30,10,10,CAFIN
3538-512CA34,10,10,CAFIN
3538-513AA12,10,10,CAFIN
3538-513AA14,10,10,CAFIN
3538-513AA16,10,10,CAFIN
3538-513AA24,10,10,CAFIN
3538-513AA26,10,10,CAFIN
3538-513AA30,10,10,CAFIN
3538-513AA32,10,10,CAFIN
3538-513AA34,10,10,CAFIN
3538-513AA38,10,10,CAFIN
3538-513CA30,10,10,CAFIN
3538-513CA34,10,10,CAFIN
3538-514AA12,10,10,CAFIN
3538-514AA14,10,10,CAFIN
3538-514AA16,10,10,CAFIN
3538-514AA24,10,10,CAFIN
3538-514AA30,10,10,CAFIN
3538-514AA34,10,10,CAFIN
3538-514AA38,10,10,CAFIN
3538-514BA26,10,10,CAFIN
3538-514BA30,10,10,CAFIN
3538-514BA32,10,10,CAFIN
3538-514BA34,10,10,CAFIN
3538-514BA38,10,10,CAFIN
3538-514CA30,10,10,CAFIN
3538-514CA34,10,10,CAFIN
3538-515AA30,10,10,CAFIN
3538-515AA34,10,10,CAFIN
3538-515AA38,10,10,CAFIN
3538-516AA12,10,10,CAFIN
3538-516AA14,10,10,CAFIN
3538-516AA16,10,10,CAFIN
3538-516AA24,10,10,CAFIN
3538-516AA26,10,10,CAFIN
3538-516AA30,10,10,CAFIN
3538-516AA32,10,10,CAFIN
3538-516AA34,10,10,CAFIN
3538-516AA38,10,10,CAFIN
3538-516AB16,10,10,CAFIN
3538-516BA30,10,10,CAFIN
3538-516BA34,10,10,CAFIN
3538-517AA12,10,10,CAFIN
3538-517AA14,10,10,CAFIN
3538-517AA16,10,10,CAFIN
3538-517AA24,10,10,CAFIN
3538-517AA26,10,10,CAFIN
3538-517AA30,10,10,CAFIN
3538-517AA34,10,10,CAFIN
3538-517AA38,10,10,CAFIN
3538-517AB16,10,10,CAFIN
3538-518AA12,10,10,CAFIN
3538-518AA14,10,10,CAFIN
3538-518AA16,10,10,CAFIN
3538-518AA24,10,10,CAFIN
3538-518AA26,10,10,CAFIN
3538-518AA30,10,10,CAFIN
3538-518AA34,10,10,CAFIN
3538-518AB16,10,10,CAFIN
3538-518AB30,10,10,CAFIN
3538-518AB34,10,10,CAFIN
3538-518AC16,10,10,CAFIN
3538-522AA30,10,10,CAFIN
3538-522AA34,10,10,CAFIN
3538-522BA30,10,10,CAFIN
3538-522BA34,10,10,CAFIN
3538-523AA30,10,10,CAFIN
3538-523AA34,10,10,CAFIN
3538-523BA30,10,10,CAFIN
3538-523BA34,10,10,CAFIN
3538-524AA30,10,10,CAFIN
3538-524AA34,10,10,CAFIN
3538-524BA30,10,10,CAFIN
3538-524BA34,10,10,CAFIN
3538-531AA16,10,10,CAFIN
3538-531AA30,10,10,CAFIN
3538-532AA16,10,10,CAFIN
3538-532AA30,10,10,CAFIN
3538-533AA16,10,10,CAFIN
3538-533AA30,10,10,CAFIN
3538-534AA30,10,10,CAFIN
3538-535AA30,10,10,CAFIN
3538-536AA30,10,10,CAFIN
3538-537AA30,10,10,CAFIN
3538-538AA30,10,10,CAFIN
3538-541AA12,10,10,CAFIN
3538-541AA14,10,10,CAFIN
3538-541AA16,10,10,CAFIN
3538-541AA24,10,10,CAFIN
3538-541AA30,10,10,CAFIN
3538-541AA38,10,10,CAFIN
3538-541AB,10,10,CAFIN
3538-541AB30,10,10,CAFIN
3538-541AB32,10,10,CAFIN
3538-541AB34,10,10,CAFIN
3538-542AA12,10,10,CAFIN
3538-542AA14,10,10,CAFIN
3538-542AA16,10,10,CAFIN
3538-542AA24,10,10,CAFIN
3538-542AA30,10,10,CAFIN
3538-542AA32,10,10,CAFIN
3538-542AA34,10,10,CAFIN
3538-542AA38,10,10,CAFIN
3538-566AA12,10,10,CAFIN
3538-566AA14,10,10,CAFIN
3538-566AA16,10,10,CAFIN
3538-566AA24,10,10,CAFIN
3538-566AA30,10,10,CAFIN
3538-566AA34,10,10,CAFIN
3538-566AB30,10,10,CAFIN
3538-566AB32,10,10,CAFIN
3538-566AB34,10,10,CAFIN
3538-566AB38,10,10,CAFIN
3538-566BA12,10,10,CAFIN
3538-566BA14,10,10,CAFIN
3538-566BA16,10,10,CAFIN
3538-566BA24,10,10,CAFIN
3538-566BA30,10,10,CAFIN
3538-566BA32,10,10,CAFIN
3538-566BA34,10,10,CAFIN
3538-566BA38,10,10,CAFIN
3538-566CA12,10,10,CAFIN
3538-566CA14,10,10,CAFIN
3538-566CA16,10,10,CAFIN
3538-566CA24,10,10,CAFIN
3538-566CA30,10,10,CAFIN
3538-566CA32,10,10,CAFIN
3538-566CA34,10,10,CAFIN
3538-566CA38,10,10,CAFIN
3538-566DA12,10,10,CAFIN
3538-566DA14,10,10,CAFIN
3538-566DA16,10,10,CAFIN
3538-566DA24,10,10,CAFIN
3538-566DA30,10,10,CAFIN
3538-566DA32,10,10,CAFIN
3538-566DA34,10,10,CAFIN
3538-566DA38,10,10,CAFIN
3538-569AA12,10,10,CAFIN
3538-569AA14,10,10,CAFIN
3538-569AA16,10,10,CAFIN
3538-569AA24,10,10,CAFIN
3538-569AA30,10,10,CAFIN
3538-569AA34,10,10,CAFIN
3538-569AA38,10,10,CAFIN
3538-569AB30,10,10,CAFIN
3538-569AB34,10,10,CAFIN
3538-569AB38,10,10,CAFIN
3538-569AC32,10,10,CAFIN
3538-569BA12,10,10,CAFIN
3538-569BA14,10,10,CAFIN
3538-569BA16,10,10,CAFIN
3538-569BA24,10,10,CAFIN
3538-569BA30,10,10,CAFIN
3538-569BA32,10,10,CAFIN
3538-569BA34,10,10,CAFIN
3538-569BA38,10,10,CAFIN
3538-569CA34,10,10,CAFIN
3538-570AA12,10,10,CAFIN
3538-570AA14,10,10,CAFIN
3538-570AA16,10,10,CAFIN
3538-570AA24,10,10,CAFIN
3538-570AA30,10,10,CAFIN
3538-570AA34,10,10,CAFIN
3538-570AA38,10,10,CAFIN
3538-570AB30,10,10,CAFIN
3538-570AB34,10,10,CAFIN
3538-570AB38,10,10,CAFIN
3538-570AC30,10,10,CAFIN
3538-570AC32,10,10,CAFIN
3538-570AC34,10,10,CAFIN
3538-570AC38,10,10,CAFIN
3538-570BA12,10,10,CAFIN
3538-570BA14,10,10,CAFIN
3538-570BA16,10,10,CAFIN
3538-570BA24,10,10,CAFIN
3538-570BA30,10,10,CAFIN
3538-570BA34,10,10,CAFIN
3538-570BB30,10,10,CAFIN
3538-570BB34,10,10,CAFIN
3538-570BC30,10,10,CAFIN
3538-570BC34,10,10,CAFIN
3538-570BC38,10,10,CAFIN
3538-570BD30,10,10,CAFIN
3538-570BD32,10,10,CAFIN
3538-570BD34,10,10,CAFIN
3538-570BD38,10,10,CAFIN
3538-570CA12,10,10,CAFIN
3538-570CA14,10,10,CAFIN
3538-570CA16,10,10,CAFIN
3538-570CA24,10,10,CAFIN
3538-570CA30,10,10,CAFIN
3538-570CA34,10,10,CAFIN
3538-570CA38,10,10,CAFIN
3538-570CB30,10,10,CAFIN
3538-570CB32,10,10,CAFIN
3538-570CB34,10,10,CAFIN
3538-570CB38,10,10,CAFIN
3538-591AA12,10,10,CAFIN
3538-591AA14,10,10,CAFIN
3538-591AA16,10,10,CAFIN
3538-591AA24,10,10,CAFIN
3538-591AA30,10,10,CAFIN
3538-591AA34,10,10,CAFIN
3538-591BA30,10,10,CAFIN
3538-591BA34,10,10,CAFIN
3538-592AA12,10,10,CAFIN
3538-592AA14,10,10,CAFIN
3538-592AA16,10,10,CAFIN
3538-592AA24,10,10,CAFIN
3538-592AA30,10,10,CAFIN
3538-592AA34,10,10,CAFIN
3538-592AB30,10,10,CAFIN
3538-592AB34,10,10,CAFIN
3538-592BA12,10,10,CAFIN
3538-592BA14,10,10,CAFIN
3538-592BA16,10,10,CAFIN
3538-592BA24,10,10,CAFIN
3538-593AA12,10,10,CAFIN
3538-593AA14,10,10,CAFIN
3538-593AA16,10,10,CAFIN
3538-593AA24,10,10,CAFIN
3538-593AA30,10,10,CAFIN
3538-593AA34,10,10,CAFIN
3538-611AA14,10,10,CAFIN
3538-611AA16,10,10,CAFIN
3538-611AA24,10,10,CAFIN
3538-611AA26,10,10,CAFIN
3538-611AA30,10,10,CAFIN
3538-611AA34,10,10,CAFIN
3538-611AA38,10,10,CAFIN
3538-611AB30,10,10,CAFIN
3538-611AB34,10,10,CAFIN
3538-611BA24,10,10,CAFIN
3538-611BA26,10,10,CAFIN
3538-611BA30,10,10,CAFIN
3538-611BA34,10,10,CAFIN
3538-611BA38,10,10,CAFIN
3538-611BB30,10,10,CAFIN
3538-611BB34,10,10,CAFIN
3538-612AA12,10,10,CAFIN
3538-612AA14,10,10,CAFIN
3538-612AA16,10,10,CAFIN
3538-612AA24,10,10,CAFIN
3538-612AA26,10,10,CAFIN
3538-612AA30,10,10,CAFIN
3538-612AA34,10,10,CAFIN
3538-612AA38,10,10,CAFIN
3538-612AB30,10,10,CAFIN
3538-612AB34,10,10,CAFIN
3538-612BA30,10,10,CAFIN
3538-612BA34,10,10,CAFIN
354-504A30,10,10,CAFIN
354-504B30,10,10,CAFIN
354-505A30,10,10,CAFIN
354-511A30,10,10,CAFIN
354-511LA30,10,10,CAFIN
354-512A30,10,10,CAFIN
354-512AL30,10,10,CAFIN
354-512LA30,10,10,CAFIN
354-512LB30,10,10,CAFIN
354-513A30,10,10,CAFIN
354-513AL30,10,10,CAFIN
354-521A30,10,10,CAFIN
354-531A30,10,10,CAFIN
354-533A30,10,10,CAFIN
354-541A30,10,10,CAFIN
354-542A30,10,10,CAFIN
354-606A30,10,10,CAFIN
354-606B30,10,10,CAFIN
354-612A30,10,10,CAFIN
354-614A30,10,10,CAFIN
354-614B30,10,10,CAFIN
354-621AB30,10,10,CAFIN
354-621AC30,10,10,CAFIN
354-621BA30,10,10,CAFIN
354-622AB30,10,10,CAFIN
354-622AC30,10,10,CAFIN
354-623A30,10,10,CAFIN
354-624AA30,10,10,CAFIN
354-625A30,10,10,CAFIN
354-627A30,10,10,CAFIN
354-628AA30,10,10,CAFIN
3540-505AA34,10,10,CAFIN
3540-505BA34,10,10,CAFIN
3540-512AA34,10,10,CAFIN
3540-513AA34,10,10,CAFIN
3540-514AA34,10,10,CAFIN
3540-516AA34,10,10,CAFIN
3540-516BA34,10,10,CAFIN
3540-517AA34,10,10,CAFIN
3540-518AA34,10,10,CAFIN
3540-566AA34,10,10,CAFIN
3540-566CA34,10,10,CAFIN
3540-569AA34,10,10,CAFIN
3540-569BA34,10,10,CAFIN
3540-591AA34,10,10,CAFIN
3540-611AA34,10,10,CAFIN
3540-611BA34,10,10,CAFIN
3540-612AA34,10,10,CAFIN
3541-511BA30,10,10,CAFIN
3541-511BB30,10,10,CAFIN
3541-512AA34,10,10,CAFIN
3541-512AB34,10,10,CAFIN
3541-513AA34,10,10,CAFIN
3541-513AB34,10,10,CAFIN
3541-514AA34,10,10,CAFIN
3541-514AB34,10,10,CAFIN
3541-515AA34,10,10,CAFIN
3541-611AA34,10,10,CAFIN
3541-611BA34,10,10,CAFIN
3542-511AA12,10,10,CAFIN
3542-511AA16,10,10,CAFIN
3542-511AA30,10,10,CAFIN
3542-511BA12,10,10,CAFIN
3542-511BA16,10,10,CAFIN
3542-511BA30,10,10,CAFIN
3542-511CA30,10,10,CAFIN
3542-511DA30,10,10,CAFIN
3542-511EA30,10,10,CAFIN
3542-512AA12,10,10,CAFIN
3542-512AA14,10,10,CAFIN
3542-512AA16,10,10,CAFIN
3542-512BA30,10,10,CAFIN
3542-512BA34,10,10,CAFIN
3542-512CA30,10,10,CAFIN
3542-512CA34,10,10,CAFIN
3542-513AA30,10,10,CAFIN
3542-513AA32,10,10,CAFIN
3542-513AA34,10,10,CAFIN
3542-514AA30,10,10,CAFIN
3542-514AA34,10,10,CAFIN
3542-515AA30,10,10,CAFIN
3542-515AA34,10,10,CAFIN
3542-522AA30,10,10,CAFIN
3542-522AA34,10,10,CAFIN
3542-532AA34,10,10,CAFIN
3542-533AA34,10,10,CAFIN
3542-534AA34,10,10,CAFIN
3542-541AA30,10,10,CAFIN
3542-541BA30,10,10,CAFIN
3542-542AA30,10,10,CAFIN
3542-545AA30,10,10,CAFIN
3542-552AA34,10,10,CAFIN
3542-554AA34,10,10,CAFIN
3542-554CA34,10,10,CAFIN
3542-555AA34,10,10,CAFIN
3542-611AA12,10,10,CAFIN
3542-611AA14,10,10,CAFIN
3542-611AA16,10,10,CAFIN
3542-611AA30,10,10,CAFIN
3542-611AA34,10,10,CAFIN
3542-611AB30,10,10,CAFIN
3542-611AB34,10,10,CAFIN
3542-611BA30,10,10,CAFIN
3542-611BA34,10,10,CAFIN
3542-611BB30,10,10,CAFIN
3542-611BB34,10,10,CAFIN
3542-612AA12,10,10,CAFIN
3542-612AA14,10,10,CAFIN
3542-612AA16,10,10,CAFIN
3542-612AA30,10,10,CAFIN
3542-612AA34,10,10,CAFIN
3542-612AB16,10,10,CAFIN
3542-612AB30,10,10,CAFIN
3542-612AB34,10,10,CAFIN
3542-612BA30,10,10,CAFIN
3542-612BA34,10,10,CAFIN
3542-612BB30,10,10,CAFIN
3542-612BB34,10,10,CAFIN
3542-613AA34,10,10,CAFIN
3542-613BA34,10,10,CAFIN
3542-614AA34,10,10,CAFIN
3542-621AA34,10,10,CAFIN
3542-621BA34,10,10,CAFIN
3542-622AA34,10,10,CAFIN
3542-622BA34,10,10,CAFIN
3549-505AA34,10,10,CAFIN
3549-505BA34,10,10,CAFIN
3549-505CA34,10,10,CAFIN
3549-523AA34,10,10,CAFIN
3549-524AA34,10,10,CAFIN
3549-525AA34,10,10,CAFIN
3549-526AA34,10,10,CAFIN
3549-527AA34,10,10,CAFIN
3549-528AA34,10,10,CAFIN
3549-531AA34,10,10,CAFIN
3549-532AA34,10,10,CAFIN
3549-533AA34,10,10,CAFIN
3549-535AA34,10,10,CAFIN
3549-541AA34,10,10,CAFIN
3549-542AA34,10,10,CAFIN
3549-543AA34,10,10,CAFIN
3549-544AA34,10,10,CAFIN
3549-545AA34,10,10,CAFIN
3549-615AA34,10,10,CAFIN
3549-616AA34,10,10,CAFIN
3549-621AA34,10,10,CAFIN
3549-622AA34,10,10,CAFIN
3549-623AA34,10,10,CAFIN
3549-624AA34,10,10,CAFIN
355-504,10,10,CAFIN
355-504A33,10,10,CAFIN
355-505,10,10,CAFIN
355-505A33,10,10,CAFIN
355-511,10,10,CAFIN
355-511B,10,10,CAFIN
355-511CA,10,10,CAFIN
355-511LA30,10,10,CAFIN
355-512,10,10,CAFIN
355-512A33,10,10,CAFIN
355-513,10,10,CAFIN
355-513A33,10,10,CAFIN
355-513AL33,10,10,CAFIN
355-513L,10,10,CAFIN
355-514,10,10,CAFIN
355-514A33,10,10,CAFIN
355-514AL33,10,10,CAFIN
355-514L,10,10,CAFIN
355-515,10,10,CAFIN
355-516,10,10,CAFIN
355-516A33,10,10,CAFIN
355-516GA30,10,10,CAFIN
355-517,10,10,CAFIN
355-517A33,10,10,CAFIN
355-518,10,10,CAFIN
355-518A33,10,10,CAFIN
355-518GA30,10,10,CAFIN
355-519ZA33,10,10,CAFIN
355-532AA30,10,10,CAFIN
355-533AA30,10,10,CAFIN
355-541,10,10,CAFIN
355-541A33,10,10,CAFIN
355-562AA33,10,10,CAFIN
355-606C30,10,10,CAFIN
355-606C33,10,10,CAFIN
355-606D30,10,10,CAFIN
355-606D33,10,10,CAFIN
355-611A30,10,10,CAFIN
355-611A33,10,10,CAFIN
355-611B30,10,10,CAFIN
355-611B33,10,10,CAFIN
355-611CA33,10,10,CAFIN
355-611L30,10,10,CAFIN
355-611L33,10,10,CAFIN
355-612A33,10,10,CAFIN
355-612AB30,10,10,CAFIN
355-612AB33,10,10,CAFIN
355-613A30,10,10,CAFIN
355-613BA30,10,10,CAFIN
355-613GA30,10,10,CAFIN
355-614A30,10,10,CAFIN
355-614B30,10,10,CAFIN
355-614C30,10,10,CAFIN
355-615A30,10,10,CAFIN
355-615A33,10,10,CAFIN
355-616A30,10,10,CAFIN
355-616A33,10,10,CAFIN
355-617A30,10,10,CAFIN
355-617A33,10,10,CAFIN
355-618A30,10,10,CAFIN
355-618A33,10,10,CAFIN
355-619A30,10,10,CAFIN
355-619A33,10,10,CAFIN
355-620A30,10,10,CAFIN
355-620A33,10,10,CAFIN
355-621A30,10,10,CAFIN
355-621A33,10,10,CAFIN
355-622A30,10,10,CAFIN
355-622A33,10,10,CAFIN
355-662AA33,10,10,CAFIN
3550-511AA30,10,10,CAFIN
3550-511BA30,10,10,CAFIN
3550-512AA34,10,10,CAFIN
3550-513AA34,10,10,CAFIN
3550-514AA34,10,10,CAFIN
3550-516AA34,10,10,CAFIN
3550-516BA34,10,10,CAFIN
3550-517AA34,10,10,CAFIN
3550-517BA34,10,10,CAFIN
3550-518AA34,10,10,CAFIN
3550-518AB34,10,10,CAFIN
3550-518BA34,10,10,CAFIN
3550-591AA34,10,10,CAFIN
3550-592AA34,10,10,CAFIN
3550-592AB34,10,10,CAFIN
3550-593AA34,10,10,CAFIN
3550-611AA34,10,10,CAFIN
3550-611AB34,10,10,CAFIN
3550-611PA34,10,10,CAFIN
3550-611PB34,10,10,CAFIN
3550-612AA34,10,10,CAFIN
3550-612AB34,10,10,CAFIN
3550-613AA34,10,10,CAFIN
3550-613AB34,10,10,CAFIN
3551-505AA34,10,10,CAFIN
3551-505BA34,10,10,CAFIN
3551-511AA30,10,10,CAFIN
3551-512AA34,10,10,CAFIN
3551-512AB34,10,10,CAFIN
3551-513AA34,10,10,CAFIN
3551-513AB34,10,10,CAFIN
3551-513AC34,10,10,CAFIN
3551-514AA34,10,10,CAFIN
3551-514AB34,10,10,CAFIN
3551-514BA34,10,10,CAFIN
3551-514BB34,10,10,CAFIN
3551-514PA34,10,10,CAFIN
3551-514PB34,10,10,CAFIN
3551-515AA34,10,10,CAFIN
3551-516AA34,10,10,CAFIN
3551-516BA34,10,10,CAFIN
3551-516CA34,10,10,CAFIN
3551-517AA34,10,10,CAFIN
3551-518AA34,10,10,CAFIN
3551-518BA34,10,10,CAFIN
3551-522AB34,10,10,CAFIN
3551-541AA34,10,10,CAFIN
3551-542AA34,10,10,CAFIN
3551-566AA34,10,10,CAFIN
3551-566BA34,10,10,CAFIN
3551-566CA34,10,10,CAFIN
3551-566DA34,10,10,CAFIN
3551-569AA34,10,10,CAFIN
3551-569BA34,10,10,CAFIN
3551-570AA34,10,10,CAFIN
3551-570BA34,10,10,CAFIN
3551-571AA34,10,10,CAFIN
3551-571BA34,10,10,CAFIN
3551-572AA34,10,10,CAFIN
3551-572AB34,10,10,CAFIN
3551-592AA34,10,10,CAFIN
3551-611AA34,10,10,CAFIN
3551-611PA34,10,10,CAFIN
3551-612AA34,10,10,CAFIN
3552-511BA30,10,10,CAFIN
3552-512AA34,10,10,CAFIN
3552-512AB34,10,10,CAFIN
3552-514AA34,10,10,CAFIN
3552-515AA34,10,10,CAFIN
3552-611AA34,10,10,CAFIN
3552-611PA34,10,10,CAFIN
3552-612AA34,10,10,CAFIN
3552-612PA34,10,10,CAFIN
3553-511AA30,10,10,CAFIN
3553-512AA34,10,10,CAFIN
3553-513AA34,10,10,CAFIN
3553-514AA34,10,10,CAFIN
3553-522AA34,10,10,CAFIN
3553-523AA34,10,10,CAFIN
3553-524AA34,10,10,CAFIN
3553-591AA34,10,10,CAFIN
3553-611AA34,10,10,CAFIN
3553-611PA34,10,10,CAFIN
3553-612AA34,10,10,CAFIN
3553-612PA34,10,10,CAFIN
3553-613AA34,10,10,CAFIN
3554-505AA30,10,10,CAFIN
3554-505AA34,10,10,CAFIN
3554-511AA30,10,10,CAFIN
3554-511AA34,10,10,CAFIN
3554-511BA30,10,10,CAFIN
3554-511CA30,10,10,CAFIN
3554-512AA,10,10,CAFIN
3554-512BA,10,10,CAFIN
3554-512CA,10,10,CAFIN
3554-513AA,10,10,CAFIN
3554-514AA30,10,10,CAFIN
3554-514AA34,10,10,CAFIN
3554-514BA30,10,10,CAFIN
3554-514BA34,10,10,CAFIN
3554-515AA30,10,10,CAFIN
3554-515AA34,10,10,CAFIN
3554-516AA,10,10,CAFIN
3554-517AA30,10,10,CAFIN
3554-517AA34,10,10,CAFIN
3554-518AA30,10,10,CAFIN
3554-518AA34,10,10,CAFIN
3554-519AA30,10,10,CAFIN
3554-519AA34,10,10,CAFIN
3554-520AA30,10,10,CAFIN
3554-520AA34,10,10,CAFIN
3554-521AA30,10,10,CAFIN
3554-521AA34,10,10,CAFIN
3554-521BA30,10,10,CAFIN
3554-521BA34,10,10,CAFIN
3554-522AA30,10,10,CAFIN
3554-522AA34,10,10,CAFIN
3554-523AA30,10,10,CAFIN
3554-523AA34,10,10,CAFIN
3554-524AA30,10,10,CAFIN
3554-524AA34,10,10,CAFIN
3554-525AA30,10,10,CAFIN
3554-525AA34,10,10,CAFIN
3554-531AA30,10,10,CAFIN
3554-541AA30,10,10,CAFIN
3554-541AA34,10,10,CAFIN
3554-542AA30,10,10,CAFIN
3554-543AA30,10,10,CAFIN
3554-544AA30,10,10,CAFIN
3554-544AA34,10,10,CAFIN
3554-544BA30,10,10,CAFIN
3554-544BA34,10,10,CAFIN
3554-545AA30,10,10,CAFIN
3554-545AA34,10,10,CAFIN
3554-545BA30,10,10,CAFIN
3554-545BA34,10,10,CAFIN
3554-546AA30,10,10,CAFIN
3554-546AA34,10,10,CAFIN
3554-546BA30,10,10,CAFIN
3554-546BA34,10,10,CAFIN
3554-547AA30,10,10,CAFIN
3554-547AA34,10,10,CAFIN
3554-548AA30,10,10,CAFIN
3554-548AB30,10,10,CAFIN
3554-548AB34,10,10,CAFIN
3554-549AA30,10,10,CAFIN
3554-549AA34,10,10,CAFIN
3554-551AA30,10,10,CAFIN
3554-551AA34,10,10,CAFIN
3554-551BA30,10,10,CAFIN
3554-551BA34,10,10,CAFIN
3554-552AA30,10,10,CAFIN
3554-552AA34,10,10,CAFIN
3554-561AA34,10,10,CAFIN
3554-562AA34,10,10,CAFIN
3554-563AA34,10,10,CAFIN
3554-564AA34,10,10,CAFIN
3554-565AA34,10,10,CAFIN
3554-565AB34,10,10,CAFIN
3554-566AA34,10,10,CAFIN
3554-567AA34,10,10,CAFIN
3554-568AA34,10,10,CAFIN
3554-568AB34,10,10,CAFIN
3554-569AA34,10,10,CAFIN
3554-570AA34,10,10,CAFIN
3554-591AA30,10,10,CAFIN
3554-591AA34,10,10,CAFIN
3554-592AA30,10,10,CAFIN
3554-592AA34,10,10,CAFIN
3554-593AA30,10,10,CAFIN
3554-593AA34,10,10,CAFIN
3554-593AB30,10,10,CAFIN
3554-611AA30,10,10,CAFIN
3554-611AA34,10,10,CAFIN
3554-612AA30,10,10,CAFIN
3554-613AA30,10,10,CAFIN
3554-614AA30,10,10,CAFIN
3554-614BA30,10,10,CAFIN
3554-615AA30,10,10,CAFIN
3554-615AA34,10,10,CAFIN
3554-616AA30,10,10,CAFIN
3554-616AA34,10,10,CAFIN
3554-624AA30,10,10,CAFIN
3554-624BA30,10,10,CAFIN
3554-631AA30,10,10,CAFIN
3554-631BA30,10,10,CAFIN
3554-631CA30,10,10,CAFIN
3554-631CA34,10,10,CAFIN
3554-632AA30,10,10,CAFIN
3554-632BA30,10,10,CAFIN
3554-633AA30,10,10,CAFIN
3554-634AA30,10,10,CAFIN
3554-634BA30,10,10,CAFIN
3554-635AA30,10,10,CAFIN
3554-635AB30,10,10,CAFIN
3554-635AB34,10,10,CAFIN
3554-635BA30,10,10,CAFIN
3554-635BA34,10,10,CAFIN
3554-641AA34,10,10,CAFIN
3554-642AA34,10,10,CAFIN
3554-643AA34,10,10,CAFIN
3554-643BA34,10,10,CAFIN
3554-644AA34,10,10,CAFIN
3557-511BA34,10,10,CAFIN
3557-511BB34,10,10,CAFIN
3557-511CA34,10,10,CAFIN
3557-512AA30,10,10,CAFIN
3557-512AA34,10,10,CAFIN
3557-513AA30,10,10,CAFIN
3557-513AA34,10,10,CAFIN
3557-513AB34,10,10,CAFIN
3557-514AA30,10,10,CAFIN
3557-514AA34,10,10,CAFIN
3557-514AB34,10,10,CAFIN
3557-515AA30,10,10,CAFIN
3557-515AA34,10,10,CAFIN
3557-515BA34,10,10,CAFIN
3557-516AA30,10,10,CAFIN
3557-516AA34,10,10,CAFIN
3557-522AA30,10,10,CAFIN
3557-522AA34,10,10,CAFIN
3557-525AA34,10,10,CAFIN
3557-591AA30,10,10,CAFIN
3557-591AA34,10,10,CAFIN
3557-611AA30,10,10,CAFIN
3557-611AA34,10,10,CAFIN
3557-611AB34,10,10,CAFIN
3557-612AA30,10,10,CAFIN
3557-612AA34,10,10,CAFIN
3557-612AB34,10,10,CAFIN
3557-612AC34,10,10,CAFIN
3557-614AA30,10,10,CAFIN
3557-614AA34,10,10,CAFIN
3557-621AA30,10,10,CAFIN
3557-621AA34,10,10,CAFIN
3557-621AB34,10,10,CAFIN
3557-621BA30,10,10,CAFIN
3557-621BA34,10,10,CAFIN
3557-631AA30,10,10,CAFIN
3557-631AA34,10,10,CAFIN
3557-632AA30,10,10,CAFIN
3557-632AA34,10,10,CAFIN
3557-641AA30,10,10,CAFIN
3557-641AA34,10,10,CAFIN
3557-641AB34,10,10,CAFIN
3558-505AA34,10,10,CAFIN
3558-505BA34,10,10,CAFIN
3558-505BB34,10,10,CAFIN
3558-505CA34,10,10,CAFIN
3558-511AA34,10,10,CAFIN
3558-512AA34,10,10,CAFIN
3558-513AA34,10,10,CAFIN
3558-514AA34,10,10,CAFIN
3558-514AB34,10,10,CAFIN
3558-515AA34,10,10,CAFIN
3558-516AA34,10,10,CAFIN
3558-516AB34,10,10,CAFIN
3558-517AA34,10,10,CAFIN
3558-518AA34,10,10,CAFIN
3558-522AA34,10,10,CAFIN
3558-523AA34,10,10,CAFIN
3558-524AA34,10,10,CAFIN
3558-524AB34,10,10,CAFIN
3558-532AA34,10,10,CAFIN
3558-533AA34,10,10,CAFIN
3558-534AA34,10,10,CAFIN
3558-591AA34,10,10,CAFIN
3558-592AA34,10,10,CAFIN
3558-593AA34,10,10,CAFIN
3558-611AA34,10,10,CAFIN
3558-611AB34,10,10,CAFIN
3558-612AA34,10,10,CAFIN
3558-613AA34,10,10,CAFIN
3558-613AB34,10,10,CAFIN
3558-613BA34,10,10,CAFIN
3558-615AA36,10,10,CAFIN
3558-615AB36,10,10,CAFIN
3558-621AA34,10,10,CAFIN
3558-622AA34,10,10,CAFIN
3558-631AA34,10,10,CAFIN
3558-632AA34,10,10,CAFIN
3558-641AA34,10,10,CAFIN
3558-642AA34,10,10,CAFIN
3558-651AA34,10,10,CAFIN
3558-651AB34,10,10,CAFIN
3558-691AA34,10,10,CAFIN
3559-511AA30,10,10,CAFIN
3559-611AA30,10,10,CAFIN
3559-611AA34,10,10,CAFIN
3559-611BA34,10,10,CAFIN
3559-612AA30,10,10,CAFIN
3559-612AA34,10,10,CAFIN
3559-612BA30,10,10,CAFIN
3559-612BA34,10,10,CAFIN
3559-614AA30,10,10,CAFIN
3559-614AA34,10,10,CAFIN
3559-621AA30,10,10,CAFIN
3559-621AA34,10,10,CAFIN
3559-621BA34,10,10,CAFIN
3559-622AA30,10,10,CAFIN
3559-622AA34,10,10,CAFIN
3561-511AA34,10,10,CAFIN
3561-512AA34,10,10,CAFIN
3561-515AA34,10,10,CAFIN
3561-522AA34,10,10,CAFIN
3561-522AB34,10,10,CAFIN
3561-523AA34,10,10,CAFIN
3561-523AB34,10,10,CAFIN
3561-524AA34,10,10,CAFIN
3561-524AB34,10,10,CAFIN
3561-591AA34,10,10,CAFIN
3561-592AA34,10,10,CAFIN
3561-594AA34,10,10,CAFIN
3561-611AA34,10,10,CAFIN
3561-611AB34,10,10,CAFIN
3561-612AA34,10,10,CAFIN
3561-614AA34,10,10,CAFIN
3561-621AA34,10,10,CAFIN
3561-621AB34,10,10,CAFIN
3561-631AA34,10,10,CAFIN
3561-641AA34,10,10,CAFIN
3561-641AB34,10,10,CAFIN
3561-651AA34,10,10,CAFIN
3561-651AB34,10,10,CAFIN
3561-691AA34,10,10,CAFIN
3562-511AA34,10,10,CAFIN
3562-511BA34,10,10,CAFIN
3562-511CA34,10,10,CAFIN
3562-513AA,10,10,CAFIN
3562-513AB,10,10,CAFIN
3562-513BA,10,10,CAFIN
3562-514AA34,10,10,CAFIN
3562-514AB34,10,10,CAFIN
3562-515AA34,10,10,CAFIN
3562-516AA34,10,10,CAFIN
3562-516AB34,10,10,CAFIN
3562-518AA34,10,10,CAFIN
3562-519AA34,10,10,CAFIN
3562-521AA34,10,10,CAFIN
3562-521BA34,10,10,CAFIN
3562-522AA34,10,10,CAFIN
3562-591AA34,10,10,CAFIN
3562-592AA34,10,10,CAFIN
3562-593AA34,10,10,CAFIN
3562-611AA34,10,10,CAFIN
3562-612AA34,10,10,CAFIN
3562-612BA34,10,10,CAFIN
3562-613AA34,10,10,CAFIN
3562-614AA34,10,10,CAFIN
3562-615AA34,10,10,CAFIN
3563-511AA34,10,10,CAFIN
3563-512AA34,10,10,CAFIN
3563-513AA34,10,10,CAFIN
3563-514AA34,10,10,CAFIN
3563-515AA34,10,10,CAFIN
3563-516AA34,10,10,CAFIN
3563-591AA34,10,10,CAFIN
3563-592AA34,10,10,CAFIN
3563-611AA34,10,10,CAFIN
3563-611PA34,10,10,CAFIN
360-519,10,10,CAFIN
360-612B,10,10,CAFIN
360-614,10,10,CAFIN
3602-505AA26,10,10,CAFIN
3602-505AA30,10,10,CAFIN
3602-505BA26,10,10,CAFIN
3602-505BA30,10,10,CAFIN
3602-512AA26,10,10,CAFIN
3602-512AA30,10,10,CAFIN
3602-512BA26,10,10,CAFIN
3602-512BA30,10,10,CAFIN
3602-513AA26,10,10,CAFIN
3602-513AA30,10,10,CAFIN
3602-513BA26,10,10,CAFIN
3602-513BA30,10,10,CAFIN
3602-514AA26,10,10,CAFIN
3602-514AA30,10,10,CAFIN
3602-515AA26,10,10,CAFIN
3602-515AA30,10,10,CAFIN
3602-516AA26,10,10,CAFIN
3602-516AA30,10,10,CAFIN
3602-517AA26,10,10,CAFIN
3602-517AA30,10,10,CAFIN
3602-518AA26,10,10,CAFIN
3602-518AA30,10,10,CAFIN
3602-519AA26,10,10,CAFIN
3602-520AA26,10,10,CAFIN
3602-611AA30,10,10,CAFIN
3602-611AB26,10,10,CAFIN
3602-611AB30,10,10,CAFIN
3602-611BA30,10,10,CAFIN
3602-611BB26,10,10,CAFIN
3602-611BB30,10,10,CAFIN
3602-612AA30,10,10,CAFIN
3602-612AB26,10,10,CAFIN
3602-612AB30,10,10,CAFIN
3602-612BA30,10,10,CAFIN
3602-612BB26,10,10,CAFIN
3602-612BB30,10,10,CAFIN
3602-613AA30,10,10,CAFIN
3602-613AB26,10,10,CAFIN
3602-613AB30,10,10,CAFIN
3602-613BA30,10,10,CAFIN
3602-614AA30,10,10,CAFIN
3602-614AB26,10,10,CAFIN
3602-614AB30,10,10,CAFIN
3602-614BA30,10,10,CAFIN
3602-614BB26,10,10,CAFIN
3602-614BB30,10,10,CAFIN
3602-614CA26,10,10,CAFIN
3602-614DA26,10,10,CAFIN
3602-615AA30,10,10,CAFIN
3602-615AB30,10,10,CAFIN
3602-615BA26,10,10,CAFIN
3602-616AA26,10,10,CAFIN
3602-621AA30,10,10,CAFIN
3602-621AB26,10,10,CAFIN
3602-621AB30,10,10,CAFIN
3602-622AA26,10,10,CAFIN
3602-622AA30,10,10,CAFIN
3602-625AA30,10,10,CAFIN
3602-625BA30,10,10,CAFIN
3602-627AA30,10,10,CAFIN
3602-627BA30,10,10,CAFIN
3602-627CA30,10,10,CAFIN
3602-628AA26,10,10,CAFIN
3602-628AA30,10,10,CAFIN
3602-628AB26,10,10,CAFIN
3602-628AB30,10,10,CAFIN
3602-628BA26,10,10,CAFIN
3602-628BA30,10,10,CAFIN
3602-628BB26,10,10,CAFIN
3602-628BB30,10,10,CAFIN
3602-628CA26,10,10,CAFIN
3602-628CB26,10,10,CAFIN
3602-631AA30,10,10,CAFIN
3602-631BA26,10,10,CAFIN
3602-631BA30,10,10,CAFIN
3602-631CA30,10,10,CAFIN
3602-631DA26,10,10,CAFIN
3602-631DA30,10,10,CAFIN
3602-632AA30,10,10,CAFIN
3602-632BA26,10,10,CAFIN
3602-632BA30,10,10,CAFIN
3602-632CA26,10,10,CAFIN
3602-632CA30,10,10,CAFIN
3603-511AA30,10,10,CAFIN
3603-511BA30,10,10,CAFIN
3603-512AA30,10,10,CAFIN
3603-513AA30,10,10,CAFIN
3603-514AA30,10,10,CAFIN
3603-515AA30,10,10,CAFIN
3603-516AA30,10,10,CAFIN
3603-518AA30,10,10,CAFIN
3603-611AA30,10,10,CAFIN
3603-611AB30,10,10,CAFIN
3603-611AL30,10,10,CAFIN
3603-611PB30,10,10,CAFIN
3603-612AA30,10,10,CAFIN
3603-612AB30,10,10,CAFIN
3603-613AA30,10,10,CAFIN
3603-613AB30,10,10,CAFIN
3603-613AC30,10,10,CAFIN
3603-614AA30,10,10,CAFIN
3603-615AA30,10,10,CAFIN
3603-621AA30,10,10,CAFIN
3603-621AL30,10,10,CAFIN
3603-622AA30,10,10,CAFIN
3603-623AA30,10,10,CAFIN
3603-624AA30,10,10,CAFIN
3603-625AA30,10,10,CAFIN
3603-626AA30,10,10,CAFIN
3603-631AA30,10,10,CAFIN
3603-632AA30,10,10,CAFIN
3603-641AA30,10,10,CAFIN
3603-641AB30,10,10,CAFIN
3603-642AA30,10,10,CAFIN
3603-643AA30,10,10,CAFIN
3603-644AA30,10,10,CAFIN
3606-511AA34,10,10,CAFIN
3609-505AA30,10,10,CAFIN
3609-505AA34,10,10,CAFIN
3609-511AA34,10,10,CAFIN
3609-512AA34,10,10,CAFIN
3609-512HA34,10,10,CAFIN
3609-512PA34,10,10,CAFIN
3609-512VA34,10,10,CAFIN
3609-513AA30,10,10,CAFIN
3609-513AA34,10,10,CAFIN
3609-513HA30,10,10,CAFIN
3609-513HA34,10,10,CAFIN
3609-513PA34,10,10,CAFIN
3609-513VA30,10,10,CAFIN
3609-513VA34,10,10,CAFIN
3609-514AA34,10,10,CAFIN
3609-514BA34,10,10,CAFIN
3609-514HA34,10,10,CAFIN
3609-514JA34,10,10,CAFIN
3609-514PA34,10,10,CAFIN
3609-514VA34,10,10,CAFIN
3609-516AA34,10,10,CAFIN
3609-516AB34,10,10,CAFIN
3609-516HA30,10,10,CAFIN
3609-516HA34,10,10,CAFIN
3609-517AA34,10,10,CAFIN
3609-517HA30,10,10,CAFIN
3609-517HA34,10,10,CAFIN
3609-518AA34,10,10,CAFIN
3609-518HA34,10,10,CAFIN
3609-611AA34,10,10,CAFIN
3609-611PA34,10,10,CAFIN
3609-612AA34,10,10,CAFIN
361-507BA30,10,10,CAFIN
361-515,10,10,CAFIN
361-606A,10,10,CAFIN
361-606B,10,10,CAFIN
361-618A,10,10,CAFIN
361-619A,10,10,CAFIN
361-633BA,10,10,CAFIN
3610-511AA34,10,10,CAFIN
3610-511BA34,10,10,CAFIN
3610-512AA34,10,10,CAFIN
3610-512BA34,10,10,CAFIN
3610-512PA34,10,10,CAFIN
3610-512QA34,10,10,CAFIN
3610-611AA34,10,10,CAFIN
3610-611PA34,10,10,CAFIN
3610-612AA34,10,10,CAFIN
3629-611AA30,10,10,CAFIN
3629-612AA30,10,10,CAFIN
3629-613AA30,10,10,CAFIN
3629-614AA30,10,10,CAFIN
3629-615AA30,10,10,CAFIN
3636-512AA26,10,10,CAFIN
3636-512AA30,10,10,CAFIN
3636-512AA32,10,10,CAFIN
3636-512AA34,10,10,CAFIN
3636-512AL26,10,10,CAFIN
3636-512AL30,10,10,CAFIN
3636-512AL34,10,10,CAFIN
3636-512LA32,10,10,CAFIN
3636-514AA26,10,10,CAFIN
3636-514AA30,10,10,CAFIN
3636-514AA32,10,10,CAFIN
3636-514AA34,10,10,CAFIN
3636-514AL26,10,10,CAFIN
3636-514AL30,10,10,CAFIN
3636-514AL34,10,10,CAFIN
3636-514GA26,10,10,CAFIN
3636-514GA30,10,10,CAFIN
3636-514GA32,10,10,CAFIN
3636-514GA34,10,10,CAFIN
3636-514LA32,10,10,CAFIN
3636-515AB30,10,10,CAFIN
3636-518AA26,10,10,CAFIN
3636-518AA30,10,10,CAFIN
3636-518AA34,10,10,CAFIN
3636-518AB26,10,10,CAFIN
3636-518AB30,10,10,CAFIN
3636-518AB32,10,10,CAFIN
3636-518AB34,10,10,CAFIN
3636-518BA30,10,10,CAFIN
3636-521AA30,10,10,CAFIN
3636-522AA30,10,10,CAFIN
3636-522AL30,10,10,CAFIN
3636-541AA26,10,10,CAFIN
3636-541AA30,10,10,CAFIN
3636-541AA32,10,10,CAFIN
3636-541AA34,10,10,CAFIN
3636-566AA30,10,10,CAFIN
3636-566AB26,10,10,CAFIN
3636-566AB30,10,10,CAFIN
3636-566AB32,10,10,CAFIN
3636-566AB34,10,10,CAFIN
3636-566AC26,10,10,CAFIN
3636-566AC30,10,10,CAFIN
3636-566AC34,10,10,CAFIN
3636-566AL30,10,10,CAFIN
3636-566PB26,10,10,CAFIN
3636-566PB30,10,10,CAFIN
3636-566PB32,10,10,CAFIN
3636-566PB34,10,10,CAFIN
3636-566PC26,10,10,CAFIN
3636-566PC30,10,10,CAFIN
3636-566PC34,10,10,CAFIN
3636-569AA30,10,10,CAFIN
3636-569AB30,10,10,CAFIN
3636-569AC26,10,10,CAFIN
3636-569AC30,10,10,CAFIN
3636-569AC32,10,10,CAFIN
3636-569AC34,10,10,CAFIN
3636-569BA30,10,10,CAFIN
3636-569BB30,10,10,CAFIN
3636-569BC26,10,10,CAFIN
3636-569BC30,10,10,CAFIN
3636-569BC32,10,10,CAFIN
3636-569BC34,10,10,CAFIN
3636-569CA30,10,10,CAFIN
3636-569CC26,10,10,CAFIN
3636-569CC30,10,10,CAFIN
3636-569CC32,10,10,CAFIN
3636-569CC34,10,10,CAFIN
3636-569DC26,10,10,CAFIN
3636-569DC30,10,10,CAFIN
3636-569DC32,10,10,CAFIN
3636-569DC34,10,10,CAFIN
3636-569EA30,10,10,CAFIN
3636-570AA30,10,10,CAFIN
3636-570AC26,10,10,CAFIN
3636-570AC30,10,10,CAFIN
3636-570AC34,10,10,CAFIN
3636-570BA30,10,10,CAFIN
3636-570BC26,10,10,CAFIN
3636-570BC30,10,10,CAFIN
3636-570BC32,10,10,CAFIN
3636-570BC34,10,10,CAFIN
3636-570BD26,10,10,CAFIN
3636-570BD30,10,10,CAFIN
3636-570BD34,10,10,CAFIN
3636-570CA30,10,10,CAFIN
3636-570CB26,10,10,CAFIN
3636-570CB30,10,10,CAFIN
3636-570CB32,10,10,CAFIN
3636-570CB34,10,10,CAFIN
3636-570CC26,10,10,CAFIN
3636-570CC30,10,10,CAFIN
3636-570CC34,10,10,CAFIN
3636-570DA30,10,10,CAFIN
3636-570DB30,10,10,CAFIN
3636-570DC26,10,10,CAFIN
3636-570DC30,10,10,CAFIN
3636-570DC32,10,10,CAFIN
3636-570DC34,10,10,CAFIN
3636-570DD30,10,10,CAFIN
3636-570DD34,10,10,CAFIN
3636-570EA30,10,10,CAFIN
3636-570EB26,10,10,CAFIN
3636-570EB30,10,10,CAFIN
3636-570EB32,10,10,CAFIN
3636-570EB34,10,10,CAFIN
3636-611AA32,10,10,CAFIN
3636-611BA32,10,10,CAFIN
3636-615AA32,10,10,CAFIN
3638-505AA26,10,10,CAFIN
3638-505BA26,10,10,CAFIN
3638-511AA26,10,10,CAFIN
3638-512AA26,10,10,CAFIN
3638-513AA26,10,10,CAFIN
3638-514AA26,10,10,CAFIN
3638-515AA26,10,10,CAFIN
3638-516AA26,10,10,CAFIN
3638-516AA30,10,10,CAFIN
3638-516AA32,10,10,CAFIN
3638-516AA34,10,10,CAFIN
3638-517AA26,10,10,CAFIN
3638-518AA26,10,10,CAFIN
3638-518AA30,10,10,CAFIN
3638-518AA34,10,10,CAFIN
3638-518AB26,10,10,CAFIN
3638-518AB30,10,10,CAFIN
3638-518AB32,10,10,CAFIN
3638-518AB34,10,10,CAFIN
3638-518AC30,10,10,CAFIN
3638-518AC32,10,10,CAFIN
3638-518AC34,10,10,CAFIN
3638-541AA26,10,10,CAFIN
3638-542AA26,10,10,CAFIN
3638-552AA30,10,10,CAFIN
3638-553AA30,10,10,CAFIN
3638-554AA30,10,10,CAFIN
3638-566AA26,10,10,CAFIN
3638-566BA26,10,10,CAFIN
3638-566CA26,10,10,CAFIN
3638-566DA26,10,10,CAFIN
3638-569AA26,10,10,CAFIN
3638-569BA26,10,10,CAFIN
3638-570AA26,10,10,CAFIN
3638-570BA26,10,10,CAFIN
3638-570CA26,10,10,CAFIN
3638-591AA26,10,10,CAFIN
3638-591BA26,10,10,CAFIN
3638-592AA26,10,10,CAFIN
3638-592AB26,10,10,CAFIN
3638-592AB30,10,10,CAFIN
3638-592AB34,10,10,CAFIN
3638-593AA26,10,10,CAFIN
3638-611AA26,10,10,CAFIN
3638-611AA30,10,10,CAFIN
3638-611AA32,10,10,CAFIN
3638-611AA34,10,10,CAFIN
3638-611AB26,10,10,CAFIN
3638-611AB30,10,10,CAFIN
3638-611AB32,10,10,CAFIN
3638-611AB34,10,10,CAFIN
3638-611PA26,10,10,CAFIN
3638-611PA30,10,10,CAFIN
3638-611PA32,10,10,CAFIN
3638-611PA34,10,10,CAFIN
3638-611PB26,10,10,CAFIN
3638-611PB30,10,10,CAFIN
3638-611PB32,10,10,CAFIN
3638-611PB34,10,10,CAFIN
3638-612AA26,10,10,CAFIN
3638-612AA30,10,10,CAFIN
3638-612AA32,10,10,CAFIN
3638-612AA34,10,10,CAFIN
3638-612AB26,10,10,CAFIN
3638-612AB30,10,10,CAFIN
3638-612AB32,10,10,CAFIN
3638-612AB34,10,10,CAFIN
3639-611AA32,10,10,CAFIN
3639-612AA32,10,10,CAFIN
3639-612BA32,10,10,CAFIN
3642-611AA30,10,10,CAFIN
3642-611AA34,10,10,CAFIN
3642-611AB30,10,10,CAFIN
3642-611AB34,10,10,CAFIN
3642-612AA30,10,10,CAFIN
3642-612AB30,10,10,CAFIN
3642-612AB34,10,10,CAFIN
3642-612AC30,10,10,CAFIN
3642-612AC34,10,10,CAFIN
3642-612PA30,10,10,CAFIN
3642-612PB30,10,10,CAFIN
3642-612PB34,10,10,CAFIN
3642-612PC30,10,10,CAFIN
3642-612PC34,10,10,CAFIN
3644-512AA34,10,10,CAFIN
3644-512HA34,10,10,CAFIN
3644-512PA34,10,10,CAFIN
3644-512VA34,10,10,CAFIN
3644-514AA34,10,10,CAFIN
3644-514BA34,10,10,CAFIN
3644-514HA34,10,10,CAFIN
3644-514JA34,10,10,CAFIN
3644-514PA34,10,10,CAFIN
3644-514VA34,10,10,CAFIN
3644-518AA34,10,10,CAFIN
3644-518HA34,10,10,CAFIN
3644-522AA30,10,10,CAFIN
3644-522AA34,10,10,CAFIN
3644-522PA30,10,10,CAFIN
3644-522PA34,10,10,CAFIN
3644-524AA30,10,10,CAFIN
3644-524AA34,10,10,CAFIN
3644-524BA30,10,10,CAFIN
3644-524BA34,10,10,CAFIN
3644-524PA30,10,10,CAFIN
3644-524PA34,10,10,CAFIN
3644-528AA30,10,10,CAFIN
3644-528AA34,10,10,CAFIN
3644-528AB30,10,10,CAFIN
3644-528AB34,10,10,CAFIN
3644-541AA30,10,10,CAFIN
3644-566AA30,10,10,CAFIN
3644-566AB30,10,10,CAFIN
3644-566PA30,10,10,CAFIN
3644-566PB30,10,10,CAFIN
3644-569AA30,10,10,CAFIN
3644-569BA30,10,10,CAFIN
3644-569CA30,10,10,CAFIN
3644-569DA30,10,10,CAFIN
3644-570BA30,10,10,CAFIN
3644-570BB30,10,10,CAFIN
3644-570CA30,10,10,CAFIN
3644-570CB30,10,10,CAFIN
3644-570DA30,10,10,CAFIN
3644-570DB30,10,10,CAFIN
3644-570EA30,10,10,CAFIN
3644-611AA30,10,10,CAFIN
3644-611PA30,10,10,CAFIN
3644-612AA30,10,10,CAFIN
3647-591AA30,10,10,CAFIN
3647-591AA34,10,10,CAFIN
3647-592AA30,10,10,CAFIN
3647-592AA34,10,10,CAFIN
3647-592AB30,10,10,CAFIN
3647-592AB34,10,10,CAFIN
3647-593AA30,10,10,CAFIN
3647-594AA30,10,10,CAFIN
3647-594AA34,10,10,CAFIN
3648-512AA34,10,10,CAFIN
3648-512LA34,10,10,CAFIN
3648-522AA30,10,10,CAFIN
3648-522AA34,10,10,CAFIN
3648-522LA30,10,10,CAFIN
3648-522LA34,10,10,CAFIN
3648-611AA30,10,10,CAFIN
3648-611PA30,10,10,CAFIN
3648-612AA30,10,10,CAFIN
3648-612PA30,10,10,CAFIN
3649-512AA30,10,10,CAFIN
3649-512AA34,10,10,CAFIN
3649-512AB30,10,10,CAFIN
3649-512AB34,10,10,CAFIN
3649-512PA30,10,10,CAFIN
3649-512PA34,10,10,CAFIN
3649-512PB30,10,10,CAFIN
3649-512PB34,10,10,CAFIN
3649-513AA30,10,10,CAFIN
3649-513AA34,10,10,CAFIN
3649-513PA30,10,10,CAFIN
3649-513PA34,10,10,CAFIN
3649-514AA30,10,10,CAFIN
3649-514AA34,10,10,CAFIN
3649-514PA30,10,10,CAFIN
3649-514PA34,10,10,CAFIN
3649-515AA30,10,10,CAFIN
365-511B30,10,10,CAFIN
365-512A30,10,10,CAFIN
365-513A30,10,10,CAFIN
365-514B30,10,10,CAFIN
365-515A30,10,10,CAFIN
365-516A30,10,10,CAFIN
365-517A30,10,10,CAFIN
365-518A30,10,10,CAFIN
365-606BA,10,10,CAFIN
365-606BB,10,10,CAFIN
365-606BC,10,10,CAFIN
365-612B30,10,10,CAFIN
365-613B30,10,10,CAFIN
365-614B30,10,10,CAFIN
365-616B30,10,10,CAFIN
365-617B30,10,10,CAFIN
365-620C30,10,10,CAFIN
365-621C30,10,10,CAFIN
365-622C30,10,10,CAFIN
365-623B30,10,10,CAFIN
365-624B30,10,10,CAFIN
365-625B30,10,10,CAFIN
365-626B30,10,10,CAFIN
365-628C30,10,10,CAFIN
365-629C30,10,10,CAFIN
365-630C30,10,10,CAFIN
365-637B30,10,10,CAFIN
365-638B30,10,10,CAFIN
365-639B30,10,10,CAFIN
365-641A30,10,10,CAFIN
365-643B30,10,10,CAFIN
365-644B30,10,10,CAFIN
365-645B30,10,10,CAFIN
365-646B30,10,10,CAFIN
365-646BS30,10,10,CAFIN
365-648B30,10,10,CAFIN
365-649B30,10,10,CAFIN
3650-505AA34,10,10,CAFIN
3650-511AA30,10,10,CAFIN
3650-511AD30,10,10,CAFIN
3650-511BA30,10,10,CAFIN
3650-512AA26,10,10,CAFIN
3650-512AA30,10,10,CAFIN
3650-512AA34,10,10,CAFIN
3650-512AB26,10,10,CAFIN
3650-512AB30,10,10,CAFIN
3650-512AB34,10,10,CAFIN
3650-512PA26,10,10,CAFIN
3650-512PA30,10,10,CAFIN
3650-512PB26,10,10,CAFIN
3650-512PB30,10,10,CAFIN
3650-513AA26,10,10,CAFIN
3650-513AA30,10,10,CAFIN
3650-513AA34,10,10,CAFIN
3650-513AB26,10,10,CAFIN
3650-513AB30,10,10,CAFIN
3650-513PA26,10,10,CAFIN
3650-513PA30,10,10,CAFIN
3650-514AA26,10,10,CAFIN
3650-514AA30,10,10,CAFIN
3650-514AA34,10,10,CAFIN
3650-514AB26,10,10,CAFIN
3650-514AB30,10,10,CAFIN
3650-514AB34,10,10,CAFIN
3650-514AC26,10,10,CAFIN
3650-514AC30,10,10,CAFIN
3650-514PA26,10,10,CAFIN
3650-514PA30,10,10,CAFIN
3650-516AA34,10,10,CAFIN
3650-517AA34,10,10,CAFIN
3650-518AA34,10,10,CAFIN
3650-518AB34,10,10,CAFIN
3650-566AA34,10,10,CAFIN
3650-566PA34,10,10,CAFIN
3650-569BA34,10,10,CAFIN
3650-570BA34,10,10,CAFIN
3650-570DA34,10,10,CAFIN
3650-591AA26,10,10,CAFIN
3650-591AA34,10,10,CAFIN
3650-591BA26,10,10,CAFIN
3650-591BA34,10,10,CAFIN
3650-592AA26,10,10,CAFIN
3650-592AA30,10,10,CAFIN
3650-592AA34,10,10,CAFIN
3650-592AB26,10,10,CAFIN
3650-592AB30,10,10,CAFIN
3650-592AB34,10,10,CAFIN
3650-593AA26,10,10,CAFIN
3650-593AA30,10,10,CAFIN
3650-593AA34,10,10,CAFIN
3650-611AA26,10,10,CAFIN
3650-611AA30,10,10,CAFIN
3650-611AA34,10,10,CAFIN
3650-611AB26,10,10,CAFIN
3650-611AB30,10,10,CAFIN
3650-611AB34,10,10,CAFIN
3650-612AA26,10,10,CAFIN
3650-612AA30,10,10,CAFIN
3650-612AA34,10,10,CAFIN
3650-612AB26,10,10,CAFIN
3650-612AB30,10,10,CAFIN
3650-612AB34,10,10,CAFIN
3651-511AA26,10,10,CAFIN
3651-511AA30,10,10,CAFIN
3651-511DA26,10,10,CAFIN
3651-511DA30,10,10,CAFIN
3651-511EA30,10,10,CAFIN
3651-512AA26,10,10,CAFIN
3651-512AA30,10,10,CAFIN
3651-512AA34,10,10,CAFIN
3651-512AB30,10,10,CAFIN
3651-611AA26,10,10,CAFIN
3651-611AA30,10,10,CAFIN
3651-611AA34,10,10,CAFIN
3651-611AB30,10,10,CAFIN
3651-611AB34,10,10,CAFIN
3651-612AA26,10,10,CAFIN
3651-612AA30,10,10,CAFIN
3651-612AA34,10,10,CAFIN
3651-612AB30,10,10,CAFIN
3651-612AB34,10,10,CAFIN
3652-505AA30,10,10,CAFIN
3652-505AA32,10,10,CAFIN
3652-505BA30,10,10,CAFIN
3652-512AA30,10,10,CAFIN
3652-512AA34,10,10,CAFIN
3652-512AB30,10,10,CAFIN
3652-513AA30,10,10,CAFIN
3652-513AA34,10,10,CAFIN
3652-513AB30,10,10,CAFIN
3652-514AA30,10,10,CAFIN
3652-514AA34,10,10,CAFIN
3652-514AB30,10,10,CAFIN
3652-514GA34,10,10,CAFIN
3652-515AA30,10,10,CAFIN
3652-516AA30,10,10,CAFIN
3652-516AA34,10,10,CAFIN
3652-516AB30,10,10,CAFIN
3652-516BA30,10,10,CAFIN
3652-517AA30,10,10,CAFIN
3652-517AA34,10,10,CAFIN
3652-518AA30,10,10,CAFIN
3652-518AA34,10,10,CAFIN
3652-518AB30,10,10,CAFIN
3652-518AB34,10,10,CAFIN
3652-518BA30,10,10,CAFIN
3652-542AA30,10,10,CAFIN
3652-542AA34,10,10,CAFIN
3652-545AA30,10,10,CAFIN
3652-566AA30,10,10,CAFIN
3652-566AB30,10,10,CAFIN
3652-566CA30,10,10,CAFIN
3652-566CB30,10,10,CAFIN
3652-569AA30,10,10,CAFIN
3652-569AB30,10,10,CAFIN
3652-569BA30,10,10,CAFIN
3652-570AA30,10,10,CAFIN
3652-570CA30,10,10,CAFIN
3652-591AA30,10,10,CAFIN
3652-591BA30,10,10,CAFIN
3652-591BA34,10,10,CAFIN
3652-592AA30,10,10,CAFIN
3652-592AA34,10,10,CAFIN
3652-592AB30,10,10,CAFIN
3652-593AA30,10,10,CAFIN
3652-593AA34,10,10,CAFIN
3652-611AA30,10,10,CAFIN
3652-611AA34,10,10,CAFIN
3652-611AB30,10,10,CAFIN
3652-611AB34,10,10,CAFIN
3652-611AC30,10,10,CAFIN
3652-612AA30,10,10,CAFIN
3652-612AA34,10,10,CAFIN
3652-612AB30,10,10,CAFIN
3652-612AB34,10,10,CAFIN
3652-641AA30,10,10,CAFIN
3652-641AA34,10,10,CAFIN
3652-641AB30,10,10,CAFIN
3652-641AB34,10,10,CAFIN
3652-642AA30,10,10,CAFIN
3652-642AA34,10,10,CAFIN
3652-642AB30,10,10,CAFIN
3652-642AB34,10,10,CAFIN
3653-512AA30,10,10,CAFIN
3653-512AA34,10,10,CAFIN
3653-512AB34,10,10,CAFIN
3653-512PA30,10,10,CAFIN
3653-512PA34,10,10,CAFIN
3653-512PB34,10,10,CAFIN
3653-515AA30,10,10,CAFIN
3653-522AA34,10,10,CAFIN
3653-522PA34,10,10,CAFIN
3653-621AA34,10,10,CAFIN
3653-621BA34,10,10,CAFIN
3653-622AA34,10,10,CAFIN
3654-512AA30,10,10,CAFIN
3654-512AA34,10,10,CAFIN
3654-513AA30,10,10,CAFIN
3654-513AA34,10,10,CAFIN
3654-514AA30,10,10,CAFIN
3654-514AA34,10,10,CAFIN
3654-522AA30,10,10,CAFIN
3654-522AA34,10,10,CAFIN
3654-523AA30,10,10,CAFIN
3654-523AA34,10,10,CAFIN
3654-524AA30,10,10,CAFIN
3654-524AA34,10,10,CAFIN
3655-512AA30,10,10,CAFIN
3655-512AA34,10,10,CAFIN
3656-505AA30,10,10,CAFIN
3656-511AA30,10,10,CAFIN
3656-511BA30,10,10,CAFIN
3656-512AA30,10,10,CAFIN
3656-512AB30,10,10,CAFIN
3656-513AA30,10,10,CAFIN
3656-515AA30,10,10,CAFIN
3656-515AB30,10,10,CAFIN
3656-516AA30,10,10,CAFIN
3656-517AA30,10,10,CAFIN
3656-518AA30,10,10,CAFIN
3656-519AA30,10,10,CAFIN
3656-522AA30,10,10,CAFIN
3656-522AB30,10,10,CAFIN
3656-523AA30,10,10,CAFIN
3656-523AB30,10,10,CAFIN
3656-524AA30,10,10,CAFIN
3656-525AA30,10,10,CAFIN
3656-526AA30,10,10,CAFIN
3656-527AA30,10,10,CAFIN
3656-566AA30,10,10,CAFIN
3656-566BA30,10,10,CAFIN
3656-566CA30,10,10,CAFIN
3656-569AA30,10,10,CAFIN
3656-569BA30,10,10,CAFIN
3656-569CA30,10,10,CAFIN
3656-570AA30,10,10,CAFIN
3656-570BA30,10,10,CAFIN
3656-570CA30,10,10,CAFIN
3656-591AA30,10,10,CAFIN
3656-591AB30,10,10,CAFIN
3656-592AA30,10,10,CAFIN
3656-592AB30,10,10,CAFIN
3656-593AA30,10,10,CAFIN
3656-611AA30,10,10,CAFIN
3656-611AB30,10,10,CAFIN
3656-612AA30,10,10,CAFIN
3656-612AB30,10,10,CAFIN
3656-613AA30,10,10,CAFIN
3656-613AB30,10,10,CAFIN
3656-614AA30,10,10,CAFIN
3656-614AB30,10,10,CAFIN
3657-611AA34,10,10,CAFIN
3657-612AA34,10,10,CAFIN
3657-613AA34,10,10,CAFIN
3658-611AA34,10,10,CAFIN
3658-612AA34,10,10,CAFIN
3658-613AA34,10,10,CAFIN
3660-505AA30,10,10,CAFIN
3660-511AA30,10,10,CAFIN
3660-512AA30,10,10,CAFIN
3660-513AA30,10,10,CAFIN
3660-514AA30,10,10,CAFIN
3660-515AA30,10,10,CAFIN
3660-516AA30,10,10,CAFIN
3660-517AA30,10,10,CAFIN
3660-522AA30,10,10,CAFIN
3660-523AA30,10,10,CAFIN
3660-524AA30,10,10,CAFIN
3660-525AA30,10,10,CAFIN
3660-526AA30,10,10,CAFIN
3660-526AB30,10,10,CAFIN
3660-527AA30,10,10,CAFIN
3660-527AB30,10,10,CAFIN
3660-566AA30,10,10,CAFIN
3660-566BA30,10,10,CAFIN
3660-569AA30,10,10,CAFIN
3660-570AA30,10,10,CAFIN
3660-570BA30,10,10,CAFIN
3660-591AA30,10,10,CAFIN
3660-591BA30,10,10,CAFIN
3660-591CA30,10,10,CAFIN
3660-592AA30,10,10,CAFIN
3660-593AA30,10,10,CAFIN
3660-594AA30,10,10,CAFIN
3660-611AA30,10,10,CAFIN
3660-611AB30,10,10,CAFIN
3660-611BA30,10,10,CAFIN
3660-612AA30,10,10,CAFIN
3660-612AB30,10,10,CAFIN
3660-612BA30,10,10,CAFIN
3660-613AA30,10,10,CAFIN
3660-613AB30,10,10,CAFIN
3662-505AA30,10,10,CAFIN
3662-505AA34,10,10,CAFIN
3662-505BA30,10,10,CAFIN
3662-505BA34,10,10,CAFIN
3662-512AA30,10,10,CAFIN
3662-512AA34,10,10,CAFIN
3662-512AB34,10,10,CAFIN
3662-512BA30,10,10,CAFIN
3662-512BA34,10,10,CAFIN
3662-512BB34,10,10,CAFIN
3662-513AA30,10,10,CAFIN
3662-513AA34,10,10,CAFIN
3662-513AB34,10,10,CAFIN
3662-513AC34,10,10,CAFIN
3662-514AA30,10,10,CAFIN
3662-514AA34,10,10,CAFIN
3662-514AB34,10,10,CAFIN
3662-515AA34,10,10,CAFIN
3662-515BA34,10,10,CAFIN
3662-516AA34,10,10,CAFIN
3662-516BA34,10,10,CAFIN
3662-517AA34,10,10,CAFIN
3662-518AA34,10,10,CAFIN
3662-518AB34,10,10,CAFIN
3662-518BA34,10,10,CAFIN
3662-522AA34,10,10,CAFIN
3662-522AB34,10,10,CAFIN
3662-522BA34,10,10,CAFIN
3662-523AA34,10,10,CAFIN
3662-523AB34,10,10,CAFIN
3662-523BA34,10,10,CAFIN
3662-524AA34,10,10,CAFIN
3662-524AB34,10,10,CAFIN
3662-524BA34,10,10,CAFIN
3662-566BA34,10,10,CAFIN
3662-566DA34,10,10,CAFIN
3662-569BA34,10,10,CAFIN
3662-570BA34,10,10,CAFIN
3662-570CA34,10,10,CAFIN
3662-591AA34,10,10,CAFIN
3662-591AB34,10,10,CAFIN
3662-592AA34,10,10,CAFIN
3662-593AA34,10,10,CAFIN
3662-611AA30,10,10,CAFIN
3662-611AA34,10,10,CAFIN
3662-611AB34,10,10,CAFIN
3662-611BA30,10,10,CAFIN
3662-611BA34,10,10,CAFIN
3662-611BB34,10,10,CAFIN
3662-612AA30,10,10,CAFIN
3662-612AA34,10,10,CAFIN
3662-612AB34,10,10,CAFIN
3662-612BA30,10,10,CAFIN
3662-612BA34,10,10,CAFIN
3662-612BB34,10,10,CAFIN
3662-612CA34,10,10,CAFIN
3662-612DA34,10,10,CAFIN
3662-613AA30,10,10,CAFIN
3662-613AA34,10,10,CAFIN
3662-613AB34,10,10,CAFIN
3662-613BA30,10,10,CAFIN
3662-613BA34,10,10,CAFIN
3662-613BB34,10,10,CAFIN
3662-613CA30,10,10,CAFIN
3662-613CA34,10,10,CAFIN
3662-613DA30,10,10,CAFIN
3662-613DA34,10,10,CAFIN
3662-614AA30,10,10,CAFIN
3662-614AA34,10,10,CAFIN
3662-615AA30,10,10,CAFIN
3662-615AA34,10,10,CAFIN
3662-615BA30,10,10,CAFIN
3662-615BA34,10,10,CAFIN
3662-621AA30,10,10,CAFIN
3662-621AA34,10,10,CAFIN
3662-621AB34,10,10,CAFIN
3662-621BA30,10,10,CAFIN
3662-621BA34,10,10,CAFIN
3662-621BB34,10,10,CAFIN
3662-631AA30,10,10,CAFIN
3662-631AA34,10,10,CAFIN
3662-632AA30,10,10,CAFIN
3662-632AA34,10,10,CAFIN
3662-632AB34,10,10,CAFIN
3662-633AA34,10,10,CAFIN
3662-641AA30,10,10,CAFIN
3662-641AA34,10,10,CAFIN
3662-641AB34,10,10,CAFIN
3662-642AA30,10,10,CAFIN
3662-642AA34,10,10,CAFIN
3662-642AB34,10,10,CAFIN
3662-691AA30,10,10,CAFIN
3662-691AA34,10,10,CAFIN
3662-692AA30,10,10,CAFIN
3662-692AA34,10,10,CAFIN
367-511AA30,10,10,CAFIN
367-511BA30,10,10,CAFIN
367-511MA30,10,10,CAFIN
367-512AA30,10,10,CAFIN
367-513AA30,10,10,CAFIN
367-513MA30,10,10,CAFIN
367-514AA30,10,10,CAFIN
367-515AA30,10,10,CAFIN
367-516AA30,10,10,CAFIN
367-517AA30,10,10,CAFIN
367-518AA30,10,10,CAFIN
367-519AA30,10,10,CAFIN
367-520AA30,10,10,CAFIN
367-521AA30,10,10,CAFIN
367-522AA30,10,10,CAFIN
367-557AA30,10,10,CAFIN
367-557BA30,10,10,CAFIN
367-557BB30,10,10,CAFIN
367-559AA30,10,10,CAFIN
367-566AA30,10,10,CAFIN
367-569AA30,10,10,CAFIN
367-569AB30,10,10,CAFIN
367-611AA30,10,10,CAFIN
367-611BA30,10,10,CAFIN
367-612AA30,10,10,CAFIN
367-612BA30,10,10,CAFIN
367-621AA30,10,10,CAFIN
367-622AA30,10,10,CAFIN
3703-511AA30,10,10,CAFIN
3703-511BA30,10,10,CAFIN
3703-511BA34,10,10,CAFIN
3703-512AA30,10,10,CAFIN
3703-512AA34,10,10,CAFIN
3703-512BA30,10,10,CAFIN
3703-512BA34,10,10,CAFIN
3703-513AA30,10,10,CAFIN
3703-513AA34,10,10,CAFIN
3703-514AA30,10,10,CAFIN
3703-514AA34,10,10,CAFIN
3703-515AA34,10,10,CAFIN
3703-515AB30,10,10,CAFIN
3703-515AB34,10,10,CAFIN
3704-505AA34,10,10,CAFIN
3704-505BA34,10,10,CAFIN
3704-511AA34,10,10,CAFIN
3704-512AA34,10,10,CAFIN
3704-513AA34,10,10,CAFIN
3704-514AA34,10,10,CAFIN
3704-516AA34,10,10,CAFIN
3704-517AA34,10,10,CAFIN
3704-518AA34,10,10,CAFIN
3705-511AA30,10,10,CAFIN
3705-512AA30,10,10,CAFIN
3705-512AL30,10,10,CAFIN
3705-512PA30,10,10,CAFIN
3705-513AA30,10,10,CAFIN
3705-513AL30,10,10,CAFIN
3705-513PA30,10,10,CAFIN
3705-514AA30,10,10,CAFIN
3705-514AL30,10,10,CAFIN
3705-514PA30,10,10,CAFIN
3705-515AA30,10,10,CAFIN
3705-516AA30,10,10,CAFIN
3705-517AA30,10,10,CAFIN
3705-518AA30,10,10,CAFIN
3705-611AA30,10,10,CAFIN
3705-611AB30,10,10,CAFIN
3705-612AA30,10,10,CAFIN
3707-511AA44,10,10,CAFIN
3707-512AA44,10,10,CAFIN
3707-513AA44,10,10,CAFIN
3707-513PA44,10,10,CAFIN
3707-514AA44,10,10,CAFIN
3707-514AB44,10,10,CAFIN
3707-515AA44,10,10,CAFIN
3707-515BA44,10,10,CAFIN
3707-516AA44,10,10,CAFIN
3707-521AA44,10,10,CAFIN
3707-522AA44,10,10,CAFIN
3707-523AA44,10,10,CAFIN
3707-531AA44,10,10,CAFIN
3707-532AA44,10,10,CAFIN
3707-533AA44,10,10,CAFIN
3707-611AA44,10,10,CAFIN
3707-612AA44,10,10,CAFIN
3707-613AA44,10,10,CAFIN
3707-613AB44,10,10,CAFIN
3707-614AA44,10,10,CAFIN
3707-673AA44,10,10,CAFIN
3707-911AA44,10,10,CAFIN
3707-912AA44,10,10,CAFIN
3707-913AA44,10,10,CAFIN
3709-505AA34,10,10,CAFIN
3709-505BA34,10,10,CAFIN
3709-505CA34,10,10,CAFIN
3709-511AA34,10,10,CAFIN
3709-511BA34,10,10,CAFIN
3709-511CA34,10,10,CAFIN
3709-511DA34,10,10,CAFIN
3709-511EA34,10,10,CAFIN
3709-511FA34,10,10,CAFIN
3709-511GA34,10,10,CAFIN
3709-511HA34,10,10,CAFIN
3709-512AA34,10,10,CAFIN
3709-513AA34,10,10,CAFIN
3709-514AA34,10,10,CAFIN
3709-515AA34,10,10,CAFIN
3709-516AA34,10,10,CAFIN
3709-517AA34,10,10,CAFIN
3709-518AA34,10,10,CAFIN
3709-519AA34,10,10,CAFIN
3709-520AA34,10,10,CAFIN
3709-521AA34,10,10,CAFIN
3709-522AA34,10,10,CAFIN
3709-523AA34,10,10,CAFIN
3709-524AA34,10,10,CAFIN
3709-525AA34,10,10,CAFIN
3709-526AA34,10,10,CAFIN
3709-527AA34,10,10,CAFIN
3709-528AA34,10,10,CAFIN
3709-543AA34,10,10,CAFIN
3709-591AA34,10,10,CAFIN
3709-592AA34,10,10,CAFIN
3709-593AA34,10,10,CAFIN
3709-611AA34,10,10,CAFIN
3709-611LA34,10,10,CAFIN
3709-612AA34,10,10,CAFIN
3709-613AA34,10,10,CAFIN
3709-614AA34,10,10,CAFIN
3709-614LA34,10,10,CAFIN
3709-615AA34,10,10,CAFIN
3802-511AA26,10,10,CAFIN
3802-511AA30,10,10,CAFIN
3802-511AA34,10,10,CAFIN
3802-511BA26,10,10,CAFIN
3802-511BA30,10,10,CAFIN
3802-511BA34,10,10,CAFIN
3802-512AA26,10,10,CAFIN
3802-512AA30,10,10,CAFIN
3802-512AA34,10,10,CAFIN
3802-512AL26,10,10,CAFIN
3802-512AL30,10,10,CAFIN
3802-512AL34,10,10,CAFIN
3802-513AA26,10,10,CAFIN
3802-513AA30,10,10,CAFIN
3802-513AA34,10,10,CAFIN
3802-513AL26,10,10,CAFIN
3802-513AL30,10,10,CAFIN
3802-513AL34,10,10,CAFIN
3802-514AA30,10,10,CAFIN
3802-514AL30,10,10,CAFIN
3802-514BA26,10,10,CAFIN
3802-514BA30,10,10,CAFIN
3802-514BA34,10,10,CAFIN
3802-514BL26,10,10,CAFIN
3802-514BL30,10,10,CAFIN
3802-514BL34,10,10,CAFIN
3802-521BC30,10,10,CAFIN
3802-522AA30,10,10,CAFIN
3802-523AA30,10,10,CAFIN
3802-524AA30,10,10,CAFIN
3802-525AA30,10,10,CAFIN
3802-526AA30,10,10,CAFIN
3802-554AA30,10,10,CAFIN
3802-554BA30,10,10,CAFIN
3802-554BA34,10,10,CAFIN
3802-554CA30,10,10,CAFIN
3802-554CA34,10,10,CAFIN
3802-611AA30,10,10,CAFIN
3802-611AL30,10,10,CAFIN
3802-611BA26,10,10,CAFIN
3802-611BA30,10,10,CAFIN
3802-611BA34,10,10,CAFIN
3802-611BL26,10,10,CAFIN
3802-611BL30,10,10,CAFIN
3802-611BL34,10,10,CAFIN
3802-612AA30,10,10,CAFIN
3802-612BA26,10,10,CAFIN
3802-612BA30,10,10,CAFIN
3802-612BA34,10,10,CAFIN
3803-511AA30,10,10,CAFIN
3803-512AA30,10,10,CAFIN
3803-512AL30,10,10,CAFIN
3803-514AA30,10,10,CAFIN
3803-514AL30,10,10,CAFIN
3803-521BA30,10,10,CAFIN
3803-521BB30,10,10,CAFIN
3803-522AA30,10,10,CAFIN
3803-522AL30,10,10,CAFIN
3803-522BA30,10,10,CAFIN
3803-522BL30,10,10,CAFIN
3803-611AA30,10,10,CAFIN
3803-611BA30,10,10,CAFIN
3803-611BL30,10,10,CAFIN
3803-612AA30,10,10,CAFIN
3803-612AL30,10,10,CAFIN
3803-612BA30,10,10,CAFIN
3803-612BL30,10,10,CAFIN
3804-514AL30,10,10,CAFIN
3906-504AB18,10,10,CAFIN
3906-511AA19,10,10,CAFIN
3906-511BA19,10,10,CAFIN
3906-512AA18,10,10,CAFIN
3906-512AA19,10,10,CAFIN
3906-512AA20,10,10,CAFIN
3906-513AA18,10,10,CAFIN
3906-513AA19,10,10,CAFIN
3906-513AA20,10,10,CAFIN
3906-514AA18,10,10,CAFIN
3906-514AA19,10,10,CAFIN
3906-514AB14,10,10,CAFIN
3906-514AB18,10,10,CAFIN
3906-514AB19,10,10,CAFIN
3906-514AB20,10,10,CAFIN
3906-515AA18,10,10,CAFIN
3906-515AA19,10,10,CAFIN
3906-515AB18,10,10,CAFIN
3906-515AB19,10,10,CAFIN
3906-515AB20,10,10,CAFIN
3906-516AA18,10,10,CAFIN
3906-516AA19,10,10,CAFIN
3906-516AA20,10,10,CAFIN
3906-521AA20,10,10,CAFIN
3906-521BA20,10,10,CAFIN
3906-522AA20,10,10,CAFIN
3906-523AA20,10,10,CAFIN
3906-524AA20,10,10,CAFIN
3906-524BA20,10,10,CAFIN
3906-525AA20,10,10,CAFIN
3906-526AA20,10,10,CAFIN
3906-611AA18,10,10,CAFIN
3906-611AA19,10,10,CAFIN
3906-611AA20,10,10,CAFIN
3906-611BA18,10,10,CAFIN
3906-611BA19,10,10,CAFIN
3906-611BA20,10,10,CAFIN
3906-612AA18,10,10,CAFIN
3906-612AA19,10,10,CAFIN
3906-612AA20,10,10,CAFIN
3906-613AA18,10,10,CAFIN
3906-613AA19,10,10,CAFIN
3906-613AA20,10,10,CAFIN
3906-621AA20,10,10,CAFIN
3906-621BA20,10,10,CAFIN
3906-622AA20,10,10,CAFIN
3906-622BA20,10,10,CAFIN
3906-625AA20,10,10,CAFIN
3906-626AA20,10,10,CAFIN
3906-651AA19,10,10,CAFIN
3912-511AA,10,10,CAFIN
3912-511BA,10,10,CAFIN
3912-511CA,10,10,CAFIN
3912-512AA26,10,10,CAFIN
3912-512AA30,10,10,CAFIN
3912-513AA26,10,10,CAFIN
3912-513AA30,10,10,CAFIN
3912-514AA26,10,10,CAFIN
3912-514AA30,10,10,CAFIN
3912-514AL26,10,10,CAFIN
3912-514AL30,10,10,CAFIN
3912-515AA26,10,10,CAFIN
3912-515AA30,10,10,CAFIN
3912-525AA,10,10,CAFIN
3912-611AA26,10,10,CAFIN
3912-611BA26,10,10,CAFIN
3912-611DA26,10,10,CAFIN
3912-611EA26,10,10,CAFIN
3912-616AA26,10,10,CAFIN
3912-616BA26,10,10,CAFIN
3912-617AA26,10,10,CAFIN
3912-651AA26,10,10,CAFIN
3916-511AA24,10,10,CAFIN
3916-512AA24,10,10,CAFIN
3916-513AA24,10,10,CAFIN
3916-514AA24,10,10,CAFIN
3916-514BA24,10,10,CAFIN
3916-515AA24,10,10,CAFIN
3916-532AA24,10,10,CAFIN
3916-541AA,10,10,CAFIN
3916-621AA24,10,10,CAFIN
3916-622AA24,10,10,CAFIN
3916-623AA24,10,10,CAFIN
3922-506AA,10,10,CAFIN
3922-511AA26,10,10,CAFIN
3922-511AA30,10,10,CAFIN
3922-511AA32,10,10,CAFIN
3922-511AA34,10,10,CAFIN
3922-511AA36,10,10,CAFIN
3922-511AB30,10,10,CAFIN
3922-511AC30,10,10,CAFIN
3922-511BA30,10,10,CAFIN
3922-511BB30,10,10,CAFIN
3922-511BC30,10,10,CAFIN
3922-511CA30,10,10,CAFIN
3922-511CB30,10,10,CAFIN
3922-511DA30,10,10,CAFIN
3922-511DB30,10,10,CAFIN
3922-511DC30,10,10,CAFIN
3922-511DD30,10,10,CAFIN
3922-512AA30,10,10,CAFIN
3922-512AA36,10,10,CAFIN
3922-512AB30,10,10,CAFIN
3922-512AC30,10,10,CAFIN
3922-513AA,10,10,CAFIN
3922-513AA26,10,10,CAFIN
3922-513AB30,10,10,CAFIN
3922-513BA30,10,10,CAFIN
3922-514AA,10,10,CAFIN
3922-514AA36,10,10,CAFIN
3922-514AB,10,10,CAFIN
3922-514BA,10,10,CAFIN
3922-514BB,10,10,CAFIN
3922-514CA,10,10,CAFIN
3922-514CB,10,10,CAFIN
3922-514DA,10,10,CAFIN
3922-518AA,10,10,CAFIN
3922-518AA26,10,10,CAFIN
3922-518AA36,10,10,CAFIN
3922-518AB,10,10,CAFIN
3922-518BA,10,10,CAFIN
3922-518BA26,10,10,CAFIN
3922-518BB30,10,10,CAFIN
3922-519AA26,10,10,CAFIN
3922-519AA30,10,10,CAFIN
3922-519AA32,10,10,CAFIN
3922-519AA34,10,10,CAFIN
3922-519AA36,10,10,CAFIN
3922-519AB30,10,10,CAFIN
3922-519AC30,10,10,CAFIN
3922-524AA,10,10,CAFIN
3922-524AA36,10,10,CAFIN
3922-534AA,10,10,CAFIN
3922-534AA36,10,10,CAFIN
3922-544AA,10,10,CAFIN
3922-554AA,10,10,CAFIN
3922-564AA,10,10,CAFIN
3922-611AA26,10,10,CAFIN
3922-611AA30,10,10,CAFIN
3922-611AA36,10,10,CAFIN
3922-611AB26,10,10,CAFIN
3922-611AB30,10,10,CAFIN
3922-611AB36,10,10,CAFIN
3922-611AC30,10,10,CAFIN
3922-611AD30,10,10,CAFIN
3922-611BA26,10,10,CAFIN
3922-611BA30,10,10,CAFIN
3922-611BA36,10,10,CAFIN
3922-611BB26,10,10,CAFIN
3922-611BB30,10,10,CAFIN
3922-611BB36,10,10,CAFIN
3922-611BC30,10,10,CAFIN
3922-611BD30,10,10,CAFIN
3922-611CA30,10,10,CAFIN
3922-611CB30,10,10,CAFIN
3922-611CC30,10,10,CAFIN
3922-611DA30,10,10,CAFIN
3922-611DB30,10,10,CAFIN
3922-611DC30,10,10,CAFIN
3922-611EA30,10,10,CAFIN
3922-611FA30,10,10,CAFIN
3922-611GA26,10,10,CAFIN
3922-611GA30,10,10,CAFIN
3922-611GB30,10,10,CAFIN
3922-611HA26,10,10,CAFIN
3922-611HA30,10,10,CAFIN
3922-611HB30,10,10,CAFIN
3922-611JA26,10,10,CAFIN
3922-611JA30,10,10,CAFIN
3922-611JA32,10,10,CAFIN
3922-611JA34,10,10,CAFIN
3922-611JA36,10,10,CAFIN
3922-611KA26,10,10,CAFIN
3922-611KA30,10,10,CAFIN
3922-611KA32,10,10,CAFIN
3922-611KA34,10,10,CAFIN
3922-611KA36,10,10,CAFIN
3922-611LA26,10,10,CAFIN
3922-611LA30,10,10,CAFIN
3922-611LA32,10,10,CAFIN
3922-611LA34,10,10,CAFIN
3922-611MA26,10,10,CAFIN
3922-611MA30,10,10,CAFIN
3922-611MA32,10,10,CAFIN
3922-611MA34,10,10,CAFIN
3922-611NA26,10,10,CAFIN
3922-611PA26,10,10,CAFIN
3922-612AA26,10,10,CAFIN
3922-612AA30,10,10,CAFIN
3922-612AA36,10,10,CAFIN
3922-612AB30,10,10,CAFIN
3922-612BA30,10,10,CAFIN
3922-612CA26,10,10,CAFIN
3922-612CA30,10,10,CAFIN
3922-612CA32,10,10,CAFIN
3922-612CA34,10,10,CAFIN
3922-612CA36,10,10,CAFIN
3922-618AA26,10,10,CAFIN
3922-618AA30,10,10,CAFIN
3922-618AA36,10,10,CAFIN
3922-618AB26,10,10,CAFIN
3922-618AB30,10,10,CAFIN
3922-618AB36,10,10,CAFIN
3922-618BA26,10,10,CAFIN
3922-618BA30,10,10,CAFIN
3922-618BA32,10,10,CAFIN
3922-618BA34,10,10,CAFIN
3922-618BA36,10,10,CAFIN
3922-619AA26,10,10,CAFIN
3922-619AA30,10,10,CAFIN
3922-619AA36,10,10,CAFIN
3922-619AB30,10,10,CAFIN
3922-619BA30,10,10,CAFIN
3922-619BB30,10,10,CAFIN
3922-619CA30,10,10,CAFIN
3922-619DA26,10,10,CAFIN
3922-619DA30,10,10,CAFIN
3922-619DB30,10,10,CAFIN
3922-619EA26,10,10,CAFIN
3922-619EA30,10,10,CAFIN
3922-619EA32,10,10,CAFIN
3922-619EA34,10,10,CAFIN
3922-619EA36,10,10,CAFIN
3922-619FA26,10,10,CAFIN
3922-619FA30,10,10,CAFIN
3922-619FA32,10,10,CAFIN
3922-619FA34,10,10,CAFIN
3922-619GA26,10,10,CAFIN
3922-621AA26,10,10,CAFIN
3922-621AA30,10,10,CAFIN
3922-621BA26,10,10,CAFIN
3922-621BA30,10,10,CAFIN
3922-629AA26,10,10,CAFIN
3922-629AA30,10,10,CAFIN
3923-511AA20,10,10,CAFIN
3923-511AA26,10,10,CAFIN
3923-511AB26,10,10,CAFIN
3923-511BA20,10,10,CAFIN
3923-511BB20,10,10,CAFIN
3923-512AA20,10,10,CAFIN
3923-512AA26,10,10,CAFIN
3923-512BA26,10,10,CAFIN
3923-513AA20,10,10,CAFIN
3923-513AA26,10,10,CAFIN
3923-514AA20,10,10,CAFIN
3923-514AA26,10,10,CAFIN
3923-515AA20,10,10,CAFIN
3923-515AA26,10,10,CAFIN
3923-591AA20,10,10,CAFIN
3923-591AB20,10,10,CAFIN
3923-611AA20,10,10,CAFIN
3923-611AA26,10,10,CAFIN
3923-611BA20,10,10,CAFIN
3923-611BA26,10,10,CAFIN
3923-611CA26,10,10,CAFIN
3923-611DA26,10,10,CAFIN
3923-612AA20,10,10,CAFIN
3923-612AA26,10,10,CAFIN
3923-613AA20,10,10,CAFIN
3923-613AA26,10,10,CAFIN
3923-614AA20,10,10,CAFIN
3923-614AA26,10,10,CAFIN
3923-615AA20,10,10,CAFIN
3923-615AA26,10,10,CAFIN
4007-512AA34,10,10,CAFIN
4007-513AA34,10,10,CAFIN
4007-514AA34,10,10,CAFIN
4007-515AA34,10,10,CAFIN
4007-519AA34,10,10,CAFIN
4007-611AA34,10,10,CAFIN
4007-612AA34,10,10,CAFIN
4007-613AA34,10,10,CAFIN
4007-618AA34,10,10,CAFIN
4007-619AA34,10,10,CAFIN
4101-611AA44,10,10,CAFIN
4104-511AA30,10,10,CAFIN
4104-511AA44,10,10,CAFIN
4104-511AB30,10,10,CAFIN
4104-511AB44,10,10,CAFIN
4104-511BA30,10,10,CAFIN
4104-511BA44,10,10,CAFIN
4104-511BB30,10,10,CAFIN
4104-511BB44,10,10,CAFIN
4104-512AA26,10,10,CAFIN
4104-512AA30,10,10,CAFIN
4104-512AA44,10,10,CAFIN
4104-514AA30,10,10,CAFIN
4104-521AA30,10,10,CAFIN
4104-521BA30,10,10,CAFIN
4104-522AA30,10,10,CAFIN
4104-611AA26,10,10,CAFIN
4104-611AA30,10,10,CAFIN
4104-611AA44,10,10,CAFIN
4104-611BA26,10,10,CAFIN
4104-611BA30,10,10,CAFIN
4104-611PA26,10,10,CAFIN
4104-611RA26,10,10,CAFIN
4104-612AA26,10,10,CAFIN
4104-612AA30,10,10,CAFIN
4104-612AA44,10,10,CAFIN
4104-612BA26,10,10,CAFIN
4104-612BA30,10,10,CAFIN
4104-612PA26,10,10,CAFIN
4104-612RA26,10,10,CAFIN
4104-621AA30,10,10,CAFIN
4104-622AA30,10,10,CAFIN
4104-622PA30,10,10,CAFIN
4105-611AA30,10,10,CAFIN
4105-611AB30,10,10,CAFIN
4105-612AA30,10,10,CAFIN
4105-612AB30,10,10,CAFIN
4105-612AC30,10,10,CAFIN
4105-613AA30,10,10,CAFIN
4105-614AA30,10,10,CAFIN
4105-614AB30,10,10,CAFIN
4105-614AC30,10,10,CAFIN
4106-511CA30,10,10,CAFIN
4106-511DA30,10,10,CAFIN
4106-511EA30,10,10,CAFIN
4106-511FA30,10,10,CAFIN
4106-511GA30,10,10,CAFIN
4106-512AA30,10,10,CAFIN
4106-513AA30,10,10,CAFIN
4106-514AA30,10,10,CAFIN
4106-514JA30,10,10,CAFIN
4106-514PA30,10,10,CAFIN
4106-515AA30,10,10,CAFIN
4106-516AA30,10,10,CAFIN
4106-516BA30,10,10,CAFIN
4106-516CA30,10,10,CAFIN
4106-516JA30,10,10,CAFIN
4106-516PA30,10,10,CAFIN
4106-516QA30,10,10,CAFIN
4106-516RA30,10,10,CAFIN
4106-520AA30,10,10,CAFIN
4106-520AB30,10,10,CAFIN
4106-521AA30,10,10,CAFIN
4106-541AA30,10,10,CAFIN
4106-542AA30,10,10,CAFIN
4106-543AA30,10,10,CAFIN
4106-544AA30,10,10,CAFIN
4106-544PA30,10,10,CAFIN
4106-545AA30,10,10,CAFIN
4106-546AA30,10,10,CAFIN
4106-546BA30,10,10,CAFIN
4106-546CA30,10,10,CAFIN
4106-546PA30,10,10,CAFIN
4106-546QA30,10,10,CAFIN
4106-556AA30,10,10,CAFIN
4106-556BA30,10,10,CAFIN
4106-556PA30,10,10,CAFIN
4106-556QA30,10,10,CAFIN
4106-611AA30,10,10,CAFIN
4106-612AA30,10,10,CAFIN
4106-613AA30,10,10,CAFIN
4106-614AA30,10,10,CAFIN
4106-614BA30,10,10,CAFIN
4106-614LA30,10,10,CAFIN
4106-614MA30,10,10,CAFIN
4106-617AA30,10,10,CAFIN
4106-641AA30,10,10,CAFIN
4106-642AA30,10,10,CAFIN
4106-643AA30,10,10,CAFIN
4107-511FA30,10,10,CAFIN
4107-511GA30,10,10,CAFIN
4107-512AA30,10,10,CAFIN
4107-513AA30,10,10,CAFIN
4107-514AA30,10,10,CAFIN
4107-515AA30,10,10,CAFIN
4107-516AA30,10,10,CAFIN
4107-516BA30,10,10,CAFIN
4107-516CA30,10,10,CAFIN
4107-520AA30,10,10,CAFIN
4107-521AA30,10,10,CAFIN
4107-541AA30,10,10,CAFIN
4107-542AA30,10,10,CAFIN
4107-543AA30,10,10,CAFIN
4107-544AA30,10,10,CAFIN
4107-545AA30,10,10,CAFIN
4107-546AA30,10,10,CAFIN
4107-546BA30,10,10,CAFIN
4107-611AA30,10,10,CAFIN
4107-612AA30,10,10,CAFIN
4107-613AA30,10,10,CAFIN
4107-614AA30,10,10,CAFIN
4107-614LA30,10,10,CAFIN
4107-617AA30,10,10,CAFIN
4107-641AA30,10,10,CAFIN
4107-642AA30,10,10,CAFIN
4108-611AA26,10,10,CAFIN
4108-611AA30,10,10,CAFIN
4108-611AA32,10,10,CAFIN
4108-611AA34,10,10,CAFIN
4108-611AA36,10,10,CAFIN
4108-611AA38,10,10,CAFIN
4108-611AB26,10,10,CAFIN
4108-611AB30,10,10,CAFIN
4108-611AB32,10,10,CAFIN
4108-611AB34,10,10,CAFIN
4108-611AB36,10,10,CAFIN
4108-611AC30,10,10,CAFIN
4108-611BA26,10,10,CAFIN
4108-611BA30,10,10,CAFIN
4108-611BA32,10,10,CAFIN
4108-611BA34,10,10,CAFIN
4108-611BA36,10,10,CAFIN
4108-611BA38,10,10,CAFIN
4108-611BB26,10,10,CAFIN
4108-611BB30,10,10,CAFIN
4108-611BB32,10,10,CAFIN
4108-611BB34,10,10,CAFIN
4108-611BB36,10,10,CAFIN
4108-611BC30,10,10,CAFIN
4108-612AA26,10,10,CAFIN
4108-612AA30,10,10,CAFIN
4108-612AA34,10,10,CAFIN
4108-612AA38,10,10,CAFIN
4108-612AB30,10,10,CAFIN
4108-613AA30,10,10,CAFIN
4108-613AA32,10,10,CAFIN
4108-613AA34,10,10,CAFIN
4108-613AA38,10,10,CAFIN
4108-613AB30,10,10,CAFIN
4108-614AA26,10,10,CAFIN
4108-614AA30,10,10,CAFIN
4108-614AA32,10,10,CAFIN
4108-614AA34,10,10,CAFIN
4108-614AA36,10,10,CAFIN
4108-614AA38,10,10,CAFIN
4108-614AB30,10,10,CAFIN
4108-614AC30,10,10,CAFIN
4108-615AA30,10,10,CAFIN
4108-615AA32,10,10,CAFIN
4108-615AA34,10,10,CAFIN
4108-615AA36,10,10,CAFIN
4108-615AA38,10,10,CAFIN
4108-615AB30,10,10,CAFIN
4108-615AB32,10,10,CAFIN
4108-615AB34,10,10,CAFIN
4108-615AB36,10,10,CAFIN
4108-615AC30,10,10,CAFIN
4108-616AA26,10,10,CAFIN
4108-616AA30,10,10,CAFIN
4108-616AA32,10,10,CAFIN
4108-616AA34,10,10,CAFIN
4108-616AA38,10,10,CAFIN
4108-616AB26,10,10,CAFIN
4108-616AB30,10,10,CAFIN
4108-616AB32,10,10,CAFIN
4108-616AB34,10,10,CAFIN
4108-616BA26,10,10,CAFIN
4108-617AA26,10,10,CAFIN
4108-617AA30,10,10,CAFIN
4108-617AA32,10,10,CAFIN
4108-617AA34,10,10,CAFIN
4108-617AA38,10,10,CAFIN
4108-618AA26,10,10,CAFIN
4108-618AA30,10,10,CAFIN
4108-618AA32,10,10,CAFIN
4108-618AA34,10,10,CAFIN
4108-618AA38,10,10,CAFIN
4108-621AA26,10,10,CAFIN
4108-621AA30,10,10,CAFIN
4108-621BA26,10,10,CAFIN
4108-622AA26,10,10,CAFIN
4108-622AA30,10,10,CAFIN
4108-623AA26,10,10,CAFIN
4108-623AA30,10,10,CAFIN
4109-511AA26,10,10,CAFIN
4109-511AA30,10,10,CAFIN
4109-511AA32,10,10,CAFIN
4109-511AA34,10,10,CAFIN
4109-511AA36,10,10,CAFIN
4109-511AB30,10,10,CAFIN
4109-511BA26,10,10,CAFIN
4109-511BA36,10,10,CAFIN
4109-511BB30,10,10,CAFIN
4109-511CA34,10,10,CAFIN
4109-511DA30,10,10,CAFIN
4109-511DA34,10,10,CAFIN
4109-512AA30,10,10,CAFIN
4109-512BA30,10,10,CAFIN
4109-513AA30,10,10,CAFIN
4109-513AB30,10,10,CAFIN
4109-514AA26,10,10,CAFIN
4109-514AA30,10,10,CAFIN
4109-514AA32,10,10,CAFIN
4109-514AA34,10,10,CAFIN
4109-514AA36,10,10,CAFIN
4109-514AB30,10,10,CAFIN
4109-515AA26,10,10,CAFIN
4109-515AA30,10,10,CAFIN
4109-515AA32,10,10,CAFIN
4109-515AA34,10,10,CAFIN
4109-515AA36,10,10,CAFIN
4109-515AB30,10,10,CAFIN
4109-516AA26,10,10,CAFIN
4109-516AA30,10,10,CAFIN
4109-516AA32,10,10,CAFIN
4109-516AA34,10,10,CAFIN
4109-516AA36,10,10,CAFIN
4109-517AA26,10,10,CAFIN
4109-517AA30,10,10,CAFIN
4109-517AA32,10,10,CAFIN
4109-517AA36,10,10,CAFIN
4109-517AB30,10,10,CAFIN
4109-518AA26,10,10,CAFIN
4109-518AA30,10,10,CAFIN
4109-518AA32,10,10,CAFIN
4109-518AA34,10,10,CAFIN
4109-518AA36,10,10,CAFIN
4109-521AA30,10,10,CAFIN
4109-521BA30,10,10,CAFIN
4109-522AA26,10,10,CAFIN
4109-522AA30,10,10,CAFIN
4109-522AA32,10,10,CAFIN
4109-522AA34,10,10,CAFIN
4109-522AA36,10,10,CAFIN
4109-522AB30,10,10,CAFIN
4109-523AA26,10,10,CAFIN
4109-523AA30,10,10,CAFIN
4109-523AA32,10,10,CAFIN
4109-523AA34,10,10,CAFIN
4109-523AA36,10,10,CAFIN
4109-523AB30,10,10,CAFIN
4109-531AA34,10,10,CAFIN
4109-531AB30,10,10,CAFIN
4109-532AA30,10,10,CAFIN
4109-533AA26,10,10,CAFIN
4109-533AA32,10,10,CAFIN
4109-533AA34,10,10,CAFIN
4109-533AA36,10,10,CAFIN
4109-533AB30,10,10,CAFIN
4109-534AA30,10,10,CAFIN
4109-534BA30,10,10,CAFIN
4109-535AA26,10,10,CAFIN
4109-535AA30,10,10,CAFIN
4109-535AA32,10,10,CAFIN
4109-535AA34,10,10,CAFIN
4109-535AA36,10,10,CAFIN
4109-541AA26,10,10,CAFIN
4109-591AA26,10,10,CAFIN
4109-591AA30,10,10,CAFIN
4109-591AA32,10,10,CAFIN
4109-591AA34,10,10,CAFIN
4109-591AA36,10,10,CAFIN
4109-591AB26,10,10,CAFIN
4109-591AB30,10,10,CAFIN
4109-611AA26,10,10,CAFIN
4109-611AA30,10,10,CAFIN
4109-611AA32,10,10,CAFIN
4109-611AA34,10,10,CAFIN
4109-611AA36,10,10,CAFIN
4109-611AB26,10,10,CAFIN
4109-611AB30,10,10,CAFIN
4109-611AB34,10,10,CAFIN
4109-611BA26,10,10,CAFIN
4109-611BA30,10,10,CAFIN
4109-611BA32,10,10,CAFIN
4109-611BA34,10,10,CAFIN
4109-611BA36,10,10,CAFIN
4109-611BB26,10,10,CAFIN
4109-611BB30,10,10,CAFIN
4109-611BB34,10,10,CAFIN
4109-612AA26,10,10,CAFIN
4109-612AA30,10,10,CAFIN
4109-612AA32,10,10,CAFIN
4109-612AA34,10,10,CAFIN
4109-612AA36,10,10,CAFIN
4109-613AA26,10,10,CAFIN
4109-613AA30,10,10,CAFIN
4109-613AA32,10,10,CAFIN
4109-613AA34,10,10,CAFIN
4109-613AA36,10,10,CAFIN
4109-613AB30,10,10,CAFIN
4109-613AB32,10,10,CAFIN
4109-613AC30,10,10,CAFIN
4109-614AA26,10,10,CAFIN
4109-614AA30,10,10,CAFIN
4109-614AA32,10,10,CAFIN
4109-614AA34,10,10,CAFIN
4109-614AA36,10,10,CAFIN
4109-614AB30,10,10,CAFIN
4109-614AB32,10,10,CAFIN
4109-615AA26,10,10,CAFIN
4109-615AA30,10,10,CAFIN
4109-615AA32,10,10,CAFIN
4109-615AA34,10,10,CAFIN
4109-615AA36,10,10,CAFIN
4109-615AB30,10,10,CAFIN
4109-616AA26,10,10,CAFIN
4109-616AA30,10,10,CAFIN
4109-616AA32,10,10,CAFIN
4109-616AA36,10,10,CAFIN
4109-616AB26,10,10,CAFIN
4109-616AB30,10,10,CAFIN
4109-617AA26,10,10,CAFIN
4109-617AA30,10,10,CAFIN
4109-617AA32,10,10,CAFIN
4109-617AA36,10,10,CAFIN
4109-618AA26,10,10,CAFIN
4109-618AA30,10,10,CAFIN
4109-618AA32,10,10,CAFIN
4109-618AA36,10,10,CAFIN
4109-619AA26,10,10,CAFIN
4109-619AA30,10,10,CAFIN
4109-619AA32,10,10,CAFIN
4109-619AA34,10,10,CAFIN
4109-619AA36,10,10,CAFIN
4109-619AB26,10,10,CAFIN
4109-619AB30,10,10,CAFIN
4109-619AB34,10,10,CAFIN
4109-619BA32,10,10,CAFIN
4109-619BA36,10,10,CAFIN
4109-621AA26,10,10,CAFIN
4109-621AA30,10,10,CAFIN
4109-621AA32,10,10,CAFIN
4109-621AA34,10,10,CAFIN
4109-621AA36,10,10,CAFIN
4109-621AB26,10,10,CAFIN
4109-621AB30,10,10,CAFIN
4109-621BA26,10,10,CAFIN
4109-621BA30,10,10,CAFIN
4109-621BA32,10,10,CAFIN
4109-621BA34,10,10,CAFIN
4109-621BA36,10,10,CAFIN
4109-621BB26,10,10,CAFIN
4109-621BB30,10,10,CAFIN
4109-622AA26,10,10,CAFIN
4109-622AA30,10,10,CAFIN
4109-622AA32,10,10,CAFIN
4109-622AA34,10,10,CAFIN
4109-622AA36,10,10,CAFIN
4109-622AB30,10,10,CAFIN
4109-623AA26,10,10,CAFIN
4109-623AA30,10,10,CAFIN
4109-623AA32,10,10,CAFIN
4109-623AA34,10,10,CAFIN
4109-623AA36,10,10,CAFIN
4109-631AA26,10,10,CAFIN
4109-631AA30,10,10,CAFIN
4109-631BA26,10,10,CAFIN
4109-631BA30,10,10,CAFIN
4109-632AA26,10,10,CAFIN
4109-632AA30,10,10,CAFIN
4109-636AA26,10,10,CAFIN
4109-637AA26,10,10,CAFIN
4109-638AA26,10,10,CAFIN
4109-639AA26,10,10,CAFIN
4110-511AA30,10,10,CAFIN
4110-512AA30,10,10,CAFIN
4110-513AA30,10,10,CAFIN
4110-514AA30,10,10,CAFIN
4110-514BA30,10,10,CAFIN
4110-515AA30,10,10,CAFIN
4110-516AA30,10,10,CAFIN
4110-516BA30,10,10,CAFIN
4110-516CA30,10,10,CAFIN
4110-516DA30,10,10,CAFIN
4110-516EA30,10,10,CAFIN
4110-516FA30,10,10,CAFIN
4110-517AA30,10,10,CAFIN
4110-518AA30,10,10,CAFIN
4110-519AA30,10,10,CAFIN
4110-520AA30,10,10,CAFIN
4110-521AA30,10,10,CAFIN
4110-619AA30,10,10,CAFIN
4111-511AA30,10,10,CAFIN
4111-511BA30,10,10,CAFIN
4111-512AA30,10,10,CAFIN
4111-512BA30,10,10,CAFIN
4111-513AA30,10,10,CAFIN
4111-514AA30,10,10,CAFIN
4111-515AA30,10,10,CAFIN
4111-516AA30,10,10,CAFIN
4111-517AA30,10,10,CAFIN
4111-518AA30,10,10,CAFIN
4111-533AA30,10,10,CAFIN
4111-534AA30,10,10,CAFIN
4111-534BA30,10,10,CAFIN
4111-535AA30,10,10,CAFIN
4111-591AA30,10,10,CAFIN
4111-611AA30,10,10,CAFIN
4111-611AB30,10,10,CAFIN
4111-611BA30,10,10,CAFIN
4111-611BB30,10,10,CAFIN
4111-612AA30,10,10,CAFIN
4111-613AA30,10,10,CAFIN
4111-614AA30,10,10,CAFIN
4111-615AA30,10,10,CAFIN
4111-616AA30,10,10,CAFIN
4111-616AB30,10,10,CAFIN
4111-616AC30,10,10,CAFIN
4111-617AA30,10,10,CAFIN
4111-618AA30,10,10,CAFIN
4111-619AB30,10,10,CAFIN
4112-511AA22,10,10,CAFIN
4112-514AA22,10,10,CAFIN
4112-515AA22,10,10,CAFIN
4112-591AA22,10,10,CAFIN
4112-611AA22,10,10,CAFIN
4112-611BA22,10,10,CAFIN
4112-612AA22,10,10,CAFIN
4112-613AA22,10,10,CAFIN
4112-614AA22,10,10,CAFIN
4112-615AA22,10,10,CAFIN
4113-511AA26,10,10,CAFIN
4113-511AA30,10,10,CAFIN
4113-512AA26,10,10,CAFIN
4113-512AA30,10,10,CAFIN
4113-513AA26,10,10,CAFIN
4113-513AA30,10,10,CAFIN
4113-513AA34,10,10,CAFIN
4113-514AA26,10,10,CAFIN
4113-514AA30,10,10,CAFIN
4113-515AA26,10,10,CAFIN
4113-515AA30,10,10,CAFIN
4113-515AA34,10,10,CAFIN
4113-516AA26,10,10,CAFIN
4113-516AA30,10,10,CAFIN
4113-516AA34,10,10,CAFIN
4113-517AA26,10,10,CAFIN
4113-517AA30,10,10,CAFIN
4113-518AA26,10,10,CAFIN
4113-518AA30,10,10,CAFIN
4113-518AA34,10,10,CAFIN
4113-611AA26,10,10,CAFIN
4113-611AA30,10,10,CAFIN
4113-611AA34,10,10,CAFIN
4113-611AB26,10,10,CAFIN
4113-611AC26,10,10,CAFIN
4113-612AA26,10,10,CAFIN
4113-612AA30,10,10,CAFIN
4113-612AA34,10,10,CAFIN
4113-613AA26,10,10,CAFIN
4113-613BA26,10,10,CAFIN
4113-613CA26,10,10,CAFIN
4113-613CA30,10,10,CAFIN
4113-613DA26,10,10,CAFIN
4113-613DA30,10,10,CAFIN
4113-614AA26,10,10,CAFIN
4113-614BA26,10,10,CAFIN
4113-614BA30,10,10,CAFIN
4113-615AA26,10,10,CAFIN
4113-615BA26,10,10,CAFIN
4113-615BA30,10,10,CAFIN
4113-615BA34,10,10,CAFIN
4113-616AA26,10,10,CAFIN
4113-616AA30,10,10,CAFIN
4113-617AA26,10,10,CAFIN
4113-617AA30,10,10,CAFIN
4113-617AA34,10,10,CAFIN
4113-617AB26,10,10,CAFIN
4113-617AC26,10,10,CAFIN
4114-511AA34,10,10,CAFIN
4114-512AA34,10,10,CAFIN
4114-513AA34,10,10,CAFIN
4114-514AA34,10,10,CAFIN
4114-515AA34,10,10,CAFIN
4114-516AA34,10,10,CAFIN
4114-517AA34,10,10,CAFIN
4114-611AA34,10,10,CAFIN
4114-612AA34,10,10,CAFIN
4114-612BA34,10,10,CAFIN
4114-613AA34,10,10,CAFIN
4114-614AA34,10,10,CAFIN
4114-615AA34,10,10,CAFIN
4115-511AA26,10,10,CAFIN
4115-511AA34,10,10,CAFIN
4115-511AA36,10,10,CAFIN
4115-511BA26,10,10,CAFIN
4115-511BA30,10,10,CAFIN
4115-511BA34,10,10,CAFIN
4115-511BA36,10,10,CAFIN
4115-511CA26,10,10,CAFIN
4115-511CA34,10,10,CAFIN
4115-511CA36,10,10,CAFIN
4115-511DA26,10,10,CAFIN
4115-511DA34,10,10,CAFIN
4115-511DA36,10,10,CAFIN
4115-512AA26,10,10,CAFIN
4115-512AA30,10,10,CAFIN
4115-512AA32,10,10,CAFIN
4115-512AA34,10,10,CAFIN
4115-512AA36,10,10,CAFIN
4115-512AA38,10,10,CAFIN
4115-513AA26,10,10,CAFIN
4115-513AA30,10,10,CAFIN
4115-513AA32,10,10,CAFIN
4115-513AA34,10,10,CAFIN
4115-513AA36,10,10,CAFIN
4115-513AA38,10,10,CAFIN
4115-514AA26,10,10,CAFIN
4115-514AA30,10,10,CAFIN
4115-514AA32,10,10,CAFIN
4115-514AA34,10,10,CAFIN
4115-514AA36,10,10,CAFIN
4115-514AA38,10,10,CAFIN
4115-515AA26,10,10,CAFIN
4115-515AA30,10,10,CAFIN
4115-515AA32,10,10,CAFIN
4115-515AA34,10,10,CAFIN
4115-515AA36,10,10,CAFIN
4115-515AA38,10,10,CAFIN
4115-516AA26,10,10,CAFIN
4115-516AA30,10,10,CAFIN
4115-516AA32,10,10,CAFIN
4115-516AA34,10,10,CAFIN
4115-516AA36,10,10,CAFIN
4115-516AA38,10,10,CAFIN
4115-517AA30,10,10,CAFIN
4115-517BA30,10,10,CAFIN
4115-518AA26,10,10,CAFIN
4115-518AA30,10,10,CAFIN
4115-518AA32,10,10,CAFIN
4115-518AA34,10,10,CAFIN
4115-519AA26,10,10,CAFIN
4115-519AA30,10,10,CAFIN
4115-519AA32,10,10,CAFIN
4115-519AA34,10,10,CAFIN
4115-520AA26,10,10,CAFIN
4115-520AA30,10,10,CAFIN
4115-520AA32,10,10,CAFIN
4115-520AA34,10,10,CAFIN
4115-521AA34,10,10,CAFIN
4115-521AA36,10,10,CAFIN
4115-522AA30,10,10,CAFIN
4115-522AA34,10,10,CAFIN
4115-594AA26,10,10,CAFIN
4115-594AA34,10,10,CAFIN
4115-594AA36,10,10,CAFIN
4115-594AA38,10,10,CAFIN
4115-595AA26,10,10,CAFIN
4115-595AA34,10,10,CAFIN
4115-595AA36,10,10,CAFIN
4115-595AA38,10,10,CAFIN
4115-611AA26,10,10,CAFIN
4115-611AA30,10,10,CAFIN
4115-611AA32,10,10,CAFIN
4115-611AA34,10,10,CAFIN
4115-611AA36,10,10,CAFIN
4115-611AA38,10,10,CAFIN
4115-611BA32,10,10,CAFIN
4115-611BA36,10,10,CAFIN
4115-611BA38,10,10,CAFIN
4115-612AA26,10,10,CAFIN
4115-612AA30,10,10,CAFIN
4115-612AA32,10,10,CAFIN
4115-612AA34,10,10,CAFIN
4115-612AA36,10,10,CAFIN
4115-612AA38,10,10,CAFIN
4115-612BA26,10,10,CAFIN
4115-612BA30,10,10,CAFIN
4115-612BA32,10,10,CAFIN
4115-612BA34,10,10,CAFIN
4115-612BA36,10,10,CAFIN
4115-613AA26,10,10,CAFIN
4115-613AA30,10,10,CAFIN
4115-613AA32,10,10,CAFIN
4115-613AA34,10,10,CAFIN
4115-613AA36,10,10,CAFIN
4115-613AA38,10,10,CAFIN
4115-613BA38,10,10,CAFIN
4115-614AA26,10,10,CAFIN
4115-614AA30,10,10,CAFIN
4115-614AA32,10,10,CAFIN
4115-614AA34,10,10,CAFIN
4115-614AA36,10,10,CAFIN
4115-614AA38,10,10,CAFIN
4115-615AA26,10,10,CAFIN
4115-615AA30,10,10,CAFIN
4115-615AA32,10,10,CAFIN
4115-615AA34,10,10,CAFIN
4115-615AA36,10,10,CAFIN
4115-615AA38,10,10,CAFIN
4115-616AA26,10,10,CAFIN
4115-616AA30,10,10,CAFIN
4115-616AA32,10,10,CAFIN
4115-616AA34,10,10,CAFIN
4115-616AA36,10,10,CAFIN
4115-616AA38,10,10,CAFIN
4115-617AA26,10,10,CAFIN
4115-617AA30,10,10,CAFIN
4115-617AA32,10,10,CAFIN
4115-617AA34,10,10,CAFIN
4115-617BA30,10,10,CAFIN
4115-618AA26,10,10,CAFIN
4115-618AA30,10,10,CAFIN
4115-618AA32,10,10,CAFIN
4115-618AA34,10,10,CAFIN
4117-511AA34,10,10,CAFIN
4117-511BA34,10,10,CAFIN
4117-511CA34,10,10,CAFIN
4117-511DA34,10,10,CAFIN
4117-512AA30,10,10,CAFIN
4117-512AA34,10,10,CAFIN
4117-513AA30,10,10,CAFIN
4117-513AA34,10,10,CAFIN
4117-514AA30,10,10,CAFIN
4117-514AA34,10,10,CAFIN
4117-515AA30,10,10,CAFIN
4117-515AA34,10,10,CAFIN
4117-516AA30,10,10,CAFIN
4117-516AA34,10,10,CAFIN
4117-517AA30,10,10,CAFIN
4117-517BA30,10,10,CAFIN
4117-518AA30,10,10,CAFIN
4117-519AA30,10,10,CAFIN
4117-520AA30,10,10,CAFIN
4117-521AA34,10,10,CAFIN
4117-522AA30,10,10,CAFIN
4117-531AA26,10,10,CAFIN
4117-531AA34,10,10,CAFIN
4117-531AB34,10,10,CAFIN
4117-532AA26,10,10,CAFIN
4117-532AA30,10,10,CAFIN
4117-532AA32,10,10,CAFIN
4117-532AA34,10,10,CAFIN
4117-532AA36,10,10,CAFIN
4117-532AB30,10,10,CAFIN
4117-532BA26,10,10,CAFIN
4117-532BA30,10,10,CAFIN
4117-532BA32,10,10,CAFIN
4117-532BA34,10,10,CAFIN
4117-532BA36,10,10,CAFIN
4117-532BB30,10,10,CAFIN
4117-533AA26,10,10,CAFIN
4117-533AA30,10,10,CAFIN
4117-533AA32,10,10,CAFIN
4117-533AA34,10,10,CAFIN
4117-533AA36,10,10,CAFIN
4117-533AB30,10,10,CAFIN
4117-533BA26,10,10,CAFIN
4117-533BA30,10,10,CAFIN
4117-533BA32,10,10,CAFIN
4117-533BA34,10,10,CAFIN
4117-533BA36,10,10,CAFIN
4117-533BB30,10,10,CAFIN
4117-534AA26,10,10,CAFIN
4117-534AA30,10,10,CAFIN
4117-534AA32,10,10,CAFIN
4117-534AA34,10,10,CAFIN
4117-534AA36,10,10,CAFIN
4117-535AA26,10,10,CAFIN
4117-535AA30,10,10,CAFIN
4117-535AA32,10,10,CAFIN
4117-535AA34,10,10,CAFIN
4117-535AA36,10,10,CAFIN
4117-536AA26,10,10,CAFIN
4117-536AA30,10,10,CAFIN
4117-536AA32,10,10,CAFIN
4117-536AA34,10,10,CAFIN
4117-536AA36,10,10,CAFIN
4117-541AA26,10,10,CAFIN
4117-541AA34,10,10,CAFIN
4117-542AA26,10,10,CAFIN
4117-542AA30,10,10,CAFIN
4117-542AB26,10,10,CAFIN
4117-542BA26,10,10,CAFIN
4117-542BA30,10,10,CAFIN
4117-542BB26,10,10,CAFIN
4117-543AA26,10,10,CAFIN
4117-543AA30,10,10,CAFIN
4117-543AB26,10,10,CAFIN
4117-543BA26,10,10,CAFIN
4117-543BA30,10,10,CAFIN
4117-543BB26,10,10,CAFIN
4117-544AA26,10,10,CAFIN
4117-544AA30,10,10,CAFIN
4117-544AA32,10,10,CAFIN
4117-544BA26,10,10,CAFIN
4117-544BA30,10,10,CAFIN
4117-544BA32,10,10,CAFIN
4117-545AA26,10,10,CAFIN
4117-545AA30,10,10,CAFIN
4117-545AB30,10,10,CAFIN
4117-546AA26,10,10,CAFIN
4117-546AA30,10,10,CAFIN
4117-546AB30,10,10,CAFIN
4117-547AA26,10,10,CAFIN
4117-547AA30,10,10,CAFIN
4117-547AB30,10,10,CAFIN
4117-547BA26,10,10,CAFIN
4117-547BA30,10,10,CAFIN
4117-548AA26,10,10,CAFIN
4117-548AA30,10,10,CAFIN
4117-549AA26,10,10,CAFIN
4117-549AA30,10,10,CAFIN
4117-549BA26,10,10,CAFIN
4117-549BA30,10,10,CAFIN
4117-551AA30,10,10,CAFIN
4117-551AB30,10,10,CAFIN
4117-551BA30,10,10,CAFIN
4117-551BB30,10,10,CAFIN
4117-552AA30,10,10,CAFIN
4117-553AA30,10,10,CAFIN
4117-553AB30,10,10,CAFIN
4117-553BA30,10,10,CAFIN
4117-553BB30,10,10,CAFIN
4117-561AA34,10,10,CAFIN
4117-561YA34,10,10,CAFIN
4117-561ZA34,10,10,CAFIN
4117-562AA30,10,10,CAFIN
4117-562AA34,10,10,CAFIN
4117-562BA30,10,10,CAFIN
4117-562BA34,10,10,CAFIN
4117-563AA30,10,10,CAFIN
4117-563AA34,10,10,CAFIN
4117-563BA30,10,10,CAFIN
4117-563BA34,10,10,CAFIN
4117-594AA26,10,10,CAFIN
4117-594AA30,10,10,CAFIN
4117-594AA32,10,10,CAFIN
4117-594AA34,10,10,CAFIN
4117-594AA36,10,10,CAFIN
4117-594AB34,10,10,CAFIN
4117-595AA26,10,10,CAFIN
4117-595AA30,10,10,CAFIN
4117-595AA32,10,10,CAFIN
4117-595AA34,10,10,CAFIN
4117-595AA36,10,10,CAFIN
4117-595AB34,10,10,CAFIN
4117-611AA30,10,10,CAFIN
4117-611AA34,10,10,CAFIN
4117-612AA30,10,10,CAFIN
4117-612AA34,10,10,CAFIN
4117-612BA30,10,10,CAFIN
4117-612BA34,10,10,CAFIN
4117-613AA30,10,10,CAFIN
4117-613AA34,10,10,CAFIN
4117-613BA30,10,10,CAFIN
4117-613BA34,10,10,CAFIN
4117-614AA30,10,10,CAFIN
4117-615AA30,10,10,CAFIN
4117-616AA26,10,10,CAFIN
4117-616AA30,10,10,CAFIN
4117-616AA32,10,10,CAFIN
4117-616AA34,10,10,CAFIN
4117-616AA36,10,10,CAFIN
4117-617AA30,10,10,CAFIN
4117-617BA30,10,10,CAFIN
4117-618AA30,10,10,CAFIN
4117-618BA30,10,10,CAFIN
4117-621AA30,10,10,CAFIN
4117-621AA34,10,10,CAFIN
4117-621AB30,10,10,CAFIN
4117-621AB34,10,10,CAFIN
4117-631AA26,10,10,CAFIN
4117-631AA30,10,10,CAFIN
4117-632AA26,10,10,CAFIN
4117-632AA30,10,10,CAFIN
4117-632AA32,10,10,CAFIN
4117-632AA34,10,10,CAFIN
4117-632AA36,10,10,CAFIN
4117-632AB30,10,10,CAFIN
4117-632BA30,10,10,CAFIN
4117-633AA30,10,10,CAFIN
4117-633AA32,10,10,CAFIN
4117-633AA34,10,10,CAFIN
4117-633AA36,10,10,CAFIN
4117-633AB30,10,10,CAFIN
4117-633BA26,10,10,CAFIN
4117-633BA30,10,10,CAFIN
4117-633BA32,10,10,CAFIN
4117-633BA34,10,10,CAFIN
4117-633CA30,10,10,CAFIN
4117-633DA30,10,10,CAFIN
4117-634AA26,10,10,CAFIN
4117-634AA30,10,10,CAFIN
4117-634AA32,10,10,CAFIN
4117-634AA36,10,10,CAFIN
4117-634AB30,10,10,CAFIN
4117-634BA30,10,10,CAFIN
4117-635AA30,10,10,CAFIN
4117-641AA26,10,10,CAFIN
4117-641AA30,10,10,CAFIN
4117-642AA26,10,10,CAFIN
4117-642AA30,10,10,CAFIN
4117-642AB30,10,10,CAFIN
4119-511AA30,10,10,CAFIN
4119-511AB30,10,10,CAFIN
4119-512AA30,10,10,CAFIN
4119-512AB30,10,10,CAFIN
4119-513AA30,10,10,CAFIN
4119-513AB30,10,10,CAFIN
4119-514AA30,10,10,CAFIN
4119-514AB30,10,10,CAFIN
4119-515AA30,10,10,CAFIN
4119-516AA30,10,10,CAFIN
4119-517AA30,10,10,CAFIN
4119-611AA30,10,10,CAFIN
4119-611AB30,10,10,CAFIN
4119-612AA30,10,10,CAFIN
4119-612AB30,10,10,CAFIN
4119-613AA30,10,10,CAFIN
4119-613AB30,10,10,CAFIN
4119-614AA30,10,10,CAFIN
4119-614AB30,10,10,CAFIN
4119-615AA30,10,10,CAFIN
4119-615AB30,10,10,CAFIN
4119-616AA30,10,10,CAFIN
4119-616AB30,10,10,CAFIN
4120-511AA30,10,10,CAFIN
4120-512AA30,10,10,CAFIN
4120-513AA30,10,10,CAFIN
4120-513BA30,10,10,CAFIN
4120-514AA30,10,10,CAFIN
4120-515AA30,10,10,CAFIN
4120-516AA30,10,10,CAFIN
4120-517AA30,10,10,CAFIN
4120-518AA30,10,10,CAFIN
4120-591AA30,10,10,CAFIN
4120-592AA30,10,10,CAFIN
4120-611AA30,10,10,CAFIN
4120-611AB30,10,10,CAFIN
4120-611BA30,10,10,CAFIN
4120-611BB30,10,10,CAFIN
4120-612AA30,10,10,CAFIN
4120-612BA30,10,10,CAFIN
4120-612CA30,10,10,CAFIN
4120-612DA30,10,10,CAFIN
4120-613AA30,10,10,CAFIN
4120-613BA30,10,10,CAFIN
4120-614AA30,10,10,CAFIN
4120-615AA30,10,10,CAFIN
4120-616AA30,10,10,CAFIN
4120-617AA30,10,10,CAFIN
4121-511AA20,10,10,CAFIN
4121-512AA20,10,10,CAFIN
4121-513AA20,10,10,CAFIN
4121-514AA20,10,10,CAFIN
4121-515AA20,10,10,CAFIN
4121-516AA20,10,10,CAFIN
4121-594AA20,10,10,CAFIN
4121-595AA20,10,10,CAFIN
4121-611AA20,10,10,CAFIN
4121-612AA22,10,10,CAFIN
4121-613AA22,10,10,CAFIN
4121-614AA20,10,10,CAFIN
4206-511AA30,10,10,CAFIN
4206-511AA34,10,10,CAFIN
4206-511BA30,10,10,CAFIN
4206-511BA34,10,10,CAFIN
4206-512AA30,10,10,CAFIN
4206-512AA34,10,10,CAFIN
4206-513AA30,10,10,CAFIN
4206-513BA30,10,10,CAFIN
4206-513BA34,10,10,CAFIN
4206-514AA30,10,10,CAFIN
4206-514AA34,10,10,CAFIN
4206-514PA30,10,10,CAFIN
4206-514PA34,10,10,CAFIN
4206-515AA30,10,10,CAFIN
4206-515AA34,10,10,CAFIN
4206-516AA30,10,10,CAFIN
4206-516AA34,10,10,CAFIN
4206-516BA30,10,10,CAFIN
4206-516BA34,10,10,CAFIN
4206-516CA30,10,10,CAFIN
4206-516CA34,10,10,CAFIN
4206-517AA30,10,10,CAFIN
4206-517AA34,10,10,CAFIN
4206-518AA30,10,10,CAFIN
4206-518AA34,10,10,CAFIN
4206-519AA30,10,10,CAFIN
4206-519BA30,10,10,CAFIN
4206-519BA34,10,10,CAFIN
4206-520AA30,10,10,CAFIN
4206-520AA34,10,10,CAFIN
4206-521AA30,10,10,CAFIN
4206-521AA34,10,10,CAFIN
4206-522AA30,10,10,CAFIN
4206-522AA34,10,10,CAFIN
4206-531AA30,10,10,CAFIN
4206-531AA34,10,10,CAFIN
4206-532AA30,10,10,CAFIN
4206-532AA34,10,10,CAFIN
4206-533AA30,10,10,CAFIN
4206-533AA34,10,10,CAFIN
4206-534AA30,10,10,CAFIN
4206-534AA34,10,10,CAFIN
4206-611AA30,10,10,CAFIN
4206-611AA34,10,10,CAFIN
4206-612AA30,10,10,CAFIN
4206-612AB30,10,10,CAFIN
4206-612AB34,10,10,CAFIN
4206-612BA30,10,10,CAFIN
4206-613AA30,10,10,CAFIN
4206-613AB30,10,10,CAFIN
4206-613AB34,10,10,CAFIN
4206-614AA30,10,10,CAFIN
4206-614AA34,10,10,CAFIN
4206-615AA30,10,10,CAFIN
4206-615AA34,10,10,CAFIN
4206-616AA30,10,10,CAFIN
4206-616AA34,10,10,CAFIN
4206-617AA30,10,10,CAFIN
4206-617AA34,10,10,CAFIN
4206-618AA30,10,10,CAFIN
4206-618AA34,10,10,CAFIN
4206-621AA30,10,10,CAFIN
4207-511AA30,10,10,CAFIN
4207-511AA34,10,10,CAFIN
4207-512AA34,10,10,CAFIN
4207-512AB30,10,10,CAFIN
4207-512AB34,10,10,CAFIN
4207-513AA34,10,10,CAFIN
4207-513AB30,10,10,CAFIN
4207-513AB34,10,10,CAFIN
4207-514AA34,10,10,CAFIN
4207-514AB30,10,10,CAFIN
4207-514AB34,10,10,CAFIN
4207-515AA30,10,10,CAFIN
4207-515AA34,10,10,CAFIN
4207-516AA30,10,10,CAFIN
4207-516AA34,10,10,CAFIN
4207-517AA30,10,10,CAFIN
4207-517AA34,10,10,CAFIN
4207-521AA30,10,10,CAFIN
4207-521AA34,10,10,CAFIN
4207-521AB34,10,10,CAFIN
4207-522AA30,10,10,CAFIN
4207-522AA34,10,10,CAFIN
4207-522AB34,10,10,CAFIN
4207-523AA30,10,10,CAFIN
4207-523AA34,10,10,CAFIN
4207-523AB34,10,10,CAFIN
4207-524AA30,10,10,CAFIN
4207-524AA34,10,10,CAFIN
4207-525AA30,10,10,CAFIN
4207-525AA34,10,10,CAFIN
4207-526AA30,10,10,CAFIN
4207-526AA34,10,10,CAFIN
4207-527AA30,10,10,CAFIN
4207-527AA34,10,10,CAFIN
4207-531AA30,10,10,CAFIN
4207-531AA34,10,10,CAFIN
4207-532AA30,10,10,CAFIN
4207-532AA34,10,10,CAFIN
4207-541AA30,10,10,CAFIN
4207-542AA30,10,10,CAFIN
4207-543AA30,10,10,CAFIN
4207-591AA30,10,10,CAFIN
4207-591AA34,10,10,CAFIN
4207-611AA30,10,10,CAFIN
4207-611AA34,10,10,CAFIN
4207-612AA34,10,10,CAFIN
4207-612AB30,10,10,CAFIN
4207-612AB34,10,10,CAFIN
4207-613AA34,10,10,CAFIN
4207-613AB34,10,10,CAFIN
4207-613AC30,10,10,CAFIN
4207-613AC34,10,10,CAFIN
4207-614AA34,10,10,CAFIN
4207-615AA30,10,10,CAFIN
4207-615AA34,10,10,CAFIN
4207-615AB30,10,10,CAFIN
4207-615AB34,10,10,CAFIN
4207-616AA30,10,10,CAFIN
4207-616AA34,10,10,CAFIN
4207-621AA30,10,10,CAFIN
4207-621AA34,10,10,CAFIN
4207-622AA30,10,10,CAFIN
4207-622AA34,10,10,CAFIN
4207-622AB34,10,10,CAFIN
4207-623AA30,10,10,CAFIN
4207-623AA34,10,10,CAFIN
4207-624AA30,10,10,CAFIN
4207-624AA34,10,10,CAFIN
4207-625AA30,10,10,CAFIN
4304-611AA30,10,10,CAFIN
4304-611AA34,10,10,CAFIN
4304-612AA30,10,10,CAFIN
4304-612AA34,10,10,CAFIN
4304-613AA34,10,10,CAFIN
4307-531AA13,10,10,CAFIN
4307-531AA15,10,10,CAFIN
4307-531AA17,10,10,CAFIN
4307-531AA19,10,10,CAFIN
4307-531AA21,10,10,CAFIN
4307-531AA22,10,10,CAFIN
4307-531AA25,10,10,CAFIN
4307-611AA15,10,10,CAFIN
4307-611AA18,10,10,CAFIN
4307-611AA23,10,10,CAFIN
4307-611PA15,10,10,CAFIN
4307-611PA18,10,10,CAFIN
4307-611PA23,10,10,CAFIN
4307-641CA,10,10,CAFIN
4307-641RA,10,10,CAFIN
435-553AA30,10,10,CAFIN
436-505AA33,10,10,CAFIN
436-505BA33,10,10,CAFIN
436-511AA33,10,10,CAFIN
436-512AA33,10,10,CAFIN
436-513AA33,10,10,CAFIN
436-514AA33,10,10,CAFIN
436-515AA33,10,10,CAFIN
436-516AA33,10,10,CAFIN
436-517AA33,10,10,CAFIN
436-518AA33,10,10,CAFIN
436-519AA33,10,10,CAFIN
436-520AA33,10,10,CAFIN
436-521AA33,10,10,CAFIN
436-522AA33,10,10,CAFIN
436-522AB33,10,10,CAFIN
436-607AA33,10,10,CAFIN
436-607BA33,10,10,CAFIN
436-608AA33,10,10,CAFIN
436-611AA33,10,10,CAFIN
436-613AA33,10,10,CAFIN
436-615AA33,10,10,CAFIN
436-617AA33,10,10,CAFIN
436-619AA33,10,10,CAFIN
436-621AA33,10,10,CAFIN
4408-511AA30,10,10,CAFIN
4408-512AA30,10,10,CAFIN
4408-512BA30,10,10,CAFIN
4408-512BA34,10,10,CAFIN
4408-512CA34,10,10,CAFIN
4408-513AA30,10,10,CAFIN
4408-513BA30,10,10,CAFIN
4408-513BA34,10,10,CAFIN
4408-513CA34,10,10,CAFIN
4408-514AA30,10,10,CAFIN
4408-514BA30,10,10,CAFIN
4408-514BA34,10,10,CAFIN
4408-514CA34,10,10,CAFIN
4408-515AA30,10,10,CAFIN
4408-515AA34,10,10,CAFIN
4408-516AA30,10,10,CAFIN
4408-516AA34,10,10,CAFIN
4408-517AA30,10,10,CAFIN
4408-517BA30,10,10,CAFIN
4408-517BA34,10,10,CAFIN
4408-518AA30,10,10,CAFIN
4408-518BA30,10,10,CAFIN
4408-518BA34,10,10,CAFIN
4408-518BB30,10,10,CAFIN
4408-518BB34,10,10,CAFIN
4408-518BC30,10,10,CAFIN
4408-518BC34,10,10,CAFIN
4408-522AA30,10,10,CAFIN
4408-523AA30,10,10,CAFIN
4408-526AA30,10,10,CAFIN
4408-526AA34,10,10,CAFIN
4408-528AA30,10,10,CAFIN
4408-528AA34,10,10,CAFIN
4408-531AA30,10,10,CAFIN
4408-532AA30,10,10,CAFIN
4408-533AA30,10,10,CAFIN
4408-534AA30,10,10,CAFIN
4408-535AA30,10,10,CAFIN
4408-536AA30,10,10,CAFIN
4408-541AA30,10,10,CAFIN
4408-541AA34,10,10,CAFIN
4408-543AA30,10,10,CAFIN
4408-543AA34,10,10,CAFIN
4408-543AB30,10,10,CAFIN
4408-543AB34,10,10,CAFIN
4408-551AA30,10,10,CAFIN
4408-551BA30,10,10,CAFIN
4408-552AA30,10,10,CAFIN
4408-554AA30,10,10,CAFIN
4408-555AA30,10,10,CAFIN
4408-566AA30,10,10,CAFIN
4408-566AB30,10,10,CAFIN
4408-566AB34,10,10,CAFIN
4408-566BA30,10,10,CAFIN
4408-566BB30,10,10,CAFIN
4408-566BB34,10,10,CAFIN
4408-566CA30,10,10,CAFIN
4408-566CB30,10,10,CAFIN
4408-566CB34,10,10,CAFIN
4408-566DA30,10,10,CAFIN
4408-566DB30,10,10,CAFIN
4408-566DB34,10,10,CAFIN
4408-566EA30,10,10,CAFIN
4408-569AA30,10,10,CAFIN
4408-569AA34,10,10,CAFIN
4408-569BA30,10,10,CAFIN
4408-569BA34,10,10,CAFIN
4408-570AA30,10,10,CAFIN
4408-570AA34,10,10,CAFIN
4408-570BA30,10,10,CAFIN
4408-570BA34,10,10,CAFIN
4408-570CA30,10,10,CAFIN
4408-570CA34,10,10,CAFIN
4408-582AA30,10,10,CAFIN
4408-582AA34,10,10,CAFIN
4408-582BA30,10,10,CAFIN
4408-582BA34,10,10,CAFIN
4408-583AA30,10,10,CAFIN
4408-583AA34,10,10,CAFIN
4408-583BA30,10,10,CAFIN
4408-583BA34,10,10,CAFIN
4408-584AA30,10,10,CAFIN
4408-584AA34,10,10,CAFIN
4408-584BA30,10,10,CAFIN
4408-584BA34,10,10,CAFIN
4408-611AA30,10,10,CAFIN
4408-611AA34,10,10,CAFIN
4408-611AB30,10,10,CAFIN
4408-611AB34,10,10,CAFIN
4408-611BA30,10,10,CAFIN
4408-612AA30,10,10,CAFIN
4408-612AA34,10,10,CAFIN
4408-612AB30,10,10,CAFIN
4408-612AB34,10,10,CAFIN
4408-612BA30,10,10,CAFIN
4408-621AA30,10,10,CAFIN
4408-621AB30,10,10,CAFIN
4408-621BA30,10,10,CAFIN
4408-622AA30,10,10,CAFIN
4408-622AB30,10,10,CAFIN
4408-622BA30,10,10,CAFIN
4408-631AA34,10,10,CAFIN
4408-911AA30,10,10,CAFIN
4408-911AA34,10,10,CAFIN
4408-911BA30,10,10,CAFIN
4408-911BA34,10,10,CAFIN
4408-912AA30,10,10,CAFIN
4408-912AA34,10,10,CAFIN
4408-912AB30,10,10,CAFIN
4408-912AB34,10,10,CAFIN
4408-913AA30,10,10,CAFIN
4408-913AA34,10,10,CAFIN
4412-521AA30,10,10,CAFIN
4412-521AA34,10,10,CAFIN
4412-522AA30,10,10,CAFIN
4412-522AA34,10,10,CAFIN
4412-523AA30,10,10,CAFIN
4412-523AA34,10,10,CAFIN
4412-611AA30,10,10,CAFIN
4412-611AA34,10,10,CAFIN
4412-611AB30,10,10,CAFIN
4412-611AB34,10,10,CAFIN
4412-612AA30,10,10,CAFIN
4412-612AA34,10,10,CAFIN
4412-612AB30,10,10,CAFIN
4412-612AB34,10,10,CAFIN
4412-613AA30,10,10,CAFIN
4412-613AA34,10,10,CAFIN
4412-613AB30,10,10,CAFIN
4412-613AB34,10,10,CAFIN
4412-684BA34,10,10,CAFIN
4412-684CA34,10,10,CAFIN
4412-685BA34,10,10,CAFIN
4412-685CA34,10,10,CAFIN
4412-686BA34,10,10,CAFIN
4412-686CA34,10,10,CAFIN
4413-681AA30,10,10,CAFIN
4413-682AA30,10,10,CAFIN
4413-683AA30,10,10,CAFIN
4413-684AA30,10,10,CAFIN
4413-685AA30,10,10,CAFIN
4413-686AA30,10,10,CAFIN
4421-611BA52,10,10,CAFIN
4421-612AA52,10,10,CAFIN
4433-53148,10,10,CAFIN
4433-53160,10,10,CAFIN
4433-532AA48,10,10,CAFIN
4433-532AA60,10,10,CAFIN
4433-533AA48,10,10,CAFIN
4433-533AA60,10,10,CAFIN
4433-536AA48,10,10,CAFIN
4433-536AA60,10,10,CAFIN
4433-632AA,10,10,CAFIN
4433-632BA,10,10,CAFIN
4433-641AA,10,10,CAFIN
4433-641BA,10,10,CAFIN
4433-641CA,10,10,CAFIN
4433-641DA,10,10,CAFIN
4439-511AA32,10,10,CAFIN
4439-511AA38,10,10,CAFIN
4439-511BA32,10,10,CAFIN
4439-511BA38,10,10,CAFIN
4439-512AA32,10,10,CAFIN
4439-512AA38,10,10,CAFIN
4439-512BA32,10,10,CAFIN
4439-512BA38,10,10,CAFIN
4501-505AA26,10,10,CAFIN
4501-505AB26,10,10,CAFIN
4501-511AA26,10,10,CAFIN
4501-512AA26,10,10,CAFIN
4501-513AA26,10,10,CAFIN
4501-514AA26,10,10,CAFIN
4501-514BA26,10,10,CAFIN
4501-514CA26,10,10,CAFIN
4501-611AA26,10,10,CAFIN
4501-611BA26,10,10,CAFIN
4501-611CA26,10,10,CAFIN
4501-611LA26,10,10,CAFIN
4502-531AA20,10,10,CAFIN
4502-532AA20,10,10,CAFIN
4502-533AA20,10,10,CAFIN
4502-611AA20,10,10,CAFIN
4502-671AA20,10,10,CAFIN
4502-672AA20,10,10,CAFIN
4502-673AA20,10,10,CAFIN
4502-674AA20,10,10,CAFIN
4502-675AA20,10,10,CAFIN
4502-676AA20,10,10,CAFIN
4502-677AA20,10,10,CAFIN
4502-678AA20,10,10,CAFIN
452-514AA33,10,10,CAFIN
452-553AA33,10,10,CAFIN
452-553BA30,10,10,CAFIN
452-553BA33,10,10,CAFIN
47-512B,10,10,CAFIN
47-513,10,10,CAFIN
47-611B,10,10,CAFIN
47-611C30,10,10,CAFIN
47-612B,10,10,CAFIN
47-612C30,10,10,CAFIN
47-613B,10,10,CAFIN
47-613C30,10,10,CAFIN
47-614B,10,10,CAFIN
47-614C30,10,10,CAFIN
474-506AA30,10,10,CAFIN
474-506AA34,10,10,CAFIN
474-506AA36,10,10,CAFIN
474-506AA38,10,10,CAFIN
474-506AA42,10,10,CAFIN
474-506BA30,10,10,CAFIN
474-506BA34,10,10,CAFIN
474-506BA36,10,10,CAFIN
474-506BA38,10,10,CAFIN
474-506BA42,10,10,CAFIN
474-506CA30,10,10,CAFIN
474-506CA34,10,10,CAFIN
474-511AA30,10,10,CAFIN
474-511AA33,10,10,CAFIN
474-511AA34,10,10,CAFIN
474-511AA36,10,10,CAFIN
474-511AA38,10,10,CAFIN
474-511BA30,10,10,CAFIN
474-511BA33,10,10,CAFIN
474-511BA36,10,10,CAFIN
474-511BA38,10,10,CAFIN
474-511CA30,10,10,CAFIN
474-511CA33,10,10,CAFIN
474-511CA38,10,10,CAFIN
474-511DA33,10,10,CAFIN
474-512DA30,10,10,CAFIN
474-512DA33,10,10,CAFIN
474-512DA34,10,10,CAFIN
474-512DA38,10,10,CAFIN
474-512SA30,10,10,CAFIN
474-512SA33,10,10,CAFIN
474-512SA38,10,10,CAFIN
474-513AA30,10,10,CAFIN
474-513AA33,10,10,CAFIN
474-513AA34,10,10,CAFIN
474-513AA36,10,10,CAFIN
474-513AA38,10,10,CAFIN
474-513GA30,10,10,CAFIN
474-513GA34,10,10,CAFIN
474-513GA36,10,10,CAFIN
474-514AA30,10,10,CAFIN
474-514AA33,10,10,CAFIN
474-514AA34,10,10,CAFIN
474-514AA36,10,10,CAFIN
474-514AA38,10,10,CAFIN
474-515DA30,10,10,CAFIN
474-515DA33,10,10,CAFIN
474-515DA38,10,10,CAFIN
474-515SA30,10,10,CAFIN
474-515SA33,10,10,CAFIN
474-515SA38,10,10,CAFIN
474-516AA30,10,10,CAFIN
474-516AA33,10,10,CAFIN
474-516AA34,10,10,CAFIN
474-516AA36,10,10,CAFIN
474-516AA38,10,10,CAFIN
474-517DA33,10,10,CAFIN
474-517DA38,10,10,CAFIN
474-517SA33,10,10,CAFIN
474-517SA38,10,10,CAFIN
474-518AA30,10,10,CAFIN
474-518AA33,10,10,CAFIN
474-518AA34,10,10,CAFIN
474-518AA36,10,10,CAFIN
474-518AA38,10,10,CAFIN
474-518BA38,10,10,CAFIN
474-519AA38,10,10,CAFIN
474-519BA38,10,10,CAFIN
474-531DA30,10,10,CAFIN
474-531DA33,10,10,CAFIN
474-531DA34,10,10,CAFIN
474-531EA30,10,10,CAFIN
474-531FA34,10,10,CAFIN
474-531GA30,10,10,CAFIN
474-531SA30,10,10,CAFIN
474-531SA33,10,10,CAFIN
474-531SA34,10,10,CAFIN
474-531SA38,10,10,CAFIN
474-532DA30,10,10,CAFIN
474-532DA34,10,10,CAFIN
474-532DA38,10,10,CAFIN
474-532SA30,10,10,CAFIN
474-532SA34,10,10,CAFIN
474-532SA38,10,10,CAFIN
474-533AA30,10,10,CAFIN
474-533AA33,10,10,CAFIN
474-533AA34,10,10,CAFIN
474-533AA36,10,10,CAFIN
474-533AA38,10,10,CAFIN
474-534AA30,10,10,CAFIN
474-534AA33,10,10,CAFIN
474-534AA34,10,10,CAFIN
474-534AA38,10,10,CAFIN
474-535SA30,10,10,CAFIN
474-535SA34,10,10,CAFIN
474-535SA38,10,10,CAFIN
474-536SA30,10,10,CAFIN
474-536SA33,10,10,CAFIN
474-536SA34,10,10,CAFIN
474-536SA38,10,10,CAFIN
474-538AA30,10,10,CAFIN
474-538AA33,10,10,CAFIN
474-538AA34,10,10,CAFIN
474-538AA36,10,10,CAFIN
474-538AA38,10,10,CAFIN
474-541AA30,10,10,CAFIN
474-541AA33,10,10,CAFIN
474-541AA38,10,10,CAFIN
474-542AA30,10,10,CAFIN
474-542AA33,10,10,CAFIN
474-542AA38,10,10,CAFIN
474-542AB33,10,10,CAFIN
474-548AA30,10,10,CAFIN
474-548AA33,10,10,CAFIN
474-548AA38,10,10,CAFIN
474-549AA30,10,10,CAFIN
474-549AA33,10,10,CAFIN
474-549AA36,10,10,CAFIN
474-549AA38,10,10,CAFIN
474-607AA30,10,10,CAFIN
474-607AA33,10,10,CAFIN
474-607AA34,10,10,CAFIN
474-607AA36,10,10,CAFIN
474-607AA38,10,10,CAFIN
474-607BA30,10,10,CAFIN
474-607BA33,10,10,CAFIN
474-607BA34,10,10,CAFIN
474-607BA36,10,10,CAFIN
474-607BA38,10,10,CAFIN
474-607CA33,10,10,CAFIN
474-607DA33,10,10,CAFIN
474-608AA30,10,10,CAFIN
474-608AA33,10,10,CAFIN
474-608AA34,10,10,CAFIN
474-608AA36,10,10,CAFIN
474-608AA38,10,10,CAFIN
474-611AA30,10,10,CAFIN
474-611AA33,10,10,CAFIN
474-611AA34,10,10,CAFIN
474-611AA38,10,10,CAFIN
474-611BA30,10,10,CAFIN
474-611BA33,10,10,CAFIN
474-611BA34,10,10,CAFIN
474-611BA38,10,10,CAFIN
474-611CA30,10,10,CAFIN
474-611CA33,10,10,CAFIN
474-611CA38,10,10,CAFIN
474-611DA30,10,10,CAFIN
474-611DA33,10,10,CAFIN
474-611DA34,10,10,CAFIN
474-611DA38,10,10,CAFIN
474-611SA30,10,10,CAFIN
474-611SA33,10,10,CAFIN
474-611SA34,10,10,CAFIN
474-611SA38,10,10,CAFIN
474-612AA30,10,10,CAFIN
474-612AA33,10,10,CAFIN
474-612AA34,10,10,CAFIN
474-612AA38,10,10,CAFIN
474-612BA30,10,10,CAFIN
474-612BA33,10,10,CAFIN
474-612BA34,10,10,CAFIN
474-612BA38,10,10,CAFIN
474-612CA30,10,10,CAFIN
474-612CA33,10,10,CAFIN
474-612CA38,10,10,CAFIN
474-612DA30,10,10,CAFIN
474-612DA33,10,10,CAFIN
474-612DA34,10,10,CAFIN
474-612DA38,10,10,CAFIN
474-612SA30,10,10,CAFIN
474-612SA33,10,10,CAFIN
474-612SA34,10,10,CAFIN
474-612SA38,10,10,CAFIN
474-613AA30,10,10,CAFIN
474-613AA33,10,10,CAFIN
474-613AA34,10,10,CAFIN
474-613AA38,10,10,CAFIN
474-613BA30,10,10,CAFIN
474-613BA33,10,10,CAFIN
474-613BA38,10,10,CAFIN
474-614AA30,10,10,CAFIN
474-614AA33,10,10,CAFIN
474-614AA34,10,10,CAFIN
474-614AA38,10,10,CAFIN
474-614BA30,10,10,CAFIN
474-614BA33,10,10,CAFIN
474-614BA38,10,10,CAFIN
474-615AA30,10,10,CAFIN
474-615AA33,10,10,CAFIN
474-615AA34,10,10,CAFIN
474-615AA36,10,10,CAFIN
474-615AA38,10,10,CAFIN
474-615DA30,10,10,CAFIN
474-615DA33,10,10,CAFIN
474-615DA34,10,10,CAFIN
474-615DA38,10,10,CAFIN
474-616AA30,10,10,CAFIN
474-616AA33,10,10,CAFIN
474-616AA34,10,10,CAFIN
474-616AA36,10,10,CAFIN
474-616AA38,10,10,CAFIN
474-616DA30,10,10,CAFIN
474-616DA33,10,10,CAFIN
474-616DA34,10,10,CAFIN
474-616DA38,10,10,CAFIN
474-617AA30,10,10,CAFIN
474-617AA33,10,10,CAFIN
474-617AA34,10,10,CAFIN
474-617AA38,10,10,CAFIN
474-618AA30,10,10,CAFIN
474-618AA33,10,10,CAFIN
474-618AA34,10,10,CAFIN
474-618AA38,10,10,CAFIN
474-619AA30,10,10,CAFIN
474-619AA33,10,10,CAFIN
474-619AA34,10,10,CAFIN
474-619AA36,10,10,CAFIN
474-619AA38,10,10,CAFIN
474-619DA30,10,10,CAFIN
474-619DA33,10,10,CAFIN
474-619DA34,10,10,CAFIN
474-619DA36,10,10,CAFIN
474-619DA38,10,10,CAFIN
474-620AA30,10,10,CAFIN
474-620AA33,10,10,CAFIN
474-620AA34,10,10,CAFIN
474-620AA36,10,10,CAFIN
474-620AA38,10,10,CAFIN
474-620DA30,10,10,CAFIN
474-620DA33,10,10,CAFIN
474-620DA34,10,10,CAFIN
474-620DA36,10,10,CAFIN
474-620DA38,10,10,CAFIN
474-621AA30,10,10,CAFIN
474-621AA33,10,10,CAFIN
474-621AA34,10,10,CAFIN
474-621AA38,10,10,CAFIN
474-621DA36,10,10,CAFIN
474-622AA30,10,10,CAFIN
474-622AA33,10,10,CAFIN
474-622AA34,10,10,CAFIN
474-622AA38,10,10,CAFIN
474-622DA36,10,10,CAFIN
474-623AA30,10,10,CAFIN
474-623AA33,10,10,CAFIN
474-623AA34,10,10,CAFIN
474-623AA36,10,10,CAFIN
474-623AA38,10,10,CAFIN
474-623AA42,10,10,CAFIN
474-623DA30,10,10,CAFIN
474-623DA33,10,10,CAFIN
474-623DA34,10,10,CAFIN
474-623DA36,10,10,CAFIN
474-623DA38,10,10,CAFIN
474-624AA30,10,10,CAFIN
474-624AA33,10,10,CAFIN
474-624AA34,10,10,CAFIN
474-624AA36,10,10,CAFIN
474-624AA38,10,10,CAFIN
474-624AA42,10,10,CAFIN
474-624DA30,10,10,CAFIN
474-624DA33,10,10,CAFIN
474-624DA34,10,10,CAFIN
474-624DA36,10,10,CAFIN
474-624DA38,10,10,CAFIN
474-624EA34,10,10,CAFIN
474-625AA30,10,10,CAFIN
474-625AA33,10,10,CAFIN
474-625AA34,10,10,CAFIN
474-625AA38,10,10,CAFIN
474-625DA36,10,10,CAFIN
474-626AA30,10,10,CAFIN
474-626AA33,10,10,CAFIN
474-626AA34,10,10,CAFIN
474-626AA38,10,10,CAFIN
474-626DA36,10,10,CAFIN
474-627AA30,10,10,CAFIN
474-627AA33,10,10,CAFIN
474-627AA34,10,10,CAFIN
474-627AA36,10,10,CAFIN
474-627AA38,10,10,CAFIN
474-627DA30,10,10,CAFIN
474-627DA33,10,10,CAFIN
474-627DA34,10,10,CAFIN
474-627DA38,10,10,CAFIN
474-628AA30,10,10,CAFIN
474-628AA33,10,10,CAFIN
474-628AA34,10,10,CAFIN
474-628AA36,10,10,CAFIN
474-628AA38,10,10,CAFIN
474-628DA30,10,10,CAFIN
474-628DA33,10,10,CAFIN
474-628DA34,10,10,CAFIN
474-628DA38,10,10,CAFIN
474-629AA30,10,10,CAFIN
474-629AA33,10,10,CAFIN
474-629AA34,10,10,CAFIN
474-629AA38,10,10,CAFIN
474-630AA30,10,10,CAFIN
474-630AA33,10,10,CAFIN
474-630AA34,10,10,CAFIN
474-630AA38,10,10,CAFIN
474-631AA30,10,10,CAFIN
474-631AA33,10,10,CAFIN
474-631AA34,10,10,CAFIN
474-631AA38,10,10,CAFIN
474-631SA30,10,10,CAFIN
474-631SA33,10,10,CAFIN
474-631SA34,10,10,CAFIN
474-631SA38,10,10,CAFIN
474-632AA30,10,10,CAFIN
474-632AA33,10,10,CAFIN
474-632AA34,10,10,CAFIN
474-632AA38,10,10,CAFIN
474-632SA30,10,10,CAFIN
474-632SA33,10,10,CAFIN
474-632SA34,10,10,CAFIN
474-632SA38,10,10,CAFIN
474-633AA30,10,10,CAFIN
474-633AA33,10,10,CAFIN
474-633AA34,10,10,CAFIN
474-633AA38,10,10,CAFIN
474-634AA30,10,10,CAFIN
474-634AA33,10,10,CAFIN
474-634AA34,10,10,CAFIN
474-634AA38,10,10,CAFIN
474-635AA30,10,10,CAFIN
474-635AA33,10,10,CAFIN
474-635AA38,10,10,CAFIN
474-636AA30,10,10,CAFIN
474-636AA33,10,10,CAFIN
474-636AA38,10,10,CAFIN
474-637AA33,10,10,CAFIN
474-637AA38,10,10,CAFIN
474-638AA33,10,10,CAFIN
474-638AA38,10,10,CAFIN
474-651AA30,10,10,CAFIN
474-651AA33,10,10,CAFIN
474-651AA34,10,10,CAFIN
474-651AA36,10,10,CAFIN
474-651AA38,10,10,CAFIN
474-651AA42,10,10,CAFIN
474-651AB38,10,10,CAFIN
474-651BA30,10,10,CAFIN
474-651DA30,10,10,CAFIN
474-651DA33,10,10,CAFIN
474-651DA34,10,10,CAFIN
474-651DA36,10,10,CAFIN
474-651DA38,10,10,CAFIN
474-651GA30,10,10,CAFIN
474-651GA34,10,10,CAFIN
474-651GA36,10,10,CAFIN
474-651GA38,10,10,CAFIN
474-651GA42,10,10,CAFIN
474-651GB38,10,10,CAFIN
474-652AA30,10,10,CAFIN
474-652AA33,10,10,CAFIN
474-652AA34,10,10,CAFIN
474-652AA36,10,10,CAFIN
474-652AA38,10,10,CAFIN
474-652AA42,10,10,CAFIN
474-652AB38,10,10,CAFIN
474-652BA30,10,10,CAFIN
474-652DA30,10,10,CAFIN
474-652DA33,10,10,CAFIN
474-652DA34,10,10,CAFIN
474-652DA36,10,10,CAFIN
474-652DA38,10,10,CAFIN
474-652GA30,10,10,CAFIN
474-652GA34,10,10,CAFIN
474-652GA36,10,10,CAFIN
474-652GA38,10,10,CAFIN
474-652GA42,10,10,CAFIN
474-652GB38,10,10,CAFIN
474-653AA30,10,10,CAFIN
474-653AA33,10,10,CAFIN
474-653AA34,10,10,CAFIN
474-653AA38,10,10,CAFIN
474-653AB38,10,10,CAFIN
474-653DA36,10,10,CAFIN
474-654AA30,10,10,CAFIN
474-654AA33,10,10,CAFIN
474-654AA34,10,10,CAFIN
474-654AA38,10,10,CAFIN
474-654AB38,10,10,CAFIN
474-654DA36,10,10,CAFIN
474-655AA34,10,10,CAFIN
474-655AA36,10,10,CAFIN
474-655AA38,10,10,CAFIN
474-655AA42,10,10,CAFIN
474-655BA30,10,10,CAFIN
474-655BA34,10,10,CAFIN
474-655BA38,10,10,CAFIN
474-655BA42,10,10,CAFIN
474-656AA34,10,10,CAFIN
474-656AA36,10,10,CAFIN
474-656AA38,10,10,CAFIN
474-656AA42,10,10,CAFIN
474-656BA30,10,10,CAFIN
474-656BA34,10,10,CAFIN
474-656BA38,10,10,CAFIN
474-656BA42,10,10,CAFIN
474-661AA30,10,10,CAFIN
474-661AA33,10,10,CAFIN
474-661AA38,10,10,CAFIN
474-662AA30,10,10,CAFIN
474-662AA33,10,10,CAFIN
474-662AA38,10,10,CAFIN
474-671AA30,10,10,CAFIN
474-671AA33,10,10,CAFIN
474-671AA38,10,10,CAFIN
474-672AA30,10,10,CAFIN
474-672AA33,10,10,CAFIN
474-672AA38,10,10,CAFIN
474-675AA30,10,10,CAFIN
474-675AA33,10,10,CAFIN
474-675AA36,10,10,CAFIN
474-675AA38,10,10,CAFIN
474-675AB38,10,10,CAFIN
474-676AA30,10,10,CAFIN
474-676AA33,10,10,CAFIN
474-676AA36,10,10,CAFIN
474-676AA38,10,10,CAFIN
474-676AB38,10,10,CAFIN
474-679AA30,10,10,CAFIN
474-679AA33,10,10,CAFIN
474-679AA36,10,10,CAFIN
474-679AA38,10,10,CAFIN
474-680AA30,10,10,CAFIN
474-680AA33,10,10,CAFIN
474-680AA36,10,10,CAFIN
474-680AA38,10,10,CAFIN
474-683AA30,10,10,CAFIN
474-683AA38,10,10,CAFIN
474-683BA30,10,10,CAFIN
474-683BA33,10,10,CAFIN
474-683BA38,10,10,CAFIN
474-684AA30,10,10,CAFIN
474-684AA38,10,10,CAFIN
474-684BA30,10,10,CAFIN
474-684BA33,10,10,CAFIN
474-684BA38,10,10,CAFIN
478-505AA,10,10,CAFIN
478-511AA30,10,10,CAFIN
478-511AA33,10,10,CAFIN
478-511AA34,10,10,CAFIN
478-511AA36,10,10,CAFIN
478-511AA38,10,10,CAFIN
478-511AB30,10,10,CAFIN
478-511AB33,10,10,CAFIN
478-511AB36,10,10,CAFIN
478-511AB38,10,10,CAFIN
478-512AA30,10,10,CAFIN
478-512AA33,10,10,CAFIN
478-512AA34,10,10,CAFIN
478-512AA36,10,10,CAFIN
478-512AA38,10,10,CAFIN
478-512AB33,10,10,CAFIN
478-513AA30,10,10,CAFIN
478-513AA33,10,10,CAFIN
478-513AA34,10,10,CAFIN
478-513AA36,10,10,CAFIN
478-513AA38,10,10,CAFIN
478-513AB33,10,10,CAFIN
478-521AA30,10,10,CAFIN
478-521AA33,10,10,CAFIN
478-521AA34,10,10,CAFIN
478-521AA36,10,10,CAFIN
478-521AA38,10,10,CAFIN
478-521AB30,10,10,CAFIN
478-521AB33,10,10,CAFIN
478-521AB34,10,10,CAFIN
478-521AB36,10,10,CAFIN
478-521AB38,10,10,CAFIN
478-521AC38,10,10,CAFIN
478-521BA30,10,10,CAFIN
478-521BA33,10,10,CAFIN
478-521BA34,10,10,CAFIN
478-521BA36,10,10,CAFIN
478-521BA38,10,10,CAFIN
478-521BB33,10,10,CAFIN
478-521BB38,10,10,CAFIN
478-521EA30,10,10,CAFIN
478-521EA33,10,10,CAFIN
478-521EA34,10,10,CAFIN
478-521EA36,10,10,CAFIN
478-521EA38,10,10,CAFIN
478-521EB30,10,10,CAFIN
478-521EB33,10,10,CAFIN
478-521EB38,10,10,CAFIN
478-521FA30,10,10,CAFIN
478-521FA33,10,10,CAFIN
478-521FA34,10,10,CAFIN
478-521FA36,10,10,CAFIN
478-521FA38,10,10,CAFIN
478-521FB30,10,10,CAFIN
478-521FB33,10,10,CAFIN
478-521JA33,10,10,CAFIN
478-521LA30,10,10,CAFIN
478-521LA33,10,10,CAFIN
478-521LA34,10,10,CAFIN
478-521LA38,10,10,CAFIN
478-521LB38,10,10,CAFIN
478-521MA34,10,10,CAFIN
478-521NA34,10,10,CAFIN
478-521PA34,10,10,CAFIN
478-522AA30,10,10,CAFIN
478-522AA33,10,10,CAFIN
478-522AA34,10,10,CAFIN
478-522AA36,10,10,CAFIN
478-522AA38,10,10,CAFIN
478-522AB30,10,10,CAFIN
478-522AB33,10,10,CAFIN
478-522AB34,10,10,CAFIN
478-522AB36,10,10,CAFIN
478-522AB38,10,10,CAFIN
478-522DA30,10,10,CAFIN
478-522DA33,10,10,CAFIN
478-522DA34,10,10,CAFIN
478-522DA36,10,10,CAFIN
478-522DA38,10,10,CAFIN
478-522DB33,10,10,CAFIN
478-522DB38,10,10,CAFIN
478-522DC38,10,10,CAFIN
478-522EA30,10,10,CAFIN
478-522EA33,10,10,CAFIN
478-522EA34,10,10,CAFIN
478-522EA38,10,10,CAFIN
478-522EB30,10,10,CAFIN
478-522EB33,10,10,CAFIN
478-522EB34,10,10,CAFIN
478-522GA30,10,10,CAFIN
478-522GA33,10,10,CAFIN
478-522GA34,10,10,CAFIN
478-522GA36,10,10,CAFIN
478-522GA38,10,10,CAFIN
478-522GB30,10,10,CAFIN
478-522GB33,10,10,CAFIN
478-523AA30,10,10,CAFIN
478-523AA33,10,10,CAFIN
478-523AA34,10,10,CAFIN
478-523AA36,10,10,CAFIN
478-523AA38,10,10,CAFIN
478-523AB30,10,10,CAFIN
478-523AB33,10,10,CAFIN
478-523AB34,10,10,CAFIN
478-523BA30,10,10,CAFIN
478-523BA33,10,10,CAFIN
478-523BB33,10,10,CAFIN
478-523CA30,10,10,CAFIN
478-523CA33,10,10,CAFIN
478-523CA34,10,10,CAFIN
478-523CA38,10,10,CAFIN
478-523CB33,10,10,CAFIN
478-523EA30,10,10,CAFIN
478-523EA33,10,10,CAFIN
478-523EB33,10,10,CAFIN
478-524AA30,10,10,CAFIN
478-524AA33,10,10,CAFIN
478-524AA34,10,10,CAFIN
478-524AA36,10,10,CAFIN
478-524AA38,10,10,CAFIN
478-524AB30,10,10,CAFIN
478-524AB33,10,10,CAFIN
478-524AB34,10,10,CAFIN
478-524AB36,10,10,CAFIN
478-524AB38,10,10,CAFIN
478-524BA30,10,10,CAFIN
478-524BA33,10,10,CAFIN
478-524BA34,10,10,CAFIN
478-524BA36,10,10,CAFIN
478-524BA38,10,10,CAFIN
478-524BB33,10,10,CAFIN
478-524DA30,10,10,CAFIN
478-524DA33,10,10,CAFIN
478-524DA34,10,10,CAFIN
478-524DA36,10,10,CAFIN
478-524DA38,10,10,CAFIN
478-524DB33,10,10,CAFIN
478-524DB38,10,10,CAFIN
478-524DC38,10,10,CAFIN
478-524EA30,10,10,CAFIN
478-524EA33,10,10,CAFIN
478-524EA34,10,10,CAFIN
478-524EA36,10,10,CAFIN
478-524EA38,10,10,CAFIN
478-524EB30,10,10,CAFIN
478-524EB33,10,10,CAFIN
478-524FA30,10,10,CAFIN
478-524FA33,10,10,CAFIN
478-524FA34,10,10,CAFIN
478-524FA36,10,10,CAFIN
478-524FA38,10,10,CAFIN
478-524FB30,10,10,CAFIN
478-524FB33,10,10,CAFIN
478-524HA30,10,10,CAFIN
478-524HA33,10,10,CAFIN
478-524HA34,10,10,CAFIN
478-524HA38,10,10,CAFIN
478-525AA30,10,10,CAFIN
478-525AA33,10,10,CAFIN
478-525AA34,10,10,CAFIN
478-525AA36,10,10,CAFIN
478-525AA38,10,10,CAFIN
478-525AB30,10,10,CAFIN
478-525AB33,10,10,CAFIN
478-525AB34,10,10,CAFIN
478-525AB38,10,10,CAFIN
478-525DA34,10,10,CAFIN
478-525EA33,10,10,CAFIN
478-526AA30,10,10,CAFIN
478-526GA30,10,10,CAFIN
478-527AA34,10,10,CAFIN
478-527BA34,10,10,CAFIN
478-531AA30,10,10,CAFIN
478-531AA33,10,10,CAFIN
478-531AA34,10,10,CAFIN
478-531AA38,10,10,CAFIN
478-531AB30,10,10,CAFIN
478-531AB33,10,10,CAFIN
478-531AB34,10,10,CAFIN
478-531AB38,10,10,CAFIN
478-531AC38,10,10,CAFIN
478-531BA30,10,10,CAFIN
478-531BA33,10,10,CAFIN
478-531BA38,10,10,CAFIN
478-531BB33,10,10,CAFIN
478-531EA30,10,10,CAFIN
478-531EA33,10,10,CAFIN
478-531EB30,10,10,CAFIN
478-531EB33,10,10,CAFIN
478-531FA30,10,10,CAFIN
478-533AA30,10,10,CAFIN
478-533AA33,10,10,CAFIN
478-533AA34,10,10,CAFIN
478-533AA36,10,10,CAFIN
478-533AA38,10,10,CAFIN
478-533AB30,10,10,CAFIN
478-533AB33,10,10,CAFIN
478-533AB34,10,10,CAFIN
478-533AB36,10,10,CAFIN
478-533AB38,10,10,CAFIN
478-533AC38,10,10,CAFIN
478-533BA30,10,10,CAFIN
478-533BA33,10,10,CAFIN
478-533BA34,10,10,CAFIN
478-533BA36,10,10,CAFIN
478-533BA38,10,10,CAFIN
478-533BB33,10,10,CAFIN
478-533BB38,10,10,CAFIN
478-533EA30,10,10,CAFIN
478-533EA33,10,10,CAFIN
478-533EA34,10,10,CAFIN
478-533EA36,10,10,CAFIN
478-533EA38,10,10,CAFIN
478-533EB30,10,10,CAFIN
478-533EB33,10,10,CAFIN
478-533FA30,10,10,CAFIN
478-535BA30,10,10,CAFIN
478-535BA33,10,10,CAFIN
478-535BB30,10,10,CAFIN
478-535BB33,10,10,CAFIN
478-535CA30,10,10,CAFIN
478-541AA30,10,10,CAFIN
478-541AA33,10,10,CAFIN
478-541AA34,10,10,CAFIN
478-541AA36,10,10,CAFIN
478-541AA38,10,10,CAFIN
478-541SA33,10,10,CAFIN
478-542AA30,10,10,CAFIN
478-542AA33,10,10,CAFIN
478-542AA34,10,10,CAFIN
478-542AA36,10,10,CAFIN
478-542AA38,10,10,CAFIN
478-543AA33,10,10,CAFIN
478-543SA33,10,10,CAFIN
478-544AA33,10,10,CAFIN
478-544AA34,10,10,CAFIN
478-604AA30,10,10,CAFIN
478-604AA33,10,10,CAFIN
478-604AA34,10,10,CAFIN
478-604AA36,10,10,CAFIN
478-604AA38,10,10,CAFIN
478-607AA30,10,10,CAFIN
478-607AA33,10,10,CAFIN
478-607AA34,10,10,CAFIN
478-607AA36,10,10,CAFIN
478-607AA38,10,10,CAFIN
478-607BA30,10,10,CAFIN
478-607BA33,10,10,CAFIN
478-607BA34,10,10,CAFIN
478-607BA36,10,10,CAFIN
478-607BA38,10,10,CAFIN
478-608AA30,10,10,CAFIN
478-608AA33,10,10,CAFIN
478-608AA34,10,10,CAFIN
478-608AA36,10,10,CAFIN
478-608AA38,10,10,CAFIN
478-608BA36,10,10,CAFIN
478-608BA38,10,10,CAFIN
478-611AA30,10,10,CAFIN
478-611AA33,10,10,CAFIN
478-611AA34,10,10,CAFIN
478-611AA36,10,10,CAFIN
478-611AA38,10,10,CAFIN
478-612AA30,10,10,CAFIN
478-612AA33,10,10,CAFIN
478-612AA34,10,10,CAFIN
478-612AA36,10,10,CAFIN
478-612AA38,10,10,CAFIN
478-613AA30,10,10,CAFIN
478-613AA33,10,10,CAFIN
478-613AA34,10,10,CAFIN
478-613AA36,10,10,CAFIN
478-613AA38,10,10,CAFIN
478-614AA30,10,10,CAFIN
478-614AA33,10,10,CAFIN
478-614AA34,10,10,CAFIN
478-614AA36,10,10,CAFIN
478-614AA38,10,10,CAFIN
478-615AA30,10,10,CAFIN
478-615AA33,10,10,CAFIN
478-615AA34,10,10,CAFIN
478-615AA36,10,10,CAFIN
478-615AA38,10,10,CAFIN
478-616AA30,10,10,CAFIN
478-616AA33,10,10,CAFIN
478-616AA34,10,10,CAFIN
478-616AA36,10,10,CAFIN
478-616AA38,10,10,CAFIN
478-621AA33,10,10,CAFIN
478-621LA33,10,10,CAFIN
478-622AA33,10,10,CAFIN
478-622LA33,10,10,CAFIN
478-623AA30,10,10,CAFIN
478-623AA33,10,10,CAFIN
478-623AA34,10,10,CAFIN
478-623AA36,10,10,CAFIN
478-623AA38,10,10,CAFIN
478-623AB30,10,10,CAFIN
478-623BA30,10,10,CAFIN
478-623BA33,10,10,CAFIN
478-623BA34,10,10,CAFIN
478-623BA36,10,10,CAFIN
478-623BA38,10,10,CAFIN
478-623BB30,10,10,CAFIN
478-623DA30,10,10,CAFIN
478-623DA33,10,10,CAFIN
478-623DA34,10,10,CAFIN
478-623DA36,10,10,CAFIN
478-623DA38,10,10,CAFIN
478-623FA30,10,10,CAFIN
478-623FA33,10,10,CAFIN
478-623FA34,10,10,CAFIN
478-623FA36,10,10,CAFIN
478-623FA38,10,10,CAFIN
478-623HA34,10,10,CAFIN
478-623JA33,10,10,CAFIN
478-623LA30,10,10,CAFIN
478-623LA33,10,10,CAFIN
478-623LA34,10,10,CAFIN
478-623LA38,10,10,CAFIN
478-623LB30,10,10,CAFIN
478-623MA30,10,10,CAFIN
478-623NA30,10,10,CAFIN
478-623SA30,10,10,CAFIN
478-623SA33,10,10,CAFIN
478-623SA34,10,10,CAFIN
478-623SA38,10,10,CAFIN
478-624AA30,10,10,CAFIN
478-624AA33,10,10,CAFIN
478-624AA34,10,10,CAFIN
478-624AA36,10,10,CAFIN
478-624AA38,10,10,CAFIN
478-624AB30,10,10,CAFIN
478-624BA30,10,10,CAFIN
478-624BA33,10,10,CAFIN
478-624BA34,10,10,CAFIN
478-624BA36,10,10,CAFIN
478-624BA38,10,10,CAFIN
478-624BB30,10,10,CAFIN
478-624DA30,10,10,CAFIN
478-624DA33,10,10,CAFIN
478-624DA34,10,10,CAFIN
478-624DA36,10,10,CAFIN
478-624DA38,10,10,CAFIN
478-624FA30,10,10,CAFIN
478-624FA33,10,10,CAFIN
478-624FA34,10,10,CAFIN
478-624FA36,10,10,CAFIN
478-624FA38,10,10,CAFIN
478-624HA34,10,10,CAFIN
478-624JA33,10,10,CAFIN
478-624LA30,10,10,CAFIN
478-624LA33,10,10,CAFIN
478-624LA34,10,10,CAFIN
478-624LA38,10,10,CAFIN
478-624LB30,10,10,CAFIN
478-624MA30,10,10,CAFIN
478-624NA30,10,10,CAFIN
478-624SA30,10,10,CAFIN
478-624SA33,10,10,CAFIN
478-624SA34,10,10,CAFIN
478-624SA38,10,10,CAFIN
478-625AA33,10,10,CAFIN
478-625AA34,10,10,CAFIN
478-625AA36,10,10,CAFIN
478-625AA38,10,10,CAFIN
478-625DA30,10,10,CAFIN
478-625DA33,10,10,CAFIN
478-625DA34,10,10,CAFIN
478-625DA36,10,10,CAFIN
478-625DA38,10,10,CAFIN
478-625FA30,10,10,CAFIN
478-625FA33,10,10,CAFIN
478-625FA34,10,10,CAFIN
478-625FA36,10,10,CAFIN
478-625FA38,10,10,CAFIN
478-626AA33,10,10,CAFIN
478-626AA34,10,10,CAFIN
478-626AA36,10,10,CAFIN
478-626AA38,10,10,CAFIN
478-626DA30,10,10,CAFIN
478-626DA33,10,10,CAFIN
478-626DA34,10,10,CAFIN
478-626DA36,10,10,CAFIN
478-626DA38,10,10,CAFIN
478-626FA30,10,10,CAFIN
478-626FA33,10,10,CAFIN
478-626FA34,10,10,CAFIN
478-626FA36,10,10,CAFIN
478-626FA38,10,10,CAFIN
478-627AA30,10,10,CAFIN
478-627AA33,10,10,CAFIN
478-627AA34,10,10,CAFIN
478-627AA38,10,10,CAFIN
478-627AB30,10,10,CAFIN
478-627BA30,10,10,CAFIN
478-627BA33,10,10,CAFIN
478-627CA30,10,10,CAFIN
478-627CA33,10,10,CAFIN
478-627CA34,10,10,CAFIN
478-627CA38,10,10,CAFIN
478-627DA30,10,10,CAFIN
478-627DA33,10,10,CAFIN
478-628AA30,10,10,CAFIN
478-628AA33,10,10,CAFIN
478-628AA34,10,10,CAFIN
478-628AA38,10,10,CAFIN
478-628AB30,10,10,CAFIN
478-628BA30,10,10,CAFIN
478-628BA33,10,10,CAFIN
478-628CA30,10,10,CAFIN
478-628CA33,10,10,CAFIN
478-628CA34,10,10,CAFIN
478-628CA38,10,10,CAFIN
478-628DA30,10,10,CAFIN
478-628DA33,10,10,CAFIN
478-629AA30,10,10,CAFIN
478-629AA33,10,10,CAFIN
478-629AA34,10,10,CAFIN
478-629AA36,10,10,CAFIN
478-629AA38,10,10,CAFIN
478-629AB30,10,10,CAFIN
478-629BA30,10,10,CAFIN
478-629BA33,10,10,CAFIN
478-629BA34,10,10,CAFIN
478-629BA36,10,10,CAFIN
478-629BA38,10,10,CAFIN
478-629BB30,10,10,CAFIN
478-629CA30,10,10,CAFIN
478-629CA33,10,10,CAFIN
478-629CA34,10,10,CAFIN
478-629CA36,10,10,CAFIN
478-629CA38,10,10,CAFIN
478-629DA30,10,10,CAFIN
478-629DA33,10,10,CAFIN
478-629DA34,10,10,CAFIN
478-629DA36,10,10,CAFIN
478-629DA38,10,10,CAFIN
478-630AA30,10,10,CAFIN
478-630AA33,10,10,CAFIN
478-630AA34,10,10,CAFIN
478-630AA38,10,10,CAFIN
478-630AB30,10,10,CAFIN
478-630BA30,10,10,CAFIN
478-630BA33,10,10,CAFIN
478-630BA34,10,10,CAFIN
478-630BA36,10,10,CAFIN
478-630BA38,10,10,CAFIN
478-630BB30,10,10,CAFIN
478-630CA30,10,10,CAFIN
478-630CA33,10,10,CAFIN
478-630CA34,10,10,CAFIN
478-630CA36,10,10,CAFIN
478-630CA38,10,10,CAFIN
478-630DA30,10,10,CAFIN
478-630DA33,10,10,CAFIN
478-630DA34,10,10,CAFIN
478-630DA36,10,10,CAFIN
478-630DA38,10,10,CAFIN
478-631AA30,10,10,CAFIN
478-631AA33,10,10,CAFIN
478-631AA34,10,10,CAFIN
478-631AA36,10,10,CAFIN
478-631AA38,10,10,CAFIN
478-631BA30,10,10,CAFIN
478-631BA33,10,10,CAFIN
478-631BA34,10,10,CAFIN
478-631BA36,10,10,CAFIN
478-631BA38,10,10,CAFIN
478-631DA30,10,10,CAFIN
478-631DA33,10,10,CAFIN
478-631DA34,10,10,CAFIN
478-631DA36,10,10,CAFIN
478-631DA38,10,10,CAFIN
478-632AA30,10,10,CAFIN
478-632AA33,10,10,CAFIN
478-632AA34,10,10,CAFIN
478-632AA36,10,10,CAFIN
478-632AA38,10,10,CAFIN
478-632BA30,10,10,CAFIN
478-632BA33,10,10,CAFIN
478-632BA34,10,10,CAFIN
478-632BA36,10,10,CAFIN
478-632BA38,10,10,CAFIN
478-632DA30,10,10,CAFIN
478-632DA33,10,10,CAFIN
478-632DA34,10,10,CAFIN
478-632DA36,10,10,CAFIN
478-632DA38,10,10,CAFIN
478-633AA30,10,10,CAFIN
478-633AA33,10,10,CAFIN
478-633AA34,10,10,CAFIN
478-633AA36,10,10,CAFIN
478-633AA38,10,10,CAFIN
478-633DA30,10,10,CAFIN
478-633DA33,10,10,CAFIN
478-634AA30,10,10,CAFIN
478-634AA33,10,10,CAFIN
478-634AA34,10,10,CAFIN
478-634AA36,10,10,CAFIN
478-634AA38,10,10,CAFIN
478-634DA30,10,10,CAFIN
478-634DA33,10,10,CAFIN
478-635AA34,10,10,CAFIN
478-635BA30,10,10,CAFIN
478-635BB30,10,10,CAFIN
478-636AA34,10,10,CAFIN
478-636BA30,10,10,CAFIN
478-636BB30,10,10,CAFIN
478-651SA33,10,10,CAFIN
478-652SA33,10,10,CAFIN
478-653SA33,10,10,CAFIN
478-654SA33,10,10,CAFIN
479-506AA30,10,10,CAFIN
479-506AA33,10,10,CAFIN
479-506AA34,10,10,CAFIN
479-506AA36,10,10,CAFIN
479-506AA38,10,10,CAFIN
479-506AA40,10,10,CAFIN
479-506BA30,10,10,CAFIN
479-506BA33,10,10,CAFIN
479-506BA34,10,10,CAFIN
479-506BA36,10,10,CAFIN
479-506BA38,10,10,CAFIN
479-506BA40,10,10,CAFIN
479-511AA30,10,10,CAFIN
479-511AA36,10,10,CAFIN
479-511AA40,10,10,CAFIN
479-511BA30,10,10,CAFIN
479-511BA36,10,10,CAFIN
479-511BA40,10,10,CAFIN
479-511CA30,10,10,CAFIN
479-511CA36,10,10,CAFIN
479-511DA30,10,10,CAFIN
479-511EA30,10,10,CAFIN
479-511FA30,10,10,CAFIN
479-511HA30,10,10,CAFIN
479-511JA30,10,10,CAFIN
479-511KA30,10,10,CAFIN
479-511KA36,10,10,CAFIN
479-511LA30,10,10,CAFIN
479-511MA36,10,10,CAFIN
479-511TA30,10,10,CAFIN
479-511TA36,10,10,CAFIN
479-512AA30,10,10,CAFIN
479-512AA33,10,10,CAFIN
479-512AA34,10,10,CAFIN
479-512AA36,10,10,CAFIN
479-512AA38,10,10,CAFIN
479-512DA30,10,10,CAFIN
479-512DA33,10,10,CAFIN
479-512DA34,10,10,CAFIN
479-512DB30,10,10,CAFIN
479-512DB33,10,10,CAFIN
479-512HA30,10,10,CAFIN
479-512HA33,10,10,CAFIN
479-512HA34,10,10,CAFIN
479-512JA30,10,10,CAFIN
479-512JA33,10,10,CAFIN
479-512JA34,10,10,CAFIN
479-512JA36,10,10,CAFIN
479-512JA38,10,10,CAFIN
479-513AA30,10,10,CAFIN
479-513AA33,10,10,CAFIN
479-513AA34,10,10,CAFIN
479-513AA36,10,10,CAFIN
479-513AA38,10,10,CAFIN
479-513AA40,10,10,CAFIN
479-513AB30,10,10,CAFIN
479-513AB33,10,10,CAFIN
479-513AB34,10,10,CAFIN
479-513AB36,10,10,CAFIN
479-513AB38,10,10,CAFIN
479-513BA30,10,10,CAFIN
479-513BA33,10,10,CAFIN
479-513BA34,10,10,CAFIN
479-513BA36,10,10,CAFIN
479-513BA38,10,10,CAFIN
479-513BA40,10,10,CAFIN
479-513BB30,10,10,CAFIN
479-513BB33,10,10,CAFIN
479-513BB34,10,10,CAFIN
479-513BB36,10,10,CAFIN
479-513BB38,10,10,CAFIN
479-513CA30,10,10,CAFIN
479-513CA33,10,10,CAFIN
479-513CA34,10,10,CAFIN
479-513CA36,10,10,CAFIN
479-513CA38,10,10,CAFIN
479-513CB30,10,10,CAFIN
479-513CB33,10,10,CAFIN
479-513CB38,10,10,CAFIN
479-514AA30,10,10,CAFIN
479-514AA33,10,10,CAFIN
479-514AA34,10,10,CAFIN
479-514AA36,10,10,CAFIN
479-514AA38,10,10,CAFIN
479-514AA40,10,10,CAFIN
479-514CA30,10,10,CAFIN
479-514CA33,10,10,CAFIN
479-514CA34,10,10,CAFIN
479-514CA36,10,10,CAFIN
479-514CA38,10,10,CAFIN
479-514CB30,10,10,CAFIN
479-514CB33,10,10,CAFIN
479-514CB38,10,10,CAFIN
479-514EA33,10,10,CAFIN
479-514EA34,10,10,CAFIN
479-515AA30,10,10,CAFIN
479-515AA33,10,10,CAFIN
479-515AA34,10,10,CAFIN
479-515AA36,10,10,CAFIN
479-515AA38,10,10,CAFIN
479-515DA30,10,10,CAFIN
479-515DA33,10,10,CAFIN
479-515DA34,10,10,CAFIN
479-515DB30,10,10,CAFIN
479-515DB33,10,10,CAFIN
479-516AA30,10,10,CAFIN
479-516AA36,10,10,CAFIN
479-516AA40,10,10,CAFIN
479-516CA30,10,10,CAFIN
479-516CA36,10,10,CAFIN
479-516DA30,10,10,CAFIN
479-517AA30,10,10,CAFIN
479-517AA33,10,10,CAFIN
479-517AA36,10,10,CAFIN
479-517AA38,10,10,CAFIN
479-518AA30,10,10,CAFIN
479-518AA33,10,10,CAFIN
479-518AA34,10,10,CAFIN
479-518AA36,10,10,CAFIN
479-518AA38,10,10,CAFIN
479-518AA40,10,10,CAFIN
479-518CA30,10,10,CAFIN
479-518CA33,10,10,CAFIN
479-518CA34,10,10,CAFIN
479-518CA36,10,10,CAFIN
479-518CA38,10,10,CAFIN
479-518CB30,10,10,CAFIN
479-518CB33,10,10,CAFIN
479-518CB38,10,10,CAFIN
479-518HA30,10,10,CAFIN
479-518HA33,10,10,CAFIN
479-518HA34,10,10,CAFIN
479-518HA36,10,10,CAFIN
479-518HA38,10,10,CAFIN
479-518JA34,10,10,CAFIN
479-519AA30,10,10,CAFIN
479-519AA34,10,10,CAFIN
479-519CA30,10,10,CAFIN
479-531AA30,10,10,CAFIN
479-531AB30,10,10,CAFIN
479-532AA30,10,10,CAFIN
479-532AA33,10,10,CAFIN
479-532AB33,10,10,CAFIN
479-533AA33,10,10,CAFIN
479-534AA33,10,10,CAFIN
479-535AA30,10,10,CAFIN
479-535BA30,10,10,CAFIN
479-536AA33,10,10,CAFIN
479-541AA36,10,10,CAFIN
479-541CA30,10,10,CAFIN
479-542AA30,10,10,CAFIN
479-542AA36,10,10,CAFIN
479-545AA30,10,10,CAFIN
479-545AA36,10,10,CAFIN
479-548AA36,10,10,CAFIN
479-548CA30,10,10,CAFIN
479-549AA30,10,10,CAFIN
479-549AA36,10,10,CAFIN
479-606AA,10,10,CAFIN
479-607AA30,10,10,CAFIN
479-607AA33,10,10,CAFIN
479-607AA34,10,10,CAFIN
479-607AA36,10,10,CAFIN
479-607AA38,10,10,CAFIN
479-607AA40,10,10,CAFIN
479-607BA30,10,10,CAFIN
479-607BA33,10,10,CAFIN
479-607BA34,10,10,CAFIN
479-607BA36,10,10,CAFIN
479-607BA38,10,10,CAFIN
479-607BA40,10,10,CAFIN
479-608AA30,10,10,CAFIN
479-608AA33,10,10,CAFIN
479-608AA34,10,10,CAFIN
479-608AA36,10,10,CAFIN
479-608AA38,10,10,CAFIN
479-608AA40,10,10,CAFIN
479-608BA36,10,10,CAFIN
479-608BA38,10,10,CAFIN
479-608BA40,10,10,CAFIN
479-611AA30,10,10,CAFIN
479-611AA34,10,10,CAFIN
479-611AA36,10,10,CAFIN
479-611AA40,10,10,CAFIN
479-611BA30,10,10,CAFIN
479-611BA34,10,10,CAFIN
479-611BA36,10,10,CAFIN
479-611BA40,10,10,CAFIN
479-611CA30,10,10,CAFIN
479-611CA34,10,10,CAFIN
479-611CA36,10,10,CAFIN
479-611CB34,10,10,CAFIN
479-611DA34,10,10,CAFIN
479-611EA30,10,10,CAFIN
479-611EA34,10,10,CAFIN
479-611HA30,10,10,CAFIN
479-611HA34,10,10,CAFIN
479-611JA30,10,10,CAFIN
479-611JA34,10,10,CAFIN
479-611JA36,10,10,CAFIN
479-611TA30,10,10,CAFIN
479-611TA36,10,10,CAFIN
479-612AA30,10,10,CAFIN
479-612AA34,10,10,CAFIN
479-612AA36,10,10,CAFIN
479-612AA40,10,10,CAFIN
479-612BA30,10,10,CAFIN
479-612BA34,10,10,CAFIN
479-612BA36,10,10,CAFIN
479-612BA40,10,10,CAFIN
479-612CA30,10,10,CAFIN
479-612CA34,10,10,CAFIN
479-612CA36,10,10,CAFIN
479-612CB34,10,10,CAFIN
479-612DA34,10,10,CAFIN
479-612EA30,10,10,CAFIN
479-612EA34,10,10,CAFIN
479-612HA30,10,10,CAFIN
479-612HA34,10,10,CAFIN
479-612JA30,10,10,CAFIN
479-612JA34,10,10,CAFIN
479-612JA36,10,10,CAFIN
479-612TA30,10,10,CAFIN
479-612TA36,10,10,CAFIN
479-613AA30,10,10,CAFIN
479-613AA34,10,10,CAFIN
479-613AA36,10,10,CAFIN
479-613BA30,10,10,CAFIN
479-613BA34,10,10,CAFIN
479-613BA36,10,10,CAFIN
479-614AA30,10,10,CAFIN
479-614AA34,10,10,CAFIN
479-614AA36,10,10,CAFIN
479-614BA30,10,10,CAFIN
479-614BA34,10,10,CAFIN
479-614BA36,10,10,CAFIN
479-615AA30,10,10,CAFIN
479-615AA33,10,10,CAFIN
479-615AA34,10,10,CAFIN
479-615AA36,10,10,CAFIN
479-615AA38,10,10,CAFIN
479-615AA40,10,10,CAFIN
479-615HA30,10,10,CAFIN
479-615HA33,10,10,CAFIN
479-615HA34,10,10,CAFIN
479-615JA30,10,10,CAFIN
479-615JA34,10,10,CAFIN
479-615JA36,10,10,CAFIN
479-615JA38,10,10,CAFIN
479-615JB30,10,10,CAFIN
479-615JB38,10,10,CAFIN
479-616AA30,10,10,CAFIN
479-616AA33,10,10,CAFIN
479-616AA34,10,10,CAFIN
479-616AA36,10,10,CAFIN
479-616AA38,10,10,CAFIN
479-616AA40,10,10,CAFIN
479-616HA30,10,10,CAFIN
479-616HA33,10,10,CAFIN
479-616HA34,10,10,CAFIN
479-616JA30,10,10,CAFIN
479-616JA34,10,10,CAFIN
479-616JA36,10,10,CAFIN
479-616JA38,10,10,CAFIN
479-616JB30,10,10,CAFIN
479-617AA30,10,10,CAFIN
479-617AA33,10,10,CAFIN
479-617AA34,10,10,CAFIN
479-617AA36,10,10,CAFIN
479-617AA38,10,10,CAFIN
479-618AA30,10,10,CAFIN
479-618AA33,10,10,CAFIN
479-618AA34,10,10,CAFIN
479-618AA36,10,10,CAFIN
479-618AA38,10,10,CAFIN
479-619AA30,10,10,CAFIN
479-619AA33,10,10,CAFIN
479-619AA34,10,10,CAFIN
479-619AA36,10,10,CAFIN
479-619AA38,10,10,CAFIN
479-619AA40,10,10,CAFIN
479-619CA30,10,10,CAFIN
479-619CA33,10,10,CAFIN
479-619CA34,10,10,CAFIN
479-619CA36,10,10,CAFIN
479-619CA38,10,10,CAFIN
479-619DA30,10,10,CAFIN
479-619DA33,10,10,CAFIN
479-619DA34,10,10,CAFIN
479-619DA36,10,10,CAFIN
479-620AA30,10,10,CAFIN
479-620AA33,10,10,CAFIN
479-620AA34,10,10,CAFIN
479-620AA36,10,10,CAFIN
479-620AA38,10,10,CAFIN
479-620AA40,10,10,CAFIN
479-620CA30,10,10,CAFIN
479-620CA33,10,10,CAFIN
479-620CA34,10,10,CAFIN
479-620CA36,10,10,CAFIN
479-620CA38,10,10,CAFIN
479-620DA30,10,10,CAFIN
479-620DA33,10,10,CAFIN
479-620DA34,10,10,CAFIN
479-620DA36,10,10,CAFIN
479-621AA30,10,10,CAFIN
479-621AA33,10,10,CAFIN
479-621AA34,10,10,CAFIN
479-621AA36,10,10,CAFIN
479-621AA38,10,10,CAFIN
479-622AA30,10,10,CAFIN
479-622AA33,10,10,CAFIN
479-622AA34,10,10,CAFIN
479-622AA36,10,10,CAFIN
479-622AA38,10,10,CAFIN
479-623AA30,10,10,CAFIN
479-623AA33,10,10,CAFIN
479-623AA34,10,10,CAFIN
479-623AA36,10,10,CAFIN
479-623AA38,10,10,CAFIN
479-623AA40,10,10,CAFIN
479-623CA30,10,10,CAFIN
479-623CA33,10,10,CAFIN
479-623CA34,10,10,CAFIN
479-623CA36,10,10,CAFIN
479-623CA38,10,10,CAFIN
479-624AA30,10,10,CAFIN
479-624AA33,10,10,CAFIN
479-624AA34,10,10,CAFIN
479-624AA36,10,10,CAFIN
479-624AA38,10,10,CAFIN
479-624AA40,10,10,CAFIN
479-624CA30,10,10,CAFIN
479-624CA33,10,10,CAFIN
479-624CA34,10,10,CAFIN
479-624CA36,10,10,CAFIN
479-624CA38,10,10,CAFIN
479-625AA30,10,10,CAFIN
479-625AA33,10,10,CAFIN
479-625AA34,10,10,CAFIN
479-625AA36,10,10,CAFIN
479-625AA38,10,10,CAFIN
479-626AA30,10,10,CAFIN
479-626AA33,10,10,CAFIN
479-626AA34,10,10,CAFIN
479-626AA36,10,10,CAFIN
479-626AA38,10,10,CAFIN
479-627AA30,10,10,CAFIN
479-627AA33,10,10,CAFIN
479-627AA34,10,10,CAFIN
479-627AA36,10,10,CAFIN
479-627AA38,10,10,CAFIN
479-627AA40,10,10,CAFIN
479-628AA30,10,10,CAFIN
479-628AA33,10,10,CAFIN
479-628AA34,10,10,CAFIN
479-628AA36,10,10,CAFIN
479-628AA38,10,10,CAFIN
479-628AA40,10,10,CAFIN
479-629AA30,10,10,CAFIN
479-629AA33,10,10,CAFIN
479-629AA34,10,10,CAFIN
479-629AA36,10,10,CAFIN
479-629AA38,10,10,CAFIN
479-630AA30,10,10,CAFIN
479-630AA33,10,10,CAFIN
479-630AA34,10,10,CAFIN
479-630AA36,10,10,CAFIN
479-630AA38,10,10,CAFIN
479-631AA30,10,10,CAFIN
479-631AA34,10,10,CAFIN
479-631AA36,10,10,CAFIN
479-631AA40,10,10,CAFIN
479-631CA30,10,10,CAFIN
479-631CA34,10,10,CAFIN
479-631CA36,10,10,CAFIN
479-631CB36,10,10,CAFIN
479-631DA30,10,10,CAFIN
479-631DA34,10,10,CAFIN
479-631DA36,10,10,CAFIN
479-632AA30,10,10,CAFIN
479-632AA34,10,10,CAFIN
479-632AA36,10,10,CAFIN
479-632AA40,10,10,CAFIN
479-632CA30,10,10,CAFIN
479-632CA34,10,10,CAFIN
479-632CA36,10,10,CAFIN
479-632CB36,10,10,CAFIN
479-632DA30,10,10,CAFIN
479-632DA34,10,10,CAFIN
479-632DA36,10,10,CAFIN
479-633AA30,10,10,CAFIN
479-633AA34,10,10,CAFIN
479-633AA36,10,10,CAFIN
479-634AA30,10,10,CAFIN
479-634AA34,10,10,CAFIN
479-634AA36,10,10,CAFIN
479-635AA30,10,10,CAFIN
479-635AA33,10,10,CAFIN
479-635AA34,10,10,CAFIN
479-635AA36,10,10,CAFIN
479-635AA38,10,10,CAFIN
479-636AA30,10,10,CAFIN
479-636AA33,10,10,CAFIN
479-636AA34,10,10,CAFIN
479-636AA36,10,10,CAFIN
479-636AA38,10,10,CAFIN
479-651AA30,10,10,CAFIN
479-651AA33,10,10,CAFIN
479-651AB30,10,10,CAFIN
479-651AB33,10,10,CAFIN
479-651AB34,10,10,CAFIN
479-651AB36,10,10,CAFIN
479-651AB38,10,10,CAFIN
479-651AB40,10,10,CAFIN
479-651CA30,10,10,CAFIN
479-651CA33,10,10,CAFIN
479-651CA34,10,10,CAFIN
479-651CA36,10,10,CAFIN
479-651CA38,10,10,CAFIN
479-652AA30,10,10,CAFIN
479-652AA33,10,10,CAFIN
479-652AB30,10,10,CAFIN
479-652AB33,10,10,CAFIN
479-652AB34,10,10,CAFIN
479-652AB36,10,10,CAFIN
479-652AB38,10,10,CAFIN
479-652AB40,10,10,CAFIN
479-652CA30,10,10,CAFIN
479-652CA33,10,10,CAFIN
479-652CA34,10,10,CAFIN
479-652CA36,10,10,CAFIN
479-652CA38,10,10,CAFIN
479-653AA30,10,10,CAFIN
479-653AA33,10,10,CAFIN
479-653AA34,10,10,CAFIN
479-653AA36,10,10,CAFIN
479-653AB30,10,10,CAFIN
479-653AB33,10,10,CAFIN
479-653AB34,10,10,CAFIN
479-653AB38,10,10,CAFIN
479-654AA30,10,10,CAFIN
479-654AA33,10,10,CAFIN
479-654AA34,10,10,CAFIN
479-654AA36,10,10,CAFIN
479-654AB30,10,10,CAFIN
479-654AB33,10,10,CAFIN
479-654AB34,10,10,CAFIN
479-654AB38,10,10,CAFIN
479-671AA30,10,10,CAFIN
479-672AA30,10,10,CAFIN
479-673AA30,10,10,CAFIN
479-674AA30,10,10,CAFIN
479-675AA33,10,10,CAFIN
479-676AA33,10,10,CAFIN
479-681AA36,10,10,CAFIN
479-681CA30,10,10,CAFIN
479-682AA36,10,10,CAFIN
479-682CA30,10,10,CAFIN
479-683AA30,10,10,CAFIN
479-683AA36,10,10,CAFIN
479-684AA30,10,10,CAFIN
479-684AA36,10,10,CAFIN
479-685AA30,10,10,CAFIN
479-685AA36,10,10,CAFIN
479-686AA30,10,10,CAFIN
479-686AA36,10,10,CAFIN
479-687AA36,10,10,CAFIN
479-687CA30,10,10,CAFIN
479-688AA36,10,10,CAFIN
479-688CA30,10,10,CAFIN
485-511AA30,10,10,CAFIN
485-511AA33,10,10,CAFIN
485-511AA34,10,10,CAFIN
485-511AA36,10,10,CAFIN
485-511AA38,10,10,CAFIN
485-511BA30,10,10,CAFIN
485-511BA33,10,10,CAFIN
485-511BA34,10,10,CAFIN
485-511BA36,10,10,CAFIN
485-511BA38,10,10,CAFIN
485-512AA30,10,10,CAFIN
485-512AA34,10,10,CAFIN
485-512AA36,10,10,CAFIN
485-512AA38,10,10,CAFIN
485-512BA30,10,10,CAFIN
485-512BA34,10,10,CAFIN
485-512BA36,10,10,CAFIN
485-512BA38,10,10,CAFIN
485-513AA30,10,10,CAFIN
485-513AA36,10,10,CAFIN
485-514AA30,10,10,CAFIN
485-514AA36,10,10,CAFIN
485-515AA30,10,10,CAFIN
485-515AA36,10,10,CAFIN
485-516AA30,10,10,CAFIN
485-516AA36,10,10,CAFIN
485-517AA30,10,10,CAFIN
485-517AA33,10,10,CAFIN
485-517AA34,10,10,CAFIN
485-517AA36,10,10,CAFIN
485-517AA38,10,10,CAFIN
485-518AA30,10,10,CAFIN
485-518AA33,10,10,CAFIN
485-518AA34,10,10,CAFIN
485-518AA36,10,10,CAFIN
485-518AA38,10,10,CAFIN
485-519AA30,10,10,CAFIN
485-519AA33,10,10,CAFIN
485-519AA34,10,10,CAFIN
485-519AA36,10,10,CAFIN
485-520AA30,10,10,CAFIN
485-520AA36,10,10,CAFIN
485-611AA30,10,10,CAFIN
485-611AA34,10,10,CAFIN
485-611AA36,10,10,CAFIN
485-611BA30,10,10,CAFIN
485-611BA34,10,10,CAFIN
485-611BA36,10,10,CAFIN
485-611CA30,10,10,CAFIN
485-611CA34,10,10,CAFIN
485-611CA36,10,10,CAFIN
485-611DA30,10,10,CAFIN
485-611DA34,10,10,CAFIN
485-611DA36,10,10,CAFIN
485-612AA30,10,10,CAFIN
485-612AA33,10,10,CAFIN
485-612AA34,10,10,CAFIN
485-612AA36,10,10,CAFIN
485-612AA38,10,10,CAFIN
485-612BA30,10,10,CAFIN
485-612BA33,10,10,CAFIN
485-612BA34,10,10,CAFIN
485-612BA36,10,10,CAFIN
485-612BA38,10,10,CAFIN
485-613AA30,10,10,CAFIN
485-613AA34,10,10,CAFIN
485-613AA36,10,10,CAFIN
485-613AA38,10,10,CAFIN
485-614AA30,10,10,CAFIN
485-614AA34,10,10,CAFIN
485-614AA36,10,10,CAFIN
485-614AA38,10,10,CAFIN
485-615AA30,10,10,CAFIN
485-615AA34,10,10,CAFIN
485-615AA36,10,10,CAFIN
485-615AA38,10,10,CAFIN
485-616AA30,10,10,CAFIN
485-616AA34,10,10,CAFIN
485-616AA36,10,10,CAFIN
485-616AA38,10,10,CAFIN
485-617AA30,10,10,CAFIN
485-617AA34,10,10,CAFIN
485-617AA36,10,10,CAFIN
485-617AA38,10,10,CAFIN
485-618AA30,10,10,CAFIN
485-618AA34,10,10,CAFIN
485-618AA36,10,10,CAFIN
485-618AA38,10,10,CAFIN
485-619AA30,10,10,CAFIN
485-619AA34,10,10,CAFIN
485-619AA36,10,10,CAFIN
485-619AA38,10,10,CAFIN
485-620AA30,10,10,CAFIN
485-620AA34,10,10,CAFIN
485-620AA36,10,10,CAFIN
485-620AA38,10,10,CAFIN
485-621AA30,10,10,CAFIN
485-621AA33,10,10,CAFIN
485-621AA34,10,10,CAFIN
485-621AA36,10,10,CAFIN
485-621AA38,10,10,CAFIN
485-622AA30,10,10,CAFIN
485-622AA33,10,10,CAFIN
485-622AA34,10,10,CAFIN
485-622AA36,10,10,CAFIN
485-622AA38,10,10,CAFIN
485-623AA33,10,10,CAFIN
485-623AA34,10,10,CAFIN
485-623AA36,10,10,CAFIN
485-624AA30,10,10,CAFIN
485-624AA34,10,10,CAFIN
485-625AA30,10,10,CAFIN
485-625AA36,10,10,CAFIN
5108-505BA,10,10,CAFIN
5108-511AA30,10,10,CAFIN
5108-511AA36,10,10,CAFIN
5108-511BA30,10,10,CAFIN
5108-511BA36,10,10,CAFIN
5108-511CA30,10,10,CAFIN
5108-511CA36,10,10,CAFIN
5108-511CA42,10,10,CAFIN
5108-511DA42,10,10,CAFIN
5108-512AA30,10,10,CAFIN
5108-512AA33,10,10,CAFIN
5108-512AA34,10,10,CAFIN
5108-512AA36,10,10,CAFIN
5108-512AA38,10,10,CAFIN
5108-512BA30,10,10,CAFIN
5108-512BA33,10,10,CAFIN
5108-512BA34,10,10,CAFIN
5108-512BA36,10,10,CAFIN
5108-512BA38,10,10,CAFIN
5108-512BA42,10,10,CAFIN
5108-514AA30,10,10,CAFIN
5108-514AA33,10,10,CAFIN
5108-514AA34,10,10,CAFIN
5108-514AA36,10,10,CAFIN
5108-514AA38,10,10,CAFIN
5108-514AA42,10,10,CAFIN
5108-514GA30,10,10,CAFIN
5108-514GA33,10,10,CAFIN
5108-515CA30,10,10,CAFIN
5108-515CA33,10,10,CAFIN
5108-515CA34,10,10,CAFIN
5108-515CA36,10,10,CAFIN
5108-515CA38,10,10,CAFIN
5108-515CA42,10,10,CAFIN
5108-515CB30,10,10,CAFIN
5108-515CB33,10,10,CAFIN
5108-515DA42,10,10,CAFIN
5108-516AA30,10,10,CAFIN
5108-516AA33,10,10,CAFIN
5108-516AA34,10,10,CAFIN
5108-516AA36,10,10,CAFIN
5108-516AA38,10,10,CAFIN
5108-516BA30,10,10,CAFIN
5108-516BA33,10,10,CAFIN
5108-516BA34,10,10,CAFIN
5108-516BA36,10,10,CAFIN
5108-516BA38,10,10,CAFIN
5108-517BA30,10,10,CAFIN
5108-517BA33,10,10,CAFIN
5108-517BA34,10,10,CAFIN
5108-517BA36,10,10,CAFIN
5108-517BA38,10,10,CAFIN
5108-517BA42,10,10,CAFIN
5108-518CA30,10,10,CAFIN
5108-518CA33,10,10,CAFIN
5108-518CA34,10,10,CAFIN
5108-518CA38,10,10,CAFIN
5108-521CA30,10,10,CAFIN
5108-521CA42,10,10,CAFIN
5108-522AA30,10,10,CAFIN
5108-522AA36,10,10,CAFIN
5108-522AA38,10,10,CAFIN
5108-522AA42,10,10,CAFIN
5108-523AA42,10,10,CAFIN
5108-524AA30,10,10,CAFIN
5108-524AA38,10,10,CAFIN
5108-531AA30,10,10,CAFIN
5108-532AA30,10,10,CAFIN
5108-604AA30,10,10,CAFIN
5108-604AA33,10,10,CAFIN
5108-604AA42,10,10,CAFIN
5108-607AA30,10,10,CAFIN
5108-607AA33,10,10,CAFIN
5108-607AA34,10,10,CAFIN
5108-607AA36,10,10,CAFIN
5108-607AA38,10,10,CAFIN
5108-607AA42,10,10,CAFIN
5108-607BA30,10,10,CAFIN
5108-607BA33,10,10,CAFIN
5108-607BA34,10,10,CAFIN
5108-607BA36,10,10,CAFIN
5108-607BA38,10,10,CAFIN
