105-420BB48,1.0,1,SKD323270,0.0,0.0,,0.0,0.0,,0.0,0.0,,0.0,0.0,,0.0,0.0,
00-1090AA30,1.0,1,S6H3822,55.0,1000.0,SUJ3038068,0.0,0.0,,0.0,0.0,,0.0,0.0,,0.0,0.0,
00-1090GA30,1.0,1,S191960,200.0,1000.0,SUJ3019019,0.0,0.0,,0.0,0.0,,0.0,0.0,,0.0,0.0,
00-1113D34,1.0,1,SKD7B3270,133.0,1000.0,SKD11032072,0.0,0.0,,0.0,0.0,,0.0,0.0,,0.0,0.0,
2.4PS-MB1AA30,1.0,1,SKD6G3540,77.0,1000.0,SKD11035067,0.0,0.0,,0.0,0.0,,0.0,0.0,,0.0,0.0,
2.4PS-MB1AA32,1.0,1,SKD6G3545,87.0,1000.0,SKD11035067,0.0,0.0,,0.0,0.0,,0.0,0.0,,0.0,0.0,
2.4PS-MY3AA30,1.0,1,SKD8B4040,108.0,1000.0,SKD11040082,0.0,0.0,,0.0,0.0,,0.0,0.0,,0.0,0.0,
2.4PS-MY4AA30,1.0,1,SKD8E5040,140.0,1000.0,SKD11050085,0.0,0.0,,0.0,0.0,,0.0,0.0,,0.0,0.0,
2.4S-DB1,1.0,1,2.4S-MB1,1.0,1.0,SKD5E3045,61.0,1000.0,SKD11030055,0.0,0.0,,0.0,0.0,,0.0,0.0,
2.4S-DY130,1.0,1,2.4S-MY130,1.0,1.0,SKD6G2538,53.0,1000.0,SKD11025067,0.0,0.0,,0.0,0.0,,0.0,0.0,
2.4S-DY330,1.0,1,2.4S-MY130,1.0,1.0,SKD6G2538,53.0,1000.0,SKD11025067,0.0,0.0,,0.0,0.0,,0.0,0.0,
224-512AA33-L,1.0,1,LPJNY-MY2AA33,1.0,1.0,SKD6G3535,68.0,1000.0,SKD11035067,0.0,0.0,,0.0,0.0,,0.0,0.0,
224-513AA33-L,1.0,1,LPJNY-DY3AA33,1.0,1.0,LPJNY-MY3AA33,1.0,1.0,SKD6G2753,79.0,1000.0,SKD11027067,0.0,0.0,,0.0,0.0,
224-514AA33-L,1.0,1,LPJNY-DY4AA33,1.0,1.0,LPJNY-MY4AA33,1.0,1.0,SKD6G3555,106.0,1000.0,SKD11035067,0.0,0.0,,0.0,0.0,
2FAC-DB1,1.0,1,2FAC-MB1,1.0,1.0,SKD5E3050,70.0,1000.0,SKD11030055,0.0,0.0,,0.0,0.0,,0.0,0.0,
2FAC-DB1A,1.0,1,2FAC-MB1A,1.0,1.0,SKD6G2753,79.0,1000.0,SKD11027067,0.0,0.0,,0.0,0.0,,0.0,0.0,
2FAC-DB1D,1.0,1,2FAC-MB1D,1.0,1.0,SKD5E3050,70.0,1000.0,SKD11030055,0.0,0.0,,0.0,0.0,,0.0,0.0,
2FAC-DY1AA32,1.0,1,2FAC-MY1AA32,1.0,1.0,SKD6G3545,87.0,1000.0,SKD11035067,0.0,0.0,,0.0,0.0,,0.0,0.0,
2FAC-DY1AA38,1.0,1,2FAC-MY1AA38,1.0,1.0,SKD6G3545,87.0,1000.0,SKD11035067,0.0,0.0,,0.0,0.0,,0.0,0.0,
2FAC-DY3AA32,1.0,1,2FAC-MY3AA32,1.0,1.0,SKD8B2944,86.0,1000.0,SKD11029082,0.0,0.0,,0.0,0.0,,0.0,0.0,
2FAC-MY3B32,1.0,1,SKD8B2944,86.0,1000.0,SKD11029082,0.0,0.0,,0.0,0.0,,0.0,0.0,,0.0,0.0,
2FA-DC1B,1.0,1,2FA-MC1B,1.0,1.0,SKD5E2548,55.0,1000.0,SKD11025055,0.0,0.0,,0.0,0.0,,0.0,0.0,
2FA-DY1,1.0,1,2FA-MY1,1.0,1.0,SKD6G2248,59.0,1000.0,SKD11022067,0.0,0.0,,0.0,0.0,,0.0,0.0,
2FA-DY3,1.0,1,2FA-MY3,1.0,1.0,SKD8B2144,63.0,1000.0,SKD11021082,0.0,0.0,,0.0,0.0,,0.0,0.0,
2FA-MY138,1.0,1,SKD8B2144,63.0,1000.0,SKD11021082,0.0,0.0,,0.0,0.0,,0.0,0.0,,0.0,0.0,
2FA-MY338,1.0,1,SKD8B2144,63.0,1000.0,SKD11021082,0.0,0.0,,0.0,0.0,,0.0,0.0,,0.0,0.0,
2FB-DB1AA36,1.0,1,2FB-MB1AA36,1.0,1.0,SKD6G3555,106.0,1000.0,SKD11035067,0.0,0.0,,0.0,0.0,,0.0,0.0,
2FB-DY1AA38,1.0,1,2FB-MY1AA38,1.0,1.0,SKD6G2545,62.0,1000.0,SKD11025067,0.0,0.0,,0.0,0.0,,0.0,0.0,
2FB-DY3AA38,1.0,1,2FB-MY3AA38,1.0,1.0,SKD6G2545,62.0,1000.0,SKD11025067,0.0,0.0,,0.0,0.0,,0.0,0.0,
2FB-MB1AA30,1.0,1,SKD6G3555,106.0,1000.0,SKD11035067,0.0,0.0,,0.0,0.0,,0.0,0.0,,0.0,0.0,
2FC-DY1B32,1.0,1,2FC-MY1B32,1.0,1.0,SKD6G3545,87.0,1000.0,SKD11035067,0.0,0.0,,0.0,0.0,,0.0,0.0,
2FC-DY2D30,1.0,1,2FC-MY2D30,1.0,1.0,SKD8B2944,86.0,1000.0,SKD11029082,0.0,0.0,,0.0,0.0,,0.0,0.0,
2FC-DY3D30,1.0,1,2FC-MY3D30,1.0,1.0,SKD8B2944,86.0,1000.0,SKD11029082,0.0,0.0,,0.0,0.0,,0.0,0.0,
2FC-MY4B32,1.0,1,SKD7Z3045,78.0,1000.0,SKD11030070,0.0,0.0,,0.0,0.0,,0.0,0.0,,0.0,0.0,
2FD-MY1AA32,1.0,1,SKD6G2248,59.0,1000.0,SKD11022067,0.0,0.0,,0.0,0.0,,0.0,0.0,,0.0,0.0,
2FD-MY1AA38,1.0,1,SKD6G2248,59.0,1000.0,SKD11022067,0.0,0.0,,0.0,0.0,,0.0,0.0,,0.0,0.0,
2JA-DB1AA30,1.0,1,2JA-MB1AA30,1.0,1.0,SKD6E4026,56.0,1000.0,SKD11040065,0.0,0.0,,0.0,0.0,,0.0,0.0,
2JA-DB2AA30,1.0,1,2JA-MB2AA30,1.0,1.0,SKD6G3515,29.0,1000.0,SKD11035067,0.0,0.0,,0.0,0.0,,0.0,0.0,
2JA-DB3AA30,1.0,1,2JA-MB3AA30,1.0,1.0,SKD6E4030,64.0,1000.0,SKD11040065,0.0,0.0,,0.0,0.0,,0.0,0.0,
2JA-DB4AA30,1.0,1,2JA-MB4AA30,1.0,1.0,SKD6E3327,51.0,1000.0,SKD11033065,0.0,0.0,,0.0,0.0,,0.0,0.0,
2JA-DB7AA30,1.0,1,2JA-MB7AA30,1.0,1.0,SKD6G3545,87.0,1000.0,SKD11035067,0.0,0.0,,0.0,0.0,,0.0,0.0,
2JA-DB8AA30,1.0,1,2JA-MB8AA30,1.0,1.0,SKD6G3540,77.0,1000.0,SKD11035067,0.0,0.0,,0.0,0.0,,0.0,0.0,
2JA-DY2AA30,1.0,1,2JA-MY2AA30,1.0,1.0,SKD6G2532,45.0,1000.0,SKD11025067,0.0,0.0,,0.0,0.0,,0.0,0.0,
2JA-DY4AA30,1.0,1,2JA-MY4AA30,1.0,1.0,SKD6G2545,62.0,1000.0,SKD11025067,0.0,0.0,,0.0,0.0,,0.0,0.0,
3.2-MY3AA36,1.0,1,SKD6G2532,45.0,1000.0,SKD11025067,0.0,0.0,,0.0,0.0,,0.0,0.0,,0.0,0.0,
3.2S-DB1AA30,1.0,1,3.2S-MB1AA30,1.0,1.0,SKD6G3535,68.0,1000.0,SKD11035067,0.0,0.0,,0.0,0.0,,0.0,0.0,
3.2S-DY1AA24,1.0,1,3.2S-MY1AA24,1.0,1.0,SKD6G2532,45.0,1000.0,SKD11025067,0.0,0.0,,0.0,0.0,,0.0,0.0,
3.2S-DY1AA26,1.0,1,3.2S-MY1AA26,1.0,1.0,SKD6G2532,45.0,1000.0,SKD11025067,0.0,0.0,,0.0,0.0,,0.0,0.0,
3.2S-DY1AA30,1.0,1,3.2S-MY1AA30,1.0,1.0,SKD6G2532,45.0,1000.0,SKD11025067,0.0,0.0,,0.0,0.0,,0.0,0.0,
3.2S-DY1AA32,1.0,1,3.2S-MY1AA32,1.0,1.0,SKD6G2532,45.0,1000.0,SKD11025067,0.0,0.0,,0.0,0.0,,0.0,0.0,
3.2S-DY1AA34,1.0,1,3.2S-MY1AA34,1.0,1.0,SKD6G2532,45.0,1000.0,SKD11025067,0.0,0.0,,0.0,0.0,,0.0,0.0,
3.2S-DY1AA36,1.0,1,3.2S-MY1AA36,1.0,1.0,SKD6G2532,45.0,1000.0,SKD11025067,0.0,0.0,,0.0,0.0,,0.0,0.0,
3.2S-DY3AA24,1.0,1,3.2S-MY1AA24,1.0,1.0,SKD6G2532,45.0,1000.0,SKD11025067,0.0,0.0,,0.0,0.0,,0.0,0.0,
3.2S-DY3AA26,1.0,1,3.2S-MY1AA26,1.0,1.0,SKD6G2532,45.0,1000.0,SKD11025067,0.0,0.0,,0.0,0.0,,0.0,0.0,
3.2S-DY3AA30,1.0,1,3.2S-MY3AA30,1.0,1.0,SKD6G2532,45.0,1000.0,SKD11025067,0.0,0.0,,0.0,0.0,,0.0,0.0,
3.2S-DY3AA32,1.0,1,3.2S-MY1AA32,1.0,1.0,SKD6G2532,45.0,1000.0,SKD11025067,0.0,0.0,,0.0,0.0,,0.0,0.0,
3.2S-DY3AA34,1.0,1,3.2S-MY1AA34,1.0,1.0,SKD6G2532,45.0,1000.0,SKD11025067,0.0,0.0,,0.0,0.0,,0.0,0.0,
3.2SME-MY1AA30,1.0,1,SKD8B2930,59.0,1000.0,SKD11029082,0.0,0.0,,0.0,0.0,,0.0,0.0,,0.0,0.0,
3.2SMERE-MY1AA30,1.0,1,SKD8B2930,59.0,1000.0,SKD11029082,0.0,0.0,,0.0,0.0,,0.0,0.0,,0.0,0.0,
3.2SMERE-MY1AA34,1.0,1,SKD8B2930,59.0,1000.0,SKD11029082,0.0,0.0,,0.0,0.0,,0.0,0.0,,0.0,0.0,
3.2SMERE-MY3AA34,1.0,1,SKD6G2530,42.0,1000.0,SKD11025067,0.0,0.0,,0.0,0.0,,0.0,0.0,,0.0,0.0,
3.2SMERE-MY4AA34,1.0,1,SKD6G2530,42.0,1000.0,SKD11025067,0.0,0.0,,0.0,0.0,,0.0,0.0,,0.0,0.0,
3.2SMERE-MY5AA34,1.0,1,SKD8B2930,59.0,1000.0,SKD11029082,0.0,0.0,,0.0,0.0,,0.0,0.0,,0.0,0.0,
3.2S-MY1AB38,1.0,1,SKD6G3532,62.0,1000.0,SKD11035067,0.0,0.0,,0.0,0.0,,0.0,0.0,,0.0,0.0,
3.2S-MY3AA26,1.0,1,SKD6G2532,45.0,1000.0,SKD11025067,0.0,0.0,,0.0,0.0,,0.0,0.0,,0.0,0.0,
3.2S-MY3AA32,1.0,1,SKD6G2532,45.0,1000.0,SKD11025067,0.0,0.0,,0.0,0.0,,0.0,0.0,,0.0,0.0,
3.2S-MY3AA34,1.0,1,SKD6G2532,45.0,1000.0,SKD11025067,0.0,0.0,,0.0,0.0,,0.0,0.0,,0.0,0.0,
3.2S-MY3AA36,1.0,1,SKD6G2532,45.0,1000.0,SKD11025067,0.0,0.0,,0.0,0.0,,0.0,0.0,,0.0,0.0,
3.2S-MY3AA38,1.0,1,SKD6G2532,45.0,1000.0,SKD11025067,0.0,0.0,,0.0,0.0,,0.0,0.0,,0.0,0.0,
3.2SR-DY1AA34,1.0,1,3.2SR-MY1AA34,1.0,1.0,SKD6G2530,42.0,1000.0,SKD11025067,0.0,0.0,,0.0,0.0,,0.0,0.0,
3.2SR-DY3AA34,1.0,1,3.2SR-MY1AA34,1.0,1.0,SKD6G2530,42.0,1000.0,SKD11025067,0.0,0.0,,0.0,0.0,,0.0,0.0,
3.2SRE-MY1AA34,1.0,1,SKD8E5030,105.0,1000.0,SKD11050085,0.0,0.0,,0.0,0.0,,0.0,0.0,,0.0,0.0,
3.2SRE-MY1BA34,1.0,1,SKD8E5030,105.0,1000.0,SKD11050085,0.0,0.0,,0.0,0.0,,0.0,0.0,,0.0,0.0,
3.2SRE-MY4AA34,1.0,1,SKD8E5030,105.0,1000.0,SKD11050085,0.0,0.0,,0.0,0.0,,0.0,0.0,,0.0,0.0,
3.2SRE-MY4BA34,1.0,1,SKD8E5030,105.0,1000.0,SKD11050085,0.0,0.0,,0.0,0.0,,0.0,0.0,,0.0,0.0,
3.2SRE-MY5BA34,1.0,1,SKD8E5030,105.0,1000.0,SKD11050085,0.0,0.0,,0.0,0.0,,0.0,0.0,,0.0,0.0,
3.2SRE-MY6BA34,1.0,1,SKD8E5030,105.0,1000.0,SKD11050085,0.0,0.0,,0.0,0.0,,0.0,0.0,,0.0,0.0,
3.2SR-MB1AA34,1.0,1,SKD6G3540,77.0,1000.0,SKD11035067,0.0,0.0,,0.0,0.0,,0.0,0.0,,0.0,0.0,
3.2SR-MB1BA34,1.0,1,SKD6G3540,77.0,1000.0,SKD11035067,0.0,0.0,,0.0,0.0,,0.0,0.0,,0.0,0.0,
3.2SR-MY1AA30,1.0,1,SKD6G2530,42.0,1000.0,SKD11025067,0.0,0.0,,0.0,0.0,,0.0,0.0,,0.0,0.0,
3.2SR-MY1AA36,1.0,1,SKD6G2530,42.0,1000.0,SKD11025067,0.0,0.0,,0.0,0.0,,0.0,0.0,,0.0,0.0,
3.2SR-MY3AA30,1.0,1,SKD6G2530,42.0,1000.0,SKD11025067,0.0,0.0,,0.0,0.0,,0.0,0.0,,0.0,0.0,
3.2SR-MY3AA34,1.0,1,SKD6G2530,42.0,1000.0,SKD11025067,0.0,0.0,,0.0,0.0,,0.0,0.0,,0.0,0.0,
3.2SR-MY3AA36,1.0,1,SKD6G2530,42.0,1000.0,SKD11025067,0.0,0.0,,0.0,0.0,,0.0,0.0,,0.0,0.0,
3101-511AA30-M1,1.0,1,SKD8E5028,98.0,1000.0,SKD11050085,0.0,0.0,,0.0,0.0,,0.0,0.0,,0.0,0.0,
3101-513CA30-M1,1.0,1,SKD8E5028,98.0,1000.0,SKD11050085,0.0,0.0,,0.0,0.0,,0.0,0.0,,0.0,0.0,
3101-611AA30-M1,1.0,1,SKD7Z3030,52.0,1000.0,SKD11030070,0.0,0.0,,0.0,0.0,,0.0,0.0,,0.0,0.0,
3114-5211BB-M1,1.0,1,SKD6G2520,28.0,1000.0,SKD11025067,0.0,0.0,,0.0,0.0,,0.0,0.0,,0.0,0.0,
3114-5212AB30-M1,1.0,1,SKD6G2525,35.0,1000.0,SKD11025067,0.0,0.0,,0.0,0.0,,0.0,0.0,,0.0,0.0,
3139-511AA303438-FRAISE,45.0,1000,SKD11025067,0.0,0.0,,0.0,0.0,,0.0,0.0,,0.0,0.0,,0.0,0.0,
3139-513AA303438-FRAISE,45.0,1000,SKD11025067,0.0,0.0,,0.0,0.0,,0.0,0.0,,0.0,0.0,,0.0,0.0,
3139-611AA30-M1-TEMP,1.0,1,SKD7.0X40X35,95.0,1000.0,SKD11040085,0.0,0.0,,0.0,0.0,,0.0,0.0,,0.0,0.0,
3139-611AA30-M1-TEMP-HKW,108.0,1000,SKD11040082,0.0,0.0,,0.0,0.0,,0.0,0.0,,0.0,0.0,,0.0,0.0,
3153-512BA30-M1-TEMP-HKW,78.0,1000,SKD11047067,0.0,0.0,,0.0,0.0,,0.0,0.0,,0.0,0.0,,0.0,0.0,
3154-611AB22-M1,1.0,1,SKD105029,0.0,0.0,,0.0,0.0,,0.0,0.0,,0.0,0.0,,0.0,0.0,
3154-611AB22-M1-XDF,1.0,1,SKD105029,0.0,0.0,,0.0,0.0,,0.0,0.0,,0.0,0.0,,0.0,0.0,
3225-512DA32-M1,1.0,1,SKD8B2140,57.0,1000.0,SKD11021082,0.0,0.0,,0.0,0.0,,0.0,0.0,,0.0,0.0,
3225-514AA32-M1,1.0,1,SKD8B2160,85.0,1000.0,SKD11021082,0.0,0.0,,0.0,0.0,,0.0,0.0,,0.0,0.0,
3236-512AB32-M1,1.0,1,SKD8B2125,36.0,1000.0,SKD11021082,0.0,0.0,,0.0,0.0,,0.0,0.0,,0.0,0.0,
3236-514AA32-M1,1.0,1,SKD8B2140,57.0,1000.0,SKD11021082,0.0,0.0,,0.0,0.0,,0.0,0.0,,0.0,0.0,
3236-515AA32-M1,1.0,1,SKD8B2140,57.0,1000.0,SKD11021082,0.0,0.0,,0.0,0.0,,0.0,0.0,,0.0,0.0,
3237-514AA30-M1,1.0,1,SKD8B2955,108.0,1000.0,SKD11029082,0.0,0.0,,0.0,0.0,,0.0,0.0,,0.0,0.0,
3238-511AA-M1,1.0,1,SKD6G2718,27.0,1000.0,SKD11027067,0.0,0.0,,0.0,0.0,,0.0,0.0,,0.0,0.0,
3238-514AB34-M1,1.0,1,SKD8B2943,84.0,1000.0,SKD11029082,0.0,0.0,,0.0,0.0,,0.0,0.0,,0.0,0.0,
3239-514AA36-M1,1.0,1,SKD8B2955,108.0,1000.0,SKD11029082,0.0,0.0,,0.0,0.0,,0.0,0.0,,0.0,0.0,
3239-514AB32-M1,1.0,1,SKD8B2955,108.0,1000.0,SKD11029082,0.0,0.0,,0.0,0.0,,0.0,0.0,,0.0,0.0,
3240-512AA30-M1-XDF-TEMP,1.0,1,SKD11029082,0.0,0.0,,0.0,0.0,,0.0,0.0,,0.0,0.0,,0.0,0.0,
3242-611AB30-M1,1.0,1,SKD6E4040,86.0,1000.0,SKD11040065,0.0,0.0,,0.0,0.0,,0.0,0.0,,0.0,0.0,
3323-511AA26-M1,1.0,1,SKD6G2525,35.0,1000.0,SKD11025067,0.0,0.0,,0.0,0.0,,0.0,0.0,,0.0,0.0,
3323-512AA26-M1,1.0,1,SKD7B3228,63.0,1000.0,SKD11032072,0.0,0.0,,0.0,0.0,,0.0,0.0,,0.0,0.0,
3323-513AA26-M1,1.0,1,SKD7B3245,85.0,1000.0,SKD11032072,0.0,0.0,,0.0,0.0,,0.0,0.0,,0.0,0.0,
3323-514AA26-M1,1.0,1,SKD7B3245,85.0,1000.0,SKD11032072,0.0,0.0,,0.0,0.0,,0.0,0.0,,0.0,0.0,
3323-541AA26-M1,1.0,1,SKD6G27115,171.0,1000.0,SKD11027067,0.0,0.0,,0.0,0.0,,0.0,0.0,,0.0,0.0,
3323-611AA26-M1,1.0,1,SKD6G4754,140.0,1000.0,SKD11047067,0.0,0.0,,0.0,0.0,,0.0,0.0,,0.0,0.0,
3325-512AA30-M1,1.0,1,SKD7B3228,63.0,1000.0,SKD11032072,0.0,0.0,,0.0,0.0,,0.0,0.0,,0.0,0.0,
3504-631AD26-M1,1.0,1,SKD6G2582,113.0,1000.0,SKD11025067,0.0,0.0,,0.0,0.0,,0.0,0.0,,0.0,0.0,
3504-641AC26-M1,1.0,1,SKD6G2590,124.0,1000.0,SKD11025067,0.0,0.0,,0.0,0.0,,0.0,0.0,,0.0,0.0,
352B-513AB33-M1,1.0,1,SKD6G2745,67.0,1000.0,SKD11027067,0.0,0.0,,0.0,0.0,,0.0,0.0,,0.0,0.0,
352B-513AB33-M1-MITU,1.0,1,SKD6G2745,67.0,1000.0,SKD11027067,0.0,0.0,,0.0,0.0,,0.0,0.0,,0.0,0.0,
352B-513AB33-M1-SPOT,1.0,1,SKD6G2745,67.0,1000.0,SKD11027067,0.0,0.0,,0.0,0.0,,0.0,0.0,,0.0,0.0,
352B-514AB33-M1-MITU,1.0,1,SKD6G3540,77.0,1000.0,SKD11035067,0.0,0.0,,0.0,0.0,,0.0,0.0,,0.0,0.0,
352B-514AB33-M1-SPOT,1.0,1,SKD6G3540,77.0,1000.0,SKD11035067,0.0,0.0,,0.0,0.0,,0.0,0.0,,0.0,0.0,
352B-518AB33-M1,1.0,1,SKD6G3527,52.0,1000.0,SKD11035067,0.0,0.0,,0.0,0.0,,0.0,0.0,,0.0,0.0,
3538-522AA34-M1,1.0,1,SKD7Z3035,61.0,1000.0,SKD11030070,0.0,0.0,,0.0,0.0,,0.0,0.0,,0.0,0.0,
3538-523AA34-M1,1.0,1,SKD7Z3035,61.0,1000.0,SKD11030070,0.0,0.0,,0.0,0.0,,0.0,0.0,,0.0,0.0,
3540-514AA34-M1,1.0,1,SKD7B3245,85.0,1000.0,SKD11032072,0.0,0.0,,0.0,0.0,,0.0,0.0,,0.0,0.0,
3540-569AA34-M1,1.0,1,SKD9Z3530,78.0,1000.0,SKD11035090,0.0,0.0,,0.0,0.0,,0.0,0.0,,0.0,0.0,
3540-569BA34-M1,1.0,1,SKD9Z3530,78.0,1000.0,SKD11035090,0.0,0.0,,0.0,0.0,,0.0,0.0,,0.0,0.0,
3540-611AA34-M1,1.0,1,SKD8B4052,140.0,1000.0,SKD11040082,0.0,0.0,,0.0,0.0,,0.0,0.0,,0.0,0.0,
3541-511BA30-M1,1.0,1,SKD6G2515,21.0,1000.0,SKD11025067,0.0,0.0,,0.0,0.0,,0.0,0.0,,0.0,0.0,
3541-512AA34-M1,1.0,1,SKD7B3240,76.0,1000.0,SKD11032072,0.0,0.0,,0.0,0.0,,0.0,0.0,,0.0,0.0,
3554-511AA30-M1,1.0,1,SKD6G2723,35.0,1000.0,SKD11027067,0.0,0.0,,0.0,0.0,,0.0,0.0,,0.0,0.0,
3554-511AA30-M1-TEMP,1.0,1,SKD6G2723,35.0,1000.0,SKD11027067,0.0,0.0,,0.0,0.0,,0.0,0.0,,0.0,0.0,
3554-511AA34-M1,1.0,1,SKD6G2723,35.0,1000.0,SKD11027067,0.0,0.0,,0.0,0.0,,0.0,0.0,,0.0,0.0,
3554-511AA34-M1-XDF,1.0,1,SKD6G2723,35.0,1000.0,SKD11027067,0.0,0.0,,0.0,0.0,,0.0,0.0,,0.0,0.0,
3554-512AA-M1,1.0,1,SKD103214,0.0,0.0,,0.0,0.0,,0.0,0.0,,0.0,0.0,,0.0,0.0,
3554-512CA-M1,1.0,1,SKD103214,0.0,0.0,,0.0,0.0,,0.0,0.0,,0.0,0.0,,0.0,0.0,
3554-513AA-M1,1.0,1,SKD6G2715,22.0,1000.0,SKD11027067,0.0,0.0,,0.0,0.0,,0.0,0.0,,0.0,0.0,
3554-514AA30-M1,1.0,1,SKD7B3228,63.0,1000.0,SKD11032072,0.0,0.0,,0.0,0.0,,0.0,0.0,,0.0,0.0,
3554-514AA34-M1,1.0,1,SKD7Z3030,52.0,1000.0,SKD11030070,0.0,0.0,,0.0,0.0,,0.0,0.0,,0.0,0.0,
3554-514AA34-M1-XDF,1.0,1,SKD7Z3030,52.0,1000.0,SKD11030070,0.0,0.0,,0.0,0.0,,0.0,0.0,,0.0,0.0,
3554-515AA30-M1,1.0,1,SKD7B3235,67.0,1000.0,SKD11032072,0.0,0.0,,0.0,0.0,,0.0,0.0,,0.0,0.0,
3554-515AA34-M1,1.0,1,SKD7Z3035,61.0,1000.0,SKD11030070,0.0,0.0,,0.0,0.0,,0.0,0.0,,0.0,0.0,
3554-515AA34-M1-XDF,1.0,1,SKD7Z3035,61.0,1000.0,SKD11030070,0.0,0.0,,0.0,0.0,,0.0,0.0,,0.0,0.0,
3554-517AA30-M1,1.0,1,SKD7B3240,76.0,1000.0,SKD11032072,0.0,0.0,,0.0,0.0,,0.0,0.0,,0.0,0.0,
3554-517AA34-M1,1.0,1,SKD7Z3037,64.0,1000.0,SKD11030070,0.0,0.0,,0.0,0.0,,0.0,0.0,,0.0,0.0,
3554-517AA34-M1-XDF,1.0,1,SKD7Z3037,64.0,1000.0,SKD11030070,0.0,0.0,,0.0,0.0,,0.0,0.0,,0.0,0.0,
3554-518AA30-M1,1.0,1,SKD7B3240,76.0,1000.0,SKD11032072,0.0,0.0,,0.0,0.0,,0.0,0.0,,0.0,0.0,
3554-518AA34-M1,1.0,1,SKD7Z3037,64.0,1000.0,SKD11030070,0.0,0.0,,0.0,0.0,,0.0,0.0,,0.0,0.0,
3554-518AA34-M1-XDF,1.0,1,SKD7Z3037,64.0,1000.0,SKD11030070,0.0,0.0,,0.0,0.0,,0.0,0.0,,0.0,0.0,
3554-519AA30-M1,1.0,1,SKD7B3240,76.0,1000.0,SKD11032072,0.0,0.0,,0.0,0.0,,0.0,0.0,,0.0,0.0,
3554-519AA34-M1,1.0,1,SKD7Z3037,64.0,1000.0,SKD11030070,0.0,0.0,,0.0,0.0,,0.0,0.0,,0.0,0.0,
3554-519AA34-M1-XDF,1.0,1,SKD7Z3037,64.0,1000.0,SKD11030070,0.0,0.0,,0.0,0.0,,0.0,0.0,,0.0,0.0,
3554-520AA30-M1,1.0,1,SKD7B3240,76.0,1000.0,SKD11032072,0.0,0.0,,0.0,0.0,,0.0,0.0,,0.0,0.0,
3554-520AA34-M1,1.0,1,SKD7B3240,76.0,1000.0,SKD11032072,0.0,0.0,,0.0,0.0,,0.0,0.0,,0.0,0.0,
3554-520AA34-M1-XDF,1.0,1,SKD7B3240,76.0,1000.0,SKD11032072,0.0,0.0,,0.0,0.0,,0.0,0.0,,0.0,0.0,
3554-521AA30-M1,1.0,1,SKD7B3240,76.0,1000.0,SKD11032072,0.0,0.0,,0.0,0.0,,0.0,0.0,,0.0,0.0,
3554-521AA34-M1,1.0,1,SKD7B3240,76.0,1000.0,SKD11032072,0.0,0.0,,0.0,0.0,,0.0,0.0,,0.0,0.0,
3554-521AA34-M1-XDF,1.0,1,SKD7B3240,76.0,1000.0,SKD11032072,0.0,0.0,,0.0,0.0,,0.0,0.0,,0.0,0.0,
3554-522AA30-M1,1.0,1,SKD7B3240,76.0,1000.0,SKD11032072,0.0,0.0,,0.0,0.0,,0.0,0.0,,0.0,0.0,
3554-522AA34-M1,1.0,1,SKD7B3240,76.0,1000.0,SKD11032072,0.0,0.0,,0.0,0.0,,0.0,0.0,,0.0,0.0,
3554-522AA34-M1-XDF,1.0,1,SKD7B3240,76.0,1000.0,SKD11032072,0.0,0.0,,0.0,0.0,,0.0,0.0,,0.0,0.0,
3554-523AA30-M1,1.0,1,SKD7B3240,76.0,1000.0,SKD11032072,0.0,0.0,,0.0,0.0,,0.0,0.0,,0.0,0.0,
3554-524AA30-M1,1.0,1,SKD7B3240,76.0,1000.0,SKD11032072,0.0,0.0,,0.0,0.0,,0.0,0.0,,0.0,0.0,
3554-525AA30-M1,1.0,1,SKD7B3240,76.0,1000.0,SKD11032072,0.0,0.0,,0.0,0.0,,0.0,0.0,,0.0,0.0,
3554-591AA30-M1,1.0,1,SKD7B3240,76.0,1000.0,SKD11032072,0.0,0.0,,0.0,0.0,,0.0,0.0,,0.0,0.0,
3554-592AA30-M1,1.0,1,SKD8B4052,140.0,1000.0,SKD11040082,0.0,0.0,,0.0,0.0,,0.0,0.0,,0.0,0.0,
3554-593AA30-M1,1.0,1,SKD7B3240,76.0,1000.0,SKD11032072,0.0,0.0,,0.0,0.0,,0.0,0.0,,0.0,0.0,
3554-611AA30-M1,1.0,1,SKD105044,0.0,0.0,,0.0,0.0,,0.0,0.0,,0.0,0.0,,0.0,0.0,
3554-612AA30-M1,1.0,1,SKD105020,0.0,0.0,,0.0,0.0,,0.0,0.0,,0.0,0.0,,0.0,0.0,
3554-613AA30-M1,1.0,1,SKD105016,0.0,0.0,,0.0,0.0,,0.0,0.0,,0.0,0.0,,0.0,0.0,
3554-614AA30-M1,1.0,1,SKD105038,0.0,0.0,,0.0,0.0,,0.0,0.0,,0.0,0.0,,0.0,0.0,
3554-614BA30-M1,1.0,1,SKD105038,0.0,0.0,,0.0,0.0,,0.0,0.0,,0.0,0.0,,0.0,0.0,
3554-615AA30-M1,1.0,1,SKD105025,0.0,0.0,,0.0,0.0,,0.0,0.0,,0.0,0.0,,0.0,0.0,
3554-615AA34-M1,1.0,1,SKD105022,0.0,0.0,,0.0,0.0,,0.0,0.0,,0.0,0.0,,0.0,0.0,
3554-616AA30-M1,1.0,1,SKD105046,0.0,0.0,,0.0,0.0,,0.0,0.0,,0.0,0.0,,0.0,0.0,
3649-512AB34-M1,1.0,1,SKD7Z3040,69.0,1000.0,SKD11030070,0.0,0.0,,0.0,0.0,,0.0,0.0,,0.0,0.0,
3650-505AA34-M1,1.0,1,SKD5Z1258,30.0,1000.0,SKD11012050,0.0,0.0,,0.0,0.0,,0.0,0.0,,0.0,0.0,
3650-512AA34-M1,1.0,1,SKD7B3240,76.0,1000.0,SKD11032072,0.0,0.0,,0.0,0.0,,0.0,0.0,,0.0,0.0,
3650-512AB30-M1,1.0,1,SKD7B3240,76.0,1000.0,SKD11032072,0.0,0.0,,0.0,0.0,,0.0,0.0,,0.0,0.0,
3650-512AB34-M1,1.0,1,SKD7B3240,76.0,1000.0,SKD11032072,0.0,0.0,,0.0,0.0,,0.0,0.0,,0.0,0.0,
3650-513AA34-M1,1.0,1,SKD7B3254,101.0,1000.0,SKD11032072,0.0,0.0,,0.0,0.0,,0.0,0.0,,0.0,0.0,
3650-513AB26-M1,1.0,1,SKD7B3254,101.0,1000.0,SKD11032072,0.0,0.0,,0.0,0.0,,0.0,0.0,,0.0,0.0,
3650-513AB30-M1,1.0,1,SKD7B3260,114.0,1000.0,SKD11032072,0.0,0.0,,0.0,0.0,,0.0,0.0,,0.0,0.0,
3650-514AA34-M1,1.0,1,SKD7B3254,101.0,1000.0,SKD11032072,0.0,0.0,,0.0,0.0,,0.0,0.0,,0.0,0.0,
3650-514AB26-M1,1.0,1,SKD7B3254,101.0,1000.0,SKD11032072,0.0,0.0,,0.0,0.0,,0.0,0.0,,0.0,0.0,
3650-514AB30-M1,1.0,1,SKD7B3254,101.0,1000.0,SKD11032072,0.0,0.0,,0.0,0.0,,0.0,0.0,,0.0,0.0,
3651-512AA34-M1,1.0,1,SKD7B3250,95.0,1000.0,SKD11032072,0.0,0.0,,0.0,0.0,,0.0,0.0,,0.0,0.0,
3651-512AB30-M1,1.0,1,SKD7B3250,95.0,1000.0,SKD11032072,0.0,0.0,,0.0,0.0,,0.0,0.0,,0.0,0.0,
3652-569AB30-M1,1.0,1,SKD9Z3530,78.0,1000.0,SKD11035090,0.0,0.0,,0.0,0.0,,0.0,0.0,,0.0,0.0,
3652-569BA30-M1,1.0,1,SKD9Z3530,78.0,1000.0,SKD11035090,0.0,0.0,,0.0,0.0,,0.0,0.0,,0.0,0.0,
3653-512AB34-M1,1.0,1,SKD7Z3045,78.0,1000.0,SKD11030070,0.0,0.0,,0.0,0.0,,0.0,0.0,,0.0,0.0,
3656-511AA30-M1,1.0,1,SKD6G3527,52.0,1000.0,SKD11035067,0.0,0.0,,0.0,0.0,,0.0,0.0,,0.0,0.0,
3656-512AA30-M1,1.0,1,SKD7B3235,67.0,1000.0,SKD11032072,0.0,0.0,,0.0,0.0,,0.0,0.0,,0.0,0.0,
3656-513AA30-M1,1.0,1,SKD8B4048,130.0,1000.0,SKD11040082,0.0,0.0,,0.0,0.0,,0.0,0.0,,0.0,0.0,
3656-516AA30-M1,1.0,1,SKD8B4058,158.0,1000.0,SKD11040082,0.0,0.0,,0.0,0.0,,0.0,0.0,,0.0,0.0,
3656-517AA30-M1,1.0,1,SKD8B4052,140.0,1000.0,SKD11040082,0.0,0.0,,0.0,0.0,,0.0,0.0,,0.0,0.0,
3656-518AA30-M1,1.0,1,SKD8B4058,158.0,1000.0,SKD11040082,0.0,0.0,,0.0,0.0,,0.0,0.0,,0.0,0.0,
3656-519AA30-M1,1.0,1,SKD8B4048,130.0,1000.0,SKD11040082,0.0,0.0,,0.0,0.0,,0.0,0.0,,0.0,0.0,
3656-522AA30-M1,1.0,1,SKD8B4058,158.0,1000.0,SKD11040082,0.0,0.0,,0.0,0.0,,0.0,0.0,,0.0,0.0,
3656-524AA30-M1,1.0,1,SKD8B4058,158.0,1000.0,SKD11040082,0.0,0.0,,0.0,0.0,,0.0,0.0,,0.0,0.0,
3656-525AA30-M1,1.0,1,SKD8B4052,140.0,1000.0,SKD11040082,0.0,0.0,,0.0,0.0,,0.0,0.0,,0.0,0.0,
3656-566AA30-M1,1.0,1,SKD8E3038,80.0,1000.0,SKD11030085,0.0,0.0,,0.0,0.0,,0.0,0.0,,0.0,0.0,
3656-566CA30-M1,1.0,1,SKD8E3038,80.0,1000.0,SKD11030085,0.0,0.0,,0.0,0.0,,0.0,0.0,,0.0,0.0,
3656-569AA30-M1,1.0,1,SKD9Z3540,104.0,1000.0,SKD11035090,0.0,0.0,,0.0,0.0,,0.0,0.0,,0.0,0.0,
3656-569AA30-M1-TEMP,1.0,1,SKD9Z3540,104.0,1000.0,SKD11035090,0.0,0.0,,0.0,0.0,,0.0,0.0,,0.0,0.0,
3656-570AA30-M1,1.0,1,SKD8E3038,80.0,1000.0,SKD11030085,0.0,0.0,,0.0,0.0,,0.0,0.0,,0.0,0.0,
3656-570AA30-M1-TEMP,1.0,1,SKD8E3038,80.0,1000.0,SKD11030085,0.0,0.0,,0.0,0.0,,0.0,0.0,,0.0,0.0,
3656-570BA30-M1,1.0,1,SKD8B2135,50.0,1000.0,SKD11021082,0.0,0.0,,0.0,0.0,,0.0,0.0,,0.0,0.0,
3656-591AA30-M1,1.0,1,SKD8B4052,140.0,1000.0,SKD11040082,0.0,0.0,,0.0,0.0,,0.0,0.0,,0.0,0.0,
3656-592AA30-M1,1.0,1,SKD8B4052,140.0,1000.0,SKD11040082,0.0,0.0,,0.0,0.0,,0.0,0.0,,0.0,0.0,
3656-593AA30-M1,1.0,1,SKD8B4052,140.0,1000.0,SKD11040082,0.0,0.0,,0.0,0.0,,0.0,0.0,,0.0,0.0,
3656-611AA30-M1,1.0,1,SKD6G4775,194.0,1000.0,SKD11047067,0.0,0.0,,0.0,0.0,,0.0,0.0,,0.0,0.0,
3656-612AA30-M1,1.0,1,SKD6G4758,150.0,1000.0,SKD11047067,0.0,0.0,,0.0,0.0,,0.0,0.0,,0.0,0.0,
3707-MB1AA44,1.0,1,SKD5E3550,79.0,1000.0,SKD11035055,0.0,0.0,,0.0,0.0,,0.0,0.0,,0.0,0.0,
3707-MB2AA44,1.0,1,SKD5E3550,79.0,1000.0,SKD11035055,0.0,0.0,,0.0,0.0,,0.0,0.0,,0.0,0.0,
3707-MW1AA44,1.0,1,SKD7Z3038,66.0,1000.0,SKD11030070,0.0,0.0,,0.0,0.0,,0.0,0.0,,0.0,0.0,
3707-MW2AA44,1.0,1,SKD7B3250,95.0,1000.0,SKD11032072,0.0,0.0,,0.0,0.0,,0.0,0.0,,0.0,0.0,
3707-MW3AA44,1.0,1,SKD7Z3034,59.0,1000.0,SKD11030070,0.0,0.0,,0.0,0.0,,0.0,0.0,,0.0,0.0,
3707-MX1AA44,1.0,1,SKD7Z3037,64.0,1000.0,SKD11030070,0.0,0.0,,0.0,0.0,,0.0,0.0,,0.0,0.0,
3707-MX2AA44,1.0,1,SKD7B3050,89.0,1000.0,SKD11030072,0.0,0.0,,0.0,0.0,,0.0,0.0,,0.0,0.0,
3707-MX3AA44,1.0,1,SKD7Z3034,59.0,1000.0,SKD11030070,0.0,0.0,,0.0,0.0,,0.0,0.0,,0.0,0.0,
3707-MY1AA44,1.0,1,SKD6E3540,87.0,1000.0,SKD11035065,0.0,0.0,,0.0,0.0,,0.0,0.0,,0.0,0.0,
3707-MY2AA34,1.0,1,SKD7Z3034,59.0,1000.0,SKD11030070,0.0,0.0,,0.0,0.0,,0.0,0.0,,0.0,0.0,
3707-MY2AA44,1.0,1,SKD7B3250,95.0,1000.0,SKD11032072,0.0,0.0,,0.0,0.0,,0.0,0.0,,0.0,0.0,
3707-MY3AA44,1.0,1,SKD6E3536,83.0,1000.0,SKD11035065,0.0,0.0,,0.0,0.0,,0.0,0.0,,0.0,0.0,
3906-512AA20-M1,1.0,1,SKD7B3250,95.0,1000.0,SKD11032072,0.0,0.0,,0.0,0.0,,0.0,0.0,,0.0,0.0,
3922-511AA26-M1,1.0,1,SKD7B3235,67.0,1000.0,SKD11032072,0.0,0.0,,0.0,0.0,,0.0,0.0,,0.0,0.0,
3922-511AA36-M1,1.0,1,SKD5E3536,57.0,1000.0,SKD11035055,0.0,0.0,,0.0,0.0,,0.0,0.0,,0.0,0.0,
3FA-DC1B,1.0,1,3FA-MC1B,1.0,1.0,SKD5E2235,35.0,1000.0,SKD11022055,0.0,0.0,,0.0,0.0,,0.0,0.0,
3FA-DX7AA30,1.0,1,3FA-MY1,1.0,1.0,SKD6G2530,42.0,1000.0,SKD11025067,0.0,0.0,,0.0,0.0,,0.0,0.0,
3FA-DY1,1.0,1,3FA-MY1,1.0,1.0,SKD6G2530,42.0,1000.0,SKD11025067,0.0,0.0,,0.0,0.0,,0.0,0.0,
3FA-DY113,1.0,1,3FA-MY113,1.0,1.0,SKD6G2532,45.0,1000.0,SKD11025067,0.0,0.0,,0.0,0.0,,0.0,0.0,
3FA-DY115,1.0,1,3FA-MY115,1.0,1.0,SKD6G2532,45.0,1000.0,SKD11025067,0.0,0.0,,0.0,0.0,,0.0,0.0,
3FA-DY117,1.0,1,3FA-MY117,1.0,1.0,SKD6G2532,45.0,1000.0,SKD11025067,0.0,0.0,,0.0,0.0,,0.0,0.0,
3FA-DY122,1.0,1,3FA-MY122,1.0,1.0,SKD6G2230,36.0,1000.0,SKD11022067,0.0,0.0,,0.0,0.0,,0.0,0.0,
3FA-DY138,1.0,1,3FA-MY138,1.0,1.0,SKD6G2230,36.0,1000.0,SKD11022067,0.0,0.0,,0.0,0.0,,0.0,0.0,
3FA-DY142,1.0,1,3FA-MY142,1.0,1.0,SKD6G2230,36.0,1000.0,SKD11022067,0.0,0.0,,0.0,0.0,,0.0,0.0,
3FA-DY3,1.0,1,3FA-MY3,1.0,1.0,SKD8B2130,43.0,1000.0,SKD11021082,0.0,0.0,,0.0,0.0,,0.0,0.0,
3FA-DY315,1.0,1,3FA-MY315,1.0,1.0,SKD8B2130,43.0,1000.0,SKD11021082,0.0,0.0,,0.0,0.0,,0.0,0.0,
3FA-DY317,1.0,1,3FA-MY317,1.0,1.0,SKD8B2135,50.0,1000.0,SKD11021082,0.0,0.0,,0.0,0.0,,0.0,0.0,
3FA-DY322,1.0,1,3FA-MY322,1.0,1.0,SKD8B2130,43.0,1000.0,SKD11021082,0.0,0.0,,0.0,0.0,,0.0,0.0,
3FA-DY342,1.0,1,3FA-MY342,1.0,1.0,SKD8B2130,43.0,1000.0,SKD11021082,0.0,0.0,,0.0,0.0,,0.0,0.0,
3FA-DY9,1.0,1,3FA-MY9,1.0,1.0,SKD8B2144,63.0,1000.0,SKD11021082,0.0,0.0,,0.0,0.0,,0.0,0.0,
3FA-DY942,1.0,1,3FA-MY942,1.0,1.0,S8E3245,80.0,1000.0,SUJ3032085,0.0,0.0,,0.0,0.0,,0.0,0.0,
3FA-MB1S2,1.0,1,SKD5Z2235,40.0,1000.0,SKD11022050,0.0,0.0,,0.0,0.0,,0.0,0.0,,0.0,0.0,
3FA-MX7AA30,1.0,1,SKD6G2230,36.0,1000.0,SKD11022067,0.0,0.0,,0.0,0.0,,0.0,0.0,,0.0,0.0,
3FA-MY338,1.0,1,SKD8B2130,43.0,1000.0,SKD11021082,0.0,0.0,,0.0,0.0,,0.0,0.0,,0.0,0.0,
3FAR-DB130,1.0,1,3FAR-MB130,1.0,1.0,SKD6G2532,45.0,1000.0,SKD11025067,0.0,0.0,,0.0,0.0,,0.0,0.0,
3FAR-DB3,1.0,1,3FAR-MB3,1.0,1.0,SKD6G2248,59.0,1000.0,SKD11022067,0.0,0.0,,0.0,0.0,,0.0,0.0,
3FAR-DY130,1.0,1,3FAR-MY130,1.0,1.0,SKD6G2230,36.0,1000.0,SKD11022067,0.0,0.0,,0.0,0.0,,0.0,0.0,
3FAR-DY330,1.0,1,3FAR-MY330,1.0,1.0,SKD8B2130,43.0,1000.0,SKD11021082,0.0,0.0,,0.0,0.0,,0.0,0.0,
3FAR-DY5,1.0,1,3FAR-MY5,1.0,1.0,SKD8B2144,63.0,1000.0,SKD11021082,0.0,0.0,,0.0,0.0,,0.0,0.0,
3FWS-DI130,1.0,1,3FWS-MI130,1.0,1.0,SKD6G5052,143.0,1000.0,SKD11050067,0.0,0.0,,0.0,0.0,,0.0,0.0,
3FWS-DI134,1.0,1,SKD105055,0.0,0.0,,0.0,0.0,,0.0,0.0,,0.0,0.0,,0.0,0.0,
3FWS-DI226,1.0,1,3FWS-DI2,1.0,1.0,3FWS-MI2,1.0,1.0,SKD7Z3055,95.0,1000.0,SKD11030070,0.0,0.0,,0.0,0.0,
3FWS-DI230,1.0,1,3FWS-DI2,1.0,1.0,3FWS-MI2,1.0,1.0,SKD7Z3055,95.0,1000.0,SKD11030070,0.0,0.0,,0.0,0.0,
3FWS-DI234,1.0,1,3FWS-DI2,1.0,1.0,3FWS-MI2,1.0,1.0,SKD7Z3055,95.0,1000.0,SKD11030070,0.0,0.0,,0.0,0.0,
3FWS-DI330,1.0,1,3FWS-MI330,1.0,1.0,SKD6G4754,140.0,1000.0,SKD11047067,0.0,0.0,,0.0,0.0,,0.0,0.0,
3FWS-DI334,1.0,1,SKD6G4754,140.0,1000.0,SKD11047067,0.0,0.0,,0.0,0.0,,0.0,0.0,,0.0,0.0,
3FWS-DI4B26,1.0,1,SKD107585,0.0,0.0,,0.0,0.0,,0.0,0.0,,0.0,0.0,,0.0,0.0,
3FWS-DI4B30,1.0,1,3FWS-MI4B30,1.0,1.0,SKD6G7595,392.0,1000.0,SKD11075067,0.0,0.0,,0.0,0.0,,0.0,0.0,
3FWS-DI4B34,1.0,1,SKD107585,0.0,0.0,,0.0,0.0,,0.0,0.0,,0.0,0.0,,0.0,0.0,
3FWS-DI5B30,1.0,1,3FWS-MI5B30,1.0,1.0,SKD6G7598,404.0,1000.0,SKD11075067,0.0,0.0,,0.0,0.0,,0.0,0.0,
3FWS-DI6B26,1.0,1,SKD107585,0.0,0.0,,0.0,0.0,,0.0,0.0,,0.0,0.0,,0.0,0.0,
3FWS-DI6B30,1.0,1,3FWS-MI6B30,1.0,1.0,SKD6G7595,392.0,1000.0,SKD11075067,0.0,0.0,,0.0,0.0,,0.0,0.0,
3FWS-DI6B34,1.0,1,SKD107585,0.0,0.0,,0.0,0.0,,0.0,0.0,,0.0,0.0,,0.0,0.0,
3FWS-DJ126,1.0,1,SKD6G4754,140.0,1000.0,SKD11047067,0.0,0.0,,0.0,0.0,,0.0,0.0,,0.0,0.0,
3FWS-DJ130,1.0,1,3FWS-MJ130,1.0,1.0,SKD6G4760,155.0,1000.0,SKD11047067,0.0,0.0,,0.0,0.0,,0.0,0.0,
3FWS-DJ134,1.0,1,SKD6E4061,131.0,1000.0,SKD11040065,0.0,0.0,,0.0,0.0,,0.0,0.0,,0.0,0.0,
3FWS-DJ1B26,1.0,1,SKD6G4754,140.0,1000.0,SKD11047067,0.0,0.0,,0.0,0.0,,0.0,0.0,,0.0,0.0,
3FWS-DJ234,1.0,1,SKD6E4061,131.0,1000.0,SKD11040065,0.0,0.0,,0.0,0.0,,0.0,0.0,,0.0,0.0,
3FWS-DJ334,1.0,1,SKD6G4740,104.0,1000.0,SKD11047067,0.0,0.0,,0.0,0.0,,0.0,0.0,,0.0,0.0,
3FWS-DX1B30,1.0,1,3FWS-MX1B30,1.0,1.0,SKD6G2222,27.0,1000.0,SKD11022067,0.0,0.0,,0.0,0.0,,0.0,0.0,
3FWS-DY130,1.0,1,3FWS-MY130,1.0,1.0,SKD6G2220,26.0,1000.0,SKD11022067,0.0,0.0,,0.0,0.0,,0.0,0.0,
3FWS-DY134,1.0,1,3FWS-MY130,1.0,1.0,SKD6G2220,26.0,1000.0,SKD11022067,0.0,0.0,,0.0,0.0,,0.0,0.0,
3FWS-DY230,1.0,1,3FWS-MY230,1.0,1.0,SKD8B2940,78.0,1000.0,SKD11029082,0.0,0.0,,0.0,0.0,,0.0,0.0,
3FWS-DY234,1.0,1,3FWS-MY234,1.0,1.0,S8E4022,75.0,1000.0,SUJ3040085,0.0,0.0,,0.0,0.0,,0.0,0.0,
3FWS-MI126,1.0,1,SKD6G5052,143.0,1000.0,SKD11050067,0.0,0.0,,0.0,0.0,,0.0,0.0,,0.0,0.0,
3FWS-MI134,1.0,1,SKD6G5052,143.0,1000.0,SKD11050067,0.0,0.0,,0.0,0.0,,0.0,0.0,,0.0,0.0,
3FWS-MI334,1.0,1,SKD6G4754,140.0,1000.0,SKD11047067,0.0,0.0,,0.0,0.0,,0.0,0.0,,0.0,0.0,
3FWS-MI4DA30,1.0,1,SKD6G7576,314.0,1000.0,SKD11075067,0.0,0.0,,0.0,0.0,,0.0,0.0,,0.0,0.0,
3FWS-MI4DA34,1.0,1,SKD6G7576,314.0,1000.0,SKD11075067,0.0,0.0,,0.0,0.0,,0.0,0.0,,0.0,0.0,
3FWS-MI5B26,1.0,1,SKD6G7598,404.0,1000.0,SKD11075067,0.0,0.0,,0.0,0.0,,0.0,0.0,,0.0,0.0,
3FWS-MI5DA30,1.0,1,SKD6G7598,404.0,1000.0,SKD11075067,0.0,0.0,,0.0,0.0,,0.0,0.0,,0.0,0.0,
3FWS-MI5DA34,1.0,1,SKD6G7598,404.0,1000.0,SKD11075067,0.0,0.0,,0.0,0.0,,0.0,0.0,,0.0,0.0,
3FWS-MI6DA30,1.0,1,SKD6G7576,314.0,1000.0,SKD11075067,0.0,0.0,,0.0,0.0,,0.0,0.0,,0.0,0.0,
3FWS-MI6DA34,1.0,1,SKD6G7578,322.0,1000.0,SKD11075067,0.0,0.0,,0.0,0.0,,0.0,0.0,,0.0,0.0,
3FWS-MJ126,1.0,1,SKD6G4754,140.0,1000.0,SKD11047067,0.0,0.0,,0.0,0.0,,0.0,0.0,,0.0,0.0,
3FWS-MJ134,1.0,1,SKD6G4754,140.0,1000.0,SKD11047067,0.0,0.0,,0.0,0.0,,0.0,0.0,,0.0,0.0,
3FWS-MX330,1.0,1,SKD8B2140,57.0,1000.0,SKD11021082,0.0,0.0,,0.0,0.0,,0.0,0.0,,0.0,0.0,
3FWY-MB1AA30,1.0,1,SKD6E4040,86.0,1000.0,SKD11040065,0.0,0.0,,0.0,0.0,,0.0,0.0,,0.0,0.0,
3FWY-MB2AA30,1.0,1,SKD6G4754,140.0,1000.0,SKD11047067,0.0,0.0,,0.0,0.0,,0.0,0.0,,0.0,0.0,
3FWY-MI134,1.0,1,SKD6G5052,143.0,1000.0,SKD11050067,0.0,0.0,,0.0,0.0,,0.0,0.0,,0.0,0.0,
3FWY-MY1AA30,1.0,1,SKD6G2530,42.0,1000.0,SKD11025067,0.0,0.0,,0.0,0.0,,0.0,0.0,,0.0,0.0,
3FWY-MY1AA34,1.0,1,SKD6G2530,42.0,1000.0,SKD11025067,0.0,0.0,,0.0,0.0,,0.0,0.0,,0.0,0.0,
3FWY-MY2AA30,1.0,1,SKD8B2135,50.0,1000.0,SKD11021082,0.0,0.0,,0.0,0.0,,0.0,0.0,,0.0,0.0,
3FWY-MY2AA34,1.0,1,SKD8B2135,50.0,1000.0,SKD11021082,0.0,0.0,,0.0,0.0,,0.0,0.0,,0.0,0.0,
3FY-DB1,1.0,1,3FY-MB1,1.0,1.0,S5F3035,50.0,1000.0,SUJ3030056,0.0,0.0,,0.0,0.0,,0.0,0.0,
3FYN-DB1AA30,1.0,1,3FYN-MB1AA30,1.0,1.0,SKD6E4040,86.0,1000.0,SKD11040065,0.0,0.0,,0.0,0.0,,0.0,0.0,
3NRE-MY1AA30,1.0,1,SKD7Z3032,56.0,1000.0,SKD11030070,0.0,0.0,,0.0,0.0,,0.0,0.0,,0.0,0.0,
3S-DB1A,1.0,1,3S-MB1A,1.0,1.0,SKD6G2235,43.0,1000.0,SKD11022067,0.0,0.0,,0.0,0.0,,0.0,0.0,
3S-DB1D,1.0,1,3S-MB1D,1.0,1.0,SKD6G2235,43.0,1000.0,SKD11022067,0.0,0.0,,0.0,0.0,,0.0,0.0,
3S-DD2A,1.0,1,3S-MD2A,1.0,1.0,SKD7Z3055,95.0,1000.0,SKD11030070,0.0,0.0,,0.0,0.0,,0.0,0.0,
3S-DD2F,1.0,1,3S-MD2F,1.0,1.0,SKD6G3555,106.0,1000.0,SKD11035067,0.0,0.0,,0.0,0.0,,0.0,0.0,
3S-DE1A,1.0,1,3S-ME1A,1.0,1.0,SKD6E3538,87.0,1000.0,SKD11035065,0.0,0.0,,0.0,0.0,,0.0,0.0,
3S-DE1D,1.0,1,3S-ME1D,1.0,1.0,SKD7Z3037,64.0,1000.0,SKD11030070,0.0,0.0,,0.0,0.0,,0.0,0.0,
3S-DE1G,1.0,1,3S-DE1F,1.0,1.0,3S-ME1F,1.0,1.0,SKD6G3535,68.0,1000.0,SKD11035067,0.0,0.0,,0.0,0.0,
3SD-MY3AA30,1.0,1,SKD8B2932,63.0,1000.0,SKD11029082,0.0,0.0,,0.0,0.0,,0.0,0.0,,0.0,0.0,
3SD-MY3AA38,1.0,1,SKD8B2932,63.0,1000.0,SKD11029082,0.0,0.0,,0.0,0.0,,0.0,0.0,,0.0,0.0,
3SD-MY6AA34,1.0,1,SKD6G2545,62.0,1000.0,SKD11025067,0.0,0.0,,0.0,0.0,,0.0,0.0,,0.0,0.0,
3S-DW6AA48,1.0,1,SKD6G2545,62.0,1000.0,SKD11025067,0.0,0.0,,0.0,0.0,,0.0,0.0,,0.0,0.0,
3S-DW6AA60,1.0,1,3S-MY460,1.0,1.0,SKD6G2545,62.0,1000.0,SKD11025067,0.0,0.0,,0.0,0.0,,0.0,0.0,
3S-DY111,1.0,1,3S-MY111,1.0,1.0,SKD6G2532,45.0,1000.0,SKD11025067,0.0,0.0,,0.0,0.0,,0.0,0.0,
3S-DY113,1.0,1,3S-MY113,1.0,1.0,SKD6G2532,45.0,1000.0,SKD11025067,0.0,0.0,,0.0,0.0,,0.0,0.0,
3S-DY115,1.0,1,3S-MY115,1.0,1.0,SKD6G2532,45.0,1000.0,SKD11025067,0.0,0.0,,0.0,0.0,,0.0,0.0,
3S-DY117,1.0,1,3S-MY117,1.0,1.0,SKD6G2532,45.0,1000.0,SKD11025067,0.0,0.0,,0.0,0.0,,0.0,0.0,
3S-DY119,1.0,1,3S-MY119,1.0,1.0,SKD6G2532,45.0,1000.0,SKD11025067,0.0,0.0,,0.0,0.0,,0.0,0.0,
3S-DY121,1.0,1,3S-MY121,1.0,1.0,SKD6G2532,45.0,1000.0,SKD11025067,0.0,0.0,,0.0,0.0,,0.0,0.0,
3S-DY122,1.0,1,3S-MY122,1.0,1.0,SKD6G2532,45.0,1000.0,SKD11025067,0.0,0.0,,0.0,0.0,,0.0,0.0,
3S-DY125,1.0,1,3S-MY125,1.0,1.0,SKD6G2532,45.0,1000.0,SKD11025067,0.0,0.0,,0.0,0.0,,0.0,0.0,
3S-DY138,1.0,1,3S-MY138,1.0,1.0,SKD6G2532,45.0,1000.0,SKD11025067,0.0,0.0,,0.0,0.0,,0.0,0.0,
3S-DY148,1.0,1,3S-MY148,1.0,1.0,SKD6G2532,45.0,1000.0,SKD11025067,0.0,0.0,,0.0,0.0,,0.0,0.0,
3S-DY160,1.0,1,3S-MY160,1.0,1.0,SKD6G2532,45.0,1000.0,SKD11025067,0.0,0.0,,0.0,0.0,,0.0,0.0,
3S-DY311,1.0,1,3S-MY111,1.0,1.0,SKD6G2532,45.0,1000.0,SKD11025067,0.0,0.0,,0.0,0.0,,0.0,0.0,
3S-DY313,1.0,1,3S-MY113,1.0,1.0,SKD6G2532,45.0,1000.0,SKD11025067,0.0,0.0,,0.0,0.0,,0.0,0.0,
3S-DY315,1.0,1,3S-MY115,1.0,1.0,SKD6G2532,45.0,1000.0,SKD11025067,0.0,0.0,,0.0,0.0,,0.0,0.0,
3S-DY317,1.0,1,3S-MY117,1.0,1.0,SKD6G2532,45.0,1000.0,SKD11025067,0.0,0.0,,0.0,0.0,,0.0,0.0,
3S-DY319,1.0,1,3S-MY119,1.0,1.0,SKD6G2532,45.0,1000.0,SKD11025067,0.0,0.0,,0.0,0.0,,0.0,0.0,
3S-DY321,1.0,1,3S-MY121,1.0,1.0,SKD6G2532,45.0,1000.0,SKD11025067,0.0,0.0,,0.0,0.0,,0.0,0.0,
3S-DY322,1.0,1,3S-MY122,1.0,1.0,SKD6G2532,45.0,1000.0,SKD11025067,0.0,0.0,,0.0,0.0,,0.0,0.0,
3S-DY325,1.0,1,3S-MY125,1.0,1.0,SKD6G2532,45.0,1000.0,SKD11025067,0.0,0.0,,0.0,0.0,,0.0,0.0,
3S-DY338,1.0,1,3S-MY138,1.0,1.0,SKD6G2532,45.0,1000.0,SKD11025067,0.0,0.0,,0.0,0.0,,0.0,0.0,
3S-DY348,1.0,1,3S-MY148,1.0,1.0,SKD6G2532,45.0,1000.0,SKD11025067,0.0,0.0,,0.0,0.0,,0.0,0.0,
3S-DY360,1.0,1,3S-MY160,1.0,1.0,SKD6G2532,45.0,1000.0,SKD11025067,0.0,0.0,,0.0,0.0,,0.0,0.0,
3S-DY438,1.0,1,3S-MY5,1.0,1.0,SKD6G2545,62.0,1000.0,SKD11025067,0.0,0.0,,0.0,0.0,,0.0,0.0,
3S-DY460,1.0,1,3S-MY460,1.0,1.0,SKD6G2545,62.0,1000.0,SKD11025067,0.0,0.0,,0.0,0.0,,0.0,0.0,
3S-DY5,1.0,1,3S-MY5,1.0,1.0,SKD6G2545,62.0,1000.0,SKD11025067,0.0,0.0,,0.0,0.0,,0.0,0.0,
3S-DY548,1.0,1,3S-MY548,1.0,1.0,SKD6G2545,62.0,1000.0,SKD11025067,0.0,0.0,,0.0,0.0,,0.0,0.0,
3S-MB2,1.0,1,SKD6G2250,61.0,1000.0,SKD11022067,0.0,0.0,,0.0,0.0,,0.0,0.0,,0.0,0.0,
3S-MQ1AA30,1.0,1,SKD6G2530,42.0,1000.0,SKD11025067,0.0,0.0,,0.0,0.0,,0.0,0.0,,0.0,0.0,
3S-MQ3AA30,1.0,1,SKD6G2530,42.0,1000.0,SKD11025067,0.0,0.0,,0.0,0.0,,0.0,0.0,,0.0,0.0,
3S-MR1AA30,1.0,1,SKD6G2530,42.0,1000.0,SKD11025067,0.0,0.0,,0.0,0.0,,0.0,0.0,,0.0,0.0,
3S-MR1AA38,1.0,1,SKD6G2530,42.0,1000.0,SKD11025067,0.0,0.0,,0.0,0.0,,0.0,0.0,,0.0,0.0,
3S-MR3AA30,1.0,1,SKD6G2530,42.0,1000.0,SKD11025067,0.0,0.0,,0.0,0.0,,0.0,0.0,,0.0,0.0,
3S-MR3AA38,1.0,1,SKD6G2530,42.0,1000.0,SKD11025067,0.0,0.0,,0.0,0.0,,0.0,0.0,,0.0,0.0,
3S-MX1AA30,1.0,1,SKD8E5035,121.0,1000.0,SKD11050085,0.0,0.0,,0.0,0.0,,0.0,0.0,,0.0,0.0,
3S-MX1BB30,1.0,1,SKD8E5035,121.0,1000.0,SKD11050085,0.0,0.0,,0.0,0.0,,0.0,0.0,,0.0,0.0,
3S-MY1AA30,1.0,1,SKD8E5035,121.0,1000.0,SKD11050085,0.0,0.0,,0.0,0.0,,0.0,0.0,,0.0,0.0,
3S-MY1BA30,1.0,1,SKD8E5035,121.0,1000.0,SKD11050085,0.0,0.0,,0.0,0.0,,0.0,0.0,,0.0,0.0,
3S-MY1BB30,1.0,1,SKD8E5035,121.0,1000.0,SKD11050085,0.0,0.0,,0.0,0.0,,0.0,0.0,,0.0,0.0,
3S-MY3BB30,1.0,1,SKD8E5035,121.0,1000.0,SKD11050085,0.0,0.0,,0.0,0.0,,0.0,0.0,,0.0,0.0,
3S-MY7BB30,1.0,1,SKD8E5035,121.0,1000.0,SKD11050085,0.0,0.0,,0.0,0.0,,0.0,0.0,,0.0,0.0,
3SRE-DE1A,1.0,1,3SRE-ME1A,1.0,1.0,SKD6E4040,86.0,1000.0,SKD11040065,0.0,0.0,,0.0,0.0,,0.0,0.0,
3SRE-DW3AA30,1.0,1,3SRE-MW2AA30,1.0,1.0,SKD6G2532,45.0,1000.0,SKD11025067,0.0,0.0,,0.0,0.0,,0.0,0.0,
3SRE-MD2A,1.0,1,SKD7Z3054,93.0,1000.0,SKD11030070,0.0,0.0,,0.0,0.0,,0.0,0.0,,0.0,0.0,
3SRE-ME1A30,1.0,1,SKD6G3540,77.0,1000.0,SKD11035067,0.0,0.0,,0.0,0.0,,0.0,0.0,,0.0,0.0,
3SRE-ME1AA,1.0,1,SKD6G3540,77.0,1000.0,SKD11035067,0.0,0.0,,0.0,0.0,,0.0,0.0,,0.0,0.0,
3SRE-ME1PA30,1.0,1,SKD6E4040,86.0,1000.0,SKD11040065,0.0,0.0,,0.0,0.0,,0.0,0.0,,0.0,0.0,
3SRE-MQ1AA30,1.0,1,SKD6G2532,45.0,1000.0,SKD11025067,0.0,0.0,,0.0,0.0,,0.0,0.0,,0.0,0.0,
3SRE-MR3AA30,1.0,1,SKD6G2532,45.0,1000.0,SKD11025067,0.0,0.0,,0.0,0.0,,0.0,0.0,,0.0,0.0,
3SRE-MW2AA48,1.0,1,SKD6G2532,45.0,1000.0,SKD11025067,0.0,0.0,,0.0,0.0,,0.0,0.0,,0.0,0.0,
3SRE-MW2AA60,1.0,1,SKD6G2532,45.0,1000.0,SKD11025067,0.0,0.0,,0.0,0.0,,0.0,0.0,,0.0,0.0,
3SRE-MW3AA38,1.0,1,SKD6G2532,45.0,1000.0,SKD11025067,0.0,0.0,,0.0,0.0,,0.0,0.0,,0.0,0.0,
3SRE-MW3AA48,1.0,1,SKD6G2532,45.0,1000.0,SKD11025067,0.0,0.0,,0.0,0.0,,0.0,0.0,,0.0,0.0,
3SRE-MW3AA60,1.0,1,SKD6G2532,45.0,1000.0,SKD11025067,0.0,0.0,,0.0,0.0,,0.0,0.0,,0.0,0.0,
3SRE-MW5BA30,1.0,1,SKD6G2545,62.0,1000.0,SKD11025067,0.0,0.0,,0.0,0.0,,0.0,0.0,,0.0,0.0,
3SW-DB130,1.0,1,3SW-MB130,1.0,1.0,SKD7Z3035,61.0,1000.0,SKD11030070,0.0,0.0,,0.0,0.0,,0.0,0.0,
3SW-DB234,1.0,1,3SW-DB230,1.0,1.0,3SW-MB230,1.0,1.0,SKD7B3050,89.0,1000.0,SKD11030072,0.0,0.0,,0.0,0.0,
3SW-DI126,1.0,1,3SW-MI126,1.0,1.0,SKD6G4754,140.0,1000.0,SKD11047067,0.0,0.0,,0.0,0.0,,0.0,0.0,
3SW-DI130,1.0,1,3SW-MI130,1.0,1.0,SKD6G4754,140.0,1000.0,SKD11047067,0.0,0.0,,0.0,0.0,,0.0,0.0,
3SW-DI2A30,1.0,1,3SW-MI2A30,1.0,1.0,SKD6G4730,78.0,1000.0,SKD11047067,0.0,0.0,,0.0,0.0,,0.0,0.0,
3SW-DI2B30,1.0,1,3SW-MI2B30,1.0,1.0,SKD6G4744,114.0,1000.0,SKD11047067,0.0,0.0,,0.0,0.0,,0.0,0.0,
3SW-DI530,1.0,1,SKD6G4754,140.0,1000.0,SKD11047067,0.0,0.0,,0.0,0.0,,0.0,0.0,,0.0,0.0,
3SW-DI6A30,1.0,1,SKD6G4754,140.0,1000.0,SKD11047067,0.0,0.0,,0.0,0.0,,0.0,0.0,,0.0,0.0,
3SW-DI6B30,1.0,1,SKD6G4754,140.0,1000.0,SKD11047067,0.0,0.0,,0.0,0.0,,0.0,0.0,,0.0,0.0,
3SW-DY130,1.0,1,3S-DY1,1.0,1.0,3S-MY1,1.0,1.0,SKD6G2532,45.0,1000.0,SKD11025067,0.0,0.0,,0.0,0.0,
3SWS-DY130,1.0,1,3SWS-MY1,1.0,1.0,SKD6G2526,36.0,1000.0,SKD11025067,0.0,0.0,,0.0,0.0,,0.0,0.0,
3SWS-DY230,1.0,1,3SWS-MY2,1.0,1.0,SKD8B2940,78.0,1000.0,SKD11029082,0.0,0.0,,0.0,0.0,,0.0,0.0,
3SWS-DY330,1.0,1,3SWS-MY330,1.0,1.0,SKD8B2932,63.0,1000.0,SKD11029082,0.0,0.0,,0.0,0.0,,0.0,0.0,
3SWS-DY538,1.0,1,3SWS-MY538,1.0,1.0,SKD8B2944,86.0,1000.0,SKD11029082,0.0,0.0,,0.0,0.0,,0.0,0.0,
4109-511AB30-M1-SQUARE,1.0,1,SKD6G2528,40.0,1000.0,SKD11025067,0.0,0.0,,0.0,0.0,,0.0,0.0,,0.0,0.0,
4109-514AA32-M1,1.0,1,SKD7B3235,67.0,1000.0,SKD11032072,0.0,0.0,,0.0,0.0,,0.0,0.0,,0.0,0.0,
4109-515AA32-M1,1.0,1,SKD7B3235,67.0,1000.0,SKD11032072,0.0,0.0,,0.0,0.0,,0.0,0.0,,0.0,0.0,
4109-516AA32-M1,1.0,1,SKD7B3235,67.0,1000.0,SKD11032072,0.0,0.0,,0.0,0.0,,0.0,0.0,,0.0,0.0,
4109-522AA32-M1,1.0,1,SKD7B3235,67.0,1000.0,SKD11032072,0.0,0.0,,0.0,0.0,,0.0,0.0,,0.0,0.0,
4109-611BB30-M1,1.0,1,SKD105038,0.0,0.0,,0.0,0.0,,0.0,0.0,,0.0,0.0,,0.0,0.0,
4115-511BA34-FRAISE,45.0,1000,SKD11025067,0.0,0.0,,0.0,0.0,,0.0,0.0,,0.0,0.0,,0.0,0.0,
4115-511BA34-M1,45.0,1000,SKD11025067,0.0,0.0,,0.0,0.0,,0.0,0.0,,0.0,0.0,,0.0,0.0,
4115-612AA30-FRAISE,1.0,1,SKD105034,0.0,0.0,,0.0,0.0,,0.0,0.0,,0.0,0.0,,0.0,0.0,
4115-612AA30-M1,1.0,1,SKD105033,0.0,0.0,,0.0,0.0,,0.0,0.0,,0.0,0.0,,0.0,0.0,
4115-612AA30-M1-TEMP,1.0,1,SKD105033,0.0,0.0,,0.0,0.0,,0.0,0.0,,0.0,0.0,,0.0,0.0,
4115-612AA30-M1-XDF,1.0,1,SKD105033,0.0,0.0,,0.0,0.0,,0.0,0.0,,0.0,0.0,,0.0,0.0,
4115-613AA30-FRAISE,1.0,1,SKD105038,0.0,0.0,,0.0,0.0,,0.0,0.0,,0.0,0.0,,0.0,0.0,
4115-613AA30-M1,1.0,1,SKD105037,0.0,0.0,,0.0,0.0,,0.0,0.0,,0.0,0.0,,0.0,0.0,
4115-613AA30-M1-XDF,1.0,1,SKD105037,0.0,0.0,,0.0,0.0,,0.0,0.0,,0.0,0.0,,0.0,0.0,
4206-513AA34-M1,1.0,1,SKD8B2938,75.0,1000.0,SKD11029082,0.0,0.0,,0.0,0.0,,0.0,0.0,,0.0,0.0,
4206-514AA34-M1,1.0,1,SKD8B2965,127.0,1000.0,SKD11029082,0.0,0.0,,0.0,0.0,,0.0,0.0,,0.0,0.0,
4206-518AA34-M1,1.0,1,SKD8B2165,92.0,1000.0,SKD11021082,0.0,0.0,,0.0,0.0,,0.0,0.0,,0.0,0.0,
4206-519AA34-M1,1.0,1,SKD8B2160,85.0,1000.0,SKD11021082,0.0,0.0,,0.0,0.0,,0.0,0.0,,0.0,0.0,
4408-552AA30-M1,1.0,1,SKD7Z3032,56.0,1000.0,SKD11030070,0.0,0.0,,0.0,0.0,,0.0,0.0,,0.0,0.0,
474-511AA36-M1,1.0,1,SKD5E2520,26.0,1000.0,SKD11025055,0.0,0.0,,0.0,0.0,,0.0,0.0,,0.0,0.0,
474-614AA38-M1,1.0,1,SKD6G2218,24.0,1000.0,SKD11022067,0.0,0.0,,0.0,0.0,,0.0,0.0,,0.0,0.0,
478-531AB38-M1,1.0,1,SKD6G2235,43.0,1000.0,SKD11022067,0.0,0.0,,0.0,0.0,,0.0,0.0,,0.0,0.0,
479-512DA30-M1,1.0,1,SKD6G2532,45.0,1000.0,SKD11025067,0.0,0.0,,0.0,0.0,,0.0,0.0,,0.0,0.0,
479-514CA30-M1,1.0,1,SKD6G2548,66.0,1000.0,SKD11025067,0.0,0.0,,0.0,0.0,,0.0,0.0,,0.0,0.0,
4FA-DB1D,1.0,1,4FA-MB1D,1.0,1.0,SKD5Z2230,30.0,1000.0,SKD11022050,0.0,0.0,,0.0,0.0,,0.0,0.0,
4FA-DB1S2,1.0,1,4FA-MB1S2,1.0,1.0,SKD5Z2230,30.0,1000.0,SKD11022050,0.0,0.0,,0.0,0.0,,0.0,0.0,
4FA-DC1A,1.0,1,4FA-MC1A,1.0,1.0,SKD6G2235,43.0,1000.0,SKD11022067,0.0,0.0,,0.0,0.0,,0.0,0.0,
4FA-DY1,1.0,1,4FA-MY1,1.0,1.0,S6H2723P,60.0,1000.0,SUJ3038068,0.0,0.0,,0.0,0.0,,0.0,0.0,
4FA-MW238,1.0,1,SKD6G2224,30.0,1000.0,SKD11022067,0.0,0.0,,0.0,0.0,,0.0,0.0,,0.0,0.0,
4FA-MY118,1.0,1,SKD6G2225,31.0,1000.0,SKD11022067,0.0,0.0,,0.0,0.0,,0.0,0.0,,0.0,0.0,
4FA-MY318,1.0,1,SKD8B2125,36.0,1000.0,SKD11021082,0.0,0.0,,0.0,0.0,,0.0,0.0,,0.0,0.0,
4FB-MY138S2,1.0,1,SKD6G2224,30.0,1000.0,SKD11022067,0.0,0.0,,0.0,0.0,,0.0,0.0,,0.0,0.0,
4FB-MY338,1.0,1,SKD6G2224,30.0,1000.0,SKD11022067,0.0,0.0,,0.0,0.0,,0.0,0.0,,0.0,0.0,
4LRS-MB1AA38,1.0,1,SKD6G2720,30.0,1000.0,SKD11027067,0.0,0.0,,0.0,0.0,,0.0,0.0,,0.0,0.0,
4LRS-MB2AA38,1.0,1,SKD6G2720,30.0,1000.0,SKD11027067,0.0,0.0,,0.0,0.0,,0.0,0.0,,0.0,0.0,
4LRS-MB3AA38,1.0,1,SKD8B2940,78.0,1000.0,SKD11029082,0.0,0.0,,0.0,0.0,,0.0,0.0,,0.0,0.0,
4LRS-MB5AA38,1.0,1,SKD8B2955,108.0,1000.0,SKD11029082,0.0,0.0,,0.0,0.0,,0.0,0.0,,0.0,0.0,
4RS-DB1,1.0,1,4RS-MB1,1.0,1.0,S5F3050,80.0,1000.0,SUJ3030056,0.0,0.0,,0.0,0.0,,0.0,0.0,
4RS-DX9,1.0,1,4RS-MX9,1.0,1.0,S6H4722,75.0,1000.0,SUJ3047068-H,0.0,0.0,,0.0,0.0,,0.0,0.0,
4RS-DY8B,1.0,1,4RS-MY8B,1.0,1.0,S6H4725,80.0,1000.0,SUJ3047068-H,0.0,0.0,,0.0,0.0,,0.0,0.0,
4S-DB1C,1.0,1,4S-MB1C,1.0,1.0,SKD7Z3026,45.0,1000.0,SKD11030070,0.0,0.0,,0.0,0.0,,0.0,0.0,
4S-DC1I,1.0,1,4S-MC1I,1.0,1.0,SKD7Z3027,47.0,1000.0,SKD11030070,0.0,0.0,,0.0,0.0,,0.0,0.0,
4S-DC1L,1.0,1,4S-MC1L,1.0,1.0,SKD7Z3035,61.0,1000.0,SKD11030070,0.0,0.0,,0.0,0.0,,0.0,0.0,
4S-DW110,1.0,1,4S-MW110,1.0,1.0,SKD6G2227,33.0,1000.0,SKD11022067,0.0,0.0,,0.0,0.0,,0.0,0.0,
4S-DW112,1.0,1,4S-MW112,1.0,1.0,SKD6G2227,33.0,1000.0,SKD11022067,0.0,0.0,,0.0,0.0,,0.0,0.0,
4S-DW124,1.0,1,4S-MW124,1.0,1.0,SKD6G2225,31.0,1000.0,SKD11022067,0.0,0.0,,0.0,0.0,,0.0,0.0,
4S-DW17.6,1.0,1,4S-MW17.6,1.0,1.0,SKD6G2227,33.0,1000.0,SKD11022067,0.0,0.0,,0.0,0.0,,0.0,0.0,
4S-DW310,1.0,1,4S-MW110,1.0,1.0,SKD6G2227,33.0,1000.0,SKD11022067,0.0,0.0,,0.0,0.0,,0.0,0.0,
4S-DW324,1.0,1,4S-MW124,1.0,1.0,SKD6G2225,31.0,1000.0,SKD11022067,0.0,0.0,,0.0,0.0,,0.0,0.0,
4S-DW37.6,1.0,1,4S-MW17.6,1.0,1.0,SKD6G2227,33.0,1000.0,SKD11022067,0.0,0.0,,0.0,0.0,,0.0,0.0,
4S-DW7,1.0,1,4S-MW1,1.0,1.0,SKD6G2225,31.0,1000.0,SKD11022067,0.0,0.0,,0.0,0.0,,0.0,0.0,
4S-DW8,1.0,1,4S-MW1,1.0,1.0,SKD6G2225,31.0,1000.0,SKD11022067,0.0,0.0,,0.0,0.0,,0.0,0.0,
4S-MC1J,1.0,1,SKD6G3532,62.0,1000.0,SKD11035067,0.0,0.0,,0.0,0.0,,0.0,0.0,,0.0,0.0,
4S-MX338,1.0,1,SKD6G2225,31.0,1000.0,SKD11022067,0.0,0.0,,0.0,0.0,,0.0,0.0,,0.0,0.0,
4S-MY4C38S2,1.0,1,SKD6G2224,30.0,1000.0,SKD11022067,0.0,0.0,,0.0,0.0,,0.0,0.0,,0.0,0.0,
4SRE-MB1AA26,1.0,1,SKD8B2938,75.0,1000.0,SKD11029082,0.0,0.0,,0.0,0.0,,0.0,0.0,,0.0,0.0,
4SW-DI1B30,1.0,1,4SW-MI1B30,1.0,1.0,SKD6G4744,114.0,1000.0,SKD11047067,0.0,0.0,,0.0,0.0,,0.0,0.0,
4SW-DI330,1.0,1,4SW-DI130,1.0,1.0,4SW-MI130,1.0,1.0,SKD6G4744,114.0,1000.0,SKD11047067,0.0,0.0,,0.0,0.0,
4SW-DY130,1.0,1,4S-DW1,1.0,1.0,4S-MW1,1.0,1.0,SKD6G2225,31.0,1000.0,SKD11022067,0.0,0.0,,0.0,0.0,
5121-512AA48-M1,1.0,1,SKD6G2745,67.0,1000.0,SKD11027067,0.0,0.0,,0.0,0.0,,0.0,0.0,,0.0,0.0,
5161-611AA20-M1,1.0,1,SKD6G3520,39.0,1000.0,SKD11035067,0.0,0.0,,0.0,0.0,,0.0,0.0,,0.0,0.0,
5212-512AA36-M1,1.0,1,SKD6G2532,45.0,1000.0,SKD11025067,0.0,0.0,,0.0,0.0,,0.0,0.0,,0.0,0.0,
5212-514AA36-M1,1.0,1,SKD6G2554,75.0,1000.0,SKD11025067,0.0,0.0,,0.0,0.0,,0.0,0.0,,0.0,0.0,
5212-615AA36-M1,1.0,1,SKD8B2938,75.0,1000.0,SKD11029082,0.0,0.0,,0.0,0.0,,0.0,0.0,,0.0,0.0,
5212-619AA36-M1,1.0,1,SKD8B2955,108.0,1000.0,SKD11029082,0.0,0.0,,0.0,0.0,,0.0,0.0,,0.0,0.0,
5212-653AA34-M1,1.0,1,SKD8B2931,62.0,1000.0,SKD11029082,0.0,0.0,,0.0,0.0,,0.0,0.0,,0.0,0.0,
5213-512AA30-M1,1.0,1,SKD6E3540,87.0,1000.0,SKD11035065,0.0,0.0,,0.0,0.0,,0.0,0.0,,0.0,0.0,
5213-512AA34-M1,1.0,1,SKD6G2538,53.0,1000.0,SKD11025067,0.0,0.0,,0.0,0.0,,0.0,0.0,,0.0,0.0,
5213-512AA36-M1,1.0,1,SKD6G2538,53.0,1000.0,SKD11025067,0.0,0.0,,0.0,0.0,,0.0,0.0,,0.0,0.0,
5213-514AA30-M1,1.0,1,SKD6G2565,90.0,1000.0,SKD11025067,0.0,0.0,,0.0,0.0,,0.0,0.0,,0.0,0.0,
5213-514AA34-M1,1.0,1,SKD6G2560,83.0,1000.0,SKD11025067,0.0,0.0,,0.0,0.0,,0.0,0.0,,0.0,0.0,
5213-514AA36-M1,1.0,1,SKD6G2560,83.0,1000.0,SKD11025067,0.0,0.0,,0.0,0.0,,0.0,0.0,,0.0,0.0,
5213-615AA34-M1,1.0,1,SKD8B2944,86.0,1000.0,SKD11029082,0.0,0.0,,0.0,0.0,,0.0,0.0,,0.0,0.0,
5213-619AA34-M1,1.0,1,SKD8B2960,117.0,1000.0,SKD11029082,0.0,0.0,,0.0,0.0,,0.0,0.0,,0.0,0.0,
5213-619AA36-M1,1.0,1,SKD8B2960,117.0,1000.0,SKD11029082,0.0,0.0,,0.0,0.0,,0.0,0.0,,0.0,0.0,
5213-653AA34-M1,1.0,1,SKD8B2928,55.0,1000.0,SKD11029082,0.0,0.0,,0.0,0.0,,0.0,0.0,,0.0,0.0,
5517-566AA30-M1,1.0,1,SKD8E3030,63.0,1000.0,SKD11030085,0.0,0.0,,0.0,0.0,,0.0,0.0,,0.0,0.0,
5517-566FA30-M1,1.0,1,SKD8E3030,63.0,1000.0,SKD11030085,0.0,0.0,,0.0,0.0,,0.0,0.0,,0.0,0.0,
5517-570AA30-M1,1.0,1,SKD8E3022,47.0,1000.0,SKD11030085,0.0,0.0,,0.0,0.0,,0.0,0.0,,0.0,0.0,
5521-511AA21-M1,1.0,1,SKD6G2520,28.0,1000.0,SKD11025067,0.0,0.0,,0.0,0.0,,0.0,0.0,,0.0,0.0,
5521-511AA22-M1,1.0,1,SKD6G2521,29.0,1000.0,SKD11025067,0.0,0.0,,0.0,0.0,,0.0,0.0,,0.0,0.0,
5521-511AA23-M1,1.0,1,SKD6G2520,28.0,1000.0,SKD11025067,0.0,0.0,,0.0,0.0,,0.0,0.0,,0.0,0.0,
5521-511AA24-M1,1.0,1,SKD6G2520,28.0,1000.0,SKD11025067,0.0,0.0,,0.0,0.0,,0.0,0.0,,0.0,0.0,
5521-513AA21-M1,1.0,1,SKD6G2745,67.0,1000.0,SKD11027067,0.0,0.0,,0.0,0.0,,0.0,0.0,,0.0,0.0,
5521-513AA22-M1,1.0,1,SKD6G2747,70.0,1000.0,SKD11027067,0.0,0.0,,0.0,0.0,,0.0,0.0,,0.0,0.0,
5521-513AA23-M1,1.0,1,SKD6G2747,70.0,1000.0,SKD11027067,0.0,0.0,,0.0,0.0,,0.0,0.0,,0.0,0.0,
5521-513AA24-M1,1.0,1,SKD6G2747,70.0,1000.0,SKD11027067,0.0,0.0,,0.0,0.0,,0.0,0.0,,0.0,0.0,
5521-514AA21-M1,1.0,1,SKD7Z3045,78.0,1000.0,SKD11030070,0.0,0.0,,0.0,0.0,,0.0,0.0,,0.0,0.0,
5521-514AA22-M1,1.0,1,SKD7Z3045,78.0,1000.0,SKD11030070,0.0,0.0,,0.0,0.0,,0.0,0.0,,0.0,0.0,
5521-514AA23-M1,1.0,1,SKD7Z3045,78.0,1000.0,SKD11030070,0.0,0.0,,0.0,0.0,,0.0,0.0,,0.0,0.0,
5521-514AA24-M1,1.0,1,SKD7Z3045,78.0,1000.0,SKD11030070,0.0,0.0,,0.0,0.0,,0.0,0.0,,0.0,0.0,
5521-611AA21-M1,1.0,1,SKD6G2518,24.0,1000.0,SKD11025067,0.0,0.0,,0.0,0.0,,0.0,0.0,,0.0,0.0,
5521-611AA22-M1,1.0,1,SKD6G2518,24.0,1000.0,SKD11025067,0.0,0.0,,0.0,0.0,,0.0,0.0,,0.0,0.0,
5521-611AA23-M,1.0,1,SKD6G2518,24.0,1000.0,SKD11025067,0.0,0.0,,0.0,0.0,,0.0,0.0,,0.0,0.0,
5521-611AA23-M1,1.0,1,SKD6G2518,24.0,1000.0,SKD11025067,0.0,0.0,,0.0,0.0,,0.0,0.0,,0.0,0.0,
5521-611AA24-M1,1.0,1,SKD6G2518,24.0,1000.0,SKD11025067,0.0,0.0,,0.0,0.0,,0.0,0.0,,0.0,0.0,
5521-612AA21-M1,1.0,1,SKD6G2515,21.0,1000.0,SKD11025067,0.0,0.0,,0.0,0.0,,0.0,0.0,,0.0,0.0,
5521-612AA22-M1,1.0,1,SKD6G2518,24.0,1000.0,SKD11025067,0.0,0.0,,0.0,0.0,,0.0,0.0,,0.0,0.0,
5521-612AA23-M,1.0,1,SKD6G2518,24.0,1000.0,SKD11025067,0.0,0.0,,0.0,0.0,,0.0,0.0,,0.0,0.0,
5521-612AA23-M1,1.0,1,SKD6G2518,24.0,1000.0,SKD11025067,0.0,0.0,,0.0,0.0,,0.0,0.0,,0.0,0.0,
5521-612AA24-M1,1.0,1,SKD6G2518,24.0,1000.0,SKD11025067,0.0,0.0,,0.0,0.0,,0.0,0.0,,0.0,0.0,
5521-615AA23-M1,1.0,1,SKD6G2545,62.0,1000.0,SKD11025067,0.0,0.0,,0.0,0.0,,0.0,0.0,,0.0,0.0,
5521-616AA23-M1,1.0,1,SKD6E3543,87.0,1000.0,SKD11035065,0.0,0.0,,0.0,0.0,,0.0,0.0,,0.0,0.0,
5527-570CA17-M1,1.0,1,SKD8B2125,36.0,1000.0,SKD11021082,0.0,0.0,,0.0,0.0,,0.0,0.0,,0.0,0.0,
5529-513AA34-M1,1.0,1,SKD6G2745,67.0,1000.0,SKD11027067,0.0,0.0,,0.0,0.0,,0.0,0.0,,0.0,0.0,
5529-514AA34-M1,1.0,1,SKD6G3540,77.0,1000.0,SKD11035067,0.0,0.0,,0.0,0.0,,0.0,0.0,,0.0,0.0,
5529-521AA30-M1,1.0,1,SKD6G2515,21.0,1000.0,SKD11025067,0.0,0.0,,0.0,0.0,,0.0,0.0,,0.0,0.0,
5529-522AA30-M1,1.0,1,SKD6G2726,39.0,1000.0,SKD11027067,0.0,0.0,,0.0,0.0,,0.0,0.0,,0.0,0.0,
5529-522AA38-M1,1.0,1,SKD6G2729,44.0,1000.0,SKD11027067,0.0,0.0,,0.0,0.0,,0.0,0.0,,0.0,0.0,
5529-522AA48-M1,1.0,1,SKD6G3532,62.0,1000.0,SKD11035067,0.0,0.0,,0.0,0.0,,0.0,0.0,,0.0,0.0,
5529-572AA34-M1,1.0,1,SKD6G2726,39.0,1000.0,SKD11027067,0.0,0.0,,0.0,0.0,,0.0,0.0,,0.0,0.0,
5532-566BA34-M1,1.0,1,SKD8E3022,47.0,1000.0,SKD11030085,0.0,0.0,,0.0,0.0,,0.0,0.0,,0.0,0.0,
5532-569AA34-M1,1.0,1,SKD8E3025,53.0,1000.0,SKD11030085,0.0,0.0,,0.0,0.0,,0.0,0.0,,0.0,0.0,
5532-570BA34-M1,1.0,1,SKD8E3022,47.0,1000.0,SKD11030085,0.0,0.0,,0.0,0.0,,0.0,0.0,,0.0,0.0,
5535-572AB48-M1,1.0,1,SKD6E3525,31.0,1000.0,SKD11035065,0.0,0.0,,0.0,0.0,,0.0,0.0,,0.0,0.0,
5535-572AB48-M1-MITU,1.0,1,SKD6E3525,31.0,1000.0,SKD11035065,0.0,0.0,,0.0,0.0,,0.0,0.0,,0.0,0.0,
5SRE-MB1AA30,1.0,1,SKD8B4026,70.0,1000.0,SKD11040082,0.0,0.0,,0.0,0.0,,0.0,0.0,,0.0,0.0,
5SRE-MC1AA30,1.0,1,SKD8B4048,130.0,1000.0,SKD11040082,0.0,0.0,,0.0,0.0,,0.0,0.0,,0.0,0.0,
6.5X26.5X22.7FRAISE-ONLY,1.0,1,SKD6G2532,45.0,1000.0,SKD11025067,0.0,0.0,,0.0,0.0,,0.0,0.0,,0.0,0.0,
6104-612AA34-M1,1.0,1,SKD6E4054,116.0,1000.0,SKD11040065,0.0,0.0,,0.0,0.0,,0.0,0.0,,0.0,0.0,
6105-566AA36-M1,1.0,1,SKD8B2948,94.0,1000.0,SKD11029082,0.0,0.0,,0.0,0.0,,0.0,0.0,,0.0,0.0,
6105-569AA36-M1,1.0,1,SKD9Z3555,143.0,1000.0,SKD11035090,0.0,0.0,,0.0,0.0,,0.0,0.0,,0.0,0.0,
6105-570AA36-M1,1.0,1,SKD8E3053,113.0,1000.0,SKD11030085,0.0,0.0,,0.0,0.0,,0.0,0.0,,0.0,0.0,
6105-611AA36-M1,1.0,1,SKD6G2518,24.0,1000.0,SKD11025067,0.0,0.0,,0.0,0.0,,0.0,0.0,,0.0,0.0,
6105-612AA36-M1,1.0,1,SKD6E4045,96.0,1000.0,SKD11040065,0.0,0.0,,0.0,0.0,,0.0,0.0,,0.0,0.0,
6105-621AA36-M1,1.0,1,SKD6G4744,114.0,1000.0,SKD11047067,0.0,0.0,,0.0,0.0,,0.0,0.0,,0.0,0.0,
6206-521BA34-M1,1.0,1,SKD6E3525,31.0,1000.0,SKD11035065,0.0,0.0,,0.0,0.0,,0.0,0.0,,0.0,0.0,
6207-524BA34-M1,1.0,1,SKD6E3527,33.0,1000.0,SKD11035065,0.0,0.0,,0.0,0.0,,0.0,0.0,,0.0,0.0,
76-512AF30-M1,1.0,1,SKD6G2225,31.0,1000.0,SKD11022067,0.0,0.0,,0.0,0.0,,0.0,0.0,,0.0,0.0,
76-512AF33-M1,1.0,1,SKD6G2225,31.0,1000.0,SKD11022067,0.0,0.0,,0.0,0.0,,0.0,0.0,,0.0,0.0,
76-512AF38-M1,1.0,1,SKD6G2222,27.0,1000.0,SKD11022067,0.0,0.0,,0.0,0.0,,0.0,0.0,,0.0,0.0,
76-512AS38-M1,1.0,1,SKD6G2222,27.0,1000.0,SKD11022067,0.0,0.0,,0.0,0.0,,0.0,0.0,,0.0,0.0,
76-513AF38-M1,1.0,1,SKD6G2248,59.0,1000.0,SKD11022067,0.0,0.0,,0.0,0.0,,0.0,0.0,,0.0,0.0,
76-513AS30-M1,1.0,1,SKD6G2248,59.0,1000.0,SKD11022067,0.0,0.0,,0.0,0.0,,0.0,0.0,,0.0,0.0,
76-513FS33-M1,1.0,1,SKD6G2248,59.0,1000.0,SKD11022067,0.0,0.0,,0.0,0.0,,0.0,0.0,,0.0,0.0,
76-529DB30-M1,1.0,1,SKD6G2242,51.0,1000.0,SKD11022067,0.0,0.0,,0.0,0.0,,0.0,0.0,,0.0,0.0,
76-529DB38-M1,1.0,1,SKD6G2242,51.0,1000.0,SKD11022067,0.0,0.0,,0.0,0.0,,0.0,0.0,,0.0,0.0,
78-613D33-M1,1.0,1,SKD5E2535,41.0,1000.0,SKD11025055,0.0,0.0,,0.0,0.0,,0.0,0.0,,0.0,0.0,
78-614D33-M1,1.0,1,SKD5E2533,39.0,1000.0,SKD11025055,0.0,0.0,,0.0,0.0,,0.0,0.0,,0.0,0.0,
7E00-DC2AA34,1.0,1,7E00-MC2AA34,1.0,1.0,SKD6G1556,62.0,1000.0,SKD11015067,0.0,0.0,,0.0,0.0,,0.0,0.0,
7E00-DC2AA36,1.0,1,7E00-MC2AA36,1.0,1.0,SKD6G1556,62.0,1000.0,SKD11015067,0.0,0.0,,0.0,0.0,,0.0,0.0,
7E00-DY1AA30,1.0,1,7E00-MY1AA30,1.0,1.0,SKD6G2720,30.0,1000.0,SKD11027067,0.0,0.0,,0.0,0.0,,0.0,0.0,
7E00-DY1AA34,1.0,1,7E00-MY1AA34,1.0,1.0,SKD6G2720,30.0,1000.0,SKD11027067,0.0,0.0,,0.0,0.0,,0.0,0.0,
7E00-DY1AA38,1.0,1,7E00-MY1AA38,1.0,1.0,SKD6G2720,30.0,1000.0,SKD11027067,0.0,0.0,,0.0,0.0,,0.0,0.0,
7E00-DY2AA30,1.0,1,7E00-MY2AA30,1.0,1.0,SKD6G4730,78.0,1000.0,SKD11047067,0.0,0.0,,0.0,0.0,,0.0,0.0,
7E00-MB2AA34,1.0,1,SKD7Z3026,45.0,1000.0,SKD11030070,0.0,0.0,,0.0,0.0,,0.0,0.0,,0.0,0.0,
7E00-MB2AA36,1.0,1,SKD7Z3026,45.0,1000.0,SKD11030070,0.0,0.0,,0.0,0.0,,0.0,0.0,,0.0,0.0,
7E00-MY1AA33,1.0,1,SKD6G2718,27.0,1000.0,SKD11027067,0.0,0.0,,0.0,0.0,,0.0,0.0,,0.0,0.0,
7E22-MW1DA34,1.0,1,SKD5E2520,26.0,1000.0,SKD11025055,0.0,0.0,,0.0,0.0,,0.0,0.0,,0.0,0.0,
7E22-MW1SA34,1.0,1,SKD5E2520,26.0,1000.0,SKD11025055,0.0,0.0,,0.0,0.0,,0.0,0.0,,0.0,0.0,
7E22-MW2DA34,1.0,1,SKD6G2522,31.0,1000.0,SKD11025067,0.0,0.0,,0.0,0.0,,0.0,0.0,,0.0,0.0,
7E22-MW2SA34,1.0,1,SKD6G2523,32.0,1000.0,SKD11025067,0.0,0.0,,0.0,0.0,,0.0,0.0,,0.0,0.0,
7E22-MW8AA34,1.0,1,SKD6G2538,53.0,1000.0,SKD11025067,0.0,0.0,,0.0,0.0,,0.0,0.0,,0.0,0.0,
7E400-MY1AA30,1.0,1,SKD6E3515,19.0,1000.0,SKD11035065,0.0,0.0,,0.0,0.0,,0.0,0.0,,0.0,0.0,
7E400-MY1AA33,1.0,1,SKD6G2718,27.0,1000.0,SKD11027067,0.0,0.0,,0.0,0.0,,0.0,0.0,,0.0,0.0,
7E400-MY2AA33,1.0,1,SKD6G4726,68.0,1000.0,SKD11047067,0.0,0.0,,0.0,0.0,,0.0,0.0,,0.0,0.0,
7E44-MB3AA33,1.0,1,SKD6G2218,24.0,1000.0,SKD11022067,0.0,0.0,,0.0,0.0,,0.0,0.0,,0.0,0.0,
7E44-MB4AA33,1.0,1,SKD6G2218,24.0,1000.0,SKD11022067,0.0,0.0,,0.0,0.0,,0.0,0.0,,0.0,0.0,
7E44-MB7AA33,1.0,1,SKD8B2125,36.0,1000.0,SKD11021082,0.0,0.0,,0.0,0.0,,0.0,0.0,,0.0,0.0,
7E44-MC1AA33,1.0,1,SKD8B2135,50.0,1000.0,SKD11021082,0.0,0.0,,0.0,0.0,,0.0,0.0,,0.0,0.0,
7EB44-MY1AA33,1.0,1,SKD5E2522,28.0,1000.0,SKD11025055,0.0,0.0,,0.0,0.0,,0.0,0.0,,0.0,0.0,
7EB44-MY2DA33,1.0,1,SKD6G2520,28.0,1000.0,SKD11025067,0.0,0.0,,0.0,0.0,,0.0,0.0,,0.0,0.0,
7E-DB1AA30,1.0,1,7E-MB1AA30,1.0,1.0,SKD6G2520,28.0,1000.0,SKD11025067,0.0,0.0,,0.0,0.0,,0.0,0.0,
7E-DB1AA38,1.0,1,7E-MB1AA38,1.0,1.0,SKD6G2520,28.0,1000.0,SKD11025067,0.0,0.0,,0.0,0.0,,0.0,0.0,
7E-DB2AA30,1.0,1,7E-MB2AA30,1.0,1.0,SKD6G2220,26.0,1000.0,SKD11022067,0.0,0.0,,0.0,0.0,,0.0,0.0,
7E-DB5AA30,1.0,1,7E-MB5AA30,1.0,1.0,SKD8B2125,36.0,1000.0,SKD11021082,0.0,0.0,,0.0,0.0,,0.0,0.0,
7E-DB5AA38,1.0,1,7E-MB5AA38,1.0,1.0,SKD8B2130,43.0,1000.0,SKD11021082,0.0,0.0,,0.0,0.0,,0.0,0.0,
7E-DB9AA30,1.0,1,7E-MB9AA30,1.0,1.0,SKD8B2140,57.0,1000.0,SKD11021082,0.0,0.0,,0.0,0.0,,0.0,0.0,
7E-DD1AA30,1.0,1,7E-MD1AA30,1.0,1.0,SKD8B2130,43.0,1000.0,SKD11021082,0.0,0.0,,0.0,0.0,,0.0,0.0,
7E-DD5AA30,1.0,1,7E-MD5AA30,1.0,1.0,SKD8B2140,57.0,1000.0,SKD11021082,0.0,0.0,,0.0,0.0,,0.0,0.0,
7E-DY4AA33,1.0,1,7E-MY4AA33,1.0,1.0,SKD6G2538,53.0,1000.0,SKD11025067,0.0,0.0,,0.0,0.0,,0.0,0.0,
7E-DY4AA38,1.0,1,7E-MY4AA38,1.0,1.0,SKD6G2538,53.0,1000.0,SKD11025067,0.0,0.0,,0.0,0.0,,0.0,0.0,
7E-MB2AA38,1.0,1,SKD6G2220,26.0,1000.0,SKD11022067,0.0,0.0,,0.0,0.0,,0.0,0.0,,0.0,0.0,
7E-MB5AA33,1.0,1,SKD8B2125,36.0,1000.0,SKD11021082,0.0,0.0,,0.0,0.0,,0.0,0.0,,0.0,0.0,
7E-MB5AA38-SPOT,1.0,1,SKD8B2130,43.0,1000.0,SKD11021082,0.0,0.0,,0.0,0.0,,0.0,0.0,,0.0,0.0,
7E-MB7AA38,1.0,1,SKD8B2125,36.0,1000.0,SKD11021082,0.0,0.0,,0.0,0.0,,0.0,0.0,,0.0,0.0,
7E-MB9AA33,1.0,1,SKD8B2140,57.0,1000.0,SKD11021082,0.0,0.0,,0.0,0.0,,0.0,0.0,,0.0,0.0,
7E-MB9AA38,1.0,1,SKD8B2140,57.0,1000.0,SKD11021082,0.0,0.0,,0.0,0.0,,0.0,0.0,,0.0,0.0,
7E-MB9AA38-SPOT,1.0,1,SKD8B2140,57.0,1000.0,SKD11021082,0.0,0.0,,0.0,0.0,,0.0,0.0,,0.0,0.0,
7E-MC1AA38,1.0,1,SKD8B2135,50.0,1000.0,SKD11021082,0.0,0.0,,0.0,0.0,,0.0,0.0,,0.0,0.0,
7E-MD5AA33,1.0,1,SKD8B2140,57.0,1000.0,SKD11021082,0.0,0.0,,0.0,0.0,,0.0,0.0,,0.0,0.0,
7E-MD5AA38,1.0,1,SKD8B2140,57.0,1000.0,SKD11021082,0.0,0.0,,0.0,0.0,,0.0,0.0,,0.0,0.0,
7E-MF1AA33,1.0,1,SKD8B2125,36.0,1000.0,SKD11021082,0.0,0.0,,0.0,0.0,,0.0,0.0,,0.0,0.0,
7E-MF1AA38,1.0,1,SKD8B2148,68.0,1000.0,SKD11021082,0.0,0.0,,0.0,0.0,,0.0,0.0,,0.0,0.0,
7E-MF1GA38,1.0,1,SKD8B2148,68.0,1000.0,SKD11021082,0.0,0.0,,0.0,0.0,,0.0,0.0,,0.0,0.0,
7E-MY1AA33,1.0,1,SKD5E2522,28.0,1000.0,SKD11025055,0.0,0.0,,0.0,0.0,,0.0,0.0,,0.0,0.0,
7E-MY1AA34,1.0,1,SKD5E2520,26.0,1000.0,SKD11025055,0.0,0.0,,0.0,0.0,,0.0,0.0,,0.0,0.0,
7E-MY1AA38,1.0,1,SKD5E2520,26.0,1000.0,SKD11025055,0.0,0.0,,0.0,0.0,,0.0,0.0,,0.0,0.0,
7E-MY2SA38,1.0,1,SKD6G2521,29.0,1000.0,SKD11025067,0.0,0.0,,0.0,0.0,,0.0,0.0,,0.0,0.0,
7E-MY4AA34,1.0,1,SKD6G2538,53.0,1000.0,SKD11025067,0.0,0.0,,0.0,0.0,,0.0,0.0,,0.0,0.0,
7HS22-MB5AA33,1.0,1,SKD6G2522,31.0,1000.0,SKD11025067,0.0,0.0,,0.0,0.0,,0.0,0.0,,0.0,0.0,
7HS22-MB5BA38,1.0,1,SKD5E2520,26.0,1000.0,SKD11025055,0.0,0.0,,0.0,0.0,,0.0,0.0,,0.0,0.0,
7HS22-MB7AA33,1.0,1,SKD6G2532,45.0,1000.0,SKD11025067,0.0,0.0,,0.0,0.0,,0.0,0.0,,0.0,0.0,
7HS22-MC1BA38,1.0,1,SKD6G2518,24.0,1000.0,SKD11025067,0.0,0.0,,0.0,0.0,,0.0,0.0,,0.0,0.0,
7HS22-MC9AA33,1.0,1,SKD5E2532,38.0,1000.0,SKD11025055,0.0,0.0,,0.0,0.0,,0.0,0.0,,0.0,0.0,
7HS22-MC9BA38,1.0,1,SKD6G2548,66.0,1000.0,SKD11025067,0.0,0.0,,0.0,0.0,,0.0,0.0,,0.0,0.0,
7HS22-MY1AA33,1.0,1,SKD5E2235,35.0,1000.0,SKD11022055,0.0,0.0,,0.0,0.0,,0.0,0.0,,0.0,0.0,
7HS22-MY1BA38,1.0,1,SKD5E2235,35.0,1000.0,SKD11022055,0.0,0.0,,0.0,0.0,,0.0,0.0,,0.0,0.0,
7HS22-MY4AA33,1.0,1,SKD6G2230,36.0,1000.0,SKD11022067,0.0,0.0,,0.0,0.0,,0.0,0.0,,0.0,0.0,
7HS22-MY4BA38,1.0,1,SKD6G2230,36.0,1000.0,SKD11022067,0.0,0.0,,0.0,0.0,,0.0,0.0,,0.0,0.0,
7HS22-MY5AA33,1.0,1,SKD6G2225,31.0,1000.0,SKD11022067,0.0,0.0,,0.0,0.0,,0.0,0.0,,0.0,0.0,
7HS22-MY5BA38,1.0,1,SKD6G2225,31.0,1000.0,SKD11022067,0.0,0.0,,0.0,0.0,,0.0,0.0,,0.0,0.0,
7HS22-MY6AA33,1.0,1,SKD6G2227,33.0,1000.0,SKD11022067,0.0,0.0,,0.0,0.0,,0.0,0.0,,0.0,0.0,
7HS22-MY6BA38,1.0,1,SKD6G2218,24.0,1000.0,SKD11022067,0.0,0.0,,0.0,0.0,,0.0,0.0,,0.0,0.0,
7IR-DB1AA30,1.0,1,7IR-MB1AA30,1.0,1.0,SKD6G2518,24.0,1000.0,SKD11025067,0.0,0.0,,0.0,0.0,,0.0,0.0,
7IR-DB1AA34,1.0,1,7IR-MB1AA34,1.0,1.0,SKD6G2520,28.0,1000.0,SKD11025067,0.0,0.0,,0.0,0.0,,0.0,0.0,
7IR-DB1AA36,1.0,1,7IR-MB1AA36,1.0,1.0,SKD6G2520,28.0,1000.0,SKD11025067,0.0,0.0,,0.0,0.0,,0.0,0.0,
7IR-DC2AA34,1.0,1,7IR-MC2AA34,1.0,1.0,SKD6G1542,36.0,1000.0,SKD11015067,0.0,0.0,,0.0,0.0,,0.0,0.0,
7IR-DC2AA36,1.0,1,7IR-MC2AA36,1.0,1.0,SKD6G1542,36.0,1000.0,SKD11015067,0.0,0.0,,0.0,0.0,,0.0,0.0,
7IR-DC4AA30,1.0,1,7IR-MC4AA30,1.0,1.0,SKD6G2520,28.0,1000.0,SKD11025067,0.0,0.0,,0.0,0.0,,0.0,0.0,
7IR-DY1AA30,1.0,1,7IR-MY1AA30,1.0,1.0,SKD6G2720,30.0,1000.0,SKD11027067,0.0,0.0,,0.0,0.0,,0.0,0.0,
7IR-DY1AA33,1.0,1,7IR-MY1AA33,1.0,1.0,SKD6G2718,27.0,1000.0,SKD11027067,0.0,0.0,,0.0,0.0,,0.0,0.0,
7IR-DY1AA36,1.0,1,7IR-MY1AA36,1.0,1.0,SKD6G2720,30.0,1000.0,SKD11027067,0.0,0.0,,0.0,0.0,,0.0,0.0,
7IR-DY1AA38,1.0,1,7IR-MY1AA38,1.0,1.0,SKD6G2718,27.0,1000.0,SKD11027067,0.0,0.0,,0.0,0.0,,0.0,0.0,
7IR-MB2AA30,1.0,1,SKD7Z3035,61.0,1000.0,SKD11030070,0.0,0.0,,0.0,0.0,,0.0,0.0,,0.0,0.0,
7IR-MB2AA33,1.0,1,SKD7Z3038,66.0,1000.0,SKD11030070,0.0,0.0,,0.0,0.0,,0.0,0.0,,0.0,0.0,
7IR-MB2AA36,1.0,1,SKD7Z3035,61.0,1000.0,SKD11030070,0.0,0.0,,0.0,0.0,,0.0,0.0,,0.0,0.0,
7IR-MB2AA38,1.0,1,SKD7Z3035,61.0,1000.0,SKD11030070,0.0,0.0,,0.0,0.0,,0.0,0.0,,0.0,0.0,
7IR-MC1AA30,1.0,1,SKD6G2523,32.0,1000.0,SKD11025067,0.0,0.0,,0.0,0.0,,0.0,0.0,,0.0,0.0,
7IR-MC1AA33,1.0,1,SKD6G2523,32.0,1000.0,SKD11025067,0.0,0.0,,0.0,0.0,,0.0,0.0,,0.0,0.0,
7IR-MC1AA34,1.0,1,SKD6G2523,32.0,1000.0,SKD11025067,0.0,0.0,,0.0,0.0,,0.0,0.0,,0.0,0.0,
7IR-MC1AA36,1.0,1,SKD6G2525,35.0,1000.0,SKD11025067,0.0,0.0,,0.0,0.0,,0.0,0.0,,0.0,0.0,
7IR-MC1AA38,1.0,1,SKD6G2523,32.0,1000.0,SKD11025067,0.0,0.0,,0.0,0.0,,0.0,0.0,,0.0,0.0,
7IR-MC2AA30,1.0,1,SKD6G1535,41.0,1000.0,SKD11015067,0.0,0.0,,0.0,0.0,,0.0,0.0,,0.0,0.0,
7IR-MC2AA33,1.0,1,SKD6G1542,36.0,1000.0,SKD11015067,0.0,0.0,,0.0,0.0,,0.0,0.0,,0.0,0.0,
7IR-MC2AA38,1.0,1,SKD6G1542,36.0,1000.0,SKD11015067,0.0,0.0,,0.0,0.0,,0.0,0.0,,0.0,0.0,
7IR-MC3AA34,1.0,1,SKD6G1535,41.0,1000.0,SKD11015067,0.0,0.0,,0.0,0.0,,0.0,0.0,,0.0,0.0,
7IR-MC4AA34,1.0,1,SKD6G2518,24.0,1000.0,SKD11025067,0.0,0.0,,0.0,0.0,,0.0,0.0,,0.0,0.0,
7IR-MY2AA30,1.0,1,SKD6G4740,104.0,1000.0,SKD11047067,0.0,0.0,,0.0,0.0,,0.0,0.0,,0.0,0.0,
7IR-MY7AA30,1.0,1,SKD105010,0.0,0.0,,0.0,0.0,,0.0,0.0,,0.0,0.0,,0.0,0.0,
7IR-MY8AA30,1.0,1,SKD6G5040,110.0,1000.0,SKD11050067,0.0,0.0,,0.0,0.0,,0.0,0.0,,0.0,0.0,
7IR-MY8AA38,1.0,1,SKD6G3527,52.0,1000.0,SKD11035067,0.0,0.0,,0.0,0.0,,0.0,0.0,,0.0,0.0,
7IR-MY9AA30,1.0,1,SKD8B2914,28.0,1000.0,SKD11029082,0.0,0.0,,0.0,0.0,,0.0,0.0,,0.0,0.0,
7IR-MY9AA33,1.0,1,SKD8B2914,28.0,1000.0,SKD11029082,0.0,0.0,,0.0,0.0,,0.0,0.0,,0.0,0.0,
7IR-MY9AA34,1.0,1,SKD8B2914,28.0,1000.0,SKD11029082,0.0,0.0,,0.0,0.0,,0.0,0.0,,0.0,0.0,
7IR-MY9AA36,1.0,1,SKD8B2914,28.0,1000.0,SKD11029082,0.0,0.0,,0.0,0.0,,0.0,0.0,,0.0,0.0,
7MI22-DB1AA30,1.0,1,7MI22-MB1AA30,1.0,1.0,SKD5E2532,38.0,1000.0,SKD11025055,0.0,0.0,,0.0,0.0,,0.0,0.0,
7MI22-DB5AA30,1.0,1,7MI22-MB5AA30,1.0,1.0,SKD6G2522,31.0,1000.0,SKD11025067,0.0,0.0,,0.0,0.0,,0.0,0.0,
7MI22-DY1AA30,1.0,1,7MI22-MY1AA30,1.0,1.0,SKD5E2532,38.0,1000.0,SKD11025055,0.0,0.0,,0.0,0.0,,0.0,0.0,
7MI22-DY2AA33,1.0,1,7MI22-MY2AA33,1.0,1.0,SKD6G2220,26.0,1000.0,SKD11022067,0.0,0.0,,0.0,0.0,,0.0,0.0,
7MI22-MB7AA30,1.0,1,SKD6G2227,33.0,1000.0,SKD11022067,0.0,0.0,,0.0,0.0,,0.0,0.0,,0.0,0.0,
7MI22-MD5AA30,1.0,1,SKD6G2248,59.0,1000.0,SKD11022067,0.0,0.0,,0.0,0.0,,0.0,0.0,,0.0,0.0,
7MI22-MD7BA33,1.0,1,SKD6G2548,66.0,1000.0,SKD11025067,0.0,0.0,,0.0,0.0,,0.0,0.0,,0.0,0.0,
7MI22-MY2AA30,1.0,1,SKD6G2218,24.0,1000.0,SKD11022067,0.0,0.0,,0.0,0.0,,0.0,0.0,,0.0,0.0,
7MI22-MY2BA38,1.0,1,SKD6G2220,26.0,1000.0,SKD11022067,0.0,0.0,,0.0,0.0,,0.0,0.0,,0.0,0.0,
7MI22-MY4AA30,1.0,1,SKD6G2225,31.0,1000.0,SKD11022067,0.0,0.0,,0.0,0.0,,0.0,0.0,,0.0,0.0,
7MI22-MY5CA30,1.0,1,SKD6G2225,31.0,1000.0,SKD11022067,0.0,0.0,,0.0,0.0,,0.0,0.0,,0.0,0.0,
819-511AA30-M1,1.0,1,SKD6G2522,31.0,1000.0,SKD11025067,0.0,0.0,,0.0,0.0,,0.0,0.0,,0.0,0.0,
819-541AA30-M1,1.0,1,SKD6G2598,135.0,1000.0,SKD11025067,0.0,0.0,,0.0,0.0,,0.0,0.0,,0.0,0.0,
8ER-DB3AA30,1.0,1,8ER-MB3AA30,1.0,1.0,SKD6G2220,26.0,1000.0,SKD11022067,0.0,0.0,,0.0,0.0,,0.0,0.0,
8ER-DB4AA30,1.0,1,8ER-MB4AA30,1.0,1.0,SKD6G2220,26.0,1000.0,SKD11022067,0.0,0.0,,0.0,0.0,,0.0,0.0,
8ER-DB7AA30,1.0,1,8ER-MB7AA30,1.0,1.0,SKD8B2930,59.0,1000.0,SKD11029082,0.0,0.0,,0.0,0.0,,0.0,0.0,
8ER-DC1AA30,1.0,1,8ER-MC1AA30,1.0,1.0,SKD8B2140,57.0,1000.0,SKD11021082,0.0,0.0,,0.0,0.0,,0.0,0.0,
8ER-MB3AA36,1.0,1,SKD6G2218,24.0,1000.0,SKD11022067,0.0,0.0,,0.0,0.0,,0.0,0.0,,0.0,0.0,
8ER-MB4AA36,1.0,1,SKD6G1525,21.0,1000.0,SKD11015067,0.0,0.0,,0.0,0.0,,0.0,0.0,,0.0,0.0,
8ER-MC1AA36,1.0,1,SKD7B3050,89.0,1000.0,SKD11030072,0.0,0.0,,0.0,0.0,,0.0,0.0,,0.0,0.0,
8ER-MF3AA30,1.0,1,SKD8B2930,59.0,1000.0,SKD11029082,0.0,0.0,,0.0,0.0,,0.0,0.0,,0.0,0.0,
8ME-MC4AA30,1.0,1,SKD5E2532,38.0,1000.0,SKD11025055,0.0,0.0,,0.0,0.0,,0.0,0.0,,0.0,0.0,
A3-MB1AA30,1.0,1,SKD8E4040,111.0,1000.0,SKD11040085,0.0,0.0,,0.0,0.0,,0.0,0.0,,0.0,0.0,
A3-MB1BA30,1.0,1,SKD8E4040,111.0,1000.0,SKD11040085,0.0,0.0,,0.0,0.0,,0.0,0.0,,0.0,0.0,
A3-MB2AA30,1.0,1,SKD8B4052,140.0,1000.0,SKD11040082,0.0,0.0,,0.0,0.0,,0.0,0.0,,0.0,0.0,
AERGY-MB1AA34,1.0,1,SKD6G2220,26.0,1000.0,SKD11022067,0.0,0.0,,0.0,0.0,,0.0,0.0,,0.0,0.0,
AERGY-MB2AA34,1.0,1,SKD6G7555,227.0,1000.0,SKD11075067,0.0,0.0,,0.0,0.0,,0.0,0.0,,0.0,0.0,
AERGY-MB3AA34,1.0,1,SKD7Z3045,78.0,1000.0,SKD11030070,0.0,0.0,,0.0,0.0,,0.0,0.0,,0.0,0.0,
AERGY-MB3AC34,1.0,1,SKD7B3290,171.0,1000.0,SKD11032072,0.0,0.0,,0.0,0.0,,0.0,0.0,,0.0,0.0,
AERGY-MV2AA34,1.0,1,SKD6G2261,74.0,1000.0,SKD11022067,0.0,0.0,,0.0,0.0,,0.0,0.0,,0.0,0.0,
AERGY-MW1AA34,1.0,1,SKD133828,0.0,0.0,,0.0,0.0,,0.0,0.0,,0.0,0.0,,0.0,0.0,
AERGY-MW1AB34,1.0,1,SKD9Z3530,78.0,1000.0,SKD11035090,0.0,0.0,,0.0,0.0,,0.0,0.0,,0.0,0.0,
AERGY-MW1CA34,1.0,1,SKD9Z3530,78.0,1000.0,SKD11035090,0.0,0.0,,0.0,0.0,,0.0,0.0,,0.0,0.0,
AERGY-MY1AA34,1.0,1,SKD133828,0.0,0.0,,0.0,0.0,,0.0,0.0,,0.0,0.0,,0.0,0.0,
AERGY-MY1AB34,1.0,1,SKD9Z3530,78.0,1000.0,SKD11035090,0.0,0.0,,0.0,0.0,,0.0,0.0,,0.0,0.0,
AERGY-MY1CA34,1.0,1,SKD9Z3530,78.0,1000.0,SKD11035090,0.0,0.0,,0.0,0.0,,0.0,0.0,,0.0,0.0,
AERGY-MY2AA34,1.0,1,SKD6E3540,87.0,1000.0,SKD11035065,0.0,0.0,,0.0,0.0,,0.0,0.0,,0.0,0.0,
AERGY-MY2AB34,1.0,1,SKD6E3540,87.0,1000.0,SKD11035065,0.0,0.0,,0.0,0.0,,0.0,0.0,,0.0,0.0,
AERGY-MY3AA34,1.0,1,SKD6G2261,74.0,1000.0,SKD11022067,0.0,0.0,,0.0,0.0,,0.0,0.0,,0.0,0.0,
AERGY-MY4AA34,1.0,1,SKD6G7565,71.0,1000.0,SKD11075067,0.0,0.0,,0.0,0.0,,0.0,0.0,,0.0,0.0,
AERGY-MY4AB34,1.0,1,SKD6G7565,71.0,1000.0,SKD11075067,0.0,0.0,,0.0,0.0,,0.0,0.0,,0.0,0.0,
AL-DB1AA60,1.0,1,AL-MB1AA60,1.0,1.0,SKD5E2538,45.0,1000.0,SKD11025055,0.0,0.0,,0.0,0.0,,0.0,0.0,
AL-DB3AA60,1.0,1,AL-MB3AA60,1.0,1.0,SKD6G2523,32.0,1000.0,SKD11025067,0.0,0.0,,0.0,0.0,,0.0,0.0,
AL-DB4AA60,1.0,1,AL-MB4AA60,1.0,1.0,SKD6G2523,32.0,1000.0,SKD11025067,0.0,0.0,,0.0,0.0,,0.0,0.0,
AL-DB5AA60,1.0,1,AL-MB5AA60,1.0,1.0,SKD6G2535,49.0,1000.0,SKD11025067,0.0,0.0,,0.0,0.0,,0.0,0.0,
AL-DB6AA60,1.0,1,AL-MB6AA60,1.0,1.0,SKD6G2535,49.0,1000.0,SKD11025067,0.0,0.0,,0.0,0.0,,0.0,0.0,
AL-DC1AA48,1.0,1,AL-MC1AA48,1.0,1.0,SKD5E3034,50.0,1000.0,SKD11030055,0.0,0.0,,0.0,0.0,,0.0,0.0,
AL-DC1AA60,1.0,1,AL-MC1AA60,1.0,1.0,SKD5E2535,41.0,1000.0,SKD11025055,0.0,0.0,,0.0,0.0,,0.0,0.0,
AL-DC2AA48,1.0,1,AL-MC2AA48,1.0,1.0,SKD5E3034,50.0,1000.0,SKD11030055,0.0,0.0,,0.0,0.0,,0.0,0.0,
AL-DC2AA60,1.0,1,AL-MC2AA60,1.0,1.0,SKD5E2532,38.0,1000.0,SKD11025055,0.0,0.0,,0.0,0.0,,0.0,0.0,
AL-DC5AA48,1.0,1,AL-MC5AA48,1.0,1.0,SKD6G2535,49.0,1000.0,SKD11025067,0.0,0.0,,0.0,0.0,,0.0,0.0,
AL-DC5AA60,1.0,1,AL-MC5AA60,1.0,1.0,SKD6G2532,45.0,1000.0,SKD11025067,0.0,0.0,,0.0,0.0,,0.0,0.0,
AL-DC6AA48,1.0,1,AL-MC6AA48,1.0,1.0,SKD6G2532,45.0,1000.0,SKD11025067,0.0,0.0,,0.0,0.0,,0.0,0.0,
AL-DC6AA60,1.0,1,AL-MC6AA60,1.0,1.0,SKD6G2532,45.0,1000.0,SKD11025067,0.0,0.0,,0.0,0.0,,0.0,0.0,
AL-DX1AA60,1.0,1,AL-MX1AA60,1.0,1.0,SKD5E2235,35.0,1000.0,SKD11022055,0.0,0.0,,0.0,0.0,,0.0,0.0,
AL-DX1BA48,1.0,1,AL-MX1BA48,1.0,1.0,SKD5E2235,35.0,1000.0,SKD11022055,0.0,0.0,,0.0,0.0,,0.0,0.0,
AL-DX2AA48,1.0,1,AL-MX2AA48,1.0,1.0,SKD6G2235,43.0,1000.0,SKD11022067,0.0,0.0,,0.0,0.0,,0.0,0.0,
AL-DX2AA60,1.0,1,AL-MX2AA60,1.0,1.0,SKD6G2234,42.0,1000.0,SKD11022067,0.0,0.0,,0.0,0.0,,0.0,0.0,
AL-DY1AA60,1.0,1,AL-MY1AA60,1.0,1.0,SKD5E2545,51.0,1000.0,SKD11025055,0.0,0.0,,0.0,0.0,,0.0,0.0,
AL-DY2AA60,1.0,1,AL-MY2AA60,1.0,1.0,SKD6G2225,31.0,1000.0,SKD11022067,0.0,0.0,,0.0,0.0,,0.0,0.0,
AL-DY3AA60,1.0,1,AL-MY3AA60,1.0,1.0,SKD6G2235,43.0,1000.0,SKD11022067,0.0,0.0,,0.0,0.0,,0.0,0.0,
AL-MB2AA60,1.0,1,SKD5E2538,45.0,1000.0,SKD11025055,0.0,0.0,,0.0,0.0,,0.0,0.0,,0.0,0.0,
AL-MC1MA60,1.0,1,SKD5E2532,38.0,1000.0,SKD11025055,0.0,0.0,,0.0,0.0,,0.0,0.0,,0.0,0.0,
AL-MX1BA60,1.0,1,SKD5E2235,35.0,1000.0,SKD11022055,0.0,0.0,,0.0,0.0,,0.0,0.0,,0.0,0.0,
AL-MX5BA60,1.0,1,SKD6G2234,42.0,1000.0,SKD11022067,0.0,0.0,,0.0,0.0,,0.0,0.0,,0.0,0.0,
BR4-DT114,1.0,1,BR4-MT114,1.0,1.0,SKD6G2524,33.0,1000.0,SKD11025067,0.0,0.0,,0.0,0.0,,0.0,0.0,
BR4-DT118,1.0,1,BR4-MT118,1.0,1.0,SKD6G2524,33.0,1000.0,SKD11025067,0.0,0.0,,0.0,0.0,,0.0,0.0,
BR4-DT124,1.0,1,BR4-MT124,1.0,1.0,SKD6G2524,33.0,1000.0,SKD11025067,0.0,0.0,,0.0,0.0,,0.0,0.0,
BR4-DT134,1.0,1,BR4-MT134,1.0,1.0,SKD6G2524,33.0,1000.0,SKD11025067,0.0,0.0,,0.0,0.0,,0.0,0.0,
CN3-DB130,1.0,1,CN3-MB130,1.0,1.0,SKD6G2535,49.0,1000.0,SKD11025067,0.0,0.0,,0.0,0.0,,0.0,0.0,
CN3-DB138,1.0,1,CN3-MB138,1.0,1.0,SKD6G2535,49.0,1000.0,SKD11025067,0.0,0.0,,0.0,0.0,,0.0,0.0,
CN3-DB2,1.0,1,CN3-MB2,1.0,1.0,SKD6G2250,61.0,1000.0,SKD11022067,0.0,0.0,,0.0,0.0,,0.0,0.0,
CN3-DH316,1.0,1,G5E2060,0.0,0.0,,0.0,0.0,,0.0,0.0,,0.0,0.0,,0.0,0.0,
CN3-DH320,1.0,1,G5E2060,0.0,0.0,,0.0,0.0,,0.0,0.0,,0.0,0.0,,0.0,0.0,
CN4-DY138,1.0,1,CN4-MY138,1.0,1.0,SKD7Z3024,42.0,1000.0,SKD11030070,0.0,0.0,,0.0,0.0,,0.0,0.0,
DF2-DB2C,1.0,1,DF2-MB2C,1.0,1.0,S5F3065,110.0,1000.0,SUJ3030056,0.0,0.0,,0.0,0.0,,0.0,0.0,
DF2-DC130,1.0,1,DF2-MC1,1.0,1.0,SKD5E3070,100.0,1000.0,SKD11030055,0.0,0.0,,0.0,0.0,,0.0,0.0,
DF2-DC230,1.0,1,DF2-MC2,1.0,1.0,SKD5E3064,90.0,1000.0,SKD11030055,0.0,0.0,,0.0,0.0,,0.0,0.0,
DF2-DC326,1.0,1,DF2-MC326,1.0,1.0,SKD5E3035,50.0,1000.0,SKD11030055,0.0,0.0,,0.0,0.0,,0.0,0.0,
DF2-DC330,1.0,1,DF2-MC330,1.0,1.0,SKD5E3038,55.0,1000.0,SKD11030055,0.0,0.0,,0.0,0.0,,0.0,0.0,
DF2-DC426,1.0,1,DF2-MC426,1.0,1.0,SKD5E3050,70.0,1000.0,SKD11030055,0.0,0.0,,0.0,0.0,,0.0,0.0,
DF2-DC6,1.0,1,DF2-MC6,1.0,1.0,SKD5E3095,129.0,1000.0,SKD11030055,0.0,0.0,,0.0,0.0,,0.0,0.0,
DF2-DC7,1.0,1,DF2-MC7,1.0,1.0,SKD5E3092,125.0,1000.0,SKD11030055,0.0,0.0,,0.0,0.0,,0.0,0.0,
DF2-DD117,1.0,1,DF2-MD117,1.0,1.0,SKD5E3048,65.0,1000.0,SKD11030055,0.0,0.0,,0.0,0.0,,0.0,0.0,
DF2-DT1,1.0,1,DF2-MT1,1.0,1.0,S6H2830P,65.0,1000.0,SUJ3038068,0.0,0.0,,0.0,0.0,,0.0,0.0,
DF2-DT2,1.0,1,DF2-MT2,1.0,1.0,S6H3828,75.0,1000.0,SUJ3038068,0.0,0.0,,0.0,0.0,,0.0,0.0,
DF2-DT3,1.0,1,DF2-MT3,1.0,1.0,S6H2830P,65.0,1000.0,SUJ3038068,0.0,0.0,,0.0,0.0,,0.0,0.0,
DF2-DT4,1.0,1,DF2-MT4,1.0,1.0,S6H3228,60.0,1000.0,SUJ3032068,0.0,0.0,,0.0,0.0,,0.0,0.0,
DF2-DT7,1.0,1,DF2-MT7,1.0,1.0,S8E3215,45.0,1000.0,SUJ3032085,0.0,0.0,,0.0,0.0,,0.0,0.0,
DF2-DW4C,1.0,1,DF2-MW4C,1.0,1.0,S6H2520P,50.0,1000.0,SUJ3038068,0.0,0.0,,0.0,0.0,,0.0,0.0,
DF2-DX1B,1.0,1,DF2-MX1B,1.0,1.0,S6H2130P,50.0,1000.0,SUJ3038068,0.0,0.0,,0.0,0.0,,0.0,0.0,
DF2-DY3B,1.0,1,DF2-MY3B,1.0,1.0,S6H3416P,45.0,1000.0,SUJ3038068,0.0,0.0,,0.0,0.0,,0.0,0.0,
DF2-DY8,1.0,1,DF2-MY8,55.0,1000.0,SUJ3032085,0.0,0.0,,0.0,0.0,,0.0,0.0,,0.0,0.0,
DF2-DY9B,1.0,1,DF2-MY9B,1.0,1.0,S6H2520P,50.0,1000.0,SUJ3038068,0.0,0.0,,0.0,0.0,,0.0,0.0,
DF2L-DY1A26,1.0,1,DF2L-MY1A26,1.0,1.0,S6H3828,75.0,1000.0,SUJ3038068,0.0,0.0,,0.0,0.0,,0.0,0.0,
DF2L-MY3,1.0,1,S161630,75.0,1000.0,SUJ3016016,0.0,0.0,,0.0,0.0,,0.0,0.0,,0.0,0.0,
DF2-MY122,1.0,1,S6H3828,75.0,1000.0,SUJ3038068,0.0,0.0,,0.0,0.0,,0.0,0.0,,0.0,0.0,
DF-3501-52011AA30,1.0,1,MA-3501-52011AA30,1.0,1.0,SKD6G2222,27.0,1000.0,SKD11022067,0.0,0.0,,0.0,0.0,,0.0,0.0,
DF-3501-52012AA26,1.0,1,MA-3501-52012AA26,1.0,1.0,SKD8B2944,86.0,1000.0,SKD11029082,0.0,0.0,,0.0,0.0,,0.0,0.0,
DF-3501-52012AA30,1.0,1,MA-3501-52012AA30,1.0,1.0,SKD8B2944,86.0,1000.0,SKD11029082,0.0,0.0,,0.0,0.0,,0.0,0.0,
DF-3501-52012AA34,1.0,1,MA-3501-52012AA34,1.0,1.0,SKD8B2944,86.0,1000.0,SKD11029082,0.0,0.0,,0.0,0.0,,0.0,0.0,
DF-3501-52012AA38,1.0,1,MA-3501-52012AA38,1.0,1.0,SKD8B2948,94.0,1000.0,SKD11029082,0.0,0.0,,0.0,0.0,,0.0,0.0,
DF-3501-52013AA26,1.0,1,MA-3501-52013AA26,1.0,1.0,SKD8B2144,63.0,1000.0,SKD11021082,0.0,0.0,,0.0,0.0,,0.0,0.0,
DF-3501-52013AA30,1.0,1,MA-3501-52013AA30,1.0,1.0,SKD8B2144,63.0,1000.0,SKD11021082,0.0,0.0,,0.0,0.0,,0.0,0.0,
DF-3501-52013AA34,1.0,1,MA-3501-52013AA34,1.0,1.0,SKD8B2144,63.0,1000.0,SKD11021082,0.0,0.0,,0.0,0.0,,0.0,0.0,
DF-3501-52013AA38,1.0,1,MA-3501-52013AA38,1.0,1.0,SKD8B2148,68.0,1000.0,SKD11021082,0.0,0.0,,0.0,0.0,,0.0,0.0,
DF-3501-52014AA30,1.0,1,MA-3501-52014AA30,1.0,1.0,SKD8B2165,92.0,1000.0,SKD11021082,0.0,0.0,,0.0,0.0,,0.0,0.0,
DF-3501-52032AA26,1.0,1,MA-3501-52032AA26,1.0,1.0,SKD8B2960,117.0,1000.0,SKD11029082,0.0,0.0,,0.0,0.0,,0.0,0.0,
DF-3501-62001AA30,1.0,1,MA-3501-62001AA30,1.0,1.0,SKD5G4070,131.0,1000.0,SKD11040057,0.0,0.0,,0.0,0.0,,0.0,0.0,
DF-3501-62001AC36,1.0,1,MA-3501-62001AA30,1.0,1.0,SKD5G4070,131.0,1000.0,SKD11040057,0.0,0.0,,0.0,0.0,,0.0,0.0,
DF-3501-62002AA26,1.0,1,MA-3501-62001AA30,1.0,1.0,SKD5G4070,131.0,1000.0,SKD11040057,0.0,0.0,,0.0,0.0,,0.0,0.0,
DF-3501-62002AA30,1.0,1,MA-3501-62001AA30,1.0,1.0,SKD5G4070,131.0,1000.0,SKD11040057,0.0,0.0,,0.0,0.0,,0.0,0.0,
DF-3501-62002BB30,1.0,1,MA-3501-62002BB30,1.0,1.0,SKD5G4070,131.0,1000.0,SKD11040057,0.0,0.0,,0.0,0.0,,0.0,0.0,
DF-3501-62002BC36,1.0,1,MA-3501-62001AA30,1.0,1.0,SKD5G4070,131.0,1000.0,SKD11040057,0.0,0.0,,0.0,0.0,,0.0,0.0,
DF3-DC030,1.0,1,DF3-MC030,1.0,1.0,SKD8B2944,86.0,1000.0,SKD11029082,0.0,0.0,,0.0,0.0,,0.0,0.0,
DF3-DC1,1.0,1,DF3-MC1,1.0,1.0,SKD8B2148,68.0,1000.0,SKD11021082,0.0,0.0,,0.0,0.0,,0.0,0.0,
DF3-DD114,1.0,1,DF3-MD130,1.0,1.0,SKD6G2795,141.0,1000.0,SKD11027067,0.0,0.0,,0.0,0.0,,0.0,0.0,
DF3-DD118,1.0,1,DF3-MD118,1.0,1.0,SKD6E4092,200.0,1000.0,SKD11040065,0.0,0.0,,0.0,0.0,,0.0,0.0,
DF3-DD121,1.0,1,DF3-MD121,1.0,1.0,SKD6G2795,141.0,1000.0,SKD11027067,0.0,0.0,,0.0,0.0,,0.0,0.0,
DF3-DD124,1.0,1,DF3-MD130,1.0,1.0,SKD6G2795,141.0,1000.0,SKD11027067,0.0,0.0,,0.0,0.0,,0.0,0.0,
DF3-DD126,1.0,1,DF3-MD130,1.0,1.0,SKD6G2795,141.0,1000.0,SKD11027067,0.0,0.0,,0.0,0.0,,0.0,0.0,
DF3-DD130,1.0,1,DF3-MD130,1.0,1.0,SKD6G2795,141.0,1000.0,SKD11027067,0.0,0.0,,0.0,0.0,,0.0,0.0,
DF3-DD330,1.0,1,DF3-MD330,1.0,1.0,SKD6G2250,61.0,1000.0,SKD11022067,0.0,0.0,,0.0,0.0,,0.0,0.0,
DF3-DF1,1.0,1,DF3-MF1,1.0,1.0,SKD135018,0.0,0.0,,0.0,0.0,,0.0,0.0,,0.0,0.0,
DF3D-MB1AB30,1.0,1,SKD135045,0.0,0.0,,0.0,0.0,,0.0,0.0,,0.0,0.0,,0.0,0.0,
DF3D-MB1AC30,1.0,1,SKD105042,0.0,0.0,,0.0,0.0,,0.0,0.0,,0.0,0.0,,0.0,0.0,
DF3D-MB2AB30,1.0,1,SKD105020,0.0,0.0,,0.0,0.0,,0.0,0.0,,0.0,0.0,,0.0,0.0,
DF3D-MB3AB30,1.0,1,SKD105016,0.0,0.0,,0.0,0.0,,0.0,0.0,,0.0,0.0,,0.0,0.0,
DF3D-MB4AC30,1.0,1,SKD105038,0.0,0.0,,0.0,0.0,,0.0,0.0,,0.0,0.0,,0.0,0.0,
DF3-DW3C30,1.0,1,DF3-MW3C30,1.0,1.0,SKD8B2950,98.0,1000.0,SKD11029082,0.0,0.0,,0.0,0.0,,0.0,0.0,
DF3-DW4A30,1.0,1,DF3-MW4A30,1.0,1.0,SKD8B4048,130.0,1000.0,SKD11040082,0.0,0.0,,0.0,0.0,,0.0,0.0,
DF3-DX130,1.0,1,DF3-MX130,1.0,1.0,SKD8B2144,63.0,1000.0,SKD11021082,0.0,0.0,,0.0,0.0,,0.0,0.0,
DF3-DY124,1.0,1,DF3-MY124,1.0,1.0,SKD7Z3026,45.0,1000.0,SKD11030070,0.0,0.0,,0.0,0.0,,0.0,0.0,
DF3-DY130,1.0,1,DF3-MY130,1.0,1.0,SKD7Z3026,45.0,1000.0,SKD11030070,0.0,0.0,,0.0,0.0,,0.0,0.0,
DF3-DY134,1.0,1,DF3-MY134,1.0,1.0,SKD7Z3026,45.0,1000.0,SKD11030070,0.0,0.0,,0.0,0.0,,0.0,0.0,
DF3-DY220,1.0,1,DF3-MY220,1.0,1.0,SKD8B2914,28.0,1000.0,SKD11029082,0.0,0.0,,0.0,0.0,,0.0,0.0,
DF3-DY230,1.0,1,DF3-MY230,1.0,1.0,SKD8B2914,28.0,1000.0,SKD11029082,0.0,0.0,,0.0,0.0,,0.0,0.0,
DF3-DY234,1.0,1,DF3-MY234,1.0,1.0,SKD8B2914,28.0,1000.0,SKD11029082,0.0,0.0,,0.0,0.0,,0.0,0.0,
DF3-DY3B,1.0,1,DF3-MY3B,1.0,1.0,SKD7Z3014,25.0,1000.0,SKD11030070,0.0,0.0,,0.0,0.0,,0.0,0.0,
DF3-DY4K30,1.0,1,DF3-MY4K30,1.0,1.0,SKD8B2940,78.0,1000.0,SKD11029082,0.0,0.0,,0.0,0.0,,0.0,0.0,
DF3-DY4M34,1.0,1,DF3-MY4M34,1.0,1.0,SKD8B2940,78.0,1000.0,SKD11029082,0.0,0.0,,0.0,0.0,,0.0,0.0,
DF3-DY4N20,1.0,1,DF3-MY4N20,1.0,1.0,SKD8B2940,78.0,1000.0,SKD11029082,0.0,0.0,,0.0,0.0,,0.0,0.0,
DF3-DY4N26,1.0,1,DF3-MY4N26,1.0,1.0,SKD8B2940,78.0,1000.0,SKD11029082,0.0,0.0,,0.0,0.0,,0.0,0.0,
DF3-DY4N30,1.0,1,DF3-MY4N30,1.0,1.0,SKD8B2940,78.0,1000.0,SKD11029082,0.0,0.0,,0.0,0.0,,0.0,0.0,
DF3-DY4N34,1.0,1,DF3-MY4N34,1.0,1.0,SKD8B2148,68.0,1000.0,SKD11021082,0.0,0.0,,0.0,0.0,,0.0,0.0,
DF3-DY518,1.0,1,DF3-MY518,1.0,1.0,SKD8B2148,68.0,1000.0,SKD11021082,0.0,0.0,,0.0,0.0,,0.0,0.0,
DF3-DY520,1.0,1,DF3-MY520,1.0,1.0,SKD8B2148,68.0,1000.0,SKD11021082,0.0,0.0,,0.0,0.0,,0.0,0.0,
DF3-DY524,1.0,1,DF3-MY524,1.0,1.0,SKD8B2148,68.0,1000.0,SKD11021082,0.0,0.0,,0.0,0.0,,0.0,0.0,
DF3-DY530,1.0,1,DF3-MY530,1.0,1.0,SKD8B2148,68.0,1000.0,SKD11021082,0.0,0.0,,0.0,0.0,,0.0,0.0,
DF3-DY534,1.0,1,DF3-MY534,1.0,1.0,SKD8B2148,68.0,1000.0,SKD11021082,0.0,0.0,,0.0,0.0,,0.0,0.0,
DF3-DY6D20,1.0,1,DF3-MY6D20,1.0,1.0,SKD8B4040,108.0,1000.0,SKD11040082,0.0,0.0,,0.0,0.0,,0.0,0.0,
DF3-DY6G34,1.0,1,DF3-MY6G34,1.0,1.0,SKD8B4040,108.0,1000.0,SKD11040082,0.0,0.0,,0.0,0.0,,0.0,0.0,
DF3-DY6H24,1.0,1,DF3-MY6D24,1.0,1.0,SKD8B4040,108.0,1000.0,SKD11040082,0.0,0.0,,0.0,0.0,,0.0,0.0,
DF3-DY6H34,1.0,1,DF3-MY6G34,1.0,1.0,SKD8B4040,108.0,1000.0,SKD11040082,0.0,0.0,,0.0,0.0,,0.0,0.0,
DF3-DY720,1.0,1,DF3-MY720,1.0,1.0,SKD8B2940,78.0,1000.0,SKD11029082,0.0,0.0,,0.0,0.0,,0.0,0.0,
DF3-DY730,1.0,1,DF3-MY730,1.0,1.0,SKD8B2940,78.0,1000.0,SKD11029082,0.0,0.0,,0.0,0.0,,0.0,0.0,
DF3-DY734,1.0,1,DF3-MY734,1.0,1.0,SKD8B2940,78.0,1000.0,SKD11029082,0.0,0.0,,0.0,0.0,,0.0,0.0,
DF3-DY818,1.0,1,DF3-MY818,1.0,1.0,SKD8B2948,94.0,1000.0,SKD11029082,0.0,0.0,,0.0,0.0,,0.0,0.0,
DF3-DY820,1.0,1,DF3-MY820,1.0,1.0,SKD8B2948,94.0,1000.0,SKD11029082,0.0,0.0,,0.0,0.0,,0.0,0.0,
DF3-DY830,1.0,1,DF3-MY830,1.0,1.0,SKD8B2950,98.0,1000.0,SKD11029082,0.0,0.0,,0.0,0.0,,0.0,0.0,
DF3-DY834,1.0,1,DF3-MY834,1.0,1.0,SKD8B2948,94.0,1000.0,SKD11029082,0.0,0.0,,0.0,0.0,,0.0,0.0,
DF3-DY920,1.0,1,DF3-MY920,1.0,1.0,SKD8B2940,78.0,1000.0,SKD11029082,0.0,0.0,,0.0,0.0,,0.0,0.0,
DF3-DY930,1.0,1,DF3-MY930,1.0,1.0,SKD8B2940,78.0,1000.0,SKD11029082,0.0,0.0,,0.0,0.0,,0.0,0.0,
DF3-MB1C26,1.0,1,SKD6E3590,175.0,1000.0,SKD11035065,0.0,0.0,,0.0,0.0,,0.0,0.0,,0.0,0.0,
DF3-MB2AB30,1.0,1,SKD135021,0.0,0.0,,0.0,0.0,,0.0,0.0,,0.0,0.0,,0.0,0.0,
DF3-MD3B30,1.0,1,SKD6G2250,61.0,1000.0,SKD11022067,0.0,0.0,,0.0,0.0,,0.0,0.0,,0.0,0.0,
DF3-MD3B34,1.0,1,SKD6G2250,61.0,1000.0,SKD11022067,0.0,0.0,,0.0,0.0,,0.0,0.0,,0.0,0.0,
DF3-MW434,1.0,1,SKD8B4048,130.0,1000.0,SKD11040082,0.0,0.0,,0.0,0.0,,0.0,0.0,,0.0,0.0,
DF3-MX030,1.0,1,SKD8B2944,86.0,1000.0,SKD11029082,0.0,0.0,,0.0,0.0,,0.0,0.0,,0.0,0.0,
DF3-MX034,1.0,1,SKD8B2944,86.0,1000.0,SKD11029082,0.0,0.0,,0.0,0.0,,0.0,0.0,,0.0,0.0,
DF3-MX0AA30,1.0,1,SKD8B2944,86.0,1000.0,SKD11029082,0.0,0.0,,0.0,0.0,,0.0,0.0,,0.0,0.0,
DF3-MX134,1.0,1,SKD8B2144,63.0,1000.0,SKD11021082,0.0,0.0,,0.0,0.0,,0.0,0.0,,0.0,0.0,
DF3-MX1AA38,1.0,1,SKD8B2144,63.0,1000.0,SKD11021082,0.0,0.0,,0.0,0.0,,0.0,0.0,,0.0,0.0,
DF3-MY120,1.0,1,SKD7Z3026,45.0,1000.0,SKD11030070,0.0,0.0,,0.0,0.0,,0.0,0.0,,0.0,0.0,
DF3-MY1FA30,1.0,1,SKD7Z3026,45.0,1000.0,SKD11030070,0.0,0.0,,0.0,0.0,,0.0,0.0,,0.0,0.0,
DF3-MY4PA30,1.0,1,SKD8B2940,78.0,1000.0,SKD11029082,0.0,0.0,,0.0,0.0,,0.0,0.0,,0.0,0.0,
DF3-MY526,1.0,1,SKD8B2148,68.0,1000.0,SKD11021082,0.0,0.0,,0.0,0.0,,0.0,0.0,,0.0,0.0,
DF3-MY5AA38,1.0,1,SKD8B2148,68.0,1000.0,SKD11021082,0.0,0.0,,0.0,0.0,,0.0,0.0,,0.0,0.0,
DF3-MY6JA30,1.0,1,SKD8B4040,108.0,1000.0,SKD11040082,0.0,0.0,,0.0,0.0,,0.0,0.0,,0.0,0.0,
DF3-MY6JA34,1.0,1,SKD8B4040,108.0,1000.0,SKD11040082,0.0,0.0,,0.0,0.0,,0.0,0.0,,0.0,0.0,
DF3-MY6LA30,1.0,1,SKD8B4040,108.0,1000.0,SKD11040082,0.0,0.0,,0.0,0.0,,0.0,0.0,,0.0,0.0,
DF3-MY726,1.0,1,SKD8B2940,78.0,1000.0,SKD11029082,0.0,0.0,,0.0,0.0,,0.0,0.0,,0.0,0.0,
DF3-MY7AA30,1.0,1,SKD8B2940,78.0,1000.0,SKD11029082,0.0,0.0,,0.0,0.0,,0.0,0.0,,0.0,0.0,
DF3-MY7AA34,1.0,1,SKD8B2940,78.0,1000.0,SKD11029082,0.0,0.0,,0.0,0.0,,0.0,0.0,,0.0,0.0,
DF3-MY934,1.0,1,SKD8B2940,78.0,1000.0,SKD11029082,0.0,0.0,,0.0,0.0,,0.0,0.0,,0.0,0.0,
DF3-MY9AA38,1.0,1,SKD8B2940,78.0,1000.0,SKD11029082,0.0,0.0,,0.0,0.0,,0.0,0.0,,0.0,0.0,
DF3R-DY1AA34,1.0,1,DF3R-MY1AA34,1.0,1.0,SKD7Z3026,45.0,1000.0,SKD11030070,0.0,0.0,,0.0,0.0,,0.0,0.0,
DF3R-DY2AA34,1.0,1,DF3R-MY2AA34,1.0,1.0,SKD8B2914,28.0,1000.0,SKD11029082,0.0,0.0,,0.0,0.0,,0.0,0.0,
DF3R-DY3BA,1.0,1,DF3R-MY3BA,1.0,1.0,SKD7Z3014,25.0,1000.0,SKD11030070,0.0,0.0,,0.0,0.0,,0.0,0.0,
DF3R-DY4AA34,1.0,1,DF3R-MY4AA34,1.0,1.0,SKD8B2940,78.0,1000.0,SKD11029082,0.0,0.0,,0.0,0.0,,0.0,0.0,
DF3R-DY5AA34,1.0,1,DF3R-MY5AA34,1.0,1.0,SKD8B2148,68.0,1000.0,SKD11021082,0.0,0.0,,0.0,0.0,,0.0,0.0,
DF3R-DY6AA34,1.0,1,DF3R-MY6AA34,1.0,1.0,SKD8B4040,108.0,1000.0,SKD11040082,0.0,0.0,,0.0,0.0,,0.0,0.0,
DF3R-DY6BA34,1.0,1,DF3R-MY6AA34,1.0,1.0,SKD8B4040,108.0,1000.0,SKD11040082,0.0,0.0,,0.0,0.0,,0.0,0.0,
DFFY6-MB1AA34,1.0,1,SKD105056,0.0,0.0,,0.0,0.0,,0.0,0.0,,0.0,0.0,,0.0,0.0,
DFFY6-MB4AA34,1.0,1,SKD105021,0.0,0.0,,0.0,0.0,,0.0,0.0,,0.0,0.0,,0.0,0.0,
DFFY6-MB5AA34,1.0,1,SKD105043,0.0,0.0,,0.0,0.0,,0.0,0.0,,0.0,0.0,,0.0,0.0,
DFFY6-MY1AA34,1.0,1,SKD6G2524,33.0,1000.0,SKD11025067,0.0,0.0,,0.0,0.0,,0.0,0.0,,0.0,0.0,
DFFY6-MY2AA34,1.0,1,SKD8B2938,75.0,1000.0,SKD11029082,0.0,0.0,,0.0,0.0,,0.0,0.0,,0.0,0.0,
DFFY6-MY3AA34,1.0,1,SKD7Z3024,42.0,1000.0,SKD11030070,0.0,0.0,,0.0,0.0,,0.0,0.0,,0.0,0.0,
DFFY6-MY4AA34,1.0,1,SKD8B2930,59.0,1000.0,SKD11029082,0.0,0.0,,0.0,0.0,,0.0,0.0,,0.0,0.0,
DFFY6-MY5AA34,1.0,1,SKD8B2955,108.0,1000.0,SKD11029082,0.0,0.0,,0.0,0.0,,0.0,0.0,,0.0,0.0,
DFFY6-MY6AA34,1.0,1,SKD8B2955,108.0,1000.0,SKD11029082,0.0,0.0,,0.0,0.0,,0.0,0.0,,0.0,0.0,
DFK3.2-MB1AA30,1.0,1,SKD9Z3545,117.0,1000.0,SKD11035090,0.0,0.0,,0.0,0.0,,0.0,0.0,,0.0,0.0,
DFK3.2-MB3AA30,1.0,1,SKD9Z3555,143.0,1000.0,SKD11035090,0.0,0.0,,0.0,0.0,,0.0,0.0,,0.0,0.0,
DFK3.2-MT6BA30,1.0,1,SKD8E4030,84.0,1000.0,SKD11040085,0.0,0.0,,0.0,0.0,,0.0,0.0,,0.0,0.0,
DFK3.2-MY6BA30,1.0,1,SKD8E4030,84.0,1000.0,SKD11040085,0.0,0.0,,0.0,0.0,,0.0,0.0,,0.0,0.0,
DF-SPL-1123A,1.0,1,MU-SPL-1123A,1.0,1.0,SKD7Z3040,69.0,1000.0,SKD11030070,0.0,0.0,,0.0,0.0,,0.0,0.0,
DF-SPL-1125C,1.0,1,MA-SPL-1125C,1.0,1.0,SKD8B2960,117.0,1000.0,SKD11029082,0.0,0.0,,0.0,0.0,,0.0,0.0,
DF-SPL-1211C,1.0,1,S6H4772,220.0,1000.0,SUJ3047068-H,0.0,0.0,,0.0,0.0,,0.0,0.0,,0.0,0.0,
DF-SPL-1211D,1.0,1,S6H3260,130.0,1000.0,SUJ3032068,0.0,0.0,,0.0,0.0,,0.0,0.0,,0.0,0.0,
DF-SPL-1211E,1.0,1,S6H3260,130.0,1000.0,SUJ3032068,0.0,0.0,,0.0,0.0,,0.0,0.0,,0.0,0.0,
DF-SPL-1211F,1.0,1,S6H3260,130.0,1000.0,SUJ3032068,0.0,0.0,,0.0,0.0,,0.0,0.0,,0.0,0.0,
DF-SPL-1681RA30,1.0,1,MA-SPL-1681RA30,1.0,1.0,SKD8B2155,78.0,1000.0,SKD11021082,0.0,0.0,,0.0,0.0,,0.0,0.0,
DF-SPL-1681TA30,1.0,1,MA-SPL-1681TA30,1.0,1.0,SKD5E2532,38.0,1000.0,SKD11025055,0.0,0.0,,0.0,0.0,,0.0,0.0,
DF-SPL-1681UA30,1.0,1,MA-SPL-1681UA30,1.0,1.0,SKD6G2535,49.0,1000.0,SKD11025067,0.0,0.0,,0.0,0.0,,0.0,0.0,
DF-SPL-1681VA30,1.0,1,MA-SPL-1681VA30,1.0,1.0,SKD6G2520,28.0,1000.0,SKD11025067,0.0,0.0,,0.0,0.0,,0.0,0.0,
DF-SPL-1681XA30,1.0,1,MA-SPL-1681XA30,1.0,1.0,SKD6G2560,83.0,1000.0,SKD11025067,0.0,0.0,,0.0,0.0,,0.0,0.0,
DF-SPL-948A,1.0,1,MA-SPL-948A,1.0,1.0,SKD6G2737,54.0,1000.0,SKD11027067,0.0,0.0,,0.0,0.0,,0.0,0.0,
DFY6-MB1AA30,1.0,1,SKD6E4065,139.0,1000.0,SKD11040065,0.0,0.0,,0.0,0.0,,0.0,0.0,,0.0,0.0,
DFY6-MB2AA30,1.0,1,SKD6E4065,139.0,1000.0,SKD11040065,0.0,0.0,,0.0,0.0,,0.0,0.0,,0.0,0.0,
DFY6-MY1AA30,1.0,1,SKD7Z3032,56.0,1000.0,SKD11030070,0.0,0.0,,0.0,0.0,,0.0,0.0,,0.0,0.0,
DFY6-MY2AA30,1.0,1,SKD6G2522,31.0,1000.0,SKD11025067,0.0,0.0,,0.0,0.0,,0.0,0.0,,0.0,0.0,
DFY6-MY3AA30,1.0,1,SKD8B2940,78.0,1000.0,SKD11029082,0.0,0.0,,0.0,0.0,,0.0,0.0,,0.0,0.0,
DFY6-MY4AA30,1.0,1,SKD7Z3065,112.0,1000.0,SKD11030070,0.0,0.0,,0.0,0.0,,0.0,0.0,,0.0,0.0,
DFY6-MY5AA30,1.0,1,SKD7Z3027,47.0,1000.0,SKD11030070,0.0,0.0,,0.0,0.0,,0.0,0.0,,0.0,0.0,
DFY6-MY6AA30,1.0,1,SKD9Z3530,78.0,1000.0,SKD11035090,0.0,0.0,,0.0,0.0,,0.0,0.0,,0.0,0.0,
DFY6-MY7AA30,1.0,1,SKD6G2726,39.0,1000.0,SKD11027067,0.0,0.0,,0.0,0.0,,0.0,0.0,,0.0,0.0,
DFY6-MY8AA30,1.0,1,SKD8B2165,92.0,1000.0,SKD11021082,0.0,0.0,,0.0,0.0,,0.0,0.0,,0.0,0.0,
DFY6-MY9AA30,1.0,1,SKD8B2160,85.0,1000.0,SKD11021082,0.0,0.0,,0.0,0.0,,0.0,0.0,,0.0,0.0,
DFY-DB230,1.0,1,DFY-MB230,1.0,1.0,SKD5E3060,85.0,1000.0,SKD11030055,0.0,0.0,,0.0,0.0,,0.0,0.0,
DFY-DB3B26,1.0,1,DFY-MB3B26,1.0,1.0,SKD5E3070,100.0,1000.0,SKD11030055,0.0,0.0,,0.0,0.0,,0.0,0.0,
DFY-DT230,1.0,1,DFY-MT230,1.0,1.0,SKD7Z3027,47.0,1000.0,SKD11030070,0.0,0.0,,0.0,0.0,,0.0,0.0,
DFY-DT3C30,1.0,1,DFY-MT3C30,1.0,1.0,SKD6G3527,52.0,1000.0,SKD11035067,0.0,0.0,,0.0,0.0,,0.0,0.0,
DFY-DW230,1.0,1,DFY-MW230,1.0,1.0,SKD6G3532,62.0,1000.0,SKD11035067,0.0,0.0,,0.0,0.0,,0.0,0.0,
DFY-DX126,1.0,1,DFY-MX126,1.0,1.0,SKD7Z3060,104.0,1000.0,SKD11030070,0.0,0.0,,0.0,0.0,,0.0,0.0,
DFY-DX130,1.0,1,DFY-MX130,1.0,1.0,SKD7Z3055,95.0,1000.0,SKD11030070,0.0,0.0,,0.0,0.0,,0.0,0.0,
DFY-DY126,1.0,1,DFY-MY126,1.0,1.0,SKD6G3535,68.0,1000.0,SKD11035067,0.0,0.0,,0.0,0.0,,0.0,0.0,
DFY-DY130,1.0,1,DFY-MY130,1.0,1.0,SKD7Z3032,56.0,1000.0,SKD11030070,0.0,0.0,,0.0,0.0,,0.0,0.0,
DFY-DY1C26,1.0,1,SKD6G3535,68.0,1000.0,SKD11035067,0.0,0.0,,0.0,0.0,,0.0,0.0,,0.0,0.0,
DFY-DY2,1.0,1,DFY-MY2,1.0,1.0,SKD6G2522,31.0,1000.0,SKD11025067,0.0,0.0,,0.0,0.0,,0.0,0.0,
DFY-DY3,1.0,1,DFY-MY3,1.0,1.0,SKD7Z3026,45.0,1000.0,SKD11030070,0.0,0.0,,0.0,0.0,,0.0,0.0,
DFY-DY326,1.0,1,DFY-MY326,1.0,1.0,SKD7Z3037,64.0,1000.0,SKD11030070,0.0,0.0,,0.0,0.0,,0.0,0.0,
DFY-DY334,1.0,1,DFY-MY334,1.0,1.0,SKD7B3235,67.0,1000.0,SKD11032072,0.0,0.0,,0.0,0.0,,0.0,0.0,
DFY-DY4,1.0,1,DFY-MY4,1.0,1.0,SKD7Z3054,93.0,1000.0,SKD11030070,0.0,0.0,,0.0,0.0,,0.0,0.0,
DFY-DY426,1.0,1,DFY-MY426,1.0,1.0,SKD7Z3060,104.0,1000.0,SKD11030070,0.0,0.0,,0.0,0.0,,0.0,0.0,
DFY-DY5,1.0,1,DFY-MY5,1.0,1.0,SKD7Z3026,45.0,1000.0,SKD11030070,0.0,0.0,,0.0,0.0,,0.0,0.0,
DFY-DY526,1.0,1,DFY-MY526,1.0,1.0,SKD6G3535,68.0,1000.0,SKD11035067,0.0,0.0,,0.0,0.0,,0.0,0.0,
DFY-DY6A26,1.0,1,DFY-MY6A26,1.0,1.0,SKD8E4035,98.0,1000.0,SKD11040085,0.0,0.0,,0.0,0.0,,0.0,0.0,
DFY-DY6A30,1.0,1,DFY-MY6A30,1.0,1.0,SKD8E4030,84.0,1000.0,SKD11040085,0.0,0.0,,0.0,0.0,,0.0,0.0,
DFY-DY6A34,1.0,1,DFY-MY6A34,1.0,1.0,SKD8E4030,84.0,1000.0,SKD11040085,0.0,0.0,,0.0,0.0,,0.0,0.0,
DFY-DY6B26,1.0,1,DFY-MY6B26,1.0,1.0,SKD8E4035,98.0,1000.0,SKD11040085,0.0,0.0,,0.0,0.0,,0.0,0.0,
DFY-DY6C26,1.0,1,DFY-MY6C26,1.0,1.0,SKD8E4035,98.0,1000.0,SKD11040085,0.0,0.0,,0.0,0.0,,0.0,0.0,
DFY-DY6C34,1.0,1,DFY-MY6C34,1.0,1.0,SKD8E4030,84.0,1000.0,SKD11040085,0.0,0.0,,0.0,0.0,,0.0,0.0,
DFY-DY726,1.0,1,DFY-MY726,1.0,1.0,SKD6G3532,62.0,1000.0,SKD11035067,0.0,0.0,,0.0,0.0,,0.0,0.0,
DFY-DY730,1.0,1,DFY-MY730,1.0,1.0,SKD6G2729,44.0,1000.0,SKD11027067,0.0,0.0,,0.0,0.0,,0.0,0.0,
DFY-DY826,1.0,1,DFY-MY826,1.0,1.0,SKD8B2160,85.0,1000.0,SKD11021082,0.0,0.0,,0.0,0.0,,0.0,0.0,
DFY-DY830,1.0,1,DFY-MY830,1.0,1.0,SKD8B2155,78.0,1000.0,SKD11021082,0.0,0.0,,0.0,0.0,,0.0,0.0,
DFY-MB130,1.0,1,SKD5E3060,85.0,1000.0,SKD11030055,0.0,0.0,,0.0,0.0,,0.0,0.0,,0.0,0.0,
DFY-MB1AA30,1.0,1,SKD5E3070,100.0,1000.0,SKD11030055,0.0,0.0,,0.0,0.0,,0.0,0.0,,0.0,0.0,
DFY-MB1AA36,1.0,1,SKD5E3070,100.0,1000.0,SKD11030055,0.0,0.0,,0.0,0.0,,0.0,0.0,,0.0,0.0,
DFY-MB2AA36,1.0,1,SKD5E3070,100.0,1000.0,SKD11030055,0.0,0.0,,0.0,0.0,,0.0,0.0,,0.0,0.0,
DFY-MB2B34,1.0,1,SKD5E3064,90.0,1000.0,SKD11030055,0.0,0.0,,0.0,0.0,,0.0,0.0,,0.0,0.0,
DFY-MY134,1.0,1,SKD7Z3035,61.0,1000.0,SKD11030070,0.0,0.0,,0.0,0.0,,0.0,0.0,,0.0,0.0,
DFY-MY1AA36,1.0,1,SKD6E3340,71.0,1000.0,SKD11033065,0.0,0.0,,0.0,0.0,,0.0,0.0,,0.0,0.0,
DFY-MY230,1.0,1,SKD6G2522,31.0,1000.0,SKD11025067,0.0,0.0,,0.0,0.0,,0.0,0.0,,0.0,0.0,
DFY-MY2AA36,1.0,1,SKD6G2723,35.0,1000.0,SKD11027067,0.0,0.0,,0.0,0.0,,0.0,0.0,,0.0,0.0,
DFY-MY3AA36,1.0,1,SKD7B3038,68.0,1000.0,SKD11030072,0.0,0.0,,0.0,0.0,,0.0,0.0,,0.0,0.0,
DFY-MY434,1.0,1,SKD7B3260,114.0,1000.0,SKD11032072,0.0,0.0,,0.0,0.0,,0.0,0.0,,0.0,0.0,
DFY-MY4AA36,1.0,1,SKD7Z3065,112.0,1000.0,SKD11030070,0.0,0.0,,0.0,0.0,,0.0,0.0,,0.0,0.0,
DFY-MY534,1.0,1,SKD7Z3030,52.0,1000.0,SKD11030070,0.0,0.0,,0.0,0.0,,0.0,0.0,,0.0,0.0,
DFY-MY5AA36,1.0,1,SKD6E3336,64.0,1000.0,SKD11033065,0.0,0.0,,0.0,0.0,,0.0,0.0,,0.0,0.0,
DFY-MY6AA36,1.0,1,SKD8B4040,108.0,1000.0,SKD11040082,0.0,0.0,,0.0,0.0,,0.0,0.0,,0.0,0.0,
DFY-MY6C30,1.0,1,SKD8E4030,84.0,1000.0,SKD11040085,0.0,0.0,,0.0,0.0,,0.0,0.0,,0.0,0.0,
DFY-MY6CA36,1.0,1,SKD8B4040,108.0,1000.0,SKD11040082,0.0,0.0,,0.0,0.0,,0.0,0.0,,0.0,0.0,
DFY-MY734,1.0,1,SKD6G2729,44.0,1000.0,SKD11027067,0.0,0.0,,0.0,0.0,,0.0,0.0,,0.0,0.0,
DFY-MY7AA36,1.0,1,SKD6E3336,64.0,1000.0,SKD11033065,0.0,0.0,,0.0,0.0,,0.0,0.0,,0.0,0.0,
DFY-MY834,1.0,1,SKD8B2160,85.0,1000.0,SKD11021082,0.0,0.0,,0.0,0.0,,0.0,0.0,,0.0,0.0,
DFY-MY8AA36,1.0,1,SKD8B2165,92.0,1000.0,SKD11021082,0.0,0.0,,0.0,0.0,,0.0,0.0,,0.0,0.0,
DSP-MB1AA30,1.0,1,SKD8E4048,134.0,1000.0,SKD11040085,0.0,0.0,,0.0,0.0,,0.0,0.0,,0.0,0.0,
DSP-MB1AA44,1.0,1,SKD105040,0.0,0.0,,0.0,0.0,,0.0,0.0,,0.0,0.0,,0.0,0.0,
DSP-MB2AA26,1.0,1,SKD9Z3545,117.0,1000.0,SKD11035090,0.0,0.0,,0.0,0.0,,0.0,0.0,,0.0,0.0,
DSP-MC1AA30,1.0,1,SKD9Z3545,117.0,1000.0,SKD11035090,0.0,0.0,,0.0,0.0,,0.0,0.0,,0.0,0.0,
DSP-MC2AA30,1.0,1,SKD8E5040,140.0,1000.0,SKD11050085,0.0,0.0,,0.0,0.0,,0.0,0.0,,0.0,0.0,
DSP-MY1AA30,1.0,1,SKD6G2720,30.0,1000.0,SKD11027067,0.0,0.0,,0.0,0.0,,0.0,0.0,,0.0,0.0,
DSP-MY2AA26,1.0,1,SKD7B3240,76.0,1000.0,SKD11032072,0.0,0.0,,0.0,0.0,,0.0,0.0,,0.0,0.0,
DSP-MY2AA30,1.0,1,SKD7Z3040,69.0,1000.0,SKD11030070,0.0,0.0,,0.0,0.0,,0.0,0.0,,0.0,0.0,
DSP-MY2AA44,1.0,1,SKD7Z3040,69.0,1000.0,SKD11030070,0.0,0.0,,0.0,0.0,,0.0,0.0,,0.0,0.0,
E3.2RE-MY1AA30,1.0,1,SKD6G4730,78.0,1000.0,SKD11047067,0.0,0.0,,0.0,0.0,,0.0,0.0,,0.0,0.0,
E3.2RE-MY1AA30-KYOSHIN,1.0,1,SKD6G4730,78.0,1000.0,SKD11047067,0.0,0.0,,0.0,0.0,,0.0,0.0,,0.0,0.0,
E3.2RE-MY1AA30-TEMP,1.0,1,SKD6G4730,78.0,1000.0,SKD11047067,0.0,0.0,,0.0,0.0,,0.0,0.0,,0.0,0.0,
E3.2RE-MY1AA30-TEMP-MITU,1.0,1,SKD6G4730,78.0,1000.0,SKD11047067,0.0,0.0,,0.0,0.0,,0.0,0.0,,0.0,0.0,
E3.2RE-MY1AA30-XDF,1.0,1,SKD6G4730,78.0,1000.0,SKD11047067,0.0,0.0,,0.0,0.0,,0.0,0.0,,0.0,0.0,
E3.2RE-MY1AA30-XDF-MITU,1.0,1,SKD6G4730,78.0,1000.0,SKD11047067,0.0,0.0,,0.0,0.0,,0.0,0.0,,0.0,0.0,
E3.2RE-MY2BA30,1.0,1,SKD6G4730,78.0,1000.0,SKD11047067,0.0,0.0,,0.0,0.0,,0.0,0.0,,0.0,0.0,
E3.2RE-MY2BA30-TEMP,1.0,1,SKD6G4730,78.0,1000.0,SKD11047067,0.0,0.0,,0.0,0.0,,0.0,0.0,,0.0,0.0,
E3.2RE-MY2BA30-TEMP-MITU,1.0,1,SKD6G4730,78.0,1000.0,SKD11047067,0.0,0.0,,0.0,0.0,,0.0,0.0,,0.0,0.0,
ER11-MB1AA42,1.0,1,SKD6G3517,33.0,1000.0,SKD11035067,0.0,0.0,,0.0,0.0,,0.0,0.0,,0.0,0.0,
ER11-MB2AA42,1.0,1,SKD6G3517,33.0,1000.0,SKD11035067,0.0,0.0,,0.0,0.0,,0.0,0.0,,0.0,0.0,
ER11-MB3AA34,1.0,1,SKD6E4030,64.0,1000.0,SKD11040065,0.0,0.0,,0.0,0.0,,0.0,0.0,,0.0,0.0,
ER11-MB3AA40,1.0,1,SKD6E4030,64.0,1000.0,SKD11040065,0.0,0.0,,0.0,0.0,,0.0,0.0,,0.0,0.0,
ER11-MB3AA42,1.0,1,SKD6E4032,69.0,1000.0,SKD11040065,0.0,0.0,,0.0,0.0,,0.0,0.0,,0.0,0.0,
ER11-MB4AA40,1.0,1,SKD6E3530,56.0,1000.0,SKD11035067,0.0,0.0,,0.0,0.0,,0.0,0.0,,0.0,0.0,
ER11-MB4AA42,1.0,1,SKD6E3530,56.0,1000.0,SKD11035067,0.0,0.0,,0.0,0.0,,0.0,0.0,,0.0,0.0,
ER11-MB5AA40,1.0,1,SKD6E3545,87.0,1000.0,SKD11035065,0.0,0.0,,0.0,0.0,,0.0,0.0,,0.0,0.0,
ER11-MB5AA42,1.0,1,SKD6E3560,117.0,1000.0,SKD11035065,0.0,0.0,,0.0,0.0,,0.0,0.0,,0.0,0.0,
ER11-MB6AA40,1.0,1,SKD6E3543,87.0,1000.0,SKD11035065,0.0,0.0,,0.0,0.0,,0.0,0.0,,0.0,0.0,
ER11-MB6AA42,1.0,1,SKD6E3543,87.0,1000.0,SKD11035065,0.0,0.0,,0.0,0.0,,0.0,0.0,,0.0,0.0,
ER11-MX5CA36,1.0,1,SKD6G2548,66.0,1000.0,SKD11025067,0.0,0.0,,0.0,0.0,,0.0,0.0,,0.0,0.0,
ER11-MY1AA34,1.0,1,SKD5E2548,55.0,1000.0,SKD11025055,0.0,0.0,,0.0,0.0,,0.0,0.0,,0.0,0.0,
ER11-MY1AA36,1.0,1,SKD5E2548,55.0,1000.0,SKD11025055,0.0,0.0,,0.0,0.0,,0.0,0.0,,0.0,0.0,
ER11-MY1AA40,1.0,1,SKD5E2548,55.0,1000.0,SKD11025055,0.0,0.0,,0.0,0.0,,0.0,0.0,,0.0,0.0,
ER11-MY1AA42,1.0,1,SKD5E2550,57.0,1000.0,SKD11025055,0.0,0.0,,0.0,0.0,,0.0,0.0,,0.0,0.0,
ER11-MY2AA34,1.0,1,SKD6G2545,62.0,1000.0,SKD11025067,0.0,0.0,,0.0,0.0,,0.0,0.0,,0.0,0.0,
ER11-MY2AA36,1.0,1,SKD6G2545,62.0,1000.0,SKD11025067,0.0,0.0,,0.0,0.0,,0.0,0.0,,0.0,0.0,
ER11-MY2AA40,1.0,1,SKD6G2548,66.0,1000.0,SKD11025067,0.0,0.0,,0.0,0.0,,0.0,0.0,,0.0,0.0,
ER11-MY2AA42,1.0,1,SKD6G2550,69.0,1000.0,SKD11025067,0.0,0.0,,0.0,0.0,,0.0,0.0,,0.0,0.0,
FDRLSP-MB1AA26,1.0,1,SKD6G2720,30.0,1000.0,SKD11027067,0.0,0.0,,0.0,0.0,,0.0,0.0,,0.0,0.0,
FDRLSP-MB2AA26,1.0,1,SKD6G2720,30.0,1000.0,SKD11027067,0.0,0.0,,0.0,0.0,,0.0,0.0,,0.0,0.0,
FDRLSP-MB5AA26,1.0,1,SKD6G2550,69.0,1000.0,SKD11025067,0.0,0.0,,0.0,0.0,,0.0,0.0,,0.0,0.0,
FDRLSP-MY2AA26,1.0,1,SKD6G2732,48.0,1000.0,SKD11027067,0.0,0.0,,0.0,0.0,,0.0,0.0,,0.0,0.0,
FDRLSP-MY3AA26,1.0,1,SKD6G2753,79.0,1000.0,SKD11027067,0.0,0.0,,0.0,0.0,,0.0,0.0,,0.0,0.0,
FDRM-MB1AA26,1.0,1,SKD6G2530,42.0,1000.0,SKD11025067,0.0,0.0,,0.0,0.0,,0.0,0.0,,0.0,0.0,
FDRM-MY1AA26,1.0,1,SKD5E2532,38.0,1000.0,SKD11025055,0.0,0.0,,0.0,0.0,,0.0,0.0,,0.0,0.0,
FL2-DW130,1.0,1,FL2-MW130,1.0,1.0,SKD7Z3025,44.0,1000.0,SKD11030070,0.0,0.0,,0.0,0.0,,0.0,0.0,
FL2-DY2,1.0,1,FL2-MY2,1.0,1.0,SKD6G2525,35.0,1000.0,SKD11025067,0.0,0.0,,0.0,0.0,,0.0,0.0,
FL2-DY3,1.0,1,FL2-MY3,1.0,1.0,SKD6G2220,26.0,1000.0,SKD11022067,0.0,0.0,,0.0,0.0,,0.0,0.0,
FL2-DY6,1.0,1,FL2-MY6,1.0,1.0,SKD6G2224,30.0,1000.0,SKD11022067,0.0,0.0,,0.0,0.0,,0.0,0.0,
FL4-DC02AA30,1.0,1,FL4-MC02AA30,1.0,1.0,SKD8E5048,168.0,1000.0,SKD11050085,0.0,0.0,,0.0,0.0,,0.0,0.0,
FL4-DX12BB30,1.0,1,FL4-MX12BB30,1.0,1.0,SKD6G2525,35.0,1000.0,SKD11025067,0.0,0.0,,0.0,0.0,,0.0,0.0,
FL4-DX14BB30,1.0,1,FL4-MX14BB30,1.0,1.0,SKD6G2545,62.0,1000.0,SKD11025067,0.0,0.0,,0.0,0.0,,0.0,0.0,
FL4-MX11AA,1.0,1,SKD6G2520,28.0,1000.0,SKD11025067,0.0,0.0,,0.0,0.0,,0.0,0.0,,0.0,0.0,
FL4-MX14AA30,1.0,1,SKD6G2545,62.0,1000.0,SKD11025067,0.0,0.0,,0.0,0.0,,0.0,0.0,,0.0,0.0,
FL4-MX14AA38,1.0,1,SKD6G2545,62.0,1000.0,SKD11025067,0.0,0.0,,0.0,0.0,,0.0,0.0,,0.0,0.0,
FLD-DB1,1.0,1,FLD-MB1,1.0,1.0,SKD5E3555,98.0,1000.0,SKD11035055,0.0,0.0,,0.0,0.0,,0.0,0.0,
FLD-DS1,1.0,1,FLD-MS1,1.0,1.0,SKD6G2726,39.0,1000.0,SKD11027067,0.0,0.0,,0.0,0.0,,0.0,0.0,
FLD-DS2,1.0,1,FLD-MS2,1.0,1.0,SKD7Z3020,35.0,1000.0,SKD11030070,0.0,0.0,,0.0,0.0,,0.0,0.0,
FLD-DY1,1.0,1,FLD-MY1,1.0,1.0,SKD6G2720,30.0,1000.0,SKD11027067,0.0,0.0,,0.0,0.0,,0.0,0.0,
FLD-DY1W,1.0,1,FLD-MY1W,1.0,1.0,SKD6G2720,30.0,1000.0,SKD11027067,0.0,0.0,,0.0,0.0,,0.0,0.0,
FLD-DY2,1.0,1,FLD-MY2,1.0,1.0,SKD7Z3025,44.0,1000.0,SKD11030070,0.0,0.0,,0.0,0.0,,0.0,0.0,
FLD-DY4,1.0,1,FLD-MY4,1.0,1.0,SKD7B3245,85.0,1000.0,SKD11032072,0.0,0.0,,0.0,0.0,,0.0,0.0,
FLD-DY4W,1.0,1,FLD-MY4W,1.0,1.0,SKD7B3245,85.0,1000.0,SKD11032072,0.0,0.0,,0.0,0.0,,0.0,0.0,
FLD-MB1AA52,1.0,1,SKD105054,0.0,0.0,,0.0,0.0,,0.0,0.0,,0.0,0.0,,0.0,0.0,
FLD-MB238,1.0,1,SKD5E3555,98.0,1000.0,SKD11035055,0.0,0.0,,0.0,0.0,,0.0,0.0,,0.0,0.0,
FLD-MB2AA30,1.0,1,SKD5E3555,98.0,1000.0,SKD11035055,0.0,0.0,,0.0,0.0,,0.0,0.0,,0.0,0.0,
FLD-MS5AA,1.0,1,SKD6G2726,39.0,1000.0,SKD11027067,0.0,0.0,,0.0,0.0,,0.0,0.0,,0.0,0.0,
FLP-DB1,1.0,1,FLP-MB1,1.0,1.0,SKD5E3050,70.0,1000.0,SKD11030055,0.0,0.0,,0.0,0.0,,0.0,0.0,
FLP-DB136,1.0,1,FLP-MB136,1.0,1.0,SKD5E3060,85.0,1000.0,SKD11030055,0.0,0.0,,0.0,0.0,,0.0,0.0,
FLP-DB6,1.0,1,FLP-MB6,1.0,1.0,SKD5E2545,51.0,1000.0,SKD11025055,0.0,0.0,,0.0,0.0,,0.0,0.0,
FLP-DB636,1.0,1,FLP-MB636,1.0,1.0,SKD5E2245,45.0,1000.0,SKD11022055,0.0,0.0,,0.0,0.0,,0.0,0.0,
FLP-DY1C,1.0,1,FLP-MY1C,1.0,1.0,SKD6G2729,44.0,1000.0,SKD11027067,0.0,0.0,,0.0,0.0,,0.0,0.0,
FLP-DY1CW,1.0,1,FLP-MY1CW,1.0,1.0,SKD6G2727,41.0,1000.0,SKD11027067,0.0,0.0,,0.0,0.0,,0.0,0.0,
FLP-DY2C,1.0,1,FLP-MY2C,1.0,1.0,SKD6G3515,29.0,1000.0,SKD11035067,0.0,0.0,,0.0,0.0,,0.0,0.0,
FLP-DY2C38,1.0,1,FLP-MY2C38,1.0,1.0,SKD6G3515,29.0,1000.0,SKD11035067,0.0,0.0,,0.0,0.0,,0.0,0.0,
FLP-DY6C,1.0,1,FLP-MY1C,1.0,1.0,SKD6G2729,44.0,1000.0,SKD11027067,0.0,0.0,,0.0,0.0,,0.0,0.0,
FLPJ2-DB2A30,1.0,1,FLPJ2-MB2A30,1.0,1.0,S6H2630P,55.0,1000.0,SUJ3038068,0.0,0.0,,0.0,0.0,,0.0,0.0,
FLPJ2-DB4A30,1.0,1,FLPJ2-MB4A30,1.0,1.0,SKD6G1556,62.0,1000.0,SKD11015067,0.0,0.0,,0.0,0.0,,0.0,0.0,
FLPJ2-DC1A30,1.0,1,FLPJ2-MC1A30,1.0,1.0,SKD6E3515,19.0,1000.0,SKD11035065,0.0,0.0,,0.0,0.0,,0.0,0.0,
FLPJ2-DC2A30,1.0,1,FLPJ2-MC2A30,1.0,1.0,SKD6G2723,35.0,1000.0,SKD11027067,0.0,0.0,,0.0,0.0,,0.0,0.0,
FLPJ2-DY1A30,1.0,1,FLPJ2-MY1A30,1.0,1.0,SKD6G2745,67.0,1000.0,SKD11027067,0.0,0.0,,0.0,0.0,,0.0,0.0,
FLPJ2-DY2A30,1.0,1,FLPJ2-MY2A30,1.0,1.0,SKD6G2745,67.0,1000.0,SKD11027067,0.0,0.0,,0.0,0.0,,0.0,0.0,
FLPJ2-DY3A30,1.0,1,FLPJ2-MY3A30,1.0,1.0,SKD6G2745,67.0,1000.0,SKD11027067,0.0,0.0,,0.0,0.0,,0.0,0.0,
FLPJV-DB5AA26,1.0,1,FLPJ2V-MB1AA26,0.0,0.0,,0.0,0.0,,0.0,0.0,,0.0,0.0,,0.0,0.0,
FLPJV-DB6AA26,1.0,1,FLPJV-MB2AA26,1.0,1.0,S6H3828,75.0,1000.0,SUJ3038068,0.0,0.0,,0.0,0.0,,0.0,0.0,
FLPJV-DY1AA26,1.0,1,FLPJV-MY1AA26,1.0,1.0,S6H3828,75.0,1000.0,SUJ3038068,0.0,0.0,,0.0,0.0,,0.0,0.0,
FLPJV-DY2AA26,1.0,1,FLPJV-MY2AA26,1.0,1.0,S6H3828,75.0,1000.0,SUJ3038068,0.0,0.0,,0.0,0.0,,0.0,0.0,
FLPJV-DY3AA26,1.0,1,FLPJV-MY3AA26,1.0,1.0,S6H3828,75.0,1000.0,SUJ3038068,0.0,0.0,,0.0,0.0,,0.0,0.0,
FLP-MX1CW,1.0,1,S6H3828,75.0,1000.0,SUJ3038068,0.0,0.0,,0.0,0.0,,0.0,0.0,,0.0,0.0,
FLRSCL-DB1AA22,1.0,1,FLRSCL-MB1AA22,1.0,1.0,SKD6G2522,31.0,1000.0,SKD11025067,0.0,0.0,,0.0,0.0,,0.0,0.0,
FLRSCL-DB2AA22,1.0,1,FLRSCL-MB2AA22,1.0,1.0,SKD6G2520,28.0,1000.0,SKD11025067,0.0,0.0,,0.0,0.0,,0.0,0.0,
F-LRSCL-DB3AA22,1.0,1,F-LRSCL-MB3AA22,1.0,1.0,SKD6G2532,45.0,1000.0,SKD11025067,0.0,0.0,,0.0,0.0,,0.0,0.0,
F-LRSCL-DB4AA22,1.0,1,F-LRSCL-MB4AA22,1.0,1.0,SKD6G2732,48.0,1000.0,SKD11027067,0.0,0.0,,0.0,0.0,,0.0,0.0,
F-LRSCL-DY2AA22,1.0,1,F-LRSCL-MY2AA22,1.0,1.0,SKD6G2532,45.0,1000.0,SKD11025067,0.0,0.0,,0.0,0.0,,0.0,0.0,
FQW-DB1AA22,1.0,1,FQW-MB1AA22,1.0,1.0,SKD8E5018,63.0,1000.0,SKD11050085,0.0,0.0,,0.0,0.0,,0.0,0.0,
FQW-DY1AA22,1.0,1,FQW-MY1AA22,1.0,1.0,SKD6G4725,65.0,1000.0,SKD11047067,0.0,0.0,,0.0,0.0,,0.0,0.0,
FQW-DY2AA22,1.0,1,FQW-MY2AA22,1.0,1.0,SKD6G4730,78.0,1000.0,SKD11047067,0.0,0.0,,0.0,0.0,,0.0,0.0,
FQW-DY3AA22,1.0,1,FQW-MY3AA22,1.0,1.0,SKD6G4735,91.0,1000.0,SKD11047067,0.0,0.0,,0.0,0.0,,0.0,0.0,
FQW-DY4AA22,1.0,1,FQW-MY4AA22,1.0,1.0,SKD6G2230,36.0,1000.0,SKD11022067,0.0,0.0,,0.0,0.0,,0.0,0.0,
FQW-DY5AA22,1.0,1,FQW-MY5AA22,1.0,1.0,SKD7Z3015,26.0,1000.0,SKD11030070,0.0,0.0,,0.0,0.0,,0.0,0.0,
FQW-DY5AA23,1.0,1,FQW-MY5AA23,1.0,1.0,SKD7Z3020,35.0,1000.0,SKD11030070,0.0,0.0,,0.0,0.0,,0.0,0.0,
FQW-MB2AA22,1.0,1,SKD8E5030,105.0,1000.0,SKD11050085,0.0,0.0,,0.0,0.0,,0.0,0.0,,0.0,0.0,
FQW-MB4AA22,1.0,1,SKD8E5018,63.0,1000.0,SKD11050085,0.0,0.0,,0.0,0.0,,0.0,0.0,,0.0,0.0,
FSKD5E2232,32.0,1000,SKD11022055,0.0,0.0,,0.0,0.0,,0.0,0.0,,0.0,0.0,,0.0,0.0,
FSKD5E2233,33.0,1000,SKD11022055,0.0,0.0,,0.0,0.0,,0.0,0.0,,0.0,0.0,,0.0,0.0,
FSKD5E2235,35.0,1000,SKD11022055,0.0,0.0,,0.0,0.0,,0.0,0.0,,0.0,0.0,,0.0,0.0,
FSKD5E2533,38.0,1000,SKD11025055,0.0,0.0,,0.0,0.0,,0.0,0.0,,0.0,0.0,,0.0,0.0,
FSKD5E2548,55.0,1000,SKD11025055,0.0,0.0,,0.0,0.0,,0.0,0.0,,0.0,0.0,,0.0,0.0,
FSKD5Z1232,15.0,1000,SKD11012050,0.0,0.0,,0.0,0.0,,0.0,0.0,,0.0,0.0,,0.0,0.0,
FSKD5Z1236,26.0,1000,SKD11012050,0.0,0.0,,0.0,0.0,,0.0,0.0,,0.0,0.0,,0.0,0.0,
FSKD5Z1252,26.0,1000,SKD11012050,0.0,0.0,,0.0,0.0,,0.0,0.0,,0.0,0.0,,0.0,0.0,
FSKD6E3330,53.0,1000,SKD11033065,0.0,0.0,,0.0,0.0,,0.0,0.0,,0.0,0.0,,0.0,0.0,
FSKD6E3350,88.0,1000,SKD11033065,0.0,0.0,,0.0,0.0,,0.0,0.0,,0.0,0.0,,0.0,0.0,
FSKD6E3375,132.0,1000,SKD11033065,0.0,0.0,,0.0,0.0,,0.0,0.0,,0.0,0.0,,0.0,0.0,
FSKD6E3535,66.0,1000,SKD11035065,0.0,0.0,,0.0,0.0,,0.0,0.0,,0.0,0.0,,0.0,0.0,
FSKD6E4045,96.0,1000,SKD11040065,0.0,0.0,,0.0,0.0,,0.0,0.0,,0.0,0.0,,0.0,0.0,
FSKD6G1522,19.0,1000,SKD11015067,0.0,0.0,,0.0,0.0,,0.0,0.0,,0.0,0.0,,0.0,0.0,
FSKD6G1525,21.0,1000,SKD11015067,0.0,0.0,,0.0,0.0,,0.0,0.0,,0.0,0.0,,0.0,0.0,
FSKD6G2218,22.0,1000,SKD11022067,0.0,0.0,,0.0,0.0,,0.0,0.0,,0.0,0.0,,0.0,0.0,
FSKD6G2232,39.0,1000,SKD11022067,0.0,0.0,,0.0,0.0,,0.0,0.0,,0.0,0.0,,0.0,0.0,
FSKD6G2234,42.0,1000,SKD11022067,0.0,0.0,,0.0,0.0,,0.0,0.0,,0.0,0.0,,0.0,0.0,
FSKD6G2285,103.0,1000,SKD11022067,0.0,0.0,,0.0,0.0,,0.0,0.0,,0.0,0.0,,0.0,0.0,
FSKD6G2520,28.0,1000,SKD11025067,0.0,0.0,,0.0,0.0,,0.0,0.0,,0.0,0.0,,0.0,0.0,
FSKD6G2526,36.0,1000,SKD11025067,0.0,0.0,,0.0,0.0,,0.0,0.0,,0.0,0.0,,0.0,0.0,
FSKD6G2527,38.0,1000,SKD11025067,0.0,0.0,,0.0,0.0,,0.0,0.0,,0.0,0.0,,0.0,0.0,
FSKD6G2532,44.0,1000,SKD11025067,0.0,0.0,,0.0,0.0,,0.0,0.0,,0.0,0.0,,0.0,0.0,
FSKD6G2534,47.0,1000,SKD11025067,0.0,0.0,,0.0,0.0,,0.0,0.0,,0.0,0.0,,0.0,0.0,
FSKD6G2535,49.0,1000,SKD11025067,0.0,0.0,,0.0,0.0,,0.0,0.0,,0.0,0.0,,0.0,0.0,
FSKD6G2545,62.0,1000,SKD11025067,0.0,0.0,,0.0,0.0,,0.0,0.0,,0.0,0.0,,0.0,0.0,
FSKD6G2720,30.0,1000,SKD11027067,0.0,0.0,,0.0,0.0,,0.0,0.0,,0.0,0.0,,0.0,0.0,
FSKD6G2727,41.0,1000,SKD11027067,0.0,0.0,,0.0,0.0,,0.0,0.0,,0.0,0.0,,0.0,0.0,
FSKD6G2729,43.0,1000,SKD11027067,0.0,0.0,,0.0,0.0,,0.0,0.0,,0.0,0.0,,0.0,0.0,
FSKD6G2761,91.0,1000,SKD11027067,0.0,0.0,,0.0,0.0,,0.0,0.0,,0.0,0.0,,0.0,0.0,
FSKD6G4752,135.0,1000,SKD11047067,0.0,0.0,,0.0,0.0,,0.0,0.0,,0.0,0.0,,0.0,0.0,
FSKD6Z1836,32.0,1000,SKD11018060,0.0,0.0,,0.0,0.0,,0.0,0.0,,0.0,0.0,,0.0,0.0,
FSKD7B3032,57.0,1000,SKD11030072,0.0,0.0,,0.0,0.0,,0.0,0.0,,0.0,0.0,,0.0,0.0,
FSKD7B3232,61.0,1000,SKD11032072,0.0,0.0,,0.0,0.0,,0.0,0.0,,0.0,0.0,,0.0,0.0,
FSKD7B3235,67.0,1000,SKD11032072,0.0,0.0,,0.0,0.0,,0.0,0.0,,0.0,0.0,,0.0,0.0,
FSKD7B3250,95.0,1000,SKD11032072,0.0,0.0,,0.0,0.0,,0.0,0.0,,0.0,0.0,,0.0,0.0,
FSKD7B3254,103.0,1000,SKD11032072,0.0,0.0,,0.0,0.0,,0.0,0.0,,0.0,0.0,,0.0,0.0,
FSKD8B2132,46.0,1000,SKD11021082,0.0,0.0,,0.0,0.0,,0.0,0.0,,0.0,0.0,,0.0,0.0,
FSKD8B2135,50.0,1000,SKD11021082,0.0,0.0,,0.0,0.0,,0.0,0.0,,0.0,0.0,,0.0,0.0,
FSKD8B2136,51.0,1000,SKD11021082,0.0,0.0,,0.0,0.0,,0.0,0.0,,0.0,0.0,,0.0,0.0,
FSKD8B2140,57.0,1000,SKD11021082,0.0,0.0,,0.0,0.0,,0.0,0.0,,0.0,0.0,,0.0,0.0,
FSKD8B2144,63.0,1000,SKD11021082,0.0,0.0,,0.0,0.0,,0.0,0.0,,0.0,0.0,,0.0,0.0,
FSKD8B2925,49.0,1000,SKD11029082,0.0,0.0,,0.0,0.0,,0.0,0.0,,0.0,0.0,,0.0,0.0,
FSKD8B2932,63.0,1000,SKD11029082,0.0,0.0,,0.0,0.0,,0.0,0.0,,0.0,0.0,,0.0,0.0,
FSKD8B2938,75.0,1000,SKD11029082,0.0,0.0,,0.0,0.0,,0.0,0.0,,0.0,0.0,,0.0,0.0,
FSKD8B2944,86.0,1000,SKD11029082,0.0,0.0,,0.0,0.0,,0.0,0.0,,0.0,0.0,,0.0,0.0,
FSKD8B2946,90.0,1000,SKD11029082,0.0,0.0,,0.0,0.0,,0.0,0.0,,0.0,0.0,,0.0,0.0,
FSKD8B2955,108.0,1000,SKD11029082,0.0,0.0,,0.0,0.0,,0.0,0.0,,0.0,0.0,,0.0,0.0,
FSKD8B4040,108.0,1000,SKD11040082,0.0,0.0,,0.0,0.0,,0.0,0.0,,0.0,0.0,,0.0,0.0,
FSKD8B4048,130.0,1000,SKD11040082,0.0,0.0,,0.0,0.0,,0.0,0.0,,0.0,0.0,,0.0,0.0,
FSKD8E3038,77.0,1000,SKD11030085,0.0,0.0,,0.0,0.0,,0.0,0.0,,0.0,0.0,,0.0,0.0,
FSKD8E5030,105.0,1000,SKD11030085,0.0,0.0,,0.0,0.0,,0.0,0.0,,0.0,0.0,,0.0,0.0,
FW2-DX0,1.0,1,FW2-MX0,1.0,1.0,S6H4316P,60.0,1000.0,SUJ3047068-H,0.0,0.0,,0.0,0.0,,0.0,0.0,
FW2-DX0B,1.0,1,FW2-MX0B,1.0,1.0,S6H4316P,60.0,1000.0,SUJ3047068-H,0.0,0.0,,0.0,0.0,,0.0,0.0,
FW-DX0B,1.0,1,FW-MX0B,1.0,1.0,S6H4316P,60.0,1000.0,SUJ3047068-H,0.0,0.0,,0.0,0.0,,0.0,0.0,
FW-DX3,1.0,1,FW-MX3,1.0,1.0,S6H2055P,85.0,1000.0,SUJ3047068-H,0.0,0.0,,0.0,0.0,,0.0,0.0,
FW-DX4,1.0,1,FW-MX4,1.0,1.0,S6H2520P,50.0,1000.0,SUJ3038068,0.0,0.0,,0.0,0.0,,0.0,0.0,
FW-DY5W,1.0,1,FW-MY5W,1.0,1.0,S6H2520P,50.0,1000.0,SUJ3038068,0.0,0.0,,0.0,0.0,,0.0,0.0,
FW-DY6W,1.0,1,FW-MY6W,1.0,1.0,S6H2315P,30.0,1000.0,SUJ3032068,0.0,0.0,,0.0,0.0,,0.0,0.0,
FY3-MY1AA34,1.0,1,SKD5E2532,38.0,1000.0,SKD11025055,0.0,0.0,,0.0,0.0,,0.0,0.0,,0.0,0.0,
FY3-MY2AA34,1.0,1,SKD6G2526,36.0,1000.0,SKD11025067,0.0,0.0,,0.0,0.0,,0.0,0.0,,0.0,0.0,
FY3-MY2AA36,1.0,1,SKD6G2526,36.0,1000.0,SKD11025067,0.0,0.0,,0.0,0.0,,0.0,0.0,,0.0,0.0,
FY3-MY4AA34,1.0,1,SKD6G2548,66.0,1000.0,SKD11025067,0.0,0.0,,0.0,0.0,,0.0,0.0,,0.0,0.0,
FY3-MY4AA36,1.0,1,SKD6G2548,66.0,1000.0,SKD11025067,0.0,0.0,,0.0,0.0,,0.0,0.0,,0.0,0.0,
FY6RD4-MB2AA34,1.0,1,SKD6G2745,67.0,1000.0,SKD11027067,0.0,0.0,,0.0,0.0,,0.0,0.0,,0.0,0.0,
FY6RD4-MB2AB34,1.0,1,SKD6G2745,67.0,1000.0,SKD11027067,0.0,0.0,,0.0,0.0,,0.0,0.0,,0.0,0.0,
FY6RD4-MB3AA34,1.0,1,SKD6G2560,83.0,1000.0,SKD11025067,0.0,0.0,,0.0,0.0,,0.0,0.0,,0.0,0.0,
FY6RD4-MB4AA34,1.0,1,SKD6G1590,75.0,1000.0,SKD11015067,0.0,0.0,,0.0,0.0,,0.0,0.0,,0.0,0.0,
FY6RD4-MB4BA34,1.0,1,SKD6G1552,58.0,1000.0,SKD11015067,0.0,0.0,,0.0,0.0,,0.0,0.0,,0.0,0.0,
FY6RD4-MY1AA34,1.0,1,SKD6E3325,44.0,1000.0,SKD11033065,0.0,0.0,,0.0,0.0,,0.0,0.0,,0.0,0.0,
FY6RD4-MY2AA34,1.0,1,SKD6E4054,116.0,1000.0,SKD11040065,0.0,0.0,,0.0,0.0,,0.0,0.0,,0.0,0.0,
FY6RD4-MY2AB34,1.0,1,SKD6E4054,116.0,1000.0,SKD11040065,0.0,0.0,,0.0,0.0,,0.0,0.0,,0.0,0.0,
FY6RD4-MY2AC34,1.0,1,SKD6E4054,116.0,1000.0,SKD11040065,0.0,0.0,,0.0,0.0,,0.0,0.0,,0.0,0.0,
FY6RD4-MZ5AA34,1.0,1,SKD131360,0.0,0.0,,0.0,0.0,,0.0,0.0,,0.0,0.0,,0.0,0.0,
FY6RD4-MZ5AB34,1.0,1,SKD131360,0.0,0.0,,0.0,0.0,,0.0,0.0,,0.0,0.0,,0.0,0.0,
GLRS2-DB1SA20,1.0,1,GLRS2-MB1SA20,1.0,1.0,SKD6G2545,62.0,1000.0,SKD11025067,0.0,0.0,,0.0,0.0,,0.0,0.0,
GLRS2-DB3AA20,1.0,1,GLRS2-MB3AA20,1.0,1.0,SKD6G2227,33.0,1000.0,SKD11022067,0.0,0.0,,0.0,0.0,,0.0,0.0,
GLRS2-DB4AA20,1.0,1,GLRS2-MB4AA20,1.0,1.0,SKD6G2227,33.0,1000.0,SKD11022067,0.0,0.0,,0.0,0.0,,0.0,0.0,
GLRS2-DB5AA20,1.0,1,GLRS2-MB5AA20,1.0,1.0,SKD6G2227,33.0,1000.0,SKD11022067,0.0,0.0,,0.0,0.0,,0.0,0.0,
GLRS2-DB7AA20,1.0,1,GLRS2-MB7AA20,1.0,1.0,SKD6G2250,61.0,1000.0,SKD11022067,0.0,0.0,,0.0,0.0,,0.0,0.0,
GLRS2-DY1AA11,1.0,1,GLRS2-MY1AA11,1.0,1.0,SKD5E3045,61.0,1000.0,SKD11030055,0.0,0.0,,0.0,0.0,,0.0,0.0,
GLRS2-DY1AA12,1.0,1,GLRS2-MY1AA12,1.0,1.0,SKD5E3045,61.0,1000.0,SKD11030055,0.0,0.0,,0.0,0.0,,0.0,0.0,
GLRS2-DY1AA13,1.0,1,GLRS2-MY1AA13,1.0,1.0,SKD5E3045,61.0,1000.0,SKD11030055,0.0,0.0,,0.0,0.0,,0.0,0.0,
GLRS2-DY1AA15,1.0,1,GLRS2-MY1AA15,1.0,1.0,SKD5E3045,61.0,1000.0,SKD11030055,0.0,0.0,,0.0,0.0,,0.0,0.0,
GLRS2-DY1AA18,1.0,1,GLRS2-MY1AA18,1.0,1.0,SKD5E3045,61.0,1000.0,SKD11030055,0.0,0.0,,0.0,0.0,,0.0,0.0,
GLRS2-DY1AA20,1.0,1,GLRS2-MY1AA20,1.0,1.0,SKD5E3045,61.0,1000.0,SKD11030055,0.0,0.0,,0.0,0.0,,0.0,0.0,
GLRS2-DY1AA22,1.0,1,GLRS2-MY1AA22,1.0,1.0,SKD5E3045,61.0,1000.0,SKD11030055,0.0,0.0,,0.0,0.0,,0.0,0.0,
GLRS2-DY1AA26,1.0,1,GLRS2-MY1AA26,1.0,1.0,SKD5E3045,61.0,1000.0,SKD11030055,0.0,0.0,,0.0,0.0,,0.0,0.0,
GLRS2-DY2AA10,1.0,1,GLRS2-MY2AA10,1.0,1.0,SKD6G2545,62.0,1000.0,SKD11025067,0.0,0.0,,0.0,0.0,,0.0,0.0,
GLRS2-DY2AA11,1.0,1,GLRS2-MY2AA11,1.0,1.0,SKD6G2545,62.0,1000.0,SKD11025067,0.0,0.0,,0.0,0.0,,0.0,0.0,
GLRS2-DY2AA12,1.0,1,GLRS2-MY2AA12,1.0,1.0,SKD6G2545,62.0,1000.0,SKD11025067,0.0,0.0,,0.0,0.0,,0.0,0.0,
GLRS2-DY2AA13,1.0,1,GLRS2-MY2AA13,1.0,1.0,SKD6G2545,62.0,1000.0,SKD11025067,0.0,0.0,,0.0,0.0,,0.0,0.0,
GLRS2-DY2AA15,1.0,1,GLRS2-MY2AA15,1.0,1.0,SKD6G2545,62.0,1000.0,SKD11025067,0.0,0.0,,0.0,0.0,,0.0,0.0,
GLRS2-DY2AA18,1.0,1,GLRS2-MY2AA18,1.0,1.0,SKD6G2545,62.0,1000.0,SKD11025067,0.0,0.0,,0.0,0.0,,0.0,0.0,
GLRS2-DY2AA20,1.0,1,GLRS2-MY2AA20,1.0,1.0,SKD6G2545,62.0,1000.0,SKD11025067,0.0,0.0,,0.0,0.0,,0.0,0.0,
GLRS2-DY2AA22,1.0,1,GLRS2-MY2AA22,1.0,1.0,SKD6G2545,62.0,1000.0,SKD11025067,0.0,0.0,,0.0,0.0,,0.0,0.0,
GLRS2-DY2AA26,1.0,1,GLRS2-MY2AA26,1.0,1.0,SKD6G2545,62.0,1000.0,SKD11025067,0.0,0.0,,0.0,0.0,,0.0,0.0,
GLRS2L-DY1AA15,1.0,1,GLRS2L-MY1AA15,0.0,0.0,,0.0,0.0,,0.0,0.0,,0.0,0.0,,0.0,0.0,
GLRS2L-DY1AA18,1.0,1,GLRS2L-MY1AA18,0.0,0.0,,0.0,0.0,,0.0,0.0,,0.0,0.0,,0.0,0.0,
GLRS2L-DY1AA20,1.0,1,GLRS2L-MY1AA20,0.0,0.0,,0.0,0.0,,0.0,0.0,,0.0,0.0,,0.0,0.0,
GLRS2-MB8AA20,1.0,1,SKD6G2248,59.0,1000.0,SKD11022067,0.0,0.0,,0.0,0.0,,0.0,0.0,,0.0,0.0,
GLRS2-MY1AA10,1.0,1,SKD5E2545,51.0,1000.0,SKD11025055,0.0,0.0,,0.0,0.0,,0.0,0.0,,0.0,0.0,
GLRS2-MY1AA8,1.0,1,SKD5E3050,70.0,1000.0,SKD11030055,0.0,0.0,,0.0,0.0,,0.0,0.0,,0.0,0.0,
GLRS2-MY2AA8,1.0,1,SKD6G2548,66.0,1000.0,SKD11025067,0.0,0.0,,0.0,0.0,,0.0,0.0,,0.0,0.0,
GLRS-DB1AA18,1.0,1,GLRS-MB1AA18,1.0,1.0,SKD6G2520,28.0,1000.0,SKD11025067,0.0,0.0,,0.0,0.0,,0.0,0.0,
GLRS-DB1AA20,1.0,1,GLRS-MB1AA20,1.0,1.0,SKD6G2520,28.0,1000.0,SKD11025067,0.0,0.0,,0.0,0.0,,0.0,0.0,
GLRS-DB1AA22,1.0,1,GLRS-MB1AA22,1.0,1.0,SKD6G2518,24.0,1000.0,SKD11025067,0.0,0.0,,0.0,0.0,,0.0,0.0,
GLRS-DB1AA24,1.0,1,GLRS-MB1AA24,1.0,1.0,SKD6G2520,28.0,1000.0,SKD11025067,0.0,0.0,,0.0,0.0,,0.0,0.0,
GLRS-DB2AA20,1.0,1,GLRS-MB2AA20,1.0,1.0,SKD6G2520,28.0,1000.0,SKD11025067,0.0,0.0,,0.0,0.0,,0.0,0.0,
GLRS-DB5AA26,1.0,1,GLRS-MB3AA26,1.0,1.0,SKD6G2538,53.0,1000.0,SKD11025067,0.0,0.0,,0.0,0.0,,0.0,0.0,
GLRS-DB6AA16,1.0,1,GLRS-MB4AA26,1.0,1.0,SKD6E3536,83.0,1000.0,SKD11035065,0.0,0.0,,0.0,0.0,,0.0,0.0,
GLRS-DB6AA26,1.0,1,GLRS-MB4AA26,1.0,1.0,SKD6E3536,83.0,1000.0,SKD11035065,0.0,0.0,,0.0,0.0,,0.0,0.0,
GLRS-DB7AA18,1.0,1,SKD6G2520,28.0,1000.0,SKD11025067,0.0,0.0,,0.0,0.0,,0.0,0.0,,0.0,0.0,
GLRS-DB9AA18,1.0,1,GLRS-DB3AA26,1.0,1.0,GLRS-MB3AA26,1.0,1.0,SKD6G2538,53.0,1000.0,SKD11025067,0.0,0.0,,0.0,0.0,
GLRS-DC0AA18,1.0,1,GLRS-DB4AA26,1.0,1.0,GLRS-MB4AA26,1.0,1.0,SKD6E3536,83.0,1000.0,SKD11035065,0.0,0.0,,0.0,0.0,
GLRS-DC1AA18,1.0,1,GLRS-MB1AA18,1.0,1.0,SKD6G2520,28.0,1000.0,SKD11025067,0.0,0.0,,0.0,0.0,,0.0,0.0,
GLRS-DC2AA18,1.0,1,GLRS-DB2AA18,1.0,1.0,GLRS-MB2AA18,1.0,1.0,SKD6G2520,28.0,1000.0,SKD11025067,0.0,0.0,,0.0,0.0,
GLRS-DC3AA26,1.0,1,GLRS-MC3AA26,1.0,1.0,SKD6G3555,106.0,1000.0,SKD11035067,0.0,0.0,,0.0,0.0,,0.0,0.0,
GLRS-DC4AA26,1.0,1,GLRS-MC4AA26,1.0,1.0,SKD6G3555,106.0,1000.0,SKD11035067,0.0,0.0,,0.0,0.0,,0.0,0.0,
GLRS-DE7AA,1.0,1,G3Z2045,0.0,0.0,,0.0,0.0,,0.0,0.0,,0.0,0.0,,0.0,0.0,
GLRS-DX3AA16,1.0,1,GLRS-MX3AA16,1.0,1.0,SKD6G2526,36.0,1000.0,SKD11025067,0.0,0.0,,0.0,0.0,,0.0,0.0,
GLRS-DX3AA18,1.0,1,GLRS-MX3AA16,1.0,1.0,SKD6G2526,36.0,1000.0,SKD11025067,0.0,0.0,,0.0,0.0,,0.0,0.0,
GLRS-DX4AA15,1.0,1,GLRS-MY2AA15,1.0,1.0,SKD6G2535,49.0,1000.0,SKD11025067,0.0,0.0,,0.0,0.0,,0.0,0.0,
GLRS-DX4AA16,1.0,1,GLRS-MY2AA16,1.0,1.0,SKD6G2535,49.0,1000.0,SKD11025067,0.0,0.0,,0.0,0.0,,0.0,0.0,
GLRS-DX4AA18,1.0,1,GLRS-MY2AA18,1.0,1.0,SKD6G2538,53.0,1000.0,SKD11025067,0.0,0.0,,0.0,0.0,,0.0,0.0,
GLRS-DX4AA19,1.0,1,GLRS-MY2AA19,1.0,1.0,SKD6G2532,45.0,1000.0,SKD11025067,0.0,0.0,,0.0,0.0,,0.0,0.0,
GLRS-DX4AA21,1.0,1,GLRS-MX4AA21,1.0,1.0,SKD6G2535,49.0,1000.0,SKD11025067,0.0,0.0,,0.0,0.0,,0.0,0.0,
GLRS-DX4AA22,1.0,1,GLRS-MX4AA22,1.0,1.0,SKD6G2532,45.0,1000.0,SKD11025067,0.0,0.0,,0.0,0.0,,0.0,0.0,
GLRS-DX5AA16,1.0,1,GLRS-MX5AA16,1.0,1.0,SKD6G2519,27.0,1000.0,SKD11025067,0.0,0.0,,0.0,0.0,,0.0,0.0,
GLRS-DX6AA15,1.0,1,GLRS-MX6AA15,1.0,1.0,SKD6G2538,53.0,1000.0,SKD11025067,0.0,0.0,,0.0,0.0,,0.0,0.0,
GLRS-DX6AA16,1.0,1,GLRS-MX6AA16,1.0,1.0,SKD6G2545,62.0,1000.0,SKD11025067,0.0,0.0,,0.0,0.0,,0.0,0.0,
GLRS-DX6AA18,1.0,1,GLRS-MX6AA18,1.0,1.0,SKD6G2538,53.0,1000.0,SKD11025067,0.0,0.0,,0.0,0.0,,0.0,0.0,
GLRS-DX6AA20,1.0,1,GLRS-MX6AA20,1.0,1.0,SKD6G2538,53.0,1000.0,SKD11025067,0.0,0.0,,0.0,0.0,,0.0,0.0,
GLRS-DX6AA21,1.0,1,GLRS-MX6AA21,1.0,1.0,SKD6G2538,53.0,1000.0,SKD11025067,0.0,0.0,,0.0,0.0,,0.0,0.0,
GLRS-DY1AA16,1.0,1,GLRS-MY1AA16,1.0,1.0,SKD5E3024,33.0,1000.0,SKD11030055,0.0,0.0,,0.0,0.0,,0.0,0.0,
GLRS-DY1AA22,1.0,1,GLRS-MY1AA22,1.0,1.0,SKD5E3024,33.0,1000.0,SKD11030055,0.0,0.0,,0.0,0.0,,0.0,0.0,
GLRS-DY1AA26,1.0,1,GLRS-MY1AA26,1.0,1.0,SKD5E3024,33.0,1000.0,SKD11030055,0.0,0.0,,0.0,0.0,,0.0,0.0,
GLRS-DY2AA17,1.0,1,GLRS-MY2AA17,1.0,1.0,SKD6G2535,49.0,1000.0,SKD11025067,0.0,0.0,,0.0,0.0,,0.0,0.0,
GLRS-DY2AA18,1.0,1,GLRS-MY2AA18,1.0,1.0,SKD6G2538,53.0,1000.0,SKD11025067,0.0,0.0,,0.0,0.0,,0.0,0.0,
GLRS-DY2AA19,1.0,1,GLRS-MY2AA19,1.0,1.0,SKD6G2532,45.0,1000.0,SKD11025067,0.0,0.0,,0.0,0.0,,0.0,0.0,
GLRS-DY2AA20,1.0,1,GLRS-MY2AA20,1.0,1.0,SKD6G2538,53.0,1000.0,SKD11025067,0.0,0.0,,0.0,0.0,,0.0,0.0,
GLRS-DY2AA21,1.0,1,GLRS-MY2AA21,1.0,1.0,SKD6G2535,49.0,1000.0,SKD11025067,0.0,0.0,,0.0,0.0,,0.0,0.0,
GLRS-DY2AA22,1.0,1,GLRS-MY2AA22,1.0,1.0,SKD6G2535,49.0,1000.0,SKD11025067,0.0,0.0,,0.0,0.0,,0.0,0.0,
GLRS-DY2AA24,1.0,1,GLRS-MY2AA24,1.0,1.0,SKD6G2535,49.0,1000.0,SKD11025067,0.0,0.0,,0.0,0.0,,0.0,0.0,
GLRS-DY3AA15,1.0,1,SKD6G2554,75.0,1000.0,SKD11025067,0.0,0.0,,0.0,0.0,,0.0,0.0,,0.0,0.0,
GLRS-DY3AA18,1.0,1,SKD6G2560,83.0,1000.0,SKD11025067,0.0,0.0,,0.0,0.0,,0.0,0.0,,0.0,0.0,
GLRS-DY5AA18,1.0,1,SKD6G2535,49.0,1000.0,SKD11025067,0.0,0.0,,0.0,0.0,,0.0,0.0,,0.0,0.0,
GLRS-DY6AA18,1.0,1,SKD5E3024,33.0,1000.0,SKD11030055,0.0,0.0,,0.0,0.0,,0.0,0.0,,0.0,0.0,
GLRSL-DB1AA16,1.0,1,GLRS-DB1AA16,1.0,1.0,GLRS-MB1AA16,1.0,1.0,SKD6G2520,28.0,1000.0,SKD11025067,0.0,0.0,,0.0,0.0,
GLRSL-DB2AA16,1.0,1,GLRS-DB2AA16,1.0,1.0,GLRS-MB2AA16,1.0,1.0,SKD6G2515,21.0,1000.0,SKD11025067,0.0,0.0,,0.0,0.0,
GLRSL-DX8AA18,1.0,1,GLRS-MY2AA18,1.0,1.0,SKD6G2538,53.0,1000.0,SKD11025067,0.0,0.0,,0.0,0.0,,0.0,0.0,
GLRSL-DY2AA16,1.0,1,GLRS-DY2AA16,1.0,1.0,GLRS-MY2AA16,1.0,1.0,SKD6G2535,49.0,1000.0,SKD11025067,0.0,0.0,,0.0,0.0,
GLRSL-DY8AA16,1.0,1,GLRS-DY3AA16,1.0,1.0,GLRS-MY3AA16,1.0,1.0,SKD6G2560,83.0,1000.0,SKD11025067,0.0,0.0,,0.0,0.0,
GLRSL-DY9AA16,1.0,1,SKD6G2560,83.0,1000.0,SKD11025067,0.0,0.0,,0.0,0.0,,0.0,0.0,,0.0,0.0,
GLRSL-MX8AA18,1.0,1,SKD6G2532,45.0,1000.0,SKD11025067,0.0,0.0,,0.0,0.0,,0.0,0.0,,0.0,0.0,
GLRS-MB1AA14,1.0,1,SKD6G2718,27.0,1000.0,SKD11027067,0.0,0.0,,0.0,0.0,,0.0,0.0,,0.0,0.0,
GLRS-MB1AA26,1.0,1,SKD5E3024,33.0,1000.0,SKD11030055,0.0,0.0,,0.0,0.0,,0.0,0.0,,0.0,0.0,
GLRS-MB2AA22,1.0,1,SKD6G2518,24.0,1000.0,SKD11025067,0.0,0.0,,0.0,0.0,,0.0,0.0,,0.0,0.0,
GLRS-MB2AA24,1.0,1,SKD6G2520,28.0,1000.0,SKD11025067,0.0,0.0,,0.0,0.0,,0.0,0.0,,0.0,0.0,
GLRS-MB3AA14,1.0,1,SKD7Z3035,61.0,1000.0,SKD11030070,0.0,0.0,,0.0,0.0,,0.0,0.0,,0.0,0.0,
GLRS-MC3AA14,1.0,1,SKD7Z3054,93.0,1000.0,SKD11030070,0.0,0.0,,0.0,0.0,,0.0,0.0,,0.0,0.0,
GLRS-MD0AA17,1.0,1,SKD6G2554,75.0,1000.0,SKD11025067,0.0,0.0,,0.0,0.0,,0.0,0.0,,0.0,0.0,
GLRS-MD3AA17,1.0,1,SKD6E3550,94.0,1000.0,SKD11035065,0.0,0.0,,0.0,0.0,,0.0,0.0,,0.0,0.0,
GLRS-MX4AA17,1.0,1,SKD6G2535,49.0,1000.0,SKD11025067,0.0,0.0,,0.0,0.0,,0.0,0.0,,0.0,0.0,
GLRS-MX4AA18,1.0,1,SKD6G2538,53.0,1000.0,SKD11025067,0.0,0.0,,0.0,0.0,,0.0,0.0,,0.0,0.0,
GLRS-MX4AA19,1.0,1,SKD6G2532,45.0,1000.0,SKD11025067,0.0,0.0,,0.0,0.0,,0.0,0.0,,0.0,0.0,
GLRS-MX4AA24,1.0,1,SKD6G2535,49.0,1000.0,SKD11025067,0.0,0.0,,0.0,0.0,,0.0,0.0,,0.0,0.0,
GLRS-MX6AA14,1.0,1,SKD6G2538,53.0,1000.0,SKD11025067,0.0,0.0,,0.0,0.0,,0.0,0.0,,0.0,0.0,
GLRS-MX6AA19,1.0,1,SKD6G2538,53.0,1000.0,SKD11025067,0.0,0.0,,0.0,0.0,,0.0,0.0,,0.0,0.0,
GLRS-MX6AA22,1.0,1,SKD6G2538,53.0,1000.0,SKD11025067,0.0,0.0,,0.0,0.0,,0.0,0.0,,0.0,0.0,
GLRS-MY2AA14,1.0,1,SKD6G2532,45.0,1000.0,SKD11025067,0.0,0.0,,0.0,0.0,,0.0,0.0,,0.0,0.0,
HS3.2I-MY3AA30,1.0,1,SKD8B2930,59.0,1000.0,SKD11029082,0.0,0.0,,0.0,0.0,,0.0,0.0,,0.0,0.0,
HS3.2I-MY6AB26,1.0,1,SKD8B2925,49.0,1000.0,SKD11029082,0.0,0.0,,0.0,0.0,,0.0,0.0,,0.0,0.0,
HS3.2-MB6AA30,1.0,1,SKD6G3535,68.0,1000.0,SKD11035067,0.0,0.0,,0.0,0.0,,0.0,0.0,,0.0,0.0,
HS3.2-MX2AA30,1.0,1,SKD8B2930,59.0,1000.0,SKD11029082,0.0,0.0,,0.0,0.0,,0.0,0.0,,0.0,0.0,
HS3.2-MY1BB30,1.0,1,SKD8B2930,59.0,1000.0,SKD11029082,0.0,0.0,,0.0,0.0,,0.0,0.0,,0.0,0.0,
HS3.2-MY2AB30,1.0,1,SKD6G2532,45.0,1000.0,SKD11025067,0.0,0.0,,0.0,0.0,,0.0,0.0,,0.0,0.0,
HS3.2-MY4AA26,1.0,1,SKD8B2925,49.0,1000.0,SKD11029082,0.0,0.0,,0.0,0.0,,0.0,0.0,,0.0,0.0,
HS3.2-MY4AA30,1.0,1,SKD8B2925,49.0,1000.0,SKD11029082,0.0,0.0,,0.0,0.0,,0.0,0.0,,0.0,0.0,
HS3.2-MY5AA26,1.0,1,SKD6G2525,35.0,1000.0,SKD11025067,0.0,0.0,,0.0,0.0,,0.0,0.0,,0.0,0.0,
HS3.2-MY5AA30,1.0,1,SKD6G2526,36.0,1000.0,SKD11025067,0.0,0.0,,0.0,0.0,,0.0,0.0,,0.0,0.0,
HS3.2-MY6AB30,1.0,1,SKD8B2930,59.0,1000.0,SKD11029082,0.0,0.0,,0.0,0.0,,0.0,0.0,,0.0,0.0,
HS3.2-MY9AA26,1.0,1,SKD6G2530,42.0,1000.0,SKD11025067,0.0,0.0,,0.0,0.0,,0.0,0.0,,0.0,0.0,
HS3.2-MY9AA30,1.0,1,SKD6G2527,38.0,1000.0,SKD11025067,0.0,0.0,,0.0,0.0,,0.0,0.0,,0.0,0.0,
HS3.2R-MY2AA34,1.0,1,SKD6G2530,42.0,1000.0,SKD11025067,0.0,0.0,,0.0,0.0,,0.0,0.0,,0.0,0.0,
HS3.2R-MY4AA34,1.0,1,SKD8B2925,49.0,1000.0,SKD11029082,0.0,0.0,,0.0,0.0,,0.0,0.0,,0.0,0.0,
HS3.2R-MY5AA34,1.0,1,SKD6G2525,35.0,1000.0,SKD11025067,0.0,0.0,,0.0,0.0,,0.0,0.0,,0.0,0.0,
HS3.2R-MY6AA34,1.0,1,SKD8B2930,59.0,1000.0,SKD11029082,0.0,0.0,,0.0,0.0,,0.0,0.0,,0.0,0.0,
HS3.2S-MY1AA34,1.0,1,SKD8B2930,59.0,1000.0,SKD11029082,0.0,0.0,,0.0,0.0,,0.0,0.0,,0.0,0.0,
HS3.2S-MY6AA34,1.0,1,SKD8B2930,59.0,1000.0,SKD11029082,0.0,0.0,,0.0,0.0,,0.0,0.0,,0.0,0.0,
IJ-DB4AA30,1.0,1,IJ-MB4AA30,1.0,1.0,SKD6G2250,61.0,1000.0,SKD11022067,0.0,0.0,,0.0,0.0,,0.0,0.0,
IJ-DS6AA30,1.0,1,IJ-MS6AA30,1.0,1.0,SKD8E4053,148.0,1000.0,SKD11040085,0.0,0.0,,0.0,0.0,,0.0,0.0,
IJ-DY1AA30,1.0,1,IJ-MY1AA30,1.0,1.0,SKD6G2521,29.0,1000.0,SKD11025067,0.0,0.0,,0.0,0.0,,0.0,0.0,
IJ-DY2AA30,1.0,1,IJ-MY2AA30,1.0,1.0,SKD6G1535,41.0,1000.0,SKD11015067,0.0,0.0,,0.0,0.0,,0.0,0.0,
IJ-DY3AA30,1.0,1,IJ-MY3AA30,1.0,1.0,SKD6G2753,79.0,1000.0,SKD11027067,0.0,0.0,,0.0,0.0,,0.0,0.0,
IJ-DY5AA30,1.0,1,IJ-MY5AA30,1.0,1.0,SKD6G2753,79.0,1000.0,SKD11027067,0.0,0.0,,0.0,0.0,,0.0,0.0,
IJ-DY7AA30,1.0,1,IJ-MY7AA30,1.0,1.0,SKD6G1556,62.0,1000.0,SKD11015067,0.0,0.0,,0.0,0.0,,0.0,0.0,
IJ-MB1AA30,1.0,1,SKD6G2723,35.0,1000.0,SKD11027067,0.0,0.0,,0.0,0.0,,0.0,0.0,,0.0,0.0,
IJ-MB2AA30,1.0,1,SKD6G3532,62.0,1000.0,SKD11035067,0.0,0.0,,0.0,0.0,,0.0,0.0,,0.0,0.0,
IRGY-MB1AA16,1.0,1,SKD6G2515,21.0,1000.0,SKD11025067,0.0,0.0,,0.0,0.0,,0.0,0.0,,0.0,0.0,
IRGY-MB2AA15,1.0,1,SKD6G2530,42.0,1000.0,SKD11025067,0.0,0.0,,0.0,0.0,,0.0,0.0,,0.0,0.0,
IRGY-MB2AA16,1.0,1,SKD6G2534,47.0,1000.0,SKD11025067,0.0,0.0,,0.0,0.0,,0.0,0.0,,0.0,0.0,
IRGY-MB2AA17,1.0,1,SKD6G2538,53.0,1000.0,SKD11025067,0.0,0.0,,0.0,0.0,,0.0,0.0,,0.0,0.0,
IRGY-MB3AA15,1.0,1,SKD6G2531,43.0,1000.0,SKD11025067,0.0,0.0,,0.0,0.0,,0.0,0.0,,0.0,0.0,
IRGY-MB3AA16,1.0,1,SKD6G2534,47.0,1000.0,SKD11025067,0.0,0.0,,0.0,0.0,,0.0,0.0,,0.0,0.0,
IRGY-MB3AA17,1.0,1,SKD6G2531,43.0,1000.0,SKD11025067,0.0,0.0,,0.0,0.0,,0.0,0.0,,0.0,0.0,
IRGY-MB4AA15,1.0,1,SKD6G2530,42.0,1000.0,SKD11025067,0.0,0.0,,0.0,0.0,,0.0,0.0,,0.0,0.0,
IRGY-MY1AA16,1.0,1,SKD5E3022,30.0,1000.0,SKD11030055,0.0,0.0,,0.0,0.0,,0.0,0.0,,0.0,0.0,
IRGY-MY2AA15,1.0,1,SKD6G2530,42.0,1000.0,SKD11025067,0.0,0.0,,0.0,0.0,,0.0,0.0,,0.0,0.0,
IRGY-MY2AA16,1.0,1,SKD6G2535,49.0,1000.0,SKD11025067,0.0,0.0,,0.0,0.0,,0.0,0.0,,0.0,0.0,
IRGY-MY2AA17,1.0,1,SKD6G2538,53.0,1000.0,SKD11025067,0.0,0.0,,0.0,0.0,,0.0,0.0,,0.0,0.0,
IRGY-MY3AA16,1.0,1,SKD6G2530,42.0,1000.0,SKD11025067,0.0,0.0,,0.0,0.0,,0.0,0.0,,0.0,0.0,
JF4AL-MB1AA60,1.0,1,SKD6G2218,24.0,1000.0,SKD11022067,0.0,0.0,,0.0,0.0,,0.0,0.0,,0.0,0.0,
JF4AL-MB2AA60,1.0,1,SKD6G2218,24.0,1000.0,SKD11022067,0.0,0.0,,0.0,0.0,,0.0,0.0,,0.0,0.0,
JF4AL-MB3AA44,1.0,1,SKD6G2218,24.0,1000.0,SKD11022067,0.0,0.0,,0.0,0.0,,0.0,0.0,,0.0,0.0,
JF4AL-MB4AA44,1.0,1,SKD6G2218,24.0,1000.0,SKD11022067,0.0,0.0,,0.0,0.0,,0.0,0.0,,0.0,0.0,
JF4AL-MB5AA60,1.0,1,SKD6G2225,31.0,1000.0,SKD11022067,0.0,0.0,,0.0,0.0,,0.0,0.0,,0.0,0.0,
JF4AL-MB7AA44,1.0,1,SKD6G2222,27.0,1000.0,SKD11022067,0.0,0.0,,0.0,0.0,,0.0,0.0,,0.0,0.0,
JF4AL-MB7AA60,1.0,1,SKD6G2225,31.0,1000.0,SKD11022067,0.0,0.0,,0.0,0.0,,0.0,0.0,,0.0,0.0,
JF4AL-MB9AA44,1.0,1,SKD6G2242,51.0,1000.0,SKD11022067,0.0,0.0,,0.0,0.0,,0.0,0.0,,0.0,0.0,
JF4AL-MB9AA60,1.0,1,SKD6G2242,51.0,1000.0,SKD11022067,0.0,0.0,,0.0,0.0,,0.0,0.0,,0.0,0.0,
JF4AL-MC0AA44,1.0,1,SKD6G2242,51.0,1000.0,SKD11022067,0.0,0.0,,0.0,0.0,,0.0,0.0,,0.0,0.0,
JF4AL-MC0AA60,1.0,1,SKD6G2242,51.0,1000.0,SKD11022067,0.0,0.0,,0.0,0.0,,0.0,0.0,,0.0,0.0,
JF4AL-MC1AA44,1.0,1,SKD6G2242,51.0,1000.0,SKD11022067,0.0,0.0,,0.0,0.0,,0.0,0.0,,0.0,0.0,
JF4AL-MC1AA60,1.0,1,SKD6G2242,51.0,1000.0,SKD11022067,0.0,0.0,,0.0,0.0,,0.0,0.0,,0.0,0.0,
JF4AL-MC2AA60,1.0,1,SKD6G2242,51.0,1000.0,SKD11022067,0.0,0.0,,0.0,0.0,,0.0,0.0,,0.0,0.0,
JF4AL-MY1DA60,1.0,1,SKD5E2532,38.0,1000.0,SKD11025055,0.0,0.0,,0.0,0.0,,0.0,0.0,,0.0,0.0,
JF4AL-MY1LA60,1.0,1,SKD5E2532,38.0,1000.0,SKD11025055,0.0,0.0,,0.0,0.0,,0.0,0.0,,0.0,0.0,
JF4AL-MY2AA44,1.0,1,SKD6G2218,24.0,1000.0,SKD11022067,0.0,0.0,,0.0,0.0,,0.0,0.0,,0.0,0.0,
JF4AL-MY2AA60,1.0,1,SKD6G2518,24.0,1000.0,SKD11025067,0.0,0.0,,0.0,0.0,,0.0,0.0,,0.0,0.0,
JF4AL-MY3AA44,1.0,1,SKD6G2545,62.0,1000.0,SKD11025067,0.0,0.0,,0.0,0.0,,0.0,0.0,,0.0,0.0,
JF4AL-MY3AA60,1.0,1,SKD6G2242,51.0,1000.0,SKD11022067,0.0,0.0,,0.0,0.0,,0.0,0.0,,0.0,0.0,
JF4UH-DB1AA42,1.0,1,JF4UH-MB1AA42,1.0,1.0,SKD6G2220,26.0,1000.0,SKD11022067,0.0,0.0,,0.0,0.0,,0.0,0.0,
JF4UH-DB2AA42,1.0,1,JF4UH-MB2AA42,1.0,1.0,SKD6G2220,26.0,1000.0,SKD11022067,0.0,0.0,,0.0,0.0,,0.0,0.0,
JF4UH-DB6AA42,1.0,1,JF4UH-MB6AA42,1.0,1.0,SKD6G2222,27.0,1000.0,SKD11022067,0.0,0.0,,0.0,0.0,,0.0,0.0,
JF4UH-DB9AA42,1.0,1,JF4UH-MB9AA42,1.0,1.0,SKD6G2242,51.0,1000.0,SKD11022067,0.0,0.0,,0.0,0.0,,0.0,0.0,
JF4UH-DC0AA42,1.0,1,JF4UH-MC0AA42,1.0,1.0,SKD6G2242,51.0,1000.0,SKD11022067,0.0,0.0,,0.0,0.0,,0.0,0.0,
JF4UH-DY1DA42,1.0,1,JF4UH-MY1DA42,1.0,1.0,SKD5E2532,38.0,1000.0,SKD11025055,0.0,0.0,,0.0,0.0,,0.0,0.0,
JF4UH-DY2AA42,1.0,1,JF4UH-MY2AA42,1.0,1.0,SKD6G2520,28.0,1000.0,SKD11025067,0.0,0.0,,0.0,0.0,,0.0,0.0,
JF4UH-DY3AA42,1.0,1,JF4UH-MY3AA42,1.0,1.0,SKD6G2545,62.0,1000.0,SKD11025067,0.0,0.0,,0.0,0.0,,0.0,0.0,
JFAL-DB1AA48,1.0,1,JFAL-MB1AA48,1.0,1.0,SKD5E2538,45.0,1000.0,SKD11025055,0.0,0.0,,0.0,0.0,,0.0,0.0,
JFAL-DB3AA48,1.0,1,JFAL-MB3AA48,1.0,1.0,SKD6G2535,49.0,1000.0,SKD11025067,0.0,0.0,,0.0,0.0,,0.0,0.0,
JFAL-DY2AA48,1.0,1,JFAL-MY2AA48,1.0,1.0,SKD6G2227,33.0,1000.0,SKD11022067,0.0,0.0,,0.0,0.0,,0.0,0.0,
JIL7-MB1C30,1.0,1,SKD6G2220,26.0,1000.0,SKD11022067,0.0,0.0,,0.0,0.0,,0.0,0.0,,0.0,0.0,
JIL7-MB2C30,1.0,1,SKD6G2218,24.0,1000.0,SKD11022067,0.0,0.0,,0.0,0.0,,0.0,0.0,,0.0,0.0,
JIL7-MY1B,1.0,1,S6H3822,55.0,1000.0,SUJ3038068,0.0,0.0,,0.0,0.0,,0.0,0.0,,0.0,0.0,
JJW60-DB4N,1.0,1,JJW60-MB4N,1.0,1.0,S6H2130P,50.0,1000.0,SUJ3038068,0.0,0.0,,0.0,0.0,,0.0,0.0,
JS2-DB1C,1.0,1,JS2-MB1C,1.0,1.0,SKD5E3045,61.0,1000.0,SKD11030055,0.0,0.0,,0.0,0.0,,0.0,0.0,
JS2-DB226,1.0,1,JS2-MB226,1.0,1.0,SKD5E3050,70.0,1000.0,SKD11030055,0.0,0.0,,0.0,0.0,,0.0,0.0,
JS2-DV2B,1.0,1,JS2-MV2,1.0,1.0,SKD6G2250,61.0,1000.0,SKD11022067,0.0,0.0,,0.0,0.0,,0.0,0.0,
JS2-DX3J30,1.0,1,JS2-MX3J30,1.0,1.0,SKD6G2535,49.0,1000.0,SKD11025067,0.0,0.0,,0.0,0.0,,0.0,0.0,
JS2-DY1D26,1.0,1,JS2-MY1D26,1.0,1.0,SKD7Z3040,69.0,1000.0,SKD11030070,0.0,0.0,,0.0,0.0,,0.0,0.0,
JS2-DY1J30,1.0,1,JS2-MY1J30,1.0,1.0,SKD7Z3040,69.0,1000.0,SKD11030070,0.0,0.0,,0.0,0.0,,0.0,0.0,
JS2-DY3J26,1.0,1,JS2-MY3J26,1.0,1.0,SKD7Z3040,69.0,1000.0,SKD11030070,0.0,0.0,,0.0,0.0,,0.0,0.0,
JS2-DY3J30,1.0,1,JS2-MY3J30,1.0,1.0,SKD7Z3040,69.0,1000.0,SKD11030070,0.0,0.0,,0.0,0.0,,0.0,0.0,
JS2-DZ5B26,1.0,1,JS2-MZ5B26,1.0,1.0,SKD5Z1236,28.0,1000.0,SKD11012050,0.0,0.0,,0.0,0.0,,0.0,0.0,
JS2-DZ5B30,1.0,1,JS2-MZ5B30,1.0,1.0,SKD5Z1236,28.0,1000.0,SKD11012050,0.0,0.0,,0.0,0.0,,0.0,0.0,
JS2-DZ5B34,1.0,1,JS2-MZ5B34,1.0,1.0,SKD5Z1236,28.0,1000.0,SKD11012050,0.0,0.0,,0.0,0.0,,0.0,0.0,
JS2F-DY926,1.0,1,JS2F-MY926,1.0,1.0,SKD7B3055,98.0,1000.0,SKD11030072,0.0,0.0,,0.0,0.0,,0.0,0.0,
JS2F-MX0,1.0,1,SKD131326,0.0,0.0,,0.0,0.0,,0.0,0.0,,0.0,0.0,,0.0,0.0,
JS2M-DB126,1.0,1,JS2M-MB126,1.0,1.0,SKD5E3050,70.0,1000.0,SKD11030055,0.0,0.0,,0.0,0.0,,0.0,0.0,
JS2M-DB130,1.0,1,JS2M-MB130,1.0,1.0,SKD5E3050,70.0,1000.0,SKD11030055,0.0,0.0,,0.0,0.0,,0.0,0.0,
JS2M-DB226,1.0,1,JS2M-MB226,1.0,1.0,SKD5E3050,70.0,1000.0,SKD11030055,0.0,0.0,,0.0,0.0,,0.0,0.0,
JS2M-DB230,1.0,1,JS2M-MB230,1.0,1.0,SKD5E3050,70.0,1000.0,SKD11030055,0.0,0.0,,0.0,0.0,,0.0,0.0,
JS2M-DX026,1.0,1,JS2M-MX026,1.0,1.0,SKD131326,0.0,0.0,,0.0,0.0,,0.0,0.0,,0.0,0.0,
JS2M-DY326,1.0,1,JS2M-MY326,1.0,1.0,SKD7Z3038,66.0,1000.0,SKD11030070,0.0,0.0,,0.0,0.0,,0.0,0.0,
JS2M-DY826,1.0,1,JS2M-MY826,1.0,1.0,SKD7Z3015,26.0,1000.0,SKD11030070,0.0,0.0,,0.0,0.0,,0.0,0.0,
JS2M-DY926,1.0,1,JS2M-MY926,1.0,1.0,SKD7Z3020,35.0,1000.0,SKD11030070,0.0,0.0,,0.0,0.0,,0.0,0.0,
JS2-MV1CA26,1.0,1,SKD6G2280,97.0,1000.0,SKD11022067,0.0,0.0,,0.0,0.0,,0.0,0.0,,0.0,0.0,
JS2-MY1E30,1.0,1,SKD6G2538,53.0,1000.0,SKD11025067,0.0,0.0,,0.0,0.0,,0.0,0.0,,0.0,0.0,
JS2-MY3D26,1.0,1,SKD6G2535,49.0,1000.0,SKD11025067,0.0,0.0,,0.0,0.0,,0.0,0.0,,0.0,0.0,
JS2W-DB1B30,1.0,1,JS2W-MB1B30,1.0,1.0,SKD6G4740,104.0,1000.0,SKD11047067,0.0,0.0,,0.0,0.0,,0.0,0.0,
JS2W-DB1B34,1.0,1,JS2W-MB1B34,1.0,1.0,SKD6G4740,104.0,1000.0,SKD11047067,0.0,0.0,,0.0,0.0,,0.0,0.0,
JS2W-DB2B34,1.0,1,JS2W-MB2B34,1.0,1.0,SKD6G4740,104.0,1000.0,SKD11047067,0.0,0.0,,0.0,0.0,,0.0,0.0,
JS2W-DB2B38,1.0,1,JS2W-DB1B38,1.0,1.0,JS2W-MB1B38,1.0,1.0,SKD6G4744,114.0,1000.0,SKD11047067,0.0,0.0,,0.0,0.0,
JS2W-DI326,1.0,1,JS2W-MI326,1.0,1.0,SKD6G4766,171.0,1000.0,SKD11047067,0.0,0.0,,0.0,0.0,,0.0,0.0,
JS2W-DI426,1.0,1,JS2W-MI426,1.0,1.0,SKD6G4734,88.0,1000.0,SKD11047067,0.0,0.0,,0.0,0.0,,0.0,0.0,
JS2WS-DB130,1.0,1,JS2WS-MB130,1.0,1.0,SKD6G4740,104.0,1000.0,SKD11047067,0.0,0.0,,0.0,0.0,,0.0,0.0,
JS2WS-DI530,1.0,1,JS2WS-MI530,1.0,1.0,SKD6G75125,516.0,1000.0,SKD11075067,0.0,0.0,,0.0,0.0,,0.0,0.0,
JS2WS-DI6D34,1.0,1,JS2WS-MI6D30,1.0,1.0,SKD6G7595,392.0,1000.0,SKD11075067,0.0,0.0,,0.0,0.0,,0.0,0.0,
JS2WS-DX1B30,1.0,1,JS2WS-MX1B30,1.0,1.0,SKD7Z3040,69.0,1000.0,SKD11030070,0.0,0.0,,0.0,0.0,,0.0,0.0,
JS2WS-DX3B30,1.0,1,JS2WS-MX3B30,1.0,1.0,SKD7Z3040,69.0,1000.0,SKD11030070,0.0,0.0,,0.0,0.0,,0.0,0.0,
JS2WS-DY1B30,1.0,1,JS2WS-MY1B30,1.0,1.0,SKD7B3035,62.0,1000.0,SKD11030072,0.0,0.0,,0.0,0.0,,0.0,0.0,
JS2WS-DY3B30,1.0,1,JS2WS-MY3B30,1.0,1.0,SKD7B3035,62.0,1000.0,SKD11030072,0.0,0.0,,0.0,0.0,,0.0,0.0,
JS2WS-MF530,1.0,1,SKD6G75125,516.0,1000.0,SKD11075067,0.0,0.0,,0.0,0.0,,0.0,0.0,,0.0,0.0,
JS2WS-MF5D30,1.0,1,SKD6G75125,516.0,1000.0,SKD11075067,0.0,0.0,,0.0,0.0,,0.0,0.0,,0.0,0.0,
JS2WS-MI130,1.0,1,SKD6G5066,182.0,1000.0,SKD11050067,0.0,0.0,,0.0,0.0,,0.0,0.0,,0.0,0.0,
JS2WS-MI4D30,1.0,1,SKD6G7595,392.0,1000.0,SKD11075067,0.0,0.0,,0.0,0.0,,0.0,0.0,,0.0,0.0,
JS2WS-MI5D30,1.0,1,SKD6G75125,516.0,1000.0,SKD11075067,0.0,0.0,,0.0,0.0,,0.0,0.0,,0.0,0.0,
JS2WS-MJ230,1.0,1,SKD6E4061,131.0,1000.0,SKD11040065,0.0,0.0,,0.0,0.0,,0.0,0.0,,0.0,0.0,
JS2WS-MX130,1.0,1,SKD7Z3040,69.0,1000.0,SKD11030070,0.0,0.0,,0.0,0.0,,0.0,0.0,,0.0,0.0,
JS3-DY130,1.0,1,JS3-MY130,1.0,1.0,SKD7Z3038,66.0,1000.0,SKD11030070,0.0,0.0,,0.0,0.0,,0.0,0.0,
JS3-DY134,1.0,1,JS3-MY134,1.0,1.0,SKD6G2737,54.0,1000.0,SKD11027067,0.0,0.0,,0.0,0.0,,0.0,0.0,
JS3-DY1AA38,1.0,1,JS3-MY1AA38,1.0,1.0,SKD6G2522,31.0,1000.0,SKD11025067,0.0,0.0,,0.0,0.0,,0.0,0.0,
JS3-DY330,1.0,1,JS3-MY330,1.0,1.0,SKD6G2737,54.0,1000.0,SKD11027067,0.0,0.0,,0.0,0.0,,0.0,0.0,
JS3-DY334,1.0,1,JS3-MY334,1.0,1.0,SKD6G2737,54.0,1000.0,SKD11027067,0.0,0.0,,0.0,0.0,,0.0,0.0,
JS3-DY7AA38,1.0,1,JS3-DY3AA38,1.0,1.0,JS3-MY3AA38,1.0,1.0,SKD7B3240,76.0,1000.0,SKD11032072,0.0,0.0,,0.0,0.0,
JS3-DZ5AB26,1.0,1,JS3-MZ5AB26,1.0,1.0,SKD5Z1270,41.0,1000.0,SKD11012050,0.0,0.0,,0.0,0.0,,0.0,0.0,
JS3-DZ5AB30,1.0,1,JS3-MZ5AB30,1.0,1.0,SKD5Z1270,41.0,1000.0,SKD11012050,0.0,0.0,,0.0,0.0,,0.0,0.0,
JS3-DZ5AB34,1.0,1,JS3-MZ5AB34,1.0,1.0,SKD5Z1270,41.0,1000.0,SKD11012050,0.0,0.0,,0.0,0.0,,0.0,0.0,
JS3-DZ5AB38,1.0,1,JS3-MZ5AB38,1.0,1.0,SKD5Z1275,44.0,1000.0,SKD11012050,0.0,0.0,,0.0,0.0,,0.0,0.0,
JS3E-DY2AA30,1.0,1,JS3E-MY2AA30,1.0,1.0,SKD7Z3025,44.0,1000.0,SKD11030070,0.0,0.0,,0.0,0.0,,0.0,0.0,
JS3E-MZ5AA30,1.0,1,SKD5Z1236,28.0,1000.0,SKD11012050,0.0,0.0,,0.0,0.0,,0.0,0.0,,0.0,0.0,
JS3-MB1BA34,1.0,1,SKD6G4740,104.0,1000.0,SKD11047067,0.0,0.0,,0.0,0.0,,0.0,0.0,,0.0,0.0,
JS3ME-DB1BA30,1.0,1,JS3ME-MB1BA30,1.0,1.0,SKD6G4744,114.0,1000.0,SKD11047067,0.0,0.0,,0.0,0.0,,0.0,0.0,
JS3ME-DB1BA34,1.0,1,JS3ME-MB1BA34,1.0,1.0,SKD6G4740,104.0,1000.0,SKD11047067,0.0,0.0,,0.0,0.0,,0.0,0.0,
JS3ME-DX3AA34,1.0,1,JS3ME-MX3AA34,1.0,1.0,SKD7Z3035,61.0,1000.0,SKD11030070,0.0,0.0,,0.0,0.0,,0.0,0.0,
JS3ME-DY1AA34,1.0,1,JS3ME-MY1AA34,1.0,1.0,SKD7Z3038,66.0,1000.0,SKD11030070,0.0,0.0,,0.0,0.0,,0.0,0.0,
JS3-MZ5AA38,1.0,1,SKD5Z1240,30.0,1000.0,SKD11012050,0.0,0.0,,0.0,0.0,,0.0,0.0,,0.0,0.0,
JS3-MZ5AB36,1.0,1,SKD5Z1270,41.0,1000.0,SKD11012050,0.0,0.0,,0.0,0.0,,0.0,0.0,,0.0,0.0,
JS3W-DI1BA34,1.0,1,SKD105065,0.0,0.0,,0.0,0.0,,0.0,0.0,,0.0,0.0,,0.0,0.0,
JS3W-DY1AA30,1.0,1,JS3-MY130,1.0,1.0,SKD7Z3038,66.0,1000.0,SKD11030070,0.0,0.0,,0.0,0.0,,0.0,0.0,
JS3W-DY1AA34,1.0,1,JS3-MY134,1.0,1.0,SKD6G2737,54.0,1000.0,SKD11027067,0.0,0.0,,0.0,0.0,,0.0,0.0,
JS3W-DY3AA30,1.0,1,JS3-MY330,1.0,1.0,SKD6G2737,54.0,1000.0,SKD11027067,0.0,0.0,,0.0,0.0,,0.0,0.0,
JS3W-DY3AA34,1.0,1,JS3-MY334,1.0,1.0,SKD6G2737,54.0,1000.0,SKD11027067,0.0,0.0,,0.0,0.0,,0.0,0.0,
JS3WS-DX1AA34,1.0,1,JS3WS-MX1AA34,1.0,1.0,SKD6G3540,77.0,1000.0,SKD11035067,0.0,0.0,,0.0,0.0,,0.0,0.0,
JS3WS-DY1AA34,1.0,1,JS3WS-MY1AA34,1.0,1.0,SKD6G3535,68.0,1000.0,SKD11035067,0.0,0.0,,0.0,0.0,,0.0,0.0,
JS3WS-DY3AA34,1.0,1,JS3WS-MY3AA34,1.0,1.0,SKD6G3535,68.0,1000.0,SKD11035067,0.0,0.0,,0.0,0.0,,0.0,0.0,
JS3WS-MI1B34,1.0,1,SKD6G5066,182.0,1000.0,SKD11050067,0.0,0.0,,0.0,0.0,,0.0,0.0,,0.0,0.0,
JS3WS-MI1D34,1.0,1,SKD6G5066,182.0,1000.0,SKD11050067,0.0,0.0,,0.0,0.0,,0.0,0.0,,0.0,0.0,
JS3WS-MI230,1.0,1,SKD6G3555,106.0,1000.0,SKD11035067,0.0,0.0,,0.0,0.0,,0.0,0.0,,0.0,0.0,
JS3WS-MX1AA30,1.0,1,SKD6G2745,67.0,1000.0,SKD11027067,0.0,0.0,,0.0,0.0,,0.0,0.0,,0.0,0.0,
JS3WS-MY1AA30,1.0,1,SKD7Z3038,66.0,1000.0,SKD11030070,0.0,0.0,,0.0,0.0,,0.0,0.0,,0.0,0.0,
JS4-DB1AA30,1.0,1,JS4-MB1AA30,1.0,1.0,SKD6G4754,140.0,1000.0,SKD11047067,0.0,0.0,,0.0,0.0,,0.0,0.0,
JS4-DY1AA30,1.0,1,JS4-MY1AA30,1.0,1.0,SKD6G2522,31.0,1000.0,SKD11025067,0.0,0.0,,0.0,0.0,,0.0,0.0,
JS4-DY2AA30,1.0,1,JS4-MY2AA30,1.0,1.0,SKD7Z3020,35.0,1000.0,SKD11030070,0.0,0.0,,0.0,0.0,,0.0,0.0,
JS4-DY3AA30,1.0,1,JS4-MY3AA30,1.0,1.0,SKD7Z3045,78.0,1000.0,SKD11030070,0.0,0.0,,0.0,0.0,,0.0,0.0,
JS4-DY4AA30,1.0,1,JS4-MY4AA30,1.0,1.0,SKD7Z3045,78.0,1000.0,SKD11030070,0.0,0.0,,0.0,0.0,,0.0,0.0,
JS4-MZ5AA30,1.0,1,SKD5Z1252,26.0,1000.0,SKD11012050,0.0,0.0,,0.0,0.0,,0.0,0.0,,0.0,0.0,
JS72-DB1,1.0,1,JS72-MB1,0.0,0.0,,0.0,0.0,,0.0,0.0,,0.0,0.0,,0.0,0.0,
JS72-DV126,1.0,1,JS2-DV1B,1.0,1.0,JS2-MV1,1.0,1.0,JS2-RV1,0.0,0.0,,0.0,0.0,,0.0,0.0,
JS72-DV226,1.0,1,SKD6G2250,61.0,1000.0,SKD11022067,0.0,0.0,,0.0,0.0,,0.0,0.0,,0.0,0.0,
JSE-DY1AA30,1.0,1,SKD6G2522,31.0,1000.0,SKD11025067,0.0,0.0,,0.0,0.0,,0.0,0.0,,0.0,0.0,
JSEWS-DW3AA30,1.0,1,JSEWS-MW3AA30,1.0,1.0,SKD7B3235,67.0,1000.0,SKD11032072,0.0,0.0,,0.0,0.0,,0.0,0.0,
JSEWS-DX1AA30,1.0,1,JSEWS-MX1AA30,1.0,1.0,SKD6G2535,49.0,1000.0,SKD11025067,0.0,0.0,,0.0,0.0,,0.0,0.0,
JSEWS-DX2AA30,1.0,1,JSEWS-MX2AA30,1.0,1.0,SKD7B3235,67.0,1000.0,SKD11032072,0.0,0.0,,0.0,0.0,,0.0,0.0,
JSEWS-DY2AA30,1.0,1,JSEWS-MY2AA30,1.0,1.0,SKD7Z3025,44.0,1000.0,SKD11030070,0.0,0.0,,0.0,0.0,,0.0,0.0,
JSEWS-DY3AA30,1.0,1,JSEWS-MY3AA30,1.0,1.0,SKD7Z3038,66.0,1000.0,SKD11030070,0.0,0.0,,0.0,0.0,,0.0,0.0,
JSEWS-DY4AA30,1.0,1,JSEWS-MY4AA30,1.0,1.0,SKD7Z3035,61.0,1000.0,SKD11030070,0.0,0.0,,0.0,0.0,,0.0,0.0,
JSEWS-MB1AA34,1.0,1,SKD6E4040,86.0,1000.0,SKD11040065,0.0,0.0,,0.0,0.0,,0.0,0.0,,0.0,0.0,
JSEWS-MW3AA34,1.0,1,SKD7Z3035,61.0,1000.0,SKD11030070,0.0,0.0,,0.0,0.0,,0.0,0.0,,0.0,0.0,
JSEWS-MX1AA34,1.0,1,SKD6G2535,49.0,1000.0,SKD11025067,0.0,0.0,,0.0,0.0,,0.0,0.0,,0.0,0.0,
JSEWS-MX2AA34,1.0,1,SKD7Z3035,61.0,1000.0,SKD11030070,0.0,0.0,,0.0,0.0,,0.0,0.0,,0.0,0.0,
JSEWS-MY2AA34,1.0,1,SKD7Z3025,44.0,1000.0,SKD11030070,0.0,0.0,,0.0,0.0,,0.0,0.0,,0.0,0.0,
JSEWS-MY3AA34,1.0,1,SKD7Z3035,61.0,1000.0,SKD11030070,0.0,0.0,,0.0,0.0,,0.0,0.0,,0.0,0.0,
JSEWS-MY4BA30,1.0,1,SKD7Z3035,61.0,1000.0,SKD11030070,0.0,0.0,,0.0,0.0,,0.0,0.0,,0.0,0.0,
JSEWS-MY4CA30,1.0,1,SKD7Z3035,61.0,1000.0,SKD11030070,0.0,0.0,,0.0,0.0,,0.0,0.0,,0.0,0.0,
JSEWS-MY4CA34,1.0,1,SKD7Z3035,61.0,1000.0,SKD11030070,0.0,0.0,,0.0,0.0,,0.0,0.0,,0.0,0.0,
JSP44-MV1AA44,1.0,1,SKD6G2285,103.0,1000.0,SKD11022067,0.0,0.0,,0.0,0.0,,0.0,0.0,,0.0,0.0,
JSP-DB126,1.0,1,JSP-MB126,1.0,1.0,SKD6G4754,140.0,1000.0,SKD11047067,0.0,0.0,,0.0,0.0,,0.0,0.0,
JSP-DB226,1.0,1,JSP-MB126,1.0,1.0,SKD6G4754,140.0,1000.0,SKD11047067,0.0,0.0,,0.0,0.0,,0.0,0.0,
JSP-DB326,1.0,1,JSP-MB126,1.0,1.0,SKD6G4754,140.0,1000.0,SKD11047067,0.0,0.0,,0.0,0.0,,0.0,0.0,
JSP-DB3AA44,1.0,1,JSP-DB1AA44,1.0,1.0,SKD6G4740,104.0,1000.0,SKD11047067,0.0,0.0,,0.0,0.0,,0.0,0.0,
JSP-DB4AA44,1.0,1,JSP-DB1AA44,1.0,1.0,SKD6G4740,104.0,1000.0,SKD11047067,0.0,0.0,,0.0,0.0,,0.0,0.0,
JSP-DC1AA44,1.0,1,JSP-MC1AA44,1.0,1.0,SKD6E4070,150.0,1000.0,SKD11040065,0.0,0.0,,0.0,0.0,,0.0,0.0,
JSP-DC2AA44,1.0,1,JSP-MC2AA44,1.0,1.0,SKD6E4070,150.0,1000.0,SKD11040065,0.0,0.0,,0.0,0.0,,0.0,0.0,
JSP-DQ1AB44,1.0,1,JSP-MQ1AB44,1.0,1.0,SKD7Z3045,78.0,1000.0,SKD11030070,0.0,0.0,,0.0,0.0,,0.0,0.0,
JSP-DQ2AA44,1.0,1,JSP-MQ2AA44,1.0,1.0,SKD7B3235,67.0,1000.0,SKD11032072,0.0,0.0,,0.0,0.0,,0.0,0.0,
JSP-DQ3AA44,1.0,1,JSP-MQ3AA44,1.0,1.0,SKD7B3235,67.0,1000.0,SKD11032072,0.0,0.0,,0.0,0.0,,0.0,0.0,
JSP-DR1AC44,1.0,1,JSP-MR1AC44,1.0,1.0,SKD7Z3025,44.0,1000.0,SKD11030070,0.0,0.0,,0.0,0.0,,0.0,0.0,
JSP-DS1AD44,1.0,1,JSP-MS1AD44,1.0,1.0,SKD7Z3054,93.0,1000.0,SKD11030070,0.0,0.0,,0.0,0.0,,0.0,0.0,
JSP-DS2AA44,1.0,1,JSP-MS2AA44,1.0,1.0,SKD7B3235,67.0,1000.0,SKD11032072,0.0,0.0,,0.0,0.0,,0.0,0.0,
JSP-DS3AA44,1.0,1,JSP-MS3AA44,1.0,1.0,SKD7B3235,67.0,1000.0,SKD11032072,0.0,0.0,,0.0,0.0,,0.0,0.0,
JSP-DV1B26,1.0,1,SKD6G2261,74.0,1000.0,SKD11022067,0.0,0.0,,0.0,0.0,,0.0,0.0,,0.0,0.0,
JSP-DX126,1.0,1,JSP-MX126,1.0,1.0,SKD7Z3032,56.0,1000.0,SKD11030070,0.0,0.0,,0.0,0.0,,0.0,0.0,
JSP-DX226,1.0,1,JSP-MX226,1.0,1.0,SKD7B3020,41.0,1000.0,SKD11030072,0.0,0.0,,0.0,0.0,,0.0,0.0,
JSP-DX326,1.0,1,JSP-MX326,1.0,1.0,SKD7B3050,89.0,1000.0,SKD11030072,0.0,0.0,,0.0,0.0,,0.0,0.0,
JSP-DX426,1.0,1,JSP-MX426,1.0,1.0,SKD7B3050,89.0,1000.0,SKD11030072,0.0,0.0,,0.0,0.0,,0.0,0.0,
JSP-DY126,1.0,1,JSP-MY126,1.0,1.0,SKD7Z3024,42.0,1000.0,SKD11030070,0.0,0.0,,0.0,0.0,,0.0,0.0,
JSP-DY226,1.0,1,JSP-MY226,1.0,1.0,SKD7B3030,54.0,1000.0,SKD11030072,0.0,0.0,,0.0,0.0,,0.0,0.0,
JSP-DY2AA44,1.0,1,SKD7B3015,27.0,1000.0,SKD11030072,0.0,0.0,,0.0,0.0,,0.0,0.0,,0.0,0.0,
JSP-DY3AA44,1.0,1,SKD7B3040,71.0,1000.0,SKD11030072,0.0,0.0,,0.0,0.0,,0.0,0.0,,0.0,0.0,
JSP-DY426,1.0,1,JSP-MY426,1.0,1.0,SKD7B3050,89.0,1000.0,SKD11030072,0.0,0.0,,0.0,0.0,,0.0,0.0,
JSP-DY4AA44,1.0,1,SKD7B3040,71.0,1000.0,SKD11030072,0.0,0.0,,0.0,0.0,,0.0,0.0,,0.0,0.0,
JSP-DY4B26,1.0,1,JSP-MY4B26,1.0,1.0,SKD7B3050,89.0,1000.0,SKD11030072,0.0,0.0,,0.0,0.0,,0.0,0.0,
JSP-DY526,1.0,1,SKD161614,0.0,0.0,,0.0,0.0,,0.0,0.0,,0.0,0.0,,0.0,0.0,
JSP-DY726,1.0,1,SKD7B3050,89.0,1000.0,SKD11030072,0.0,0.0,,0.0,0.0,,0.0,0.0,,0.0,0.0,
JSP-DY7AA44,1.0,1,SKD7B3040,71.0,1000.0,SKD11030072,0.0,0.0,,0.0,0.0,,0.0,0.0,,0.0,0.0,
JSP-DY826,1.0,1,SKD7B3050,89.0,1000.0,SKD11030072,0.0,0.0,,0.0,0.0,,0.0,0.0,,0.0,0.0,
JSP-DY8AA44,1.0,1,SKD7B3040,71.0,1000.0,SKD11030072,0.0,0.0,,0.0,0.0,,0.0,0.0,,0.0,0.0,
JSP-DY926,1.0,1,SKD7B3050,89.0,1000.0,SKD11030072,0.0,0.0,,0.0,0.0,,0.0,0.0,,0.0,0.0,
JSP-DY9AA44,1.0,1,SKD7B3040,71.0,1000.0,SKD11030072,0.0,0.0,,0.0,0.0,,0.0,0.0,,0.0,0.0,
JSPE-MB2AA44,1.0,1,SKD6E4026,56.0,1000.0,SKD11040065,0.0,0.0,,0.0,0.0,,0.0,0.0,,0.0,0.0,
JSPE-MB3AA44,1.0,1,SKD6E4045,96.0,1000.0,SKD11040065,0.0,0.0,,0.0,0.0,,0.0,0.0,,0.0,0.0,
JSPE-MW3AA44,1.0,1,SKD7B3235,67.0,1000.0,SKD11032072,0.0,0.0,,0.0,0.0,,0.0,0.0,,0.0,0.0,
JSPE-MW4AA44,1.0,1,SKD7B3235,67.0,1000.0,SKD11032072,0.0,0.0,,0.0,0.0,,0.0,0.0,,0.0,0.0,
JSPE-MX2AA44,1.0,1,SKD7B3260,114.0,1000.0,SKD11032072,0.0,0.0,,0.0,0.0,,0.0,0.0,,0.0,0.0,
JSPE-MY1AA44,1.0,1,SKD7Z3024,42.0,1000.0,SKD11030070,0.0,0.0,,0.0,0.0,,0.0,0.0,,0.0,0.0,
JSPE-MY2AA44,1.0,1,SKD7Z3032,56.0,1000.0,SKD11030070,0.0,0.0,,0.0,0.0,,0.0,0.0,,0.0,0.0,
JSPE-MY3AA44,1.0,1,SKD7B3235,67.0,1000.0,SKD11032072,0.0,0.0,,0.0,0.0,,0.0,0.0,,0.0,0.0,
JSPE-MY4AA44,1.0,1,SKD7B3235,67.0,1000.0,SKD11032072,0.0,0.0,,0.0,0.0,,0.0,0.0,,0.0,0.0,
JSWK-MY2AA26,1.0,1,SKD7B3235,67.0,1000.0,SKD11032072,0.0,0.0,,0.0,0.0,,0.0,0.0,,0.0,0.0,
JSWK-MY3AA26,1.0,1,SKD7B3250,95.0,1000.0,SKD11032072,0.0,0.0,,0.0,0.0,,0.0,0.0,,0.0,0.0,
JSWK-MY4AA26,1.0,1,SKD7B3250,95.0,1000.0,SKD11032072,0.0,0.0,,0.0,0.0,,0.0,0.0,,0.0,0.0,
KPN-DV1B,1.0,1,KPN-MV1B,1.0,1.0,S6H4772,220.0,1000.0,SUJ3047068-H,0.0,0.0,,0.0,0.0,,0.0,0.0,
KPN-DW1,1.0,1,KPN-MW1,1.0,1.0,S6H4772,220.0,1000.0,SUJ3047068-H,0.0,0.0,,0.0,0.0,,0.0,0.0,
KPN-DW2,1.0,1,KPN-MW2,1.0,1.0,S6H3260,130.0,1000.0,SUJ3032068,0.0,0.0,,0.0,0.0,,0.0,0.0,
KPN-DX1,1.0,1,KPN-MX1,1.0,1.0,S6H4772,220.0,1000.0,SUJ3047068-H,0.0,0.0,,0.0,0.0,,0.0,0.0,
KPN-DX1B,1.0,1,KPN-MX1B,1.0,1.0,S6H4772,220.0,1000.0,SUJ3047068-H,0.0,0.0,,0.0,0.0,,0.0,0.0,
KPN-DX2B,1.0,1,KPN-MX2B,1.0,1.0,S6H4772,220.0,1000.0,SUJ3047068-H,0.0,0.0,,0.0,0.0,,0.0,0.0,
L48Y-DB7,1.0,1,L48Y-MB7,1.0,1.0,S6H3250,90.0,1000.0,SUJ3032068,0.0,0.0,,0.0,0.0,,0.0,0.0,
L48Y-DB8,1.0,1,L48Y-MB8,1.0,1.0,S6H3250,90.0,1000.0,SUJ3032068,0.0,0.0,,0.0,0.0,,0.0,0.0,
L48Y-DB9,1.0,1,L48Y-MB9,1.0,1.0,S6H3245,80.0,1000.0,SUJ3032068,0.0,0.0,,0.0,0.0,,0.0,0.0,
L48Y-DY3,1.0,1,L48Y-MY3,1.0,1.0,S6H3255,100.0,1000.0,SUJ3032068,0.0,0.0,,0.0,0.0,,0.0,0.0,
L5-DB2D20,1.0,1,L5-MB2D20,1.0,1.0,S5F4525,55.0,1000.0,SUJ3045056,0.0,0.0,,0.0,0.0,,0.0,0.0,
L6A-DB1,1.0,1,L6A-MB1,1.0,1.0,SKD6G2723,35.0,1000.0,SKD11027067,0.0,0.0,,0.0,0.0,,0.0,0.0,
L6A-DB2,1.0,1,L6A-MB2,1.0,1.0,SKD6E3525,31.0,1000.0,SKD11035065,0.0,0.0,,0.0,0.0,,0.0,0.0,
L6A-DB333,1.0,1,L6A-MB333,1.0,1.0,SKD6G2526,36.0,1000.0,SKD11025067,0.0,0.0,,0.0,0.0,,0.0,0.0,
L6A-DB3AS38,1.0,1,L6A-MB3AS38,1.0,1.0,SKD6G2726,39.0,1000.0,SKD11027067,0.0,0.0,,0.0,0.0,,0.0,0.0,
L6A-DB433,1.0,1,L6A-MB433,1.0,1.0,SKD6G2523,32.0,1000.0,SKD11025067,0.0,0.0,,0.0,0.0,,0.0,0.0,
L6A-DB4AS38,1.0,1,L6A-MB4AS38,1.0,1.0,SKD6G2723,35.0,1000.0,SKD11027067,0.0,0.0,,0.0,0.0,,0.0,0.0,
L6A-DB533,1.0,1,L6A-MB533,1.0,1.0,SKD6G2545,62.0,1000.0,SKD11025067,0.0,0.0,,0.0,0.0,,0.0,0.0,
L6A-DB633,1.0,1,L6A-MB633,1.0,1.0,SKD6G2545,62.0,1000.0,SKD11025067,0.0,0.0,,0.0,0.0,,0.0,0.0,
L6A-DB7,1.0,1,L6A-MB7,1.0,1.0,SKD6G2745,67.0,1000.0,SKD11027067,0.0,0.0,,0.0,0.0,,0.0,0.0,
L6A-DB7AS38,1.0,1,L6A-MB7AS38,1.0,1.0,SKD6G2745,67.0,1000.0,SKD11027067,0.0,0.0,,0.0,0.0,,0.0,0.0,
L6A-DB8,1.0,1,L6A-MB8,1.0,1.0,SKD6G2745,67.0,1000.0,SKD11027067,0.0,0.0,,0.0,0.0,,0.0,0.0,
L6A-DB8AS38,1.0,1,L6A-MB8AS38,1.0,1.0,SKD6G2745,67.0,1000.0,SKD11027067,0.0,0.0,,0.0,0.0,,0.0,0.0,
L6A-DC5A30,1.0,1,L6A-MB4,1.0,1.0,SKD6G2723,35.0,1000.0,SKD11027067,0.0,0.0,,0.0,0.0,,0.0,0.0,
L6A-DC7A30,1.0,1,L6A-MC7A30,1.0,1.0,SKD6G2723,35.0,1000.0,SKD11027067,0.0,0.0,,0.0,0.0,,0.0,0.0,
L6A-DX4A30,1.0,1,L6A-MY2,1.0,1.0,SKD6G2225,31.0,1000.0,SKD11022067,0.0,0.0,,0.0,0.0,,0.0,0.0,
L6A-DX5A30,1.0,1,L6A-MY1,1.0,1.0,SKD5E2225,25.0,1000.0,SKD11022055,0.0,0.0,,0.0,0.0,,0.0,0.0,
L6A-DY1,1.0,1,L6A-MY1,1.0,1.0,SKD5E2225,25.0,1000.0,SKD11022055,0.0,0.0,,0.0,0.0,,0.0,0.0,
L6A-DY1BL30,1.0,1,SKD6G2526,36.0,1000.0,SKD11025067,0.0,0.0,,0.0,0.0,,0.0,0.0,,0.0,0.0,
L6A-DY233,1.0,1,L6A-MY233,1.0,1.0,SKD6G2225,31.0,1000.0,SKD11022067,0.0,0.0,,0.0,0.0,,0.0,0.0,
L6A-DY2AS38,1.0,1,L6A-MY2AS38,1.0,1.0,SKD6G2225,31.0,1000.0,SKD11022067,0.0,0.0,,0.0,0.0,,0.0,0.0,
L6A-DY3AS38,1.0,1,L6A-MY3AS38,1.0,1.0,SKD6G2248,59.0,1000.0,SKD11022067,0.0,0.0,,0.0,0.0,,0.0,0.0,
L6A-DY4,1.0,1,L6A-MY4,1.0,1.0,SKD6G2248,59.0,1000.0,SKD11022067,0.0,0.0,,0.0,0.0,,0.0,0.0,
L6A-DY433,1.0,1,L6A-MY433,1.0,1.0,SKD6G2248,59.0,1000.0,SKD11022067,0.0,0.0,,0.0,0.0,,0.0,0.0,
L6A-DY8DB30,1.0,1,L6A-MY8DB30,1.0,1.0,SKD5E2230,30.0,1000.0,SKD11022055,0.0,0.0,,0.0,0.0,,0.0,0.0,
L6A-MB3,1.0,1,SKD6G2723,35.0,1000.0,SKD11027067,0.0,0.0,,0.0,0.0,,0.0,0.0,,0.0,0.0,
L6A-MD5AS38,1.0,1,SKD6G2745,67.0,1000.0,SKD11027067,0.0,0.0,,0.0,0.0,,0.0,0.0,,0.0,0.0,
L6A-MD6AS38,1.0,1,SKD6G2745,67.0,1000.0,SKD11027067,0.0,0.0,,0.0,0.0,,0.0,0.0,,0.0,0.0,
L6A-MT1AA38,1.0,1,SKD5E2245,45.0,1000.0,SKD11022055,0.0,0.0,,0.0,0.0,,0.0,0.0,,0.0,0.0,
L6A-MT2AA38,1.0,1,SKD6G2242,51.0,1000.0,SKD11022067,0.0,0.0,,0.0,0.0,,0.0,0.0,,0.0,0.0,
L6A-MY1BL30,1.0,1,SKD5E2225,25.0,1000.0,SKD11022055,0.0,0.0,,0.0,0.0,,0.0,0.0,,0.0,0.0,
L6A-MY2AF33,1.0,1,SKD6G2222,27.0,1000.0,SKD11022067,0.0,0.0,,0.0,0.0,,0.0,0.0,,0.0,0.0,
L6A-MY3FS33,1.0,1,SKD6G2248,59.0,1000.0,SKD11022067,0.0,0.0,,0.0,0.0,,0.0,0.0,,0.0,0.0,
L6A-MY8DB38,1.0,1,SKD5E2230,30.0,1000.0,SKD11022055,0.0,0.0,,0.0,0.0,,0.0,0.0,,0.0,0.0,
L6A-MZ738,1.0,1,G3Z4248,0.0,0.0,,0.0,0.0,,0.0,0.0,,0.0,0.0,,0.0,0.0,
L8A-DB1AL33,1.0,1,L8A-MB3AS33,1.0,1.0,SKD5E2532,38.0,1000.0,SKD11025055,0.0,0.0,,0.0,0.0,,0.0,0.0,
L8A-DB2,1.0,1,L8A-MB2,1.0,1.0,S5F3035,50.0,1000.0,SUJ3030056,0.0,0.0,,0.0,0.0,,0.0,0.0,
L8A-DB2AL38,1.0,1,L8A-DB4AS38,1.0,1.0,L8A-MB4AS38,1.0,1.0,S5F3035,50.0,1000.0,SUJ3030056,0.0,0.0,,0.0,0.0,
L8A-DB3D33,1.0,1,L8A-MB3D33,1.0,1.0,SKD5E2545,51.0,1000.0,SKD11025055,0.0,0.0,,0.0,0.0,,0.0,0.0,
L8A-DB3D38,1.0,1,L8A-MB3D38,1.0,1.0,SKD5E2535,41.0,1000.0,SKD11025055,0.0,0.0,,0.0,0.0,,0.0,0.0,
L8A-DB4C30,1.0,1,L8A-MB4C30,1.0,1.0,S5F3035,50.0,1000.0,SUJ3030056,0.0,0.0,,0.0,0.0,,0.0,0.0,
L8A-DB4D33,1.0,1,L8A-MB4D33,1.0,1.0,SKD5E2532,38.0,1000.0,SKD11025055,0.0,0.0,,0.0,0.0,,0.0,0.0,
L8A-DB4D38,1.0,1,L8A-MB4D38,1.0,1.0,SKD5E2533,39.0,1000.0,SKD11025055,0.0,0.0,,0.0,0.0,,0.0,0.0,
L8A-DB5A33,1.0,1,L8A-MB5A33,1.0,1.0,S6H3828,75.0,1000.0,SUJ3038068,0.0,0.0,,0.0,0.0,,0.0,0.0,
L8A-DB6A33,1.0,1,L8A-MB6A33,1.0,1.0,S6H3825,70.0,1000.0,SUJ3038068,0.0,0.0,,0.0,0.0,,0.0,0.0,
L8A-DB6B,1.0,1,L8A-MB6B,1.0,1.0,S6H2630P,55.0,1000.0,SUJ3038068,0.0,0.0,,0.0,0.0,,0.0,0.0,
L8A-DB9B33,1.0,1,L8A-MB9B33,1.0,1.0,S5F3035,50.0,1000.0,SUJ3030056,0.0,0.0,,0.0,0.0,,0.0,0.0,
L8A-DC0B,1.0,1,L8A-MC0B,1.0,1.0,S5F3830,60.0,1000.0,SUJ3038056-44,0.0,0.0,,0.0,0.0,,0.0,0.0,
L8A-DC0B33,1.0,1,L8A-MC0B33,1.0,1.0,S5F3035,50.0,1000.0,SUJ3030056,0.0,0.0,,0.0,0.0,,0.0,0.0,
L8A-DX3R33,1.0,1,L8A-MX3R33,1.0,1.0,S5F3822,50.0,1000.0,SUJ3038056-44,0.0,0.0,,0.0,0.0,,0.0,0.0,
L8A-DX4B,1.0,1,L8A-MX4B,1.0,1.0,S6H3818,45.0,1000.0,SUJ3038068,0.0,0.0,,0.0,0.0,,0.0,0.0,
L8A-DX4B38,1.0,1,L8A-MX4B38,1.0,1.0,S6H3822,55.0,1000.0,SUJ3038068,0.0,0.0,,0.0,0.0,,0.0,0.0,
L8A-DX5B,1.0,1,L8A-MX5B,1.0,1.0,S5F3822,50.0,1000.0,SUJ3038056-44,0.0,0.0,,0.0,0.0,,0.0,0.0,
L8A-DX5B38,1.0,1,L8A-MX5B38,1.0,1.0,S5F3822,50.0,1000.0,SUJ3038056-44,0.0,0.0,,0.0,0.0,,0.0,0.0,
L8A-DY1AS38,1.0,1,L8A-MY1AS38,1.0,1.0,SKD5E2235,35.0,1000.0,SKD11022055,0.0,0.0,,0.0,0.0,,0.0,0.0,
L8A-DY1ASL,1.0,1,L8A-MY1ASL,1.0,1.0,S5F3822,50.0,1000.0,SUJ3038056-44,0.0,0.0,,0.0,0.0,,0.0,0.0,
L8A-DY1ASL33,1.0,1,L8A-MY1ASL33,1.0,1.0,SKD5E2235,35.0,1000.0,SKD11022055,0.0,0.0,,0.0,0.0,,0.0,0.0,
L8A-DY1ASL38,1.0,1,L8A-MY1ASL38,0.0,0.0,,0.0,0.0,,0.0,0.0,,0.0,0.0,,0.0,0.0,
L8A-DY1C,1.0,1,L8A-MY1C,1.0,1.0,S5F3822,50.0,1000.0,SUJ3038056-44,0.0,0.0,,0.0,0.0,,0.0,0.0,
L8A-DY1C33,1.0,1,L8A-MY1C33,1.0,1.0,SKD5E2235,35.0,1000.0,SKD11022055,0.0,0.0,,0.0,0.0,,0.0,0.0,
L8A-DY1D,1.0,1,L8A-MY1D,1.0,1.0,S5F3822,50.0,1000.0,SUJ3038056-44,0.0,0.0,,0.0,0.0,,0.0,0.0,
L8A-DY1D33,1.0,1,L8A-MY1D33,1.0,1.0,SKD5E2235,35.0,1000.0,SKD11022055,0.0,0.0,,0.0,0.0,,0.0,0.0,
L8A-DY1D38,1.0,1,L8A-MY1D38,1.0,1.0,SKD5E2235,35.0,1000.0,SKD11022055,0.0,0.0,,0.0,0.0,,0.0,0.0,
L8A-DY4B,1.0,1,L8A-MY4B,1.0,1.0,S6H3818,45.0,1000.0,SUJ3038068,0.0,0.0,,0.0,0.0,,0.0,0.0,
L8A-DY4C,1.0,1,L8A-MY4C,1.0,1.0,S6H3818,45.0,1000.0,SUJ3038068,0.0,0.0,,0.0,0.0,,0.0,0.0,
L8A-DY4C33,1.0,1,L8A-MY4C33,1.0,1.0,S6H3818,45.0,1000.0,SUJ3038068,0.0,0.0,,0.0,0.0,,0.0,0.0,
L8A-DY4C38,1.0,1,L8A-MY4C38,1.0,1.0,S6H3818,45.0,1000.0,SUJ3038068,0.0,0.0,,0.0,0.0,,0.0,0.0,
L8A-DY4D,1.0,1,L8A-MY4D,1.0,1.0,S6H3818,45.0,1000.0,SUJ3038068,0.0,0.0,,0.0,0.0,,0.0,0.0,
L8A-DY4D33,1.0,1,L8A-MY4D33,1.0,1.0,S6H3818,45.0,1000.0,SUJ3038068,0.0,0.0,,0.0,0.0,,0.0,0.0,
L8AL-DB1,1.0,1,L8AL-MB1,1.0,1.0,SKD5E2538,45.0,1000.0,SKD11025055,0.0,0.0,,0.0,0.0,,0.0,0.0,
L8AL-DB2,1.0,1,L8AL-MB2,1.0,1.0,SKD5E2535,41.0,1000.0,SKD11025055,0.0,0.0,,0.0,0.0,,0.0,0.0,
L8AL-DB3,1.0,1,L8AL-MB3,1.0,1.0,SKD6G2523,32.0,1000.0,SKD11025067,0.0,0.0,,0.0,0.0,,0.0,0.0,
L8AL-DB3A33,1.0,1,L8AL-MB3A33,1.0,1.0,SKD6G2526,36.0,1000.0,SKD11025067,0.0,0.0,,0.0,0.0,,0.0,0.0,
L8AL-DB3AA36,1.0,1,L8AL-MB3AA36,1.0,1.0,SKD6G2526,36.0,1000.0,SKD11025067,0.0,0.0,,0.0,0.0,,0.0,0.0,
L8AL-DB4,1.0,1,L8AL-MB4,1.0,1.0,SKD6G2523,32.0,1000.0,SKD11025067,0.0,0.0,,0.0,0.0,,0.0,0.0,
L8AL-DB4A33,1.0,1,L8AL-MB4A33,1.0,1.0,SKD6G2526,36.0,1000.0,SKD11025067,0.0,0.0,,0.0,0.0,,0.0,0.0,
L8AL-DB4AA36,1.0,1,L8AL-MB4AA36,1.0,1.0,SKD6G2526,36.0,1000.0,SKD11025067,0.0,0.0,,0.0,0.0,,0.0,0.0,
L8AL-DB5,1.0,1,L8AL-MB5,1.0,1.0,SKD6G2532,45.0,1000.0,SKD11025067,0.0,0.0,,0.0,0.0,,0.0,0.0,
L8AL-DB5A33,1.0,1,L8AL-MB5A33,1.0,1.0,SKD6G2532,45.0,1000.0,SKD11025067,0.0,0.0,,0.0,0.0,,0.0,0.0,
L8AL-DB5AA36,1.0,1,L8AL-MB5AA36,1.0,1.0,SKD6G2532,45.0,1000.0,SKD11025067,0.0,0.0,,0.0,0.0,,0.0,0.0,
L8AL-DB6,1.0,1,L8AL-MB6,1.0,1.0,SKD6G2532,45.0,1000.0,SKD11025067,0.0,0.0,,0.0,0.0,,0.0,0.0,
L8AL-DB6A33,1.0,1,L8AL-MB6A33,1.0,1.0,SKD6G2532,45.0,1000.0,SKD11025067,0.0,0.0,,0.0,0.0,,0.0,0.0,
L8AL-DC1,1.0,1,L8AL-MC1,1.0,1.0,SKD5E2532,38.0,1000.0,SKD11025055,0.0,0.0,,0.0,0.0,,0.0,0.0,
L8AL-DC1A33,1.0,1,L8AL-MC1A33,1.0,1.0,SKD5E2533,39.0,1000.0,SKD11025055,0.0,0.0,,0.0,0.0,,0.0,0.0,
L8AL-DC1A38,1.0,1,L8AL-MC1A38,1.0,1.0,SKD5E2535,41.0,1000.0,SKD11025055,0.0,0.0,,0.0,0.0,,0.0,0.0,
L8AL-DC2,1.0,1,L8AL-MC2,1.0,1.0,SKD5E2532,38.0,1000.0,SKD11025055,0.0,0.0,,0.0,0.0,,0.0,0.0,
L8AL-DC2A33,1.0,1,L8AL-MC2A33,1.0,1.0,SKD5E2532,38.0,1000.0,SKD11025055,0.0,0.0,,0.0,0.0,,0.0,0.0,
L8AL-DC2A38,1.0,1,L8AL-MC2A38,1.0,1.0,SKD5E2535,41.0,1000.0,SKD11025055,0.0,0.0,,0.0,0.0,,0.0,0.0,
L8AL-DC2AA36,1.0,1,L8AL-MC2AA36,1.0,1.0,SKD5E3031,49.0,1000.0,SKD11030055,0.0,0.0,,0.0,0.0,,0.0,0.0,
L8AL-DC5,1.0,1,L8AL-MC5,1.0,1.0,SKD6G2732,48.0,1000.0,SKD11027067,0.0,0.0,,0.0,0.0,,0.0,0.0,
L8AL-DC5A33,1.0,1,L8AL-MC5A33,1.0,1.0,SKD6G2732,48.0,1000.0,SKD11027067,0.0,0.0,,0.0,0.0,,0.0,0.0,
L8AL-DC5A38,1.0,1,L8AL-MC5A38,1.0,1.0,SKD6G2732,48.0,1000.0,SKD11027067,0.0,0.0,,0.0,0.0,,0.0,0.0,
L8AL-DC5AA36,1.0,1,L8AL-MC5AA36,1.0,1.0,SKD6G2732,48.0,1000.0,SKD11027067,0.0,0.0,,0.0,0.0,,0.0,0.0,
L8AL-DC6,1.0,1,L8AL-MC6,1.0,1.0,SKD6G2732,48.0,1000.0,SKD11027067,0.0,0.0,,0.0,0.0,,0.0,0.0,
L8AL-DC6A33,1.0,1,L8AL-MC6A33,1.0,1.0,SKD6G2732,48.0,1000.0,SKD11027067,0.0,0.0,,0.0,0.0,,0.0,0.0,
L8AL-DC6A38,1.0,1,L8AL-MC6A38,1.0,1.0,SKD6G2732,48.0,1000.0,SKD11027067,0.0,0.0,,0.0,0.0,,0.0,0.0,
L8AL-DC6AA36,1.0,1,L8AL-MC6AA36,1.0,1.0,SKD6G2732,48.0,1000.0,SKD11027067,0.0,0.0,,0.0,0.0,,0.0,0.0,
L8AL-DC7A30,1.0,1,L8AL-MC1,1.0,1.0,SKD5E2532,38.0,1000.0,SKD11025055,0.0,0.0,,0.0,0.0,,0.0,0.0,
L8AL-DC7M,1.0,1,L8AL-MC7M,1.0,1.0,SKD5E3035,50.0,1000.0,SKD11030055,0.0,0.0,,0.0,0.0,,0.0,0.0,
L8AL-DC8A30,1.0,1,L8AL-MC2,1.0,1.0,SKD5E2532,38.0,1000.0,SKD11025055,0.0,0.0,,0.0,0.0,,0.0,0.0,
L8AL-DX1A33,1.0,1,L8AL-MX1A33,1.0,1.0,SKD5E2235,35.0,1000.0,SKD11022055,0.0,0.0,,0.0,0.0,,0.0,0.0,
L8AL-DX1A38,1.0,1,L8AL-MX1A38,1.0,1.0,SKD5E2235,35.0,1000.0,SKD11022055,0.0,0.0,,0.0,0.0,,0.0,0.0,
L8AL-DX1BA30,1.0,1,L8AL-MX1BA30,1.0,1.0,SKD5E2235,35.0,1000.0,SKD11022055,0.0,0.0,,0.0,0.0,,0.0,0.0,
L8AL-DX1BA36,1.0,1,L8AL-MX1BA36,1.0,1.0,SKD5E2235,35.0,1000.0,SKD11022055,0.0,0.0,,0.0,0.0,,0.0,0.0,
L8AL-DX1DA33,1.0,1,L8AL-MX1DA33,1.0,1.0,SKD5E2235,35.0,1000.0,SKD11022055,0.0,0.0,,0.0,0.0,,0.0,0.0,
L8AL-DX2,1.0,1,L8AL-MX2,1.0,1.0,SKD6G2235,43.0,1000.0,SKD11022067,0.0,0.0,,0.0,0.0,,0.0,0.0,
L8AL-DX2A33,1.0,1,L8AL-MX2A33,1.0,1.0,SKD6G1535,41.0,1000.0,SKD11015067,0.0,0.0,,0.0,0.0,,0.0,0.0,
L8AL-DX2AB30,1.0,1,L8AL-MX2AB30,1.0,1.0,SKD6G2235,43.0,1000.0,SKD11022067,0.0,0.0,,0.0,0.0,,0.0,0.0,
L8AL-DX2AB33,1.0,1,L8AL-MX2AB33,1.0,1.0,SKD6G2235,43.0,1000.0,SKD11022067,0.0,0.0,,0.0,0.0,,0.0,0.0,
L8AL-DX2AB38,1.0,1,L8AL-MX2AB38,1.0,1.0,SKD6G2235,43.0,1000.0,SKD11022067,0.0,0.0,,0.0,0.0,,0.0,0.0,
L8AL-DX5,1.0,1,L8AL-MX2,1.0,1.0,SKD6G2235,43.0,1000.0,SKD11022067,0.0,0.0,,0.0,0.0,,0.0,0.0,
L8AL-DX5A33,1.0,1,SKD6G2235,43.0,1000.0,SKD11022067,0.0,0.0,,0.0,0.0,,0.0,0.0,,0.0,0.0,
L8AL-DX5AA36,1.0,1,L8AL-DX2AA36,1.0,1.0,L8AL-MX2AA36,1.0,1.0,SKD6G2235,43.0,1000.0,SKD11022067,0.0,0.0,,0.0,0.0,
L8AL-DX5AB30,1.0,1,L8AL-MX2AB30,1.0,1.0,SKD6G2235,43.0,1000.0,SKD11022067,0.0,0.0,,0.0,0.0,,0.0,0.0,
L8AL-DX5AB33,1.0,1,L8AL-MX2AB33,1.0,1.0,SKD6G2235,43.0,1000.0,SKD11022067,0.0,0.0,,0.0,0.0,,0.0,0.0,
L8AL-DX5AB38,1.0,1,L8AL-MX2AB38,1.0,1.0,SKD6G2235,43.0,1000.0,SKD11022067,0.0,0.0,,0.0,0.0,,0.0,0.0,
L8AL-DY1,1.0,1,L8AL-MY1,1.0,1.0,SKD5E3038,55.0,1000.0,SKD11030055,0.0,0.0,,0.0,0.0,,0.0,0.0,
L8AL-DY2,1.0,1,L8AL-MY2,1.0,1.0,SKD6G2227,33.0,1000.0,SKD11022067,0.0,0.0,,0.0,0.0,,0.0,0.0,
L8AL-DY2A33,1.0,1,L8AL-MY2A33,1.0,1.0,SKD6G2227,33.0,1000.0,SKD11022067,0.0,0.0,,0.0,0.0,,0.0,0.0,
L8AL-DY2AA36,1.0,1,L8AL-MY2AA36,1.0,1.0,SKD6G2227,33.0,1000.0,SKD11022067,0.0,0.0,,0.0,0.0,,0.0,0.0,
L8AL-DY3A33,1.0,1,L8AL-MY3A33,1.0,1.0,SKD6G2235,43.0,1000.0,SKD11022067,0.0,0.0,,0.0,0.0,,0.0,0.0,
L8AL-DY3AA36,1.0,1,L8AL-MY3AA36,1.0,1.0,SKD6G2235,43.0,1000.0,SKD11022067,0.0,0.0,,0.0,0.0,,0.0,0.0,
L8AL-MX1,1.0,1,SKD5E2235,35.0,1000.0,SKD11022055,0.0,0.0,,0.0,0.0,,0.0,0.0,,0.0,0.0,
L8AL-MY4B38,1.0,1,SKD6G1535,41.0,1000.0,SKD11015067,0.0,0.0,,0.0,0.0,,0.0,0.0,,0.0,0.0,
L8A-MB2A33,1.0,1,SKD6G1535,41.0,1000.0,SKD11015067,0.0,0.0,,0.0,0.0,,0.0,0.0,,0.0,0.0,
L8A-MB3D,1.0,1,S5F3035,50.0,1000.0,SUJ3030056,0.0,0.0,,0.0,0.0,,0.0,0.0,,0.0,0.0,
L8A-MB4AS33,1.0,1,SKD5E2532,38.0,1000.0,SKD11025055,0.0,0.0,,0.0,0.0,,0.0,0.0,,0.0,0.0,
L8A-MB4D,1.0,1,S5F3035,50.0,1000.0,SUJ3030056,0.0,0.0,,0.0,0.0,,0.0,0.0,,0.0,0.0,
L8A-MB5D38,1.0,1,SKD6G2534,47.0,1000.0,SKD11025067,0.0,0.0,,0.0,0.0,,0.0,0.0,,0.0,0.0,
L8A-MB6D38,1.0,1,SKD6G2532,45.0,1000.0,SKD11025067,0.0,0.0,,0.0,0.0,,0.0,0.0,,0.0,0.0,
L8A-MC1T30,1.0,1,SKD6G2530,42.0,1000.0,SKD11025067,0.0,0.0,,0.0,0.0,,0.0,0.0,,0.0,0.0,
L8A-MC2T30,1.0,1,SKD6G2530,42.0,1000.0,SKD11025067,0.0,0.0,,0.0,0.0,,0.0,0.0,,0.0,0.0,
L8A-MY1R33,1.0,1,SKD5E2235,35.0,1000.0,SKD11022055,0.0,0.0,,0.0,0.0,,0.0,0.0,,0.0,0.0,
L8A-MY2B33,1.0,1,SKD6G1535,41.0,1000.0,SKD11015067,0.0,0.0,,0.0,0.0,,0.0,0.0,,0.0,0.0,
L8A-MY2D33,1.0,1,SKD6G1535,41.0,1000.0,SKD11015067,0.0,0.0,,0.0,0.0,,0.0,0.0,,0.0,0.0,
L8A-MY2D38,1.0,1,SKD6G1535,41.0,1000.0,SKD11015067,0.0,0.0,,0.0,0.0,,0.0,0.0,,0.0,0.0,
L8A-MY4B33,1.0,1,SKD6G1535,41.0,1000.0,SKD11015067,0.0,0.0,,0.0,0.0,,0.0,0.0,,0.0,0.0,
L8A-MY4B38,1.0,1,SKD6G1535,41.0,1000.0,SKD11015067,0.0,0.0,,0.0,0.0,,0.0,0.0,,0.0,0.0,
L8A-MY4D38,1.0,1,S6H3818,45.0,1000.0,SUJ3038068,0.0,0.0,,0.0,0.0,,0.0,0.0,,0.0,0.0,
LA-355-512AA33,1.0,1,LPJ4B-MY2AA33,1.0,1.0,SKD6G2727,41.0,1000.0,SKD11027067,0.0,0.0,,0.0,0.0,,0.0,0.0,
LA-3S-MY3,1.0,1,SKD6G2532,45.0,1000.0,SKD11025067,0.0,0.0,,0.0,0.0,,0.0,0.0,,0.0,0.0,
LA-4104-612BA30,1.0,1,DSP-MB2AA30,1.0,1.0,SKD8E4048,134.0,1000.0,SKD11040085,0.0,0.0,,0.0,0.0,,0.0,0.0,
LA-4106-511DA30,1.0,1,DFK3.2-MY1AA30,1.0,1.0,SKD7B3030,54.0,1000.0,SKD11030072,0.0,0.0,,0.0,0.0,,0.0,0.0,
LA-4106-511EA30,1.0,1,DFK3.2-MY1AA30,1.0,1.0,SKD7B3030,54.0,1000.0,SKD11030072,0.0,0.0,,0.0,0.0,,0.0,0.0,
LA-4106-512AA30,1.0,1,DFK3.2-MY2AA30,1.0,1.0,SKD8B2914,28.0,1000.0,SKD11029082,0.0,0.0,,0.0,0.0,,0.0,0.0,
LA-4106-513AA30,1.0,1,DFK3.2-MY3AA30,1.0,1.0,SKD7B3020,41.0,1000.0,SKD11030072,0.0,0.0,,0.0,0.0,,0.0,0.0,
LA-4106-514AA30,1.0,1,DFK3.2-MY4AA30,1.0,1.0,SKD8E3030,63.0,1000.0,SKD11030085,0.0,0.0,,0.0,0.0,,0.0,0.0,
LA-4106-514PA30,1.0,1,DFK3.2-MY4AA30,1.0,1.0,SKD8E3030,63.0,1000.0,SKD11030085,0.0,0.0,,0.0,0.0,,0.0,0.0,
LA-4106-515AA30,1.0,1,DFK3.2-MY5AA30,1.0,1.0,SKD8B2955,108.0,1000.0,SKD11029082,0.0,0.0,,0.0,0.0,,0.0,0.0,
LA-4106-516AA30,1.0,1,DFK3.2-MY6AA30,1.0,1.0,SKD8E4030,84.0,1000.0,SKD11040085,0.0,0.0,,0.0,0.0,,0.0,0.0,
LA-4106-516BA30,1.0,1,DFK3.2-MY6AA30,1.0,1.0,SKD8E4030,84.0,1000.0,SKD11040085,0.0,0.0,,0.0,0.0,,0.0,0.0,
LA-4106-516CA30,1.0,1,DFK3.2-MY6AA30,1.0,1.0,SKD8E4030,84.0,1000.0,SKD11040085,0.0,0.0,,0.0,0.0,,0.0,0.0,
LA-4106-516PA30,1.0,1,DFK3.2-MY6AA30,1.0,1.0,SKD8E4030,84.0,1000.0,SKD11040085,0.0,0.0,,0.0,0.0,,0.0,0.0,
LA-4106-516QA30,1.0,1,DFK3.2-MY6AA30,1.0,1.0,SKD8E4030,84.0,1000.0,SKD11040085,0.0,0.0,,0.0,0.0,,0.0,0.0,
LA-4106-516RA30,1.0,1,DFK3.2-MY6AA30,1.0,1.0,SKD8E4030,84.0,1000.0,SKD11040085,0.0,0.0,,0.0,0.0,,0.0,0.0,
LA-4106-541AA30,1.0,1,DFK3.2-MY1AA30,1.0,1.0,SKD7B3030,54.0,1000.0,SKD11030072,0.0,0.0,,0.0,0.0,,0.0,0.0,
LA-4106-542AA30,1.0,1,DFK3.2-MY2AA30,1.0,1.0,SKD8B2914,28.0,1000.0,SKD11029082,0.0,0.0,,0.0,0.0,,0.0,0.0,
LA-4106-543AA30,1.0,1,DFK3.2-MY3AA30,1.0,1.0,SKD7B3020,41.0,1000.0,SKD11030072,0.0,0.0,,0.0,0.0,,0.0,0.0,
LA-4106-544AA30,1.0,1,DFK3.2-MY4AA30,1.0,1.0,SKD8E3030,63.0,1000.0,SKD11030085,0.0,0.0,,0.0,0.0,,0.0,0.0,
LA-4106-546CA30,1.0,1,DFK3.2-MY6AA30,1.0,1.0,SKD8E4030,84.0,1000.0,SKD11040085,0.0,0.0,,0.0,0.0,,0.0,0.0,
LA-478-511BA30,1.0,1,V8ER-DY1AA30,1.0,1.0,V8ER-MY1AA30,1.0,1.0,SKD5E2520,26.0,1000.0,SKD11025055,0.0,0.0,,0.0,0.0,
LA-478-521EA33,1.0,1,V8ME-MX1EA33,1.0,1.0,SKD5E2230,30.0,1000.0,SKD11022055,0.0,0.0,,0.0,0.0,,0.0,0.0,
LA-478-523AA34,1.0,1,V8ME-DX1AA34,1.0,1.0,V8ME-MX1AA34,1.0,1.0,SKD5E2235,35.0,1000.0,SKD11022055,0.0,0.0,,0.0,0.0,
LA-478-623AA33,1.0,1,V8ME-DC3AA33,1.0,1.0,V8ME-MC3AA33,1.0,1.0,SKD5E2532,38.0,1000.0,SKD11025055,0.0,0.0,,0.0,0.0,
LA-478-624AA33,1.0,1,V8ME-DC3AA33,1.0,1.0,V8ME-MC3AA33,1.0,1.0,SKD5E2532,38.0,1000.0,SKD11025055,0.0,0.0,,0.0,0.0,
LA-478-625AA33,1.0,1,V8ME-MC5AA33,1.0,1.0,SKD6G2531,43.0,1000.0,SKD11025067,0.0,0.0,,0.0,0.0,,0.0,0.0,
LA-478-626AA33,1.0,1,V8ME-MC5AA33,1.0,1.0,SKD6G2531,43.0,1000.0,SKD11025067,0.0,0.0,,0.0,0.0,,0.0,0.0,
LA-478-629AA33,1.0,1,V8ME-DC3AA33,1.0,1.0,V8ME-MC3AA33,1.0,1.0,SKD5E2532,38.0,1000.0,SKD11025055,0.0,0.0,,0.0,0.0,
LA-478-630AA33,1.0,1,V8ME-DC3AA33,1.0,1.0,V8ME-MC3AA33,1.0,1.0,SKD5E2532,38.0,1000.0,SKD11025055,0.0,0.0,,0.0,0.0,
LA-478-631AA33,1.0,1,V8ME-MC5AA33,1.0,1.0,SKD6G2531,43.0,1000.0,SKD11025067,0.0,0.0,,0.0,0.0,,0.0,0.0,
LA-478-632AA33,1.0,1,V8ME-MC5AA33,1.0,1.0,SKD6G2531,43.0,1000.0,SKD11025067,0.0,0.0,,0.0,0.0,,0.0,0.0,
LA-479-512AA30,1.0,1,V8ER-DY2AA30,1.0,1.0,V8ER-MY2AA30,1.0,1.0,SKD6G2532,45.0,1000.0,SKD11025067,0.0,0.0,,0.0,0.0,
LA-479-512AA33,1.0,1,V8ER-DY2AA30,1.0,1.0,V8ER-MY2AA30,1.0,1.0,SKD6G2532,45.0,1000.0,SKD11025067,0.0,0.0,,0.0,0.0,
LA-479-512AA38,1.0,1,V8ER-DY2AA36,1.0,1.0,V8ER-MY2AA36,1.0,1.0,SKD6G2532,45.0,1000.0,SKD11025067,0.0,0.0,,0.0,0.0,
LA-479-515AA30,1.0,1,V8ER-DY2AA30,1.0,1.0,V8ER-MY2AA30,1.0,1.0,SKD6G2532,45.0,1000.0,SKD11025067,0.0,0.0,,0.0,0.0,
LA-479-515AA33,1.0,1,V8ER-DY2AA30,1.0,1.0,V8ER-MY2AA30,1.0,1.0,SKD6G2532,45.0,1000.0,SKD11025067,0.0,0.0,,0.0,0.0,
LA-479-515AA38,1.0,1,V8ER-DY2AA36,1.0,1.0,V8ER-MY2AA36,1.0,1.0,SKD6G2532,45.0,1000.0,SKD11025067,0.0,0.0,,0.0,0.0,
LA-5142-511AA33,1.0,1,SDR-MY1AA33,1.0,1.0,SKD5E2545,51.0,1000.0,SKD11025055,0.0,0.0,,0.0,0.0,,0.0,0.0,
LA-5142-514AA33,1.0,1,SDR-MY1AA33,1.0,1.0,SKD5E2545,51.0,1000.0,SKD11025055,0.0,0.0,,0.0,0.0,,0.0,0.0,
LA-5142-52133,1.0,1,SDR-MY1AA33,1.0,1.0,SKD5E2545,51.0,1000.0,SKD11025055,0.0,0.0,,0.0,0.0,,0.0,0.0,
LA-5142-521AA33,1.0,1,SDR-MY1AA33,1.0,1.0,SKD5E2545,51.0,1000.0,SKD11025055,0.0,0.0,,0.0,0.0,,0.0,0.0,
LA-5142-524AA33,1.0,1,SDR-MY1AA33,1.0,1.0,SKD5E2545,51.0,1000.0,SKD11025055,0.0,0.0,,0.0,0.0,,0.0,0.0,
LA-5142-613AA33,1.0,1,SDR-MB3AA33,1.0,1.0,SKD8E3030,63.0,1000.0,SKD11030085,0.0,0.0,,0.0,0.0,,0.0,0.0,
LA-5142-614AA33,1.0,1,SDR-MB3AA33,1.0,1.0,SKD8E3030,63.0,1000.0,SKD11030085,0.0,0.0,,0.0,0.0,,0.0,0.0,
LA-5142-619AA33,1.0,1,SDR-MB3AA33,1.0,1.0,SKD8E3030,63.0,1000.0,SKD11030085,0.0,0.0,,0.0,0.0,,0.0,0.0,
LA-5142-620AA33,1.0,1,SDR-MB3AA33,1.0,1.0,SKD8E3030,63.0,1000.0,SKD11030085,0.0,0.0,,0.0,0.0,,0.0,0.0,
LA-59-612,1.0,1,LDR-DB2,1.0,1.0,LDR-MB2,1.0,1.0,SKD6E3515,19.0,1000.0,SKD11035065,0.0,0.0,,0.0,0.0,
LA-603-53130,1.0,1,3S-DY1,1.0,1.0,3S-MY1,1.0,1.0,SKD6G2532,45.0,1000.0,SKD11025067,0.0,0.0,,0.0,0.0,
LA-603-531B30,1.0,1,3S-DY1,1.0,1.0,3S-MY1,1.0,1.0,SKD6G2532,45.0,1000.0,SKD11025067,0.0,0.0,,0.0,0.0,
LA-603-53230,1.0,1,3S-DY1,1.0,1.0,3S-MY1,1.0,1.0,SKD6G2532,45.0,1000.0,SKD11025067,0.0,0.0,,0.0,0.0,
LA-603-53330,1.0,1,3S-DY3,1.0,1.0,3S-MY1,1.0,1.0,SKD6G2532,45.0,1000.0,SKD11025067,0.0,0.0,,0.0,0.0,
LA-603-53430,1.0,1,3S-DY1,1.0,1.0,3S-MY1,1.0,1.0,SKD6G2532,45.0,1000.0,SKD11025067,0.0,0.0,,0.0,0.0,
LA-603-621A,1.0,1,NC-603-621A,1.0,1.0,SKD6G2235,43.0,1000.0,SKD11022067,0.0,0.0,,0.0,0.0,,0.0,0.0,
LA-603-643AA,1.0,1,3S-ME1A,1.0,1.0,SKD6E3538,87.0,1000.0,SKD11035065,0.0,0.0,,0.0,0.0,,0.0,0.0,
LA-603-643BA,1.0,1,3S-ME1A,1.0,1.0,SKD6E3538,87.0,1000.0,SKD11035065,0.0,0.0,,0.0,0.0,,0.0,0.0,
LA-603-643CA,1.0,1,3S-ME1A,1.0,1.0,SKD6E3538,87.0,1000.0,SKD11035065,0.0,0.0,,0.0,0.0,,0.0,0.0,
LA-603-643PA,1.0,1,3S-ME1A,1.0,1.0,SKD6E3538,87.0,1000.0,SKD11035065,0.0,0.0,,0.0,0.0,,0.0,0.0,
LA-603-643QA,1.0,1,3S-ME1A,1.0,1.0,SKD6E3538,87.0,1000.0,SKD11035065,0.0,0.0,,0.0,0.0,,0.0,0.0,
LA-603-643RA,1.0,1,3S-ME1A,1.0,1.0,SKD6E3538,87.0,1000.0,SKD11035065,0.0,0.0,,0.0,0.0,,0.0,0.0,
LA-608-53130,1.0,1,3SRE-MW2AA30,1.0,1.0,SKD6G2532,45.0,1000.0,SKD11025067,0.0,0.0,,0.0,0.0,,0.0,0.0,
LA-608-53138,1.0,1,3SRE-MW2AA38,1.0,1.0,SKD6G2532,45.0,1000.0,SKD11025067,0.0,0.0,,0.0,0.0,,0.0,0.0,
LA-608-532AA30,1.0,1,3SRE-MW2AA30,1.0,1.0,SKD6G2532,45.0,1000.0,SKD11025067,0.0,0.0,,0.0,0.0,,0.0,0.0,
LA-608-532AA38,1.0,1,3SRE-MW2AA38,1.0,1.0,SKD6G2532,45.0,1000.0,SKD11025067,0.0,0.0,,0.0,0.0,,0.0,0.0,
LA-608-533AA30,1.0,1,3SRE-MW3AA30,1.0,1.0,SKD6G2532,45.0,1000.0,SKD11025067,0.0,0.0,,0.0,0.0,,0.0,0.0,
LA-608-534AA38,1.0,1,3SRE-MW2AA38,1.0,1.0,SKD6G2532,45.0,1000.0,SKD11025067,0.0,0.0,,0.0,0.0,,0.0,0.0,
LA-631-516G26,1.0,1,DF3-DY6D30,1.0,1.0,DF3-MY6D30,1.0,1.0,SKD8B4040,108.0,1000.0,SKD11040082,0.0,0.0,,0.0,0.0,
LA-631-516H26,1.0,1,DF3-DY6H30,1.0,1.0,DF3-MY6D30,1.0,1.0,SKD8B4040,108.0,1000.0,SKD11040082,0.0,0.0,,0.0,0.0,
LA-631-516HL26,1.0,1,DF3-DY6H30,1.0,1.0,DF3-MY6D30,1.0,1.0,SKD8B4040,108.0,1000.0,SKD11040082,0.0,0.0,,0.0,0.0,
LA-631-516I26,1.0,1,DF3-DY6D30,1.0,1.0,DF3-MY6D30,1.0,1.0,SKD8B4040,108.0,1000.0,SKD11040082,0.0,0.0,,0.0,0.0,
LA-631-516IL26,1.0,1,DF3-DY6D30,1.0,1.0,DF3-MY6D30,1.0,1.0,SKD8B4040,108.0,1000.0,SKD11040082,0.0,0.0,,0.0,0.0,
LA-631-652L32,1.0,1,DF3-MF1,1.0,1.0,SKD135018,0.0,0.0,,0.0,0.0,,0.0,0.0,,0.0,0.0,
LA-748-611AA30,1.0,1,PLP2B-DB1AA30,1.0,1.0,PLP2B-MB1AA30,1.0,1.0,SKD8E5052,181.0,1000.0,SKD11050085,0.0,0.0,,0.0,0.0,
LA-748-611BA30,1.0,1,PLP2B-DB1AA30,1.0,1.0,PLP2B-MB1AA30,1.0,1.0,SKD8E5052,181.0,1000.0,SKD11050085,0.0,0.0,,0.0,0.0,
LA-748-611BA32,1.0,1,PLP2B-MB1AA30,1.0,1.0,SKD8E5052,181.0,1000.0,SKD11050085,0.0,0.0,,0.0,0.0,,0.0,0.0,
LA-748-651AA30,1.0,1,PLP2B-MF1AA30,1.0,1.0,SKD8E5018,63.0,1000.0,SKD11050085,0.0,0.0,,0.0,0.0,,0.0,0.0,
LA-972-651AB26,1.0,1,SKD8E5018,63.0,1000.0,SKD11050085,0.0,0.0,,0.0,0.0,,0.0,0.0,,0.0,0.0,
LA-L6A-MY433-TEMP,1.0,1,L6A-MY433,1.0,1.0,SKD6G2248,59.0,1000.0,SKD11022067,0.0,0.0,,0.0,0.0,,0.0,0.0,
LA-LEC3DGTY6-MC6AA34-G,1.0,1,LEC3DGTY6-MC6AA34,1.0,1.0,SKD6G2261,74.0,1000.0,SKD11022067,0.0,0.0,,0.0,0.0,,0.0,0.0,
LCP-DC0MA26,1.0,1,S5F2723P,45.0,1000.0,SUJ3030056,0.0,0.0,,0.0,0.0,,0.0,0.0,,0.0,0.0,
LCP-DC1MA26,1.0,1,S5F2020P,30.0,1000.0,SUJ3030056,0.0,0.0,,0.0,0.0,,0.0,0.0,,0.0,0.0,
LCP-DY2K,1.0,1,LCP-MY2K,1.0,1.0,S6H3818,45.0,1000.0,SUJ3038068,0.0,0.0,,0.0,0.0,,0.0,0.0,
LDR1.5-MB1AA38,1.0,1,S6H3818,45.0,1000.0,SUJ3038068,0.0,0.0,,0.0,0.0,,0.0,0.0,,0.0,0.0,
LDR1.5-MB3AA38,1.0,1,S6H3838,95.0,1000.0,SUJ3038068,0.0,0.0,,0.0,0.0,,0.0,0.0,,0.0,0.0,
LDRC-DB1AA33,1.0,1,LDRC-MB1AA33,1.0,1.0,SKD6G3532,62.0,1000.0,SKD11035067,0.0,0.0,,0.0,0.0,,0.0,0.0,
LDRC-DB2AA33,1.0,1,LDRC-MB2AA33,1.0,1.0,SKD6E3327,51.0,1000.0,SKD11033065,0.0,0.0,,0.0,0.0,,0.0,0.0,
LDRC-DB3AA33,1.0,1,LDRC-MB3AA33,1.0,1.0,SKD6G3535,68.0,1000.0,SKD11035067,0.0,0.0,,0.0,0.0,,0.0,0.0,
LDRC-DB4AA33,1.0,1,LDRC-MB4AA33,1.0,1.0,SKD6G3535,68.0,1000.0,SKD11035067,0.0,0.0,,0.0,0.0,,0.0,0.0,
LDRC-DY2AA33,1.0,1,LDRC-MY2AA33,1.0,1.0,SKD6G3535,68.0,1000.0,SKD11035067,0.0,0.0,,0.0,0.0,,0.0,0.0,
LDRC-DY4AA33,1.0,1,LDRC-MY4AA33,1.0,1.0,SKD6G3575,145.0,1000.0,SKD11035067,0.0,0.0,,0.0,0.0,,0.0,0.0,
LDR-DB1,1.0,1,LDR-MB1,1.0,1.0,SKD6G3515,29.0,1000.0,SKD11035067,0.0,0.0,,0.0,0.0,,0.0,0.0,
LDR-DB1D9,1.0,1,LDR-MB1S12,1.0,1.0,SKD6E3540,87.0,1000.0,SKD11035065,0.0,0.0,,0.0,0.0,,0.0,0.0,
LDR-DB1S12,1.0,1,LDR-MB1S12,1.0,1.0,SKD6E3540,87.0,1000.0,SKD11035065,0.0,0.0,,0.0,0.0,,0.0,0.0,
LDR-DB1S13,1.0,1,LDR-MB1S13,1.0,1.0,SKD6E3540,87.0,1000.0,SKD11035065,0.0,0.0,,0.0,0.0,,0.0,0.0,
LDR-DB1S14,1.0,1,LDR-MB1S14,1.0,1.0,SKD6G2545,62.0,1000.0,SKD11025067,0.0,0.0,,0.0,0.0,,0.0,0.0,
LDR-DB1S33,1.0,1,LDR-MB1S33,1.0,1.0,SKD6E3515,19.0,1000.0,SKD11035065,0.0,0.0,,0.0,0.0,,0.0,0.0,
LDR-DB1S38,1.0,1,LDR-MB1S38,1.0,1.0,SKD6G3517,33.0,1000.0,SKD11035067,0.0,0.0,,0.0,0.0,,0.0,0.0,
LDR-DB2S33,1.0,1,LDR-MB2S33,1.0,1.0,SKD6E3515,19.0,1000.0,SKD11035065,0.0,0.0,,0.0,0.0,,0.0,0.0,
LDR-DB2S38,1.0,1,LDR-MB2S38,1.0,1.0,SKD6G3517,33.0,1000.0,SKD11035067,0.0,0.0,,0.0,0.0,,0.0,0.0,
LDR-DB3,1.0,1,LDR-MB3,1.0,1.0,SKD6E4026,56.0,1000.0,SKD11040065,0.0,0.0,,0.0,0.0,,0.0,0.0,
LDR-DB3S33,1.0,1,LDR-MB3S33,1.0,1.0,SKD6E4030,64.0,1000.0,SKD11040065,0.0,0.0,,0.0,0.0,,0.0,0.0,
LDR-DB3S38,1.0,1,LDR-MB3S38,1.0,1.0,SKD6E4030,64.0,1000.0,SKD11040065,0.0,0.0,,0.0,0.0,,0.0,0.0,
LDR-DB4,1.0,1,LDR-MB4,1.0,1.0,SKD6E3525,31.0,1000.0,SKD11035065,0.0,0.0,,0.0,0.0,,0.0,0.0,
LDR-DB4S33,1.0,1,LDR-MB4S33,1.0,1.0,SKD6E3527,33.0,1000.0,SKD11035065,0.0,0.0,,0.0,0.0,,0.0,0.0,
LDR-DB4S38,1.0,1,LDR-MB4S38,1.0,1.0,SKD6E3527,33.0,1000.0,SKD11035065,0.0,0.0,,0.0,0.0,,0.0,0.0,
LDR-DB5A12,1.0,1,LDR-MB1S12,1.0,1.0,SKD6E3540,87.0,1000.0,SKD11035065,0.0,0.0,,0.0,0.0,,0.0,0.0,
LDR-DB5A13,1.0,1,LDR-MB5A13,1.0,1.0,SKD6G3540,77.0,1000.0,SKD11035067,0.0,0.0,,0.0,0.0,,0.0,0.0,
LDR-DB5A14,1.0,1,LDR-MB5A14,1.0,1.0,SKD6G2545,62.0,1000.0,SKD11025067,0.0,0.0,,0.0,0.0,,0.0,0.0,
LDR-DB5A21,1.0,1,LDR-MB5A21,1.0,1.0,SKD6G2538,53.0,1000.0,SKD11025067,0.0,0.0,,0.0,0.0,,0.0,0.0,
LDR-DB5A9,1.0,1,LDR-MB1S12,1.0,1.0,SKD6E3540,87.0,1000.0,SKD11035065,0.0,0.0,,0.0,0.0,,0.0,0.0,
LDR-DB5DA30,1.0,1,LDR-DB5,1.0,1.0,LDR-MB5,1.0,1.0,SKD6E3540,87.0,1000.0,SKD11035065,0.0,0.0,,0.0,0.0,
LDR-DB5S33,1.0,1,LDR-MB5S33,1.0,1.0,SKD6E3543,87.0,1000.0,SKD11035065,0.0,0.0,,0.0,0.0,,0.0,0.0,
LDR-DB5S38,1.0,1,LDR-MB5S38,1.0,1.0,SKD6E3545,87.0,1000.0,SKD11035065,0.0,0.0,,0.0,0.0,,0.0,0.0,
LDR-DB6A14,1.0,1,LDR-MB6A14,1.0,1.0,SKD6G2545,62.0,1000.0,SKD11025067,0.0,0.0,,0.0,0.0,,0.0,0.0,
LDR-DB6A21,1.0,1,LDR-MB6A21,1.0,1.0,SKD6G2248,59.0,1000.0,SKD11022067,0.0,0.0,,0.0,0.0,,0.0,0.0,
LDR-DB6DA30,1.0,1,LDR-DB6,1.0,1.0,LDR-MB6,1.0,1.0,SKD6E3536,83.0,1000.0,SKD11035065,0.0,0.0,,0.0,0.0,
LDR-DB6S33,1.0,1,LDR-MB6S33,1.0,1.0,SKD6E3540,87.0,1000.0,SKD11035065,0.0,0.0,,0.0,0.0,,0.0,0.0,
LDR-DB6S38,1.0,1,LDR-MB6S38,1.0,1.0,SKD6E3543,87.0,1000.0,SKD11035065,0.0,0.0,,0.0,0.0,,0.0,0.0,
LDR-DB7DA30,1.0,1,LDR-DB5,1.0,1.0,LDR-MB5,1.0,1.0,SKD6E3540,87.0,1000.0,SKD11035065,0.0,0.0,,0.0,0.0,
LDR-DB8DA30,1.0,1,LDR-DB6,1.0,1.0,LDR-MB6,1.0,1.0,SKD6E3536,83.0,1000.0,SKD11035065,0.0,0.0,,0.0,0.0,
LDR-DW5BA30,1.0,1,LDR-MW5BA30,1.0,1.0,SKD5E2545,51.0,1000.0,SKD11025055,0.0,0.0,,0.0,0.0,,0.0,0.0,
LDR-DW6BA30,1.0,1,LDR-MW6BA30,1.0,1.0,SKD6G2538,53.0,1000.0,SKD11025067,0.0,0.0,,0.0,0.0,,0.0,0.0,
LDR-DX3,1.0,1,LDR-MX3,1.0,1.0,SKD6G2526,36.0,1000.0,SKD11025067,0.0,0.0,,0.0,0.0,,0.0,0.0,
LDR-DY1,1.0,1,LDR-MY1,1.0,1.0,SKD5E2545,51.0,1000.0,SKD11025055,0.0,0.0,,0.0,0.0,,0.0,0.0,
LDR-DY1S33,1.0,1,LDR-MY1S33,1.0,1.0,SKD5E2548,55.0,1000.0,SKD11025055,0.0,0.0,,0.0,0.0,,0.0,0.0,
LDR-DY1S38,1.0,1,LDR-MY1S38,1.0,1.0,SKD5E2548,55.0,1000.0,SKD11025055,0.0,0.0,,0.0,0.0,,0.0,0.0,
LDR-DY2,1.0,1,LDR-MY2,1.0,1.0,SKD6G2545,62.0,1000.0,SKD11025067,0.0,0.0,,0.0,0.0,,0.0,0.0,
LDR-DY2S33,1.0,1,LDR-MY2S33,1.0,1.0,SKD6G2545,62.0,1000.0,SKD11025067,0.0,0.0,,0.0,0.0,,0.0,0.0,
LDR-DY2S38,1.0,1,LDR-MY2S38,1.0,1.0,SKD6G2545,62.0,1000.0,SKD11025067,0.0,0.0,,0.0,0.0,,0.0,0.0,
LDR-DZ6E24,1.0,1,G3Z35100,0.0,0.0,,0.0,0.0,,0.0,0.0,,0.0,0.0,,0.0,0.0,
LDRL-DY1A13,1.0,1,LDRL-MY1A13,1.0,1.0,SKD5E2545,51.0,1000.0,SKD11025055,0.0,0.0,,0.0,0.0,,0.0,0.0,
LDRL-DY2A13,1.0,1,LDRL-MY2A13,1.0,1.0,SKD6G2248,59.0,1000.0,SKD11022067,0.0,0.0,,0.0,0.0,,0.0,0.0,
LDRL-MB5A12,1.0,1,SKD6G2242,51.0,1000.0,SKD11022067,0.0,0.0,,0.0,0.0,,0.0,0.0,,0.0,0.0,
LDRL-MB6A12,1.0,1,SKD6G2234,42.0,1000.0,SKD11022067,0.0,0.0,,0.0,0.0,,0.0,0.0,,0.0,0.0,
LDRL-MX1AA12,1.0,1,SKD5E3024,33.0,1000.0,SKD11030055,0.0,0.0,,0.0,0.0,,0.0,0.0,,0.0,0.0,
LDRL-MX2AA12,1.0,1,SKD6G2525,35.0,1000.0,SKD11025067,0.0,0.0,,0.0,0.0,,0.0,0.0,,0.0,0.0,
LDRL-MX3AA12,1.0,1,SKD6G2525,35.0,1000.0,SKD11025067,0.0,0.0,,0.0,0.0,,0.0,0.0,,0.0,0.0,
LDR-MA7A24,1.0,1,G3Z2080,0.0,0.0,,0.0,0.0,,0.0,0.0,,0.0,0.0,,0.0,0.0,
LDR-MA8A15,1.0,1,G3Z2045,0.0,0.0,,0.0,0.0,,0.0,0.0,,0.0,0.0,,0.0,0.0,
LDR-MA8A16,1.0,1,G3Z2045,0.0,0.0,,0.0,0.0,,0.0,0.0,,0.0,0.0,,0.0,0.0,
LDR-MA8A17,1.0,1,G3Z2045,0.0,0.0,,0.0,0.0,,0.0,0.0,,0.0,0.0,,0.0,0.0,
LDR-MB1S21,1.0,1,SKD6G2545,62.0,1000.0,SKD11025067,0.0,0.0,,0.0,0.0,,0.0,0.0,,0.0,0.0,
LDR-MB5SV33,1.0,1,SKD6E3543,87.0,1000.0,SKD11035065,0.0,0.0,,0.0,0.0,,0.0,0.0,,0.0,0.0,
LDR-MB5SV38,1.0,1,SKD6E3545,87.0,1000.0,SKD11035065,0.0,0.0,,0.0,0.0,,0.0,0.0,,0.0,0.0,
LDR-MB5V,1.0,1,SKD6E3540,87.0,1000.0,SKD11035065,0.0,0.0,,0.0,0.0,,0.0,0.0,,0.0,0.0,
LDR-MB6SV33,1.0,1,SKD6E3540,87.0,1000.0,SKD11035065,0.0,0.0,,0.0,0.0,,0.0,0.0,,0.0,0.0,
LDR-MB6SV38,1.0,1,SKD6E3543,87.0,1000.0,SKD11035065,0.0,0.0,,0.0,0.0,,0.0,0.0,,0.0,0.0,
LDR-MB6V,1.0,1,SKD6E3536,83.0,1000.0,SKD11035065,0.0,0.0,,0.0,0.0,,0.0,0.0,,0.0,0.0,
LDR-MC4,1.0,1,SKD6G2230,36.0,1000.0,SKD11022067,0.0,0.0,,0.0,0.0,,0.0,0.0,,0.0,0.0,
LDR-MD0V,1.0,1,SKD6E3540,87.0,1000.0,SKD11035065,0.0,0.0,,0.0,0.0,,0.0,0.0,,0.0,0.0,
LDR-MD1V,1.0,1,SKD6E3536,83.0,1000.0,SKD11035065,0.0,0.0,,0.0,0.0,,0.0,0.0,,0.0,0.0,
LDR-MW6BAV30,1.0,1,SKD6G2538,53.0,1000.0,SKD11025067,0.0,0.0,,0.0,0.0,,0.0,0.0,,0.0,0.0,
LDR-MY2S2V,1.0,1,SKD6G2545,62.0,1000.0,SKD11025067,0.0,0.0,,0.0,0.0,,0.0,0.0,,0.0,0.0,
LDR-MY2SV33,1.0,1,SKD6G2545,62.0,1000.0,SKD11025067,0.0,0.0,,0.0,0.0,,0.0,0.0,,0.0,0.0,
LDR-MY2SV38,1.0,1,SKD6G2545,62.0,1000.0,SKD11025067,0.0,0.0,,0.0,0.0,,0.0,0.0,,0.0,0.0,
LDRY-DB1P,1.0,1,LDRY-MB1P,1.0,1.0,S6H2723P,60.0,1000.0,SUJ3038068,0.0,0.0,,0.0,0.0,,0.0,0.0,
LDRY-DB4E,1.0,1,LDRY-MB4E,1.0,1.0,S6H4725,80.0,1000.0,SUJ3047068-H,0.0,0.0,,0.0,0.0,,0.0,0.0,
LDRY-MY1P,1.0,1,SKD5E2522,28.0,1000.0,SKD11025055,0.0,0.0,,0.0,0.0,,0.0,0.0,,0.0,0.0,
LEC24C-DC4,1.0,1,LEC24C-MC4,1.0,1.0,S6H3822,55.0,1000.0,SUJ3038068,0.0,0.0,,0.0,0.0,,0.0,0.0,
LEC24C-DX5A33,1.0,1,S6H3818,45.0,1000.0,SUJ3038068,0.0,0.0,,0.0,0.0,,0.0,0.0,,0.0,0.0,
LEC24C-MB1A33,1.0,1,SKD6G3532,62.0,1000.0,SKD11035067,0.0,0.0,,0.0,0.0,,0.0,0.0,,0.0,0.0,
LEC24C-MB2A33,1.0,1,SKD6E3560,117.0,1000.0,SKD11035065,0.0,0.0,,0.0,0.0,,0.0,0.0,,0.0,0.0,
LEC24C-MB3BA33,1.0,1,SKD6E3525,31.0,1000.0,SKD11035065,0.0,0.0,,0.0,0.0,,0.0,0.0,,0.0,0.0,
LEC2-DB1A30,1.0,1,LEC2-MB1A30,1.0,1.0,SKD7Z3020,35.0,1000.0,SKD11030070,0.0,0.0,,0.0,0.0,,0.0,0.0,
LEC2-DB2A30,1.0,1,LEC2-MB2A30,1.0,1.0,S6H3832,80.0,1000.0,SUJ3038068,0.0,0.0,,0.0,0.0,,0.0,0.0,
LEC2-DS6AA38,1.0,1,LEC2-MS6AA38,1.0,1.0,SKD8E4053,148.0,1000.0,SKD11040085,0.0,0.0,,0.0,0.0,,0.0,0.0,
LEC2-DS9AA38,1.0,1,LEC-RS9D,0.0,0.0,,0.0,0.0,,0.0,0.0,,0.0,0.0,,0.0,0.0,
LEC2-DX0AA38,1.0,1,LEC2-MX0AA38,1.0,1.0,S6H3822,55.0,1000.0,SUJ3038068,0.0,0.0,,0.0,0.0,,0.0,0.0,
LEC2-DY1A30,1.0,1,LEC2-MY1A30,1.0,1.0,SKD6E3525,31.0,1000.0,SKD11035065,0.0,0.0,,0.0,0.0,,0.0,0.0,
LEC2-DY2A30,1.0,1,LEC2-MY2A30,1.0,1.0,S6H3822,55.0,1000.0,SUJ3038068,0.0,0.0,,0.0,0.0,,0.0,0.0,
LEC2-DY3A30,1.0,1,LEC2-MY3A30,1.0,1.0,S6H3860,150.0,1000.0,SUJ3038068,0.0,0.0,,0.0,0.0,,0.0,0.0,
LEC2-DY3AA38,1.0,1,LEC2-MY3AA38,1.0,1.0,S6H3856,140.0,1000.0,SUJ3038068,0.0,0.0,,0.0,0.0,,0.0,0.0,
LEC2-DY5A30,1.0,1,LEC2-MY5A30,1.0,1.0,S6H1555P,65.0,1000.0,SUJ3038068,0.0,0.0,,0.0,0.0,,0.0,0.0,
LEC36-MX1A33,1.0,1,S6H3822,55.0,1000.0,SUJ3038068,0.0,0.0,,0.0,0.0,,0.0,0.0,,0.0,0.0,
LEC36-MY5A33,1.0,1,S6H3828,75.0,1000.0,SUJ3038068,0.0,0.0,,0.0,0.0,,0.0,0.0,,0.0,0.0,
LEC36-MY6A33,1.0,1,S6H3828,75.0,1000.0,SUJ3038068,0.0,0.0,,0.0,0.0,,0.0,0.0,,0.0,0.0,
LEC36-MY7A33,1.0,1,S6H3828,75.0,1000.0,SUJ3038068,0.0,0.0,,0.0,0.0,,0.0,0.0,,0.0,0.0,
LEC3BT-DB2AA34,1.0,1,LEC3BT-MB2AA34,1.0,1.0,SKD7Z3065,112.0,1000.0,SKD11030070,0.0,0.0,,0.0,0.0,,0.0,0.0,
LEC3BT-DB3AA34,1.0,1,LEC3BT-MB3AA34,1.0,1.0,SKD7Z3065,112.0,1000.0,SKD11030070,0.0,0.0,,0.0,0.0,,0.0,0.0,
LEC3BT-DR0CA34,1.0,1,LEC3BT-MR0CA34,1.0,1.0,SKD8B2144,63.0,1000.0,SKD11021082,0.0,0.0,,0.0,0.0,,0.0,0.0,
LEC3BT-DS6AA34,1.0,1,LEC3BT-MS6AA34,1.0,1.0,SKD8E3042,88.0,1000.0,SKD11030085,0.0,0.0,,0.0,0.0,,0.0,0.0,
LEC3BT-DX0AA34,1.0,1,LEC3BT-MX0AA34,1.0,1.0,SKD6G2737,54.0,1000.0,SKD11027067,0.0,0.0,,0.0,0.0,,0.0,0.0,
LEC3BT-DX1AA34,1.0,1,LEC3BT-MX1AA34,1.0,1.0,SKD6G3527,52.0,1000.0,SKD11035067,0.0,0.0,,0.0,0.0,,0.0,0.0,
LEC3BT-DY1AA34,1.0,1,LEC3BT-MY1AA34,1.0,1.0,SKD6G2519,27.0,1000.0,SKD11025067,0.0,0.0,,0.0,0.0,,0.0,0.0,
LEC3BT-DY2AA34,1.0,1,LEC3BT-MY2AA34,1.0,1.0,SKD6G2732,48.0,1000.0,SKD11027067,0.0,0.0,,0.0,0.0,,0.0,0.0,
LEC3BT-DY4AA34,1.0,1,LEC3BT-MY4AA34,1.0,1.0,SKD6G2723,35.0,1000.0,SKD11027067,0.0,0.0,,0.0,0.0,,0.0,0.0,
LEC3BT-MB1AA34,1.0,1,SKD5E2520,26.0,1000.0,SKD11025055,0.0,0.0,,0.0,0.0,,0.0,0.0,,0.0,0.0,
LEC3BT-MB2AA30,1.0,1,SKD7Z3060,104.0,1000.0,SKD11030070,0.0,0.0,,0.0,0.0,,0.0,0.0,,0.0,0.0,
LEC3BT-MB4AA34,1.0,1,SKD6G1565,54.0,1000.0,SKD11015067,0.0,0.0,,0.0,0.0,,0.0,0.0,,0.0,0.0,
LEC3BT-MC1AA30,1.0,1,SKD6G1552,58.0,1000.0,SKD11015067,0.0,0.0,,0.0,0.0,,0.0,0.0,,0.0,0.0,
LEC3BT-MC1AA34,1.0,1,SKD6G1556,62.0,1000.0,SKD11015067,0.0,0.0,,0.0,0.0,,0.0,0.0,,0.0,0.0,
LEC3BT-MC2AA34,1.0,1,SKD6G3575,145.0,1000.0,SKD11035067,0.0,0.0,,0.0,0.0,,0.0,0.0,,0.0,0.0,
LEC3BT-MR0AA34,1.0,1,SKD8E3042,88.0,1000.0,SKD11030085,0.0,0.0,,0.0,0.0,,0.0,0.0,,0.0,0.0,
LEC3BT-MS6DA34,1.0,1,SKD9Z3545,117.0,1000.0,SKD11035090,0.0,0.0,,0.0,0.0,,0.0,0.0,,0.0,0.0,
LEC3BT-MZ5AA34,1.0,1,SKD6G1575,62.0,1000.0,SKD11015067,0.0,0.0,,0.0,0.0,,0.0,0.0,,0.0,0.0,
LEC3BT-MZ5BA34,1.0,1,SKD6G1575,62.0,1000.0,SKD11015067,0.0,0.0,,0.0,0.0,,0.0,0.0,,0.0,0.0,
LEC3BY-MB2AA34,1.0,1,SKD6G2554,75.0,1000.0,SKD11025067,0.0,0.0,,0.0,0.0,,0.0,0.0,,0.0,0.0,
LEC3BY-MB4AA34,1.0,1,SKD6G1556,62.0,1000.0,SKD11015067,0.0,0.0,,0.0,0.0,,0.0,0.0,,0.0,0.0,
LEC3CT-DR0CA30,1.0,1,LEC3CT-MR0CA30,1.0,1.0,SKD8E3038,80.0,1000.0,SKD11030085,0.0,0.0,,0.0,0.0,,0.0,0.0,
LEC3CT-MB2AA34,1.0,1,SKD7Z3065,112.0,1000.0,SKD11030070,0.0,0.0,,0.0,0.0,,0.0,0.0,,0.0,0.0,
LEC3CT-MR0AA30,1.0,1,SKD8E3038,80.0,1000.0,SKD11030085,0.0,0.0,,0.0,0.0,,0.0,0.0,,0.0,0.0,
LEC3CT-MS6AA30,1.0,1,SKD8E3038,80.0,1000.0,SKD11030085,0.0,0.0,,0.0,0.0,,0.0,0.0,,0.0,0.0,
LEC3CT-MS6BA30,1.0,1,SKD8E3038,80.0,1000.0,SKD11030085,0.0,0.0,,0.0,0.0,,0.0,0.0,,0.0,0.0,
LEC3CT-MS6BA34,1.0,1,SKD8E3042,88.0,1000.0,SKD11030085,0.0,0.0,,0.0,0.0,,0.0,0.0,,0.0,0.0,
LEC3CT-MS6DA30,1.0,1,SKD8E3038,80.0,1000.0,SKD11030085,0.0,0.0,,0.0,0.0,,0.0,0.0,,0.0,0.0,
LEC3CT-MS9AA30,1.0,1,SKD9Z3540,104.0,1000.0,SKD11035090,0.0,0.0,,0.0,0.0,,0.0,0.0,,0.0,0.0,
LEC3CT-MX0AA30,1.0,1,SKD6G2729,44.0,1000.0,SKD11027067,0.0,0.0,,0.0,0.0,,0.0,0.0,,0.0,0.0,
LEC3CT-MY4AA30,1.0,1,SKD6G2718,27.0,1000.0,SKD11027067,0.0,0.0,,0.0,0.0,,0.0,0.0,,0.0,0.0,
LEC3CT-MY5AA30,1.0,1,SKD7Z3070,121.0,1000.0,SKD11030070,0.0,0.0,,0.0,0.0,,0.0,0.0,,0.0,0.0,
LEC3CT-MY5AB34,1.0,1,SKD7Z3076,131.0,1000.0,SKD11030070,0.0,0.0,,0.0,0.0,,0.0,0.0,,0.0,0.0,
LEC3CT-MY6AA30,1.0,1,SKD7Z3070,121.0,1000.0,SKD11030070,0.0,0.0,,0.0,0.0,,0.0,0.0,,0.0,0.0,
LEC3CT-MY7AA30,1.0,1,SKD7Z3070,121.0,1000.0,SKD11030070,0.0,0.0,,0.0,0.0,,0.0,0.0,,0.0,0.0,
LEC3CT-MY7AB34,1.0,1,SKD7Z3076,131.0,1000.0,SKD11030070,0.0,0.0,,0.0,0.0,,0.0,0.0,,0.0,0.0,
LEC3CT-MZ5AA30,1.0,1,SKD6G1570,58.0,1000.0,SKD11015067,0.0,0.0,,0.0,0.0,,0.0,0.0,,0.0,0.0,
LEC3CT-MZ5BA30,1.0,1,SKD6G1570,58.0,1000.0,SKD11015067,0.0,0.0,,0.0,0.0,,0.0,0.0,,0.0,0.0,
LEC3DGTY2-MX3AA34,1.0,1,SKD6E3336,64.0,1000.0,SKD11033065,0.0,0.0,,0.0,0.0,,0.0,0.0,,0.0,0.0,
LEC3DGTY2-MX4AA34,1.0,1,SKD6E3525,31.0,1000.0,SKD11035065,0.0,0.0,,0.0,0.0,,0.0,0.0,,0.0,0.0,
LEC3DGTY2-MX7AA34,1.0,1,SKD6G2745,67.0,1000.0,SKD11027067,0.0,0.0,,0.0,0.0,,0.0,0.0,,0.0,0.0,
LEC3DGTY2-MZ5AA34,1.0,1,SKD6G1575,62.0,1000.0,SKD11015067,0.0,0.0,,0.0,0.0,,0.0,0.0,,0.0,0.0,
LEC3DGTY2-MZ5BA34,1.0,1,SKD6G1575,62.0,1000.0,SKD11015067,0.0,0.0,,0.0,0.0,,0.0,0.0,,0.0,0.0,
LEC3DGTY2-MZ5CA34,1.0,1,SKD8B2148,68.0,1000.0,SKD11021082,0.0,0.0,,0.0,0.0,,0.0,0.0,,0.0,0.0,
LEC3DGTY-MB1AA34,1.0,1,SKD6G2522,31.0,1000.0,SKD11025067,0.0,0.0,,0.0,0.0,,0.0,0.0,,0.0,0.0,
LEC3DGTY-MB2AA34,1.0,1,SKD6G3555,106.0,1000.0,SKD11035067,0.0,0.0,,0.0,0.0,,0.0,0.0,,0.0,0.0,
LEC3DGTY-MB4AA34,1.0,1,SKD6G3570,135.0,1000.0,SKD11035067,0.0,0.0,,0.0,0.0,,0.0,0.0,,0.0,0.0,
LEC3DGTY-MB7AA34,1.0,1,SKD6G3555,106.0,1000.0,SKD11035067,0.0,0.0,,0.0,0.0,,0.0,0.0,,0.0,0.0,
LEC3DGTY-MB8AA34,1.0,1,SKD7Z3024,42.0,1000.0,SKD11030070,0.0,0.0,,0.0,0.0,,0.0,0.0,,0.0,0.0,
LEC3DGTY-MC1AA34,1.0,1,SKD6G4765,168.0,1000.0,SKD11047067,0.0,0.0,,0.0,0.0,,0.0,0.0,,0.0,0.0,
LEC3DGTY-MC3AA34,1.0,1,SKD6G4765,168.0,1000.0,SKD11047067,0.0,0.0,,0.0,0.0,,0.0,0.0,,0.0,0.0,
LEC3DGTY-MC6AA34,1.0,1,SKD6G2261,74.0,1000.0,SKD11022067,0.0,0.0,,0.0,0.0,,0.0,0.0,,0.0,0.0,
LEC3DGTY-MC6AB34,1.0,1,SKD6G2261,74.0,1000.0,SKD11022067,0.0,0.0,,0.0,0.0,,0.0,0.0,,0.0,0.0,
LEC3DGTY-MC6AC34,1.0,1,SKD6G2261,74.0,1000.0,SKD11022067,0.0,0.0,,0.0,0.0,,0.0,0.0,,0.0,0.0,
LEC3DGTY-MC7AA34,1.0,1,SKD6G1552,58.0,1000.0,SKD11015067,0.0,0.0,,0.0,0.0,,0.0,0.0,,0.0,0.0,
LEC3DGTY-MC7BB34,1.0,1,SKD6G1552,58.0,1000.0,SKD11015067,0.0,0.0,,0.0,0.0,,0.0,0.0,,0.0,0.0,
LEC3DGTY-MR0AA34,1.0,1,SKD8B2940,78.0,1000.0,SKD11029082,0.0,0.0,,0.0,0.0,,0.0,0.0,,0.0,0.0,
LEC3DGTY-MR0CA34,1.0,1,SKD8B2940,78.0,1000.0,SKD11029082,0.0,0.0,,0.0,0.0,,0.0,0.0,,0.0,0.0,
LEC3DGTY-MS6AA34,1.0,1,SKD8B2940,78.0,1000.0,SKD11029082,0.0,0.0,,0.0,0.0,,0.0,0.0,,0.0,0.0,
LEC3DGTY-MS9AA34,1.0,1,SKD9Z3540,104.0,1000.0,SKD11035090,0.0,0.0,,0.0,0.0,,0.0,0.0,,0.0,0.0,
LEC3DGTY-MS9AB34,1.0,1,SKD8E3040,85.0,1000.0,SKD11030085,0.0,0.0,,0.0,0.0,,0.0,0.0,,0.0,0.0,
LEC3DGTY-MX1AA34,1.0,1,SKD6E3525,31.0,1000.0,SKD11035065,0.0,0.0,,0.0,0.0,,0.0,0.0,,0.0,0.0,
LEC3DGTY-MX3AA34,1.0,1,SKD6G2727,41.0,1000.0,SKD11027067,0.0,0.0,,0.0,0.0,,0.0,0.0,,0.0,0.0,
LEC3DGTY-MX4AA34,1.0,1,SKD6E3525,31.0,1000.0,SKD11035065,0.0,0.0,,0.0,0.0,,0.0,0.0,,0.0,0.0,
LEC3DGTY-MX5AA34,1.0,1,SKD6G2770,104.0,1000.0,SKD11027067,0.0,0.0,,0.0,0.0,,0.0,0.0,,0.0,0.0,
LEC3DGTY-MX5AB34,1.0,1,SKD6G2770,104.0,1000.0,SKD11027067,0.0,0.0,,0.0,0.0,,0.0,0.0,,0.0,0.0,
LEC3DGTY-MX6AA34,1.0,1,SKD6G2770,104.0,1000.0,SKD11027067,0.0,0.0,,0.0,0.0,,0.0,0.0,,0.0,0.0,
LEC3DGTY-MX6AB34,1.0,1,SKD6G2770,104.0,1000.0,SKD11027067,0.0,0.0,,0.0,0.0,,0.0,0.0,,0.0,0.0,
LEC3DGTY-MY2AA34,1.0,1,SKD6G2753,79.0,1000.0,SKD11027067,0.0,0.0,,0.0,0.0,,0.0,0.0,,0.0,0.0,
LEC3DGTY-MY3AA34,1.0,1,SKD6G2770,104.0,1000.0,SKD11027067,0.0,0.0,,0.0,0.0,,0.0,0.0,,0.0,0.0,
LEC3DGTY-MY3AB34,1.0,1,SKD6G2770,104.0,1000.0,SKD11027067,0.0,0.0,,0.0,0.0,,0.0,0.0,,0.0,0.0,
LEC3DGTY-MY4AA34,1.0,1,SKD6G2770,104.0,1000.0,SKD11027067,0.0,0.0,,0.0,0.0,,0.0,0.0,,0.0,0.0,
LEC3DGTY-MY4AB34,1.0,1,SKD6G2770,104.0,1000.0,SKD11027067,0.0,0.0,,0.0,0.0,,0.0,0.0,,0.0,0.0,
LEC3DGTY-MZ5AA34,1.0,1,SKD6G1570,58.0,1000.0,SKD11015067,0.0,0.0,,0.0,0.0,,0.0,0.0,,0.0,0.0,
LEC3DGTY-MZ5BA34,1.0,1,SKD6G1570,58.0,1000.0,SKD11015067,0.0,0.0,,0.0,0.0,,0.0,0.0,,0.0,0.0,
LEC3DGY6-MB1AA34,1.0,1,SKD6G2726,39.0,1000.0,SKD11027067,0.0,0.0,,0.0,0.0,,0.0,0.0,,0.0,0.0,
LEC3DGY6-MB2AA34,1.0,1,SKD6E4061,131.0,1000.0,SKD11040065,0.0,0.0,,0.0,0.0,,0.0,0.0,,0.0,0.0,
LEC3DGY6-MC1AA34,1.0,1,SKD6G4765,168.0,1000.0,SKD11047067,0.0,0.0,,0.0,0.0,,0.0,0.0,,0.0,0.0,
LEC3DGY6-MY2AA34,1.0,1,SKD6E4061,131.0,1000.0,SKD11040065,0.0,0.0,,0.0,0.0,,0.0,0.0,,0.0,0.0,
LEC3DGY6-MY3AA34,1.0,1,SKD6G3575,145.0,1000.0,SKD11035067,0.0,0.0,,0.0,0.0,,0.0,0.0,,0.0,0.0,
LEC3DGY6-MY3AB34,1.0,1,SKD6G3575,145.0,1000.0,SKD11035067,0.0,0.0,,0.0,0.0,,0.0,0.0,,0.0,0.0,
LEC3DT-MB1AA34,1.0,1,SKD6G2520,28.0,1000.0,SKD11025067,0.0,0.0,,0.0,0.0,,0.0,0.0,,0.0,0.0,
LEC3DT-MC6AA34,1.0,1,SKD6G2261,74.0,1000.0,SKD11022067,0.0,0.0,,0.0,0.0,,0.0,0.0,,0.0,0.0,
LEC3DT-MY5AA34,1.0,1,SKD7Z3076,131.0,1000.0,SKD11030070,0.0,0.0,,0.0,0.0,,0.0,0.0,,0.0,0.0,
LEC4B-DB1AA30,1.0,1,LEC4B-MB1AA30,1.0,1.0,SKD6G2519,27.0,1000.0,SKD11025067,0.0,0.0,,0.0,0.0,,0.0,0.0,
LEC4B-DB1AA42,1.0,1,LEC4B-MB1AA42,1.0,1.0,SKD6G2520,28.0,1000.0,SKD11025067,0.0,0.0,,0.0,0.0,,0.0,0.0,
LEC4B-DB2AA33,1.0,1,LEC4B-MB2AA33,1.0,1.0,SKD7Z3045,78.0,1000.0,SKD11030070,0.0,0.0,,0.0,0.0,,0.0,0.0,
LEC4B-DC2AA33,1.0,1,LEC4B-MC2AA33,1.0,1.0,SKD6G1584,70.0,1000.0,SKD11015067,0.0,0.0,,0.0,0.0,,0.0,0.0,
LEC4B-DC2AA36,1.0,1,LEC4B-MC2AA36,1.0,1.0,SKD6G1593,77.0,1000.0,SKD11015067,0.0,0.0,,0.0,0.0,,0.0,0.0,
LEC4BFY-MB1AA34,1.0,1,SKD6G2519,27.0,1000.0,SKD11025067,0.0,0.0,,0.0,0.0,,0.0,0.0,,0.0,0.0,
LEC4BFY-MB2AA34,1.0,1,SKD6E3550,94.0,1000.0,SKD11035065,0.0,0.0,,0.0,0.0,,0.0,0.0,,0.0,0.0,
LEC4BFY-MB5AA34,1.0,1,SKD6G1552,58.0,1000.0,SKD11015067,0.0,0.0,,0.0,0.0,,0.0,0.0,,0.0,0.0,
LEC4BFY-MY1AA34,1.0,1,SKD6G2526,36.0,1000.0,SKD11025067,0.0,0.0,,0.0,0.0,,0.0,0.0,,0.0,0.0,
LEC4BFY-MY2AA34,1.0,1,SKD6G2737,54.0,1000.0,SKD11027067,0.0,0.0,,0.0,0.0,,0.0,0.0,,0.0,0.0,
LEC4BFY-MY3AA34,1.0,1,SKD6E3560,117.0,1000.0,SKD11035065,0.0,0.0,,0.0,0.0,,0.0,0.0,,0.0,0.0,
LEC4BFY-MY4AA34,1.0,1,SKD6E3560,117.0,1000.0,SKD11035065,0.0,0.0,,0.0,0.0,,0.0,0.0,,0.0,0.0,
LEC4B-MB2AA34,1.0,1,SKD7Z3045,78.0,1000.0,SKD11030070,0.0,0.0,,0.0,0.0,,0.0,0.0,,0.0,0.0,
LEC4B-MB2AA36,1.0,1,SKD7Z3054,93.0,1000.0,SKD11030070,0.0,0.0,,0.0,0.0,,0.0,0.0,,0.0,0.0,
LEC4B-MB2AA38,1.0,1,SKD7Z3040,69.0,1000.0,SKD11030070,0.0,0.0,,0.0,0.0,,0.0,0.0,,0.0,0.0,
LEC4B-MB2AA42,1.0,1,SKD7Z3045,78.0,1000.0,SKD11030070,0.0,0.0,,0.0,0.0,,0.0,0.0,,0.0,0.0,
LEC4B-MC1AA33,1.0,1,SKD6G2554,75.0,1000.0,SKD11025067,0.0,0.0,,0.0,0.0,,0.0,0.0,,0.0,0.0,
LEC4B-MC2AA30,1.0,1,SKD6G1584,70.0,1000.0,SKD11015067,0.0,0.0,,0.0,0.0,,0.0,0.0,,0.0,0.0,
LEC4B-MC2AA38,1.0,1,SKD6G1584,70.0,1000.0,SKD11015067,0.0,0.0,,0.0,0.0,,0.0,0.0,,0.0,0.0,
LEC4B-MC3AA30,1.0,1,SKD6G1542,36.0,1000.0,SKD11015067,0.0,0.0,,0.0,0.0,,0.0,0.0,,0.0,0.0,
LEC4B-MC3AA33,1.0,1,SKD6G1542,36.0,1000.0,SKD11015067,0.0,0.0,,0.0,0.0,,0.0,0.0,,0.0,0.0,
LEC4B-MC3AA38,1.0,1,SKD6G1542,36.0,1000.0,SKD11015067,0.0,0.0,,0.0,0.0,,0.0,0.0,,0.0,0.0,
LEC4BS-MB2AA30,1.0,1,SKD7Z3040,69.0,1000.0,SKD11030070,0.0,0.0,,0.0,0.0,,0.0,0.0,,0.0,0.0,
LEC4BS-MB2AA34,1.0,1,SKD7Z3035,61.0,1000.0,SKD11030070,0.0,0.0,,0.0,0.0,,0.0,0.0,,0.0,0.0,
LEC4BS-MB2BA30,1.0,1,SKD7Z3040,69.0,1000.0,SKD11030070,0.0,0.0,,0.0,0.0,,0.0,0.0,,0.0,0.0,
LEC4BS-MB2BA34,1.0,1,SKD7Z3035,61.0,1000.0,SKD11030070,0.0,0.0,,0.0,0.0,,0.0,0.0,,0.0,0.0,
LEC4BS-MC1AA34,1.0,1,SKD7Z3054,93.0,1000.0,SKD11030070,0.0,0.0,,0.0,0.0,,0.0,0.0,,0.0,0.0,
LEC4BS-MC2AA34,1.0,1,SKD6G1542,36.0,1000.0,SKD11015067,0.0,0.0,,0.0,0.0,,0.0,0.0,,0.0,0.0,
LEC4BS-MC2AA34-SPOT,53.0,1000,SKD11022067,0.0,0.0,,0.0,0.0,,0.0,0.0,,0.0,0.0,,0.0,0.0,
LEC4BS-MR0AA30,1.0,1,SKD8E3022,47.0,1000.0,SKD11030085,0.0,0.0,,0.0,0.0,,0.0,0.0,,0.0,0.0,
LEC4BS-MR0AA34,1.0,1,SKD8E3030,63.0,1000.0,SKD11030085,0.0,0.0,,0.0,0.0,,0.0,0.0,,0.0,0.0,
LEC4BS-MR0AA38,1.0,1,SKD8E3030,63.0,1000.0,SKD11030085,0.0,0.0,,0.0,0.0,,0.0,0.0,,0.0,0.0,
LEC4BS-MR0AA38-TEMP,1.0,1,SKD8E3030,63.0,1000.0,SKD11030085,0.0,0.0,,0.0,0.0,,0.0,0.0,,0.0,0.0,
LEC4BS-MR0BA34,1.0,1,SKD8E3020,42.0,1000.0,SKD11030085,0.0,0.0,,0.0,0.0,,0.0,0.0,,0.0,0.0,
LEC4BS-MR0CA30,1.0,1,SKD8E3020,42.0,1000.0,SKD11030085,0.0,0.0,,0.0,0.0,,0.0,0.0,,0.0,0.0,
LEC4BS-MR0CA38,1.0,1,SKD8E3020,42.0,1000.0,SKD11030085,0.0,0.0,,0.0,0.0,,0.0,0.0,,0.0,0.0,
LEC4BS-MR0CA38-TEMP,1.0,1,SKD8E3020,42.0,1000.0,SKD11030085,0.0,0.0,,0.0,0.0,,0.0,0.0,,0.0,0.0,
LEC4BS-MS6AA30,1.0,1,SKD8E3030,63.0,1000.0,SKD11030085,0.0,0.0,,0.0,0.0,,0.0,0.0,,0.0,0.0,
LEC4BS-MS6AA34,1.0,1,SKD8E3030,63.0,1000.0,SKD11030085,0.0,0.0,,0.0,0.0,,0.0,0.0,,0.0,0.0,
LEC4BS-MS6AA38,1.0,1,SKD8B2931,62.0,1000.0,SKD11029082,0.0,0.0,,0.0,0.0,,0.0,0.0,,0.0,0.0,
LEC4BS-MS6AB34,1.0,1,SKD8E3030,63.0,1000.0,SKD11030085,0.0,0.0,,0.0,0.0,,0.0,0.0,,0.0,0.0,
LEC4BS-MS9AA30,1.0,1,SKD9Z3520,52.0,1000.0,SKD11035090,0.0,0.0,,0.0,0.0,,0.0,0.0,,0.0,0.0,
LEC4BS-MS9AA34,1.0,1,SKD9Z3520,52.0,1000.0,SKD11035090,0.0,0.0,,0.0,0.0,,0.0,0.0,,0.0,0.0,
LEC4BS-MS9AA38,1.0,1,SKD9Z3520,52.0,1000.0,SKD11035090,0.0,0.0,,0.0,0.0,,0.0,0.0,,0.0,0.0,
LEC4BS-MS9AB30,1.0,1,SKD8E3030,63.0,1000.0,SKD11030085,0.0,0.0,,0.0,0.0,,0.0,0.0,,0.0,0.0,
LEC4BS-MS9AB34,1.0,1,SKD8E3030,63.0,1000.0,SKD11030085,0.0,0.0,,0.0,0.0,,0.0,0.0,,0.0,0.0,
LEC4BS-MS9BA38,1.0,1,SKD8E3020,42.0,1000.0,SKD11030085,0.0,0.0,,0.0,0.0,,0.0,0.0,,0.0,0.0,
LEC4BS-MS9BA38-TEMP,1.0,1,SKD8E3020,42.0,1000.0,SKD11030085,0.0,0.0,,0.0,0.0,,0.0,0.0,,0.0,0.0,
LEC4BS-MY1AA34,1.0,1,SKD6G2523,32.0,1000.0,SKD11025067,0.0,0.0,,0.0,0.0,,0.0,0.0,,0.0,0.0,
LEC4BS-MY1AA34-TEMP,1.0,1,SKD6G2523,32.0,1000.0,SKD11025067,0.0,0.0,,0.0,0.0,,0.0,0.0,,0.0,0.0,
LEC4BS-MY2AA30,1.0,1,SKD7Z3032,56.0,1000.0,SKD11030070,0.0,0.0,,0.0,0.0,,0.0,0.0,,0.0,0.0,
LEC4BS-MY2AA34,1.0,1,SKD7Z3030,52.0,1000.0,SKD11030070,0.0,0.0,,0.0,0.0,,0.0,0.0,,0.0,0.0,
LEC4BS-MY2AA38,1.0,1,SKD7Z3032,56.0,1000.0,SKD11030070,0.0,0.0,,0.0,0.0,,0.0,0.0,,0.0,0.0,
LEC4BS-MY2AA38-TEMP,1.0,1,SKD7Z3032,56.0,1000.0,SKD11030070,0.0,0.0,,0.0,0.0,,0.0,0.0,,0.0,0.0,
LEC4BS-MY3AA30,1.0,1,SKD7Z3054,93.0,1000.0,SKD11030070,0.0,0.0,,0.0,0.0,,0.0,0.0,,0.0,0.0,
LEC4BS-MY3AA34,1.0,1,SKD7Z3054,93.0,1000.0,SKD11030070,0.0,0.0,,0.0,0.0,,0.0,0.0,,0.0,0.0,
LEC4BS-MY3AA34-TEMP,1.0,1,SKD7Z3054,93.0,1000.0,SKD11030070,0.0,0.0,,0.0,0.0,,0.0,0.0,,0.0,0.0,
LEC4BS-MY3AA38,1.0,1,SKD7Z3054,93.0,1000.0,SKD11030070,0.0,0.0,,0.0,0.0,,0.0,0.0,,0.0,0.0,
LEC4BS-MY3AA38-TEMP,1.0,1,SKD7Z3054,93.0,1000.0,SKD11030070,0.0,0.0,,0.0,0.0,,0.0,0.0,,0.0,0.0,
LEC4BS-MY4AA30,1.0,1,SKD7Z3054,93.0,1000.0,SKD11030070,0.0,0.0,,0.0,0.0,,0.0,0.0,,0.0,0.0,
LEC4BS-MY4AA34,1.0,1,SKD6E3555,103.0,1000.0,SKD11035065,0.0,0.0,,0.0,0.0,,0.0,0.0,,0.0,0.0,
LEC4BS-MY4AA38,1.0,1,SKD7Z3054,93.0,1000.0,SKD11030070,0.0,0.0,,0.0,0.0,,0.0,0.0,,0.0,0.0,
LEC4BS-MY6AA38,1.0,1,SKD6G2753,79.0,1000.0,SKD11027067,0.0,0.0,,0.0,0.0,,0.0,0.0,,0.0,0.0,
LEC4BS-MY6AA38-TEMP,1.0,1,SKD6G2753,79.0,1000.0,SKD11027067,0.0,0.0,,0.0,0.0,,0.0,0.0,,0.0,0.0,
LEC4BS-MZ5AA30,1.0,1,SKD6G1552,58.0,1000.0,SKD11015067,0.0,0.0,,0.0,0.0,,0.0,0.0,,0.0,0.0,
LEC4BS-MZ5AA34,1.0,1,SKD6G1552,58.0,1000.0,SKD11015067,0.0,0.0,,0.0,0.0,,0.0,0.0,,0.0,0.0,
LEC4BT-MW1AA34,1.0,1,SKD6G2524,33.0,1000.0,SKD11025067,0.0,0.0,,0.0,0.0,,0.0,0.0,,0.0,0.0,
LEC4BT-MW2AA34,1.0,1,SKD6G2745,67.0,1000.0,SKD11027067,0.0,0.0,,0.0,0.0,,0.0,0.0,,0.0,0.0,
LEC4BT-MX1AA34,1.0,1,SKD6E3525,31.0,1000.0,SKD11035065,0.0,0.0,,0.0,0.0,,0.0,0.0,,0.0,0.0,
LEC4BT-MX3AA30,1.0,1,SKD6G2718,27.0,1000.0,SKD11027067,0.0,0.0,,0.0,0.0,,0.0,0.0,,0.0,0.0,
LEC4BT-MX3AA34,1.0,1,SKD6G2718,27.0,1000.0,SKD11027067,0.0,0.0,,0.0,0.0,,0.0,0.0,,0.0,0.0,
LEC4BT-MX4AA34,1.0,1,SKD6E3525,31.0,1000.0,SKD11035065,0.0,0.0,,0.0,0.0,,0.0,0.0,,0.0,0.0,
LEC4BT-MX5AA30,1.0,1,SKD7Z3054,93.0,1000.0,SKD11030070,0.0,0.0,,0.0,0.0,,0.0,0.0,,0.0,0.0,
LEC4BT-MX5AA34,1.0,1,SKD7Z3054,93.0,1000.0,SKD11030070,0.0,0.0,,0.0,0.0,,0.0,0.0,,0.0,0.0,
LEC4BT-MX6AA30,1.0,1,SKD7Z3054,93.0,1000.0,SKD11030070,0.0,0.0,,0.0,0.0,,0.0,0.0,,0.0,0.0,
LEC4BT-MX6AA34,1.0,1,SKD7Z3054,93.0,1000.0,SKD11030070,0.0,0.0,,0.0,0.0,,0.0,0.0,,0.0,0.0,
LEC4BT-MZ5AA30,1.0,1,SKD6G1552,58.0,1000.0,SKD11015067,0.0,0.0,,0.0,0.0,,0.0,0.0,,0.0,0.0,
LEC4BT-MZ5AA34,1.0,1,SKD6G1552,58.0,1000.0,SKD11015067,0.0,0.0,,0.0,0.0,,0.0,0.0,,0.0,0.0,
LEC4BY-MB1AA34,1.0,1,SKD6G2718,27.0,1000.0,SKD11027067,0.0,0.0,,0.0,0.0,,0.0,0.0,,0.0,0.0,
LEC4BY-MB2AA34,1.0,1,SKD6G2537,51.0,1000.0,SKD11025067,0.0,0.0,,0.0,0.0,,0.0,0.0,,0.0,0.0,
LEC4BY-MB3AA34,1.0,1,SKD6G2554,75.0,1000.0,SKD11025067,0.0,0.0,,0.0,0.0,,0.0,0.0,,0.0,0.0,
LEC4BY-MB4AA34,1.0,1,SKD6G1542,36.0,1000.0,SKD11015067,0.0,0.0,,0.0,0.0,,0.0,0.0,,0.0,0.0,
LEC4C-DX1AA30,1.0,1,LEC4C-MX1AA30,1.0,1.0,SKD6G2753,79.0,1000.0,SKD11027067,0.0,0.0,,0.0,0.0,,0.0,0.0,
LEC4C-DX1AA38,1.0,1,LEC4C-MX1AA38,1.0,1.0,SKD6G2753,79.0,1000.0,SKD11027067,0.0,0.0,,0.0,0.0,,0.0,0.0,
LEC4C-DX4AA30,1.0,1,LEC4C-MX4AA30,1.0,1.0,SKD6G1556,62.0,1000.0,SKD11015067,0.0,0.0,,0.0,0.0,,0.0,0.0,
LEC4C-DX4AA38,1.0,1,LEC4C-MX4AA38,1.0,1.0,SKD6G1556,62.0,1000.0,SKD11015067,0.0,0.0,,0.0,0.0,,0.0,0.0,
LEC4C-DX5AA30,1.0,1,LEC4C-MX5AA30,1.0,1.0,SKD6G4754,140.0,1000.0,SKD11047067,0.0,0.0,,0.0,0.0,,0.0,0.0,
LEC4C-DY1AA38,1.0,1,LEC4C-MY1AA38,1.0,1.0,SKD6G2520,28.0,1000.0,SKD11025067,0.0,0.0,,0.0,0.0,,0.0,0.0,
LEC4C-DY3AA30,1.0,1,LEC4C-MY3AA30,1.0,1.0,SKD6G4754,140.0,1000.0,SKD11047067,0.0,0.0,,0.0,0.0,,0.0,0.0,
LEC4C-MX1AA33,1.0,1,SKD6G2761,91.0,1000.0,SKD11027067,0.0,0.0,,0.0,0.0,,0.0,0.0,,0.0,0.0,
LEC4C-MX4AA33,1.0,1,SKD6G1556,62.0,1000.0,SKD11015067,0.0,0.0,,0.0,0.0,,0.0,0.0,,0.0,0.0,
LEC4C-MY3AA38,1.0,1,SKD6G4754,140.0,1000.0,SKD11047067,0.0,0.0,,0.0,0.0,,0.0,0.0,,0.0,0.0,
LEC4C-MY3MA30,1.0,1,SKD6G4754,140.0,1000.0,SKD11047067,0.0,0.0,,0.0,0.0,,0.0,0.0,,0.0,0.0,
LEC4C-MY3MA38,1.0,1,SKD6G4754,140.0,1000.0,SKD11047067,0.0,0.0,,0.0,0.0,,0.0,0.0,,0.0,0.0,
LEC4C-MY3MB30,1.0,1,SKD6G4754,140.0,1000.0,SKD11047067,0.0,0.0,,0.0,0.0,,0.0,0.0,,0.0,0.0,
LEC4C-MY3PA30,1.0,1,SKD6G4754,140.0,1000.0,SKD11047067,0.0,0.0,,0.0,0.0,,0.0,0.0,,0.0,0.0,
LEC4CS-MB2AA30,1.0,1,SKD6E3543,87.0,1000.0,SKD11035065,0.0,0.0,,0.0,0.0,,0.0,0.0,,0.0,0.0,
LEC4-DB1AA33,1.0,1,LEC4-MB1AA33,1.0,1.0,SKD6E3317,30.0,1000.0,SKD11033065,0.0,0.0,,0.0,0.0,,0.0,0.0,
LEC4D-DB1AA30,1.0,1,LEC4D-MB1AA30,1.0,1.0,SKD6G2520,28.0,1000.0,SKD11025067,0.0,0.0,,0.0,0.0,,0.0,0.0,
LEC4DFTY-MY1AA34,1.0,1,SKD6G2526,36.0,1000.0,SKD11025067,0.0,0.0,,0.0,0.0,,0.0,0.0,,0.0,0.0,
LEC4DFY-MB2BA34,1.0,1,SKD6E4061,131.0,1000.0,SKD11040065,0.0,0.0,,0.0,0.0,,0.0,0.0,,0.0,0.0,
LEC4DFY-MC1BA34,1.0,1,SKD6G4754,140.0,1000.0,SKD11047067,0.0,0.0,,0.0,0.0,,0.0,0.0,,0.0,0.0,
LEC4DGTFY6-MB2AA34,1.0,1,SKD6E4054,116.0,1000.0,SKD11040065,0.0,0.0,,0.0,0.0,,0.0,0.0,,0.0,0.0,
LEC4DGTFY6-MB5AA34,1.0,1,SKD6E4054,116.0,1000.0,SKD11040065,0.0,0.0,,0.0,0.0,,0.0,0.0,,0.0,0.0,
LEC4DGTFY6-MB5BA34,1.0,1,SKD6E4054,116.0,1000.0,SKD11040065,0.0,0.0,,0.0,0.0,,0.0,0.0,,0.0,0.0,
LEC4DGTFY6-MC1AA34,1.0,1,SKD6G4754,140.0,1000.0,SKD11047067,0.0,0.0,,0.0,0.0,,0.0,0.0,,0.0,0.0,
LEC4DGTFY6-MC3AA34,1.0,1,SKD6G4754,140.0,1000.0,SKD11047067,0.0,0.0,,0.0,0.0,,0.0,0.0,,0.0,0.0,
LEC4DGTFY6-MC3BA34,1.0,1,SKD6G4754,140.0,1000.0,SKD11047067,0.0,0.0,,0.0,0.0,,0.0,0.0,,0.0,0.0,
LEC4DGTFY6-MC5AA34,1.0,1,SKD6G4754,140.0,1000.0,SKD11047067,0.0,0.0,,0.0,0.0,,0.0,0.0,,0.0,0.0,
LEC4DGTFY6-MR0AA34,1.0,1,SKD8E3030,63.0,1000.0,SKD11030085,0.0,0.0,,0.0,0.0,,0.0,0.0,,0.0,0.0,
LEC4DGTFY6-MR0CA34,1.0,1,SKD8B2130,43.0,1000.0,SKD11021082,0.0,0.0,,0.0,0.0,,0.0,0.0,,0.0,0.0,
LEC4DGTFY6-MS6AA34,1.0,1,SKD8E3034,72.0,1000.0,SKD11030085,0.0,0.0,,0.0,0.0,,0.0,0.0,,0.0,0.0,
LEC4DGTFY6-MX3AA34,1.0,1,SKD6E3525,31.0,1000.0,SKD11035065,0.0,0.0,,0.0,0.0,,0.0,0.0,,0.0,0.0,
LEC4DGTFY6-MX4AA34,1.0,1,SKD6G3527,52.0,1000.0,SKD11035067,0.0,0.0,,0.0,0.0,,0.0,0.0,,0.0,0.0,
LEC4DGTFY6-MX4BA34,1.0,1,SKD6G3527,52.0,1000.0,SKD11035067,0.0,0.0,,0.0,0.0,,0.0,0.0,,0.0,0.0,
LEC4DGTFY6-MX5AA34,1.0,1,SKD6E3560,117.0,1000.0,SKD11035065,0.0,0.0,,0.0,0.0,,0.0,0.0,,0.0,0.0,
LEC4DGTFY6-MX5BA34,1.0,1,SKD6E3560,117.0,1000.0,SKD11035065,0.0,0.0,,0.0,0.0,,0.0,0.0,,0.0,0.0,
LEC4DGTFY6-MX6AA34,1.0,1,SKD6E3560,117.0,1000.0,SKD11035065,0.0,0.0,,0.0,0.0,,0.0,0.0,,0.0,0.0,
LEC4DGTFY6-MX6BA34,1.0,1,SKD6E3560,117.0,1000.0,SKD11035065,0.0,0.0,,0.0,0.0,,0.0,0.0,,0.0,0.0,
LEC4DGTFY6-MX8AA34,1.0,1,SKD6E3527,33.0,1000.0,SKD11035065,0.0,0.0,,0.0,0.0,,0.0,0.0,,0.0,0.0,
LEC4DGTFY6-MY2AA34,1.0,1,SKD6E4045,96.0,1000.0,SKD11040065,0.0,0.0,,0.0,0.0,,0.0,0.0,,0.0,0.0,
LEC4DGTFY6-MY3AA34,1.0,1,SKD6E3560,117.0,1000.0,SKD11035065,0.0,0.0,,0.0,0.0,,0.0,0.0,,0.0,0.0,
LEC4DGTFY6-MY4AA34,1.0,1,SKD6E3560,117.0,1000.0,SKD11035065,0.0,0.0,,0.0,0.0,,0.0,0.0,,0.0,0.0,
LEC4DGTY-MY1AA34,1.0,1,SKD6G2525,35.0,1000.0,SKD11025067,0.0,0.0,,0.0,0.0,,0.0,0.0,,0.0,0.0,
LEC4D-MB2AA30,1.0,1,SKD7Z3035,61.0,1000.0,SKD11030070,0.0,0.0,,0.0,0.0,,0.0,0.0,,0.0,0.0,
LEC4D-MB5AA30,1.0,1,SKD6G2753,79.0,1000.0,SKD11027067,0.0,0.0,,0.0,0.0,,0.0,0.0,,0.0,0.0,
LEC4D-MC1AA30,1.0,1,SKD6G3555,106.0,1000.0,SKD11035067,0.0,0.0,,0.0,0.0,,0.0,0.0,,0.0,0.0,
LEC4D-MC1AB30,1.0,1,SKD6G3555,106.0,1000.0,SKD11035067,0.0,0.0,,0.0,0.0,,0.0,0.0,,0.0,0.0,
LEC4D-MC2AA30,1.0,1,SKD6G3555,106.0,1000.0,SKD11035067,0.0,0.0,,0.0,0.0,,0.0,0.0,,0.0,0.0,
LEC4D-MC3BA30,1.0,1,SKD6G3555,106.0,1000.0,SKD11035067,0.0,0.0,,0.0,0.0,,0.0,0.0,,0.0,0.0,
LEC4D-MC6AA30,1.0,1,SKD6G1542,36.0,1000.0,SKD11015067,0.0,0.0,,0.0,0.0,,0.0,0.0,,0.0,0.0,
LEC4D-MR0AA30,1.0,1,SKD8E3030,63.0,1000.0,SKD11030085,0.0,0.0,,0.0,0.0,,0.0,0.0,,0.0,0.0,
LEC4D-MS6AA30,1.0,1,SKD8E3030,63.0,1000.0,SKD11030085,0.0,0.0,,0.0,0.0,,0.0,0.0,,0.0,0.0,
LEC4D-MS9AA30,1.0,1,SKD9Z3520,52.0,1000.0,SKD11035090,0.0,0.0,,0.0,0.0,,0.0,0.0,,0.0,0.0,
LEC4D-MS9BA30,1.0,1,SKD9Z3520,52.0,1000.0,SKD11035090,0.0,0.0,,0.0,0.0,,0.0,0.0,,0.0,0.0,
LEC4D-MY1AA30,1.0,1,SKD6G2523,32.0,1000.0,SKD11025067,0.0,0.0,,0.0,0.0,,0.0,0.0,,0.0,0.0,
LEC4D-MY2AA30,1.0,1,SKD6G2732,48.0,1000.0,SKD11027067,0.0,0.0,,0.0,0.0,,0.0,0.0,,0.0,0.0,
LEC4D-MY2AB30,1.0,1,SKD6G2732,48.0,1000.0,SKD11027067,0.0,0.0,,0.0,0.0,,0.0,0.0,,0.0,0.0,
LEC4D-MY3AA30,1.0,1,SKD6G2753,79.0,1000.0,SKD11027067,0.0,0.0,,0.0,0.0,,0.0,0.0,,0.0,0.0,
LEC4D-MY4AA30,1.0,1,SKD7Z3054,93.0,1000.0,SKD11030070,0.0,0.0,,0.0,0.0,,0.0,0.0,,0.0,0.0,
LEC4D-MY6AA30,1.0,1,SKD6G2753,79.0,1000.0,SKD11027067,0.0,0.0,,0.0,0.0,,0.0,0.0,,0.0,0.0,
LEC4D-MZ5AA30,1.0,1,SKD5Z1252,26.0,1000.0,SKD11012050,0.0,0.0,,0.0,0.0,,0.0,0.0,,0.0,0.0,
LEC4-DS6AA36,1.0,1,LEC4-MS6AA36,1.0,1.0,SKD8E4065,182.0,1000.0,SKD11040085,0.0,0.0,,0.0,0.0,,0.0,0.0,
LEC4DSI-MB1AA38,1.0,1,SKD6G2518,24.0,1000.0,SKD11025067,0.0,0.0,,0.0,0.0,,0.0,0.0,,0.0,0.0,
LEC4DSI-MB2AA38,1.0,1,SKD6E4054,116.0,1000.0,SKD11040065,0.0,0.0,,0.0,0.0,,0.0,0.0,,0.0,0.0,
LEC4DSI-MB2BA38,1.0,1,SKD6E4054,116.0,1000.0,SKD11040065,0.0,0.0,,0.0,0.0,,0.0,0.0,,0.0,0.0,
LEC4DSI-MC1AA38,1.0,1,SKD6G4754,140.0,1000.0,SKD11047067,0.0,0.0,,0.0,0.0,,0.0,0.0,,0.0,0.0,
LEC4DSI-MC1BA38,1.0,1,SKD6G4754,140.0,1000.0,SKD11047067,0.0,0.0,,0.0,0.0,,0.0,0.0,,0.0,0.0,
LEC4DSI-MC2AB38,1.0,1,SKD6G4754,140.0,1000.0,SKD11047067,0.0,0.0,,0.0,0.0,,0.0,0.0,,0.0,0.0,
LEC4DTFY-MX3AA34,1.0,1,SKD6G2718,27.0,1000.0,SKD11027067,0.0,0.0,,0.0,0.0,,0.0,0.0,,0.0,0.0,
LEC4DTFY-MX4CA34,1.0,1,SKD6E4030,64.0,1000.0,SKD11040065,0.0,0.0,,0.0,0.0,,0.0,0.0,,0.0,0.0,
LEC4DTFY-MX4DA34,1.0,1,SKD6E4030,64.0,1000.0,SKD11040065,0.0,0.0,,0.0,0.0,,0.0,0.0,,0.0,0.0,
LEC4DTFY-MY1AA34,1.0,1,SKD6G2526,36.0,1000.0,SKD11025067,0.0,0.0,,0.0,0.0,,0.0,0.0,,0.0,0.0,
LEC4DTY-MB1AA34,1.0,1,SKD6G2518,24.0,1000.0,SKD11025067,0.0,0.0,,0.0,0.0,,0.0,0.0,,0.0,0.0,
LEC4DTY-MB2AA34,1.0,1,SKD6G3535,68.0,1000.0,SKD11035067,0.0,0.0,,0.0,0.0,,0.0,0.0,,0.0,0.0,
LEC4DTY-MB2AC34,1.0,1,SKD6E4054,116.0,1000.0,SKD11040065,0.0,0.0,,0.0,0.0,,0.0,0.0,,0.0,0.0,
LEC4DTY-MB4AA34,1.0,1,SKD6G3555,106.0,1000.0,SKD11035067,0.0,0.0,,0.0,0.0,,0.0,0.0,,0.0,0.0,
LEC4DTY-MC1AA34,1.0,1,SKD6G4754,140.0,1000.0,SKD11047067,0.0,0.0,,0.0,0.0,,0.0,0.0,,0.0,0.0,
LEC4DTY-MC4AA34,1.0,1,SKD6G4754,140.0,1000.0,SKD11047067,0.0,0.0,,0.0,0.0,,0.0,0.0,,0.0,0.0,
LEC4DTY-MC5AA34,1.0,1,SKD6G1542,36.0,1000.0,SKD11015067,0.0,0.0,,0.0,0.0,,0.0,0.0,,0.0,0.0,
LEC4DTY-MR0AA34,1.0,1,SKD8E3030,63.0,1000.0,SKD11030085,0.0,0.0,,0.0,0.0,,0.0,0.0,,0.0,0.0,
LEC4DTY-MS9AA34,1.0,1,SKD9Z3520,52.0,1000.0,SKD11035090,0.0,0.0,,0.0,0.0,,0.0,0.0,,0.0,0.0,
LEC4DTY-MW0AA34,1.0,1,SKD6G2753,79.0,1000.0,SKD11027067,0.0,0.0,,0.0,0.0,,0.0,0.0,,0.0,0.0,
LEC4DTY-MW1AA34,1.0,1,SKD6G2753,79.0,1000.0,SKD11027067,0.0,0.0,,0.0,0.0,,0.0,0.0,,0.0,0.0,
LEC4DTY-MX2AA34,1.0,1,SKD6G2753,79.0,1000.0,SKD11027067,0.0,0.0,,0.0,0.0,,0.0,0.0,,0.0,0.0,
LEC4DTY-MX4AA34,1.0,1,SKD6G2753,79.0,1000.0,SKD11027067,0.0,0.0,,0.0,0.0,,0.0,0.0,,0.0,0.0,
LEC4DTY-MX5AA34,1.0,1,SKD6G2753,79.0,1000.0,SKD11027067,0.0,0.0,,0.0,0.0,,0.0,0.0,,0.0,0.0,
LEC4DTY-MX6AB34,1.0,1,SKD6E3525,31.0,1000.0,SKD11035065,0.0,0.0,,0.0,0.0,,0.0,0.0,,0.0,0.0,
LEC4DTY-MX8AA34,1.0,1,SKD6G2718,27.0,1000.0,SKD11027067,0.0,0.0,,0.0,0.0,,0.0,0.0,,0.0,0.0,
LEC4DTY-MX9AA34,1.0,1,SKD6E3525,31.0,1000.0,SKD11035065,0.0,0.0,,0.0,0.0,,0.0,0.0,,0.0,0.0,
LEC4DTY-MY1AA34,1.0,1,SKD6G2525,35.0,1000.0,SKD11025067,0.0,0.0,,0.0,0.0,,0.0,0.0,,0.0,0.0,
LEC4DTY-MY2AA34,1.0,1,SKD6G2732,48.0,1000.0,SKD11027067,0.0,0.0,,0.0,0.0,,0.0,0.0,,0.0,0.0,
LEC4DTY-MY3AA34,1.0,1,SKD6G2753,79.0,1000.0,SKD11027067,0.0,0.0,,0.0,0.0,,0.0,0.0,,0.0,0.0,
LEC4DTY-MY4AA34,1.0,1,SKD6G2753,79.0,1000.0,SKD11027067,0.0,0.0,,0.0,0.0,,0.0,0.0,,0.0,0.0,
LEC4DTY-MY6AA34,1.0,1,SKD6G2753,79.0,1000.0,SKD11027067,0.0,0.0,,0.0,0.0,,0.0,0.0,,0.0,0.0,
LEC4DTY-MY7AA34,1.0,1,SKD6G2753,79.0,1000.0,SKD11027067,0.0,0.0,,0.0,0.0,,0.0,0.0,,0.0,0.0,
LEC4DTY-MZ5AA34,1.0,1,SKD6G1556,62.0,1000.0,SKD11015067,0.0,0.0,,0.0,0.0,,0.0,0.0,,0.0,0.0,
LEC4DTY-MZ5BA34,1.0,1,SKD6G1556,62.0,1000.0,SKD11015067,0.0,0.0,,0.0,0.0,,0.0,0.0,,0.0,0.0,
LEC4-DY1AA34,1.0,1,LEC4-MY1AA34,1.0,1.0,SKD6G2523,32.0,1000.0,SKD11025067,0.0,0.0,,0.0,0.0,,0.0,0.0,
LEC4-DY1AA38,1.0,1,LEC4-MY1AA38,1.0,1.0,SKD6G2520,28.0,1000.0,SKD11025067,0.0,0.0,,0.0,0.0,,0.0,0.0,
LEC4-DY1AA42,1.0,1,LEC4-MY1AA42,1.0,1.0,SKD6G2523,32.0,1000.0,SKD11025067,0.0,0.0,,0.0,0.0,,0.0,0.0,
LEC4-DY2AA36,1.0,1,LEC4-MY2AA36,1.0,1.0,SKD6G1542,36.0,1000.0,SKD11015067,0.0,0.0,,0.0,0.0,,0.0,0.0,
LEC4-DY7AA36,1.0,1,LEC4-MY7AA36,1.0,1.0,SKD6G1565,54.0,1000.0,SKD11015067,0.0,0.0,,0.0,0.0,,0.0,0.0,
LEC4DYFY-MX3AA34,1.0,1,SKD6G2718,27.0,1000.0,SKD11027067,0.0,0.0,,0.0,0.0,,0.0,0.0,,0.0,0.0,
LEC4DY-MR0AA34,1.0,1,SKD8E3030,63.0,1000.0,SKD11030085,0.0,0.0,,0.0,0.0,,0.0,0.0,,0.0,0.0,
LEC4DY-MR0CA34,1.0,1,SKD8B2130,43.0,1000.0,SKD11021082,0.0,0.0,,0.0,0.0,,0.0,0.0,,0.0,0.0,
LEC4DY-MS6AA34,1.0,1,SKD8E3030,63.0,1000.0,SKD11030085,0.0,0.0,,0.0,0.0,,0.0,0.0,,0.0,0.0,
LEC4DY-MS6GA34,1.0,1,SKD8E3030,63.0,1000.0,SKD11030085,0.0,0.0,,0.0,0.0,,0.0,0.0,,0.0,0.0,
LEC4DY-MS9AA34,1.0,1,SKD9Z3520,52.0,1000.0,SKD11035090,0.0,0.0,,0.0,0.0,,0.0,0.0,,0.0,0.0,
LEC4DY-MS9AB34,1.0,1,SKD8E3034,72.0,1000.0,SKD11030085,0.0,0.0,,0.0,0.0,,0.0,0.0,,0.0,0.0,
LEC4-MB2AA33,1.0,1,SKD6G3535,68.0,1000.0,SKD11035067,0.0,0.0,,0.0,0.0,,0.0,0.0,,0.0,0.0,
LEC4-MB4AA33,1.0,1,SKD6G2261,74.0,1000.0,SKD11022067,0.0,0.0,,0.0,0.0,,0.0,0.0,,0.0,0.0,
LEC4-MW2AA30,1.0,1,SKD6G1552,58.0,1000.0,SKD11015067,0.0,0.0,,0.0,0.0,,0.0,0.0,,0.0,0.0,
LEC4-MW3AA30,1.0,1,SKD6G2261,74.0,1000.0,SKD11022067,0.0,0.0,,0.0,0.0,,0.0,0.0,,0.0,0.0,
LEC4-MY2AA33,1.0,1,SKD6G1556,62.0,1000.0,SKD11015067,0.0,0.0,,0.0,0.0,,0.0,0.0,,0.0,0.0,
LEC4-MY2AA38,1.0,1,SKD6G1535,41.0,1000.0,SKD11015067,0.0,0.0,,0.0,0.0,,0.0,0.0,,0.0,0.0,
LEC4-MY2AA42,1.0,1,SKD6G1535,41.0,1000.0,SKD11015067,0.0,0.0,,0.0,0.0,,0.0,0.0,,0.0,0.0,
LEC4-MY3AA33,1.0,1,SKD7Z3060,104.0,1000.0,SKD11030070,0.0,0.0,,0.0,0.0,,0.0,0.0,,0.0,0.0,
LEC4-MY3AA34,1.0,1,SKD6G2761,91.0,1000.0,SKD11027067,0.0,0.0,,0.0,0.0,,0.0,0.0,,0.0,0.0,
LEC4-MY3AA36,1.0,1,SKD6G2761,91.0,1000.0,SKD11027067,0.0,0.0,,0.0,0.0,,0.0,0.0,,0.0,0.0,
LEC4-MY3AA38,1.0,1,SKD6G2753,79.0,1000.0,SKD11027067,0.0,0.0,,0.0,0.0,,0.0,0.0,,0.0,0.0,
LEC4-MY3AA42,1.0,1,SKD6G2761,91.0,1000.0,SKD11027067,0.0,0.0,,0.0,0.0,,0.0,0.0,,0.0,0.0,
LEC4-MY5AA33,1.0,1,SKD7Z3060,104.0,1000.0,SKD11030070,0.0,0.0,,0.0,0.0,,0.0,0.0,,0.0,0.0,
LEC4-MY5AA34,1.0,1,SKD6G2761,91.0,1000.0,SKD11027067,0.0,0.0,,0.0,0.0,,0.0,0.0,,0.0,0.0,
LEC4-MY5AA36,1.0,1,SKD6G2761,91.0,1000.0,SKD11027067,0.0,0.0,,0.0,0.0,,0.0,0.0,,0.0,0.0,
LEC4-MY5AA38,1.0,1,SKD6G2753,79.0,1000.0,SKD11027067,0.0,0.0,,0.0,0.0,,0.0,0.0,,0.0,0.0,
LEC4-MY5AA42,1.0,1,SKD6G2761,91.0,1000.0,SKD11027067,0.0,0.0,,0.0,0.0,,0.0,0.0,,0.0,0.0,
LEC4-MY7AA33,1.0,1,SKD6G1556,62.0,1000.0,SKD11015067,0.0,0.0,,0.0,0.0,,0.0,0.0,,0.0,0.0,
LEC4-MY7AA34,1.0,1,SKD6G1556,62.0,1000.0,SKD11015067,0.0,0.0,,0.0,0.0,,0.0,0.0,,0.0,0.0,
LEC4-MY7AA38,1.0,1,SKD6G1556,62.0,1000.0,SKD11015067,0.0,0.0,,0.0,0.0,,0.0,0.0,,0.0,0.0,
LEC4-MY7AA42,1.0,1,SKD6G1556,62.0,1000.0,SKD11015067,0.0,0.0,,0.0,0.0,,0.0,0.0,,0.0,0.0,
LEC4-MY9BA30,1.0,1,SKD6G2753,79.0,1000.0,SKD11027067,0.0,0.0,,0.0,0.0,,0.0,0.0,,0.0,0.0,
LEC5B-DB1AA30,1.0,1,LEC5B-MB1AA30,1.0,1.0,SKD6G2520,28.0,1000.0,SKD11025067,0.0,0.0,,0.0,0.0,,0.0,0.0,
LEC5B-DC2AA30,1.0,1,LEC5B-MC2AA30,1.0,1.0,SKD6G1556,62.0,1000.0,SKD11015067,0.0,0.0,,0.0,0.0,,0.0,0.0,
LEC5B-DY1AA30,1.0,1,LEC5B-MY1AA30,1.0,1.0,SKD6G2519,27.0,1000.0,SKD11025067,0.0,0.0,,0.0,0.0,,0.0,0.0,
LEC5B-DY2AA30,1.0,1,LEC5B-MY2AA30,1.0,1.0,SKD6G1535,41.0,1000.0,SKD11015067,0.0,0.0,,0.0,0.0,,0.0,0.0,
LEC5B-DY3AA30,1.0,1,LEC5B-MY3AA30,1.0,1.0,SKD6G2535,49.0,1000.0,SKD11025067,0.0,0.0,,0.0,0.0,,0.0,0.0,
LEC5B-DY5AA30,1.0,1,LEC5B-MY5AA30,1.0,1.0,SKD6G2745,67.0,1000.0,SKD11027067,0.0,0.0,,0.0,0.0,,0.0,0.0,
LEC6B-MS6AA30,1.0,1,SKD8E3038,80.0,1000.0,SKD11030085,0.0,0.0,,0.0,0.0,,0.0,0.0,,0.0,0.0,
LEC6B-MS6AC30,1.0,1,SKD8E3022,47.0,1000.0,SKD11030085,0.0,0.0,,0.0,0.0,,0.0,0.0,,0.0,0.0,
LEC6B-MS6BA30,1.0,1,SKD8E3030,63.0,1000.0,SKD11030085,0.0,0.0,,0.0,0.0,,0.0,0.0,,0.0,0.0,
LEC6B-MS6BD30,1.0,1,SKD8E3030,63.0,1000.0,SKD11030085,0.0,0.0,,0.0,0.0,,0.0,0.0,,0.0,0.0,
LEC6B-MS6DA30,1.0,1,SKD8E3030,63.0,1000.0,SKD11030085,0.0,0.0,,0.0,0.0,,0.0,0.0,,0.0,0.0,
LEC6B-MS9BC30,1.0,1,SKD8E3020,42.0,1000.0,SKD11030085,0.0,0.0,,0.0,0.0,,0.0,0.0,,0.0,0.0,
LEC6BSC-MB1AA34,1.0,1,SKD6G2518,24.0,1000.0,SKD11025067,0.0,0.0,,0.0,0.0,,0.0,0.0,,0.0,0.0,
LEC6BSC-MB1AA38,1.0,1,SKD6G2518,24.0,1000.0,SKD11025067,0.0,0.0,,0.0,0.0,,0.0,0.0,,0.0,0.0,
LEC6BSC-MB2AA34,1.0,1,SKD6G2218,24.0,1000.0,SKD11022067,0.0,0.0,,0.0,0.0,,0.0,0.0,,0.0,0.0,
LEC6BSC-MB2AA38,1.0,1,SKD6G2218,24.0,1000.0,SKD11022067,0.0,0.0,,0.0,0.0,,0.0,0.0,,0.0,0.0,
LEC6BSC-MB3AA38,1.0,1,SKD8B2144,63.0,1000.0,SKD11021082,0.0,0.0,,0.0,0.0,,0.0,0.0,,0.0,0.0,
LEC6BSC-MB5AA34,1.0,1,SKD8B2144,63.0,1000.0,SKD11021082,0.0,0.0,,0.0,0.0,,0.0,0.0,,0.0,0.0,
LEC6BSC-MB5AA38,1.0,1,SKD8B2144,63.0,1000.0,SKD11021082,0.0,0.0,,0.0,0.0,,0.0,0.0,,0.0,0.0,
LEC6BSC-MY1AA34,1.0,1,SKD6G2720,30.0,1000.0,SKD11027067,0.0,0.0,,0.0,0.0,,0.0,0.0,,0.0,0.0,
LEC6BSC-MY1AA38,1.0,1,SKD6G2519,27.0,1000.0,SKD11025067,0.0,0.0,,0.0,0.0,,0.0,0.0,,0.0,0.0,
LEC6BSD-MB1AA30,1.0,1,SKD6G2518,24.0,1000.0,SKD11025067,0.0,0.0,,0.0,0.0,,0.0,0.0,,0.0,0.0,
LEC6BSD-MB2AA30,1.0,1,SKD6G2218,24.0,1000.0,SKD11022067,0.0,0.0,,0.0,0.0,,0.0,0.0,,0.0,0.0,
LEC6BSD-MB3AA30,1.0,1,SKD8B2130,43.0,1000.0,SKD11021082,0.0,0.0,,0.0,0.0,,0.0,0.0,,0.0,0.0,
LEC6BSD-MB5AA30,1.0,1,SKD8B2144,63.0,1000.0,SKD11021082,0.0,0.0,,0.0,0.0,,0.0,0.0,,0.0,0.0,
LEC6BSD-MC3AA30,1.0,1,SKD8B2144,63.0,1000.0,SKD11021082,0.0,0.0,,0.0,0.0,,0.0,0.0,,0.0,0.0,
LEC6BSD-MX2AA30,1.0,1,SKD6G2727,41.0,1000.0,SKD11027067,0.0,0.0,,0.0,0.0,,0.0,0.0,,0.0,0.0,
LEC6BSD-MY1AA30,1.0,1,SKD6G2519,27.0,1000.0,SKD11025067,0.0,0.0,,0.0,0.0,,0.0,0.0,,0.0,0.0,
LEC6BS-MR0AA30,1.0,1,SKD8E3022,47.0,1000.0,SKD11030085,0.0,0.0,,0.0,0.0,,0.0,0.0,,0.0,0.0,
LEC6BS-MR0BA30,1.0,1,SKD8E3030,63.0,1000.0,SKD11030085,0.0,0.0,,0.0,0.0,,0.0,0.0,,0.0,0.0,
LEC6BS-MR0BB38,1.0,1,SKD8E3030,63.0,1000.0,SKD11030085,0.0,0.0,,0.0,0.0,,0.0,0.0,,0.0,0.0,
LEC6BS-MR0BC36,1.0,1,SKD8E3030,63.0,1000.0,SKD11030085,0.0,0.0,,0.0,0.0,,0.0,0.0,,0.0,0.0,
LEC6BS-MR0CA30,1.0,1,SKD8B2125,36.0,1000.0,SKD11021082,0.0,0.0,,0.0,0.0,,0.0,0.0,,0.0,0.0,
LEC6BS-MS6AA30,1.0,1,SKD8E3030,63.0,1000.0,SKD11030085,0.0,0.0,,0.0,0.0,,0.0,0.0,,0.0,0.0,
LEC6BS-MS6FA38,1.0,1,SKD8E3030,63.0,1000.0,SKD11030085,0.0,0.0,,0.0,0.0,,0.0,0.0,,0.0,0.0,
LEC6BS-MS9AB30,1.0,1,SKD9Z3520,52.0,1000.0,SKD11035090,0.0,0.0,,0.0,0.0,,0.0,0.0,,0.0,0.0,
LEC6BS-MS9AB36,1.0,1,SKD9Z3520,52.0,1000.0,SKD11035090,0.0,0.0,,0.0,0.0,,0.0,0.0,,0.0,0.0,
LEC6BS-MS9AB38,1.0,1,SKD9Z3520,52.0,1000.0,SKD11035090,0.0,0.0,,0.0,0.0,,0.0,0.0,,0.0,0.0,
LEC6BS-MS9AC36,1.0,1,SKD9Z3520,52.0,1000.0,SKD11035090,0.0,0.0,,0.0,0.0,,0.0,0.0,,0.0,0.0,
LEC6BS-MS9AC38,1.0,1,SKD9Z3520,52.0,1000.0,SKD11035090,0.0,0.0,,0.0,0.0,,0.0,0.0,,0.0,0.0,
LEC6BS-MS9BA30,1.0,1,SKD9Z3520,52.0,1000.0,SKD11035090,0.0,0.0,,0.0,0.0,,0.0,0.0,,0.0,0.0,
LEC6BS-MS9BB30,1.0,1,SKD9Z3520,52.0,1000.0,SKD11035090,0.0,0.0,,0.0,0.0,,0.0,0.0,,0.0,0.0,
LEC6BS-MS9CA38,1.0,1,SKD6G2718,27.0,1000.0,SKD11027067,0.0,0.0,,0.0,0.0,,0.0,0.0,,0.0,0.0,
LEC6BT-MB1AA38,1.0,1,SKD6G3585,164.0,1000.0,SKD11035067,0.0,0.0,,0.0,0.0,,0.0,0.0,,0.0,0.0,
LEC6BT-MR0AA30,1.0,1,SKD8E3030,63.0,1000.0,SKD11030085,0.0,0.0,,0.0,0.0,,0.0,0.0,,0.0,0.0,
LEC6BT-MR0CA30,1.0,1,SKD8E3020,42.0,1000.0,SKD11030085,0.0,0.0,,0.0,0.0,,0.0,0.0,,0.0,0.0,
LEC6BT-MR0DA30,1.0,1,SKD8E3020,42.0,1000.0,SKD11030085,0.0,0.0,,0.0,0.0,,0.0,0.0,,0.0,0.0,
LEC6BT-MS6AA30,1.0,1,SKD8E3030,63.0,1000.0,SKD11030085,0.0,0.0,,0.0,0.0,,0.0,0.0,,0.0,0.0,
LEC6BT-MS6AC30,1.0,1,SKD8E3030,63.0,1000.0,SKD11030085,0.0,0.0,,0.0,0.0,,0.0,0.0,,0.0,0.0,
LEC6BT-MS6CA30,1.0,1,SKD8E3030,63.0,1000.0,SKD11030085,0.0,0.0,,0.0,0.0,,0.0,0.0,,0.0,0.0,
LEC6BT-MS9BA38,1.0,1,SKD6G2222,27.0,1000.0,SKD11022067,0.0,0.0,,0.0,0.0,,0.0,0.0,,0.0,0.0,
LEC6BT-MY1AA38,1.0,1,SKD6G3527,52.0,1000.0,SKD11035067,0.0,0.0,,0.0,0.0,,0.0,0.0,,0.0,0.0,
LEC6BT-MY1BA38,1.0,1,SKD6G3527,52.0,1000.0,SKD11035067,0.0,0.0,,0.0,0.0,,0.0,0.0,,0.0,0.0,
LEC6BT-MY4AA34,1.0,1,SKD6G3545,87.0,1000.0,SKD11035067,0.0,0.0,,0.0,0.0,,0.0,0.0,,0.0,0.0,
LEC6BT-MY4AA38,1.0,1,SKD6G3545,87.0,1000.0,SKD11035067,0.0,0.0,,0.0,0.0,,0.0,0.0,,0.0,0.0,
LEC6BT-MY6AA38,1.0,1,SKD6G2745,67.0,1000.0,SKD11027067,0.0,0.0,,0.0,0.0,,0.0,0.0,,0.0,0.0,
LEC6CS-MB1AA17,1.0,1,SKD6G2518,24.0,1000.0,SKD11025067,0.0,0.0,,0.0,0.0,,0.0,0.0,,0.0,0.0,
LEC6CS-MB1AA18,1.0,1,SKD6G2518,24.0,1000.0,SKD11025067,0.0,0.0,,0.0,0.0,,0.0,0.0,,0.0,0.0,
LEC6CS-MB1AA19,1.0,1,SKD6G2518,24.0,1000.0,SKD11025067,0.0,0.0,,0.0,0.0,,0.0,0.0,,0.0,0.0,
LEC6CS-MB1AA20,1.0,1,SKD6G2518,24.0,1000.0,SKD11025067,0.0,0.0,,0.0,0.0,,0.0,0.0,,0.0,0.0,
LEC6CS-MB2AA17,1.0,1,SKD6G2515,21.0,1000.0,SKD11025067,0.0,0.0,,0.0,0.0,,0.0,0.0,,0.0,0.0,
LEC6CS-MB2AA18,1.0,1,SKD6G2518,24.0,1000.0,SKD11025067,0.0,0.0,,0.0,0.0,,0.0,0.0,,0.0,0.0,
LEC6CS-MB2AA19,1.0,1,SKD6G2515,21.0,1000.0,SKD11025067,0.0,0.0,,0.0,0.0,,0.0,0.0,,0.0,0.0,
LEC6CS-MB3AA19,1.0,1,SKD6G2527,38.0,1000.0,SKD11025067,0.0,0.0,,0.0,0.0,,0.0,0.0,,0.0,0.0,
LEC6CS-MB4A19,1.0,1,SKD6G2726,39.0,1000.0,SKD11027067,0.0,0.0,,0.0,0.0,,0.0,0.0,,0.0,0.0,
LEC6CS-MB4AA19,1.0,1,SKD6E3327,51.0,1000.0,SKD11033065,0.0,0.0,,0.0,0.0,,0.0,0.0,,0.0,0.0,
LEC6CS-MB5AA19,1.0,1,SKD6G2545,62.0,1000.0,SKD11025067,0.0,0.0,,0.0,0.0,,0.0,0.0,,0.0,0.0,
LEC6CS-MB6AA19,1.0,1,SKD6G2745,67.0,1000.0,SKD11027067,0.0,0.0,,0.0,0.0,,0.0,0.0,,0.0,0.0,
LEC6CS-MY1AA18,1.0,1,SKD6G2522,31.0,1000.0,SKD11025067,0.0,0.0,,0.0,0.0,,0.0,0.0,,0.0,0.0,
LEC6CS-MY1AA19,1.0,1,SKD6G2518,24.0,1000.0,SKD11025067,0.0,0.0,,0.0,0.0,,0.0,0.0,,0.0,0.0,
LEC6CS-MY1AA20,1.0,1,SKD6G2524,33.0,1000.0,SKD11025067,0.0,0.0,,0.0,0.0,,0.0,0.0,,0.0,0.0,
LEC6CS-MY2AA18,1.0,1,SKD6G2726,39.0,1000.0,SKD11027067,0.0,0.0,,0.0,0.0,,0.0,0.0,,0.0,0.0,
LEC6CS-MY2AA19,1.0,1,SKD6G2726,39.0,1000.0,SKD11027067,0.0,0.0,,0.0,0.0,,0.0,0.0,,0.0,0.0,
LEC6CS-MY3AA17,1.0,1,SKD6G2745,67.0,1000.0,SKD11027067,0.0,0.0,,0.0,0.0,,0.0,0.0,,0.0,0.0,
LEC6CS-MY3AA18,1.0,1,SKD6G2753,79.0,1000.0,SKD11027067,0.0,0.0,,0.0,0.0,,0.0,0.0,,0.0,0.0,
LEC6CS-MY3AA19,1.0,1,SKD6G2745,67.0,1000.0,SKD11027067,0.0,0.0,,0.0,0.0,,0.0,0.0,,0.0,0.0,
LEC6CS-MY3AA20,1.0,1,SKD6G2753,79.0,1000.0,SKD11027067,0.0,0.0,,0.0,0.0,,0.0,0.0,,0.0,0.0,
LEC6CS-MY4AA17,1.0,1,SKD7Z3045,78.0,1000.0,SKD11030070,0.0,0.0,,0.0,0.0,,0.0,0.0,,0.0,0.0,
LEC6CS-MY4AA18,1.0,1,SKD7Z3054,93.0,1000.0,SKD11030070,0.0,0.0,,0.0,0.0,,0.0,0.0,,0.0,0.0,
LEC6CS-MY4AA19,1.0,1,SKD7Z3045,78.0,1000.0,SKD11030070,0.0,0.0,,0.0,0.0,,0.0,0.0,,0.0,0.0,
LEC6CS-MY4AA20,1.0,1,SKD7Z3045,78.0,1000.0,SKD11030070,0.0,0.0,,0.0,0.0,,0.0,0.0,,0.0,0.0,
LEC6CS-MZ5AA19,1.0,1,SKD5Z1270,41.0,1000.0,SKD11012050,0.0,0.0,,0.0,0.0,,0.0,0.0,,0.0,0.0,
LEC6CS-MZ5AB17,1.0,1,SKD5Z1252,26.0,1000.0,SKD11012050,0.0,0.0,,0.0,0.0,,0.0,0.0,,0.0,0.0,
LEC6CS-MZ5AB18,1.0,1,SKD5Z1252,26.0,1000.0,SKD11012050,0.0,0.0,,0.0,0.0,,0.0,0.0,,0.0,0.0,
LEC6CS-MZ5AB19,1.0,1,SKD5Z1252,26.0,1000.0,SKD11012050,0.0,0.0,,0.0,0.0,,0.0,0.0,,0.0,0.0,
LEC6CS-MZ5AB20,1.0,1,SKD5Z1252,26.0,1000.0,SKD11012050,0.0,0.0,,0.0,0.0,,0.0,0.0,,0.0,0.0,
LEC6CT-MB1AA19,1.0,1,SKD6G2554,75.0,1000.0,SKD11025067,0.0,0.0,,0.0,0.0,,0.0,0.0,,0.0,0.0,
LEC6CT-MB2AA19,1.0,1,SKD6G2535,49.0,1000.0,SKD11025067,0.0,0.0,,0.0,0.0,,0.0,0.0,,0.0,0.0,
LEC6CT-MY1AA19,1.0,1,SKD6E3525,31.0,1000.0,SKD11035065,0.0,0.0,,0.0,0.0,,0.0,0.0,,0.0,0.0,
LEC6CT-MY4AA19,1.0,1,SKD6G3545,87.0,1000.0,SKD11035067,0.0,0.0,,0.0,0.0,,0.0,0.0,,0.0,0.0,
LEC6CT-MZ5AA19,1.0,1,SKD6G1542,36.0,1000.0,SKD11015067,0.0,0.0,,0.0,0.0,,0.0,0.0,,0.0,0.0,
LEC6DSIB-MB1AA38,1.0,1,SKD6G2518,24.0,1000.0,SKD11025067,0.0,0.0,,0.0,0.0,,0.0,0.0,,0.0,0.0,
LEC6DSIB-MB1AA42,1.0,1,SKD6G2518,24.0,1000.0,SKD11025067,0.0,0.0,,0.0,0.0,,0.0,0.0,,0.0,0.0,
LEC6DSIB-MB2AA38,1.0,1,SKD6E4045,96.0,1000.0,SKD11040065,0.0,0.0,,0.0,0.0,,0.0,0.0,,0.0,0.0,
LEC6DSIB-MB2AA42,1.0,1,SKD6E4045,96.0,1000.0,SKD11040065,0.0,0.0,,0.0,0.0,,0.0,0.0,,0.0,0.0,
LEC6DSIB-MB2BA38,1.0,1,SKD6E4045,96.0,1000.0,SKD11040065,0.0,0.0,,0.0,0.0,,0.0,0.0,,0.0,0.0,
LEC6DSIB-MB2BA42,1.0,1,SKD6E4045,96.0,1000.0,SKD11040065,0.0,0.0,,0.0,0.0,,0.0,0.0,,0.0,0.0,
LEC6DSIB-MC1AA38,1.0,1,SKD6G4744,114.0,1000.0,SKD11047067,0.0,0.0,,0.0,0.0,,0.0,0.0,,0.0,0.0,
LEC6DSIB-MC1AA42,1.0,1,SKD6G4744,114.0,1000.0,SKD11047067,0.0,0.0,,0.0,0.0,,0.0,0.0,,0.0,0.0,
LEC6DSIB-MC1BA38,1.0,1,SKD6G4744,114.0,1000.0,SKD11047067,0.0,0.0,,0.0,0.0,,0.0,0.0,,0.0,0.0,
LEC6DSIB-MC1BA42,1.0,1,SKD6G4744,114.0,1000.0,SKD11047067,0.0,0.0,,0.0,0.0,,0.0,0.0,,0.0,0.0,
LEC6DSIB-MC2AA38,1.0,1,SKD6G4744,114.0,1000.0,SKD11047067,0.0,0.0,,0.0,0.0,,0.0,0.0,,0.0,0.0,
LEC6DSIB-MC2AA42,1.0,1,SKD6G4744,114.0,1000.0,SKD11047067,0.0,0.0,,0.0,0.0,,0.0,0.0,,0.0,0.0,
LEC6DSIB-MR0AA38,1.0,1,SKD8E3053,113.0,1000.0,SKD11030085,0.0,0.0,,0.0,0.0,,0.0,0.0,,0.0,0.0,
LEC6DSIB-MR0AA42,1.0,1,SKD8E3053,113.0,1000.0,SKD11030085,0.0,0.0,,0.0,0.0,,0.0,0.0,,0.0,0.0,
LEC6DSIB-MS6AA42,1.0,1,SKD8B2948,94.0,1000.0,SKD11029082,0.0,0.0,,0.0,0.0,,0.0,0.0,,0.0,0.0,
LEC6DSIB-MS6BA42,1.0,1,SKD8B2948,94.0,1000.0,SKD11029082,0.0,0.0,,0.0,0.0,,0.0,0.0,,0.0,0.0,
LEC6DSIB-MS9AA42,1.0,1,SKD9Z3547,123.0,1000.0,SKD11035090,0.0,0.0,,0.0,0.0,,0.0,0.0,,0.0,0.0,
LEC6DSIB-MX1AA38,1.0,1,SKD6E3525,31.0,1000.0,SKD11035065,0.0,0.0,,0.0,0.0,,0.0,0.0,,0.0,0.0,
LEC6DSIB-MX1BA38,1.0,1,SKD6E3525,31.0,1000.0,SKD11035065,0.0,0.0,,0.0,0.0,,0.0,0.0,,0.0,0.0,
LEC6DSIB-MX2AA34,1.0,1,SKD6E3530,56.0,1000.0,SKD11035067,0.0,0.0,,0.0,0.0,,0.0,0.0,,0.0,0.0,
LEC6F-MB2AA20,1.0,1,SKD6G2518,24.0,1000.0,SKD11025067,0.0,0.0,,0.0,0.0,,0.0,0.0,,0.0,0.0,
LEC6F-MR0AA17,1.0,1,SKD8E3030,63.0,1000.0,SKD11030085,0.0,0.0,,0.0,0.0,,0.0,0.0,,0.0,0.0,
LEC6F-MR0AA20,1.0,1,SKD8E3030,63.0,1000.0,SKD11030085,0.0,0.0,,0.0,0.0,,0.0,0.0,,0.0,0.0,
LEC6F-MR0AA30,1.0,1,SKD8E3022,47.0,1000.0,SKD11030085,0.0,0.0,,0.0,0.0,,0.0,0.0,,0.0,0.0,
LEC6F-MR0BA20,1.0,1,SKD9Z3530,78.0,1000.0,SKD11035090,0.0,0.0,,0.0,0.0,,0.0,0.0,,0.0,0.0,
LEC6F-MR0CA17,1.0,1,SKD8B2125,36.0,1000.0,SKD11021082,0.0,0.0,,0.0,0.0,,0.0,0.0,,0.0,0.0,
LEC6F-MS6AA17,1.0,1,SKD9Z3530,78.0,1000.0,SKD11035090,0.0,0.0,,0.0,0.0,,0.0,0.0,,0.0,0.0,
LEC6F-MS6BA20,1.0,1,SKD9Z3530,78.0,1000.0,SKD11035090,0.0,0.0,,0.0,0.0,,0.0,0.0,,0.0,0.0,
LEC6F-MS9AB17,1.0,1,SKD9Z3520,52.0,1000.0,SKD11035090,0.0,0.0,,0.0,0.0,,0.0,0.0,,0.0,0.0,
LEC6F-MS9AB20,1.0,1,SKD9Z3520,52.0,1000.0,SKD11035090,0.0,0.0,,0.0,0.0,,0.0,0.0,,0.0,0.0,
LEC6-MB2AA30,1.0,1,SKD7Z3035,61.0,1000.0,SKD11030070,0.0,0.0,,0.0,0.0,,0.0,0.0,,0.0,0.0,
LEC6-MB2CA30,1.0,1,SKD7Z3032,56.0,1000.0,SKD11030070,0.0,0.0,,0.0,0.0,,0.0,0.0,,0.0,0.0,
LEC6-MC1AA30,1.0,1,SKD6G2545,62.0,1000.0,SKD11025067,0.0,0.0,,0.0,0.0,,0.0,0.0,,0.0,0.0,
LEC6-MC2AA30,1.0,1,SKD6G1565,54.0,1000.0,SKD11015067,0.0,0.0,,0.0,0.0,,0.0,0.0,,0.0,0.0,
LEC6-MR0AA30,1.0,1,SKD8E3022,47.0,1000.0,SKD11030085,0.0,0.0,,0.0,0.0,,0.0,0.0,,0.0,0.0,
LEC6-MR0AB30,1.0,1,SKD8E3030,63.0,1000.0,SKD11030085,0.0,0.0,,0.0,0.0,,0.0,0.0,,0.0,0.0,
LEC6-MR0BA30,1.0,1,SKD8E3022,47.0,1000.0,SKD11030085,0.0,0.0,,0.0,0.0,,0.0,0.0,,0.0,0.0,
LEC6-MR0BB30,1.0,1,SKD8E3030,63.0,1000.0,SKD11030085,0.0,0.0,,0.0,0.0,,0.0,0.0,,0.0,0.0,
LEC6-MS6AA30,1.0,1,SKD9Z3520,52.0,1000.0,SKD11035090,0.0,0.0,,0.0,0.0,,0.0,0.0,,0.0,0.0,
LEC6-MS6AB30,1.0,1,SKD8E3030,63.0,1000.0,SKD11030085,0.0,0.0,,0.0,0.0,,0.0,0.0,,0.0,0.0,
LEC6-MS6BA30,1.0,1,SKD8E3022,47.0,1000.0,SKD11030085,0.0,0.0,,0.0,0.0,,0.0,0.0,,0.0,0.0,
LEC6-MS6BB30,1.0,1,SKD8E3030,63.0,1000.0,SKD11030085,0.0,0.0,,0.0,0.0,,0.0,0.0,,0.0,0.0,
LEC6-MS6BC30,1.0,1,SKD8E3030,63.0,1000.0,SKD11030085,0.0,0.0,,0.0,0.0,,0.0,0.0,,0.0,0.0,
LEC6-MS9AA30,1.0,1,SKD9Z3530,78.0,1000.0,SKD11035090,0.0,0.0,,0.0,0.0,,0.0,0.0,,0.0,0.0,
LEC6-MS9AB30,1.0,1,SKD9Z3540,104.0,1000.0,SKD11035090,0.0,0.0,,0.0,0.0,,0.0,0.0,,0.0,0.0,
LEC6-MS9BA30,1.0,1,SKD9Z3520,52.0,1000.0,SKD11035090,0.0,0.0,,0.0,0.0,,0.0,0.0,,0.0,0.0,
LEC6-MS9BB30,1.0,1,SKD9Z3530,78.0,1000.0,SKD11035090,0.0,0.0,,0.0,0.0,,0.0,0.0,,0.0,0.0,
LEC7BSC-MB1BA42,1.0,1,SKD6G2518,24.0,1000.0,SKD11025067,0.0,0.0,,0.0,0.0,,0.0,0.0,,0.0,0.0,
LEC7BSC-MB1BA48,1.0,1,SKD6G2518,24.0,1000.0,SKD11025067,0.0,0.0,,0.0,0.0,,0.0,0.0,,0.0,0.0,
LEC7BSC-MB2BA42,1.0,1,SKD6G2218,24.0,1000.0,SKD11022067,0.0,0.0,,0.0,0.0,,0.0,0.0,,0.0,0.0,
LEC7BSC-MB2BA48,1.0,1,SKD6G2218,24.0,1000.0,SKD11022067,0.0,0.0,,0.0,0.0,,0.0,0.0,,0.0,0.0,
LEC7BSC-MC3AA48,1.0,1,SKD8B2140,57.0,1000.0,SKD11021082,0.0,0.0,,0.0,0.0,,0.0,0.0,,0.0,0.0,
LEC7BSC-MF1GA36,1.0,1,SKD8B2125,36.0,1000.0,SKD11021082,0.0,0.0,,0.0,0.0,,0.0,0.0,,0.0,0.0,
LEC7BSC-MF5AA48,1.0,1,SKD8B2140,57.0,1000.0,SKD11021082,0.0,0.0,,0.0,0.0,,0.0,0.0,,0.0,0.0,
LEC7BSC-MR0AA38,1.0,1,SKD8B2940,78.0,1000.0,SKD11029082,0.0,0.0,,0.0,0.0,,0.0,0.0,,0.0,0.0,
LEC7BSC-MR0AA38-MITU,1.0,1,SKD8B2940,78.0,1000.0,SKD11029082,0.0,0.0,,0.0,0.0,,0.0,0.0,,0.0,0.0,
LEC7BSC-MR0BA36,1.0,1,SKD8E3034,72.0,1000.0,SKD11030085,0.0,0.0,,0.0,0.0,,0.0,0.0,,0.0,0.0,
LEC7BSC-MR0BA38,1.0,1,SKD8B2125,36.0,1000.0,SKD11021082,0.0,0.0,,0.0,0.0,,0.0,0.0,,0.0,0.0,
LEC7BSC-MR0BA48,1.0,1,SKD8B2140,57.0,1000.0,SKD11021082,0.0,0.0,,0.0,0.0,,0.0,0.0,,0.0,0.0,
LEC7BSC-MR0CA36,1.0,1,SKD8B2140,57.0,1000.0,SKD11021082,0.0,0.0,,0.0,0.0,,0.0,0.0,,0.0,0.0,
LEC7BSC-MR0CA38,1.0,1,SKD8B2135,50.0,1000.0,SKD11021082,0.0,0.0,,0.0,0.0,,0.0,0.0,,0.0,0.0,
LEC7BSC-MR2AA36,1.0,1,SKD6G2726,39.0,1000.0,SKD11027067,0.0,0.0,,0.0,0.0,,0.0,0.0,,0.0,0.0,
LEC7BSC-MR2AA48,1.0,1,SKD6E3325,44.0,1000.0,SKD11033065,0.0,0.0,,0.0,0.0,,0.0,0.0,,0.0,0.0,
LEC7BSC-MR2BA48,1.0,1,SKD6E3327,51.0,1000.0,SKD11033065,0.0,0.0,,0.0,0.0,,0.0,0.0,,0.0,0.0,
LEC7BSC-MR3AA36,1.0,1,SKD6G2745,67.0,1000.0,SKD11027067,0.0,0.0,,0.0,0.0,,0.0,0.0,,0.0,0.0,
LEC7BSC-MR4AA36,1.0,1,SKD7Z3038,66.0,1000.0,SKD11030070,0.0,0.0,,0.0,0.0,,0.0,0.0,,0.0,0.0,
LEC7BSC-MS6AA38,1.0,1,SKD8B2940,78.0,1000.0,SKD11029082,0.0,0.0,,0.0,0.0,,0.0,0.0,,0.0,0.0,
LEC7BSC-MS6AA38-MITU,1.0,1,SKD8B2940,78.0,1000.0,SKD11029082,0.0,0.0,,0.0,0.0,,0.0,0.0,,0.0,0.0,
LEC7BSC-MS6BA36,1.0,1,SKD8E3034,72.0,1000.0,SKD11030085,0.0,0.0,,0.0,0.0,,0.0,0.0,,0.0,0.0,
LEC7BSC-MS6BA38,1.0,1,SKD8B2925,49.0,1000.0,SKD11029082,0.0,0.0,,0.0,0.0,,0.0,0.0,,0.0,0.0,
LEC7BSC-MS6CA36,1.0,1,SKD8E3038,80.0,1000.0,SKD11030085,0.0,0.0,,0.0,0.0,,0.0,0.0,,0.0,0.0,
LEC7BSC-MS6CA38,1.0,1,SKD8B2938,75.0,1000.0,SKD11029082,0.0,0.0,,0.0,0.0,,0.0,0.0,,0.0,0.0,
LEC7BSC-MS9AA38,1.0,1,SKD9Z3540,104.0,1000.0,SKD11035090,0.0,0.0,,0.0,0.0,,0.0,0.0,,0.0,0.0,
LEC7BSC-MS9AA38-MITU,1.0,1,SKD9Z3540,104.0,1000.0,SKD11035090,0.0,0.0,,0.0,0.0,,0.0,0.0,,0.0,0.0,
LEC7BSC-MS9BA36,1.0,1,SKD6Z1836,32.0,1000.0,SKD11018060,0.0,0.0,,0.0,0.0,,0.0,0.0,,0.0,0.0,
LEC7BSC-MS9BA38,1.0,1,SKD8E3020,42.0,1000.0,SKD11030085,0.0,0.0,,0.0,0.0,,0.0,0.0,,0.0,0.0,
LEC7BSC-MS9BA48,1.0,1,SKD6G2242,51.0,1000.0,SKD11022067,0.0,0.0,,0.0,0.0,,0.0,0.0,,0.0,0.0,
LEC7BSC-MX1AA48,1.0,1,SKD6G2718,27.0,1000.0,SKD11027067,0.0,0.0,,0.0,0.0,,0.0,0.0,,0.0,0.0,
LEC7BSC-MY3AA48,1.0,1,SKD6G2745,67.0,1000.0,SKD11027067,0.0,0.0,,0.0,0.0,,0.0,0.0,,0.0,0.0,
LEC7BSC-MY4AA48,1.0,1,SKD6E3338,67.0,1000.0,SKD11033065,0.0,0.0,,0.0,0.0,,0.0,0.0,,0.0,0.0,
LEC7BSC-MY6AA48,1.0,1,SKD6E3538,87.0,1000.0,SKD11035065,0.0,0.0,,0.0,0.0,,0.0,0.0,,0.0,0.0,
LEC7BSD-MS6BA30,1.0,1,SKD8B2920,39.0,1000.0,SKD11029082,0.0,0.0,,0.0,0.0,,0.0,0.0,,0.0,0.0,
LEC7BSD-MW1AA30,1.0,1,SKD6G2515,21.0,1000.0,SKD11025067,0.0,0.0,,0.0,0.0,,0.0,0.0,,0.0,0.0,
LEC7BSD-MW1BA30,1.0,1,SKD6G2515,21.0,1000.0,SKD11025067,0.0,0.0,,0.0,0.0,,0.0,0.0,,0.0,0.0,
LEC7BSD-MX1AA30,1.0,1,SKD6G2515,21.0,1000.0,SKD11025067,0.0,0.0,,0.0,0.0,,0.0,0.0,,0.0,0.0,
LEC7BSD-MX1BA30,1.0,1,SKD6G2515,21.0,1000.0,SKD11025067,0.0,0.0,,0.0,0.0,,0.0,0.0,,0.0,0.0,
LEC7BSD-MX2AA30,1.0,1,SKD6G2727,41.0,1000.0,SKD11027067,0.0,0.0,,0.0,0.0,,0.0,0.0,,0.0,0.0,
LEC8BSC-MB1AA38,1.0,1,SKD5E2532,38.0,1000.0,SKD11025055,0.0,0.0,,0.0,0.0,,0.0,0.0,,0.0,0.0,
LEC8BSC-MB2AA34,1.0,1,SKD6G2218,24.0,1000.0,SKD11022067,0.0,0.0,,0.0,0.0,,0.0,0.0,,0.0,0.0,
LEC8BSC-MB5AA38,1.0,1,SKD6G2531,43.0,1000.0,SKD11025067,0.0,0.0,,0.0,0.0,,0.0,0.0,,0.0,0.0,
LEC8BSC-MB5AA38-MITU,1.0,1,SKD6G2531,43.0,1000.0,SKD11025067,0.0,0.0,,0.0,0.0,,0.0,0.0,,0.0,0.0,
LEC8BSC-MB6BA38,1.0,1,SKD8B2932,63.0,1000.0,SKD11029082,0.0,0.0,,0.0,0.0,,0.0,0.0,,0.0,0.0,
LEC8BSC-MR0AA38,1.0,1,SKD8B2932,63.0,1000.0,SKD11029082,0.0,0.0,,0.0,0.0,,0.0,0.0,,0.0,0.0,
LEC8BSC-MR0AA38-MITU,1.0,1,SKD8B2932,63.0,1000.0,SKD11029082,0.0,0.0,,0.0,0.0,,0.0,0.0,,0.0,0.0,
LEC8BSC-MR0BA38,1.0,1,SKD8B2135,50.0,1000.0,SKD11021082,0.0,0.0,,0.0,0.0,,0.0,0.0,,0.0,0.0,
LEC8BSC-MS6AA38,1.0,1,SKD8B2932,63.0,1000.0,SKD11029082,0.0,0.0,,0.0,0.0,,0.0,0.0,,0.0,0.0,
LEC8BSC-MS6AA38-MITU,1.0,1,SKD8B2932,63.0,1000.0,SKD11029082,0.0,0.0,,0.0,0.0,,0.0,0.0,,0.0,0.0,
LEC8BSC-MS6BA38,1.0,1,SKD8B2932,63.0,1000.0,SKD11029082,0.0,0.0,,0.0,0.0,,0.0,0.0,,0.0,0.0,
LEC8BSC-MS9AA38,1.0,1,SKD8E3034,72.0,1000.0,SKD11030085,0.0,0.0,,0.0,0.0,,0.0,0.0,,0.0,0.0,
LEC8BSC-MS9AA38-MITU,1.0,1,SKD8E3034,72.0,1000.0,SKD11030085,0.0,0.0,,0.0,0.0,,0.0,0.0,,0.0,0.0,
LEC8BSC-MS9BA38,1.0,1,SKD6Z1836,32.0,1000.0,SKD11018060,0.0,0.0,,0.0,0.0,,0.0,0.0,,0.0,0.0,
LEC8BSC-MY1AA38,1.0,1,SKD6G2715,22.0,1000.0,SKD11027067,0.0,0.0,,0.0,0.0,,0.0,0.0,,0.0,0.0,
LEC8BSC-MY2AA38,1.0,1,SKD7Z3025,49.0,1000.0,SKD11030070,0.0,0.0,,0.0,0.0,,0.0,0.0,,0.0,0.0,
LEC8BSC-MY3AA34,1.0,1,SKD6G3530,58.0,1000.0,SKD11035067,0.0,0.0,,0.0,0.0,,0.0,0.0,,0.0,0.0,
LEC8BSC-MY3AA38,1.0,1,SKD7Z3030,53.0,1000.0,SKD1103070,0.0,0.0,,0.0,0.0,,0.0,0.0,,0.0,0.0,
LEC8BSC-MY4AA38,1.0,1,SKD7Z3030,53.0,1000.0,SKD1103070,0.0,0.0,,0.0,0.0,,0.0,0.0,,0.0,0.0,
LECCNY-DB2A33,1.0,1,LECCNY-MB2A33,1.0,1.0,S6H3865,140.0,1000.0,SUJ3038068,0.0,0.0,,0.0,0.0,,0.0,0.0,
LECCNY-DB9A33,1.0,1,LECCNY-MB9A33,1.0,1.0,S6H3850,130.0,1000.0,SUJ3038068,0.0,0.0,,0.0,0.0,,0.0,0.0,
LECCNY-DC0A33,1.0,1,LECCNY-MC0A33,1.0,1.0,S6H3828,75.0,1000.0,SUJ3038068,0.0,0.0,,0.0,0.0,,0.0,0.0,
LECCNY-DC5AA33,1.0,1,LECCNY-MC5AA33,1.0,1.0,S6H3280,170.0,1000.0,SUJ3032068,0.0,0.0,,0.0,0.0,,0.0,0.0,
LECCNY-DY1A33,1.0,1,LECCNY-MY1A33,1.0,1.0,S6H3828,75.0,1000.0,SUJ3038068,0.0,0.0,,0.0,0.0,,0.0,0.0,
LEC-DB1NB,1.0,1,LEC-MB1NB,1.0,1.0,S6H2020P,40.0,1000.0,SUJ3047068,0.0,0.0,,0.0,0.0,,0.0,0.0,
LEC-DB2NE,1.0,1,LEC-MB2NE,1.0,1.0,S6H2020P,40.0,1000.0,SUJ3047068,0.0,0.0,,0.0,0.0,,0.0,0.0,
LEC-DB3NE,1.0,1,LEC-MB3NE,1.0,1.0,S6H4722,75.0,1000.0,SUJ3047068-H,0.0,0.0,,0.0,0.0,,0.0,0.0,
LEC-DB3Y,1.0,1,LEC-MB3Y,1.0,1.0,S6H2265P,80.0,1000.0,SUJ3047068-H,0.0,0.0,,0.0,0.0,,0.0,0.0,
LEC-DB4N,1.0,1,LEC-MB4N,1.0,1.0,S6H3416P,45.0,1000.0,SUJ3038068,0.0,0.0,,0.0,0.0,,0.0,0.0,
LEC-DB8N,1.0,1,LEC-MB8N,1.0,1.0,S6H2315P,30.0,1000.0,SUJ3032068,0.0,0.0,,0.0,0.0,,0.0,0.0,
LEC-DC1X,1.0,1,LEC-MC1X,1.0,1.0,S6H2285P,120.0,1000.0,SUJ3047068-H,0.0,0.0,,0.0,0.0,,0.0,0.0,
LEC-DC3Y,1.0,1,LEC-MC3Y,1.0,1.0,S6H2265P,80.0,1000.0,SUJ3047068-H,0.0,0.0,,0.0,0.0,,0.0,0.0,
LEC-DX0,1.0,1,LEC-MX0,1.0,1.0,S6H2315P,30.0,1000.0,SUJ3032068,0.0,0.0,,0.0,0.0,,0.0,0.0,
LEC-DX1,1.0,1,LEC-MX1,1.0,1.0,S6H2315P,30.0,1000.0,SUJ3032068,0.0,0.0,,0.0,0.0,,0.0,0.0,
LEC-DX3,1.0,1,LEC-MX3,1.0,1.0,S6H2520P,50.0,1000.0,SUJ3038068,0.0,0.0,,0.0,0.0,,0.0,0.0,
LEC-DY2B,1.0,1,LEC-MY2B,1.0,1.0,S6H2315P,30.0,1000.0,SUJ3032068,0.0,0.0,,0.0,0.0,,0.0,0.0,
LEC-DY7Y,1.0,1,LEC-MY7Y,1.0,1.0,S6H3818,45.0,1000.0,SUJ3038068,0.0,0.0,,0.0,0.0,,0.0,0.0,
LEC-DY8,1.0,1,LEC-MY8,1.0,1.0,S161634,85.0,1000.0,SUJ3016016,0.0,0.0,,0.0,0.0,,0.0,0.0,
LEC-DY8Y,1.0,1,LEC-MY8Y,1.0,1.0,S6H3832,80.0,1000.0,SUJ3038068,0.0,0.0,,0.0,0.0,,0.0,0.0,
LEC-DY9,1.0,1,LEC-MY9,1.0,1.0,S6H3416P,45.0,1000.0,SUJ3038068,0.0,0.0,,0.0,0.0,,0.0,0.0,
LECNY3G-MB2AA33,1.0,1,SKD6G2548,66.0,1000.0,SKD11025067,0.0,0.0,,0.0,0.0,,0.0,0.0,,0.0,0.0,
LECNY3G-MB4BA33,1.0,1,SKD6G1552,58.0,1000.0,SKD11015067,0.0,0.0,,0.0,0.0,,0.0,0.0,,0.0,0.0,
LECNY3G-MY2AA33,1.0,1,SKD6G2745,67.0,1000.0,SKD11027067,0.0,0.0,,0.0,0.0,,0.0,0.0,,0.0,0.0,
LECNY3G-MY4AA33,1.0,1,SKD6G2770,104.0,1000.0,SKD11027067,0.0,0.0,,0.0,0.0,,0.0,0.0,,0.0,0.0,
LECNY3G-MZ5AA33,1.0,1,SKD6G1565,54.0,1000.0,SKD11015067,0.0,0.0,,0.0,0.0,,0.0,0.0,,0.0,0.0,
LECNY3-MB1AA33,1.0,1,SKD6G2720,30.0,1000.0,SKD11027067,0.0,0.0,,0.0,0.0,,0.0,0.0,,0.0,0.0,
LECNY3-MB2AA33,1.0,1,SKD6G2753,79.0,1000.0,SKD11027067,0.0,0.0,,0.0,0.0,,0.0,0.0,,0.0,0.0,
LECNY3-MB4AA33,1.0,1,SKD6G1556,62.0,1000.0,SKD11015067,0.0,0.0,,0.0,0.0,,0.0,0.0,,0.0,0.0,
LECNY3-MY2AA33,1.0,1,SKD6G2248,59.0,1000.0,SKD11022067,0.0,0.0,,0.0,0.0,,0.0,0.0,,0.0,0.0,
LECNY3-MY3AA33,1.0,1,SKD6G2770,104.0,1000.0,SKD11027067,0.0,0.0,,0.0,0.0,,0.0,0.0,,0.0,0.0,
LECNY3-MY5AA33,1.0,1,SKD6G2770,104.0,1000.0,SKD11027067,0.0,0.0,,0.0,0.0,,0.0,0.0,,0.0,0.0,
LECNY4-DY1AA33,1.0,1,LECNY4-MY1AA33,1.0,1.0,SKD6G2523,32.0,1000.0,SKD11025067,0.0,0.0,,0.0,0.0,,0.0,0.0,
LECNY4-DY2AA33,1.0,1,LECNY4-MY2AA33,1.0,1.0,SKD6G1535,41.0,1000.0,SKD11015067,0.0,0.0,,0.0,0.0,,0.0,0.0,
LECNY4-DY3AA33,1.0,1,LECNY4-MY3AA33,1.0,1.0,SKD6G3555,106.0,1000.0,SKD11035067,0.0,0.0,,0.0,0.0,,0.0,0.0,
LECNY4-DY5AA33,1.0,1,LECNY4-MY5AA33,1.0,1.0,SKD6G3555,106.0,1000.0,SKD11035067,0.0,0.0,,0.0,0.0,,0.0,0.0,
LECNY4-DY7AA33,1.0,1,LECNY4-MY7AA33,1.0,1.0,SKD6G1556,62.0,1000.0,SKD11015067,0.0,0.0,,0.0,0.0,,0.0,0.0,
LECNY4-MX0AA33,1.0,1,SKD6G4754,140.0,1000.0,SKD11047067,0.0,0.0,,0.0,0.0,,0.0,0.0,,0.0,0.0,
LECNY4-MY8AA33,1.0,1,SKD6G3555,106.0,1000.0,SKD11035067,0.0,0.0,,0.0,0.0,,0.0,0.0,,0.0,0.0,
LECNY4-MY9AA33,1.0,1,SKD6G4754,140.0,1000.0,SKD11047067,0.0,0.0,,0.0,0.0,,0.0,0.0,,0.0,0.0,
LECNY-DB1A33,1.0,1,LECNY-MB1A33,1.0,1.0,S6H2130P,50.0,1000.0,SUJ3038068,0.0,0.0,,0.0,0.0,,0.0,0.0,
LECNY-DB2AB33,1.0,1,LECNY-MB2AB33,1.0,1.0,SKD6G2737,54.0,1000.0,SKD11027067,0.0,0.0,,0.0,0.0,,0.0,0.0,
LECNY-DB4B33,1.0,1,LECNY-MB4B33,1.0,1.0,SKD6G1584,70.0,1000.0,SKD11015067,0.0,0.0,,0.0,0.0,,0.0,0.0,
LECNY-DB4C33,1.0,1,LECNY-MB4C33,1.0,1.0,SKD6G1542,36.0,1000.0,SKD11015067,0.0,0.0,,0.0,0.0,,0.0,0.0,
LECNY-DT7A33,1.0,1,LECNY-MT7A33,1.0,1.0,S161655,120.0,1000.0,SUJ3019019,0.0,0.0,,0.0,0.0,,0.0,0.0,
LECNY-DY3A33,1.0,1,LECNY-MY3A33,1.0,1.0,S6H3255,100.0,1000.0,SUJ3032068,0.0,0.0,,0.0,0.0,,0.0,0.0,
LECNY-DY5A33,1.0,1,LECNY-MY5A33,1.0,1.0,S6H2630P,55.0,1000.0,SUJ3038068,0.0,0.0,,0.0,0.0,,0.0,0.0,
LECNY-DY8A33,1.0,1,LECNY-MY8A33,1.0,1.0,S6H2630P,55.0,1000.0,SUJ3038068,0.0,0.0,,0.0,0.0,,0.0,0.0,
LECNY-DY9B33,1.0,1,S6H4772,220.0,1000.0,SUJ3047068-H,0.0,0.0,,0.0,0.0,,0.0,0.0,,0.0,0.0,
LECNY-MB1AB33,1.0,1,SKD6E3517,21.0,1000.0,SKD11035065,0.0,0.0,,0.0,0.0,,0.0,0.0,,0.0,0.0,
LECS-DY1XA33,1.0,1,LECS-MY1XA33,1.0,1.0,SKD6E3525,31.0,1000.0,SKD11035065,0.0,0.0,,0.0,0.0,,0.0,0.0,
LECS-MB1XA33,1.0,1,SKD6E3525,31.0,1000.0,SKD11035065,0.0,0.0,,0.0,0.0,,0.0,0.0,,0.0,0.0,
LECS-MB2XA33,1.0,1,SKD6G3555,106.0,1000.0,SKD11035067,0.0,0.0,,0.0,0.0,,0.0,0.0,,0.0,0.0,
LECS-MB4AA33,1.0,1,SKD6G1565,54.0,1000.0,SKD11015067,0.0,0.0,,0.0,0.0,,0.0,0.0,,0.0,0.0,
LECS-MX2AA33,1.0,1,SKD6G2278,95.0,1000.0,SKD11022067,0.0,0.0,,0.0,0.0,,0.0,0.0,,0.0,0.0,
LECS-MX3XA33,1.0,1,SKD6G2278,95.0,1000.0,SKD11022067,0.0,0.0,,0.0,0.0,,0.0,0.0,,0.0,0.0,
LECS-MY2AA33,1.0,1,SKD6G2261,74.0,1000.0,SKD11022067,0.0,0.0,,0.0,0.0,,0.0,0.0,,0.0,0.0,
LECS-MY5XA33,1.0,1,SKD6G2278,95.0,1000.0,SKD11022067,0.0,0.0,,0.0,0.0,,0.0,0.0,,0.0,0.0,
LHT4-DB1AA30,1.0,1,LHT4-MB1AA30,1.0,1.0,SKD6E3515,19.0,1000.0,SKD11035065,0.0,0.0,,0.0,0.0,,0.0,0.0,
LHT4-DB1AA33,1.0,1,LHT4-MB1AA33,1.0,1.0,SKD6E3315,26.0,1000.0,SKD11033065,0.0,0.0,,0.0,0.0,,0.0,0.0,
LHT4-DB1AA38,1.0,1,LHT4-MB1AA38,1.0,1.0,SKD6E3317,30.0,1000.0,SKD11033065,0.0,0.0,,0.0,0.0,,0.0,0.0,
LHT4-DB2AA30,1.0,1,LHT4-MB2AA30,1.0,1.0,SKD6G2720,30.0,1000.0,SKD11027067,0.0,0.0,,0.0,0.0,,0.0,0.0,
LHT4-DB2AA33,1.0,1,LHT4-MB2AA33,1.0,1.0,SKD6E3315,26.0,1000.0,SKD11033065,0.0,0.0,,0.0,0.0,,0.0,0.0,
LHT4-DB2AA38,1.0,1,LHT4-MB2AA38,1.0,1.0,SKD6E3317,30.0,1000.0,SKD11033065,0.0,0.0,,0.0,0.0,,0.0,0.0,
LHT4-DB3AA33,1.0,1,LHT4-MB3AA33,1.0,1.0,SKD6G2532,45.0,1000.0,SKD11025067,0.0,0.0,,0.0,0.0,,0.0,0.0,
LHT4-DB4AA33,1.0,1,LHT4-MB4AA33,1.0,1.0,SKD6G2532,45.0,1000.0,SKD11025067,0.0,0.0,,0.0,0.0,,0.0,0.0,
LHT4-DB5AA33,1.0,1,LHT4-MB5AA33,1.0,1.0,SKD6G2745,67.0,1000.0,SKD11027067,0.0,0.0,,0.0,0.0,,0.0,0.0,
LHT4-DB6AA33,1.0,1,LHT4-MB6AA33,1.0,1.0,SKD6G2745,67.0,1000.0,SKD11027067,0.0,0.0,,0.0,0.0,,0.0,0.0,
LHT4-DY1AA30,1.0,1,LHT4-MY1AA30,1.0,1.0,SKD5E2545,51.0,1000.0,SKD11025055,0.0,0.0,,0.0,0.0,,0.0,0.0,
LHT4-DY1AA33,1.0,1,LHT4-MY1AA33,1.0,1.0,SKD5E2548,55.0,1000.0,SKD11025055,0.0,0.0,,0.0,0.0,,0.0,0.0,
LHT4-DY2AA30,1.0,1,LHT4-MY2AA30,1.0,1.0,SKD6G2545,62.0,1000.0,SKD11025067,0.0,0.0,,0.0,0.0,,0.0,0.0,
LHT4-DY2AA33,1.0,1,LHT4-MY2AA33,1.0,1.0,SKD6G2545,62.0,1000.0,SKD11025067,0.0,0.0,,0.0,0.0,,0.0,0.0,
LHT4-DY2AA38,1.0,1,LHT4-MY2AA38,1.0,1.0,SKD6G2548,66.0,1000.0,SKD11025067,0.0,0.0,,0.0,0.0,,0.0,0.0,
LHT4-MB1AA36,1.0,1,SKD6G2515,21.0,1000.0,SKD11025067,0.0,0.0,,0.0,0.0,,0.0,0.0,,0.0,0.0,
LHT4-MB1AA60,1.0,1,SKD6G2515,21.0,1000.0,SKD11025067,0.0,0.0,,0.0,0.0,,0.0,0.0,,0.0,0.0,
LHT4-MB2AA36,1.0,1,SKD6G2515,21.0,1000.0,SKD11025067,0.0,0.0,,0.0,0.0,,0.0,0.0,,0.0,0.0,
LHT4-MB2AA60,1.0,1,SKD6G2515,21.0,1000.0,SKD11025067,0.0,0.0,,0.0,0.0,,0.0,0.0,,0.0,0.0,
LHT4-MB3AA30,1.0,1,SKD6G2527,38.0,1000.0,SKD11025067,0.0,0.0,,0.0,0.0,,0.0,0.0,,0.0,0.0,
LHT4-MB3AA36,1.0,1,SKD8B2930,59.0,1000.0,SKD11029082,0.0,0.0,,0.0,0.0,,0.0,0.0,,0.0,0.0,
LHT4-MB4AA30,1.0,1,SKD6G2527,38.0,1000.0,SKD11025067,0.0,0.0,,0.0,0.0,,0.0,0.0,,0.0,0.0,
LHT4-MB5AA30,1.0,1,SKD6G2545,62.0,1000.0,SKD11025067,0.0,0.0,,0.0,0.0,,0.0,0.0,,0.0,0.0,
LHT4-MB5AA36,1.0,1,SKD8B2944,86.0,1000.0,SKD11029082,0.0,0.0,,0.0,0.0,,0.0,0.0,,0.0,0.0,
LHT4-MB5AA38,1.0,1,SKD6G2745,67.0,1000.0,SKD11027067,0.0,0.0,,0.0,0.0,,0.0,0.0,,0.0,0.0,
LHT4-MB6AA30,1.0,1,SKD6G2538,53.0,1000.0,SKD11025067,0.0,0.0,,0.0,0.0,,0.0,0.0,,0.0,0.0,
LHT4-MB6AA38,1.0,1,SKD6G2745,67.0,1000.0,SKD11027067,0.0,0.0,,0.0,0.0,,0.0,0.0,,0.0,0.0,
LHT4-MY1AA36,1.0,1,SKD5E2545,51.0,1000.0,SKD11025055,0.0,0.0,,0.0,0.0,,0.0,0.0,,0.0,0.0,
LHT4-MY1AA60,1.0,1,SKD5E2545,51.0,1000.0,SKD11025055,0.0,0.0,,0.0,0.0,,0.0,0.0,,0.0,0.0,
LHT4-MY2AA36,1.0,1,SKD6G2248,59.0,1000.0,SKD11022067,0.0,0.0,,0.0,0.0,,0.0,0.0,,0.0,0.0,
LHT4-MY2AA60,1.0,1,SKD6G2248,59.0,1000.0,SKD11022067,0.0,0.0,,0.0,0.0,,0.0,0.0,,0.0,0.0,
LIF60-DZ9A,1.0,1,LIF60-MZ9A,1.0,1.0,G3Z3048,0.0,0.0,,0.0,0.0,,0.0,0.0,,0.0,0.0,
LIL4AL-DB1A33,1.0,1,LIL4AL-MB1A33,1.0,1.0,SKD6G2220,26.0,1000.0,SKD11022067,0.0,0.0,,0.0,0.0,,0.0,0.0,
LIL4AL-DB1A38,1.0,1,LIL4AL-MB1A38,1.0,1.0,SKD6G2220,26.0,1000.0,SKD11022067,0.0,0.0,,0.0,0.0,,0.0,0.0,
LIL4AL-DB2A33,1.0,1,LIL4AL-MB2A33,1.0,1.0,SKD6G2220,26.0,1000.0,SKD11022067,0.0,0.0,,0.0,0.0,,0.0,0.0,
LIL4AL-DB2A38,1.0,1,LIL4AL-MB2A38,1.0,1.0,SKD6G2220,26.0,1000.0,SKD11022067,0.0,0.0,,0.0,0.0,,0.0,0.0,
LIL4AL-DB3A33,1.0,1,LIL4AL-MB3A33,1.0,1.0,SKD6G2220,26.0,1000.0,SKD11022067,0.0,0.0,,0.0,0.0,,0.0,0.0,
LIL4AL-DB3A38,1.0,1,LIL4AL-MB3A38,1.0,1.0,SKD6G2218,24.0,1000.0,SKD11022067,0.0,0.0,,0.0,0.0,,0.0,0.0,
LIL4AL-DB5A33,1.0,1,LIL4AL-MB5A33,1.0,1.0,SKD6G2224,30.0,1000.0,SKD11022067,0.0,0.0,,0.0,0.0,,0.0,0.0,
LIL4AL-DB5A38,1.0,1,LIL4AL-MB5A38,1.0,1.0,SKD6G2225,31.0,1000.0,SKD11022067,0.0,0.0,,0.0,0.0,,0.0,0.0,
LIL4AL-DB6A30,1.0,1,LIL4AL-MB6A30,1.0,1.0,SKD6G2225,31.0,1000.0,SKD11022067,0.0,0.0,,0.0,0.0,,0.0,0.0,
LIL4AL-DB6A33,1.0,1,LIL4AL-MB6A33,1.0,1.0,SKD6G2224,30.0,1000.0,SKD11022067,0.0,0.0,,0.0,0.0,,0.0,0.0,
LIL4AL-DB6A38,1.0,1,LIL4AL-MB6A38,1.0,1.0,SKD6G2222,27.0,1000.0,SKD11022067,0.0,0.0,,0.0,0.0,,0.0,0.0,
LIL4AL-DB7A33,1.0,1,LIL4AL-MB7A33,1.0,1.0,SKD6G2222,27.0,1000.0,SKD11022067,0.0,0.0,,0.0,0.0,,0.0,0.0,
LIL4AL-DB7A38,1.0,1,LIL4AL-MB7A38,1.0,1.0,SKD6G2222,27.0,1000.0,SKD11022067,0.0,0.0,,0.0,0.0,,0.0,0.0,
LIL4AL-DB8A33,1.0,1,LIL4AL-MB8A33,1.0,1.0,SKD6G2220,26.0,1000.0,SKD11022067,0.0,0.0,,0.0,0.0,,0.0,0.0,
LIL4AL-DB9A30,1.0,1,LIL4AL-MB9A30,1.0,1.0,SKD6G2242,51.0,1000.0,SKD11022067,0.0,0.0,,0.0,0.0,,0.0,0.0,
LIL4AL-DB9A33,1.0,1,LIL4AL-MB9A33,1.0,1.0,SKD6G2242,51.0,1000.0,SKD11022067,0.0,0.0,,0.0,0.0,,0.0,0.0,
LIL4AL-DB9A38,1.0,1,LIL4AL-MB9A38,1.0,1.0,SKD6G2242,51.0,1000.0,SKD11022067,0.0,0.0,,0.0,0.0,,0.0,0.0,
LIL4AL-DC0A30,1.0,1,LIL4AL-MC0A30,1.0,1.0,SKD6G2242,51.0,1000.0,SKD11022067,0.0,0.0,,0.0,0.0,,0.0,0.0,
LIL4AL-DC0A33,1.0,1,LIL4AL-MC0A33,1.0,1.0,SKD6G2242,51.0,1000.0,SKD11022067,0.0,0.0,,0.0,0.0,,0.0,0.0,
LIL4AL-DC0A38,1.0,1,LIL4AL-MC0A38,1.0,1.0,SKD6G2242,51.0,1000.0,SKD11022067,0.0,0.0,,0.0,0.0,,0.0,0.0,
LIL4AL-DC1A30,1.0,1,LIL4AL-MC1A30,1.0,1.0,SKD6G2242,51.0,1000.0,SKD11022067,0.0,0.0,,0.0,0.0,,0.0,0.0,
LIL4AL-DC1A33,1.0,1,LIL4AL-MC1A33,1.0,1.0,SKD6G2242,51.0,1000.0,SKD11022067,0.0,0.0,,0.0,0.0,,0.0,0.0,
LIL4AL-DC1A38,1.0,1,LIL4AL-MC1A38,1.0,1.0,SKD6G2242,51.0,1000.0,SKD11022067,0.0,0.0,,0.0,0.0,,0.0,0.0,
LIL4AL-DC2A33,1.0,1,LIL4AL-MC2A33,1.0,1.0,SKD6G2235,43.0,1000.0,SKD11022067,0.0,0.0,,0.0,0.0,,0.0,0.0,
LIL4AL-DF5AA33,1.0,1,LIL4AL-MF5AA33,1.0,1.0,SKD6G4740,104.0,1000.0,SKD11047067,0.0,0.0,,0.0,0.0,,0.0,0.0,
LIL4AL-DF6AA33,1.0,1,LIL4AL-MF6AA33,1.0,1.0,SKD6G2235,43.0,1000.0,SKD11022067,0.0,0.0,,0.0,0.0,,0.0,0.0,
LIL4AL-DX2AA33,1.0,1,LIL4AL-MX2AA33,1.0,1.0,SKD5E3032,51.0,1000.0,SKD11030055,0.0,0.0,,0.0,0.0,,0.0,0.0,
LIL4AL-DY1D33,1.0,1,LIL4AL-MY1D33,1.0,1.0,SKD5E2532,38.0,1000.0,SKD11025055,0.0,0.0,,0.0,0.0,,0.0,0.0,
LIL4AL-DY1L33,1.0,1,LIL4AL-MY1L33,1.0,1.0,SKD5E3031,49.0,1000.0,SKD11030055,0.0,0.0,,0.0,0.0,,0.0,0.0,
LIL4AL-DY2A33,1.0,1,LIL4AL-MY2A33,1.0,1.0,SKD6G2220,26.0,1000.0,SKD11022067,0.0,0.0,,0.0,0.0,,0.0,0.0,
LIL4AL-DY2A38,1.0,1,LIL4AL-MY2A38,1.0,1.0,SKD6G2220,26.0,1000.0,SKD11022067,0.0,0.0,,0.0,0.0,,0.0,0.0,
LIL4AL-DY3A33,1.0,1,LIL4AL-MY3A33,1.0,1.0,SKD6G2545,62.0,1000.0,SKD11025067,0.0,0.0,,0.0,0.0,,0.0,0.0,
LIL4AL-DY3A38,1.0,1,LIL4AL-MY3A38,1.0,1.0,SKD6G2545,62.0,1000.0,SKD11025067,0.0,0.0,,0.0,0.0,,0.0,0.0,
LIL4AL-DY7A33,1.0,1,LIL4AL-MY7A33,1.0,1.0,SKD6G2526,36.0,1000.0,SKD11025067,0.0,0.0,,0.0,0.0,,0.0,0.0,
LIL4AL-MB7A30,1.0,1,SKD6G2225,31.0,1000.0,SKD11022067,0.0,0.0,,0.0,0.0,,0.0,0.0,,0.0,0.0,
LIL4AL-MB8A30,1.0,1,SKD6G2225,31.0,1000.0,SKD11022067,0.0,0.0,,0.0,0.0,,0.0,0.0,,0.0,0.0,
LIL4AL-MC2A30,1.0,1,SKD6G2235,43.0,1000.0,SKD11022067,0.0,0.0,,0.0,0.0,,0.0,0.0,,0.0,0.0,
LIL4AL-MC2A38,1.0,1,SKD6G2242,51.0,1000.0,SKD11022067,0.0,0.0,,0.0,0.0,,0.0,0.0,,0.0,0.0,
LIL4AL-MD5A33,1.0,1,SKD6G2242,51.0,1000.0,SKD11022067,0.0,0.0,,0.0,0.0,,0.0,0.0,,0.0,0.0,
LIL4AL-MD5A38,1.0,1,SKD6G2242,51.0,1000.0,SKD11022067,0.0,0.0,,0.0,0.0,,0.0,0.0,,0.0,0.0,
LIL4AL-MD6A33,1.0,1,SKD6G2242,51.0,1000.0,SKD11022067,0.0,0.0,,0.0,0.0,,0.0,0.0,,0.0,0.0,
LIL4AL-MF3BA33,1.0,1,SKD6G2222,27.0,1000.0,SKD11022067,0.0,0.0,,0.0,0.0,,0.0,0.0,,0.0,0.0,
LIL4AL-MF4BA33,1.0,1,SKD6G2222,27.0,1000.0,SKD11022067,0.0,0.0,,0.0,0.0,,0.0,0.0,,0.0,0.0,
LIL4AL-MH1AA38,1.0,1,SKD6G2218,24.0,1000.0,SKD11022067,0.0,0.0,,0.0,0.0,,0.0,0.0,,0.0,0.0,
LIL4AL-MH3AA38,1.0,1,SKD6G2227,33.0,1000.0,SKD11022067,0.0,0.0,,0.0,0.0,,0.0,0.0,,0.0,0.0,
LIL4AL-MH5AA38,1.0,1,SKD6G2242,51.0,1000.0,SKD11022067,0.0,0.0,,0.0,0.0,,0.0,0.0,,0.0,0.0,
LIL4AL-MH7AA38,1.0,1,SKD6G2242,51.0,1000.0,SKD11022067,0.0,0.0,,0.0,0.0,,0.0,0.0,,0.0,0.0,
LIL4AL-MR1AA38,1.0,1,SKD5E2532,38.0,1000.0,SKD11025055,0.0,0.0,,0.0,0.0,,0.0,0.0,,0.0,0.0,
LIL4AL-MR2AA38,1.0,1,SKD6G2220,26.0,1000.0,SKD11022067,0.0,0.0,,0.0,0.0,,0.0,0.0,,0.0,0.0,
LIL4AL-MR3AA38,1.0,1,SKD6G2545,62.0,1000.0,SKD11025067,0.0,0.0,,0.0,0.0,,0.0,0.0,,0.0,0.0,
LIL4AL-MX3AA33,1.0,1,SKD6G2545,62.0,1000.0,SKD11025067,0.0,0.0,,0.0,0.0,,0.0,0.0,,0.0,0.0,
LIL4-DC3B33,1.0,1,S6H3822,55.0,1000.0,SUJ3038068,0.0,0.0,,0.0,0.0,,0.0,0.0,,0.0,0.0,
LIL4-DC4B33,1.0,1,S6H3822,55.0,1000.0,SUJ3038068,0.0,0.0,,0.0,0.0,,0.0,0.0,,0.0,0.0,
LIL4-MB1,1.0,1,SKD5E2235,35.0,1000.0,SKD11022055,0.0,0.0,,0.0,0.0,,0.0,0.0,,0.0,0.0,
LIL4-MB2,1.0,1,SKD5E2235,35.0,1000.0,SKD11022055,0.0,0.0,,0.0,0.0,,0.0,0.0,,0.0,0.0,
LIL4-MC3B33,1.0,1,S6H3822,55.0,1000.0,SUJ3038068,0.0,0.0,,0.0,0.0,,0.0,0.0,,0.0,0.0,
LIL4-MC4B33,1.0,1,S6H3822,55.0,1000.0,SUJ3038068,0.0,0.0,,0.0,0.0,,0.0,0.0,,0.0,0.0,
LIL4-MC7R33,1.0,1,S5F3822,50.0,1000.0,SUJ3038056-44,0.0,0.0,,0.0,0.0,,0.0,0.0,,0.0,0.0,
LIL4-MC8R33,1.0,1,S5F3822,50.0,1000.0,SUJ3038056-44,0.0,0.0,,0.0,0.0,,0.0,0.0,,0.0,0.0,
LIL4-MY2,1.0,1,SKD6G1535,41.0,1000.0,SKD11015067,0.0,0.0,,0.0,0.0,,0.0,0.0,,0.0,0.0,
LIL8AL-DB1A38,1.0,1,LIL8AL-MB1A38,1.0,1.0,SKD5E2545,51.0,1000.0,SKD11025055,0.0,0.0,,0.0,0.0,,0.0,0.0,
LIL8AL-DB2A38,1.0,1,LIL8AL-MB2A38,1.0,1.0,SKD5E2545,51.0,1000.0,SKD11025055,0.0,0.0,,0.0,0.0,,0.0,0.0,
LIL8AL-DB3A38,1.0,1,LIL8AL-MB3A38,1.0,1.0,SKD6G2526,36.0,1000.0,SKD11025067,0.0,0.0,,0.0,0.0,,0.0,0.0,
LIL8AL-DB4A38,1.0,1,LIL8AL-MB4A38,1.0,1.0,SKD6G2526,36.0,1000.0,SKD11025067,0.0,0.0,,0.0,0.0,,0.0,0.0,
LIL8AL-DY2A38,1.0,1,LIL8AL-MY2A38,1.0,1.0,SKD6G2227,33.0,1000.0,SKD11022067,0.0,0.0,,0.0,0.0,,0.0,0.0,
LILNY2-DB1A30,1.0,1,LILNY2-MB1A30,1.0,1.0,SKD6G2718,27.0,1000.0,SKD11027067,0.0,0.0,,0.0,0.0,,0.0,0.0,
LILNY2-DB1A33,1.0,1,LILNY2-MB1A33,1.0,1.0,SKD6G2718,27.0,1000.0,SKD11027067,0.0,0.0,,0.0,0.0,,0.0,0.0,
LILNY2-DB2A30,1.0,1,LILNY2-MB2A30,1.0,1.0,SKD6G2545,62.0,1000.0,SKD11025067,0.0,0.0,,0.0,0.0,,0.0,0.0,
LILNY2-DB2A33,1.0,1,LILNY2-MB2A33,1.0,1.0,SKD6G2535,49.0,1000.0,SKD11025067,0.0,0.0,,0.0,0.0,,0.0,0.0,
LILNY2-DB3A30,1.0,1,LILNY2-MB3A30,1.0,1.0,SKD6G2560,83.0,1000.0,SKD11025067,0.0,0.0,,0.0,0.0,,0.0,0.0,
LILNY2-DB3A33,1.0,1,LILNY2-MB3A33,1.0,1.0,SKD6G2550,69.0,1000.0,SKD11025067,0.0,0.0,,0.0,0.0,,0.0,0.0,
LILNY2-DB4A30,1.0,1,LILNY2-MB4A30,1.0,1.0,SKD6G1593,77.0,1000.0,SKD11015067,0.0,0.0,,0.0,0.0,,0.0,0.0,
LILNY2-DB4B30,1.0,1,LILNY2-MB4B30,1.0,1.0,SKD6G1552,58.0,1000.0,SKD11015067,0.0,0.0,,0.0,0.0,,0.0,0.0,
LILNY2-DY1AB33,1.0,1,LILNY2-MY1AB33,1.0,1.0,SKD5E3024,33.0,1000.0,SKD11030055,0.0,0.0,,0.0,0.0,,0.0,0.0,
LILNY2-DY2A30,1.0,1,LILNY2-MY2A30,1.0,1.0,SKD6G2538,53.0,1000.0,SKD11025067,0.0,0.0,,0.0,0.0,,0.0,0.0,
LILNY2-DY2A33,1.0,1,LILNY2-MY2A33,1.0,1.0,SKD6G2530,42.0,1000.0,SKD11025067,0.0,0.0,,0.0,0.0,,0.0,0.0,
LILNY2-DY3A30,1.0,1,LILNY2-MY3A30,1.0,1.0,SKD6G2565,90.0,1000.0,SKD11025067,0.0,0.0,,0.0,0.0,,0.0,0.0,
LILNY2-DY6A30,1.0,1,LILNY2-MY6A30,1.0,1.0,SKD6G1565,54.0,1000.0,SKD11015067,0.0,0.0,,0.0,0.0,,0.0,0.0,
LILNY2-DY6A33,1.0,1,LILNY2-MY6A33,1.0,1.0,SKD6G1552,58.0,1000.0,SKD11015067,0.0,0.0,,0.0,0.0,,0.0,0.0,
LILNY2-MB3AA30,1.0,1,SKD6G2560,83.0,1000.0,SKD11025067,0.0,0.0,,0.0,0.0,,0.0,0.0,,0.0,0.0,
LILNY2-MY2AB30,1.0,1,SKD6G2545,62.0,1000.0,SKD11025067,0.0,0.0,,0.0,0.0,,0.0,0.0,,0.0,0.0,
LILNY2-MY3A33,1.0,1,SKD6G2554,75.0,1000.0,SKD11025067,0.0,0.0,,0.0,0.0,,0.0,0.0,,0.0,0.0,
LILNY2-MY3BA30,1.0,1,SKD6G2565,90.0,1000.0,SKD11025067,0.0,0.0,,0.0,0.0,,0.0,0.0,,0.0,0.0,
LILNY2-MY7A,1.0,1,S6H3828,75.0,1000.0,SUJ3038068,0.0,0.0,,0.0,0.0,,0.0,0.0,,0.0,0.0,
LILNY-DA6B,1.0,1,G3Z2060,0.0,0.0,,0.0,0.0,,0.0,0.0,,0.0,0.0,,0.0,0.0,
LILNYM-DB2AA30,1.0,1,S6H3245,80.0,1000.0,SUJ3032068,0.0,0.0,,0.0,0.0,,0.0,0.0,,0.0,0.0,
LILNYM-DB3AA30,1.0,1,S6H3255,100.0,1000.0,SUJ3032068,0.0,0.0,,0.0,0.0,,0.0,0.0,,0.0,0.0,
LILNYM-DY3AA30,1.0,1,S6H3255,100.0,1000.0,SUJ3032068,0.0,0.0,,0.0,0.0,,0.0,0.0,,0.0,0.0,
LILNYM-DY4AA30,1.0,1,S6H3255,100.0,1000.0,SUJ3032068,0.0,0.0,,0.0,0.0,,0.0,0.0,,0.0,0.0,
LIM-DA9BA36,1.0,1,G3Z2080,0.0,0.0,,0.0,0.0,,0.0,0.0,,0.0,0.0,,0.0,0.0,
LIM-DB1P,1.0,1,LIM-MB1P,1.0,1.0,S6H2830P,65.0,1000.0,SUJ3038068,0.0,0.0,,0.0,0.0,,0.0,0.0,
LIM-DB2,1.0,1,LIM-MB2,1.0,1.0,SKD6G2527,38.0,1000.0,SKD11025067,0.0,0.0,,0.0,0.0,,0.0,0.0,
LIM-DB3AB,1.0,1,LIM-MB3AB,1.0,1.0,SKD6G2520,28.0,1000.0,SKD11025067,0.0,0.0,,0.0,0.0,,0.0,0.0,
LIM-DB3AB33,1.0,1,LIM-MB3AB33,1.0,1.0,SKD6G2520,28.0,1000.0,SKD11025067,0.0,0.0,,0.0,0.0,,0.0,0.0,
LIM-DB3BA34,1.0,1,LIM-MB3BA34,1.0,1.0,SKD6G2520,28.0,1000.0,SKD11025067,0.0,0.0,,0.0,0.0,,0.0,0.0,
LIM-DB3BA36,1.0,1,LIM-MB3BA36,1.0,1.0,SKD6G2520,28.0,1000.0,SKD11025067,0.0,0.0,,0.0,0.0,,0.0,0.0,
LIM-DB3BA38,1.0,1,LIM-MB3BA38,1.0,1.0,SKD6G2520,28.0,1000.0,SKD11025067,0.0,0.0,,0.0,0.0,,0.0,0.0,
LIM-DB3P,1.0,1,LIM-MB3P,1.0,1.0,SKD6G2520,28.0,1000.0,SKD11025067,0.0,0.0,,0.0,0.0,,0.0,0.0,
LIM-DB3PD33,1.0,1,LIM-MB3PD33,1.0,1.0,SKD6G2521,29.0,1000.0,SKD11025067,0.0,0.0,,0.0,0.0,,0.0,0.0,
LIM-DB4AB,1.0,1,LIM-MB4AB,1.0,1.0,SKD6G2520,28.0,1000.0,SKD11025067,0.0,0.0,,0.0,0.0,,0.0,0.0,
LIM-DB4AB33,1.0,1,LIM-MB4AB33,1.0,1.0,SKD6G2520,28.0,1000.0,SKD11025067,0.0,0.0,,0.0,0.0,,0.0,0.0,
LIM-DB4BA34,1.0,1,LIM-MB4BA34,1.0,1.0,SKD6G2520,28.0,1000.0,SKD11025067,0.0,0.0,,0.0,0.0,,0.0,0.0,
LIM-DB4BA36,1.0,1,LIM-MB4BA36,1.0,1.0,SKD6G2520,28.0,1000.0,SKD11025067,0.0,0.0,,0.0,0.0,,0.0,0.0,
LIM-DB4BA38,1.0,1,LIM-MB4BA38,1.0,1.0,SKD6G2520,28.0,1000.0,SKD11025067,0.0,0.0,,0.0,0.0,,0.0,0.0,
LIM-DB4P,1.0,1,LIM-MB4P,1.0,1.0,SKD6G2520,28.0,1000.0,SKD11025067,0.0,0.0,,0.0,0.0,,0.0,0.0,
LIM-DB4PD33,1.0,1,LIM-MB4PD33,1.0,1.0,SKD6G2520,28.0,1000.0,SKD11025067,0.0,0.0,,0.0,0.0,,0.0,0.0,
LIM-DB5AB,1.0,1,LIM-MB5AB,1.0,1.0,SKD7Z3026,45.0,1000.0,SKD11030070,0.0,0.0,,0.0,0.0,,0.0,0.0,
LIM-DB5AB33,1.0,1,LIM-MB5AB33,1.0,1.0,SKD7Z3026,45.0,1000.0,SKD11030070,0.0,0.0,,0.0,0.0,,0.0,0.0,
LIM-DB5HS33,1.0,1,LIM-MB5HS33,1.0,1.0,SKD6G2525,35.0,1000.0,SKD11025067,0.0,0.0,,0.0,0.0,,0.0,0.0,
LIM-DB5P,1.0,1,LIM-MB5P,1.0,1.0,SKD6G2526,36.0,1000.0,SKD11025067,0.0,0.0,,0.0,0.0,,0.0,0.0,
LIM-DB5PA33,1.0,1,SKD7Z3026,45.0,1000.0,SKD11030070,0.0,0.0,,0.0,0.0,,0.0,0.0,,0.0,0.0,
LIM-DB5PD,1.0,1,LIM-MB5PD,1.0,1.0,SKD6G2525,35.0,1000.0,SKD11025067,0.0,0.0,,0.0,0.0,,0.0,0.0,
LIM-DB6AB33,1.0,1,LIM-MB6AB33,1.0,1.0,SKD7Z3026,45.0,1000.0,SKD11030070,0.0,0.0,,0.0,0.0,,0.0,0.0,
LIM-DB6BA36,1.0,1,LIM-MB6BA36,1.0,1.0,SKD6G2526,36.0,1000.0,SKD11025067,0.0,0.0,,0.0,0.0,,0.0,0.0,
LIM-DB6HS33,1.0,1,LIM-MB6HS33,1.0,1.0,SKD6G2525,35.0,1000.0,SKD11025067,0.0,0.0,,0.0,0.0,,0.0,0.0,
LIM-DB6P,1.0,1,LIM-MB6P,1.0,1.0,SKD6G2526,36.0,1000.0,SKD11025067,0.0,0.0,,0.0,0.0,,0.0,0.0,
LIM-DB6PA33,1.0,1,SKD7Z3026,45.0,1000.0,SKD11030070,0.0,0.0,,0.0,0.0,,0.0,0.0,,0.0,0.0,
LIM-DB7AB,1.0,1,LIM-MB7AB,1.0,1.0,SKD6G7532,132.0,1000.0,SKD11075067,0.0,0.0,,0.0,0.0,,0.0,0.0,
LIM-DB7AC33,1.0,1,LIM-MB7AC33,1.0,1.0,SKD6G7532,132.0,1000.0,SKD11075067,0.0,0.0,,0.0,0.0,,0.0,0.0,
LIM-DB7AP,1.0,1,LIM-MB7AP,1.0,1.0,SKD6G3555,106.0,1000.0,SKD11035067,0.0,0.0,,0.0,0.0,,0.0,0.0,
LIM-DB7PB,1.0,1,LIM-MB7PB,1.0,1.0,S6H3255,100.0,1000.0,SUJ3032068,0.0,0.0,,0.0,0.0,,0.0,0.0,
LIM-DB8AB,1.0,1,LIM-MB8AB,1.0,1.0,SKD6G5025,67.0,1000.0,SKD11050067,0.0,0.0,,0.0,0.0,,0.0,0.0,
LIM-DB8AB33,1.0,1,LIM-MB8AB33,1.0,1.0,SKD6G5025,67.0,1000.0,SKD11050067,0.0,0.0,,0.0,0.0,,0.0,0.0,
LIM-DB8P,1.0,1,LIM-MB8P,1.0,1.0,SKD6G2250,61.0,1000.0,SKD11022067,0.0,0.0,,0.0,0.0,,0.0,0.0,
LIM-DB8P33,1.0,1,LIM-MB8P33,1.0,1.0,SKD6G5025,67.0,1000.0,SKD11050067,0.0,0.0,,0.0,0.0,,0.0,0.0,
LIM-DC1AB,1.0,1,LIM-MC1AB,1.0,1.0,SKD6G2531,43.0,1000.0,SKD11025067,0.0,0.0,,0.0,0.0,,0.0,0.0,
LIM-DC1AC,1.0,1,LIM-MC1AC,1.0,1.0,SKD6G2531,43.0,1000.0,SKD11025067,0.0,0.0,,0.0,0.0,,0.0,0.0,
LIM-DC1BA36,1.0,1,LIM-MC1BA36,1.0,1.0,SKD5E3031,49.0,1000.0,SKD11030055,0.0,0.0,,0.0,0.0,,0.0,0.0,
LIM-DC2AB,1.0,1,LIM-MC2AB,1.0,1.0,SKD6G2531,43.0,1000.0,SKD11025067,0.0,0.0,,0.0,0.0,,0.0,0.0,
LIM-DC2BA36,1.0,1,LIM-MC2BA36,1.0,1.0,SKD5E3031,49.0,1000.0,SKD11030055,0.0,0.0,,0.0,0.0,,0.0,0.0,
LIM-DC3AB33,1.0,1,LIM-MC3AB33,1.0,1.0,SKD6G3555,106.0,1000.0,SKD11035067,0.0,0.0,,0.0,0.0,,0.0,0.0,
LIM-DC4AB33,1.0,1,LIM-MC4AB33,1.0,1.0,SKD6G3555,106.0,1000.0,SKD11035067,0.0,0.0,,0.0,0.0,,0.0,0.0,
LIM-DC7MB,1.0,1,LIM-MC7MB,1.0,1.0,SKD6G3545,87.0,1000.0,SKD11035067,0.0,0.0,,0.0,0.0,,0.0,0.0,
LIM-DC8MB,1.0,1,LIM-MC8MB,1.0,1.0,SKD6G3545,87.0,1000.0,SKD11035067,0.0,0.0,,0.0,0.0,,0.0,0.0,
LIM-DY2BA34,1.0,1,LIM-MY2BA34,1.0,1.0,SKD8B2920,39.0,1000.0,SKD11029082,0.0,0.0,,0.0,0.0,,0.0,0.0,
LIM-DY2BA36,1.0,1,LIM-MY2BA36,1.0,1.0,SKD8B2920,39.0,1000.0,SKD11029082,0.0,0.0,,0.0,0.0,,0.0,0.0,
LIM-DY2P,1.0,1,LIM-MY2P,1.0,1.0,SKD6G2520,28.0,1000.0,SKD11025067,0.0,0.0,,0.0,0.0,,0.0,0.0,
LIM-DY4BA36,1.0,1,LIM-MY4BA36,1.0,1.0,SKD8B2925,49.0,1000.0,SKD11029082,0.0,0.0,,0.0,0.0,,0.0,0.0,
LIM-DY4HC33,1.0,1,SKD7Z3026,45.0,1000.0,SKD11030070,0.0,0.0,,0.0,0.0,,0.0,0.0,,0.0,0.0,
LIM-DY4HS,1.0,1,LIM-MY4HS,1.0,1.0,SKD6G2726,39.0,1000.0,SKD11027067,0.0,0.0,,0.0,0.0,,0.0,0.0,
LIM-DY4P,1.0,1,LIM-MY4P,1.0,1.0,SKD7Z3026,45.0,1000.0,SKD11030070,0.0,0.0,,0.0,0.0,,0.0,0.0,
LIM-DY5PS33,1.0,1,LIM-MY5PS33,1.0,1.0,SKD7Z3026,45.0,1000.0,SKD11030070,0.0,0.0,,0.0,0.0,,0.0,0.0,
LIM-DY6AB33,1.0,1,LIM-MY6AB33,1.0,1.0,SKD6G7532,132.0,1000.0,SKD11075067,0.0,0.0,,0.0,0.0,,0.0,0.0,
LIM-DY6BA36,1.0,1,LIM-MY6BA36,1.0,1.0,SKD6G3527,52.0,1000.0,SKD11035067,0.0,0.0,,0.0,0.0,,0.0,0.0,
LIM-DY7P,1.0,1,LIM-MY7P,1.0,1.0,SKD6G7525,100.0,1000.0,SKD11075067,0.0,0.0,,0.0,0.0,,0.0,0.0,
LIM-DY8HS,1.0,1,LIM-DY1,1.0,1.0,LIM-MY1,1.0,1.0,SKD6G2531,43.0,1000.0,SKD11025067,0.0,0.0,,0.0,0.0,
LIM-DY8PD,1.0,1,LIM-MY8PD,1.0,1.0,SKD6G3535,68.0,1000.0,SKD11035067,0.0,0.0,,0.0,0.0,,0.0,0.0,
LIM-DY9P,1.0,1,LIM-MY9P,1.0,1.0,SKD6G2538,53.0,1000.0,SKD11025067,0.0,0.0,,0.0,0.0,,0.0,0.0,
LIM-MB3PCA33,1.0,1,SKD6G2524,33.0,1000.0,SKD11025067,0.0,0.0,,0.0,0.0,,0.0,0.0,,0.0,0.0,
LIM-MB4PCA33,1.0,1,SKD6G2523,32.0,1000.0,SKD11025067,0.0,0.0,,0.0,0.0,,0.0,0.0,,0.0,0.0,
LIM-MB5BA34,1.0,1,SKD6G2526,36.0,1000.0,SKD11025067,0.0,0.0,,0.0,0.0,,0.0,0.0,,0.0,0.0,
LIM-MB5BA38,1.0,1,SKD6G2524,33.0,1000.0,SKD11025067,0.0,0.0,,0.0,0.0,,0.0,0.0,,0.0,0.0,
LIM-MB5HS,1.0,1,SKD6G2525,35.0,1000.0,SKD11025067,0.0,0.0,,0.0,0.0,,0.0,0.0,,0.0,0.0,
LIM-MB6BA38,1.0,1,SKD6G2524,33.0,1000.0,SKD11025067,0.0,0.0,,0.0,0.0,,0.0,0.0,,0.0,0.0,
LIM-MB6HS,1.0,1,SKD6G2523,32.0,1000.0,SKD11025067,0.0,0.0,,0.0,0.0,,0.0,0.0,,0.0,0.0,
LIM-MC3AB,1.0,1,SKD6G3555,106.0,1000.0,SKD11035067,0.0,0.0,,0.0,0.0,,0.0,0.0,,0.0,0.0,
LIM-MC3P,1.0,1,SKD6G3555,106.0,1000.0,SKD11035067,0.0,0.0,,0.0,0.0,,0.0,0.0,,0.0,0.0,
LIM-MC4AB,1.0,1,SKD6G3555,106.0,1000.0,SKD11035067,0.0,0.0,,0.0,0.0,,0.0,0.0,,0.0,0.0,
LIM-MC4P,1.0,1,SKD6G3555,106.0,1000.0,SKD11035067,0.0,0.0,,0.0,0.0,,0.0,0.0,,0.0,0.0,
LIM-MC7M,1.0,1,SKD6G2545,62.0,1000.0,SKD11025067,0.0,0.0,,0.0,0.0,,0.0,0.0,,0.0,0.0,
LIM-MC7M33,1.0,1,SKD6G2548,66.0,1000.0,SKD11025067,0.0,0.0,,0.0,0.0,,0.0,0.0,,0.0,0.0,
LIM-MC7MB33,1.0,1,SKD6G2550,69.0,1000.0,SKD11025067,0.0,0.0,,0.0,0.0,,0.0,0.0,,0.0,0.0,
LIM-MC8M,1.0,1,SKD6G2545,62.0,1000.0,SKD11025067,0.0,0.0,,0.0,0.0,,0.0,0.0,,0.0,0.0,
LIM-MC8MB33,1.0,1,SKD6G2545,62.0,1000.0,SKD11025067,0.0,0.0,,0.0,0.0,,0.0,0.0,,0.0,0.0,
LIM-MX2M,1.0,1,SKD6G2545,62.0,1000.0,SKD11025067,0.0,0.0,,0.0,0.0,,0.0,0.0,,0.0,0.0,
LIM-MY2P33,1.0,1,SKD6G2723,35.0,1000.0,SKD11027067,0.0,0.0,,0.0,0.0,,0.0,0.0,,0.0,0.0,
LIM-MY2P-XDF-TEMP,1.0,1,SKD6G2520,28.0,1000.0,SKD11025067,0.0,0.0,,0.0,0.0,,0.0,0.0,,0.0,0.0,
LIM-MY4BA34,1.0,1,SKD8B2925,49.0,1000.0,SKD11029082,0.0,0.0,,0.0,0.0,,0.0,0.0,,0.0,0.0,
LIM-MY4P33,1.0,1,SKD7Z3026,45.0,1000.0,SKD11030070,0.0,0.0,,0.0,0.0,,0.0,0.0,,0.0,0.0,
LIM-MY5PS,1.0,1,SKD6G2726,39.0,1000.0,SKD11027067,0.0,0.0,,0.0,0.0,,0.0,0.0,,0.0,0.0,
LIM-MY6PB,1.0,1,SKD6G7532,132.0,1000.0,SKD11075067,0.0,0.0,,0.0,0.0,,0.0,0.0,,0.0,0.0,
LP-DF1AA30,1.0,1,L8AL-MC1,1.0,1.0,SKD5E2532,38.0,1000.0,SKD11025055,0.0,0.0,,0.0,0.0,,0.0,0.0,
LP-DF2AA30,1.0,1,L8AL-MC2,1.0,1.0,SKD5E2532,38.0,1000.0,SKD11025055,0.0,0.0,,0.0,0.0,,0.0,0.0,
LP-DT1AA30,1.0,1,LP-MT1AA30,1.0,1.0,SKD5E2535,41.0,1000.0,SKD11025055,0.0,0.0,,0.0,0.0,,0.0,0.0,
LP-DT2AA30,1.0,1,LP-MT1AA30,1.0,1.0,SKD5E2535,41.0,1000.0,SKD11025055,0.0,0.0,,0.0,0.0,,0.0,0.0,
LP-DT3AA30,1.0,1,L8AL-MX2AB30,1.0,1.0,SKD6G2235,43.0,1000.0,SKD11022067,0.0,0.0,,0.0,0.0,,0.0,0.0,
LPJ2-MY1A30,1.0,1,SKD6G2737,54.0,1000.0,SKD11027067,0.0,0.0,,0.0,0.0,,0.0,0.0,,0.0,0.0,
LPJ3A-DB4A33,1.0,1,LPJ3A-MB4A33,1.0,1.0,SKD6G1565,54.0,1000.0,SKD11015067,0.0,0.0,,0.0,0.0,,0.0,0.0,
LPJ3A-DC1AA30,1.0,1,LPJ3A-MC1AA30,1.0,1.0,SKD6E3515,19.0,1000.0,SKD11035065,0.0,0.0,,0.0,0.0,,0.0,0.0,
LPJ3A-DC2AA30,1.0,1,LPJ3A-MC2AA30,1.0,1.0,SKD6G2723,35.0,1000.0,SKD11027067,0.0,0.0,,0.0,0.0,,0.0,0.0,
LPJ3A-DH1AA33,1.0,1,LPJ3A-MH1AA33,1.0,1.0,SKD6E3317,30.0,1000.0,SKD11033065,0.0,0.0,,0.0,0.0,,0.0,0.0,
LPJ3A-DR1LA30,1.0,1,LPJ3A-MR1LA30,1.0,1.0,SKD6G2515,21.0,1000.0,SKD11025067,0.0,0.0,,0.0,0.0,,0.0,0.0,
LPJ3A-DR1LB30,1.0,1,LPJ3A-MR1LB30,1.0,1.0,SKD6G2520,28.0,1000.0,SKD11025067,0.0,0.0,,0.0,0.0,,0.0,0.0,
LPJ3A-DR2AA33,1.0,1,LPJ3A-MR2AA33,1.0,1.0,SKD6G2726,39.0,1000.0,SKD11027067,0.0,0.0,,0.0,0.0,,0.0,0.0,
LPJ3A-DR3AA33,1.0,1,LPJ3A-MR3AA33,1.0,1.0,SKD6G2745,67.0,1000.0,SKD11027067,0.0,0.0,,0.0,0.0,,0.0,0.0,
LPJ3A-DR4AA33,1.0,1,LPJ3A-MR4AA33,1.0,1.0,SKD7Z3040,69.0,1000.0,SKD11030070,0.0,0.0,,0.0,0.0,,0.0,0.0,
LPJ3A-DS5BA33,1.0,1,LPJ3A-MS5BA33,1.0,1.0,SKD6G2280,97.0,1000.0,SKD11022067,0.0,0.0,,0.0,0.0,,0.0,0.0,
LPJ3A-DV1A30,1.0,1,LPJ3A-MV1A30,1.0,1.0,SKD6G2280,97.0,1000.0,SKD11022067,0.0,0.0,,0.0,0.0,,0.0,0.0,
LPJ3A-DV1A33,1.0,1,LPJ3A-MV1A33,1.0,1.0,SKD6G2285,103.0,1000.0,SKD11022067,0.0,0.0,,0.0,0.0,,0.0,0.0,
LPJ3A-DY1AA30,1.0,1,LPJ3A-MY1AA30,1.0,1.0,SKD6G2519,27.0,1000.0,SKD11025067,0.0,0.0,,0.0,0.0,,0.0,0.0,
LPJ3A-DY1AB30,1.0,1,LPJ3A-MY1AB30,1.0,1.0,SKD6G2520,28.0,1000.0,SKD11025067,0.0,0.0,,0.0,0.0,,0.0,0.0,
LPJ3A-DY2AA30,1.0,1,LPJ3A-MY2AA30,1.0,1.0,SKD7Z3027,47.0,1000.0,SKD11030070,0.0,0.0,,0.0,0.0,,0.0,0.0,
LPJ3A-DY3AA30,1.0,1,LPJ3A-MY3AA30,1.0,1.0,SKD7Z3040,69.0,1000.0,SKD11030070,0.0,0.0,,0.0,0.0,,0.0,0.0,
LPJ3A-DY4AA30,1.0,1,LPJ3A-MY4AA30,1.0,1.0,SKD7Z3040,69.0,1000.0,SKD11030070,0.0,0.0,,0.0,0.0,,0.0,0.0,
LPJ3A-MB2D30,1.0,1,SKD6G2538,53.0,1000.0,SKD11025067,0.0,0.0,,0.0,0.0,,0.0,0.0,,0.0,0.0,
LPJ3A-MB4B30,1.0,1,SKD6G1535,41.0,1000.0,SKD11015067,0.0,0.0,,0.0,0.0,,0.0,0.0,,0.0,0.0,
LPJ3A-MC3A30,1.0,1,SKD6G2535,49.0,1000.0,SKD11025067,0.0,0.0,,0.0,0.0,,0.0,0.0,,0.0,0.0,
LPJ3A-MR6AA30,1.0,1,SKD6G3540,77.0,1000.0,SKD11035067,0.0,0.0,,0.0,0.0,,0.0,0.0,,0.0,0.0,
LPJ3A-MV2A30,1.0,1,SKD6G2250,61.0,1000.0,SKD11022067,0.0,0.0,,0.0,0.0,,0.0,0.0,,0.0,0.0,
LPJ3B-DB1AA30,1.0,1,LPJ3B-MB1AA30,1.0,1.0,SKD6G2519,27.0,1000.0,SKD11025067,0.0,0.0,,0.0,0.0,,0.0,0.0,
LPJ3B-DB1AA33,1.0,1,LPJ3B-MB1AA33,1.0,1.0,SKD6G2520,28.0,1000.0,SKD11025067,0.0,0.0,,0.0,0.0,,0.0,0.0,
LPJ3B-DC1AA30,1.0,1,LPJ3B-MC1AA30,1.0,1.0,SKD6G2524,33.0,1000.0,SKD11025067,0.0,0.0,,0.0,0.0,,0.0,0.0,
LPJ3B-DC2AA30,1.0,1,LPJ3B-MC2AA30,1.0,1.0,SKD6G1556,62.0,1000.0,SKD11015067,0.0,0.0,,0.0,0.0,,0.0,0.0,
LPJ3B-DC2AA33,1.0,1,LPJ3B-MC2AA33,1.0,1.0,SKD6G1565,54.0,1000.0,SKD11015067,0.0,0.0,,0.0,0.0,,0.0,0.0,
LPJ3B-DC2AA34,1.0,1,LPJ3B-MC2AA34,1.0,1.0,SKD6G1565,54.0,1000.0,SKD11015067,0.0,0.0,,0.0,0.0,,0.0,0.0,
LPJ3B-DC2AA38,1.0,1,LPJ3B-MC2AA38,1.0,1.0,SKD6G1556,62.0,1000.0,SKD11015067,0.0,0.0,,0.0,0.0,,0.0,0.0,
LPJ3B-DC3AA30,1.0,1,LPJ3B-MC3AA30,1.0,1.0,SKD6G2220,26.0,1000.0,SKD11022067,0.0,0.0,,0.0,0.0,,0.0,0.0,
LPJ3B-DR1AA33,1.0,1,LPJ3B-MR1AA33,1.0,1.0,SKD6G2520,28.0,1000.0,SKD11025067,0.0,0.0,,0.0,0.0,,0.0,0.0,
LPJ3B-DR2AA33,1.0,1,LPJ3B-MR2AA33,1.0,1.0,SKD7Z3020,35.0,1000.0,SKD11030070,0.0,0.0,,0.0,0.0,,0.0,0.0,
LPJ3B-DR2AA34,1.0,1,LPJ3B-MR2AA34,1.0,1.0,SKD6G2726,39.0,1000.0,SKD11027067,0.0,0.0,,0.0,0.0,,0.0,0.0,
LPJ3B-DY3AA33,1.0,1,LPJ3B-MY3AA33,1.0,1.0,SKD6G2745,67.0,1000.0,SKD11027067,0.0,0.0,,0.0,0.0,,0.0,0.0,
LPJ3B-DY3AA34,1.0,1,LPJ3B-MY3AA34,1.0,1.0,SKD6G2745,67.0,1000.0,SKD11027067,0.0,0.0,,0.0,0.0,,0.0,0.0,
LPJ3B-DY4AA33,1.0,1,LPJ3B-MY4AA33,1.0,1.0,SKD7Z3038,66.0,1000.0,SKD11030070,0.0,0.0,,0.0,0.0,,0.0,0.0,
LPJ3B-DY4AA34,1.0,1,LPJ3B-MY4AA34,1.0,1.0,SKD7Z3038,66.0,1000.0,SKD11030070,0.0,0.0,,0.0,0.0,,0.0,0.0,
LPJ3B-DY6AA30,1.0,1,LPJ3B-MY6AA30,1.0,1.0,SKD6G2726,39.0,1000.0,SKD11027067,0.0,0.0,,0.0,0.0,,0.0,0.0,
LPJ3B-DY7AA30,1.0,1,LPJ3B-MY7AA30,1.0,1.0,SKD6G2726,39.0,1000.0,SKD11027067,0.0,0.0,,0.0,0.0,,0.0,0.0,
LPJ3B-DY8AA30,1.0,1,LPJ3B-MY8AA30,1.0,1.0,SKD6G3527,52.0,1000.0,SKD11035067,0.0,0.0,,0.0,0.0,,0.0,0.0,
LPJ3B-DZ5AA30,1.0,1,LPJ3B-MZ5AA30,1.0,1.0,SKD5Z1270,41.0,1000.0,SKD11012050,0.0,0.0,,0.0,0.0,,0.0,0.0,
LPJ3B-DZ5AA34,1.0,1,LPJ3B-MZ5AA34,1.0,1.0,SKD5Z1275,44.0,1000.0,SKD11012050,0.0,0.0,,0.0,0.0,,0.0,0.0,
LPJ3B-MB2AA30,1.0,1,SKD7Z3026,45.0,1000.0,SKD11030070,0.0,0.0,,0.0,0.0,,0.0,0.0,,0.0,0.0,
LPJ3B-MB2AA30-MITU,1.0,1,SKD7Z3026,45.0,1000.0,SKD11030070,0.0,0.0,,0.0,0.0,,0.0,0.0,,0.0,0.0,
LPJ3B-MB2AA33,1.0,1,SKD7Z3027,47.0,1000.0,SKD11030070,0.0,0.0,,0.0,0.0,,0.0,0.0,,0.0,0.0,
LPJ3B-MB2AA34,1.0,1,SKD7Z3030,52.0,1000.0,SKD11030070,0.0,0.0,,0.0,0.0,,0.0,0.0,,0.0,0.0,
LPJ3B-MB2AA38,1.0,1,SKD7Z3026,45.0,1000.0,SKD11030070,0.0,0.0,,0.0,0.0,,0.0,0.0,,0.0,0.0,
LPJ3B-MC2AA30-SPOT,92.0,1000,SKD11022067,0.0,0.0,,0.0,0.0,,0.0,0.0,,0.0,0.0,,0.0,0.0,
LPJ3B-MR2A33,1.0,1,SKD7Z3020,35.0,1000.0,SKD11030070,0.0,0.0,,0.0,0.0,,0.0,0.0,,0.0,0.0,
LPJ3B-MR2AA38,1.0,1,SKD6G2726,39.0,1000.0,SKD11027067,0.0,0.0,,0.0,0.0,,0.0,0.0,,0.0,0.0,
LPJ3B-MR2AA42,1.0,1,SKD6E3325,44.0,1000.0,SKD11033065,0.0,0.0,,0.0,0.0,,0.0,0.0,,0.0,0.0,
LPJ3B-MR3AA42,1.0,1,SKD6E3540,87.0,1000.0,SKD11035065,0.0,0.0,,0.0,0.0,,0.0,0.0,,0.0,0.0,
LPJ3B-MX2AA42,1.0,1,SKD6E3330,60.0,1000.0,SKD11033065,0.0,0.0,,0.0,0.0,,0.0,0.0,,0.0,0.0,
LPJ3B-MY3AA38,1.0,1,SKD6G2538,53.0,1000.0,SKD11025067,0.0,0.0,,0.0,0.0,,0.0,0.0,,0.0,0.0,
LPJ3B-MY3AA42,1.0,1,SKD6E3340,71.0,1000.0,SKD11033065,0.0,0.0,,0.0,0.0,,0.0,0.0,,0.0,0.0,
LPJ3B-MY4AA42,1.0,1,SKD6E3340,71.0,1000.0,SKD11033065,0.0,0.0,,0.0,0.0,,0.0,0.0,,0.0,0.0,
LPJ3B-MY4BA38,1.0,1,SKD6G2737,54.0,1000.0,SKD11027067,0.0,0.0,,0.0,0.0,,0.0,0.0,,0.0,0.0,
LPJ3B-MY6AA38,1.0,1,SKD6E3550,94.0,1000.0,SKD11035065,0.0,0.0,,0.0,0.0,,0.0,0.0,,0.0,0.0,
LPJ3B-MY7AB38,1.0,1,SKD6E3560,117.0,1000.0,SKD11035065,0.0,0.0,,0.0,0.0,,0.0,0.0,,0.0,0.0,
LPJ3B-MY8AA38,1.0,1,SKD6E3550,94.0,1000.0,SKD11035065,0.0,0.0,,0.0,0.0,,0.0,0.0,,0.0,0.0,
LPJ3B-MZ5AA33,1.0,1,SKD5Z1275,44.0,1000.0,SKD11012050,0.0,0.0,,0.0,0.0,,0.0,0.0,,0.0,0.0,
LPJ3B-MZ5AA38,1.0,1,SKD5Z1275,44.0,1000.0,SKD11012050,0.0,0.0,,0.0,0.0,,0.0,0.0,,0.0,0.0,
LPJ3B-MZ5AA38-SPOT,92.0,1000,SKD11022067,0.0,0.0,,0.0,0.0,,0.0,0.0,,0.0,0.0,,0.0,0.0,
LPJ3B-MZ5AA42,1.0,1,SKD5Z1275,44.0,1000.0,SKD11012050,0.0,0.0,,0.0,0.0,,0.0,0.0,,0.0,0.0,
LPJ3B-MZ5BA38,1.0,1,SKD5Z1252,26.0,1000.0,SKD11012050,0.0,0.0,,0.0,0.0,,0.0,0.0,,0.0,0.0,
LPJ3B-MZ5CA30,1.0,1,SKD5Z1232,16.0,1000.0,SKD11012050,0.0,0.0,,0.0,0.0,,0.0,0.0,,0.0,0.0,
LPJ3-DA6A33,1.0,1,G3Z2080,0.0,0.0,,0.0,0.0,,0.0,0.0,,0.0,0.0,,0.0,0.0,
LPJ3-DA6B33,1.0,1,G3Z2045,0.0,0.0,,0.0,0.0,,0.0,0.0,,0.0,0.0,,0.0,0.0,
LPJ3-DB4A33,1.0,1,LPJ3-MB4A33,1.0,1.0,SKD6G1565,54.0,1000.0,SKD11015067,0.0,0.0,,0.0,0.0,,0.0,0.0,
LPJ3-DC1A33,1.0,1,LPJ3-MC1A33,1.0,1.0,SKD6G2720,30.0,1000.0,SKD11027067,0.0,0.0,,0.0,0.0,,0.0,0.0,
LPJ3-DC2A33,1.0,1,LPJ3-MC2A33,1.0,1.0,SKD6G2726,39.0,1000.0,SKD11027067,0.0,0.0,,0.0,0.0,,0.0,0.0,
LPJ3-DY1A33,1.0,1,LPJ3-MY1A33,1.0,1.0,SKD7Z3045,78.0,1000.0,SKD11030070,0.0,0.0,,0.0,0.0,,0.0,0.0,
LPJ3-DY2A33,1.0,1,LPJ3-MY2A33,1.0,1.0,SKD6G2745,67.0,1000.0,SKD11027067,0.0,0.0,,0.0,0.0,,0.0,0.0,
LPJ3-DY3A33,1.0,1,LPJ3-MY3A33,1.0,1.0,SKD6G2745,67.0,1000.0,SKD11027067,0.0,0.0,,0.0,0.0,,0.0,0.0,
LPJ3EP-MB1AA33,1.0,1,SKD6G2520,28.0,1000.0,SKD11025067,0.0,0.0,,0.0,0.0,,0.0,0.0,,0.0,0.0,
LPJ3-MR2AA38,1.0,1,SKD6G2726,39.0,1000.0,SKD11027067,0.0,0.0,,0.0,0.0,,0.0,0.0,,0.0,0.0,
LPJ4B-DC2AA33,1.0,1,LPJ4B-MC2AA33,1.0,1.0,SKD6G1565,54.0,1000.0,SKD11015067,0.0,0.0,,0.0,0.0,,0.0,0.0,
LPJ4B-DC2AA36,1.0,1,LPJ4B-MC2AA36,1.0,1.0,SKD6G1570,58.0,1000.0,SKD11015067,0.0,0.0,,0.0,0.0,,0.0,0.0,
LPJ4B-DC2AA38,1.0,1,LPJ4B-MC2AA38,1.0,1.0,SKD6G1565,54.0,1000.0,SKD11015067,0.0,0.0,,0.0,0.0,,0.0,0.0,
LPJ4B-DY2AA36,1.0,1,LPJ4B-MY2AA36,1.0,1.0,SKD6G2727,41.0,1000.0,SKD11027067,0.0,0.0,,0.0,0.0,,0.0,0.0,
LPJ4B-DY3AA36,1.0,1,LPJ4B-MY3AA36,1.0,1.0,SKD6G2753,79.0,1000.0,SKD11027067,0.0,0.0,,0.0,0.0,,0.0,0.0,
LPJ4B-DY3AA38,1.0,1,LPJ4B-MY3AA38,1.0,1.0,SKD6G2745,67.0,1000.0,SKD11027067,0.0,0.0,,0.0,0.0,,0.0,0.0,
LPJ4B-DY4AA36,1.0,1,LPJ4B-MY4AA36,1.0,1.0,SKD7Z3054,93.0,1000.0,SKD11030070,0.0,0.0,,0.0,0.0,,0.0,0.0,
LPJ4B-DY6AA33,1.0,1,LPJ4B-MY6AA33,1.0,1.0,SKD6G2745,67.0,1000.0,SKD11027067,0.0,0.0,,0.0,0.0,,0.0,0.0,
LPJ4B-DY7AA33,1.0,1,LPJ4B-MY7AA33,1.0,1.0,SKD6G2745,67.0,1000.0,SKD11027067,0.0,0.0,,0.0,0.0,,0.0,0.0,
LPJ4B-DZ5AA30,1.0,1,LPJ4B-MZ5AA30,1.0,1.0,SKD5Z1282,48.0,1000.0,SKD11012050,0.0,0.0,,0.0,0.0,,0.0,0.0,
LPJ4B-DZ5AA33,1.0,1,LPJ4B-MZ5AA33,1.0,1.0,SKD5Z1282,48.0,1000.0,SKD11012050,0.0,0.0,,0.0,0.0,,0.0,0.0,
LPJ4B-DZ5AA36,1.0,1,LPJ4B-MZ5AA36,1.0,1.0,SKD5Z1293,52.0,1000.0,SKD11012050,0.0,0.0,,0.0,0.0,,0.0,0.0,
LPJ4B-DZ5AA38,1.0,1,LPJ4B-MZ5AA38,1.0,1.0,SKD5Z1285,50.0,1000.0,SKD11012050,0.0,0.0,,0.0,0.0,,0.0,0.0,
LPJ4B-MB2AA33,1.0,1,SKD7Z3032,56.0,1000.0,SKD11030070,0.0,0.0,,0.0,0.0,,0.0,0.0,,0.0,0.0,
LPJ4B-MB2AA34,1.0,1,SKD7Z3035,61.0,1000.0,SKD11030070,0.0,0.0,,0.0,0.0,,0.0,0.0,,0.0,0.0,
LPJ4B-MB2AA36,1.0,1,SKD7Z3035,61.0,1000.0,SKD11030070,0.0,0.0,,0.0,0.0,,0.0,0.0,,0.0,0.0,
LPJ4B-MB2AA38,1.0,1,SKD7Z3035,61.0,1000.0,SKD11030070,0.0,0.0,,0.0,0.0,,0.0,0.0,,0.0,0.0,
LPJ4B-MC1AA38,1.0,1,SKD6G2545,62.0,1000.0,SKD11025067,0.0,0.0,,0.0,0.0,,0.0,0.0,,0.0,0.0,
LPJ4B-MC2AA34,1.0,1,SKD6G1565,54.0,1000.0,SKD11015067,0.0,0.0,,0.0,0.0,,0.0,0.0,,0.0,0.0,
LPJ4B-MC3AA38,1.0,1,SKD6G1535,41.0,1000.0,SKD11015067,0.0,0.0,,0.0,0.0,,0.0,0.0,,0.0,0.0,
LPJ4B-MX1AA30,1.0,1,SKD6G2518,24.0,1000.0,SKD11025067,0.0,0.0,,0.0,0.0,,0.0,0.0,,0.0,0.0,
LPJ4B-MX1AA34,1.0,1,SKD6G2519,27.0,1000.0,SKD11025067,0.0,0.0,,0.0,0.0,,0.0,0.0,,0.0,0.0,
LPJ4B-MX2AA34,1.0,1,SKD6E3536,83.0,1000.0,SKD11035065,0.0,0.0,,0.0,0.0,,0.0,0.0,,0.0,0.0,
LPJ4B-MY1AA33,1.0,1,SKD6G2519,27.0,1000.0,SKD11025067,0.0,0.0,,0.0,0.0,,0.0,0.0,,0.0,0.0,
LPJ4B-MY1AA34,1.0,1,SKD6G2520,28.0,1000.0,SKD11025067,0.0,0.0,,0.0,0.0,,0.0,0.0,,0.0,0.0,
LPJ4B-MY1AA36,1.0,1,SKD6G2520,28.0,1000.0,SKD11025067,0.0,0.0,,0.0,0.0,,0.0,0.0,,0.0,0.0,
LPJ4B-MY1AA42,1.0,1,SKD6G2520,28.0,1000.0,SKD11025067,0.0,0.0,,0.0,0.0,,0.0,0.0,,0.0,0.0,
LPJ4B-MY3AA33,1.0,1,SKD6G2745,67.0,1000.0,SKD11027067,0.0,0.0,,0.0,0.0,,0.0,0.0,,0.0,0.0,
LPJ4B-MY3AA34,1.0,1,SKD6G2745,67.0,1000.0,SKD11027067,0.0,0.0,,0.0,0.0,,0.0,0.0,,0.0,0.0,
LPJ4B-MY3AA42,1.0,1,SKD6G2745,67.0,1000.0,SKD11027067,0.0,0.0,,0.0,0.0,,0.0,0.0,,0.0,0.0,
LPJ4B-MY3AB33,1.0,1,SKD6G2745,67.0,1000.0,SKD11027067,0.0,0.0,,0.0,0.0,,0.0,0.0,,0.0,0.0,
LPJ4B-MY4AA33,1.0,1,SKD7Z3045,78.0,1000.0,SKD11030070,0.0,0.0,,0.0,0.0,,0.0,0.0,,0.0,0.0,
LPJ4B-MY4AA34,1.0,1,SKD7Z3045,78.0,1000.0,SKD11030070,0.0,0.0,,0.0,0.0,,0.0,0.0,,0.0,0.0,
LPJ4B-MY4AA38,1.0,1,SKD7Z3045,78.0,1000.0,SKD11030070,0.0,0.0,,0.0,0.0,,0.0,0.0,,0.0,0.0,
LPJ4B-MY4AA42,1.0,1,SKD7Z3045,78.0,1000.0,SKD11030070,0.0,0.0,,0.0,0.0,,0.0,0.0,,0.0,0.0,
LPJ4B-MY4BB33,1.0,1,SKD7Z3045,78.0,1000.0,SKD11030070,0.0,0.0,,0.0,0.0,,0.0,0.0,,0.0,0.0,
LPJ4B-MY6AA34,1.0,1,SKD6G2745,67.0,1000.0,SKD11027067,0.0,0.0,,0.0,0.0,,0.0,0.0,,0.0,0.0,
LPJ4B-MY6AA38,1.0,1,SKD6G2745,67.0,1000.0,SKD11027067,0.0,0.0,,0.0,0.0,,0.0,0.0,,0.0,0.0,
LPJ4B-MY7AA34,1.0,1,SKD6G2745,67.0,1000.0,SKD11027067,0.0,0.0,,0.0,0.0,,0.0,0.0,,0.0,0.0,
LPJ4B-MY7AB38,1.0,1,SKD6G3545,87.0,1000.0,SKD11035067,0.0,0.0,,0.0,0.0,,0.0,0.0,,0.0,0.0,
LPJ4B-MY8GA38,1.0,1,SKD6E3545,87.0,1000.0,SKD11035065,0.0,0.0,,0.0,0.0,,0.0,0.0,,0.0,0.0,
LPJ4B-MZ5AA324,1.0,1,SKD5Z1285,50.0,1000.0,SKD11012050,0.0,0.0,,0.0,0.0,,0.0,0.0,,0.0,0.0,
LPJ4B-MZ5AA34,1.0,1,SKD5Z1285,50.0,1000.0,SKD11012050,0.0,0.0,,0.0,0.0,,0.0,0.0,,0.0,0.0,
LPJ4B-MZ5AA42,1.0,1,SKD5Z1285,50.0,1000.0,SKD11012050,0.0,0.0,,0.0,0.0,,0.0,0.0,,0.0,0.0,
LPJ4B-MZ5BA38,1.0,1,SKD5Z1253,27.0,1000.0,SKD11012050,0.0,0.0,,0.0,0.0,,0.0,0.0,,0.0,0.0,
LPJ4B-MZ5BA42,1.0,1,SKD5Z1253,27.0,1000.0,SKD11012050,0.0,0.0,,0.0,0.0,,0.0,0.0,,0.0,0.0,
LPJ4C-DB1AA30,1.0,1,LPJ4C-MB1AA30,1.0,1.0,SKD5E2515,17.0,1000.0,SKD11025055,0.0,0.0,,0.0,0.0,,0.0,0.0,
LPJ4C-DB2AA30,1.0,1,LPJ4C-MB2AA30,1.0,1.0,SKD6G2732,48.0,1000.0,SKD11027067,0.0,0.0,,0.0,0.0,,0.0,0.0,
LPJ4C-MB1AB30,1.0,1,SKD5E2515,17.0,1000.0,SKD11025055,0.0,0.0,,0.0,0.0,,0.0,0.0,,0.0,0.0,
LPJ4C-MB2AA33,1.0,1,SKD6G2732,48.0,1000.0,SKD11027067,0.0,0.0,,0.0,0.0,,0.0,0.0,,0.0,0.0,
LPJ4C-MB3AA33,1.0,1,SKD6G2745,67.0,1000.0,SKD11027067,0.0,0.0,,0.0,0.0,,0.0,0.0,,0.0,0.0,
LPJ4C-MB4AA30,1.0,1,SKD6G1565,54.0,1000.0,SKD11015067,0.0,0.0,,0.0,0.0,,0.0,0.0,,0.0,0.0,
LPJ4C-MB4AA33,1.0,1,SKD6G1565,54.0,1000.0,SKD11015067,0.0,0.0,,0.0,0.0,,0.0,0.0,,0.0,0.0,
LPJ4C-MB4BA33,1.0,1,SKD6G1535,41.0,1000.0,SKD11015067,0.0,0.0,,0.0,0.0,,0.0,0.0,,0.0,0.0,
LPJ4-DZ5AA33,1.0,1,LPJ4-MZ5AA33,1.0,1.0,SKD5Z1285,50.0,1000.0,SKD11012050,0.0,0.0,,0.0,0.0,,0.0,0.0,
LPJ4EP-DB1AA33,1.0,1,LPJ4EP-MB1AA33,1.0,1.0,SKD6G2520,28.0,1000.0,SKD11025067,0.0,0.0,,0.0,0.0,,0.0,0.0,
LPJ4EP-DB5AA33,1.0,1,LPJ4EP-MB5AA33,1.0,1.0,SKD8B2140,57.0,1000.0,SKD11021082,0.0,0.0,,0.0,0.0,,0.0,0.0,
LPJ4EP-DY2AA33,1.0,1,LPJ4EP-MY2AA33,1.0,1.0,SKD6G2727,41.0,1000.0,SKD11027067,0.0,0.0,,0.0,0.0,,0.0,0.0,
LPJ4EP-DY3AA33,1.0,1,LPJ4EP-MY3AA33,1.0,1.0,SKD6G2745,67.0,1000.0,SKD11027067,0.0,0.0,,0.0,0.0,,0.0,0.0,
LPJ4EP-DY4AA33,1.0,1,LPJ4EP-MY4AA33,1.0,1.0,SKD6G2248,59.0,1000.0,SKD11022067,0.0,0.0,,0.0,0.0,,0.0,0.0,
LPJ4EP-DY5AA33,1.0,1,LPJ4EP-MY5AA33,1.0,1.0,SKD6G1535,41.0,1000.0,SKD11015067,0.0,0.0,,0.0,0.0,,0.0,0.0,
LPJ4EP-MY1AA33,1.0,1,SKD6G2520,28.0,1000.0,SKD11025067,0.0,0.0,,0.0,0.0,,0.0,0.0,,0.0,0.0,
LPJ4-MB1AA33,1.0,1,SKD6G2519,27.0,1000.0,SKD11025067,0.0,0.0,,0.0,0.0,,0.0,0.0,,0.0,0.0,
LPJ4-MB1DA33,1.0,1,SKD6G2515,21.0,1000.0,SKD11025067,0.0,0.0,,0.0,0.0,,0.0,0.0,,0.0,0.0,
LPJ4-MB2AA30,1.0,1,SKD7Z3032,56.0,1000.0,SKD11030070,0.0,0.0,,0.0,0.0,,0.0,0.0,,0.0,0.0,
LPJ4-MB2AA33,1.0,1,SKD7Z3032,56.0,1000.0,SKD11030070,0.0,0.0,,0.0,0.0,,0.0,0.0,,0.0,0.0,
LPJ4-MB2AB33,1.0,1,SKD7Z3032,56.0,1000.0,SKD11030070,0.0,0.0,,0.0,0.0,,0.0,0.0,,0.0,0.0,
LPJ4-MC0AA30,1.0,1,SKD6G1565,54.0,1000.0,SKD11015067,0.0,0.0,,0.0,0.0,,0.0,0.0,,0.0,0.0,
LPJ4-MC0AA33,1.0,1,SKD6G1565,54.0,1000.0,SKD11015067,0.0,0.0,,0.0,0.0,,0.0,0.0,,0.0,0.0,
LPJ4T-DY1AA30,1.0,1,LPJ4T-MY1AA30,1.0,1.0,SKD6G3532,62.0,1000.0,SKD11035067,0.0,0.0,,0.0,0.0,,0.0,0.0,
LPJ4T-MB1AA30,1.0,1,SKD6G2732,48.0,1000.0,SKD11027067,0.0,0.0,,0.0,0.0,,0.0,0.0,,0.0,0.0,
LPJ4T-MB1BA30,1.0,1,SKD6G2732,48.0,1000.0,SKD11027067,0.0,0.0,,0.0,0.0,,0.0,0.0,,0.0,0.0,
LPJ4T-MB2AA30,1.0,1,SKD7Z3035,61.0,1000.0,SKD11030070,0.0,0.0,,0.0,0.0,,0.0,0.0,,0.0,0.0,
LPJ4T-MB2BA30,1.0,1,SKD7Z3035,61.0,1000.0,SKD11030070,0.0,0.0,,0.0,0.0,,0.0,0.0,,0.0,0.0,
LPJ4T-MB3AA30,1.0,1,SKD7Z3040,69.0,1000.0,SKD11030070,0.0,0.0,,0.0,0.0,,0.0,0.0,,0.0,0.0,
LPJ4T-MB3BA30,1.0,1,SKD7Z3040,69.0,1000.0,SKD11030070,0.0,0.0,,0.0,0.0,,0.0,0.0,,0.0,0.0,
LPJ4T-MY6AA30,1.0,1,SKD6G2745,67.0,1000.0,SKD11027067,0.0,0.0,,0.0,0.0,,0.0,0.0,,0.0,0.0,
LPJ4T-MZ5AB30,1.0,1,SKD6G1584,70.0,1000.0,SKD11015067,0.0,0.0,,0.0,0.0,,0.0,0.0,,0.0,0.0,
LPJ4T-MZ5CA30,1.0,1,SKD6G1584,70.0,1000.0,SKD11015067,0.0,0.0,,0.0,0.0,,0.0,0.0,,0.0,0.0,
LPJ-DB1A30,1.0,1,LPJ-MB1A30,1.0,1.0,SKD6G2720,30.0,1000.0,SKD11027067,0.0,0.0,,0.0,0.0,,0.0,0.0,
LPJ-DB1A33,1.0,1,LPJ-MB1A33,1.0,1.0,SKD7Z3020,35.0,1000.0,SKD11030070,0.0,0.0,,0.0,0.0,,0.0,0.0,
LPJ-DB2A30,1.0,1,LPJ-MB2A30,1.0,1.0,SKD6G2538,53.0,1000.0,SKD11025067,0.0,0.0,,0.0,0.0,,0.0,0.0,
LPJ-DB2A33,1.0,1,LPJ-MB2A33,1.0,1.0,SKD6G2745,67.0,1000.0,SKD11027067,0.0,0.0,,0.0,0.0,,0.0,0.0,
LPJ-DY1,1.0,1,LPJ-MY1,1.0,1.0,SKD6G2520,28.0,1000.0,SKD11025067,0.0,0.0,,0.0,0.0,,0.0,0.0,
LPJ-DY3A33,1.0,1,LPJ-MY3A33,1.0,1.0,SKD6G2753,79.0,1000.0,SKD11027067,0.0,0.0,,0.0,0.0,,0.0,0.0,
LPJ-DY4A33,1.0,1,LPJ-MY4A33,1.0,1.0,SKD7Z3054,93.0,1000.0,SKD11030070,0.0,0.0,,0.0,0.0,,0.0,0.0,
LPJ-DY6A33,1.0,1,LPJ-MY6A33,1.0,1.0,SKD6G2761,91.0,1000.0,SKD11027067,0.0,0.0,,0.0,0.0,,0.0,0.0,
LPJ-DZ5A33,1.0,1,LPJ-MZ5A33,1.0,1.0,SKD6Z1855,58.0,1000.0,SKD11018060,0.0,0.0,,0.0,0.0,,0.0,0.0,
LPJ-MB2D30,1.0,1,SKD6G2538,53.0,1000.0,SKD11025067,0.0,0.0,,0.0,0.0,,0.0,0.0,,0.0,0.0,
LPJ-MY4,1.0,1,S6H3856,140.0,1000.0,SUJ3038068,0.0,0.0,,0.0,0.0,,0.0,0.0,,0.0,0.0,
LPJ-MZ5,1.0,1,SKD6Z1855,58.0,1000.0,SKD11018060,0.0,0.0,,0.0,0.0,,0.0,0.0,,0.0,0.0,
LPJNY-DB5AA33,1.0,1,LPJNY-MB5AA33,1.0,1.0,SKD6G2745,67.0,1000.0,SKD11027067,0.0,0.0,,0.0,0.0,,0.0,0.0,
LPJNY-DB6AA33,1.0,1,LPJNY-MB6AA33,1.0,1.0,SKD6G2235,43.0,1000.0,SKD11022067,0.0,0.0,,0.0,0.0,,0.0,0.0,
LPJNY-DB7AA33,1.0,1,LPJNY-MB7AA33,1.0,1.0,SKD6G2235,43.0,1000.0,SKD11022067,0.0,0.0,,0.0,0.0,,0.0,0.0,
LPJNY-DB8AA33,1.0,1,LPJNY-MB8AA33,1.0,1.0,SKD6G2235,43.0,1000.0,SKD11022067,0.0,0.0,,0.0,0.0,,0.0,0.0,
LPJNY-DB9AA33,1.0,1,LPJNY-MB9AA33,1.0,1.0,SKD6G2753,79.0,1000.0,SKD11027067,0.0,0.0,,0.0,0.0,,0.0,0.0,
LPJNY-DC0AA33,1.0,1,LPJNY-MC0AA33,1.0,1.0,SKD6G2248,59.0,1000.0,SKD11022067,0.0,0.0,,0.0,0.0,,0.0,0.0,
LPJNY-DC1AA33,1.0,1,LPJNY-MC1AA33,1.0,1.0,SKD6G2248,59.0,1000.0,SKD11022067,0.0,0.0,,0.0,0.0,,0.0,0.0,
LPJNY-DC2AA33,1.0,1,LPJNY-MC2AA33,1.0,1.0,SKD6G2248,59.0,1000.0,SKD11022067,0.0,0.0,,0.0,0.0,,0.0,0.0,
LPJNY-DY1AA33,1.0,1,LPJNY-MY1AA33,1.0,1.0,SKD6G2726,39.0,1000.0,SKD11027067,0.0,0.0,,0.0,0.0,,0.0,0.0,
LPJNY-DY2AA33,1.0,1,LPJNY-MY2AA33,1.0,1.0,SKD6G3535,68.0,1000.0,SKD11035067,0.0,0.0,,0.0,0.0,,0.0,0.0,
LRB2-DB3H33,1.0,1,LRB2-MB3H33,1.0,1.0,S6H2130P,50.0,1000.0,SUJ3038068,0.0,0.0,,0.0,0.0,,0.0,0.0,
LRB2-DB4H33,1.0,1,LRB2-MB4H33,1.0,1.0,S6H4725,80.0,1000.0,SUJ3047068-H,0.0,0.0,,0.0,0.0,,0.0,0.0,
LRE4T-DB1B,1.0,1,LRE4T-MB1B,1.0,1.0,S6H3822,55.0,1000.0,SUJ3038068,0.0,0.0,,0.0,0.0,,0.0,0.0,
LRE4T-DB2B,1.0,1,LRE4T-MB2B,1.0,1.0,S6H3822,55.0,1000.0,SUJ3038068,0.0,0.0,,0.0,0.0,,0.0,0.0,
LRE4T-DB7B,1.0,1,LRE4T-MB7B,1.0,1.0,S6H3846,100.0,1000.0,SUJ3038068,0.0,0.0,,0.0,0.0,,0.0,0.0,
LRE4T-DB9B,1.0,1,LRE4T-MB9B,1.0,1.0,S6H3245,80.0,1000.0,SUJ3032068,0.0,0.0,,0.0,0.0,,0.0,0.0,
LRE4T-DC0B30,1.0,1,LRE4T-MC0B30,1.0,1.0,S6H3822,55.0,1000.0,SUJ3038068,0.0,0.0,,0.0,0.0,,0.0,0.0,
LRE4T-DD4B30,1.0,1,LRE4T-MD4B30,1.0,1.0,S6H3822,55.0,1000.0,SUJ3038068,0.0,0.0,,0.0,0.0,,0.0,0.0,
LRE4T-DD5B30,1.0,1,LRE4T-MD5B30,1.0,1.0,S6H3822,55.0,1000.0,SUJ3038068,0.0,0.0,,0.0,0.0,,0.0,0.0,
LRE4T-DE6BS,1.0,1,LRE4T-ME6BS,1.0,1.0,S6H3822,55.0,1000.0,SUJ3038068,0.0,0.0,,0.0,0.0,,0.0,0.0,
LRE-DB1,1.0,1,LRE-MB1,1.0,1.0,S6H2723P,60.0,1000.0,SUJ3038068,0.0,0.0,,0.0,0.0,,0.0,0.0,
LRE-DB2,1.0,1,LRE-MB2,1.0,1.0,S6H2723P,60.0,1000.0,SUJ3038068,0.0,0.0,,0.0,0.0,,0.0,0.0,
LRE-DB3,1.0,1,LRE-MB3,1.0,1.0,S6H3828,75.0,1000.0,SUJ3038068,0.0,0.0,,0.0,0.0,,0.0,0.0,
LRE-DB7,1.0,1,LRE-MB6,1.0,1.0,S6H3260,130.0,1000.0,SUJ3032068,0.0,0.0,,0.0,0.0,,0.0,0.0,
LRE-DT0,1.0,1,LRE-MT0,1.0,1.0,S6H3260,130.0,1000.0,SUJ3032068,0.0,0.0,,0.0,0.0,,0.0,0.0,
LRE-DT1,1.0,1,LRE-MT1,1.0,1.0,S6H3416P,45.0,1000.0,SUJ3038068,0.0,0.0,,0.0,0.0,,0.0,0.0,
LRE-DT2,1.0,1,LRE-MT2,1.0,1.0,S6H3424P,65.0,1000.0,SUJ3038068,0.0,0.0,,0.0,0.0,,0.0,0.0,
LRE-DT3,1.0,1,LRE-MT3,1.0,1.0,S6H3424P,65.0,1000.0,SUJ3038068,0.0,0.0,,0.0,0.0,,0.0,0.0,
LRE-DW1,1.0,1,LRE-MW1,1.0,1.0,S6H3260,130.0,1000.0,SUJ3032068,0.0,0.0,,0.0,0.0,,0.0,0.0,
LRE-DW5,1.0,1,LRE-MW5,1.0,1.0,S6H3260,130.0,1000.0,SUJ3032068,0.0,0.0,,0.0,0.0,,0.0,0.0,
LRE-DX1,1.0,1,LRE-MX1,1.0,1.0,S6H3260,130.0,1000.0,SUJ3032068,0.0,0.0,,0.0,0.0,,0.0,0.0,
LRE-DX4,1.0,1,LRE-MX4,1.0,1.0,S6H2520P,50.0,1000.0,SUJ3038068,0.0,0.0,,0.0,0.0,,0.0,0.0,
LRE-DX5B,1.0,1,LRE-MX5B,1.0,1.0,S6H4725,80.0,1000.0,SUJ3047068-H,0.0,0.0,,0.0,0.0,,0.0,0.0,
LRE-DX8,1.0,1,LRE-MX8,1.0,1.0,S6H2830P,65.0,1000.0,SUJ3038068,0.0,0.0,,0.0,0.0,,0.0,0.0,
LRE-DY3,1.0,1,LRE-MY3,1.0,1.0,S6H3255,100.0,1000.0,SUJ3032068,0.0,0.0,,0.0,0.0,,0.0,0.0,
LREMDNY-DB2A,1.0,1,LREMDNY-MB2A,1.0,1.0,S6H3822,55.0,1000.0,SUJ3038068,0.0,0.0,,0.0,0.0,,0.0,0.0,
LREMDNY-DB3A,1.0,1,LREMDNY-MB3A,1.0,1.0,S6H3822,55.0,1000.0,SUJ3038068,0.0,0.0,,0.0,0.0,,0.0,0.0,
LREMDNY-DB7A,1.0,1,LREMDNY-MB7A,1.0,1.0,S6H3838,95.0,1000.0,SUJ3038068,0.0,0.0,,0.0,0.0,,0.0,0.0,
LREMDNY-DB9A,1.0,1,LREMDNY-MB9A,1.0,1.0,S6H3846,100.0,1000.0,SUJ3038068,0.0,0.0,,0.0,0.0,,0.0,0.0,
LREMDNY-DC6A,1.0,1,LREMDNY-MB7A,1.0,1.0,S6H3838,95.0,1000.0,SUJ3038068,0.0,0.0,,0.0,0.0,,0.0,0.0,
LREMDNY-DD8A,1.0,1,LREMDNY-MD8A,1.0,1.0,S6H3250,90.0,1000.0,SUJ3032068,0.0,0.0,,0.0,0.0,,0.0,0.0,
LREMDNY-DX1,1.0,1,LREMDNY-MX1,1.0,1.0,S6H3818,45.0,1000.0,SUJ3038068,0.0,0.0,,0.0,0.0,,0.0,0.0,
LREMDNY-DX2,1.0,1,LREMDNY-MX2,1.0,1.0,S6H3856,140.0,1000.0,SUJ3038068,0.0,0.0,,0.0,0.0,,0.0,0.0,
LREMDNY-DX6,1.0,1,LREMDNY-MX6,1.0,1.0,S6H3822,55.0,1000.0,SUJ3038068,0.0,0.0,,0.0,0.0,,0.0,0.0,
LREMDNY-DX7,1.0,1,LREMDNY-MX7,1.0,1.0,S6H3822,55.0,1000.0,SUJ3038068,0.0,0.0,,0.0,0.0,,0.0,0.0,
LREMDNY-DY3,1.0,1,LREMDNY-MY3,1.0,1.0,S6H3856,140.0,1000.0,SUJ3038068,0.0,0.0,,0.0,0.0,,0.0,0.0,
LREMDNY-DY530,1.0,1,LREMDNY-MY530,1.0,1.0,S6H3856,140.0,1000.0,SUJ3038068,0.0,0.0,,0.0,0.0,,0.0,0.0,
LREMDNY-MT3,1.0,1,S6H3822,55.0,1000.0,SUJ3038068,0.0,0.0,,0.0,0.0,,0.0,0.0,,0.0,0.0,
LRM2-DX1A,1.0,1,LRM2-MX1A,1.0,1.0,S6H3838,95.0,1000.0,SUJ3038068,0.0,0.0,,0.0,0.0,,0.0,0.0,
LRM2-DX3A,1.0,1,LRM2-MX3A,1.0,1.0,S6H3838,95.0,1000.0,SUJ3038068,0.0,0.0,,0.0,0.0,,0.0,0.0,
LRSB-MB1AA18,1.0,1,SKD6G3520,39.0,1000.0,SKD11035067,0.0,0.0,,0.0,0.0,,0.0,0.0,,0.0,0.0,
LRS-DB1AA12,1.0,1,LRS-MB1AA12,1.0,1.0,SKD6G3527,52.0,1000.0,SKD11035067,0.0,0.0,,0.0,0.0,,0.0,0.0,
LRS-DB1AA30,1.0,1,LRS-MB1AA30,1.0,1.0,SKD6G3527,52.0,1000.0,SKD11035067,0.0,0.0,,0.0,0.0,,0.0,0.0,
LRS-DB1AA38,1.0,1,LRS-MB1AA38,1.0,1.0,S6H3224,60.0,1000.0,SUJ3032068,0.0,0.0,,0.0,0.0,,0.0,0.0,
LRS-DB3AA12,1.0,1,LRS-MB3AA12,1.0,1.0,SKD6E3535,80.0,1000.0,SKD11035065,0.0,0.0,,0.0,0.0,,0.0,0.0,
LRS-DB3AA38,1.0,1,LRS-MB3AA38,1.0,1.0,S6H3838,95.0,1000.0,SUJ3038068,0.0,0.0,,0.0,0.0,,0.0,0.0,
LRS-DB5AA38,1.0,1,LRS-MB5AA38,1.0,1.0,S6H3850,130.0,1000.0,SUJ3038068,0.0,0.0,,0.0,0.0,,0.0,0.0,
LRS-DB6AA38,1.0,1,LRS-MB6AA38,1.0,1.0,S6H3850,130.0,1000.0,SUJ3038068,0.0,0.0,,0.0,0.0,,0.0,0.0,
LRS-DC2AA38,1.0,1,LRS-MB2AA38,1.0,1.0,S6H3818,45.0,1000.0,SUJ3038068,0.0,0.0,,0.0,0.0,,0.0,0.0,
LRS-DY1AA30,1.0,1,LRS-MY1AA30,1.0,1.0,SKD5E3024,33.0,1000.0,SKD11030055,0.0,0.0,,0.0,0.0,,0.0,0.0,
LRS-DY2AA12,1.0,1,LRS-MY2AA12,1.0,1.0,SKD6G2538,53.0,1000.0,SKD11025067,0.0,0.0,,0.0,0.0,,0.0,0.0,
LRS-DY2AA30,1.0,1,LRS-MY2AA30,1.0,1.0,SKD6G2532,45.0,1000.0,SKD11025067,0.0,0.0,,0.0,0.0,,0.0,0.0,
LRS-DY3AA38,1.0,1,LRS-MY3AA38,1.0,1.0,S6H3255,100.0,1000.0,SUJ3032068,0.0,0.0,,0.0,0.0,,0.0,0.0,
LRS-DY5AA38,1.0,1,S6H3828,75.0,1000.0,SUJ3038068,0.0,0.0,,0.0,0.0,,0.0,0.0,,0.0,0.0,
LRS-DY6AA38,1.0,1,S5F3035,50.0,1000.0,SUJ3030056,0.0,0.0,,0.0,0.0,,0.0,0.0,,0.0,0.0,
LRS-DY7AA38,1.0,1,S6H3255,100.0,1000.0,SUJ3032068,0.0,0.0,,0.0,0.0,,0.0,0.0,,0.0,0.0,
LRSSP-MB1AA17,1.0,1,SKD5E3022,30.0,1000.0,SKD11030055,0.0,0.0,,0.0,0.0,,0.0,0.0,,0.0,0.0,
LRSSP-MB2AA17,1.0,1,SKD5E3022,30.0,1000.0,SKD11030055,0.0,0.0,,0.0,0.0,,0.0,0.0,,0.0,0.0,
LRSSP-MB3AA17,1.0,1,SKD6G2732,48.0,1000.0,SKD11027067,0.0,0.0,,0.0,0.0,,0.0,0.0,,0.0,0.0,
LRSSP-MB4AA17,1.0,1,SKD6G2729,44.0,1000.0,SKD11027067,0.0,0.0,,0.0,0.0,,0.0,0.0,,0.0,0.0,
LRSSP-MB5AA17,1.0,1,SKD6G2753,79.0,1000.0,SKD11027067,0.0,0.0,,0.0,0.0,,0.0,0.0,,0.0,0.0,
LRSSP-MB6AA17,1.0,1,SKD6G2745,67.0,1000.0,SKD11027067,0.0,0.0,,0.0,0.0,,0.0,0.0,,0.0,0.0,
LRSSP-MY1AA17,1.0,1,SKD5E3030,45.0,1000.0,SKD11030055,0.0,0.0,,0.0,0.0,,0.0,0.0,,0.0,0.0,
LRSSP-MY2AA17,1.0,1,SKD6E3336,64.0,1000.0,SKD11033065,0.0,0.0,,0.0,0.0,,0.0,0.0,,0.0,0.0,
LRSSP-MY3AA17,1.0,1,SKD6E3330,60.0,1000.0,SKD11033065,0.0,0.0,,0.0,0.0,,0.0,0.0,,0.0,0.0,
LRSSP-MY5AA17,1.0,1,SKD6E3336,64.0,1000.0,SKD11033065,0.0,0.0,,0.0,0.0,,0.0,0.0,,0.0,0.0,
LRX-MB3,1.0,1,SKD6G2235,43.0,1000.0,SKD11022067,0.0,0.0,,0.0,0.0,,0.0,0.0,,0.0,0.0,
LRX-MY3BS2,1.0,1,SKD6G2526,36.0,1000.0,SKD11025067,0.0,0.0,,0.0,0.0,,0.0,0.0,,0.0,0.0,
LRXR-DA6A33,1.0,1,LRXR-MA6A33,1.0,1.0,G3Z2085,0.0,0.0,,0.0,0.0,,0.0,0.0,,0.0,0.0,
LRXR-DA6A38,1.0,1,LRXR-MA6A38,1.0,1.0,G3Z2085,0.0,0.0,,0.0,0.0,,0.0,0.0,,0.0,0.0,
LS2-DB3,1.0,1,LS2-MB3,1.0,1.0,S4Z4522,50.0,1000.0,SUJ3045040,0.0,0.0,,0.0,0.0,,0.0,0.0,
LUX-DX2,1.0,1,LUX-MX2,1.0,1.0,S161620,50.0,1000.0,SUJ3016016,0.0,0.0,,0.0,0.0,,0.0,0.0,
LUX-DX4,1.0,1,LUX-MX4,1.0,1.0,S6H2830P,65.0,1000.0,SUJ3038068,0.0,0.0,,0.0,0.0,,0.0,0.0,
LUX-DX5AA30,1.0,1,LUX-MY1C1,1.0,1.0,S6H3828,75.0,1000.0,SUJ3038068,0.0,0.0,,0.0,0.0,,0.0,0.0,
LUX-DY1B233,1.0,1,LUX-MY1B233,1.0,1.0,S6H3828,75.0,1000.0,SUJ3038068,0.0,0.0,,0.0,0.0,,0.0,0.0,
LUX-DY1C1,1.0,1,LUX-MY1C1,1.0,1.0,S6H3828,75.0,1000.0,SUJ3038068,0.0,0.0,,0.0,0.0,,0.0,0.0,
LUX-DY1C133,1.0,1,LUX-MY1C133,1.0,1.0,S6H3828,75.0,1000.0,SUJ3038068,0.0,0.0,,0.0,0.0,,0.0,0.0,
LUX-DY3,1.0,1,LUX-MY3,1.0,1.0,S6H3228,60.0,1000.0,SUJ3032068,0.0,0.0,,0.0,0.0,,0.0,0.0,
LUX-DY4,1.0,1,LUX-MY4,1.0,1.0,S5F2020P,30.0,1000.0,SUJ3030056,0.0,0.0,,0.0,0.0,,0.0,0.0,
LUX-MV1B,1.0,1,SKD6G2737,54.0,1000.0,SKD11027067,0.0,0.0,,0.0,0.0,,0.0,0.0,,0.0,0.0,
LUX-MY1C2,1.0,1,S6H3828,75.0,1000.0,SUJ3038068,0.0,0.0,,0.0,0.0,,0.0,0.0,,0.0,0.0,
MA-226-516AB30,1.0,1,SKD6G1565,54.0,1000.0,SKD11015067,0.0,0.0,,0.0,0.0,,0.0,0.0,,0.0,0.0,
MA-3323-505AA26,1.0,1,SKD5Z1293,52.0,1000.0,SKD11012050,0.0,0.0,,0.0,0.0,,0.0,0.0,,0.0,0.0,
MA-3323-505BA26,1.0,1,SKD5Z1248,24.0,1000.0,SKD11012050,0.0,0.0,,0.0,0.0,,0.0,0.0,,0.0,0.0,
MA-3501-52011HA30,1.0,1,SKD6G2220,26.0,1000.0,SKD11022067,0.0,0.0,,0.0,0.0,,0.0,0.0,,0.0,0.0,
MA-3501-52012AA24,1.0,1,SKD8B2944,86.0,1000.0,SKD11029082,0.0,0.0,,0.0,0.0,,0.0,0.0,,0.0,0.0,
MA-3501-52013AA24,1.0,1,SKD8B2144,63.0,1000.0,SKD11021082,0.0,0.0,,0.0,0.0,,0.0,0.0,,0.0,0.0,
MA-3501-52014AA24,1.0,1,SKD8B2165,92.0,1000.0,SKD11021082,0.0,0.0,,0.0,0.0,,0.0,0.0,,0.0,0.0,
MA-3501-52014AA26,1.0,1,SKD8B2160,85.0,1000.0,SKD11021082,0.0,0.0,,0.0,0.0,,0.0,0.0,,0.0,0.0,
MA-3501-52032AA34,1.0,1,SKD8B2965,127.0,1000.0,SKD11029082,0.0,0.0,,0.0,0.0,,0.0,0.0,,0.0,0.0,
MA-3501-52032AA38,1.0,1,SKD8B2965,127.0,1000.0,SKD11029082,0.0,0.0,,0.0,0.0,,0.0,0.0,,0.0,0.0,
MA-3501-52041AA24,1.0,1,SKD6G2222,27.0,1000.0,SKD11022067,0.0,0.0,,0.0,0.0,,0.0,0.0,,0.0,0.0,
MA-3501-52043AA24,1.0,1,SKD8B2144,63.0,1000.0,SKD11021082,0.0,0.0,,0.0,0.0,,0.0,0.0,,0.0,0.0,
MA-3501-62001MB26,1.0,1,SKD5G4070,131.0,1000.0,SKD11040057,0.0,0.0,,0.0,0.0,,0.0,0.0,,0.0,0.0,
MA-3501-62001PB26,1.0,1,SKD5G4070,131.0,1000.0,SKD11040057,0.0,0.0,,0.0,0.0,,0.0,0.0,,0.0,0.0,
MA-3501-62001UA24,1.0,1,SKD5G4070,131.0,1000.0,SKD11040057,0.0,0.0,,0.0,0.0,,0.0,0.0,,0.0,0.0,
MA-3501-62021AA30,1.0,1,SKD6G2576,105.0,1000.0,SKD11025067,0.0,0.0,,0.0,0.0,,0.0,0.0,,0.0,0.0,
MA-3501-62021AL24,1.0,1,SKD6G2576,105.0,1000.0,SKD11025067,0.0,0.0,,0.0,0.0,,0.0,0.0,,0.0,0.0,
MA-3501-62021AL30,1.0,1,SKD6G2576,105.0,1000.0,SKD11025067,0.0,0.0,,0.0,0.0,,0.0,0.0,,0.0,0.0,
MA-3501-62031AA24,1.0,1,SKD6G2590,124.0,1000.0,SKD11025067,0.0,0.0,,0.0,0.0,,0.0,0.0,,0.0,0.0,
MA-3501-62031AA30,1.0,1,SKD6G2582,113.0,1000.0,SKD11025067,0.0,0.0,,0.0,0.0,,0.0,0.0,,0.0,0.0,
MA-3501-62041AA26,1.0,1,SKD5E2522,28.0,1000.0,SKD11025055,0.0,0.0,,0.0,0.0,,0.0,0.0,,0.0,0.0,
MA-3501-62041AA30,1.0,1,SKD5E2522,28.0,1000.0,SKD11025055,0.0,0.0,,0.0,0.0,,0.0,0.0,,0.0,0.0,
MA-3501-62041AA34,1.0,1,SKD5E2522,28.0,1000.0,SKD11025055,0.0,0.0,,0.0,0.0,,0.0,0.0,,0.0,0.0,
MA-3501-62041AA36,1.0,1,SKD5E2225,25.0,1000.0,SKD11022055,0.0,0.0,,0.0,0.0,,0.0,0.0,,0.0,0.0,
MA-3501-62041AA38,1.0,1,SKD5E2522,28.0,1000.0,SKD11025055,0.0,0.0,,0.0,0.0,,0.0,0.0,,0.0,0.0,
MA-3501-62041AB26,1.0,1,SKD5E2522,28.0,1000.0,SKD11025055,0.0,0.0,,0.0,0.0,,0.0,0.0,,0.0,0.0,
MA-3501-62041AB30,1.0,1,SKD5E2522,28.0,1000.0,SKD11025055,0.0,0.0,,0.0,0.0,,0.0,0.0,,0.0,0.0,
MA-3501-62041AB34,1.0,1,SKD5E2522,28.0,1000.0,SKD11025055,0.0,0.0,,0.0,0.0,,0.0,0.0,,0.0,0.0,
MA-3501-62041AB36,1.0,1,SKD5E2522,28.0,1000.0,SKD11025055,0.0,0.0,,0.0,0.0,,0.0,0.0,,0.0,0.0,
MA-3501-62041AB38,1.0,1,SKD5E2522,28.0,1000.0,SKD11025055,0.0,0.0,,0.0,0.0,,0.0,0.0,,0.0,0.0,
MA-3504-514BB26,1.0,1,SKD6G2761,91.0,1000.0,SKD11027067,0.0,0.0,,0.0,0.0,,0.0,0.0,,0.0,0.0,
MA-3504-611AA30,1.0,1,SKD6E4061,131.0,1000.0,SKD11040065,0.0,0.0,,0.0,0.0,,0.0,0.0,,0.0,0.0,
MA-3504-621AA30,1.0,1,SKD6G2576,105.0,1000.0,SKD11025067,0.0,0.0,,0.0,0.0,,0.0,0.0,,0.0,0.0,
MA-3504-621AB36,1.0,1,SKD6G2576,105.0,1000.0,SKD11025067,0.0,0.0,,0.0,0.0,,0.0,0.0,,0.0,0.0,
MA-352B-505AA36,1.0,1,SKD5Z1275,44.0,1000.0,SKD11012050,0.0,0.0,,0.0,0.0,,0.0,0.0,,0.0,0.0,
MA-352B-505BA36,1.0,1,SKD5Z2230,30.0,1000.0,SKD11022050,0.0,0.0,,0.0,0.0,,0.0,0.0,,0.0,0.0,
MA-3538-505AA32,1.0,1,SKD5Z1275,44.0,1000.0,SKD11012050,0.0,0.0,,0.0,0.0,,0.0,0.0,,0.0,0.0,
MA-3538-505BA32,1.0,1,SKD5Z1240,30.0,1000.0,SKD11012050,0.0,0.0,,0.0,0.0,,0.0,0.0,,0.0,0.0,
MA-3549-505AA34,1.0,1,SKD5Z1270,41.0,1000.0,SKD11012050,0.0,0.0,,0.0,0.0,,0.0,0.0,,0.0,0.0,
MA-3549-505BA34,1.0,1,SKD5Z1270,41.0,1000.0,SKD11012050,0.0,0.0,,0.0,0.0,,0.0,0.0,,0.0,0.0,
MA-3549-505CA34,1.0,1,SKD5Z1270,41.0,1000.0,SKD11012050,0.0,0.0,,0.0,0.0,,0.0,0.0,,0.0,0.0,
MA-3551-505AA34,1.0,1,SKD5Z1270,41.0,1000.0,SKD11012050,0.0,0.0,,0.0,0.0,,0.0,0.0,,0.0,0.0,
MA-3551-542AA34,1.0,1,SKD6G2248,59.0,1000.0,SKD11022067,0.0,0.0,,0.0,0.0,,0.0,0.0,,0.0,0.0,
MA-3551-569AA34,1.0,1,SKD6G1525,21.0,1000.0,SKD11015067,0.0,0.0,,0.0,0.0,,0.0,0.0,,0.0,0.0,
MA-3551-572AA34,1.0,1,SKD8B2125,36.0,1000.0,SKD11021082,0.0,0.0,,0.0,0.0,,0.0,0.0,,0.0,0.0,
MA-3638-505AA26,1.0,1,SKD5Z1275,44.0,1000.0,SKD11012050,0.0,0.0,,0.0,0.0,,0.0,0.0,,0.0,0.0,
MA-3638-505AA30,1.0,1,SKD5Z1275,44.0,1000.0,SKD11012050,0.0,0.0,,0.0,0.0,,0.0,0.0,,0.0,0.0,
MA-3638-505BA26,1.0,1,SKD5Z1240,30.0,1000.0,SKD11012050,0.0,0.0,,0.0,0.0,,0.0,0.0,,0.0,0.0,
MA-3650-505AA34,1.0,1,SKD5Z1258,30.0,1000.0,SKD11012050,0.0,0.0,,0.0,0.0,,0.0,0.0,,0.0,0.0,
MA-3652-505AA32,1.0,1,SKD5Z1248,24.0,1000.0,SKD11012050,0.0,0.0,,0.0,0.0,,0.0,0.0,,0.0,0.0,
MA-3709-505AA34,1.0,1,SKD5Z1253,27.0,1000.0,SKD11012050,0.0,0.0,,0.0,0.0,,0.0,0.0,,0.0,0.0,
MA-3709-505BA34,1.0,1,SKD5Z1253,27.0,1000.0,SKD11012050,0.0,0.0,,0.0,0.0,,0.0,0.0,,0.0,0.0,
MA-3709-505CA34,1.0,1,SKD5Z1236,28.0,1000.0,SKD11012050,0.0,0.0,,0.0,0.0,,0.0,0.0,,0.0,0.0,
MA-3709-514AA34,1.0,1,SKD7Z3040,69.0,1000.0,SKD11030070,0.0,0.0,,0.0,0.0,,0.0,0.0,,0.0,0.0,
MA-4206-520AA30,1.0,1,SKD6G1535,41.0,1000.0,SKD11015067,0.0,0.0,,0.0,0.0,,0.0,0.0,,0.0,0.0,
MA-4501-505AA26,1.0,1,SKD5Z1293,52.0,1000.0,SKD11012050,0.0,0.0,,0.0,0.0,,0.0,0.0,,0.0,0.0,
MA-4501-505AB26,1.0,1,SKD5Z1248,24.0,1000.0,SKD11012050,0.0,0.0,,0.0,0.0,,0.0,0.0,,0.0,0.0,
MA-47-611C30,1.0,1,SKD6G2220,26.0,1000.0,SKD11022067,0.0,0.0,,0.0,0.0,,0.0,0.0,,0.0,0.0,
MA-47-612C30,1.0,1,SKD6G2218,24.0,1000.0,SKD11022067,0.0,0.0,,0.0,0.0,,0.0,0.0,,0.0,0.0,
MA-5132-519AA30,1.0,1,SKD105020,0.0,0.0,,0.0,0.0,,0.0,0.0,,0.0,0.0,,0.0,0.0,
MA-5132-519AA33,1.0,1,SKD105020,0.0,0.0,,0.0,0.0,,0.0,0.0,,0.0,0.0,,0.0,0.0,
MA-5207-513AA34,1.0,1,SKD6G2261,74.0,1000.0,SKD11022067,0.0,0.0,,0.0,0.0,,0.0,0.0,,0.0,0.0,
MA-5517-505AA38,1.0,1,SKD6G1556,62.0,1000.0,SKD11015067,0.0,0.0,,0.0,0.0,,0.0,0.0,,0.0,0.0,
MA-5520-569CA34,1.0,1,SKD6G2718,27.0,1000.0,SKD11027067,0.0,0.0,,0.0,0.0,,0.0,0.0,,0.0,0.0,
MA-5520-569CA38,1.0,1,SKD6G2718,27.0,1000.0,SKD11027067,0.0,0.0,,0.0,0.0,,0.0,0.0,,0.0,0.0,
MA-5528-614AA30,1.0,1,SKD6G1580,66.0,1000.0,SKD11015067,0.0,0.0,,0.0,0.0,,0.0,0.0,,0.0,0.0,
MA-5529-505AA34,1.0,1,SKD5Z1275,44.0,1000.0,SKD11012050,0.0,0.0,,0.0,0.0,,0.0,0.0,,0.0,0.0,
MA-5534-569BA38,1.0,1,SKD6Z1836,32.0,1000.0,SKD11018060,0.0,0.0,,0.0,0.0,,0.0,0.0,,0.0,0.0,
MA-5535-505AA48,1.0,1,SKD5Z1275,44.0,1000.0,SKD11012050,0.0,0.0,,0.0,0.0,,0.0,0.0,,0.0,0.0,
MA-5610-505AA30,1.0,1,SKD6G1565,54.0,1000.0,SKD11015067,0.0,0.0,,0.0,0.0,,0.0,0.0,,0.0,0.0,
MA-5610-505AA34,1.0,1,SKD6G1565,54.0,1000.0,SKD11015067,0.0,0.0,,0.0,0.0,,0.0,0.0,,0.0,0.0,
MA-603-621AL,1.0,1,SKD6G2235,43.0,1000.0,SKD11022067,0.0,0.0,,0.0,0.0,,0.0,0.0,,0.0,0.0,
MA-6101-627AA30,1.0,1,SKD6G1542,36.0,1000.0,SKD11015067,0.0,0.0,,0.0,0.0,,0.0,0.0,,0.0,0.0,
MA-6104-626AA38,1.0,1,SKD6G1542,36.0,1000.0,SKD11015067,0.0,0.0,,0.0,0.0,,0.0,0.0,,0.0,0.0,
MA-6206-627AB34,1.0,1,SKD6G1552,58.0,1000.0,SKD11015067,0.0,0.0,,0.0,0.0,,0.0,0.0,,0.0,0.0,
MA-6206-627BA34,1.0,1,SKD6G1552,58.0,1000.0,SKD11015067,0.0,0.0,,0.0,0.0,,0.0,0.0,,0.0,0.0,
MA-6207-627AA34,1.0,1,SKD6G1552,58.0,1000.0,SKD11015067,0.0,0.0,,0.0,0.0,,0.0,0.0,,0.0,0.0,
MA-6207-627BA34,1.0,1,SKD6G1552,58.0,1000.0,SKD11015067,0.0,0.0,,0.0,0.0,,0.0,0.0,,0.0,0.0,
MA-6209-505AA34,1.0,1,SKD6G1575,62.0,1000.0,SKD11015067,0.0,0.0,,0.0,0.0,,0.0,0.0,,0.0,0.0,
MA-6209-624AA34,1.0,1,SKD6G1552,58.0,1000.0,SKD11015067,0.0,0.0,,0.0,0.0,,0.0,0.0,,0.0,0.0,
MA-6210-505AA34,1.0,1,SKD6G1565,54.0,1000.0,SKD11015067,0.0,0.0,,0.0,0.0,,0.0,0.0,,0.0,0.0,
MA-6210-505BA34,1.0,1,SKD6G1565,54.0,1000.0,SKD11015067,0.0,0.0,,0.0,0.0,,0.0,0.0,,0.0,0.0,
MA-6210-505CA34,1.0,1,SKD8B2144,63.0,1000.0,SKD11021082,0.0,0.0,,0.0,0.0,,0.0,0.0,,0.0,0.0,
MA-6210-505DA34,1.0,1,SKD6G1565,54.0,1000.0,SKD11015067,0.0,0.0,,0.0,0.0,,0.0,0.0,,0.0,0.0,
MA-6210-505EA34,1.0,1,SKD8B2144,63.0,1000.0,SKD11021082,0.0,0.0,,0.0,0.0,,0.0,0.0,,0.0,0.0,
MA-6210-626AC34,1.0,1,SKD6G1542,36.0,1000.0,SKD11015067,0.0,0.0,,0.0,0.0,,0.0,0.0,,0.0,0.0,
MA-6210-626AD34,1.0,1,SKD6G1542,36.0,1000.0,SKD11015067,0.0,0.0,,0.0,0.0,,0.0,0.0,,0.0,0.0,
MA-6211-505AA34,1.0,1,SKD6G1565,54.0,1000.0,SKD11015067,0.0,0.0,,0.0,0.0,,0.0,0.0,,0.0,0.0,
MA-621-644L,1.0,1,SKD6G2250,61.0,1000.0,SKD11022067,0.0,0.0,,0.0,0.0,,0.0,0.0,,0.0,0.0,
MA-621-644M,1.0,1,SKD6G2550,69.0,1000.0,SKD11025067,0.0,0.0,,0.0,0.0,,0.0,0.0,,0.0,0.0,
MA-621-644T,1.0,1,SKD6G2250,61.0,1000.0,SKD11022067,0.0,0.0,,0.0,0.0,,0.0,0.0,,0.0,0.0,
MA-621-644V,1.0,1,SKD6G2250,61.0,1000.0,SKD11022067,0.0,0.0,,0.0,0.0,,0.0,0.0,,0.0,0.0,
MA-631-51830,1.0,1,SKD8B2950,98.0,1000.0,SKD11029082,0.0,0.0,,0.0,0.0,,0.0,0.0,,0.0,0.0,
MA-631-51926,1.0,1,SKD8B2940,78.0,1000.0,SKD11029082,0.0,0.0,,0.0,0.0,,0.0,0.0,,0.0,0.0,
MA-710-511,1.0,1,S6H3846,100.0,1000.0,SUJ3038068,0.0,0.0,,0.0,0.0,,0.0,0.0,,0.0,0.0,
MA-710-516,1.0,1,S6H3822,55.0,1000.0,SUJ3038068,0.0,0.0,,0.0,0.0,,0.0,0.0,,0.0,0.0,
MA-748-617AA30,1.0,1,SKD8E5048,168.0,1000.0,SKD11050085,0.0,0.0,,0.0,0.0,,0.0,0.0,,0.0,0.0,
MA-956-68130,1.0,1,SKD6G7555,227.0,1000.0,SKD11075067,0.0,0.0,,0.0,0.0,,0.0,0.0,,0.0,0.0,
MA-956-684D30,1.0,1,SKD6G7595,392.0,1000.0,SKD11075067,0.0,0.0,,0.0,0.0,,0.0,0.0,,0.0,0.0,
MA-956-685D30,1.0,1,SKD6G75125,516.0,1000.0,SKD11075067,0.0,0.0,,0.0,0.0,,0.0,0.0,,0.0,0.0,
MA-956-686D30,1.0,1,SKD6G7595,392.0,1000.0,SKD11075067,0.0,0.0,,0.0,0.0,,0.0,0.0,,0.0,0.0,
MA-956-687EA30,1.0,1,SKD6G7555,227.0,1000.0,SKD11075067,0.0,0.0,,0.0,0.0,,0.0,0.0,,0.0,0.0,
MA-956-69130,1.0,1,SKD6G3575,145.0,1000.0,SKD11035067,0.0,0.0,,0.0,0.0,,0.0,0.0,,0.0,0.0,
MA-956-69134,1.0,1,SKD6G3575,145.0,1000.0,SKD11035067,0.0,0.0,,0.0,0.0,,0.0,0.0,,0.0,0.0,
MA-960-505AA32,1.0,1,SKD5Z1258,30.0,1000.0,SKD11012050,0.0,0.0,,0.0,0.0,,0.0,0.0,,0.0,0.0,
MA-B336-505BA34,1.0,1,SKD5Z1252,26.0,1000.0,SKD11012050,0.0,0.0,,0.0,0.0,,0.0,0.0,,0.0,0.0,
MA-E272-627AA30,1.0,1,SKD6G2720,30.0,1000.0,SKD11027067,0.0,0.0,,0.0,0.0,,0.0,0.0,,0.0,0.0,
MA-KS51-00302AA30,1.0,1,SKD6G2545,62.0,1000.0,SKD11025067,0.0,0.0,,0.0,0.0,,0.0,0.0,,0.0,0.0,
MA-SPL-1121J,1.0,1,SKD6G2523,32.0,1000.0,SKD11025067,0.0,0.0,,0.0,0.0,,0.0,0.0,,0.0,0.0,
MA-SPL-1121PA,1.0,1,SKD6G2723,35.0,1000.0,SKD11027067,0.0,0.0,,0.0,0.0,,0.0,0.0,,0.0,0.0,
MA-SPL-1121QA,1.0,1,SKD6G2720,30.0,1000.0,SKD11027067,0.0,0.0,,0.0,0.0,,0.0,0.0,,0.0,0.0,
MA-SPL-1531AA,1.0,1,SKD6G1535,41.0,1000.0,SKD11015067,0.0,0.0,,0.0,0.0,,0.0,0.0,,0.0,0.0,
MA-SPL-1531BA,1.0,1,SKD6G1535,41.0,1000.0,SKD11015067,0.0,0.0,,0.0,0.0,,0.0,0.0,,0.0,0.0,
MA-SPL-1644AA,1.0,1,SKD6G1535,41.0,1000.0,SKD11015067,0.0,0.0,,0.0,0.0,,0.0,0.0,,0.0,0.0,
MA-SPL-1681KA30,1.0,1,SKD6G2525,35.0,1000.0,SKD11025067,0.0,0.0,,0.0,0.0,,0.0,0.0,,0.0,0.0,
MA-SPL-1681LA30,1.0,1,SKD6G2538,53.0,1000.0,SKD11025067,0.0,0.0,,0.0,0.0,,0.0,0.0,,0.0,0.0,
MA-SPL-1681PA30,1.0,1,SKD6G2520,28.0,1000.0,SKD11025067,0.0,0.0,,0.0,0.0,,0.0,0.0,,0.0,0.0,
MA-SPL-1681QA30,1.0,1,SKD8B2140,57.0,1000.0,SKD11021082,0.0,0.0,,0.0,0.0,,0.0,0.0,,0.0,0.0,
MA-SPL-1681WA30,1.0,1,SKD8B2140,57.0,1000.0,SKD11021082,0.0,0.0,,0.0,0.0,,0.0,0.0,,0.0,0.0,
MA-SPL-1819AA18,1.0,1,S6H3822,55.0,1000.0,SUJ3038068,0.0,0.0,,0.0,0.0,,0.0,0.0,,0.0,0.0,
MA-SPL-1855AA30,1.0,1,SKD5E2515,17.0,1000.0,SKD11025055,0.0,0.0,,0.0,0.0,,0.0,0.0,,0.0,0.0,
MA-SPL-1911BA33,1.0,1,SKD8B2125,36.0,1000.0,SKD11021082,0.0,0.0,,0.0,0.0,,0.0,0.0,,0.0,0.0,
MA-SPL-1920AA,1.0,1,SKD5E2520,26.0,1000.0,SKD11025055,0.0,0.0,,0.0,0.0,,0.0,0.0,,0.0,0.0,
MA-SPL-1920BA,1.0,1,SKD6G2227,33.0,1000.0,SKD11022067,0.0,0.0,,0.0,0.0,,0.0,0.0,,0.0,0.0,
MA-SPL-2180BA30,1.0,1,SKD6E3527,33.0,1000.0,SKD11035065,0.0,0.0,,0.0,0.0,,0.0,0.0,,0.0,0.0,
MA-SPL-2180EA,1.0,1,SKD5E2532,38.0,1000.0,SKD11025055,0.0,0.0,,0.0,0.0,,0.0,0.0,,0.0,0.0,
MA-SPL-2182BA30,1.0,1,SKD6E3527,33.0,1000.0,SKD11035065,0.0,0.0,,0.0,0.0,,0.0,0.0,,0.0,0.0,
MA-SPL-2182CA30,1.0,1,SKD6G2242,51.0,1000.0,SKD11022067,0.0,0.0,,0.0,0.0,,0.0,0.0,,0.0,0.0,
MA-SPL-2182DA30,1.0,1,SKD6E3560,117.0,1000.0,SKD11035065,0.0,0.0,,0.0,0.0,,0.0,0.0,,0.0,0.0,
MA-SPL-2182FA30,1.0,1,SKD6G1556,62.0,1000.0,SKD11015067,0.0,0.0,,0.0,0.0,,0.0,0.0,,0.0,0.0,
MA-SPL-2182GA30,1.0,1,SKD6G1556,62.0,1000.0,SKD11015067,0.0,0.0,,0.0,0.0,,0.0,0.0,,0.0,0.0,
MA-SPL-2182JA30,1.0,1,SKD6E3540,87.0,1000.0,SKD11035065,0.0,0.0,,0.0,0.0,,0.0,0.0,,0.0,0.0,
MA-SPL-2209AA33,1.0,1,SKD5E2538,45.0,1000.0,SKD11025055,0.0,0.0,,0.0,0.0,,0.0,0.0,,0.0,0.0,
MA-SPL-2209BA33,1.0,1,SKD6G2234,42.0,1000.0,SKD11022067,0.0,0.0,,0.0,0.0,,0.0,0.0,,0.0,0.0,
MA-SPL-948C,1.0,1,SKD6G2538,53.0,1000.0,SKD11025067,0.0,0.0,,0.0,0.0,,0.0,0.0,,0.0,0.0,
MA-TS-2545A,1.0,1,S6H2630P,55.0,1000.0,SUJ3038068,0.0,0.0,,0.0,0.0,,0.0,0.0,,0.0,0.0,
MA-TS-2692A,1.0,1,SKD6G2723,35.0,1000.0,SKD11027067,0.0,0.0,,0.0,0.0,,0.0,0.0,,0.0,0.0,
MA-TS-2692B,1.0,1,SKD6G2720,30.0,1000.0,SKD11027067,0.0,0.0,,0.0,0.0,,0.0,0.0,,0.0,0.0,
MA-TS-2698A,1.0,1,SKD7Z3032,56.0,1000.0,SKD11030070,0.0,0.0,,0.0,0.0,,0.0,0.0,,0.0,0.0,
MA-TS-2760A,1.0,1,SKD6G2720,30.0,1000.0,SKD11027067,0.0,0.0,,0.0,0.0,,0.0,0.0,,0.0,0.0,
MA-TS-2779FC,1.0,1,SKD6G4730,78.0,1000.0,SKD11047067,0.0,0.0,,0.0,0.0,,0.0,0.0,,0.0,0.0,
MA-TS-2965A,1.0,1,SKD8E5018,63.0,1000.0,SKD11050085,0.0,0.0,,0.0,0.0,,0.0,0.0,,0.0,0.0,
MA-TS-3165AA,1.0,1,SKD6G2522,31.0,1000.0,SKD11025067,0.0,0.0,,0.0,0.0,,0.0,0.0,,0.0,0.0,
MA-TS-3174BA,1.0,1,SKD131345,0.0,0.0,,0.0,0.0,,0.0,0.0,,0.0,0.0,,0.0,0.0,
MA-TS-3237GA38,1.0,1,SKD5E3022,30.0,1000.0,SKD11030055,0.0,0.0,,0.0,0.0,,0.0,0.0,,0.0,0.0,
MA-TS-3301AA,1.0,1,SKD6G2222,27.0,1000.0,SKD11022067,0.0,0.0,,0.0,0.0,,0.0,0.0,,0.0,0.0,
MA-TS-3301BA,1.0,1,SKD6G2222,27.0,1000.0,SKD11022067,0.0,0.0,,0.0,0.0,,0.0,0.0,,0.0,0.0,
MA-TS-3301DA,1.0,1,SKD8B2144,63.0,1000.0,SKD11021082,0.0,0.0,,0.0,0.0,,0.0,0.0,,0.0,0.0,
MA-TS-3338HA,1.0,1,SKD8B2944,86.0,1000.0,SKD11029082,0.0,0.0,,0.0,0.0,,0.0,0.0,,0.0,0.0,
MA-TS-3342AA,1.0,1,SKD5E2230,30.0,1000.0,SKD11022055,0.0,0.0,,0.0,0.0,,0.0,0.0,,0.0,0.0,
MA-TS-3342BA,1.0,1,SKD5E2230,30.0,1000.0,SKD11022055,0.0,0.0,,0.0,0.0,,0.0,0.0,,0.0,0.0,
MA-TS-3362HA,1.0,1,SKD8B2920,39.0,1000.0,SKD11029082,0.0,0.0,,0.0,0.0,,0.0,0.0,,0.0,0.0,
MA-TS-3363CC,1.0,1,SKD6G2515,21.0,1000.0,SKD11025067,0.0,0.0,,0.0,0.0,,0.0,0.0,,0.0,0.0,
MA-TS-3363DB,1.0,1,SKD6G2220,26.0,1000.0,SKD11022067,0.0,0.0,,0.0,0.0,,0.0,0.0,,0.0,0.0,
MA-TS-3457AA,1.0,1,SKD8B2140,57.0,1000.0,SKD11021082,0.0,0.0,,0.0,0.0,,0.0,0.0,,0.0,0.0,
MC-MY136,1.0,1,SKD6G3555,106.0,1000.0,SKD11035067,0.0,0.0,,0.0,0.0,,0.0,0.0,,0.0,0.0,
MH-DB1,1.0,1,MH-MB1,1.0,1.0,S5F3070,100.0,1000.0,SUJ3030056,0.0,0.0,,0.0,0.0,,0.0,0.0,
MH-DY1B,1.0,1,MH-MY1B,1.0,1.0,S6H3846,100.0,1000.0,SUJ3038068,0.0,0.0,,0.0,0.0,,0.0,0.0,
MH-DY3,1.0,1,MH-MY3,1.0,1.0,S161620,50.0,1000.0,SUJ3016016,0.0,0.0,,0.0,0.0,,0.0,0.0,
MH-DY4B,1.0,1,MH-MY4B,1.0,1.0,S6H3822,55.0,1000.0,SUJ3038068,0.0,0.0,,0.0,0.0,,0.0,0.0,
MH-DY5C,1.0,1,S191922,80.0,1000.0,SUJ3019019,0.0,0.0,,0.0,0.0,,0.0,0.0,,0.0,0.0,
MH-DY6B,1.0,1,MH-MY6B,1.0,1.0,S161620,50.0,1000.0,SUJ3016016,0.0,0.0,,0.0,0.0,,0.0,0.0,
MH-DY8B,1.0,1,MH-MY8B,1.0,1.0,S6H2265P,80.0,1000.0,SUJ3047068-H,0.0,0.0,,0.0,0.0,,0.0,0.0,
MKC-MB1AA36,1.0,1,SKD6G2515,21.0,1000.0,SKD11025067,0.0,0.0,,0.0,0.0,,0.0,0.0,,0.0,0.0,
MKC-MY1AA38,1.0,1,SKD5E2545,51.0,1000.0,SKD11025055,0.0,0.0,,0.0,0.0,,0.0,0.0,,0.0,0.0,
MKC-MY2AA38,1.0,1,SKD6G2242,51.0,1000.0,SKD11022067,0.0,0.0,,0.0,0.0,,0.0,0.0,,0.0,0.0,
NC-205-516AA20,1.0,1,SKD6G2545,62.0,1000.0,SKD11025067,0.0,0.0,,0.0,0.0,,0.0,0.0,,0.0,0.0,
NC-205-617AA20,1.0,1,SKD6G2545,62.0,1000.0,SKD11025067,0.0,0.0,,0.0,0.0,,0.0,0.0,,0.0,0.0,
NC-269-512A33,1.0,1,S6H3822,55.0,1000.0,SUJ3038068,0.0,0.0,,0.0,0.0,,0.0,0.0,,0.0,0.0,
NC-269-512BA33,1.0,1,S6H3822,55.0,1000.0,SUJ3038068,0.0,0.0,,0.0,0.0,,0.0,0.0,,0.0,0.0,
NC-269-513B33,1.0,1,S6H3856,140.0,1000.0,SUJ3038068,0.0,0.0,,0.0,0.0,,0.0,0.0,,0.0,0.0,
NC-269-513BB33,1.0,1,SKD6E3560,117.0,1000.0,SKD11035065,0.0,0.0,,0.0,0.0,,0.0,0.0,,0.0,0.0,
NC-269-566AA38,1.0,1,SKD8E4053,148.0,1000.0,SKD11040085,0.0,0.0,,0.0,0.0,,0.0,0.0,,0.0,0.0,
NC-271-551AA33,1.0,1,SKD8B2925,49.0,1000.0,SKD11029082,0.0,0.0,,0.0,0.0,,0.0,0.0,,0.0,0.0,
NC-272-566AA38,1.0,1,SKD8E4053,148.0,1000.0,SKD11040085,0.0,0.0,,0.0,0.0,,0.0,0.0,,0.0,0.0,
NC-272-566AB33,1.0,1,SKD8E4053,148.0,1000.0,SKD11040085,0.0,0.0,,0.0,0.0,,0.0,0.0,,0.0,0.0,
NC-274-622AA30,1.0,1,SKD6G1565,54.0,1000.0,SKD11015067,0.0,0.0,,0.0,0.0,,0.0,0.0,,0.0,0.0,
NC-283-551AA33,1.0,1,SKD8B2920,39.0,1000.0,SKD11029082,0.0,0.0,,0.0,0.0,,0.0,0.0,,0.0,0.0,
NC-284-566AA33,1.0,1,SKD8E4053,148.0,1000.0,SKD11040085,0.0,0.0,,0.0,0.0,,0.0,0.0,,0.0,0.0,
NC-3139-511AA30-NC-MADE,1.0,1,SKD6G2532,45.0,1000.0,SKD11025067,0.0,0.0,,0.0,0.0,,0.0,0.0,,0.0,0.0,
NC-3139-511AA34-NC-MADE,1.0,1,SKD6G2532,45.0,1000.0,SKD11025067,0.0,0.0,,0.0,0.0,,0.0,0.0,,0.0,0.0,
NC-3153-611AA30-ALL,108.0,1000,SKD11040082,0.0,0.0,,0.0,0.0,,0.0,0.0,,0.0,0.0,,0.0,0.0,
NC-3153-611AA34-ALL,108.0,1000,SKD11040082,0.0,0.0,,0.0,0.0,,0.0,0.0,,0.0,0.0,,0.0,0.0,
NC-352-621AC33,1.0,1,SKD6G2720,30.0,1000.0,SKD11027067,0.0,0.0,,0.0,0.0,,0.0,0.0,,0.0,0.0,
NC-352-622AC33,1.0,1,SKD6G2726,39.0,1000.0,SKD11027067,0.0,0.0,,0.0,0.0,,0.0,0.0,,0.0,0.0,
NC-352-671AA33,1.0,1,SKD6G2720,30.0,1000.0,SKD11027067,0.0,0.0,,0.0,0.0,,0.0,0.0,,0.0,0.0,
NC-352-672AA33,1.0,1,SKD6G2726,39.0,1000.0,SKD11027067,0.0,0.0,,0.0,0.0,,0.0,0.0,,0.0,0.0,
NC-355-541,78.0,1000,SKD11022067,0.0,0.0,,0.0,0.0,,0.0,0.0,,0.0,0.0,,0.0,0.0,
NC-355-541A33,78.0,1000,SKD11022067,0.0,0.0,,0.0,0.0,,0.0,0.0,,0.0,0.0,,0.0,0.0,
NC-3636-541AA30,78.0,1000,SKD11022067,0.0,0.0,,0.0,0.0,,0.0,0.0,,0.0,0.0,,0.0,0.0,
NC-41019-617AA30,1.0,1,SKD105038,0.0,0.0,,0.0,0.0,,0.0,0.0,,0.0,0.0,,0.0,0.0,
NC-4109-611AA26,1.0,1,SKD105040,0.0,0.0,,0.0,0.0,,0.0,0.0,,0.0,0.0,,0.0,0.0,
NC-4109-611AA30,1.0,1,SKD105040,0.0,0.0,,0.0,0.0,,0.0,0.0,,0.0,0.0,,0.0,0.0,
NC-4109-611BA26,1.0,1,SKD105040,0.0,0.0,,0.0,0.0,,0.0,0.0,,0.0,0.0,,0.0,0.0,
NC-4109-611BA30,1.0,1,SKD105040,0.0,0.0,,0.0,0.0,,0.0,0.0,,0.0,0.0,,0.0,0.0,
NC-4109-612AA26,1.0,1,SKD105020,0.0,0.0,,0.0,0.0,,0.0,0.0,,0.0,0.0,,0.0,0.0,
NC-4109-612AA30,1.0,1,SKD105020,0.0,0.0,,0.0,0.0,,0.0,0.0,,0.0,0.0,,0.0,0.0,
NC-4109-613AA26,1.0,1,SKD105016,0.0,0.0,,0.0,0.0,,0.0,0.0,,0.0,0.0,,0.0,0.0,
NC-4109-613AA30,1.0,1,SKD105016,0.0,0.0,,0.0,0.0,,0.0,0.0,,0.0,0.0,,0.0,0.0,
NC-4109-613AB30,1.0,1,SKD105016,0.0,0.0,,0.0,0.0,,0.0,0.0,,0.0,0.0,,0.0,0.0,
NC-4109-614AA26,1.0,1,SKD105020,0.0,0.0,,0.0,0.0,,0.0,0.0,,0.0,0.0,,0.0,0.0,
NC-4109-614AA30,1.0,1,SKD105020,0.0,0.0,,0.0,0.0,,0.0,0.0,,0.0,0.0,,0.0,0.0,
NC-4109-615AA26,1.0,1,SKD105025,0.0,0.0,,0.0,0.0,,0.0,0.0,,0.0,0.0,,0.0,0.0,
NC-4109-615AA30,1.0,1,SKD105025,0.0,0.0,,0.0,0.0,,0.0,0.0,,0.0,0.0,,0.0,0.0,
NC-4109-615AB30,1.0,1,SKD105025,0.0,0.0,,0.0,0.0,,0.0,0.0,,0.0,0.0,,0.0,0.0,
NC-4109-616AA26,1.0,1,SKD105040,0.0,0.0,,0.0,0.0,,0.0,0.0,,0.0,0.0,,0.0,0.0,
NC-4109-616AA30,1.0,1,SKD105040,0.0,0.0,,0.0,0.0,,0.0,0.0,,0.0,0.0,,0.0,0.0,
NC-4109-617AA26,1.0,1,SKD105038,0.0,0.0,,0.0,0.0,,0.0,0.0,,0.0,0.0,,0.0,0.0,
NC-4109-617AA30,1.0,1,SKD105038,0.0,0.0,,0.0,0.0,,0.0,0.0,,0.0,0.0,,0.0,0.0,
NC-4109-618AA26,1.0,1,SKD105029,0.0,0.0,,0.0,0.0,,0.0,0.0,,0.0,0.0,,0.0,0.0,
NC-4109-618AA30,1.0,1,SKD105029,0.0,0.0,,0.0,0.0,,0.0,0.0,,0.0,0.0,,0.0,0.0,
NC-4109-619AA26,1.0,1,SKD105060,0.0,0.0,,0.0,0.0,,0.0,0.0,,0.0,0.0,,0.0,0.0,
NC-4110-619AA30,1.0,1,SKD105060,0.0,0.0,,0.0,0.0,,0.0,0.0,,0.0,0.0,,0.0,0.0,
NC-4408-543AA30,1.0,1,SKD5E2235,35.0,1000.0,SKD11022055,0.0,0.0,,0.0,0.0,,0.0,0.0,,0.0,0.0,
NC-4408-543AA34,1.0,1,SKD5E2235,35.0,1000.0,SKD11022055,0.0,0.0,,0.0,0.0,,0.0,0.0,,0.0,0.0,
NC-4408-543AB34,1.0,1,SKD5E2235,35.0,1000.0,SKD11022055,0.0,0.0,,0.0,0.0,,0.0,0.0,,0.0,0.0,
NC-479-511AA30,1.0,1,SKD5E2520,26.0,1000.0,SKD11025055,0.0,0.0,,0.0,0.0,,0.0,0.0,,0.0,0.0,
NC-479-512AA30,45.0,1000,SKD11025067,0.0,0.0,,0.0,0.0,,0.0,0.0,,0.0,0.0,,0.0,0.0,
NC-479-512AA33,1.0,1,SKD6G2532,45.0,1000.0,SKD11025067,0.0,0.0,,0.0,0.0,,0.0,0.0,,0.0,0.0,
NC-479-512AA34,45.0,1000,SKD11025067,0.0,0.0,,0.0,0.0,,0.0,0.0,,0.0,0.0,,0.0,0.0,
NC-479-514AA33,1.0,1,SKD6G2548,66.0,1000.0,SKD11025067,0.0,0.0,,0.0,0.0,,0.0,0.0,,0.0,0.0,
NC-479-514AA34,1.0,1,SKD6G2548,66.0,1000.0,SKD11025067,0.0,0.0,,0.0,0.0,,0.0,0.0,,0.0,0.0,
NC-479-514EA34,62.0,1000,SKD6G2548,66.0,1000.0,SKD11025067,0.0,0.0,,0.0,0.0,,0.0,0.0,,0.0,0.0,
NC-479-515AA33,1.0,1,SKD6G2532,45.0,1000.0,SKD11025067,0.0,0.0,,0.0,0.0,,0.0,0.0,,0.0,0.0,
NC-479-516AA30,1.0,1,SKD5E2520,26.0,1000.0,SKD11025055,0.0,0.0,,0.0,0.0,,0.0,0.0,,0.0,0.0,
NC-479-518AA33,1.0,1,SKD6G2548,66.0,1000.0,SKD11025067,0.0,0.0,,0.0,0.0,,0.0,0.0,,0.0,0.0,
NC-479-611AA34,1.0,1,SKD6G2518,24.0,1000.0,SKD11025067,0.0,0.0,,0.0,0.0,,0.0,0.0,,0.0,0.0,
NC-479-612AA34,1.0,1,SKD6G2218,24.0,1000.0,SKD11022067,0.0,0.0,,0.0,0.0,,0.0,0.0,,0.0,0.0,
NC-479-631AA34,1.0,1,SKD6G2518,24.0,1000.0,SKD11025067,0.0,0.0,,0.0,0.0,,0.0,0.0,,0.0,0.0,
NC-479-632AA34,1.0,1,SKD6G2218,24.0,1000.0,SKD11022067,0.0,0.0,,0.0,0.0,,0.0,0.0,,0.0,0.0,
NC-5154-611AA30-ALL,45.0,1000,SKD11025067,0.0,0.0,,0.0,0.0,,0.0,0.0,,0.0,0.0,,0.0,0.0,
NC-5154-611AA34-ALL,45.0,1000,SKD11025067,0.0,0.0,,0.0,0.0,,0.0,0.0,,0.0,0.0,,0.0,0.0,
NC-5154-612AA30-ALL,45.0,1000,SKD11025067,0.0,0.0,,0.0,0.0,,0.0,0.0,,0.0,0.0,,0.0,0.0,
NC-5154-612AA34-ALL,45.0,1000,SKD11025067,0.0,0.0,,0.0,0.0,,0.0,0.0,,0.0,0.0,,0.0,0.0,
NC-5154-615AA30-ALL,45.0,1000,SKD11025067,0.0,0.0,,0.0,0.0,,0.0,0.0,,0.0,0.0,,0.0,0.0,
NC-5154-615AA34-ALL,45.0,1000,SKD11025067,0.0,0.0,,0.0,0.0,,0.0,0.0,,0.0,0.0,,0.0,0.0,
NC-5154-615AA36-ALL,45.0,1000,SKD11025067,0.0,0.0,,0.0,0.0,,0.0,0.0,,0.0,0.0,,0.0,0.0,
NC-5154-616AA30-ALL,45.0,1000,SKD11025067,0.0,0.0,,0.0,0.0,,0.0,0.0,,0.0,0.0,,0.0,0.0,
NC-5154-616AA34-ALL,45.0,1000,SKD11025067,0.0,0.0,,0.0,0.0,,0.0,0.0,,0.0,0.0,,0.0,0.0,
NC-5154-616AA36-ALL,45.0,1000,SKD11025067,0.0,0.0,,0.0,0.0,,0.0,0.0,,0.0,0.0,,0.0,0.0,
NC-5154-621AA36-ALL,45.0,1000,SKD11025067,0.0,0.0,,0.0,0.0,,0.0,0.0,,0.0,0.0,,0.0,0.0,
NC-5154-622AA36-ALL,45.0,1000,SKD11025067,0.0,0.0,,0.0,0.0,,0.0,0.0,,0.0,0.0,,0.0,0.0,
NC-5202-516AA36,1.0,1,SKD6G1565,54.0,1000.0,SKD11015067,0.0,0.0,,0.0,0.0,,0.0,0.0,,0.0,0.0,
NC-5202-521AA36,1.0,1,SKD6G1565,54.0,1000.0,SKD11015067,0.0,0.0,,0.0,0.0,,0.0,0.0,,0.0,0.0,
NC-5520-569AB30,1.0,1,SKD9Z3520,52.0,1000.0,SKD11035090,0.0,0.0,,0.0,0.0,,0.0,0.0,,0.0,0.0,
NC-5520-569BA30,1.0,1,SKD9Z3520,52.0,1000.0,SKD11035090,0.0,0.0,,0.0,0.0,,0.0,0.0,,0.0,0.0,
NC-580-51738S2,1.0,1,S6H3818,45.0,1000.0,SUJ3038068,0.0,0.0,,0.0,0.0,,0.0,0.0,,0.0,0.0,
NC-580-611HS2,1.0,1,SKD5Z2230,30.0,1000.0,SKD11022050,0.0,0.0,,0.0,0.0,,0.0,0.0,,0.0,0.0,
NC-580-611IS2,1.0,1,SKD5Z2230,30.0,1000.0,SKD11022050,0.0,0.0,,0.0,0.0,,0.0,0.0,,0.0,0.0,
NC-582-53138S2,1.0,1,SKD6G2225,31.0,1000.0,SKD11022067,0.0,0.0,,0.0,0.0,,0.0,0.0,,0.0,0.0,
NC-582-5317.6,1.0,1,SKD6G2227,33.0,1000.0,SKD11022067,0.0,0.0,,0.0,0.0,,0.0,0.0,,0.0,0.0,
NC-582-5327.6,1.0,1,SKD6G2227,33.0,1000.0,SKD11022067,0.0,0.0,,0.0,0.0,,0.0,0.0,,0.0,0.0,
NC-582-53338S2,1.0,1,SKD6G2225,31.0,1000.0,SKD11022067,0.0,0.0,,0.0,0.0,,0.0,0.0,,0.0,0.0,
NC-582-56138,1.0,1,Z4S-MY1AA38,1.0,1.0,SKD6G2225,31.0,1000.0,SKD11022067,0.0,0.0,,0.0,0.0,,0.0,0.0,
NC-582-621H,1.0,1,SKD7Z3027,47.0,1000.0,SKD11030070,0.0,0.0,,0.0,0.0,,0.0,0.0,,0.0,0.0,
NC-582-621HB,1.0,1,SKD7Z3027,47.0,1000.0,SKD11030070,0.0,0.0,,0.0,0.0,,0.0,0.0,,0.0,0.0,
NC-582-621HL,1.0,1,SKD7Z3027,47.0,1000.0,SKD11030070,0.0,0.0,,0.0,0.0,,0.0,0.0,,0.0,0.0,
NC-582-621I,1.0,1,SKD7Z3027,47.0,1000.0,SKD11030070,0.0,0.0,,0.0,0.0,,0.0,0.0,,0.0,0.0,
NC-582-621L,1.0,1,SKD7Z3027,47.0,1000.0,SKD11030070,0.0,0.0,,0.0,0.0,,0.0,0.0,,0.0,0.0,
NC-582-621LL,1.0,1,SKD7Z3027,47.0,1000.0,SKD11030070,0.0,0.0,,0.0,0.0,,0.0,0.0,,0.0,0.0,
NC-59-615,1.0,1,SKD6E3540,87.0,1000.0,SKD11035065,0.0,0.0,,0.0,0.0,,0.0,0.0,,0.0,0.0,
NC-600-51330,1.0,1,SKD8B2130,43.0,1000.0,SKD11021082,0.0,0.0,,0.0,0.0,,0.0,0.0,,0.0,0.0,
NC-603-53230,1.0,1,SKD6G2532,45.0,1000.0,SKD11025067,0.0,0.0,,0.0,0.0,,0.0,0.0,,0.0,0.0,
NC-603-53330,1.0,1,SKD6G2532,45.0,1000.0,SKD11025067,0.0,0.0,,0.0,0.0,,0.0,0.0,,0.0,0.0,
NC-603-621AB,1.0,1,SKD6G2235,43.0,1000.0,SKD11022067,0.0,0.0,,0.0,0.0,,0.0,0.0,,0.0,0.0,
NC-603-621AL,1.0,1,SKD6G2235,43.0,1000.0,SKD11022067,0.0,0.0,,0.0,0.0,,0.0,0.0,,0.0,0.0,
NC-603-621B,1.0,1,SKD6G2235,43.0,1000.0,SKD11022067,0.0,0.0,,0.0,0.0,,0.0,0.0,,0.0,0.0,
NC-603-621BB,1.0,1,SKD6G2235,43.0,1000.0,SKD11022067,0.0,0.0,,0.0,0.0,,0.0,0.0,,0.0,0.0,
NC-603-621C,1.0,1,SKD6G2235,43.0,1000.0,SKD11022067,0.0,0.0,,0.0,0.0,,0.0,0.0,,0.0,0.0,
NC-603-621CB,1.0,1,SKD6G2235,43.0,1000.0,SKD11022067,0.0,0.0,,0.0,0.0,,0.0,0.0,,0.0,0.0,
NC-603-621D,1.0,1,SKD6G2235,43.0,1000.0,SKD11022067,0.0,0.0,,0.0,0.0,,0.0,0.0,,0.0,0.0,
NC-603-621DB,1.0,1,SKD6G2235,43.0,1000.0,SKD11022067,0.0,0.0,,0.0,0.0,,0.0,0.0,,0.0,0.0,
NC-603-643AA,1.0,1,3S-ME1A,1.0,1.0,SKD6E3538,87.0,1000.0,SKD11035065,0.0,0.0,,0.0,0.0,,0.0,0.0,
NC-603-643BA,1.0,1,3S-ME1A,1.0,1.0,SKD6E3538,87.0,1000.0,SKD11035065,0.0,0.0,,0.0,0.0,,0.0,0.0,
NC-603-643CA,1.0,1,3S-ME1A,1.0,1.0,SKD6E3538,87.0,1000.0,SKD11035065,0.0,0.0,,0.0,0.0,,0.0,0.0,
NC-603-643PA,1.0,1,3S-ME1A,1.0,1.0,SKD6E3538,87.0,1000.0,SKD11035065,0.0,0.0,,0.0,0.0,,0.0,0.0,
NC-603-643QA,1.0,1,3S-ME1A,1.0,1.0,SKD6E3538,87.0,1000.0,SKD11035065,0.0,0.0,,0.0,0.0,,0.0,0.0,
NC-603-643RA,1.0,1,3S-ME1A,1.0,1.0,SKD6E3538,87.0,1000.0,SKD11035065,0.0,0.0,,0.0,0.0,,0.0,0.0,
NC-608-641A,1.0,1,SKD6E4040,86.0,1000.0,SKD11040065,0.0,0.0,,0.0,0.0,,0.0,0.0,,0.0,0.0,
NC-608-641PA30,1.0,1,SKD6E4040,86.0,1000.0,SKD11040065,0.0,0.0,,0.0,0.0,,0.0,0.0,,0.0,0.0,
NC-6105-626AB38,1.0,1,SKD8E4035,98.0,1000.0,SKD11040085,0.0,0.0,,0.0,0.0,,0.0,0.0,,0.0,0.0,
NC-616-604,1.0,1,SKD6G2250,61.0,1000.0,SKD11022067,0.0,0.0,,0.0,0.0,,0.0,0.0,,0.0,0.0,
NC-616-605,1.0,1,SKD6G2250,61.0,1000.0,SKD11022067,0.0,0.0,,0.0,0.0,,0.0,0.0,,0.0,0.0,
NC-616-606,1.0,1,SKD6G2250,61.0,1000.0,SKD11022067,0.0,0.0,,0.0,0.0,,0.0,0.0,,0.0,0.0,
NC-620-515X,1.0,1,S6H3818,45.0,1000.0,SUJ3038068,0.0,0.0,,0.0,0.0,,0.0,0.0,,0.0,0.0,
NC-620-515XM,1.0,1,S6H3818,45.0,1000.0,SUJ3038068,0.0,0.0,,0.0,0.0,,0.0,0.0,,0.0,0.0,
NC-6210-626AA34,1.0,1,SKD6G1542,36.0,1000.0,SKD11015067,0.0,0.0,,0.0,0.0,,0.0,0.0,,0.0,0.0,
NC-6210-626AB34,1.0,1,SKD6G1542,36.0,1000.0,SKD11015067,0.0,0.0,,0.0,0.0,,0.0,0.0,,0.0,0.0,
NC-6210-626BA34,1.0,1,SKD6G1542,36.0,1000.0,SKD11015067,0.0,0.0,,0.0,0.0,,0.0,0.0,,0.0,0.0,
NC-623-544BA26,1.0,1,SKD6G3565,125.0,1000.0,SKD11035067,0.0,0.0,,0.0,0.0,,0.0,0.0,,0.0,0.0,
NC-623-546C,1.0,1,SKD6G1552,58.0,1000.0,SKD11015067,0.0,0.0,,0.0,0.0,,0.0,0.0,,0.0,0.0,
NC-631-5014QA34,1.0,1,SKD8B2940,78.0,1000.0,SKD11029082,0.0,0.0,,0.0,0.0,,0.0,0.0,,0.0,0.0,
NC-631-511A30,1.0,1,SKD7Z3026,45.0,1000.0,SKD11030070,0.0,0.0,,0.0,0.0,,0.0,0.0,,0.0,0.0,
NC-631-511FB30,1.0,1,SKD7Z3026,45.0,1000.0,SKD11030070,0.0,0.0,,0.0,0.0,,0.0,0.0,,0.0,0.0,
NC-631-511FB34,1.0,1,SKD7Z3026,45.0,1000.0,SKD11030070,0.0,0.0,,0.0,0.0,,0.0,0.0,,0.0,0.0,
NC-631-512C30,1.0,1,SKD8B2914,28.0,1000.0,SKD11029082,0.0,0.0,,0.0,0.0,,0.0,0.0,,0.0,0.0,
NC-631-512C34,1.0,1,SKD8B2914,28.0,1000.0,SKD11029082,0.0,0.0,,0.0,0.0,,0.0,0.0,,0.0,0.0,
NC-631-513B,1.0,1,SKD7Z3014,25.0,1000.0,SKD11030070,0.0,0.0,,0.0,0.0,,0.0,0.0,,0.0,0.0,
NC-631-513C,1.0,1,SKD7Z3014,25.0,1000.0,SKD11030070,0.0,0.0,,0.0,0.0,,0.0,0.0,,0.0,0.0,
NC-631-514N30,1.0,1,SKD8B2940,78.0,1000.0,SKD11029082,0.0,0.0,,0.0,0.0,,0.0,0.0,,0.0,0.0,
NC-631-514NL30,1.0,1,SKD8B2940,78.0,1000.0,SKD11029082,0.0,0.0,,0.0,0.0,,0.0,0.0,,0.0,0.0,
NC-631-514PA30,1.0,1,SKD8B2940,78.0,1000.0,SKD11029082,0.0,0.0,,0.0,0.0,,0.0,0.0,,0.0,0.0,
NC-631-514PA34,1.0,1,SKD8B2940,78.0,1000.0,SKD11029082,0.0,0.0,,0.0,0.0,,0.0,0.0,,0.0,0.0,
NC-631-514PA38,1.0,1,SKD8B2940,78.0,1000.0,SKD11029082,0.0,0.0,,0.0,0.0,,0.0,0.0,,0.0,0.0,
NC-631-514QA30,1.0,1,SKD8B2940,78.0,1000.0,SKD11029082,0.0,0.0,,0.0,0.0,,0.0,0.0,,0.0,0.0,
NC-631-514QA34,1.0,1,SKD8B2940,78.0,1000.0,SKD11029082,0.0,0.0,,0.0,0.0,,0.0,0.0,,0.0,0.0,
NC-631-514QA38,1.0,1,SKD8B2940,78.0,1000.0,SKD11029082,0.0,0.0,,0.0,0.0,,0.0,0.0,,0.0,0.0,
NC-631-51530,1.0,1,SKD8B2148,68.0,1000.0,SKD11021082,0.0,0.0,,0.0,0.0,,0.0,0.0,,0.0,0.0,
NC-631-516G30,1.0,1,SKD8B4040,108.0,1000.0,SKD11040082,0.0,0.0,,0.0,0.0,,0.0,0.0,,0.0,0.0,
NC-631-516GL30,1.0,1,SKD8B4040,108.0,1000.0,SKD11040082,0.0,0.0,,0.0,0.0,,0.0,0.0,,0.0,0.0,
NC-631-516H30,1.0,1,SKD8B4040,108.0,1000.0,SKD11040082,0.0,0.0,,0.0,0.0,,0.0,0.0,,0.0,0.0,
NC-631-516HL30,1.0,1,SKD8B4040,108.0,1000.0,SKD11040082,0.0,0.0,,0.0,0.0,,0.0,0.0,,0.0,0.0,
NC-631-516I30,1.0,1,SKD8B4040,108.0,1000.0,SKD11040082,0.0,0.0,,0.0,0.0,,0.0,0.0,,0.0,0.0,
NC-631-516IL30,1.0,1,SKD8B4040,108.0,1000.0,SKD11040082,0.0,0.0,,0.0,0.0,,0.0,0.0,,0.0,0.0,
NC-631-516JA30,1.0,1,SKD8B4040,108.0,1000.0,SKD11040082,0.0,0.0,,0.0,0.0,,0.0,0.0,,0.0,0.0,
NC-631-516JA34,1.0,1,SKD8B4040,108.0,1000.0,SKD11040082,0.0,0.0,,0.0,0.0,,0.0,0.0,,0.0,0.0,
NC-631-516JA38,1.0,1,SKD8B4040,108.0,1000.0,SKD11040082,0.0,0.0,,0.0,0.0,,0.0,0.0,,0.0,0.0,
NC-631-516KA30,1.0,1,SKD8B4040,108.0,1000.0,SKD11040082,0.0,0.0,,0.0,0.0,,0.0,0.0,,0.0,0.0,
NC-631-516KA34,1.0,1,SKD8B4040,108.0,1000.0,SKD11040082,0.0,0.0,,0.0,0.0,,0.0,0.0,,0.0,0.0,
NC-631-516KA38,1.0,1,SKD8B4040,108.0,1000.0,SKD11040082,0.0,0.0,,0.0,0.0,,0.0,0.0,,0.0,0.0,
NC-631-516LA30,1.0,1,SKD8B4040,108.0,1000.0,SKD11040082,0.0,0.0,,0.0,0.0,,0.0,0.0,,0.0,0.0,
NC-631-516LA34,1.0,1,SKD8B4040,108.0,1000.0,SKD11040082,0.0,0.0,,0.0,0.0,,0.0,0.0,,0.0,0.0,
NC-631-516LA38,1.0,1,SKD8B4040,108.0,1000.0,SKD11040082,0.0,0.0,,0.0,0.0,,0.0,0.0,,0.0,0.0,
NC-631-516MA30,1.0,1,SKD8B4040,108.0,1000.0,SKD11040082,0.0,0.0,,0.0,0.0,,0.0,0.0,,0.0,0.0,
NC-631-516MA34,1.0,1,SKD8B4040,108.0,1000.0,SKD11040082,0.0,0.0,,0.0,0.0,,0.0,0.0,,0.0,0.0,
NC-631-516MA38,1.0,1,SKD8B4040,108.0,1000.0,SKD11040082,0.0,0.0,,0.0,0.0,,0.0,0.0,,0.0,0.0,
NC-631-516NA30,1.0,1,SKD8B4040,108.0,1000.0,SKD11040082,0.0,0.0,,0.0,0.0,,0.0,0.0,,0.0,0.0,
NC-631-516NA34,1.0,1,SKD8B4040,108.0,1000.0,SKD11040082,0.0,0.0,,0.0,0.0,,0.0,0.0,,0.0,0.0,
NC-631-516NA38,1.0,1,SKD8B4040,108.0,1000.0,SKD11040082,0.0,0.0,,0.0,0.0,,0.0,0.0,,0.0,0.0,
NC-631-516PA30,1.0,1,SKD8B4040,108.0,1000.0,SKD11040082,0.0,0.0,,0.0,0.0,,0.0,0.0,,0.0,0.0,
NC-631-516PA34,1.0,1,SKD8B4040,108.0,1000.0,SKD11040082,0.0,0.0,,0.0,0.0,,0.0,0.0,,0.0,0.0,
NC-631-516PA38,1.0,1,SKD8B4040,108.0,1000.0,SKD11040082,0.0,0.0,,0.0,0.0,,0.0,0.0,,0.0,0.0,
NC-631-51730,1.0,1,SKD8B2940,78.0,1000.0,SKD11029082,0.0,0.0,,0.0,0.0,,0.0,0.0,,0.0,0.0,
NC-631-517AA30,1.0,1,SKD8B2940,78.0,1000.0,SKD11029082,0.0,0.0,,0.0,0.0,,0.0,0.0,,0.0,0.0,
NC-631-51830,1.0,1,SKD8B2950,98.0,1000.0,SKD11029082,0.0,0.0,,0.0,0.0,,0.0,0.0,,0.0,0.0,
NC-631-51930,1.0,1,SKD8B2940,78.0,1000.0,SKD11029082,0.0,0.0,,0.0,0.0,,0.0,0.0,,0.0,0.0,
NC-631-52030,1.0,1,SKD8B2944,86.0,1000.0,SKD11029082,0.0,0.0,,0.0,0.0,,0.0,0.0,,0.0,0.0,
NC-631-520AA30,1.0,1,SKD8B2944,86.0,1000.0,SKD11029082,0.0,0.0,,0.0,0.0,,0.0,0.0,,0.0,0.0,
NC-631-52130,1.0,1,SKD8B2144,63.0,1000.0,SKD11021082,0.0,0.0,,0.0,0.0,,0.0,0.0,,0.0,0.0,
NC-631-631B30,1.0,1,SKD6G2795,141.0,1000.0,SKD11027067,0.0,0.0,,0.0,0.0,,0.0,0.0,,0.0,0.0,
NC-631-631BL30,1.0,1,SKD6G2795,141.0,1000.0,SKD11027067,0.0,0.0,,0.0,0.0,,0.0,0.0,,0.0,0.0,
NC-631-633B30,1.0,1,SKD6G2250,61.0,1000.0,SKD11022067,0.0,0.0,,0.0,0.0,,0.0,0.0,,0.0,0.0,
NC-631-634B30,1.0,1,SKD6G2795,141.0,1000.0,SKD11027067,0.0,0.0,,0.0,0.0,,0.0,0.0,,0.0,0.0,
NC-631-65126,1.0,1,SKD135018,0.0,0.0,,0.0,0.0,,0.0,0.0,,0.0,0.0,,0.0,0.0,
NC-631-651L26,1.0,1,SKD135018,0.0,0.0,,0.0,0.0,,0.0,0.0,,0.0,0.0,,0.0,0.0,
NC-631-65226,1.0,1,SKD135018,0.0,0.0,,0.0,0.0,,0.0,0.0,,0.0,0.0,,0.0,0.0,
NC-631-652L26,1.0,1,SKD135018,0.0,0.0,,0.0,0.0,,0.0,0.0,,0.0,0.0,,0.0,0.0,
NC-65-566BY,1.0,1,SKD8E4053,148.0,1000.0,SKD11040085,0.0,0.0,,0.0,0.0,,0.0,0.0,,0.0,0.0,
NC-710-519B,1.0,1,S6H3856,140.0,1000.0,SUJ3038068,0.0,0.0,,0.0,0.0,,0.0,0.0,,0.0,0.0,
NC-710-521B,1.0,1,S6H3838,95.0,1000.0,SUJ3038068,0.0,0.0,,0.0,0.0,,0.0,0.0,,0.0,0.0,
NC-714-514AA34,1.0,1,SKD161625,0.0,0.0,,0.0,0.0,,0.0,0.0,,0.0,0.0,,0.0,0.0,
NC-73-518AS,1.0,1,LIM-DY1,1.0,1.0,LIM-MY1,1.0,1.0,SKD6G2531,43.0,1000.0,SKD11025067,0.0,0.0,,0.0,0.0,
NC-742-511,1.0,1,SKD6G2720,30.0,1000.0,SKD11027067,0.0,0.0,,0.0,0.0,,0.0,0.0,,0.0,0.0,
NC-742-511B,1.0,1,SKD6G2720,30.0,1000.0,SKD11027067,0.0,0.0,,0.0,0.0,,0.0,0.0,,0.0,0.0,
NC-742-51230S2,1.0,1,SKD7Z3040,69.0,1000.0,SKD11030070,0.0,0.0,,0.0,0.0,,0.0,0.0,,0.0,0.0,
NC-748-515AA30,1.0,1,SKD7Z3040,69.0,1000.0,SKD11030070,0.0,0.0,,0.0,0.0,,0.0,0.0,,0.0,0.0,
NC-748-525AA,1.0,1,SKD6G2720,30.0,1000.0,SKD11027067,0.0,0.0,,0.0,0.0,,0.0,0.0,,0.0,0.0,
NC-748-611AA30,1.0,1,SKD8E5048,168.0,1000.0,SKD11050085,0.0,0.0,,0.0,0.0,,0.0,0.0,,0.0,0.0,
NC-748-651AA30,1.0,1,SKD8E5018,63.0,1000.0,SKD11050085,0.0,0.0,,0.0,0.0,,0.0,0.0,,0.0,0.0,
NC-753-651AA,1.0,1,SKD6G1565,54.0,1000.0,SKD11015067,0.0,0.0,,0.0,0.0,,0.0,0.0,,0.0,0.0,
NC-753-651BA,1.0,1,SKD6G1565,54.0,1000.0,SKD11015067,0.0,0.0,,0.0,0.0,,0.0,0.0,,0.0,0.0,
NC-790-511S2,1.0,1,SKD6G2720,30.0,1000.0,SKD11027067,0.0,0.0,,0.0,0.0,,0.0,0.0,,0.0,0.0,
NC-790-51230S2,1.0,1,SKD7Z3025,44.0,1000.0,SKD11030070,0.0,0.0,,0.0,0.0,,0.0,0.0,,0.0,0.0,
NC-790-611F30S2,1.0,1,SKD5E3050,70.0,1000.0,SKD11030055,0.0,0.0,,0.0,0.0,,0.0,0.0,,0.0,0.0,
NC-790-611H30S2,1.0,1,SKD5E3050,70.0,1000.0,SKD11030055,0.0,0.0,,0.0,0.0,,0.0,0.0,,0.0,0.0,
NC-850-511B,1.0,1,RSY-DY1B,0.0,0.0,,0.0,0.0,,0.0,0.0,,0.0,0.0,,0.0,0.0,
NC-881-517A,80.0,1000,SKD11029082,0.0,0.0,,0.0,0.0,,0.0,0.0,,0.0,0.0,,0.0,0.0,
NC-882-552AA36,1.0,1,SKD6G1535,41.0,1000.0,SKD11015067,0.0,0.0,,0.0,0.0,,0.0,0.0,,0.0,0.0,
NC-888-621AA,1.0,1,SKD6G5020,55.0,1000.0,SKD11050067,0.0,0.0,,0.0,0.0,,0.0,0.0,,0.0,0.0,
NC-959-543AA30,1.0,1,SKD5E2235,35.0,1000.0,SKD11022055,0.0,0.0,,0.0,0.0,,0.0,0.0,,0.0,0.0,
NC-959-543AA34,1.0,1,SKD5E2235,35.0,1000.0,SKD11022055,0.0,0.0,,0.0,0.0,,0.0,0.0,,0.0,0.0,
NC-959-543AB30,1.0,1,SKD5E2235,35.0,1000.0,SKD11022055,0.0,0.0,,0.0,0.0,,0.0,0.0,,0.0,0.0,
NC-959-543AB34,1.0,1,SKD5E2235,35.0,1000.0,SKD11022055,0.0,0.0,,0.0,0.0,,0.0,0.0,,0.0,0.0,
NC-95B-55118S2,1.0,1,SKD6G2524,33.0,1000.0,SKD11025067,0.0,0.0,,0.0,0.0,,0.0,0.0,,0.0,0.0,
NC-95B-55124S2,1.0,1,SKD6G2524,33.0,1000.0,SKD11025067,0.0,0.0,,0.0,0.0,,0.0,0.0,,0.0,0.0,
NC-960-511BA34,1.0,1,SKD6G2527,38.0,1000.0,SKD11025067,0.0,0.0,,0.0,0.0,,0.0,0.0,,0.0,0.0,
NC-960-558BA30,1.0,1,SKD6G2545,62.0,1000.0,SKD11025067,0.0,0.0,,0.0,0.0,,0.0,0.0,,0.0,0.0,
NC-960-558CA30,1.0,1,SKD6G2545,62.0,1000.0,SKD11025067,0.0,0.0,,0.0,0.0,,0.0,0.0,,0.0,0.0,
NC-960-566BB26,1.0,1,SKD8B2932,63.0,1000.0,SKD11029082,0.0,0.0,,0.0,0.0,,0.0,0.0,,0.0,0.0,
NC-960-566BB30,1.0,1,SKD8B2932,63.0,1000.0,SKD11029082,0.0,0.0,,0.0,0.0,,0.0,0.0,,0.0,0.0,
NC-960-566BB34,1.0,1,SKD8B2932,63.0,1000.0,SKD11029082,0.0,0.0,,0.0,0.0,,0.0,0.0,,0.0,0.0,
NC-960-566CB30,1.0,1,SKD8B2940,78.0,1000.0,SKD11029082,0.0,0.0,,0.0,0.0,,0.0,0.0,,0.0,0.0,
NC-960-566CB34,1.0,1,SKD8B2940,78.0,1000.0,SKD11029082,0.0,0.0,,0.0,0.0,,0.0,0.0,,0.0,0.0,
NC-972-651AB26,1.0,1,SKD8E5018,63.0,1000.0,SKD11050085,0.0,0.0,,0.0,0.0,,0.0,0.0,,0.0,0.0,
NC-972-671AB26,1.0,1,SKD8E5018,63.0,1000.0,SKD11050085,0.0,0.0,,0.0,0.0,,0.0,0.0,,0.0,0.0,
NC-976-511EA30,1.0,1,SKD6G2527,38.0,1000.0,SKD11025067,0.0,0.0,,0.0,0.0,,0.0,0.0,,0.0,0.0,
NC-976-512BA30,1.0,1,SKD6G2532,45.0,1000.0,SKD11025067,0.0,0.0,,0.0,0.0,,0.0,0.0,,0.0,0.0,
NC-B336-541AA34,1.0,1,SKD6G1862,61.0,1000.0,SKD11018067,0.0,0.0,,0.0,0.0,,0.0,0.0,,0.0,0.0,
NC-B336-541AA38,61.0,1000,SKD11018067,0.0,0.0,,0.0,0.0,,0.0,0.0,,0.0,0.0,,0.0,0.0,
NC-SPL-1123A,1.0,1,SKD7Z3040,69.0,1000.0,SKD11030070,0.0,0.0,,0.0,0.0,,0.0,0.0,,0.0,0.0,
NEC72-DX2AA30,1.0,1,S5F3822,50.0,1000.0,SUJ3038056-44,0.0,0.0,,0.0,0.0,,0.0,0.0,,0.0,0.0,
NEC72-DY1C30,1.0,1,NEC72-MY1C30,1.0,1.0,S6H3825,70.0,1000.0,SUJ3038068,0.0,0.0,,0.0,0.0,,0.0,0.0,
NEC72-DY2A30,1.0,1,NEC72-MY2A30,1.0,1.0,S6H2315P,30.0,1000.0,SUJ3032068,0.0,0.0,,0.0,0.0,,0.0,0.0,
NEC72-DY2BA30,1.0,1,NEC72-MY2BA30,1.0,1.0,S6H2315P,30.0,1000.0,SUJ3032068,0.0,0.0,,0.0,0.0,,0.0,0.0,
NEC72-MB3A30,1.0,1,S6H3828,75.0,1000.0,SUJ3038068,0.0,0.0,,0.0,0.0,,0.0,0.0,,0.0,0.0,
NEC72-MC2A30,1.0,1,S6H3822,55.0,1000.0,SUJ3038068,0.0,0.0,,0.0,0.0,,0.0,0.0,,0.0,0.0,
NEC72-MT930,1.0,1,S161655,120.0,1000.0,SUJ3019019,0.0,0.0,,0.0,0.0,,0.0,0.0,,0.0,0.0,
NLEC72-DC1CA30,1.0,1,NLEC72-MC1CA30,1.0,1.0,S6H3416P,45.0,1000.0,SUJ3038068,0.0,0.0,,0.0,0.0,,0.0,0.0,
NLEC72-DC2A30,1.0,1,NLEC72-MC2A30,1.0,1.0,S6H3822,55.0,1000.0,SUJ3038068,0.0,0.0,,0.0,0.0,,0.0,0.0,
NLEC72-DC2CA30,1.0,1,NLEC72-MC2CA30,1.0,1.0,S6H2630P,55.0,1000.0,SUJ3038068,0.0,0.0,,0.0,0.0,,0.0,0.0,
NLEC72-DX0AA30,1.0,1,NLEC72-MX0AA30,1.0,1.0,S6H3818,45.0,1000.0,SUJ3038068,0.0,0.0,,0.0,0.0,,0.0,0.0,
NLEC72-DX1AA30,1.0,1,NLEC72-MX1AA30,1.0,1.0,S6H3822,55.0,1000.0,SUJ3038068,0.0,0.0,,0.0,0.0,,0.0,0.0,
NLEC72-MC3A30,1.0,1,S6H3828,75.0,1000.0,SUJ3038068,0.0,0.0,,0.0,0.0,,0.0,0.0,,0.0,0.0,
NRFI-MB1AA26,1.0,1,SKD6G3532,62.0,1000.0,SKD11035067,0.0,0.0,,0.0,0.0,,0.0,0.0,,0.0,0.0,
NRFI-MY1AA38,1.0,1,SKD8E3030,63.0,1000.0,SKD11030085,0.0,0.0,,0.0,0.0,,0.0,0.0,,0.0,0.0,
NRFI-MY3AA38,1.0,1,SKD8E3030,63.0,1000.0,SKD11030085,0.0,0.0,,0.0,0.0,,0.0,0.0,,0.0,0.0,
NRFI-MY4AA38,1.0,1,SKD8E3030,63.0,1000.0,SKD11030085,0.0,0.0,,0.0,0.0,,0.0,0.0,,0.0,0.0,
NRFI-MY5AA38,1.0,1,SKD7Z3027,47.0,1000.0,SKD11030070,0.0,0.0,,0.0,0.0,,0.0,0.0,,0.0,0.0,
NY2-MB4AA36,1.0,1,SKD6G1584,70.0,1000.0,SKD11015067,0.0,0.0,,0.0,0.0,,0.0,0.0,,0.0,0.0,
NY2-MB4BA36,1.0,1,SKD6G1542,36.0,1000.0,SKD11015067,0.0,0.0,,0.0,0.0,,0.0,0.0,,0.0,0.0,
NY2-MX1AA30,1.0,1,SKD6G1565,54.0,1000.0,SKD11015067,0.0,0.0,,0.0,0.0,,0.0,0.0,,0.0,0.0,
NY2-MX1AA33,1.0,1,SKD6G1552,58.0,1000.0,SKD11015067,0.0,0.0,,0.0,0.0,,0.0,0.0,,0.0,0.0,
NY2-MX1AA36,1.0,1,SKD6G1556,62.0,1000.0,SKD11015067,0.0,0.0,,0.0,0.0,,0.0,0.0,,0.0,0.0,
NY2-MY6AA36,1.0,1,SKD6G1556,62.0,1000.0,SKD11015067,0.0,0.0,,0.0,0.0,,0.0,0.0,,0.0,0.0,
NY2RD4-MY1AA33,1.0,1,SKD6E3525,31.0,1000.0,SKD11035065,0.0,0.0,,0.0,0.0,,0.0,0.0,,0.0,0.0,
NY2RD4-MY2AA33,1.0,1,SKD6G3532,62.0,1000.0,SKD11035067,0.0,0.0,,0.0,0.0,,0.0,0.0,,0.0,0.0,
NY2RD4-MY2AA36,1.0,1,SKD6G3535,68.0,1000.0,SKD11035067,0.0,0.0,,0.0,0.0,,0.0,0.0,,0.0,0.0,
NY2RD4-MZ5AA36,1.0,1,SKD6G1556,62.0,1000.0,SKD11015067,0.0,0.0,,0.0,0.0,,0.0,0.0,,0.0,0.0,
NY6-MB2AA33,1.0,1,SKD6G2550,69.0,1000.0,SKD11025067,0.0,0.0,,0.0,0.0,,0.0,0.0,,0.0,0.0,
NY6-MB2AA36,1.0,1,SKD6G2545,62.0,1000.0,SKD11025067,0.0,0.0,,0.0,0.0,,0.0,0.0,,0.0,0.0,
NY6-MB3AA36,1.0,1,SKD6G2560,83.0,1000.0,SKD11025067,0.0,0.0,,0.0,0.0,,0.0,0.0,,0.0,0.0,
NY6-MB4AA36,1.0,1,SKD6G1593,77.0,1000.0,SKD11015067,0.0,0.0,,0.0,0.0,,0.0,0.0,,0.0,0.0,
NY6-MB4BA33,1.0,1,SKD6G1552,58.0,1000.0,SKD11015067,0.0,0.0,,0.0,0.0,,0.0,0.0,,0.0,0.0,
NY6-MB4BA36,1.0,1,SKD6G1552,58.0,1000.0,SKD11015067,0.0,0.0,,0.0,0.0,,0.0,0.0,,0.0,0.0,
NY6-MX1AA33,1.0,1,SKD6G1570,58.0,1000.0,SKD11015067,0.0,0.0,,0.0,0.0,,0.0,0.0,,0.0,0.0,
NY6-MX1AA36,1.0,1,SKD6G1565,54.0,1000.0,SKD11015067,0.0,0.0,,0.0,0.0,,0.0,0.0,,0.0,0.0,
NY6-MY2AA33,1.0,1,SKD6G2545,62.0,1000.0,SKD11025067,0.0,0.0,,0.0,0.0,,0.0,0.0,,0.0,0.0,
NY6-MY2AA36,1.0,1,SKD6G2538,53.0,1000.0,SKD11025067,0.0,0.0,,0.0,0.0,,0.0,0.0,,0.0,0.0,
NY6-MY3AA36,1.0,1,SKD6G2565,90.0,1000.0,SKD11025067,0.0,0.0,,0.0,0.0,,0.0,0.0,,0.0,0.0,
NY6-MY3AB36,1.0,1,SKD6G2565,90.0,1000.0,SKD11025067,0.0,0.0,,0.0,0.0,,0.0,0.0,,0.0,0.0,
NY6-MY6AA33,1.0,1,SKD6G1570,58.0,1000.0,SKD11015067,0.0,0.0,,0.0,0.0,,0.0,0.0,,0.0,0.0,
NY6-MY6AA36,1.0,1,SKD6G1565,54.0,1000.0,SKD11015067,0.0,0.0,,0.0,0.0,,0.0,0.0,,0.0,0.0,
NY6RD4-MY1AA36,1.0,1,SKD6E3525,31.0,1000.0,SKD11035065,0.0,0.0,,0.0,0.0,,0.0,0.0,,0.0,0.0,
NY6RD4-MY2AA36,1.0,1,SKD6G3540,77.0,1000.0,SKD11035067,0.0,0.0,,0.0,0.0,,0.0,0.0,,0.0,0.0,
NY6RD4-MY7AA36,1.0,1,SKD6E3562,116.0,1000.0,SKD11035065,0.0,0.0,,0.0,0.0,,0.0,0.0,,0.0,0.0,
NY6RD4-MZ5AA33,1.0,1,SKD6G1575,62.0,1000.0,SKD11015067,0.0,0.0,,0.0,0.0,,0.0,0.0,,0.0,0.0,
NY6RD4-MZ5AA36,1.0,1,SKD6G1565,54.0,1000.0,SKD11015067,0.0,0.0,,0.0,0.0,,0.0,0.0,,0.0,0.0,
NYRD-MY2AA33,1.0,1,SKD6G4740,104.0,1000.0,SKD11047067,0.0,0.0,,0.0,0.0,,0.0,0.0,,0.0,0.0,
NYRD-MY7AA33,1.0,1,SKD6G1552,58.0,1000.0,SKD11015067,0.0,0.0,,0.0,0.0,,0.0,0.0,,0.0,0.0,
PJE-MB3AA44,1.0,1,SKD6G5040,110.0,1000.0,SKD11050067,0.0,0.0,,0.0,0.0,,0.0,0.0,,0.0,0.0,
PJE-MV1AA44,1.0,1,SKD7Z3020,35.0,1000.0,SKD11030070,0.0,0.0,,0.0,0.0,,0.0,0.0,,0.0,0.0,
PJE-MW1AA44,1.0,1,SKD7Z3025,44.0,1000.0,SKD11030070,0.0,0.0,,0.0,0.0,,0.0,0.0,,0.0,0.0,
PJE-MW3AA44,1.0,1,SKD7B3245,85.0,1000.0,SKD11032072,0.0,0.0,,0.0,0.0,,0.0,0.0,,0.0,0.0,
PJE-MW4AA44,1.0,1,SKD7B3245,85.0,1000.0,SKD11032072,0.0,0.0,,0.0,0.0,,0.0,0.0,,0.0,0.0,
PJE-MX1AA44,1.0,1,SKD7B3235,67.0,1000.0,SKD11032072,0.0,0.0,,0.0,0.0,,0.0,0.0,,0.0,0.0,
PJE-MX3AA44,1.0,1,SKD7B3235,67.0,1000.0,SKD11032072,0.0,0.0,,0.0,0.0,,0.0,0.0,,0.0,0.0,
PJE-MX4AA44,1.0,1,SKD7B3235,67.0,1000.0,SKD11032072,0.0,0.0,,0.0,0.0,,0.0,0.0,,0.0,0.0,
PJE-MY2AA44,1.0,1,SKD7B3245,85.0,1000.0,SKD11032072,0.0,0.0,,0.0,0.0,,0.0,0.0,,0.0,0.0,
PJE-MY3AA44,1.0,1,SKD7B3245,85.0,1000.0,SKD11032072,0.0,0.0,,0.0,0.0,,0.0,0.0,,0.0,0.0,
PJE-MY4AA44,1.0,1,SKD7B3245,85.0,1000.0,SKD11032072,0.0,0.0,,0.0,0.0,,0.0,0.0,,0.0,0.0,
PJE-MZ5AA44,1.0,1,SKD6G1575,62.0,1000.0,SKD11015067,0.0,0.0,,0.0,0.0,,0.0,0.0,,0.0,0.0,
PL12-MY1AA24,1.0,1,SKD6G2522,31.0,1000.0,SKD11025067,0.0,0.0,,0.0,0.0,,0.0,0.0,,0.0,0.0,
PL12-MY2AA24,1.0,1,SKD8B2944,86.0,1000.0,SKD11029082,0.0,0.0,,0.0,0.0,,0.0,0.0,,0.0,0.0,
PL12-MY4AA24,1.0,1,SKD6G2770,104.0,1000.0,SKD11027067,0.0,0.0,,0.0,0.0,,0.0,0.0,,0.0,0.0,
PL2C-DB230,1.0,1,PL2C-MB230,1.0,1.0,SKD5Z2240,40.0,1000.0,SKD11022050,0.0,0.0,,0.0,0.0,,0.0,0.0,
PL2C-DY2,1.0,1,PL2C-MY2,1.0,1.0,SKD8E4065,182.0,1000.0,SKD11040085,0.0,0.0,,0.0,0.0,,0.0,0.0,
PL2C-DY6C30,1.0,1,SKD7B3255,104.0,1000.0,SKD11032072,0.0,0.0,,0.0,0.0,,0.0,0.0,,0.0,0.0,
PL2C-MB2B,1.0,1,SKD5E2245,45.0,1000.0,SKD11022055,0.0,0.0,,0.0,0.0,,0.0,0.0,,0.0,0.0,
PL2C-MD1BA30,1.0,1,SKD6E4099,214.0,1000.0,SKD11040065,0.0,0.0,,0.0,0.0,,0.0,0.0,,0.0,0.0,
PL2C-MY1,1.0,1,SKD6G3527,52.0,1000.0,SKD11035067,0.0,0.0,,0.0,0.0,,0.0,0.0,,0.0,0.0,
PL2C-MY1C30,1.0,1,SKD7B3255,104.0,1000.0,SKD11032072,0.0,0.0,,0.0,0.0,,0.0,0.0,,0.0,0.0,
PL2C-MY226,1.0,1,SKD8E4065,182.0,1000.0,SKD11040085,0.0,0.0,,0.0,0.0,,0.0,0.0,,0.0,0.0,
PL2C-MY2B26,1.0,1,SKD8E4065,182.0,1000.0,SKD11040085,0.0,0.0,,0.0,0.0,,0.0,0.0,,0.0,0.0,
PL2-DB2,1.0,1,PL2-MB2,1.0,1.0,SKD5E2225,25.0,1000.0,SKD11022055,0.0,0.0,,0.0,0.0,,0.0,0.0,
PL2-DH126,1.0,1,PL2-MH126,1.0,1.0,SKD6G2761,91.0,1000.0,SKD11027067,0.0,0.0,,0.0,0.0,,0.0,0.0,
PL2-DY1,1.0,1,PL2-MY1,1.0,1.0,SKD6G2720,30.0,1000.0,SKD11027067,0.0,0.0,,0.0,0.0,,0.0,0.0,
PL2-DY2,1.0,1,PL2-MY2,1.0,1.0,SKD7Z3040,69.0,1000.0,SKD11030070,0.0,0.0,,0.0,0.0,,0.0,0.0,
PL2-DY236,1.0,1,PL2-MY236,1.0,1.0,SKD7B3240,76.0,1000.0,SKD11032072,0.0,0.0,,0.0,0.0,,0.0,0.0,
PL2-DY326,1.0,1,PL2-MY2,1.0,1.0,SKD7Z3040,69.0,1000.0,SKD11030070,0.0,0.0,,0.0,0.0,,0.0,0.0,
PL2-DY6C30,1.0,1,PL2-MY6C30,1.0,1.0,SKD7B3255,104.0,1000.0,SKD11032072,0.0,0.0,,0.0,0.0,,0.0,0.0,
PL3-DB224,1.0,1,PL3-MB224,1.0,1.0,SKD5E2225,25.0,1000.0,SKD11022055,0.0,0.0,,0.0,0.0,,0.0,0.0,
PL3-MX1AA24,1.0,1,SKD6G2522,31.0,1000.0,SKD11025067,0.0,0.0,,0.0,0.0,,0.0,0.0,,0.0,0.0,
PL3-MX2AA24,1.0,1,SKD8B2944,86.0,1000.0,SKD11029082,0.0,0.0,,0.0,0.0,,0.0,0.0,,0.0,0.0,
PL3-MY124,1.0,1,SKD6G2520,28.0,1000.0,SKD11025067,0.0,0.0,,0.0,0.0,,0.0,0.0,,0.0,0.0,
PL3-MY224,1.0,1,SKD7Z3045,78.0,1000.0,SKD11030070,0.0,0.0,,0.0,0.0,,0.0,0.0,,0.0,0.0,
PLP2B-DB6AA30,1.0,1,PLP2B-MB6AA30,1.0,1.0,SKD8E5059,206.0,1000.0,SKD11050085,0.0,0.0,,0.0,0.0,,0.0,0.0,
PLP2B-DX2AA30,1.0,1,PLP2B-MX2AA30,1.0,1.0,SKD7B3245,85.0,1000.0,SKD11032072,0.0,0.0,,0.0,0.0,,0.0,0.0,
PLP2B-DX5AA,1.0,1,PLP2B-MX5AA,1.0,1.0,SKD6G2720,30.0,1000.0,SKD11027067,0.0,0.0,,0.0,0.0,,0.0,0.0,
PLP2B-MB1AA19,1.0,1,SKD105065,0.0,0.0,,0.0,0.0,,0.0,0.0,,0.0,0.0,,0.0,0.0,
PLP2B-MF1AA19,1.0,1,SKD102545,0.0,0.0,,0.0,0.0,,0.0,0.0,,0.0,0.0,,0.0,0.0,
PLP2B-MY1AA19,1.0,1,SKD6G2726,39.0,1000.0,SKD11027067,0.0,0.0,,0.0,0.0,,0.0,0.0,,0.0,0.0,
PLP2B-MY2AA18,1.0,1,SKD7B3245,85.0,1000.0,SKD11032072,0.0,0.0,,0.0,0.0,,0.0,0.0,,0.0,0.0,
PLP2B-MY2AA19,1.0,1,SKD7B3250,95.0,1000.0,SKD11032072,0.0,0.0,,0.0,0.0,,0.0,0.0,,0.0,0.0,
PLP2B-MY4AA18,1.0,1,SKD7B3270,133.0,1000.0,SKD11032072,0.0,0.0,,0.0,0.0,,0.0,0.0,,0.0,0.0,
PLP2B-MY4AA19,1.0,1,SKD7B3270,133.0,1000.0,SKD11032072,0.0,0.0,,0.0,0.0,,0.0,0.0,,0.0,0.0,
PLP2-DB2AA60,1.0,1,PLP2-MB2AA60,1.0,1.0,SKD8E5022,77.0,1000.0,SKD11050085,0.0,0.0,,0.0,0.0,,0.0,0.0,
PLP-DB1B26,1.0,1,PLP-MB1B26,1.0,1.0,SKD8E4065,182.0,1000.0,SKD11040085,0.0,0.0,,0.0,0.0,,0.0,0.0,
PLPFY6-MB1AA30,1.0,1,SKD105046,0.0,0.0,,0.0,0.0,,0.0,0.0,,0.0,0.0,,0.0,0.0,
PLPFY6-MB2AA30,1.0,1,SKD105016,0.0,0.0,,0.0,0.0,,0.0,0.0,,0.0,0.0,,0.0,0.0,
PLPFY6-MY2AA34,1.0,1,SKD7B3240,76.0,1000.0,SKD11032072,0.0,0.0,,0.0,0.0,,0.0,0.0,,0.0,0.0,
PLPR-DY2AA,1.0,1,PLPR-MY2AA,1.0,1.0,SKD8B2940,78.0,1000.0,SKD11029082,0.0,0.0,,0.0,0.0,,0.0,0.0,
PLPR-DY4AA,1.0,1,PLPR-MY4AA,1.0,1.0,SKD8B2955,108.0,1000.0,SKD11029082,0.0,0.0,,0.0,0.0,,0.0,0.0,
PLPR-MF1AA26,1.0,1,SKD105020,0.0,0.0,,0.0,0.0,,0.0,0.0,,0.0,0.0,,0.0,0.0,
PLPR-MX5AA,1.0,1,SKD6G2518,24.0,1000.0,SKD11025067,0.0,0.0,,0.0,0.0,,0.0,0.0,,0.0,0.0,
PLPR-MY1AA,1.0,1,SKD6G2518,24.0,1000.0,SKD11025067,0.0,0.0,,0.0,0.0,,0.0,0.0,,0.0,0.0,
PLPY-DB1,1.0,1,PLPY-MB1,1.0,1.0,SKD5E3070,100.0,1000.0,SKD11030055,0.0,0.0,,0.0,0.0,,0.0,0.0,
PLPY-DB330,1.0,1,PLPY-MB330,0.0,0.0,,0.0,0.0,,0.0,0.0,,0.0,0.0,,0.0,0.0,
PLPY-DB3G30,1.0,1,SKD5E3050,70.0,1000.0,SKD11030055,0.0,0.0,,0.0,0.0,,0.0,0.0,,0.0,0.0,
PLPY-DD326,1.0,1,PLPY-MD326,1.0,1.0,SKD5E3050,70.0,1000.0,SKD11030055,0.0,0.0,,0.0,0.0,,0.0,0.0,
PLPY-DY3,1.0,1,PLPY-MY3,1.0,1.0,S8E3240,110.0,1000.0,SUJ3032085,0.0,0.0,,0.0,0.0,,0.0,0.0,
PLPY-MY530,1.0,1,SKD7Z3098,169.0,1000.0,SKD11030070,0.0,0.0,,0.0,0.0,,0.0,0.0,,0.0,0.0,
RDS4-MY2AA32,1.0,1,SKD8E4030,84.0,1000.0,SKD11040085,0.0,0.0,,0.0,0.0,,0.0,0.0,,0.0,0.0,
RDS4-MZ5AA30,1.0,1,SKD8B2135,50.0,1000.0,SKD11021082,0.0,0.0,,0.0,0.0,,0.0,0.0,,0.0,0.0,
RDS4-MZ5AA32,1.0,1,SKD8B2140,57.0,1000.0,SKD11021082,0.0,0.0,,0.0,0.0,,0.0,0.0,,0.0,0.0,
RDS4-MZ5AB30,1.0,1,SKD8B2135,50.0,1000.0,SKD11021082,0.0,0.0,,0.0,0.0,,0.0,0.0,,0.0,0.0,
RDS4-MZ5AC30,1.0,1,SKD7B3235,67.0,1000.0,SKD11032072,0.0,0.0,,0.0,0.0,,0.0,0.0,,0.0,0.0,
RDS4-MZ5AC32,1.0,1,SKD7B3240,76.0,1000.0,SKD11032072,0.0,0.0,,0.0,0.0,,0.0,0.0,,0.0,0.0,
RDS4-MZ5AE32,1.0,1,SKD7B3240,76.0,1000.0,SKD11032072,0.0,0.0,,0.0,0.0,,0.0,0.0,,0.0,0.0,
RDS4Y6-MY1BA30,1.0,1,SKD7Z3020,35.0,1000.0,SKD11030070,0.0,0.0,,0.0,0.0,,0.0,0.0,,0.0,0.0,
RDS4Y6-MY2AA30,1.0,1,SKD8E4053,148.0,1000.0,SKD11040085,0.0,0.0,,0.0,0.0,,0.0,0.0,,0.0,0.0,
RDS4Y6-MZ5AA30,1.0,1,SKD7B3260,114.0,1000.0,SKD11032072,0.0,0.0,,0.0,0.0,,0.0,0.0,,0.0,0.0,
RDS4Y6-MZ5AB30,1.0,1,SKD7B3260,114.0,1000.0,SKD11032072,0.0,0.0,,0.0,0.0,,0.0,0.0,,0.0,0.0,
RDSY-MY1AA30,1.0,1,SKD6G2218,24.0,1000.0,SKD11022067,0.0,0.0,,0.0,0.0,,0.0,0.0,,0.0,0.0,
RDSY-MY2AA30,1.0,1,SKD7Z3045,78.0,1000.0,SKD11030070,0.0,0.0,,0.0,0.0,,0.0,0.0,,0.0,0.0,
RDSY-MY2AC26,1.0,1,SKD8B2944,86.0,1000.0,SKD11029082,0.0,0.0,,0.0,0.0,,0.0,0.0,,0.0,0.0,
RDSY-MY2AC30,1.0,1,SKD7Z3045,78.0,1000.0,SKD11030070,0.0,0.0,,0.0,0.0,,0.0,0.0,,0.0,0.0,
RDSY-MY6BA30,1.0,1,SKD7Z3054,93.0,1000.0,SKD11030070,0.0,0.0,,0.0,0.0,,0.0,0.0,,0.0,0.0,
RDSY-MZ5AA26,1.0,1,SKD8B2155,78.0,1000.0,SKD11021082,0.0,0.0,,0.0,0.0,,0.0,0.0,,0.0,0.0,
RE-603-53130,1.0,1,3S-DY1,1.0,1.0,3S-MY1,1.0,1.0,SKD6G2532,45.0,1000.0,SKD11025067,0.0,0.0,,0.0,0.0,
RE-603-53130-F,1.0,1,3S-DY1,1.0,1.0,3S-MY1,1.0,1.0,SKD6G2532,45.0,1000.0,SKD11025067,0.0,0.0,,0.0,0.0,
RE-8.2X21X25,1.0,1,SKD8B2125,36.0,1000.0,SKD11021082,0.0,0.0,,0.0,0.0,,0.0,0.0,,0.0,0.0,
RE-8.2X21X40,1.0,1,SKD8B2140,57.0,1000.0,SKD11021082,0.0,0.0,,0.0,0.0,,0.0,0.0,,0.0,0.0,
RE-S3.2RE-MB1AA30,1.0,1,S3.2RE-MB1AA30,1.0,1.0,SKD8E4040,111.0,1000.0,SKD11040085,0.0,0.0,,0.0,0.0,,0.0,0.0,
RS2Y-DY226,1.0,1,RS2Y-MY226,1.0,1.0,SKD8B2140,57.0,1000.0,SKD11021082,0.0,0.0,,0.0,0.0,,0.0,0.0,
RSCYME-MX1AA,1.0,1,SKD6G2220,26.0,1000.0,SKD11022067,0.0,0.0,,0.0,0.0,,0.0,0.0,,0.0,0.0,
RSCYME-MY1AA,1.0,1,SKD6G2220,26.0,1000.0,SKD11022067,0.0,0.0,,0.0,0.0,,0.0,0.0,,0.0,0.0,
RSCYME-MY4AA34,1.0,1,SKD8B2144,63.0,1000.0,SKD11021082,0.0,0.0,,0.0,0.0,,0.0,0.0,,0.0,0.0,
RS-DB2,1.0,1,RS-MB2,1.0,1.0,S5F3822,50.0,1000.0,SUJ3038056-44,0.0,0.0,,0.0,0.0,,0.0,0.0,
RSFY3RE-MY4AA30,1.0,1,SKD8B2938,75.0,1000.0,SKD11029082,0.0,0.0,,0.0,0.0,,0.0,0.0,,0.0,0.0,
RSFY3RE-MY4AB30,1.0,1,SKD8B2938,75.0,1000.0,SKD11029082,0.0,0.0,,0.0,0.0,,0.0,0.0,,0.0,0.0,
RSFY3RE-MY4AB34,1.0,1,SKD8B2938,75.0,1000.0,SKD11029082,0.0,0.0,,0.0,0.0,,0.0,0.0,,0.0,0.0,
RSFY4RE-MY1BA,1.0,1,SKD6G2518,24.0,1000.0,SKD11025067,0.0,0.0,,0.0,0.0,,0.0,0.0,,0.0,0.0,
RSFY4RE-MY1BA-TEMP,1.0,1,SKD6G2518,24.0,1000.0,SKD11025067,0.0,0.0,,0.0,0.0,,0.0,0.0,,0.0,0.0,
RSFY4RE-MY4AA30,1.0,1,SKD8B2944,86.0,1000.0,SKD11029082,0.0,0.0,,0.0,0.0,,0.0,0.0,,0.0,0.0,
RSFY4RE-MY4AA34,1.0,1,SKD8B2944,86.0,1000.0,SKD11029082,0.0,0.0,,0.0,0.0,,0.0,0.0,,0.0,0.0,
RSFY4RE-MY4AB30,1.0,1,SKD8B2944,86.0,1000.0,SKD11029082,0.0,0.0,,0.0,0.0,,0.0,0.0,,0.0,0.0,
RSFY4RE-MY4AB30-XDF-TEMP,1.0,1,SKD8B2944,86.0,1000.0,SKD11029082,0.0,0.0,,0.0,0.0,,0.0,0.0,,0.0,0.0,
RSFY6-MB1AA34,1.0,1,SKD6G4765,168.0,1000.0,SKD11047067,0.0,0.0,,0.0,0.0,,0.0,0.0,,0.0,0.0,
RSFY6RE-MV1AA,1.0,1,SKD6G2518,24.0,1000.0,SKD11025067,0.0,0.0,,0.0,0.0,,0.0,0.0,,0.0,0.0,
RSFY6RE-MY4AA30,1.0,1,SKD8B2955,108.0,1000.0,SKD11029082,0.0,0.0,,0.0,0.0,,0.0,0.0,,0.0,0.0,
RSFY6RE-MY4AA34,1.0,1,SKD8B2955,108.0,1000.0,SKD11029082,0.0,0.0,,0.0,0.0,,0.0,0.0,,0.0,0.0,
RSFY6RE-MY4AB30,1.0,1,SKD8E3053,113.0,1000.0,SKD1103085,0.0,0.0,,0.0,0.0,,0.0,0.0,,0.0,0.0,
RSFY6RE-MY4AB34,1.0,1,SKD8E3053,113.0,1000.0,SKD1103085,0.0,0.0,,0.0,0.0,,0.0,0.0,,0.0,0.0,
RS-MY3B30,1.0,1,SKD8B2140,57.0,1000.0,SKD11021082,0.0,0.0,,0.0,0.0,,0.0,0.0,,0.0,0.0,
RSY3RE-MB1AA26,1.0,1,SKD6G4744,114.0,1000.0,SKD11047067,0.0,0.0,,0.0,0.0,,0.0,0.0,,0.0,0.0,
RSY3RE-MB1AA30,1.0,1,SKD6G4744,114.0,1000.0,SKD11047067,0.0,0.0,,0.0,0.0,,0.0,0.0,,0.0,0.0,
RSY3RE-MB1LA30,1.0,1,SKD6G4744,114.0,1000.0,SKD11047067,0.0,0.0,,0.0,0.0,,0.0,0.0,,0.0,0.0,
RSY3RE-MV1AA30,1.0,1,SKD6G2218,24.0,1000.0,SKD11022067,0.0,0.0,,0.0,0.0,,0.0,0.0,,0.0,0.0,
RSY3RE-MY1AA30,1.0,1,SKD6G2218,24.0,1000.0,SKD11022067,0.0,0.0,,0.0,0.0,,0.0,0.0,,0.0,0.0,
RSY3RE-MY2AA30,1.0,1,SKD8B2125,36.0,1000.0,SKD11021082,0.0,0.0,,0.0,0.0,,0.0,0.0,,0.0,0.0,
RSY3RE-MY2AB26,1.0,1,SKD8B2125,36.0,1000.0,SKD11021082,0.0,0.0,,0.0,0.0,,0.0,0.0,,0.0,0.0,
RSY3RE-MY2AB30,1.0,1,SKD8B2121,32.0,1000.0,SKD11021082,0.0,0.0,,0.0,0.0,,0.0,0.0,,0.0,0.0,
RSY3RE-MY2AB34,1.0,1,SKD8B2125,36.0,1000.0,SKD11021082,0.0,0.0,,0.0,0.0,,0.0,0.0,,0.0,0.0,
RSY3RE-MY2AB36,1.0,1,SKD8B2125,36.0,1000.0,SKD11021082,0.0,0.0,,0.0,0.0,,0.0,0.0,,0.0,0.0,
RSY3RE-MY4AA26,1.0,1,SKD8B2140,57.0,1000.0,SKD11021082,0.0,0.0,,0.0,0.0,,0.0,0.0,,0.0,0.0,
RSY3RE-MY4AA30,1.0,1,SKD8B2136,55.0,1000.0,SKD11021082,0.0,0.0,,0.0,0.0,,0.0,0.0,,0.0,0.0,
RSY3RE-MY4AA34,1.0,1,SKD8B2135,50.0,1000.0,SKD11021082,0.0,0.0,,0.0,0.0,,0.0,0.0,,0.0,0.0,
RSY3RE-MY4AA36,1.0,1,SKD8B2140,57.0,1000.0,SKD11021082,0.0,0.0,,0.0,0.0,,0.0,0.0,,0.0,0.0,
RSY3RE-MY5AA26,1.0,1,SKD8B2140,57.0,1000.0,SKD11021082,0.0,0.0,,0.0,0.0,,0.0,0.0,,0.0,0.0,
RSY3RE-MY5AA30,1.0,1,SKD8B2140,57.0,1000.0,SKD11021082,0.0,0.0,,0.0,0.0,,0.0,0.0,,0.0,0.0,
RSY3RE-MY5AA34,1.0,1,SKD8B2135,50.0,1000.0,SKD11021082,0.0,0.0,,0.0,0.0,,0.0,0.0,,0.0,0.0,
RSY3RE-MY5AA36,1.0,1,SKD8B2140,57.0,1000.0,SKD11021082,0.0,0.0,,0.0,0.0,,0.0,0.0,,0.0,0.0,
RSY6B-MB1AA26,1.0,1,SKD6E4070,150.0,1000.0,SKD11040065,0.0,0.0,,0.0,0.0,,0.0,0.0,,0.0,0.0,
RSY6B-MV1AA,1.0,1,SKD6G2218,24.0,1000.0,SKD11022067,0.0,0.0,,0.0,0.0,,0.0,0.0,,0.0,0.0,
RSY6B-MY1AA,1.0,1,SKD6G2519,27.0,1000.0,SKD11025067,0.0,0.0,,0.0,0.0,,0.0,0.0,,0.0,0.0,
RSY6B-MY1BA,1.0,1,SKD6G2218,24.0,1000.0,SKD11022067,0.0,0.0,,0.0,0.0,,0.0,0.0,,0.0,0.0,
RSY6B-MY2AA34,1.0,1,SKD8B2944,86.0,1000.0,SKD11029082,0.0,0.0,,0.0,0.0,,0.0,0.0,,0.0,0.0,
RSY6B-MY2BB26,1.0,1,SKD8B2148,68.0,1000.0,SKD11021082,0.0,0.0,,0.0,0.0,,0.0,0.0,,0.0,0.0,
RSY6B-MY2BB30,1.0,1,SKD8B2140,57.0,1000.0,SKD11021082,0.0,0.0,,0.0,0.0,,0.0,0.0,,0.0,0.0,
RSY6B-MY2BB32,1.0,1,SKD8B2148,68.0,1000.0,SKD11021082,0.0,0.0,,0.0,0.0,,0.0,0.0,,0.0,0.0,
RSY6B-MY2BB34,1.0,1,SKD8B2144,63.0,1000.0,SKD11021082,0.0,0.0,,0.0,0.0,,0.0,0.0,,0.0,0.0,
RSY6B-MY5AA30,1.0,1,SKD8B2960,117.0,1000.0,SKD11029082,0.0,0.0,,0.0,0.0,,0.0,0.0,,0.0,0.0,
RSY6B-MY5AA34,1.0,1,SKD8B2960,117.0,1000.0,SKD11029082,0.0,0.0,,0.0,0.0,,0.0,0.0,,0.0,0.0,
RSY6B-MY5AB30,1.0,1,SKD8B2160,85.0,1000.0,SKD11021082,0.0,0.0,,0.0,0.0,,0.0,0.0,,0.0,0.0,
RSY6B-MY5AB32,1.0,1,SKD8B2165,92.0,1000.0,SKD11021082,0.0,0.0,,0.0,0.0,,0.0,0.0,,0.0,0.0,
RSY6B-MY5AB34,1.0,1,SKD8B2160,85.0,1000.0,SKD11021082,0.0,0.0,,0.0,0.0,,0.0,0.0,,0.0,0.0,
RSY6-DY2AA30,1.0,1,RSY6-MY2AA30,1.0,1.0,SKD8B2944,86.0,1000.0,SKD11029082,0.0,0.0,,0.0,0.0,,0.0,0.0,
RSY6-DY3AA30,1.0,1,RSY6-MY3AA30,1.0,1.0,SKD8B2144,63.0,1000.0,SKD11021082,0.0,0.0,,0.0,0.0,,0.0,0.0,
RSY6-DY4AA30,1.0,1,RSY6-MY4AA30,1.0,1.0,SKD8B2160,85.0,1000.0,SKD11021082,0.0,0.0,,0.0,0.0,,0.0,0.0,
RSY6-DY5AA30,1.0,1,RSY6-MY5AA30,1.0,1.0,SKD8B2160,85.0,1000.0,SKD11021082,0.0,0.0,,0.0,0.0,,0.0,0.0,
RSY6-MB1AA30,1.0,1,SKD6E4070,150.0,1000.0,SKD11040065,0.0,0.0,,0.0,0.0,,0.0,0.0,,0.0,0.0,
RSY6-MB1AA32,1.0,1,SKD6G3575,145.0,1000.0,SKD11035067,0.0,0.0,,0.0,0.0,,0.0,0.0,,0.0,0.0,
RSY6-MB2AA30,1.0,1,SKD5E3545,71.0,1000.0,SKD11035055,0.0,0.0,,0.0,0.0,,0.0,0.0,,0.0,0.0,
RSY6ME-MX1BA,1.0,1,SKD6G2218,24.0,1000.0,SKD11022067,0.0,0.0,,0.0,0.0,,0.0,0.0,,0.0,0.0,
RSY6ME-MY1AA,1.0,1,SKD6G2218,24.0,1000.0,SKD11022067,0.0,0.0,,0.0,0.0,,0.0,0.0,,0.0,0.0,
RSY6ME-MY4AA34,1.0,1,SKD8B2144,63.0,1000.0,SKD11021082,0.0,0.0,,0.0,0.0,,0.0,0.0,,0.0,0.0,
RSY6-MY2AA32,1.0,1,SKD8B2148,68.0,1000.0,SKD11021082,0.0,0.0,,0.0,0.0,,0.0,0.0,,0.0,0.0,
RSY6-MY2AA34,1.0,1,SKD8B2144,63.0,1000.0,SKD11021082,0.0,0.0,,0.0,0.0,,0.0,0.0,,0.0,0.0,
RSY6-MY3AA32,1.0,1,SKD8B2148,68.0,1000.0,SKD11021082,0.0,0.0,,0.0,0.0,,0.0,0.0,,0.0,0.0,
RSY6-MY4AA32,1.0,1,SKD8B2165,92.0,1000.0,SKD11021082,0.0,0.0,,0.0,0.0,,0.0,0.0,,0.0,0.0,
RSY6RE-MB1AA26,1.0,1,SKD6G3575,145.0,1000.0,SKD11035067,0.0,0.0,,0.0,0.0,,0.0,0.0,,0.0,0.0,
RSY6RE-MB1AA30,1.0,1,SKD6G3575,145.0,1000.0,SKD11035067,0.0,0.0,,0.0,0.0,,0.0,0.0,,0.0,0.0,
RSY6RE-MB1AA32,1.0,1,SKD6G3575,145.0,1000.0,SKD11035067,0.0,0.0,,0.0,0.0,,0.0,0.0,,0.0,0.0,
RSY6RE-MB2AA30,1.0,1,SKD6G3540,77.0,1000.0,SKD11035067,0.0,0.0,,0.0,0.0,,0.0,0.0,,0.0,0.0,
RSY6RE-MB2AA32,1.0,1,SKD6G3540,77.0,1000.0,SKD11035067,0.0,0.0,,0.0,0.0,,0.0,0.0,,0.0,0.0,
RSY6RE-MY2AA26,1.0,1,SKD8B2155,78.0,1000.0,SKD11021082,0.0,0.0,,0.0,0.0,,0.0,0.0,,0.0,0.0,
RSY6RE-MY2AA30,1.0,1,SKD8B2944,86.0,1000.0,SKD11029082,0.0,0.0,,0.0,0.0,,0.0,0.0,,0.0,0.0,
RSY6RE-MY2AA32,1.0,1,SKD8B2155,78.0,1000.0,SKD11021082,0.0,0.0,,0.0,0.0,,0.0,0.0,,0.0,0.0,
RSY6RE-MY2AB26,1.0,1,SKD8B2155,78.0,1000.0,SKD11021082,0.0,0.0,,0.0,0.0,,0.0,0.0,,0.0,0.0,
RSY6RE-MY2CA34,1.0,1,SKD8B2944,86.0,1000.0,SKD11029082,0.0,0.0,,0.0,0.0,,0.0,0.0,,0.0,0.0,
RSY6RE-MY3AA30,1.0,1,SKD8B2144,63.0,1000.0,SKD11021082,0.0,0.0,,0.0,0.0,,0.0,0.0,,0.0,0.0,
RSY6RE-MY3AA34,1.0,1,SKD8B2144,63.0,1000.0,SKD11021082,0.0,0.0,,0.0,0.0,,0.0,0.0,,0.0,0.0,
RSY6RE-MY4AA26,1.0,1,SKD8B2165,92.0,1000.0,SKD11021082,0.0,0.0,,0.0,0.0,,0.0,0.0,,0.0,0.0,
RSY6RE-MY4AA30,1.0,1,SKD8B2160,85.0,1000.0,SKD11021082,0.0,0.0,,0.0,0.0,,0.0,0.0,,0.0,0.0,
RSY6RE-MY4AA32,1.0,1,SKD8B2165,92.0,1000.0,SKD11021082,0.0,0.0,,0.0,0.0,,0.0,0.0,,0.0,0.0,
RSY6RE-MY4AA34,1.0,1,SKD8B2160,85.0,1000.0,SKD11021082,0.0,0.0,,0.0,0.0,,0.0,0.0,,0.0,0.0,
RSY6RE-MY4AB26,1.0,1,SKD8B2165,92.0,1000.0,SKD11021082,0.0,0.0,,0.0,0.0,,0.0,0.0,,0.0,0.0,
RSY6RE-MY5AA30,1.0,1,SKD8B2960,117.0,1000.0,SKD11029082,0.0,0.0,,0.0,0.0,,0.0,0.0,,0.0,0.0,
RSY6RE-MY5AA32,1.0,1,SKD8B2165,92.0,1000.0,SKD11021082,0.0,0.0,,0.0,0.0,,0.0,0.0,,0.0,0.0,
RSY6RE-MY5AA34,1.0,1,SKD8B2960,117.0,1000.0,SKD11029082,0.0,0.0,,0.0,0.0,,0.0,0.0,,0.0,0.0,
RSYB-MY2AA30,1.0,1,SKD8B2940,78.0,1000.0,SKD11029082,0.0,0.0,,0.0,0.0,,0.0,0.0,,0.0,0.0,
RSYB-MY2AA32,1.0,1,SKD8B2140,57.0,1000.0,SKD11021082,0.0,0.0,,0.0,0.0,,0.0,0.0,,0.0,0.0,
RSYB-MY2AA36,1.0,1,SKD8B2148,68.0,1000.0,SKD11021082,0.0,0.0,,0.0,0.0,,0.0,0.0,,0.0,0.0,
RSYB-MY2AB30,1.0,1,SKD8B2140,57.0,1000.0,SKD11021082,0.0,0.0,,0.0,0.0,,0.0,0.0,,0.0,0.0,
RSYB-MY3AA30,1.0,1,SKD8B2140,57.0,1000.0,SKD11021082,0.0,0.0,,0.0,0.0,,0.0,0.0,,0.0,0.0,
RSYB-MY3AA38,1.0,1,SKD8B2155,78.0,1000.0,SKD11021082,0.0,0.0,,0.0,0.0,,0.0,0.0,,0.0,0.0,
RSYB-MY5AA30,1.0,1,SKD8B2955,108.0,1000.0,SKD11029082,0.0,0.0,,0.0,0.0,,0.0,0.0,,0.0,0.0,
RSYB-MY5AA36,1.0,1,SKD8B2165,92.0,1000.0,SKD11021082,0.0,0.0,,0.0,0.0,,0.0,0.0,,0.0,0.0,
RSYB-MY5AA38,1.0,1,SKD8B2970,137.0,1000.0,SKD11029082,0.0,0.0,,0.0,0.0,,0.0,0.0,,0.0,0.0,
RSYB-MY5AB26,1.0,1,SKD8B2155,78.0,1000.0,SKD11021082,0.0,0.0,,0.0,0.0,,0.0,0.0,,0.0,0.0,
RSYB-MY5AB30,1.0,1,SKD8B2155,78.0,1000.0,SKD11021082,0.0,0.0,,0.0,0.0,,0.0,0.0,,0.0,0.0,
RSY-DB130,1.0,1,RSY-MB130,1.0,1.0,S5F3060,70.0,1000.0,SUJ3030056,0.0,0.0,,0.0,0.0,,0.0,0.0,
RSY-DB134,1.0,1,RSY-MB134,1.0,1.0,S5F3070,100.0,1000.0,SUJ3030056,0.0,0.0,,0.0,0.0,,0.0,0.0,
RSY-DB1BA34,1.0,1,RSY-MB1BA34,1.0,1.0,SKD6E4075,160.0,1000.0,SKD11040065,0.0,0.0,,0.0,0.0,,0.0,0.0,
RSY-DB1C26,1.0,1,RSY-MB1C26,1.0,1.0,S5F3070,100.0,1000.0,SUJ3030056,0.0,0.0,,0.0,0.0,,0.0,0.0,
RSY-DB238,1.0,1,RSY-MB238,1.0,1.0,S5F4525,55.0,1000.0,SUJ3045056,0.0,0.0,,0.0,0.0,,0.0,0.0,
RSY-DV1,1.0,1,RSY-MV1,1.0,1.0,SKD6G2519,27.0,1000.0,SKD11025067,0.0,0.0,,0.0,0.0,,0.0,0.0,
RSY-DY226,1.0,1,RSY-MY226,1.0,1.0,SKD8B2948,94.0,1000.0,SKD11029082,0.0,0.0,,0.0,0.0,,0.0,0.0,
RSY-DY230,1.0,1,RSY-MY230,1.0,1.0,SKD8B2940,78.0,1000.0,SKD11029082,0.0,0.0,,0.0,0.0,,0.0,0.0,
RSY-DY2AA26,1.0,1,RSY-MY2AA26,1.0,1.0,SKD8B2148,68.0,1000.0,SKD11021082,0.0,0.0,,0.0,0.0,,0.0,0.0,
RSY-DY326,1.0,1,RSY-MY326,1.0,1.0,SKD8B2948,94.0,1000.0,SKD11029082,0.0,0.0,,0.0,0.0,,0.0,0.0,
RSY-DY330,1.0,1,RSY-MY330,0.0,0.0,,0.0,0.0,,0.0,0.0,,0.0,0.0,,0.0,0.0,
RSY-DY430,1.0,1,RSY-MY430,1.0,1.0,SKD8B2155,78.0,1000.0,SKD11021082,0.0,0.0,,0.0,0.0,,0.0,0.0,
RSY-DY434,1.0,1,RSY-MY434,1.0,1.0,SKD8B2160,85.0,1000.0,SKD11021082,0.0,0.0,,0.0,0.0,,0.0,0.0,
RSY-DY530,1.0,1,RSY-MY530,1.0,1.0,SKD8B2955,108.0,1000.0,SKD11029082,0.0,0.0,,0.0,0.0,,0.0,0.0,
RSY-DY534,1.0,1,RSY-MY534,1.0,1.0,SKD8B2960,117.0,1000.0,SKD11029082,0.0,0.0,,0.0,0.0,,0.0,0.0,
RSY-MB1BA38,1.0,1,SKD6E4075,160.0,1000.0,SKD11040065,0.0,0.0,,0.0,0.0,,0.0,0.0,,0.0,0.0,
RSY-MB2BA34,1.0,1,SKD5E3545,71.0,1000.0,SKD11035055,0.0,0.0,,0.0,0.0,,0.0,0.0,,0.0,0.0,
RSY-MY1AA,1.0,1,SKD6G2220,26.0,1000.0,SKD11022067,0.0,0.0,,0.0,0.0,,0.0,0.0,,0.0,0.0,
RSY-MY1B,1.0,1,SKD6G2220,26.0,1000.0,SKD11022067,0.0,0.0,,0.0,0.0,,0.0,0.0,,0.0,0.0,
RSY-MY2BA36,1.0,1,SKD8B2940,78.0,1000.0,SKD11029082,0.0,0.0,,0.0,0.0,,0.0,0.0,,0.0,0.0,
RSY-MY338,1.0,1,SKD8B2155,78.0,1000.0,SKD11021082,0.0,0.0,,0.0,0.0,,0.0,0.0,,0.0,0.0,
RSY-MY3AA34,1.0,1,SKD8B2144,63.0,1000.0,SKD11021082,0.0,0.0,,0.0,0.0,,0.0,0.0,,0.0,0.0,
RSY-MY3BA36,1.0,1,SKD8B2148,68.0,1000.0,SKD11021082,0.0,0.0,,0.0,0.0,,0.0,0.0,,0.0,0.0,
RSY-MY438,1.0,1,SKD8B2165,92.0,1000.0,SKD11021082,0.0,0.0,,0.0,0.0,,0.0,0.0,,0.0,0.0,
RSY-MY4AA32,1.0,1,SKD8B2155,78.0,1000.0,SKD11021082,0.0,0.0,,0.0,0.0,,0.0,0.0,,0.0,0.0,
RSY-MY4AA36,1.0,1,SKD8B2165,92.0,1000.0,SKD11021082,0.0,0.0,,0.0,0.0,,0.0,0.0,,0.0,0.0,
RSY-MY4AB32,1.0,1,SKD8B2155,78.0,1000.0,SKD11021082,0.0,0.0,,0.0,0.0,,0.0,0.0,,0.0,0.0,
RSYN-DY3BA32,1.0,1,RSYN-MY3BA32,0.0,0.0,,0.0,0.0,,0.0,0.0,,0.0,0.0,,0.0,0.0,
RSYN-DY5AA32,1.0,1,RSYN-MY5AA32,1.0,1.0,SKD8B2955,108.0,1000.0,SKD11029082,0.0,0.0,,0.0,0.0,,0.0,0.0,
RSYRE-MB1AA26,1.0,1,SKD6E3562,116.0,1000.0,SKD11035065,0.0,0.0,,0.0,0.0,,0.0,0.0,,0.0,0.0,
RSYRE-MY1AA,1.0,1,SKD6G2218,24.0,1000.0,SKD11022067,0.0,0.0,,0.0,0.0,,0.0,0.0,,0.0,0.0,
RSYRE-MY1BA,1.0,1,SKD6G2218,24.0,1000.0,SKD11022067,0.0,0.0,,0.0,0.0,,0.0,0.0,,0.0,0.0,
RSYRE-MY1DA,1.0,1,SKD6G2218,24.0,1000.0,SKD11022067,0.0,0.0,,0.0,0.0,,0.0,0.0,,0.0,0.0,
RSYRE-MY1EA,1.0,1,SKD6G2218,24.0,1000.0,SKD11022067,0.0,0.0,,0.0,0.0,,0.0,0.0,,0.0,0.0,
RSYRE-MY1EA-MARUOKA,1.0,1,SKD6G2218,24.0,1000.0,SKD11022067,0.0,0.0,,0.0,0.0,,0.0,0.0,,0.0,0.0,
RSYRE-MY1EA-SPOT,1.0,1,SKD6G2218,24.0,1000.0,SKD11022067,0.0,0.0,,0.0,0.0,,0.0,0.0,,0.0,0.0,
RSYRE-MY2BA30,1.0,1,SKD8B2940,78.0,1000.0,SKD11029082,0.0,0.0,,0.0,0.0,,0.0,0.0,,0.0,0.0,
RSYRE-MY2DA26,1.0,1,SKD8B2140,57.0,1000.0,SKD11021082,0.0,0.0,,0.0,0.0,,0.0,0.0,,0.0,0.0,
RSYRE-MY3AA30,1.0,1,SKD8B2140,57.0,1000.0,SKD11021082,0.0,0.0,,0.0,0.0,,0.0,0.0,,0.0,0.0,
RSYRE-MY3BA30,1.0,1,SKD8B2140,57.0,1000.0,SKD11021082,0.0,0.0,,0.0,0.0,,0.0,0.0,,0.0,0.0,
RSYRE-MY4AA26,1.0,1,SKD8B2155,78.0,1000.0,SKD11021082,0.0,0.0,,0.0,0.0,,0.0,0.0,,0.0,0.0,
RSYRE-MY4AA30,1.0,1,SKD8B2155,78.0,1000.0,SKD11021082,0.0,0.0,,0.0,0.0,,0.0,0.0,,0.0,0.0,
RSYRE-MY5AA30,1.0,1,SKD8B2955,108.0,1000.0,SKD11029082,0.0,0.0,,0.0,0.0,,0.0,0.0,,0.0,0.0,
RSYRE-MY5BA26,1.0,1,SKD8B2155,78.0,1000.0,SKD11021082,0.0,0.0,,0.0,0.0,,0.0,0.0,,0.0,0.0,
RSYRE-MY5BA30,1.0,1,SKD8B2955,108.0,1000.0,SKD11029082,0.0,0.0,,0.0,0.0,,0.0,0.0,,0.0,0.0,
S1616105,200.0,1000,SUJ3019019,0.0,0.0,,0.0,0.0,,0.0,0.0,,0.0,0.0,,0.0,0.0,
S161686,210.0,1000,SUJ3016016,0.0,0.0,,0.0,0.0,,0.0,0.0,,0.0,0.0,,0.0,0.0,
S191960,200.0,1000,SUJ3019019,0.0,0.0,,0.0,0.0,,0.0,0.0,,0.0,0.0,,0.0,0.0,
S191990,312.0,1000,SUJ3019019,0.0,0.0,,0.0,0.0,,0.0,0.0,,0.0,0.0,,0.0,0.0,
S3.2DF-MB1AA30,1.0,1,SKD105038,0.0,0.0,,0.0,0.0,,0.0,0.0,,0.0,0.0,,0.0,0.0,
S3.2DF-MB1AB30,1.0,1,SKD105038,0.0,0.0,,0.0,0.0,,0.0,0.0,,0.0,0.0,,0.0,0.0,
S3.2DF-MB2AA30,1.0,1,SKD105020,0.0,0.0,,0.0,0.0,,0.0,0.0,,0.0,0.0,,0.0,0.0,
S3.2DF-MB3AA30,1.0,1,SKD105016,0.0,0.0,,0.0,0.0,,0.0,0.0,,0.0,0.0,,0.0,0.0,
S3.2DF-MB5AA30,1.0,1,SKD105025,0.0,0.0,,0.0,0.0,,0.0,0.0,,0.0,0.0,,0.0,0.0,
S3.2DF-MB5AA30-TEMP,1.0,1,SKD105029,0.0,0.0,,0.0,0.0,,0.0,0.0,,0.0,0.0,,0.0,0.0,
S3.2DF-MC2AA30,1.0,1,SKD105027,0.0,0.0,,0.0,0.0,,0.0,0.0,,0.0,0.0,,0.0,0.0,
S3.2DF-MC3AA30,1.0,1,SKD105038,0.0,0.0,,0.0,0.0,,0.0,0.0,,0.0,0.0,,0.0,0.0,
S3.2DF-MW2AA30,1.0,1,SKD7B3250,95.0,1000.0,SKD11032072,0.0,0.0,,0.0,0.0,,0.0,0.0,,0.0,0.0,
S3.2DF-MW4AA30,1.0,1,SKD9Z3513,31.0,1000.0,SKD11035090,0.0,0.0,,0.0,0.0,,0.0,0.0,,0.0,0.0,
S3.2DF-MX1AA30,1.0,1,SKD6G2515,21.0,1000.0,SKD11025067,0.0,0.0,,0.0,0.0,,0.0,0.0,,0.0,0.0,
S3.2DF-MX2AA30,1.0,1,SKD7B3235,67.0,1000.0,SKD11032072,0.0,0.0,,0.0,0.0,,0.0,0.0,,0.0,0.0,
S3.2DF-MX2AA34,1.0,1,SKD7B3260,114.0,1000.0,SKD11032072,0.0,0.0,,0.0,0.0,,0.0,0.0,,0.0,0.0,
S3.2DF-MX2AB30,1.0,1,SKD7B3235,67.0,1000.0,SKD11032072,0.0,0.0,,0.0,0.0,,0.0,0.0,,0.0,0.0,
S3.2DF-MY1AA26,1.0,1,SKD7Z3024,42.0,1000.0,SKD11030070,0.0,0.0,,0.0,0.0,,0.0,0.0,,0.0,0.0,
S3.2DF-MY1AA30,1.0,1,SKD7B3228,63.0,1000.0,SKD11032072,0.0,0.0,,0.0,0.0,,0.0,0.0,,0.0,0.0,
S3.2DF-MY1AB30,1.0,1,SKD7Z3024,42.0,1000.0,SKD11030070,0.0,0.0,,0.0,0.0,,0.0,0.0,,0.0,0.0,
S3.2DF-MY1AB30-SQUARE,1.0,1,SKD6G2528,40.0,1000.0,SKD11025067,0.0,0.0,,0.0,0.0,,0.0,0.0,,0.0,0.0,
S3.2DF-MY1AB30-XDF-TEMP,1.0,1,SKD7Z3024,42.0,1000.0,SKD11030070,0.0,0.0,,0.0,0.0,,0.0,0.0,,0.0,0.0,
S3.2DF-MY2AA30,1.0,1,SKD9Z3513,31.0,1000.0,SKD11035090,0.0,0.0,,0.0,0.0,,0.0,0.0,,0.0,0.0,
S3.2DF-MY3AA30,1.0,1,SKD6G2515,21.0,1000.0,SKD11025067,0.0,0.0,,0.0,0.0,,0.0,0.0,,0.0,0.0,
S3.2DF-MY4AA26,1.0,1,SKD7B3235,67.0,1000.0,SKD11032072,0.0,0.0,,0.0,0.0,,0.0,0.0,,0.0,0.0,
S3.2DF-MY4AA30,1.0,1,SKD7B3235,67.0,1000.0,SKD11032072,0.0,0.0,,0.0,0.0,,0.0,0.0,,0.0,0.0,
S3.2DF-MY4AA34,1.0,1,SKD7B3235,67.0,1000.0,SKD11032072,0.0,0.0,,0.0,0.0,,0.0,0.0,,0.0,0.0,
S3.2DF-MY4AB30,1.0,1,SKD7B3235,67.0,1000.0,SKD11032072,0.0,0.0,,0.0,0.0,,0.0,0.0,,0.0,0.0,
S3.2DF-MY5AA26,1.0,1,SKD7B3235,67.0,1000.0,SKD11032072,0.0,0.0,,0.0,0.0,,0.0,0.0,,0.0,0.0,
S3.2DF-MY5AA30,1.0,1,SKD7B3235,67.0,1000.0,SKD11032072,0.0,0.0,,0.0,0.0,,0.0,0.0,,0.0,0.0,
S3.2DF-MY5AA34,1.0,1,SKD7B3235,67.0,1000.0,SKD11032072,0.0,0.0,,0.0,0.0,,0.0,0.0,,0.0,0.0,
S3.2DF-MY5AB30,1.0,1,SKD7Z3035,61.0,1000.0,SKD11030070,0.0,0.0,,0.0,0.0,,0.0,0.0,,0.0,0.0,
S3.2DF-MY6AA26,1.0,1,SKD7B3235,67.0,1000.0,SKD11032072,0.0,0.0,,0.0,0.0,,0.0,0.0,,0.0,0.0,
S3.2DF-MY6AA30,1.0,1,SKD7B3235,67.0,1000.0,SKD11032072,0.0,0.0,,0.0,0.0,,0.0,0.0,,0.0,0.0,
S3.2DF-MY6AA34,1.0,1,SKD7B3235,67.0,1000.0,SKD11032072,0.0,0.0,,0.0,0.0,,0.0,0.0,,0.0,0.0,
S3.2DFRE-MB1AA30,1.0,1,SKD105038,0.0,0.0,,0.0,0.0,,0.0,0.0,,0.0,0.0,,0.0,0.0,
S3.2DFRE-MB1AB30,1.0,1,SKD105040,0.0,0.0,,0.0,0.0,,0.0,0.0,,0.0,0.0,,0.0,0.0,
S3.2DFRE-MB2AA30,1.0,1,SKD105020,0.0,0.0,,0.0,0.0,,0.0,0.0,,0.0,0.0,,0.0,0.0,
S3.2DFRE-MB3AA30,1.0,1,SKD105016,0.0,0.0,,0.0,0.0,,0.0,0.0,,0.0,0.0,,0.0,0.0,
S3.2DFRE-MB5AA30,1.0,1,SKD105025,0.0,0.0,,0.0,0.0,,0.0,0.0,,0.0,0.0,,0.0,0.0,
S3.2DFRE-MY1AA30,1.0,1,SKD7Z3024,42.0,1000.0,SKD11030070,0.0,0.0,,0.0,0.0,,0.0,0.0,,0.0,0.0,
S3.2DFRE-MY2AA30,1.0,1,SKD9Z3513,31.0,1000.0,SKD11035090,0.0,0.0,,0.0,0.0,,0.0,0.0,,0.0,0.0,
S3.2DFRE-MY3AA30,1.0,1,SKD6G2515,21.0,1000.0,SKD11025067,0.0,0.0,,0.0,0.0,,0.0,0.0,,0.0,0.0,
S3.2DFRE-MY4AA30,1.0,1,SKD7B3235,67.0,1000.0,SKD11032072,0.0,0.0,,0.0,0.0,,0.0,0.0,,0.0,0.0,
S3.2DFRE-MY5AA30,1.0,1,SKD7B3235,67.0,1000.0,SKD11032072,0.0,0.0,,0.0,0.0,,0.0,0.0,,0.0,0.0,
S3.2FY3RE-MB1AA30,1.0,1,SKD6E4040,86.0,1000.0,SKD11040065,0.0,0.0,,0.0,0.0,,0.0,0.0,,0.0,0.0,
S3.2FY3RE-MB1LA30,1.0,1,SKD6E4040,86.0,1000.0,SKD11040065,0.0,0.0,,0.0,0.0,,0.0,0.0,,0.0,0.0,
S3.2P-MB1AA30,1.0,1,SKD105046-KAJIWARA,0.0,0.0,,0.0,0.0,,0.0,0.0,,0.0,0.0,,0.0,0.0,
S3.2P-MB2AA30,1.0,1,SKD105016,0.0,0.0,,0.0,0.0,,0.0,0.0,,0.0,0.0,,0.0,0.0,
S3.2P-MY1AA30,1.0,1,SKD6E3540,87.0,1000.0,SKD11035065,0.0,0.0,,0.0,0.0,,0.0,0.0,,0.0,0.0,
S3.2P-MY1AB30,1.0,1,SKD7B3240,76.0,1000.0,SKD11032072,0.0,0.0,,0.0,0.0,,0.0,0.0,,0.0,0.0,
S3.2P-MY4AA,1.0,1,SKD6G2722,35.0,1000.0,SKD11027067,0.0,0.0,,0.0,0.0,,0.0,0.0,,0.0,0.0,
S3.2P-MY4AB,1.0,1,SKD7Z3019,33.0,1000.0,SKD11030070,0.0,0.0,,0.0,0.0,,0.0,0.0,,0.0,0.0,
S3.2P-MY8AB,1.0,1,SKD7Z3019,33.0,1000.0,SKD11030070,0.0,0.0,,0.0,0.0,,0.0,0.0,,0.0,0.0,
S3.2RE-MB1AA30-@3-COOP,1.0,1,SKD8E4040,111.0,1000.0,SKD11040085,0.0,0.0,,0.0,0.0,,0.0,0.0,,0.0,0.0,
S3.2RE-MB1AA30-@5-COOP,1.0,1,SKD8E4040,111.0,1000.0,SKD11040085,0.0,0.0,,0.0,0.0,,0.0,0.0,,0.0,0.0,
S3.2RE-MB1AA30-@7-COOP,1.0,1,SKD8E4040,111.0,1000.0,SKD11040085,0.0,0.0,,0.0,0.0,,0.0,0.0,,0.0,0.0,
S3.2RE-MB1AA30-3-COOP,1.0,1,SKD8E4040,111.0,1000.0,SKD11040085,0.0,0.0,,0.0,0.0,,0.0,0.0,,0.0,0.0,
S3.2RE-MB1AA30-5-COOP,1.0,1,SKD8E4040,111.0,1000.0,SKD11040085,0.0,0.0,,0.0,0.0,,0.0,0.0,,0.0,0.0,
S3.2RE-MB1AA30-7-COOP,1.0,1,SKD8E4040,111.0,1000.0,SKD11040085,0.0,0.0,,0.0,0.0,,0.0,0.0,,0.0,0.0,
S3.2RE-MB1AA30-MARUOKA,1.0,1,SKD8E4040,111.0,1000.0,SKD11040085,0.0,0.0,,0.0,0.0,,0.0,0.0,,0.0,0.0,
S3.2RE-MB1AA30-MITU,1.0,1,SKD8E4040,111.0,1000.0,SKD11040085,0.0,0.0,,0.0,0.0,,0.0,0.0,,0.0,0.0,
S3.2RE-MB1AA30-TEMP,1.0,1,SKD8E4040,111.0,1000.0,SKD11040085,0.0,0.0,,0.0,0.0,,0.0,0.0,,0.0,0.0,
S3.2RE-MB1BA30,1.0,1,SKD8B4040,108.0,1000.0,SKD11040082,0.0,0.0,,0.0,0.0,,0.0,0.0,,0.0,0.0,
S3.2RE-MY1AA30,1.0,1,SKD8B2930,59.0,1000.0,SKD11029082,0.0,0.0,,0.0,0.0,,0.0,0.0,,0.0,0.0,
S3.2RE-MY3AA30,1.0,1,SKD8B2930,59.0,1000.0,SKD11029082,0.0,0.0,,0.0,0.0,,0.0,0.0,,0.0,0.0,
S5F3022,40.0,1000,SUJ3030056,0.0,0.0,,0.0,0.0,,0.0,0.0,,0.0,0.0,,0.0,0.0,
S6H3895,240.0,1000,SUJ3038068,0.0,0.0,,0.0,0.0,,0.0,0.0,,0.0,0.0,,0.0,0.0,
S6H4752,160.0,1000,SUJ3047068,0.0,0.0,,0.0,0.0,,0.0,0.0,,0.0,0.0,,0.0,0.0,
S6H4788,270.0,1000,SUJ3047068-H,0.0,0.0,,0.0,0.0,,0.0,0.0,,0.0,0.0,,0.0,0.0,
SD3BY-DB1AA34,1.0,1,SD3BY-MB1AA34,1.0,1.0,SKD6G4766,171.0,1000.0,SKD11047067,0.0,0.0,,0.0,0.0,,0.0,0.0,
SD3BY-DY1AA26,1.0,1,SD3BY-MY1AA26,1.0,1.0,SKD6G2520,28.0,1000.0,SKD11025067,0.0,0.0,,0.0,0.0,,0.0,0.0,
SD3BY-DY1AA34,1.0,1,SD3BY-MY1AA34,1.0,1.0,SKD6G2523,32.0,1000.0,SKD11025067,0.0,0.0,,0.0,0.0,,0.0,0.0,
SD3BY-DY2AA26,1.0,1,SD3BY-MY2AA26,1.0,1.0,SKD7B3235,67.0,1000.0,SKD11032072,0.0,0.0,,0.0,0.0,,0.0,0.0,
SD3BY-DY2AA34,1.0,1,SD3BY-MY2AA34,1.0,1.0,SKD7B3240,76.0,1000.0,SKD11032072,0.0,0.0,,0.0,0.0,,0.0,0.0,
SD3BY-DY2CA30,1.0,1,SD3BY-MY2CA30,1.0,1.0,SKD7B3235,67.0,1000.0,SKD11032072,0.0,0.0,,0.0,0.0,,0.0,0.0,
SD3BY-DY3AA26,1.0,1,SD3BY-MY3AA26,1.0,1.0,SKD7B3254,101.0,1000.0,SKD11032072,0.0,0.0,,0.0,0.0,,0.0,0.0,
SD3BY-DY3AA34,1.0,1,SD3BY-MY3AA34,1.0,1.0,SKD7B3260,114.0,1000.0,SKD11032072,0.0,0.0,,0.0,0.0,,0.0,0.0,
SD3BY-DY4AA26,1.0,1,SD3BY-MY4AA26,1.0,1.0,SKD7B3250,95.0,1000.0,SKD11032072,0.0,0.0,,0.0,0.0,,0.0,0.0,
SD3BY-DY4AA34,1.0,1,SD3BY-MY4AA34,1.0,1.0,SKD7B3260,114.0,1000.0,SKD11032072,0.0,0.0,,0.0,0.0,,0.0,0.0,
SD3BY-DZ5AA34,1.0,1,SD3BY-MZ5AA34,1.0,1.0,SKD5Z1258,30.0,1000.0,SKD11012050,0.0,0.0,,0.0,0.0,,0.0,0.0,
SD3BYME-DX2AA30,1.0,1,SD3BYME-MX2AA30,1.0,1.0,SKD7Z3035,61.0,1000.0,SKD11030070,0.0,0.0,,0.0,0.0,,0.0,0.0,
SD3BYME-DY1AA30,1.0,1,SD3BYME-MY1AA30,1.0,1.0,SKD6G2521,29.0,1000.0,SKD11025067,0.0,0.0,,0.0,0.0,,0.0,0.0,
SD3BYME-DY2AA30,1.0,1,SD3BYME-MY2AA30,1.0,1.0,SKD7Z3035,61.0,1000.0,SKD11030070,0.0,0.0,,0.0,0.0,,0.0,0.0,
SD3BYME-MX1BA30,1.0,1,SKD6G2521,29.0,1000.0,SKD11025067,0.0,0.0,,0.0,0.0,,0.0,0.0,,0.0,0.0,
SD3BY-MX1AA30,1.0,1,SKD7B3254,101.0,1000.0,SKD11032072,0.0,0.0,,0.0,0.0,,0.0,0.0,,0.0,0.0,
SD3BY-MX1BA30,1.0,1,SKD7Z3035,61.0,1000.0,SKD11030070,0.0,0.0,,0.0,0.0,,0.0,0.0,,0.0,0.0,
SD3BY-MX2AA30,1.0,1,SKD7Z3054,93.0,1000.0,SKD11030070,0.0,0.0,,0.0,0.0,,0.0,0.0,,0.0,0.0,
SD3BY-MX2AA34,1.0,1,SKD7B3260,114.0,1000.0,SKD11032072,0.0,0.0,,0.0,0.0,,0.0,0.0,,0.0,0.0,
SD3BY-MX2BA30,1.0,1,SKD7Z3054,93.0,1000.0,SKD11030070,0.0,0.0,,0.0,0.0,,0.0,0.0,,0.0,0.0,
SD3BY-MY2AA30,1.0,1,SKD7Z3034,59.0,1000.0,SKD11030070,0.0,0.0,,0.0,0.0,,0.0,0.0,,0.0,0.0,
SD3Y-DY1AA30,1.0,1,SD3Y-MY1AA30,1.0,1.0,SKD7Z3019,33.0,1000.0,SKD11030070,0.0,0.0,,0.0,0.0,,0.0,0.0,
SD3Y-DY2AA30,1.0,1,SD3Y-MY2AA30,1.0,1.0,SKD7Z3035,61.0,1000.0,SKD11030070,0.0,0.0,,0.0,0.0,,0.0,0.0,
SD3Y-DY3AA30,1.0,1,SD3Y-MY3AA30,1.0,1.0,SKD7B3254,101.0,1000.0,SKD11032072,0.0,0.0,,0.0,0.0,,0.0,0.0,
SD3Y-DY4AA30,1.0,1,SD3Y-MY4AA30,1.0,1.0,SKD7B3254,101.0,1000.0,SKD11032072,0.0,0.0,,0.0,0.0,,0.0,0.0,
SD3Y-MY7AA30,1.0,1,SKD7B3254,101.0,1000.0,SKD11032072,0.0,0.0,,0.0,0.0,,0.0,0.0,,0.0,0.0,
SD3Y-MY8AA30,1.0,1,SKD7B3254,101.0,1000.0,SKD11032072,0.0,0.0,,0.0,0.0,,0.0,0.0,,0.0,0.0,
SD3YN-MB1AA34,1.0,1,SKD6G4775,194.0,1000.0,SKD11047067,0.0,0.0,,0.0,0.0,,0.0,0.0,,0.0,0.0,
SD3YN-MB1CA34,1.0,1,SKD6G4775,194.0,1000.0,SKD11047067,0.0,0.0,,0.0,0.0,,0.0,0.0,,0.0,0.0,
SD3YNM-DW134,1.0,1,SD3YNM-MW134,1.0,1.0,SKD6G2723,35.0,1000.0,SKD11027067,0.0,0.0,,0.0,0.0,,0.0,0.0,
SD3YNM-DX1C34,1.0,1,SD3YNM-MX1C34,1.0,1.0,SKD6G2720,30.0,1000.0,SKD11027067,0.0,0.0,,0.0,0.0,,0.0,0.0,
SD3YNM-MX2B34,1.0,1,SKD7B3245,85.0,1000.0,SKD11032072,0.0,0.0,,0.0,0.0,,0.0,0.0,,0.0,0.0,
SD3YNM-MX334,1.0,1,SKD7B3260,114.0,1000.0,SKD11032072,0.0,0.0,,0.0,0.0,,0.0,0.0,,0.0,0.0,
SD3YNM-MY2B34,1.0,1,SKD8B2940,78.0,1000.0,SKD11029082,0.0,0.0,,0.0,0.0,,0.0,0.0,,0.0,0.0,
SD3YNM-MY334,1.0,1,SKD7B3260,114.0,1000.0,SKD11032072,0.0,0.0,,0.0,0.0,,0.0,0.0,,0.0,0.0,
SD3YNM-MY434,1.0,1,SKD8B2960,117.0,1000.0,SKD11029082,0.0,0.0,,0.0,0.0,,0.0,0.0,,0.0,0.0,
SDCY-DB1B26,1.0,1,SDCY-MB1B26,1.0,1.0,SKD105062,0.0,0.0,,0.0,0.0,,0.0,0.0,,0.0,0.0,
SDP-MX130,1.0,1,SKD7Z3024,42.0,1000.0,SKD11030070,0.0,0.0,,0.0,0.0,,0.0,0.0,,0.0,0.0,
SDR-MB3AA26,1.0,1,SKD8B2928,55.0,1000.0,SKD11029082,0.0,0.0,,0.0,0.0,,0.0,0.0,,0.0,0.0,
SDR-MB5AA26,1.0,1,SKD8B2940,78.0,1000.0,SKD11029082,0.0,0.0,,0.0,0.0,,0.0,0.0,,0.0,0.0,
SDR-MB5AA33,1.0,1,SKD8E3040,85.0,1000.0,SKD11030085,0.0,0.0,,0.0,0.0,,0.0,0.0,,0.0,0.0,
SDR-MY1AA26,1.0,1,SKD5E2545,51.0,1000.0,SKD11025055,0.0,0.0,,0.0,0.0,,0.0,0.0,,0.0,0.0,
SDR-MY1AA30,1.0,1,SKD5E2545,51.0,1000.0,SKD11025055,0.0,0.0,,0.0,0.0,,0.0,0.0,,0.0,0.0,
SDR-MY1AA34,1.0,1,SKD5E2545,51.0,1000.0,SKD11025055,0.0,0.0,,0.0,0.0,,0.0,0.0,,0.0,0.0,
SDR-MY1AA38,1.0,1,SKD5E2545,51.0,1000.0,SKD11025055,0.0,0.0,,0.0,0.0,,0.0,0.0,,0.0,0.0,
SDR-MY1AA40,1.0,1,SKD5E2545,51.0,1000.0,SKD11025055,0.0,0.0,,0.0,0.0,,0.0,0.0,,0.0,0.0,
SDR-MY1AA42,1.0,1,SKD5E2545,51.0,1000.0,SKD11025055,0.0,0.0,,0.0,0.0,,0.0,0.0,,0.0,0.0,
SDR-MY2AA26,1.0,1,SKD6G2242,51.0,1000.0,SKD11022067,0.0,0.0,,0.0,0.0,,0.0,0.0,,0.0,0.0,
SDR-MY2AA30,1.0,1,SKD6G2242,51.0,1000.0,SKD11022067,0.0,0.0,,0.0,0.0,,0.0,0.0,,0.0,0.0,
SDR-MY2AA33,1.0,1,SKD6G2242,51.0,1000.0,SKD11022067,0.0,0.0,,0.0,0.0,,0.0,0.0,,0.0,0.0,
SDR-MY2AA34,1.0,1,SKD6G2242,51.0,1000.0,SKD11022067,0.0,0.0,,0.0,0.0,,0.0,0.0,,0.0,0.0,
SDR-MY2AA38,1.0,1,SKD6G2242,51.0,1000.0,SKD11022067,0.0,0.0,,0.0,0.0,,0.0,0.0,,0.0,0.0,
SDR-MY2AA40,1.0,1,SKD6G2242,51.0,1000.0,SKD11022067,0.0,0.0,,0.0,0.0,,0.0,0.0,,0.0,0.0,
SDR-MY2AA42,1.0,1,SKD6G2242,51.0,1000.0,SKD11022067,0.0,0.0,,0.0,0.0,,0.0,0.0,,0.0,0.0,
SDY-DB134,1.0,1,SDY-MB134,1.0,1.0,SKD6E4070,150.0,1000.0,SKD11040065,0.0,0.0,,0.0,0.0,,0.0,0.0,
SDY-DC230,1.0,1,SDY-MB1,1.0,1.0,SKD6E4061,131.0,1000.0,SKD11040065,0.0,0.0,,0.0,0.0,,0.0,0.0,
SDY-DV134,1.0,1,SDY-MV134,1.0,1.0,SKD6G2267,81.0,1000.0,SKD11022067,0.0,0.0,,0.0,0.0,,0.0,0.0,
SDY-DX1A26,1.0,1,SDY-MX1A26,1.0,1.0,SKD7B3055,98.0,1000.0,SKD11030072,0.0,0.0,,0.0,0.0,,0.0,0.0,
SDY-DX2C30,1.0,1,SDY-MY3B30,1.0,1.0,SKD7B3255,104.0,1000.0,SKD11032072,0.0,0.0,,0.0,0.0,,0.0,0.0,
SDY-DX2D30,1.0,1,SDY-MY3B30,1.0,1.0,SKD7B3255,104.0,1000.0,SKD11032072,0.0,0.0,,0.0,0.0,,0.0,0.0,
SDY-DY1,1.0,1,SDY-MY1,1.0,1.0,SKD6G2723,35.0,1000.0,SKD11027067,0.0,0.0,,0.0,0.0,,0.0,0.0,
SDY-DY126,1.0,1,SDY-MY126,1.0,1.0,SKD6G2723,35.0,1000.0,SKD11027067,0.0,0.0,,0.0,0.0,,0.0,0.0,
SDY-DY2,1.0,1,SDY-MY2,1.0,1.0,SKD7B3235,67.0,1000.0,SKD11032072,0.0,0.0,,0.0,0.0,,0.0,0.0,
SDY-DY226,1.0,1,SDY-MY226,1.0,1.0,SKD7B3235,67.0,1000.0,SKD11032072,0.0,0.0,,0.0,0.0,,0.0,0.0,
SDY-DY234,1.0,1,SDY-MY234,1.0,1.0,SKD7B3240,76.0,1000.0,SKD11032072,0.0,0.0,,0.0,0.0,,0.0,0.0,
SDY-DY3B34,1.0,1,SDY-MY3B34,1.0,1.0,SKD7B3260,114.0,1000.0,SKD11032072,0.0,0.0,,0.0,0.0,,0.0,0.0,
SDY-DY4,1.0,1,SDY-MY4,1.0,1.0,SKD7B3254,101.0,1000.0,SKD11032072,0.0,0.0,,0.0,0.0,,0.0,0.0,
SDY-DY426,1.0,1,SDY-MY426,1.0,1.0,SKD7B3255,104.0,1000.0,SKD11032072,0.0,0.0,,0.0,0.0,,0.0,0.0,
SDY-DY434,1.0,1,SDY-MY434,1.0,1.0,SKD7B3260,114.0,1000.0,SKD11032072,0.0,0.0,,0.0,0.0,,0.0,0.0,
SDY-DY7B34,1.0,1,SDY-MY3B34,1.0,1.0,SKD7B3260,114.0,1000.0,SKD11032072,0.0,0.0,,0.0,0.0,,0.0,0.0,
SDY-DY834,1.0,1,SDY-MY434,1.0,1.0,SKD7B3260,114.0,1000.0,SKD11032072,0.0,0.0,,0.0,0.0,,0.0,0.0,
SDY-DZ5,1.0,1,SDY-MZ5,1.0,1.0,SKD5Z1253,27.0,1000.0,SKD11012050,0.0,0.0,,0.0,0.0,,0.0,0.0,
SDY-DZ526,1.0,1,SDY-MZ526,1.0,1.0,SKD5Z1253,27.0,1000.0,SKD11012050,0.0,0.0,,0.0,0.0,,0.0,0.0,
SDYM-MW126,1.0,1,SKD7Z3024,42.0,1000.0,SKD11030070,0.0,0.0,,0.0,0.0,,0.0,0.0,,0.0,0.0,
SDY-MY630,1.0,1,SKD7Z3055,95.0,1000.0,SKD11030070,0.0,0.0,,0.0,0.0,,0.0,0.0,,0.0,0.0,
SDYP-DB230,1.0,1,SDY-DB1,1.0,1.0,SDY-MB1,1.0,1.0,SKD6E4061,131.0,1000.0,SKD11040065,0.0,0.0,,0.0,0.0,
SDYP-DB326,1.0,1,SDY-DB1,1.0,1.0,SDY-MB1,1.0,1.0,SKD6E4061,131.0,1000.0,SKD11040065,0.0,0.0,,0.0,0.0,
SDYP-DC226,1.0,1,SDY-DB1,1.0,1.0,SDY-MB1,1.0,1.0,SKD6E4061,131.0,1000.0,SKD11040065,0.0,0.0,,0.0,0.0,
SDYP-DX130,1.0,1,SDYP-MX130,1.0,1.0,SKD7Z3020,35.0,1000.0,SKD11030070,0.0,0.0,,0.0,0.0,,0.0,0.0,
SEC24CY-DB2B,1.0,1,SEC24CY-MB2B,1.0,1.0,SKD5E3050,70.0,1000.0,SKD11030055,0.0,0.0,,0.0,0.0,,0.0,0.0,
SEC24CY-DB3B,1.0,1,SEC24CY-MB3B,1.0,1.0,SKD5E3050,70.0,1000.0,SKD11030055,0.0,0.0,,0.0,0.0,,0.0,0.0,
SEC24CY-DB4,1.0,1,SEC24CY-MB4,1.0,1.0,SKD5E3040,55.0,1000.0,SKD11030055,0.0,0.0,,0.0,0.0,,0.0,0.0,
SEC24CY-DB6B,1.0,1,SEC24CY-MB6B,1.0,1.0,SKD5E3050,70.0,1000.0,SKD11030055,0.0,0.0,,0.0,0.0,,0.0,0.0,
SEC24CY-DB7,1.0,1,SEC24CY-MB7,1.0,1.0,SKD5E3050,70.0,1000.0,SKD11030055,0.0,0.0,,0.0,0.0,,0.0,0.0,
SEC24CY-DB8,1.0,1,SEC24CY-MB8,1.0,1.0,SKD5E3050,70.0,1000.0,SKD11030055,0.0,0.0,,0.0,0.0,,0.0,0.0,
SEC24CY-DS1B,1.0,1,SEC24CY-MS1B,1.0,1.0,S133532,140.0,1000.0,SKS3050013,0.0,0.0,,0.0,0.0,,0.0,0.0,
SEC24CY-DS6B,1.0,1,SEC24CY-MS6B,1.0,1.0,SKD8E5059,206.0,1000.0,SKD11050085,0.0,0.0,,0.0,0.0,,0.0,0.0,
SEC24CY-DT6,1.0,1,SEC24CY-MT6,1.0,1.0,S191925,90.0,1000.0,SUJ3019019,0.0,0.0,,0.0,0.0,,0.0,0.0,
SEC24CY-DT9B,1.0,1,SEC24CY-MT9B,1.0,1.0,S161625,10.0,1000.0,SUJ3019019,0.0,0.0,,0.0,0.0,,0.0,0.0,
SEC24CY-DT9C,1.0,1,SEC24CY-MT9C,1.0,1.0,S161660,145.0,1000.0,SUJ3019019,0.0,0.0,,0.0,0.0,,0.0,0.0,
SEC24CY-DY1B,1.0,1,SEC24CY-MY1B,1.0,1.0,SKD6G4730,78.0,1000.0,SKD11047067,0.0,0.0,,0.0,0.0,,0.0,0.0,
SEC24CY-MB1AA30,1.0,1,SKD6G4775,194.0,1000.0,SKD11047067,0.0,0.0,,0.0,0.0,,0.0,0.0,,0.0,0.0,
SEC24CY-MB2AA30,1.0,1,SKD6G3555,106.0,1000.0,SKD11035067,0.0,0.0,,0.0,0.0,,0.0,0.0,,0.0,0.0,
SEC24CY-MT1B,1.0,1,SKD6G4730,78.0,1000.0,SKD11047067,0.0,0.0,,0.0,0.0,,0.0,0.0,,0.0,0.0,
SEC24Y-DB1AB26,1.0,1,SEC24Y-MB1AB26,1.0,1.0,SKD6G3555,106.0,1000.0,SKD11035067,0.0,0.0,,0.0,0.0,,0.0,0.0,
SEC24Y-DB2AB26,1.0,1,SEC24Y-MB2AB26,1.0,1.0,SKD6G3555,106.0,1000.0,SKD11035067,0.0,0.0,,0.0,0.0,,0.0,0.0,
SEC24Y-MB130,1.0,1,SKD6E4061,131.0,1000.0,SKD11040065,0.0,0.0,,0.0,0.0,,0.0,0.0,,0.0,0.0,
SEC24Y-MV3,1.0,1,SKD6G1542,36.0,1000.0,SKD11015067,0.0,0.0,,0.0,0.0,,0.0,0.0,,0.0,0.0,
SEC36Y-DB134,1.0,1,SEC36Y-MB134,1.0,1.0,SKD6G4760,155.0,1000.0,SKD11047067,0.0,0.0,,0.0,0.0,,0.0,0.0,
SEC36Y-DS6F34,1.0,1,SEC36Y-MS6F34,1.0,1.0,S8E4045,110.0,1000.0,SUJ3040085,0.0,0.0,,0.0,0.0,,0.0,0.0,
SEC36Y-DX134,1.0,1,SEC36Y-MX134,1.0,1.0,SKD6G4725,65.0,1000.0,SKD11047067,0.0,0.0,,0.0,0.0,,0.0,0.0,
SEC36Y-DX234,1.0,1,SEC36Y-MX234,1.0,1.0,SKD6G4725,65.0,1000.0,SKD11047067,0.0,0.0,,0.0,0.0,,0.0,0.0,
SEC36Y-DY234,1.0,1,SEC36Y-MY234,1.0,1.0,SKD6G2280,97.0,1000.0,SKD11022067,0.0,0.0,,0.0,0.0,,0.0,0.0,
SEC36Y-DY3,1.0,1,SEC36Y-MY3,1.0,1.0,SKD6G1556,62.0,1000.0,SKD11015067,0.0,0.0,,0.0,0.0,,0.0,0.0,
SEC36Y-DY334,1.0,1,SEC36Y-MY334,1.0,1.0,SKD6G2267,81.0,1000.0,SKD11022067,0.0,0.0,,0.0,0.0,,0.0,0.0,
SEC36Y-DY4,1.0,1,SEC36Y-MY4,1.0,1.0,SKD6G2261,74.0,1000.0,SKD11022067,0.0,0.0,,0.0,0.0,,0.0,0.0,
SEC36Y-DY434,1.0,1,SEC36Y-MY434,1.0,1.0,SKD7Z3060,104.0,1000.0,SKD11030070,0.0,0.0,,0.0,0.0,,0.0,0.0,
SEC36Y-DY5,1.0,1,SEC36Y-MY5,0.0,0.0,,0.0,0.0,,0.0,0.0,,0.0,0.0,,0.0,0.0,
SEC36Y-DY8,1.0,1,SEC36Y-MY8,0.0,0.0,,0.0,0.0,,0.0,0.0,,0.0,0.0,,0.0,0.0,
SEC36YM-DB2AA34,1.0,1,SEC36Y-DB130,1.0,1.0,SEC36Y-MB130,1.0,1.0,SKD6E4045,96.0,1000.0,SKD11040065,0.0,0.0,,0.0,0.0,
SEC36YM-DX1AA34,1.0,1,SKD6G4725,65.0,1000.0,SKD11047067,0.0,0.0,,0.0,0.0,,0.0,0.0,,0.0,0.0,
SEC36Y-MS6FB38,1.0,1,S8E4045,110.0,1000.0,SUJ3040085,0.0,0.0,,0.0,0.0,,0.0,0.0,,0.0,0.0,
SEC36Y-MX1B,1.0,1,SKD6G4720,52.0,1000.0,SKD11047067,0.0,0.0,,0.0,0.0,,0.0,0.0,,0.0,0.0,
SEC36Y-MY2,1.0,1,S6H3270,145.0,1000.0,SUJ3032068,0.0,0.0,,0.0,0.0,,0.0,0.0,,0.0,0.0,
SEC48-DY1XM,1.0,1,SEC48-MY1XM,1.0,1.0,S6H3822,55.0,1000.0,SUJ3038068,0.0,0.0,,0.0,0.0,,0.0,0.0,
SEC48SF-MB1AA26,1.0,1,SKD6G3555,106.0,1000.0,SKD11035067,0.0,0.0,,0.0,0.0,,0.0,0.0,,0.0,0.0,
SEC48SF-MV2AA26,1.0,1,SKD6G2248,59.0,1000.0,SKD11022067,0.0,0.0,,0.0,0.0,,0.0,0.0,,0.0,0.0,
SEC48SF-MV3AA26,1.0,1,SKD6G2250,61.0,1000.0,SKD11022067,0.0,0.0,,0.0,0.0,,0.0,0.0,,0.0,0.0,
SEC48SF-MY1AA26,1.0,1,SKD6E4026,56.0,1000.0,SKD11040065,0.0,0.0,,0.0,0.0,,0.0,0.0,,0.0,0.0,
SEC48YF-DW9,1.0,1,SEC48YF-MW9,1.0,1.0,S6H3828,75.0,1000.0,SUJ3038068,0.0,0.0,,0.0,0.0,,0.0,0.0,
SEC48YF-DY2,1.0,1,SEC48YF-MY2,1.0,1.0,S6H3818,45.0,1000.0,SUJ3038068,0.0,0.0,,0.0,0.0,,0.0,0.0,
SEC48YF-DY3,1.0,1,SEC48YF-MY3,1.0,1.0,S6H3822,55.0,1000.0,SUJ3038068,0.0,0.0,,0.0,0.0,,0.0,0.0,
SEC48YF-DY4,1.0,1,SEC48YF-MY4,1.0,1.0,S6H3822,55.0,1000.0,SUJ3038068,0.0,0.0,,0.0,0.0,,0.0,0.0,
SEC48YF-ME130,1.0,1,SKD6E4061,131.0,1000.0,SKD11040065,0.0,0.0,,0.0,0.0,,0.0,0.0,,0.0,0.0,
SEC48YF-ME230,1.0,1,SKD6E4065,139.0,1000.0,SKD11040065,0.0,0.0,,0.0,0.0,,0.0,0.0,,0.0,0.0,
SEC48YF-MP0AA30,1.0,1,SKD6G4734,88.0,1000.0,SKD11047067,0.0,0.0,,0.0,0.0,,0.0,0.0,,0.0,0.0,
SEC48YF-MQ2AA30,1.0,1,SKD6E3325,44.0,1000.0,SKD11033065,0.0,0.0,,0.0,0.0,,0.0,0.0,,0.0,0.0,
SEC48YF-MQ3AA30,1.0,1,SKD6G2224,30.0,1000.0,SKD11022067,0.0,0.0,,0.0,0.0,,0.0,0.0,,0.0,0.0,
SEC48YF-MQ7AA30,1.0,1,SKD6G2261,74.0,1000.0,SKD11022067,0.0,0.0,,0.0,0.0,,0.0,0.0,,0.0,0.0,
SEC48YF-MQ8AA30,1.0,1,SKD6G2261,74.0,1000.0,SKD11022067,0.0,0.0,,0.0,0.0,,0.0,0.0,,0.0,0.0,
SEC48YF-MV2,1.0,1,SKD6G4725,65.0,1000.0,SKD11047067,0.0,0.0,,0.0,0.0,,0.0,0.0,,0.0,0.0,
SEC48YF-MV5,1.0,1,SKD6E3360,106.0,1000.0,SKD11033065,0.0,0.0,,0.0,0.0,,0.0,0.0,,0.0,0.0,
SEC48YF-MV9,1.0,1,SKD6G2261,74.0,1000.0,SKD11022067,0.0,0.0,,0.0,0.0,,0.0,0.0,,0.0,0.0,
SEC48YM-DX1,1.0,1,SEC48YM-MX1,1.0,1.0,S6H3890,225.0,1000.0,SUJ3038068,0.0,0.0,,0.0,0.0,,0.0,0.0,
SEC48YM-DY3,1.0,1,SEC48YM-MY3,1.0,1.0,S6H3828,75.0,1000.0,SUJ3038068,0.0,0.0,,0.0,0.0,,0.0,0.0,
SEC48YM-DY5,1.0,1,SEC48YM-MY5,1.0,1.0,S161628,75.0,1000.0,SUJ3016016,0.0,0.0,,0.0,0.0,,0.0,0.0,
SEC4BCY-MB1AA30,1.0,1,SKD6G4768,176.0,1000.0,SKD11047067,0.0,0.0,,0.0,0.0,,0.0,0.0,,0.0,0.0,
SEC4BCY-MR0AA30,1.0,1,SKD9Z3530,78.0,1000.0,SKD11035090,0.0,0.0,,0.0,0.0,,0.0,0.0,,0.0,0.0,
SEC4BCY-MR0BB30,1.0,1,SKD8E3038,80.0,1000.0,SKD11030085,0.0,0.0,,0.0,0.0,,0.0,0.0,,0.0,0.0,
SEC4BCY-MS6AA30,1.0,1,SKD8E3038,80.0,1000.0,SKD11030085,0.0,0.0,,0.0,0.0,,0.0,0.0,,0.0,0.0,
SEC4BCY-MS6AB30,1.0,1,SKD8E3038,80.0,1000.0,SKD11030085,0.0,0.0,,0.0,0.0,,0.0,0.0,,0.0,0.0,
SEC4BCY-MS9AA30,1.0,1,SKD9Z3520,52.0,1000.0,SKD11035090,0.0,0.0,,0.0,0.0,,0.0,0.0,,0.0,0.0,
SEC4BCY-MS9AB30,1.0,1,SKD9Z3520,52.0,1000.0,SKD11035090,0.0,0.0,,0.0,0.0,,0.0,0.0,,0.0,0.0,
SEC4BCY-MV1AA30,1.0,1,SKD6G2278,95.0,1000.0,SKD11022067,0.0,0.0,,0.0,0.0,,0.0,0.0,,0.0,0.0,
SEC4BCY-MX2AA30,1.0,1,SKD7Z3045,78.0,1000.0,SKD11030070,0.0,0.0,,0.0,0.0,,0.0,0.0,,0.0,0.0,
SEC4BCY-MX2AA34,1.0,1,SKD7B3240,76.0,1000.0,SKD11032072,0.0,0.0,,0.0,0.0,,0.0,0.0,,0.0,0.0,
SEC4BCY-MX4AA30,1.0,1,SKD7Z3065,112.0,1000.0,SKD11030070,0.0,0.0,,0.0,0.0,,0.0,0.0,,0.0,0.0,
SEC4BCY-MX4AA34,1.0,1,SKD7B3260,114.0,1000.0,SKD11032072,0.0,0.0,,0.0,0.0,,0.0,0.0,,0.0,0.0,
SEC4BCY-MY2AA34,1.0,1,SKD7B3240,76.0,1000.0,SKD11032072,0.0,0.0,,0.0,0.0,,0.0,0.0,,0.0,0.0,
SEC4BCY-MY2HA34,1.0,1,SKD7B3240,76.0,1000.0,SKD11032072,0.0,0.0,,0.0,0.0,,0.0,0.0,,0.0,0.0,
SEC4BCY-MY4AA34,1.0,1,SKD7B3255,104.0,1000.0,SKD11032072,0.0,0.0,,0.0,0.0,,0.0,0.0,,0.0,0.0,
SEC4BCY-MY4HA34,1.0,1,SKD7B3260,114.0,1000.0,SKD11032072,0.0,0.0,,0.0,0.0,,0.0,0.0,,0.0,0.0,
SEC4BFY6-MX2AA30,1.0,1,SKD7Z3055,95.0,1000.0,SKD11030070,0.0,0.0,,0.0,0.0,,0.0,0.0,,0.0,0.0,
SEC4BFY6-MX2AA34,1.0,1,SKD7Z3054,93.0,1000.0,SKD11030070,0.0,0.0,,0.0,0.0,,0.0,0.0,,0.0,0.0,
SEC4BFY6-MY2AA34,1.0,1,SKD7Z3040,69.0,1000.0,SKD11030070,0.0,0.0,,0.0,0.0,,0.0,0.0,,0.0,0.0,
SEC4BY-MB1AA32,1.0,1,SKD6G4765,168.0,1000.0,SKD11047067,0.0,0.0,,0.0,0.0,,0.0,0.0,,0.0,0.0,
SEC4BY-MB1BA32,1.0,1,SKD6G4765,168.0,1000.0,SKD11047067,0.0,0.0,,0.0,0.0,,0.0,0.0,,0.0,0.0,
SEC4BY-MR0AA30,1.0,1,SKD9Z3530,78.0,1000.0,SKD11035090,0.0,0.0,,0.0,0.0,,0.0,0.0,,0.0,0.0,
SEC4BY-MR0AC30,1.0,1,SKD9Z3530,78.0,1000.0,SKD11035090,0.0,0.0,,0.0,0.0,,0.0,0.0,,0.0,0.0,
SEC4BY-MR0BA30,1.0,1,SKD9Z3530,78.0,1000.0,SKD11035090,0.0,0.0,,0.0,0.0,,0.0,0.0,,0.0,0.0,
SEC4BY-MR0BC32,1.0,1,SKD8E3034,72.0,1000.0,SKD11030085,0.0,0.0,,0.0,0.0,,0.0,0.0,,0.0,0.0,
SEC4BY-MR0BD30,1.0,1,SKD8E3038,80.0,1000.0,SKD11030085,0.0,0.0,,0.0,0.0,,0.0,0.0,,0.0,0.0,
SEC4BY-MS6AA30,1.0,1,SKD8E3020,42.0,1000.0,SKD11030085,0.0,0.0,,0.0,0.0,,0.0,0.0,,0.0,0.0,
SEC4BY-MS6AB30,1.0,1,SKD9Z3530,78.0,1000.0,SKD11035090,0.0,0.0,,0.0,0.0,,0.0,0.0,,0.0,0.0,
SEC4BY-MS6AB32,1.0,1,SKD8E3030,63.0,1000.0,SKD11030085,0.0,0.0,,0.0,0.0,,0.0,0.0,,0.0,0.0,
SEC4BY-MS6AC30,1.0,1,SKD8B2932,63.0,1000.0,SKD11029082,0.0,0.0,,0.0,0.0,,0.0,0.0,,0.0,0.0,
SEC4BY-MS9AA30,1.0,1,SKD9Z3520,52.0,1000.0,SKD11035090,0.0,0.0,,0.0,0.0,,0.0,0.0,,0.0,0.0,
SEC4BY-MS9AB30,1.0,1,SKD9Z3530,78.0,1000.0,SKD11035090,0.0,0.0,,0.0,0.0,,0.0,0.0,,0.0,0.0,
SEC4BY-MS9AC26,1.0,1,SKD9Z3520,52.0,1000.0,SKD11035090,0.0,0.0,,0.0,0.0,,0.0,0.0,,0.0,0.0,
SEC4BY-MS9AC30,1.0,1,SKD9Z3520,52.0,1000.0,SKD11035090,0.0,0.0,,0.0,0.0,,0.0,0.0,,0.0,0.0,
SEC4BY-MS9AD30,1.0,1,SKD9Z3520,52.0,1000.0,SKD11035090,0.0,0.0,,0.0,0.0,,0.0,0.0,,0.0,0.0,
SEC4BY-MS9BA30,1.0,1,SKD9Z3520,52.0,1000.0,SKD11035090,0.0,0.0,,0.0,0.0,,0.0,0.0,,0.0,0.0,
SEC4BY-MS9CB30,1.0,1,SKD6G2235,43.0,1000.0,SKD11022067,0.0,0.0,,0.0,0.0,,0.0,0.0,,0.0,0.0,
SEC4BY-MV1AA32,1.0,1,SKD6G2267,81.0,1000.0,SKD11022067,0.0,0.0,,0.0,0.0,,0.0,0.0,,0.0,0.0,
SEC4BY-MV1AA34,1.0,1,SKD6G2267,81.0,1000.0,SKD11022067,0.0,0.0,,0.0,0.0,,0.0,0.0,,0.0,0.0,
SEC4BY-MX2AA30,1.0,1,SKD7B3235,67.0,1000.0,SKD11032072,0.0,0.0,,0.0,0.0,,0.0,0.0,,0.0,0.0,
SEC4BY-MY2AA26,1.0,1,SKD8B2940,78.0,1000.0,SKD11029082,0.0,0.0,,0.0,0.0,,0.0,0.0,,0.0,0.0,
SEC4BY-MY2AA30,1.0,1,SKD7B3240,76.0,1000.0,SKD11032072,0.0,0.0,,0.0,0.0,,0.0,0.0,,0.0,0.0,
SEC4BY-MY2AA32,1.0,1,SKD7B3240,76.0,1000.0,SKD11032072,0.0,0.0,,0.0,0.0,,0.0,0.0,,0.0,0.0,
SEC4BY-MY2AA34,1.0,1,SKD7B3240,76.0,1000.0,SKD11032072,0.0,0.0,,0.0,0.0,,0.0,0.0,,0.0,0.0,
SEC4BY-MY4AA26,1.0,1,SKD7B3254,101.0,1000.0,SKD11032072,0.0,0.0,,0.0,0.0,,0.0,0.0,,0.0,0.0,
SEC4BY-MY4AA30,1.0,1,SKD7B3254,101.0,1000.0,SKD11032072,0.0,0.0,,0.0,0.0,,0.0,0.0,,0.0,0.0,
SEC4BY-MY4AA32,1.0,1,SKD7B3260,114.0,1000.0,SKD11032072,0.0,0.0,,0.0,0.0,,0.0,0.0,,0.0,0.0,
SEC4BY-MY4AA34,1.0,1,SKD7B3260,114.0,1000.0,SKD11032072,0.0,0.0,,0.0,0.0,,0.0,0.0,,0.0,0.0,
SEC4CFY6-MB1AA30,1.0,1,SKD6G4765,168.0,1000.0,SKD11047067,0.0,0.0,,0.0,0.0,,0.0,0.0,,0.0,0.0,
SEC4C-MB1AA30,1.0,1,SKD6G4760,155.0,1000.0,SKD11047067,0.0,0.0,,0.0,0.0,,0.0,0.0,,0.0,0.0,
SEC4C-MY2AA30,1.0,1,SKD7B3235,67.0,1000.0,SKD11032072,0.0,0.0,,0.0,0.0,,0.0,0.0,,0.0,0.0,
SEC4C-MY3AA30,1.0,1,SKD7B3254,101.0,1000.0,SKD11032072,0.0,0.0,,0.0,0.0,,0.0,0.0,,0.0,0.0,
SEC4YME-DX2AA30,1.0,1,SEC4YME-MX2AA30,1.0,1.0,SKD7B3235,67.0,1000.0,SKD11032072,0.0,0.0,,0.0,0.0,,0.0,0.0,
SEC4YME-DY2AA30,1.0,1,SEC4YME-MY2AA30,1.0,1.0,SKD7B3235,67.0,1000.0,SKD11032072,0.0,0.0,,0.0,0.0,,0.0,0.0,
SEC4YME-MX1BB30,1.0,1,SKD6G2520,28.0,1000.0,SKD11025067,0.0,0.0,,0.0,0.0,,0.0,0.0,,0.0,0.0,
SEC4YME-MX2BA30,1.0,1,SKD8B2944,86.0,1000.0,SKD11029082,0.0,0.0,,0.0,0.0,,0.0,0.0,,0.0,0.0,
SEC4Y-MY2AA26,1.0,1,SKD7B3235,67.0,1000.0,SKD11032072,0.0,0.0,,0.0,0.0,,0.0,0.0,,0.0,0.0,
SEC4Y-MY2AA30,1.0,1,SKD7B3235,67.0,1000.0,SKD11032072,0.0,0.0,,0.0,0.0,,0.0,0.0,,0.0,0.0,
SEC4Y-MY2AA34,1.0,1,SKD7Z3040,69.0,1000.0,SKD11030070,0.0,0.0,,0.0,0.0,,0.0,0.0,,0.0,0.0,
SEC6BFY4-MR0AA30,1.0,1,SKD8E3030,63.0,1000.0,SKD11030085,0.0,0.0,,0.0,0.0,,0.0,0.0,,0.0,0.0,
SEC6BFY4-MS9AA30,1.0,1,SKD9Z3530,78.0,1000.0,SKD11035090,0.0,0.0,,0.0,0.0,,0.0,0.0,,0.0,0.0,
SEC6BFY4-MY2AA30,1.0,1,SKD7Z3030,52.0,1000.0,SKD11030070,0.0,0.0,,0.0,0.0,,0.0,0.0,,0.0,0.0,
SEC6BFY4-MY3AA30,1.0,1,SKD7Z3045,78.0,1000.0,SKD11030070,0.0,0.0,,0.0,0.0,,0.0,0.0,,0.0,0.0,
SEC6BFY4-MY4AA30,1.0,1,SKD7B3245,85.0,1000.0,SKD11032072,0.0,0.0,,0.0,0.0,,0.0,0.0,,0.0,0.0,
SEC72-DB1AA30,1.0,1,SEC72-MB1AA30,1.0,1.0,SKD6E4045,96.0,1000.0,SKD11040065,0.0,0.0,,0.0,0.0,,0.0,0.0,
SEC72-DB1AA34,1.0,1,SEC72-MB1AA34,1.0,1.0,SKD6E4061,131.0,1000.0,SKD11040065,0.0,0.0,,0.0,0.0,,0.0,0.0,
SEC72-DX1AA34,1.0,1,SEC72-MX1AA34,1.0,1.0,SKD6E3525,31.0,1000.0,SKD11035065,0.0,0.0,,0.0,0.0,,0.0,0.0,
SEC72-DY1AA,1.0,1,SEC72-MY1AA,1.0,1.0,SKD6E3325,44.0,1000.0,SKD11033065,0.0,0.0,,0.0,0.0,,0.0,0.0,
SEC72-DY2AA,1.0,1,SEC72-MY2AA,1.0,1.0,SKD6E4040,86.0,1000.0,SKD11040065,0.0,0.0,,0.0,0.0,,0.0,0.0,
SEC72-DY2BA,1.0,1,SEC72-MY2BA,1.0,1.0,SKD6G3540,77.0,1000.0,SKD11035067,0.0,0.0,,0.0,0.0,,0.0,0.0,
SEC72-DY2BA34,1.0,1,SEC72-MY2BA34,1.0,1.0,SKD6G3540,77.0,1000.0,SKD11035067,0.0,0.0,,0.0,0.0,,0.0,0.0,
SEC72-DY7AA,1.0,1,SEC72-MY7AA,1.0,1.0,SKD6G3527,52.0,1000.0,SKD11035067,0.0,0.0,,0.0,0.0,,0.0,0.0,
SEC72-DY7AA34,1.0,1,SEC72-MY7AA34,1.0,1.0,SKD6G3527,52.0,1000.0,SKD11035067,0.0,0.0,,0.0,0.0,,0.0,0.0,
SEC72M-DX1AA34,1.0,1,SEC72M-MX1AA34,1.0,1.0,SKD6G3532,62.0,1000.0,SKD11035067,0.0,0.0,,0.0,0.0,,0.0,0.0,
SEC72M-DX2AA34,1.0,1,SEC72M-MX2AA34,1.0,1.0,SKD6E3540,87.0,1000.0,SKD11035065,0.0,0.0,,0.0,0.0,,0.0,0.0,
SEC72M-DX3AA34,1.0,1,SEC72M-MX3AA34,1.0,1.0,SKD6E3543,87.0,1000.0,SKD11035065,0.0,0.0,,0.0,0.0,,0.0,0.0,
SEC72M-DY1AA34,1.0,1,SEC72M-MY1AA34,1.0,1.0,SKD6E3525,31.0,1000.0,SKD11035065,0.0,0.0,,0.0,0.0,,0.0,0.0,
SEC72M-DY2AA34,1.0,1,SEC72M-MY2AA34,1.0,1.0,SKD6E3540,87.0,1000.0,SKD11035065,0.0,0.0,,0.0,0.0,,0.0,0.0,
SEC72M-DY3AA34,1.0,1,SEC72M-MY3AA34,1.0,1.0,SKD6E3540,87.0,1000.0,SKD11035065,0.0,0.0,,0.0,0.0,,0.0,0.0,
SEC72M-DY5AA34,1.0,1,SEC72M-MY5AA34,1.0,1.0,SKD6G3527,52.0,1000.0,SKD11035067,0.0,0.0,,0.0,0.0,,0.0,0.0,
SEC72M-DY6AA34,1.0,1,SEC72M-MY6AA34,1.0,1.0,SKD6G3517,33.0,1000.0,SKD11035067,0.0,0.0,,0.0,0.0,,0.0,0.0,
SEC72ME-DX1AA30,1.0,1,SEC72ME-MX1AA30,1.0,1.0,SKD6G3527,52.0,1000.0,SKD11035067,0.0,0.0,,0.0,0.0,,0.0,0.0,
SEC72ME-DY1AA30,1.0,1,SEC72ME-MY1AA30,1.0,1.0,SKD6G3527,52.0,1000.0,SKD11035067,0.0,0.0,,0.0,0.0,,0.0,0.0,
SEC72ME-DY7AA30,1.0,1,SEC72ME-MY7AA30,1.0,1.0,SKD6G3527,52.0,1000.0,SKD11035067,0.0,0.0,,0.0,0.0,,0.0,0.0,
SEC72Y-DY2,1.0,1,SEC72Y-MY2,1.0,1.0,S6H3828,75.0,1000.0,SUJ3038068,0.0,0.0,,0.0,0.0,,0.0,0.0,
SEC72Y-DY7,1.0,1,SEC72Y-MY7,1.0,1.0,S8E3220,55.0,1000.0,SUJ3032085,0.0,0.0,,0.0,0.0,,0.0,0.0,
SEC72Y-DY9,1.0,1,SEC72Y-MY9,1.0,1.0,S8E3270,180.0,1000.0,SUJ3032085,0.0,0.0,,0.0,0.0,,0.0,0.0,
SEC72Y-MY1,1.0,1,SKD7Z3020,35.0,1000.0,SKD11030070,0.0,0.0,,0.0,0.0,,0.0,0.0,,0.0,0.0,
SEC7BFK-MB1AA34,1.0,1,SKD105043,0.0,0.0,,0.0,0.0,,0.0,0.0,,0.0,0.0,,0.0,0.0,
SEC7BFK-MB2AA34,1.0,1,SKD105021,0.0,0.0,,0.0,0.0,,0.0,0.0,,0.0,0.0,,0.0,0.0,
SEC7BFK-MB3AA34,1.0,1,SKD105041,0.0,0.0,,0.0,0.0,,0.0,0.0,,0.0,0.0,,0.0,0.0,
SEC7BFK-MX0AA30,1.0,1,SKD7B3235,67.0,1000.0,SKD11032072,0.0,0.0,,0.0,0.0,,0.0,0.0,,0.0,0.0,
SEC7BFK-MX0AA34,1.0,1,SKD7B3235,67.0,1000.0,SKD11032072,0.0,0.0,,0.0,0.0,,0.0,0.0,,0.0,0.0,
SEC7BFK-MX1AA34,1.0,1,SKD7B3250,95.0,1000.0,SKD11032072,0.0,0.0,,0.0,0.0,,0.0,0.0,,0.0,0.0,
SEC7BFK-MX2AA34,1.0,1,SKD7B3235,67.0,1000.0,SKD11032072,0.0,0.0,,0.0,0.0,,0.0,0.0,,0.0,0.0,
SEC7BFK-MY1AA34,1.0,1,SKD6G2732,48.0,1000.0,SKD11027067,0.0,0.0,,0.0,0.0,,0.0,0.0,,0.0,0.0,
SEC7BFK-MY2AA34,1.0,1,SKD7Z3015,26.0,1000.0,SKD11030070,0.0,0.0,,0.0,0.0,,0.0,0.0,,0.0,0.0,
SEC7BFK-MY3AA34,1.0,1,SKD6G2518,24.0,1000.0,SKD11025067,0.0,0.0,,0.0,0.0,,0.0,0.0,,0.0,0.0,
SEC7BFK-MY5AA34,1.0,1,SKD7Z3019,33.0,1000.0,SKD11030070,0.0,0.0,,0.0,0.0,,0.0,0.0,,0.0,0.0,
SEC7BFK-MY7AA34,1.0,1,SKD7Z3034,59.0,1000.0,SKD11030070,0.0,0.0,,0.0,0.0,,0.0,0.0,,0.0,0.0,
SEC7BFK-MY8AA34,1.0,1,SKD7Z3054,93.0,1000.0,SKD11030070,0.0,0.0,,0.0,0.0,,0.0,0.0,,0.0,0.0,
SEC7BFK-MY9AA34,1.0,1,SKD7Z3034,59.0,1000.0,SKD11030070,0.0,0.0,,0.0,0.0,,0.0,0.0,,0.0,0.0,
SEC7BKF-MY1AA34,1.0,1,SKD7Z3030,52.0,1000.0,SKD11030070,0.0,0.0,,0.0,0.0,,0.0,0.0,,0.0,0.0,
SEC7BSB-MB1AA34,1.0,1,SKD105040,0.0,0.0,,0.0,0.0,,0.0,0.0,,0.0,0.0,,0.0,0.0,
SEC7BSB-MB1BA34,1.0,1,SKD105040,0.0,0.0,,0.0,0.0,,0.0,0.0,,0.0,0.0,,0.0,0.0,
SEC7BSB-MB1PA34,1.0,1,SKD105040,0.0,0.0,,0.0,0.0,,0.0,0.0,,0.0,0.0,,0.0,0.0,
SEC7BSBME-MY1BA30,1.0,1,SKD6G2515,21.0,1000.0,SKD11025067,0.0,0.0,,0.0,0.0,,0.0,0.0,,0.0,0.0,
SEC7BSB-MS6AA34,1.0,1,SKD8E3022,47.0,1000.0,SKD11030085,0.0,0.0,,0.0,0.0,,0.0,0.0,,0.0,0.0,
SEC7BSB-MV1AA34,1.0,1,SKD6G2590,124.0,1000.0,SKD11025067,0.0,0.0,,0.0,0.0,,0.0,0.0,,0.0,0.0,
SEC7BSB-MX2AA34,1.0,1,SKD7B3228,63.0,1000.0,SKD11032072,0.0,0.0,,0.0,0.0,,0.0,0.0,,0.0,0.0,
SEC7BSB-MY1AA30,1.0,1,SKD6G2515,21.0,1000.0,SKD11025067,0.0,0.0,,0.0,0.0,,0.0,0.0,,0.0,0.0,
SEC7BSB-MY1BA30,1.0,1,SKD6G2515,21.0,1000.0,SKD11025067,0.0,0.0,,0.0,0.0,,0.0,0.0,,0.0,0.0,
SEC7BSB-MY2AA34,1.0,1,SKD7B3228,63.0,1000.0,SKD11032072,0.0,0.0,,0.0,0.0,,0.0,0.0,,0.0,0.0,
SEC7BSB-MY3AA34,1.0,1,SKD7B3235,67.0,1000.0,SKD11032072,0.0,0.0,,0.0,0.0,,0.0,0.0,,0.0,0.0,
SEC7BSB-MY4AA34,1.0,1,SKD102523,0.0,0.0,,0.0,0.0,,0.0,0.0,,0.0,0.0,,0.0,0.0,
SEC7BSB-MY4BA34,1.0,1,SKD102523,0.0,0.0,,0.0,0.0,,0.0,0.0,,0.0,0.0,,0.0,0.0,
SEC7BS-MB1AA30,1.0,1,SKD6G3545,87.0,1000.0,SKD11035067,0.0,0.0,,0.0,0.0,,0.0,0.0,,0.0,0.0,
SEC7BS-MB1AA30-MITU,1.0,1,SKD6G3545,87.0,1000.0,SKD11035067,0.0,0.0,,0.0,0.0,,0.0,0.0,,0.0,0.0,
SEC7BS-MB1AA30-XDF-TEMP,1.0,1,SKD6G3545,87.0,1000.0,SKD11035067,0.0,0.0,,0.0,0.0,,0.0,0.0,,0.0,0.0,
SEC7BS-MB1AA38,1.0,1,SKD6G3545,87.0,1000.0,SKD11035067,0.0,0.0,,0.0,0.0,,0.0,0.0,,0.0,0.0,
SEC7BS-MB1BA30,1.0,1,SKD6E3545,87.0,1000.0,SKD11035065,0.0,0.0,,0.0,0.0,,0.0,0.0,,0.0,0.0,
SEC7BSME-MY1AA30,1.0,1,SKD6G2515,21.0,1000.0,SKD11025067,0.0,0.0,,0.0,0.0,,0.0,0.0,,0.0,0.0,
SEC7BSME-MY1BA30,1.0,1,SKD6G2515,21.0,1000.0,SKD11025067,0.0,0.0,,0.0,0.0,,0.0,0.0,,0.0,0.0,
SEC7BSME-MY1EA30,1.0,1,SKD6G2515,21.0,1000.0,SKD11025067,0.0,0.0,,0.0,0.0,,0.0,0.0,,0.0,0.0,
SEC7BSME-MY2BA30,1.0,1,SKD7Z3030,52.0,1000.0,SKD11030070,0.0,0.0,,0.0,0.0,,0.0,0.0,,0.0,0.0,
SEC7BSME-MY2BA34,1.0,1,SKD7Z3030,52.0,1000.0,SKD11030070,0.0,0.0,,0.0,0.0,,0.0,0.0,,0.0,0.0,
SEC7BSMME-MB1AA34,1.0,1,SKD8E4048,134.0,1000.0,SKD11040085,0.0,0.0,,0.0,0.0,,0.0,0.0,,0.0,0.0,
SEC7BSMME-MY1AA30,1.0,1,SKD6G2515,21.0,1000.0,SKD11025067,0.0,0.0,,0.0,0.0,,0.0,0.0,,0.0,0.0,
SEC7BSMME-MY2AA34,1.0,1,SKD7Z3026,45.0,1000.0,SKD11030070,0.0,0.0,,0.0,0.0,,0.0,0.0,,0.0,0.0,
SEC7BSMME-MY3AA34,1.0,1,SKD7Z3037,64.0,1000.0,SKD11030070,0.0,0.0,,0.0,0.0,,0.0,0.0,,0.0,0.0,
SEC7BSMME-MY4AA34,1.0,1,SKD7B3235,67.0,1000.0,SKD11032072,0.0,0.0,,0.0,0.0,,0.0,0.0,,0.0,0.0,
SEC7BSMME-MY6AA34,1.0,1,SKD7B3235,67.0,1000.0,SKD11032072,0.0,0.0,,0.0,0.0,,0.0,0.0,,0.0,0.0,
SEC7BS-MR0AA30,1.0,1,SKD8E3020,42.0,1000.0,SKD11030085,0.0,0.0,,0.0,0.0,,0.0,0.0,,0.0,0.0,
SEC7BS-MR0AA30-MITU,1.0,1,SKD8E3020,42.0,1000.0,SKD11030085,0.0,0.0,,0.0,0.0,,0.0,0.0,,0.0,0.0,
SEC7BS-MR0AA38,1.0,1,SKD8E3020,42.0,1000.0,SKD11030085,0.0,0.0,,0.0,0.0,,0.0,0.0,,0.0,0.0,
SEC7BS-MR0CA30,1.0,1,SKD8B2125,36.0,1000.0,SKD11021082,0.0,0.0,,0.0,0.0,,0.0,0.0,,0.0,0.0,
SEC7BS-MS6AA38,1.0,1,SKD8B2925,49.0,1000.0,SKD11029082,0.0,0.0,,0.0,0.0,,0.0,0.0,,0.0,0.0,
SEC7BS-MS6BA30,1.0,1,SKD9Z3520,52.0,1000.0,SKD11035090,0.0,0.0,,0.0,0.0,,0.0,0.0,,0.0,0.0,
SEC7BS-MS6BA34,1.0,1,SKD9Z3520,52.0,1000.0,SKD11035090,0.0,0.0,,0.0,0.0,,0.0,0.0,,0.0,0.0,
SEC7BS-MS9AA30,1.0,1,SKD8E3022,47.0,1000.0,SKD11030085,0.0,0.0,,0.0,0.0,,0.0,0.0,,0.0,0.0,
SEC7BS-MS9AA34,1.0,1,SKD8E3020,42.0,1000.0,SKD11030085,0.0,0.0,,0.0,0.0,,0.0,0.0,,0.0,0.0,
SEC7BS-MS9AA38,1.0,1,SKD8E3020,42.0,1000.0,SKD11030085,0.0,0.0,,0.0,0.0,,0.0,0.0,,0.0,0.0,
SEC7BS-MS9AB30,1.0,1,SKD8E3022,47.0,1000.0,SKD11030085,0.0,0.0,,0.0,0.0,,0.0,0.0,,0.0,0.0,
SEC7BS-MS9AB30-MITU,1.0,1,SKD8E3022,47.0,1000.0,SKD11030085,0.0,0.0,,0.0,0.0,,0.0,0.0,,0.0,0.0,
SEC7BS-MS9AB34,1.0,1,SKD8E3022,47.0,1000.0,SKD11030085,0.0,0.0,,0.0,0.0,,0.0,0.0,,0.0,0.0,
SEC7BS-MS9BA30,1.0,1,SKD8E3020,42.0,1000.0,SKD11030085,0.0,0.0,,0.0,0.0,,0.0,0.0,,0.0,0.0,
SEC7BS-MS9BA34,1.0,1,SKD8E3020,42.0,1000.0,SKD11030085,0.0,0.0,,0.0,0.0,,0.0,0.0,,0.0,0.0,
SEC7BS-MS9BA38,1.0,1,SKD8E3020,42.0,1000.0,SKD11030085,0.0,0.0,,0.0,0.0,,0.0,0.0,,0.0,0.0,
SEC7BS-MS9BB30,1.0,1,SKD8E3020,42.0,1000.0,SKD11030085,0.0,0.0,,0.0,0.0,,0.0,0.0,,0.0,0.0,
SEC7BS-MS9BB30-MITU,1.0,1,SKD8E3020,42.0,1000.0,SKD11030085,0.0,0.0,,0.0,0.0,,0.0,0.0,,0.0,0.0,
SEC7BS-MS9BB32,1.0,1,SKD8E3020,42.0,1000.0,SKD11030085,0.0,0.0,,0.0,0.0,,0.0,0.0,,0.0,0.0,
SEC7BS-MS9BB34,1.0,1,SKD8E3020,42.0,1000.0,SKD11030085,0.0,0.0,,0.0,0.0,,0.0,0.0,,0.0,0.0,
SEC7BS-MV1AA30,1.0,1,SKD6G2280,97.0,1000.0,SKD11022067,0.0,0.0,,0.0,0.0,,0.0,0.0,,0.0,0.0,
SEC7BS-MV1AA38,1.0,1,SKD6G2285,103.0,1000.0,SKD11022067,0.0,0.0,,0.0,0.0,,0.0,0.0,,0.0,0.0,
SEC7BS-MV2AA34,1.0,1,SKD6G2248,59.0,1000.0,SKD11022067,0.0,0.0,,0.0,0.0,,0.0,0.0,,0.0,0.0,
SEC7BS-MX2AA30,1.0,1,SKD7Z3035,61.0,1000.0,SKD11030070,0.0,0.0,,0.0,0.0,,0.0,0.0,,0.0,0.0,
SEC7BS-MX3AA30,1.0,1,SKD7Z3038,66.0,1000.0,SKD11030070,0.0,0.0,,0.0,0.0,,0.0,0.0,,0.0,0.0,
SEC7BS-MX3BA30,1.0,1,SKD7Z3038,66.0,1000.0,SKD11030070,0.0,0.0,,0.0,0.0,,0.0,0.0,,0.0,0.0,
SEC7BS-MY1AA30,1.0,1,SKD6G2515,21.0,1000.0,SKD11025067,0.0,0.0,,0.0,0.0,,0.0,0.0,,0.0,0.0,
SEC7BS-MY1AA38,1.0,1,SKD6G2515,21.0,1000.0,SKD11025067,0.0,0.0,,0.0,0.0,,0.0,0.0,,0.0,0.0,
SEC7BS-MY2AA30,1.0,1,SKD7Z3024,42.0,1000.0,SKD11030070,0.0,0.0,,0.0,0.0,,0.0,0.0,,0.0,0.0,
SEC7BS-MY2AA34,1.0,1,SKD7Z3025,44.0,1000.0,SKD11030070,0.0,0.0,,0.0,0.0,,0.0,0.0,,0.0,0.0,
SEC7BS-MY2AA38,1.0,1,SKD7Z3025,44.0,1000.0,SKD11030070,0.0,0.0,,0.0,0.0,,0.0,0.0,,0.0,0.0,
SEC7BS-MY3AA30,1.0,1,SKD7Z3038,66.0,1000.0,SKD11030070,0.0,0.0,,0.0,0.0,,0.0,0.0,,0.0,0.0,
SEC7BS-MY3AA34,1.0,1,SKD7Z3035,61.0,1000.0,SKD11030070,0.0,0.0,,0.0,0.0,,0.0,0.0,,0.0,0.0,
SEC7BS-MY3AA38,1.0,1,SKD7Z3038,66.0,1000.0,SKD11030070,0.0,0.0,,0.0,0.0,,0.0,0.0,,0.0,0.0,
SEC7BS-MY4AA30,1.0,1,SKD7B3235,67.0,1000.0,SKD11032072,0.0,0.0,,0.0,0.0,,0.0,0.0,,0.0,0.0,
SEC7BS-MY4AA34,1.0,1,SKD7B3235,67.0,1000.0,SKD11032072,0.0,0.0,,0.0,0.0,,0.0,0.0,,0.0,0.0,
SEC7BS-MY4AA38,1.0,1,SKD7B3240,76.0,1000.0,SKD11032072,0.0,0.0,,0.0,0.0,,0.0,0.0,,0.0,0.0,
SEC7BS-MY6AA34,1.0,1,SKD7Z3037,64.0,1000.0,SKD11030070,0.0,0.0,,0.0,0.0,,0.0,0.0,,0.0,0.0,
SEC7BS-MZ5AA30,1.0,1,SKD5Z1270,41.0,1000.0,SKD11012050,0.0,0.0,,0.0,0.0,,0.0,0.0,,0.0,0.0,
SEC7BS-MZ5AA34,1.0,1,SKD5Z1270,41.0,1000.0,SKD11012050,0.0,0.0,,0.0,0.0,,0.0,0.0,,0.0,0.0,
SEC7BS-MZ5AA38,1.0,1,SKD5Z1275,44.0,1000.0,SKD11012050,0.0,0.0,,0.0,0.0,,0.0,0.0,,0.0,0.0,
SEC7BS-MZ5BA30,1.0,1,SKD5Z1240,30.0,1000.0,SKD11012050,0.0,0.0,,0.0,0.0,,0.0,0.0,,0.0,0.0,
SEC7BY-MB1AA26,1.0,1,SKD6E4045,96.0,1000.0,SKD11040065,0.0,0.0,,0.0,0.0,,0.0,0.0,,0.0,0.0,
SEC7BY-MB1AA30,1.0,1,SKD6G4740,104.0,1000.0,SKD11047067,0.0,0.0,,0.0,0.0,,0.0,0.0,,0.0,0.0,
SEC7BY-MB2AA26,1.0,1,SKD6E4045,96.0,1000.0,SKD11040065,0.0,0.0,,0.0,0.0,,0.0,0.0,,0.0,0.0,
SEC7BY-MB2AA30,1.0,1,SKD6G4740,104.0,1000.0,SKD11047067,0.0,0.0,,0.0,0.0,,0.0,0.0,,0.0,0.0,
SEC7BY-MR0AA26,1.0,1,SKD8E3022,47.0,1000.0,SKD11030085,0.0,0.0,,0.0,0.0,,0.0,0.0,,0.0,0.0,
SEC7BY-MS6AA26,1.0,1,SKD8E3022,47.0,1000.0,SKD11030085,0.0,0.0,,0.0,0.0,,0.0,0.0,,0.0,0.0,
SEC7BY-MS9AA26,1.0,1,SKD8E3030,63.0,1000.0,SKD11030085,0.0,0.0,,0.0,0.0,,0.0,0.0,,0.0,0.0,
SEC7BY-MS9AB26,1.0,1,SKD8E3022,47.0,1000.0,SKD11030085,0.0,0.0,,0.0,0.0,,0.0,0.0,,0.0,0.0,
SEC7BY-MS9BA26,1.0,1,SKD8E3022,47.0,1000.0,SKD11030085,0.0,0.0,,0.0,0.0,,0.0,0.0,,0.0,0.0,
SEC7BY-MS9BA32,1.0,1,SKD8E3022,47.0,1000.0,SKD11030085,0.0,0.0,,0.0,0.0,,0.0,0.0,,0.0,0.0,
SEC7BY-MS9BB26,1.0,1,SKD8E3022,47.0,1000.0,SKD11030085,0.0,0.0,,0.0,0.0,,0.0,0.0,,0.0,0.0,
SEC7BY-MS9BB32,1.0,1,SKD8E3022,47.0,1000.0,SKD11030085,0.0,0.0,,0.0,0.0,,0.0,0.0,,0.0,0.0,
SEC7BY-MV1AA26,1.0,1,SKD6G2290,109.0,1000.0,SKD11022067,0.0,0.0,,0.0,0.0,,0.0,0.0,,0.0,0.0,
SEC7BY-MY1AA26,1.0,1,SKD6G2518,24.0,1000.0,SKD11025067,0.0,0.0,,0.0,0.0,,0.0,0.0,,0.0,0.0,
SEC7BY-MY2AA26,1.0,1,SKD7Z3025,44.0,1000.0,SKD11030070,0.0,0.0,,0.0,0.0,,0.0,0.0,,0.0,0.0,
SEC7BY-MY2AA32,1.0,1,SKD7Z3026,45.0,1000.0,SKD11030070,0.0,0.0,,0.0,0.0,,0.0,0.0,,0.0,0.0,
SEC7BY-MY3AA26,1.0,1,SKD7Z3040,69.0,1000.0,SKD11030070,0.0,0.0,,0.0,0.0,,0.0,0.0,,0.0,0.0,
SEC7BY-MY3AA32,1.0,1,SKD7Z3040,69.0,1000.0,SKD11030070,0.0,0.0,,0.0,0.0,,0.0,0.0,,0.0,0.0,
SEC7BY-MY4AA26,1.0,1,SKD7B3240,76.0,1000.0,SKD11032072,0.0,0.0,,0.0,0.0,,0.0,0.0,,0.0,0.0,
SEC7BY-MY4AA32,1.0,1,SKD7B3240,76.0,1000.0,SKD11032072,0.0,0.0,,0.0,0.0,,0.0,0.0,,0.0,0.0,
SEC7-DY2AA34,1.0,1,SEC7-MY2AA34,1.0,1.0,SKD7Z3025,44.0,1000.0,SKD11030070,0.0,0.0,,0.0,0.0,,0.0,0.0,
SEC7-DY3AA34,1.0,1,SEC7-MY3AA34,1.0,1.0,SKD7Z3035,61.0,1000.0,SKD11030070,0.0,0.0,,0.0,0.0,,0.0,0.0,
SEC7-DY4AA34,1.0,1,SEC7-MY4AA34,1.0,1.0,SKD7Z3035,61.0,1000.0,SKD11030070,0.0,0.0,,0.0,0.0,,0.0,0.0,
SEC7-DY6AA34,1.0,1,SEC7-MY6AA34,1.0,1.0,SKD7Z3035,61.0,1000.0,SKD11030070,0.0,0.0,,0.0,0.0,,0.0,0.0,
SEC7ME-DY1AA30,1.0,1,SEC7ME-MY1AA30,1.0,1.0,SKD6G2515,21.0,1000.0,SKD11025067,0.0,0.0,,0.0,0.0,,0.0,0.0,
SEC7ME-DY2AA30,1.0,1,SEC7ME-MY2AA30,1.0,1.0,SKD7Z3025,44.0,1000.0,SKD11030070,0.0,0.0,,0.0,0.0,,0.0,0.0,
SEC7ME-DY2AA34,1.0,1,SEC7ME-MY2AA34,1.0,1.0,SKD7Z3025,44.0,1000.0,SKD11030070,0.0,0.0,,0.0,0.0,,0.0,0.0,
SEC7ME-MY1BA30,1.0,1,SKD6G2515,21.0,1000.0,SKD11025067,0.0,0.0,,0.0,0.0,,0.0,0.0,,0.0,0.0,
SEC7ME-MY2BA34,1.0,1,SKD7B3228,63.0,1000.0,SKD11032072,0.0,0.0,,0.0,0.0,,0.0,0.0,,0.0,0.0,
SEC7-MY1AA36,1.0,1,SKD6G2515,21.0,1000.0,SKD11025067,0.0,0.0,,0.0,0.0,,0.0,0.0,,0.0,0.0,
SEC7-MY2AA36,1.0,1,SKD7Z3024,42.0,1000.0,SKD11030070,0.0,0.0,,0.0,0.0,,0.0,0.0,,0.0,0.0,
SEC7-MY3AA36,1.0,1,SKD7Z3038,66.0,1000.0,SKD11030070,0.0,0.0,,0.0,0.0,,0.0,0.0,,0.0,0.0,
SEC7-MY4BA36,1.0,1,SKD7Z3035,61.0,1000.0,SKD11030070,0.0,0.0,,0.0,0.0,,0.0,0.0,,0.0,0.0,
SEC7-MZ5AA34,1.0,1,SKD5Z1236,28.0,1000.0,SKD11012050,0.0,0.0,,0.0,0.0,,0.0,0.0,,0.0,0.0,
SEC8-DY3AA34,1.0,1,SEC8-MY3AA34,1.0,1.0,SKD7Z3030,52.0,1000.0,SKD11030070,0.0,0.0,,0.0,0.0,,0.0,0.0,
SEC8-DY4AA34,1.0,1,SEC8-MY4AA34,1.0,1.0,SKD7Z3030,52.0,1000.0,SKD11030070,0.0,0.0,,0.0,0.0,,0.0,0.0,
SEC8-DY6AA34,1.0,1,SEC8-MY6AA34,1.0,1.0,SKD7Z3030,52.0,1000.0,SKD11030070,0.0,0.0,,0.0,0.0,,0.0,0.0,
SEC8-MY1AA34,1.0,1,SKD6G2515,21.0,1000.0,SKD11025067,0.0,0.0,,0.0,0.0,,0.0,0.0,,0.0,0.0,
SEC8-MY2AA34,1.0,1,SKD7Z3020,35.0,1000.0,SKD11030070,0.0,0.0,,0.0,0.0,,0.0,0.0,,0.0,0.0,
SEC8-MZ5AA34,1.0,1,SKD5Z1260,35.0,1000.0,SKD11012050,0.0,0.0,,0.0,0.0,,0.0,0.0,,0.0,0.0,
SEC96ME-DY1BA30,1.0,1,SEC96ME-MY1BA30,1.0,1.0,SKD6G3515,29.0,1000.0,SKD11035067,0.0,0.0,,0.0,0.0,,0.0,0.0,
SEC96ME-DY1CA34,1.0,1,SEC96ME-MY1CA34,1.0,1.0,SKD6G2723,35.0,1000.0,SKD11027067,0.0,0.0,,0.0,0.0,,0.0,0.0,
SEC96ME-DY2AA30,1.0,1,SEC96ME-MY2AA30,1.0,1.0,SKD7Z3020,35.0,1000.0,SKD11030070,0.0,0.0,,0.0,0.0,,0.0,0.0,
SEC96ME-DY2AA34,1.0,1,SEC96ME-MY2AA34,1.0,1.0,SKD7B3020,41.0,1000.0,SKD11030072,0.0,0.0,,0.0,0.0,,0.0,0.0,
SEC96ME-DY3AA30,1.0,1,SEC96ME-MY3AA30,1.0,1.0,SKD7Z4030,69.0,1000.0,SKD11040070,0.0,0.0,,0.0,0.0,,0.0,0.0,
SEC96ME-DY6AA34,1.0,1,SEC96ME-MY6AA34,1.0,1.0,SKD7B3260,114.0,1000.0,SKD11032072,0.0,0.0,,0.0,0.0,,0.0,0.0,
SEC96ME-MY3AA34,1.0,1,SKD7B3235,67.0,1000.0,SKD11032072,0.0,0.0,,0.0,0.0,,0.0,0.0,,0.0,0.0,
SEC96ST-DB1AA34,1.0,1,SEC96ST-MB1AA34,1.0,1.0,SKD6G4734,88.0,1000.0,SKD11047067,0.0,0.0,,0.0,0.0,,0.0,0.0,
SEC96ST-DY4AA34,1.0,1,SEC96ST-MY4AA34,1.0,1.0,SKD7B3260,114.0,1000.0,SKD11032072,0.0,0.0,,0.0,0.0,,0.0,0.0,
SEC96ST-DY7AA34,1.0,1,SEC96ST-MY7AA34,1.0,1.0,SKD7B3060,107.0,1000.0,SKD11030072,0.0,0.0,,0.0,0.0,,0.0,0.0,
SECBL3-MB1AA24,1.0,1,SKD6G4760,155.0,1000.0,SKD11047067,0.0,0.0,,0.0,0.0,,0.0,0.0,,0.0,0.0,
SECBL3-MB2AA24,1.0,1,SKD6G4760,155.0,1000.0,SKD11047067,0.0,0.0,,0.0,0.0,,0.0,0.0,,0.0,0.0,
SECBL3-MB3AA24,1.0,1,SKD6G4760,155.0,1000.0,SKD11047067,0.0,0.0,,0.0,0.0,,0.0,0.0,,0.0,0.0,
SECBL3-MY1AA24,1.0,1,SKD6G4730,78.0,1000.0,SKD11047067,0.0,0.0,,0.0,0.0,,0.0,0.0,,0.0,0.0,
SECBL3-MY8AA24,1.0,1,SKD6G2250,61.0,1000.0,SKD11022067,0.0,0.0,,0.0,0.0,,0.0,0.0,,0.0,0.0,
SECBL-DY1BB,1.0,1,SECBL-MY1BB,1.0,1.0,SKD6G4720,52.0,1000.0,SKD11047067,0.0,0.0,,0.0,0.0,,0.0,0.0,
SECBME-DX1,1.0,1,SECBME-MX1,1.0,1.0,SKD6G4720,52.0,1000.0,SKD11047067,0.0,0.0,,0.0,0.0,,0.0,0.0,
SECBME-DX1AA34,1.0,1,SECBME-MX1AA34,1.0,1.0,SKD6G4725,65.0,1000.0,SKD11047067,0.0,0.0,,0.0,0.0,,0.0,0.0,
SECBME-DX3,1.0,1,SECBME-MX3,1.0,1.0,SKD6G1556,62.0,1000.0,SKD11015067,0.0,0.0,,0.0,0.0,,0.0,0.0,
SECBME-DY3AA34,1.0,1,SECBME-MY3AA34,1.0,1.0,SKD6G1565,54.0,1000.0,SKD11015067,0.0,0.0,,0.0,0.0,,0.0,0.0,
SECBYFK-DA4,1.0,1,SKD6G2250,61.0,1000.0,SKD11022067,0.0,0.0,,0.0,0.0,,0.0,0.0,,0.0,0.0,
SECBYFK-DA5,1.0,1,SKD6G2250,61.0,1000.0,SKD11022067,0.0,0.0,,0.0,0.0,,0.0,0.0,,0.0,0.0,
SECBYFK-DB530,1.0,1,SECBYFK-MB530,1.0,1.0,S6H3846,100.0,1000.0,SUJ3038068,0.0,0.0,,0.0,0.0,,0.0,0.0,
SECBYFK-DW1,1.0,1,SECBYFK-MW1,1.0,1.0,SKD6G4734,88.0,1000.0,SKD11047067,0.0,0.0,,0.0,0.0,,0.0,0.0,
SECBYFK-DW2,1.0,1,SECBYFK-MW2,1.0,1.0,SKD6G4744,114.0,1000.0,SKD11047067,0.0,0.0,,0.0,0.0,,0.0,0.0,
SECBYFK-DX1,1.0,1,SECBYFK-MX1,1.0,1.0,SKD6G4720,52.0,1000.0,SKD11047067,0.0,0.0,,0.0,0.0,,0.0,0.0,
SECBYFK-DX3,1.0,1,SECBYFK-MX3,1.0,1.0,SKD6G3555,106.0,1000.0,SKD11035067,0.0,0.0,,0.0,0.0,,0.0,0.0,
SECBYFK-DX4,1.0,1,SECBYFK-MX4,1.0,1.0,SKD6G1556,62.0,1000.0,SKD11015067,0.0,0.0,,0.0,0.0,,0.0,0.0,
SECBYFK-DY4,1.0,1,SECBYFK-MY4,1.0,1.0,SKD6G2770,104.0,1000.0,SKD11027067,0.0,0.0,,0.0,0.0,,0.0,0.0,
SECBYFK-MB430,1.0,1,SKD6G3585,164.0,1000.0,SKD11035067,0.0,0.0,,0.0,0.0,,0.0,0.0,,0.0,0.0,
SECBYFK-MX2,1.0,1,SKD6G2270,85.0,1000.0,SKD11022067,0.0,0.0,,0.0,0.0,,0.0,0.0,,0.0,0.0,
SECBYFK-MY2,1.0,1,SKD6G2270,85.0,1000.0,SKD11022067,0.0,0.0,,0.0,0.0,,0.0,0.0,,0.0,0.0,
SECBYFK-MY3,1.0,1,SKD6G2270,85.0,1000.0,SKD11022067,0.0,0.0,,0.0,0.0,,0.0,0.0,,0.0,0.0,
SECBYME-DX1,1.0,1,SECBYME-MX1,1.0,1.0,SKD6G4720,52.0,1000.0,SKD11047067,0.0,0.0,,0.0,0.0,,0.0,0.0,
SECBYME-DX3B30,1.0,1,SECBYME-MX3B30,1.0,1.0,SKD6G1556,62.0,1000.0,SKD11015067,0.0,0.0,,0.0,0.0,,0.0,0.0,
SECBYME-DX3BA34,1.0,1,SECBYME-MX3BA34,1.0,1.0,SKD6G1565,54.0,1000.0,SKD11015067,0.0,0.0,,0.0,0.0,,0.0,0.0,
SECBYME-DY2AA30,1.0,1,SECBYME-MY2AA30,1.0,1.0,SKD6G2770,104.0,1000.0,SKD11027067,0.0,0.0,,0.0,0.0,,0.0,0.0,
SECBYME-DY2AA34,1.0,1,SECBYME-MY2AA34,1.0,1.0,SKD6G2795,141.0,1000.0,SKD11027067,0.0,0.0,,0.0,0.0,,0.0,0.0,
SECBYNST-DX1DA36,1.0,1,SECBYNST-MX1DA36,1.0,1.0,SKD6G4720,52.0,1000.0,SKD11047067,0.0,0.0,,0.0,0.0,,0.0,0.0,
SECBYNST-DY2AA36,1.0,1,SECBYNST-MY2AA36,1.0,1.0,SKD6G2270,85.0,1000.0,SKD11022067,0.0,0.0,,0.0,0.0,,0.0,0.0,
SECBYNST-DY3AA36,1.0,1,SECBYNST-MY3AA36,1.0,1.0,SKD6G1556,62.0,1000.0,SKD11015067,0.0,0.0,,0.0,0.0,,0.0,0.0,
SECBYNST-DY4AA36,1.0,1,SECBYNST-MY4AA36,1.0,1.0,SKD6G2554,75.0,1000.0,SKD11025067,0.0,0.0,,0.0,0.0,,0.0,0.0,
SECBYST-DB130,1.0,1,SECBYST-MB130,1.0,1.0,SKD6E3565,126.0,1000.0,SKD11035065,0.0,0.0,,0.0,0.0,,0.0,0.0,
SECBYST-DB230,1.0,1,SECBYST-MB230,1.0,1.0,SKD6E4045,96.0,1000.0,SKD11040065,0.0,0.0,,0.0,0.0,,0.0,0.0,
SECBYST-DX1,1.0,1,SECBYST-MX1,1.0,1.0,SKD6G4720,52.0,1000.0,SKD11047067,0.0,0.0,,0.0,0.0,,0.0,0.0,
SECBYST-DX1DA34,1.0,1,SECBYST-MX1DA34,1.0,1.0,SKD6G4720,52.0,1000.0,SKD11047067,0.0,0.0,,0.0,0.0,,0.0,0.0,
SECBYST-DX1DA38,1.0,1,SECBYST-MX1DA38,1.0,1.0,SKD6G4720,52.0,1000.0,SKD11047067,0.0,0.0,,0.0,0.0,,0.0,0.0,
SECBYST-DY2,1.0,1,SECBYST-MY2,1.0,1.0,SKD6G2270,85.0,1000.0,SKD11022067,0.0,0.0,,0.0,0.0,,0.0,0.0,
SECBYST-DY2AA34,1.0,1,SECBYST-MY2AA34,1.0,1.0,SKD6G2280,97.0,1000.0,SKD11022067,0.0,0.0,,0.0,0.0,,0.0,0.0,
SECBYST-DY2AA38,1.0,1,SECBYST-MY2AA38,1.0,1.0,SKD6G2278,95.0,1000.0,SKD11022067,0.0,0.0,,0.0,0.0,,0.0,0.0,
SECBYST-DY3,1.0,1,SECBYST-MY3,1.0,1.0,SKD6G1556,62.0,1000.0,SKD11015067,0.0,0.0,,0.0,0.0,,0.0,0.0,
SECBYST-DY3AA38,1.0,1,SECBYST-MY3AA38,1.0,1.0,SKD6G1565,54.0,1000.0,SKD11015067,0.0,0.0,,0.0,0.0,,0.0,0.0,
SECBYST-DY4,1.0,1,SECBYST-MY4,1.0,1.0,SKD6G2753,79.0,1000.0,SKD11027067,0.0,0.0,,0.0,0.0,,0.0,0.0,
SECBYST-DY4AA34,1.0,1,SECBYST-MY4AA34,1.0,1.0,SKD6G2761,91.0,1000.0,SKD11027067,0.0,0.0,,0.0,0.0,,0.0,0.0,
SECBYST-DY4AA38,1.0,1,SECBYST-MY4AA38,1.0,1.0,SKD6G2761,91.0,1000.0,SKD11027067,0.0,0.0,,0.0,0.0,,0.0,0.0,
SECBYST-MB1AA34,1.0,1,SKD6G3565,125.0,1000.0,SKD11035067,0.0,0.0,,0.0,0.0,,0.0,0.0,,0.0,0.0,
SECBYST-MB2AA34,1.0,1,SKD6G3545,87.0,1000.0,SKD11035067,0.0,0.0,,0.0,0.0,,0.0,0.0,,0.0,0.0,
SECBYST-MB430,1.0,1,SKD6E4045,96.0,1000.0,SKD11040065,0.0,0.0,,0.0,0.0,,0.0,0.0,,0.0,0.0,
SEC-DS0C,1.0,1,SEC-MS0C,1.0,1.0,S133025,1.0,1.0,SKS3050013,0.0,0.0,,0.0,0.0,,0.0,0.0,
SEC-DS1B,1.0,1,SEC-MS1B,1.0,1.0,S134030,150.0,1000.0,SKS3050013,0.0,0.0,,0.0,0.0,,0.0,0.0,
SEC-DS6D,1.0,1,SEC-MS6D,1.0,1.0,SKD8E4048,134.0,1000.0,SKD11040085,0.0,0.0,,0.0,0.0,,0.0,0.0,
SEC-DS9G26,1.0,1,SEC-RS9G26,0.0,0.0,,0.0,0.0,,0.0,0.0,,0.0,0.0,,0.0,0.0,
SEC-DS9G30,1.0,1,SEC-MS9G30,1.0,1.0,SEC-RS9G30,0.0,0.0,,0.0,0.0,,0.0,0.0,,0.0,0.0,
SECDSPR-MB1AA30,1.0,1,SKD6G3532,62.0,1000.0,SKD11035067,0.0,0.0,,0.0,0.0,,0.0,0.0,,0.0,0.0,
SECDSPR-MB2AA30,1.0,1,SKD6G3555,106.0,1000.0,SKD11035067,0.0,0.0,,0.0,0.0,,0.0,0.0,,0.0,0.0,
SECDSPR-MB3AA30,1.0,1,SKD9Z3540,104.0,1000.0,SKD11035090,0.0,0.0,,0.0,0.0,,0.0,0.0,,0.0,0.0,
SECDSPR-MB4AA30,1.0,1,SKD9Z3555,143.0,1000.0,SKD11035090,0.0,0.0,,0.0,0.0,,0.0,0.0,,0.0,0.0,
SECDSPR-MB7AA30,1.0,1,SKD6G3575,145.0,1000.0,SKD11035067,0.0,0.0,,0.0,0.0,,0.0,0.0,,0.0,0.0,
SECDSPR-MB8AA30,1.0,1,SKD8E4080,224.0,1000.0,SKD11040085,0.0,0.0,,0.0,0.0,,0.0,0.0,,0.0,0.0,
SECDSPR-MB9AA30,1.0,1,SKD9Z3580,207.0,1000.0,SKD11035090,0.0,0.0,,0.0,0.0,,0.0,0.0,,0.0,0.0,
SECDSPR-MG1AA30,1.0,1,SKD6G2280,97.0,1000.0,SKD11022067,0.0,0.0,,0.0,0.0,,0.0,0.0,,0.0,0.0,
SECDSPR-MW2AA30,1.0,1,SKD8B2965,127.0,1000.0,SKD11029082,0.0,0.0,,0.0,0.0,,0.0,0.0,,0.0,0.0,
SECDSPR-MY1AA30,1.0,1,SKD6G2220,26.0,1000.0,SKD11022067,0.0,0.0,,0.0,0.0,,0.0,0.0,,0.0,0.0,
SECDSPR-MY2AA30,1.0,1,SKD8B2944,86.0,1000.0,SKD11029082,0.0,0.0,,0.0,0.0,,0.0,0.0,,0.0,0.0,
SEC-DT0B,1.0,1,SEC-MT0B,85.0,1000.0,SUJ3016016,0.0,0.0,,0.0,0.0,,0.0,0.0,,0.0,0.0,
SEC-DT2,1.0,1,SEC-MT2,1.0,1.0,S6H47105,320.0,1000.0,SUJ3047068-H,0.0,0.0,,0.0,0.0,,0.0,0.0,
SEC-DT6,1.0,1,SEC-MT6,1.0,1.0,S133825,120.0,1000.0,SKS3050013,0.0,0.0,,0.0,0.0,,0.0,0.0,
SEC-DT7C,1.0,1,SEC-MT7C,1.0,1.0,S191963,220.0,1000.0,SUJ3019019,0.0,0.0,,0.0,0.0,,0.0,0.0,
SEC-DT9C,1.0,1,SEC-MT9C,1.0,1.0,S161620,50.0,1000.0,SUJ3016016,0.0,0.0,,0.0,0.0,,0.0,0.0,
SEC-DT9D,1.0,1,SEC-MT9D,1.0,1.0,S161648,120.0,1000.0,SUJ3016016,0.0,0.0,,0.0,0.0,,0.0,0.0,
SEC-DV1,1.0,1,SEC-MV1,1.0,1.0,SKD6E4026,56.0,1000.0,SKD11040065,0.0,0.0,,0.0,0.0,,0.0,0.0,
SEC-DV5,1.0,1,SEC-MV5,1.0,1.0,S6H3818,45.0,1000.0,SUJ3038068,0.0,0.0,,0.0,0.0,,0.0,0.0,
SEC-DY1AXS2,1.0,1,SEC-MY1AXS2,1.0,1.0,S6H3822,55.0,1000.0,SUJ3038068,0.0,0.0,,0.0,0.0,,0.0,0.0,
SEC-DZ9B,1.0,1,SEC-MZ9B,1.0,1.0,G3Z32115,0.0,0.0,,0.0,0.0,,0.0,0.0,,0.0,0.0,
SECMINI-DB1AA20,1.0,1,SECMINI-MB1BA16,1.0,1.0,SKD6E4061,131.0,1000.0,SKD11040065,0.0,0.0,,0.0,0.0,,0.0,0.0,
SECMINI-DB2AA20,1.0,1,SECMINI-MB2BA16,1.0,1.0,SKD6E4070,150.0,1000.0,SKD11040065,0.0,0.0,,0.0,0.0,,0.0,0.0,
SECMINI-DB3AA20,1.0,1,SECMINI-MB2BA16,1.0,1.0,SKD6E4070,150.0,1000.0,SKD11040065,0.0,0.0,,0.0,0.0,,0.0,0.0,
SECMINI-DB4AA20,1.0,1,SECMINI-MB2BA16,1.0,1.0,SKD6E4070,150.0,1000.0,SKD11040065,0.0,0.0,,0.0,0.0,,0.0,0.0,
SECMINI-DS0AA20,1.0,1,S191925,90.0,1000.0,SUJ3019019,0.0,0.0,,0.0,0.0,,0.0,0.0,,0.0,0.0,
SECMINI-DS1AA20,1.0,1,S134030,150.0,1000.0,SKS3050013,0.0,0.0,,0.0,0.0,,0.0,0.0,,0.0,0.0,
SECMINISF-DB1AA20,1.0,1,SECMINISF-MB1AA20,1.0,1.0,SKD6E4075,160.0,1000.0,SKD11040065,0.0,0.0,,0.0,0.0,,0.0,0.0,
SECMINISF-DV4AA20,1.0,1,SECMINISF-MV4AA20,1.0,1.0,S6H3250,90.0,1000.0,SUJ3032068,0.0,0.0,,0.0,0.0,,0.0,0.0,
SECMINISF-DV5AA20,1.0,1,SECMINISF-MV5AA20,1.0,1.0,S6H3245,80.0,1000.0,SUJ3032068,0.0,0.0,,0.0,0.0,,0.0,0.0,
SECMINISF-DY1AA20,1.0,1,SECMINISF-MY1AA20,1.0,1.0,S6H3245,80.0,1000.0,SUJ3032068,0.0,0.0,,0.0,0.0,,0.0,0.0,
SEC-MS9G26,1.0,1,SEC-RS9G26,0.0,0.0,,0.0,0.0,,0.0,0.0,,0.0,0.0,,0.0,0.0,
SECPJ-MB1CA24,1.0,1,SKD6G5066,182.0,1000.0,SKD11050067,0.0,0.0,,0.0,0.0,,0.0,0.0,,0.0,0.0,
SECPJ-MX1BA24,1.0,1,SKD6G4720,52.0,1000.0,SKD11047067,0.0,0.0,,0.0,0.0,,0.0,0.0,,0.0,0.0,
SECPJ-MX2CA24,1.0,1,SKD6G4720,52.0,1000.0,SKD11047067,0.0,0.0,,0.0,0.0,,0.0,0.0,,0.0,0.0,
SECPJ-MX5BA24,1.0,1,SKD6G4725,65.0,1000.0,SKD11047067,0.0,0.0,,0.0,0.0,,0.0,0.0,,0.0,0.0,
SECPJ-MX6AA24,1.0,1,SKD6G2250,61.0,1000.0,SKD11022067,0.0,0.0,,0.0,0.0,,0.0,0.0,,0.0,0.0,
SECPJ-MX6BA24,1.0,1,SKD6G2262,75.0,1000.0,SKD11022067,0.0,0.0,,0.0,0.0,,0.0,0.0,,0.0,0.0,
SECPJ-MX6CA24,1.0,1,SKD6G2248,59.0,1000.0,SKD11022067,0.0,0.0,,0.0,0.0,,0.0,0.0,,0.0,0.0,
SECPJ-MY4BA24,1.0,1,SKD6G2522,31.0,1000.0,SKD11025067,0.0,0.0,,0.0,0.0,,0.0,0.0,,0.0,0.0,
SECPJ-MY6AA24,1.0,1,SKD6G1535,41.0,1000.0,SKD11015067,0.0,0.0,,0.0,0.0,,0.0,0.0,,0.0,0.0,
SECPJ-MY6BA24,1.0,1,SKD6G1525,21.0,1000.0,SKD11015067,0.0,0.0,,0.0,0.0,,0.0,0.0,,0.0,0.0,
SECPLCY-MB2AA30,1.0,1,SKD6E4075,160.0,1000.0,SKD11040065,0.0,0.0,,0.0,0.0,,0.0,0.0,,0.0,0.0,
SECPLCY-MB4AA30,1.0,1,SKD6E4075,160.0,1000.0,SKD11040065,0.0,0.0,,0.0,0.0,,0.0,0.0,,0.0,0.0,
SECPLCY-MB5AA30,1.0,1,SKD6G4775,194.0,1000.0,SKD11047067,0.0,0.0,,0.0,0.0,,0.0,0.0,,0.0,0.0,
SECPLCY-MC1AA30,1.0,1,SKD6G2780,119.0,1000.0,SKD11027067,0.0,0.0,,0.0,0.0,,0.0,0.0,,0.0,0.0,
SECPLCY-MD1AA30,1.0,1,SKD5E2285,110.0,1000.0,SKD11022055,0.0,0.0,,0.0,0.0,,0.0,0.0,,0.0,0.0,
SECPLCY-ME1AA30,1.0,1,SKD6G2278,95.0,1000.0,SKD11022067,0.0,0.0,,0.0,0.0,,0.0,0.0,,0.0,0.0,
SECPLCY-ME2AA30,1.0,1,SKD6G2590,124.0,1000.0,SKD11025067,0.0,0.0,,0.0,0.0,,0.0,0.0,,0.0,0.0,
SECPLCY-MY1AA30,1.0,1,SKD6G3527,52.0,1000.0,SKD11035067,0.0,0.0,,0.0,0.0,,0.0,0.0,,0.0,0.0,
SECPLCY-MY5AA30,1.0,1,SKD8E4035,98.0,1000.0,SKD11040085,0.0,0.0,,0.0,0.0,,0.0,0.0,,0.0,0.0,
SECPLT12-MB1AA30,1.0,1,SKD6E4061,131.0,1000.0,SKD11040065,0.0,0.0,,0.0,0.0,,0.0,0.0,,0.0,0.0,
SECPLT12-MB1AB34,1.0,1,SKD6E4061,131.0,1000.0,SKD11040065,0.0,0.0,,0.0,0.0,,0.0,0.0,,0.0,0.0,
SECPLT12-MB3AA30,1.0,1,SKD6E3560,117.0,1000.0,SKD11035065,0.0,0.0,,0.0,0.0,,0.0,0.0,,0.0,0.0,
SECPLT12-MC1AA30,1.0,1,SKD6G2576,105.0,1000.0,SKD11025067,0.0,0.0,,0.0,0.0,,0.0,0.0,,0.0,0.0,
SECPLT12-MC1AB26,1.0,1,SKD6G2576,105.0,1000.0,SKD11025067,0.0,0.0,,0.0,0.0,,0.0,0.0,,0.0,0.0,
SECPLT12-MC1AB34,1.0,1,SKD6G2780,119.0,1000.0,SKD11027067,0.0,0.0,,0.0,0.0,,0.0,0.0,,0.0,0.0,
SECPLT12-MC1AB36,1.0,1,SKD6G2576,105.0,1000.0,SKD11025067,0.0,0.0,,0.0,0.0,,0.0,0.0,,0.0,0.0,
SECPLT12-MD1AA30,1.0,1,SKD6G2285,103.0,1000.0,SKD11022067,0.0,0.0,,0.0,0.0,,0.0,0.0,,0.0,0.0,
SECPLT12-MD1AB26,1.0,1,SKD7B3290,171.0,1000.0,SKD11032072,0.0,0.0,,0.0,0.0,,0.0,0.0,,0.0,0.0,
SECPLT12-MD1AB30,1.0,1,SKD8B2985,166.0,1000.0,SKD11029082,0.0,0.0,,0.0,0.0,,0.0,0.0,,0.0,0.0,
SECPLT12-MD1AB36,1.0,1,SKD7Z3098,169.0,1000.0,SKD11030070,0.0,0.0,,0.0,0.0,,0.0,0.0,,0.0,0.0,
SECPLT12-MD1AC34,1.0,1,SKD7Z3098,169.0,1000.0,SKD11030070,0.0,0.0,,0.0,0.0,,0.0,0.0,,0.0,0.0,
SECPLT12-MD1AD30,1.0,1,SKD6G2285,103.0,1000.0,SKD11022067,0.0,0.0,,0.0,0.0,,0.0,0.0,,0.0,0.0,
SECPLT12-MD1AD36,1.0,1,SKD5E2585,100.0,1000.0,SKD11025055,0.0,0.0,,0.0,0.0,,0.0,0.0,,0.0,0.0,
SECPLT12-ME1AB26,1.0,1,SKD7B3290,171.0,1000.0,SKD11032072,0.0,0.0,,0.0,0.0,,0.0,0.0,,0.0,0.0,
SECPLT12-ME1AB34,1.0,1,SKD7Z3098,169.0,1000.0,SKD11030070,0.0,0.0,,0.0,0.0,,0.0,0.0,,0.0,0.0,
SECPLT12-ME1AB36,1.0,1,SKD7Z3098,169.0,1000.0,SKD11030070,0.0,0.0,,0.0,0.0,,0.0,0.0,,0.0,0.0,
SECPLT12-ME1AC30,1.0,1,SKD6G2590,124.0,1000.0,SKD11025067,0.0,0.0,,0.0,0.0,,0.0,0.0,,0.0,0.0,
SECPLT12-ME1AC36,1.0,1,SKD5E3087,118.0,1000.0,SKD11030055,0.0,0.0,,0.0,0.0,,0.0,0.0,,0.0,0.0,
SECPLT12-ME2AB30,1.0,1,SKD6G1585,91.0,1000.0,SKD11050067,0.0,0.0,,0.0,0.0,,0.0,0.0,,0.0,0.0,
SECPLT12-MF1AC34,1.0,1,SKD6G2278,95.0,1000.0,SKD11022067,0.0,0.0,,0.0,0.0,,0.0,0.0,,0.0,0.0,
SECPLT12-MG1AC26,1.0,1,SKD5E2270,76.0,1000.0,SKD11022055,0.0,0.0,,0.0,0.0,,0.0,0.0,,0.0,0.0,
SECPLT12-MG1AC30,1.0,1,SKD6G2278,95.0,1000.0,SKD11022067,0.0,0.0,,0.0,0.0,,0.0,0.0,,0.0,0.0,
SECPLT12-MG1AC34,1.0,1,SKD6G2278,95.0,1000.0,SKD11022067,0.0,0.0,,0.0,0.0,,0.0,0.0,,0.0,0.0,
SECPLT12-MG1AC36,1.0,1,SKD6G2278,95.0,1000.0,SKD11022067,0.0,0.0,,0.0,0.0,,0.0,0.0,,0.0,0.0,
SECPLT12-MW2AB30,1.0,1,SKD8B2965,127.0,1000.0,SKD11029082,0.0,0.0,,0.0,0.0,,0.0,0.0,,0.0,0.0,
SECPLT12-MY2AB26,1.0,1,SKD8B2944,86.0,1000.0,SKD11029082,0.0,0.0,,0.0,0.0,,0.0,0.0,,0.0,0.0,
SECPLT12-MY2AB30,1.0,1,SKD8B2948,94.0,1000.0,SKD11029082,0.0,0.0,,0.0,0.0,,0.0,0.0,,0.0,0.0,
SECPLT12-MY2AB34,1.0,1,SKD8B2950,98.0,1000.0,SKD11029082,0.0,0.0,,0.0,0.0,,0.0,0.0,,0.0,0.0,
SECPLT12-MY4AB30,1.0,1,SKD6G2761,91.0,1000.0,SKD11027067,0.0,0.0,,0.0,0.0,,0.0,0.0,,0.0,0.0,
SECPLT12-MY4AC26,1.0,1,SKD6G2761,91.0,1000.0,SKD11027067,0.0,0.0,,0.0,0.0,,0.0,0.0,,0.0,0.0,
SECPLT12-MY4AC30,1.0,1,SKD6G2761,91.0,1000.0,SKD11027067,0.0,0.0,,0.0,0.0,,0.0,0.0,,0.0,0.0,
SECPLT12-MY4AC34,1.0,1,SKD6E3575,146.0,1000.0,SKD11035065,0.0,0.0,,0.0,0.0,,0.0,0.0,,0.0,0.0,
SECPLT12-MY4AC36,1.0,1,SKD6G2770,104.0,1000.0,SKD11027067,0.0,0.0,,0.0,0.0,,0.0,0.0,,0.0,0.0,
SECPLT12-MY5AB30,1.0,1,SKD8B2948,94.0,1000.0,SKD11029082,0.0,0.0,,0.0,0.0,,0.0,0.0,,0.0,0.0,
SECPLT2-MB2AA30,1.0,1,SKD6E4075,160.0,1000.0,SKD11040065,0.0,0.0,,0.0,0.0,,0.0,0.0,,0.0,0.0,
SECPLT2-MB3AA30,1.0,1,SKD6G3555,106.0,1000.0,SKD11035067,0.0,0.0,,0.0,0.0,,0.0,0.0,,0.0,0.0,
SECPLT2-MC1AA30,1.0,1,SKD6G2576,105.0,1000.0,SKD11025067,0.0,0.0,,0.0,0.0,,0.0,0.0,,0.0,0.0,
SECPLT2-MD1AA30,1.0,1,SKD8B2985,166.0,1000.0,SKD11029082,0.0,0.0,,0.0,0.0,,0.0,0.0,,0.0,0.0,
SECPLT2-ME1AA30,1.0,1,SKD7B3290,171.0,1000.0,SKD11032072,0.0,0.0,,0.0,0.0,,0.0,0.0,,0.0,0.0,
SECPLT2-MF1AA30,1.0,1,SKD8E4020,56.0,1000.0,SKD11040085,0.0,0.0,,0.0,0.0,,0.0,0.0,,0.0,0.0,
SECPLT2-MG1AA30,1.0,1,SKD6G2278,95.0,1000.0,SKD11022067,0.0,0.0,,0.0,0.0,,0.0,0.0,,0.0,0.0,
SECPLT2-MY1AA30,1.0,1,SKD6G2518,24.0,1000.0,SKD11025067,0.0,0.0,,0.0,0.0,,0.0,0.0,,0.0,0.0,
SECPLT2-MY2AA30,1.0,1,SKD8B2948,94.0,1000.0,SKD11029082,0.0,0.0,,0.0,0.0,,0.0,0.0,,0.0,0.0,
SECPLT2-MY4BA30,1.0,1,SKD6G2761,91.0,1000.0,SKD11027067,0.0,0.0,,0.0,0.0,,0.0,0.0,,0.0,0.0,
SECPLTR-MY1AA30,1.0,1,SKD6G2720,30.0,1000.0,SKD11027067,0.0,0.0,,0.0,0.0,,0.0,0.0,,0.0,0.0,
SECPLTR-MZ5AA30,1.0,1,SKD8E3065,136.0,1000.0,SKD11030085,0.0,0.0,,0.0,0.0,,0.0,0.0,,0.0,0.0,
SECPLTY-DB1AA30,1.0,1,SECPLTY-MB1AA30,1.0,1.0,SKD6E4054,116.0,1000.0,SKD11040065,0.0,0.0,,0.0,0.0,,0.0,0.0,
SECPLTY-DY3AA30,1.0,1,SECPLTY-MY3AA30,1.0,1.0,SKD8B2144,63.0,1000.0,SKD11021082,0.0,0.0,,0.0,0.0,,0.0,0.0,
SECPLTY-MB1BB26,1.0,1,SKD6E4061,131.0,1000.0,SKD11040065,0.0,0.0,,0.0,0.0,,0.0,0.0,,0.0,0.0,
SECPLTY-MB2AA30,1.0,1,SKD6G3555,106.0,1000.0,SKD11035067,0.0,0.0,,0.0,0.0,,0.0,0.0,,0.0,0.0,
SECPLTY-MB2BB26,1.0,1,SKD6G3555,106.0,1000.0,SKD11035067,0.0,0.0,,0.0,0.0,,0.0,0.0,,0.0,0.0,
SECPLTY-MC7AA30,1.0,1,SKD6G25120,165.0,1000.0,SKD11025067,0.0,0.0,,0.0,0.0,,0.0,0.0,,0.0,0.0,
SECPLTY-MC7BA30,1.0,1,SKD6G2262,75.0,1000.0,SKD11022067,0.0,0.0,,0.0,0.0,,0.0,0.0,,0.0,0.0,
SECPLTY-MC7CA30,1.0,1,SKD6G2262,75.0,1000.0,SKD11022067,0.0,0.0,,0.0,0.0,,0.0,0.0,,0.0,0.0,
SECPLTY-MC8BA26,1.0,1,SKD6G2261,74.0,1000.0,SKD11022067,0.0,0.0,,0.0,0.0,,0.0,0.0,,0.0,0.0,
SECPLTY-MD1AA30,1.0,1,SKD6G22120,146.0,1000.0,SKD11022067,0.0,0.0,,0.0,0.0,,0.0,0.0,,0.0,0.0,
SECPLTY-MD1BA30,1.0,1,SKD6G2262,75.0,1000.0,SKD11022067,0.0,0.0,,0.0,0.0,,0.0,0.0,,0.0,0.0,
SECPLTY-MD1CA30,1.0,1,SKD6G2262,75.0,1000.0,SKD11022067,0.0,0.0,,0.0,0.0,,0.0,0.0,,0.0,0.0,
SECPLTY-MD1DA26,1.0,1,SKD6G2267,81.0,1000.0,SKD11022067,0.0,0.0,,0.0,0.0,,0.0,0.0,,0.0,0.0,
SECPLTY-MY2AA30,1.0,1,SKD8B2944,86.0,1000.0,SKD11029082,0.0,0.0,,0.0,0.0,,0.0,0.0,,0.0,0.0,
SECPLTY-MY4AA30,1.0,1,SKD8B2155,78.0,1000.0,SKD11021082,0.0,0.0,,0.0,0.0,,0.0,0.0,,0.0,0.0,
SECPLTY-MY5AA30,1.0,1,SKD8B2135,50.0,1000.0,SKD11021082,0.0,0.0,,0.0,0.0,,0.0,0.0,,0.0,0.0,
SECPLTY-MY8AA30,1.0,1,SKD8B2144,63.0,1000.0,SKD11021082,0.0,0.0,,0.0,0.0,,0.0,0.0,,0.0,0.0,
SECUCYME-MY2AA34,1.0,1,SKD7Z3038,66.0,1000.0,SKD11030070,0.0,0.0,,0.0,0.0,,0.0,0.0,,0.0,0.0,
SECUCYME-MY2BA34,1.0,1,SKD7Z3054,93.0,1000.0,SKD11030070,0.0,0.0,,0.0,0.0,,0.0,0.0,,0.0,0.0,
SECUCY-MY2AA34,1.0,1,SKD7Z3038,66.0,1000.0,SKD11030070,0.0,0.0,,0.0,0.0,,0.0,0.0,,0.0,0.0,
SECUCY-MY2HA34,1.0,1,SKD7Z3040,69.0,1000.0,SKD11030070,0.0,0.0,,0.0,0.0,,0.0,0.0,,0.0,0.0,
SECUCY-MY3AA30,1.0,1,SKD7B3260,114.0,1000.0,SKD11032072,0.0,0.0,,0.0,0.0,,0.0,0.0,,0.0,0.0,
SECUCY-MY3AA34,1.0,1,SKD7Z3055,95.0,1000.0,SKD11030070,0.0,0.0,,0.0,0.0,,0.0,0.0,,0.0,0.0,
SECUCY-MY4AA34,1.0,1,SKD7B3255,104.0,1000.0,SKD11032072,0.0,0.0,,0.0,0.0,,0.0,0.0,,0.0,0.0,
SECUCY-MY6HA30,1.0,1,SKD7Z3065,112.0,1000.0,SKD11030070,0.0,0.0,,0.0,0.0,,0.0,0.0,,0.0,0.0,
SECUCY-MZ5AA30,1.0,1,SKD5Z2262,60.0,1000.0,SKD11022050,0.0,0.0,,0.0,0.0,,0.0,0.0,,0.0,0.0,
SECUCY-MZ5AA34,1.0,1,SKD6G1556,62.0,1000.0,SKD11015067,0.0,0.0,,0.0,0.0,,0.0,0.0,,0.0,0.0,
SECUYME-DY1AA30,1.0,1,SECUYME-MY1AA30,1.0,1.0,SKD6G2527,38.0,1000.0,SKD11025067,0.0,0.0,,0.0,0.0,,0.0,0.0,
SECUYME-DY1AC30,1.0,1,SECUYME-MY1AC30,1.0,1.0,SKD6G2720,30.0,1000.0,SKD11027067,0.0,0.0,,0.0,0.0,,0.0,0.0,
SECUYME-DY1CA30,1.0,1,SECUYME-MY1CA30,1.0,1.0,SKD6G2520,28.0,1000.0,SKD11025067,0.0,0.0,,0.0,0.0,,0.0,0.0,
SECUYME-DY1CB30,1.0,1,SECUYME-MY1CB30,1.0,1.0,SKD6G2520,28.0,1000.0,SKD11025067,0.0,0.0,,0.0,0.0,,0.0,0.0,
SECUYME-DY1CB34,1.0,1,SECUYME-MY1CB34,1.0,1.0,SKD6G2520,28.0,1000.0,SKD11025067,0.0,0.0,,0.0,0.0,,0.0,0.0,
SECUYME-DY2BA30,1.0,1,SECUYME-MY2BA30,1.0,1.0,SKD7B3240,76.0,1000.0,SKD11032072,0.0,0.0,,0.0,0.0,,0.0,0.0,
SECUYME-DY2BA34,1.0,1,SECUYME-MY2BA34,1.0,1.0,SKD7Z3040,69.0,1000.0,SKD11030070,0.0,0.0,,0.0,0.0,,0.0,0.0,
SECUYME-DY2CA30,1.0,1,SECUYME-MY2CA30,1.0,1.0,SKD7B3250,95.0,1000.0,SKD11032072,0.0,0.0,,0.0,0.0,,0.0,0.0,
SECUYME-MY1AA34,1.0,1,SKD6G2722,35.0,1000.0,SKD11027067,0.0,0.0,,0.0,0.0,,0.0,0.0,,0.0,0.0,
SECUYME-MY1AC34,1.0,1,SKD6G2722,35.0,1000.0,SKD11027067,0.0,0.0,,0.0,0.0,,0.0,0.0,,0.0,0.0,
SECUYME-MY1CA34,1.0,1,SKD6G2522,31.0,1000.0,SKD11025067,0.0,0.0,,0.0,0.0,,0.0,0.0,,0.0,0.0,
SECUYME-MY2BA32,1.0,1,SKD7B3040,71.0,1000.0,SKD11030072,0.0,0.0,,0.0,0.0,,0.0,0.0,,0.0,0.0,
SECUYME-MY2CA34,1.0,1,SKD7Z3054,93.0,1000.0,SKD11030070,0.0,0.0,,0.0,0.0,,0.0,0.0,,0.0,0.0,
SECUYME-MY2DA32,1.0,1,SKD7B3050,89.0,1000.0,SKD11030072,0.0,0.0,,0.0,0.0,,0.0,0.0,,0.0,0.0,
SECUYST-DB1DA30,1.0,1,SECUYST-MB1DA30,1.0,1.0,SKD6G4765,168.0,1000.0,SKD11047067,0.0,0.0,,0.0,0.0,,0.0,0.0,
SECUYST-DB1DA34,1.0,1,SECUYST-MB1DA34,1.0,1.0,SKD6G4775,194.0,1000.0,SKD11047067,0.0,0.0,,0.0,0.0,,0.0,0.0,
SECUYST-DT8BA34,1.0,1,SECUYST-MT8BA34,1.0,1.0,SKD6G2248,59.0,1000.0,SKD11022067,0.0,0.0,,0.0,0.0,,0.0,0.0,
SECUYST-DT8CA34,1.0,1,SECUYST-MT8CA34,1.0,1.0,SKD6G2224,30.0,1000.0,SKD11022067,0.0,0.0,,0.0,0.0,,0.0,0.0,
SECUYST-DY1AD30,1.0,1,SECUYST-MY1AD30,1.0,1.0,SKD6G2519,27.0,1000.0,SKD11025067,0.0,0.0,,0.0,0.0,,0.0,0.0,
SECUYST-DY1AD34,1.0,1,SECUYST-MY1AD34,1.0,1.0,SKD6G2527,38.0,1000.0,SKD11025067,0.0,0.0,,0.0,0.0,,0.0,0.0,
SECUYST-DY1CB30,1.0,1,SECUYME-MY1CB30,1.0,1.0,SKD6G2520,28.0,1000.0,SKD11025067,0.0,0.0,,0.0,0.0,,0.0,0.0,
SECUYST-DY2DA26,1.0,1,SECUYST-MY2DA26,1.0,1.0,SKD7Z3035,61.0,1000.0,SKD11030070,0.0,0.0,,0.0,0.0,,0.0,0.0,
SECUYST-DY2DA30,1.0,1,SECUYST-MY2DA30,1.0,1.0,SKD7B3240,76.0,1000.0,SKD11032072,0.0,0.0,,0.0,0.0,,0.0,0.0,
SECUYST-DY2DA34,1.0,1,SECUYST-MY2DA34,1.0,1.0,SKD7Z3040,69.0,1000.0,SKD11030070,0.0,0.0,,0.0,0.0,,0.0,0.0,
SECUYST-DY3AA30,1.0,1,SECUYST-MY3AA30,1.0,1.0,SKD7B3260,114.0,1000.0,SKD11032072,0.0,0.0,,0.0,0.0,,0.0,0.0,
SECUYST-DY3AA34,1.0,1,SECUYST-MY3AA34,1.0,1.0,SKD7Z3060,104.0,1000.0,SKD11030070,0.0,0.0,,0.0,0.0,,0.0,0.0,
SECUYST-DY4FA26,1.0,1,SECUYST-MY4FA26,1.0,1.0,SKD7B3254,101.0,1000.0,SKD11032072,0.0,0.0,,0.0,0.0,,0.0,0.0,
SECUYST-DY4FA30,1.0,1,SECUYST-MY4FA30,1.0,1.0,SKD7B3255,104.0,1000.0,SKD11032072,0.0,0.0,,0.0,0.0,,0.0,0.0,
SECUYST-DY4FA34,1.0,1,SECUYST-MY4FA34,1.0,1.0,SKD7B3270,133.0,1000.0,SKD11032072,0.0,0.0,,0.0,0.0,,0.0,0.0,
SECUYST-DY6AB26,1.0,1,SECUYST-MY6AB26,1.0,1.0,SKD7Z3054,93.0,1000.0,SKD11030070,0.0,0.0,,0.0,0.0,,0.0,0.0,
SECUYST-DY6AB30,1.0,1,SECUYST-MY6AB30,1.0,1.0,SKD7Z3060,104.0,1000.0,SKD11030070,0.0,0.0,,0.0,0.0,,0.0,0.0,
SECUYST-DZ5AA26,1.0,1,SECUYST-MZ5AA26,1.0,1.0,SKD5Z1253,27.0,1000.0,SKD11012050,0.0,0.0,,0.0,0.0,,0.0,0.0,
SECUYST-DZ5AA30,1.0,1,SECUYST-MZ5AA30,1.0,1.0,SKD5Z1258,30.0,1000.0,SKD11012050,0.0,0.0,,0.0,0.0,,0.0,0.0,
SECUYST-DZ5AA34,1.0,1,SECUYST-MZ5AA34,1.0,1.0,SKD5Z1258,30.0,1000.0,SKD11012050,0.0,0.0,,0.0,0.0,,0.0,0.0,
SECUYST-MB1CB26,1.0,1,SKD6G4760,155.0,1000.0,SKD11047067,0.0,0.0,,0.0,0.0,,0.0,0.0,,0.0,0.0,
SECUYST-MV1FA30,1.0,1,SKD252560,0.0,0.0,,0.0,0.0,,0.0,0.0,,0.0,0.0,,0.0,0.0,
SECUYST-MV1GA34,1.0,1,SKD252560,0.0,0.0,,0.0,0.0,,0.0,0.0,,0.0,0.0,,0.0,0.0,
SECUYST-MY3AA26,1.0,1,SKD7Z3054,93.0,1000.0,SKD11030070,0.0,0.0,,0.0,0.0,,0.0,0.0,,0.0,0.0,
SECUYST-MY3BA32,1.0,1,SKD7B3260,114.0,1000.0,SKD11032072,0.0,0.0,,0.0,0.0,,0.0,0.0,,0.0,0.0,
SECUYST-MY6AB32,1.0,1,SKD7B3260,114.0,1000.0,SKD11032072,0.0,0.0,,0.0,0.0,,0.0,0.0,,0.0,0.0,
SECUYST-MY6AB34,1.0,1,SKD7Z3060,104.0,1000.0,SKD11030070,0.0,0.0,,0.0,0.0,,0.0,0.0,,0.0,0.0,
SECVST-DB1AA30,1.0,1,SECVST-MB1AA30,1.0,1.0,SKD6G4734,88.0,1000.0,SKD11047067,0.0,0.0,,0.0,0.0,,0.0,0.0,
SECVST-DY1AA30,1.0,1,SECVST-MY1AA30,1.0,1.0,SKD6E3517,21.0,1000.0,SKD11035065,0.0,0.0,,0.0,0.0,,0.0,0.0,
SECWY-MB1AA30,1.0,1,SKD6G3545,87.0,1000.0,SKD11035067,0.0,0.0,,0.0,0.0,,0.0,0.0,,0.0,0.0,
SECWY-MS9AA30,1.0,1,SKD8E3022,47.0,1000.0,SKD11030085,0.0,0.0,,0.0,0.0,,0.0,0.0,,0.0,0.0,
SECWY-MS9AA34,1.0,1,SKD8E3022,47.0,1000.0,SKD11030085,0.0,0.0,,0.0,0.0,,0.0,0.0,,0.0,0.0,
SECWY-MS9BA34,1.0,1,SKD8E3020,42.0,1000.0,SKD11030085,0.0,0.0,,0.0,0.0,,0.0,0.0,,0.0,0.0,
SECWY-MW1AA30,1.0,1,SKD7Z3040,69.0,1000.0,SKD11030070,0.0,0.0,,0.0,0.0,,0.0,0.0,,0.0,0.0,
SECWY-MW2AA30,1.0,1,SKD7Z3040,69.0,1000.0,SKD11030070,0.0,0.0,,0.0,0.0,,0.0,0.0,,0.0,0.0,
SECWY-MW6AA30,1.0,1,SKD7B3240,76.0,1000.0,SKD11032072,0.0,0.0,,0.0,0.0,,0.0,0.0,,0.0,0.0,
SECWY-MX3AA30,1.0,1,SKD7Z3038,66.0,1000.0,SKD11030070,0.0,0.0,,0.0,0.0,,0.0,0.0,,0.0,0.0,
SECWY-MY2AA34,1.0,1,SKD7Z3025,44.0,1000.0,SKD11030070,0.0,0.0,,0.0,0.0,,0.0,0.0,,0.0,0.0,
SECWY-MY3AA30,1.0,1,SKD7Z3038,66.0,1000.0,SKD11030070,0.0,0.0,,0.0,0.0,,0.0,0.0,,0.0,0.0,
SECWY-MY3AA34,1.0,1,SKD7Z3037,64.0,1000.0,SKD11030070,0.0,0.0,,0.0,0.0,,0.0,0.0,,0.0,0.0,
SECWY-MY4AA30,1.0,1,SKD7B3240,76.0,1000.0,SKD11032072,0.0,0.0,,0.0,0.0,,0.0,0.0,,0.0,0.0,
SECWY-MY4AA34,1.0,1,SKD7Z3035,61.0,1000.0,SKD11030070,0.0,0.0,,0.0,0.0,,0.0,0.0,,0.0,0.0,
SECWYST4-MB1AA30,1.0,1,SKD6E4045,96.0,1000.0,SKD11040065,0.0,0.0,,0.0,0.0,,0.0,0.0,,0.0,0.0,
SECWYST4-MR0AA30,1.0,1,SKD8E3020,42.0,1000.0,SKD11030085,0.0,0.0,,0.0,0.0,,0.0,0.0,,0.0,0.0,
SECWYST4-MS6AA30,1.0,1,SKD8B2920,39.0,1000.0,SKD11029082,0.0,0.0,,0.0,0.0,,0.0,0.0,,0.0,0.0,
SECWYST4-MS6BA30,1.0,1,SKD8B2920,39.0,1000.0,SKD11029082,0.0,0.0,,0.0,0.0,,0.0,0.0,,0.0,0.0,
SECWYST4-MS9AA30,1.0,1,SKD8E3022,47.0,1000.0,SKD11030085,0.0,0.0,,0.0,0.0,,0.0,0.0,,0.0,0.0,
SECWYST4-MS9AB30,1.0,1,SKD8E3022,47.0,1000.0,SKD11030085,0.0,0.0,,0.0,0.0,,0.0,0.0,,0.0,0.0,
SECWYST4-MS9AB34,1.0,1,SKD8E3022,47.0,1000.0,SKD11030085,0.0,0.0,,0.0,0.0,,0.0,0.0,,0.0,0.0,
SECWYST4-MS9BA30,1.0,1,SKD8E3020,42.0,1000.0,SKD11030085,0.0,0.0,,0.0,0.0,,0.0,0.0,,0.0,0.0,
SECWYST4-MS9BB30,1.0,1,SKD8E3020,42.0,1000.0,SKD11030085,0.0,0.0,,0.0,0.0,,0.0,0.0,,0.0,0.0,
SECWYST4-MS9BB34,1.0,1,SKD8E3020,42.0,1000.0,SKD11030085,0.0,0.0,,0.0,0.0,,0.0,0.0,,0.0,0.0,
SECWYST4-MV1AA30,1.0,1,SKD6G2280,97.0,1000.0,SKD11022067,0.0,0.0,,0.0,0.0,,0.0,0.0,,0.0,0.0,
SECWYST4-MX2AA30,1.0,1,SKD7Z3024,42.0,1000.0,SKD11030070,0.0,0.0,,0.0,0.0,,0.0,0.0,,0.0,0.0,
SECWYST4-MX3AA30,1.0,1,SKD7Z3038,66.0,1000.0,SKD11030070,0.0,0.0,,0.0,0.0,,0.0,0.0,,0.0,0.0,
SECWYST4-MY1AA30,1.0,1,SKD6G2718,27.0,1000.0,SKD11027067,0.0,0.0,,0.0,0.0,,0.0,0.0,,0.0,0.0,
SECWYST4-MY2AA30,1.0,1,SKD7Z3024,42.0,1000.0,SKD11030070,0.0,0.0,,0.0,0.0,,0.0,0.0,,0.0,0.0,
SECWYST4-MY3AA30,1.0,1,SKD7Z3038,66.0,1000.0,SKD11030070,0.0,0.0,,0.0,0.0,,0.0,0.0,,0.0,0.0,
SECWYST4-MY4AA30,1.0,1,SKD7B3240,76.0,1000.0,SKD11032072,0.0,0.0,,0.0,0.0,,0.0,0.0,,0.0,0.0,
SJ4-DY1AA30,1.0,1,SJ4-MY1AA30,1.0,1.0,SKD8B2925,49.0,1000.0,SKD11029082,0.0,0.0,,0.0,0.0,,0.0,0.0,
SJ4-DY2AA30,1.0,1,SJ4-MY2AA30,1.0,1.0,SKD6G2525,35.0,1000.0,SKD11025067,0.0,0.0,,0.0,0.0,,0.0,0.0,
SJ4-DY3AA30,1.0,1,SJ4-MY3AA30,1.0,1.0,SKD8B2920,39.0,1000.0,SKD11029082,0.0,0.0,,0.0,0.0,,0.0,0.0,
SJ4-DY4AA30,1.0,1,SJ4-MY4AA30,1.0,1.0,SKD6G2520,28.0,1000.0,SKD11025067,0.0,0.0,,0.0,0.0,,0.0,0.0,
SKD10.6X50X97,1.0,1,SKD135097,0.0,0.0,,0.0,0.0,,0.0,0.0,,0.0,0.0,,0.0,0.0,
SKD10.8X50X97,1.0,1,SKD135097,0.0,0.0,,0.0,0.0,,0.0,0.0,,0.0,0.0,,0.0,0.0,
SKD4.0X40X97,180.0,1000,SKD11040057,0.0,0.0,,0.0,0.0,,0.0,0.0,,0.0,0.0,,0.0,0.0,
SKD4.8X22X32,40.0,1000,SKD11022055,0.0,0.0,,0.0,0.0,,0.0,0.0,,0.0,0.0,,0.0,0.0,
SKD4.8X22X35,41.0,1000,SKD11022055,0.0,0.0,,0.0,0.0,,0.0,0.0,,0.0,0.0,,0.0,0.0,
SKD4.8X25X51,58.0,1000,SKD11025055,0.0,0.0,,0.0,0.0,,0.0,0.0,,0.0,0.0,,0.0,0.0,
SKD4.8X25X55,63.0,1000,SKD11025055,0.0,0.0,,0.0,0.0,,0.0,0.0,,0.0,0.0,,0.0,0.0,
SKD4.8X30X32,49.0,1000,SKD11030055,0.0,0.0,,0.0,0.0,,0.0,0.0,,0.0,0.0,,0.0,0.0,
SKD4.8X30X35,51.0,1000,SKD11030055,0.0,0.0,,0.0,0.0,,0.0,0.0,,0.0,0.0,,0.0,0.0,
SKD4.8X40X97,212.0,1000,SKD11040057,0.0,0.0,,0.0,0.0,,0.0,0.0,,0.0,0.0,,0.0,0.0,
SKD5.0X40X97,181.0,1000,SKD11040057,0.0,0.0,,0.0,0.0,,0.0,0.0,,0.0,0.0,,0.0,0.0,
SKD5.5X40X97,212.0,1000,SKD11040065,0.0,0.0,,0.0,0.0,,0.0,0.0,,0.0,0.0,,0.0,0.0,
SKD5.8X40X97,212.0,1000,SKD11040065,0.0,0.0,,0.0,0.0,,0.0,0.0,,0.0,0.0,,0.0,0.0,
SKD5.93X25X47,66.0,1000,SKD11025067,0.0,0.0,,0.0,0.0,,0.0,0.0,,0.0,0.0,,0.0,0.0,
SKD5.95X22X35,43.0,1000,SKD11022067,0.0,0.0,,0.0,0.0,,0.0,0.0,,0.0,0.0,,0.0,0.0,
SKD5.95X25X54-G-MADE,75.0,1000,SKD11025067,0.0,0.0,,0.0,0.0,,0.0,0.0,,0.0,0.0,,0.0,0.0,
SKD5E2225-CUT-ONLY,25.0,1000,SKD11022055,0.0,0.0,,0.0,0.0,,0.0,0.0,,0.0,0.0,,0.0,0.0,
SKD5E2230-CUT-ONLY,30.0,1000,SKD11022055,0.0,0.0,,0.0,0.0,,0.0,0.0,,0.0,0.0,,0.0,0.0,
SKD5E2232,32.0,1000,SKD11022055,0.0,0.0,,0.0,0.0,,0.0,0.0,,0.0,0.0,,0.0,0.0,
SKD5E2232-CUT-ONLY,32.0,1000,SKD11022055,0.0,0.0,,0.0,0.0,,0.0,0.0,,0.0,0.0,,0.0,0.0,
SKD5E2235-CUT-ONLY,35.0,1000,SKD11022055,0.0,0.0,,0.0,0.0,,0.0,0.0,,0.0,0.0,,0.0,0.0,
SKD5E2240,41.0,1000,SKD11022055,0.0,0.0,,0.0,0.0,,0.0,0.0,,0.0,0.0,,0.0,0.0,
SKD5E2240-CUT-ONLY,41.0,1000,SKD11022055,0.0,0.0,,0.0,0.0,,0.0,0.0,,0.0,0.0,,0.0,0.0,
SKD5E2245-CUT-ONLY,45.0,1000,SKD11022055,0.0,0.0,,0.0,0.0,,0.0,0.0,,0.0,0.0,,0.0,0.0,
SKD5E2250,65.0,1000,SKD11022055,0.0,0.0,,0.0,0.0,,0.0,0.0,,0.0,0.0,,0.0,0.0,
SKD5E2250-CUT-ONLY,65.0,1000,SKD11022055,0.0,0.0,,0.0,0.0,,0.0,0.0,,0.0,0.0,,0.0,0.0,
SKD5E2265-CUT-ONLY,84.0,1000,SKD11022055,0.0,0.0,,0.0,0.0,,0.0,0.0,,0.0,0.0,,0.0,0.0,
SKD5E2270-CUT-ONLY,76.0,1000,SKD11022055,0.0,0.0,,0.0,0.0,,0.0,0.0,,0.0,0.0,,0.0,0.0,
SKD5E2515-CUT-ONLY,17.0,1000,SKD11025055,0.0,0.0,,0.0,0.0,,0.0,0.0,,0.0,0.0,,0.0,0.0,
SKD5E2520-CUT-ONLY,26.0,1000,SKD11025055,0.0,0.0,,0.0,0.0,,0.0,0.0,,0.0,0.0,,0.0,0.0,
SKD5E2522-CUT-ONLY,28.0,1000,SKD11025055,0.0,0.0,,0.0,0.0,,0.0,0.0,,0.0,0.0,,0.0,0.0,
SKD5E2532-CUT-ONLY,38.0,1000,SKD11025055,0.0,0.0,,0.0,0.0,,0.0,0.0,,0.0,0.0,,0.0,0.0,
SKD5E2533-CUT-ONLY,39.0,1000,SKD11025055,0.0,0.0,,0.0,0.0,,0.0,0.0,,0.0,0.0,,0.0,0.0,
SKD5E2535-CUT-ONLY,41.0,1000,SKD11025055,0.0,0.0,,0.0,0.0,,0.0,0.0,,0.0,0.0,,0.0,0.0,
SKD5E2538-CUT-ONLY,45.0,1000,SKD11025055,0.0,0.0,,0.0,0.0,,0.0,0.0,,0.0,0.0,,0.0,0.0,
SKD5E2545-CUT-ONLY,51.0,1000,SKD11025055,0.0,0.0,,0.0,0.0,,0.0,0.0,,0.0,0.0,,0.0,0.0,
SKD5E2548-CUT-ONLY,55.0,1000,SKD11025055,0.0,0.0,,0.0,0.0,,0.0,0.0,,0.0,0.0,,0.0,0.0,
SKD5E2550-CUT-ONLY,57.0,1000,SKD11025055,0.0,0.0,,0.0,0.0,,0.0,0.0,,0.0,0.0,,0.0,0.0,
SKD5E2551,59.0,1000,SKD11025055,0.0,0.0,,0.0,0.0,,0.0,0.0,,0.0,0.0,,0.0,0.0,
SKD5E2551-CUT-ONLY,59.0,1000,SKD11025055,0.0,0.0,,0.0,0.0,,0.0,0.0,,0.0,0.0,,0.0,0.0,
SKD5E2585-CUT-ONLY,100.0,1000,SKD11025055,0.0,0.0,,0.0,0.0,,0.0,0.0,,0.0,0.0,,0.0,0.0,
SKD5E3022-CUT-ONLY,30.0,1000,SKD11030055,0.0,0.0,,0.0,0.0,,0.0,0.0,,0.0,0.0,,0.0,0.0,
SKD5E3024-CUT-ONLY,33.0,1000,SKD11030055,0.0,0.0,,0.0,0.0,,0.0,0.0,,0.0,0.0,,0.0,0.0,
SKD5E3030-CUT-ONLY,45.0,1000,SKD11030055,0.0,0.0,,0.0,0.0,,0.0,0.0,,0.0,0.0,,0.0,0.0,
SKD5E3031-CUT-ONLY,49.0,1000,SKD11030055,0.0,0.0,,0.0,0.0,,0.0,0.0,,0.0,0.0,,0.0,0.0,
SKD5E3031-G-MADE,49.0,1000,SKD11030055,0.0,0.0,,0.0,0.0,,0.0,0.0,,0.0,0.0,,0.0,0.0,
SKD5E3032-CUT-ONLY,51.0,1000,SKD11030055,0.0,0.0,,0.0,0.0,,0.0,0.0,,0.0,0.0,,0.0,0.0,
SKD5E3042,60.0,1000,SKD11030055,0.0,0.0,,0.0,0.0,,0.0,0.0,,0.0,0.0,,0.0,0.0,
SKD5E3042-CUT-ONLY,60.0,1000,SKD11030055,0.0,0.0,,0.0,0.0,,0.0,0.0,,0.0,0.0,,0.0,0.0,
SKD5E3045-CUT-ONLY,61.0,1000,SKD11030055,0.0,0.0,,0.0,0.0,,0.0,0.0,,0.0,0.0,,0.0,0.0,
SKD5E3050-CUT-ONLY,70.0,1000,SKD11030055,0.0,0.0,,0.0,0.0,,0.0,0.0,,0.0,0.0,,0.0,0.0,
SKD5E3060-CUT-ONLY,85.0,1000,SKD11030055,0.0,0.0,,0.0,0.0,,0.0,0.0,,0.0,0.0,,0.0,0.0,
SKD5E3064-CUT-ONLY,90.0,1000,SKD11030055,0.0,0.0,,0.0,0.0,,0.0,0.0,,0.0,0.0,,0.0,0.0,
SKD5E3070-CUT-ONLY,100.0,1000,SKD11030055,0.0,0.0,,0.0,0.0,,0.0,0.0,,0.0,0.0,,0.0,0.0,
SKD5E3087-CUT-ONLY,118.0,1000,SKD11030055,0.0,0.0,,0.0,0.0,,0.0,0.0,,0.0,0.0,,0.0,0.0,
SKD5E3536-CUT-ONLY,57.0,1000,SKD11035055,0.0,0.0,,0.0,0.0,,0.0,0.0,,0.0,0.0,,0.0,0.0,
SKD5E3545-CUT-ONLY,71.0,1000,SKD11035055,0.0,0.0,,0.0,0.0,,0.0,0.0,,0.0,0.0,,0.0,0.0,
SKD5E3550-CUT-ONLY,79.0,1000,SKD11035055,0.0,0.0,,0.0,0.0,,0.0,0.0,,0.0,0.0,,0.0,0.0,
SKD5E3555,98.0,1000,SKD11035055,0.0,0.0,,0.0,0.0,,0.0,0.0,,0.0,0.0,,0.0,0.0,
SKD5E3555-CUT-ONLY,98.0,1000,SKD11035055,0.0,0.0,,0.0,0.0,,0.0,0.0,,0.0,0.0,,0.0,0.0,
SKD5E3565-CUT-ONLY,110.0,1000,SKD11035055,0.0,0.0,,0.0,0.0,,0.0,0.0,,0.0,0.0,,0.0,0.0,
SKD5E3567,110.0,1000,SKD11035067,0.0,0.0,,0.0,0.0,,0.0,0.0,,0.0,0.0,,0.0,0.0,
SKD5E3567-CUT-ONLY,110.0,1000,SKD11035067,0.0,0.0,,0.0,0.0,,0.0,0.0,,0.0,0.0,,0.0,0.0,
SKD5E3590,148.0,1000,SKD11035067,0.0,0.0,,0.0,0.0,,0.0,0.0,,0.0,0.0,,0.0,0.0,
SKD5E3590-CUT-ONLY,148.0,1000,SKD11035067,0.0,0.0,,0.0,0.0,,0.0,0.0,,0.0,0.0,,0.0,0.0,
SKD5G4070-CUT-ONLY,131.0,1000,SKD11040057,0.0,0.0,,0.0,0.0,,0.0,0.0,,0.0,0.0,,0.0,0.0,
SKD5Z1232-CUT-ONLY,16.0,1000,SKD11012050,0.0,0.0,,0.0,0.0,,0.0,0.0,,0.0,0.0,,0.0,0.0,
SKD5Z1236-CUT-ONLY,28.0,1000,SKD11012050,0.0,0.0,,0.0,0.0,,0.0,0.0,,0.0,0.0,,0.0,0.0,
SKD5Z1240-CUT-ONLY,30.0,1000,SKD11012050,0.0,0.0,,0.0,0.0,,0.0,0.0,,0.0,0.0,,0.0,0.0,
SKD5Z1248-CUT-ONLY,24.0,1000,SKD11012050,0.0,0.0,,0.0,0.0,,0.0,0.0,,0.0,0.0,,0.0,0.0,
SKD5Z1252-CUT-ONLY,26.0,1000,SKD11012050,0.0,0.0,,0.0,0.0,,0.0,0.0,,0.0,0.0,,0.0,0.0,
SKD5Z1253-CUT-ONLY,27.0,1000,SKD11012050,0.0,0.0,,0.0,0.0,,0.0,0.0,,0.0,0.0,,0.0,0.0,
SKD5Z1258-CUT-ONLY,30.0,1000,SKD11012050,0.0,0.0,,0.0,0.0,,0.0,0.0,,0.0,0.0,,0.0,0.0,
SKD5Z1260-CUT-ONLY,35.0,1000,SKD11012050,0.0,0.0,,0.0,0.0,,0.0,0.0,,0.0,0.0,,0.0,0.0,
SKD5Z1270-CUT-ONLY,41.0,1000,SKD11012050,0.0,0.0,,0.0,0.0,,0.0,0.0,,0.0,0.0,,0.0,0.0,
SKD5Z1275-CUT-ONLY,44.0,1000,SKD11012050,0.0,0.0,,0.0,0.0,,0.0,0.0,,0.0,0.0,,0.0,0.0,
SKD5Z1282-CUT-ONLY,48.0,1000,SKD11012050,0.0,0.0,,0.0,0.0,,0.0,0.0,,0.0,0.0,,0.0,0.0,
SKD5Z1285-CUT-ONLY,50.0,1000,SKD11012050,0.0,0.0,,0.0,0.0,,0.0,0.0,,0.0,0.0,,0.0,0.0,
SKD5Z1293-CUT-ONLY,52.0,1000,SKD11012050,0.0,0.0,,0.0,0.0,,0.0,0.0,,0.0,0.0,,0.0,0.0,
SKD5Z2230-CUT-ONLY,30.0,1000,SKD11022050,0.0,0.0,,0.0,0.0,,0.0,0.0,,0.0,0.0,,0.0,0.0,
SKD5Z2235-CUT-ONLY,40.0,1000,SKD11022050,0.0,0.0,,0.0,0.0,,0.0,0.0,,0.0,0.0,,0.0,0.0,
SKD5Z2240-CUT-ONLY,40.0,1000,SKD11022050,0.0,0.0,,0.0,0.0,,0.0,0.0,,0.0,0.0,,0.0,0.0,
SKD5Z2262-CUT-ONLY,60.0,1000,SKD11022050,0.0,0.0,,0.0,0.0,,0.0,0.0,,0.0,0.0,,0.0,0.0,
SKD6.05X22X24,30.0,1000,SKD11022067,0.0,0.0,,0.0,0.0,,0.0,0.0,,0.0,0.0,,0.0,0.0,
SKD6.0X25X20,28.0,1000,SKD11025067,0.0,0.0,,0.0,0.0,,0.0,0.0,,0.0,0.0,,0.0,0.0,
SKD6.0X25X32,44.0,1000,SKD11025067,0.0,0.0,,0.0,0.0,,0.0,0.0,,0.0,0.0,,0.0,0.0,
SKD6.0X25X35,48.0,1000,SKD11025067,0.0,0.0,,0.0,0.0,,0.0,0.0,,0.0,0.0,,0.0,0.0,
SKD6.0X25X38,53.0,1000,SKD11025067,0.0,0.0,,0.0,0.0,,0.0,0.0,,0.0,0.0,,0.0,0.0,
SKD6.0X25X48,66.0,1000,SKD11025067,0.0,0.0,,0.0,0.0,,0.0,0.0,,0.0,0.0,,0.0,0.0,
SKD6.0X25X60,91.0,1000,SKD11025067,0.0,0.0,,0.0,0.0,,0.0,0.0,,0.0,0.0,,0.0,0.0,
SKD6.0X30X54,93.0,1000,SKD11030070,0.0,0.0,,0.0,0.0,,0.0,0.0,,0.0,0.0,,0.0,0.0,
SKD6.0X35X108,220.0,1000,SKD11035067,0.0,0.0,,0.0,0.0,,0.0,0.0,,0.0,0.0,,0.0,0.0,
SKD6.0X35X55,106.0,1000,SKD11035067,0.0,0.0,,0.0,0.0,,0.0,0.0,,0.0,0.0,,0.0,0.0,
SKD6.0X40X97,210.0,1000,SKD11040065,0.0,0.0,,0.0,0.0,,0.0,0.0,,0.0,0.0,,0.0,0.0,
SKD6.0X47X400,1040.0,1000,SKD11047067,0.0,0.0,,0.0,0.0,,0.0,0.0,,0.0,0.0,,0.0,0.0,
SKD6.0X47X405,1050.0,1000,SKD11047067,0.0,0.0,,0.0,0.0,,0.0,0.0,,0.0,0.0,,0.0,0.0,
SKD6.0X47X410,1060.0,1000,SKD11047067,0.0,0.0,,0.0,0.0,,0.0,0.0,,0.0,0.0,,0.0,0.0,
SKD6.15X25X28,39.0,1000,SKD11025067,0.0,0.0,,0.0,0.0,,0.0,0.0,,0.0,0.0,,0.0,0.0,
SKD6.15X25X32,44.0,1000,SKD11025067,0.0,0.0,,0.0,0.0,,0.0,0.0,,0.0,0.0,,0.0,0.0,
SKD6.15X30X25-G-MADE,44.0,1000,SKD11030070,0.0,0.0,,0.0,0.0,,0.0,0.0,,0.0,0.0,,0.0,0.0,
SKD6.15X40X97,210.0,1000,SKD11040065,0.0,0.0,,0.0,0.0,,0.0,0.0,,0.0,0.0,,0.0,0.0,
SKD6.15X75X20,83.0,1000,SKD11075067,0.0,0.0,,0.0,0.0,,0.0,0.0,,0.0,0.0,,0.0,0.0,
SKD6.15X75X22,91.0,1000,SKD11075067,0.0,0.0,,0.0,0.0,,0.0,0.0,,0.0,0.0,,0.0,0.0,
SKD6.5X40X405,1100.0,1000,SKD11040082,0.0,0.0,,0.0,0.0,,0.0,0.0,,0.0,0.0,,0.0,0.0,
SKD6.5X40X410,1110.0,1000,SKD11040082,0.0,0.0,,0.0,0.0,,0.0,0.0,,0.0,0.0,,0.0,0.0,
SKD6.65X40X97,270.0,1000,SKD11040085,0.0,0.0,,0.0,0.0,,0.0,0.0,,0.0,0.0,,0.0,0.0,
SKD6.6X32X32,57.0,1000,SKD11032072,0.0,0.0,,0.0,0.0,,0.0,0.0,,0.0,0.0,,0.0,0.0,
SKD6.6X32X34,61.0,1000,SKD11032072,0.0,0.0,,0.0,0.0,,0.0,0.0,,0.0,0.0,,0.0,0.0,
SKD6.6X32X37,67.0,1000,SKD11032072,0.0,0.0,,0.0,0.0,,0.0,0.0,,0.0,0.0,,0.0,0.0,
SKD6.6X32X38,68.0,1000,SKD11032072,0.0,0.0,,0.0,0.0,,0.0,0.0,,0.0,0.0,,0.0,0.0,
SKD6.6X32X53,101.0,1000,SKD11032072,0.0,0.0,,0.0,0.0,,0.0,0.0,,0.0,0.0,,0.0,0.0,
SKD6.6X40X97,270.0,1000,SKD11040085,0.0,0.0,,0.0,0.0,,0.0,0.0,,0.0,0.0,,0.0,0.0,
SKD6.7X32X58-G-MADE,111.0,1000,SKD11032072,0.0,0.0,,0.0,0.0,,0.0,0.0,,0.0,0.0,,0.0,0.0,
SKD6.7X75X40,200.0,1000,SKD11075067,0.0,0.0,,0.0,0.0,,0.0,0.0,,0.0,0.0,,0.0,0.0,
SKD6E33100,178.0,1000,SKD11033065,0.0,0.0,,0.0,0.0,,0.0,0.0,,0.0,0.0,,0.0,0.0,
SKD6E33100-CUT-ONLY,178.0,1000,SKD11033065,0.0,0.0,,0.0,0.0,,0.0,0.0,,0.0,0.0,,0.0,0.0,
SKD6E3315-CUT-ONLY,26.0,1000,SKD11033065,0.0,0.0,,0.0,0.0,,0.0,0.0,,0.0,0.0,,0.0,0.0,
SKD6E3317-CUT-ONLY,30.0,1000,SKD11033065,0.0,0.0,,0.0,0.0,,0.0,0.0,,0.0,0.0,,0.0,0.0,
SKD6E3325-CUT-ONLY,44.0,1000,SKD11033065,0.0,0.0,,0.0,0.0,,0.0,0.0,,0.0,0.0,,0.0,0.0,
SKD6E3327-CUT-ONLY,51.0,1000,SKD11033065,0.0,0.0,,0.0,0.0,,0.0,0.0,,0.0,0.0,,0.0,0.0,
SKD6E3330-CUT-ONLY,60.0,1000,SKD11033065,0.0,0.0,,0.0,0.0,,0.0,0.0,,0.0,0.0,,0.0,0.0,
SKD6E3336-CUT-ONLY,64.0,1000,SKD11033065,0.0,0.0,,0.0,0.0,,0.0,0.0,,0.0,0.0,,0.0,0.0,
SKD6E3338-CUT-ONLY,67.0,1000,SKD11033065,0.0,0.0,,0.0,0.0,,0.0,0.0,,0.0,0.0,,0.0,0.0,
SKD6E3340-CUT-ONLY,71.0,1000,SKD11033065,0.0,0.0,,0.0,0.0,,0.0,0.0,,0.0,0.0,,0.0,0.0,
SKD6E3343,80.0,1000,SKD11033065,0.0,0.0,,0.0,0.0,,0.0,0.0,,0.0,0.0,,0.0,0.0,
SKD6E3343-CUT-ONLY,80.0,1000,SKD11033065,0.0,0.0,,0.0,0.0,,0.0,0.0,,0.0,0.0,,0.0,0.0,
SKD6E3345,80.0,1000,SKD11033065,0.0,0.0,,0.0,0.0,,0.0,0.0,,0.0,0.0,,0.0,0.0,
SKD6E3345-CUT-ONLY,80.0,1000,SKD11033065,0.0,0.0,,0.0,0.0,,0.0,0.0,,0.0,0.0,,0.0,0.0,
SKD6E3350,88.0,1000,SKD11033065,0.0,0.0,,0.0,0.0,,0.0,0.0,,0.0,0.0,,0.0,0.0,
SKD6E3350-CUT-ONLY,88.0,1000,SKD11033065,0.0,0.0,,0.0,0.0,,0.0,0.0,,0.0,0.0,,0.0,0.0,
SKD6E3360-CUT-ONLY,106.0,1000,SKD11033065,0.0,0.0,,0.0,0.0,,0.0,0.0,,0.0,0.0,,0.0,0.0,
SKD6E3362,110.0,1000,SKD11033065,0.0,0.0,,0.0,0.0,,0.0,0.0,,0.0,0.0,,0.0,0.0,
SKD6E3362-CUT-ONLY,110.0,1000,SKD11033065,0.0,0.0,,0.0,0.0,,0.0,0.0,,0.0,0.0,,0.0,0.0,
SKD6E3375,132.0,1000,SKD11033065,0.0,0.0,,0.0,0.0,,0.0,0.0,,0.0,0.0,,0.0,0.0,
SKD6E3375-CUT-ONLY,132.0,1000,SKD11033065,0.0,0.0,,0.0,0.0,,0.0,0.0,,0.0,0.0,,0.0,0.0,
SKD6E3390,160.0,1000,SKD11033065,0.0,0.0,,0.0,0.0,,0.0,0.0,,0.0,0.0,,0.0,0.0,
SKD6E3390-CUT-ONLY,160.0,1000,SKD11033065,0.0,0.0,,0.0,0.0,,0.0,0.0,,0.0,0.0,,0.0,0.0,
SKD6E35100,194.0,1000,SKD11035065,0.0,0.0,,0.0,0.0,,0.0,0.0,,0.0,0.0,,0.0,0.0,
SKD6E35100-CUT-ONLY,194.0,1000,SKD11035065,0.0,0.0,,0.0,0.0,,0.0,0.0,,0.0,0.0,,0.0,0.0,
SKD6E3515-CUT-ONLY,19.0,1000,SKD11035065,0.0,0.0,,0.0,0.0,,0.0,0.0,,0.0,0.0,,0.0,0.0,
SKD6E3517-CUT-ONLY,21.0,1000,SKD11035065,0.0,0.0,,0.0,0.0,,0.0,0.0,,0.0,0.0,,0.0,0.0,
SKD6E3525-CUT-ONLY,31.0,1000,SKD11035065,0.0,0.0,,0.0,0.0,,0.0,0.0,,0.0,0.0,,0.0,0.0,
SKD6E3527-CUT-ONLY,33.0,1000,SKD11035065,0.0,0.0,,0.0,0.0,,0.0,0.0,,0.0,0.0,,0.0,0.0,
SKD6E3530-CUT-ONLY,56.0,1000,SKD11035067,0.0,0.0,,0.0,0.0,,0.0,0.0,,0.0,0.0,,0.0,0.0,
SKD6E3535-CUT-ONLY,80.0,1000,SKD11035065,0.0,0.0,,0.0,0.0,,0.0,0.0,,0.0,0.0,,0.0,0.0,
SKD6E3536-CUT-ONLY,83.0,1000,SKD11035065,0.0,0.0,,0.0,0.0,,0.0,0.0,,0.0,0.0,,0.0,0.0,
SKD6E3538-CUT-ONLY,87.0,1000,SKD11035065,0.0,0.0,,0.0,0.0,,0.0,0.0,,0.0,0.0,,0.0,0.0,
SKD6E3540-CUT-ONLY,87.0,1000,SKD11035065,0.0,0.0,,0.0,0.0,,0.0,0.0,,0.0,0.0,,0.0,0.0,
SKD6E3543-CUT-ONLY,87.0,1000,SKD11035065,0.0,0.0,,0.0,0.0,,0.0,0.0,,0.0,0.0,,0.0,0.0,
SKD6E3545-CUT-ONLY,87.0,1000,SKD11035065,0.0,0.0,,0.0,0.0,,0.0,0.0,,0.0,0.0,,0.0,0.0,
SKD6E3550-CUT-ONLY,944.0,1000,SKD11035065,0.0,0.0,,0.0,0.0,,0.0,0.0,,0.0,0.0,,0.0,0.0,
SKD6E3555-CUT-ONLY,103.0,1000,SKD11035065,0.0,0.0,,0.0,0.0,,0.0,0.0,,0.0,0.0,,0.0,0.0,
SKD6E3560-CUT-ONLY,117.0,1000,SKD11035065,0.0,0.0,,0.0,0.0,,0.0,0.0,,0.0,0.0,,0.0,0.0,
SKD6E3562-CUT-ONLY,116.0,1000,SKD11035065,0.0,0.0,,0.0,0.0,,0.0,0.0,,0.0,0.0,,0.0,0.0,
SKD6E3565-CUT-ONLY,126.0,1000,SKD11035065,0.0,0.0,,0.0,0.0,,0.0,0.0,,0.0,0.0,,0.0,0.0,
SKD6E3570,136.0,1000,SKD11035065,0.0,0.0,,0.0,0.0,,0.0,0.0,,0.0,0.0,,0.0,0.0,
SKD6E3570-CUT-ONLY,136.0,1000,SKD11035065,0.0,0.0,,0.0,0.0,,0.0,0.0,,0.0,0.0,,0.0,0.0,
SKD6E3575-CUT-ONLY,146.0,1000,SKD11035065,0.0,0.0,,0.0,0.0,,0.0,0.0,,0.0,0.0,,0.0,0.0,
SKD6E3590-CUT-ONLY,175.0,1000,SKD11035065,0.0,0.0,,0.0,0.0,,0.0,0.0,,0.0,0.0,,0.0,0.0,
SKD6E4026-CUT-ONLY,56.0,1000,SKD11040065,0.0,0.0,,0.0,0.0,,0.0,0.0,,0.0,0.0,,0.0,0.0,
SKD6E4030-CUT-ONLY,64.0,1000,SKD11040065,0.0,0.0,,0.0,0.0,,0.0,0.0,,0.0,0.0,,0.0,0.0,
SKD6E4032-CUT-ONLY,69.0,1000,SKD11040065,0.0,0.0,,0.0,0.0,,0.0,0.0,,0.0,0.0,,0.0,0.0,
SKD6E4040-CUT-ONLY,86.0,1000,SKD11040065,0.0,0.0,,0.0,0.0,,0.0,0.0,,0.0,0.0,,0.0,0.0,
SKD6E4045-CUT-ONLY,96.0,1000,SKD11040065,0.0,0.0,,0.0,0.0,,0.0,0.0,,0.0,0.0,,0.0,0.0,
SKD6E4048,103.0,1000,SKD11040065,0.0,0.0,,0.0,0.0,,0.0,0.0,,0.0,0.0,,0.0,0.0,
SKD6E4048-CUT-ONLY,103.0,1000,SKD11040065,0.0,0.0,,0.0,0.0,,0.0,0.0,,0.0,0.0,,0.0,0.0,
SKD6E4054-CUT-ONLY,116.0,1000,SKD11040065,0.0,0.0,,0.0,0.0,,0.0,0.0,,0.0,0.0,,0.0,0.0,
SKD6E4061-CUT-ONLY,131.0,1000,SKD11040065,0.0,0.0,,0.0,0.0,,0.0,0.0,,0.0,0.0,,0.0,0.0,
SKD6E4065-CUT-ONLY,139.0,1000,SKD11040065,0.0,0.0,,0.0,0.0,,0.0,0.0,,0.0,0.0,,0.0,0.0,
SKD6E4070-CUT-ONLY,150.0,1000,SKD11040065,0.0,0.0,,0.0,0.0,,0.0,0.0,,0.0,0.0,,0.0,0.0,
SKD6E4075-CUT-ONLY,160.0,1000,SKD11040065,0.0,0.0,,0.0,0.0,,0.0,0.0,,0.0,0.0,,0.0,0.0,
SKD6E4097,207.0,1000,SKD11040065,0.0,0.0,,0.0,0.0,,0.0,0.0,,0.0,0.0,,0.0,0.0,
SKD6E4097-CUT-ONLY,207.0,1000,SKD11040065,0.0,0.0,,0.0,0.0,,0.0,0.0,,0.0,0.0,,0.0,0.0,
SKD6G1525-CUT-ONLY,21.0,1000,SKD11015067,0.0,0.0,,0.0,0.0,,0.0,0.0,,0.0,0.0,,0.0,0.0,
SKD6G1535-CUT-ONLY,41.0,1000,SKD11015067,0.0,0.0,,0.0,0.0,,0.0,0.0,,0.0,0.0,,0.0,0.0,
SKD6G1542-CUT-ONLY,36.0,1000,SKD11015067,0.0,0.0,,0.0,0.0,,0.0,0.0,,0.0,0.0,,0.0,0.0,
SKD6G1552-CUT-ONLY,58.0,1000,SKD11015067,0.0,0.0,,0.0,0.0,,0.0,0.0,,0.0,0.0,,0.0,0.0,
SKD6G1556-CUT-ONLY,62.0,1000,SKD11015067,0.0,0.0,,0.0,0.0,,0.0,0.0,,0.0,0.0,,0.0,0.0,
SKD6G1565-CUT-ONLY,54.0,1000,SKD11015067,0.0,0.0,,0.0,0.0,,0.0,0.0,,0.0,0.0,,0.0,0.0,
SKD6G1570-CUT-ONLY,58.0,1000,SKD11015067,0.0,0.0,,0.0,0.0,,0.0,0.0,,0.0,0.0,,0.0,0.0,
SKD6G1575-CUT-ONLY,62.0,1000,SKD11015067,0.0,0.0,,0.0,0.0,,0.0,0.0,,0.0,0.0,,0.0,0.0,
SKD6G1580-CUT-ONLY,66.0,1000,SKD11015067,0.0,0.0,,0.0,0.0,,0.0,0.0,,0.0,0.0,,0.0,0.0,
SKD6G1584-CUT-ONLY,70.0,1000,SKD11015067,0.0,0.0,,0.0,0.0,,0.0,0.0,,0.0,0.0,,0.0,0.0,
SKD6G1585-CUT-ONLY,91.0,1000,SKD11050067,0.0,0.0,,0.0,0.0,,0.0,0.0,,0.0,0.0,,0.0,0.0,
SKD6G1590-CUT-ONLY,75.0,1000,SKD11015067,0.0,0.0,,0.0,0.0,,0.0,0.0,,0.0,0.0,,0.0,0.0,
SKD6G1593-CUT-ONLY,77.0,1000,SKD11015067,0.0,0.0,,0.0,0.0,,0.0,0.0,,0.0,0.0,,0.0,0.0,
SKD6G1828,28.0,1000,SKD11018067,0.0,0.0,,0.0,0.0,,0.0,0.0,,0.0,0.0,,0.0,0.0,
SKD6G1828-CUT-ONLY,28.0,1000,SKD11018067,0.0,0.0,,0.0,0.0,,0.0,0.0,,0.0,0.0,,0.0,0.0,
SKD6G1862-CUT-ONLY,61.0,1000,SKD11018067,0.0,0.0,,0.0,0.0,,0.0,0.0,,0.0,0.0,,0.0,0.0,
SKD6G22120-CUT-ONLY,146.0,1000,SKD11022067,0.0,0.0,,0.0,0.0,,0.0,0.0,,0.0,0.0,,0.0,0.0,
SKD6G2215,20.0,1000,SKD11022067,0.0,0.0,,0.0,0.0,,0.0,0.0,,0.0,0.0,,0.0,0.0,
SKD6G2215-CUT-ONLY,20.0,1000,SKD11022067,0.0,0.0,,0.0,0.0,,0.0,0.0,,0.0,0.0,,0.0,0.0,
SKD6G2218-CUT-ONLY,24.0,1000,SKD11022067,0.0,0.0,,0.0,0.0,,0.0,0.0,,0.0,0.0,,0.0,0.0,
SKD6G2220-CUT-ONLY,26.0,1000,SKD11022067,0.0,0.0,,0.0,0.0,,0.0,0.0,,0.0,0.0,,0.0,0.0,
SKD6G2222-CUT-ONLY,27.0,1000,SKD11022067,0.0,0.0,,0.0,0.0,,0.0,0.0,,0.0,0.0,,0.0,0.0,
SKD6G2224-CUT-ONLY,30.0,1000,SKD11022067,0.0,0.0,,0.0,0.0,,0.0,0.0,,0.0,0.0,,0.0,0.0,
SKD6G2225-CUT-ONLY,31.0,1000,SKD11022067,0.0,0.0,,0.0,0.0,,0.0,0.0,,0.0,0.0,,0.0,0.0,
SKD6G2227-CUT-ONLY,33.0,1000,SKD11022067,0.0,0.0,,0.0,0.0,,0.0,0.0,,0.0,0.0,,0.0,0.0,
SKD6G2230-CUT-ONLY,36.0,1000,SKD11022067,0.0,0.0,,0.0,0.0,,0.0,0.0,,0.0,0.0,,0.0,0.0,
SKD6G2232,38.0,1000,SKD11022067,0.0,0.0,,0.0,0.0,,0.0,0.0,,0.0,0.0,,0.0,0.0,
SKD6G2232-CUT-ONLY,38.0,1000,SKD11022067,0.0,0.0,,0.0,0.0,,0.0,0.0,,0.0,0.0,,0.0,0.0,
SKD6G2234-CUT-ONLY,42.0,1000,SKD11022067,0.0,0.0,,0.0,0.0,,0.0,0.0,,0.0,0.0,,0.0,0.0,
SKD6G2235-CUT-ONLY,43.0,1000,SKD11022067,0.0,0.0,,0.0,0.0,,0.0,0.0,,0.0,0.0,,0.0,0.0,
SKD6G2242-CUT-ONLY,51.0,1000,SKD11022067,0.0,0.0,,0.0,0.0,,0.0,0.0,,0.0,0.0,,0.0,0.0,
SKD6G2248-CUT-ONLY,59.0,1000,SKD11022067,0.0,0.0,,0.0,0.0,,0.0,0.0,,0.0,0.0,,0.0,0.0,
SKD6G2250-CUT-ONLY,61.0,1000,SKD11022067,0.0,0.0,,0.0,0.0,,0.0,0.0,,0.0,0.0,,0.0,0.0,
SKD6G2261-CUT-ONLY,74.0,1000,SKD11022067,0.0,0.0,,0.0,0.0,,0.0,0.0,,0.0,0.0,,0.0,0.0,
SKD6G2262-CUT-ONLY,75.0,1000,SKD11022067,0.0,0.0,,0.0,0.0,,0.0,0.0,,0.0,0.0,,0.0,0.0,
SKD6G2267-CUT-ONLY,81.0,1000,SKD11022067,0.0,0.0,,0.0,0.0,,0.0,0.0,,0.0,0.0,,0.0,0.0,
SKD6G2270-CUT-ONLY,85.0,1000,SKD11022067,0.0,0.0,,0.0,0.0,,0.0,0.0,,0.0,0.0,,0.0,0.0,
SKD6G2278-CUT-ONLY,95.0,1000,SKD11022067,0.0,0.0,,0.0,0.0,,0.0,0.0,,0.0,0.0,,0.0,0.0,
SKD6G2280-CUT-ONLY,97.0,1000,SKD11022067,0.0,0.0,,0.0,0.0,,0.0,0.0,,0.0,0.0,,0.0,0.0,
SKD6G2285-CUT-ONLY,103.0,1000,SKD11022067,0.0,0.0,,0.0,0.0,,0.0,0.0,,0.0,0.0,,0.0,0.0,
SKD6G2290-CUT-ONLY,109.0,1000,SKD11022067,0.0,0.0,,0.0,0.0,,0.0,0.0,,0.0,0.0,,0.0,0.0,
SKD6G25120-CUT-ONLY,165.0,1000,SKD11025067,0.0,0.0,,0.0,0.0,,0.0,0.0,,0.0,0.0,,0.0,0.0,
SKD6G25150,207.0,1000,SKD11025067,0.0,0.0,,0.0,0.0,,0.0,0.0,,0.0,0.0,,0.0,0.0,
SKD6G25150-CUT-ONLY,207.0,1000,SKD11025067,0.0,0.0,,0.0,0.0,,0.0,0.0,,0.0,0.0,,0.0,0.0,
SKD6G2515-CUT-ONLY,21.0,1000,SKD11025067,0.0,0.0,,0.0,0.0,,0.0,0.0,,0.0,0.0,,0.0,0.0,
SKD6G2518-CUT-ONLY,24.0,1000,SKD11025067,0.0,0.0,,0.0,0.0,,0.0,0.0,,0.0,0.0,,0.0,0.0,
SKD6G2519-CUT-ONLY,27.0,1000,SKD11025067,0.0,0.0,,0.0,0.0,,0.0,0.0,,0.0,0.0,,0.0,0.0,
SKD6G2520-CUT-ONLY,28.0,1000,SKD11025067,0.0,0.0,,0.0,0.0,,0.0,0.0,,0.0,0.0,,0.0,0.0,
SKD6G2521-CUT-ONLY,29.0,1000,SKD11025067,0.0,0.0,,0.0,0.0,,0.0,0.0,,0.0,0.0,,0.0,0.0,
SKD6G2522-CUT-ONLY,31.0,1000,SKD11025067,0.0,0.0,,0.0,0.0,,0.0,0.0,,0.0,0.0,,0.0,0.0,
SKD6G2523-CUT-ONLY,32.0,1000,SKD11025067,0.0,0.0,,0.0,0.0,,0.0,0.0,,0.0,0.0,,0.0,0.0,
SKD6G2523-G-MADE,32.0,1000,SKD11025067,0.0,0.0,,0.0,0.0,,0.0,0.0,,0.0,0.0,,0.0,0.0,
SKD6G2524-CUT-ONLY,33.0,1000,SKD11025067,0.0,0.0,,0.0,0.0,,0.0,0.0,,0.0,0.0,,0.0,0.0,
SKD6G2525-CUT-ONLY,35.0,1000,SKD11025067,0.0,0.0,,0.0,0.0,,0.0,0.0,,0.0,0.0,,0.0,0.0,
SKD6G2526-CUT-ONLY,36.0,1000,SKD11025067,0.0,0.0,,0.0,0.0,,0.0,0.0,,0.0,0.0,,0.0,0.0,
SKD6G2527-CUT-ONLY,38.0,1000,SKD11025067,0.0,0.0,,0.0,0.0,,0.0,0.0,,0.0,0.0,,0.0,0.0,
SKD6G2528,40.0,1000,SKD11025067,0.0,0.0,,0.0,0.0,,0.0,0.0,,0.0,0.0,,0.0,0.0,
SKD6G2528-CUT-ONLY,40.0,1000,SKD11025067,0.0,0.0,,0.0,0.0,,0.0,0.0,,0.0,0.0,,0.0,0.0,
SKD6G2531-CUT-ONLY,43.0,1000,SKD11025067,0.0,0.0,,0.0,0.0,,0.0,0.0,,0.0,0.0,,0.0,0.0,
SKD6G2532-CUT-ONLY,45.0,1000,SKD11025067,0.0,0.0,,0.0,0.0,,0.0,0.0,,0.0,0.0,,0.0,0.0,
SKD6G2534-CUT-ONLY,47.0,1000,SKD11025067,0.0,0.0,,0.0,0.0,,0.0,0.0,,0.0,0.0,,0.0,0.0,
SKD6G2535-CUT-ONLY,49.0,1000,SKD11025067,0.0,0.0,,0.0,0.0,,0.0,0.0,,0.0,0.0,,0.0,0.0,
SKD6G2537-CUT-ONLY,51.0,1000,SKD11025067,0.0,0.0,,0.0,0.0,,0.0,0.0,,0.0,0.0,,0.0,0.0,
SKD6G2538-CUT-ONLY,53.0,1000,SKD11025067,0.0,0.0,,0.0,0.0,,0.0,0.0,,0.0,0.0,,0.0,0.0,
SKD6G2545-CUT-ONLY,62.0,1000,SKD11025067,0.0,0.0,,0.0,0.0,,0.0,0.0,,0.0,0.0,,0.0,0.0,
SKD6G2546,64.0,1000,SKD11025067,0.0,0.0,,0.0,0.0,,0.0,0.0,,0.0,0.0,,0.0,0.0,
SKD6G2546-CUT-ONLY,64.0,1000,SKD11025067,0.0,0.0,,0.0,0.0,,0.0,0.0,,0.0,0.0,,0.0,0.0,
SKD6G2546-G-MADE,64.0,1000,SKD11025067,0.0,0.0,,0.0,0.0,,0.0,0.0,,0.0,0.0,,0.0,0.0,
SKD6G2548-CUT-ONLY,66.0,1000,SKD11025067,0.0,0.0,,0.0,0.0,,0.0,0.0,,0.0,0.0,,0.0,0.0,
SKD6G2550-CUT-ONLY,69.0,1000,SKD11025067,0.0,0.0,,0.0,0.0,,0.0,0.0,,0.0,0.0,,0.0,0.0,
SKD6G2554-CUT-ONLY,75.0,1000,SKD11025067,0.0,0.0,,0.0,0.0,,0.0,0.0,,0.0,0.0,,0.0,0.0,
SKD6G2560-CUT-ONLY,83.0,1000,SKD11025067,0.0,0.0,,0.0,0.0,,0.0,0.0,,0.0,0.0,,0.0,0.0,
SKD6G2565-CUT-ONLY,90.0,1000,SKD11025067,0.0,0.0,,0.0,0.0,,0.0,0.0,,0.0,0.0,,0.0,0.0,
SKD6G2576-CUT-ONLY,105.0,1000,SKD11025067,0.0,0.0,,0.0,0.0,,0.0,0.0,,0.0,0.0,,0.0,0.0,
SKD6G2590-CUT-ONLY,124.0,1000,SKD11025067,0.0,0.0,,0.0,0.0,,0.0,0.0,,0.0,0.0,,0.0,0.0,
SKD6G2598-CUT-ONLY,135.0,1000,SKD11025067,0.0,0.0,,0.0,0.0,,0.0,0.0,,0.0,0.0,,0.0,0.0,
SKD6G27115-CUT-ONLY,171.0,1000,SKD11027067,0.0,0.0,,0.0,0.0,,0.0,0.0,,0.0,0.0,,0.0,0.0,
SKD6G2715-CUT-ONLY,22.0,1000,SKD11027067,0.0,0.0,,0.0,0.0,,0.0,0.0,,0.0,0.0,,0.0,0.0,
SKD6G2718-CUT-ONLY,27.0,1000,SKD11027067,0.0,0.0,,0.0,0.0,,0.0,0.0,,0.0,0.0,,0.0,0.0,
SKD6G2720-CUT-ONLY,30.0,1000,SKD11027067,0.0,0.0,,0.0,0.0,,0.0,0.0,,0.0,0.0,,0.0,0.0,
SKD6G2722-CUT-ONLY,35.0,1000,SKD11027067,0.0,0.0,,0.0,0.0,,0.0,0.0,,0.0,0.0,,0.0,0.0,
SKD6G2723-CUT-ONLY,35.0,1000,SKD11027067,0.0,0.0,,0.0,0.0,,0.0,0.0,,0.0,0.0,,0.0,0.0,
SKD6G2726-CUT-ONLY,39.0,1000,SKD11027067,0.0,0.0,,0.0,0.0,,0.0,0.0,,0.0,0.0,,0.0,0.0,
SKD6G2727-CUT-ONLY,41.0,1000,SKD11027067,0.0,0.0,,0.0,0.0,,0.0,0.0,,0.0,0.0,,0.0,0.0,
SKD6G2729-CUT-ONLY,44.0,1000,SKD11027067,0.0,0.0,,0.0,0.0,,0.0,0.0,,0.0,0.0,,0.0,0.0,
SKD6G2732-CUT-ONLY,48.0,1000,SKD11027067,0.0,0.0,,0.0,0.0,,0.0,0.0,,0.0,0.0,,0.0,0.0,
SKD6G2737-CUT-ONLY,54.0,1000,SKD11027067,0.0,0.0,,0.0,0.0,,0.0,0.0,,0.0,0.0,,0.0,0.0,
SKD6G2741,61.0,1000,SKD11027067,0.0,0.0,,0.0,0.0,,0.0,0.0,,0.0,0.0,,0.0,0.0,
SKD6G2741-CUT-ONLY,61.0,1000,SKD11027067,0.0,0.0,,0.0,0.0,,0.0,0.0,,0.0,0.0,,0.0,0.0,
SKD6G2743,64.0,1000,SKD11027067,0.0,0.0,,0.0,0.0,,0.0,0.0,,0.0,0.0,,0.0,0.0,
SKD6G2743-CUT-ONLY,64.0,1000,SKD11027067,0.0,0.0,,0.0,0.0,,0.0,0.0,,0.0,0.0,,0.0,0.0,
SKD6G2745-CUT-ONLY,67.0,1000,SKD11027067,0.0,0.0,,0.0,0.0,,0.0,0.0,,0.0,0.0,,0.0,0.0,
SKD6G2747-CUT-ONLY,70.0,1000,SKD11027067,0.0,0.0,,0.0,0.0,,0.0,0.0,,0.0,0.0,,0.0,0.0,
SKD6G2753-CUT-ONLY,79.0,1000,SKD11027067,0.0,0.0,,0.0,0.0,,0.0,0.0,,0.0,0.0,,0.0,0.0,
SKD6G2761-CUT-ONLY,91.0,1000,SKD11027067,0.0,0.0,,0.0,0.0,,0.0,0.0,,0.0,0.0,,0.0,0.0,
SKD6G2770-CUT-ONLY,104.0,1000,SKD11027067,0.0,0.0,,0.0,0.0,,0.0,0.0,,0.0,0.0,,0.0,0.0,
SKD6G2780-CUT-ONLY,119.0,1000,SKD11027067,0.0,0.0,,0.0,0.0,,0.0,0.0,,0.0,0.0,,0.0,0.0,
SKD6G2795-CUT-ONLY,141.0,1000,SKD11027067,0.0,0.0,,0.0,0.0,,0.0,0.0,,0.0,0.0,,0.0,0.0,
SKD6G35105,202.0,1000,SKD11035067,0.0,0.0,,0.0,0.0,,0.0,0.0,,0.0,0.0,,0.0,0.0,
SKD6G35105-CUT-ONLY,202.0,1000,SKD11035067,0.0,0.0,,0.0,0.0,,0.0,0.0,,0.0,0.0,,0.0,0.0,
SKD6G35108,208.0,1000,SKD11035067,0.0,0.0,,0.0,0.0,,0.0,0.0,,0.0,0.0,,0.0,0.0,
SKD6G35108-CUT-ONLY,208.0,1000,SKD11035067,0.0,0.0,,0.0,0.0,,0.0,0.0,,0.0,0.0,,0.0,0.0,
SKD6G35115,222.0,1000,SKD11035067,0.0,0.0,,0.0,0.0,,0.0,0.0,,0.0,0.0,,0.0,0.0,
SKD6G35115-CUT-ONLY,222.0,1000,SKD11035067,0.0,0.0,,0.0,0.0,,0.0,0.0,,0.0,0.0,,0.0,0.0,
SKD6G3515-CUT-ONLY,29.0,1000,SKD11035067,0.0,0.0,,0.0,0.0,,0.0,0.0,,0.0,0.0,,0.0,0.0,
SKD6G3520-CUT-ONLY,39.0,1000,SKD11035067,0.0,0.0,,0.0,0.0,,0.0,0.0,,0.0,0.0,,0.0,0.0,
SKD6G3527-CUT-ONLY,52.0,1000,SKD11035067,0.0,0.0,,0.0,0.0,,0.0,0.0,,0.0,0.0,,0.0,0.0,
SKD6G3532-CUT-ONLY,62.0,1000,SKD11035067,0.0,0.0,,0.0,0.0,,0.0,0.0,,0.0,0.0,,0.0,0.0,
SKD6G3535-CUT-ONLY,68.0,1000,SKD11035067,0.0,0.0,,0.0,0.0,,0.0,0.0,,0.0,0.0,,0.0,0.0,
SKD6G3540-CUT-ONLY,77.0,1000,SKD11035067,0.0,0.0,,0.0,0.0,,0.0,0.0,,0.0,0.0,,0.0,0.0,
SKD6G3545-CUT-ONLY,87.0,1000,SKD11035067,0.0,0.0,,0.0,0.0,,0.0,0.0,,0.0,0.0,,0.0,0.0,
SKD6G3553,103.0,1000,SKD11035067,0.0,0.0,,0.0,0.0,,0.0,0.0,,0.0,0.0,,0.0,0.0,
SKD6G3553-CUT-ONLY,103.0,1000,SKD11035067,0.0,0.0,,0.0,0.0,,0.0,0.0,,0.0,0.0,,0.0,0.0,
SKD6G3555-CUT-ONLY,106.0,1000,SKD11035067,0.0,0.0,,0.0,0.0,,0.0,0.0,,0.0,0.0,,0.0,0.0,
SKD6G3565-CUT-ONLY,125.0,1000,SKD11035067,0.0,0.0,,0.0,0.0,,0.0,0.0,,0.0,0.0,,0.0,0.0,
SKD6G3570-CUT-ONLY,135.0,1000,SKD11035067,0.0,0.0,,0.0,0.0,,0.0,0.0,,0.0,0.0,,0.0,0.0,
SKD6G3575-CUT-ONLY,145.0,1000,SKD11035067,0.0,0.0,,0.0,0.0,,0.0,0.0,,0.0,0.0,,0.0,0.0,
SKD6G3585-CUT-ONLY,164.0,1000,SKD11035067,0.0,0.0,,0.0,0.0,,0.0,0.0,,0.0,0.0,,0.0,0.0,
SKD6G47100,260.0,1000,SKD11047067,0.0,0.0,,0.0,0.0,,0.0,0.0,,0.0,0.0,,0.0,0.0,
SKD6G47100-CUT-ONLY,260.0,1000,SKD11047067,0.0,0.0,,0.0,0.0,,0.0,0.0,,0.0,0.0,,0.0,0.0,
SKD6G47120,312.0,1000,SKD11047067,0.0,0.0,,0.0,0.0,,0.0,0.0,,0.0,0.0,,0.0,0.0,
SKD6G47120-CUT-ONLY,312.0,1000,SKD11047067,0.0,0.0,,0.0,0.0,,0.0,0.0,,0.0,0.0,,0.0,0.0,
SKD6G4720-CUT-ONLY,52.0,1000,SKD11047067,0.0,0.0,,0.0,0.0,,0.0,0.0,,0.0,0.0,,0.0,0.0,
SKD6G4725-CUT-ONLY,65.0,1000,SKD11047067,0.0,0.0,,0.0,0.0,,0.0,0.0,,0.0,0.0,,0.0,0.0,
SKD6G4726-CUT-ONLY,68.0,1000,SKD11047067,0.0,0.0,,0.0,0.0,,0.0,0.0,,0.0,0.0,,0.0,0.0,
SKD6G4727,71.0,1000,SKD11047067,0.0,0.0,,0.0,0.0,,0.0,0.0,,0.0,0.0,,0.0,0.0,
SKD6G47275,711.0,1000,SKD11047067,0.0,0.0,,0.0,0.0,,0.0,0.0,,0.0,0.0,,0.0,0.0,
SKD6G47275-CUT-ONLY,711.0,1000,SKD11047067,0.0,0.0,,0.0,0.0,,0.0,0.0,,0.0,0.0,,0.0,0.0,
SKD6G4727-CUT-ONLY,71.0,1000,SKD11047067,0.0,0.0,,0.0,0.0,,0.0,0.0,,0.0,0.0,,0.0,0.0,
SKD6G4730-CUT-ONLY,78.0,1000,SKD11047067,0.0,0.0,,0.0,0.0,,0.0,0.0,,0.0,0.0,,0.0,0.0,
SKD6G4734-CUT-ONLY,88.0,1000,SKD11047067,0.0,0.0,,0.0,0.0,,0.0,0.0,,0.0,0.0,,0.0,0.0,
SKD6G4740-CUT-ONLY,104.0,1000,SKD11047067,0.0,0.0,,0.0,0.0,,0.0,0.0,,0.0,0.0,,0.0,0.0,
SKD6G4744-CUT-ONLY,114.0,1000,SKD11047067,0.0,0.0,,0.0,0.0,,0.0,0.0,,0.0,0.0,,0.0,0.0,
SKD6G4754-CUT-ONLY,140.0,1000,SKD11047067,0.0,0.0,,0.0,0.0,,0.0,0.0,,0.0,0.0,,0.0,0.0,
SKD6G4758-CUT-ONLY,150.0,1000,SKD11047067,0.0,0.0,,0.0,0.0,,0.0,0.0,,0.0,0.0,,0.0,0.0,
SKD6G4760-CUT-ONLY,155.0,1000,SKD11047067,0.0,0.0,,0.0,0.0,,0.0,0.0,,0.0,0.0,,0.0,0.0,
SKD6G4765-CUT-ONLY,168.0,1000,SKD11025067,0.0,0.0,,0.0,0.0,,0.0,0.0,,0.0,0.0,,0.0,0.0,
SKD6G4770,183.0,1000,SKD11047067,0.0,0.0,,0.0,0.0,,0.0,0.0,,0.0,0.0,,0.0,0.0,
SKD6G4770-CUT-ONLY,183.0,1000,SKD11047067,0.0,0.0,,0.0,0.0,,0.0,0.0,,0.0,0.0,,0.0,0.0,
SKD6G4775-CUT-ONLY,194.0,1000,SKD11047067,0.0,0.0,,0.0,0.0,,0.0,0.0,,0.0,0.0,,0.0,0.0,
SKD6G4795-CUT-ONLY,246.0,1000,SKD11047067,0.0,0.0,,0.0,0.0,,0.0,0.0,,0.0,0.0,,0.0,0.0,
SKD6G4798,254.0,1000,SKD11047067,0.0,0.0,,0.0,0.0,,0.0,0.0,,0.0,0.0,,0.0,0.0,
SKD6G4798-CUT-ONLY,254.0,1000,SKD11047067,0.0,0.0,,0.0,0.0,,0.0,0.0,,0.0,0.0,,0.0,0.0,
SKD6G50100,276.0,1000,SKD11050067,0.0,0.0,,0.0,0.0,,0.0,0.0,,0.0,0.0,,0.0,0.0,
SKD6G50100-CUT-ONLY,276.0,1000,SKD11050067,0.0,0.0,,0.0,0.0,,0.0,0.0,,0.0,0.0,,0.0,0.0,
SKD6G50130,358.0,1000,SKD11050067,0.0,0.0,,0.0,0.0,,0.0,0.0,,0.0,0.0,,0.0,0.0,
SKD6G50130-CUT-ONLY,358.0,1000,SKD11050067,0.0,0.0,,0.0,0.0,,0.0,0.0,,0.0,0.0,,0.0,0.0,
SKD6G5020-CUT-ONLY,55.0,1000,SKD11050067,0.0,0.0,,0.0,0.0,,0.0,0.0,,0.0,0.0,,0.0,0.0,
SKD6G5025-CUT-ONLY,67.0,1000,SKD11050067,0.0,0.0,,0.0,0.0,,0.0,0.0,,0.0,0.0,,0.0,0.0,
SKD6G5028,77.0,1000,SKD11050067,0.0,0.0,,0.0,0.0,,0.0,0.0,,0.0,0.0,,0.0,0.0,
SKD6G5028-CUT-ONLY,77.0,1000,SKD11050067,0.0,0.0,,0.0,0.0,,0.0,0.0,,0.0,0.0,,0.0,0.0,
SKD6G5030,83.0,1000,SKD11050067,0.0,0.0,,0.0,0.0,,0.0,0.0,,0.0,0.0,,0.0,0.0,
SKD6G5030-CUT-ONLY,83.0,1000,SKD11050067,0.0,0.0,,0.0,0.0,,0.0,0.0,,0.0,0.0,,0.0,0.0,
SKD6G5040-CUT-ONLY,110.0,1000,SKD11050067,0.0,0.0,,0.0,0.0,,0.0,0.0,,0.0,0.0,,0.0,0.0,
SKD6G5044-CUT-ONLY,121.0,1000,SKD11050067,0.0,0.0,,0.0,0.0,,0.0,0.0,,0.0,0.0,,0.0,0.0,
SKD6G5052-CUT-ONLY,143.0,1000,SKD11050067,0.0,0.0,,0.0,0.0,,0.0,0.0,,0.0,0.0,,0.0,0.0,
SKD6G5060-CUT-ONLY,165.0,1000,SKD11050067,0.0,0.0,,0.0,0.0,,0.0,0.0,,0.0,0.0,,0.0,0.0,
SKD6G5066-CUT-ONLY,182.0,1000,SKD11050067,0.0,0.0,,0.0,0.0,,0.0,0.0,,0.0,0.0,,0.0,0.0,
SKD6G5075,207.0,1000,SKD11050067,0.0,0.0,,0.0,0.0,,0.0,0.0,,0.0,0.0,,0.0,0.0,
SKD6G5075-CUT-ONLY,207.0,1000,SKD11050067,0.0,0.0,,0.0,0.0,,0.0,0.0,,0.0,0.0,,0.0,0.0,
SKD6G5095,260.0,1000,SKD11050067,0.0,0.0,,0.0,0.0,,0.0,0.0,,0.0,0.0,,0.0,0.0,
SKD6G5095-CUT-ONLY,260.0,1000,SKD11050067,0.0,0.0,,0.0,0.0,,0.0,0.0,,0.0,0.0,,0.0,0.0,
SKD6G75120,495.0,1000,SKD11075067,0.0,0.0,,0.0,0.0,,0.0,0.0,,0.0,0.0,,0.0,0.0,
SKD6G75120-CUT-ONLY,495.0,1000,SKD11075067,0.0,0.0,,0.0,0.0,,0.0,0.0,,0.0,0.0,,0.0,0.0,
SKD6G75125-CUT-ONLY,516.0,1000,SKD11075067,0.0,0.0,,0.0,0.0,,0.0,0.0,,0.0,0.0,,0.0,0.0,
SKD6G7520,104.0,1000,SKD11075067,0.0,0.0,,0.0,0.0,,0.0,0.0,,0.0,0.0,,0.0,0.0,
SKD6G7520-CUT-ONLY,104.0,1000,SKD11075067,0.0,0.0,,0.0,0.0,,0.0,0.0,,0.0,0.0,,0.0,0.0,
SKD6G7527-CUT-ONLY,112.0,1000,SKD11075067,0.0,0.0,,0.0,0.0,,0.0,0.0,,0.0,0.0,,0.0,0.0,
SKD6G7532-CUT-ONLY,132.0,1000,SKD11075067,0.0,0.0,,0.0,0.0,,0.0,0.0,,0.0,0.0,,0.0,0.0,
SKD6G7545,186.0,1000,SKD11075067,0.0,0.0,,0.0,0.0,,0.0,0.0,,0.0,0.0,,0.0,0.0,
SKD6G7545-CUT-ONLY,186.0,1000,SKD11075067,0.0,0.0,,0.0,0.0,,0.0,0.0,,0.0,0.0,,0.0,0.0,
SKD6G7555-CUT-ONLY,227.0,1000,SKD11075067,0.0,0.0,,0.0,0.0,,0.0,0.0,,0.0,0.0,,0.0,0.0,
SKD6G7560,268.0,1000,SKD11075067,0.0,0.0,,0.0,0.0,,0.0,0.0,,0.0,0.0,,0.0,0.0,
SKD6G7560-CUT-ONLY,268.0,1000,SKD11075067,0.0,0.0,,0.0,0.0,,0.0,0.0,,0.0,0.0,,0.0,0.0,
SKD6G7565-CUT-ONLY,71.0,1000,SKD11075067,0.0,0.0,,0.0,0.0,,0.0,0.0,,0.0,0.0,,0.0,0.0,
SKD6G7576-CUT-ONLY,314.0,1000,SKD11075067,0.0,0.0,,0.0,0.0,,0.0,0.0,,0.0,0.0,,0.0,0.0,
SKD6G7578-CUT-ONLY,322.0,1000,SKD11075067,0.0,0.0,,0.0,0.0,,0.0,0.0,,0.0,0.0,,0.0,0.0,
SKD6G7595-CUT-ONLY,392.0,1000,SKD11075067,0.0,0.0,,0.0,0.0,,0.0,0.0,,0.0,0.0,,0.0,0.0,
SKD6G7598-CUT-ONLY,404.0,1000,SKD11075067,0.0,0.0,,0.0,0.0,,0.0,0.0,,0.0,0.0,,0.0,0.0,
SKD6Z1836-CUT-ONLY,32.0,1000,SKD11018060,0.0,0.0,,0.0,0.0,,0.0,0.0,,0.0,0.0,,0.0,0.0,
SKD6Z1855-CUT-ONLY,58.0,1000,SKD11018060,0.0,0.0,,0.0,0.0,,0.0,0.0,,0.0,0.0,,0.0,0.0,
SKD7.0X21X37,57.0,1000,SKD11021082,0.0,0.0,,0.0,0.0,,0.0,0.0,,0.0,0.0,,0.0,0.0,
SKD7.0X21X46,66.0,1000,SKD11021082,0.0,0.0,,0.0,0.0,,0.0,0.0,,0.0,0.0,,0.0,0.0,
SKD7.0X29X32,76.0,1000,SKD11029082,0.0,0.0,,0.0,0.0,,0.0,0.0,,0.0,0.0,,0.0,0.0,
SKD7.0X40X108,291.0,1000,SKD11040082,0.0,0.0,,0.0,0.0,,0.0,0.0,,0.0,0.0,,0.0,0.0,
SKD7.0X40X23,61.0,1000,SKD11040082,0.0,0.0,,0.0,0.0,,0.0,0.0,,0.0,0.0,,0.0,0.0,
SKD7.0X40X38,103.0,1000,SKD11040082,0.0,0.0,,0.0,0.0,,0.0,0.0,,0.0,0.0,,0.0,0.0,
SKD7.0X40X405,1100.0,1000,SKD11040082,0.0,0.0,,0.0,0.0,,0.0,0.0,,0.0,0.0,,0.0,0.0,
SKD7.0X40X41,115.0,1000,SKD11040085,0.0,0.0,,0.0,0.0,,0.0,0.0,,0.0,0.0,,0.0,0.0,
SKD7.0X40X410,1110.0,1000,SKD11040082,0.0,0.0,,0.0,0.0,,0.0,0.0,,0.0,0.0,,0.0,0.0,
SKD7.0X40X97,261.0,1000,SKD11040085,0.0,0.0,,0.0,0.0,,0.0,0.0,,0.0,0.0,,0.0,0.0,
SKD7.65X21X35,50.0,1000,SKD11021082,0.0,0.0,,0.0,0.0,,0.0,0.0,,0.0,0.0,,0.0,0.0,
SKD7.65X29X22,43.0,1000,SKD11029082,0.0,0.0,,0.0,0.0,,0.0,0.0,,0.0,0.0,,0.0,0.0,
SKD7.65X29X25,49.0,1000,SKD11029082,0.0,0.0,,0.0,0.0,,0.0,0.0,,0.0,0.0,,0.0,0.0,
SKD7.65X29X27,53.0,1000,SKD11029082,0.0,0.0,,0.0,0.0,,0.0,0.0,,0.0,0.0,,0.0,0.0,
SKD7.65X29X28,55.0,1000,SKD11029082,0.0,0.0,,0.0,0.0,,0.0,0.0,,0.0,0.0,,0.0,0.0,
SKD7.65X29X32,63.0,1000,SKD11029082,0.0,0.0,,0.0,0.0,,0.0,0.0,,0.0,0.0,,0.0,0.0,
SKD7.65X29X34.5,68.0,1000,SKD11029082,0.0,0.0,,0.0,0.0,,0.0,0.0,,0.0,0.0,,0.0,0.0,
SKD7.65X29X38,75.0,1000,SKD11029082,0.0,0.0,,0.0,0.0,,0.0,0.0,,0.0,0.0,,0.0,0.0,
SKD7.65X29X41,80.0,1000,SKD11029082,0.0,0.0,,0.0,0.0,,0.0,0.0,,0.0,0.0,,0.0,0.0,
SKD7.65X40X97,261.0,1000,SKD11040082,0.0,0.0,,0.0,0.0,,0.0,0.0,,0.0,0.0,,0.0,0.0,
SKD7.65X50X97,339.0,1000,SKD11050085,0.0,0.0,,0.0,0.0,,0.0,0.0,,0.0,0.0,,0.0,0.0,
SKD7.9X30X25,53.0,1000,SKD11030085,0.0,0.0,,0.0,0.0,,0.0,0.0,,0.0,0.0,,0.0,0.0,
SKD7.9X30X28,63.0,1000,SKD11030085,0.0,0.0,,0.0,0.0,,0.0,0.0,,0.0,0.0,,0.0,0.0,
SKD7.9X30X28-G-MADE,63.0,1000,SKD11030085,0.0,0.0,,0.0,0.0,,0.0,0.0,,0.0,0.0,,0.0,0.0,
SKD7.9X30X31.5,66.0,1000,SKD11030085,0.0,0.0,,0.0,0.0,,0.0,0.0,,0.0,0.0,,0.0,0.0,
SKD7.9X30X31-G-MADE,66.0,1000,SKD11030085,0.0,0.0,,0.0,0.0,,0.0,0.0,,0.0,0.0,,0.0,0.0,
SKD7B3015-CUT-ONLY,27.0,1000,SKD11030072,0.0,0.0,,0.0,0.0,,0.0,0.0,,0.0,0.0,,0.0,0.0,
SKD7B3020-CUT-ONLY,41.0,1000,SKD11030072,0.0,0.0,,0.0,0.0,,0.0,0.0,,0.0,0.0,,0.0,0.0,
SKD7B3030-CUT-ONLY,54.0,1000,SKD11030072,0.0,0.0,,0.0,0.0,,0.0,0.0,,0.0,0.0,,0.0,0.0,
SKD7B3032,57.0,1000,SKD11030072,0.0,0.0,,0.0,0.0,,0.0,0.0,,0.0,0.0,,0.0,0.0,
SKD7B3032-CUT-ONLY,57.0,1000,SKD11030072,0.0,0.0,,0.0,0.0,,0.0,0.0,,0.0,0.0,,0.0,0.0,
SKD7B3038-CUT-ONLY,68.0,1000,SKD11030072,0.0,0.0,,0.0,0.0,,0.0,0.0,,0.0,0.0,,0.0,0.0,
SKD7B3040-CUT-ONLY,71.0,1000,SKD11030072,0.0,0.0,,0.0,0.0,,0.0,0.0,,0.0,0.0,,0.0,0.0,
SKD7B3050-CUT-ONLY,89.0,1000,SKD11030072,0.0,0.0,,0.0,0.0,,0.0,0.0,,0.0,0.0,,0.0,0.0,
SKD7B3055-CUT-ONLY,98.0,1000,SKD11030072,0.0,0.0,,0.0,0.0,,0.0,0.0,,0.0,0.0,,0.0,0.0,
SKD7B3060-CUT-ONLY,107.0,1000,SKD11030072,0.0,0.0,,0.0,0.0,,0.0,0.0,,0.0,0.0,,0.0,0.0,
SKD7B3065,116.0,1000,SKD11030072,0.0,0.0,,0.0,0.0,,0.0,0.0,,0.0,0.0,,0.0,0.0,
SKD7B3065-CUT-ONLY,116.0,1000,SKD11030072,0.0,0.0,,0.0,0.0,,0.0,0.0,,0.0,0.0,,0.0,0.0,
SKD7B3228-CUT-ONLY,63.0,1000,SKD11032072,0.0,0.0,,0.0,0.0,,0.0,0.0,,0.0,0.0,,0.0,0.0,
SKD7B3235-CUT-ONLY,67.0,1000,SKD11032072,0.0,0.0,,0.0,0.0,,0.0,0.0,,0.0,0.0,,0.0,0.0,
SKD7B3240-CUT-ONLY,76.0,1000,SKD11032072,0.0,0.0,,0.0,0.0,,0.0,0.0,,0.0,0.0,,0.0,0.0,
SKD7B3245-CUT-ONLY,85.0,1000,SKD11032072,0.0,0.0,,0.0,0.0,,0.0,0.0,,0.0,0.0,,0.0,0.0,
SKD7B3250-CUT-ONLY,95.0,1000,SKD11032072,0.0,0.0,,0.0,0.0,,0.0,0.0,,0.0,0.0,,0.0,0.0,
SKD7B3254-CUT-ONLY,101.0,1000,SKD11032072,0.0,0.0,,0.0,0.0,,0.0,0.0,,0.0,0.0,,0.0,0.0,
SKD7B3255-CUT-ONLY,104.0,1000,SKD11032072,0.0,0.0,,0.0,0.0,,0.0,0.0,,0.0,0.0,,0.0,0.0,
SKD7B3260-CUT-ONLY,114.0,1000,SKD11032072,0.0,0.0,,0.0,0.0,,0.0,0.0,,0.0,0.0,,0.0,0.0,
SKD7B3270-CUT-ONLY,133.0,1000,SKD11032072,0.0,0.0,,0.0,0.0,,0.0,0.0,,0.0,0.0,,0.0,0.0,
SKD7B3290-CUT-ONLY,171.0,1000,SKD11032072,0.0,0.0,,0.0,0.0,,0.0,0.0,,0.0,0.0,,0.0,0.0,
SKD7B3558-CUT-ONLY,120.0,1000,SKD11035072,0.0,0.0,,0.0,0.0,,0.0,0.0,,0.0,0.0,,0.0,0.0,
SKD7Z3014-CUT-ONLY,25.0,1000,SKD11030070,0.0,0.0,,0.0,0.0,,0.0,0.0,,0.0,0.0,,0.0,0.0,
SKD7Z3015-CUT-ONLY,26.0,1000,SKD11030070,0.0,0.0,,0.0,0.0,,0.0,0.0,,0.0,0.0,,0.0,0.0,
SKD7Z3019-CUT-ONLY,33.0,1000,SKD11030070,0.0,0.0,,0.0,0.0,,0.0,0.0,,0.0,0.0,,0.0,0.0,
SKD7Z3020-CUT-ONLY,35.0,1000,SKD11030070,0.0,0.0,,0.0,0.0,,0.0,0.0,,0.0,0.0,,0.0,0.0,
SKD7Z3024-CUT-ONLY,42.0,1000,SKD11030070,0.0,0.0,,0.0,0.0,,0.0,0.0,,0.0,0.0,,0.0,0.0,
SKD7Z3025-CUT-ONLY,44.0,1000,SKD11030070,0.0,0.0,,0.0,0.0,,0.0,0.0,,0.0,0.0,,0.0,0.0,
SKD7Z3025-G-MADE,44.0,1000,SKD11030070,0.0,0.0,,0.0,0.0,,0.0,0.0,,0.0,0.0,,0.0,0.0,
SKD7Z3026-CUT-ONLY,45.0,1000,SKD11030070,0.0,0.0,,0.0,0.0,,0.0,0.0,,0.0,0.0,,0.0,0.0,
SKD7Z3027-CUT-ONLY,47.0,1000,SKD11030070,0.0,0.0,,0.0,0.0,,0.0,0.0,,0.0,0.0,,0.0,0.0,
SKD7Z3030-CUT-ONLY,52.0,1000,SKD11030070,0.0,0.0,,0.0,0.0,,0.0,0.0,,0.0,0.0,,0.0,0.0,
SKD7Z3030-G-MADE,52.0,1000,SKD11030070,0.0,0.0,,0.0,0.0,,0.0,0.0,,0.0,0.0,,0.0,0.0,
SKD7Z3032-CUT-ONLY,56.0,1000,SKD11030070,0.0,0.0,,0.0,0.0,,0.0,0.0,,0.0,0.0,,0.0,0.0,
SKD7Z3034-CUT-ONLY,59.0,1000,SKD11030070,0.0,0.0,,0.0,0.0,,0.0,0.0,,0.0,0.0,,0.0,0.0,
SKD7Z3037-CUT-ONLY,64.0,1000,SKD11030070,0.0,0.0,,0.0,0.0,,0.0,0.0,,0.0,0.0,,0.0,0.0,
SKD7Z3038-CUT-ONLY,66.0,1000,SKD11030070,0.0,0.0,,0.0,0.0,,0.0,0.0,,0.0,0.0,,0.0,0.0,
SKD7Z3040-CUT-ONLY,69.0,1000,SKD11030070,0.0,0.0,,0.0,0.0,,0.0,0.0,,0.0,0.0,,0.0,0.0,
SKD7Z3045-CUT-ONLY,78.0,1000,SKD11030070,0.0,0.0,,0.0,0.0,,0.0,0.0,,0.0,0.0,,0.0,0.0,
SKD7Z3054-CUT-ONLY,93.0,1000,SKD11030070,0.0,0.0,,0.0,0.0,,0.0,0.0,,0.0,0.0,,0.0,0.0,
SKD7Z3054-G-MADE,93.0,1000,SKD11030070,0.0,0.0,,0.0,0.0,,0.0,0.0,,0.0,0.0,,0.0,0.0,
SKD7Z3055-CUT-ONLY,95.0,1000,SKD11030070,0.0,0.0,,0.0,0.0,,0.0,0.0,,0.0,0.0,,0.0,0.0,
SKD7Z3060-CUT-ONLY,104.0,1000,SKD11030070,0.0,0.0,,0.0,0.0,,0.0,0.0,,0.0,0.0,,0.0,0.0,
SKD7Z3065-CUT-ONLY,112.0,1000,SKD11030070,0.0,0.0,,0.0,0.0,,0.0,0.0,,0.0,0.0,,0.0,0.0,
SKD7Z3070-CUT-ONLY,121.0,1000,SKD11030070,0.0,0.0,,0.0,0.0,,0.0,0.0,,0.0,0.0,,0.0,0.0,
SKD7Z3098-CUT-ONLY,169.0,1000,SKD11030070,0.0,0.0,,0.0,0.0,,0.0,0.0,,0.0,0.0,,0.0,0.0,
SKD7Z4030-CUT-ONLY,69.0,1000,SKD11040070,0.0,0.0,,0.0,0.0,,0.0,0.0,,0.0,0.0,,0.0,0.0,
SKD8.0X40X97,271.0,1000,SKD11040085,0.0,0.0,,0.0,0.0,,0.0,0.0,,0.0,0.0,,0.0,0.0,
SKD8.1X30X20-G-MADE,42.0,1000,SKD11030085,0.0,0.0,,0.0,0.0,,0.0,0.0,,0.0,0.0,,0.0,0.0,
SKD8.2X30X22-G-MADE,47.0,1000,SKD11030085,0.0,0.0,,0.0,0.0,,0.0,0.0,,0.0,0.0,,0.0,0.0,
SKD8.2X30X27-G-MADE,63.0,1000,SKD11030085,0.0,0.0,,0.0,0.0,,0.0,0.0,,0.0,0.0,,0.0,0.0,
SKD8.2X30X29-G-MADE,63.0,1000,SKD11030085,0.0,0.0,,0.0,0.0,,0.0,0.0,,0.0,0.0,,0.0,0.0,
SKD8.2X30X32-G-MADE,67.0,1000,SKD11030085,0.0,0.0,,0.0,0.0,,0.0,0.0,,0.0,0.0,,0.0,0.0,
SKD8.3X35X40-G-MADE,104.0,1000,SKD11035090,0.0,0.0,,0.0,0.0,,0.0,0.0,,0.0,0.0,,0.0,0.0,
SKD8.5X50X97,1.0,1,SKD105097,0.0,0.0,,0.0,0.0,,0.0,0.0,,0.0,0.0,,0.0,0.0,
SKD8.6X35X13,31.0,1000,SKD11035090,0.0,0.0,,0.0,0.0,,0.0,0.0,,0.0,0.0,,0.0,0.0,
SKD8B2121-CUT-ONLY,32.0,1000,SKD11021082,0.0,0.0,,0.0,0.0,,0.0,0.0,,0.0,0.0,,0.0,0.0,
SKD8B2125-CUT-ONLY,36.0,1000,SKD11021082,0.0,0.0,,0.0,0.0,,0.0,0.0,,0.0,0.0,,0.0,0.0,
SKD8B2130-CUT-ONLY,43.0,1000,SKD11021082,0.0,0.0,,0.0,0.0,,0.0,0.0,,0.0,0.0,,0.0,0.0,
SKD8B2135-CUT-ONLY,50.0,1000,SKD11021082,0.0,0.0,,0.0,0.0,,0.0,0.0,,0.0,0.0,,0.0,0.0,
SKD8B2136-CUT-ONLY,55.0,1000,SKD11021082,0.0,0.0,,0.0,0.0,,0.0,0.0,,0.0,0.0,,0.0,0.0,
SKD8B2140-CUT-ONLY,57.0,1000,SKD11021082,0.0,0.0,,0.0,0.0,,0.0,0.0,,0.0,0.0,,0.0,0.0,
SKD8B2144-CUT-ONLY,63.0,1000,SKD11021082,0.0,0.0,,0.0,0.0,,0.0,0.0,,0.0,0.0,,0.0,0.0,
SKD8B2148-CUT-ONLY,68.0,1000,SKD11021082,0.0,0.0,,0.0,0.0,,0.0,0.0,,0.0,0.0,,0.0,0.0,
SKD8B2155-CUT-ONLY,78.0,1000,SKD11021082,0.0,0.0,,0.0,0.0,,0.0,0.0,,0.0,0.0,,0.0,0.0,
SKD8B2160-CUT-ONLY,85.0,1000,SKD11021082,0.0,0.0,,0.0,0.0,,0.0,0.0,,0.0,0.0,,0.0,0.0,
SKD8B2165-CUT-ONLY,92.0,1000,SKD11021082,0.0,0.0,,0.0,0.0,,0.0,0.0,,0.0,0.0,,0.0,0.0,
SKD8B2914-CUT-ONLY,28.0,1000,SKD11029082,0.0,0.0,,0.0,0.0,,0.0,0.0,,0.0,0.0,,0.0,0.0,
SKD8B2920-CUT-ONLY,39.0,1000,SKD11029082,0.0,0.0,,0.0,0.0,,0.0,0.0,,0.0,0.0,,0.0,0.0,
SKD8B2925-CUT-ONLY,49.0,1000,SKD11029082,0.0,0.0,,0.0,0.0,,0.0,0.0,,0.0,0.0,,0.0,0.0,
SKD8B2927,53.0,1000,SKD11029082,0.0,0.0,,0.0,0.0,,0.0,0.0,,0.0,0.0,,0.0,0.0,
SKD8B2927-CUT-ONLY,53.0,1000,SKD11029082,0.0,0.0,,0.0,0.0,,0.0,0.0,,0.0,0.0,,0.0,0.0,
SKD8B2928-CUT-ONLY,55.0,1000,SKD11029082,0.0,0.0,,0.0,0.0,,0.0,0.0,,0.0,0.0,,0.0,0.0,
SKD8B2931-CUT-ONLY,62.0,1000,SKD11029082,0.0,0.0,,0.0,0.0,,0.0,0.0,,0.0,0.0,,0.0,0.0,
SKD8B2932-CUT-ONLY,63.0,1000,SKD11029082,0.0,0.0,,0.0,0.0,,0.0,0.0,,0.0,0.0,,0.0,0.0,
SKD8B2938-CUT-ONLY,75.0,1000,SKD11029082,0.0,0.0,,0.0,0.0,,0.0,0.0,,0.0,0.0,,0.0,0.0,
SKD8B2940-CUT-ONLY,78.0,1000,SKD11029082,0.0,0.0,,0.0,0.0,,0.0,0.0,,0.0,0.0,,0.0,0.0,
SKD8B2941,80.0,1000,SKD11029082,0.0,0.0,,0.0,0.0,,0.0,0.0,,0.0,0.0,,0.0,0.0,
SKD8B2941-CUT-ONLY,80.0,1000,SKD11029082,0.0,0.0,,0.0,0.0,,0.0,0.0,,0.0,0.0,,0.0,0.0,
SKD8B2943-CUT-ONLY,84.0,1000,SKD11029082,0.0,0.0,,0.0,0.0,,0.0,0.0,,0.0,0.0,,0.0,0.0,
SKD8B2944-CUT-ONLY,86.0,1000,SKD11029082,0.0,0.0,,0.0,0.0,,0.0,0.0,,0.0,0.0,,0.0,0.0,
SKD8B2948-CUT-ONLY,94.0,1000,SKD11029082,0.0,0.0,,0.0,0.0,,0.0,0.0,,0.0,0.0,,0.0,0.0,
SKD8B2950-CUT-ONLY,98.0,1000,SKD11029082,0.0,0.0,,0.0,0.0,,0.0,0.0,,0.0,0.0,,0.0,0.0,
SKD8B2955-CUT-ONLY,108.0,1000,SKD11029082,0.0,0.0,,0.0,0.0,,0.0,0.0,,0.0,0.0,,0.0,0.0,
SKD8B2960-CUT-ONLY,117.0,1000,SKD11029082,0.0,0.0,,0.0,0.0,,0.0,0.0,,0.0,0.0,,0.0,0.0,
SKD8B2965-CUT-ONLY,127.0,1000,SKD11029082,0.0,0.0,,0.0,0.0,,0.0,0.0,,0.0,0.0,,0.0,0.0,
SKD8B2970-CUT-ONLY,137.0,1000,SKD11029082,0.0,0.0,,0.0,0.0,,0.0,0.0,,0.0,0.0,,0.0,0.0,
SKD8B2980,156.0,1000,SKD11029082,0.0,0.0,,0.0,0.0,,0.0,0.0,,0.0,0.0,,0.0,0.0,
SKD8B2980-CUT-ONLY,156.0,1000,SKD11029082,0.0,0.0,,0.0,0.0,,0.0,0.0,,0.0,0.0,,0.0,0.0,
SKD8B2985-CUT-ONLY,166.0,1000,SKD11029082,0.0,0.0,,0.0,0.0,,0.0,0.0,,0.0,0.0,,0.0,0.0,
SKD8B4026-CUT-ONLY,70.0,1000,SKD11040082,0.0,0.0,,0.0,0.0,,0.0,0.0,,0.0,0.0,,0.0,0.0,
SKD8B4030-CUT-ONLY,81.0,1000,SKD11040082,0.0,0.0,,0.0,0.0,,0.0,0.0,,0.0,0.0,,0.0,0.0,
SKD8B4040-CUT-ONLY,108.0,1000,SKD11040082,0.0,0.0,,0.0,0.0,,0.0,0.0,,0.0,0.0,,0.0,0.0,
SKD8B4048-CUT-ONLY,130.0,1000,SKD11040082,0.0,0.0,,0.0,0.0,,0.0,0.0,,0.0,0.0,,0.0,0.0,
SKD8B4052-CUT-ONLY,140.0,1000,SKD11040082,0.0,0.0,,0.0,0.0,,0.0,0.0,,0.0,0.0,,0.0,0.0,
SKD8B4058-CUT-ONLY,158.0,1000,SKD11040082,0.0,0.0,,0.0,0.0,,0.0,0.0,,0.0,0.0,,0.0,0.0,
SKD8B4060,164.0,1000,SKD11040082,0.0,0.0,,0.0,0.0,,0.0,0.0,,0.0,0.0,,0.0,0.0,
SKD8B4060-CUT-ONLY,164.0,1000,SKD11040082,0.0,0.0,,0.0,0.0,,0.0,0.0,,0.0,0.0,,0.0,0.0,
SKD8B4065-CUT-ONLY,175.0,1000,SKD11040082,0.0,0.0,,0.0,0.0,,0.0,0.0,,0.0,0.0,,0.0,0.0,
SKD8B4068,183.0,1000,SKD11040082,0.0,0.0,,0.0,0.0,,0.0,0.0,,0.0,0.0,,0.0,0.0,
SKD8B4068-CUT-ONLY,183.0,1000,SKD11040082,0.0,0.0,,0.0,0.0,,0.0,0.0,,0.0,0.0,,0.0,0.0,
SKD8B4072,194.0,1000,SKD11040082,0.0,0.0,,0.0,0.0,,0.0,0.0,,0.0,0.0,,0.0,0.0,
SKD8B4072-CUT-ONLY,194.0,1000,SKD11040082,0.0,0.0,,0.0,0.0,,0.0,0.0,,0.0,0.0,,0.0,0.0,
SKD8B4097,261.0,1000,SKD11040082,0.0,0.0,,0.0,0.0,,0.0,0.0,,0.0,0.0,,0.0,0.0,
SKD8B4097-CUT-ONLY,261.0,1000,SKD11040082,0.0,0.0,,0.0,0.0,,0.0,0.0,,0.0,0.0,,0.0,0.0,
SKD8E3020-CUT-ONLY,42.0,1000,SKD11030085,0.0,0.0,,0.0,0.0,,0.0,0.0,,0.0,0.0,,0.0,0.0,
SKD8E3020-G-8.1-MADE,42.0,1000,SKD11030085,0.0,0.0,,0.0,0.0,,0.0,0.0,,0.0,0.0,,0.0,0.0,
SKD8E3022-CUT-ONLY,47.0,1000,SKD11030085,0.0,0.0,,0.0,0.0,,0.0,0.0,,0.0,0.0,,0.0,0.0,
SKD8E3022-G-MADE,47.0,1000,SKD11030085,0.0,0.0,,0.0,0.0,,0.0,0.0,,0.0,0.0,,0.0,0.0,
SKD8E3025-CUT-ONLY,53.0,1000,SKD11030085,0.0,0.0,,0.0,0.0,,0.0,0.0,,0.0,0.0,,0.0,0.0,
SKD8E3025-G-MADE,53.0,1000,SKD11030085,0.0,0.0,,0.0,0.0,,0.0,0.0,,0.0,0.0,,0.0,0.0,
SKD8E3030-CUT-ONLY,63.0,1000,SKD11030085,0.0,0.0,,0.0,0.0,,0.0,0.0,,0.0,0.0,,0.0,0.0,
SKD8E3034-CUT-ONLY,72.0,1000,SKD11030085,0.0,0.0,,0.0,0.0,,0.0,0.0,,0.0,0.0,,0.0,0.0,
SKD8E3038-CUT-ONLY,80.0,1000,SKD11030085,0.0,0.0,,0.0,0.0,,0.0,0.0,,0.0,0.0,,0.0,0.0,
SKD8E3040-CUT-ONLY,85.0,1000,SKD11030085,0.0,0.0,,0.0,0.0,,0.0,0.0,,0.0,0.0,,0.0,0.0,
SKD8E3053,113.0,1000,SKD11030085,0.0,0.0,,0.0,0.0,,0.0,0.0,,0.0,0.0,,0.0,0.0,
SKD8E3053-CUT-ONLY,113.0,1000,SKD11030085,0.0,0.0,,0.0,0.0,,0.0,0.0,,0.0,0.0,,0.0,0.0,
SKD8E3065-CUT-ONLY,136.0,1000,SKD11030085,0.0,0.0,,0.0,0.0,,0.0,0.0,,0.0,0.0,,0.0,0.0,
SKD8E4020-CUT-ONLY,56.0,1000,SKD11040085,0.0,0.0,,0.0,0.0,,0.0,0.0,,0.0,0.0,,0.0,0.0,
SKD8E4030-CUT-ONLY,84.0,1000,SKD11040085,0.0,0.0,,0.0,0.0,,0.0,0.0,,0.0,0.0,,0.0,0.0,
SKD8E4035-CUT-ONLY,98.0,1000,SKD11040085,0.0,0.0,,0.0,0.0,,0.0,0.0,,0.0,0.0,,0.0,0.0,
SKD8E4038-CUT-ONLY,106.0,1000,SKD11040085,0.0,0.0,,0.0,0.0,,0.0,0.0,,0.0,0.0,,0.0,0.0,
SKD8E4040,111.0,1000,SKD11040085,0.0,0.0,,0.0,0.0,,0.0,0.0,,0.0,0.0,,0.0,0.0,
SKD8E4040-CUT-ONLY,111.0,1000,SKD11040085,0.0,0.0,,0.0,0.0,,0.0,0.0,,0.0,0.0,,0.0,0.0,
SKD8E4048-CUT-ONLY,134.0,1000,SKD11040085,0.0,0.0,,0.0,0.0,,0.0,0.0,,0.0,0.0,,0.0,0.0,
SKD8E4051-CUT-ONLY,143.0,1000,SKD11040085,0.0,0.0,,0.0,0.0,,0.0,0.0,,0.0,0.0,,0.0,0.0,
SKD8E4053-CUT-ONLY,148.0,1000,SKD11040085,0.0,0.0,,0.0,0.0,,0.0,0.0,,0.0,0.0,,0.0,0.0,
SKD8E4065-CUT-ONLY,182.0,1000,SKD11040085,0.0,0.0,,0.0,0.0,,0.0,0.0,,0.0,0.0,,0.0,0.0,
SKD8E4080-CUT-ONLY,224.0,1000,SKD11040085,0.0,0.0,,0.0,0.0,,0.0,0.0,,0.0,0.0,,0.0,0.0,
SKD8E4097,272.0,1000,SKD11040085,0.0,0.0,,0.0,0.0,,0.0,0.0,,0.0,0.0,,0.0,0.0,
SKD8E4097-CUT-ONLY,272.0,1000,SKD11040085,0.0,0.0,,0.0,0.0,,0.0,0.0,,0.0,0.0,,0.0,0.0,
SKD8E5018-CUT-ONLY,63.0,1000,SKD11050085,0.0,0.0,,0.0,0.0,,0.0,0.0,,0.0,0.0,,0.0,0.0,
SKD8E5028-CUT-ONLY,98.0,1000,SKD11050085,0.0,0.0,,0.0,0.0,,0.0,0.0,,0.0,0.0,,0.0,0.0,
SKD8E5030-CUT-ONLY,105.0,1000,SKD11050085,0.0,0.0,,0.0,0.0,,0.0,0.0,,0.0,0.0,,0.0,0.0,
SKD8E5035-CUT-ONLY,121.0,1000,SKD11050085,0.0,0.0,,0.0,0.0,,0.0,0.0,,0.0,0.0,,0.0,0.0,
SKD8E5040-CUT-ONLY,140.0,1000,SKD11050085,0.0,0.0,,0.0,0.0,,0.0,0.0,,0.0,0.0,,0.0,0.0,
SKD8E5048-CUT-ONLY,168.0,1000,SKD11050085,0.0,0.0,,0.0,0.0,,0.0,0.0,,0.0,0.0,,0.0,0.0,
SKD8E5050,174.0,1000,SKD11050085,0.0,0.0,,0.0,0.0,,0.0,0.0,,0.0,0.0,,0.0,0.0,
SKD8E5050-CUT-ONLY,174.0,1000,SKD11050085,0.0,0.0,,0.0,0.0,,0.0,0.0,,0.0,0.0,,0.0,0.0,
SKD8E5052-CUT-ONLY,181.0,1000,SKD11050085,0.0,0.0,,0.0,0.0,,0.0,0.0,,0.0,0.0,,0.0,0.0,
SKD8E5059-CUT-ONLY,206.0,1000,SKD11050085,0.0,0.0,,0.0,0.0,,0.0,0.0,,0.0,0.0,,0.0,0.0,
SKD8E5065,227.0,1000,SKD11050085,0.0,0.0,,0.0,0.0,,0.0,0.0,,0.0,0.0,,0.0,0.0,
SKD8E5065-CUT-ONLY,227.0,1000,SKD11050085,0.0,0.0,,0.0,0.0,,0.0,0.0,,0.0,0.0,,0.0,0.0,
SKD9.0X50X110,1.0,1,SKD10X50X110,0.0,0.0,,0.0,0.0,,0.0,0.0,,0.0,0.0,,0.0,0.0,
SKD9.0X50X32,61.0,1000,SKD11030070,0.0,0.0,,0.0,0.0,,0.0,0.0,,0.0,0.0,,0.0,0.0,
SKD9.0X50X34,1.0,1,SKD105034,0.0,0.0,,0.0,0.0,,0.0,0.0,,0.0,0.0,,0.0,0.0,
SKD9.0X50X37,1.0,1,SKD105037-KAJIWARA,0.0,0.0,,0.0,0.0,,0.0,0.0,,0.0,0.0,,0.0,0.0,
SKD9.0X50X38,1.0,1,SKD105038,0.0,0.0,,0.0,0.0,,0.0,0.0,,0.0,0.0,,0.0,0.0,
SKD9.4X50X97,1.0,1,SKD105097,0.0,0.0,,0.0,0.0,,0.0,0.0,,0.0,0.0,,0.0,0.0,
SKD9Z3513-CUT-ONLY,31.0,1000,SKD11035090,0.0,0.0,,0.0,0.0,,0.0,0.0,,0.0,0.0,,0.0,0.0,
SKD9Z3515,39.0,1000,SKD11035090,0.0,0.0,,0.0,0.0,,0.0,0.0,,0.0,0.0,,0.0,0.0,
SKD9Z3515-CUT-ONLY,39.0,1000,SKD11035090,0.0,0.0,,0.0,0.0,,0.0,0.0,,0.0,0.0,,0.0,0.0,
SKD9Z3520-CUT-ONLY,52.0,1000,SKD11035090,0.0,0.0,,0.0,0.0,,0.0,0.0,,0.0,0.0,,0.0,0.0,
SKD9Z3530-CUT-ONLY,78.0,1000,SKD11035090,0.0,0.0,,0.0,0.0,,0.0,0.0,,0.0,0.0,,0.0,0.0,
SKD9Z3540-CUT-ONLY,104.0,1000,SKD11035090,0.0,0.0,,0.0,0.0,,0.0,0.0,,0.0,0.0,,0.0,0.0,
SKD9Z3545-CUT-ONLY,117.0,1000,SKD11035090,0.0,0.0,,0.0,0.0,,0.0,0.0,,0.0,0.0,,0.0,0.0,
SKD9Z3547-CUT-ONLY,123.0,1000,SKD11035090,0.0,0.0,,0.0,0.0,,0.0,0.0,,0.0,0.0,,0.0,0.0,
SKD9Z3555-CUT-ONLY,143.0,1000,SKD11035090,0.0,0.0,,0.0,0.0,,0.0,0.0,,0.0,0.0,,0.0,0.0,
SKD9Z3565,168.0,1000,SKD11035090,0.0,0.0,,0.0,0.0,,0.0,0.0,,0.0,0.0,,0.0,0.0,
SKD9Z3565-CUT-ONLY,168.0,1000,SKD11035090,0.0,0.0,,0.0,0.0,,0.0,0.0,,0.0,0.0,,0.0,0.0,
SKD9Z3580-CUT-ONLY,207.0,1000,SKD11035090,0.0,0.0,,0.0,0.0,,0.0,0.0,,0.0,0.0,,0.0,0.0,
SR2C-MB1A,1.0,1,SKD5E3050,70.0,1000.0,SKD11030055,0.0,0.0,,0.0,0.0,,0.0,0.0,,0.0,0.0,
SR4-DV118,1.0,1,SR4-MV118,1.0,1.0,S6H3828,75.0,1000.0,SUJ3038068,0.0,0.0,,0.0,0.0,,0.0,0.0,
SR4-MV112,1.0,1,S6H3828,75.0,1000.0,SUJ3038068,0.0,0.0,,0.0,0.0,,0.0,0.0,,0.0,0.0,
SR4-MY218,1.0,1,SKD6G2525,35.0,1000.0,SKD11025067,0.0,0.0,,0.0,0.0,,0.0,0.0,,0.0,0.0,
SR5-MB1,1.0,1,SKD5Z2230,30.0,1000.0,SKD11022050,0.0,0.0,,0.0,0.0,,0.0,0.0,,0.0,0.0,
V7E-MY4AA38,1.0,1,SKD6G2538,53.0,1000.0,SKD11025067,0.0,0.0,,0.0,0.0,,0.0,0.0,,0.0,0.0,
V8EER-MB2AA40,1.0,1,SKD6G2218,24.0,1000.0,SKD11022067,0.0,0.0,,0.0,0.0,,0.0,0.0,,0.0,0.0,
V8ER-DB1AA30,1.0,1,V8ER-MB1AA30,1.0,1.0,SKD6G2518,24.0,1000.0,SKD11025067,0.0,0.0,,0.0,0.0,,0.0,0.0,
V8ER-DB2AA30,1.0,1,V8ER-MB2AA30,1.0,1.0,SKD6G2218,24.0,1000.0,SKD11022067,0.0,0.0,,0.0,0.0,,0.0,0.0,
V8ER-DB5AA30,1.0,1,V8ER-MB5AA30,1.0,1.0,SKD8B2130,43.0,1000.0,SKD11021082,0.0,0.0,,0.0,0.0,,0.0,0.0,
V8ER-DB5AA36,1.0,1,V8ER-MB5AA36,1.0,1.0,SKD8B2130,43.0,1000.0,SKD11021082,0.0,0.0,,0.0,0.0,,0.0,0.0,
V8ER-DB9AA30,1.0,1,V8ER-MB9AA30,1.0,1.0,SKD8B2144,63.0,1000.0,SKD11021082,0.0,0.0,,0.0,0.0,,0.0,0.0,
V8ER-DB9AA36,1.0,1,V8ER-MB9AA36,1.0,1.0,SKD8B2148,68.0,1000.0,SKD11021082,0.0,0.0,,0.0,0.0,,0.0,0.0,
V8ER-DF1AB36,1.0,1,V8ER-MF1AB36,1.0,1.0,SKD8B2135,50.0,1000.0,SKD11021082,0.0,0.0,,0.0,0.0,,0.0,0.0,
V8ER-DY3AA30,1.0,1,V8ER-MY3AA30,1.0,1.0,SKD6G2532,45.0,1000.0,SKD11025067,0.0,0.0,,0.0,0.0,,0.0,0.0,
V8ER-DY3AA33,1.0,1,V8ER-MY3AA33,1.0,1.0,SKD6G2532,45.0,1000.0,SKD11025067,0.0,0.0,,0.0,0.0,,0.0,0.0,
V8ER-DY4AA30,1.0,1,V8ER-MY4AA30,1.0,1.0,SKD6G2548,66.0,1000.0,SKD11025067,0.0,0.0,,0.0,0.0,,0.0,0.0,
V8ER-DY4AA36,1.0,1,V8ER-MY4AA36,1.0,1.0,SKD6G2548,66.0,1000.0,SKD11025067,0.0,0.0,,0.0,0.0,,0.0,0.0,
V8ER-MB1AA30-TEMP,1.0,1,SKD6G2518,24.0,1000.0,SKD11025067,0.0,0.0,,0.0,0.0,,0.0,0.0,,0.0,0.0,
V8ER-MB1AA36,1.0,1,SKD6G2519,27.0,1000.0,SKD11025067,0.0,0.0,,0.0,0.0,,0.0,0.0,,0.0,0.0,
V8ER-MB1AA40,1.0,1,SKD6G2519,27.0,1000.0,SKD11025067,0.0,0.0,,0.0,0.0,,0.0,0.0,,0.0,0.0,
V8ER-MB2AA30-TEMP,1.0,1,SKD6G2218,24.0,1000.0,SKD11022067,0.0,0.0,,0.0,0.0,,0.0,0.0,,0.0,0.0,
V8ER-MB2AA36,1.0,1,SKD6G2218,24.0,1000.0,SKD11022067,0.0,0.0,,0.0,0.0,,0.0,0.0,,0.0,0.0,
V8ER-MB2AA40,1.0,1,SKD6G2218,24.0,1000.0,SKD11022067,0.0,0.0,,0.0,0.0,,0.0,0.0,,0.0,0.0,
V8ER-MB3AA34,1.0,1,SKD6G2218,24.0,1000.0,SKD11022067,0.0,0.0,,0.0,0.0,,0.0,0.0,,0.0,0.0,
V8ER-MB4AA34,1.0,1,SKD6G2218,24.0,1000.0,SKD11022067,0.0,0.0,,0.0,0.0,,0.0,0.0,,0.0,0.0,
V8ER-MB5AA30-TEMP,1.0,1,SKD8B2130,43.0,1000.0,SKD11021082,0.0,0.0,,0.0,0.0,,0.0,0.0,,0.0,0.0,
V8ER-MB5AA34,1.0,1,SKD8B2130,43.0,1000.0,SKD11021082,0.0,0.0,,0.0,0.0,,0.0,0.0,,0.0,0.0,
V8ER-MB7AA34,1.0,1,SKD8B2130,43.0,1000.0,SKD11021082,0.0,0.0,,0.0,0.0,,0.0,0.0,,0.0,0.0,
V8ER-MB9AA30-TEMP,1.0,1,SKD8B2144,63.0,1000.0,SKD11021082,0.0,0.0,,0.0,0.0,,0.0,0.0,,0.0,0.0,
V8ER-MB9AA34,1.0,1,SKD8B2148,68.0,1000.0,SKD11021082,0.0,0.0,,0.0,0.0,,0.0,0.0,,0.0,0.0,
V8ER-MC1AA34,1.0,1,SKD8B2140,57.0,1000.0,SKD11021082,0.0,0.0,,0.0,0.0,,0.0,0.0,,0.0,0.0,
V8ER-MD5AA30,1.0,1,SKD8B2144,63.0,1000.0,SKD11021082,0.0,0.0,,0.0,0.0,,0.0,0.0,,0.0,0.0,
V8ER-MF1AA30,1.0,1,SKD8B2130,43.0,1000.0,SKD11021082,0.0,0.0,,0.0,0.0,,0.0,0.0,,0.0,0.0,
V8ER-MF3AA30,1.0,1,SKD8B2130,43.0,1000.0,SKD11021082,0.0,0.0,,0.0,0.0,,0.0,0.0,,0.0,0.0,
V8ER-MH5AA33,1.0,1,SKD8B2140,57.0,1000.0,SKD11021082,0.0,0.0,,0.0,0.0,,0.0,0.0,,0.0,0.0,
V8ER-MW1AA30,1.0,1,SKD5E2520,26.0,1000.0,SKD11025055,0.0,0.0,,0.0,0.0,,0.0,0.0,,0.0,0.0,
V8ER-MW2AA30,1.0,1,SKD6G2532,45.0,1000.0,SKD11025067,0.0,0.0,,0.0,0.0,,0.0,0.0,,0.0,0.0,
V8ER-MW5AA30,1.0,1,SKD5E2522,28.0,1000.0,SKD11025055,0.0,0.0,,0.0,0.0,,0.0,0.0,,0.0,0.0,
V8ER-MW6AA33,1.0,1,SKD6G2545,62.0,1000.0,SKD11025067,0.0,0.0,,0.0,0.0,,0.0,0.0,,0.0,0.0,
V8ER-MY1AA30-TEMP,1.0,1,SKD5E2520,26.0,1000.0,SKD11025055,0.0,0.0,,0.0,0.0,,0.0,0.0,,0.0,0.0,
V8ER-MY1AA36,1.0,1,SKD5E2520,26.0,1000.0,SKD11025055,0.0,0.0,,0.0,0.0,,0.0,0.0,,0.0,0.0,
V8ER-MY1AA40,1.0,1,SKD5E2522,28.0,1000.0,SKD11025055,0.0,0.0,,0.0,0.0,,0.0,0.0,,0.0,0.0,
V8ER-MY2AA30-TEMP,1.0,1,SKD6G2532,45.0,1000.0,SKD11025067,0.0,0.0,,0.0,0.0,,0.0,0.0,,0.0,0.0,
V8ER-MY3AA34,1.0,1,SKD6G2532,45.0,1000.0,SKD11025067,0.0,0.0,,0.0,0.0,,0.0,0.0,,0.0,0.0,
V8ER-MY3AA36,1.0,1,SKD6G2532,45.0,1000.0,SKD11025067,0.0,0.0,,0.0,0.0,,0.0,0.0,,0.0,0.0,
V8ER-MY3AA38,1.0,1,SKD6G2532,45.0,1000.0,SKD11025067,0.0,0.0,,0.0,0.0,,0.0,0.0,,0.0,0.0,
V8ER-MY3AA40,1.0,1,SKD6G2532,45.0,1000.0,SKD11025067,0.0,0.0,,0.0,0.0,,0.0,0.0,,0.0,0.0,
V8ER-MY4AA30-TEMP,1.0,1,SKD6G2548,66.0,1000.0,SKD11025067,0.0,0.0,,0.0,0.0,,0.0,0.0,,0.0,0.0,
V8ER-MY4AA34,1.0,1,SKD6G2548,66.0,1000.0,SKD11025067,0.0,0.0,,0.0,0.0,,0.0,0.0,,0.0,0.0,
V8ER-MY4AA40,1.0,1,SKD6G2550,69.0,1000.0,SKD11025067,0.0,0.0,,0.0,0.0,,0.0,0.0,,0.0,0.0,
V8ER-MY5AA36,1.0,1,SKD8B2130,43.0,1000.0,SKD11021082,0.0,0.0,,0.0,0.0,,0.0,0.0,,0.0,0.0,
V8ME-DB1AA30,1.0,1,V8ME-MB1AA30,1.0,1.0,SKD5E2538,45.0,1000.0,SKD11025055,0.0,0.0,,0.0,0.0,,0.0,0.0,
V8ME-DB3AA30,1.0,1,V8ME-MB3AA30,1.0,1.0,SKD6G2525,35.0,1000.0,SKD11025067,0.0,0.0,,0.0,0.0,,0.0,0.0,
V8ME-DB3AA33,1.0,1,V8ME-MB3AA33,1.0,1.0,SKD6G2525,35.0,1000.0,SKD11025067,0.0,0.0,,0.0,0.0,,0.0,0.0,
V8ME-DB5AA30,1.0,1,V8ME-MB5AA30,1.0,1.0,SKD6G2532,45.0,1000.0,SKD11025067,0.0,0.0,,0.0,0.0,,0.0,0.0,
V8ME-DC3AA34,1.0,1,V8ME-MC3AA34,1.0,1.0,SKD5E2533,39.0,1000.0,SKD11025055,0.0,0.0,,0.0,0.0,,0.0,0.0,
V8ME-DC5AA33,1.0,1,V8ME-MC5AA33,1.0,1.0,SKD6G2531,43.0,1000.0,SKD11025067,0.0,0.0,,0.0,0.0,,0.0,0.0,
V8ME-DC5AA34,1.0,1,V8ME-MC5AA34,1.0,1.0,SKD6G2534,47.0,1000.0,SKD11025067,0.0,0.0,,0.0,0.0,,0.0,0.0,
V8ME-DX1AA33,1.0,1,V8ME-MX1AA33,1.0,1.0,SKD5E2235,35.0,1000.0,SKD11022055,0.0,0.0,,0.0,0.0,,0.0,0.0,
V8ME-DX1AA36,1.0,1,V8ME-MX1AA36,1.0,1.0,SKD5E2235,35.0,1000.0,SKD11022055,0.0,0.0,,0.0,0.0,,0.0,0.0,
V8ME-DX1AA38,1.0,1,V8ME-MX1AA38,1.0,1.0,SKD5E2235,35.0,1000.0,SKD11022055,0.0,0.0,,0.0,0.0,,0.0,0.0,
V8ME-DX1BA33,1.0,1,V8ME-MX1BA33,1.0,1.0,SKD5E2230,30.0,1000.0,SKD11022055,0.0,0.0,,0.0,0.0,,0.0,0.0,
V8ME-DX2AA30,1.0,1,V8ME-MX2AA30,1.0,1.0,SKD6G2235,43.0,1000.0,SKD11022067,0.0,0.0,,0.0,0.0,,0.0,0.0,
V8ME-DX2AA33,1.0,1,V8ME-MX2AA33,1.0,1.0,SKD6G1535,41.0,1000.0,SKD11015067,0.0,0.0,,0.0,0.0,,0.0,0.0,
V8ME-DX2AA34,1.0,1,V8ME-MX2AA34,1.0,1.0,SKD6G2234,42.0,1000.0,SKD11022067,0.0,0.0,,0.0,0.0,,0.0,0.0,
V8ME-DX2AA36,1.0,1,V8ME-MX2AA36,1.0,1.0,SKD6G2235,43.0,1000.0,SKD11022067,0.0,0.0,,0.0,0.0,,0.0,0.0,
V8ME-DX2AA38,1.0,1,V8ME-MX2AA38,1.0,1.0,SKD6G2235,43.0,1000.0,SKD11022067,0.0,0.0,,0.0,0.0,,0.0,0.0,
V8ME-DX5AA33,1.0,1,V8ME-MX5AA33,1.0,1.0,SKD6G2234,42.0,1000.0,SKD11022067,0.0,0.0,,0.0,0.0,,0.0,0.0,
V8ME-DY1AA33,1.0,1,V8ME-MY1AA33,1.0,1.0,SKD5E2245,45.0,1000.0,SKD11022055,0.0,0.0,,0.0,0.0,,0.0,0.0,
V8ME-DY1AA38,1.0,1,V8ME-MY1AA38,1.0,1.0,SKD5E2245,45.0,1000.0,SKD11022055,0.0,0.0,,0.0,0.0,,0.0,0.0,
V8ME-DY2AA30,1.0,1,V8ME-MY2AA30,1.0,1.0,SKD6G1535,41.0,1000.0,SKD11015067,0.0,0.0,,0.0,0.0,,0.0,0.0,
V8ME-DY2AA33,1.0,1,V8ME-MY2AA33,1.0,1.0,SKD6G2224,30.0,1000.0,SKD11022067,0.0,0.0,,0.0,0.0,,0.0,0.0,
V8ME-DY3AA33,1.0,1,V8ME-MY3AA33,1.0,1.0,SKD6G1535,41.0,1000.0,SKD11015067,0.0,0.0,,0.0,0.0,,0.0,0.0,
V8ME-MB1AA33,1.0,1,SKD5E2538,45.0,1000.0,SKD11025055,0.0,0.0,,0.0,0.0,,0.0,0.0,,0.0,0.0,
V8ME-MC4AA30,1.0,1,SKD5E2532,38.0,1000.0,SKD11025055,0.0,0.0,,0.0,0.0,,0.0,0.0,,0.0,0.0,
V8ME-MC5DA30,1.0,1,SKD6G2532,45.0,1000.0,SKD11025067,0.0,0.0,,0.0,0.0,,0.0,0.0,,0.0,0.0,
V8ME-MC5DA33,1.0,1,SKD6G2532,45.0,1000.0,SKD11025067,0.0,0.0,,0.0,0.0,,0.0,0.0,,0.0,0.0,
V8ME-MC6DA30,1.0,1,SKD6G2530,42.0,1000.0,SKD11025067,0.0,0.0,,0.0,0.0,,0.0,0.0,,0.0,0.0,
V8ME-MV1AA33,1.0,1,SKD5E2535,41.0,1000.0,SKD11025055,0.0,0.0,,0.0,0.0,,0.0,0.0,,0.0,0.0,
V8ME-MX1BA38,1.0,1,SKD5E2235,35.0,1000.0,SKD11022055,0.0,0.0,,0.0,0.0,,0.0,0.0,,0.0,0.0,
V8ME-MX1EA30,1.0,1,SKD5E2230,30.0,1000.0,SKD11022055,0.0,0.0,,0.0,0.0,,0.0,0.0,,0.0,0.0,
V8ME-MX2EA30,1.0,1,SKD6G1535,41.0,1000.0,SKD11015067,0.0,0.0,,0.0,0.0,,0.0,0.0,,0.0,0.0,
V8ME-MX2EA33,1.0,1,SKD6G1535,41.0,1000.0,SKD11015067,0.0,0.0,,0.0,0.0,,0.0,0.0,,0.0,0.0,
V8ME-MX5AA30,1.0,1,SKD6G2235,43.0,1000.0,SKD11022067,0.0,0.0,,0.0,0.0,,0.0,0.0,,0.0,0.0,
V8ME-MY2AA38,1.0,1,SKD6G2227,33.0,1000.0,SKD11022067,0.0,0.0,,0.0,0.0,,0.0,0.0,,0.0,0.0,
V8ME-MY3AA38,1.0,1,SKD6G2235,43.0,1000.0,SKD11022067,0.0,0.0,,0.0,0.0,,0.0,0.0,,0.0,0.0,
VIL7AE-DY1AA30,1.0,1,VIL7AE-MY1AA30,1.0,1.0,SKD5E2522,28.0,1000.0,SKD11025055,0.0,0.0,,0.0,0.0,,0.0,0.0,
VIL7AE-DY2SA30,1.0,1,VIL7AE-MY2SA30,1.0,1.0,SKD6G2523,32.0,1000.0,SKD11025067,0.0,0.0,,0.0,0.0,,0.0,0.0,
VIL7AE-DY4AA30,1.0,1,VIL7AE-MY4AA30,1.0,1.0,SKD6G2538,53.0,1000.0,SKD11025067,0.0,0.0,,0.0,0.0,,0.0,0.0,
VLEC4D-MB2AA30,1.0,1,SKD6G3540,77.0,1000.0,SKD11035067,0.0,0.0,,0.0,0.0,,0.0,0.0,,0.0,0.0,
VLEC4D-MC1AA30,1.0,1,SKD6G3555,106.0,1000.0,SKD11035067,0.0,0.0,,0.0,0.0,,0.0,0.0,,0.0,0.0,
VNY2-DB3AA36,1.0,1,VNY2-MB3AA36,1.0,1.0,SKD6G2554,75.0,1000.0,SKD11025067,0.0,0.0,,0.0,0.0,,0.0,0.0,
VNY2-MB2AA36,1.0,1,SKD6G2538,53.0,1000.0,SKD11025067,0.0,0.0,,0.0,0.0,,0.0,0.0,,0.0,0.0,
VNY2-MY2AA36,1.0,1,SKD6G2530,42.0,1000.0,SKD11025067,0.0,0.0,,0.0,0.0,,0.0,0.0,,0.0,0.0,
VNY2-MY3AA36,1.0,1,SKD6G2554,75.0,1000.0,SKD11025067,0.0,0.0,,0.0,0.0,,0.0,0.0,,0.0,0.0,
VXRSY-DY2AA26,1.0,1,VXRSY-MY2AA26,1.0,1.0,SKD8B2940,78.0,1000.0,SKD11029082,0.0,0.0,,0.0,0.0,,0.0,0.0,
VXRSY-DY3BA26,1.0,1,VXRSY-MY3BA26,1.0,1.0,SKD8B2140,57.0,1000.0,SKD11021082,0.0,0.0,,0.0,0.0,,0.0,0.0,
VXRSY-DY4AA26,1.0,1,VXRSY-MY4AA26,1.0,1.0,SKD8B2155,78.0,1000.0,SKD11021082,0.0,0.0,,0.0,0.0,,0.0,0.0,
VXRSY-DY5AA26,1.0,1,VXRSY-MY5AA26,1.0,1.0,SKD8B2155,78.0,1000.0,SKD11021082,0.0,0.0,,0.0,0.0,,0.0,0.0,
WS2-DB126,1.0,1,WS2-MB126,1.0,1.0,S5F3065,110.0,1000.0,SUJ3030056,0.0,0.0,,0.0,0.0,,0.0,0.0,
WS2-MB132,1.0,1,SKD5E3070,100.0,1000.0,SKD11030055,0.0,0.0,,0.0,0.0,,0.0,0.0,,0.0,0.0,
WS-DB2,1.0,1,WS-MB2,1.0,1.0,S4Z3424P,45.0,1000.0,SUJ3045040,0.0,0.0,,0.0,0.0,,0.0,0.0,
WS-DB3C,1.0,1,WS-MB3C,1.0,1.0,S5F3070,100.0,1000.0,SUJ3030056,0.0,0.0,,0.0,0.0,,0.0,0.0,
WS-DX0W,1.0,1,WS-MX0W,1.0,1.0,SUJ3019019,0.0,0.0,,0.0,0.0,,0.0,0.0,,0.0,0.0,
WS-DX3,1.0,1,WS-MX3,1.0,1.0,S8E3260,160.0,1000.0,SUJ3032085,0.0,0.0,,0.0,0.0,,0.0,0.0,
WS-DX3W,1.0,1,WS-MX3W,1.0,1.0,S8E3260,160.0,1000.0,SUJ3032085,0.0,0.0,,0.0,0.0,,0.0,0.0,
WS-DX4W,1.0,1,WS-MX4W,1.0,1.0,S8E3260,160.0,1000.0,SUJ3032085,0.0,0.0,,0.0,0.0,,0.0,0.0,
WS-DY1,1.0,1,WS-MY1,1.0,1.0,S6H3828,75.0,1000.0,SUJ3038068,0.0,0.0,,0.0,0.0,,0.0,0.0,
WS-DY8B,1.0,1,WS-MY8B,1.0,1.0,S6H2520P,50.0,1000.0,SUJ3038068,0.0,0.0,,0.0,0.0,,0.0,0.0,
WSY-DB226,1.0,1,WSY-MB226,1.0,1.0,S5F3822,50.0,1000.0,SUJ3038056-44,0.0,0.0,,0.0,0.0,,0.0,0.0,
WSY-DB230,1.0,1,WSY-MB230,1.0,1.0,S5F4525,55.0,1000.0,SUJ3045056,0.0,0.0,,0.0,0.0,,0.0,0.0,
WSY-DB234,1.0,1,WSY-MB234,1.0,1.0,S5F4525,55.0,1000.0,SUJ3045056,0.0,0.0,,0.0,0.0,,0.0,0.0,
WSY-DB326,1.0,1,WSY-MB326,1.0,1.0,S5F4525,55.0,1000.0,SUJ3045056,0.0,0.0,,0.0,0.0,,0.0,0.0,
WSY-DY1B,1.0,1,WSY-MY1B,1.0,1.0,SKD6G2525,35.0,1000.0,SKD11025067,0.0,0.0,,0.0,0.0,,0.0,0.0,
WSY-DY2D,1.0,1,WSY-MY2D,1.0,1.0,SKD6G2222,27.0,1000.0,SKD11022067,0.0,0.0,,0.0,0.0,,0.0,0.0,
WSY-DY3C,1.0,1,WSY-MY3C,1.0,1.0,SKD7B3260,114.0,1000.0,SKD11032072,0.0,0.0,,0.0,0.0,,0.0,0.0,
WSY-DY3D,1.0,1,WSY-MY3D,1.0,1.0,SKD7B3255,104.0,1000.0,SKD11032072,0.0,0.0,,0.0,0.0,,0.0,0.0,
WSY-DY4,1.0,1,WSY-MY4,1.0,1.0,SKD7B3235,67.0,1000.0,SKD11032072,0.0,0.0,,0.0,0.0,,0.0,0.0,
WSY-DY5A,1.0,1,WSY-MY5A,1.0,1.0,SKD7B3245,85.0,1000.0,SKD11032072,0.0,0.0,,0.0,0.0,,0.0,0.0,
WSY-DY5C,1.0,1,WSY-MY5C,1.0,1.0,SKD7B3235,67.0,1000.0,SKD11032072,0.0,0.0,,0.0,0.0,,0.0,0.0,
WSY-MY3J,1.0,1,SKD8B2155,78.0,1000.0,SKD11021082,0.0,0.0,,0.0,0.0,,0.0,0.0,,0.0,0.0,
WSYN-DB1EA30,1.0,1,WSYN-MB1EA30,1.0,1.0,SKD5E3565,110.0,1000.0,SKD11035055,0.0,0.0,,0.0,0.0,,0.0,0.0,
Z3.2S-DY1AA26,1.0,1,Z3.2S-MY1AA26,1.0,1.0,SKD6G2532,45.0,1000.0,SKD11025067,0.0,0.0,,0.0,0.0,,0.0,0.0,
Z3.2S-DY1AA34,1.0,1,Z3.2S-MY1AA34,1.0,1.0,SKD6G2532,45.0,1000.0,SKD11025067,0.0,0.0,,0.0,0.0,,0.0,0.0,
Z3.2S-DY1AA36,1.0,1,Z3.2S-MY1AA36,1.0,1.0,SKD6G2532,45.0,1000.0,SKD11025067,0.0,0.0,,0.0,0.0,,0.0,0.0,
Z3.2S-DY3AA26,1.0,1,Z3.2S-MY1AA26,1.0,1.0,SKD6G2532,45.0,1000.0,SKD11025067,0.0,0.0,,0.0,0.0,,0.0,0.0,
Z3.2S-DY3AA34,1.0,1,Z3.2S-MY1AA34,1.0,1.0,SKD6G2532,45.0,1000.0,SKD11025067,0.0,0.0,,0.0,0.0,,0.0,0.0,
Z3.2S-DY3AA36,1.0,1,Z3.2S-MY1AA36,1.0,1.0,SKD6G2532,45.0,1000.0,SKD11025067,0.0,0.0,,0.0,0.0,,0.0,0.0,
Z3.2S-MY1AA30,1.0,1,SKD6G2532,45.0,1000.0,SKD11025067,0.0,0.0,,0.0,0.0,,0.0,0.0,,0.0,0.0,
Z3.2S-MY3AA34,1.0,1,SKD6G2532,45.0,1000.0,SKD11025067,0.0,0.0,,0.0,0.0,,0.0,0.0,,0.0,0.0,
Z3.2SS-DY1AA30,1.0,1,Z3.2SS-MY1AA30,1.0,1.0,SKD6G2532,45.0,1000.0,SKD11025067,0.0,0.0,,0.0,0.0,,0.0,0.0,
Z3.2SS-DY3AA30,1.0,1,Z3.2SS-MY3AA30,1.0,1.0,SKD6G2532,45.0,1000.0,SKD11025067,0.0,0.0,,0.0,0.0,,0.0,0.0,
Z3.2SS-MB1AA30,1.0,1,SKD8E4035,98.0,1000.0,SKD11040085,0.0,0.0,,0.0,0.0,,0.0,0.0,,0.0,0.0,
Z3S-DW2AA22,1.0,1,Z3S-MY122,1.0,1.0,SKD6G2532,45.0,1000.0,SKD11025067,0.0,0.0,,0.0,0.0,,0.0,0.0,
Z3S-DW2AA30,1.0,1,Z3S-MY1,1.0,1.0,SKD6G2532,45.0,1000.0,SKD11025067,0.0,0.0,,0.0,0.0,,0.0,0.0,
Z3S-DW2AA38,1.0,1,Z3S-MY138,1.0,1.0,SKD6G2532,45.0,1000.0,SKD11025067,0.0,0.0,,0.0,0.0,,0.0,0.0,
Z3S-DW2BA48,1.0,1,Z3S-MY148,1.0,1.0,SKD6G2532,45.0,1000.0,SKD11025067,0.0,0.0,,0.0,0.0,,0.0,0.0,
Z3S-DY1,1.0,1,Z3S-MY1,1.0,1.0,SKD6G2532,45.0,1000.0,SKD11025067,0.0,0.0,,0.0,0.0,,0.0,0.0,
Z3S-DY117,1.0,1,Z3S-MY117,1.0,1.0,SKD6G2532,45.0,1000.0,SKD11025067,0.0,0.0,,0.0,0.0,,0.0,0.0,
Z3S-DY119,1.0,1,Z3S-MY119,1.0,1.0,SKD6G2532,45.0,1000.0,SKD11025067,0.0,0.0,,0.0,0.0,,0.0,0.0,
Z3S-DY122,1.0,1,Z3S-MY122,1.0,1.0,SKD6G2532,45.0,1000.0,SKD11025067,0.0,0.0,,0.0,0.0,,0.0,0.0,
Z3S-DY138,1.0,1,Z3S-MY138,1.0,1.0,SKD6G2532,45.0,1000.0,SKD11025067,0.0,0.0,,0.0,0.0,,0.0,0.0,
Z3S-DY148,1.0,1,Z3S-MY148,1.0,1.0,SKD6G2532,45.0,1000.0,SKD11025067,0.0,0.0,,0.0,0.0,,0.0,0.0,
Z3S-DY3,1.0,1,Z3S-MY1,1.0,1.0,SKD6G2532,45.0,1000.0,SKD11025067,0.0,0.0,,0.0,0.0,,0.0,0.0,
Z3S-DY317,1.0,1,Z3S-MY117,1.0,1.0,SKD6G2532,45.0,1000.0,SKD11025067,0.0,0.0,,0.0,0.0,,0.0,0.0,
Z3S-DY319,1.0,1,Z3S-MY119,1.0,1.0,SKD6G2532,45.0,1000.0,SKD11025067,0.0,0.0,,0.0,0.0,,0.0,0.0,
Z3S-DY322,1.0,1,Z3S-MY122,1.0,1.0,SKD6G2532,45.0,1000.0,SKD11025067,0.0,0.0,,0.0,0.0,,0.0,0.0,
Z3S-DY338,1.0,1,Z3S-MY138,1.0,1.0,SKD6G2532,45.0,1000.0,SKD11025067,0.0,0.0,,0.0,0.0,,0.0,0.0,
Z3S-DY3AA48,1.0,1,Z3S-MY148,1.0,1.0,SKD6G2532,45.0,1000.0,SKD11025067,0.0,0.0,,0.0,0.0,,0.0,0.0,
Z3S-MB1BA30,1.0,1,SKD8E4035,98.0,1000.0,SKD11040085,0.0,0.0,,0.0,0.0,,0.0,0.0,,0.0,0.0,
Z3SS-DB1AA30,1.0,1,Z3SS-MB1AA30,1.0,1.0,SKD8E4035,98.0,1000.0,SKD11040085,0.0,0.0,,0.0,0.0,,0.0,0.0,
Z3SS-DY1AA30,1.0,1,Z3SS-MY1AA30,1.0,1.0,SKD6G2532,45.0,1000.0,SKD11025067,0.0,0.0,,0.0,0.0,,0.0,0.0,
Z3SS-DY1AA38,1.0,1,Z3SS-MY1AA38,1.0,1.0,SKD6G2532,45.0,1000.0,SKD11025067,0.0,0.0,,0.0,0.0,,0.0,0.0,
Z3SS-DY2AA30,1.0,1,Z3SS-MY1AA30,1.0,1.0,SKD6G2532,45.0,1000.0,SKD11025067,0.0,0.0,,0.0,0.0,,0.0,0.0,
Z3SS-DY3AA30,1.0,1,Z3SS-MY1AA30,1.0,1.0,SKD6G2532,45.0,1000.0,SKD11025067,0.0,0.0,,0.0,0.0,,0.0,0.0,
Z4SB-MB1AA30,1.0,1,SKD105030,0.0,0.0,,0.0,0.0,,0.0,0.0,,0.0,0.0,,0.0,0.0,
Z4S-DB1AD18,1.0,1,Z4S-MB1AD18,1.0,1.0,SKD9Z3540,104.0,1000.0,SKD11035090,0.0,0.0,,0.0,0.0,,0.0,0.0,
Z4S-DY1AA14,1.0,1,Z4S-MY1AA14,1.0,1.0,SKD6G2225,31.0,1000.0,SKD11022067,0.0,0.0,,0.0,0.0,,0.0,0.0,
Z4S-DY1AA24,1.0,1,Z4S-MY1AA24,1.0,1.0,SKD6G2225,31.0,1000.0,SKD11022067,0.0,0.0,,0.0,0.0,,0.0,0.0,
Z4S-DY1AA38,1.0,1,Z4S-MY1AA38,1.0,1.0,SKD6G2225,31.0,1000.0,SKD11022067,0.0,0.0,,0.0,0.0,,0.0,0.0,
Z4S-DY3AA14,1.0,1,Z4S-MY1AA14,1.0,1.0,SKD6G2225,31.0,1000.0,SKD11022067,0.0,0.0,,0.0,0.0,,0.0,0.0,
Z4S-MY1AA10,1.0,1,SKD6G2225,31.0,1000.0,SKD11022067,0.0,0.0,,0.0,0.0,,0.0,0.0,,0.0,0.0,
Z4S-MY1AA12,1.0,1,SKD6G2225,31.0,1000.0,SKD11022067,0.0,0.0,,0.0,0.0,,0.0,0.0,,0.0,0.0,
Z4S-MY1AA18,1.0,1,SKD6G2225,31.0,1000.0,SKD11022067,0.0,0.0,,0.0,0.0,,0.0,0.0,,0.0,0.0,
Z4S-MY3AA10,1.0,1,SKD6G2225,31.0,1000.0,SKD11022067,0.0,0.0,,0.0,0.0,,0.0,0.0,,0.0,0.0,
Z4S-MY3AA12,1.0,1,SKD6G2225,31.0,1000.0,SKD11022067,0.0,0.0,,0.0,0.0,,0.0,0.0,,0.0,0.0,
Z4S-MY3AA14,1.0,1,SKD6G2225,31.0,1000.0,SKD11022067,0.0,0.0,,0.0,0.0,,0.0,0.0,,0.0,0.0,
Z4S-MY3AA18,1.0,1,SKD6G2225,31.0,1000.0,SKD11022067,0.0,0.0,,0.0,0.0,,0.0,0.0,,0.0,0.0,
Z4S-MY3AA24,1.0,1,SKD6G2225,31.0,1000.0,SKD11022067,0.0,0.0,,0.0,0.0,,0.0,0.0,,0.0,0.0,
Z4S-MY3AA38,1.0,1,SKD6G2225,31.0,1000.0,SKD11022067,0.0,0.0,,0.0,0.0,,0.0,0.0,,0.0,0.0,
ZDF4-MB1AF30,1.0,1,SKD8E5052,181.0,1000.0,SKD11050085,0.0,0.0,,0.0,0.0,,0.0,0.0,,0.0,0.0,
ZDF4-MB5AA30,1.0,1,SKD8E4053,148.0,1000.0,SKD11040085,0.0,0.0,,0.0,0.0,,0.0,0.0,,0.0,0.0,
ZDF4-MX0AA30,1.0,1,SKD9Z3545,117.0,1000.0,SKD11035090,0.0,0.0,,0.0,0.0,,0.0,0.0,,0.0,0.0,
ZDF4-MY7AA30,1.0,1,SKD6G2242,51.0,1000.0,SKD11022067,0.0,0.0,,0.0,0.0,,0.0,0.0,,0.0,0.0,
ZDF4-MY8AA30,1.0,1,SKD9Z3545,117.0,1000.0,SKD11035090,0.0,0.0,,0.0,0.0,,0.0,0.0,,0.0,0.0,
ZDF4-MY9AA30,1.0,1,SKD9Z3545,117.0,1000.0,SKD11035090,0.0,0.0,,0.0,0.0,,0.0,0.0,,0.0,0.0,
ZDF-DB1AE30,1.0,1,ZDF-MB1AB30,1.0,1.0,SKD8E4053,148.0,1000.0,SKD11040085,0.0,0.0,,0.0,0.0,,0.0,0.0,
ZDF-DB2AC30,1.0,1,ZDF-MB2AC30,1.0,1.0,SKD9Z3555,143.0,1000.0,SKD11035090,0.0,0.0,,0.0,0.0,,0.0,0.0,
ZDF-DB4AA30,1.0,1,ZDF-MB4AA30,1.0,1.0,SKD8E5030,105.0,1000.0,SKD11050085,0.0,0.0,,0.0,0.0,,0.0,0.0,
ZDF-DF1AC30,1.0,1,ZDF-MF1AC30,1.0,1.0,SKD8E3020,42.0,1000.0,SKD11030085,0.0,0.0,,0.0,0.0,,0.0,0.0,
ZDF-DY1BA30,1.0,1,ZDF-MY1BA30,1.0,1.0,SKD6G2729,44.0,1000.0,SKD11027067,0.0,0.0,,0.0,0.0,,0.0,0.0,
ZDF-DY2AB30,1.0,1,ZDF-MY2AC30,1.0,1.0,SKD6G2532,45.0,1000.0,SKD11025067,0.0,0.0,,0.0,0.0,,0.0,0.0,
ZDF-DY2BA30,1.0,1,ZDF-MY2BA30,1.0,1.0,SKD6G2532,45.0,1000.0,SKD11025067,0.0,0.0,,0.0,0.0,,0.0,0.0,
ZDF-DY3AA30,1.0,1,ZDF-MY3AB30,1.0,1.0,SKD8E3030,63.0,1000.0,SKD11030085,0.0,0.0,,0.0,0.0,,0.0,0.0,
ZDF-DY4AA30,1.0,1,ZDF-MY4AA30,1.0,1.0,SKD8E4030,84.0,1000.0,SKD11040085,0.0,0.0,,0.0,0.0,,0.0,0.0,
ZDF-DY4AC30,1.0,1,ZDF-MY4AC30,1.0,1.0,SKD8E4030,84.0,1000.0,SKD11040085,0.0,0.0,,0.0,0.0,,0.0,0.0,
ZDF-DY4BD30,1.0,1,ZDF-MY4BD30,1.0,1.0,SKD8E4030,84.0,1000.0,SKD11040085,0.0,0.0,,0.0,0.0,,0.0,0.0,
ZDF-DY5AC30,1.0,1,ZDF-MY5AC30,1.0,1.0,SKD6G3535,68.0,1000.0,SKD11035067,0.0,0.0,,0.0,0.0,,0.0,0.0,
ZDF-DY5BA30,1.0,1,ZDF-MY5BA30,1.0,1.0,SKD6G2230,36.0,1000.0,SKD11022067,0.0,0.0,,0.0,0.0,,0.0,0.0,
ZDF-DY5BC30,1.0,1,ZDF-MY5BC30,1.0,1.0,SKD6E4030,64.0,1000.0,SKD11040065,0.0,0.0,,0.0,0.0,,0.0,0.0,
ZDF-MB1AE30,1.0,1,SKD8E4053,148.0,1000.0,SKD11040085,0.0,0.0,,0.0,0.0,,0.0,0.0,,0.0,0.0,
ZDF-MB2AB30,1.0,1,SKD8E4051,143.0,1000.0,SKD11040085,0.0,0.0,,0.0,0.0,,0.0,0.0,,0.0,0.0,
ZDF-MB4AA,1.0,1,SKD8E3030,63.0,1000.0,SKD11030085,0.0,0.0,,0.0,0.0,,0.0,0.0,,0.0,0.0,
ZDF-MY4AB30,1.0,1,SKD8E4030,84.0,1000.0,SKD11040085,0.0,0.0,,0.0,0.0,,0.0,0.0,,0.0,0.0,
ZDF-MY4BA30,1.0,1,SKD8E4030,84.0,1000.0,SKD11040085,0.0,0.0,,0.0,0.0,,0.0,0.0,,0.0,0.0,
ZDF-MY4BC30,1.0,1,SKD8E4030,84.0,1000.0,SKD11040085,0.0,0.0,,0.0,0.0,,0.0,0.0,,0.0,0.0,
ZDF-MY6AC30,1.0,1,SKD9Z3545,117.0,1000.0,SKD11035090,0.0,0.0,,0.0,0.0,,0.0,0.0,,0.0,0.0,
ZFL-DB1AA30,1.0,1,ZFL-MB1AA30,1.0,1.0,SKD8E5048,168.0,1000.0,SKD11050085,0.0,0.0,,0.0,0.0,,0.0,0.0,
ZFL-DF1AB30,1.0,1,ZFL-MF1AB30,1.0,1.0,SKD8E5022,77.0,1000.0,SKD11050085,0.0,0.0,,0.0,0.0,,0.0,0.0,
ZFL-DY1AA30,1.0,1,ZFL-MY1AA30,1.0,1.0,SKD7Z3026,45.0,1000.0,SKD11030070,0.0,0.0,,0.0,0.0,,0.0,0.0,
ZFL-DY1AB30,1.0,1,ZFL-MY1AB30,1.0,1.0,SKD7Z3026,45.0,1000.0,SKD11030070,0.0,0.0,,0.0,0.0,,0.0,0.0,
ZFL-DY2AA30,1.0,1,ZFL-MY2AA30,1.0,1.0,SKD7Z3020,35.0,1000.0,SKD11030070,0.0,0.0,,0.0,0.0,,0.0,0.0,
ZFL-DY6AA30,1.0,1,ZFL-MY6AA30,1.0,1.0,SKD6G2545,62.0,1000.0,SKD11025067,0.0,0.0,,0.0,0.0,,0.0,0.0,
ZJS-DB1AB32,1.0,1,ZJS-MB1AB32,1.0,1.0,SKD8E4038,106.0,1000.0,SKD11040085,0.0,0.0,,0.0,0.0,,0.0,0.0,
ZJS-DB2AA30,1.0,1,ZJS-DB1AA26,1.0,1.0,ZJS-MB1AA26,1.0,1.0,SKD8E4038,106.0,1000.0,SKD11040085,0.0,0.0,,0.0,0.0,
ZJS-DY1AA26,1.0,1,ZJS-MY1AA26,1.0,1.0,SKD6G2532,45.0,1000.0,SKD11025067,0.0,0.0,,0.0,0.0,,0.0,0.0,
ZJS-DY1AA30,1.0,1,ZJS-MY1AA30,1.0,1.0,SKD6G2732,48.0,1000.0,SKD11027067,0.0,0.0,,0.0,0.0,,0.0,0.0,
ZJS-DY1AA34,1.0,1,ZJS-MY1AA34,1.0,1.0,SKD6G2732,48.0,1000.0,SKD11027067,0.0,0.0,,0.0,0.0,,0.0,0.0,
ZJS-DY2AA26,1.0,1,ZJS-MY2AA26,1.0,1.0,SKD7Z3032,56.0,1000.0,SKD11030070,0.0,0.0,,0.0,0.0,,0.0,0.0,
ZJS-DY2AA30,1.0,1,ZJS-MY2AA30,1.0,1.0,SKD6G2732,48.0,1000.0,SKD11027067,0.0,0.0,,0.0,0.0,,0.0,0.0,
ZJS-DY2AA34,1.0,1,ZJS-MY2AA34,1.0,1.0,SKD6G2732,48.0,1000.0,SKD11027067,0.0,0.0,,0.0,0.0,,0.0,0.0,
ZJS-DZ5AA30,1.0,1,ZJS-MZ5AA30,1.0,1.0,SKD5Z1260,35.0,1000.0,SKD11012050,0.0,0.0,,0.0,0.0,,0.0,0.0,
ZJS-DZ5AA34,1.0,1,ZJS-MZ5AA34,1.0,1.0,SKD6G1565,54.0,1000.0,SKD11015067,0.0,0.0,,0.0,0.0,,0.0,0.0,
ZJS-MV2B34,1.0,1,SKD6G2250,61.0,1000.0,SKD11022067,0.0,0.0,,0.0,0.0,,0.0,0.0,,0.0,0.0,
ZJS-MZ5AA26,1.0,1,SKD5Z1260,35.0,1000.0,SKD11012050,0.0,0.0,,0.0,0.0,,0.0,0.0,,0.0,0.0,
ZPL2-MY1AA30,1.0,1,SKD6G2723,35.0,1000.0,SKD11027067,0.0,0.0,,0.0,0.0,,0.0,0.0,,0.0,0.0,
ZPL4-DY1AA30,1.0,1,ZPL4-MY1AA30,1.0,1.0,SKD6G2522,31.0,1000.0,SKD11025067,0.0,0.0,,0.0,0.0,,0.0,0.0,
ZPL4-DY1AA34,1.0,1,ZPL4-MY1AA34,1.0,1.0,SKD6G2523,32.0,1000.0,SKD11025067,0.0,0.0,,0.0,0.0,,0.0,0.0,
ZPL4-DY1EA30,1.0,1,ZPL4-MY1EA30,1.0,1.0,SKD6G2527,38.0,1000.0,SKD11025067,0.0,0.0,,0.0,0.0,,0.0,0.0,
ZPL4-DY2AB30,1.0,1,ZPL4-MY2AB30,1.0,1.0,SKD6G2538,53.0,1000.0,SKD11025067,0.0,0.0,,0.0,0.0,,0.0,0.0,
ZPL4-DY2AB34,1.0,1,ZPL4-MY2AB34,1.0,1.0,SKD6G2535,49.0,1000.0,SKD11025067,0.0,0.0,,0.0,0.0,,0.0,0.0,
ZPL4-DY2BA30,1.0,1,ZPL4-MY2BA30,1.0,1.0,SKD6G2532,45.0,1000.0,SKD11025067,0.0,0.0,,0.0,0.0,,0.0,0.0,
ZPL4-DY4AA30,1.0,1,ZPL4-MY4AA30,1.0,1.0,SKD6G2538,53.0,1000.0,SKD11025067,0.0,0.0,,0.0,0.0,,0.0,0.0,
ZPL4-DY4AB30,1.0,1,ZPL4-MY4AB30,1.0,1.0,SKD6G2538,53.0,1000.0,SKD11025067,0.0,0.0,,0.0,0.0,,0.0,0.0,
ZPL4-MW2BA30,1.0,1,SKD6G2545,62.0,1000.0,SKD11025067,0.0,0.0,,0.0,0.0,,0.0,0.0,,0.0,0.0,
ZPL4-MX2BA30,1.0,1,SKD6G2527,38.0,1000.0,SKD11025067,0.0,0.0,,0.0,0.0,,0.0,0.0,,0.0,0.0,
ZPL4-MY1EA34,1.0,1,SKD6G2526,36.0,1000.0,SKD11025067,0.0,0.0,,0.0,0.0,,0.0,0.0,,0.0,0.0,
ZPL4-MY2BA34,1.0,1,SKD6G2532,45.0,1000.0,SKD11025067,0.0,0.0,,0.0,0.0,,0.0,0.0,,0.0,0.0,
ZPL-DB1AB30,1.0,1,ZPL-MB1AB30,1.0,1.0,SKD8E5059,206.0,1000.0,SKD11050085,0.0,0.0,,0.0,0.0,,0.0,0.0,
ZPL-DF1AB30,1.0,1,ZPL-MF1AB30,1.0,1.0,SKD8E5018,63.0,1000.0,SKD11050085,0.0,0.0,,0.0,0.0,,0.0,0.0,
ZPL-DY1AB30,1.0,1,ZPL-MY1AB30,1.0,1.0,SKD6G2532,45.0,1000.0,SKD11025067,0.0,0.0,,0.0,0.0,,0.0,0.0,
ZPL-DY1AB32,1.0,1,ZPL-MY1AB32,1.0,1.0,SKD6G2532,45.0,1000.0,SKD11025067,0.0,0.0,,0.0,0.0,,0.0,0.0,
ZPL-DY2AA30,1.0,1,ZPL-MY2AA30,1.0,1.0,SKD9Z3530,78.0,1000.0,SKD11035090,0.0,0.0,,0.0,0.0,,0.0,0.0,
ZPL-DY2AA32,1.0,1,ZPL-MY2AA32,1.0,1.0,SKD8B2930,59.0,1000.0,SKD11029082,0.0,0.0,,0.0,0.0,,0.0,0.0,
ZPL-DY2AB34,1.0,1,ZPL-MY2AB34,1.0,1.0,SKD9Z3530,78.0,1000.0,SKD11035090,0.0,0.0,,0.0,0.0,,0.0,0.0,
ZPL-DY4AA30,1.0,1,ZPL-MY4AA30,1.0,1.0,SKD9Z3545,117.0,1000.0,SKD11035090,0.0,0.0,,0.0,0.0,,0.0,0.0,
ZPL-DY5AA30,1.0,1,SKD9Z3545,117.0,1000.0,SKD11035090,0.0,0.0,,0.0,0.0,,0.0,0.0,,0.0,0.0,
ZPL-DY5CA30,1.0,1,ZPL-MY5CA30,1.0,1.0,SKD6G2532,45.0,1000.0,SKD11025067,0.0,0.0,,0.0,0.0,,0.0,0.0,
5142-512AA44-M1,1.0,1,SKD6G2242,51.0,1000.0,SKD11022067,0.0,0.0,,0.0,0.0,,0.0,0.0,,0.0,0.0,
SKD6.15X75X160,660.0,1000,SKD11075067,0.0,0.0,,0.0,0.0,,0.0,0.0,,0.0,0.0,,0.0,0.0,
SKD6G25145,200.0,1000,SKD11025067,0.0,0.0,,0.0,0.0,,0.0,0.0,,0.0,0.0,,0.0,0.0,
SKD6G25145-CUT-ONLY,200.0,1000,SKD11025067,0.0,0.0,,0.0,0.0,,0.0,0.0,,0.0,0.0,,0.0,0.0,
S3.2P-MB2AA30-SPOT,1.0,1,SKD105020,0.0,0.0,,0.0,0.0,,0.0,0.0,,0.0,0.0,,0.0,0.0,
SKD8.0X40X405,1132.0,1000,SKD11040085,0.0,0.0,,0.0,0.0,,0.0,0.0,,0.0,0.0,,0.0,0.0,
SKD7.5X50X35,121.0,1000,SKD11050085,0.0,0.0,,0.0,0.0,,0.0,0.0,,0.0,0.0,,0.0,0.0,
NC-3538-541AA30,97.0,1000,SKD11022067,0.0,0.0,,0.0,0.0,,0.0,0.0,,0.0,0.0,,0.0,0.0,
NC-3153-611AA30-KY-TEMP3,108.0,1000,SKD11040082,0.0,0.0,,0.0,0.0,,0.0,0.0,,0.0,0.0,,0.0,0.0,
NC-3153-611AA30-KY-TEMP4,108.0,1000,SKD11040082,0.0,0.0,,0.0,0.0,,0.0,0.0,,0.0,0.0,,0.0,0.0,
NC-3153-611AA30-KY-TEMP5,108.0,1000,SKD11040082,0.0,0.0,,0.0,0.0,,0.0,0.0,,0.0,0.0,,0.0,0.0,
SKD6.8X32X405,770.0,1000,SKD11032072,0.0,0.0,,0.0,0.0,,0.0,0.0,,0.0,0.0,,0.0,0.0,
SKD6G4732-CUT-ONLY,83.0,1000,SKD11047067,0.0,0.0,,0.0,0.0,,0.0,0.0,,0.0,0.0,,0.0,0.0,
3106-5$$30-M1,1.0,1,SKD8E5035,121.0,1000.0,SKD11050085,0.0,0.0,,0.0,0.0,,0.0,0.0,,0.0,0.0,
SKD4.9X40X97,181.0,1000,SKD11040057,0.0,0.0,,0.0,0.0,,0.0,0.0,,0.0,0.0,,0.0,0.0,
3106-5$$-M1,1.0,1,SKD8E5035,121.0,1000.0,SKD11050085,0.0,0.0,,0.0,0.0,,0.0,0.0,,0.0,0.0,
NC-B336-541AA34-HORITEC,61.0,1000,SKD11018067,0.0,0.0,,0.0,0.0,,0.0,0.0,,0.0,0.0,,0.0,0.0,
NC-B336-541AA38-HORITEC,61.0,1000,SKD11018067,0.0,0.0,,0.0,0.0,,0.0,0.0,,0.0,0.0,,0.0,0.0,
13-418B,1.0,1,MC-13-418B,90.0,1000.0,SKD11-16X16-R-STOCK,0.0,0.0,,0.0,0.0,,0.0,0.0,,0.0,0.0,
NC-3153-611AA30-KY-TEMP6,108.0,1000,SKD11040082,0.0,0.0,,0.0,0.0,,0.0,0.0,,0.0,0.0,,0.0,0.0,
NC-3153-611AA30-KY-TEMP7,108.0,1000,SKD11040082,0.0,0.0,,0.0,0.0,,0.0,0.0,,0.0,0.0,,0.0,0.0,
NC-3153-611AA30-KY-TEMP8,111.0,1000,SKD11040085,0.0,0.0,,0.0,0.0,,0.0,0.0,,0.0,0.0,,0.0,0.0,
NC-3636-541AA34,78.0,1000,SKD11022067,0.0,0.0,,0.0,0.0,,0.0,0.0,,0.0,0.0,,0.0,0.0,
3554-611AA30-M1-MOMI-MADE,1.0,1,SKD105044,0.0,0.0,,0.0,0.0,,0.0,0.0,,0.0,0.0,,0.0,0.0,
6104-621AA38-M1,1.0,1,SKD6G4754,140.0,1000.0,SKD11047067,0.0,0.0,,0.0,0.0,,0.0,0.0,,0.0,0.0,
6210-621AA34-M1,1.0,1,SKD6G4754,140.0,1000.0,SKD11047067,0.0,0.0,,0.0,0.0,,0.0,0.0,,0.0,0.0,
6105-621AA30-M1,1.0,1,SKD6G4740,104.0,1000.0,SKD11047067,0.0,0.0,,0.0,0.0,,0.0,0.0,,0.0,0.0,
3538-541AA30-M1,97.0,1000,SKD11022067,0.0,0.0,,0.0,0.0,,0.0,0.0,,0.0,0.0,,0.0,0.0,
5517-514AA30-M1,1.0,1,SKD7Z3054,93.0,1000.0,SKD11030070,0.0,0.0,,0.0,0.0,,0.0,0.0,,0.0,0.0,
NC-3153-611AA30-KY-TEMP10,111.0,1000,SKD11040085,0.0,0.0,,0.0,0.0,,0.0,0.0,,0.0,0.0,,0.0,0.0,
NC-3153-611AA30-KY-TEMP11,111.0,1000,SKD11040085,0.0,0.0,,0.0,0.0,,0.0,0.0,,0.0,0.0,,0.0,0.0,
NC-3153-611AA30-KY-TEMP12,111.0,1000,SKD11040085,0.0,0.0,,0.0,0.0,,0.0,0.0,,0.0,0.0,,0.0,0.0,
NC-3153-611AA30-KY-TEMP13,111.0,1000,SKD11040085,0.0,0.0,,0.0,0.0,,0.0,0.0,,0.0,0.0,,0.0,0.0,
NC-3153-611AA30-KY-TEMP9,111.0,1000,SKD11040085,0.0,0.0,,0.0,0.0,,0.0,0.0,,0.0,0.0,,0.0,0.0,
SKD6G2528-CUT-ONLY-KY-TE1,40.0,1000,SKD11025067,0.0,0.0,,0.0,0.0,,0.0,0.0,,0.0,0.0,,0.0,0.0,
4115-611AA30-M1,1.0,1,SKD105029,0.0,0.0,,0.0,0.0,,0.0,0.0,,0.0,0.0,,0.0,0.0,
SKD6G75160-CUT-ONLY,660.0,1000,SKD11075067,0.0,0.0,,0.0,0.0,,0.0,0.0,,0.0,0.0,,0.0,0.0,
SKD6G3550-CUT-ONLY,97.0,1000,SKD11035067,0.0,0.0,,0.0,0.0,,0.0,0.0,,0.0,0.0,,0.0,0.0,
B336-513AA343842-M2,1.0,1,SKD6G2745,67.0,1000.0,SKD11027067,0.0,0.0,,0.0,0.0,,0.0,0.0,,0.0,0.0,
B336-513AA36-M2,1.0,1,SKD6G2747,70.0,1000.0,SKD11027067,0.0,0.0,,0.0,0.0,,0.0,0.0,,0.0,0.0,
NC-3554-505AA30,28.0,1000,SKD11012050,0.0,0.0,,0.0,0.0,,0.0,0.0,,0.0,0.0,,0.0,0.0,
NC-3153-611AA30-KY-TEMP14,111.0,1000,SKD11040085,0.0,0.0,,0.0,0.0,,0.0,0.0,,0.0,0.0,,0.0,0.0,
NC-3153-611AA30-KY-TEMP15,111.0,1000,SKD11040085,0.0,0.0,,0.0,0.0,,0.0,0.0,,0.0,0.0,,0.0,0.0,
SKD6G2532-CUT-ONLY-KY-TE1,45.0,1000,SKD11025067,0.0,0.0,,0.0,0.0,,0.0,0.0,,0.0,0.0,,0.0,0.0,
3154-611BB22-M1,1.0,1,SKD105029,0.0,0.0,,0.0,0.0,,0.0,0.0,,0.0,0.0,,0.0,0.0,
631-63130-M1,1.0,1,SKD7Z3098,169.0,1000.0,SKD11030070,0.0,0.0,,0.0,0.0,,0.0,0.0,,0.0,0.0,
SKD6G2232-CUT-ONLY-KY-TE1,38.0,1000,SKD11022067,0.0,0.0,,0.0,0.0,,0.0,0.0,,0.0,0.0,,0.0,0.0,
SKD8B2135-CUT-ONLY-KY-TE1,50.0,1000,SKD11021082,0.0,0.0,,0.0,0.0,,0.0,0.0,,0.0,0.0,,0.0,0.0,
352B-513AC33-M1,1.0,1,SKD6G2741,61.0,1000.0,SKD11027067,0.0,0.0,,0.0,0.0,,0.0,0.0,,0.0,0.0,
352B-514AC33-M1,1.0,1,SKD7Z3038,66.0,1000.0,SKD11030070,0.0,0.0,,0.0,0.0,,0.0,0.0,,0.0,0.0,
6105-621AA38-M1,1.0,1,SKD6G4744,114.0,1000.0,SKD11047067,0.0,0.0,,0.0,0.0,,0.0,0.0,,0.0,0.0,
3538-569AB34-M1,1.0,1,SKD8E3022,47.0,1000.0,SKD11030085,0.0,0.0,,0.0,0.0,,0.0,0.0,,0.0,0.0,
3538-569BB34-M1,1.0,1,SKD8E3020,42.0,1000.0,SKD11030085,0.0,0.0,,0.0,0.0,,0.0,0.0,,0.0,0.0,
3538-569AB30-M1,1.0,1,SKD8E3022,47.0,1000.0,SKD11030085,0.0,0.0,,0.0,0.0,,0.0,0.0,,0.0,0.0,
3538-569BB30-M1,1.0,1,SKD8E3020,42.0,1000.0,SKD11030085,0.0,0.0,,0.0,0.0,,0.0,0.0,,0.0,0.0,
4109-513AA30-M1-XDF,1.0,1,SKD6G2515,21.0,1000.0,SKD11025067,0.0,0.0,,0.0,0.0,,0.0,0.0,,0.0,0.0,
4109-611AA30-M1-XDF,1.0,1,SKD105037,0.0,0.0,,0.0,0.0,,0.0,0.0,,0.0,0.0,,0.0,0.0,
5170-611AA30-M1,1.0,1,SKD6E3550,94.0,1000.0,SKD11035065,0.0,0.0,,0.0,0.0,,0.0,0.0,,0.0,0.0,
SKD3.5X40X97,180.0,1000,SKD11040057,0.0,0.0,,0.0,0.0,,0.0,0.0,,0.0,0.0,,0.0,0.0,
B336-513AB34-M1,1.0,1,SKD6G2745,67.0,1000.0,SKD11027067,0.0,0.0,,0.0,0.0,,0.0,0.0,,0.0,0.0,
B336-513AB36-M1,1.0,1,SKD6G2747,70.0,1000.0,SKD11027067,0.0,0.0,,0.0,0.0,,0.0,0.0,,0.0,0.0,
748-611AA30-M1-XDF,1.0,1,SKD8E5052,181.0,1000.0,SKD11050085,0.0,0.0,,0.0,0.0,,0.0,0.0,,0.0,0.0,
6105-622AB36-M2,1.0,1,SKD6G4744,114.0,1000.0,SKD11047067,0.0,0.0,,0.0,0.0,,0.0,0.0,,0.0,0.0,
6105-622AB38-M2,1.0,1,SKD6G4744,114.0,1000.0,SKD11047067,0.0,0.0,,0.0,0.0,,0.0,0.0,,0.0,0.0,
6105-622AB42-M2,1.0,1,SKD6G4744,114.0,1000.0,SKD11047067,0.0,0.0,,0.0,0.0,,0.0,0.0,,0.0,0.0,
478-624AA30-M1-XDF,1.0,1,SKD5E2532,38.0,1000.0,SKD11025055,0.0,0.0,,0.0,0.0,,0.0,0.0,,0.0,0.0,
4115-617AA2630-M1,1.0,1,SKD105056,0.0,0.0,,0.0,0.0,,0.0,0.0,,0.0,0.0,,0.0,0.0,
4115-617AA32-M1,1.0,1,SKD105054,0.0,0.0,,0.0,0.0,,0.0,0.0,,0.0,0.0,,0.0,0.0,
4115-618AA263032-M1,1.0,1,SKD105040,0.0,0.0,,0.0,0.0,,0.0,0.0,,0.0,0.0,,0.0,0.0,
3538-570AA30-M1-XDF,1.0,1,SKD8E3020,42.0,1000.0,SKD11030085,0.0,0.0,,0.0,0.0,,0.0,0.0,,0.0,0.0,
B336-513AB34-M1-XDF,1.0,1,SKD6G2745,67.0,1000.0,SKD11027067,0.0,0.0,,0.0,0.0,,0.0,0.0,,0.0,0.0,
3636-570BD30-M1-XDF,1.0,1,SKD8E3038,80.0,1000.0,SKD11030085,0.0,0.0,,0.0,0.0,,0.0,0.0,,0.0,0.0,
5520-570BB38-M1-XDF,1.0,1,SKD8E3030,63.0,1000.0,SKD11030085,0.0,0.0,,0.0,0.0,,0.0,0.0,,0.0,0.0,
5529-570AA38-M1-XDF,1.0,1,SKD8B2940,78.0,1000.0,SKD11029082,0.0,0.0,,0.0,0.0,,0.0,0.0,,0.0,0.0,
6105-570AA42-M1-XDF,1.0,1,SKD8E3053,113.0,1000.0,SKD11030085,0.0,0.0,,0.0,0.0,,0.0,0.0,,0.0,0.0,
6210-570AA34-M1-XDF,1.0,1,SKD8E3030,63.0,1000.0,SKD11030085,0.0,0.0,,0.0,0.0,,0.0,0.0,,0.0,0.0,
6105-511AA36-M1,1.0,1,SKD6G2518,24.0,1000.0,SKD11025067,0.0,0.0,,0.0,0.0,,0.0,0.0,,0.0,0.0,
6105-611AA30-M1,1.0,1,SKD6G2518,24.0,1000.0,SKD11025067,0.0,0.0,,0.0,0.0,,0.0,0.0,,0.0,0.0,
6105-611AA38-M1-XDF,1.0,1,SKD6G2518,24.0,1000.0,SKD11025067,0.0,0.0,,0.0,0.0,,0.0,0.0,,0.0,0.0,
3638-570AA26-M1-XDF,1.0,1,SKD8E3022,47.0,1000.0,SKD11030085,0.0,0.0,,0.0,0.0,,0.0,0.0,,0.0,0.0,
NC-3139-611AA30-KY-TEMP1,108.0,1000,SKD11040082,0.0,0.0,,0.0,0.0,,0.0,0.0,,0.0,0.0,,0.0,0.0,
NC-3139-611AA30-KY-TEMP10,111.0,1000,SKD11040085,0.0,0.0,,0.0,0.0,,0.0,0.0,,0.0,0.0,,0.0,0.0,
NC-3139-611AA30-KY-TEMP11,111.0,1000,SKD11040085,0.0,0.0,,0.0,0.0,,0.0,0.0,,0.0,0.0,,0.0,0.0,
NC-3139-611AA30-KY-TEMP2,108.0,1000,SKD11040082,0.0,0.0,,0.0,0.0,,0.0,0.0,,0.0,0.0,,0.0,0.0,
NC-3139-611AA30-KY-TEMP3,108.0,1000,SKD11040082,0.0,0.0,,0.0,0.0,,0.0,0.0,,0.0,0.0,,0.0,0.0,
NC-3139-611AA30-KY-TEMP4,111.0,1000,SKD11040085,0.0,0.0,,0.0,0.0,,0.0,0.0,,0.0,0.0,,0.0,0.0,
NC-3139-611AA30-KY-TEMP5,111.0,1000,SKD11040085,0.0,0.0,,0.0,0.0,,0.0,0.0,,0.0,0.0,,0.0,0.0,
NC-3139-611AA30-KY-TEMP6,111.0,1000,SKD11040085,0.0,0.0,,0.0,0.0,,0.0,0.0,,0.0,0.0,,0.0,0.0,
NC-3139-611AA30-KY-TEMP7,111.0,1000,SKD11040085,0.0,0.0,,0.0,0.0,,0.0,0.0,,0.0,0.0,,0.0,0.0,
NC-3139-611AA30-KY-TEMP8,111.0,1000,SKD11040085,0.0,0.0,,0.0,0.0,,0.0,0.0,,0.0,0.0,,0.0,0.0,
NC-3139-611AA30-KY-TEMP9,111.0,1000,SKD11040085,0.0,0.0,,0.0,0.0,,0.0,0.0,,0.0,0.0,,0.0,0.0,
NC-3662-505AA34,1.0,1,SKD5Z1270,41.0,1000.0,SKD11012050,0.0,0.0,,0.0,0.0,,0.0,0.0,,0.0,0.0,
SKD6.15X40X400,900.0,1000,SKD11040065,0.0,0.0,,0.0,0.0,,0.0,0.0,,0.0,0.0,,0.0,0.0,
SKD7B3234-CUT-ONLY,65.0,1000,SKD11032072,0.0,0.0,,0.0,0.0,,0.0,0.0,,0.0,0.0,,0.0,0.0,
SKD7B3234-CUT-ONLY-TEMP1,65.0,1000,SKD11032072,0.0,0.0,,0.0,0.0,,0.0,0.0,,0.0,0.0,,0.0,0.0,
3538-511AA30-M1,1.0,1,SKD6G2515,21.0,1000.0,SKD11025067,0.0,0.0,,0.0,0.0,,0.0,0.0,,0.0,0.0,
474-531DA33-M1,1.0,1,SKD5E2522,28.0,1000.0,SKD11025055,0.0,0.0,,0.0,0.0,,0.0,0.0,,0.0,0.0,
SPL-1123-M1,1.0,1,SKD7Z3040,69.0,1000.0,SKD11030070,0.0,0.0,,0.0,0.0,,0.0,0.0,,0.0,0.0,
3662-570BA34-M1,1.0,1,SKD8E3025,53.0,1000.0,SKD11030085,0.0,0.0,,0.0,0.0,,0.0,0.0,,0.0,0.0,
NC-3139-611AA36-KY-TEMP1,108.0,1000,SKD11040082,0.0,0.0,,0.0,0.0,,0.0,0.0,,0.0,0.0,,0.0,0.0,
NC-3139-611AA38-KY-TEMP1,108.0,1000,SKD11040082,0.0,0.0,,0.0,0.0,,0.0,0.0,,0.0,0.0,,0.0,0.0,
SKD6G27151-CUT-ONLY,225.0,1000,SKD11027067,0.0,0.0,,0.0,0.0,,0.0,0.0,,0.0,0.0,,0.0,0.0,
3652-570AA30-M1-XDF,1.0,1,SKD8E3030,63.0,1000.0,SKD11030085,0.0,0.0,,0.0,0.0,,0.0,0.0,,0.0,0.0,
5142-511AA36-M1,1.0,1,SKD5E2545,51.0,1000.0,SKD11025055,0.0,0.0,,0.0,0.0,,0.0,0.0,,0.0,0.0,
5142-512AA36-M1,1.0,1,SKD6G2242,51.0,1000.0,SKD11022067,0.0,0.0,,0.0,0.0,,0.0,0.0,,0.0,0.0,
3662-514AB34-M1,1.0,1,SKD7B3240,76.0,1000.0,SKD11032072,0.0,0.0,,0.0,0.0,,0.0,0.0,,0.0,0.0,
3326-511AA30-M1,1.0,1,SKD6G2518,24.0,1000.0,SKD11025067,0.0,0.0,,0.0,0.0,,0.0,0.0,,0.0,0.0,
3326-611AA30-M1,1.0,1,SKD8E5042,147.0,1000.0,SKD11050085,0.0,0.0,,0.0,0.0,,0.0,0.0,,0.0,0.0,
LDR-MY1-KY-COOP,1.0,1,SKD5E2545,51.0,1000.0,SKD11025055,0.0,0.0,,0.0,0.0,,0.0,0.0,,0.0,0.0,
LDR-MY2S2V-KY-COOP,1.0,1,SKD6G2545,62.0,1000.0,SKD11025067,0.0,0.0,,0.0,0.0,,0.0,0.0,,0.0,0.0,
3662-611AA30-M1,1.0,1,SKD105048,0.0,0.0,,0.0,0.0,,0.0,0.0,,0.0,0.0,,0.0,0.0,
3662-621AA30-M1,1.0,1,SKD6E3553,100.0,1000.0,SKD11035065,0.0,0.0,,0.0,0.0,,0.0,0.0,,0.0,0.0,
SKD6E3553,100.0,1000,SKD11035065,0.0,0.0,,0.0,0.0,,0.0,0.0,,0.0,0.0,,0.0,0.0,
SKD6E3553-CUT-ONLY,100.0,1000,SKD11035065,0.0,0.0,,0.0,0.0,,0.0,0.0,,0.0,0.0,,0.0,0.0,
SKD6G1852,52.0,1000,SKD11018067,0.0,0.0,,0.0,0.0,,0.0,0.0,,0.0,0.0,,0.0,0.0,
SKD6G1852-CUT-ONLY,52.0,1000,SKD11018067,0.0,0.0,,0.0,0.0,,0.0,0.0,,0.0,0.0,,0.0,0.0,
SKD6G2585,118.0,1000,SKD11025067,0.0,0.0,,0.0,0.0,,0.0,0.0,,0.0,0.0,,0.0,0.0,
SKD6G2585-CUT-ONLY,118.0,1000,SKD11025067,0.0,0.0,,0.0,0.0,,0.0,0.0,,0.0,0.0,,0.0,0.0,
5108-512AA30-M1-XDF,1.0,1,SKD6G2218,24.0,1000.0,SKD11022067,0.0,0.0,,0.0,0.0,,0.0,0.0,,0.0,0.0,
5108-611AA30-M1-XDF,1.0,1,SKD5E2532,38.0,1000.0,SKD11025055,0.0,0.0,,0.0,0.0,,0.0,0.0,,0.0,0.0,
5108-615AA30-M1-XDF,1.0,1,SKD6G2520,28.0,1000.0,SKD11025067,0.0,0.0,,0.0,0.0,,0.0,0.0,,0.0,0.0,
59-613BS2-M1-XREAMER,1.0,1,SKD6E4026,56.0,1000.0,SKD11040065,0.0,0.0,,0.0,0.0,,0.0,0.0,,0.0,0.0,
59-614BS2-M1-XREAMER,1.0,1,SKD6E3525,31.0,1000.0,SKD11035065,0.0,0.0,,0.0,0.0,,0.0,0.0,,0.0,0.0,
NC-3139-611AA26-KY-TEMP1,108.0,1000,SKD11040082,0.0,0.0,,0.0,0.0,,0.0,0.0,,0.0,0.0,,0.0,0.0,
NC-3139-611AA26-KY-TEMP10,111.0,1000,SKD11040085,0.0,0.0,,0.0,0.0,,0.0,0.0,,0.0,0.0,,0.0,0.0,
NC-3139-611AA26-KY-TEMP11,111.0,1000,SKD11040085,0.0,0.0,,0.0,0.0,,0.0,0.0,,0.0,0.0,,0.0,0.0,
NC-3139-611AA26-KY-TEMP2,111.0,1000,SKD11040085,0.0,0.0,,0.0,0.0,,0.0,0.0,,0.0,0.0,,0.0,0.0,
NC-3139-611AA26-KY-TEMP3,111.0,1000,SKD11040085,0.0,0.0,,0.0,0.0,,0.0,0.0,,0.0,0.0,,0.0,0.0,
NC-3139-611AA26-KY-TEMP4,111.0,1000,SKD11040085,0.0,0.0,,0.0,0.0,,0.0,0.0,,0.0,0.0,,0.0,0.0,
NC-3139-611AA26-KY-TEMP5,111.0,1000,SKD11040085,0.0,0.0,,0.0,0.0,,0.0,0.0,,0.0,0.0,,0.0,0.0,
NC-3139-611AA26-KY-TEMP6,111.0,1000,SKD11040085,0.0,0.0,,0.0,0.0,,0.0,0.0,,0.0,0.0,,0.0,0.0,
NC-3139-611AA26-KY-TEMP7,111.0,1000,SKD11040085,0.0,0.0,,0.0,0.0,,0.0,0.0,,0.0,0.0,,0.0,0.0,
NC-3139-611AA26-KY-TEMP8,111.0,1000,SKD11040085,0.0,0.0,,0.0,0.0,,0.0,0.0,,0.0,0.0,,0.0,0.0,
NC-3139-611AA26-KY-TEMP9,111.0,1000,SKD11040085,0.0,0.0,,0.0,0.0,,0.0,0.0,,0.0,0.0,,0.0,0.0,
NC-3139-611AA32-KY-TEMP1,108.0,1000,SKD11040082,0.0,0.0,,0.0,0.0,,0.0,0.0,,0.0,0.0,,0.0,0.0,
NC-3139-611AA32-KY-TEMP10,111.0,1000,SKD11040085,0.0,0.0,,0.0,0.0,,0.0,0.0,,0.0,0.0,,0.0,0.0,
NC-3139-611AA32-KY-TEMP11,111.0,1000,SKD11040085,0.0,0.0,,0.0,0.0,,0.0,0.0,,0.0,0.0,,0.0,0.0,
NC-3139-611AA32-KY-TEMP2,111.0,1000,SKD11040085,0.0,0.0,,0.0,0.0,,0.0,0.0,,0.0,0.0,,0.0,0.0,
NC-3139-611AA32-KY-TEMP3,111.0,1000,SKD11040085,0.0,0.0,,0.0,0.0,,0.0,0.0,,0.0,0.0,,0.0,0.0,
NC-3139-611AA32-KY-TEMP4,111.0,1000,SKD11040085,0.0,0.0,,0.0,0.0,,0.0,0.0,,0.0,0.0,,0.0,0.0,
NC-3139-611AA32-KY-TEMP5,111.0,1000,SKD11040085,0.0,0.0,,0.0,0.0,,0.0,0.0,,0.0,0.0,,0.0,0.0,
NC-3139-611AA32-KY-TEMP6,111.0,1000,SKD11040085,0.0,0.0,,0.0,0.0,,0.0,0.0,,0.0,0.0,,0.0,0.0,
NC-3139-611AA32-KY-TEMP7,111.0,1000,SKD11040085,0.0,0.0,,0.0,0.0,,0.0,0.0,,0.0,0.0,,0.0,0.0,
NC-3139-611AA32-KY-TEMP8,111.0,1000,SKD11040085,0.0,0.0,,0.0,0.0,,0.0,0.0,,0.0,0.0,,0.0,0.0,
NC-3139-611AA32-KY-TEMP9,111.0,1000,SKD11040085,0.0,0.0,,0.0,0.0,,0.0,0.0,,0.0,0.0,,0.0,0.0,
NC-3139-611AA34-KY-TEMP1,108.0,1000,SKD11040082,0.0,0.0,,0.0,0.0,,0.0,0.0,,0.0,0.0,,0.0,0.0,
NC-3139-611AA34-KY-TEMP10,111.0,1000,SKD11040085,0.0,0.0,,0.0,0.0,,0.0,0.0,,0.0,0.0,,0.0,0.0,
NC-3139-611AA34-KY-TEMP11,111.0,1000,SKD11040085,0.0,0.0,,0.0,0.0,,0.0,0.0,,0.0,0.0,,0.0,0.0,
NC-3139-611AA34-KY-TEMP2,108.0,1000,SKD11040082,0.0,0.0,,0.0,0.0,,0.0,0.0,,0.0,0.0,,0.0,0.0,
NC-3139-611AA34-KY-TEMP3,111.0,1000,SKD11040085,0.0,0.0,,0.0,0.0,,0.0,0.0,,0.0,0.0,,0.0,0.0,
NC-3139-611AA34-KY-TEMP4,111.0,1000,SKD11040085,0.0,0.0,,0.0,0.0,,0.0,0.0,,0.0,0.0,,0.0,0.0,
NC-3139-611AA34-KY-TEMP5,111.0,1000,SKD11040085,0.0,0.0,,0.0,0.0,,0.0,0.0,,0.0,0.0,,0.0,0.0,
NC-3139-611AA34-KY-TEMP6,111.0,1000,SKD11040085,0.0,0.0,,0.0,0.0,,0.0,0.0,,0.0,0.0,,0.0,0.0,
NC-3139-611AA34-KY-TEMP7,111.0,1000,SKD11040085,0.0,0.0,,0.0,0.0,,0.0,0.0,,0.0,0.0,,0.0,0.0,
NC-3139-611AA34-KY-TEMP8,111.0,1000,SKD11040085,0.0,0.0,,0.0,0.0,,0.0,0.0,,0.0,0.0,,0.0,0.0,
NC-3139-611AA34-KY-TEMP9,111.0,1000,SKD11040085,0.0,0.0,,0.0,0.0,,0.0,0.0,,0.0,0.0,,0.0,0.0,
NC-3139-611AA36-KY-TEMP10,111.0,1000,SKD11040085,0.0,0.0,,0.0,0.0,,0.0,0.0,,0.0,0.0,,0.0,0.0,
NC-3139-611AA36-KY-TEMP11,111.0,1000,SKD11040085,0.0,0.0,,0.0,0.0,,0.0,0.0,,0.0,0.0,,0.0,0.0,
NC-3139-611AA36-KY-TEMP2,108.0,1000,SKD11040082,0.0,0.0,,0.0,0.0,,0.0,0.0,,0.0,0.0,,0.0,0.0,
NC-3139-611AA36-KY-TEMP3,108.0,1000,SKD11040082,0.0,0.0,,0.0,0.0,,0.0,0.0,,0.0,0.0,,0.0,0.0,
NC-3139-611AA36-KY-TEMP4,111.0,1000,SKD11040085,0.0,0.0,,0.0,0.0,,0.0,0.0,,0.0,0.0,,0.0,0.0,
NC-3139-611AA36-KY-TEMP5,111.0,1000,SKD11040085,0.0,0.0,,0.0,0.0,,0.0,0.0,,0.0,0.0,,0.0,0.0,
NC-3139-611AA36-KY-TEMP6,111.0,1000,SKD11040085,0.0,0.0,,0.0,0.0,,0.0,0.0,,0.0,0.0,,0.0,0.0,
NC-3139-611AA36-KY-TEMP7,111.0,1000,SKD11040085,0.0,0.0,,0.0,0.0,,0.0,0.0,,0.0,0.0,,0.0,0.0,
NC-3139-611AA36-KY-TEMP8,111.0,1000,SKD11040085,0.0,0.0,,0.0,0.0,,0.0,0.0,,0.0,0.0,,0.0,0.0,
NC-3139-611AA36-KY-TEMP9,111.0,1000,SKD11040085,0.0,0.0,,0.0,0.0,,0.0,0.0,,0.0,0.0,,0.0,0.0,
NC-3139-611AA38-KY-TEMP10,111.0,1000,SKD11040085,0.0,0.0,,0.0,0.0,,0.0,0.0,,0.0,0.0,,0.0,0.0,
NC-3139-611AA38-KY-TEMP11,111.0,1000,SKD11040085,0.0,0.0,,0.0,0.0,,0.0,0.0,,0.0,0.0,,0.0,0.0,
NC-3139-611AA38-KY-TEMP2,108.0,1000,SKD11040082,0.0,0.0,,0.0,0.0,,0.0,0.0,,0.0,0.0,,0.0,0.0,
NC-3139-611AA38-KY-TEMP3,108.0,1000,SKD11040082,0.0,0.0,,0.0,0.0,,0.0,0.0,,0.0,0.0,,0.0,0.0,
NC-3139-611AA38-KY-TEMP4,111.0,1000,SKD11040085,0.0,0.0,,0.0,0.0,,0.0,0.0,,0.0,0.0,,0.0,0.0,
NC-3139-611AA38-KY-TEMP5,111.0,1000,SKD11040085,0.0,0.0,,0.0,0.0,,0.0,0.0,,0.0,0.0,,0.0,0.0,
NC-3139-611AA38-KY-TEMP6,111.0,1000,SKD11040085,0.0,0.0,,0.0,0.0,,0.0,0.0,,0.0,0.0,,0.0,0.0,
NC-3139-611AA38-KY-TEMP7,111.0,1000,SKD11040085,0.0,0.0,,0.0,0.0,,0.0,0.0,,0.0,0.0,,0.0,0.0,
NC-3139-611AA38-KY-TEMP8,111.0,1000,SKD11040085,0.0,0.0,,0.0,0.0,,0.0,0.0,,0.0,0.0,,0.0,0.0,
NC-3139-611AA38-KY-TEMP9,111.0,1000,SKD11040085,0.0,0.0,,0.0,0.0,,0.0,0.0,,0.0,0.0,,0.0,0.0,
NC-3153-611AA34-KY-TEMP1,111.0,1000,SKD11040085,0.0,0.0,,0.0,0.0,,0.0,0.0,,0.0,0.0,,0.0,0.0,
NC-3153-611AA34-KY-TEMP10,111.0,1000,SKD11040085,0.0,0.0,,0.0,0.0,,0.0,0.0,,0.0,0.0,,0.0,0.0,
NC-3153-611AA34-KY-TEMP11,111.0,1000,SKD11040085,0.0,0.0,,0.0,0.0,,0.0,0.0,,0.0,0.0,,0.0,0.0,
NC-3153-611AA34-KY-TEMP12,111.0,1000,SKD11040085,0.0,0.0,,0.0,0.0,,0.0,0.0,,0.0,0.0,,0.0,0.0,
NC-3153-611AA34-KY-TEMP13,111.0,1000,SKD11040085,0.0,0.0,,0.0,0.0,,0.0,0.0,,0.0,0.0,,0.0,0.0,
NC-3153-611AA34-KY-TEMP14,111.0,1000,SKD11040085,0.0,0.0,,0.0,0.0,,0.0,0.0,,0.0,0.0,,0.0,0.0,
NC-3153-611AA34-KY-TEMP15,111.0,1000,SKD11040085,0.0,0.0,,0.0,0.0,,0.0,0.0,,0.0,0.0,,0.0,0.0,
NC-3153-611AA34-KY-TEMP2,111.0,1000,SKD11040085,0.0,0.0,,0.0,0.0,,0.0,0.0,,0.0,0.0,,0.0,0.0,
NC-3153-611AA34-KY-TEMP3,111.0,1000,SKD11040085,0.0,0.0,,0.0,0.0,,0.0,0.0,,0.0,0.0,,0.0,0.0,
NC-3153-611AA34-KY-TEMP4,111.0,1000,SKD11040085,0.0,0.0,,0.0,0.0,,0.0,0.0,,0.0,0.0,,0.0,0.0,
NC-3153-611AA34-KY-TEMP5,111.0,1000,SKD11040085,0.0,0.0,,0.0,0.0,,0.0,0.0,,0.0,0.0,,0.0,0.0,
NC-3153-611AA34-KY-TEMP6,111.0,1000,SKD11040085,0.0,0.0,,0.0,0.0,,0.0,0.0,,0.0,0.0,,0.0,0.0,
NC-3153-611AA34-KY-TEMP7,111.0,1000,SKD11040085,0.0,0.0,,0.0,0.0,,0.0,0.0,,0.0,0.0,,0.0,0.0,
NC-3153-611AA34-KY-TEMP8,111.0,1000,SKD11040085,0.0,0.0,,0.0,0.0,,0.0,0.0,,0.0,0.0,,0.0,0.0,
NC-3153-611AA34-KY-TEMP9,111.0,1000,SKD11040085,0.0,0.0,,0.0,0.0,,0.0,0.0,,0.0,0.0,,0.0,0.0,
SKD6G27160,239.0,1000,SKD11027067,0.0,0.0,,0.0,0.0,,0.0,0.0,,0.0,0.0,,0.0,0.0,
SKD6G27160-CUT-ONLY,239.0,1000,SKD11027067,0.0,0.0,,0.0,0.0,,0.0,0.0,,0.0,0.0,,0.0,0.0,
SKD6G27180,269.0,1000,SKD11027067,0.0,0.0,,0.0,0.0,,0.0,0.0,,0.0,0.0,,0.0,0.0,
SKD6G27180-CUT-ONLY,269.0,1000,SKD11027067,0.0,0.0,,0.0,0.0,,0.0,0.0,,0.0,0.0,,0.0,0.0,
3237-611AA34-M1-XREAMER,1.0,1,SKD6G4765,168.0,1000.0,SKD11047067,0.0,0.0,,0.0,0.0,,0.0,0.0,,0.0,0.0,
3238-511BA-M2,1.0,1,SKD6G2518,24.0,1000.0,SKD11025067,0.0,0.0,,0.0,0.0,,0.0,0.0,,0.0,0.0,
SKD4.5X40X97,180.0,1000,SKD11040057,0.0,0.0,,0.0,0.0,,0.0,0.0,,0.0,0.0,,0.0,0.0,
SKD6.5X50X400,1104.0,1000,SKD11050067,0.0,0.0,,0.0,0.0,,0.0,0.0,,0.0,0.0,,0.0,0.0,
5540-570AA38-M1,1.0,1,SKD8E3032,68.0,1000.0,SKD11030085,0.0,0.0,,0.0,0.0,,0.0,0.0,,0.0,0.0,
SKD8E3032-CUT-ONLY,68.0,1000,SKD11030085,0.0,0.0,,0.0,0.0,,0.0,0.0,,0.0,0.0,,0.0,0.0,
5142-511AA36-M2,1.0,1,SKD5E2545,51.0,1000.0,SKD11025055,0.0,0.0,,0.0,0.0,,0.0,0.0,,0.0,0.0,
5142-511AA40-M2,1.0,1,SKD5E2545,51.0,1000.0,SKD11025055,0.0,0.0,,0.0,0.0,,0.0,0.0,,0.0,0.0,
5142-511AA42-M2,1.0,1,SKD5E2545,51.0,1000.0,SKD11025055,0.0,0.0,,0.0,0.0,,0.0,0.0,,0.0,0.0,
5142-511AA44-M2,1.0,1,SKD5E2545,51.0,1000.0,SKD11025055,0.0,0.0,,0.0,0.0,,0.0,0.0,,0.0,0.0,
5142-512AA36-M2,1.0,1,SKD6G2242,51.0,1000.0,SKD11022067,0.0,0.0,,0.0,0.0,,0.0,0.0,,0.0,0.0,
5142-512AA40-M2,1.0,1,SKD6G2242,51.0,1000.0,SKD11022067,0.0,0.0,,0.0,0.0,,0.0,0.0,,0.0,0.0,
5142-512AA42-M2,1.0,1,SKD6G2242,51.0,1000.0,SKD11022067,0.0,0.0,,0.0,0.0,,0.0,0.0,,0.0,0.0,
5142-512AA44-M2,1.0,1,SKD6G2242,51.0,1000.0,SKD11022067,0.0,0.0,,0.0,0.0,,0.0,0.0,,0.0,0.0,
59-611-M1-XDF,1.0,1,SKD6E3515,19.0,1000.0,SKD11035065,0.0,0.0,,0.0,0.0,,0.0,0.0,,0.0,0.0,
59-612-M1-XDF,1.0,1,SKD6E3515,19.0,1000.0,SKD11035065,0.0,0.0,,0.0,0.0,,0.0,0.0,,0.0,0.0,
59-614BS2-M1-XDF,1.0,1,SKD6E3525,31.0,1000.0,SKD11035065,0.0,0.0,,0.0,0.0,,0.0,0.0,,0.0,0.0,
LDR-MB1,1.0,1,SKD6G3515,29.0,1000.0,SKD11035067,0.0,0.0,,0.0,0.0,,0.0,0.0,,0.0,0.0,
LDR-MB2,1.0,1,SKD6E3515,19.0,1000.0,SKD11035065,0.0,0.0,,0.0,0.0,,0.0,0.0,,0.0,0.0,
SKD6.0X35X45,87.0,1000,SKD11035067,0.0,0.0,,0.0,0.0,,0.0,0.0,,0.0,0.0,,0.0,0.0,
SKD6.7X32X38,73.0,1000,SKD11032072,0.0,0.0,,0.0,0.0,,0.0,0.0,,0.0,0.0,,0.0,0.0,
SKD6.0X35X48,93.0,1000,SKD11035067,0.0,0.0,,0.0,0.0,,0.0,0.0,,0.0,0.0,,0.0,0.0,
SKD6.0X35X65,125.0,1000,SKD11035067,0.0,0.0,,0.0,0.0,,0.0,0.0,,0.0,0.0,,0.0,0.0,
SKD7.0X40X400,1110.0,1000,SKD11040085,0.0,0.0,,0.0,0.0,,0.0,0.0,,0.0,0.0,,0.0,0.0,
NC-3145-611AA30-KY-TEMP1,111.0,1000,SKD11040085,0.0,0.0,,0.0,0.0,,0.0,0.0,,0.0,0.0,,0.0,0.0,
NC-3145-611AA30-KY-TEMP2,111.0,1000,SKD11040085,0.0,0.0,,0.0,0.0,,0.0,0.0,,0.0,0.0,,0.0,0.0,
NC-3145-611AA30-KY-TEMP3,111.0,1000,SKD11040085,0.0,0.0,,0.0,0.0,,0.0,0.0,,0.0,0.0,,0.0,0.0,
NC-3145-611AA30-KY-TEMP4,111.0,1000,SKD11040085,0.0,0.0,,0.0,0.0,,0.0,0.0,,0.0,0.0,,0.0,0.0,
NC-3145-611AA30-KY-TEMP5,111.0,1000,SKD11040085,0.0,0.0,,0.0,0.0,,0.0,0.0,,0.0,0.0,,0.0,0.0,
NC-3145-611AA32-KY-TEMP1,111.0,1000,SKD11040085,0.0,0.0,,0.0,0.0,,0.0,0.0,,0.0,0.0,,0.0,0.0,
NC-3145-611AA32-KY-TEMP2,111.0,1000,SKD11040085,0.0,0.0,,0.0,0.0,,0.0,0.0,,0.0,0.0,,0.0,0.0,
NC-3145-611AA32-KY-TEMP3,111.0,1000,SKD11040085,0.0,0.0,,0.0,0.0,,0.0,0.0,,0.0,0.0,,0.0,0.0,
NC-3145-611AA32-KY-TEMP4,111.0,1000,SKD11040085,0.0,0.0,,0.0,0.0,,0.0,0.0,,0.0,0.0,,0.0,0.0,
NC-3145-611AA32-KY-TEMP5,111.0,1000,SKD11040085,0.0,0.0,,0.0,0.0,,0.0,0.0,,0.0,0.0,,0.0,0.0,
NC-3145-611AA34-KY-TEMP1,111.0,1000,SKD11040085,0.0,0.0,,0.0,0.0,,0.0,0.0,,0.0,0.0,,0.0,0.0,
NC-3145-611AA34-KY-TEMP2,111.0,1000,SKD11040085,0.0,0.0,,0.0,0.0,,0.0,0.0,,0.0,0.0,,0.0,0.0,
NC-3145-611AA34-KY-TEMP3,111.0,1000,SKD11040085,0.0,0.0,,0.0,0.0,,0.0,0.0,,0.0,0.0,,0.0,0.0,
NC-3145-611AA34-KY-TEMP4,111.0,1000,SKD11040085,0.0,0.0,,0.0,0.0,,0.0,0.0,,0.0,0.0,,0.0,0.0,
NC-3145-611AA34-KY-TEMP5,111.0,1000,SKD11040085,0.0,0.0,,0.0,0.0,,0.0,0.0,,0.0,0.0,,0.0,0.0,
335-511AA33-M1-XDF,1.0,1,SKD6G2519,27.0,1000.0,SKD11025067,0.0,0.0,,0.0,0.0,,0.0,0.0,,0.0,0.0,
335-514BB33-M1-XDF,1.0,1,SKD7Z3045,78.0,1000.0,SKD11030070,0.0,0.0,,0.0,0.0,,0.0,0.0,,0.0,0.0,
59-613BS2-M1-XDF,1.0,1,SKD6E4026,56.0,1000.0,SKD11040065,0.0,0.0,,0.0,0.0,,0.0,0.0,,0.0,0.0,
479-511AA30-M1-XDF,1.0,1,SKD5E2520,26.0,1000.0,SKD11025055,0.0,0.0,,0.0,0.0,,0.0,0.0,,0.0,0.0,
5142-613AA33-M1-SQUARE,1.0,1,SKD8B2928-CUT-ONLY,55.0,1000.0,SKD11029082,0.0,0.0,,0.0,0.0,,0.0,0.0,,0.0,0.0,
5142-615AA33-M1-SQUARE,1.0,1,SKD8B2940-CUT-ONLY,78.0,1000.0,SKD11029082,0.0,0.0,,0.0,0.0,,0.0,0.0,,0.0,0.0,
479-512AA30-M1-XDF,1.0,1,SKD6G2532,45.0,1000.0,SKD11025067,0.0,0.0,,0.0,0.0,,0.0,0.0,,0.0,0.0,
5540-570AA38-M1-XDF,1.0,1,SKD8E3032,68.0,1000.0,SKD11030085,0.0,0.0,,0.0,0.0,,0.0,0.0,,0.0,0.0,
SKD4.8X25X35,41.0,1000,SKD11025055,0.0,0.0,,0.0,0.0,,0.0,0.0,,0.0,0.0,,0.0,0.0,
SKD6.7X32X46,89.0,1000,SKD11032072,0.0,0.0,,0.0,0.0,,0.0,0.0,,0.0,0.0,,0.0,0.0,
SKD6.7X40X65,188.0,1000,SKD11040085,0.0,0.0,,0.0,0.0,,0.0,0.0,,0.0,0.0,,0.0,0.0,
474-531SA34-M1-XDF,1.0,1,SKD5E2520,26.0,1000.0,SKD11025055,0.0,0.0,,0.0,0.0,,0.0,0.0,,0.0,0.0,
3237-611AB34-M1,1.0,1,SKD6G4765,168.0,1000.0,SKD11047067,0.0,0.0,,0.0,0.0,,0.0,0.0,,0.0,0.0,
3662-621AA34-M1-XDF,1.0,1,SKD7Z3054,93.0,1000.0,SKD11030070,0.0,0.0,,0.0,0.0,,0.0,0.0,,0.0,0.0,
3662-631AA34-M1-XDF,1.0,1,SKD6G2550,69.0,1000.0,SKD11025067,0.0,0.0,,0.0,0.0,,0.0,0.0,,0.0,0.0,
479-511JA30-M1,1.0,1,SKD5E2520,26.0,1000.0,SKD11025055,0.0,0.0,,0.0,0.0,,0.0,0.0,,0.0,0.0,
3638-569AB26-M1-XDF,1.0,1,SKD8E3025,53.0,1000.0,SKD11030085,0.0,0.0,,0.0,0.0,,0.0,0.0,,0.0,0.0,
5540-569AA38-M1-XDF,1.0,1,SKD9Z3535,91.0,1000.0,SKD11035090,0.0,0.0,,0.0,0.0,,0.0,0.0,,0.0,0.0,
SKD9Z3535,91.0,1000,SKD11035090,0.0,0.0,,0.0,0.0,,0.0,0.0,,0.0,0.0,,0.0,0.0,
SKD9Z3535-CUT-ONLY,91.0,1000,SKD11035090,0.0,0.0,,0.0,0.0,,0.0,0.0,,0.0,0.0,,0.0,0.0,
V8ER-MB9AA30-KY-COOP,1.0,1,SKD8B2144,63.0,1000.0,SKD11021082,0.0,0.0,,0.0,0.0,,0.0,0.0,,0.0,0.0,
3638-569AB26-M1,1.0,1,SKD8E3025,53.0,1000.0,SKD11030085,0.0,0.0,,0.0,0.0,,0.0,0.0,,0.0,0.0,
5540-569AA38-M1,1.0,1,SKD9Z3535,91.0,1000.0,SKD11035090,0.0,0.0,,0.0,0.0,,0.0,0.0,,0.0,0.0,
SKD5.8X35X55,106.0,1000,SKD11035067,0.0,0.0,,0.0,0.0,,0.0,0.0,,0.0,0.0,,0.0,0.0,
SKD5.95X25X48,66.0,1000,SKD11025067,0.0,0.0,,0.0,0.0,,0.0,0.0,,0.0,0.0,,0.0,0.0,
SKD6.7X32X45,85.0,1000,SKD11032072,0.0,0.0,,0.0,0.0,,0.0,0.0,,0.0,0.0,,0.0,0.0,
3636-569AD30-M1,1.0,1,SKD9Z3535,91.0,1000.0,SKD11035090,0.0,0.0,,0.0,0.0,,0.0,0.0,,0.0,0.0,
3650-611AB30-M1,1.0,1,SKD6G4765,168.0,1000.0,SKD11047067,0.0,0.0,,0.0,0.0,,0.0,0.0,,0.0,0.0,
479-611AA30-M1-XDF,1.0,1,SKD6G2518,24.0,1000.0,SKD11025067,0.0,0.0,,0.0,0.0,,0.0,0.0,,0.0,0.0,
5142-511AA38-M1-MIZO+HOLE,1.0,1,SKD5E2545,51.0,1000.0,SKD11025055,0.0,0.0,,0.0,0.0,,0.0,0.0,,0.0,0.0,
SKD6.0X47X44,114.0,1000,SKD11047067,0.0,0.0,,0.0,0.0,,0.0,0.0,,0.0,0.0,,0.0,0.0,
SKD7.75X50X35,121.0,1000,SKD11050085,0.0,0.0,,0.0,0.0,,0.0,0.0,,0.0,0.0,,0.0,0.0,
SKD6.0X35X32,60.0,1000,SKD11035067,0.0,0.0,,0.0,0.0,,0.0,0.0,,0.0,0.0,,0.0,0.0,
5170-613AA30-M1,1.0,1,SKD7B3250,95.0,1000.0,SKD11032072,0.0,0.0,,0.0,0.0,,0.0,0.0,,0.0,0.0,
5141-611AA36-M1-XDF,1.0,1,SKD6G2515,21.0,1000.0,SKD11025067,0.0,0.0,,0.0,0.0,,0.0,0.0,,0.0,0.0,
3239-514AA26-M1,1.0,1,SKD8B2955,108.0,1000.0,SKD11029082,0.0,0.0,,0.0,0.0,,0.0,0.0,,0.0,0.0,
3239-514AA26-M1-XDF,1.0,1,SKD8B2955,108.0,1000.0,SKD11029082,0.0,0.0,,0.0,0.0,,0.0,0.0,,0.0,0.0,
NC-3139-611AA26-KY-TEMP12,111.0,1000,SKD11040085,0.0,0.0,,0.0,0.0,,0.0,0.0,,0.0,0.0,,0.0,0.0,
NC-3139-611AA26-KY-TEMP13,111.0,1000,SKD11040085,0.0,0.0,,0.0,0.0,,0.0,0.0,,0.0,0.0,,0.0,0.0,
NC-3139-611AA26-KY-TEMP14,111.0,1000,SKD11040085,0.0,0.0,,0.0,0.0,,0.0,0.0,,0.0,0.0,,0.0,0.0,
NC-3139-611AA26-KY-TEMP15,111.0,1000,SKD11040085,0.0,0.0,,0.0,0.0,,0.0,0.0,,0.0,0.0,,0.0,0.0,
NC-3139-611AA30-KY-TEMP12,111.0,1000,SKD11040085,0.0,0.0,,0.0,0.0,,0.0,0.0,,0.0,0.0,,0.0,0.0,
NC-3139-611AA30-KY-TEMP13,111.0,1000,SKD11040085,0.0,0.0,,0.0,0.0,,0.0,0.0,,0.0,0.0,,0.0,0.0,
NC-3139-611AA30-KY-TEMP14,111.0,1000,SKD11040085,0.0,0.0,,0.0,0.0,,0.0,0.0,,0.0,0.0,,0.0,0.0,
NC-3139-611AA30-KY-TEMP15,111.0,1000,SKD11040085,0.0,0.0,,0.0,0.0,,0.0,0.0,,0.0,0.0,,0.0,0.0,
NC-3139-611AA32-KY-TEMP12,111.0,1000,SKD11040085,0.0,0.0,,0.0,0.0,,0.0,0.0,,0.0,0.0,,0.0,0.0,
NC-3139-611AA32-KY-TEMP13,111.0,1000,SKD11040085,0.0,0.0,,0.0,0.0,,0.0,0.0,,0.0,0.0,,0.0,0.0,
NC-3139-611AA32-KY-TEMP14,111.0,1000,SKD11040085,0.0,0.0,,0.0,0.0,,0.0,0.0,,0.0,0.0,,0.0,0.0,
NC-3139-611AA32-KY-TEMP15,111.0,1000,SKD11040085,0.0,0.0,,0.0,0.0,,0.0,0.0,,0.0,0.0,,0.0,0.0,
NC-3139-611AA34-KY-TEMP12,111.0,1000,SKD11040085,0.0,0.0,,0.0,0.0,,0.0,0.0,,0.0,0.0,,0.0,0.0,
NC-3139-611AA34-KY-TEMP13,111.0,1000,SKD11040085,0.0,0.0,,0.0,0.0,,0.0,0.0,,0.0,0.0,,0.0,0.0,
NC-3139-611AA34-KY-TEMP14,111.0,1000,SKD11040085,0.0,0.0,,0.0,0.0,,0.0,0.0,,0.0,0.0,,0.0,0.0,
NC-3139-611AA34-KY-TEMP15,111.0,1000,SKD11040085,0.0,0.0,,0.0,0.0,,0.0,0.0,,0.0,0.0,,0.0,0.0,
NC-3139-611AA36-KY-TEMP12,111.0,1000,SKD11040085,0.0,0.0,,0.0,0.0,,0.0,0.0,,0.0,0.0,,0.0,0.0,
NC-3139-611AA36-KY-TEMP13,111.0,1000,SKD11040085,0.0,0.0,,0.0,0.0,,0.0,0.0,,0.0,0.0,,0.0,0.0,
NC-3139-611AA36-KY-TEMP14,111.0,1000,SKD11040085,0.0,0.0,,0.0,0.0,,0.0,0.0,,0.0,0.0,,0.0,0.0,
NC-3139-611AA36-KY-TEMP15,111.0,1000,SKD11040085,0.0,0.0,,0.0,0.0,,0.0,0.0,,0.0,0.0,,0.0,0.0,
NC-3139-611AA38-KY-TEMP12,111.0,1000,SKD11040085,0.0,0.0,,0.0,0.0,,0.0,0.0,,0.0,0.0,,0.0,0.0,
NC-3139-611AA38-KY-TEMP13,111.0,1000,SKD11040085,0.0,0.0,,0.0,0.0,,0.0,0.0,,0.0,0.0,,0.0,0.0,
NC-3139-611AA38-KY-TEMP14,111.0,1000,SKD11040085,0.0,0.0,,0.0,0.0,,0.0,0.0,,0.0,0.0,,0.0,0.0,
NC-3139-611AA38-KY-TEMP15,111.0,1000,SKD11040085,0.0,0.0,,0.0,0.0,,0.0,0.0,,0.0,0.0,,0.0,0.0,
NC-3145-611AA30-KY-TEMP10,111.0,1000,SKD11040085,0.0,0.0,,0.0,0.0,,0.0,0.0,,0.0,0.0,,0.0,0.0,
NC-3145-611AA30-KY-TEMP6,111.0,1000,SKD11040085,0.0,0.0,,0.0,0.0,,0.0,0.0,,0.0,0.0,,0.0,0.0,
NC-3145-611AA30-KY-TEMP7,111.0,1000,SKD11040085,0.0,0.0,,0.0,0.0,,0.0,0.0,,0.0,0.0,,0.0,0.0,
NC-3145-611AA30-KY-TEMP8,111.0,1000,SKD11040085,0.0,0.0,,0.0,0.0,,0.0,0.0,,0.0,0.0,,0.0,0.0,
NC-3145-611AA30-KY-TEMP9,111.0,1000,SKD11040085,0.0,0.0,,0.0,0.0,,0.0,0.0,,0.0,0.0,,0.0,0.0,
NC-3145-611AA32-KY-TEMP10,111.0,1000,SKD11040085,0.0,0.0,,0.0,0.0,,0.0,0.0,,0.0,0.0,,0.0,0.0,
NC-3145-611AA32-KY-TEMP6,111.0,1000,SKD11040085,0.0,0.0,,0.0,0.0,,0.0,0.0,,0.0,0.0,,0.0,0.0,
NC-3145-611AA32-KY-TEMP7,111.0,1000,SKD11040085,0.0,0.0,,0.0,0.0,,0.0,0.0,,0.0,0.0,,0.0,0.0,
NC-3145-611AA32-KY-TEMP8,111.0,1000,SKD11040085,0.0,0.0,,0.0,0.0,,0.0,0.0,,0.0,0.0,,0.0,0.0,
NC-3145-611AA32-KY-TEMP9,111.0,1000,SKD11040085,0.0,0.0,,0.0,0.0,,0.0,0.0,,0.0,0.0,,0.0,0.0,
NC-3145-611AA34-KY-TEMP10,111.0,1000,SKD11040085,0.0,0.0,,0.0,0.0,,0.0,0.0,,0.0,0.0,,0.0,0.0,
NC-3145-611AA34-KY-TEMP6,111.0,1000,SKD11040085,0.0,0.0,,0.0,0.0,,0.0,0.0,,0.0,0.0,,0.0,0.0,
NC-3145-611AA34-KY-TEMP7,111.0,1000,SKD11040085,0.0,0.0,,0.0,0.0,,0.0,0.0,,0.0,0.0,,0.0,0.0,
NC-3145-611AA34-KY-TEMP8,111.0,1000,SKD11040085,0.0,0.0,,0.0,0.0,,0.0,0.0,,0.0,0.0,,0.0,0.0,
NC-3145-611AA34-KY-TEMP9,111.0,1000,SKD11040085,0.0,0.0,,0.0,0.0,,0.0,0.0,,0.0,0.0,,0.0,0.0,
NC-3153-611AA32-KY-TEMP1,111.0,1000,SKD11040085,0.0,0.0,,0.0,0.0,,0.0,0.0,,0.0,0.0,,0.0,0.0,
NC-3153-611AA32-KY-TEMP10,111.0,1000,SKD11040085,0.0,0.0,,0.0,0.0,,0.0,0.0,,0.0,0.0,,0.0,0.0,
NC-3153-611AA32-KY-TEMP11,111.0,1000,SKD11040085,0.0,0.0,,0.0,0.0,,0.0,0.0,,0.0,0.0,,0.0,0.0,
NC-3153-611AA32-KY-TEMP12,111.0,1000,SKD11040085,0.0,0.0,,0.0,0.0,,0.0,0.0,,0.0,0.0,,0.0,0.0,
NC-3153-611AA32-KY-TEMP13,111.0,1000,SKD11040085,0.0,0.0,,0.0,0.0,,0.0,0.0,,0.0,0.0,,0.0,0.0,
NC-3153-611AA32-KY-TEMP14,111.0,1000,SKD11040085,0.0,0.0,,0.0,0.0,,0.0,0.0,,0.0,0.0,,0.0,0.0,
NC-3153-611AA32-KY-TEMP15,111.0,1000,SKD11040085,0.0,0.0,,0.0,0.0,,0.0,0.0,,0.0,0.0,,0.0,0.0,
NC-3153-611AA32-KY-TEMP2,111.0,1000,SKD11040085,0.0,0.0,,0.0,0.0,,0.0,0.0,,0.0,0.0,,0.0,0.0,
NC-3153-611AA32-KY-TEMP3,111.0,1000,SKD11040085,0.0,0.0,,0.0,0.0,,0.0,0.0,,0.0,0.0,,0.0,0.0,
NC-3153-611AA32-KY-TEMP4,111.0,1000,SKD11040085,0.0,0.0,,0.0,0.0,,0.0,0.0,,0.0,0.0,,0.0,0.0,
NC-3153-611AA32-KY-TEMP5,111.0,1000,SKD11040085,0.0,0.0,,0.0,0.0,,0.0,0.0,,0.0,0.0,,0.0,0.0,
NC-3153-611AA32-KY-TEMP6,111.0,1000,SKD11040085,0.0,0.0,,0.0,0.0,,0.0,0.0,,0.0,0.0,,0.0,0.0,
NC-3153-611AA32-KY-TEMP7,111.0,1000,SKD11040085,0.0,0.0,,0.0,0.0,,0.0,0.0,,0.0,0.0,,0.0,0.0,
NC-3153-611AA32-KY-TEMP8,111.0,1000,SKD11040085,0.0,0.0,,0.0,0.0,,0.0,0.0,,0.0,0.0,,0.0,0.0,
NC-3153-611AA32-KY-TEMP9,111.0,1000,SKD11040085,0.0,0.0,,0.0,0.0,,0.0,0.0,,0.0,0.0,,0.0,0.0,
3237-611AB34-M1-XDF,1.0,1,SKD6G4765,168.0,1000.0,SKD11047067,0.0,0.0,,0.0,0.0,,0.0,0.0,,0.0,0.0,
SKD7.0X30X32,68.0,1000,SKD11030085,0.0,0.0,,0.0,0.0,,0.0,0.0,,0.0,0.0,,0.0,0.0,
SKD7.9X30X45,95.0,1000,SKD11030085,0.0,0.0,,0.0,0.0,,0.0,0.0,,0.0,0.0,,0.0,0.0,
SKD6.7X32X58,111.0,1000,SKD11032072,0.0,0.0,,0.0,0.0,,0.0,0.0,,0.0,0.0,,0.0,0.0,
SKD6G2543,60.0,1000,SKD11025067,0.0,0.0,,0.0,0.0,,0.0,0.0,,0.0,0.0,,0.0,0.0,
SKD6G2543-CUT-ONLY,60.0,1000,SKD11025067,0.0,0.0,,0.0,0.0,,0.0,0.0,,0.0,0.0,,0.0,0.0,
SKD8E3045,96.0,1000,SKD11030085,0.0,0.0,,0.0,0.0,,0.0,0.0,,0.0,0.0,,0.0,0.0,
NC-352B-622AA30,62.0,1000,SKD11015067,0.0,0.0,,0.0,0.0,,0.0,0.0,,0.0,0.0,,0.0,0.0,
479-514AA30-M1-XDF,1.0,1,SKD6G2548,66.0,1000.0,SKD11025067,0.0,0.0,,0.0,0.0,,0.0,0.0,,0.0,0.0,
PT-631-516JA30-M1-XDF,1.0,1,SKD8E4040,111.0,1000.0,SKD11040085,0.0,0.0,,0.0,0.0,,0.0,0.0,,0.0,0.0,
SKD6.7X30X55,118.0,1000,SKD11030085,0.0,0.0,,0.0,0.0,,0.0,0.0,,0.0,0.0,,0.0,0.0,
NC-3153-611AA26-KY-TEMP1,111.0,1000,SKD11040085,0.0,0.0,,0.0,0.0,,0.0,0.0,,0.0,0.0,,0.0,0.0,
NC-3153-611AA26-KY-TEMP10,111.0,1000,SKD11040085,0.0,0.0,,0.0,0.0,,0.0,0.0,,0.0,0.0,,0.0,0.0,
NC-3153-611AA26-KY-TEMP11,111.0,1000,SKD11040085,0.0,0.0,,0.0,0.0,,0.0,0.0,,0.0,0.0,,0.0,0.0,
NC-3153-611AA26-KY-TEMP12,111.0,1000,SKD11040085,0.0,0.0,,0.0,0.0,,0.0,0.0,,0.0,0.0,,0.0,0.0,
NC-3153-611AA26-KY-TEMP13,111.0,1000,SKD11040085,0.0,0.0,,0.0,0.0,,0.0,0.0,,0.0,0.0,,0.0,0.0,
NC-3153-611AA26-KY-TEMP14,111.0,1000,SKD11040085,0.0,0.0,,0.0,0.0,,0.0,0.0,,0.0,0.0,,0.0,0.0,
NC-3153-611AA26-KY-TEMP15,111.0,1000,SKD11040085,0.0,0.0,,0.0,0.0,,0.0,0.0,,0.0,0.0,,0.0,0.0,
NC-3153-611AA26-KY-TEMP2,111.0,1000,SKD11040085,0.0,0.0,,0.0,0.0,,0.0,0.0,,0.0,0.0,,0.0,0.0,
NC-3153-611AA26-KY-TEMP3,111.0,1000,SKD11040085,0.0,0.0,,0.0,0.0,,0.0,0.0,,0.0,0.0,,0.0,0.0,
NC-3153-611AA26-KY-TEMP4,111.0,1000,SKD11040085,0.0,0.0,,0.0,0.0,,0.0,0.0,,0.0,0.0,,0.0,0.0,
NC-3153-611AA26-KY-TEMP5,111.0,1000,SKD11040085,0.0,0.0,,0.0,0.0,,0.0,0.0,,0.0,0.0,,0.0,0.0,
NC-3153-611AA26-KY-TEMP6,111.0,1000,SKD11040085,0.0,0.0,,0.0,0.0,,0.0,0.0,,0.0,0.0,,0.0,0.0,
NC-3153-611AA26-KY-TEMP7,111.0,1000,SKD11040085,0.0,0.0,,0.0,0.0,,0.0,0.0,,0.0,0.0,,0.0,0.0,
NC-3153-611AA26-KY-TEMP8,111.0,1000,SKD11040085,0.0,0.0,,0.0,0.0,,0.0,0.0,,0.0,0.0,,0.0,0.0,
NC-3153-611AA26-KY-TEMP9,111.0,1000,SKD11040085,0.0,0.0,,0.0,0.0,,0.0,0.0,,0.0,0.0,,0.0,0.0,
SKD6.15X40X390,900.0,1000,SKD11040065,0.0,0.0,,0.0,0.0,,0.0,0.0,,0.0,0.0,,0.0,0.0,
SKD6.5X40X390,1140.0,1000,SKD11040085,0.0,0.0,,0.0,0.0,,0.0,0.0,,0.0,0.0,,0.0,0.0,
3236-611AB30-M1,1.0,1,SKD6G4744,114.0,1000.0,SKD11047067,0.0,0.0,,0.0,0.0,,0.0,0.0,,0.0,0.0,
3247-611AA30-M1,1.0,1,SKD6G4744,114.0,1000.0,SKD11047067,0.0,0.0,,0.0,0.0,,0.0,0.0,,0.0,0.0,
4207-512AA34-M1,1.0,1,SKD7B3240,76.0,1000.0,SKD11032072,0.0,0.0,,0.0,0.0,,0.0,0.0,,0.0,0.0,
4207-513AA34-M1,1.0,1,SKD6G2522,31.0,1000.0,SKD11025067,0.0,0.0,,0.0,0.0,,0.0,0.0,,0.0,0.0,
4207-514AB34-M1,1.0,1,SKD7B3235,67.0,1000.0,SKD11032072,0.0,0.0,,0.0,0.0,,0.0,0.0,,0.0,0.0,
PT-4207-515AA30-M1,1.0,1,SKD7B3255,104.0,1000.0,SKD11032072,0.0,0.0,,0.0,0.0,,0.0,0.0,,0.0,0.0,
PT-4207-515AA34-M1,1.0,1,SKD7B3255,104.0,1000.0,SKD11032072,0.0,0.0,,0.0,0.0,,0.0,0.0,,0.0,0.0,
3660-611AB30-M1,1.0,1,SKD6G4744,114.0,1000.0,SKD11047067,0.0,0.0,,0.0,0.0,,0.0,0.0,,0.0,0.0,
3660-611AB30-M1-XDF,1.0,1,SKD6G4744,114.0,1000.0,SKD11047067,0.0,0.0,,0.0,0.0,,0.0,0.0,,0.0,0.0,
4207-611AA34-M1-XDF,1.0,1,SKD105056,0.0,0.0,,0.0,0.0,,0.0,0.0,,0.0,0.0,,0.0,0.0,
SKD7.65X30X25,53.0,1000,SKD11030085,0.0,0.0,,0.0,0.0,,0.0,0.0,,0.0,0.0,,0.0,0.0,
SKD7B3234,65.0,1000,SKD11032072,0.0,0.0,,0.0,0.0,,0.0,0.0,,0.0,0.0,,0.0,0.0,
3650-611AB30-M1-XDF,1.0,1,SKD6G4765,168.0,1000.0,SKD11047067,0.0,0.0,,0.0,0.0,,0.0,0.0,,0.0,0.0,
SPL-2721AA,1.0,1,165-209BA-TEMP,0.0,0.0,,0.0,0.0,,0.0,0.0,,0.0,0.0,,0.0,0.0,
4408-611BA30-M1,1.0,1,SKD6G4744,114.0,1000.0,SKD11047067,0.0,0.0,,0.0,0.0,,0.0,0.0,,0.0,0.0,
4408-611BA30-M1-XDF,1.0,1,SKD6G4744,114.0,1000.0,SKD11047067,0.0,0.0,,0.0,0.0,,0.0,0.0,,0.0,0.0,
SKD8E3060,126.0,1000,SKD11030085,0.0,0.0,,0.0,0.0,,0.0,0.0,,0.0,0.0,,0.0,0.0,
SKD8E3060-CUT-ONLY,126.0,1000,SKD11030085,0.0,0.0,,0.0,0.0,,0.0,0.0,,0.0,0.0,,0.0,0.0,
4408-611AB30-M1,1.0,1,SKD6E4045,96.0,1000.0,SKD11040065,0.0,0.0,,0.0,0.0,,0.0,0.0,,0.0,0.0,
SKD7.65X30X55,117.0,1000,SKD11030085,0.0,0.0,,0.0,0.0,,0.0,0.0,,0.0,0.0,,0.0,0.0,
4408-541AA30-M1,97.0,1000,SKD11022067,0.0,0.0,,0.0,0.0,,0.0,0.0,,0.0,0.0,,0.0,0.0,
SKD6.65X32X55,104.0,1000,SKD11032072,0.0,0.0,,0.0,0.0,,0.0,0.0,,0.0,0.0,,0.0,0.0,
3638-611AB30-M1,1.0,1,SKD6E4045,96.0,1000.0,SKD11040065,0.0,0.0,,0.0,0.0,,0.0,0.0,,0.0,0.0,
SKD7.0X40X390,1110.0,1000,SKD11040085,0.0,0.0,,0.0,0.0,,0.0,0.0,,0.0,0.0,,0.0,0.0,
474-532DA38-M1,1.0,1,SKD5E2522,28.0,1000.0,SKD11025055,0.0,0.0,,0.0,0.0,,0.0,0.0,,0.0,0.0,
479-619AA30-M1-BARI-MADE,1.0,1,SKD8B2144,63.0,1000.0,SKD11021082,0.0,0.0,,0.0,0.0,,0.0,0.0,,0.0,0.0,
SKD6G3565,125.0,1000,SKD11035067,0.0,0.0,,0.0,0.0,,0.0,0.0,,0.0,0.0,,0.0,0.0,
SKD6G3568,131.0,1000,SKD11035067,0.0,0.0,,0.0,0.0,,0.0,0.0,,0.0,0.0,,0.0,0.0,
SKD6G3568-CUT-ONLY,131.0,1000,SKD11035067,0.0,0.0,,0.0,0.0,,0.0,0.0,,0.0,0.0,,0.0,0.0,
4206-611AA30-M1-XDF,1.0,1,SKD6E4065,139.0,1000.0,SKD11040065,0.0,0.0,,0.0,0.0,,0.0,0.0,,0.0,0.0,
4206-612AA30-M1-XDF,1.0,1,SKD6E4065,139.0,1000.0,SKD11040065,0.0,0.0,,0.0,0.0,,0.0,0.0,,0.0,0.0,
NC-3153-611AA30-KY-TEMP16,111.0,1000,SKD11040085,0.0,0.0,,0.0,0.0,,0.0,0.0,,0.0,0.0,,0.0,0.0,
NC-3153-611AA30-KY-TEMP17,111.0,1000,SKD11040085,0.0,0.0,,0.0,0.0,,0.0,0.0,,0.0,0.0,,0.0,0.0,
NC-3153-611AA30-KY-TEMP18,111.0,1000,SKD11040085,0.0,0.0,,0.0,0.0,,0.0,0.0,,0.0,0.0,,0.0,0.0,
NC-3153-611AA30-KY-TEMP19,111.0,1000,SKD11040085,0.0,0.0,,0.0,0.0,,0.0,0.0,,0.0,0.0,,0.0,0.0,
NC-3153-611AA30-KY-TEMP20,111.0,1000,SKD11040085,0.0,0.0,,0.0,0.0,,0.0,0.0,,0.0,0.0,,0.0,0.0,
NC-3153-611AA30-KY-TEMP21,111.0,1000,SKD11040085,0.0,0.0,,0.0,0.0,,0.0,0.0,,0.0,0.0,,0.0,0.0,
NC-3153-611AA30-KY-TEMP22,111.0,1000,SKD11040085,0.0,0.0,,0.0,0.0,,0.0,0.0,,0.0,0.0,,0.0,0.0,
NC-3153-611AA30-KY-TEMP23,111.0,1000,SKD11040085,0.0,0.0,,0.0,0.0,,0.0,0.0,,0.0,0.0,,0.0,0.0,
NC-3153-611AA30-KY-TEMP24,111.0,1000,SKD11040085,0.0,0.0,,0.0,0.0,,0.0,0.0,,0.0,0.0,,0.0,0.0,
NC-3153-611AA30-KY-TEMP25,111.0,1000,SKD11040085,0.0,0.0,,0.0,0.0,,0.0,0.0,,0.0,0.0,,0.0,0.0,
5108-512AA34-M1,1.0,1,SKD6G2222,27.0,1000.0,SKD11022067,0.0,0.0,,0.0,0.0,,0.0,0.0,,0.0,0.0,
5108-512AA36-M1,1.0,1,SKD6G2222,27.0,1000.0,SKD11022067,0.0,0.0,,0.0,0.0,,0.0,0.0,,0.0,0.0,
474-619AA38-M1-BARI-MADE,1.0,1,SKD8B2140,57.0,1000.0,SKD11021082,0.0,0.0,,0.0,0.0,,0.0,0.0,,0.0,0.0,
NC-E474-622AA36,1.0,1,SKD6G1556,62.0,1000.0,SKD11015067,0.0,0.0,,0.0,0.0,,0.0,0.0,,0.0,0.0,
SKD6.0X33X97,173.0,1000,SKD11033065,0.0,0.0,,0.0,0.0,,0.0,0.0,,0.0,0.0,,0.0,0.0,
479-619AA30-M1-KJ-COOP,1.0,1,SKD8B2144,63.0,1000.0,SKD11021082,0.0,0.0,,0.0,0.0,,0.0,0.0,,0.0,0.0,
1536-468AB,122.0,1000,SKD11047067,0.0,0.0,,0.0,0.0,,0.0,0.0,,0.0,0.0,,0.0,0.0,
NC-3139-611AA40-KY-TEMP1,111.0,1000,SKD11040085,0.0,0.0,,0.0,0.0,,0.0,0.0,,0.0,0.0,,0.0,0.0,
NC-3139-611AA40-KY-TEMP10,111.0,1000,SKD11040085,0.0,0.0,,0.0,0.0,,0.0,0.0,,0.0,0.0,,0.0,0.0,
NC-3139-611AA40-KY-TEMP2,111.0,1000,SKD11040085,0.0,0.0,,0.0,0.0,,0.0,0.0,,0.0,0.0,,0.0,0.0,
NC-3139-611AA40-KY-TEMP3,111.0,1000,SKD11040085,0.0,0.0,,0.0,0.0,,0.0,0.0,,0.0,0.0,,0.0,0.0,
NC-3139-611AA40-KY-TEMP4,111.0,1000,SKD11040085,0.0,0.0,,0.0,0.0,,0.0,0.0,,0.0,0.0,,0.0,0.0,
NC-3139-611AA40-KY-TEMP5,111.0,1000,SKD11040085,0.0,0.0,,0.0,0.0,,0.0,0.0,,0.0,0.0,,0.0,0.0,
NC-3139-611AA40-KY-TEMP6,111.0,1000,SKD11040085,0.0,0.0,,0.0,0.0,,0.0,0.0,,0.0,0.0,,0.0,0.0,
NC-3139-611AA40-KY-TEMP7,111.0,1000,SKD11040085,0.0,0.0,,0.0,0.0,,0.0,0.0,,0.0,0.0,,0.0,0.0,
NC-3139-611AA40-KY-TEMP8,111.0,1000,SKD11040085,0.0,0.0,,0.0,0.0,,0.0,0.0,,0.0,0.0,,0.0,0.0,
NC-3139-611AA40-KY-TEMP9,111.0,1000,SKD11040085,0.0,0.0,,0.0,0.0,,0.0,0.0,,0.0,0.0,,0.0,0.0,
NC-3153-611AA28-KY-TEMP1,111.0,1000,SKD11040085,0.0,0.0,,0.0,0.0,,0.0,0.0,,0.0,0.0,,0.0,0.0,
NC-3153-611AA28-KY-TEMP10,111.0,1000,SKD11040085,0.0,0.0,,0.0,0.0,,0.0,0.0,,0.0,0.0,,0.0,0.0,
NC-3153-611AA28-KY-TEMP2,111.0,1000,SKD11040085,0.0,0.0,,0.0,0.0,,0.0,0.0,,0.0,0.0,,0.0,0.0,
NC-3153-611AA28-KY-TEMP3,111.0,1000,SKD11040085,0.0,0.0,,0.0,0.0,,0.0,0.0,,0.0,0.0,,0.0,0.0,
NC-3153-611AA28-KY-TEMP4,111.0,1000,SKD11040085,0.0,0.0,,0.0,0.0,,0.0,0.0,,0.0,0.0,,0.0,0.0,
NC-3153-611AA28-KY-TEMP5,111.0,1000,SKD11040085,0.0,0.0,,0.0,0.0,,0.0,0.0,,0.0,0.0,,0.0,0.0,
NC-3153-611AA28-KY-TEMP6,111.0,1000,SKD11040085,0.0,0.0,,0.0,0.0,,0.0,0.0,,0.0,0.0,,0.0,0.0,
NC-3153-611AA28-KY-TEMP7,111.0,1000,SKD11040085,0.0,0.0,,0.0,0.0,,0.0,0.0,,0.0,0.0,,0.0,0.0,
NC-3153-611AA28-KY-TEMP8,111.0,1000,SKD11040085,0.0,0.0,,0.0,0.0,,0.0,0.0,,0.0,0.0,,0.0,0.0,
NC-3153-611AA28-KY-TEMP9,111.0,1000,SKD11040085,0.0,0.0,,0.0,0.0,,0.0,0.0,,0.0,0.0,,0.0,0.0,
1536-468AB-XDF,122.0,1000,SKD11047067,0.0,0.0,,0.0,0.0,,0.0,0.0,,0.0,0.0,,0.0,0.0,
V8ER-MB9AA34-KY-COOP,1.0,1,SKD8B2148,68.0,1000.0,SKD11021082,0.0,0.0,,0.0,0.0,,0.0,0.0,,0.0,0.0,
SKD9Z3550,131.0,1000,SKD11035090,0.0,0.0,,0.0,0.0,,0.0,0.0,,0.0,0.0,,0.0,0.0,
SKD9Z3550-CUT-ONLY,131.0,1000,SKD11035090,0.0,0.0,,0.0,0.0,,0.0,0.0,,0.0,0.0,,0.0,0.0,
479-514AA30-M1-HORITA,1.0,1,SKD9Z3550-CUT-ONLY,131.0,1000.0,SKD11035090,0.0,0.0,,0.0,0.0,,0.0,0.0,,0.0,0.0,
479-514AA34-M1-HORITA,1.0,1,SKD9Z3550-CUT-ONLY,131.0,1000.0,SKD11035090,0.0,0.0,,0.0,0.0,,0.0,0.0,,0.0,0.0,
SKD5.8X25X20,28.0,1000,SKD11025067,0.0,0.0,,0.0,0.0,,0.0,0.0,,0.0,0.0,,0.0,0.0,
SKD7.0X30X41,87.0,1000,SKD11030085,0.0,0.0,,0.0,0.0,,0.0,0.0,,0.0,0.0,,0.0,0.0,
SKD7.65X30X60,126.0,1000,SKD11030085,0.0,0.0,,0.0,0.0,,0.0,0.0,,0.0,0.0,,0.0,0.0,
474-511AA33-M1-XDF,1.0,1,SKD5E2522,28.0,1000.0,SKD11025055,0.0,0.0,,0.0,0.0,,0.0,0.0,,0.0,0.0,
474-511AA38-M1-XDF,1.0,1,SKD5E2520,26.0,1000.0,SKD11025055,0.0,0.0,,0.0,0.0,,0.0,0.0,,0.0,0.0,
474-512SA38-M1-XDF,1.0,1,SKD6G2521,29.0,1000.0,SKD11025067,0.0,0.0,,0.0,0.0,,0.0,0.0,,0.0,0.0,
474-615AA33-M1-XDF,1.0,1,SKD8B2125,36.0,1000.0,SKD11021082,0.0,0.0,,0.0,0.0,,0.0,0.0,,0.0,0.0,
474-615AA38-M1-XDF,1.0,1,SKD8B2130,43.0,1000.0,SKD11021082,0.0,0.0,,0.0,0.0,,0.0,0.0,,0.0,0.0,
279-511D33-M1-KY-TEMP,1.0,1,SKD5E2532,38.0,1000.0,SKD11025055,0.0,0.0,,0.0,0.0,,0.0,0.0,,0.0,0.0,
279-513A38-M1-KY-TEMP,1.0,1,SKD6G2545,62.0,1000.0,SKD11025067,0.0,0.0,,0.0,0.0,,0.0,0.0,,0.0,0.0,
352B-513AC33-M1-XDF,1.0,1,SKD6G2741,61.0,1000.0,SKD11027067,0.0,0.0,,0.0,0.0,,0.0,0.0,,0.0,0.0,
352B-514AC33-M1-XDF,1.0,1,SKD7Z3038,66.0,1000.0,SKD11030070,0.0,0.0,,0.0,0.0,,0.0,0.0,,0.0,0.0,
3538-611AA30-M1-XDF,1.0,1,SKD6G3545,87.0,1000.0,SKD11035067,0.0,0.0,,0.0,0.0,,0.0,0.0,,0.0,0.0,
3550-611AA34-M1-XDF,1.0,1,SKD8B4048,130.0,1000.0,SKD11040082,0.0,0.0,,0.0,0.0,,0.0,0.0,,0.0,0.0,
SKD4.8X25X45,51.0,1000,SKD11025055,0.0,0.0,,0.0,0.0,,0.0,0.0,,0.0,0.0,,0.0,0.0,
SKD5.8X25X32,44.0,1000,SKD11025067,0.0,0.0,,0.0,0.0,,0.0,0.0,,0.0,0.0,,0.0,0.0,
SKD5.8X25X32-TEMP,44.0,1000,SKD11025067,0.0,0.0,,0.0,0.0,,0.0,0.0,,0.0,0.0,,0.0,0.0,
3538-511AA30-M1-XDF,1.0,1,SKD6G2515,21.0,1000.0,SKD11025067,0.0,0.0,,0.0,0.0,,0.0,0.0,,0.0,0.0,
352-571AA30-M1-MARU-TEMP,1.0,1,SKD6G2519,27.0,1000.0,SKD11025067,0.0,0.0,,0.0,0.0,,0.0,0.0,,0.0,0.0,
5529-521AA30-M1-MARU-TEMP,1.0,1,SKD6G2515,21.0,1000.0,SKD11025067,0.0,0.0,,0.0,0.0,,0.0,0.0,,0.0,0.0,
5142-511AA34-M1-KY-TEMP,1.0,1,SKD5E2545,51.0,1000.0,SKD11025055,0.0,0.0,,0.0,0.0,,0.0,0.0,,0.0,0.0,
5142-512AA34-M1-KY-TEMP,1.0,1,SKD6G2242,51.0,1000.0,SKD11022067,0.0,0.0,,0.0,0.0,,0.0,0.0,,0.0,0.0,
5517-570AA34-M1-XDF,1.0,1,SKD8E3030,63.0,1000.0,SKD11030085,0.0,0.0,,0.0,0.0,,0.0,0.0,,0.0,0.0,
SKD6G2555,77.0,1000,SKD11030085,0.0,0.0,,0.0,0.0,,0.0,0.0,,0.0,0.0,,0.0,0.0,
SKD6G2555-CUT-ONLY,77.0,1000,SKD11030085,0.0,0.0,,0.0,0.0,,0.0,0.0,,0.0,0.0,,0.0,0.0,
SKD7B3237,71.0,1000,SKD11032072,0.0,0.0,,0.0,0.0,,0.0,0.0,,0.0,0.0,,0.0,0.0,
SKD7B3237-CUT-ONLY,71.0,1000,SKD11032072,0.0,0.0,,0.0,0.0,,0.0,0.0,,0.0,0.0,,0.0,0.0,
SKD8E3041,87.0,1000,SKD11030085,0.0,0.0,,0.0,0.0,,0.0,0.0,,0.0,0.0,,0.0,0.0,
SKD8E3041-CUT-ONLY,87.0,1000,SKD11030085,0.0,0.0,,0.0,0.0,,0.0,0.0,,0.0,0.0,,0.0,0.0,
NC-3139-611AA28-KY-TEMP1,111.0,1000,SKD11040085,0.0,0.0,,0.0,0.0,,0.0,0.0,,0.0,0.0,,0.0,0.0,
NC-3139-611AA28-KY-TEMP10,111.0,1000,SKD11040085,0.0,0.0,,0.0,0.0,,0.0,0.0,,0.0,0.0,,0.0,0.0,
NC-3139-611AA28-KY-TEMP2,111.0,1000,SKD11040085,0.0,0.0,,0.0,0.0,,0.0,0.0,,0.0,0.0,,0.0,0.0,
NC-3139-611AA28-KY-TEMP3,111.0,1000,SKD11040085,0.0,0.0,,0.0,0.0,,0.0,0.0,,0.0,0.0,,0.0,0.0,
NC-3139-611AA28-KY-TEMP4,111.0,1000,SKD11040085,0.0,0.0,,0.0,0.0,,0.0,0.0,,0.0,0.0,,0.0,0.0,
NC-3139-611AA28-KY-TEMP5,111.0,1000,SKD11040085,0.0,0.0,,0.0,0.0,,0.0,0.0,,0.0,0.0,,0.0,0.0,
NC-3139-611AA28-KY-TEMP6,111.0,1000,SKD11040085,0.0,0.0,,0.0,0.0,,0.0,0.0,,0.0,0.0,,0.0,0.0,
NC-3139-611AA28-KY-TEMP7,111.0,1000,SKD11040085,0.0,0.0,,0.0,0.0,,0.0,0.0,,0.0,0.0,,0.0,0.0,
NC-3139-611AA28-KY-TEMP8,111.0,1000,SKD11040085,0.0,0.0,,0.0,0.0,,0.0,0.0,,0.0,0.0,,0.0,0.0,
NC-3139-611AA28-KY-TEMP9,111.0,1000,SKD11040085,0.0,0.0,,0.0,0.0,,0.0,0.0,,0.0,0.0,,0.0,0.0,
SKD7.65X30X32,68.0,1000,SKD11030085,0.0,0.0,,0.0,0.0,,0.0,0.0,,0.0,0.0,,0.0,0.0,
810-541CA26-M1,97.0,1000,SKD11022067,0.0,0.0,,0.0,0.0,,0.0,0.0,,0.0,0.0,,0.0,0.0,
SKD6.15X25X35,49.0,1000,SKD11025067,0.0,0.0,,0.0,0.0,,0.0,0.0,,0.0,0.0,,0.0,0.0,
SKD6.15X25X27,38.0,1000,SKD11025067,0.0,0.0,,0.0,0.0,,0.0,0.0,,0.0,0.0,,0.0,0.0,
SKD7.0X30X48,103.0,1000,SKD11030085,0.0,0.0,,0.0,0.0,,0.0,0.0,,0.0,0.0,,0.0,0.0,
SKD6.0X27X32,48.0,1000,SKD11027067,0.0,0.0,,0.0,0.0,,0.0,0.0,,0.0,0.0,,0.0,0.0,
SKD6E3332,62.0,1000,SKD11033065,0.0,0.0,,0.0,0.0,,0.0,0.0,,0.0,0.0,,0.0,0.0,
SKD6E3332-CUT-ONLY,62.0,1000,SKD11033065,0.0,0.0,,0.0,0.0,,0.0,0.0,,0.0,0.0,,0.0,0.0,
SKD7.65X30X41,87.0,1000,SKD11030085,0.0,0.0,,0.0,0.0,,0.0,0.0,,0.0,0.0,,0.0,0.0,
NC-3153-611AA36-KY-TEMP1,111.0,1000,SKD11040085,0.0,0.0,,0.0,0.0,,0.0,0.0,,0.0,0.0,,0.0,0.0,
NC-3153-611AA36-KY-TEMP10,111.0,1000,SKD11040085,0.0,0.0,,0.0,0.0,,0.0,0.0,,0.0,0.0,,0.0,0.0,
NC-3153-611AA36-KY-TEMP11,111.0,1000,SKD11040085,0.0,0.0,,0.0,0.0,,0.0,0.0,,0.0,0.0,,0.0,0.0,
NC-3153-611AA36-KY-TEMP12,111.0,1000,SKD11040085,0.0,0.0,,0.0,0.0,,0.0,0.0,,0.0,0.0,,0.0,0.0,
NC-3153-611AA36-KY-TEMP13,111.0,1000,SKD11040085,0.0,0.0,,0.0,0.0,,0.0,0.0,,0.0,0.0,,0.0,0.0,
NC-3153-611AA36-KY-TEMP14,111.0,1000,SKD11040085,0.0,0.0,,0.0,0.0,,0.0,0.0,,0.0,0.0,,0.0,0.0,
NC-3153-611AA36-KY-TEMP15,111.0,1000,SKD11040085,0.0,0.0,,0.0,0.0,,0.0,0.0,,0.0,0.0,,0.0,0.0,
NC-3153-611AA36-KY-TEMP2,111.0,1000,SKD11040085,0.0,0.0,,0.0,0.0,,0.0,0.0,,0.0,0.0,,0.0,0.0,
NC-3153-611AA36-KY-TEMP3,111.0,1000,SKD11040085,0.0,0.0,,0.0,0.0,,0.0,0.0,,0.0,0.0,,0.0,0.0,
NC-3153-611AA36-KY-TEMP4,111.0,1000,SKD11040085,0.0,0.0,,0.0,0.0,,0.0,0.0,,0.0,0.0,,0.0,0.0,
NC-3153-611AA36-KY-TEMP5,111.0,1000,SKD11040085,0.0,0.0,,0.0,0.0,,0.0,0.0,,0.0,0.0,,0.0,0.0,
NC-3153-611AA36-KY-TEMP6,111.0,1000,SKD11040085,0.0,0.0,,0.0,0.0,,0.0,0.0,,0.0,0.0,,0.0,0.0,
NC-3153-611AA36-KY-TEMP7,111.0,1000,SKD11040085,0.0,0.0,,0.0,0.0,,0.0,0.0,,0.0,0.0,,0.0,0.0,
NC-3153-611AA36-KY-TEMP8,111.0,1000,SKD11040085,0.0,0.0,,0.0,0.0,,0.0,0.0,,0.0,0.0,,0.0,0.0,
NC-3153-611AA36-KY-TEMP9,111.0,1000,SKD11040085,0.0,0.0,,0.0,0.0,,0.0,0.0,,0.0,0.0,,0.0,0.0,
352B-513AC33-M1-TEMP,1.0,1,SKD6G2741,61.0,1000.0,SKD11027067,0.0,0.0,,0.0,0.0,,0.0,0.0,,0.0,0.0,
NC-3153-611AA30-KY-TEMP26,111.0,1000,SKD11040085,0.0,0.0,,0.0,0.0,,0.0,0.0,,0.0,0.0,,0.0,0.0,
NC-3153-611AA30-KY-TEMP27,111.0,1000,SKD11040085,0.0,0.0,,0.0,0.0,,0.0,0.0,,0.0,0.0,,0.0,0.0,
NC-3153-611AA30-KY-TEMP28,111.0,1000,SKD11040085,0.0,0.0,,0.0,0.0,,0.0,0.0,,0.0,0.0,,0.0,0.0,
NC-3153-611AA30-KY-TEMP29,111.0,1000,SKD11040085,0.0,0.0,,0.0,0.0,,0.0,0.0,,0.0,0.0,,0.0,0.0,
NC-3153-611AA30-KY-TEMP30,111.0,1000,SKD11040085,0.0,0.0,,0.0,0.0,,0.0,0.0,,0.0,0.0,,0.0,0.0,
PT-600-511-30-M1,1.0,1,SKD6G2530,42.0,1000.0,SKD11025067,0.0,0.0,,0.0,0.0,,0.0,0.0,,0.0,0.0,
PT-600-513-30-M1,1.0,1,SKD8B2130,43.0,1000.0,SKD11021082,0.0,0.0,,0.0,0.0,,0.0,0.0,,0.0,0.0,
SKD6.0X27X49,73.0,1000,SKD11027067,0.0,0.0,,0.0,0.0,,0.0,0.0,,0.0,0.0,,0.0,0.0,
SKD7.0X30X36,77.0,1000,SKD11030085,0.0,0.0,,0.0,0.0,,0.0,0.0,,0.0,0.0,,0.0,0.0,
SKD7.0X30X46,98.0,1000,SKD11030085,0.0,0.0,,0.0,0.0,,0.0,0.0,,0.0,0.0,,0.0,0.0,
SKD7.65X30X48,103.0,1000,SKD11030085,0.0,0.0,,0.0,0.0,,0.0,0.0,,0.0,0.0,,0.0,0.0,
SKD6.15X27X32,48.0,1000,SKD11027067,0.0,0.0,,0.0,0.0,,0.0,0.0,,0.0,0.0,,0.0,0.0,
SKD4.8X30X47,64.0,1000,SKD11030055,0.0,0.0,,0.0,0.0,,0.0,0.0,,0.0,0.0,,0.0,0.0,
SKD6.0X27X41,61.0,1000,SKD11027067,0.0,0.0,,0.0,0.0,,0.0,0.0,,0.0,0.0,,0.0,0.0,
SKD6.0X47X98,254.0,1000,SKD11047067,0.0,0.0,,0.0,0.0,,0.0,0.0,,0.0,0.0,,0.0,0.0,
SKD6.7X40X48,134.0,1000,SKD11040085,0.0,0.0,,0.0,0.0,,0.0,0.0,,0.0,0.0,,0.0,0.0,
SKD6.7X40X52,146.0,1000,SKD11040085,0.0,0.0,,0.0,0.0,,0.0,0.0,,0.0,0.0,,0.0,0.0,
SKD6.7X40X58,163.0,1000,SKD11040085,0.0,0.0,,0.0,0.0,,0.0,0.0,,0.0,0.0,,0.0,0.0,
SKD9.0X50X52,1.0,1,SKD105052-KAJIWARA,0.0,0.0,,0.0,0.0,,0.0,0.0,,0.0,0.0,,0.0,0.0,
SKD9.0X50X60,1.0,1,SKD105060-KAJIWARA,0.0,0.0,,0.0,0.0,,0.0,0.0,,0.0,0.0,,0.0,0.0,
SKD5.95X27X79,118.0,1000,SKD11027067,0.0,0.0,,0.0,0.0,,0.0,0.0,,0.0,0.0,,0.0,0.0,
SKD6.0X25X43,60.0,1000,SKD11025067,0.0,0.0,,0.0,0.0,,0.0,0.0,,0.0,0.0,,0.0,0.0,
SKD6.0X27X45,67.0,1000,SKD11027067,0.0,0.0,,0.0,0.0,,0.0,0.0,,0.0,0.0,,0.0,0.0,
SKD6.0X30X45,78.0,1000,SKD11030070,0.0,0.0,,0.0,0.0,,0.0,0.0,,0.0,0.0,,0.0,0.0,
SKD6.65X40X41,115.0,1000,SKD11040085,0.0,0.0,,0.0,0.0,,0.0,0.0,,0.0,0.0,,0.0,0.0,
SKD6.65X40X46,129.0,1000,SKD11040085,0.0,0.0,,0.0,0.0,,0.0,0.0,,0.0,0.0,,0.0,0.0,
SKD6.6X32X35,67.0,1000,SKD11032072,0.0,0.0,,0.0,0.0,,0.0,0.0,,0.0,0.0,,0.0,0.0,
SKD6.7X32X55,104.0,1000,SKD11032072,0.0,0.0,,0.0,0.0,,0.0,0.0,,0.0,0.0,,0.0,0.0,
SKD6E4050,108.0,1000,SKD11040065,0.0,0.0,,0.0,0.0,,0.0,0.0,,0.0,0.0,,0.0,0.0,
SKD6E4050-CUT-ONLY,108.0,1000,SKD11040065,0.0,0.0,,0.0,0.0,,0.0,0.0,,0.0,0.0,,0.0,0.0,
SKD6G2540,56.0,1000,SKD11025067,0.0,0.0,,0.0,0.0,,0.0,0.0,,0.0,0.0,,0.0,0.0,
SKD6G2540-CUT-ONLY,56.0,1000,SKD11025067,0.0,0.0,,0.0,0.0,,0.0,0.0,,0.0,0.0,,0.0,0.0,
SKD6G4757,148.0,1000,SKD11047067,0.0,0.0,,0.0,0.0,,0.0,0.0,,0.0,0.0,,0.0,0.0,
SKD6G4757-CUT-ONLY,148.0,1000,SKD11047067,0.0,0.0,,0.0,0.0,,0.0,0.0,,0.0,0.0,,0.0,0.0,
SKD6.0X30X41,71.0,1000,SKD11030070,0.0,0.0,,0.0,0.0,,0.0,0.0,,0.0,0.0,,0.0,0.0,
SKD6.0X30X49,85.0,1000,SKD11030070,0.0,0.0,,0.0,0.0,,0.0,0.0,,0.0,0.0,,0.0,0.0,
3922-511AC30-M1,1.0,1,SKD7B3240,76.0,1000.0,SKD11032072,0.0,0.0,,0.0,0.0,,0.0,0.0,,0.0,0.0,
5529-569AA38-M1,1.0,1,SKD8E3041-CUT-ONLY,87.0,1000.0,SKD11030085,0.0,0.0,,0.0,0.0,,0.0,0.0,,0.0,0.0,
SKD6.0X30X32,56.0,1000,SKD11030070,0.0,0.0,,0.0,0.0,,0.0,0.0,,0.0,0.0,,0.0,0.0,
SKD6.7X32X30,65.0,1000,SKD11032072,0.0,0.0,,0.0,0.0,,0.0,0.0,,0.0,0.0,,0.0,0.0,
SKD9.0X50X41,1.0,1,SKD105041-KAJIWARA,0.0,0.0,,0.0,0.0,,0.0,0.0,,0.0,0.0,,0.0,0.0,
SKD5.0X50X200,551.0,1000,SKD11050067,0.0,0.0,,0.0,0.0,,0.0,0.0,,0.0,0.0,,0.0,0.0,
SKD5.5X50X200,551.0,1000,SKD11050067,0.0,0.0,,0.0,0.0,,0.0,0.0,,0.0,0.0,,0.0,0.0,
SKD6.0X50X200,551.0,1000,SKD11050067,0.0,0.0,,0.0,0.0,,0.0,0.0,,0.0,0.0,,0.0,0.0,
SKD6.3X50X200,551.0,1000,SKD11050067,0.0,0.0,,0.0,0.0,,0.0,0.0,,0.0,0.0,,0.0,0.0,
SKD7.0X50X200,699.0,1000,SKD11050085,0.0,0.0,,0.0,0.0,,0.0,0.0,,0.0,0.0,,0.0,0.0,
SKD7.5X50X200,699.0,1000,SKD11050085,0.0,0.0,,0.0,0.0,,0.0,0.0,,0.0,0.0,,0.0,0.0,
SKD8.0X50X200,699.0,1000,SKD11050085,0.0,0.0,,0.0,0.0,,0.0,0.0,,0.0,0.0,,0.0,0.0,
NC-6107-505AA38,61.0,1000,SKD11022067,0.0,0.0,,0.0,0.0,,0.0,0.0,,0.0,0.0,,0.0,0.0,
SKD6.0X27X38,57.0,1000,SKD11027067,0.0,0.0,,0.0,0.0,,0.0,0.0,,0.0,0.0,,0.0,0.0,
SKD6.0X30X55,95.0,1000,SKD11030070,0.0,0.0,,0.0,0.0,,0.0,0.0,,0.0,0.0,,0.0,0.0,
NC-3326-541AA30,118.0,1000,SKD11025067,0.0,0.0,,0.0,0.0,,0.0,0.0,,0.0,0.0,,0.0,0.0,
SKD5.7X47X70,183.0,1000,SKD11047067,0.0,0.0,,0.0,0.0,,0.0,0.0,,0.0,0.0,,0.0,0.0,
SKD6.0X47X65,168.0,1000,SKD11047067,0.0,0.0,,0.0,0.0,,0.0,0.0,,0.0,0.0,,0.0,0.0,
SKD7.75X50X28,98.0,1000,SKD11050085,0.0,0.0,,0.0,0.0,,0.0,0.0,,0.0,0.0,,0.0,0.0,
SKD9.0X50X29,1.0,1,SKD105029-KAJIWARA,0.0,0.0,,0.0,0.0,,0.0,0.0,,0.0,0.0,,0.0,0.0,
479-615AA30-M1-XDF,1.0,1,SKD8B2130,43.0,1000.0,SKD11021082,0.0,0.0,,0.0,0.0,,0.0,0.0,,0.0,0.0,
479-615AA34-M1-XDF,1.0,1,SKD8B2130,43.0,1000.0,SKD11021082,0.0,0.0,,0.0,0.0,,0.0,0.0,,0.0,0.0,
SKD5.95X25X32,45.0,1000,SKD11025067,0.0,0.0,,0.0,0.0,,0.0,0.0,,0.0,0.0,,0.0,0.0,
SKD6.65X32X32,57.0,1000,SKD11032072,0.0,0.0,,0.0,0.0,,0.0,0.0,,0.0,0.0,,0.0,0.0,
5142-613AA33-M1-XDF,1.0,1,SKD8E3030,63.0,1000.0,SKD11030085,0.0,0.0,,0.0,0.0,,0.0,0.0,,0.0,0.0,
5142-615AA33-M1-XDF,1.0,1,SKD8E3040,85.0,1000.0,SKD11030085,0.0,0.0,,0.0,0.0,,0.0,0.0,,0.0,0.0,
SKD6.0X40X390,900.0,1000,SKD11040065,0.0,0.0,,0.0,0.0,,0.0,0.0,,0.0,0.0,,0.0,0.0,
SKD8.0X40X390,1110.0,1000,SKD11040085,0.0,0.0,,0.0,0.0,,0.0,0.0,,0.0,0.0,,0.0,0.0,
SKD4.8X25X40,46.0,1000,SKD11025055,0.0,0.0,,0.0,0.0,,0.0,0.0,,0.0,0.0,,0.0,0.0,
SKD5.95X25X50,69.0,1000,SKD11025067,0.0,0.0,,0.0,0.0,,0.0,0.0,,0.0,0.0,,0.0,0.0,
SKD7.65X40X40,111.0,1000,SKD11040085,0.0,0.0,,0.0,0.0,,0.0,0.0,,0.0,0.0,,0.0,0.0,
NC-3139-611AA30-KY-TEMP16,111.0,1000,SKD11040085,0.0,0.0,,0.0,0.0,,0.0,0.0,,0.0,0.0,,0.0,0.0,
NC-3139-611AA30-KY-TEMP17,111.0,1000,SKD11040085,0.0,0.0,,0.0,0.0,,0.0,0.0,,0.0,0.0,,0.0,0.0,
NC-3139-611AA30-KY-TEMP18,111.0,1000,SKD11040085,0.0,0.0,,0.0,0.0,,0.0,0.0,,0.0,0.0,,0.0,0.0,
NC-3139-611AA30-KY-TEMP19,111.0,1000,SKD11040085,0.0,0.0,,0.0,0.0,,0.0,0.0,,0.0,0.0,,0.0,0.0,
NC-3139-611AA30-KY-TEMP20,111.0,1000,SKD11040085,0.0,0.0,,0.0,0.0,,0.0,0.0,,0.0,0.0,,0.0,0.0,
NC-3139-611AA30-KY-TEMP21,111.0,1000,SKD11040085,0.0,0.0,,0.0,0.0,,0.0,0.0,,0.0,0.0,,0.0,0.0,
NC-3139-611AA30-KY-TEMP22,111.0,1000,SKD11040085,0.0,0.0,,0.0,0.0,,0.0,0.0,,0.0,0.0,,0.0,0.0,
NC-3139-611AA30-KY-TEMP23,111.0,1000,SKD11040085,0.0,0.0,,0.0,0.0,,0.0,0.0,,0.0,0.0,,0.0,0.0,
NC-3139-611AA30-KY-TEMP24,111.0,1000,SKD11040085,0.0,0.0,,0.0,0.0,,0.0,0.0,,0.0,0.0,,0.0,0.0,
NC-3139-611AA30-KY-TEMP25,111.0,1000,SKD11040085,0.0,0.0,,0.0,0.0,,0.0,0.0,,0.0,0.0,,0.0,0.0,
NC-3139-611AA30-KY-TEMP26,111.0,1000,SKD11040085,0.0,0.0,,0.0,0.0,,0.0,0.0,,0.0,0.0,,0.0,0.0,
NC-3139-611AA30-KY-TEMP27,111.0,1000,SKD11040085,0.0,0.0,,0.0,0.0,,0.0,0.0,,0.0,0.0,,0.0,0.0,
NC-3139-611AA30-KY-TEMP28,111.0,1000,SKD11040085,0.0,0.0,,0.0,0.0,,0.0,0.0,,0.0,0.0,,0.0,0.0,
NC-3139-611AA30-KY-TEMP29,111.0,1000,SKD11040085,0.0,0.0,,0.0,0.0,,0.0,0.0,,0.0,0.0,,0.0,0.0,
NC-3139-611AA30-KY-TEMP30,111.0,1000,SKD11040085,0.0,0.0,,0.0,0.0,,0.0,0.0,,0.0,0.0,,0.0,0.0,
NC-3153-611AA30-KY-TEMP31,111.0,1000,SKD11040085,0.0,0.0,,0.0,0.0,,0.0,0.0,,0.0,0.0,,0.0,0.0,
NC-3153-611AA30-KY-TEMP32,111.0,1000,SKD11040085,0.0,0.0,,0.0,0.0,,0.0,0.0,,0.0,0.0,,0.0,0.0,
NC-3153-611AA30-KY-TEMP33,111.0,1000,SKD11040085,0.0,0.0,,0.0,0.0,,0.0,0.0,,0.0,0.0,,0.0,0.0,
NC-3153-611AA30-KY-TEMP34,111.0,1000,SKD11040085,0.0,0.0,,0.0,0.0,,0.0,0.0,,0.0,0.0,,0.0,0.0,
NC-3153-611AA30-KY-TEMP35,111.0,1000,SKD11040085,0.0,0.0,,0.0,0.0,,0.0,0.0,,0.0,0.0,,0.0,0.0,
NC-3153-611AA30-KY-TEMP36,111.0,1000,SKD11040085,0.0,0.0,,0.0,0.0,,0.0,0.0,,0.0,0.0,,0.0,0.0,
NC-3153-611AA30-KY-TEMP37,111.0,1000,SKD11040085,0.0,0.0,,0.0,0.0,,0.0,0.0,,0.0,0.0,,0.0,0.0,
NC-3153-611AA30-KY-TEMP38,111.0,1000,SKD11040085,0.0,0.0,,0.0,0.0,,0.0,0.0,,0.0,0.0,,0.0,0.0,
NC-3153-611AA30-KY-TEMP39,111.0,1000,SKD11040085,0.0,0.0,,0.0,0.0,,0.0,0.0,,0.0,0.0,,0.0,0.0,
NC-3153-611AA30-KY-TEMP40,111.0,1000,SKD11040085,0.0,0.0,,0.0,0.0,,0.0,0.0,,0.0,0.0,,0.0,0.0,
NC-3153-611AA30-KY-TEMP41,111.0,1000,SKD11040085,0.0,0.0,,0.0,0.0,,0.0,0.0,,0.0,0.0,,0.0,0.0,
NC-3153-611AA30-KY-TEMP42,111.0,1000,SKD11040085,0.0,0.0,,0.0,0.0,,0.0,0.0,,0.0,0.0,,0.0,0.0,
NC-3153-611AA30-KY-TEMP43,111.0,1000,SKD11040085,0.0,0.0,,0.0,0.0,,0.0,0.0,,0.0,0.0,,0.0,0.0,
NC-3153-611AA30-KY-TEMP44,111.0,1000,SKD11040085,0.0,0.0,,0.0,0.0,,0.0,0.0,,0.0,0.0,,0.0,0.0,
NC-3153-611AA30-KY-TEMP45,111.0,1000,SKD11040085,0.0,0.0,,0.0,0.0,,0.0,0.0,,0.0,0.0,,0.0,0.0,
NC-3153-611AA30-KY-TEMP46,111.0,1000,SKD11040085,0.0,0.0,,0.0,0.0,,0.0,0.0,,0.0,0.0,,0.0,0.0,
NC-3153-611AA30-KY-TEMP47,111.0,1000,SKD11040085,0.0,0.0,,0.0,0.0,,0.0,0.0,,0.0,0.0,,0.0,0.0,
NC-3153-611AA30-KY-TEMP48,111.0,1000,SKD11040085,0.0,0.0,,0.0,0.0,,0.0,0.0,,0.0,0.0,,0.0,0.0,
NC-3153-611AA30-KY-TEMP49,111.0,1000,SKD11040085,0.0,0.0,,0.0,0.0,,0.0,0.0,,0.0,0.0,,0.0,0.0,
NC-3153-611AA30-KY-TEMP50,111.0,1000,SKD11040085,0.0,0.0,,0.0,0.0,,0.0,0.0,,0.0,0.0,,0.0,0.0,
NC-3153-611AA34-KY-TEMP16,111.0,1000,SKD11040085,0.0,0.0,,0.0,0.0,,0.0,0.0,,0.0,0.0,,0.0,0.0,
NC-3153-611AA34-KY-TEMP17,111.0,1000,SKD11040085,0.0,0.0,,0.0,0.0,,0.0,0.0,,0.0,0.0,,0.0,0.0,
NC-3153-611AA34-KY-TEMP18,111.0,1000,SKD11040085,0.0,0.0,,0.0,0.0,,0.0,0.0,,0.0,0.0,,0.0,0.0,
NC-3153-611AA34-KY-TEMP19,111.0,1000,SKD11040085,0.0,0.0,,0.0,0.0,,0.0,0.0,,0.0,0.0,,0.0,0.0,
NC-3153-611AA34-KY-TEMP20,111.0,1000,SKD11040085,0.0,0.0,,0.0,0.0,,0.0,0.0,,0.0,0.0,,0.0,0.0,
NC-3153-611AA34-KY-TEMP21,111.0,1000,SKD11040085,0.0,0.0,,0.0,0.0,,0.0,0.0,,0.0,0.0,,0.0,0.0,
NC-3153-611AA34-KY-TEMP22,111.0,1000,SKD11040085,0.0,0.0,,0.0,0.0,,0.0,0.0,,0.0,0.0,,0.0,0.0,
NC-3153-611AA34-KY-TEMP23,111.0,1000,SKD11040085,0.0,0.0,,0.0,0.0,,0.0,0.0,,0.0,0.0,,0.0,0.0,
NC-3153-611AA34-KY-TEMP24,111.0,1000,SKD11040085,0.0,0.0,,0.0,0.0,,0.0,0.0,,0.0,0.0,,0.0,0.0,
NC-3153-611AA34-KY-TEMP25,111.0,1000,SKD11040085,0.0,0.0,,0.0,0.0,,0.0,0.0,,0.0,0.0,,0.0,0.0,
NC-3153-611AA34-KY-TEMP26,111.0,1000,SKD11040085,0.0,0.0,,0.0,0.0,,0.0,0.0,,0.0,0.0,,0.0,0.0,
NC-3153-611AA34-KY-TEMP27,111.0,1000,SKD11040085,0.0,0.0,,0.0,0.0,,0.0,0.0,,0.0,0.0,,0.0,0.0,
NC-3153-611AA34-KY-TEMP28,111.0,1000,SKD11040085,0.0,0.0,,0.0,0.0,,0.0,0.0,,0.0,0.0,,0.0,0.0,
NC-3153-611AA34-KY-TEMP29,111.0,1000,SKD11040085,0.0,0.0,,0.0,0.0,,0.0,0.0,,0.0,0.0,,0.0,0.0,
NC-3153-611AA34-KY-TEMP30,111.0,1000,SKD11040085,0.0,0.0,,0.0,0.0,,0.0,0.0,,0.0,0.0,,0.0,0.0,
SKD6G50200-CUT-ONLY,551.0,1000,SKD11050067,0.0,0.0,,0.0,0.0,,0.0,0.0,,0.0,0.0,,0.0,0.0,
NC-3153-612AA30-KY-TEMP1,111.0,1000,SKD11040085,0.0,0.0,,0.0,0.0,,0.0,0.0,,0.0,0.0,,0.0,0.0,
NC-3153-612AA30-KY-TEMP10,111.0,1000,SKD11040085,0.0,0.0,,0.0,0.0,,0.0,0.0,,0.0,0.0,,0.0,0.0,
NC-3153-612AA30-KY-TEMP2,111.0,1000,SKD11040085,0.0,0.0,,0.0,0.0,,0.0,0.0,,0.0,0.0,,0.0,0.0,
NC-3153-612AA30-KY-TEMP3,111.0,1000,SKD11040085,0.0,0.0,,0.0,0.0,,0.0,0.0,,0.0,0.0,,0.0,0.0,
NC-3153-612AA30-KY-TEMP4,111.0,1000,SKD11040085,0.0,0.0,,0.0,0.0,,0.0,0.0,,0.0,0.0,,0.0,0.0,
NC-3153-612AA30-KY-TEMP5,111.0,1000,SKD11040085,0.0,0.0,,0.0,0.0,,0.0,0.0,,0.0,0.0,,0.0,0.0,
NC-3153-612AA30-KY-TEMP6,111.0,1000,SKD11040085,0.0,0.0,,0.0,0.0,,0.0,0.0,,0.0,0.0,,0.0,0.0,
NC-3153-612AA30-KY-TEMP7,111.0,1000,SKD11040085,0.0,0.0,,0.0,0.0,,0.0,0.0,,0.0,0.0,,0.0,0.0,
NC-3153-612AA30-KY-TEMP8,111.0,1000,SKD11040085,0.0,0.0,,0.0,0.0,,0.0,0.0,,0.0,0.0,,0.0,0.0,
NC-3153-612AA30-KY-TEMP9,111.0,1000,SKD11040085,0.0,0.0,,0.0,0.0,,0.0,0.0,,0.0,0.0,,0.0,0.0,
NC-3153-612BA30-KY-TEMP1,111.0,1000,SKD11040085,0.0,0.0,,0.0,0.0,,0.0,0.0,,0.0,0.0,,0.0,0.0,
NC-3153-612BA30-KY-TEMP10,111.0,1000,SKD11040085,0.0,0.0,,0.0,0.0,,0.0,0.0,,0.0,0.0,,0.0,0.0,
NC-3153-612BA30-KY-TEMP2,111.0,1000,SKD11040085,0.0,0.0,,0.0,0.0,,0.0,0.0,,0.0,0.0,,0.0,0.0,
NC-3153-612BA30-KY-TEMP3,111.0,1000,SKD11040085,0.0,0.0,,0.0,0.0,,0.0,0.0,,0.0,0.0,,0.0,0.0,
NC-3153-612BA30-KY-TEMP4,111.0,1000,SKD11040085,0.0,0.0,,0.0,0.0,,0.0,0.0,,0.0,0.0,,0.0,0.0,
NC-3153-612BA30-KY-TEMP5,111.0,1000,SKD11040085,0.0,0.0,,0.0,0.0,,0.0,0.0,,0.0,0.0,,0.0,0.0,
NC-3153-612BA30-KY-TEMP6,111.0,1000,SKD11040085,0.0,0.0,,0.0,0.0,,0.0,0.0,,0.0,0.0,,0.0,0.0,
NC-3153-612BA30-KY-TEMP7,111.0,1000,SKD11040085,0.0,0.0,,0.0,0.0,,0.0,0.0,,0.0,0.0,,0.0,0.0,
NC-3153-612BA30-KY-TEMP8,111.0,1000,SKD11040085,0.0,0.0,,0.0,0.0,,0.0,0.0,,0.0,0.0,,0.0,0.0,
NC-3153-612BA30-KY-TEMP9,111.0,1000,SKD11040085,0.0,0.0,,0.0,0.0,,0.0,0.0,,0.0,0.0,,0.0,0.0,
479-619AA34-M1-BARI-MADE,1.0,1,SKD8B2148,68.0,1000.0,SKD11021082,0.0,0.0,,0.0,0.0,,0.0,0.0,,0.0,0.0,
SKD5.8X25X27,38.0,1000,SKD11025067,0.0,0.0,,0.0,0.0,,0.0,0.0,,0.0,0.0,,0.0,0.0,
SKD6.0X30X60,104.0,1000,SKD11030070,0.0,0.0,,0.0,0.0,,0.0,0.0,,0.0,0.0,,0.0,0.0,
SKD6.0X35X31,59.0,1000,SKD11035067,0.0,0.0,,0.0,0.0,,0.0,0.0,,0.0,0.0,,0.0,0.0,
SKD6.15X27X38,57.0,1000,SKD11027067,0.0,0.0,,0.0,0.0,,0.0,0.0,,0.0,0.0,,0.0,0.0,
SKD6G2255,67.0,1000,SKD11022067,0.0,0.0,,0.0,0.0,,0.0,0.0,,0.0,0.0,,0.0,0.0,
SKD7.0X30X55,118.0,1000,SKD11030085,0.0,0.0,,0.0,0.0,,0.0,0.0,,0.0,0.0,,0.0,0.0,
SKD7.65X29X44,86.0,1000,SKD11029082,0.0,0.0,,0.0,0.0,,0.0,0.0,,0.0,0.0,,0.0,0.0,
SKD105065-CUT-ONLY,300.0,1000,SKD11-10X50-R-STOCK,0.0,0.0,,0.0,0.0,,0.0,0.0,,0.0,0.0,,0.0,0.0,
SKD6.0X35X40,77.0,1000,SKD11035067,0.0,0.0,,0.0,0.0,,0.0,0.0,,0.0,0.0,,0.0,0.0,
SKD6.7X32X25,57.0,1000,SKD11032072,0.0,0.0,,0.0,0.0,,0.0,0.0,,0.0,0.0,,0.0,0.0,
SKD1050200-CUT-ONLY,840.0,1000,SKD11-10X50-R-STOCK,0.0,0.0,,0.0,0.0,,0.0,0.0,,0.0,0.0,,0.0,0.0,
SKD9.0X50X20-SW+G,100.0,1000,SKD11-10X50-R-STOCK,0.0,0.0,,0.0,0.0,,0.0,0.0,,0.0,0.0,,0.0,0.0,
SKD105037-CUT-ONLY,185.0,1000,SKD11-10X50-R-STOCK,0.0,0.0,,0.0,0.0,,0.0,0.0,,0.0,0.0,,0.0,0.0,
SKD7B3252,99.0,1000,SKD11032072,0.0,0.0,,0.0,0.0,,0.0,0.0,,0.0,0.0,,0.0,0.0,
SKD7B3252-CUT-ONLY,99.0,1000,SKD11032072,0.0,0.0,,0.0,0.0,,0.0,0.0,,0.0,0.0,,0.0,0.0,
SKD8E4047,132.0,1000,SKD11040085,0.0,0.0,,0.0,0.0,,0.0,0.0,,0.0,0.0,,0.0,0.0,
SKD8E4047-CUT-ONLY,132.0,1000,SKD11040085,0.0,0.0,,0.0,0.0,,0.0,0.0,,0.0,0.0,,0.0,0.0,
SKD5.8X25X40,56.0,1000,SKD11025067,0.0,0.0,,0.0,0.0,,0.0,0.0,,0.0,0.0,,0.0,0.0,
SKD6.65X40X25,70.0,1000,SKD11040085,0.0,0.0,,0.0,0.0,,0.0,0.0,,0.0,0.0,,0.0,0.0,
SKD6.6X30X50,87.0,1000,SKD11030070,0.0,0.0,,0.0,0.0,,0.0,0.0,,0.0,0.0,,0.0,0.0,
SKD6.7X40X75,210.0,1000,SKD11040085,0.0,0.0,,0.0,0.0,,0.0,0.0,,0.0,0.0,,0.0,0.0,
SKD8E5032,112.0,1000,SKD11050085,0.0,0.0,,0.0,0.0,,0.0,0.0,,0.0,0.0,,0.0,0.0,
SKD8E5032-CUT-ONLY,112.0,1000,SKD11050085,0.0,0.0,,0.0,0.0,,0.0,0.0,,0.0,0.0,,0.0,0.0,
SKD8E4055,145.0,1000,SKD11040085,0.0,0.0,,0.0,0.0,,0.0,0.0,,0.0,0.0,,0.0,0.0,
SKD8E4055-CUT-ONLY,145.0,1000,SKD11040085,0.0,0.0,,0.0,0.0,,0.0,0.0,,0.0,0.0,,0.0,0.0,
SKD1050500-CUT-ONLY,2100.0,1000,SKD11-10X50-R-STOCK,0.0,0.0,,0.0,0.0,,0.0,0.0,,0.0,0.0,,0.0,0.0,
SKD5E2235,35.0,1000,SKD11022055,0.0,0.0,,0.0,0.0,,0.0,0.0,,0.0,0.0,,0.0,0.0,
SKD5E2235-CUT-ONLY-KY-TE1,35.0,1000,SKD11022055,0.0,0.0,,0.0,0.0,,0.0,0.0,,0.0,0.0,,0.0,0.0,
3153-511AA30-M1-SQUARE,1.0,1,SKD6G4730,78.0,1000.0,SKD11047067,0.0,0.0,,0.0,0.0,,0.0,0.0,,0.0,0.0,
NC-3153-611AA26-KY-TEMP16,111.0,1000,SKD11040085,0.0,0.0,,0.0,0.0,,0.0,0.0,,0.0,0.0,,0.0,0.0,
NC-3153-611AA26-KY-TEMP17,111.0,1000,SKD11040085,0.0,0.0,,0.0,0.0,,0.0,0.0,,0.0,0.0,,0.0,0.0,
NC-3153-611AA26-KY-TEMP18,111.0,1000,SKD11040085,0.0,0.0,,0.0,0.0,,0.0,0.0,,0.0,0.0,,0.0,0.0,
NC-3153-611AA26-KY-TEMP19,111.0,1000,SKD11040085,0.0,0.0,,0.0,0.0,,0.0,0.0,,0.0,0.0,,0.0,0.0,
NC-3153-611AA26-KY-TEMP20,111.0,1000,SKD11040085,0.0,0.0,,0.0,0.0,,0.0,0.0,,0.0,0.0,,0.0,0.0,
NC-3153-612AA34-KY-TEMP1,111.0,1000,SKD11040085,0.0,0.0,,0.0,0.0,,0.0,0.0,,0.0,0.0,,0.0,0.0,
NC-3153-612AA34-KY-TEMP10,111.0,1000,SKD11040085,0.0,0.0,,0.0,0.0,,0.0,0.0,,0.0,0.0,,0.0,0.0,
NC-3153-612AA34-KY-TEMP2,111.0,1000,SKD11040085,0.0,0.0,,0.0,0.0,,0.0,0.0,,0.0,0.0,,0.0,0.0,
NC-3153-612AA34-KY-TEMP3,111.0,1000,SKD11040085,0.0,0.0,,0.0,0.0,,0.0,0.0,,0.0,0.0,,0.0,0.0,
NC-3153-612AA34-KY-TEMP4,111.0,1000,SKD11040085,0.0,0.0,,0.0,0.0,,0.0,0.0,,0.0,0.0,,0.0,0.0,
NC-3153-612AA34-KY-TEMP5,111.0,1000,SKD11040085,0.0,0.0,,0.0,0.0,,0.0,0.0,,0.0,0.0,,0.0,0.0,
NC-3153-612AA34-KY-TEMP6,111.0,1000,SKD11040085,0.0,0.0,,0.0,0.0,,0.0,0.0,,0.0,0.0,,0.0,0.0,
NC-3153-612AA34-KY-TEMP7,111.0,1000,SKD11040085,0.0,0.0,,0.0,0.0,,0.0,0.0,,0.0,0.0,,0.0,0.0,
NC-3153-612AA34-KY-TEMP8,111.0,1000,SKD11040085,0.0,0.0,,0.0,0.0,,0.0,0.0,,0.0,0.0,,0.0,0.0,
NC-3153-612AA34-KY-TEMP9,111.0,1000,SKD11040085,0.0,0.0,,0.0,0.0,,0.0,0.0,,0.0,0.0,,0.0,0.0,
NC-3153-612BA34-KY-TEMP1,111.0,1000,SKD11040085,0.0,0.0,,0.0,0.0,,0.0,0.0,,0.0,0.0,,0.0,0.0,
NC-3153-612BA34-KY-TEMP10,111.0,1000,SKD11040085,0.0,0.0,,0.0,0.0,,0.0,0.0,,0.0,0.0,,0.0,0.0,
NC-3153-612BA34-KY-TEMP2,111.0,1000,SKD11040085,0.0,0.0,,0.0,0.0,,0.0,0.0,,0.0,0.0,,0.0,0.0,
NC-3153-612BA34-KY-TEMP3,111.0,1000,SKD11040085,0.0,0.0,,0.0,0.0,,0.0,0.0,,0.0,0.0,,0.0,0.0,
NC-3153-612BA34-KY-TEMP4,111.0,1000,SKD11040085,0.0,0.0,,0.0,0.0,,0.0,0.0,,0.0,0.0,,0.0,0.0,
NC-3153-612BA34-KY-TEMP5,111.0,1000,SKD11040085,0.0,0.0,,0.0,0.0,,0.0,0.0,,0.0,0.0,,0.0,0.0,
NC-3153-612BA34-KY-TEMP6,111.0,1000,SKD11040085,0.0,0.0,,0.0,0.0,,0.0,0.0,,0.0,0.0,,0.0,0.0,
NC-3153-612BA34-KY-TEMP7,111.0,1000,SKD11040085,0.0,0.0,,0.0,0.0,,0.0,0.0,,0.0,0.0,,0.0,0.0,
NC-3153-612BA34-KY-TEMP8,111.0,1000,SKD11040085,0.0,0.0,,0.0,0.0,,0.0,0.0,,0.0,0.0,,0.0,0.0,
NC-3153-612BA34-KY-TEMP9,111.0,1000,SKD11040085,0.0,0.0,,0.0,0.0,,0.0,0.0,,0.0,0.0,,0.0,0.0,
SKD6.0X47X38,99.0,1000,SKD11047067,0.0,0.0,,0.0,0.0,,0.0,0.0,,0.0,0.0,,0.0,0.0,
SKD6.15X27X23,35.0,1000,SKD11027067,0.0,0.0,,0.0,0.0,,0.0,0.0,,0.0,0.0,,0.0,0.0,
SKD6.15X30X30,52.0,1000,SKD11030070,0.0,0.0,,0.0,0.0,,0.0,0.0,,0.0,0.0,,0.0,0.0,
SKD6.65X32X43,82.0,1000,SKD11032072,0.0,0.0,,0.0,0.0,,0.0,0.0,,0.0,0.0,,0.0,0.0,
SKD7.2X21X32,46.0,1000,SKD11021082,0.0,0.0,,0.0,0.0,,0.0,0.0,,0.0,0.0,,0.0,0.0,
SKD7.9X30X32,68.0,1000,SKD11030085,0.0,0.0,,0.0,0.0,,0.0,0.0,,0.0,0.0,,0.0,0.0,
SKD7.9X30X40,85.0,1000,SKD11030085,0.0,0.0,,0.0,0.0,,0.0,0.0,,0.0,0.0,,0.0,0.0,
SKD6.0X27X43,64.0,1000,SKD11027067,0.0,0.0,,0.0,0.0,,0.0,0.0,,0.0,0.0,,0.0,0.0,
SKD6G4738-CUT-ONLY,99.0,1000,SKD11047067,0.0,0.0,,0.0,0.0,,0.0,0.0,,0.0,0.0,,0.0,0.0,
SKD4.8X27X45,67.0,1000,SKD11027067,0.0,0.0,,0.0,0.0,,0.0,0.0,,0.0,0.0,,0.0,0.0,
SKD6.0X32X35,67.0,1000,SKD11032072,0.0,0.0,,0.0,0.0,,0.0,0.0,,0.0,0.0,,0.0,0.0,
SKD8.9X50X10-SW+G,60.0,1000,SKD11-10X50-R-STOCK,0.0,0.0,,0.0,0.0,,0.0,0.0,,0.0,0.0,,0.0,0.0,
NC-3164-611AA30-KY-TEMP1,111.0,1000,SKD11040085,0.0,0.0,,0.0,0.0,,0.0,0.0,,0.0,0.0,,0.0,0.0,
NC-3164-611AA30-KY-TEMP10,111.0,1000,SKD11040085,0.0,0.0,,0.0,0.0,,0.0,0.0,,0.0,0.0,,0.0,0.0,
NC-3164-611AA30-KY-TEMP2,111.0,1000,SKD11040085,0.0,0.0,,0.0,0.0,,0.0,0.0,,0.0,0.0,,0.0,0.0,
NC-3164-611AA30-KY-TEMP3,111.0,1000,SKD11040085,0.0,0.0,,0.0,0.0,,0.0,0.0,,0.0,0.0,,0.0,0.0,
NC-3164-611AA30-KY-TEMP4,111.0,1000,SKD11040085,0.0,0.0,,0.0,0.0,,0.0,0.0,,0.0,0.0,,0.0,0.0,
NC-3164-611AA30-KY-TEMP5,111.0,1000,SKD11040085,0.0,0.0,,0.0,0.0,,0.0,0.0,,0.0,0.0,,0.0,0.0,
NC-3164-611AA30-KY-TEMP6,111.0,1000,SKD11040085,0.0,0.0,,0.0,0.0,,0.0,0.0,,0.0,0.0,,0.0,0.0,
NC-3164-611AA30-KY-TEMP7,111.0,1000,SKD11040085,0.0,0.0,,0.0,0.0,,0.0,0.0,,0.0,0.0,,0.0,0.0,
NC-3164-611AA30-KY-TEMP8,111.0,1000,SKD11040085,0.0,0.0,,0.0,0.0,,0.0,0.0,,0.0,0.0,,0.0,0.0,
NC-3164-611AA30-KY-TEMP9,111.0,1000,SKD11040085,0.0,0.0,,0.0,0.0,,0.0,0.0,,0.0,0.0,,0.0,0.0,
NC-3164-611AA34-KY-TEMP1,111.0,1000,SKD11040085,0.0,0.0,,0.0,0.0,,0.0,0.0,,0.0,0.0,,0.0,0.0,
NC-3164-611AA34-KY-TEMP10,111.0,1000,SKD11040085,0.0,0.0,,0.0,0.0,,0.0,0.0,,0.0,0.0,,0.0,0.0,
NC-3164-611AA34-KY-TEMP2,111.0,1000,SKD11040085,0.0,0.0,,0.0,0.0,,0.0,0.0,,0.0,0.0,,0.0,0.0,
NC-3164-611AA34-KY-TEMP3,111.0,1000,SKD11040085,0.0,0.0,,0.0,0.0,,0.0,0.0,,0.0,0.0,,0.0,0.0,
NC-3164-611AA34-KY-TEMP4,111.0,1000,SKD11040085,0.0,0.0,,0.0,0.0,,0.0,0.0,,0.0,0.0,,0.0,0.0,
NC-3164-611AA34-KY-TEMP5,111.0,1000,SKD11040085,0.0,0.0,,0.0,0.0,,0.0,0.0,,0.0,0.0,,0.0,0.0,
NC-3164-611AA34-KY-TEMP6,111.0,1000,SKD11040085,0.0,0.0,,0.0,0.0,,0.0,0.0,,0.0,0.0,,0.0,0.0,
NC-3164-611AA34-KY-TEMP7,111.0,1000,SKD11040085,0.0,0.0,,0.0,0.0,,0.0,0.0,,0.0,0.0,,0.0,0.0,
NC-3164-611AA34-KY-TEMP8,111.0,1000,SKD11040085,0.0,0.0,,0.0,0.0,,0.0,0.0,,0.0,0.0,,0.0,0.0,
NC-3164-611AA34-KY-TEMP9,111.0,1000,SKD11040085,0.0,0.0,,0.0,0.0,,0.0,0.0,,0.0,0.0,,0.0,0.0,
SKD4.8X25X50,57.0,1000,SKD11025055,0.0,0.0,,0.0,0.0,,0.0,0.0,,0.0,0.0,,0.0,0.0,
SKD6.0X32X30,64.0,1000,SKD11032072,0.0,0.0,,0.0,0.0,,0.0,0.0,,0.0,0.0,,0.0,0.0,
SKD6.0X40X52,113.0,1000,SKD11040065,0.0,0.0,,0.0,0.0,,0.0,0.0,,0.0,0.0,,0.0,0.0,
SKD7.0X30X38,80.0,1000,SKD11030085,0.0,0.0,,0.0,0.0,,0.0,0.0,,0.0,0.0,,0.0,0.0,
SKD7.0X40X48,134.0,1000,SKD11040085,0.0,0.0,,0.0,0.0,,0.0,0.0,,0.0,0.0,,0.0,0.0,
SKD6.0X25X45,62.0,1000,SKD11025067,0.0,0.0,,0.0,0.0,,0.0,0.0,,0.0,0.0,,0.0,0.0,
SKD6G4738,99.0,1000,SKD11047067,0.0,0.0,,0.0,0.0,,0.0,0.0,,0.0,0.0,,0.0,0.0,
5165-611AA30-M1,1.0,1,SKD6G2516,22.0,1000.0,SKD11025067,0.0,0.0,,0.0,0.0,,0.0,0.0,,0.0,0.0,
5165-612AA30-M1,1.0,1,SKD6G2515,21.0,1000.0,SKD11025067,0.0,0.0,,0.0,0.0,,0.0,0.0,,0.0,0.0,
SKD6G2716,24.0,1000,SKD11027067,0.0,0.0,,0.0,0.0,,0.0,0.0,,0.0,0.0,,0.0,0.0,
SKD6G2716-CUT-ONLY,24.0,1000,SKD11027067,0.0,0.0,,0.0,0.0,,0.0,0.0,,0.0,0.0,,0.0,0.0,
SKD6G2516,22.0,1000,SKD11025067,0.0,0.0,,0.0,0.0,,0.0,0.0,,0.0,0.0,,0.0,0.0,
SKD6G2516-CUT-ONLY,22.0,1000,SKD11025067,0.0,0.0,,0.0,0.0,,0.0,0.0,,0.0,0.0,,0.0,0.0,
SKD6.0X32X32,64.0,1000,SKD11032072,0.0,0.0,,0.0,0.0,,0.0,0.0,,0.0,0.0,,0.0,0.0,
SKD6.0X40X46,99.0,1000,SKD11040065,0.0,0.0,,0.0,0.0,,0.0,0.0,,0.0,0.0,,0.0,0.0,
SKD6.0X47X45,117.0,1000,SKD11047067,0.0,0.0,,0.0,0.0,,0.0,0.0,,0.0,0.0,,0.0,0.0,
SKD7.65X30X45,96.0,1000,SKD11030085,0.0,0.0,,0.0,0.0,,0.0,0.0,,0.0,0.0,,0.0,0.0,
SKD8E3035,74.0,1000,SKD11030085,0.0,0.0,,0.0,0.0,,0.0,0.0,,0.0,0.0,,0.0,0.0,
SKD8E3035-CUT-ONLY,74.0,1000,SKD11030085,0.0,0.0,,0.0,0.0,,0.0,0.0,,0.0,0.0,,0.0,0.0,
5178-531AA36-M1,1.0,1,SKD5E2522,28.0,1000.0,SKD11025055,0.0,0.0,,0.0,0.0,,0.0,0.0,,0.0,0.0,
NC-3139-612AA30-KY-TEMP1,111.0,1000,SKD11040085,0.0,0.0,,0.0,0.0,,0.0,0.0,,0.0,0.0,,0.0,0.0,
NC-3139-612AA30-KY-TEMP10,111.0,1000,SKD11040085,0.0,0.0,,0.0,0.0,,0.0,0.0,,0.0,0.0,,0.0,0.0,
NC-3139-612AA30-KY-TEMP2,111.0,1000,SKD11040085,0.0,0.0,,0.0,0.0,,0.0,0.0,,0.0,0.0,,0.0,0.0,
NC-3139-612AA30-KY-TEMP3,111.0,1000,SKD11040085,0.0,0.0,,0.0,0.0,,0.0,0.0,,0.0,0.0,,0.0,0.0,
NC-3139-612AA30-KY-TEMP4,111.0,1000,SKD11040085,0.0,0.0,,0.0,0.0,,0.0,0.0,,0.0,0.0,,0.0,0.0,
NC-3139-612AA30-KY-TEMP5,111.0,1000,SKD11040085,0.0,0.0,,0.0,0.0,,0.0,0.0,,0.0,0.0,,0.0,0.0,
NC-3139-612AA30-KY-TEMP6,111.0,1000,SKD11040085,0.0,0.0,,0.0,0.0,,0.0,0.0,,0.0,0.0,,0.0,0.0,
NC-3139-612AA30-KY-TEMP7,111.0,1000,SKD11040085,0.0,0.0,,0.0,0.0,,0.0,0.0,,0.0,0.0,,0.0,0.0,
NC-3139-612AA30-KY-TEMP8,111.0,1000,SKD11040085,0.0,0.0,,0.0,0.0,,0.0,0.0,,0.0,0.0,,0.0,0.0,
NC-3139-612AA30-KY-TEMP9,111.0,1000,SKD11040085,0.0,0.0,,0.0,0.0,,0.0,0.0,,0.0,0.0,,0.0,0.0,
NC-3139-612AA34-KY-TEMP1,111.0,1000,SKD11040085,0.0,0.0,,0.0,0.0,,0.0,0.0,,0.0,0.0,,0.0,0.0,
NC-3139-612AA34-KY-TEMP10,111.0,1000,SKD11040085,0.0,0.0,,0.0,0.0,,0.0,0.0,,0.0,0.0,,0.0,0.0,
NC-3139-612AA34-KY-TEMP2,111.0,1000,SKD11040085,0.0,0.0,,0.0,0.0,,0.0,0.0,,0.0,0.0,,0.0,0.0,
NC-3139-612AA34-KY-TEMP3,111.0,1000,SKD11040085,0.0,0.0,,0.0,0.0,,0.0,0.0,,0.0,0.0,,0.0,0.0,
NC-3139-612AA34-KY-TEMP4,111.0,1000,SKD11040085,0.0,0.0,,0.0,0.0,,0.0,0.0,,0.0,0.0,,0.0,0.0,
NC-3139-612AA34-KY-TEMP5,111.0,1000,SKD11040085,0.0,0.0,,0.0,0.0,,0.0,0.0,,0.0,0.0,,0.0,0.0,
NC-3139-612AA34-KY-TEMP6,111.0,1000,SKD11040085,0.0,0.0,,0.0,0.0,,0.0,0.0,,0.0,0.0,,0.0,0.0,
NC-3139-612AA34-KY-TEMP7,111.0,1000,SKD11040085,0.0,0.0,,0.0,0.0,,0.0,0.0,,0.0,0.0,,0.0,0.0,
NC-3139-612AA34-KY-TEMP8,111.0,1000,SKD11040085,0.0,0.0,,0.0,0.0,,0.0,0.0,,0.0,0.0,,0.0,0.0,
NC-3139-612AA34-KY-TEMP9,111.0,1000,SKD11040085,0.0,0.0,,0.0,0.0,,0.0,0.0,,0.0,0.0,,0.0,0.0,
NC-3139-612BA30-KY-TEMP1,111.0,1000,SKD11040085,0.0,0.0,,0.0,0.0,,0.0,0.0,,0.0,0.0,,0.0,0.0,
NC-3139-612BA30-KY-TEMP10,111.0,1000,SKD11040085,0.0,0.0,,0.0,0.0,,0.0,0.0,,0.0,0.0,,0.0,0.0,
NC-3139-612BA30-KY-TEMP2,111.0,1000,SKD11040085,0.0,0.0,,0.0,0.0,,0.0,0.0,,0.0,0.0,,0.0,0.0,
NC-3139-612BA30-KY-TEMP3,111.0,1000,SKD11040085,0.0,0.0,,0.0,0.0,,0.0,0.0,,0.0,0.0,,0.0,0.0,
NC-3139-612BA30-KY-TEMP4,111.0,1000,SKD11040085,0.0,0.0,,0.0,0.0,,0.0,0.0,,0.0,0.0,,0.0,0.0,
NC-3139-612BA30-KY-TEMP5,111.0,1000,SKD11040085,0.0,0.0,,0.0,0.0,,0.0,0.0,,0.0,0.0,,0.0,0.0,
NC-3139-612BA30-KY-TEMP6,111.0,1000,SKD11040085,0.0,0.0,,0.0,0.0,,0.0,0.0,,0.0,0.0,,0.0,0.0,
NC-3139-612BA30-KY-TEMP7,111.0,1000,SKD11040085,0.0,0.0,,0.0,0.0,,0.0,0.0,,0.0,0.0,,0.0,0.0,
NC-3139-612BA30-KY-TEMP8,111.0,1000,SKD11040085,0.0,0.0,,0.0,0.0,,0.0,0.0,,0.0,0.0,,0.0,0.0,
NC-3139-612BA30-KY-TEMP9,111.0,1000,SKD11040085,0.0,0.0,,0.0,0.0,,0.0,0.0,,0.0,0.0,,0.0,0.0,
NC-3139-612BA34-KY-TEMP1,111.0,1000,SKD11040085,0.0,0.0,,0.0,0.0,,0.0,0.0,,0.0,0.0,,0.0,0.0,
NC-3139-612BA34-KY-TEMP10,111.0,1000,SKD11040085,0.0,0.0,,0.0,0.0,,0.0,0.0,,0.0,0.0,,0.0,0.0,
NC-3139-612BA34-KY-TEMP2,111.0,1000,SKD11040085,0.0,0.0,,0.0,0.0,,0.0,0.0,,0.0,0.0,,0.0,0.0,
NC-3139-612BA34-KY-TEMP3,111.0,1000,SKD11040085,0.0,0.0,,0.0,0.0,,0.0,0.0,,0.0,0.0,,0.0,0.0,
NC-3139-612BA34-KY-TEMP4,111.0,1000,SKD11040085,0.0,0.0,,0.0,0.0,,0.0,0.0,,0.0,0.0,,0.0,0.0,
NC-3139-612BA34-KY-TEMP5,111.0,1000,SKD11040085,0.0,0.0,,0.0,0.0,,0.0,0.0,,0.0,0.0,,0.0,0.0,
NC-3139-612BA34-KY-TEMP6,111.0,1000,SKD11040085,0.0,0.0,,0.0,0.0,,0.0,0.0,,0.0,0.0,,0.0,0.0,
NC-3139-612BA34-KY-TEMP7,111.0,1000,SKD11040085,0.0,0.0,,0.0,0.0,,0.0,0.0,,0.0,0.0,,0.0,0.0,
NC-3139-612BA34-KY-TEMP8,111.0,1000,SKD11040085,0.0,0.0,,0.0,0.0,,0.0,0.0,,0.0,0.0,,0.0,0.0,
NC-3139-612BA34-KY-TEMP9,111.0,1000,SKD11040085,0.0,0.0,,0.0,0.0,,0.0,0.0,,0.0,0.0,,0.0,0.0,
SKD5.7X40X40,86.0,1000,SKD11040065,0.0,0.0,,0.0,0.0,,0.0,0.0,,0.0,0.0,,0.0,0.0,
SKD6.0X40X41,88.0,1000,SKD11040065,0.0,0.0,,0.0,0.0,,0.0,0.0,,0.0,0.0,,0.0,0.0,
SKD6.7X30X40,70.0,1000,SKD11030070,0.0,0.0,,0.0,0.0,,0.0,0.0,,0.0,0.0,,0.0,0.0,
NC-3164-611AA38-KY-TEMP1,111.0,1000,SKD11040085,0.0,0.0,,0.0,0.0,,0.0,0.0,,0.0,0.0,,0.0,0.0,
NC-3164-611AA38-KY-TEMP10,111.0,1000,SKD11040085,0.0,0.0,,0.0,0.0,,0.0,0.0,,0.0,0.0,,0.0,0.0,
NC-3164-611AA38-KY-TEMP2,111.0,1000,SKD11040085,0.0,0.0,,0.0,0.0,,0.0,0.0,,0.0,0.0,,0.0,0.0,
NC-3164-611AA38-KY-TEMP3,111.0,1000,SKD11040085,0.0,0.0,,0.0,0.0,,0.0,0.0,,0.0,0.0,,0.0,0.0,
NC-3164-611AA38-KY-TEMP4,111.0,1000,SKD11040085,0.0,0.0,,0.0,0.0,,0.0,0.0,,0.0,0.0,,0.0,0.0,
NC-3164-611AA38-KY-TEMP5,111.0,1000,SKD11040085,0.0,0.0,,0.0,0.0,,0.0,0.0,,0.0,0.0,,0.0,0.0,
NC-3164-611AA38-KY-TEMP6,111.0,1000,SKD11040085,0.0,0.0,,0.0,0.0,,0.0,0.0,,0.0,0.0,,0.0,0.0,
NC-3164-611AA38-KY-TEMP7,111.0,1000,SKD11040085,0.0,0.0,,0.0,0.0,,0.0,0.0,,0.0,0.0,,0.0,0.0,
NC-3164-611AA38-KY-TEMP8,111.0,1000,SKD11040085,0.0,0.0,,0.0,0.0,,0.0,0.0,,0.0,0.0,,0.0,0.0,
NC-3164-611AA38-KY-TEMP9,111.0,1000,SKD11040085,0.0,0.0,,0.0,0.0,,0.0,0.0,,0.0,0.0,,0.0,0.0,
SKD6.7X32X40,76.0,1000,SKD11032072,0.0,0.0,,0.0,0.0,,0.0,0.0,,0.0,0.0,,0.0,0.0,
SKD7.0X50X45,158.0,1000,SKD11050085,0.0,0.0,,0.0,0.0,,0.0,0.0,,0.0,0.0,,0.0,0.0,
SKD7B3225,57.0,1000,SKD11032072,0.0,0.0,,0.0,0.0,,0.0,0.0,,0.0,0.0,,0.0,0.0,
SKD7B3225-CUT-ONLY,57.0,1000,SKD11032072,0.0,0.0,,0.0,0.0,,0.0,0.0,,0.0,0.0,,0.0,0.0,
SKD7B3238,73.0,1000,SKD11032072,0.0,0.0,,0.0,0.0,,0.0,0.0,,0.0,0.0,,0.0,0.0,
SKD7B3238-CUT-ONLY,73.0,1000,SKD11032072,0.0,0.0,,0.0,0.0,,0.0,0.0,,0.0,0.0,,0.0,0.0,
SKD7Z3041,71.0,1000,SKD11030070,0.0,0.0,,0.0,0.0,,0.0,0.0,,0.0,0.0,,0.0,0.0,
SKD7Z3041-CUT-ONLY,71.0,1000,SKD11030070,0.0,0.0,,0.0,0.0,,0.0,0.0,,0.0,0.0,,0.0,0.0,
SKD8E5042-CUT-ONLY,147.0,1000,SKD11050085,0.0,0.0,,0.0,0.0,,0.0,0.0,,0.0,0.0,,0.0,0.0,
5142-613AA33-M1-9Z35,1.0,1,SKD9Z3530,78.0,1000.0,SKD11035090,0.0,0.0,,0.0,0.0,,0.0,0.0,,0.0,0.0,
5142-615AA33-M1-9Z35,1.0,1,SKD9Z3540,104.0,1000.0,SKD11035090,0.0,0.0,,0.0,0.0,,0.0,0.0,,0.0,0.0,
SKD8E3026,55.0,1000,SKD11030085,0.0,0.0,,0.0,0.0,,0.0,0.0,,0.0,0.0,,0.0,0.0,
SKD8E3026-CUT-ONLY,55.0,1000,SKD11030085,0.0,0.0,,0.0,0.0,,0.0,0.0,,0.0,0.0,,0.0,0.0,
SKD5.8X35X25,49.0,1000,SKD11035067,0.0,0.0,,0.0,0.0,,0.0,0.0,,0.0,0.0,,0.0,0.0,
SKD6.0X30X70,121.0,1000,SKD11030070,0.0,0.0,,0.0,0.0,,0.0,0.0,,0.0,0.0,,0.0,0.0,
SKD6.0X35X70,135.0,1000,SKD11035067,0.0,0.0,,0.0,0.0,,0.0,0.0,,0.0,0.0,,0.0,0.0,
SKD6.6X30X35,61.0,1000,SKD11030070,0.0,0.0,,0.0,0.0,,0.0,0.0,,0.0,0.0,,0.0,0.0,
SKD6G2255-CUT-ONLY,67.0,1000,SKD11022067,0.0,0.0,,0.0,0.0,,0.0,0.0,,0.0,0.0,,0.0,0.0,
SKD8E5041-CUT-ONLY,144.0,1000,SKD11050085,0.0,0.0,,0.0,0.0,,0.0,0.0,,0.0,0.0,,0.0,0.0,
SKD9.0X50X25-SW+G,125.0,1000,SKD11-10X50-R-STOCK,0.0,0.0,,0.0,0.0,,0.0,0.0,,0.0,0.0,,0.0,0.0,
SKD9.0X50X75-SW+G,375.0,1000,SKD11-10X50-R-STOCK,0.0,0.0,,0.0,0.0,,0.0,0.0,,0.0,0.0,,0.0,0.0,
NC-3145-611AA26-KY-TEMP1,111.0,1000,SKD11040085,0.0,0.0,,0.0,0.0,,0.0,0.0,,0.0,0.0,,0.0,0.0,
NC-3145-611AA26-KY-TEMP10,111.0,1000,SKD11040085,0.0,0.0,,0.0,0.0,,0.0,0.0,,0.0,0.0,,0.0,0.0,
NC-3145-611AA26-KY-TEMP2,111.0,1000,SKD11040085,0.0,0.0,,0.0,0.0,,0.0,0.0,,0.0,0.0,,0.0,0.0,
NC-3145-611AA26-KY-TEMP3,111.0,1000,SKD11040085,0.0,0.0,,0.0,0.0,,0.0,0.0,,0.0,0.0,,0.0,0.0,
NC-3145-611AA26-KY-TEMP4,111.0,1000,SKD11040085,0.0,0.0,,0.0,0.0,,0.0,0.0,,0.0,0.0,,0.0,0.0,
NC-3145-611AA26-KY-TEMP5,111.0,1000,SKD11040085,0.0,0.0,,0.0,0.0,,0.0,0.0,,0.0,0.0,,0.0,0.0,
NC-3145-611AA26-KY-TEMP6,111.0,1000,SKD11040085,0.0,0.0,,0.0,0.0,,0.0,0.0,,0.0,0.0,,0.0,0.0,
NC-3145-611AA26-KY-TEMP7,111.0,1000,SKD11040085,0.0,0.0,,0.0,0.0,,0.0,0.0,,0.0,0.0,,0.0,0.0,
NC-3145-611AA26-KY-TEMP8,111.0,1000,SKD11040085,0.0,0.0,,0.0,0.0,,0.0,0.0,,0.0,0.0,,0.0,0.0,
NC-3145-611AA26-KY-TEMP9,111.0,1000,SKD11040085,0.0,0.0,,0.0,0.0,,0.0,0.0,,0.0,0.0,,0.0,0.0,
NC-3164-611AA32-KY-TEMP1,111.0,1000,SKD11040085,0.0,0.0,,0.0,0.0,,0.0,0.0,,0.0,0.0,,0.0,0.0,
NC-3164-611AA32-KY-TEMP10,111.0,1000,SKD11040085,0.0,0.0,,0.0,0.0,,0.0,0.0,,0.0,0.0,,0.0,0.0,
NC-3164-611AA32-KY-TEMP2,111.0,1000,SKD11040085,0.0,0.0,,0.0,0.0,,0.0,0.0,,0.0,0.0,,0.0,0.0,
NC-3164-611AA32-KY-TEMP3,111.0,1000,SKD11040085,0.0,0.0,,0.0,0.0,,0.0,0.0,,0.0,0.0,,0.0,0.0,
NC-3164-611AA32-KY-TEMP4,111.0,1000,SKD11040085,0.0,0.0,,0.0,0.0,,0.0,0.0,,0.0,0.0,,0.0,0.0,
NC-3164-611AA32-KY-TEMP5,111.0,1000,SKD11040085,0.0,0.0,,0.0,0.0,,0.0,0.0,,0.0,0.0,,0.0,0.0,
NC-3164-611AA32-KY-TEMP6,111.0,1000,SKD11040085,0.0,0.0,,0.0,0.0,,0.0,0.0,,0.0,0.0,,0.0,0.0,
NC-3164-611AA32-KY-TEMP7,111.0,1000,SKD11040085,0.0,0.0,,0.0,0.0,,0.0,0.0,,0.0,0.0,,0.0,0.0,
NC-3164-611AA32-KY-TEMP8,111.0,1000,SKD11040085,0.0,0.0,,0.0,0.0,,0.0,0.0,,0.0,0.0,,0.0,0.0,
NC-3164-611AA32-KY-TEMP9,111.0,1000,SKD11040085,0.0,0.0,,0.0,0.0,,0.0,0.0,,0.0,0.0,,0.0,0.0,
NC-3164-611AA36-KY-TEMP1,111.0,1000,SKD11040085,0.0,0.0,,0.0,0.0,,0.0,0.0,,0.0,0.0,,0.0,0.0,
NC-3164-611AA36-KY-TEMP10,111.0,1000,SKD11040085,0.0,0.0,,0.0,0.0,,0.0,0.0,,0.0,0.0,,0.0,0.0,
NC-3164-611AA36-KY-TEMP2,111.0,1000,SKD11040085,0.0,0.0,,0.0,0.0,,0.0,0.0,,0.0,0.0,,0.0,0.0,
NC-3164-611AA36-KY-TEMP3,111.0,1000,SKD11040085,0.0,0.0,,0.0,0.0,,0.0,0.0,,0.0,0.0,,0.0,0.0,
NC-3164-611AA36-KY-TEMP4,111.0,1000,SKD11040085,0.0,0.0,,0.0,0.0,,0.0,0.0,,0.0,0.0,,0.0,0.0,
NC-3164-611AA36-KY-TEMP5,111.0,1000,SKD11040085,0.0,0.0,,0.0,0.0,,0.0,0.0,,0.0,0.0,,0.0,0.0,
NC-3164-611AA36-KY-TEMP6,111.0,1000,SKD11040085,0.0,0.0,,0.0,0.0,,0.0,0.0,,0.0,0.0,,0.0,0.0,
NC-3164-611AA36-KY-TEMP7,111.0,1000,SKD11040085,0.0,0.0,,0.0,0.0,,0.0,0.0,,0.0,0.0,,0.0,0.0,
NC-3164-611AA36-KY-TEMP8,111.0,1000,SKD11040085,0.0,0.0,,0.0,0.0,,0.0,0.0,,0.0,0.0,,0.0,0.0,
NC-3164-611AA36-KY-TEMP9,111.0,1000,SKD11040085,0.0,0.0,,0.0,0.0,,0.0,0.0,,0.0,0.0,,0.0,0.0,
NC-3164-611AA40-KY-TEMP1,111.0,1000,SKD11040085,0.0,0.0,,0.0,0.0,,0.0,0.0,,0.0,0.0,,0.0,0.0,
NC-3164-611AA40-KY-TEMP10,111.0,1000,SKD11040085,0.0,0.0,,0.0,0.0,,0.0,0.0,,0.0,0.0,,0.0,0.0,
NC-3164-611AA40-KY-TEMP2,111.0,1000,SKD11040085,0.0,0.0,,0.0,0.0,,0.0,0.0,,0.0,0.0,,0.0,0.0,
NC-3164-611AA40-KY-TEMP3,111.0,1000,SKD11040085,0.0,0.0,,0.0,0.0,,0.0,0.0,,0.0,0.0,,0.0,0.0,
NC-3164-611AA40-KY-TEMP4,111.0,1000,SKD11040085,0.0,0.0,,0.0,0.0,,0.0,0.0,,0.0,0.0,,0.0,0.0,
NC-3164-611AA40-KY-TEMP5,111.0,1000,SKD11040085,0.0,0.0,,0.0,0.0,,0.0,0.0,,0.0,0.0,,0.0,0.0,
NC-3164-611AA40-KY-TEMP6,111.0,1000,SKD11040085,0.0,0.0,,0.0,0.0,,0.0,0.0,,0.0,0.0,,0.0,0.0,
NC-3164-611AA40-KY-TEMP7,111.0,1000,SKD11040085,0.0,0.0,,0.0,0.0,,0.0,0.0,,0.0,0.0,,0.0,0.0,
NC-3164-611AA40-KY-TEMP8,111.0,1000,SKD11040085,0.0,0.0,,0.0,0.0,,0.0,0.0,,0.0,0.0,,0.0,0.0,
NC-3164-611AA40-KY-TEMP9,111.0,1000,SKD11040085,0.0,0.0,,0.0,0.0,,0.0,0.0,,0.0,0.0,,0.0,0.0,
SKD6.7X30X32,68.0,1000,SKD11030085,0.0,0.0,,0.0,0.0,,0.0,0.0,,0.0,0.0,,0.0,0.0,
SKD6.0X30X28,49.0,1000,SKD11030070,0.0,0.0,,0.0,0.0,,0.0,0.0,,0.0,0.0,,0.0,0.0,
SKD6.7X30X25,53.0,1000,SKD11030085,0.0,0.0,,0.0,0.0,,0.0,0.0,,0.0,0.0,,0.0,0.0,
SKD7.0X30X40,85.0,1000,SKD11030085,0.0,0.0,,0.0,0.0,,0.0,0.0,,0.0,0.0,,0.0,0.0,
PT-3164-511AA26-M1,1.0,1,SKD6G2530,42.0,1000.0,SKD11025067,0.0,0.0,,0.0,0.0,,0.0,0.0,,0.0,0.0,
PT-3164-611AA30-M1,1.0,1,SKD8E4038,106.0,1000.0,SKD11040085,0.0,0.0,,0.0,0.0,,0.0,0.0,,0.0,0.0,
SKD6.0X30X100,173.0,1000,SKD11030070,0.0,0.0,,0.0,0.0,,0.0,0.0,,0.0,0.0,,0.0,0.0,
SKD6.0X47X48,125.0,1000,SKD11047067,0.0,0.0,,0.0,0.0,,0.0,0.0,,0.0,0.0,,0.0,0.0,
SKD6.5X30X30,52.0,1000,SKD11030070,0.0,0.0,,0.0,0.0,,0.0,0.0,,0.0,0.0,,0.0,0.0,
PT-3164-611AA30-M1-XDF,1.0,1,SKD8E4038,106.0,1000.0,SKD11040085,0.0,0.0,,0.0,0.0,,0.0,0.0,,0.0,0.0,
479-615AA36-M1-XDF,1.0,1,SKD8B2130,43.0,1000.0,SKD11021082,0.0,0.0,,0.0,0.0,,0.0,0.0,,0.0,0.0,
NC-3139-612AA32-KY-TEMP1,111.0,1000,SKD11040085,0.0,0.0,,0.0,0.0,,0.0,0.0,,0.0,0.0,,0.0,0.0,
NC-3139-612AA32-KY-TEMP10,111.0,1000,SKD11040085,0.0,0.0,,0.0,0.0,,0.0,0.0,,0.0,0.0,,0.0,0.0,
NC-3139-612AA32-KY-TEMP2,111.0,1000,SKD11040085,0.0,0.0,,0.0,0.0,,0.0,0.0,,0.0,0.0,,0.0,0.0,
NC-3139-612AA32-KY-TEMP3,111.0,1000,SKD11040085,0.0,0.0,,0.0,0.0,,0.0,0.0,,0.0,0.0,,0.0,0.0,
NC-3139-612AA32-KY-TEMP4,111.0,1000,SKD11040085,0.0,0.0,,0.0,0.0,,0.0,0.0,,0.0,0.0,,0.0,0.0,
NC-3139-612AA32-KY-TEMP5,111.0,1000,SKD11040085,0.0,0.0,,0.0,0.0,,0.0,0.0,,0.0,0.0,,0.0,0.0,
NC-3139-612AA32-KY-TEMP6,111.0,1000,SKD11040085,0.0,0.0,,0.0,0.0,,0.0,0.0,,0.0,0.0,,0.0,0.0,
NC-3139-612AA32-KY-TEMP7,111.0,1000,SKD11040085,0.0,0.0,,0.0,0.0,,0.0,0.0,,0.0,0.0,,0.0,0.0,
NC-3139-612AA32-KY-TEMP8,111.0,1000,SKD11040085,0.0,0.0,,0.0,0.0,,0.0,0.0,,0.0,0.0,,0.0,0.0,
NC-3139-612AA32-KY-TEMP9,111.0,1000,SKD11040085,0.0,0.0,,0.0,0.0,,0.0,0.0,,0.0,0.0,,0.0,0.0,
NC-3139-612BA32-KY-TEMP1,111.0,1000,SKD11040085,0.0,0.0,,0.0,0.0,,0.0,0.0,,0.0,0.0,,0.0,0.0,
NC-3139-612BA32-KY-TEMP10,111.0,1000,SKD11040085,0.0,0.0,,0.0,0.0,,0.0,0.0,,0.0,0.0,,0.0,0.0,
NC-3139-612BA32-KY-TEMP2,111.0,1000,SKD11040085,0.0,0.0,,0.0,0.0,,0.0,0.0,,0.0,0.0,,0.0,0.0,
NC-3139-612BA32-KY-TEMP3,111.0,1000,SKD11040085,0.0,0.0,,0.0,0.0,,0.0,0.0,,0.0,0.0,,0.0,0.0,
NC-3139-612BA32-KY-TEMP4,111.0,1000,SKD11040085,0.0,0.0,,0.0,0.0,,0.0,0.0,,0.0,0.0,,0.0,0.0,
NC-3139-612BA32-KY-TEMP5,111.0,1000,SKD11040085,0.0,0.0,,0.0,0.0,,0.0,0.0,,0.0,0.0,,0.0,0.0,
NC-3139-612BA32-KY-TEMP6,111.0,1000,SKD11040085,0.0,0.0,,0.0,0.0,,0.0,0.0,,0.0,0.0,,0.0,0.0,
NC-3139-612BA32-KY-TEMP7,111.0,1000,SKD11040085,0.0,0.0,,0.0,0.0,,0.0,0.0,,0.0,0.0,,0.0,0.0,
NC-3139-612BA32-KY-TEMP8,111.0,1000,SKD11040085,0.0,0.0,,0.0,0.0,,0.0,0.0,,0.0,0.0,,0.0,0.0,
NC-3139-612BA32-KY-TEMP9,111.0,1000,SKD11040085,0.0,0.0,,0.0,0.0,,0.0,0.0,,0.0,0.0,,0.0,0.0,
NC-3153-611AA38-KY-TEMP1,111.0,1000,SKD11040085,0.0,0.0,,0.0,0.0,,0.0,0.0,,0.0,0.0,,0.0,0.0,
NC-3153-611AA38-KY-TEMP10,111.0,1000,SKD11040085,0.0,0.0,,0.0,0.0,,0.0,0.0,,0.0,0.0,,0.0,0.0,
NC-3153-611AA38-KY-TEMP2,111.0,1000,SKD11040085,0.0,0.0,,0.0,0.0,,0.0,0.0,,0.0,0.0,,0.0,0.0,
NC-3153-611AA38-KY-TEMP3,111.0,1000,SKD11040085,0.0,0.0,,0.0,0.0,,0.0,0.0,,0.0,0.0,,0.0,0.0,
NC-3153-611AA38-KY-TEMP4,111.0,1000,SKD11040085,0.0,0.0,,0.0,0.0,,0.0,0.0,,0.0,0.0,,0.0,0.0,
NC-3153-611AA38-KY-TEMP5,111.0,1000,SKD11040085,0.0,0.0,,0.0,0.0,,0.0,0.0,,0.0,0.0,,0.0,0.0,
NC-3153-611AA38-KY-TEMP6,111.0,1000,SKD11040085,0.0,0.0,,0.0,0.0,,0.0,0.0,,0.0,0.0,,0.0,0.0,
NC-3153-611AA38-KY-TEMP7,111.0,1000,SKD11040085,0.0,0.0,,0.0,0.0,,0.0,0.0,,0.0,0.0,,0.0,0.0,
NC-3153-611AA38-KY-TEMP8,111.0,1000,SKD11040085,0.0,0.0,,0.0,0.0,,0.0,0.0,,0.0,0.0,,0.0,0.0,
NC-3153-611AA38-KY-TEMP9,111.0,1000,SKD11040085,0.0,0.0,,0.0,0.0,,0.0,0.0,,0.0,0.0,,0.0,0.0,
NC-3164-611AA42-KY-TEMP1,111.0,1000,SKD11040085,0.0,0.0,,0.0,0.0,,0.0,0.0,,0.0,0.0,,0.0,0.0,
NC-3164-611AA42-KY-TEMP10,111.0,1000,SKD11040085,0.0,0.0,,0.0,0.0,,0.0,0.0,,0.0,0.0,,0.0,0.0,
NC-3164-611AA42-KY-TEMP2,111.0,1000,SKD11040085,0.0,0.0,,0.0,0.0,,0.0,0.0,,0.0,0.0,,0.0,0.0,
NC-3164-611AA42-KY-TEMP3,111.0,1000,SKD11040085,0.0,0.0,,0.0,0.0,,0.0,0.0,,0.0,0.0,,0.0,0.0,
NC-3164-611AA42-KY-TEMP4,111.0,1000,SKD11040085,0.0,0.0,,0.0,0.0,,0.0,0.0,,0.0,0.0,,0.0,0.0,
NC-3164-611AA42-KY-TEMP5,111.0,1000,SKD11040085,0.0,0.0,,0.0,0.0,,0.0,0.0,,0.0,0.0,,0.0,0.0,
NC-3164-611AA42-KY-TEMP6,111.0,1000,SKD11040085,0.0,0.0,,0.0,0.0,,0.0,0.0,,0.0,0.0,,0.0,0.0,
NC-3164-611AA42-KY-TEMP7,111.0,1000,SKD11040085,0.0,0.0,,0.0,0.0,,0.0,0.0,,0.0,0.0,,0.0,0.0,
NC-3164-611AA42-KY-TEMP8,111.0,1000,SKD11040085,0.0,0.0,,0.0,0.0,,0.0,0.0,,0.0,0.0,,0.0,0.0,
NC-3164-611AA42-KY-TEMP9,111.0,1000,SKD11040085,0.0,0.0,,0.0,0.0,,0.0,0.0,,0.0,0.0,,0.0,0.0,
NC-3164-611AA26-KY-TEMP1,111.0,1000,SKD11040085,0.0,0.0,,0.0,0.0,,0.0,0.0,,0.0,0.0,,0.0,0.0,
NC-3164-611AA26-KY-TEMP10,111.0,1000,SKD11040085,0.0,0.0,,0.0,0.0,,0.0,0.0,,0.0,0.0,,0.0,0.0,
NC-3164-611AA26-KY-TEMP2,111.0,1000,SKD11040085,0.0,0.0,,0.0,0.0,,0.0,0.0,,0.0,0.0,,0.0,0.0,
NC-3164-611AA26-KY-TEMP3,111.0,1000,SKD11040085,0.0,0.0,,0.0,0.0,,0.0,0.0,,0.0,0.0,,0.0,0.0,
NC-3164-611AA26-KY-TEMP4,111.0,1000,SKD11040085,0.0,0.0,,0.0,0.0,,0.0,0.0,,0.0,0.0,,0.0,0.0,
NC-3164-611AA26-KY-TEMP5,111.0,1000,SKD11040085,0.0,0.0,,0.0,0.0,,0.0,0.0,,0.0,0.0,,0.0,0.0,
NC-3164-611AA26-KY-TEMP6,111.0,1000,SKD11040085,0.0,0.0,,0.0,0.0,,0.0,0.0,,0.0,0.0,,0.0,0.0,
NC-3164-611AA26-KY-TEMP7,111.0,1000,SKD11040085,0.0,0.0,,0.0,0.0,,0.0,0.0,,0.0,0.0,,0.0,0.0,
NC-3164-611AA26-KY-TEMP8,111.0,1000,SKD11040085,0.0,0.0,,0.0,0.0,,0.0,0.0,,0.0,0.0,,0.0,0.0,
NC-3164-611AA26-KY-TEMP9,111.0,1000,SKD11040085,0.0,0.0,,0.0,0.0,,0.0,0.0,,0.0,0.0,,0.0,0.0,
SKD7.0X50X65,227.0,1000,SKD11050085,0.0,0.0,,0.0,0.0,,0.0,0.0,,0.0,0.0,,0.0,0.0,
SKD9.0X50X52-SW+G,208.0,1000,SKD11-10X50-R-STOCK,0.0,0.0,,0.0,0.0,,0.0,0.0,,0.0,0.0,,0.0,0.0,
SKD6.35X50X97,266.0,1000,SKD11050067,0.0,0.0,,0.0,0.0,,0.0,0.0,,0.0,0.0,,0.0,0.0,
5165-611AA36-M1,1.0,1,SKD6G2516,22.0,1000.0,SKD11025067,0.0,0.0,,0.0,0.0,,0.0,0.0,,0.0,0.0,
5165-612AA36-M1,1.0,1,SKD6G2515,21.0,1000.0,SKD11025067,0.0,0.0,,0.0,0.0,,0.0,0.0,,0.0,0.0,
5165-615AA30-M1,1.0,1,SKD8E3041,87.0,1000.0,SKD11030085,0.0,0.0,,0.0,0.0,,0.0,0.0,,0.0,0.0,
5165-615AA38-M1,1.0,1,SKD8E3040,85.0,1000.0,SKD11030085,0.0,0.0,,0.0,0.0,,0.0,0.0,,0.0,0.0,
5165-616AA38-M1,1.0,1,SKD8E3040,85.0,1000.0,SKD11030085,0.0,0.0,,0.0,0.0,,0.0,0.0,,0.0,0.0,
SKD8.0X50X40,140.0,1000,SKD11050085,0.0,0.0,,0.0,0.0,,0.0,0.0,,0.0,0.0,,0.0,0.0,
5142-613AA33-M1,1.0,1,SKD8E3030,63.0,1000.0,SKD11030085,0.0,0.0,,0.0,0.0,,0.0,0.0,,0.0,0.0,
5142-615AA33-M1,1.0,1,SKD8E3040,85.0,1000.0,SKD11030085,0.0,0.0,,0.0,0.0,,0.0,0.0,,0.0,0.0,
5141-611AA36-M1,1.0,1,SKD6G2515,0.0,0.0,,0.0,0.0,,0.0,0.0,,0.0,0.0,,0.0,0.0,
SKD6.15X30X40,69.0,1000,SKD11030070,0.0,0.0,,0.0,0.0,,0.0,0.0,,0.0,0.0,,0.0,0.0,
SKD7.7X40X25,70.0,1000,SKD11040085,0.0,0.0,,0.0,0.0,,0.0,0.0,,0.0,0.0,,0.0,0.0,
SKD8B2132-CUT-ONLY,46.0,1000,SKD11021082,0.0,0.0,,0.0,0.0,,0.0,0.0,,0.0,0.0,,0.0,0.0,
SKD6G2528-CUT-ONLY-KY-TE2,40.0,1000,SKD11025067,0.0,0.0,,0.0,0.0,,0.0,0.0,,0.0,0.0,,0.0,0.0,
SKD6G2532-CUT-ONLY-KY-TE2,45.0,1000,SKD11025067,0.0,0.0,,0.0,0.0,,0.0,0.0,,0.0,0.0,,0.0,0.0,
SKD6G2543-CUT-ONLY-KY-TE2,60.0,1000,SKD11025067,0.0,0.0,,0.0,0.0,,0.0,0.0,,0.0,0.0,,0.0,0.0,
SKD9.0X50X46,1.0,1,SKD105046-KAJIWARA,0.0,0.0,,0.0,0.0,,0.0,0.0,,0.0,0.0,,0.0,0.0,
SKD6G2232-CUT-ONLY-KY-TE2,38.0,1000,SKD11022067,0.0,0.0,,0.0,0.0,,0.0,0.0,,0.0,0.0,,0.0,0.0,
SKD8B2135-CUT-ONLY-KY-TE2,50.0,1000,SKD11021082,0.0,0.0,,0.0,0.0,,0.0,0.0,,0.0,0.0,,0.0,0.0,
NC-352B-505AA36,44.0,1000,SKD11012050,0.0,0.0,,0.0,0.0,,0.0,0.0,,0.0,0.0,,0.0,0.0,
MA-B336-505AA48,1.0,1,SKD5Z1285,50.0,1000.0,SKD11012050,0.0,0.0,,0.0,0.0,,0.0,0.0,,0.0,0.0,
7E-MB9AA38-DANNASHI,1.0,1,SKD8B2140,57.0,1000.0,SKD11021082,0.0,0.0,,0.0,0.0,,0.0,0.0,,0.0,0.0,
SKD6E4046-CUT-ONLY,96.0,1000,SKD11040065,0.0,0.0,,0.0,0.0,,0.0,0.0,,0.0,0.0,,0.0,0.0,
6105-611AA38-M1,1.0,1,SKD6G2516,22.0,1000.0,SKD11025067,0.0,0.0,,0.0,0.0,,0.0,0.0,,0.0,0.0,
K-7E-MB9AA38-M1,1.0,1,SKD8B2140,57.0,1000.0,SKD11021082,0.0,0.0,,0.0,0.0,,0.0,0.0,,0.0,0.0,
PT-478-521EA34-M1,1.0,1,SKD5E2235,35.0,1000.0,SKD11022055,0.0,0.0,,0.0,0.0,,0.0,0.0,,0.0,0.0,
PT-478-521EA34-M1-XDF,1.0,1,SKD5E2235,35.0,1000.0,SKD11022055,0.0,0.0,,0.0,0.0,,0.0,0.0,,0.0,0.0,
SKD6G2555-CUT-ONLY-KY-TE1,77.0,1000,SKD11025067,0.0,0.0,,0.0,0.0,,0.0,0.0,,0.0,0.0,,0.0,0.0,
SKD6G2745-CUT-ONLY-KY-TE1,67.0,1000,SKD11027067,0.0,0.0,,0.0,0.0,,0.0,0.0,,0.0,0.0,,0.0,0.0,
SKD6.0X27X54,79.0,1000,SKD11027067,0.0,0.0,,0.0,0.0,,0.0,0.0,,0.0,0.0,,0.0,0.0,
SKD7.0X30X28,60.0,1000,SKD11030085,0.0,0.0,,0.0,0.0,,0.0,0.0,,0.0,0.0,,0.0,0.0,
5176-611AA30-M1,1.0,1,SKD6G2515,21.0,1000.0,SKD11025067,0.0,0.0,,0.0,0.0,,0.0,0.0,,0.0,0.0,
NC-3164-611AA30-KY-TEMP11,111.0,1000,SKD11040085,0.0,0.0,,0.0,0.0,,0.0,0.0,,0.0,0.0,,0.0,0.0,
279-513A33-M1-NUSUMINASHI,1.0,1,SKD6G2545,62.0,1000.0,SKD11025067,0.0,0.0,,0.0,0.0,,0.0,0.0,,0.0,0.0,
SKD8E3023-CUT-ONLY,50.0,1000,SKD11030085,0.0,0.0,,0.0,0.0,,0.0,0.0,,0.0,0.0,,0.0,0.0,
SKD8E3029-CUT-ONLY,60.0,1000,SKD11030085,0.0,0.0,,0.0,0.0,,0.0,0.0,,0.0,0.0,,0.0,0.0,
5176-612AA30-M1,1.0,1,SKD6G2218,24.0,1000.0,SKD11022067,0.0,0.0,,0.0,0.0,,0.0,0.0,,0.0,0.0,
7E-MB9AA30-DANNASHI,1.0,1,SKD8B2140,57.0,1000.0,SKD11021082,0.0,0.0,,0.0,0.0,,0.0,0.0,,0.0,0.0,
VIL7AE-MY4AA30-XDF,1.0,1,SKD6G2538,53.0,1000.0,SKD11025067,0.0,0.0,,0.0,0.0,,0.0,0.0,,0.0,0.0,
SKD6G4741-CUT-ONLY,104.0,1000,SKD11047067,0.0,0.0,,0.0,0.0,,0.0,0.0,,0.0,0.0,,0.0,0.0,
SKD7.6X40X35,88.0,1000,SKD11040085,0.0,0.0,,0.0,0.0,,0.0,0.0,,0.0,0.0,,0.0,0.0,
SKD7.6X40X55,136.0,1000,SKD11040085,0.0,0.0,,0.0,0.0,,0.0,0.0,,0.0,0.0,,0.0,0.0,
NC-3164-611AA30-KY-TEMP12,111.0,1000,SKD11040085,0.0,0.0,,0.0,0.0,,0.0,0.0,,0.0,0.0,,0.0,0.0,
SKD6.0X25X24,30.0,1000,SKD11025067,0.0,0.0,,0.0,0.0,,0.0,0.0,,0.0,0.0,,0.0,0.0,
LEC8BSC-MY4AA38-XDF,1.0,1,SKD7Z3030,53.0,1000.0,SKD1103070,0.0,0.0,,0.0,0.0,,0.0,0.0,,0.0,0.0,
SKD4.8X27X49,73.0,1000,SKD11027067,0.0,0.0,,0.0,0.0,,0.0,0.0,,0.0,0.0,,0.0,0.0,
SKD4.8X27X50,75.0,1000,SKD11027067,0.0,0.0,,0.0,0.0,,0.0,0.0,,0.0,0.0,,0.0,0.0,
SKD6.0X40X38,88.0,1000,SKD11040065,0.0,0.0,,0.0,0.0,,0.0,0.0,,0.0,0.0,,0.0,0.0,
SKD6.0X40X48,99.0,1000,SKD11040065,0.0,0.0,,0.0,0.0,,0.0,0.0,,0.0,0.0,,0.0,0.0,
SKD6.0X47X33,96.0,1000,SKD11047067,0.0,0.0,,0.0,0.0,,0.0,0.0,,0.0,0.0,,0.0,0.0,
SKD6.0X47X41,105.0,1000,SKD11047067,0.0,0.0,,0.0,0.0,,0.0,0.0,,0.0,0.0,,0.0,0.0,
MA-5534-505AA38,30.0,1000,SKD11012050,0.0,0.0,,0.0,0.0,,0.0,0.0,,0.0,0.0,,0.0,0.0,
474-615AA30-M1-XDF,1.0,1,SKD8B2130,43.0,1000.0,SKD11021082,0.0,0.0,,0.0,0.0,,0.0,0.0,,0.0,0.0,
474-511AA30-M1,1.0,1,SKD5E2515,17.0,1000.0,SKD11025055,0.0,0.0,,0.0,0.0,,0.0,0.0,,0.0,0.0,
474-512SA30-M1-XDF,1.0,1,SKD6G2523,32.0,1000.0,SKD11025067,0.0,0.0,,0.0,0.0,,0.0,0.0,,0.0,0.0,
LEC8BSC-MY3AA38-XDF,1.0,1,SKD7Z3030,53.0,1000.0,SKD1103070,0.0,0.0,,0.0,0.0,,0.0,0.0,,0.0,0.0,
SKD8.0X40X47,123.0,1000,SKD11040085,0.0,0.0,,0.0,0.0,,0.0,0.0,,0.0,0.0,,0.0,0.0,
NC-3153-611AA32-KY-TEMP16,111.0,1000,SKD11040085,0.0,0.0,,0.0,0.0,,0.0,0.0,,0.0,0.0,,0.0,0.0,
NC-3164-611AA30-KY-TEMP13,111.0,1000,SKD11040085,0.0,0.0,,0.0,0.0,,0.0,0.0,,0.0,0.0,,0.0,0.0,
NC-3164-611AA32-KY-TEMP11,111.0,1000,SKD11040085,0.0,0.0,,0.0,0.0,,0.0,0.0,,0.0,0.0,,0.0,0.0,
SKD6.5X30X25,44.0,1000,SKD11030070,0.0,0.0,,0.0,0.0,,0.0,0.0,,0.0,0.0,,0.0,0.0,
SKD7.6X35X55,1.0,1,SKD9Z3555,143.0,1000.0,SKD11035090,0.0,0.0,,0.0,0.0,,0.0,0.0,,0.0,0.0,
MA-3558-505AA34,44.0,1000,SKD11012050,0.0,0.0,,0.0,0.0,,0.0,0.0,,0.0,0.0,,0.0,0.0,
5165-611AA42-M1,1.0,1,SKD6G2516,22.0,1000.0,SKD11025067,0.0,0.0,,0.0,0.0,,0.0,0.0,,0.0,0.0,
5165-612AA42-M1,1.0,1,SKD6G2515,21.0,1000.0,SKD11025067,0.0,0.0,,0.0,0.0,,0.0,0.0,,0.0,0.0,
5165-613AA42-M1,1.0,1,SKD8E3027,57.0,1000.0,SKD11030085,0.0,0.0,,0.0,0.0,,0.0,0.0,,0.0,0.0,
5165-614AA42-M1,1.0,1,SKD8E3026,55.0,1000.0,SKD11030085,0.0,0.0,,0.0,0.0,,0.0,0.0,,0.0,0.0,
5165-615AA42-M1,1.0,1,SKD8E3041,87.0,1000.0,SKD11030085,0.0,0.0,,0.0,0.0,,0.0,0.0,,0.0,0.0,
5165-616AA42-M1,1.0,1,SKD8E3039,85.0,1000.0,SKD11030085,0.0,0.0,,0.0,0.0,,0.0,0.0,,0.0,0.0,
5213-615AB34-M1,1.0,1,SKD8B2142,59.0,1000.0,SKD11021082,0.0,0.0,,0.0,0.0,,0.0,0.0,,0.0,0.0,
5213-617AB34-M1,1.0,1,SKD8B2138,55.0,1000.0,SKD11021082,0.0,0.0,,0.0,0.0,,0.0,0.0,,0.0,0.0,
5218-612AA30-M1,1.0,1,SKD6G2216,22.0,1000.0,SKD11022067,0.0,0.0,,0.0,0.0,,0.0,0.0,,0.0,0.0,
5218-613AA30-M1,1.0,1,SKD6G2215,20.0,1000.0,SKD11022067,0.0,0.0,,0.0,0.0,,0.0,0.0,,0.0,0.0,
5218-614AA30-M1,1.0,1,SKD6G2214,18.0,1000.0,SKD11022067,0.0,0.0,,0.0,0.0,,0.0,0.0,,0.0,0.0,
7MI22-MB1AA30-XDF,1.0,1,SKD5E2532,38.0,1000.0,SKD11025055,0.0,0.0,,0.0,0.0,,0.0,0.0,,0.0,0.0,
7MI22-MY1AA30-XDF,1.0,1,SKD5E2532,38.0,1000.0,SKD11025055,0.0,0.0,,0.0,0.0,,0.0,0.0,,0.0,0.0,
7MI22-MY2AA30-XDF,1.0,1,SKD6G2218,24.0,1000.0,SKD11022067,0.0,0.0,,0.0,0.0,,0.0,0.0,,0.0,0.0,
FY3-MY1AA34-XDF,1.0,1,SKD5E2532,38.0,1000.0,SKD11025055,0.0,0.0,,0.0,0.0,,0.0,0.0,,0.0,0.0,
LPJ4B-MY1AA38-XDF,1.0,1,SKD6G2520,28.0,1000.0,SKD11025067,0.0,0.0,,0.0,0.0,,0.0,0.0,,0.0,0.0,
SKD5.8X35X60,115.0,1000,SKD11035067,0.0,0.0,,0.0,0.0,,0.0,0.0,,0.0,0.0,,0.0,0.0,
SKD5.8X40X60,127.0,1000,SKD11040065,0.0,0.0,,0.0,0.0,,0.0,0.0,,0.0,0.0,,0.0,0.0,
SKD5.95X27X62,92.0,1000,SKD11027067,0.0,0.0,,0.0,0.0,,0.0,0.0,,0.0,0.0,,0.0,0.0,
SKD6.0X27X90,132.0,1000,SKD11027067,0.0,0.0,,0.0,0.0,,0.0,0.0,,0.0,0.0,,0.0,0.0,
SKD6.0X47X60,153.0,1000,SKD11047067,0.0,0.0,,0.0,0.0,,0.0,0.0,,0.0,0.0,,0.0,0.0,
SKD7.0X30X52,108.0,1000,SKD11030085,0.0,0.0,,0.0,0.0,,0.0,0.0,,0.0,0.0,,0.0,0.0,
SKD7.0X30X58,120.0,1000,SKD11030085,0.0,0.0,,0.0,0.0,,0.0,0.0,,0.0,0.0,,0.0,0.0,
SKD8.0X40X30,83.0,1000,SKD11040085,0.0,0.0,,0.0,0.0,,0.0,0.0,,0.0,0.0,,0.0,0.0,
SKD6.6X30X32,56.0,1000,SKD11030070,0.0,0.0,,0.0,0.0,,0.0,0.0,,0.0,0.0,,0.0,0.0,
SKD6.6X30X55,94.0,1000,SKD11030070,0.0,0.0,,0.0,0.0,,0.0,0.0,,0.0,0.0,,0.0,0.0,
SKD9.0X50X32-SW+G,130.0,1000,SKD11-10X50-R-STOCK,0.0,0.0,,0.0,0.0,,0.0,0.0,,0.0,0.0,,0.0,0.0,
NC-3164-611AA30-KY-TEMP14,111.0,1000,SKD11040085,0.0,0.0,,0.0,0.0,,0.0,0.0,,0.0,0.0,,0.0,0.0,
SKD6.65X30X65,111.0,1000,SKD11030070,0.0,0.0,,0.0,0.0,,0.0,0.0,,0.0,0.0,,0.0,0.0,
SKD7.65X50X41,142.0,1000,SKD11050085,0.0,0.0,,0.0,0.0,,0.0,0.0,,0.0,0.0,,0.0,0.0,
SKD6.0X22X95,114.0,1000,SKD11022067,0.0,0.0,,0.0,0.0,,0.0,0.0,,0.0,0.0,,0.0,0.0,
SKD6.0X25X100,136.0,1000,SKD11025067,0.0,0.0,,0.0,0.0,,0.0,0.0,,0.0,0.0,,0.0,0.0,
NC-3164-611AA30-KY-TEMP15,111.0,1000,SKD11040085,0.0,0.0,,0.0,0.0,,0.0,0.0,,0.0,0.0,,0.0,0.0,
NC-3164-611AA32-KY-TEMP12,111.0,1000,SKD11040085,0.0,0.0,,0.0,0.0,,0.0,0.0,,0.0,0.0,,0.0,0.0,
SKD6.35X40X120,252.0,1000,SKD11040065,0.0,0.0,,0.0,0.0,,0.0,0.0,,0.0,0.0,,0.0,0.0,
V8ER-MB9AA30-DANNASHI,1.0,1,SKD8B2144,63.0,1000.0,SKD11021082,0.0,0.0,,0.0,0.0,,0.0,0.0,,0.0,0.0,
V8ER-MB9AA36-DANNASHI,1.0,1,SKD8B2144,63.0,1000.0,SKD11021082,0.0,0.0,,0.0,0.0,,0.0,0.0,,0.0,0.0,
V8ER-MY1AA36-XDF,1.0,1,SKD5E2520,26.0,1000.0,SKD11025055,0.0,0.0,,0.0,0.0,,0.0,0.0,,0.0,0.0,
V8ER-MY2AA30-XDF,1.0,1,SKD6G2532,45.0,1000.0,SKD11025067,0.0,0.0,,0.0,0.0,,0.0,0.0,,0.0,0.0,
V8ER-MY2AA36-XDF,1.0,1,SKD6G2532,45.0,1000.0,SKD11025067,0.0,0.0,,0.0,0.0,,0.0,0.0,,0.0,0.0,
SKD7.0X30X35,75.0,1000,SKD11030085,0.0,0.0,,0.0,0.0,,0.0,0.0,,0.0,0.0,,0.0,0.0,
SKD6.5X50X390,1104.0,1000,SKD11050067,0.0,0.0,,0.0,0.0,,0.0,0.0,,0.0,0.0,,0.0,0.0,
SKD8B4035-CUT-ONLY,94.0,1000,SKD11040082,0.0,0.0,,0.0,0.0,,0.0,0.0,,0.0,0.0,,0.0,0.0,
SKD7.0X50X390,1400.0,1000,SKD11050085,0.0,0.0,,0.0,0.0,,0.0,0.0,,0.0,0.0,,0.0,0.0,
7E-MB9AA30-DANNASHI-XDF,1.0,1,SKD8B2140,57.0,1000.0,SKD11021082,0.0,0.0,,0.0,0.0,,0.0,0.0,,0.0,0.0,
NC-3164-611AA32-KY-TEMP13,111.0,1000,SKD11040085,0.0,0.0,,0.0,0.0,,0.0,0.0,,0.0,0.0,,0.0,0.0,
SKD8E3030-CUT-ONLY-KY-TE1,63.0,1000,SKD11030085,0.0,0.0,,0.0,0.0,,0.0,0.0,,0.0,0.0,,0.0,0.0,
SKD6G2545-CUT-ONLY-KY-TE1,62.0,1000,SKD11025067,0.0,0.0,,0.0,0.0,,0.0,0.0,,0.0,0.0,,0.0,0.0,
SKD6G2732-CUT-ONLY-KY-TE1,48.0,1000,SKD11027067,0.0,0.0,,0.0,0.0,,0.0,0.0,,0.0,0.0,,0.0,0.0,
SKD8B2930-CUT-ONLY,57.0,1000,SKD11029082,0.0,0.0,,0.0,0.0,,0.0,0.0,,0.0,0.0,,0.0,0.0,
SKD8E3025-SW+M-IT,68.0,1000,SKD11040085,0.0,0.0,,0.0,0.0,,0.0,0.0,,0.0,0.0,,0.0,0.0,
SKD8E3030-SW+M-IT,82.0,1000,SKD11040085,0.0,0.0,,0.0,0.0,,0.0,0.0,,0.0,0.0,,0.0,0.0,
SKD9.0X50X38-SW+G,152.0,1000,SKD11-10X50-R-STOCK,0.0,0.0,,0.0,0.0,,0.0,0.0,,0.0,0.0,,0.0,0.0,
SKD9.0X50X45-SW+G,180.0,1000,SKD11-10X50-R-STOCK,0.0,0.0,,0.0,0.0,,0.0,0.0,,0.0,0.0,,0.0,0.0,
SKD8.95X50X29,1.0,1,SKD105029-KAJIWARA,0.0,0.0,,0.0,0.0,,0.0,0.0,,0.0,0.0,,0.0,0.0,
355-614B30-F1,1.0,1,SKD6G1578,64.0,1000.0,SKD11015067,0.0,0.0,,0.0,0.0,,0.0,0.0,,0.0,0.0,
SKD6G2548-CUT-ONLY-KY-TE1,66.0,1000,SKD11025067,0.0,0.0,,0.0,0.0,,0.0,0.0,,0.0,0.0,,0.0,0.0,
NC-3164-611AA30-KY-TEMP16,111.0,1000,SKD11040085,0.0,0.0,,0.0,0.0,,0.0,0.0,,0.0,0.0,,0.0,0.0,
NC-3164-611AA32-KY-TEMP14,111.0,1000,SKD11040085,0.0,0.0,,0.0,0.0,,0.0,0.0,,0.0,0.0,,0.0,0.0,
SKD8E3035-SW+M-IT,95.0,1000,SKD11040085,0.0,0.0,,0.0,0.0,,0.0,0.0,,0.0,0.0,,0.0,0.0,
474-532SA34-M1,1.0,1,SKD6G2523,32.0,1000.0,SKD11025067,0.0,0.0,,0.0,0.0,,0.0,0.0,,0.0,0.0,
474-619AA33-M1-DANNASHI,1.0,1,SKD8B2140,57.0,1000.0,SKD11021082,0.0,0.0,,0.0,0.0,,0.0,0.0,,0.0,0.0,
SKD6G2235-CUT-ONLY-KY-TE1,43.0,1000,SKD11022067,0.0,0.0,,0.0,0.0,,0.0,0.0,,0.0,0.0,,0.0,0.0,
SKD7.0X30X30,64.0,1000,SKD11030085,0.0,0.0,,0.0,0.0,,0.0,0.0,,0.0,0.0,,0.0,0.0,
NC-3139-612AA26-KY-TEMP1,111.0,1000,SKD11040085,0.0,0.0,,0.0,0.0,,0.0,0.0,,0.0,0.0,,0.0,0.0,
NC-3139-612BA26-KY-TEMP1,111.0,1000,SKD11040085,0.0,0.0,,0.0,0.0,,0.0,0.0,,0.0,0.0,,0.0,0.0,
NC-3164-611AA30-KY-TEMP17,111.0,1000,SKD11040085,0.0,0.0,,0.0,0.0,,0.0,0.0,,0.0,0.0,,0.0,0.0,
NC-3164-611AA32-KY-TEMP15,111.0,1000,SKD11040085,0.0,0.0,,0.0,0.0,,0.0,0.0,,0.0,0.0,,0.0,0.0,
MA-5534-505BA38,20.0,1000,SKD11012050,0.0,0.0,,0.0,0.0,,0.0,0.0,,0.0,0.0,,0.0,0.0,
LPJ3A-MR2AA33-DANNASHI,1.0,1,SKD6G2726,39.0,1000.0,SKD11027067,0.0,0.0,,0.0,0.0,,0.0,0.0,,0.0,0.0,
MA-3554-505AA34,18.0,1000,SKD11012050,0.0,0.0,,0.0,0.0,,0.0,0.0,,0.0,0.0,,0.0,0.0,
MA-3538-505AA24,33.0,1000,SKD11012050,0.0,0.0,,0.0,0.0,,0.0,0.0,,0.0,0.0,,0.0,0.0,
MA-3660-505AA30,33.0,1000,SKD11012050,0.0,0.0,,0.0,0.0,,0.0,0.0,,0.0,0.0,,0.0,0.0,
NC-3164-611AA30-KY-TEMP18,111.0,1000,SKD11040085,0.0,0.0,,0.0,0.0,,0.0,0.0,,0.0,0.0,,0.0,0.0,
NC-3164-611AA34-KY-TEMP11,111.0,1000,SKD11040085,0.0,0.0,,0.0,0.0,,0.0,0.0,,0.0,0.0,,0.0,0.0,
SKD5E2235-CUT-ONLY-KY-TE2,35.0,1000,SKD11022055,0.0,0.0,,0.0,0.0,,0.0,0.0,,0.0,0.0,,0.0,0.0,
474-514AA34-M1,1.0,1,SKD6G2538,53.0,1000.0,SKD11025067,0.0,0.0,,0.0,0.0,,0.0,0.0,,0.0,0.0,
478-623AA33-M1,1.0,1,SKD5E2533,39.0,1000.0,SKD11025055,0.0,0.0,,0.0,0.0,,0.0,0.0,,0.0,0.0,
SKD6G2540-CUT-ONLY-KY-TE1,56.0,1000,SKD11025067,0.0,0.0,,0.0,0.0,,0.0,0.0,,0.0,0.0,,0.0,0.0,
SKD7.0X40X45,124.0,1000,SKD11040085,0.0,0.0,,0.0,0.0,,0.0,0.0,,0.0,0.0,,0.0,0.0,
SKD9.5X50X20-SW+G,100.0,1000,SKD11-10X50-R-STOCK,0.0,0.0,,0.0,0.0,,0.0,0.0,,0.0,0.0,,0.0,0.0,
SKD9.5X50X36-SW+G,146.0,1000,SKD11-10X50-R-STOCK,0.0,0.0,,0.0,0.0,,0.0,0.0,,0.0,0.0,,0.0,0.0,
SKD9.5X50X42-SW+G,170.0,1000,SKD11-10X50-R-STOCK,0.0,0.0,,0.0,0.0,,0.0,0.0,,0.0,0.0,,0.0,0.0,
479-514CA34-M1,1.0,1,SKD6G2548,66.0,1000.0,SKD11025067,0.0,0.0,,0.0,0.0,,0.0,0.0,,0.0,0.0,
479-514CA34-M1-XDF,1.0,1,SKD6G2548,66.0,1000.0,SKD11025067,0.0,0.0,,0.0,0.0,,0.0,0.0,,0.0,0.0,
NC-3164-611AA30-KY-TEMP19,111.0,1000,SKD11040085,0.0,0.0,,0.0,0.0,,0.0,0.0,,0.0,0.0,,0.0,0.0,
NC-3164-611AA32-KY-TEMP16,111.0,1000,SKD11040085,0.0,0.0,,0.0,0.0,,0.0,0.0,,0.0,0.0,,0.0,0.0,
SKD8E3033-CUT-ONLY,69.0,1000,SKD11030085,0.0,0.0,,0.0,0.0,,0.0,0.0,,0.0,0.0,,0.0,0.0,
SKD6G2733-CUT-ONLY,50.0,1000,SKD11027067,0.0,0.0,,0.0,0.0,,0.0,0.0,,0.0,0.0,,0.0,0.0,
SKD6G2735-CUT-ONLY,52.0,1000,SKD11027067,0.0,0.0,,0.0,0.0,,0.0,0.0,,0.0,0.0,,0.0,0.0,
SKD8E3035-CUT-ONLY-KY-TE1,74.0,1000,SKD11030085,0.0,0.0,,0.0,0.0,,0.0,0.0,,0.0,0.0,,0.0,0.0,
SKD8E3025-CUT-ONLY-KY-TE1,53.0,1000,SKD11030085,0.0,0.0,,0.0,0.0,,0.0,0.0,,0.0,0.0,,0.0,0.0,
SKD6G2743-CUT-ONLY-KY-TE1,64.0,1000,SKD11027067,0.0,0.0,,0.0,0.0,,0.0,0.0,,0.0,0.0,,0.0,0.0,
NC-3153-612AA26-KY-TEMP1,111.0,1000,SKD11040085,0.0,0.0,,0.0,0.0,,0.0,0.0,,0.0,0.0,,0.0,0.0,
NC-3153-612AA28-KY-TEMP1,111.0,1000,SKD11040085,0.0,0.0,,0.0,0.0,,0.0,0.0,,0.0,0.0,,0.0,0.0,
NC-3153-612BA26-KY-TEMP1,111.0,1000,SKD11040085,0.0,0.0,,0.0,0.0,,0.0,0.0,,0.0,0.0,,0.0,0.0,
NC-3153-612BA28-KY-TEMP1,111.0,1000,SKD11040085,0.0,0.0,,0.0,0.0,,0.0,0.0,,0.0,0.0,,0.0,0.0,
NC-3164-611AA30-KY-TEMP20,111.0,1000,SKD11040085,0.0,0.0,,0.0,0.0,,0.0,0.0,,0.0,0.0,,0.0,0.0,
SKD8E5028-CUT-ONLY-KY-TE1,98.0,1000,SKD11050085,0.0,0.0,,0.0,0.0,,0.0,0.0,,0.0,0.0,,0.0,0.0,
MA-3538-505BA34,33.0,1000,SKD11012050,0.0,0.0,,0.0,0.0,,0.0,0.0,,0.0,0.0,,0.0,0.0,
SKD6.0X50X390,1104.0,1000,SKD11050067,0.0,0.0,,0.0,0.0,,0.0,0.0,,0.0,0.0,,0.0,0.0,
479-619AA34-M1-DANNASHI,1.0,1,SKD8B2144,63.0,1000.0,SKD11021082,0.0,0.0,,0.0,0.0,,0.0,0.0,,0.0,0.0,
SKD4.8X25X20,22.0,1000,SKD11025055,0.0,0.0,,0.0,0.0,,0.0,0.0,,0.0,0.0,,0.0,0.0,
SKD6.95X50X35,119.0,1000,SKD11050085,0.0,0.0,,0.0,0.0,,0.0,0.0,,0.0,0.0,,0.0,0.0,
SKD6G2796-CUT-ONLY-KY-TE1,140.0,1000,SKD11027067,0.0,0.0,,0.0,0.0,,0.0,0.0,,0.0,0.0,,0.0,0.0,
SKD7B3237-CUT-ONLY-KY-TE1,71.0,1000,SKD11032072,0.0,0.0,,0.0,0.0,,0.0,0.0,,0.0,0.0,,0.0,0.0,
NC-3164-611AA32-KY-TEMP17,111.0,1000,SKD11040085,0.0,0.0,,0.0,0.0,,0.0,0.0,,0.0,0.0,,0.0,0.0,
NC-3164-611AA30-KY-TEMP21,111.0,1000,SKD11040085,0.0,0.0,,0.0,0.0,,0.0,0.0,,0.0,0.0,,0.0,0.0,
NC-3139-611BA30-KY-TEMP1,111.0,1000,SKD11040085,0.0,0.0,,0.0,0.0,,0.0,0.0,,0.0,0.0,,0.0,0.0,
SKD8E4035-CUT-ONLY-KY-TE1,98.0,1000,SKD11040085,0.0,0.0,,0.0,0.0,,0.0,0.0,,0.0,0.0,,0.0,0.0,
SKD6.7X40X390,1110.0,1000,SKD11040085,0.0,0.0,,0.0,0.0,,0.0,0.0,,0.0,0.0,,0.0,0.0,
SKD7.0X30X45,98.0,1000,SKD11030085,0.0,0.0,,0.0,0.0,,0.0,0.0,,0.0,0.0,,0.0,0.0,
SKD5.0X30X70,93.0,1000,SKD11030055,0.0,0.0,,0.0,0.0,,0.0,0.0,,0.0,0.0,,0.0,0.0,
NC-3164-611AA30-KY-TEMP22,111.0,1000,SKD11040085,0.0,0.0,,0.0,0.0,,0.0,0.0,,0.0,0.0,,0.0,0.0,
NC-3164-611AA32-KY-TEMP18,111.0,1000,SKD11040085,0.0,0.0,,0.0,0.0,,0.0,0.0,,0.0,0.0,,0.0,0.0,
NC-3139-612AA36-KY-TEMP1,111.0,1000,SKD11040085,0.0,0.0,,0.0,0.0,,0.0,0.0,,0.0,0.0,,0.0,0.0,
SKD6.0X40X54,113.0,1000,SKD11040065,0.0,0.0,,0.0,0.0,,0.0,0.0,,0.0,0.0,,0.0,0.0,
5534-611AA38-M1,1.0,1,SKD5E2530,35.0,1000.0,,0.0,0.0,,0.0,0.0,,0.0,0.0,,0.0,0.0,
5534-615AA38-M1-XDF,1.0,1,SKD6G2531,43.0,1000.0,SKD11025067,0.0,0.0,,0.0,0.0,,0.0,0.0,,0.0,0.0,
SKD4.8X27X33,50.0,1000,SKD11027067,0.0,0.0,,0.0,0.0,,0.0,0.0,,0.0,0.0,,0.0,0.0,
SKD6.0X27X35,53.0,1000,SKD11027067,0.0,0.0,,0.0,0.0,,0.0,0.0,,0.0,0.0,,0.0,0.0,
MA-826-505AA30,21.0,1000,SKD11012050,0.0,0.0,,0.0,0.0,,0.0,0.0,,0.0,0.0,,0.0,0.0,
MA-810-542CA30,45.0,1000,SKD11022067,0.0,0.0,,0.0,0.0,,0.0,0.0,,0.0,0.0,,0.0,0.0,
NC-5541-505BA38,42.0,1000,SKD11015067,0.0,0.0,,0.0,0.0,,0.0,0.0,,0.0,0.0,,0.0,0.0,
NC-3164-611AA34-KY-TEMP12,111.0,1000,SKD11040085,0.0,0.0,,0.0,0.0,,0.0,0.0,,0.0,0.0,,0.0,0.0,
NC-3139-612AA38-KY-TEMP1,111.0,1000,SKD11040085,0.0,0.0,,0.0,0.0,,0.0,0.0,,0.0,0.0,,0.0,0.0,
NC-3139-612BA38-KY-TEMP1,111.0,1000,SKD11040085,0.0,0.0,,0.0,0.0,,0.0,0.0,,0.0,0.0,,0.0,0.0,
NC-3164-611AA30-KY-TEMP23,111.0,1000,SKD11040085,0.0,0.0,,0.0,0.0,,0.0,0.0,,0.0,0.0,,0.0,0.0,
NC-3164-611AA32-KY-TEMP19,111.0,1000,SKD11040085,0.0,0.0,,0.0,0.0,,0.0,0.0,,0.0,0.0,,0.0,0.0,
SKD9.8X50X37,1.0,1,SKD105037-KAJIWARA,0.0,0.0,,0.0,0.0,,0.0,0.0,,0.0,0.0,,0.0,0.0,
SKD9.8X50X41,1.0,1,SKD105041-KAJIWARA,0.0,0.0,,0.0,0.0,,0.0,0.0,,0.0,0.0,,0.0,0.0,
SKD7.65X30X28,60.0,1000,SKD11030085,0.0,0.0,,0.0,0.0,,0.0,0.0,,0.0,0.0,,0.0,0.0,
279-513A33-M1-XDF+XMIZO,1.0,1,SKD6G2545,62.0,1000.0,SKD11025067,0.0,0.0,,0.0,0.0,,0.0,0.0,,0.0,0.0,
352B-514AB33-M1,1.0,1,SKD7Z3038,66.0,1000.0,SKD11030070,0.0,0.0,,0.0,0.0,,0.0,0.0,,0.0,0.0,
SKD4.8X30X60,81.0,1000,SKD11030055,0.0,0.0,,0.0,0.0,,0.0,0.0,,0.0,0.0,,0.0,0.0,
SKD5.8X40X65,137.0,1000,SKD11040065,0.0,0.0,,0.0,0.0,,0.0,0.0,,0.0,0.0,,0.0,0.0,
SKD6.0X40X65,137.0,1000,SKD11040065,0.0,0.0,,0.0,0.0,,0.0,0.0,,0.0,0.0,,0.0,0.0,
SKD6.65X21X65　,92.0,1000,SKD11021082,0.0,0.0,,0.0,0.0,,0.0,0.0,,0.0,0.0,,0.0,0.0,
SKD6.0X27X96,140.0,1000,SKD11027067,0.0,0.0,,0.0,0.0,,0.0,0.0,,0.0,0.0,,0.0,0.0,
NC-3164-611AA30-KY-TEMP24,111.0,1000,SKD11040085,0.0,0.0,,0.0,0.0,,0.0,0.0,,0.0,0.0,,0.0,0.0,
NC-3164-611AA32-KY-TEMP20,111.0,1000,SKD11040085,0.0,0.0,,0.0,0.0,,0.0,0.0,,0.0,0.0,,0.0,0.0,
NC-3139-612AA36-KY-TEMP2,111.0,1000,SKD11040085,0.0,0.0,,0.0,0.0,,0.0,0.0,,0.0,0.0,,0.0,0.0,
SKD7.75X50X32,110.0,1000,SKD11050085,0.0,0.0,,0.0,0.0,,0.0,0.0,,0.0,0.0,,0.0,0.0,
NC-3153-611AA30-KY-TEMP51,111.0,1000,SKD11040085,0.0,0.0,,0.0,0.0,,0.0,0.0,,0.0,0.0,,0.0,0.0,
NC-3164-611AA30-KY-TEMP25,111.0,1000,SKD11040085,0.0,0.0,,0.0,0.0,,0.0,0.0,,0.0,0.0,,0.0,0.0,
NC-3164-611AA32-KY-TEMP21,111.0,1000,SKD11040085,0.0,0.0,,0.0,0.0,,0.0,0.0,,0.0,0.0,,0.0,0.0,
NC-3139-612BA36-KY-TEMP1,111.0,1000,SKD11040085,0.0,0.0,,0.0,0.0,,0.0,0.0,,0.0,0.0,,0.0,0.0,
SKD4.8X30X50,68.0,1000,SKD11030055,0.0,0.0,,0.0,0.0,,0.0,0.0,,0.0,0.0,,0.0,0.0,
NC-3153-611AA30-KY-TEMP52,111.0,1000,SKD11040085,0.0,0.0,,0.0,0.0,,0.0,0.0,,0.0,0.0,,0.0,0.0,
NC-3164-611AA34-KY-TEMP13,111.0,1000,SKD11040085,0.0,0.0,,0.0,0.0,,0.0,0.0,,0.0,0.0,,0.0,0.0,
NC-3164-611AA32-KY-TEMP22,111.0,1000,SKD11040085,0.0,0.0,,0.0,0.0,,0.0,0.0,,0.0,0.0,,0.0,0.0,
NC-3139-611AA34-KY-TEMP16,111.0,1000,SKD11040085,0.0,0.0,,0.0,0.0,,0.0,0.0,,0.0,0.0,,0.0,0.0,
SKD105029-CUT-ONLY,116.0,1000,SKD11-10X50-R-STOCK,0.0,0.0,,0.0,0.0,,0.0,0.0,,0.0,0.0,,0.0,0.0,
SKD7Z3035-CUT-ONLY-KY-TE1,61.0,1000,SKD11030070,0.0,0.0,,0.0,0.0,,0.0,0.0,,0.0,0.0,,0.0,0.0,
SKD4.2X25X50,57.0,1000,SKD11025055,0.0,0.0,,0.0,0.0,,0.0,0.0,,0.0,0.0,,0.0,0.0,
SKD4.8X25X30,31.0,1000,SKD11025055,0.0,0.0,,0.0,0.0,,0.0,0.0,,0.0,0.0,,0.0,0.0,
SKD9.0X50X37-SW+G,150.0,1000,SKD11-10X50-R-STOCK,0.0,0.0,,0.0,0.0,,0.0,0.0,,0.0,0.0,,0.0,0.0,
SKD105013-CUT-ONLY,54.0,1000,SKD11-10X50-R-STOCK,0.0,0.0,,0.0,0.0,,0.0,0.0,,0.0,0.0,,0.0,0.0,
SKD105017-CUT-ONLY,69.0,1000,SKD11-10X50-R-STOCK,0.0,0.0,,0.0,0.0,,0.0,0.0,,0.0,0.0,,0.0,0.0,
SKD105022-CUT-ONLY,89.0,1000,SKD11-10X50-R-STOCK,0.0,0.0,,0.0,0.0,,0.0,0.0,,0.0,0.0,,0.0,0.0,
6108-611AA38-M1,1.0,1,SKD6G2515,21.0,1000.0,SKD11025067,0.0,0.0,,0.0,0.0,,0.0,0.0,,0.0,0.0,
SKD9.0X50X29-SW+G,116.0,1000,SKD11-10X50-R-STOCK,0.0,0.0,,0.0,0.0,,0.0,0.0,,0.0,0.0,,0.0,0.0,
NC-3164-611AA32-KY-TEMP23,111.0,1000,SKD11040085,0.0,0.0,,0.0,0.0,,0.0,0.0,,0.0,0.0,,0.0,0.0,
NC-3164-611AA34-KY-TEMP14,111.0,1000,SKD11040085,0.0,0.0,,0.0,0.0,,0.0,0.0,,0.0,0.0,,0.0,0.0,
NC-3153-611AA32-KY-TEMP17,111.0,1000,SKD11040085,0.0,0.0,,0.0,0.0,,0.0,0.0,,0.0,0.0,,0.0,0.0,
NC-3153-612AA32-KY-TEMP1,111.0,1000,SKD11040085,0.0,0.0,,0.0,0.0,,0.0,0.0,,0.0,0.0,,0.0,0.0,
NC-3153-612BA32-KY-TEMP1,111.0,1000,SKD11040085,0.0,0.0,,0.0,0.0,,0.0,0.0,,0.0,0.0,,0.0,0.0,
4109-514AB30-M1,1.0,1,SKD7Z3035,61.0,1000.0,SKD11030070,0.0,0.0,,0.0,0.0,,0.0,0.0,,0.0,0.0,
5541-513AA38-M1,1.0,1,SKD6G2741,61.0,1000.0,SKD11027067,0.0,0.0,,0.0,0.0,,0.0,0.0,,0.0,0.0,
5541-519AA38-M1,1.0,1,SKD7Z3038,66.0,1000.0,SKD11030070,0.0,0.0,,0.0,0.0,,0.0,0.0,,0.0,0.0,
SKD6.0X25X70,94.0,1000,SKD11025067,0.0,0.0,,0.0,0.0,,0.0,0.0,,0.0,0.0,,0.0,0.0,
SKD7.0X50X60,206.0,1000,SKD11050085,0.0,0.0,,0.0,0.0,,0.0,0.0,,0.0,0.0,,0.0,0.0,
SKD8.0X40X35,97.0,1000,SKD11040085,0.0,0.0,,0.0,0.0,,0.0,0.0,,0.0,0.0,,0.0,0.0,
SKD8.0X40X55,152.0,1000,SKD11040085,0.0,0.0,,0.0,0.0,,0.0,0.0,,0.0,0.0,,0.0,0.0,
NC-3164-611AA32-KY-TEMP24,111.0,1000,SKD11040085,0.0,0.0,,0.0,0.0,,0.0,0.0,,0.0,0.0,,0.0,0.0,
NC-3164-611AA34-KY-TEMP15,111.0,1000,SKD11040085,0.0,0.0,,0.0,0.0,,0.0,0.0,,0.0,0.0,,0.0,0.0,
SKD9.0X50X13-SW+G,54.0,1000,SKD11-10X50-R-STOCK,0.0,0.0,,0.0,0.0,,0.0,0.0,,0.0,0.0,,0.0,0.0,
SKD9.0X50X17-SW+G,69.0,1000,SKD11-10X50-R-STOCK,0.0,0.0,,0.0,0.0,,0.0,0.0,,0.0,0.0,,0.0,0.0,
SKD9.0X50X22-SW+G,89.0,1000,SKD11-10X50-R-STOCK,0.0,0.0,,0.0,0.0,,0.0,0.0,,0.0,0.0,,0.0,0.0,
SKD6.65X30X55,95.0,1000,SKD11030070,0.0,0.0,,0.0,0.0,,0.0,0.0,,0.0,0.0,,0.0,0.0,
NC-352B-505AB38-F1,1.0,1,SKD5Z1275,44.0,1000.0,SKD11012050,0.0,0.0,,0.0,0.0,,0.0,0.0,,0.0,0.0,
NC-3164-611AA34-KY-TEMP16,111.0,1000,SKD11040085,0.0,0.0,,0.0,0.0,,0.0,0.0,,0.0,0.0,,0.0,0.0,
NC-3139-612AA40-KY-TEMP1,111.0,1000,SKD11040085,0.0,0.0,,0.0,0.0,,0.0,0.0,,0.0,0.0,,0.0,0.0,
NC-3139-612BA40-KY-TEMP1,111.0,1000,SKD11040085,0.0,0.0,,0.0,0.0,,0.0,0.0,,0.0,0.0,,0.0,0.0,
NC-3164-611AA32-KY-TEMP25,111.0,1000,SKD11040085,0.0,0.0,,0.0,0.0,,0.0,0.0,,0.0,0.0,,0.0,0.0,
NC-3153-611AA30-KY-TEMP53,111.0,1000,SKD11040085,0.0,0.0,,0.0,0.0,,0.0,0.0,,0.0,0.0,,0.0,0.0,
SKD6G2530-CUT-ONLY,42.0,1000,SKD11025067,0.0,0.0,,0.0,0.0,,0.0,0.0,,0.0,0.0,,0.0,0.0,
NC-6110-505AA38-F1,23.0,1000,SKD11012050,0.0,0.0,,0.0,0.0,,0.0,0.0,,0.0,0.0,,0.0,0.0,
NC-3164-611AA30-KY-TEMP26,111.0,1000,SKD11040085,0.0,0.0,,0.0,0.0,,0.0,0.0,,0.0,0.0,,0.0,0.0,
NC-3164-611AA34-KY-TEMP17,111.0,1000,SKD11040085,0.0,0.0,,0.0,0.0,,0.0,0.0,,0.0,0.0,,0.0,0.0,
NC-3153-611AA30-KY-TEMP54,111.0,1000,SKD11040085,0.0,0.0,,0.0,0.0,,0.0,0.0,,0.0,0.0,,0.0,0.0,
NC-3164-611BA30-KY-TEMP1,111.0,1000,SKD11040085,0.0,0.0,,0.0,0.0,,0.0,0.0,,0.0,0.0,,0.0,0.0,
NC-3139-611AA26-KY-RE,111.0,1000,SKD11040085,0.0,0.0,,0.0,0.0,,0.0,0.0,,0.0,0.0,,0.0,0.0,
NC-3139-611AA28-KY-RE,111.0,1000,SKD11040085,0.0,0.0,,0.0,0.0,,0.0,0.0,,0.0,0.0,,0.0,0.0,
NC-3139-611AA30-KY-RE,111.0,1000,SKD11040085,0.0,0.0,,0.0,0.0,,0.0,0.0,,0.0,0.0,,0.0,0.0,
NC-3139-611AA32-KY-RE,111.0,1000,SKD11040085,0.0,0.0,,0.0,0.0,,0.0,0.0,,0.0,0.0,,0.0,0.0,
NC-3139-611AA34-KY-RE,111.0,1000,SKD11040085,0.0,0.0,,0.0,0.0,,0.0,0.0,,0.0,0.0,,0.0,0.0,
NC-3139-611AA36-KY-RE,111.0,1000,SKD11040085,0.0,0.0,,0.0,0.0,,0.0,0.0,,0.0,0.0,,0.0,0.0,
NC-3139-611AA38-KY-RE,111.0,1000,SKD11040085,0.0,0.0,,0.0,0.0,,0.0,0.0,,0.0,0.0,,0.0,0.0,
NC-3139-611AA40-KY-RE,111.0,1000,SKD11040085,0.0,0.0,,0.0,0.0,,0.0,0.0,,0.0,0.0,,0.0,0.0,
NC-3139-612AA30-KY-RE,111.0,1000,SKD11040085,0.0,0.0,,0.0,0.0,,0.0,0.0,,0.0,0.0,,0.0,0.0,
NC-3139-612BA30-KY-RE,111.0,1000,SKD11040085,0.0,0.0,,0.0,0.0,,0.0,0.0,,0.0,0.0,,0.0,0.0,
NC-3139-612AA32-KY-RE,111.0,1000,SKD11040085,0.0,0.0,,0.0,0.0,,0.0,0.0,,0.0,0.0,,0.0,0.0,
NC-3139-612BA32-KY-RE,111.0,1000,SKD11040085,0.0,0.0,,0.0,0.0,,0.0,0.0,,0.0,0.0,,0.0,0.0,
NC-3139-612AA34-KY-RE,111.0,1000,SKD11040085,0.0,0.0,,0.0,0.0,,0.0,0.0,,0.0,0.0,,0.0,0.0,
NC-3139-612BA34-KY-RE,111.0,1000,SKD11040085,0.0,0.0,,0.0,0.0,,0.0,0.0,,0.0,0.0,,0.0,0.0,
NC-3145-611AA26-KY-RE,111.0,1000,SKD11040085,0.0,0.0,,0.0,0.0,,0.0,0.0,,0.0,0.0,,0.0,0.0,
NC-3145-611AA30-KY-RE,111.0,1000,SKD11040085,0.0,0.0,,0.0,0.0,,0.0,0.0,,0.0,0.0,,0.0,0.0,
NC-3145-611AA34-KY-RE,111.0,1000,SKD11040085,0.0,0.0,,0.0,0.0,,0.0,0.0,,0.0,0.0,,0.0,0.0,
SKD6.0X25X50,70.0,1000,SKD11025067,0.0,0.0,,0.0,0.0,,0.0,0.0,,0.0,0.0,,0.0,0.0,
478-625AA34-M1-XDF,1.0,1,SKD6G2534,47.0,1000.0,,0.0,0.0,,0.0,0.0,,0.0,0.0,,0.0,0.0,
NC-3139-611BA36-KY-TEMP1,111.0,1000,SKD11040085,0.0,0.0,,0.0,0.0,,0.0,0.0,,0.0,0.0,,0.0,0.0,
NC-3164-611AA34-KY-TEMP18,111.0,1000,SKD11040085,0.0,0.0,,0.0,0.0,,0.0,0.0,,0.0,0.0,,0.0,0.0,
NC-3153-611AA32-KY-TEMP18,111.0,1000,SKD11040085,0.0,0.0,,0.0,0.0,,0.0,0.0,,0.0,0.0,,0.0,0.0,
5154-611AA38-M1,1.0,1,SKD5E2530,35.0,1000.0,SKD11025055,0.0,0.0,,0.0,0.0,,0.0,0.0,,0.0,0.0,
5154-611AA38-M1-XDF,1.0,1,SKD5E2530,35.0,1000.0,SKD11025055,0.0,0.0,,0.0,0.0,,0.0,0.0,,0.0,0.0,
SKD7Z3040-CUT-ONLY-KY-TE1,69.0,1000,SKD11030070,0.0,0.0,,0.0,0.0,,0.0,0.0,,0.0,0.0,,0.0,0.0,
SKD8B2169-CUT-ONLY,97.0,1000,SKD11021082,0.0,0.0,,0.0,0.0,,0.0,0.0,,0.0,0.0,,0.0,0.0,
NC-3153-612AA36-KY-TEMP1,111.0,1000,SKD11040085,0.0,0.0,,0.0,0.0,,0.0,0.0,,0.0,0.0,,0.0,0.0,
NC-3153-612BA36-KY-TEMP1,111.0,1000,SKD11040085,0.0,0.0,,0.0,0.0,,0.0,0.0,,0.0,0.0,,0.0,0.0,
NC-3164-611AA34-KY-TEMP19,111.0,1000,SKD11040085,0.0,0.0,,0.0,0.0,,0.0,0.0,,0.0,0.0,,0.0,0.0,
NC-3164-611AA30-KY-TEMP27,111.0,1000,SKD11040085,0.0,0.0,,0.0,0.0,,0.0,0.0,,0.0,0.0,,0.0,0.0,
NC-3139-611BA36-KY-TEMP2,111.0,1000,SKD11040085,0.0,0.0,,0.0,0.0,,0.0,0.0,,0.0,0.0,,0.0,0.0,
NC-3139-611BA38-KY-TEMP1,111.0,1000,SKD11040085,0.0,0.0,,0.0,0.0,,0.0,0.0,,0.0,0.0,,0.0,0.0,
NC-3164-611BA30-KY-TEMP2,111.0,1000,SKD11040085,0.0,0.0,,0.0,0.0,,0.0,0.0,,0.0,0.0,,0.0,0.0,
NC-3164-611AA32-KY-TEMP26,111.0,1000,SKD11040085,0.0,0.0,,0.0,0.0,,0.0,0.0,,0.0,0.0,,0.0,0.0,
NC-B336-505BA30-F1,21.0,1000,SKD11012050,0.0,0.0,,0.0,0.0,,0.0,0.0,,0.0,0.0,,0.0,0.0,
NC-3164-611AA34-KY-TEMP20,111.0,1000,SKD11040085,0.0,0.0,,0.0,0.0,,0.0,0.0,,0.0,0.0,,0.0,0.0,
NC-3153-611AA30-KY-TEMP55,111.0,1000,SKD11040085,0.0,0.0,,0.0,0.0,,0.0,0.0,,0.0,0.0,,0.0,0.0,
SKD6.95X50X36,125.0,1000,SKD11050085,0.0,0.0,,0.0,0.0,,0.0,0.0,,0.0,0.0,,0.0,0.0,
SKD8.0X40X75,206.0,1000,SKD11040085,0.0,0.0,,0.0,0.0,,0.0,0.0,,0.0,0.0,,0.0,0.0,
SKD6G2554-CUT-ONLY-KY-TE1,75.0,1000,SKD11025067,0.0,0.0,,0.0,0.0,,0.0,0.0,,0.0,0.0,,0.0,0.0,
NC-TS-5486CA16-F1,21.0,1000,SKD11012050,0.0,0.0,,0.0,0.0,,0.0,0.0,,0.0,0.0,,0.0,0.0,
SKD5.5X40X390,713.0,1000,SKD11040057,0.0,0.0,,0.0,0.0,,0.0,0.0,,0.0,0.0,,0.0,0.0,
3238-512AA30-M1,1.0,1,SKD8E3030,63.0,1000.0,SKD11030085,0.0,0.0,,0.0,0.0,,0.0,0.0,,0.0,0.0,
3238-514AB30-M1,1.0,1,SKD8E3042,88.0,1000.0,SKD11030085,0.0,0.0,,0.0,0.0,,0.0,0.0,,0.0,0.0,
3239-512AA30-M1,1.0,1,SKD8E3038,80.0,1000.0,SKD11030085,0.0,0.0,,0.0,0.0,,0.0,0.0,,0.0,0.0,
NC-3164-611AA34-KY-TEMP21,111.0,1000,SKD11040085,0.0,0.0,,0.0,0.0,,0.0,0.0,,0.0,0.0,,0.0,0.0,
NC-3153-611AA30-KY-TEMP56,111.0,1000,SKD11040085,0.0,0.0,,0.0,0.0,,0.0,0.0,,0.0,0.0,,0.0,0.0,
NC-3164-611AA32-KY-TEMP27,111.0,1000,SKD11040085,0.0,0.0,,0.0,0.0,,0.0,0.0,,0.0,0.0,,0.0,0.0,
278-621A30-M1,1.0,1,SKD5E2532,38.0,1000.0,SKD11025055,0.0,0.0,,0.0,0.0,,0.0,0.0,,0.0,0.0,
3652-566AA30-M1,1.0,1,SKD8E3027,57.0,1000.0,SKD11030085,0.0,0.0,,0.0,0.0,,0.0,0.0,,0.0,0.0,
474-538AA33-M1,1.0,1,SKD6G2538,53.0,1000.0,SKD11025067,0.0,0.0,,0.0,0.0,,0.0,0.0,,0.0,0.0,
478-521AB34-M1,1.0,1,SKD5E2235,35.0,1000.0,SKD11022055,0.0,0.0,,0.0,0.0,,0.0,0.0,,0.0,0.0,
3540-513AA34-M1,1.0,1,SKD7Z3045,78.0,1000.0,SKD11030070,0.0,0.0,,0.0,0.0,,0.0,0.0,,0.0,0.0,
3652-513AA30-M1,1.0,1,SKD7Z3045,78.0,1000.0,SKD11030070,0.0,0.0,,0.0,0.0,,0.0,0.0,,0.0,0.0,
478-624AA30-M1,1.0,1,SKD5E2532,38.0,1000.0,SKD11025055,0.0,0.0,,0.0,0.0,,0.0,0.0,,0.0,0.0,
SKD7Z3030-CUT-ONLY-KY-TE1,52.0,1000,SKD11030070,0.0,0.0,,0.0,0.0,,0.0,0.0,,0.0,0.0,,0.0,0.0,
SKD8B2155-CUT-ONLY-KY-TE1,78.0,1000,SKD11021082,0.0,0.0,,0.0,0.0,,0.0,0.0,,0.0,0.0,,0.0,0.0,
NC-3164-611AA30-KY-TEMP28,111.0,1000,SKD11040085,0.0,0.0,,0.0,0.0,,0.0,0.0,,0.0,0.0,,0.0,0.0,
NC-3139-612AA30-KY-TEMP11,111.0,1000,SKD11040085,0.0,0.0,,0.0,0.0,,0.0,0.0,,0.0,0.0,,0.0,0.0,
NC-3139-612BA30-KY-TEMP11,111.0,1000,SKD11040085,0.0,0.0,,0.0,0.0,,0.0,0.0,,0.0,0.0,,0.0,0.0,
NC-3145-611BA30-KY-TEMP1,111.0,1000,SKD11040085,0.0,0.0,,0.0,0.0,,0.0,0.0,,0.0,0.0,,0.0,0.0,
NC-3139-611AA34-KY-TEMP17,111.0,1000,SKD11040085,0.0,0.0,,0.0,0.0,,0.0,0.0,,0.0,0.0,,0.0,0.0,
NC-3139-611BA34-KY-TEMP1,111.0,1000,SKD11040085,0.0,0.0,,0.0,0.0,,0.0,0.0,,0.0,0.0,,0.0,0.0,
NC-3139-611BA38-KY-TEMP2,111.0,1000,SKD11040085,0.0,0.0,,0.0,0.0,,0.0,0.0,,0.0,0.0,,0.0,0.0,
NC-3139-611BA32-KY-TEMP1,111.0,1000,SKD11040085,0.0,0.0,,0.0,0.0,,0.0,0.0,,0.0,0.0,,0.0,0.0,
NC-3153-611AA30-KY-TEMP57,111.0,1000,SKD11040085,0.0,0.0,,0.0,0.0,,0.0,0.0,,0.0,0.0,,0.0,0.0,
NC-3164-611AA32-KY-TEMP28,111.0,1000,SKD11040085,0.0,0.0,,0.0,0.0,,0.0,0.0,,0.0,0.0,,0.0,0.0,
NC-5529-505BA34-F1,14.0,1000,SKD11012050,0.0,0.0,,0.0,0.0,,0.0,0.0,,0.0,0.0,,0.0,0.0,
352-571LA30-M1,1.0,1,SKD6G2515,21.0,1000.0,SKD11025067,0.0,0.0,,0.0,0.0,,0.0,0.0,,0.0,0.0,
474-513AA38-M1,1.0,1,SKD6G2550,69.0,1000.0,SKD11025067,0.0,0.0,,0.0,0.0,,0.0,0.0,,0.0,0.0,
474-514AA38-M1,1.0,1,SKD6G2538,53.0,1000.0,SKD11025067,0.0,0.0,,0.0,0.0,,0.0,0.0,,0.0,0.0,
5517-514BA30-M1,1.0,1,SKD7Z3054,93.0,1000.0,SKD11030070,0.0,0.0,,0.0,0.0,,0.0,0.0,,0.0,0.0,
740-514B-M1,1.0,1,SKD7Z3054,93.0,1000.0,SKD11030070,0.0,0.0,,0.0,0.0,,0.0,0.0,,0.0,0.0,
5517-516CA30-M1,1.0,1,SKD6G2753,79.0,1000.0,SKD11027067,0.0,0.0,,0.0,0.0,,0.0,0.0,,0.0,0.0,
NC-3164-611AA30-KY-TEMP29,111.0,1000,SKD11040085,0.0,0.0,,0.0,0.0,,0.0,0.0,,0.0,0.0,,0.0,0.0,
NC-3139-611BA32-KY-TEMP2,111.0,1000,SKD11040085,0.0,0.0,,0.0,0.0,,0.0,0.0,,0.0,0.0,,0.0,0.0,
NC-3164-611AA34-KY-TEMP22,111.0,1000,SKD11040085,0.0,0.0,,0.0,0.0,,0.0,0.0,,0.0,0.0,,0.0,0.0,
SKD8.45X50X32-SW+G,130.0,1000,SKD11-10X50-R-STOCK,0.0,0.0,,0.0,0.0,,0.0,0.0,,0.0,0.0,,0.0,0.0,
SKD8E3032-CUT-ONLY-KY-TE1,68.0,1000,SKD11030085,0.0,0.0,,0.0,0.0,,0.0,0.0,,0.0,0.0,,0.0,0.0,
NC-3164-611AA34-KY-TEMP23,111.0,1000,SKD11040085,0.0,0.0,,0.0,0.0,,0.0,0.0,,0.0,0.0,,0.0,0.0,
NC-3153-611AA30-KY-TEMP58,111.0,1000,SKD11040085,0.0,0.0,,0.0,0.0,,0.0,0.0,,0.0,0.0,,0.0,0.0,
NC-3164-611AA30-KY-TEMP30,111.0,1000,SKD11040085,0.0,0.0,,0.0,0.0,,0.0,0.0,,0.0,0.0,,0.0,0.0,
SKD5.4X35X34,66.0,1000,SKD11035067,0.0,0.0,,0.0,0.0,,0.0,0.0,,0.0,0.0,,0.0,0.0,
SKD4.2X25X35,41.0,1000,SKD11025055,0.0,0.0,,0.0,0.0,,0.0,0.0,,0.0,0.0,,0.0,0.0,
478-521AB30-M1,1.0,1,SKD5E2235,35.0,1000.0,SKD11022055,0.0,0.0,,0.0,0.0,,0.0,0.0,,0.0,0.0,
SKD105021-CUT-ONLY,86.0,1000,SKD11-10X50-R-STOCK,0.0,0.0,,0.0,0.0,,0.0,0.0,,0.0,0.0,,0.0,0.0,
PT-5154-615AA38-M1,1.0,1,SKD6G2530,42.0,1000.0,SKD11025067,0.0,0.0,,0.0,0.0,,0.0,0.0,,0.0,0.0,
NC-5517-505AA34-F1-KK,63.0,1000,SKD11022067,0.0,0.0,,0.0,0.0,,0.0,0.0,,0.0,0.0,,0.0,0.0,
NC-5518-505AA34-F1-KK,63.0,1000,SKD11022067,0.0,0.0,,0.0,0.0,,0.0,0.0,,0.0,0.0,,0.0,0.0,
5165-627AA38-M1,1.0,1,SKD8E3040,85.0,1000.0,SKD11030085,0.0,0.0,,0.0,0.0,,0.0,0.0,,0.0,0.0,
5165-628AA38-M1,1.0,1,SKD8E3040,85.0,1000.0,SKD11030085,0.0,0.0,,0.0,0.0,,0.0,0.0,,0.0,0.0,
SKD9.0X50X390,1570.0,1000,SKD11-10X50-R-STOCK,0.0,0.0,,0.0,0.0,,0.0,0.0,,0.0,0.0,,0.0,0.0,
5517-513AA34-M1,1.0,1,SKD7Z3054,93.0,1000.0,SKD11030070,0.0,0.0,,0.0,0.0,,0.0,0.0,,0.0,0.0,
5517-514AA34-M1,1.0,1,SKD7Z3054,93.0,1000.0,SKD11030070,0.0,0.0,,0.0,0.0,,0.0,0.0,,0.0,0.0,
SKD4.8X50X200,551.0,1000,SKD11050067,0.0,0.0,,0.0,0.0,,0.0,0.0,,0.0,0.0,,0.0,0.0,
5142-512AB34-M1,1.0,1,SKD6G2242,51.0,1000.0,SKD11022067,0.0,0.0,,0.0,0.0,,0.0,0.0,,0.0,0.0,
5173-611AA30-M1,1.0,1,SKD6G2516,22.0,1000.0,SKD11025067,0.0,0.0,,0.0,0.0,,0.0,0.0,,0.0,0.0,
SKD8.0X50X52,181.0,1000,SKD11050085,0.0,0.0,,0.0,0.0,,0.0,0.0,,0.0,0.0,,0.0,0.0,
SKD5G4097-CUT-ONLY,212.0,1000,SKD11040057,0.0,0.0,,0.0,0.0,,0.0,0.0,,0.0,0.0,,0.0,0.0,
SKD6.6X32X40,76.0,1000,SKD11032072,0.0,0.0,,0.0,0.0,,0.0,0.0,,0.0,0.0,,0.0,0.0,
SKD6.6X32X55,103.0,1000,SKD11032072,0.0,0.0,,0.0,0.0,,0.0,0.0,,0.0,0.0,,0.0,0.0,
SKD6.65X30X32,56.0,1000,SKD11030070,0.0,0.0,,0.0,0.0,,0.0,0.0,,0.0,0.0,,0.0,0.0,
SKD6.65X30X35,62.0,1000,SKD11030070,0.0,0.0,,0.0,0.0,,0.0,0.0,,0.0,0.0,,0.0,0.0,
NC-B336-623AA33-F1,30.0,1000,SKD11015067,0.0,0.0,,0.0,0.0,,0.0,0.0,,0.0,0.0,,0.0,0.0,
5213-619AA36-M1-DANNASHI,1.0,1,SKD8B2160,85.0,1000.0,SKD11021082,0.0,0.0,,0.0,0.0,,0.0,0.0,,0.0,0.0,
SKD5.95X25X45,62.0,1000,SKD11025067,0.0,0.0,,0.0,0.0,,0.0,0.0,,0.0,0.0,,0.0,0.0,
SKD8E3048-CUT-ONLY,100.0,1000,SKD11030085,0.0,0.0,,0.0,0.0,,0.0,0.0,,0.0,0.0,,0.0,0.0,
NC-B336-623AA34-F1,30.0,1000,SKD11015067,0.0,0.0,,0.0,0.0,,0.0,0.0,,0.0,0.0,,0.0,0.0,
SKD8E3045-CUT-ONLY,96.0,1000,SKD11030085,0.0,0.0,,0.0,0.0,,0.0,0.0,,0.0,0.0,,0.0,0.0,
3636-514AA34-M1,1.0,1,SKD7Z3055,95.0,1000.0,SKD11030070,0.0,0.0,,0.0,0.0,,0.0,0.0,,0.0,0.0,
PT-5165-511AA38-M1,1.0,1,SKD6G2545,62.0,1000.0,SKD11025067,0.0,0.0,,0.0,0.0,,0.0,0.0,,0.0,0.0,
SKD8E3051-CUT-ONLY,106.0,1000,SKD11030085,0.0,0.0,,0.0,0.0,,0.0,0.0,,0.0,0.0,,0.0,0.0,
SKD6.7X40X97,265.0,1000,SKD11040085,0.0,0.0,,0.0,0.0,,0.0,0.0,,0.0,0.0,,0.0,0.0,
5169-512AA36-M1,1.0,1,SKD7B3268,125.0,1000.0,SKD11032072,0.0,0.0,,0.0,0.0,,0.0,0.0,,0.0,0.0,
5169-514AB36-M1,1.0,1,SKD7B3250,92.0,1000.0,SKD11032072,0.0,0.0,,0.0,0.0,,0.0,0.0,,0.0,0.0,
MA-5521-505AA24,23.0,1000,SKD11012050,0.0,0.0,,0.0,0.0,,0.0,0.0,,0.0,0.0,,0.0,0.0,
SKD8B2137-CUT-ONLY,52.0,1000,SKD11021082,0.0,0.0,,0.0,0.0,,0.0,0.0,,0.0,0.0,,0.0,0.0,
NC-352B-505AC38-F1,1.0,1,SKD5Z1275,44.0,1000.0,SKD11012050,0.0,0.0,,0.0,0.0,,0.0,0.0,,0.0,0.0,
MA-5545-505AA30,18.0,1000,SKD11012050,0.0,0.0,,0.0,0.0,,0.0,0.0,,0.0,0.0,,0.0,0.0,
5165-614AA38-M1,1.0,1,SKD8E3026,55.0,1000.0,SKD11030085,0.0,0.0,,0.0,0.0,,0.0,0.0,,0.0,0.0,
SKD6.0X25X30,42.0,1000,SKD11025067,0.0,0.0,,0.0,0.0,,0.0,0.0,,0.0,0.0,,0.0,0.0,
478-521AB33-M1,1.0,1,SKD5E2235,35.0,1000.0,SKD11022055,0.0,0.0,,0.0,0.0,,0.0,0.0,,0.0,0.0,
SKD6.0X30X30,52.0,1000,SKD11030070,0.0,0.0,,0.0,0.0,,0.0,0.0,,0.0,0.0,,0.0,0.0,
SKD6.0X30X40,69.0,1000,SKD11030070,0.0,0.0,,0.0,0.0,,0.0,0.0,,0.0,0.0,,0.0,0.0,
SKD6.0X25X90,124.0,1000,SKD11025067,0.0,0.0,,0.0,0.0,,0.0,0.0,,0.0,0.0,,0.0,0.0,
SKD6.0X30X38,66.0,1000,SKD11030070,0.0,0.0,,0.0,0.0,,0.0,0.0,,0.0,0.0,,0.0,0.0,
SKD7.65X40X35,98.0,1000,SKD11040085,0.0,0.0,,0.0,0.0,,0.0,0.0,,0.0,0.0,,0.0,0.0,
478-521AB38-M1,1.0,1,SKD5E2235,35.0,1000.0,SKD11022055,0.0,0.0,,0.0,0.0,,0.0,0.0,,0.0,0.0,
5179-623AA34-M1,1.0,1,SKD5E3034,50.0,1000.0,SKD11030055,0.0,0.0,,0.0,0.0,,0.0,0.0,,0.0,0.0,
5165-613AA38-M1,1.0,1,SKD8E3027,57.0,1000.0,SKD11030085,0.0,0.0,,0.0,0.0,,0.0,0.0,,0.0,0.0,
SKD6G1576-CUT-ONLY,64.0,1000,SKD11015067,0.0,0.0,,0.0,0.0,,0.0,0.0,,0.0,0.0,,0.0,0.0,
5176-611AA38-M1,1.0,1,SKD6G2515,21.0,1000.0,SKD11025067,0.0,0.0,,0.0,0.0,,0.0,0.0,,0.0,0.0,
5176-612AA38-M1,1.0,1,SKD6G2218,24.0,1000.0,SKD11022067,0.0,0.0,,0.0,0.0,,0.0,0.0,,0.0,0.0,
MA-5517-622AA38,1.0,1,SKD6G1542,36.0,1000.0,SKD11015067,0.0,0.0,,0.0,0.0,,0.0,0.0,,0.0,0.0,
479-518HA38-M1,1.0,1,SKD6G2548,66.0,1000.0,SKD11025067,0.0,0.0,,0.0,0.0,,0.0,0.0,,0.0,0.0,
5165-613AA30-M1,1.0,1,SKD8E3027,57.0,1000.0,SKD11030085,0.0,0.0,,0.0,0.0,,0.0,0.0,,0.0,0.0,
SKD6.0X35X60,115.0,1000,SKD11035067,0.0,0.0,,0.0,0.0,,0.0,0.0,,0.0,0.0,,0.0,0.0,
SKD8E40250-CUT-ONLY,685.0,1000,SKD11040085,0.0,0.0,,0.0,0.0,,0.0,0.0,,0.0,0.0,,0.0,0.0,
5173-612AA30-M1,1.0,1,SKD6G2218,24.0,1000.0,SKD11022067,0.0,0.0,,0.0,0.0,,0.0,0.0,,0.0,0.0,
