No,完成部番,単位数分子,単位数分母,前工程
6,105-420BB48,1.0,1.0,SKD323270
5,00-1090AA30,55.0,1000.0,SUJ3038068
6,00-1090AA30,1.0,1.0,S6H3822
5,00-1090GA30,200.0,1000.0,SUJ3019019
6,00-1090GA30,1.0,1.0,S191960
5,00-1113D34,133.0,1000.0,SKD11032072
6,00-1113D34,1.0,1.0,SKD7B3270
5,2.4PS-MB1AA30,77.0,1000.0,SKD11035067
6,2.4PS-MB1AA30,1.0,1.0,SKD6G3540
5,2.4PS-MB1AA32,87.0,1000.0,SKD11035067
6,2.4PS-MB1AA32,1.0,1.0,SKD6G3545
5,2.4PS-MY3AA30,108.0,1000.0,SKD11040082
6,2.4PS-MY3AA30,1.0,1.0,SKD8B4040
5,2.4PS-MY4AA30,140.0,1000.0,SKD11050085
6,2.4PS-MY4AA30,1.0,1.0,SKD8E5040
4,2.4S-DB1,61.0,1000.0,SKD11030055
5,2.4S-DB1,1.0,1.0,SKD5E3045
6,2.4S-DB1,1.0,1.0,2.4S-MB1
4,2.4S-DY130,53.0,1000.0,SKD11025067
5,2.4S-DY130,1.0,1.0,SKD6G2538
6,2.4S-DY130,1.0,1.0,2.4S-MY130
4,2.4S-DY330,53.0,1000.0,SKD11025067
5,2.4S-DY330,1.0,1.0,SKD6G2538
6,2.4S-DY330,1.0,1.0,2.4S-MY130
4,224-512AA33-L,68.0,1000.0,SKD11035067
5,224-512AA33-L,1.0,1.0,SKD6G3535
6,224-512AA33-L,1.0,1.0,LPJNY-MY2AA33
3,224-513AA33-L,79.0,1000.0,SKD11027067
4,224-513AA33-L,1.0,1.0,SKD6G2753
5,224-513AA33-L,1.0,1.0,LPJNY-MY3AA33
6,224-513AA33-L,1.0,1.0,LPJNY-DY3AA33
3,224-514AA33-L,106.0,1000.0,SKD11035067
4,224-514AA33-L,1.0,1.0,SKD6G3555
5,224-514AA33-L,1.0,1.0,LPJNY-MY4AA33
6,224-514AA33-L,1.0,1.0,LPJNY-DY4AA33
4,2FAC-DB1,70.0,1000.0,SKD11030055
5,2FAC-DB1,1.0,1.0,SKD5E3050
6,2FAC-DB1,1.0,1.0,2FAC-MB1
4,2FAC-DB1A,79.0,1000.0,SKD11027067
5,2FAC-DB1A,1.0,1.0,SKD6G2753
6,2FAC-DB1A,1.0,1.0,2FAC-MB1A
4,2FAC-DB1D,70.0,1000.0,SKD11030055
5,2FAC-DB1D,1.0,1.0,SKD5E3050
6,2FAC-DB1D,1.0,1.0,2FAC-MB1D
4,2FAC-DY1AA32,87.0,1000.0,SKD11035067
5,2FAC-DY1AA32,1.0,1.0,SKD6G3545
6,2FAC-DY1AA32,1.0,1.0,2FAC-MY1AA32
4,2FAC-DY1AA38,87.0,1000.0,SKD11035067
5,2FAC-DY1AA38,1.0,1.0,SKD6G3545
6,2FAC-DY1AA38,1.0,1.0,2FAC-MY1AA38
4,2FAC-DY3AA32,86.0,1000.0,SKD11029082
5,2FAC-DY3AA32,1.0,1.0,SKD8B2944
6,2FAC-DY3AA32,1.0,1.0,2FAC-MY3AA32
5,2FAC-MY3B32,86.0,1000.0,SKD11029082
6,2FAC-MY3B32,1.0,1.0,SKD8B2944
4,2FA-DC1B,55.0,1000.0,SKD11025055
5,2FA-DC1B,1.0,1.0,SKD5E2548
6,2FA-DC1B,1.0,1.0,2FA-MC1B
4,2FA-DY1,59.0,1000.0,SKD11022067
5,2FA-DY1,1.0,1.0,SKD6G2248
6,2FA-DY1,1.0,1.0,2FA-MY1
4,2FA-DY3,63.0,1000.0,SKD11021082
5,2FA-DY3,1.0,1.0,SKD8B2144
6,2FA-DY3,1.0,1.0,2FA-MY3
5,2FA-MY138,63.0,1000.0,SKD11021082
6,2FA-MY138,1.0,1.0,SKD8B2144
5,2FA-MY338,63.0,1000.0,SKD11021082
6,2FA-MY338,1.0,1.0,SKD8B2144
4,2FB-DB1AA36,106.0,1000.0,SKD11035067
5,2FB-DB1AA36,1.0,1.0,SKD6G3555
6,2FB-DB1AA36,1.0,1.0,2FB-MB1AA36
4,2FB-DY1AA38,62.0,1000.0,SKD11025067
5,2FB-DY1AA38,1.0,1.0,SKD6G2545
6,2FB-DY1AA38,1.0,1.0,2FB-MY1AA38
4,2FB-DY3AA38,62.0,1000.0,SKD11025067
5,2FB-DY3AA38,1.0,1.0,SKD6G2545
6,2FB-DY3AA38,1.0,1.0,2FB-MY3AA38
5,2FB-MB1AA30,106.0,1000.0,SKD11035067
6,2FB-MB1AA30,1.0,1.0,SKD6G3555
4,2FC-DY1B32,87.0,1000.0,SKD11035067
5,2FC-DY1B32,1.0,1.0,SKD6G3545
6,2FC-DY1B32,1.0,1.0,2FC-MY1B32
4,2FC-DY2D30,86.0,1000.0,SKD11029082
5,2FC-DY2D30,1.0,1.0,SKD8B2944
6,2FC-DY2D30,1.0,1.0,2FC-MY2D30
4,2FC-DY3D30,86.0,1000.0,SKD11029082
5,2FC-DY3D30,1.0,1.0,SKD8B2944
6,2FC-DY3D30,1.0,1.0,2FC-MY3D30
5,2FC-MY4B32,78.0,1000.0,SKD11030070
6,2FC-MY4B32,1.0,1.0,SKD7Z3045
5,2FD-MY1AA32,59.0,1000.0,SKD11022067
6,2FD-MY1AA32,1.0,1.0,SKD6G2248
5,2FD-MY1AA38,59.0,1000.0,SKD11022067
6,2FD-MY1AA38,1.0,1.0,SKD6G2248
4,2JA-DB1AA30,56.0,1000.0,SKD11040065
5,2JA-DB1AA30,1.0,1.0,SKD6E4026
6,2JA-DB1AA30,1.0,1.0,2JA-MB1AA30
4,2JA-DB2AA30,29.0,1000.0,SKD11035067
5,2JA-DB2AA30,1.0,1.0,SKD6G3515
6,2JA-DB2AA30,1.0,1.0,2JA-MB2AA30
4,2JA-DB3AA30,64.0,1000.0,SKD11040065
5,2JA-DB3AA30,1.0,1.0,SKD6E4030
6,2JA-DB3AA30,1.0,1.0,2JA-MB3AA30
4,2JA-DB4AA30,51.0,1000.0,SKD11033065
5,2JA-DB4AA30,1.0,1.0,SKD6E3327
6,2JA-DB4AA30,1.0,1.0,2JA-MB4AA30
4,2JA-DB7AA30,87.0,1000.0,SKD11035067
5,2JA-DB7AA30,1.0,1.0,SKD6G3545
6,2JA-DB7AA30,1.0,1.0,2JA-MB7AA30
4,2JA-DB8AA30,77.0,1000.0,SKD11035067
5,2JA-DB8AA30,1.0,1.0,SKD6G3540
6,2JA-DB8AA30,1.0,1.0,2JA-MB8AA30
4,2JA-DY2AA30,45.0,1000.0,SKD11025067
5,2JA-DY2AA30,1.0,1.0,SKD6G2532
6,2JA-DY2AA30,1.0,1.0,2JA-MY2AA30
4,2JA-DY4AA30,62.0,1000.0,SKD11025067
5,2JA-DY4AA30,1.0,1.0,SKD6G2545
6,2JA-DY4AA30,1.0,1.0,2JA-MY4AA30
5,3.2-MY3AA36,45.0,1000.0,SKD11025067
6,3.2-MY3AA36,1.0,1.0,SKD6G2532
4,3.2S-DB1AA30,68.0,1000.0,SKD11035067
5,3.2S-DB1AA30,1.0,1.0,SKD6G3535
6,3.2S-DB1AA30,1.0,1.0,3.2S-MB1AA30
4,3.2S-DY1AA24,45.0,1000.0,SKD11025067
5,3.2S-DY1AA24,1.0,1.0,SKD6G2532
6,3.2S-DY1AA24,1.0,1.0,3.2S-MY1AA24
4,3.2S-DY1AA26,45.0,1000.0,SKD11025067
5,3.2S-DY1AA26,1.0,1.0,SKD6G2532
6,3.2S-DY1AA26,1.0,1.0,3.2S-MY1AA26
4,3.2S-DY1AA30,45.0,1000.0,SKD11025067
5,3.2S-DY1AA30,1.0,1.0,SKD6G2532
6,3.2S-DY1AA30,1.0,1.0,3.2S-MY1AA30
4,3.2S-DY1AA32,45.0,1000.0,SKD11025067
5,3.2S-DY1AA32,1.0,1.0,SKD6G2532
6,3.2S-DY1AA32,1.0,1.0,3.2S-MY1AA32
4,3.2S-DY1AA34,45.0,1000.0,SKD11025067
5,3.2S-DY1AA34,1.0,1.0,SKD6G2532
6,3.2S-DY1AA34,1.0,1.0,3.2S-MY1AA34
4,3.2S-DY1AA36,45.0,1000.0,SKD11025067
5,3.2S-DY1AA36,1.0,1.0,SKD6G2532
6,3.2S-DY1AA36,1.0,1.0,3.2S-MY1AA36
4,3.2S-DY3AA24,45.0,1000.0,SKD11025067
5,3.2S-DY3AA24,1.0,1.0,SKD6G2532
6,3.2S-DY3AA24,1.0,1.0,3.2S-MY1AA24
4,3.2S-DY3AA26,45.0,1000.0,SKD11025067
5,3.2S-DY3AA26,1.0,1.0,SKD6G2532
6,3.2S-DY3AA26,1.0,1.0,3.2S-MY1AA26
4,3.2S-DY3AA30,45.0,1000.0,SKD11025067
5,3.2S-DY3AA30,1.0,1.0,SKD6G2532
6,3.2S-DY3AA30,1.0,1.0,3.2S-MY3AA30
4,3.2S-DY3AA32,45.0,1000.0,SKD11025067
5,3.2S-DY3AA32,1.0,1.0,SKD6G2532
6,3.2S-DY3AA32,1.0,1.0,3.2S-MY1AA32
4,3.2S-DY3AA34,45.0,1000.0,SKD11025067
5,3.2S-DY3AA34,1.0,1.0,SKD6G2532
6,3.2S-DY3AA34,1.0,1.0,3.2S-MY1AA34
5,3.2SME-MY1AA30,59.0,1000.0,SKD11029082
6,3.2SME-MY1AA30,1.0,1.0,SKD8B2930
5,3.2SMERE-MY1AA30,59.0,1000.0,SKD11029082
6,3.2SMERE-MY1AA30,1.0,1.0,SKD8B2930
5,3.2SMERE-MY1AA34,59.0,1000.0,SKD11029082
6,3.2SMERE-MY1AA34,1.0,1.0,SKD8B2930
5,3.2SMERE-MY3AA34,42.0,1000.0,SKD11025067
6,3.2SMERE-MY3AA34,1.0,1.0,SKD6G2530
5,3.2SMERE-MY4AA34,42.0,1000.0,SKD11025067
6,3.2SMERE-MY4AA34,1.0,1.0,SKD6G2530
5,3.2SMERE-MY5AA34,59.0,1000.0,SKD11029082
6,3.2SMERE-MY5AA34,1.0,1.0,SKD8B2930
5,3.2S-MY1AB38,62.0,1000.0,SKD11035067
6,3.2S-MY1AB38,1.0,1.0,SKD6G3532
5,3.2S-MY3AA26,45.0,1000.0,SKD11025067
6,3.2S-MY3AA26,1.0,1.0,SKD6G2532
5,3.2S-MY3AA32,45.0,1000.0,SKD11025067
6,3.2S-MY3AA32,1.0,1.0,SKD6G2532
5,3.2S-MY3AA34,45.0,1000.0,SKD11025067
6,3.2S-MY3AA34,1.0,1.0,SKD6G2532
5,3.2S-MY3AA36,45.0,1000.0,SKD11025067
6,3.2S-MY3AA36,1.0,1.0,SKD6G2532
5,3.2S-MY3AA38,45.0,1000.0,SKD11025067
6,3.2S-MY3AA38,1.0,1.0,SKD6G2532
4,3.2SR-DY1AA34,42.0,1000.0,SKD11025067
5,3.2SR-DY1AA34,1.0,1.0,SKD6G2530
6,3.2SR-DY1AA34,1.0,1.0,3.2SR-MY1AA34
4,3.2SR-DY3AA34,42.0,1000.0,SKD11025067
5,3.2SR-DY3AA34,1.0,1.0,SKD6G2530
6,3.2SR-DY3AA34,1.0,1.0,3.2SR-MY1AA34
5,3.2SRE-MY1AA34,105.0,1000.0,SKD11050085
6,3.2SRE-MY1AA34,1.0,1.0,SKD8E5030
5,3.2SRE-MY1BA34,105.0,1000.0,SKD11050085
6,3.2SRE-MY1BA34,1.0,1.0,SKD8E5030
5,3.2SRE-MY4AA34,105.0,1000.0,SKD11050085
6,3.2SRE-MY4AA34,1.0,1.0,SKD8E5030
5,3.2SRE-MY4BA34,105.0,1000.0,SKD11050085
6,3.2SRE-MY4BA34,1.0,1.0,SKD8E5030
5,3.2SRE-MY5BA34,105.0,1000.0,SKD11050085
6,3.2SRE-MY5BA34,1.0,1.0,SKD8E5030
5,3.2SRE-MY6BA34,105.0,1000.0,SKD11050085
6,3.2SRE-MY6BA34,1.0,1.0,SKD8E5030
5,3.2SR-MB1AA34,77.0,1000.0,SKD11035067
6,3.2SR-MB1AA34,1.0,1.0,SKD6G3540
5,3.2SR-MB1BA34,77.0,1000.0,SKD11035067
6,3.2SR-MB1BA34,1.0,1.0,SKD6G3540
5,3.2SR-MY1AA30,42.0,1000.0,SKD11025067
6,3.2SR-MY1AA30,1.0,1.0,SKD6G2530
5,3.2SR-MY1AA36,42.0,1000.0,SKD11025067
6,3.2SR-MY1AA36,1.0,1.0,SKD6G2530
5,3.2SR-MY3AA30,42.0,1000.0,SKD11025067
6,3.2SR-MY3AA30,1.0,1.0,SKD6G2530
5,3.2SR-MY3AA34,42.0,1000.0,SKD11025067
6,3.2SR-MY3AA34,1.0,1.0,SKD6G2530
5,3.2SR-MY3AA36,42.0,1000.0,SKD11025067
6,3.2SR-MY3AA36,1.0,1.0,SKD6G2530
5,3101-511AA30-M1,98.0,1000.0,SKD11050085
6,3101-511AA30-M1,1.0,1.0,SKD8E5028
5,3101-513CA30-M1,98.0,1000.0,SKD11050085
6,3101-513CA30-M1,1.0,1.0,SKD8E5028
5,3101-611AA30-M1,52.0,1000.0,SKD11030070
6,3101-611AA30-M1,1.0,1.0,SKD7Z3030
5,3114-5211BB-M1,28.0,1000.0,SKD11025067
6,3114-5211BB-M1,1.0,1.0,SKD6G2520
5,3114-5212AB30-M1,35.0,1000.0,SKD11025067
6,3114-5212AB30-M1,1.0,1.0,SKD6G2525
6,3139-511AA303438-FRAISE,45.0,1000.0,SKD11025067
6,3139-513AA303438-FRAISE,45.0,1000.0,SKD11025067
5,3139-611AA30-M1-TEMP,95.0,1000.0,SKD11040085
6,3139-611AA30-M1-TEMP,1.0,1.0,SKD7.0X40X35
6,3139-611AA30-M1-TEMP-HKW,108.0,1000.0,SKD11040082
6,3153-512BA30-M1-TEMP-HKW,78.0,1000.0,SKD11047067
6,3154-611AB22-M1,1.0,1.0,SKD105029
6,3154-611AB22-M1-XDF,1.0,1.0,SKD105029
5,3225-512DA32-M1,57.0,1000.0,SKD11021082
6,3225-512DA32-M1,1.0,1.0,SKD8B2140
5,3225-514AA32-M1,85.0,1000.0,SKD11021082
6,3225-514AA32-M1,1.0,1.0,SKD8B2160
5,3236-512AB32-M1,36.0,1000.0,SKD11021082
6,3236-512AB32-M1,1.0,1.0,SKD8B2125
5,3236-514AA32-M1,57.0,1000.0,SKD11021082
6,3236-514AA32-M1,1.0,1.0,SKD8B2140
5,3236-515AA32-M1,57.0,1000.0,SKD11021082
6,3236-515AA32-M1,1.0,1.0,SKD8B2140
5,3237-514AA30-M1,108.0,1000.0,SKD11029082
6,3237-514AA30-M1,1.0,1.0,SKD8B2955
5,3238-511AA-M1,27.0,1000.0,SKD11027067
6,3238-511AA-M1,1.0,1.0,SKD6G2718
5,3238-514AB34-M1,84.0,1000.0,SKD11029082
6,3238-514AB34-M1,1.0,1.0,SKD8B2943
5,3239-514AA36-M1,108.0,1000.0,SKD11029082
6,3239-514AA36-M1,1.0,1.0,SKD8B2955
5,3239-514AB32-M1,108.0,1000.0,SKD11029082
6,3239-514AB32-M1,1.0,1.0,SKD8B2955
6,3240-512AA30-M1-XDF-TEMP,1.0,1.0,SKD11029082
5,3242-611AB30-M1,86.0,1000.0,SKD11040065
6,3242-611AB30-M1,1.0,1.0,SKD6E4040
5,3323-511AA26-M1,35.0,1000.0,SKD11025067
6,3323-511AA26-M1,1.0,1.0,SKD6G2525
5,3323-512AA26-M1,63.0,1000.0,SKD11032072
6,3323-512AA26-M1,1.0,1.0,SKD7B3228
5,3323-513AA26-M1,85.0,1000.0,SKD11032072
6,3323-513AA26-M1,1.0,1.0,SKD7B3245
5,3323-514AA26-M1,85.0,1000.0,SKD11032072
6,3323-514AA26-M1,1.0,1.0,SKD7B3245
5,3323-541AA26-M1,171.0,1000.0,SKD11027067
6,3323-541AA26-M1,1.0,1.0,SKD6G27115
5,3323-611AA26-M1,140.0,1000.0,SKD11047067
6,3323-611AA26-M1,1.0,1.0,SKD6G4754
5,3325-512AA30-M1,63.0,1000.0,SKD11032072
6,3325-512AA30-M1,1.0,1.0,SKD7B3228
5,3504-631AD26-M1,113.0,1000.0,SKD11025067
6,3504-631AD26-M1,1.0,1.0,SKD6G2582
5,3504-641AC26-M1,124.0,1000.0,SKD11025067
6,3504-641AC26-M1,1.0,1.0,SKD6G2590
5,352B-513AB33-M1,67.0,1000.0,SKD11027067
6,352B-513AB33-M1,1.0,1.0,SKD6G2745
5,352B-513AB33-M1-MITU,67.0,1000.0,SKD11027067
6,352B-513AB33-M1-MITU,1.0,1.0,SKD6G2745
5,352B-513AB33-M1-SPOT,67.0,1000.0,SKD11027067
6,352B-513AB33-M1-SPOT,1.0,1.0,SKD6G2745
5,352B-514AB33-M1-MITU,77.0,1000.0,SKD11035067
6,352B-514AB33-M1-MITU,1.0,1.0,SKD6G3540
5,352B-514AB33-M1-SPOT,77.0,1000.0,SKD11035067
6,352B-514AB33-M1-SPOT,1.0,1.0,SKD6G3540
5,352B-518AB33-M1,52.0,1000.0,SKD11035067
6,352B-518AB33-M1,1.0,1.0,SKD6G3527
5,3538-522AA34-M1,61.0,1000.0,SKD11030070
6,3538-522AA34-M1,1.0,1.0,SKD7Z3035
5,3538-523AA34-M1,61.0,1000.0,SKD11030070
6,3538-523AA34-M1,1.0,1.0,SKD7Z3035
5,3540-514AA34-M1,85.0,1000.0,SKD11032072
6,3540-514AA34-M1,1.0,1.0,SKD7B3245
5,3540-569AA34-M1,78.0,1000.0,SKD11035090
6,3540-569AA34-M1,1.0,1.0,SKD9Z3530
5,3540-569BA34-M1,78.0,1000.0,SKD11035090
6,3540-569BA34-M1,1.0,1.0,SKD9Z3530
5,3540-611AA34-M1,140.0,1000.0,SKD11040082
6,3540-611AA34-M1,1.0,1.0,SKD8B4052
5,3541-511BA30-M1,21.0,1000.0,SKD11025067
6,3541-511BA30-M1,1.0,1.0,SKD6G2515
5,3541-512AA34-M1,76.0,1000.0,SKD11032072
6,3541-512AA34-M1,1.0,1.0,SKD7B3240
5,3554-511AA30-M1,35.0,1000.0,SKD11027067
6,3554-511AA30-M1,1.0,1.0,SKD6G2723
5,3554-511AA30-M1-TEMP,35.0,1000.0,SKD11027067
6,3554-511AA30-M1-TEMP,1.0,1.0,SKD6G2723
5,3554-511AA34-M1,35.0,1000.0,SKD11027067
6,3554-511AA34-M1,1.0,1.0,SKD6G2723
5,3554-511AA34-M1-XDF,35.0,1000.0,SKD11027067
6,3554-511AA34-M1-XDF,1.0,1.0,SKD6G2723
6,3554-512AA-M1,1.0,1.0,SKD103214
6,3554-512CA-M1,1.0,1.0,SKD103214
5,3554-513AA-M1,22.0,1000.0,SKD11027067
6,3554-513AA-M1,1.0,1.0,SKD6G2715
5,3554-514AA30-M1,63.0,1000.0,SKD11032072
6,3554-514AA30-M1,1.0,1.0,SKD7B3228
5,3554-514AA34-M1,52.0,1000.0,SKD11030070
6,3554-514AA34-M1,1.0,1.0,SKD7Z3030
5,3554-514AA34-M1-XDF,52.0,1000.0,SKD11030070
6,3554-514AA34-M1-XDF,1.0,1.0,SKD7Z3030
5,3554-515AA30-M1,67.0,1000.0,SKD11032072
6,3554-515AA30-M1,1.0,1.0,SKD7B3235
5,3554-515AA34-M1,61.0,1000.0,SKD11030070
6,3554-515AA34-M1,1.0,1.0,SKD7Z3035
5,3554-515AA34-M1-XDF,61.0,1000.0,SKD11030070
6,3554-515AA34-M1-XDF,1.0,1.0,SKD7Z3035
5,3554-517AA30-M1,76.0,1000.0,SKD11032072
6,3554-517AA30-M1,1.0,1.0,SKD7B3240
5,3554-517AA34-M1,64.0,1000.0,SKD11030070
6,3554-517AA34-M1,1.0,1.0,SKD7Z3037
5,3554-517AA34-M1-XDF,64.0,1000.0,SKD11030070
6,3554-517AA34-M1-XDF,1.0,1.0,SKD7Z3037
5,3554-518AA30-M1,76.0,1000.0,SKD11032072
6,3554-518AA30-M1,1.0,1.0,SKD7B3240
5,3554-518AA34-M1,64.0,1000.0,SKD11030070
6,3554-518AA34-M1,1.0,1.0,SKD7Z3037
5,3554-518AA34-M1-XDF,64.0,1000.0,SKD11030070
6,3554-518AA34-M1-XDF,1.0,1.0,SKD7Z3037
5,3554-519AA30-M1,76.0,1000.0,SKD11032072
6,3554-519AA30-M1,1.0,1.0,SKD7B3240
5,3554-519AA34-M1,64.0,1000.0,SKD11030070
6,3554-519AA34-M1,1.0,1.0,SKD7Z3037
5,3554-519AA34-M1-XDF,64.0,1000.0,SKD11030070
6,3554-519AA34-M1-XDF,1.0,1.0,SKD7Z3037
5,3554-520AA30-M1,76.0,1000.0,SKD11032072
6,3554-520AA30-M1,1.0,1.0,SKD7B3240
5,3554-520AA34-M1,76.0,1000.0,SKD11032072
6,3554-520AA34-M1,1.0,1.0,SKD7B3240
5,3554-520AA34-M1-XDF,76.0,1000.0,SKD11032072
6,3554-520AA34-M1-XDF,1.0,1.0,SKD7B3240
5,3554-521AA30-M1,76.0,1000.0,SKD11032072
6,3554-521AA30-M1,1.0,1.0,SKD7B3240
5,3554-521AA34-M1,76.0,1000.0,SKD11032072
6,3554-521AA34-M1,1.0,1.0,SKD7B3240
5,3554-521AA34-M1-XDF,76.0,1000.0,SKD11032072
6,3554-521AA34-M1-XDF,1.0,1.0,SKD7B3240
5,3554-522AA30-M1,76.0,1000.0,SKD11032072
6,3554-522AA30-M1,1.0,1.0,SKD7B3240
5,3554-522AA34-M1,76.0,1000.0,SKD11032072
6,3554-522AA34-M1,1.0,1.0,SKD7B3240
5,3554-522AA34-M1-XDF,76.0,1000.0,SKD11032072
6,3554-522AA34-M1-XDF,1.0,1.0,SKD7B3240
5,3554-523AA30-M1,76.0,1000.0,SKD11032072
6,3554-523AA30-M1,1.0,1.0,SKD7B3240
5,3554-524AA30-M1,76.0,1000.0,SKD11032072
6,3554-524AA30-M1,1.0,1.0,SKD7B3240
5,3554-525AA30-M1,76.0,1000.0,SKD11032072
6,3554-525AA30-M1,1.0,1.0,SKD7B3240
5,3554-591AA30-M1,76.0,1000.0,SKD11032072
6,3554-591AA30-M1,1.0,1.0,SKD7B3240
5,3554-592AA30-M1,140.0,1000.0,SKD11040082
6,3554-592AA30-M1,1.0,1.0,SKD8B4052
5,3554-593AA30-M1,76.0,1000.0,SKD11032072
6,3554-593AA30-M1,1.0,1.0,SKD7B3240
6,3554-611AA30-M1,1.0,1.0,SKD105044
6,3554-612AA30-M1,1.0,1.0,SKD105020
6,3554-613AA30-M1,1.0,1.0,SKD105016
6,3554-614AA30-M1,1.0,1.0,SKD105038
6,3554-614BA30-M1,1.0,1.0,SKD105038
6,3554-615AA30-M1,1.0,1.0,SKD105025
6,3554-615AA34-M1,1.0,1.0,SKD105022
6,3554-616AA30-M1,1.0,1.0,SKD105046
5,3649-512AB34-M1,69.0,1000.0,SKD11030070
6,3649-512AB34-M1,1.0,1.0,SKD7Z3040
5,3650-505AA34-M1,30.0,1000.0,SKD11012050
6,3650-505AA34-M1,1.0,1.0,SKD5Z1258
5,3650-512AA34-M1,76.0,1000.0,SKD11032072
6,3650-512AA34-M1,1.0,1.0,SKD7B3240
5,3650-512AB30-M1,76.0,1000.0,SKD11032072
6,3650-512AB30-M1,1.0,1.0,SKD7B3240
5,3650-512AB34-M1,76.0,1000.0,SKD11032072
6,3650-512AB34-M1,1.0,1.0,SKD7B3240
5,3650-513AA34-M1,101.0,1000.0,SKD11032072
6,3650-513AA34-M1,1.0,1.0,SKD7B3254
5,3650-513AB26-M1,101.0,1000.0,SKD11032072
6,3650-513AB26-M1,1.0,1.0,SKD7B3254
5,3650-513AB30-M1,114.0,1000.0,SKD11032072
6,3650-513AB30-M1,1.0,1.0,SKD7B3260
5,3650-514AA34-M1,101.0,1000.0,SKD11032072
6,3650-514AA34-M1,1.0,1.0,SKD7B3254
5,3650-514AB26-M1,101.0,1000.0,SKD11032072
6,3650-514AB26-M1,1.0,1.0,SKD7B3254
5,3650-514AB30-M1,101.0,1000.0,SKD11032072
6,3650-514AB30-M1,1.0,1.0,SKD7B3254
5,3651-512AA34-M1,95.0,1000.0,SKD11032072
6,3651-512AA34-M1,1.0,1.0,SKD7B3250
5,3651-512AB30-M1,95.0,1000.0,SKD11032072
6,3651-512AB30-M1,1.0,1.0,SKD7B3250
5,3652-569AB30-M1,78.0,1000.0,SKD11035090
6,3652-569AB30-M1,1.0,1.0,SKD9Z3530
5,3652-569BA30-M1,78.0,1000.0,SKD11035090
6,3652-569BA30-M1,1.0,1.0,SKD9Z3530
5,3653-512AB34-M1,78.0,1000.0,SKD11030070
6,3653-512AB34-M1,1.0,1.0,SKD7Z3045
5,3656-511AA30-M1,52.0,1000.0,SKD11035067
6,3656-511AA30-M1,1.0,1.0,SKD6G3527
5,3656-512AA30-M1,67.0,1000.0,SKD11032072
6,3656-512AA30-M1,1.0,1.0,SKD7B3235
5,3656-513AA30-M1,130.0,1000.0,SKD11040082
6,3656-513AA30-M1,1.0,1.0,SKD8B4048
5,3656-516AA30-M1,158.0,1000.0,SKD11040082
6,3656-516AA30-M1,1.0,1.0,SKD8B4058
5,3656-517AA30-M1,140.0,1000.0,SKD11040082
6,3656-517AA30-M1,1.0,1.0,SKD8B4052
5,3656-518AA30-M1,158.0,1000.0,SKD11040082
6,3656-518AA30-M1,1.0,1.0,SKD8B4058
5,3656-519AA30-M1,130.0,1000.0,SKD11040082
6,3656-519AA30-M1,1.0,1.0,SKD8B4048
5,3656-522AA30-M1,158.0,1000.0,SKD11040082
6,3656-522AA30-M1,1.0,1.0,SKD8B4058
5,3656-524AA30-M1,158.0,1000.0,SKD11040082
6,3656-524AA30-M1,1.0,1.0,SKD8B4058
5,3656-525AA30-M1,140.0,1000.0,SKD11040082
6,3656-525AA30-M1,1.0,1.0,SKD8B4052
5,3656-566AA30-M1,80.0,1000.0,SKD11030085
6,3656-566AA30-M1,1.0,1.0,SKD8E3038
5,3656-566CA30-M1,80.0,1000.0,SKD11030085
6,3656-566CA30-M1,1.0,1.0,SKD8E3038
5,3656-569AA30-M1,104.0,1000.0,SKD11035090
6,3656-569AA30-M1,1.0,1.0,SKD9Z3540
5,3656-569AA30-M1-TEMP,104.0,1000.0,SKD11035090
6,3656-569AA30-M1-TEMP,1.0,1.0,SKD9Z3540
5,3656-570AA30-M1,80.0,1000.0,SKD11030085
6,3656-570AA30-M1,1.0,1.0,SKD8E3038
5,3656-570AA30-M1-TEMP,80.0,1000.0,SKD11030085
6,3656-570AA30-M1-TEMP,1.0,1.0,SKD8E3038
5,3656-570BA30-M1,50.0,1000.0,SKD11021082
6,3656-570BA30-M1,1.0,1.0,SKD8B2135
5,3656-591AA30-M1,140.0,1000.0,SKD11040082
6,3656-591AA30-M1,1.0,1.0,SKD8B4052
5,3656-592AA30-M1,140.0,1000.0,SKD11040082
6,3656-592AA30-M1,1.0,1.0,SKD8B4052
5,3656-593AA30-M1,140.0,1000.0,SKD11040082
6,3656-593AA30-M1,1.0,1.0,SKD8B4052
5,3656-611AA30-M1,194.0,1000.0,SKD11047067
6,3656-611AA30-M1,1.0,1.0,SKD6G4775
5,3656-612AA30-M1,150.0,1000.0,SKD11047067
6,3656-612AA30-M1,1.0,1.0,SKD6G4758
5,3707-MB1AA44,79.0,1000.0,SKD11035055
6,3707-MB1AA44,1.0,1.0,SKD5E3550
5,3707-MB2AA44,79.0,1000.0,SKD11035055
6,3707-MB2AA44,1.0,1.0,SKD5E3550
5,3707-MW1AA44,66.0,1000.0,SKD11030070
6,3707-MW1AA44,1.0,1.0,SKD7Z3038
5,3707-MW2AA44,95.0,1000.0,SKD11032072
6,3707-MW2AA44,1.0,1.0,SKD7B3250
5,3707-MW3AA44,59.0,1000.0,SKD11030070
6,3707-MW3AA44,1.0,1.0,SKD7Z3034
5,3707-MX1AA44,64.0,1000.0,SKD11030070
6,3707-MX1AA44,1.0,1.0,SKD7Z3037
5,3707-MX2AA44,89.0,1000.0,SKD11030072
6,3707-MX2AA44,1.0,1.0,SKD7B3050
5,3707-MX3AA44,59.0,1000.0,SKD11030070
6,3707-MX3AA44,1.0,1.0,SKD7Z3034
5,3707-MY1AA44,87.0,1000.0,SKD11035065
6,3707-MY1AA44,1.0,1.0,SKD6E3540
5,3707-MY2AA34,59.0,1000.0,SKD11030070
6,3707-MY2AA34,1.0,1.0,SKD7Z3034
5,3707-MY2AA44,95.0,1000.0,SKD11032072
6,3707-MY2AA44,1.0,1.0,SKD7B3250
5,3707-MY3AA44,83.0,1000.0,SKD11035065
6,3707-MY3AA44,1.0,1.0,SKD6E3536
5,3906-512AA20-M1,95.0,1000.0,SKD11032072
6,3906-512AA20-M1,1.0,1.0,SKD7B3250
5,3922-511AA26-M1,67.0,1000.0,SKD11032072
6,3922-511AA26-M1,1.0,1.0,SKD7B3235
5,3922-511AA36-M1,57.0,1000.0,SKD11035055
6,3922-511AA36-M1,1.0,1.0,SKD5E3536
4,3FA-DC1B,35.0,1000.0,SKD11022055
5,3FA-DC1B,1.0,1.0,SKD5E2235
6,3FA-DC1B,1.0,1.0,3FA-MC1B
4,3FA-DX7AA30,42.0,1000.0,SKD11025067
5,3FA-DX7AA30,1.0,1.0,SKD6G2530
6,3FA-DX7AA30,1.0,1.0,3FA-MY1
4,3FA-DY1,42.0,1000.0,SKD11025067
5,3FA-DY1,1.0,1.0,SKD6G2530
6,3FA-DY1,1.0,1.0,3FA-MY1
4,3FA-DY113,45.0,1000.0,SKD11025067
5,3FA-DY113,1.0,1.0,SKD6G2532
6,3FA-DY113,1.0,1.0,3FA-MY113
4,3FA-DY115,45.0,1000.0,SKD11025067
5,3FA-DY115,1.0,1.0,SKD6G2532
6,3FA-DY115,1.0,1.0,3FA-MY115
4,3FA-DY117,45.0,1000.0,SKD11025067
5,3FA-DY117,1.0,1.0,SKD6G2532
6,3FA-DY117,1.0,1.0,3FA-MY117
4,3FA-DY122,36.0,1000.0,SKD11022067
5,3FA-DY122,1.0,1.0,SKD6G2230
6,3FA-DY122,1.0,1.0,3FA-MY122
4,3FA-DY138,36.0,1000.0,SKD11022067
5,3FA-DY138,1.0,1.0,SKD6G2230
6,3FA-DY138,1.0,1.0,3FA-MY138
4,3FA-DY142,36.0,1000.0,SKD11022067
5,3FA-DY142,1.0,1.0,SKD6G2230
6,3FA-DY142,1.0,1.0,3FA-MY142
4,3FA-DY3,43.0,1000.0,SKD11021082
5,3FA-DY3,1.0,1.0,SKD8B2130
6,3FA-DY3,1.0,1.0,3FA-MY3
4,3FA-DY315,43.0,1000.0,SKD11021082
5,3FA-DY315,1.0,1.0,SKD8B2130
6,3FA-DY315,1.0,1.0,3FA-MY315
4,3FA-DY317,50.0,1000.0,SKD11021082
5,3FA-DY317,1.0,1.0,SKD8B2135
6,3FA-DY317,1.0,1.0,3FA-MY317
4,3FA-DY322,43.0,1000.0,SKD11021082
5,3FA-DY322,1.0,1.0,SKD8B2130
6,3FA-DY322,1.0,1.0,3FA-MY322
4,3FA-DY342,43.0,1000.0,SKD11021082
5,3FA-DY342,1.0,1.0,SKD8B2130
6,3FA-DY342,1.0,1.0,3FA-MY342
4,3FA-DY9,63.0,1000.0,SKD11021082
5,3FA-DY9,1.0,1.0,SKD8B2144
6,3FA-DY9,1.0,1.0,3FA-MY9
4,3FA-DY942,80.0,1000.0,SUJ3032085
5,3FA-DY942,1.0,1.0,S8E3245
6,3FA-DY942,1.0,1.0,3FA-MY942
5,3FA-MB1S2,40.0,1000.0,SKD11022050
6,3FA-MB1S2,1.0,1.0,SKD5Z2235
5,3FA-MX7AA30,36.0,1000.0,SKD11022067
6,3FA-MX7AA30,1.0,1.0,SKD6G2230
5,3FA-MY338,43.0,1000.0,SKD11021082
6,3FA-MY338,1.0,1.0,SKD8B2130
4,3FAR-DB130,45.0,1000.0,SKD11025067
5,3FAR-DB130,1.0,1.0,SKD6G2532
6,3FAR-DB130,1.0,1.0,3FAR-MB130
4,3FAR-DB3,59.0,1000.0,SKD11022067
5,3FAR-DB3,1.0,1.0,SKD6G2248
6,3FAR-DB3,1.0,1.0,3FAR-MB3
4,3FAR-DY130,36.0,1000.0,SKD11022067
5,3FAR-DY130,1.0,1.0,SKD6G2230
6,3FAR-DY130,1.0,1.0,3FAR-MY130
4,3FAR-DY330,43.0,1000.0,SKD11021082
5,3FAR-DY330,1.0,1.0,SKD8B2130
6,3FAR-DY330,1.0,1.0,3FAR-MY330
4,3FAR-DY5,63.0,1000.0,SKD11021082
5,3FAR-DY5,1.0,1.0,SKD8B2144
6,3FAR-DY5,1.0,1.0,3FAR-MY5
4,3FWS-DI130,143.0,1000.0,SKD11050067
5,3FWS-DI130,1.0,1.0,SKD6G5052
6,3FWS-DI130,1.0,1.0,3FWS-MI130
6,3FWS-DI134,1.0,1.0,SKD105055
3,3FWS-DI226,95.0,1000.0,SKD11030070
4,3FWS-DI226,1.0,1.0,SKD7Z3055
5,3FWS-DI226,1.0,1.0,3FWS-MI2
6,3FWS-DI226,1.0,1.0,3FWS-DI2
3,3FWS-DI230,95.0,1000.0,SKD11030070
4,3FWS-DI230,1.0,1.0,SKD7Z3055
5,3FWS-DI230,1.0,1.0,3FWS-MI2
6,3FWS-DI230,1.0,1.0,3FWS-DI2
3,3FWS-DI234,95.0,1000.0,SKD11030070
4,3FWS-DI234,1.0,1.0,SKD7Z3055
5,3FWS-DI234,1.0,1.0,3FWS-MI2
6,3FWS-DI234,1.0,1.0,3FWS-DI2
4,3FWS-DI330,140.0,1000.0,SKD11047067
5,3FWS-DI330,1.0,1.0,SKD6G4754
6,3FWS-DI330,1.0,1.0,3FWS-MI330
5,3FWS-DI334,140.0,1000.0,SKD11047067
6,3FWS-DI334,1.0,1.0,SKD6G4754
6,3FWS-DI4B26,1.0,1.0,SKD107585
4,3FWS-DI4B30,392.0,1000.0,SKD11075067
5,3FWS-DI4B30,1.0,1.0,SKD6G7595
6,3FWS-DI4B30,1.0,1.0,3FWS-MI4B30
6,3FWS-DI4B34,1.0,1.0,SKD107585
4,3FWS-DI5B30,404.0,1000.0,SKD11075067
5,3FWS-DI5B30,1.0,1.0,SKD6G7598
6,3FWS-DI5B30,1.0,1.0,3FWS-MI5B30
6,3FWS-DI6B26,1.0,1.0,SKD107585
4,3FWS-DI6B30,392.0,1000.0,SKD11075067
5,3FWS-DI6B30,1.0,1.0,SKD6G7595
6,3FWS-DI6B30,1.0,1.0,3FWS-MI6B30
6,3FWS-DI6B34,1.0,1.0,SKD107585
5,3FWS-DJ126,140.0,1000.0,SKD11047067
6,3FWS-DJ126,1.0,1.0,SKD6G4754
4,3FWS-DJ130,155.0,1000.0,SKD11047067
5,3FWS-DJ130,1.0,1.0,SKD6G4760
6,3FWS-DJ130,1.0,1.0,3FWS-MJ130
5,3FWS-DJ134,131.0,1000.0,SKD11040065
6,3FWS-DJ134,1.0,1.0,SKD6E4061
5,3FWS-DJ1B26,140.0,1000.0,SKD11047067
6,3FWS-DJ1B26,1.0,1.0,SKD6G4754
5,3FWS-DJ234,131.0,1000.0,SKD11040065
6,3FWS-DJ234,1.0,1.0,SKD6E4061
5,3FWS-DJ334,104.0,1000.0,SKD11047067
6,3FWS-DJ334,1.0,1.0,SKD6G4740
4,3FWS-DX1B30,27.0,1000.0,SKD11022067
5,3FWS-DX1B30,1.0,1.0,SKD6G2222
6,3FWS-DX1B30,1.0,1.0,3FWS-MX1B30
4,3FWS-DY130,26.0,1000.0,SKD11022067
5,3FWS-DY130,1.0,1.0,SKD6G2220
6,3FWS-DY130,1.0,1.0,3FWS-MY130
4,3FWS-DY134,26.0,1000.0,SKD11022067
5,3FWS-DY134,1.0,1.0,SKD6G2220
6,3FWS-DY134,1.0,1.0,3FWS-MY130
4,3FWS-DY230,78.0,1000.0,SKD11029082
5,3FWS-DY230,1.0,1.0,SKD8B2940
6,3FWS-DY230,1.0,1.0,3FWS-MY230
4,3FWS-DY234,75.0,1000.0,SUJ3040085
5,3FWS-DY234,1.0,1.0,S8E4022
6,3FWS-DY234,1.0,1.0,3FWS-MY234
5,3FWS-MI126,143.0,1000.0,SKD11050067
6,3FWS-MI126,1.0,1.0,SKD6G5052
5,3FWS-MI134,143.0,1000.0,SKD11050067
6,3FWS-MI134,1.0,1.0,SKD6G5052
5,3FWS-MI334,140.0,1000.0,SKD11047067
6,3FWS-MI334,1.0,1.0,SKD6G4754
5,3FWS-MI4DA30,314.0,1000.0,SKD11075067
6,3FWS-MI4DA30,1.0,1.0,SKD6G7576
5,3FWS-MI4DA34,314.0,1000.0,SKD11075067
6,3FWS-MI4DA34,1.0,1.0,SKD6G7576
5,3FWS-MI5B26,404.0,1000.0,SKD11075067
6,3FWS-MI5B26,1.0,1.0,SKD6G7598
5,3FWS-MI5DA30,404.0,1000.0,SKD11075067
6,3FWS-MI5DA30,1.0,1.0,SKD6G7598
5,3FWS-MI5DA34,404.0,1000.0,SKD11075067
6,3FWS-MI5DA34,1.0,1.0,SKD6G7598
5,3FWS-MI6DA30,314.0,1000.0,SKD11075067
6,3FWS-MI6DA30,1.0,1.0,SKD6G7576
5,3FWS-MI6DA34,322.0,1000.0,SKD11075067
6,3FWS-MI6DA34,1.0,1.0,SKD6G7578
5,3FWS-MJ126,140.0,1000.0,SKD11047067
6,3FWS-MJ126,1.0,1.0,SKD6G4754
5,3FWS-MJ134,140.0,1000.0,SKD11047067
6,3FWS-MJ134,1.0,1.0,SKD6G4754
5,3FWS-MX330,57.0,1000.0,SKD11021082
6,3FWS-MX330,1.0,1.0,SKD8B2140
5,3FWY-MB1AA30,86.0,1000.0,SKD11040065
6,3FWY-MB1AA30,1.0,1.0,SKD6E4040
5,3FWY-MB2AA30,140.0,1000.0,SKD11047067
6,3FWY-MB2AA30,1.0,1.0,SKD6G4754
5,3FWY-MI134,143.0,1000.0,SKD11050067
6,3FWY-MI134,1.0,1.0,SKD6G5052
5,3FWY-MY1AA30,42.0,1000.0,SKD11025067
6,3FWY-MY1AA30,1.0,1.0,SKD6G2530
5,3FWY-MY1AA34,42.0,1000.0,SKD11025067
6,3FWY-MY1AA34,1.0,1.0,SKD6G2530
5,3FWY-MY2AA30,50.0,1000.0,SKD11021082
6,3FWY-MY2AA30,1.0,1.0,SKD8B2135
5,3FWY-MY2AA34,50.0,1000.0,SKD11021082
6,3FWY-MY2AA34,1.0,1.0,SKD8B2135
4,3FY-DB1,50.0,1000.0,SUJ3030056
5,3FY-DB1,1.0,1.0,S5F3035
6,3FY-DB1,1.0,1.0,3FY-MB1
4,3FYN-DB1AA30,86.0,1000.0,SKD11040065
5,3FYN-DB1AA30,1.0,1.0,SKD6E4040
6,3FYN-DB1AA30,1.0,1.0,3FYN-MB1AA30
5,3NRE-MY1AA30,56.0,1000.0,SKD11030070
6,3NRE-MY1AA30,1.0,1.0,SKD7Z3032
4,3S-DB1A,43.0,1000.0,SKD11022067
5,3S-DB1A,1.0,1.0,SKD6G2235
6,3S-DB1A,1.0,1.0,3S-MB1A
4,3S-DB1D,43.0,1000.0,SKD11022067
5,3S-DB1D,1.0,1.0,SKD6G2235
6,3S-DB1D,1.0,1.0,3S-MB1D
4,3S-DD2A,95.0,1000.0,SKD11030070
5,3S-DD2A,1.0,1.0,SKD7Z3055
6,3S-DD2A,1.0,1.0,3S-MD2A
4,3S-DD2F,106.0,1000.0,SKD11035067
5,3S-DD2F,1.0,1.0,SKD6G3555
6,3S-DD2F,1.0,1.0,3S-MD2F
4,3S-DE1A,87.0,1000.0,SKD11035065
5,3S-DE1A,1.0,1.0,SKD6E3538
6,3S-DE1A,1.0,1.0,3S-ME1A
4,3S-DE1D,64.0,1000.0,SKD11030070
5,3S-DE1D,1.0,1.0,SKD7Z3037
6,3S-DE1D,1.0,1.0,3S-ME1D
3,3S-DE1G,68.0,1000.0,SKD11035067
4,3S-DE1G,1.0,1.0,SKD6G3535
5,3S-DE1G,1.0,1.0,3S-ME1F
6,3S-DE1G,1.0,1.0,3S-DE1F
5,3SD-MY3AA30,63.0,1000.0,SKD11029082
6,3SD-MY3AA30,1.0,1.0,SKD8B2932
5,3SD-MY3AA38,63.0,1000.0,SKD11029082
6,3SD-MY3AA38,1.0,1.0,SKD8B2932
5,3SD-MY6AA34,62.0,1000.0,SKD11025067
6,3SD-MY6AA34,1.0,1.0,SKD6G2545
5,3S-DW6AA48,62.0,1000.0,SKD11025067
6,3S-DW6AA48,1.0,1.0,SKD6G2545
4,3S-DW6AA60,62.0,1000.0,SKD11025067
5,3S-DW6AA60,1.0,1.0,SKD6G2545
6,3S-DW6AA60,1.0,1.0,3S-MY460
4,3S-DY111,45.0,1000.0,SKD11025067
5,3S-DY111,1.0,1.0,SKD6G2532
6,3S-DY111,1.0,1.0,3S-MY111
4,3S-DY113,45.0,1000.0,SKD11025067
5,3S-DY113,1.0,1.0,SKD6G2532
6,3S-DY113,1.0,1.0,3S-MY113
4,3S-DY115,45.0,1000.0,SKD11025067
5,3S-DY115,1.0,1.0,SKD6G2532
6,3S-DY115,1.0,1.0,3S-MY115
4,3S-DY117,45.0,1000.0,SKD11025067
5,3S-DY117,1.0,1.0,SKD6G2532
6,3S-DY117,1.0,1.0,3S-MY117
4,3S-DY119,45.0,1000.0,SKD11025067
5,3S-DY119,1.0,1.0,SKD6G2532
6,3S-DY119,1.0,1.0,3S-MY119
4,3S-DY121,45.0,1000.0,SKD11025067
5,3S-DY121,1.0,1.0,SKD6G2532
6,3S-DY121,1.0,1.0,3S-MY121
4,3S-DY122,45.0,1000.0,SKD11025067
5,3S-DY122,1.0,1.0,SKD6G2532
6,3S-DY122,1.0,1.0,3S-MY122
4,3S-DY125,45.0,1000.0,SKD11025067
5,3S-DY125,1.0,1.0,SKD6G2532
6,3S-DY125,1.0,1.0,3S-MY125
4,3S-DY138,45.0,1000.0,SKD11025067
5,3S-DY138,1.0,1.0,SKD6G2532
6,3S-DY138,1.0,1.0,3S-MY138
4,3S-DY148,45.0,1000.0,SKD11025067
5,3S-DY148,1.0,1.0,SKD6G2532
6,3S-DY148,1.0,1.0,3S-MY148
4,3S-DY160,45.0,1000.0,SKD11025067
5,3S-DY160,1.0,1.0,SKD6G2532
6,3S-DY160,1.0,1.0,3S-MY160
4,3S-DY311,45.0,1000.0,SKD11025067
5,3S-DY311,1.0,1.0,SKD6G2532
6,3S-DY311,1.0,1.0,3S-MY111
4,3S-DY313,45.0,1000.0,SKD11025067
5,3S-DY313,1.0,1.0,SKD6G2532
6,3S-DY313,1.0,1.0,3S-MY113
4,3S-DY315,45.0,1000.0,SKD11025067
5,3S-DY315,1.0,1.0,SKD6G2532
6,3S-DY315,1.0,1.0,3S-MY115
4,3S-DY317,45.0,1000.0,SKD11025067
5,3S-DY317,1.0,1.0,SKD6G2532
6,3S-DY317,1.0,1.0,3S-MY117
4,3S-DY319,45.0,1000.0,SKD11025067
5,3S-DY319,1.0,1.0,SKD6G2532
6,3S-DY319,1.0,1.0,3S-MY119
4,3S-DY321,45.0,1000.0,SKD11025067
5,3S-DY321,1.0,1.0,SKD6G2532
6,3S-DY321,1.0,1.0,3S-MY121
4,3S-DY322,45.0,1000.0,SKD11025067
5,3S-DY322,1.0,1.0,SKD6G2532
6,3S-DY322,1.0,1.0,3S-MY122
4,3S-DY325,45.0,1000.0,SKD11025067
5,3S-DY325,1.0,1.0,SKD6G2532
6,3S-DY325,1.0,1.0,3S-MY125
4,3S-DY338,45.0,1000.0,SKD11025067
5,3S-DY338,1.0,1.0,SKD6G2532
6,3S-DY338,1.0,1.0,3S-MY138
4,3S-DY348,45.0,1000.0,SKD11025067
5,3S-DY348,1.0,1.0,SKD6G2532
6,3S-DY348,1.0,1.0,3S-MY148
4,3S-DY360,45.0,1000.0,SKD11025067
5,3S-DY360,1.0,1.0,SKD6G2532
6,3S-DY360,1.0,1.0,3S-MY160
4,3S-DY438,62.0,1000.0,SKD11025067
5,3S-DY438,1.0,1.0,SKD6G2545
6,3S-DY438,1.0,1.0,3S-MY5
4,3S-DY460,62.0,1000.0,SKD11025067
5,3S-DY460,1.0,1.0,SKD6G2545
6,3S-DY460,1.0,1.0,3S-MY460
4,3S-DY5,62.0,1000.0,SKD11025067
5,3S-DY5,1.0,1.0,SKD6G2545
6,3S-DY5,1.0,1.0,3S-MY5
4,3S-DY548,62.0,1000.0,SKD11025067
5,3S-DY548,1.0,1.0,SKD6G2545
6,3S-DY548,1.0,1.0,3S-MY548
5,3S-MB2,61.0,1000.0,SKD11022067
6,3S-MB2,1.0,1.0,SKD6G2250
5,3S-MQ1AA30,42.0,1000.0,SKD11025067
6,3S-MQ1AA30,1.0,1.0,SKD6G2530
5,3S-MQ3AA30,42.0,1000.0,SKD11025067
6,3S-MQ3AA30,1.0,1.0,SKD6G2530
5,3S-MR1AA30,42.0,1000.0,SKD11025067
6,3S-MR1AA30,1.0,1.0,SKD6G2530
5,3S-MR1AA38,42.0,1000.0,SKD11025067
6,3S-MR1AA38,1.0,1.0,SKD6G2530
5,3S-MR3AA30,42.0,1000.0,SKD11025067
6,3S-MR3AA30,1.0,1.0,SKD6G2530
5,3S-MR3AA38,42.0,1000.0,SKD11025067
6,3S-MR3AA38,1.0,1.0,SKD6G2530
5,3S-MX1AA30,121.0,1000.0,SKD11050085
6,3S-MX1AA30,1.0,1.0,SKD8E5035
5,3S-MX1BB30,121.0,1000.0,SKD11050085
6,3S-MX1BB30,1.0,1.0,SKD8E5035
5,3S-MY1AA30,121.0,1000.0,SKD11050085
6,3S-MY1AA30,1.0,1.0,SKD8E5035
5,3S-MY1BA30,121.0,1000.0,SKD11050085
6,3S-MY1BA30,1.0,1.0,SKD8E5035
5,3S-MY1BB30,121.0,1000.0,SKD11050085
6,3S-MY1BB30,1.0,1.0,SKD8E5035
5,3S-MY3BB30,121.0,1000.0,SKD11050085
6,3S-MY3BB30,1.0,1.0,SKD8E5035
5,3S-MY7BB30,121.0,1000.0,SKD11050085
6,3S-MY7BB30,1.0,1.0,SKD8E5035
4,3SRE-DE1A,86.0,1000.0,SKD11040065
5,3SRE-DE1A,1.0,1.0,SKD6E4040
6,3SRE-DE1A,1.0,1.0,3SRE-ME1A
4,3SRE-DW3AA30,45.0,1000.0,SKD11025067
5,3SRE-DW3AA30,1.0,1.0,SKD6G2532
6,3SRE-DW3AA30,1.0,1.0,3SRE-MW2AA30
5,3SRE-MD2A,93.0,1000.0,SKD11030070
6,3SRE-MD2A,1.0,1.0,SKD7Z3054
5,3SRE-ME1A30,77.0,1000.0,SKD11035067
6,3SRE-ME1A30,1.0,1.0,SKD6G3540
5,3SRE-ME1AA,77.0,1000.0,SKD11035067
6,3SRE-ME1AA,1.0,1.0,SKD6G3540
5,3SRE-ME1PA30,86.0,1000.0,SKD11040065
6,3SRE-ME1PA30,1.0,1.0,SKD6E4040
5,3SRE-MQ1AA30,45.0,1000.0,SKD11025067
6,3SRE-MQ1AA30,1.0,1.0,SKD6G2532
5,3SRE-MR3AA30,45.0,1000.0,SKD11025067
6,3SRE-MR3AA30,1.0,1.0,SKD6G2532
5,3SRE-MW2AA48,45.0,1000.0,SKD11025067
6,3SRE-MW2AA48,1.0,1.0,SKD6G2532
5,3SRE-MW2AA60,45.0,1000.0,SKD11025067
6,3SRE-MW2AA60,1.0,1.0,SKD6G2532
5,3SRE-MW3AA38,45.0,1000.0,SKD11025067
6,3SRE-MW3AA38,1.0,1.0,SKD6G2532
5,3SRE-MW3AA48,45.0,1000.0,SKD11025067
6,3SRE-MW3AA48,1.0,1.0,SKD6G2532
5,3SRE-MW3AA60,45.0,1000.0,SKD11025067
6,3SRE-MW3AA60,1.0,1.0,SKD6G2532
5,3SRE-MW5BA30,62.0,1000.0,SKD11025067
6,3SRE-MW5BA30,1.0,1.0,SKD6G2545
4,3SW-DB130,61.0,1000.0,SKD11030070
5,3SW-DB130,1.0,1.0,SKD7Z3035
6,3SW-DB130,1.0,1.0,3SW-MB130
3,3SW-DB234,89.0,1000.0,SKD11030072
4,3SW-DB234,1.0,1.0,SKD7B3050
5,3SW-DB234,1.0,1.0,3SW-MB230
6,3SW-DB234,1.0,1.0,3SW-DB230
4,3SW-DI126,140.0,1000.0,SKD11047067
5,3SW-DI126,1.0,1.0,SKD6G4754
6,3SW-DI126,1.0,1.0,3SW-MI126
4,3SW-DI130,140.0,1000.0,SKD11047067
5,3SW-DI130,1.0,1.0,SKD6G4754
6,3SW-DI130,1.0,1.0,3SW-MI130
4,3SW-DI2A30,78.0,1000.0,SKD11047067
5,3SW-DI2A30,1.0,1.0,SKD6G4730
6,3SW-DI2A30,1.0,1.0,3SW-MI2A30
4,3SW-DI2B30,114.0,1000.0,SKD11047067
5,3SW-DI2B30,1.0,1.0,SKD6G4744
6,3SW-DI2B30,1.0,1.0,3SW-MI2B30
5,3SW-DI530,140.0,1000.0,SKD11047067
6,3SW-DI530,1.0,1.0,SKD6G4754
5,3SW-DI6A30,140.0,1000.0,SKD11047067
6,3SW-DI6A30,1.0,1.0,SKD6G4754
5,3SW-DI6B30,140.0,1000.0,SKD11047067
6,3SW-DI6B30,1.0,1.0,SKD6G4754
3,3SW-DY130,45.0,1000.0,SKD11025067
4,3SW-DY130,1.0,1.0,SKD6G2532
5,3SW-DY130,1.0,1.0,3S-MY1
6,3SW-DY130,1.0,1.0,3S-DY1
4,3SWS-DY130,36.0,1000.0,SKD11025067
5,3SWS-DY130,1.0,1.0,SKD6G2526
6,3SWS-DY130,1.0,1.0,3SWS-MY1
4,3SWS-DY230,78.0,1000.0,SKD11029082
5,3SWS-DY230,1.0,1.0,SKD8B2940
6,3SWS-DY230,1.0,1.0,3SWS-MY2
4,3SWS-DY330,63.0,1000.0,SKD11029082
5,3SWS-DY330,1.0,1.0,SKD8B2932
6,3SWS-DY330,1.0,1.0,3SWS-MY330
4,3SWS-DY538,86.0,1000.0,SKD11029082
5,3SWS-DY538,1.0,1.0,SKD8B2944
6,3SWS-DY538,1.0,1.0,3SWS-MY538
5,4109-511AB30-M1-SQUARE,40.0,1000.0,SKD11025067
6,4109-511AB30-M1-SQUARE,1.0,1.0,SKD6G2528
5,4109-514AA32-M1,67.0,1000.0,SKD11032072
6,4109-514AA32-M1,1.0,1.0,SKD7B3235
5,4109-515AA32-M1,67.0,1000.0,SKD11032072
6,4109-515AA32-M1,1.0,1.0,SKD7B3235
5,4109-516AA32-M1,67.0,1000.0,SKD11032072
6,4109-516AA32-M1,1.0,1.0,SKD7B3235
5,4109-522AA32-M1,67.0,1000.0,SKD11032072
6,4109-522AA32-M1,1.0,1.0,SKD7B3235
6,4109-611BB30-M1,1.0,1.0,SKD105038
6,4115-511BA34-FRAISE,45.0,1000.0,SKD11025067
6,4115-511BA34-M1,45.0,1000.0,SKD11025067
6,4115-612AA30-FRAISE,1.0,1.0,SKD105034
6,4115-612AA30-M1,1.0,1.0,SKD105033
6,4115-612AA30-M1-TEMP,1.0,1.0,SKD105033
6,4115-612AA30-M1-XDF,1.0,1.0,SKD105033
6,4115-613AA30-FRAISE,1.0,1.0,SKD105038
6,4115-613AA30-M1,1.0,1.0,SKD105037
6,4115-613AA30-M1-XDF,1.0,1.0,SKD105037
5,4206-513AA34-M1,75.0,1000.0,SKD11029082
6,4206-513AA34-M1,1.0,1.0,SKD8B2938
5,4206-514AA34-M1,127.0,1000.0,SKD11029082
6,4206-514AA34-M1,1.0,1.0,SKD8B2965
5,4206-518AA34-M1,92.0,1000.0,SKD11021082
6,4206-518AA34-M1,1.0,1.0,SKD8B2165
5,4206-519AA34-M1,85.0,1000.0,SKD11021082
6,4206-519AA34-M1,1.0,1.0,SKD8B2160
5,4408-552AA30-M1,56.0,1000.0,SKD11030070
6,4408-552AA30-M1,1.0,1.0,SKD7Z3032
5,474-511AA36-M1,26.0,1000.0,SKD11025055
6,474-511AA36-M1,1.0,1.0,SKD5E2520
5,474-614AA38-M1,24.0,1000.0,SKD11022067
6,474-614AA38-M1,1.0,1.0,SKD6G2218
5,478-531AB38-M1,43.0,1000.0,SKD11022067
6,478-531AB38-M1,1.0,1.0,SKD6G2235
5,479-512DA30-M1,45.0,1000.0,SKD11025067
6,479-512DA30-M1,1.0,1.0,SKD6G2532
5,479-514CA30-M1,66.0,1000.0,SKD11025067
6,479-514CA30-M1,1.0,1.0,SKD6G2548
4,4FA-DB1D,30.0,1000.0,SKD11022050
5,4FA-DB1D,1.0,1.0,SKD5Z2230
6,4FA-DB1D,1.0,1.0,4FA-MB1D
4,4FA-DB1S2,30.0,1000.0,SKD11022050
5,4FA-DB1S2,1.0,1.0,SKD5Z2230
6,4FA-DB1S2,1.0,1.0,4FA-MB1S2
4,4FA-DC1A,43.0,1000.0,SKD11022067
5,4FA-DC1A,1.0,1.0,SKD6G2235
6,4FA-DC1A,1.0,1.0,4FA-MC1A
4,4FA-DY1,60.0,1000.0,SUJ3038068
5,4FA-DY1,1.0,1.0,S6H2723P
6,4FA-DY1,1.0,1.0,4FA-MY1
5,4FA-MW238,30.0,1000.0,SKD11022067
6,4FA-MW238,1.0,1.0,SKD6G2224
5,4FA-MY118,31.0,1000.0,SKD11022067
6,4FA-MY118,1.0,1.0,SKD6G2225
5,4FA-MY318,36.0,1000.0,SKD11021082
6,4FA-MY318,1.0,1.0,SKD8B2125
5,4FB-MY138S2,30.0,1000.0,SKD11022067
6,4FB-MY138S2,1.0,1.0,SKD6G2224
5,4FB-MY338,30.0,1000.0,SKD11022067
6,4FB-MY338,1.0,1.0,SKD6G2224
5,4LRS-MB1AA38,30.0,1000.0,SKD11027067
6,4LRS-MB1AA38,1.0,1.0,SKD6G2720
5,4LRS-MB2AA38,30.0,1000.0,SKD11027067
6,4LRS-MB2AA38,1.0,1.0,SKD6G2720
5,4LRS-MB3AA38,78.0,1000.0,SKD11029082
6,4LRS-MB3AA38,1.0,1.0,SKD8B2940
5,4LRS-MB5AA38,108.0,1000.0,SKD11029082
6,4LRS-MB5AA38,1.0,1.0,SKD8B2955
4,4RS-DB1,80.0,1000.0,SUJ3030056
5,4RS-DB1,1.0,1.0,S5F3050
6,4RS-DB1,1.0,1.0,4RS-MB1
4,4RS-DX9,75.0,1000.0,SUJ3047068-H
5,4RS-DX9,1.0,1.0,S6H4722
6,4RS-DX9,1.0,1.0,4RS-MX9
4,4RS-DY8B,80.0,1000.0,SUJ3047068-H
5,4RS-DY8B,1.0,1.0,S6H4725
6,4RS-DY8B,1.0,1.0,4RS-MY8B
4,4S-DB1C,45.0,1000.0,SKD11030070
5,4S-DB1C,1.0,1.0,SKD7Z3026
6,4S-DB1C,1.0,1.0,4S-MB1C
4,4S-DC1I,47.0,1000.0,SKD11030070
5,4S-DC1I,1.0,1.0,SKD7Z3027
6,4S-DC1I,1.0,1.0,4S-MC1I
4,4S-DC1L,61.0,1000.0,SKD11030070
5,4S-DC1L,1.0,1.0,SKD7Z3035
6,4S-DC1L,1.0,1.0,4S-MC1L
4,4S-DW110,33.0,1000.0,SKD11022067
5,4S-DW110,1.0,1.0,SKD6G2227
6,4S-DW110,1.0,1.0,4S-MW110
4,4S-DW112,33.0,1000.0,SKD11022067
5,4S-DW112,1.0,1.0,SKD6G2227
6,4S-DW112,1.0,1.0,4S-MW112
4,4S-DW124,31.0,1000.0,SKD11022067
5,4S-DW124,1.0,1.0,SKD6G2225
6,4S-DW124,1.0,1.0,4S-MW124
4,4S-DW17.6,33.0,1000.0,SKD11022067
5,4S-DW17.6,1.0,1.0,SKD6G2227
6,4S-DW17.6,1.0,1.0,4S-MW17.6
4,4S-DW310,33.0,1000.0,SKD11022067
5,4S-DW310,1.0,1.0,SKD6G2227
6,4S-DW310,1.0,1.0,4S-MW110
4,4S-DW324,31.0,1000.0,SKD11022067
5,4S-DW324,1.0,1.0,SKD6G2225
6,4S-DW324,1.0,1.0,4S-MW124
4,4S-DW37.6,33.0,1000.0,SKD11022067
5,4S-DW37.6,1.0,1.0,SKD6G2227
6,4S-DW37.6,1.0,1.0,4S-MW17.6
4,4S-DW7,31.0,1000.0,SKD11022067
5,4S-DW7,1.0,1.0,SKD6G2225
6,4S-DW7,1.0,1.0,4S-MW1
4,4S-DW8,31.0,1000.0,SKD11022067
5,4S-DW8,1.0,1.0,SKD6G2225
6,4S-DW8,1.0,1.0,4S-MW1
5,4S-MC1J,62.0,1000.0,SKD11035067
6,4S-MC1J,1.0,1.0,SKD6G3532
5,4S-MX338,31.0,1000.0,SKD11022067
6,4S-MX338,1.0,1.0,SKD6G2225
5,4S-MY4C38S2,30.0,1000.0,SKD11022067
6,4S-MY4C38S2,1.0,1.0,SKD6G2224
5,4SRE-MB1AA26,75.0,1000.0,SKD11029082
6,4SRE-MB1AA26,1.0,1.0,SKD8B2938
4,4SW-DI1B30,114.0,1000.0,SKD11047067
5,4SW-DI1B30,1.0,1.0,SKD6G4744
6,4SW-DI1B30,1.0,1.0,4SW-MI1B30
3,4SW-DI330,114.0,1000.0,SKD11047067
4,4SW-DI330,1.0,1.0,SKD6G4744
5,4SW-DI330,1.0,1.0,4SW-MI130
6,4SW-DI330,1.0,1.0,4SW-DI130
3,4SW-DY130,31.0,1000.0,SKD11022067
4,4SW-DY130,1.0,1.0,SKD6G2225
5,4SW-DY130,1.0,1.0,4S-MW1
6,4SW-DY130,1.0,1.0,4S-DW1
5,5121-512AA48-M1,67.0,1000.0,SKD11027067
6,5121-512AA48-M1,1.0,1.0,SKD6G2745
5,5161-611AA20-M1,39.0,1000.0,SKD11035067
6,5161-611AA20-M1,1.0,1.0,SKD6G3520
5,5212-512AA36-M1,45.0,1000.0,SKD11025067
6,5212-512AA36-M1,1.0,1.0,SKD6G2532
5,5212-514AA36-M1,75.0,1000.0,SKD11025067
6,5212-514AA36-M1,1.0,1.0,SKD6G2554
5,5212-615AA36-M1,75.0,1000.0,SKD11029082
6,5212-615AA36-M1,1.0,1.0,SKD8B2938
5,5212-619AA36-M1,108.0,1000.0,SKD11029082
6,5212-619AA36-M1,1.0,1.0,SKD8B2955
5,5212-653AA34-M1,62.0,1000.0,SKD11029082
6,5212-653AA34-M1,1.0,1.0,SKD8B2931
5,5213-512AA30-M1,87.0,1000.0,SKD11035065
6,5213-512AA30-M1,1.0,1.0,SKD6E3540
5,5213-512AA34-M1,53.0,1000.0,SKD11025067
6,5213-512AA34-M1,1.0,1.0,SKD6G2538
5,5213-512AA36-M1,53.0,1000.0,SKD11025067
6,5213-512AA36-M1,1.0,1.0,SKD6G2538
5,5213-514AA30-M1,90.0,1000.0,SKD11025067
6,5213-514AA30-M1,1.0,1.0,SKD6G2565
5,5213-514AA34-M1,83.0,1000.0,SKD11025067
6,5213-514AA34-M1,1.0,1.0,SKD6G2560
5,5213-514AA36-M1,83.0,1000.0,SKD11025067
6,5213-514AA36-M1,1.0,1.0,SKD6G2560
5,5213-615AA34-M1,86.0,1000.0,SKD11029082
6,5213-615AA34-M1,1.0,1.0,SKD8B2944
5,5213-619AA34-M1,117.0,1000.0,SKD11029082
6,5213-619AA34-M1,1.0,1.0,SKD8B2960
5,5213-619AA36-M1,117.0,1000.0,SKD11029082
6,5213-619AA36-M1,1.0,1.0,SKD8B2960
5,5213-653AA34-M1,55.0,1000.0,SKD11029082
6,5213-653AA34-M1,1.0,1.0,SKD8B2928
5,5517-566AA30-M1,63.0,1000.0,SKD11030085
6,5517-566AA30-M1,1.0,1.0,SKD8E3030
5,5517-566FA30-M1,63.0,1000.0,SKD11030085
6,5517-566FA30-M1,1.0,1.0,SKD8E3030
5,5517-570AA30-M1,47.0,1000.0,SKD11030085
6,5517-570AA30-M1,1.0,1.0,SKD8E3022
5,5521-511AA21-M1,28.0,1000.0,SKD11025067
6,5521-511AA21-M1,1.0,1.0,SKD6G2520
5,5521-511AA22-M1,29.0,1000.0,SKD11025067
6,5521-511AA22-M1,1.0,1.0,SKD6G2521
5,5521-511AA23-M1,28.0,1000.0,SKD11025067
6,5521-511AA23-M1,1.0,1.0,SKD6G2520
5,5521-511AA24-M1,28.0,1000.0,SKD11025067
6,5521-511AA24-M1,1.0,1.0,SKD6G2520
5,5521-513AA21-M1,67.0,1000.0,SKD11027067
6,5521-513AA21-M1,1.0,1.0,SKD6G2745
5,5521-513AA22-M1,70.0,1000.0,SKD11027067
6,5521-513AA22-M1,1.0,1.0,SKD6G2747
5,5521-513AA23-M1,70.0,1000.0,SKD11027067
6,5521-513AA23-M1,1.0,1.0,SKD6G2747
5,5521-513AA24-M1,70.0,1000.0,SKD11027067
6,5521-513AA24-M1,1.0,1.0,SKD6G2747
5,5521-514AA21-M1,78.0,1000.0,SKD11030070
6,5521-514AA21-M1,1.0,1.0,SKD7Z3045
5,5521-514AA22-M1,78.0,1000.0,SKD11030070
6,5521-514AA22-M1,1.0,1.0,SKD7Z3045
5,5521-514AA23-M1,78.0,1000.0,SKD11030070
6,5521-514AA23-M1,1.0,1.0,SKD7Z3045
5,5521-514AA24-M1,78.0,1000.0,SKD11030070
6,5521-514AA24-M1,1.0,1.0,SKD7Z3045
5,5521-611AA21-M1,24.0,1000.0,SKD11025067
6,5521-611AA21-M1,1.0,1.0,SKD6G2518
5,5521-611AA22-M1,24.0,1000.0,SKD11025067
6,5521-611AA22-M1,1.0,1.0,SKD6G2518
5,5521-611AA23-M,24.0,1000.0,SKD11025067
6,5521-611AA23-M,1.0,1.0,SKD6G2518
5,5521-611AA23-M1,24.0,1000.0,SKD11025067
6,5521-611AA23-M1,1.0,1.0,SKD6G2518
5,5521-611AA24-M1,24.0,1000.0,SKD11025067
6,5521-611AA24-M1,1.0,1.0,SKD6G2518
5,5521-612AA21-M1,21.0,1000.0,SKD11025067
6,5521-612AA21-M1,1.0,1.0,SKD6G2515
5,5521-612AA22-M1,24.0,1000.0,SKD11025067
6,5521-612AA22-M1,1.0,1.0,SKD6G2518
5,5521-612AA23-M,24.0,1000.0,SKD11025067
6,5521-612AA23-M,1.0,1.0,SKD6G2518
5,5521-612AA23-M1,24.0,1000.0,SKD11025067
6,5521-612AA23-M1,1.0,1.0,SKD6G2518
5,5521-612AA24-M1,24.0,1000.0,SKD11025067
6,5521-612AA24-M1,1.0,1.0,SKD6G2518
5,5521-615AA23-M1,62.0,1000.0,SKD11025067
6,5521-615AA23-M1,1.0,1.0,SKD6G2545
5,5521-616AA23-M1,87.0,1000.0,SKD11035065
6,5521-616AA23-M1,1.0,1.0,SKD6E3543
5,5527-570CA17-M1,36.0,1000.0,SKD11021082
6,5527-570CA17-M1,1.0,1.0,SKD8B2125
5,5529-513AA34-M1,67.0,1000.0,SKD11027067
6,5529-513AA34-M1,1.0,1.0,SKD6G2745
5,5529-514AA34-M1,77.0,1000.0,SKD11035067
6,5529-514AA34-M1,1.0,1.0,SKD6G3540
5,5529-521AA30-M1,21.0,1000.0,SKD11025067
6,5529-521AA30-M1,1.0,1.0,SKD6G2515
5,5529-522AA30-M1,39.0,1000.0,SKD11027067
6,5529-522AA30-M1,1.0,1.0,SKD6G2726
5,5529-522AA38-M1,44.0,1000.0,SKD11027067
6,5529-522AA38-M1,1.0,1.0,SKD6G2729
5,5529-522AA48-M1,62.0,1000.0,SKD11035067
6,5529-522AA48-M1,1.0,1.0,SKD6G3532
5,5529-572AA34-M1,39.0,1000.0,SKD11027067
6,5529-572AA34-M1,1.0,1.0,SKD6G2726
5,5532-566BA34-M1,47.0,1000.0,SKD11030085
6,5532-566BA34-M1,1.0,1.0,SKD8E3022
5,5532-569AA34-M1,53.0,1000.0,SKD11030085
6,5532-569AA34-M1,1.0,1.0,SKD8E3025
5,5532-570BA34-M1,47.0,1000.0,SKD11030085
6,5532-570BA34-M1,1.0,1.0,SKD8E3022
5,5535-572AB48-M1,31.0,1000.0,SKD11035065
6,5535-572AB48-M1,1.0,1.0,SKD6E3525
5,5535-572AB48-M1-MITU,31.0,1000.0,SKD11035065
6,5535-572AB48-M1-MITU,1.0,1.0,SKD6E3525
5,5SRE-MB1AA30,70.0,1000.0,SKD11040082
6,5SRE-MB1AA30,1.0,1.0,SKD8B4026
5,5SRE-MC1AA30,130.0,1000.0,SKD11040082
6,5SRE-MC1AA30,1.0,1.0,SKD8B4048
5,6.5X26.5X22.7FRAISE-ONLY,45.0,1000.0,SKD11025067
6,6.5X26.5X22.7FRAISE-ONLY,1.0,1.0,SKD6G2532
5,6104-612AA34-M1,116.0,1000.0,SKD11040065
6,6104-612AA34-M1,1.0,1.0,SKD6E4054
5,6105-566AA36-M1,94.0,1000.0,SKD11029082
6,6105-566AA36-M1,1.0,1.0,SKD8B2948
5,6105-569AA36-M1,143.0,1000.0,SKD11035090
6,6105-569AA36-M1,1.0,1.0,SKD9Z3555
5,6105-570AA36-M1,113.0,1000.0,SKD11030085
6,6105-570AA36-M1,1.0,1.0,SKD8E3053
5,6105-611AA36-M1,24.0,1000.0,SKD11025067
6,6105-611AA36-M1,1.0,1.0,SKD6G2518
5,6105-612AA36-M1,96.0,1000.0,SKD11040065
6,6105-612AA36-M1,1.0,1.0,SKD6E4045
5,6105-621AA36-M1,114.0,1000.0,SKD11047067
6,6105-621AA36-M1,1.0,1.0,SKD6G4744
5,6206-521BA34-M1,31.0,1000.0,SKD11035065
6,6206-521BA34-M1,1.0,1.0,SKD6E3525
5,6207-524BA34-M1,33.0,1000.0,SKD11035065
6,6207-524BA34-M1,1.0,1.0,SKD6E3527
5,76-512AF30-M1,31.0,1000.0,SKD11022067
6,76-512AF30-M1,1.0,1.0,SKD6G2225
5,76-512AF33-M1,31.0,1000.0,SKD11022067
6,76-512AF33-M1,1.0,1.0,SKD6G2225
5,76-512AF38-M1,27.0,1000.0,SKD11022067
6,76-512AF38-M1,1.0,1.0,SKD6G2222
5,76-512AS38-M1,27.0,1000.0,SKD11022067
6,76-512AS38-M1,1.0,1.0,SKD6G2222
5,76-513AF38-M1,59.0,1000.0,SKD11022067
6,76-513AF38-M1,1.0,1.0,SKD6G2248
5,76-513AS30-M1,59.0,1000.0,SKD11022067
6,76-513AS30-M1,1.0,1.0,SKD6G2248
5,76-513FS33-M1,59.0,1000.0,SKD11022067
6,76-513FS33-M1,1.0,1.0,SKD6G2248
5,76-529DB30-M1,51.0,1000.0,SKD11022067
6,76-529DB30-M1,1.0,1.0,SKD6G2242
5,76-529DB38-M1,51.0,1000.0,SKD11022067
6,76-529DB38-M1,1.0,1.0,SKD6G2242
5,78-613D33-M1,41.0,1000.0,SKD11025055
6,78-613D33-M1,1.0,1.0,SKD5E2535
5,78-614D33-M1,39.0,1000.0,SKD11025055
6,78-614D33-M1,1.0,1.0,SKD5E2533
4,7E00-DC2AA34,62.0,1000.0,SKD11015067
5,7E00-DC2AA34,1.0,1.0,SKD6G1556
6,7E00-DC2AA34,1.0,1.0,7E00-MC2AA34
4,7E00-DC2AA36,62.0,1000.0,SKD11015067
5,7E00-DC2AA36,1.0,1.0,SKD6G1556
6,7E00-DC2AA36,1.0,1.0,7E00-MC2AA36
4,7E00-DY1AA30,30.0,1000.0,SKD11027067
5,7E00-DY1AA30,1.0,1.0,SKD6G2720
6,7E00-DY1AA30,1.0,1.0,7E00-MY1AA30
4,7E00-DY1AA34,30.0,1000.0,SKD11027067
5,7E00-DY1AA34,1.0,1.0,SKD6G2720
6,7E00-DY1AA34,1.0,1.0,7E00-MY1AA34
4,7E00-DY1AA38,30.0,1000.0,SKD11027067
5,7E00-DY1AA38,1.0,1.0,SKD6G2720
6,7E00-DY1AA38,1.0,1.0,7E00-MY1AA38
4,7E00-DY2AA30,78.0,1000.0,SKD11047067
5,7E00-DY2AA30,1.0,1.0,SKD6G4730
6,7E00-DY2AA30,1.0,1.0,7E00-MY2AA30
5,7E00-MB2AA34,45.0,1000.0,SKD11030070
6,7E00-MB2AA34,1.0,1.0,SKD7Z3026
5,7E00-MB2AA36,45.0,1000.0,SKD11030070
6,7E00-MB2AA36,1.0,1.0,SKD7Z3026
5,7E00-MY1AA33,27.0,1000.0,SKD11027067
6,7E00-MY1AA33,1.0,1.0,SKD6G2718
5,7E22-MW1DA34,26.0,1000.0,SKD11025055
6,7E22-MW1DA34,1.0,1.0,SKD5E2520
5,7E22-MW1SA34,26.0,1000.0,SKD11025055
6,7E22-MW1SA34,1.0,1.0,SKD5E2520
5,7E22-MW2DA34,31.0,1000.0,SKD11025067
6,7E22-MW2DA34,1.0,1.0,SKD6G2522
5,7E22-MW2SA34,32.0,1000.0,SKD11025067
6,7E22-MW2SA34,1.0,1.0,SKD6G2523
5,7E22-MW8AA34,53.0,1000.0,SKD11025067
6,7E22-MW8AA34,1.0,1.0,SKD6G2538
5,7E400-MY1AA30,19.0,1000.0,SKD11035065
6,7E400-MY1AA30,1.0,1.0,SKD6E3515
5,7E400-MY1AA33,27.0,1000.0,SKD11027067
6,7E400-MY1AA33,1.0,1.0,SKD6G2718
5,7E400-MY2AA33,68.0,1000.0,SKD11047067
6,7E400-MY2AA33,1.0,1.0,SKD6G4726
5,7E44-MB3AA33,24.0,1000.0,SKD11022067
6,7E44-MB3AA33,1.0,1.0,SKD6G2218
5,7E44-MB4AA33,24.0,1000.0,SKD11022067
6,7E44-MB4AA33,1.0,1.0,SKD6G2218
5,7E44-MB7AA33,36.0,1000.0,SKD11021082
6,7E44-MB7AA33,1.0,1.0,SKD8B2125
5,7E44-MC1AA33,50.0,1000.0,SKD11021082
6,7E44-MC1AA33,1.0,1.0,SKD8B2135
5,7EB44-MY1AA33,28.0,1000.0,SKD11025055
6,7EB44-MY1AA33,1.0,1.0,SKD5E2522
5,7EB44-MY2DA33,28.0,1000.0,SKD11025067
6,7EB44-MY2DA33,1.0,1.0,SKD6G2520
4,7E-DB1AA30,28.0,1000.0,SKD11025067
5,7E-DB1AA30,1.0,1.0,SKD6G2520
6,7E-DB1AA30,1.0,1.0,7E-MB1AA30
4,7E-DB1AA38,28.0,1000.0,SKD11025067
5,7E-DB1AA38,1.0,1.0,SKD6G2520
6,7E-DB1AA38,1.0,1.0,7E-MB1AA38
4,7E-DB2AA30,26.0,1000.0,SKD11022067
5,7E-DB2AA30,1.0,1.0,SKD6G2220
6,7E-DB2AA30,1.0,1.0,7E-MB2AA30
4,7E-DB5AA30,36.0,1000.0,SKD11021082
5,7E-DB5AA30,1.0,1.0,SKD8B2125
6,7E-DB5AA30,1.0,1.0,7E-MB5AA30
4,7E-DB5AA38,43.0,1000.0,SKD11021082
5,7E-DB5AA38,1.0,1.0,SKD8B2130
6,7E-DB5AA38,1.0,1.0,7E-MB5AA38
4,7E-DB9AA30,57.0,1000.0,SKD11021082
5,7E-DB9AA30,1.0,1.0,SKD8B2140
6,7E-DB9AA30,1.0,1.0,7E-MB9AA30
4,7E-DD1AA30,43.0,1000.0,SKD11021082
5,7E-DD1AA30,1.0,1.0,SKD8B2130
6,7E-DD1AA30,1.0,1.0,7E-MD1AA30
4,7E-DD5AA30,57.0,1000.0,SKD11021082
5,7E-DD5AA30,1.0,1.0,SKD8B2140
6,7E-DD5AA30,1.0,1.0,7E-MD5AA30
4,7E-DY4AA33,53.0,1000.0,SKD11025067
5,7E-DY4AA33,1.0,1.0,SKD6G2538
6,7E-DY4AA33,1.0,1.0,7E-MY4AA33
4,7E-DY4AA38,53.0,1000.0,SKD11025067
5,7E-DY4AA38,1.0,1.0,SKD6G2538
6,7E-DY4AA38,1.0,1.0,7E-MY4AA38
5,7E-MB2AA38,26.0,1000.0,SKD11022067
6,7E-MB2AA38,1.0,1.0,SKD6G2220
5,7E-MB5AA33,36.0,1000.0,SKD11021082
6,7E-MB5AA33,1.0,1.0,SKD8B2125
5,7E-MB5AA38-SPOT,43.0,1000.0,SKD11021082
6,7E-MB5AA38-SPOT,1.0,1.0,SKD8B2130
5,7E-MB7AA38,36.0,1000.0,SKD11021082
6,7E-MB7AA38,1.0,1.0,SKD8B2125
5,7E-MB9AA33,57.0,1000.0,SKD11021082
6,7E-MB9AA33,1.0,1.0,SKD8B2140
5,7E-MB9AA38,57.0,1000.0,SKD11021082
6,7E-MB9AA38,1.0,1.0,SKD8B2140
5,7E-MB9AA38-SPOT,57.0,1000.0,SKD11021082
6,7E-MB9AA38-SPOT,1.0,1.0,SKD8B2140
5,7E-MC1AA38,50.0,1000.0,SKD11021082
6,7E-MC1AA38,1.0,1.0,SKD8B2135
5,7E-MD5AA33,57.0,1000.0,SKD11021082
6,7E-MD5AA33,1.0,1.0,SKD8B2140
5,7E-MD5AA38,57.0,1000.0,SKD11021082
6,7E-MD5AA38,1.0,1.0,SKD8B2140
5,7E-MF1AA33,36.0,1000.0,SKD11021082
6,7E-MF1AA33,1.0,1.0,SKD8B2125
5,7E-MF1AA38,68.0,1000.0,SKD11021082
6,7E-MF1AA38,1.0,1.0,SKD8B2148
5,7E-MF1GA38,68.0,1000.0,SKD11021082
6,7E-MF1GA38,1.0,1.0,SKD8B2148
5,7E-MY1AA33,28.0,1000.0,SKD11025055
6,7E-MY1AA33,1.0,1.0,SKD5E2522
5,7E-MY1AA34,26.0,1000.0,SKD11025055
6,7E-MY1AA34,1.0,1.0,SKD5E2520
5,7E-MY1AA38,26.0,1000.0,SKD11025055
6,7E-MY1AA38,1.0,1.0,SKD5E2520
5,7E-MY2SA38,29.0,1000.0,SKD11025067
6,7E-MY2SA38,1.0,1.0,SKD6G2521
5,7E-MY4AA34,53.0,1000.0,SKD11025067
6,7E-MY4AA34,1.0,1.0,SKD6G2538
5,7HS22-MB5AA33,31.0,1000.0,SKD11025067
6,7HS22-MB5AA33,1.0,1.0,SKD6G2522
5,7HS22-MB5BA38,26.0,1000.0,SKD11025055
6,7HS22-MB5BA38,1.0,1.0,SKD5E2520
5,7HS22-MB7AA33,45.0,1000.0,SKD11025067
6,7HS22-MB7AA33,1.0,1.0,SKD6G2532
5,7HS22-MC1BA38,24.0,1000.0,SKD11025067
6,7HS22-MC1BA38,1.0,1.0,SKD6G2518
5,7HS22-MC9AA33,38.0,1000.0,SKD11025055
6,7HS22-MC9AA33,1.0,1.0,SKD5E2532
5,7HS22-MC9BA38,66.0,1000.0,SKD11025067
6,7HS22-MC9BA38,1.0,1.0,SKD6G2548
5,7HS22-MY1AA33,35.0,1000.0,SKD11022055
6,7HS22-MY1AA33,1.0,1.0,SKD5E2235
5,7HS22-MY1BA38,35.0,1000.0,SKD11022055
6,7HS22-MY1BA38,1.0,1.0,SKD5E2235
5,7HS22-MY4AA33,36.0,1000.0,SKD11022067
6,7HS22-MY4AA33,1.0,1.0,SKD6G2230
5,7HS22-MY4BA38,36.0,1000.0,SKD11022067
6,7HS22-MY4BA38,1.0,1.0,SKD6G2230
5,7HS22-MY5AA33,31.0,1000.0,SKD11022067
6,7HS22-MY5AA33,1.0,1.0,SKD6G2225
5,7HS22-MY5BA38,31.0,1000.0,SKD11022067
6,7HS22-MY5BA38,1.0,1.0,SKD6G2225
5,7HS22-MY6AA33,33.0,1000.0,SKD11022067
6,7HS22-MY6AA33,1.0,1.0,SKD6G2227
5,7HS22-MY6BA38,24.0,1000.0,SKD11022067
6,7HS22-MY6BA38,1.0,1.0,SKD6G2218
4,7IR-DB1AA30,24.0,1000.0,SKD11025067
5,7IR-DB1AA30,1.0,1.0,SKD6G2518
6,7IR-DB1AA30,1.0,1.0,7IR-MB1AA30
4,7IR-DB1AA34,28.0,1000.0,SKD11025067
5,7IR-DB1AA34,1.0,1.0,SKD6G2520
6,7IR-DB1AA34,1.0,1.0,7IR-MB1AA34
4,7IR-DB1AA36,28.0,1000.0,SKD11025067
5,7IR-DB1AA36,1.0,1.0,SKD6G2520
6,7IR-DB1AA36,1.0,1.0,7IR-MB1AA36
4,7IR-DC2AA34,36.0,1000.0,SKD11015067
5,7IR-DC2AA34,1.0,1.0,SKD6G1542
6,7IR-DC2AA34,1.0,1.0,7IR-MC2AA34
4,7IR-DC2AA36,36.0,1000.0,SKD11015067
5,7IR-DC2AA36,1.0,1.0,SKD6G1542
6,7IR-DC2AA36,1.0,1.0,7IR-MC2AA36
4,7IR-DC4AA30,28.0,1000.0,SKD11025067
5,7IR-DC4AA30,1.0,1.0,SKD6G2520
6,7IR-DC4AA30,1.0,1.0,7IR-MC4AA30
4,7IR-DY1AA30,30.0,1000.0,SKD11027067
5,7IR-DY1AA30,1.0,1.0,SKD6G2720
6,7IR-DY1AA30,1.0,1.0,7IR-MY1AA30
4,7IR-DY1AA33,27.0,1000.0,SKD11027067
5,7IR-DY1AA33,1.0,1.0,SKD6G2718
6,7IR-DY1AA33,1.0,1.0,7IR-MY1AA33
4,7IR-DY1AA36,30.0,1000.0,SKD11027067
5,7IR-DY1AA36,1.0,1.0,SKD6G2720
6,7IR-DY1AA36,1.0,1.0,7IR-MY1AA36
4,7IR-DY1AA38,27.0,1000.0,SKD11027067
5,7IR-DY1AA38,1.0,1.0,SKD6G2718
6,7IR-DY1AA38,1.0,1.0,7IR-MY1AA38
5,7IR-MB2AA30,61.0,1000.0,SKD11030070
6,7IR-MB2AA30,1.0,1.0,SKD7Z3035
5,7IR-MB2AA33,66.0,1000.0,SKD11030070
6,7IR-MB2AA33,1.0,1.0,SKD7Z3038
5,7IR-MB2AA36,61.0,1000.0,SKD11030070
6,7IR-MB2AA36,1.0,1.0,SKD7Z3035
5,7IR-MB2AA38,61.0,1000.0,SKD11030070
6,7IR-MB2AA38,1.0,1.0,SKD7Z3035
5,7IR-MC1AA30,32.0,1000.0,SKD11025067
6,7IR-MC1AA30,1.0,1.0,SKD6G2523
5,7IR-MC1AA33,32.0,1000.0,SKD11025067
6,7IR-MC1AA33,1.0,1.0,SKD6G2523
5,7IR-MC1AA34,32.0,1000.0,SKD11025067
6,7IR-MC1AA34,1.0,1.0,SKD6G2523
5,7IR-MC1AA36,35.0,1000.0,SKD11025067
6,7IR-MC1AA36,1.0,1.0,SKD6G2525
5,7IR-MC1AA38,32.0,1000.0,SKD11025067
6,7IR-MC1AA38,1.0,1.0,SKD6G2523
5,7IR-MC2AA30,41.0,1000.0,SKD11015067
6,7IR-MC2AA30,1.0,1.0,SKD6G1535
5,7IR-MC2AA33,36.0,1000.0,SKD11015067
6,7IR-MC2AA33,1.0,1.0,SKD6G1542
5,7IR-MC2AA38,36.0,1000.0,SKD11015067
6,7IR-MC2AA38,1.0,1.0,SKD6G1542
5,7IR-MC3AA34,41.0,1000.0,SKD11015067
6,7IR-MC3AA34,1.0,1.0,SKD6G1535
5,7IR-MC4AA34,24.0,1000.0,SKD11025067
6,7IR-MC4AA34,1.0,1.0,SKD6G2518
5,7IR-MY2AA30,104.0,1000.0,SKD11047067
6,7IR-MY2AA30,1.0,1.0,SKD6G4740
6,7IR-MY7AA30,1.0,1.0,SKD105010
5,7IR-MY8AA30,110.0,1000.0,SKD11050067
6,7IR-MY8AA30,1.0,1.0,SKD6G5040
5,7IR-MY8AA38,52.0,1000.0,SKD11035067
6,7IR-MY8AA38,1.0,1.0,SKD6G3527
5,7IR-MY9AA30,28.0,1000.0,SKD11029082
6,7IR-MY9AA30,1.0,1.0,SKD8B2914
5,7IR-MY9AA33,28.0,1000.0,SKD11029082
6,7IR-MY9AA33,1.0,1.0,SKD8B2914
5,7IR-MY9AA34,28.0,1000.0,SKD11029082
6,7IR-MY9AA34,1.0,1.0,SKD8B2914
5,7IR-MY9AA36,28.0,1000.0,SKD11029082
6,7IR-MY9AA36,1.0,1.0,SKD8B2914
4,7MI22-DB1AA30,38.0,1000.0,SKD11025055
5,7MI22-DB1AA30,1.0,1.0,SKD5E2532
6,7MI22-DB1AA30,1.0,1.0,7MI22-MB1AA30
4,7MI22-DB5AA30,31.0,1000.0,SKD11025067
5,7MI22-DB5AA30,1.0,1.0,SKD6G2522
6,7MI22-DB5AA30,1.0,1.0,7MI22-MB5AA30
4,7MI22-DY1AA30,38.0,1000.0,SKD11025055
5,7MI22-DY1AA30,1.0,1.0,SKD5E2532
6,7MI22-DY1AA30,1.0,1.0,7MI22-MY1AA30
4,7MI22-DY2AA33,26.0,1000.0,SKD11022067
5,7MI22-DY2AA33,1.0,1.0,SKD6G2220
6,7MI22-DY2AA33,1.0,1.0,7MI22-MY2AA33
5,7MI22-MB7AA30,33.0,1000.0,SKD11022067
6,7MI22-MB7AA30,1.0,1.0,SKD6G2227
5,7MI22-MD5AA30,59.0,1000.0,SKD11022067
6,7MI22-MD5AA30,1.0,1.0,SKD6G2248
5,7MI22-MD7BA33,66.0,1000.0,SKD11025067
6,7MI22-MD7BA33,1.0,1.0,SKD6G2548
5,7MI22-MY2AA30,24.0,1000.0,SKD11022067
6,7MI22-MY2AA30,1.0,1.0,SKD6G2218
5,7MI22-MY2BA38,26.0,1000.0,SKD11022067
6,7MI22-MY2BA38,1.0,1.0,SKD6G2220
5,7MI22-MY4AA30,31.0,1000.0,SKD11022067
6,7MI22-MY4AA30,1.0,1.0,SKD6G2225
5,7MI22-MY5CA30,31.0,1000.0,SKD11022067
6,7MI22-MY5CA30,1.0,1.0,SKD6G2225
5,819-511AA30-M1,31.0,1000.0,SKD11025067
6,819-511AA30-M1,1.0,1.0,SKD6G2522
5,819-541AA30-M1,135.0,1000.0,SKD11025067
6,819-541AA30-M1,1.0,1.0,SKD6G2598
4,8ER-DB3AA30,26.0,1000.0,SKD11022067
5,8ER-DB3AA30,1.0,1.0,SKD6G2220
6,8ER-DB3AA30,1.0,1.0,8ER-MB3AA30
4,8ER-DB4AA30,26.0,1000.0,SKD11022067
5,8ER-DB4AA30,1.0,1.0,SKD6G2220
6,8ER-DB4AA30,1.0,1.0,8ER-MB4AA30
4,8ER-DB7AA30,59.0,1000.0,SKD11029082
5,8ER-DB7AA30,1.0,1.0,SKD8B2930
6,8ER-DB7AA30,1.0,1.0,8ER-MB7AA30
4,8ER-DC1AA30,57.0,1000.0,SKD11021082
5,8ER-DC1AA30,1.0,1.0,SKD8B2140
6,8ER-DC1AA30,1.0,1.0,8ER-MC1AA30
5,8ER-MB3AA36,24.0,1000.0,SKD11022067
6,8ER-MB3AA36,1.0,1.0,SKD6G2218
5,8ER-MB4AA36,21.0,1000.0,SKD11015067
6,8ER-MB4AA36,1.0,1.0,SKD6G1525
5,8ER-MC1AA36,89.0,1000.0,SKD11030072
6,8ER-MC1AA36,1.0,1.0,SKD7B3050
5,8ER-MF3AA30,59.0,1000.0,SKD11029082
6,8ER-MF3AA30,1.0,1.0,SKD8B2930
5,8ME-MC4AA30,38.0,1000.0,SKD11025055
6,8ME-MC4AA30,1.0,1.0,SKD5E2532
5,A3-MB1AA30,111.0,1000.0,SKD11040085
6,A3-MB1AA30,1.0,1.0,SKD8E4040
5,A3-MB1BA30,111.0,1000.0,SKD11040085
6,A3-MB1BA30,1.0,1.0,SKD8E4040
5,A3-MB2AA30,140.0,1000.0,SKD11040082
6,A3-MB2AA30,1.0,1.0,SKD8B4052
5,AERGY-MB1AA34,26.0,1000.0,SKD11022067
6,AERGY-MB1AA34,1.0,1.0,SKD6G2220
5,AERGY-MB2AA34,227.0,1000.0,SKD11075067
6,AERGY-MB2AA34,1.0,1.0,SKD6G7555
5,AERGY-MB3AA34,78.0,1000.0,SKD11030070
6,AERGY-MB3AA34,1.0,1.0,SKD7Z3045
5,AERGY-MB3AC34,171.0,1000.0,SKD11032072
6,AERGY-MB3AC34,1.0,1.0,SKD7B3290
5,AERGY-MV2AA34,74.0,1000.0,SKD11022067
6,AERGY-MV2AA34,1.0,1.0,SKD6G2261
6,AERGY-MW1AA34,1.0,1.0,SKD133828
5,AERGY-MW1AB34,78.0,1000.0,SKD11035090
6,AERGY-MW1AB34,1.0,1.0,SKD9Z3530
5,AERGY-MW1CA34,78.0,1000.0,SKD11035090
6,AERGY-MW1CA34,1.0,1.0,SKD9Z3530
6,AERGY-MY1AA34,1.0,1.0,SKD133828
5,AERGY-MY1AB34,78.0,1000.0,SKD11035090
6,AERGY-MY1AB34,1.0,1.0,SKD9Z3530
5,AERGY-MY1CA34,78.0,1000.0,SKD11035090
6,AERGY-MY1CA34,1.0,1.0,SKD9Z3530
5,AERGY-MY2AA34,87.0,1000.0,SKD11035065
6,AERGY-MY2AA34,1.0,1.0,SKD6E3540
5,AERGY-MY2AB34,87.0,1000.0,SKD11035065
6,AERGY-MY2AB34,1.0,1.0,SKD6E3540
5,AERGY-MY3AA34,74.0,1000.0,SKD11022067
6,AERGY-MY3AA34,1.0,1.0,SKD6G2261
5,AERGY-MY4AA34,71.0,1000.0,SKD11075067
6,AERGY-MY4AA34,1.0,1.0,SKD6G7565
5,AERGY-MY4AB34,71.0,1000.0,SKD11075067
6,AERGY-MY4AB34,1.0,1.0,SKD6G7565
4,AL-DB1AA60,45.0,1000.0,SKD11025055
5,AL-DB1AA60,1.0,1.0,SKD5E2538
6,AL-DB1AA60,1.0,1.0,AL-MB1AA60
4,AL-DB3AA60,32.0,1000.0,SKD11025067
5,AL-DB3AA60,1.0,1.0,SKD6G2523
6,AL-DB3AA60,1.0,1.0,AL-MB3AA60
4,AL-DB4AA60,32.0,1000.0,SKD11025067
5,AL-DB4AA60,1.0,1.0,SKD6G2523
6,AL-DB4AA60,1.0,1.0,AL-MB4AA60
4,AL-DB5AA60,49.0,1000.0,SKD11025067
5,AL-DB5AA60,1.0,1.0,SKD6G2535
6,AL-DB5AA60,1.0,1.0,AL-MB5AA60
4,AL-DB6AA60,49.0,1000.0,SKD11025067
5,AL-DB6AA60,1.0,1.0,SKD6G2535
6,AL-DB6AA60,1.0,1.0,AL-MB6AA60
4,AL-DC1AA48,50.0,1000.0,SKD11030055
5,AL-DC1AA48,1.0,1.0,SKD5E3034
6,AL-DC1AA48,1.0,1.0,AL-MC1AA48
4,AL-DC1AA60,41.0,1000.0,SKD11025055
5,AL-DC1AA60,1.0,1.0,SKD5E2535
6,AL-DC1AA60,1.0,1.0,AL-MC1AA60
4,AL-DC2AA48,50.0,1000.0,SKD11030055
5,AL-DC2AA48,1.0,1.0,SKD5E3034
6,AL-DC2AA48,1.0,1.0,AL-MC2AA48
4,AL-DC2AA60,38.0,1000.0,SKD11025055
5,AL-DC2AA60,1.0,1.0,SKD5E2532
6,AL-DC2AA60,1.0,1.0,AL-MC2AA60
4,AL-DC5AA48,49.0,1000.0,SKD11025067
5,AL-DC5AA48,1.0,1.0,SKD6G2535
6,AL-DC5AA48,1.0,1.0,AL-MC5AA48
4,AL-DC5AA60,45.0,1000.0,SKD11025067
5,AL-DC5AA60,1.0,1.0,SKD6G2532
6,AL-DC5AA60,1.0,1.0,AL-MC5AA60
4,AL-DC6AA48,45.0,1000.0,SKD11025067
5,AL-DC6AA48,1.0,1.0,SKD6G2532
6,AL-DC6AA48,1.0,1.0,AL-MC6AA48
4,AL-DC6AA60,45.0,1000.0,SKD11025067
5,AL-DC6AA60,1.0,1.0,SKD6G2532
6,AL-DC6AA60,1.0,1.0,AL-MC6AA60
4,AL-DX1AA60,35.0,1000.0,SKD11022055
5,AL-DX1AA60,1.0,1.0,SKD5E2235
6,AL-DX1AA60,1.0,1.0,AL-MX1AA60
4,AL-DX1BA48,35.0,1000.0,SKD11022055
5,AL-DX1BA48,1.0,1.0,SKD5E2235
6,AL-DX1BA48,1.0,1.0,AL-MX1BA48
4,AL-DX2AA48,43.0,1000.0,SKD11022067
5,AL-DX2AA48,1.0,1.0,SKD6G2235
6,AL-DX2AA48,1.0,1.0,AL-MX2AA48
4,AL-DX2AA60,42.0,1000.0,SKD11022067
5,AL-DX2AA60,1.0,1.0,SKD6G2234
6,AL-DX2AA60,1.0,1.0,AL-MX2AA60
4,AL-DY1AA60,51.0,1000.0,SKD11025055
5,AL-DY1AA60,1.0,1.0,SKD5E2545
6,AL-DY1AA60,1.0,1.0,AL-MY1AA60
4,AL-DY2AA60,31.0,1000.0,SKD11022067
5,AL-DY2AA60,1.0,1.0,SKD6G2225
6,AL-DY2AA60,1.0,1.0,AL-MY2AA60
4,AL-DY3AA60,43.0,1000.0,SKD11022067
5,AL-DY3AA60,1.0,1.0,SKD6G2235
6,AL-DY3AA60,1.0,1.0,AL-MY3AA60
5,AL-MB2AA60,45.0,1000.0,SKD11025055
6,AL-MB2AA60,1.0,1.0,SKD5E2538
5,AL-MC1MA60,38.0,1000.0,SKD11025055
6,AL-MC1MA60,1.0,1.0,SKD5E2532
5,AL-MX1BA60,35.0,1000.0,SKD11022055
6,AL-MX1BA60,1.0,1.0,SKD5E2235
5,AL-MX5BA60,42.0,1000.0,SKD11022067
6,AL-MX5BA60,1.0,1.0,SKD6G2234
4,BR4-DT114,33.0,1000.0,SKD11025067
5,BR4-DT114,1.0,1.0,SKD6G2524
6,BR4-DT114,1.0,1.0,BR4-MT114
4,BR4-DT118,33.0,1000.0,SKD11025067
5,BR4-DT118,1.0,1.0,SKD6G2524
6,BR4-DT118,1.0,1.0,BR4-MT118
4,BR4-DT124,33.0,1000.0,SKD11025067
5,BR4-DT124,1.0,1.0,SKD6G2524
6,BR4-DT124,1.0,1.0,BR4-MT124
4,BR4-DT134,33.0,1000.0,SKD11025067
5,BR4-DT134,1.0,1.0,SKD6G2524
6,BR4-DT134,1.0,1.0,BR4-MT134
4,CN3-DB130,49.0,1000.0,SKD11025067
5,CN3-DB130,1.0,1.0,SKD6G2535
6,CN3-DB130,1.0,1.0,CN3-MB130
4,CN3-DB138,49.0,1000.0,SKD11025067
5,CN3-DB138,1.0,1.0,SKD6G2535
6,CN3-DB138,1.0,1.0,CN3-MB138
4,CN3-DB2,61.0,1000.0,SKD11022067
5,CN3-DB2,1.0,1.0,SKD6G2250
6,CN3-DB2,1.0,1.0,CN3-MB2
6,CN3-DH316,1.0,1.0,G5E2060
6,CN3-DH320,1.0,1.0,G5E2060
4,CN4-DY138,42.0,1000.0,SKD11030070
5,CN4-DY138,1.0,1.0,SKD7Z3024
6,CN4-DY138,1.0,1.0,CN4-MY138
4,DF2-DB2C,110.0,1000.0,SUJ3030056
5,DF2-DB2C,1.0,1.0,S5F3065
6,DF2-DB2C,1.0,1.0,DF2-MB2C
4,DF2-DC130,100.0,1000.0,SKD11030055
5,DF2-DC130,1.0,1.0,SKD5E3070
6,DF2-DC130,1.0,1.0,DF2-MC1
4,DF2-DC230,90.0,1000.0,SKD11030055
5,DF2-DC230,1.0,1.0,SKD5E3064
6,DF2-DC230,1.0,1.0,DF2-MC2
4,DF2-DC326,50.0,1000.0,SKD11030055
5,DF2-DC326,1.0,1.0,SKD5E3035
6,DF2-DC326,1.0,1.0,DF2-MC326
4,DF2-DC330,55.0,1000.0,SKD11030055
5,DF2-DC330,1.0,1.0,SKD5E3038
6,DF2-DC330,1.0,1.0,DF2-MC330
4,DF2-DC426,70.0,1000.0,SKD11030055
5,DF2-DC426,1.0,1.0,SKD5E3050
6,DF2-DC426,1.0,1.0,DF2-MC426
4,DF2-DC6,129.0,1000.0,SKD11030055
5,DF2-DC6,1.0,1.0,SKD5E3095
6,DF2-DC6,1.0,1.0,DF2-MC6
4,DF2-DC7,125.0,1000.0,SKD11030055
5,DF2-DC7,1.0,1.0,SKD5E3092
6,DF2-DC7,1.0,1.0,DF2-MC7
4,DF2-DD117,65.0,1000.0,SKD11030055
5,DF2-DD117,1.0,1.0,SKD5E3048
6,DF2-DD117,1.0,1.0,DF2-MD117
4,DF2-DT1,65.0,1000.0,SUJ3038068
5,DF2-DT1,1.0,1.0,S6H2830P
6,DF2-DT1,1.0,1.0,DF2-MT1
4,DF2-DT2,75.0,1000.0,SUJ3038068
5,DF2-DT2,1.0,1.0,S6H3828
6,DF2-DT2,1.0,1.0,DF2-MT2
4,DF2-DT3,65.0,1000.0,SUJ3038068
5,DF2-DT3,1.0,1.0,S6H2830P
6,DF2-DT3,1.0,1.0,DF2-MT3
4,DF2-DT4,60.0,1000.0,SUJ3032068
5,DF2-DT4,1.0,1.0,S6H3228
6,DF2-DT4,1.0,1.0,DF2-MT4
4,DF2-DT7,45.0,1000.0,SUJ3032085
5,DF2-DT7,1.0,1.0,S8E3215
6,DF2-DT7,1.0,1.0,DF2-MT7
4,DF2-DW4C,50.0,1000.0,SUJ3038068
5,DF2-DW4C,1.0,1.0,S6H2520P
6,DF2-DW4C,1.0,1.0,DF2-MW4C
4,DF2-DX1B,50.0,1000.0,SUJ3038068
5,DF2-DX1B,1.0,1.0,S6H2130P
6,DF2-DX1B,1.0,1.0,DF2-MX1B
4,DF2-DY3B,45.0,1000.0,SUJ3038068
5,DF2-DY3B,1.0,1.0,S6H3416P
6,DF2-DY3B,1.0,1.0,DF2-MY3B
5,DF2-DY8,55.0,1000.0,SUJ3032085
6,DF2-DY8,1.0,1.0,DF2-MY8
4,DF2-DY9B,50.0,1000.0,SUJ3038068
5,DF2-DY9B,1.0,1.0,S6H2520P
6,DF2-DY9B,1.0,1.0,DF2-MY9B
4,DF2L-DY1A26,75.0,1000.0,SUJ3038068
5,DF2L-DY1A26,1.0,1.0,S6H3828
6,DF2L-DY1A26,1.0,1.0,DF2L-MY1A26
5,DF2L-MY3,75.0,1000.0,SUJ3016016
6,DF2L-MY3,1.0,1.0,S161630
5,DF2-MY122,75.0,1000.0,SUJ3038068
6,DF2-MY122,1.0,1.0,S6H3828
4,DF-3501-52011AA30,27.0,1000.0,SKD11022067
5,DF-3501-52011AA30,1.0,1.0,SKD6G2222
6,DF-3501-52011AA30,1.0,1.0,MA-3501-52011AA30
4,DF-3501-52012AA26,86.0,1000.0,SKD11029082
5,DF-3501-52012AA26,1.0,1.0,SKD8B2944
6,DF-3501-52012AA26,1.0,1.0,MA-3501-52012AA26
4,DF-3501-52012AA30,86.0,1000.0,SKD11029082
5,DF-3501-52012AA30,1.0,1.0,SKD8B2944
6,DF-3501-52012AA30,1.0,1.0,MA-3501-52012AA30
4,DF-3501-52012AA34,86.0,1000.0,SKD11029082
5,DF-3501-52012AA34,1.0,1.0,SKD8B2944
6,DF-3501-52012AA34,1.0,1.0,MA-3501-52012AA34
4,DF-3501-52012AA38,94.0,1000.0,SKD11029082
5,DF-3501-52012AA38,1.0,1.0,SKD8B2948
6,DF-3501-52012AA38,1.0,1.0,MA-3501-52012AA38
4,DF-3501-52013AA26,63.0,1000.0,SKD11021082
5,DF-3501-52013AA26,1.0,1.0,SKD8B2144
6,DF-3501-52013AA26,1.0,1.0,MA-3501-52013AA26
4,DF-3501-52013AA30,63.0,1000.0,SKD11021082
5,DF-3501-52013AA30,1.0,1.0,SKD8B2144
6,DF-3501-52013AA30,1.0,1.0,MA-3501-52013AA30
4,DF-3501-52013AA34,63.0,1000.0,SKD11021082
5,DF-3501-52013AA34,1.0,1.0,SKD8B2144
6,DF-3501-52013AA34,1.0,1.0,MA-3501-52013AA34
4,DF-3501-52013AA38,68.0,1000.0,SKD11021082
5,DF-3501-52013AA38,1.0,1.0,SKD8B2148
6,DF-3501-52013AA38,1.0,1.0,MA-3501-52013AA38
4,DF-3501-52014AA30,92.0,1000.0,SKD11021082
5,DF-3501-52014AA30,1.0,1.0,SKD8B2165
6,DF-3501-52014AA30,1.0,1.0,MA-3501-52014AA30
4,DF-3501-52032AA26,117.0,1000.0,SKD11029082
5,DF-3501-52032AA26,1.0,1.0,SKD8B2960
6,DF-3501-52032AA26,1.0,1.0,MA-3501-52032AA26
4,DF-3501-62001AA30,131.0,1000.0,SKD11040057
5,DF-3501-62001AA30,1.0,1.0,SKD5G4070
6,DF-3501-62001AA30,1.0,1.0,MA-3501-62001AA30
4,DF-3501-62001AC36,131.0,1000.0,SKD11040057
5,DF-3501-62001AC36,1.0,1.0,SKD5G4070
6,DF-3501-62001AC36,1.0,1.0,MA-3501-62001AA30
4,DF-3501-62002AA26,131.0,1000.0,SKD11040057
5,DF-3501-62002AA26,1.0,1.0,SKD5G4070
6,DF-3501-62002AA26,1.0,1.0,MA-3501-62001AA30
4,DF-3501-62002AA30,131.0,1000.0,SKD11040057
5,DF-3501-62002AA30,1.0,1.0,SKD5G4070
6,DF-3501-62002AA30,1.0,1.0,MA-3501-62001AA30
4,DF-3501-62002BB30,131.0,1000.0,SKD11040057
5,DF-3501-62002BB30,1.0,1.0,SKD5G4070
6,DF-3501-62002BB30,1.0,1.0,MA-3501-62002BB30
4,DF-3501-62002BC36,131.0,1000.0,SKD11040057
5,DF-3501-62002BC36,1.0,1.0,SKD5G4070
6,DF-3501-62002BC36,1.0,1.0,MA-3501-62001AA30
4,DF3-DC030,86.0,1000.0,SKD11029082
5,DF3-DC030,1.0,1.0,SKD8B2944
6,DF3-DC030,1.0,1.0,DF3-MC030
4,DF3-DC1,68.0,1000.0,SKD11021082
5,DF3-DC1,1.0,1.0,SKD8B2148
6,DF3-DC1,1.0,1.0,DF3-MC1
4,DF3-DD114,141.0,1000.0,SKD11027067
5,DF3-DD114,1.0,1.0,SKD6G2795
6,DF3-DD114,1.0,1.0,DF3-MD130
4,DF3-DD118,200.0,1000.0,SKD11040065
5,DF3-DD118,1.0,1.0,SKD6E4092
6,DF3-DD118,1.0,1.0,DF3-MD118
4,DF3-DD121,141.0,1000.0,SKD11027067
5,DF3-DD121,1.0,1.0,SKD6G2795
6,DF3-DD121,1.0,1.0,DF3-MD121
4,DF3-DD124,141.0,1000.0,SKD11027067
5,DF3-DD124,1.0,1.0,SKD6G2795
6,DF3-DD124,1.0,1.0,DF3-MD130
4,DF3-DD126,141.0,1000.0,SKD11027067
5,DF3-DD126,1.0,1.0,SKD6G2795
6,DF3-DD126,1.0,1.0,DF3-MD130
4,DF3-DD130,141.0,1000.0,SKD11027067
5,DF3-DD130,1.0,1.0,SKD6G2795
6,DF3-DD130,1.0,1.0,DF3-MD130
4,DF3-DD330,61.0,1000.0,SKD11022067
5,DF3-DD330,1.0,1.0,SKD6G2250
6,DF3-DD330,1.0,1.0,DF3-MD330
5,DF3-DF1,1.0,1.0,SKD135018
6,DF3-DF1,1.0,1.0,DF3-MF1
6,DF3D-MB1AB30,1.0,1.0,SKD135045
6,DF3D-MB1AC30,1.0,1.0,SKD105042
6,DF3D-MB2AB30,1.0,1.0,SKD105020
6,DF3D-MB3AB30,1.0,1.0,SKD105016
6,DF3D-MB4AC30,1.0,1.0,SKD105038
4,DF3-DW3C30,98.0,1000.0,SKD11029082
5,DF3-DW3C30,1.0,1.0,SKD8B2950
6,DF3-DW3C30,1.0,1.0,DF3-MW3C30
4,DF3-DW4A30,130.0,1000.0,SKD11040082
5,DF3-DW4A30,1.0,1.0,SKD8B4048
6,DF3-DW4A30,1.0,1.0,DF3-MW4A30
4,DF3-DX130,63.0,1000.0,SKD11021082
5,DF3-DX130,1.0,1.0,SKD8B2144
6,DF3-DX130,1.0,1.0,DF3-MX130
4,DF3-DY124,45.0,1000.0,SKD11030070
5,DF3-DY124,1.0,1.0,SKD7Z3026
6,DF3-DY124,1.0,1.0,DF3-MY124
4,DF3-DY130,45.0,1000.0,SKD11030070
5,DF3-DY130,1.0,1.0,SKD7Z3026
6,DF3-DY130,1.0,1.0,DF3-MY130
4,DF3-DY134,45.0,1000.0,SKD11030070
5,DF3-DY134,1.0,1.0,SKD7Z3026
6,DF3-DY134,1.0,1.0,DF3-MY134
4,DF3-DY220,28.0,1000.0,SKD11029082
5,DF3-DY220,1.0,1.0,SKD8B2914
6,DF3-DY220,1.0,1.0,DF3-MY220
4,DF3-DY230,28.0,1000.0,SKD11029082
5,DF3-DY230,1.0,1.0,SKD8B2914
6,DF3-DY230,1.0,1.0,DF3-MY230
4,DF3-DY234,28.0,1000.0,SKD11029082
5,DF3-DY234,1.0,1.0,SKD8B2914
6,DF3-DY234,1.0,1.0,DF3-MY234
4,DF3-DY3B,25.0,1000.0,SKD11030070
5,DF3-DY3B,1.0,1.0,SKD7Z3014
6,DF3-DY3B,1.0,1.0,DF3-MY3B
4,DF3-DY4K30,78.0,1000.0,SKD11029082
5,DF3-DY4K30,1.0,1.0,SKD8B2940
6,DF3-DY4K30,1.0,1.0,DF3-MY4K30
4,DF3-DY4M34,78.0,1000.0,SKD11029082
5,DF3-DY4M34,1.0,1.0,SKD8B2940
6,DF3-DY4M34,1.0,1.0,DF3-MY4M34
4,DF3-DY4N20,78.0,1000.0,SKD11029082
5,DF3-DY4N20,1.0,1.0,SKD8B2940
6,DF3-DY4N20,1.0,1.0,DF3-MY4N20
4,DF3-DY4N26,78.0,1000.0,SKD11029082
5,DF3-DY4N26,1.0,1.0,SKD8B2940
6,DF3-DY4N26,1.0,1.0,DF3-MY4N26
4,DF3-DY4N30,78.0,1000.0,SKD11029082
5,DF3-DY4N30,1.0,1.0,SKD8B2940
6,DF3-DY4N30,1.0,1.0,DF3-MY4N30
4,DF3-DY4N34,68.0,1000.0,SKD11021082
5,DF3-DY4N34,1.0,1.0,SKD8B2148
6,DF3-DY4N34,1.0,1.0,DF3-MY4N34
4,DF3-DY518,68.0,1000.0,SKD11021082
5,DF3-DY518,1.0,1.0,SKD8B2148
6,DF3-DY518,1.0,1.0,DF3-MY518
4,DF3-DY520,68.0,1000.0,SKD11021082
5,DF3-DY520,1.0,1.0,SKD8B2148
6,DF3-DY520,1.0,1.0,DF3-MY520
4,DF3-DY524,68.0,1000.0,SKD11021082
5,DF3-DY524,1.0,1.0,SKD8B2148
6,DF3-DY524,1.0,1.0,DF3-MY524
4,DF3-DY530,68.0,1000.0,SKD11021082
5,DF3-DY530,1.0,1.0,SKD8B2148
6,DF3-DY530,1.0,1.0,DF3-MY530
4,DF3-DY534,68.0,1000.0,SKD11021082
5,DF3-DY534,1.0,1.0,SKD8B2148
6,DF3-DY534,1.0,1.0,DF3-MY534
4,DF3-DY6D20,108.0,1000.0,SKD11040082
5,DF3-DY6D20,1.0,1.0,SKD8B4040
6,DF3-DY6D20,1.0,1.0,DF3-MY6D20
4,DF3-DY6G34,108.0,1000.0,SKD11040082
5,DF3-DY6G34,1.0,1.0,SKD8B4040
6,DF3-DY6G34,1.0,1.0,DF3-MY6G34
4,DF3-DY6H24,108.0,1000.0,SKD11040082
5,DF3-DY6H24,1.0,1.0,SKD8B4040
6,DF3-DY6H24,1.0,1.0,DF3-MY6D24
4,DF3-DY6H34,108.0,1000.0,SKD11040082
5,DF3-DY6H34,1.0,1.0,SKD8B4040
6,DF3-DY6H34,1.0,1.0,DF3-MY6G34
4,DF3-DY720,78.0,1000.0,SKD11029082
5,DF3-DY720,1.0,1.0,SKD8B2940
6,DF3-DY720,1.0,1.0,DF3-MY720
4,DF3-DY730,78.0,1000.0,SKD11029082
5,DF3-DY730,1.0,1.0,SKD8B2940
6,DF3-DY730,1.0,1.0,DF3-MY730
4,DF3-DY734,78.0,1000.0,SKD11029082
5,DF3-DY734,1.0,1.0,SKD8B2940
6,DF3-DY734,1.0,1.0,DF3-MY734
4,DF3-DY818,94.0,1000.0,SKD11029082
5,DF3-DY818,1.0,1.0,SKD8B2948
6,DF3-DY818,1.0,1.0,DF3-MY818
4,DF3-DY820,94.0,1000.0,SKD11029082
5,DF3-DY820,1.0,1.0,SKD8B2948
6,DF3-DY820,1.0,1.0,DF3-MY820
4,DF3-DY830,98.0,1000.0,SKD11029082
5,DF3-DY830,1.0,1.0,SKD8B2950
6,DF3-DY830,1.0,1.0,DF3-MY830
4,DF3-DY834,94.0,1000.0,SKD11029082
5,DF3-DY834,1.0,1.0,SKD8B2948
6,DF3-DY834,1.0,1.0,DF3-MY834
4,DF3-DY920,78.0,1000.0,SKD11029082
5,DF3-DY920,1.0,1.0,SKD8B2940
6,DF3-DY920,1.0,1.0,DF3-MY920
4,DF3-DY930,78.0,1000.0,SKD11029082
5,DF3-DY930,1.0,1.0,SKD8B2940
6,DF3-DY930,1.0,1.0,DF3-MY930
5,DF3-MB1C26,175.0,1000.0,SKD11035065
6,DF3-MB1C26,1.0,1.0,SKD6E3590
6,DF3-MB2AB30,1.0,1.0,SKD135021
5,DF3-MD3B30,61.0,1000.0,SKD11022067
6,DF3-MD3B30,1.0,1.0,SKD6G2250
5,DF3-MD3B34,61.0,1000.0,SKD11022067
6,DF3-MD3B34,1.0,1.0,SKD6G2250
5,DF3-MW434,130.0,1000.0,SKD11040082
6,DF3-MW434,1.0,1.0,SKD8B4048
5,DF3-MX030,86.0,1000.0,SKD11029082
6,DF3-MX030,1.0,1.0,SKD8B2944
5,DF3-MX034,86.0,1000.0,SKD11029082
6,DF3-MX034,1.0,1.0,SKD8B2944
5,DF3-MX0AA30,86.0,1000.0,SKD11029082
6,DF3-MX0AA30,1.0,1.0,SKD8B2944
5,DF3-MX134,63.0,1000.0,SKD11021082
6,DF3-MX134,1.0,1.0,SKD8B2144
5,DF3-MX1AA38,63.0,1000.0,SKD11021082
6,DF3-MX1AA38,1.0,1.0,SKD8B2144
5,DF3-MY120,45.0,1000.0,SKD11030070
6,DF3-MY120,1.0,1.0,SKD7Z3026
5,DF3-MY1FA30,45.0,1000.0,SKD11030070
6,DF3-MY1FA30,1.0,1.0,SKD7Z3026
5,DF3-MY4PA30,78.0,1000.0,SKD11029082
6,DF3-MY4PA30,1.0,1.0,SKD8B2940
5,DF3-MY526,68.0,1000.0,SKD11021082
6,DF3-MY526,1.0,1.0,SKD8B2148
5,DF3-MY5AA38,68.0,1000.0,SKD11021082
6,DF3-MY5AA38,1.0,1.0,SKD8B2148
5,DF3-MY6JA30,108.0,1000.0,SKD11040082
6,DF3-MY6JA30,1.0,1.0,SKD8B4040
5,DF3-MY6JA34,108.0,1000.0,SKD11040082
6,DF3-MY6JA34,1.0,1.0,SKD8B4040
5,DF3-MY6LA30,108.0,1000.0,SKD11040082
6,DF3-MY6LA30,1.0,1.0,SKD8B4040
5,DF3-MY726,78.0,1000.0,SKD11029082
6,DF3-MY726,1.0,1.0,SKD8B2940
5,DF3-MY7AA30,78.0,1000.0,SKD11029082
6,DF3-MY7AA30,1.0,1.0,SKD8B2940
5,DF3-MY7AA34,78.0,1000.0,SKD11029082
6,DF3-MY7AA34,1.0,1.0,SKD8B2940
5,DF3-MY934,78.0,1000.0,SKD11029082
6,DF3-MY934,1.0,1.0,SKD8B2940
5,DF3-MY9AA38,78.0,1000.0,SKD11029082
6,DF3-MY9AA38,1.0,1.0,SKD8B2940
4,DF3R-DY1AA34,45.0,1000.0,SKD11030070
5,DF3R-DY1AA34,1.0,1.0,SKD7Z3026
6,DF3R-DY1AA34,1.0,1.0,DF3R-MY1AA34
4,DF3R-DY2AA34,28.0,1000.0,SKD11029082
5,DF3R-DY2AA34,1.0,1.0,SKD8B2914
6,DF3R-DY2AA34,1.0,1.0,DF3R-MY2AA34
4,DF3R-DY3BA,25.0,1000.0,SKD11030070
5,DF3R-DY3BA,1.0,1.0,SKD7Z3014
6,DF3R-DY3BA,1.0,1.0,DF3R-MY3BA
4,DF3R-DY4AA34,78.0,1000.0,SKD11029082
5,DF3R-DY4AA34,1.0,1.0,SKD8B2940
6,DF3R-DY4AA34,1.0,1.0,DF3R-MY4AA34
4,DF3R-DY5AA34,68.0,1000.0,SKD11021082
5,DF3R-DY5AA34,1.0,1.0,SKD8B2148
6,DF3R-DY5AA34,1.0,1.0,DF3R-MY5AA34
4,DF3R-DY6AA34,108.0,1000.0,SKD11040082
5,DF3R-DY6AA34,1.0,1.0,SKD8B4040
6,DF3R-DY6AA34,1.0,1.0,DF3R-MY6AA34
4,DF3R-DY6BA34,108.0,1000.0,SKD11040082
5,DF3R-DY6BA34,1.0,1.0,SKD8B4040
6,DF3R-DY6BA34,1.0,1.0,DF3R-MY6AA34
6,DFFY6-MB1AA34,1.0,1.0,SKD105056
6,DFFY6-MB4AA34,1.0,1.0,SKD105021
6,DFFY6-MB5AA34,1.0,1.0,SKD105043
5,DFFY6-MY1AA34,33.0,1000.0,SKD11025067
6,DFFY6-MY1AA34,1.0,1.0,SKD6G2524
5,DFFY6-MY2AA34,75.0,1000.0,SKD11029082
6,DFFY6-MY2AA34,1.0,1.0,SKD8B2938
5,DFFY6-MY3AA34,42.0,1000.0,SKD11030070
6,DFFY6-MY3AA34,1.0,1.0,SKD7Z3024
5,DFFY6-MY4AA34,59.0,1000.0,SKD11029082
6,DFFY6-MY4AA34,1.0,1.0,SKD8B2930
5,DFFY6-MY5AA34,108.0,1000.0,SKD11029082
6,DFFY6-MY5AA34,1.0,1.0,SKD8B2955
5,DFFY6-MY6AA34,108.0,1000.0,SKD11029082
6,DFFY6-MY6AA34,1.0,1.0,SKD8B2955
5,DFK3.2-MB1AA30,117.0,1000.0,SKD11035090
6,DFK3.2-MB1AA30,1.0,1.0,SKD9Z3545
5,DFK3.2-MB3AA30,143.0,1000.0,SKD11035090
6,DFK3.2-MB3AA30,1.0,1.0,SKD9Z3555
5,DFK3.2-MT6BA30,84.0,1000.0,SKD11040085
6,DFK3.2-MT6BA30,1.0,1.0,SKD8E4030
5,DFK3.2-MY6BA30,84.0,1000.0,SKD11040085
6,DFK3.2-MY6BA30,1.0,1.0,SKD8E4030
4,DF-SPL-1123A,69.0,1000.0,SKD11030070
5,DF-SPL-1123A,1.0,1.0,SKD7Z3040
6,DF-SPL-1123A,1.0,1.0,MU-SPL-1123A
4,DF-SPL-1125C,117.0,1000.0,SKD11029082
5,DF-SPL-1125C,1.0,1.0,SKD8B2960
6,DF-SPL-1125C,1.0,1.0,MA-SPL-1125C
5,DF-SPL-1211C,220.0,1000.0,SUJ3047068-H
6,DF-SPL-1211C,1.0,1.0,S6H4772
5,DF-SPL-1211D,130.0,1000.0,SUJ3032068
6,DF-SPL-1211D,1.0,1.0,S6H3260
5,DF-SPL-1211E,130.0,1000.0,SUJ3032068
6,DF-SPL-1211E,1.0,1.0,S6H3260
5,DF-SPL-1211F,130.0,1000.0,SUJ3032068
6,DF-SPL-1211F,1.0,1.0,S6H3260
4,DF-SPL-1681RA30,78.0,1000.0,SKD11021082
5,DF-SPL-1681RA30,1.0,1.0,SKD8B2155
6,DF-SPL-1681RA30,1.0,1.0,MA-SPL-1681RA30
4,DF-SPL-1681TA30,38.0,1000.0,SKD11025055
5,DF-SPL-1681TA30,1.0,1.0,SKD5E2532
6,DF-SPL-1681TA30,1.0,1.0,MA-SPL-1681TA30
4,DF-SPL-1681UA30,49.0,1000.0,SKD11025067
5,DF-SPL-1681UA30,1.0,1.0,SKD6G2535
6,DF-SPL-1681UA30,1.0,1.0,MA-SPL-1681UA30
4,DF-SPL-1681VA30,28.0,1000.0,SKD11025067
5,DF-SPL-1681VA30,1.0,1.0,SKD6G2520
6,DF-SPL-1681VA30,1.0,1.0,MA-SPL-1681VA30
4,DF-SPL-1681XA30,83.0,1000.0,SKD11025067
5,DF-SPL-1681XA30,1.0,1.0,SKD6G2560
6,DF-SPL-1681XA30,1.0,1.0,MA-SPL-1681XA30
4,DF-SPL-948A,54.0,1000.0,SKD11027067
5,DF-SPL-948A,1.0,1.0,SKD6G2737
6,DF-SPL-948A,1.0,1.0,MA-SPL-948A
5,DFY6-MB1AA30,139.0,1000.0,SKD11040065
6,DFY6-MB1AA30,1.0,1.0,SKD6E4065
5,DFY6-MB2AA30,139.0,1000.0,SKD11040065
6,DFY6-MB2AA30,1.0,1.0,SKD6E4065
5,DFY6-MY1AA30,56.0,1000.0,SKD11030070
6,DFY6-MY1AA30,1.0,1.0,SKD7Z3032
5,DFY6-MY2AA30,31.0,1000.0,SKD11025067
6,DFY6-MY2AA30,1.0,1.0,SKD6G2522
5,DFY6-MY3AA30,78.0,1000.0,SKD11029082
6,DFY6-MY3AA30,1.0,1.0,SKD8B2940
5,DFY6-MY4AA30,112.0,1000.0,SKD11030070
6,DFY6-MY4AA30,1.0,1.0,SKD7Z3065
5,DFY6-MY5AA30,47.0,1000.0,SKD11030070
6,DFY6-MY5AA30,1.0,1.0,SKD7Z3027
5,DFY6-MY6AA30,78.0,1000.0,SKD11035090
6,DFY6-MY6AA30,1.0,1.0,SKD9Z3530
5,DFY6-MY7AA30,39.0,1000.0,SKD11027067
6,DFY6-MY7AA30,1.0,1.0,SKD6G2726
5,DFY6-MY8AA30,92.0,1000.0,SKD11021082
6,DFY6-MY8AA30,1.0,1.0,SKD8B2165
5,DFY6-MY9AA30,85.0,1000.0,SKD11021082
6,DFY6-MY9AA30,1.0,1.0,SKD8B2160
4,DFY-DB230,85.0,1000.0,SKD11030055
5,DFY-DB230,1.0,1.0,SKD5E3060
6,DFY-DB230,1.0,1.0,DFY-MB230
4,DFY-DB3B26,100.0,1000.0,SKD11030055
5,DFY-DB3B26,1.0,1.0,SKD5E3070
6,DFY-DB3B26,1.0,1.0,DFY-MB3B26
4,DFY-DT230,47.0,1000.0,SKD11030070
5,DFY-DT230,1.0,1.0,SKD7Z3027
6,DFY-DT230,1.0,1.0,DFY-MT230
4,DFY-DT3C30,52.0,1000.0,SKD11035067
5,DFY-DT3C30,1.0,1.0,SKD6G3527
6,DFY-DT3C30,1.0,1.0,DFY-MT3C30
4,DFY-DW230,62.0,1000.0,SKD11035067
5,DFY-DW230,1.0,1.0,SKD6G3532
6,DFY-DW230,1.0,1.0,DFY-MW230
4,DFY-DX126,104.0,1000.0,SKD11030070
5,DFY-DX126,1.0,1.0,SKD7Z3060
6,DFY-DX126,1.0,1.0,DFY-MX126
4,DFY-DX130,95.0,1000.0,SKD11030070
5,DFY-DX130,1.0,1.0,SKD7Z3055
6,DFY-DX130,1.0,1.0,DFY-MX130
4,DFY-DY126,68.0,1000.0,SKD11035067
5,DFY-DY126,1.0,1.0,SKD6G3535
6,DFY-DY126,1.0,1.0,DFY-MY126
4,DFY-DY130,56.0,1000.0,SKD11030070
5,DFY-DY130,1.0,1.0,SKD7Z3032
6,DFY-DY130,1.0,1.0,DFY-MY130
5,DFY-DY1C26,68.0,1000.0,SKD11035067
6,DFY-DY1C26,1.0,1.0,SKD6G3535
4,DFY-DY2,31.0,1000.0,SKD11025067
5,DFY-DY2,1.0,1.0,SKD6G2522
6,DFY-DY2,1.0,1.0,DFY-MY2
4,DFY-DY3,45.0,1000.0,SKD11030070
5,DFY-DY3,1.0,1.0,SKD7Z3026
6,DFY-DY3,1.0,1.0,DFY-MY3
4,DFY-DY326,64.0,1000.0,SKD11030070
5,DFY-DY326,1.0,1.0,SKD7Z3037
6,DFY-DY326,1.0,1.0,DFY-MY326
4,DFY-DY334,67.0,1000.0,SKD11032072
5,DFY-DY334,1.0,1.0,SKD7B3235
6,DFY-DY334,1.0,1.0,DFY-MY334
4,DFY-DY4,93.0,1000.0,SKD11030070
5,DFY-DY4,1.0,1.0,SKD7Z3054
6,DFY-DY4,1.0,1.0,DFY-MY4
4,DFY-DY426,104.0,1000.0,SKD11030070
5,DFY-DY426,1.0,1.0,SKD7Z3060
6,DFY-DY426,1.0,1.0,DFY-MY426
4,DFY-DY5,45.0,1000.0,SKD11030070
5,DFY-DY5,1.0,1.0,SKD7Z3026
6,DFY-DY5,1.0,1.0,DFY-MY5
4,DFY-DY526,68.0,1000.0,SKD11035067
5,DFY-DY526,1.0,1.0,SKD6G3535
6,DFY-DY526,1.0,1.0,DFY-MY526
4,DFY-DY6A26,98.0,1000.0,SKD11040085
5,DFY-DY6A26,1.0,1.0,SKD8E4035
6,DFY-DY6A26,1.0,1.0,DFY-MY6A26
4,DFY-DY6A30,84.0,1000.0,SKD11040085
5,DFY-DY6A30,1.0,1.0,SKD8E4030
6,DFY-DY6A30,1.0,1.0,DFY-MY6A30
4,DFY-DY6A34,84.0,1000.0,SKD11040085
5,DFY-DY6A34,1.0,1.0,SKD8E4030
6,DFY-DY6A34,1.0,1.0,DFY-MY6A34
4,DFY-DY6B26,98.0,1000.0,SKD11040085
5,DFY-DY6B26,1.0,1.0,SKD8E4035
6,DFY-DY6B26,1.0,1.0,DFY-MY6B26
4,DFY-DY6C26,98.0,1000.0,SKD11040085
5,DFY-DY6C26,1.0,1.0,SKD8E4035
6,DFY-DY6C26,1.0,1.0,DFY-MY6C26
4,DFY-DY6C34,84.0,1000.0,SKD11040085
5,DFY-DY6C34,1.0,1.0,SKD8E4030
6,DFY-DY6C34,1.0,1.0,DFY-MY6C34
4,DFY-DY726,62.0,1000.0,SKD11035067
5,DFY-DY726,1.0,1.0,SKD6G3532
6,DFY-DY726,1.0,1.0,DFY-MY726
4,DFY-DY730,44.0,1000.0,SKD11027067
5,DFY-DY730,1.0,1.0,SKD6G2729
6,DFY-DY730,1.0,1.0,DFY-MY730
4,DFY-DY826,85.0,1000.0,SKD11021082
5,DFY-DY826,1.0,1.0,SKD8B2160
6,DFY-DY826,1.0,1.0,DFY-MY826
4,DFY-DY830,78.0,1000.0,SKD11021082
5,DFY-DY830,1.0,1.0,SKD8B2155
6,DFY-DY830,1.0,1.0,DFY-MY830
5,DFY-MB130,85.0,1000.0,SKD11030055
6,DFY-MB130,1.0,1.0,SKD5E3060
5,DFY-MB1AA30,100.0,1000.0,SKD11030055
6,DFY-MB1AA30,1.0,1.0,SKD5E3070
5,DFY-MB1AA36,100.0,1000.0,SKD11030055
6,DFY-MB1AA36,1.0,1.0,SKD5E3070
5,DFY-MB2AA36,100.0,1000.0,SKD11030055
6,DFY-MB2AA36,1.0,1.0,SKD5E3070
5,DFY-MB2B34,90.0,1000.0,SKD11030055
6,DFY-MB2B34,1.0,1.0,SKD5E3064
5,DFY-MY134,61.0,1000.0,SKD11030070
6,DFY-MY134,1.0,1.0,SKD7Z3035
5,DFY-MY1AA36,71.0,1000.0,SKD11033065
6,DFY-MY1AA36,1.0,1.0,SKD6E3340
5,DFY-MY230,31.0,1000.0,SKD11025067
6,DFY-MY230,1.0,1.0,SKD6G2522
5,DFY-MY2AA36,35.0,1000.0,SKD11027067
6,DFY-MY2AA36,1.0,1.0,SKD6G2723
5,DFY-MY3AA36,68.0,1000.0,SKD11030072
6,DFY-MY3AA36,1.0,1.0,SKD7B3038
5,DFY-MY434,114.0,1000.0,SKD11032072
6,DFY-MY434,1.0,1.0,SKD7B3260
5,DFY-MY4AA36,112.0,1000.0,SKD11030070
6,DFY-MY4AA36,1.0,1.0,SKD7Z3065
5,DFY-MY534,52.0,1000.0,SKD11030070
6,DFY-MY534,1.0,1.0,SKD7Z3030
5,DFY-MY5AA36,64.0,1000.0,SKD11033065
6,DFY-MY5AA36,1.0,1.0,SKD6E3336
5,DFY-MY6AA36,108.0,1000.0,SKD11040082
6,DFY-MY6AA36,1.0,1.0,SKD8B4040
5,DFY-MY6C30,84.0,1000.0,SKD11040085
6,DFY-MY6C30,1.0,1.0,SKD8E4030
5,DFY-MY6CA36,108.0,1000.0,SKD11040082
6,DFY-MY6CA36,1.0,1.0,SKD8B4040
5,DFY-MY734,44.0,1000.0,SKD11027067
6,DFY-MY734,1.0,1.0,SKD6G2729
5,DFY-MY7AA36,64.0,1000.0,SKD11033065
6,DFY-MY7AA36,1.0,1.0,SKD6E3336
5,DFY-MY834,85.0,1000.0,SKD11021082
6,DFY-MY834,1.0,1.0,SKD8B2160
5,DFY-MY8AA36,92.0,1000.0,SKD11021082
6,DFY-MY8AA36,1.0,1.0,SKD8B2165
5,DSP-MB1AA30,134.0,1000.0,SKD11040085
6,DSP-MB1AA30,1.0,1.0,SKD8E4048
6,DSP-MB1AA44,1.0,1.0,SKD105040
5,DSP-MB2AA26,117.0,1000.0,SKD11035090
6,DSP-MB2AA26,1.0,1.0,SKD9Z3545
5,DSP-MC1AA30,117.0,1000.0,SKD11035090
6,DSP-MC1AA30,1.0,1.0,SKD9Z3545
5,DSP-MC2AA30,140.0,1000.0,SKD11050085
6,DSP-MC2AA30,1.0,1.0,SKD8E5040
5,DSP-MY1AA30,30.0,1000.0,SKD11027067
6,DSP-MY1AA30,1.0,1.0,SKD6G2720
5,DSP-MY2AA26,76.0,1000.0,SKD11032072
6,DSP-MY2AA26,1.0,1.0,SKD7B3240
5,DSP-MY2AA30,69.0,1000.0,SKD11030070
6,DSP-MY2AA30,1.0,1.0,SKD7Z3040
5,DSP-MY2AA44,69.0,1000.0,SKD11030070
6,DSP-MY2AA44,1.0,1.0,SKD7Z3040
5,E3.2RE-MY1AA30,78.0,1000.0,SKD11047067
6,E3.2RE-MY1AA30,1.0,1.0,SKD6G4730
5,E3.2RE-MY1AA30-KYOSHIN,78.0,1000.0,SKD11047067
6,E3.2RE-MY1AA30-KYOSHIN,1.0,1.0,SKD6G4730
5,E3.2RE-MY1AA30-TEMP,78.0,1000.0,SKD11047067
6,E3.2RE-MY1AA30-TEMP,1.0,1.0,SKD6G4730
5,E3.2RE-MY1AA30-TEMP-MITU,78.0,1000.0,SKD11047067
6,E3.2RE-MY1AA30-TEMP-MITU,1.0,1.0,SKD6G4730
5,E3.2RE-MY1AA30-XDF,78.0,1000.0,SKD11047067
6,E3.2RE-MY1AA30-XDF,1.0,1.0,SKD6G4730
5,E3.2RE-MY1AA30-XDF-MITU,78.0,1000.0,SKD11047067
6,E3.2RE-MY1AA30-XDF-MITU,1.0,1.0,SKD6G4730
5,E3.2RE-MY2BA30,78.0,1000.0,SKD11047067
6,E3.2RE-MY2BA30,1.0,1.0,SKD6G4730
5,E3.2RE-MY2BA30-TEMP,78.0,1000.0,SKD11047067
6,E3.2RE-MY2BA30-TEMP,1.0,1.0,SKD6G4730
5,E3.2RE-MY2BA30-TEMP-MITU,78.0,1000.0,SKD11047067
6,E3.2RE-MY2BA30-TEMP-MITU,1.0,1.0,SKD6G4730
5,ER11-MB1AA42,33.0,1000.0,SKD11035067
6,ER11-MB1AA42,1.0,1.0,SKD6G3517
5,ER11-MB2AA42,33.0,1000.0,SKD11035067
6,ER11-MB2AA42,1.0,1.0,SKD6G3517
5,ER11-MB3AA34,64.0,1000.0,SKD11040065
6,ER11-MB3AA34,1.0,1.0,SKD6E4030
5,ER11-MB3AA40,64.0,1000.0,SKD11040065
6,ER11-MB3AA40,1.0,1.0,SKD6E4030
5,ER11-MB3AA42,69.0,1000.0,SKD11040065
6,ER11-MB3AA42,1.0,1.0,SKD6E4032
5,ER11-MB4AA40,56.0,1000.0,SKD11035067
6,ER11-MB4AA40,1.0,1.0,SKD6E3530
5,ER11-MB4AA42,56.0,1000.0,SKD11035067
6,ER11-MB4AA42,1.0,1.0,SKD6E3530
5,ER11-MB5AA40,87.0,1000.0,SKD11035065
6,ER11-MB5AA40,1.0,1.0,SKD6E3545
5,ER11-MB5AA42,117.0,1000.0,SKD11035065
6,ER11-MB5AA42,1.0,1.0,SKD6E3560
5,ER11-MB6AA40,87.0,1000.0,SKD11035065
6,ER11-MB6AA40,1.0,1.0,SKD6E3543
5,ER11-MB6AA42,87.0,1000.0,SKD11035065
6,ER11-MB6AA42,1.0,1.0,SKD6E3543
5,ER11-MX5CA36,66.0,1000.0,SKD11025067
6,ER11-MX5CA36,1.0,1.0,SKD6G2548
5,ER11-MY1AA34,55.0,1000.0,SKD11025055
6,ER11-MY1AA34,1.0,1.0,SKD5E2548
5,ER11-MY1AA36,55.0,1000.0,SKD11025055
6,ER11-MY1AA36,1.0,1.0,SKD5E2548
5,ER11-MY1AA40,55.0,1000.0,SKD11025055
6,ER11-MY1AA40,1.0,1.0,SKD5E2548
5,ER11-MY1AA42,57.0,1000.0,SKD11025055
6,ER11-MY1AA42,1.0,1.0,SKD5E2550
5,ER11-MY2AA34,62.0,1000.0,SKD11025067
6,ER11-MY2AA34,1.0,1.0,SKD6G2545
5,ER11-MY2AA36,62.0,1000.0,SKD11025067
6,ER11-MY2AA36,1.0,1.0,SKD6G2545
5,ER11-MY2AA40,66.0,1000.0,SKD11025067
6,ER11-MY2AA40,1.0,1.0,SKD6G2548
5,ER11-MY2AA42,69.0,1000.0,SKD11025067
6,ER11-MY2AA42,1.0,1.0,SKD6G2550
5,FDRLSP-MB1AA26,30.0,1000.0,SKD11027067
6,FDRLSP-MB1AA26,1.0,1.0,SKD6G2720
5,FDRLSP-MB2AA26,30.0,1000.0,SKD11027067
6,FDRLSP-MB2AA26,1.0,1.0,SKD6G2720
5,FDRLSP-MB5AA26,69.0,1000.0,SKD11025067
6,FDRLSP-MB5AA26,1.0,1.0,SKD6G2550
5,FDRLSP-MY2AA26,48.0,1000.0,SKD11027067
6,FDRLSP-MY2AA26,1.0,1.0,SKD6G2732
5,FDRLSP-MY3AA26,79.0,1000.0,SKD11027067
6,FDRLSP-MY3AA26,1.0,1.0,SKD6G2753
5,FDRM-MB1AA26,42.0,1000.0,SKD11025067
6,FDRM-MB1AA26,1.0,1.0,SKD6G2530
5,FDRM-MY1AA26,38.0,1000.0,SKD11025055
6,FDRM-MY1AA26,1.0,1.0,SKD5E2532
4,FL2-DW130,44.0,1000.0,SKD11030070
5,FL2-DW130,1.0,1.0,SKD7Z3025
6,FL2-DW130,1.0,1.0,FL2-MW130
4,FL2-DY2,35.0,1000.0,SKD11025067
5,FL2-DY2,1.0,1.0,SKD6G2525
6,FL2-DY2,1.0,1.0,FL2-MY2
4,FL2-DY3,26.0,1000.0,SKD11022067
5,FL2-DY3,1.0,1.0,SKD6G2220
6,FL2-DY3,1.0,1.0,FL2-MY3
4,FL2-DY6,30.0,1000.0,SKD11022067
5,FL2-DY6,1.0,1.0,SKD6G2224
6,FL2-DY6,1.0,1.0,FL2-MY6
4,FL4-DC02AA30,168.0,1000.0,SKD11050085
5,FL4-DC02AA30,1.0,1.0,SKD8E5048
6,FL4-DC02AA30,1.0,1.0,FL4-MC02AA30
4,FL4-DX12BB30,35.0,1000.0,SKD11025067
5,FL4-DX12BB30,1.0,1.0,SKD6G2525
6,FL4-DX12BB30,1.0,1.0,FL4-MX12BB30
4,FL4-DX14BB30,62.0,1000.0,SKD11025067
5,FL4-DX14BB30,1.0,1.0,SKD6G2545
6,FL4-DX14BB30,1.0,1.0,FL4-MX14BB30
5,FL4-MX11AA,28.0,1000.0,SKD11025067
6,FL4-MX11AA,1.0,1.0,SKD6G2520
5,FL4-MX14AA30,62.0,1000.0,SKD11025067
6,FL4-MX14AA30,1.0,1.0,SKD6G2545
5,FL4-MX14AA38,62.0,1000.0,SKD11025067
6,FL4-MX14AA38,1.0,1.0,SKD6G2545
4,FLD-DB1,98.0,1000.0,SKD11035055
5,FLD-DB1,1.0,1.0,SKD5E3555
6,FLD-DB1,1.0,1.0,FLD-MB1
4,FLD-DS1,39.0,1000.0,SKD11027067
5,FLD-DS1,1.0,1.0,SKD6G2726
6,FLD-DS1,1.0,1.0,FLD-MS1
4,FLD-DS2,35.0,1000.0,SKD11030070
5,FLD-DS2,1.0,1.0,SKD7Z3020
6,FLD-DS2,1.0,1.0,FLD-MS2
4,FLD-DY1,30.0,1000.0,SKD11027067
5,FLD-DY1,1.0,1.0,SKD6G2720
6,FLD-DY1,1.0,1.0,FLD-MY1
4,FLD-DY1W,30.0,1000.0,SKD11027067
5,FLD-DY1W,1.0,1.0,SKD6G2720
6,FLD-DY1W,1.0,1.0,FLD-MY1W
4,FLD-DY2,44.0,1000.0,SKD11030070
5,FLD-DY2,1.0,1.0,SKD7Z3025
6,FLD-DY2,1.0,1.0,FLD-MY2
4,FLD-DY4,85.0,1000.0,SKD11032072
5,FLD-DY4,1.0,1.0,SKD7B3245
6,FLD-DY4,1.0,1.0,FLD-MY4
4,FLD-DY4W,85.0,1000.0,SKD11032072
5,FLD-DY4W,1.0,1.0,SKD7B3245
6,FLD-DY4W,1.0,1.0,FLD-MY4W
6,FLD-MB1AA52,1.0,1.0,SKD105054
5,FLD-MB238,98.0,1000.0,SKD11035055
6,FLD-MB238,1.0,1.0,SKD5E3555
5,FLD-MB2AA30,98.0,1000.0,SKD11035055
6,FLD-MB2AA30,1.0,1.0,SKD5E3555
5,FLD-MS5AA,39.0,1000.0,SKD11027067
6,FLD-MS5AA,1.0,1.0,SKD6G2726
4,FLP-DB1,70.0,1000.0,SKD11030055
5,FLP-DB1,1.0,1.0,SKD5E3050
6,FLP-DB1,1.0,1.0,FLP-MB1
4,FLP-DB136,85.0,1000.0,SKD11030055
5,FLP-DB136,1.0,1.0,SKD5E3060
6,FLP-DB136,1.0,1.0,FLP-MB136
4,FLP-DB6,51.0,1000.0,SKD11025055
5,FLP-DB6,1.0,1.0,SKD5E2545
6,FLP-DB6,1.0,1.0,FLP-MB6
4,FLP-DB636,45.0,1000.0,SKD11022055
5,FLP-DB636,1.0,1.0,SKD5E2245
6,FLP-DB636,1.0,1.0,FLP-MB636
4,FLP-DY1C,44.0,1000.0,SKD11027067
5,FLP-DY1C,1.0,1.0,SKD6G2729
6,FLP-DY1C,1.0,1.0,FLP-MY1C
4,FLP-DY1CW,41.0,1000.0,SKD11027067
5,FLP-DY1CW,1.0,1.0,SKD6G2727
6,FLP-DY1CW,1.0,1.0,FLP-MY1CW
4,FLP-DY2C,29.0,1000.0,SKD11035067
5,FLP-DY2C,1.0,1.0,SKD6G3515
6,FLP-DY2C,1.0,1.0,FLP-MY2C
4,FLP-DY2C38,29.0,1000.0,SKD11035067
5,FLP-DY2C38,1.0,1.0,SKD6G3515
6,FLP-DY2C38,1.0,1.0,FLP-MY2C38
4,FLP-DY6C,44.0,1000.0,SKD11027067
5,FLP-DY6C,1.0,1.0,SKD6G2729
6,FLP-DY6C,1.0,1.0,FLP-MY1C
4,FLPJ2-DB2A30,55.0,1000.0,SUJ3038068
5,FLPJ2-DB2A30,1.0,1.0,S6H2630P
6,FLPJ2-DB2A30,1.0,1.0,FLPJ2-MB2A30
4,FLPJ2-DB4A30,62.0,1000.0,SKD11015067
5,FLPJ2-DB4A30,1.0,1.0,SKD6G1556
6,FLPJ2-DB4A30,1.0,1.0,FLPJ2-MB4A30
4,FLPJ2-DC1A30,19.0,1000.0,SKD11035065
5,FLPJ2-DC1A30,1.0,1.0,SKD6E3515
6,FLPJ2-DC1A30,1.0,1.0,FLPJ2-MC1A30
4,FLPJ2-DC2A30,35.0,1000.0,SKD11027067
5,FLPJ2-DC2A30,1.0,1.0,SKD6G2723
6,FLPJ2-DC2A30,1.0,1.0,FLPJ2-MC2A30
4,FLPJ2-DY1A30,67.0,1000.0,SKD11027067
5,FLPJ2-DY1A30,1.0,1.0,SKD6G2745
6,FLPJ2-DY1A30,1.0,1.0,FLPJ2-MY1A30
4,FLPJ2-DY2A30,67.0,1000.0,SKD11027067
5,FLPJ2-DY2A30,1.0,1.0,SKD6G2745
6,FLPJ2-DY2A30,1.0,1.0,FLPJ2-MY2A30
4,FLPJ2-DY3A30,67.0,1000.0,SKD11027067
5,FLPJ2-DY3A30,1.0,1.0,SKD6G2745
6,FLPJ2-DY3A30,1.0,1.0,FLPJ2-MY3A30
6,FLPJV-DB5AA26,1.0,1.0,FLPJ2V-MB1AA26
4,FLPJV-DB6AA26,75.0,1000.0,SUJ3038068
5,FLPJV-DB6AA26,1.0,1.0,S6H3828
6,FLPJV-DB6AA26,1.0,1.0,FLPJV-MB2AA26
4,FLPJV-DY1AA26,75.0,1000.0,SUJ3038068
5,FLPJV-DY1AA26,1.0,1.0,S6H3828
6,FLPJV-DY1AA26,1.0,1.0,FLPJV-MY1AA26
4,FLPJV-DY2AA26,75.0,1000.0,SUJ3038068
5,FLPJV-DY2AA26,1.0,1.0,S6H3828
6,FLPJV-DY2AA26,1.0,1.0,FLPJV-MY2AA26
4,FLPJV-DY3AA26,75.0,1000.0,SUJ3038068
5,FLPJV-DY3AA26,1.0,1.0,S6H3828
6,FLPJV-DY3AA26,1.0,1.0,FLPJV-MY3AA26
5,FLP-MX1CW,75.0,1000.0,SUJ3038068
6,FLP-MX1CW,1.0,1.0,S6H3828
4,FLRSCL-DB1AA22,31.0,1000.0,SKD11025067
5,FLRSCL-DB1AA22,1.0,1.0,SKD6G2522
6,FLRSCL-DB1AA22,1.0,1.0,FLRSCL-MB1AA22
4,FLRSCL-DB2AA22,28.0,1000.0,SKD11025067
5,FLRSCL-DB2AA22,1.0,1.0,SKD6G2520
6,FLRSCL-DB2AA22,1.0,1.0,FLRSCL-MB2AA22
4,F-LRSCL-DB3AA22,45.0,1000.0,SKD11025067
5,F-LRSCL-DB3AA22,1.0,1.0,SKD6G2532
6,F-LRSCL-DB3AA22,1.0,1.0,F-LRSCL-MB3AA22
4,F-LRSCL-DB4AA22,48.0,1000.0,SKD11027067
5,F-LRSCL-DB4AA22,1.0,1.0,SKD6G2732
6,F-LRSCL-DB4AA22,1.0,1.0,F-LRSCL-MB4AA22
4,F-LRSCL-DY2AA22,45.0,1000.0,SKD11025067
5,F-LRSCL-DY2AA22,1.0,1.0,SKD6G2532
6,F-LRSCL-DY2AA22,1.0,1.0,F-LRSCL-MY2AA22
4,FQW-DB1AA22,63.0,1000.0,SKD11050085
5,FQW-DB1AA22,1.0,1.0,SKD8E5018
6,FQW-DB1AA22,1.0,1.0,FQW-MB1AA22
4,FQW-DY1AA22,65.0,1000.0,SKD11047067
5,FQW-DY1AA22,1.0,1.0,SKD6G4725
6,FQW-DY1AA22,1.0,1.0,FQW-MY1AA22
4,FQW-DY2AA22,78.0,1000.0,SKD11047067
5,FQW-DY2AA22,1.0,1.0,SKD6G4730
6,FQW-DY2AA22,1.0,1.0,FQW-MY2AA22
4,FQW-DY3AA22,91.0,1000.0,SKD11047067
5,FQW-DY3AA22,1.0,1.0,SKD6G4735
6,FQW-DY3AA22,1.0,1.0,FQW-MY3AA22
4,FQW-DY4AA22,36.0,1000.0,SKD11022067
5,FQW-DY4AA22,1.0,1.0,SKD6G2230
6,FQW-DY4AA22,1.0,1.0,FQW-MY4AA22
4,FQW-DY5AA22,26.0,1000.0,SKD11030070
5,FQW-DY5AA22,1.0,1.0,SKD7Z3015
6,FQW-DY5AA22,1.0,1.0,FQW-MY5AA22
4,FQW-DY5AA23,35.0,1000.0,SKD11030070
5,FQW-DY5AA23,1.0,1.0,SKD7Z3020
6,FQW-DY5AA23,1.0,1.0,FQW-MY5AA23
5,FQW-MB2AA22,105.0,1000.0,SKD11050085
6,FQW-MB2AA22,1.0,1.0,SKD8E5030
5,FQW-MB4AA22,63.0,1000.0,SKD11050085
6,FQW-MB4AA22,1.0,1.0,SKD8E5018
6,FSKD5E2232,32.0,1000.0,SKD11022055
6,FSKD5E2233,33.0,1000.0,SKD11022055
6,FSKD5E2235,35.0,1000.0,SKD11022055
6,FSKD5E2533,38.0,1000.0,SKD11025055
6,FSKD5E2548,55.0,1000.0,SKD11025055
6,FSKD5Z1232,15.0,1000.0,SKD11012050
6,FSKD5Z1236,26.0,1000.0,SKD11012050
6,FSKD5Z1252,26.0,1000.0,SKD11012050
6,FSKD6E3330,53.0,1000.0,SKD11033065
6,FSKD6E3350,88.0,1000.0,SKD11033065
6,FSKD6E3375,132.0,1000.0,SKD11033065
6,FSKD6E3535,66.0,1000.0,SKD11035065
6,FSKD6E4045,96.0,1000.0,SKD11040065
6,FSKD6G1522,19.0,1000.0,SKD11015067
6,FSKD6G1525,21.0,1000.0,SKD11015067
6,FSKD6G2218,22.0,1000.0,SKD11022067
6,FSKD6G2232,39.0,1000.0,SKD11022067
6,FSKD6G2234,42.0,1000.0,SKD11022067
6,FSKD6G2285,103.0,1000.0,SKD11022067
6,FSKD6G2520,28.0,1000.0,SKD11025067
6,FSKD6G2526,36.0,1000.0,SKD11025067
6,FSKD6G2527,38.0,1000.0,SKD11025067
6,FSKD6G2532,44.0,1000.0,SKD11025067
6,FSKD6G2534,47.0,1000.0,SKD11025067
6,FSKD6G2535,49.0,1000.0,SKD11025067
6,FSKD6G2545,62.0,1000.0,SKD11025067
6,FSKD6G2720,30.0,1000.0,SKD11027067
6,FSKD6G2727,41.0,1000.0,SKD11027067
6,FSKD6G2729,43.0,1000.0,SKD11027067
6,FSKD6G2761,91.0,1000.0,SKD11027067
6,FSKD6G4752,135.0,1000.0,SKD11047067
6,FSKD6Z1836,32.0,1000.0,SKD11018060
6,FSKD7B3032,57.0,1000.0,SKD11030072
6,FSKD7B3232,61.0,1000.0,SKD11032072
6,FSKD7B3235,67.0,1000.0,SKD11032072
6,FSKD7B3250,95.0,1000.0,SKD11032072
6,FSKD7B3254,103.0,1000.0,SKD11032072
6,FSKD8B2132,46.0,1000.0,SKD11021082
6,FSKD8B2135,50.0,1000.0,SKD11021082
6,FSKD8B2136,51.0,1000.0,SKD11021082
6,FSKD8B2140,57.0,1000.0,SKD11021082
6,FSKD8B2144,63.0,1000.0,SKD11021082
6,FSKD8B2925,49.0,1000.0,SKD11029082
6,FSKD8B2932,63.0,1000.0,SKD11029082
6,FSKD8B2938,75.0,1000.0,SKD11029082
6,FSKD8B2944,86.0,1000.0,SKD11029082
6,FSKD8B2946,90.0,1000.0,SKD11029082
6,FSKD8B2955,108.0,1000.0,SKD11029082
6,FSKD8B4040,108.0,1000.0,SKD11040082
6,FSKD8B4048,130.0,1000.0,SKD11040082
6,FSKD8E3038,77.0,1000.0,SKD11030085
6,FSKD8E5030,105.0,1000.0,SKD11030085
4,FW2-DX0,60.0,1000.0,SUJ3047068-H
5,FW2-DX0,1.0,1.0,S6H4316P
6,FW2-DX0,1.0,1.0,FW2-MX0
4,FW2-DX0B,60.0,1000.0,SUJ3047068-H
5,FW2-DX0B,1.0,1.0,S6H4316P
6,FW2-DX0B,1.0,1.0,FW2-MX0B
4,FW-DX0B,60.0,1000.0,SUJ3047068-H
5,FW-DX0B,1.0,1.0,S6H4316P
6,FW-DX0B,1.0,1.0,FW-MX0B
4,FW-DX3,85.0,1000.0,SUJ3047068-H
5,FW-DX3,1.0,1.0,S6H2055P
6,FW-DX3,1.0,1.0,FW-MX3
4,FW-DX4,50.0,1000.0,SUJ3038068
5,FW-DX4,1.0,1.0,S6H2520P
6,FW-DX4,1.0,1.0,FW-MX4
4,FW-DY5W,50.0,1000.0,SUJ3038068
5,FW-DY5W,1.0,1.0,S6H2520P
6,FW-DY5W,1.0,1.0,FW-MY5W
4,FW-DY6W,30.0,1000.0,SUJ3032068
5,FW-DY6W,1.0,1.0,S6H2315P
6,FW-DY6W,1.0,1.0,FW-MY6W
5,FY3-MY1AA34,38.0,1000.0,SKD11025055
6,FY3-MY1AA34,1.0,1.0,SKD5E2532
5,FY3-MY2AA34,36.0,1000.0,SKD11025067
6,FY3-MY2AA34,1.0,1.0,SKD6G2526
5,FY3-MY2AA36,36.0,1000.0,SKD11025067
6,FY3-MY2AA36,1.0,1.0,SKD6G2526
5,FY3-MY4AA34,66.0,1000.0,SKD11025067
6,FY3-MY4AA34,1.0,1.0,SKD6G2548
5,FY3-MY4AA36,66.0,1000.0,SKD11025067
6,FY3-MY4AA36,1.0,1.0,SKD6G2548
5,FY6RD4-MB2AA34,67.0,1000.0,SKD11027067
6,FY6RD4-MB2AA34,1.0,1.0,SKD6G2745
5,FY6RD4-MB2AB34,67.0,1000.0,SKD11027067
6,FY6RD4-MB2AB34,1.0,1.0,SKD6G2745
5,FY6RD4-MB3AA34,83.0,1000.0,SKD11025067
6,FY6RD4-MB3AA34,1.0,1.0,SKD6G2560
5,FY6RD4-MB4AA34,75.0,1000.0,SKD11015067
6,FY6RD4-MB4AA34,1.0,1.0,SKD6G1590
5,FY6RD4-MB4BA34,58.0,1000.0,SKD11015067
6,FY6RD4-MB4BA34,1.0,1.0,SKD6G1552
5,FY6RD4-MY1AA34,44.0,1000.0,SKD11033065
6,FY6RD4-MY1AA34,1.0,1.0,SKD6E3325
5,FY6RD4-MY2AA34,116.0,1000.0,SKD11040065
6,FY6RD4-MY2AA34,1.0,1.0,SKD6E4054
5,FY6RD4-MY2AB34,116.0,1000.0,SKD11040065
6,FY6RD4-MY2AB34,1.0,1.0,SKD6E4054
5,FY6RD4-MY2AC34,116.0,1000.0,SKD11040065
6,FY6RD4-MY2AC34,1.0,1.0,SKD6E4054
6,FY6RD4-MZ5AA34,1.0,1.0,SKD131360
6,FY6RD4-MZ5AB34,1.0,1.0,SKD131360
4,GLRS2-DB1SA20,62.0,1000.0,SKD11025067
5,GLRS2-DB1SA20,1.0,1.0,SKD6G2545
6,GLRS2-DB1SA20,1.0,1.0,GLRS2-MB1SA20
4,GLRS2-DB3AA20,33.0,1000.0,SKD11022067
5,GLRS2-DB3AA20,1.0,1.0,SKD6G2227
6,GLRS2-DB3AA20,1.0,1.0,GLRS2-MB3AA20
4,GLRS2-DB4AA20,33.0,1000.0,SKD11022067
5,GLRS2-DB4AA20,1.0,1.0,SKD6G2227
6,GLRS2-DB4AA20,1.0,1.0,GLRS2-MB4AA20
4,GLRS2-DB5AA20,33.0,1000.0,SKD11022067
5,GLRS2-DB5AA20,1.0,1.0,SKD6G2227
6,GLRS2-DB5AA20,1.0,1.0,GLRS2-MB5AA20
4,GLRS2-DB7AA20,61.0,1000.0,SKD11022067
5,GLRS2-DB7AA20,1.0,1.0,SKD6G2250
6,GLRS2-DB7AA20,1.0,1.0,GLRS2-MB7AA20
4,GLRS2-DY1AA11,61.0,1000.0,SKD11030055
5,GLRS2-DY1AA11,1.0,1.0,SKD5E3045
6,GLRS2-DY1AA11,1.0,1.0,GLRS2-MY1AA11
4,GLRS2-DY1AA12,61.0,1000.0,SKD11030055
5,GLRS2-DY1AA12,1.0,1.0,SKD5E3045
6,GLRS2-DY1AA12,1.0,1.0,GLRS2-MY1AA12
4,GLRS2-DY1AA13,61.0,1000.0,SKD11030055
5,GLRS2-DY1AA13,1.0,1.0,SKD5E3045
6,GLRS2-DY1AA13,1.0,1.0,GLRS2-MY1AA13
4,GLRS2-DY1AA15,61.0,1000.0,SKD11030055
5,GLRS2-DY1AA15,1.0,1.0,SKD5E3045
6,GLRS2-DY1AA15,1.0,1.0,GLRS2-MY1AA15
4,GLRS2-DY1AA18,61.0,1000.0,SKD11030055
5,GLRS2-DY1AA18,1.0,1.0,SKD5E3045
6,GLRS2-DY1AA18,1.0,1.0,GLRS2-MY1AA18
4,GLRS2-DY1AA20,61.0,1000.0,SKD11030055
5,GLRS2-DY1AA20,1.0,1.0,SKD5E3045
6,GLRS2-DY1AA20,1.0,1.0,GLRS2-MY1AA20
4,GLRS2-DY1AA22,61.0,1000.0,SKD11030055
5,GLRS2-DY1AA22,1.0,1.0,SKD5E3045
6,GLRS2-DY1AA22,1.0,1.0,GLRS2-MY1AA22
4,GLRS2-DY1AA26,61.0,1000.0,SKD11030055
5,GLRS2-DY1AA26,1.0,1.0,SKD5E3045
6,GLRS2-DY1AA26,1.0,1.0,GLRS2-MY1AA26
4,GLRS2-DY2AA10,62.0,1000.0,SKD11025067
5,GLRS2-DY2AA10,1.0,1.0,SKD6G2545
6,GLRS2-DY2AA10,1.0,1.0,GLRS2-MY2AA10
4,GLRS2-DY2AA11,62.0,1000.0,SKD11025067
5,GLRS2-DY2AA11,1.0,1.0,SKD6G2545
6,GLRS2-DY2AA11,1.0,1.0,GLRS2-MY2AA11
4,GLRS2-DY2AA12,62.0,1000.0,SKD11025067
5,GLRS2-DY2AA12,1.0,1.0,SKD6G2545
6,GLRS2-DY2AA12,1.0,1.0,GLRS2-MY2AA12
4,GLRS2-DY2AA13,62.0,1000.0,SKD11025067
5,GLRS2-DY2AA13,1.0,1.0,SKD6G2545
6,GLRS2-DY2AA13,1.0,1.0,GLRS2-MY2AA13
4,GLRS2-DY2AA15,62.0,1000.0,SKD11025067
5,GLRS2-DY2AA15,1.0,1.0,SKD6G2545
6,GLRS2-DY2AA15,1.0,1.0,GLRS2-MY2AA15
4,GLRS2-DY2AA18,62.0,1000.0,SKD11025067
5,GLRS2-DY2AA18,1.0,1.0,SKD6G2545
6,GLRS2-DY2AA18,1.0,1.0,GLRS2-MY2AA18
4,GLRS2-DY2AA20,62.0,1000.0,SKD11025067
5,GLRS2-DY2AA20,1.0,1.0,SKD6G2545
6,GLRS2-DY2AA20,1.0,1.0,GLRS2-MY2AA20
4,GLRS2-DY2AA22,62.0,1000.0,SKD11025067
5,GLRS2-DY2AA22,1.0,1.0,SKD6G2545
6,GLRS2-DY2AA22,1.0,1.0,GLRS2-MY2AA22
4,GLRS2-DY2AA26,62.0,1000.0,SKD11025067
5,GLRS2-DY2AA26,1.0,1.0,SKD6G2545
6,GLRS2-DY2AA26,1.0,1.0,GLRS2-MY2AA26
6,GLRS2L-DY1AA15,1.0,1.0,GLRS2L-MY1AA15
6,GLRS2L-DY1AA18,1.0,1.0,GLRS2L-MY1AA18
6,GLRS2L-DY1AA20,1.0,1.0,GLRS2L-MY1AA20
5,GLRS2-MB8AA20,59.0,1000.0,SKD11022067
6,GLRS2-MB8AA20,1.0,1.0,SKD6G2248
5,GLRS2-MY1AA10,51.0,1000.0,SKD11025055
6,GLRS2-MY1AA10,1.0,1.0,SKD5E2545
5,GLRS2-MY1AA8,70.0,1000.0,SKD11030055
6,GLRS2-MY1AA8,1.0,1.0,SKD5E3050
5,GLRS2-MY2AA8,66.0,1000.0,SKD11025067
6,GLRS2-MY2AA8,1.0,1.0,SKD6G2548
4,GLRS-DB1AA18,28.0,1000.0,SKD11025067
5,GLRS-DB1AA18,1.0,1.0,SKD6G2520
6,GLRS-DB1AA18,1.0,1.0,GLRS-MB1AA18
4,GLRS-DB1AA20,28.0,1000.0,SKD11025067
5,GLRS-DB1AA20,1.0,1.0,SKD6G2520
6,GLRS-DB1AA20,1.0,1.0,GLRS-MB1AA20
4,GLRS-DB1AA22,24.0,1000.0,SKD11025067
5,GLRS-DB1AA22,1.0,1.0,SKD6G2518
6,GLRS-DB1AA22,1.0,1.0,GLRS-MB1AA22
4,GLRS-DB1AA24,28.0,1000.0,SKD11025067
5,GLRS-DB1AA24,1.0,1.0,SKD6G2520
6,GLRS-DB1AA24,1.0,1.0,GLRS-MB1AA24
4,GLRS-DB2AA20,28.0,1000.0,SKD11025067
5,GLRS-DB2AA20,1.0,1.0,SKD6G2520
6,GLRS-DB2AA20,1.0,1.0,GLRS-MB2AA20
4,GLRS-DB5AA26,53.0,1000.0,SKD11025067
5,GLRS-DB5AA26,1.0,1.0,SKD6G2538
6,GLRS-DB5AA26,1.0,1.0,GLRS-MB3AA26
4,GLRS-DB6AA16,83.0,1000.0,SKD11035065
5,GLRS-DB6AA16,1.0,1.0,SKD6E3536
6,GLRS-DB6AA16,1.0,1.0,GLRS-MB4AA26
4,GLRS-DB6AA26,83.0,1000.0,SKD11035065
5,GLRS-DB6AA26,1.0,1.0,SKD6E3536
6,GLRS-DB6AA26,1.0,1.0,GLRS-MB4AA26
5,GLRS-DB7AA18,28.0,1000.0,SKD11025067
6,GLRS-DB7AA18,1.0,1.0,SKD6G2520
3,GLRS-DB9AA18,53.0,1000.0,SKD11025067
4,GLRS-DB9AA18,1.0,1.0,SKD6G2538
5,GLRS-DB9AA18,1.0,1.0,GLRS-MB3AA26
6,GLRS-DB9AA18,1.0,1.0,GLRS-DB3AA26
3,GLRS-DC0AA18,83.0,1000.0,SKD11035065
4,GLRS-DC0AA18,1.0,1.0,SKD6E3536
5,GLRS-DC0AA18,1.0,1.0,GLRS-MB4AA26
6,GLRS-DC0AA18,1.0,1.0,GLRS-DB4AA26
4,GLRS-DC1AA18,28.0,1000.0,SKD11025067
5,GLRS-DC1AA18,1.0,1.0,SKD6G2520
6,GLRS-DC1AA18,1.0,1.0,GLRS-MB1AA18
3,GLRS-DC2AA18,28.0,1000.0,SKD11025067
4,GLRS-DC2AA18,1.0,1.0,SKD6G2520
5,GLRS-DC2AA18,1.0,1.0,GLRS-MB2AA18
6,GLRS-DC2AA18,1.0,1.0,GLRS-DB2AA18
4,GLRS-DC3AA26,106.0,1000.0,SKD11035067
5,GLRS-DC3AA26,1.0,1.0,SKD6G3555
6,GLRS-DC3AA26,1.0,1.0,GLRS-MC3AA26
4,GLRS-DC4AA26,106.0,1000.0,SKD11035067
5,GLRS-DC4AA26,1.0,1.0,SKD6G3555
6,GLRS-DC4AA26,1.0,1.0,GLRS-MC4AA26
6,GLRS-DE7AA,1.0,1.0,G3Z2045
4,GLRS-DX3AA16,36.0,1000.0,SKD11025067
5,GLRS-DX3AA16,1.0,1.0,SKD6G2526
6,GLRS-DX3AA16,1.0,1.0,GLRS-MX3AA16
4,GLRS-DX3AA18,36.0,1000.0,SKD11025067
5,GLRS-DX3AA18,1.0,1.0,SKD6G2526
6,GLRS-DX3AA18,1.0,1.0,GLRS-MX3AA16
4,GLRS-DX4AA15,49.0,1000.0,SKD11025067
5,GLRS-DX4AA15,1.0,1.0,SKD6G2535
6,GLRS-DX4AA15,1.0,1.0,GLRS-MY2AA15
4,GLRS-DX4AA16,49.0,1000.0,SKD11025067
5,GLRS-DX4AA16,1.0,1.0,SKD6G2535
6,GLRS-DX4AA16,1.0,1.0,GLRS-MY2AA16
4,GLRS-DX4AA18,53.0,1000.0,SKD11025067
5,GLRS-DX4AA18,1.0,1.0,SKD6G2538
6,GLRS-DX4AA18,1.0,1.0,GLRS-MY2AA18
4,GLRS-DX4AA19,45.0,1000.0,SKD11025067
5,GLRS-DX4AA19,1.0,1.0,SKD6G2532
6,GLRS-DX4AA19,1.0,1.0,GLRS-MY2AA19
4,GLRS-DX4AA21,49.0,1000.0,SKD11025067
5,GLRS-DX4AA21,1.0,1.0,SKD6G2535
6,GLRS-DX4AA21,1.0,1.0,GLRS-MX4AA21
4,GLRS-DX4AA22,45.0,1000.0,SKD11025067
5,GLRS-DX4AA22,1.0,1.0,SKD6G2532
6,GLRS-DX4AA22,1.0,1.0,GLRS-MX4AA22
4,GLRS-DX5AA16,27.0,1000.0,SKD11025067
5,GLRS-DX5AA16,1.0,1.0,SKD6G2519
6,GLRS-DX5AA16,1.0,1.0,GLRS-MX5AA16
4,GLRS-DX6AA15,53.0,1000.0,SKD11025067
5,GLRS-DX6AA15,1.0,1.0,SKD6G2538
6,GLRS-DX6AA15,1.0,1.0,GLRS-MX6AA15
4,GLRS-DX6AA16,62.0,1000.0,SKD11025067
5,GLRS-DX6AA16,1.0,1.0,SKD6G2545
6,GLRS-DX6AA16,1.0,1.0,GLRS-MX6AA16
4,GLRS-DX6AA18,53.0,1000.0,SKD11025067
5,GLRS-DX6AA18,1.0,1.0,SKD6G2538
6,GLRS-DX6AA18,1.0,1.0,GLRS-MX6AA18
4,GLRS-DX6AA20,53.0,1000.0,SKD11025067
5,GLRS-DX6AA20,1.0,1.0,SKD6G2538
6,GLRS-DX6AA20,1.0,1.0,GLRS-MX6AA20
4,GLRS-DX6AA21,53.0,1000.0,SKD11025067
5,GLRS-DX6AA21,1.0,1.0,SKD6G2538
6,GLRS-DX6AA21,1.0,1.0,GLRS-MX6AA21
4,GLRS-DY1AA16,33.0,1000.0,SKD11030055
5,GLRS-DY1AA16,1.0,1.0,SKD5E3024
6,GLRS-DY1AA16,1.0,1.0,GLRS-MY1AA16
4,GLRS-DY1AA22,33.0,1000.0,SKD11030055
5,GLRS-DY1AA22,1.0,1.0,SKD5E3024
6,GLRS-DY1AA22,1.0,1.0,GLRS-MY1AA22
4,GLRS-DY1AA26,33.0,1000.0,SKD11030055
5,GLRS-DY1AA26,1.0,1.0,SKD5E3024
6,GLRS-DY1AA26,1.0,1.0,GLRS-MY1AA26
4,GLRS-DY2AA17,49.0,1000.0,SKD11025067
5,GLRS-DY2AA17,1.0,1.0,SKD6G2535
6,GLRS-DY2AA17,1.0,1.0,GLRS-MY2AA17
4,GLRS-DY2AA18,53.0,1000.0,SKD11025067
5,GLRS-DY2AA18,1.0,1.0,SKD6G2538
6,GLRS-DY2AA18,1.0,1.0,GLRS-MY2AA18
4,GLRS-DY2AA19,45.0,1000.0,SKD11025067
5,GLRS-DY2AA19,1.0,1.0,SKD6G2532
6,GLRS-DY2AA19,1.0,1.0,GLRS-MY2AA19
4,GLRS-DY2AA20,53.0,1000.0,SKD11025067
5,GLRS-DY2AA20,1.0,1.0,SKD6G2538
6,GLRS-DY2AA20,1.0,1.0,GLRS-MY2AA20
4,GLRS-DY2AA21,49.0,1000.0,SKD11025067
5,GLRS-DY2AA21,1.0,1.0,SKD6G2535
6,GLRS-DY2AA21,1.0,1.0,GLRS-MY2AA21
4,GLRS-DY2AA22,49.0,1000.0,SKD11025067
5,GLRS-DY2AA22,1.0,1.0,SKD6G2535
6,GLRS-DY2AA22,1.0,1.0,GLRS-MY2AA22
4,GLRS-DY2AA24,49.0,1000.0,SKD11025067
5,GLRS-DY2AA24,1.0,1.0,SKD6G2535
6,GLRS-DY2AA24,1.0,1.0,GLRS-MY2AA24
5,GLRS-DY3AA15,75.0,1000.0,SKD11025067
6,GLRS-DY3AA15,1.0,1.0,SKD6G2554
5,GLRS-DY3AA18,83.0,1000.0,SKD11025067
6,GLRS-DY3AA18,1.0,1.0,SKD6G2560
5,GLRS-DY5AA18,49.0,1000.0,SKD11025067
6,GLRS-DY5AA18,1.0,1.0,SKD6G2535
5,GLRS-DY6AA18,33.0,1000.0,SKD11030055
6,GLRS-DY6AA18,1.0,1.0,SKD5E3024
3,GLRSL-DB1AA16,28.0,1000.0,SKD11025067
4,GLRSL-DB1AA16,1.0,1.0,SKD6G2520
5,GLRSL-DB1AA16,1.0,1.0,GLRS-MB1AA16
6,GLRSL-DB1AA16,1.0,1.0,GLRS-DB1AA16
3,GLRSL-DB2AA16,21.0,1000.0,SKD11025067
4,GLRSL-DB2AA16,1.0,1.0,SKD6G2515
5,GLRSL-DB2AA16,1.0,1.0,GLRS-MB2AA16
6,GLRSL-DB2AA16,1.0,1.0,GLRS-DB2AA16
4,GLRSL-DX8AA18,53.0,1000.0,SKD11025067
5,GLRSL-DX8AA18,1.0,1.0,SKD6G2538
6,GLRSL-DX8AA18,1.0,1.0,GLRS-MY2AA18
3,GLRSL-DY2AA16,49.0,1000.0,SKD11025067
4,GLRSL-DY2AA16,1.0,1.0,SKD6G2535
5,GLRSL-DY2AA16,1.0,1.0,GLRS-MY2AA16
6,GLRSL-DY2AA16,1.0,1.0,GLRS-DY2AA16
3,GLRSL-DY8AA16,83.0,1000.0,SKD11025067
4,GLRSL-DY8AA16,1.0,1.0,SKD6G2560
5,GLRSL-DY8AA16,1.0,1.0,GLRS-MY3AA16
6,GLRSL-DY8AA16,1.0,1.0,GLRS-DY3AA16
5,GLRSL-DY9AA16,83.0,1000.0,SKD11025067
6,GLRSL-DY9AA16,1.0,1.0,SKD6G2560
5,GLRSL-MX8AA18,45.0,1000.0,SKD11025067
6,GLRSL-MX8AA18,1.0,1.0,SKD6G2532
5,GLRS-MB1AA14,27.0,1000.0,SKD11027067
6,GLRS-MB1AA14,1.0,1.0,SKD6G2718
5,GLRS-MB1AA26,33.0,1000.0,SKD11030055
6,GLRS-MB1AA26,1.0,1.0,SKD5E3024
5,GLRS-MB2AA22,24.0,1000.0,SKD11025067
6,GLRS-MB2AA22,1.0,1.0,SKD6G2518
5,GLRS-MB2AA24,28.0,1000.0,SKD11025067
6,GLRS-MB2AA24,1.0,1.0,SKD6G2520
5,GLRS-MB3AA14,61.0,1000.0,SKD11030070
6,GLRS-MB3AA14,1.0,1.0,SKD7Z3035
5,GLRS-MC3AA14,93.0,1000.0,SKD11030070
6,GLRS-MC3AA14,1.0,1.0,SKD7Z3054
5,GLRS-MD0AA17,75.0,1000.0,SKD11025067
6,GLRS-MD0AA17,1.0,1.0,SKD6G2554
5,GLRS-MD3AA17,94.0,1000.0,SKD11035065
6,GLRS-MD3AA17,1.0,1.0,SKD6E3550
5,GLRS-MX4AA17,49.0,1000.0,SKD11025067
6,GLRS-MX4AA17,1.0,1.0,SKD6G2535
5,GLRS-MX4AA18,53.0,1000.0,SKD11025067
6,GLRS-MX4AA18,1.0,1.0,SKD6G2538
5,GLRS-MX4AA19,45.0,1000.0,SKD11025067
6,GLRS-MX4AA19,1.0,1.0,SKD6G2532
5,GLRS-MX4AA24,49.0,1000.0,SKD11025067
6,GLRS-MX4AA24,1.0,1.0,SKD6G2535
5,GLRS-MX6AA14,53.0,1000.0,SKD11025067
6,GLRS-MX6AA14,1.0,1.0,SKD6G2538
5,GLRS-MX6AA19,53.0,1000.0,SKD11025067
6,GLRS-MX6AA19,1.0,1.0,SKD6G2538
5,GLRS-MX6AA22,53.0,1000.0,SKD11025067
6,GLRS-MX6AA22,1.0,1.0,SKD6G2538
5,GLRS-MY2AA14,45.0,1000.0,SKD11025067
6,GLRS-MY2AA14,1.0,1.0,SKD6G2532
5,HS3.2I-MY3AA30,59.0,1000.0,SKD11029082
6,HS3.2I-MY3AA30,1.0,1.0,SKD8B2930
5,HS3.2I-MY6AB26,49.0,1000.0,SKD11029082
6,HS3.2I-MY6AB26,1.0,1.0,SKD8B2925
5,HS3.2-MB6AA30,68.0,1000.0,SKD11035067
6,HS3.2-MB6AA30,1.0,1.0,SKD6G3535
5,HS3.2-MX2AA30,59.0,1000.0,SKD11029082
6,HS3.2-MX2AA30,1.0,1.0,SKD8B2930
5,HS3.2-MY1BB30,59.0,1000.0,SKD11029082
6,HS3.2-MY1BB30,1.0,1.0,SKD8B2930
5,HS3.2-MY2AB30,45.0,1000.0,SKD11025067
6,HS3.2-MY2AB30,1.0,1.0,SKD6G2532
5,HS3.2-MY4AA26,49.0,1000.0,SKD11029082
6,HS3.2-MY4AA26,1.0,1.0,SKD8B2925
5,HS3.2-MY4AA30,49.0,1000.0,SKD11029082
6,HS3.2-MY4AA30,1.0,1.0,SKD8B2925
5,HS3.2-MY5AA26,35.0,1000.0,SKD11025067
6,HS3.2-MY5AA26,1.0,1.0,SKD6G2525
5,HS3.2-MY5AA30,36.0,1000.0,SKD11025067
6,HS3.2-MY5AA30,1.0,1.0,SKD6G2526
5,HS3.2-MY6AB30,59.0,1000.0,SKD11029082
6,HS3.2-MY6AB30,1.0,1.0,SKD8B2930
5,HS3.2-MY9AA26,42.0,1000.0,SKD11025067
6,HS3.2-MY9AA26,1.0,1.0,SKD6G2530
5,HS3.2-MY9AA30,38.0,1000.0,SKD11025067
6,HS3.2-MY9AA30,1.0,1.0,SKD6G2527
5,HS3.2R-MY2AA34,42.0,1000.0,SKD11025067
6,HS3.2R-MY2AA34,1.0,1.0,SKD6G2530
5,HS3.2R-MY4AA34,49.0,1000.0,SKD11029082
6,HS3.2R-MY4AA34,1.0,1.0,SKD8B2925
5,HS3.2R-MY5AA34,35.0,1000.0,SKD11025067
6,HS3.2R-MY5AA34,1.0,1.0,SKD6G2525
5,HS3.2R-MY6AA34,59.0,1000.0,SKD11029082
6,HS3.2R-MY6AA34,1.0,1.0,SKD8B2930
5,HS3.2S-MY1AA34,59.0,1000.0,SKD11029082
6,HS3.2S-MY1AA34,1.0,1.0,SKD8B2930
5,HS3.2S-MY6AA34,59.0,1000.0,SKD11029082
6,HS3.2S-MY6AA34,1.0,1.0,SKD8B2930
4,IJ-DB4AA30,61.0,1000.0,SKD11022067
5,IJ-DB4AA30,1.0,1.0,SKD6G2250
6,IJ-DB4AA30,1.0,1.0,IJ-MB4AA30
4,IJ-DS6AA30,148.0,1000.0,SKD11040085
5,IJ-DS6AA30,1.0,1.0,SKD8E4053
6,IJ-DS6AA30,1.0,1.0,IJ-MS6AA30
4,IJ-DY1AA30,29.0,1000.0,SKD11025067
5,IJ-DY1AA30,1.0,1.0,SKD6G2521
6,IJ-DY1AA30,1.0,1.0,IJ-MY1AA30
4,IJ-DY2AA30,41.0,1000.0,SKD11015067
5,IJ-DY2AA30,1.0,1.0,SKD6G1535
6,IJ-DY2AA30,1.0,1.0,IJ-MY2AA30
4,IJ-DY3AA30,79.0,1000.0,SKD11027067
5,IJ-DY3AA30,1.0,1.0,SKD6G2753
6,IJ-DY3AA30,1.0,1.0,IJ-MY3AA30
4,IJ-DY5AA30,79.0,1000.0,SKD11027067
5,IJ-DY5AA30,1.0,1.0,SKD6G2753
6,IJ-DY5AA30,1.0,1.0,IJ-MY5AA30
4,IJ-DY7AA30,62.0,1000.0,SKD11015067
5,IJ-DY7AA30,1.0,1.0,SKD6G1556
6,IJ-DY7AA30,1.0,1.0,IJ-MY7AA30
5,IJ-MB1AA30,35.0,1000.0,SKD11027067
6,IJ-MB1AA30,1.0,1.0,SKD6G2723
5,IJ-MB2AA30,62.0,1000.0,SKD11035067
6,IJ-MB2AA30,1.0,1.0,SKD6G3532
5,IRGY-MB1AA16,21.0,1000.0,SKD11025067
6,IRGY-MB1AA16,1.0,1.0,SKD6G2515
5,IRGY-MB2AA15,42.0,1000.0,SKD11025067
6,IRGY-MB2AA15,1.0,1.0,SKD6G2530
5,IRGY-MB2AA16,47.0,1000.0,SKD11025067
6,IRGY-MB2AA16,1.0,1.0,SKD6G2534
5,IRGY-MB2AA17,53.0,1000.0,SKD11025067
6,IRGY-MB2AA17,1.0,1.0,SKD6G2538
5,IRGY-MB3AA15,43.0,1000.0,SKD11025067
6,IRGY-MB3AA15,1.0,1.0,SKD6G2531
5,IRGY-MB3AA16,47.0,1000.0,SKD11025067
6,IRGY-MB3AA16,1.0,1.0,SKD6G2534
5,IRGY-MB3AA17,43.0,1000.0,SKD11025067
6,IRGY-MB3AA17,1.0,1.0,SKD6G2531
5,IRGY-MB4AA15,42.0,1000.0,SKD11025067
6,IRGY-MB4AA15,1.0,1.0,SKD6G2530
5,IRGY-MY1AA16,30.0,1000.0,SKD11030055
6,IRGY-MY1AA16,1.0,1.0,SKD5E3022
5,IRGY-MY2AA15,42.0,1000.0,SKD11025067
6,IRGY-MY2AA15,1.0,1.0,SKD6G2530
5,IRGY-MY2AA16,49.0,1000.0,SKD11025067
6,IRGY-MY2AA16,1.0,1.0,SKD6G2535
5,IRGY-MY2AA17,53.0,1000.0,SKD11025067
6,IRGY-MY2AA17,1.0,1.0,SKD6G2538
5,IRGY-MY3AA16,42.0,1000.0,SKD11025067
6,IRGY-MY3AA16,1.0,1.0,SKD6G2530
5,JF4AL-MB1AA60,24.0,1000.0,SKD11022067
6,JF4AL-MB1AA60,1.0,1.0,SKD6G2218
5,JF4AL-MB2AA60,24.0,1000.0,SKD11022067
6,JF4AL-MB2AA60,1.0,1.0,SKD6G2218
5,JF4AL-MB3AA44,24.0,1000.0,SKD11022067
6,JF4AL-MB3AA44,1.0,1.0,SKD6G2218
5,JF4AL-MB4AA44,24.0,1000.0,SKD11022067
6,JF4AL-MB4AA44,1.0,1.0,SKD6G2218
5,JF4AL-MB5AA60,31.0,1000.0,SKD11022067
6,JF4AL-MB5AA60,1.0,1.0,SKD6G2225
5,JF4AL-MB7AA44,27.0,1000.0,SKD11022067
6,JF4AL-MB7AA44,1.0,1.0,SKD6G2222
5,JF4AL-MB7AA60,31.0,1000.0,SKD11022067
6,JF4AL-MB7AA60,1.0,1.0,SKD6G2225
5,JF4AL-MB9AA44,51.0,1000.0,SKD11022067
6,JF4AL-MB9AA44,1.0,1.0,SKD6G2242
5,JF4AL-MB9AA60,51.0,1000.0,SKD11022067
6,JF4AL-MB9AA60,1.0,1.0,SKD6G2242
5,JF4AL-MC0AA44,51.0,1000.0,SKD11022067
6,JF4AL-MC0AA44,1.0,1.0,SKD6G2242
5,JF4AL-MC0AA60,51.0,1000.0,SKD11022067
6,JF4AL-MC0AA60,1.0,1.0,SKD6G2242
5,JF4AL-MC1AA44,51.0,1000.0,SKD11022067
6,JF4AL-MC1AA44,1.0,1.0,SKD6G2242
5,JF4AL-MC1AA60,51.0,1000.0,SKD11022067
6,JF4AL-MC1AA60,1.0,1.0,SKD6G2242
5,JF4AL-MC2AA60,51.0,1000.0,SKD11022067
6,JF4AL-MC2AA60,1.0,1.0,SKD6G2242
5,JF4AL-MY1DA60,38.0,1000.0,SKD11025055
6,JF4AL-MY1DA60,1.0,1.0,SKD5E2532
5,JF4AL-MY1LA60,38.0,1000.0,SKD11025055
6,JF4AL-MY1LA60,1.0,1.0,SKD5E2532
5,JF4AL-MY2AA44,24.0,1000.0,SKD11022067
6,JF4AL-MY2AA44,1.0,1.0,SKD6G2218
5,JF4AL-MY2AA60,24.0,1000.0,SKD11025067
6,JF4AL-MY2AA60,1.0,1.0,SKD6G2518
5,JF4AL-MY3AA44,62.0,1000.0,SKD11025067
6,JF4AL-MY3AA44,1.0,1.0,SKD6G2545
5,JF4AL-MY3AA60,51.0,1000.0,SKD11022067
6,JF4AL-MY3AA60,1.0,1.0,SKD6G2242
4,JF4UH-DB1AA42,26.0,1000.0,SKD11022067
5,JF4UH-DB1AA42,1.0,1.0,SKD6G2220
6,JF4UH-DB1AA42,1.0,1.0,JF4UH-MB1AA42
4,JF4UH-DB2AA42,26.0,1000.0,SKD11022067
5,JF4UH-DB2AA42,1.0,1.0,SKD6G2220
6,JF4UH-DB2AA42,1.0,1.0,JF4UH-MB2AA42
4,JF4UH-DB6AA42,27.0,1000.0,SKD11022067
5,JF4UH-DB6AA42,1.0,1.0,SKD6G2222
6,JF4UH-DB6AA42,1.0,1.0,JF4UH-MB6AA42
4,JF4UH-DB9AA42,51.0,1000.0,SKD11022067
5,JF4UH-DB9AA42,1.0,1.0,SKD6G2242
6,JF4UH-DB9AA42,1.0,1.0,JF4UH-MB9AA42
4,JF4UH-DC0AA42,51.0,1000.0,SKD11022067
5,JF4UH-DC0AA42,1.0,1.0,SKD6G2242
6,JF4UH-DC0AA42,1.0,1.0,JF4UH-MC0AA42
4,JF4UH-DY1DA42,38.0,1000.0,SKD11025055
5,JF4UH-DY1DA42,1.0,1.0,SKD5E2532
6,JF4UH-DY1DA42,1.0,1.0,JF4UH-MY1DA42
4,JF4UH-DY2AA42,28.0,1000.0,SKD11025067
5,JF4UH-DY2AA42,1.0,1.0,SKD6G2520
6,JF4UH-DY2AA42,1.0,1.0,JF4UH-MY2AA42
4,JF4UH-DY3AA42,62.0,1000.0,SKD11025067
5,JF4UH-DY3AA42,1.0,1.0,SKD6G2545
6,JF4UH-DY3AA42,1.0,1.0,JF4UH-MY3AA42
4,JFAL-DB1AA48,45.0,1000.0,SKD11025055
5,JFAL-DB1AA48,1.0,1.0,SKD5E2538
6,JFAL-DB1AA48,1.0,1.0,JFAL-MB1AA48
4,JFAL-DB3AA48,49.0,1000.0,SKD11025067
5,JFAL-DB3AA48,1.0,1.0,SKD6G2535
6,JFAL-DB3AA48,1.0,1.0,JFAL-MB3AA48
4,JFAL-DY2AA48,33.0,1000.0,SKD11022067
5,JFAL-DY2AA48,1.0,1.0,SKD6G2227
6,JFAL-DY2AA48,1.0,1.0,JFAL-MY2AA48
5,JIL7-MB1C30,26.0,1000.0,SKD11022067
6,JIL7-MB1C30,1.0,1.0,SKD6G2220
5,JIL7-MB2C30,24.0,1000.0,SKD11022067
6,JIL7-MB2C30,1.0,1.0,SKD6G2218
5,JIL7-MY1B,55.0,1000.0,SUJ3038068
6,JIL7-MY1B,1.0,1.0,S6H3822
4,JJW60-DB4N,50.0,1000.0,SUJ3038068
5,JJW60-DB4N,1.0,1.0,S6H2130P
6,JJW60-DB4N,1.0,1.0,JJW60-MB4N
4,JS2-DB1C,61.0,1000.0,SKD11030055
5,JS2-DB1C,1.0,1.0,SKD5E3045
6,JS2-DB1C,1.0,1.0,JS2-MB1C
4,JS2-DB226,70.0,1000.0,SKD11030055
5,JS2-DB226,1.0,1.0,SKD5E3050
6,JS2-DB226,1.0,1.0,JS2-MB226
4,JS2-DV2B,61.0,1000.0,SKD11022067
5,JS2-DV2B,1.0,1.0,SKD6G2250
6,JS2-DV2B,1.0,1.0,JS2-MV2
4,JS2-DX3J30,49.0,1000.0,SKD11025067
5,JS2-DX3J30,1.0,1.0,SKD6G2535
6,JS2-DX3J30,1.0,1.0,JS2-MX3J30
4,JS2-DY1D26,69.0,1000.0,SKD11030070
5,JS2-DY1D26,1.0,1.0,SKD7Z3040
6,JS2-DY1D26,1.0,1.0,JS2-MY1D26
4,JS2-DY1J30,69.0,1000.0,SKD11030070
5,JS2-DY1J30,1.0,1.0,SKD7Z3040
6,JS2-DY1J30,1.0,1.0,JS2-MY1J30
4,JS2-DY3J26,69.0,1000.0,SKD11030070
5,JS2-DY3J26,1.0,1.0,SKD7Z3040
6,JS2-DY3J26,1.0,1.0,JS2-MY3J26
4,JS2-DY3J30,69.0,1000.0,SKD11030070
5,JS2-DY3J30,1.0,1.0,SKD7Z3040
6,JS2-DY3J30,1.0,1.0,JS2-MY3J30
4,JS2-DZ5B26,28.0,1000.0,SKD11012050
5,JS2-DZ5B26,1.0,1.0,SKD5Z1236
6,JS2-DZ5B26,1.0,1.0,JS2-MZ5B26
4,JS2-DZ5B30,28.0,1000.0,SKD11012050
5,JS2-DZ5B30,1.0,1.0,SKD5Z1236
6,JS2-DZ5B30,1.0,1.0,JS2-MZ5B30
4,JS2-DZ5B34,28.0,1000.0,SKD11012050
5,JS2-DZ5B34,1.0,1.0,SKD5Z1236
6,JS2-DZ5B34,1.0,1.0,JS2-MZ5B34
4,JS2F-DY926,98.0,1000.0,SKD11030072
5,JS2F-DY926,1.0,1.0,SKD7B3055
6,JS2F-DY926,1.0,1.0,JS2F-MY926
6,JS2F-MX0,1.0,1.0,SKD131326
4,JS2M-DB126,70.0,1000.0,SKD11030055
5,JS2M-DB126,1.0,1.0,SKD5E3050
6,JS2M-DB126,1.0,1.0,JS2M-MB126
4,JS2M-DB130,70.0,1000.0,SKD11030055
5,JS2M-DB130,1.0,1.0,SKD5E3050
6,JS2M-DB130,1.0,1.0,JS2M-MB130
4,JS2M-DB226,70.0,1000.0,SKD11030055
5,JS2M-DB226,1.0,1.0,SKD5E3050
6,JS2M-DB226,1.0,1.0,JS2M-MB226
4,JS2M-DB230,70.0,1000.0,SKD11030055
5,JS2M-DB230,1.0,1.0,SKD5E3050
6,JS2M-DB230,1.0,1.0,JS2M-MB230
5,JS2M-DX026,1.0,1.0,SKD131326
6,JS2M-DX026,1.0,1.0,JS2M-MX026
4,JS2M-DY326,66.0,1000.0,SKD11030070
5,JS2M-DY326,1.0,1.0,SKD7Z3038
6,JS2M-DY326,1.0,1.0,JS2M-MY326
4,JS2M-DY826,26.0,1000.0,SKD11030070
5,JS2M-DY826,1.0,1.0,SKD7Z3015
6,JS2M-DY826,1.0,1.0,JS2M-MY826
4,JS2M-DY926,35.0,1000.0,SKD11030070
5,JS2M-DY926,1.0,1.0,SKD7Z3020
6,JS2M-DY926,1.0,1.0,JS2M-MY926
5,JS2-MV1CA26,97.0,1000.0,SKD11022067
6,JS2-MV1CA26,1.0,1.0,SKD6G2280
5,JS2-MY1E30,53.0,1000.0,SKD11025067
6,JS2-MY1E30,1.0,1.0,SKD6G2538
5,JS2-MY3D26,49.0,1000.0,SKD11025067
6,JS2-MY3D26,1.0,1.0,SKD6G2535
4,JS2W-DB1B30,104.0,1000.0,SKD11047067
5,JS2W-DB1B30,1.0,1.0,SKD6G4740
6,JS2W-DB1B30,1.0,1.0,JS2W-MB1B30
4,JS2W-DB1B34,104.0,1000.0,SKD11047067
5,JS2W-DB1B34,1.0,1.0,SKD6G4740
6,JS2W-DB1B34,1.0,1.0,JS2W-MB1B34
4,JS2W-DB2B34,104.0,1000.0,SKD11047067
5,JS2W-DB2B34,1.0,1.0,SKD6G4740
6,JS2W-DB2B34,1.0,1.0,JS2W-MB2B34
3,JS2W-DB2B38,114.0,1000.0,SKD11047067
4,JS2W-DB2B38,1.0,1.0,SKD6G4744
5,JS2W-DB2B38,1.0,1.0,JS2W-MB1B38
6,JS2W-DB2B38,1.0,1.0,JS2W-DB1B38
4,JS2W-DI326,171.0,1000.0,SKD11047067
5,JS2W-DI326,1.0,1.0,SKD6G4766
6,JS2W-DI326,1.0,1.0,JS2W-MI326
4,JS2W-DI426,88.0,1000.0,SKD11047067
5,JS2W-DI426,1.0,1.0,SKD6G4734
6,JS2W-DI426,1.0,1.0,JS2W-MI426
4,JS2WS-DB130,104.0,1000.0,SKD11047067
5,JS2WS-DB130,1.0,1.0,SKD6G4740
6,JS2WS-DB130,1.0,1.0,JS2WS-MB130
4,JS2WS-DI530,516.0,1000.0,SKD11075067
5,JS2WS-DI530,1.0,1.0,SKD6G75125
6,JS2WS-DI530,1.0,1.0,JS2WS-MI530
4,JS2WS-DI6D34,392.0,1000.0,SKD11075067
5,JS2WS-DI6D34,1.0,1.0,SKD6G7595
6,JS2WS-DI6D34,1.0,1.0,JS2WS-MI6D30
4,JS2WS-DX1B30,69.0,1000.0,SKD11030070
5,JS2WS-DX1B30,1.0,1.0,SKD7Z3040
6,JS2WS-DX1B30,1.0,1.0,JS2WS-MX1B30
4,JS2WS-DX3B30,69.0,1000.0,SKD11030070
5,JS2WS-DX3B30,1.0,1.0,SKD7Z3040
6,JS2WS-DX3B30,1.0,1.0,JS2WS-MX3B30
4,JS2WS-DY1B30,62.0,1000.0,SKD11030072
5,JS2WS-DY1B30,1.0,1.0,SKD7B3035
6,JS2WS-DY1B30,1.0,1.0,JS2WS-MY1B30
4,JS2WS-DY3B30,62.0,1000.0,SKD11030072
5,JS2WS-DY3B30,1.0,1.0,SKD7B3035
6,JS2WS-DY3B30,1.0,1.0,JS2WS-MY3B30
5,JS2WS-MF530,516.0,1000.0,SKD11075067
6,JS2WS-MF530,1.0,1.0,SKD6G75125
5,JS2WS-MF5D30,516.0,1000.0,SKD11075067
6,JS2WS-MF5D30,1.0,1.0,SKD6G75125
5,JS2WS-MI130,182.0,1000.0,SKD11050067
6,JS2WS-MI130,1.0,1.0,SKD6G5066
5,JS2WS-MI4D30,392.0,1000.0,SKD11075067
6,JS2WS-MI4D30,1.0,1.0,SKD6G7595
5,JS2WS-MI5D30,516.0,1000.0,SKD11075067
6,JS2WS-MI5D30,1.0,1.0,SKD6G75125
5,JS2WS-MJ230,131.0,1000.0,SKD11040065
6,JS2WS-MJ230,1.0,1.0,SKD6E4061
5,JS2WS-MX130,69.0,1000.0,SKD11030070
6,JS2WS-MX130,1.0,1.0,SKD7Z3040
4,JS3-DY130,66.0,1000.0,SKD11030070
5,JS3-DY130,1.0,1.0,SKD7Z3038
6,JS3-DY130,1.0,1.0,JS3-MY130
4,JS3-DY134,54.0,1000.0,SKD11027067
5,JS3-DY134,1.0,1.0,SKD6G2737
6,JS3-DY134,1.0,1.0,JS3-MY134
4,JS3-DY1AA38,31.0,1000.0,SKD11025067
5,JS3-DY1AA38,1.0,1.0,SKD6G2522
6,JS3-DY1AA38,1.0,1.0,JS3-MY1AA38
4,JS3-DY330,54.0,1000.0,SKD11027067
5,JS3-DY330,1.0,1.0,SKD6G2737
6,JS3-DY330,1.0,1.0,JS3-MY330
4,JS3-DY334,54.0,1000.0,SKD11027067
5,JS3-DY334,1.0,1.0,SKD6G2737
6,JS3-DY334,1.0,1.0,JS3-MY334
3,JS3-DY7AA38,76.0,1000.0,SKD11032072
4,JS3-DY7AA38,1.0,1.0,SKD7B3240
5,JS3-DY7AA38,1.0,1.0,JS3-MY3AA38
6,JS3-DY7AA38,1.0,1.0,JS3-DY3AA38
4,JS3-DZ5AB26,41.0,1000.0,SKD11012050
5,JS3-DZ5AB26,1.0,1.0,SKD5Z1270
6,JS3-DZ5AB26,1.0,1.0,JS3-MZ5AB26
4,JS3-DZ5AB30,41.0,1000.0,SKD11012050
5,JS3-DZ5AB30,1.0,1.0,SKD5Z1270
6,JS3-DZ5AB30,1.0,1.0,JS3-MZ5AB30
4,JS3-DZ5AB34,41.0,1000.0,SKD11012050
5,JS3-DZ5AB34,1.0,1.0,SKD5Z1270
6,JS3-DZ5AB34,1.0,1.0,JS3-MZ5AB34
4,JS3-DZ5AB38,44.0,1000.0,SKD11012050
5,JS3-DZ5AB38,1.0,1.0,SKD5Z1275
6,JS3-DZ5AB38,1.0,1.0,JS3-MZ5AB38
4,JS3E-DY2AA30,44.0,1000.0,SKD11030070
5,JS3E-DY2AA30,1.0,1.0,SKD7Z3025
6,JS3E-DY2AA30,1.0,1.0,JS3E-MY2AA30
5,JS3E-MZ5AA30,28.0,1000.0,SKD11012050
6,JS3E-MZ5AA30,1.0,1.0,SKD5Z1236
5,JS3-MB1BA34,104.0,1000.0,SKD11047067
6,JS3-MB1BA34,1.0,1.0,SKD6G4740
4,JS3ME-DB1BA30,114.0,1000.0,SKD11047067
5,JS3ME-DB1BA30,1.0,1.0,SKD6G4744
6,JS3ME-DB1BA30,1.0,1.0,JS3ME-MB1BA30
4,JS3ME-DB1BA34,104.0,1000.0,SKD11047067
5,JS3ME-DB1BA34,1.0,1.0,SKD6G4740
6,JS3ME-DB1BA34,1.0,1.0,JS3ME-MB1BA34
4,JS3ME-DX3AA34,61.0,1000.0,SKD11030070
5,JS3ME-DX3AA34,1.0,1.0,SKD7Z3035
6,JS3ME-DX3AA34,1.0,1.0,JS3ME-MX3AA34
4,JS3ME-DY1AA34,66.0,1000.0,SKD11030070
5,JS3ME-DY1AA34,1.0,1.0,SKD7Z3038
6,JS3ME-DY1AA34,1.0,1.0,JS3ME-MY1AA34
5,JS3-MZ5AA38,30.0,1000.0,SKD11012050
6,JS3-MZ5AA38,1.0,1.0,SKD5Z1240
5,JS3-MZ5AB36,41.0,1000.0,SKD11012050
6,JS3-MZ5AB36,1.0,1.0,SKD5Z1270
6,JS3W-DI1BA34,1.0,1.0,SKD105065
4,JS3W-DY1AA30,66.0,1000.0,SKD11030070
5,JS3W-DY1AA30,1.0,1.0,SKD7Z3038
6,JS3W-DY1AA30,1.0,1.0,JS3-MY130
4,JS3W-DY1AA34,54.0,1000.0,SKD11027067
5,JS3W-DY1AA34,1.0,1.0,SKD6G2737
6,JS3W-DY1AA34,1.0,1.0,JS3-MY134
4,JS3W-DY3AA30,54.0,1000.0,SKD11027067
5,JS3W-DY3AA30,1.0,1.0,SKD6G2737
6,JS3W-DY3AA30,1.0,1.0,JS3-MY330
4,JS3W-DY3AA34,54.0,1000.0,SKD11027067
5,JS3W-DY3AA34,1.0,1.0,SKD6G2737
6,JS3W-DY3AA34,1.0,1.0,JS3-MY334
4,JS3WS-DX1AA34,77.0,1000.0,SKD11035067
5,JS3WS-DX1AA34,1.0,1.0,SKD6G3540
6,JS3WS-DX1AA34,1.0,1.0,JS3WS-MX1AA34
4,JS3WS-DY1AA34,68.0,1000.0,SKD11035067
5,JS3WS-DY1AA34,1.0,1.0,SKD6G3535
6,JS3WS-DY1AA34,1.0,1.0,JS3WS-MY1AA34
4,JS3WS-DY3AA34,68.0,1000.0,SKD11035067
5,JS3WS-DY3AA34,1.0,1.0,SKD6G3535
6,JS3WS-DY3AA34,1.0,1.0,JS3WS-MY3AA34
5,JS3WS-MI1B34,182.0,1000.0,SKD11050067
6,JS3WS-MI1B34,1.0,1.0,SKD6G5066
5,JS3WS-MI1D34,182.0,1000.0,SKD11050067
6,JS3WS-MI1D34,1.0,1.0,SKD6G5066
5,JS3WS-MI230,106.0,1000.0,SKD11035067
6,JS3WS-MI230,1.0,1.0,SKD6G3555
5,JS3WS-MX1AA30,67.0,1000.0,SKD11027067
6,JS3WS-MX1AA30,1.0,1.0,SKD6G2745
5,JS3WS-MY1AA30,66.0,1000.0,SKD11030070
6,JS3WS-MY1AA30,1.0,1.0,SKD7Z3038
4,JS4-DB1AA30,140.0,1000.0,SKD11047067
5,JS4-DB1AA30,1.0,1.0,SKD6G4754
6,JS4-DB1AA30,1.0,1.0,JS4-MB1AA30
4,JS4-DY1AA30,31.0,1000.0,SKD11025067
5,JS4-DY1AA30,1.0,1.0,SKD6G2522
6,JS4-DY1AA30,1.0,1.0,JS4-MY1AA30
4,JS4-DY2AA30,35.0,1000.0,SKD11030070
5,JS4-DY2AA30,1.0,1.0,SKD7Z3020
6,JS4-DY2AA30,1.0,1.0,JS4-MY2AA30
4,JS4-DY3AA30,78.0,1000.0,SKD11030070
5,JS4-DY3AA30,1.0,1.0,SKD7Z3045
6,JS4-DY3AA30,1.0,1.0,JS4-MY3AA30
4,JS4-DY4AA30,78.0,1000.0,SKD11030070
5,JS4-DY4AA30,1.0,1.0,SKD7Z3045
6,JS4-DY4AA30,1.0,1.0,JS4-MY4AA30
5,JS4-MZ5AA30,26.0,1000.0,SKD11012050
6,JS4-MZ5AA30,1.0,1.0,SKD5Z1252
6,JS72-DB1,1.0,1.0,JS72-MB1
4,JS72-DV126,1.0,1.0,JS2-RV1
5,JS72-DV126,1.0,1.0,JS2-MV1
6,JS72-DV126,1.0,1.0,JS2-DV1B
5,JS72-DV226,61.0,1000.0,SKD11022067
6,JS72-DV226,1.0,1.0,SKD6G2250
5,JSE-DY1AA30,31.0,1000.0,SKD11025067
6,JSE-DY1AA30,1.0,1.0,SKD6G2522
4,JSEWS-DW3AA30,67.0,1000.0,SKD11032072
5,JSEWS-DW3AA30,1.0,1.0,SKD7B3235
6,JSEWS-DW3AA30,1.0,1.0,JSEWS-MW3AA30
4,JSEWS-DX1AA30,49.0,1000.0,SKD11025067
5,JSEWS-DX1AA30,1.0,1.0,SKD6G2535
6,JSEWS-DX1AA30,1.0,1.0,JSEWS-MX1AA30
4,JSEWS-DX2AA30,67.0,1000.0,SKD11032072
5,JSEWS-DX2AA30,1.0,1.0,SKD7B3235
6,JSEWS-DX2AA30,1.0,1.0,JSEWS-MX2AA30
4,JSEWS-DY2AA30,44.0,1000.0,SKD11030070
5,JSEWS-DY2AA30,1.0,1.0,SKD7Z3025
6,JSEWS-DY2AA30,1.0,1.0,JSEWS-MY2AA30
4,JSEWS-DY3AA30,66.0,1000.0,SKD11030070
5,JSEWS-DY3AA30,1.0,1.0,SKD7Z3038
6,JSEWS-DY3AA30,1.0,1.0,JSEWS-MY3AA30
4,JSEWS-DY4AA30,61.0,1000.0,SKD11030070
5,JSEWS-DY4AA30,1.0,1.0,SKD7Z3035
6,JSEWS-DY4AA30,1.0,1.0,JSEWS-MY4AA30
5,JSEWS-MB1AA34,86.0,1000.0,SKD11040065
6,JSEWS-MB1AA34,1.0,1.0,SKD6E4040
5,JSEWS-MW3AA34,61.0,1000.0,SKD11030070
6,JSEWS-MW3AA34,1.0,1.0,SKD7Z3035
5,JSEWS-MX1AA34,49.0,1000.0,SKD11025067
6,JSEWS-MX1AA34,1.0,1.0,SKD6G2535
5,JSEWS-MX2AA34,61.0,1000.0,SKD11030070
6,JSEWS-MX2AA34,1.0,1.0,SKD7Z3035
5,JSEWS-MY2AA34,44.0,1000.0,SKD11030070
6,JSEWS-MY2AA34,1.0,1.0,SKD7Z3025
5,JSEWS-MY3AA34,61.0,1000.0,SKD11030070
6,JSEWS-MY3AA34,1.0,1.0,SKD7Z3035
5,JSEWS-MY4BA30,61.0,1000.0,SKD11030070
6,JSEWS-MY4BA30,1.0,1.0,SKD7Z3035
5,JSEWS-MY4CA30,61.0,1000.0,SKD11030070
6,JSEWS-MY4CA30,1.0,1.0,SKD7Z3035
5,JSEWS-MY4CA34,61.0,1000.0,SKD11030070
6,JSEWS-MY4CA34,1.0,1.0,SKD7Z3035
5,JSP44-MV1AA44,103.0,1000.0,SKD11022067
6,JSP44-MV1AA44,1.0,1.0,SKD6G2285
4,JSP-DB126,140.0,1000.0,SKD11047067
5,JSP-DB126,1.0,1.0,SKD6G4754
6,JSP-DB126,1.0,1.0,JSP-MB126
4,JSP-DB226,140.0,1000.0,SKD11047067
5,JSP-DB226,1.0,1.0,SKD6G4754
6,JSP-DB226,1.0,1.0,JSP-MB126
4,JSP-DB326,140.0,1000.0,SKD11047067
5,JSP-DB326,1.0,1.0,SKD6G4754
6,JSP-DB326,1.0,1.0,JSP-MB126
4,JSP-DB3AA44,104.0,1000.0,SKD11047067
5,JSP-DB3AA44,1.0,1.0,SKD6G4740
6,JSP-DB3AA44,1.0,1.0,JSP-DB1AA44
4,JSP-DB4AA44,104.0,1000.0,SKD11047067
5,JSP-DB4AA44,1.0,1.0,SKD6G4740
6,JSP-DB4AA44,1.0,1.0,JSP-DB1AA44
4,JSP-DC1AA44,150.0,1000.0,SKD11040065
5,JSP-DC1AA44,1.0,1.0,SKD6E4070
6,JSP-DC1AA44,1.0,1.0,JSP-MC1AA44
4,JSP-DC2AA44,150.0,1000.0,SKD11040065
5,JSP-DC2AA44,1.0,1.0,SKD6E4070
6,JSP-DC2AA44,1.0,1.0,JSP-MC2AA44
4,JSP-DQ1AB44,78.0,1000.0,SKD11030070
5,JSP-DQ1AB44,1.0,1.0,SKD7Z3045
6,JSP-DQ1AB44,1.0,1.0,JSP-MQ1AB44
4,JSP-DQ2AA44,67.0,1000.0,SKD11032072
5,JSP-DQ2AA44,1.0,1.0,SKD7B3235
6,JSP-DQ2AA44,1.0,1.0,JSP-MQ2AA44
4,JSP-DQ3AA44,67.0,1000.0,SKD11032072
5,JSP-DQ3AA44,1.0,1.0,SKD7B3235
6,JSP-DQ3AA44,1.0,1.0,JSP-MQ3AA44
4,JSP-DR1AC44,44.0,1000.0,SKD11030070
5,JSP-DR1AC44,1.0,1.0,SKD7Z3025
6,JSP-DR1AC44,1.0,1.0,JSP-MR1AC44
4,JSP-DS1AD44,93.0,1000.0,SKD11030070
5,JSP-DS1AD44,1.0,1.0,SKD7Z3054
6,JSP-DS1AD44,1.0,1.0,JSP-MS1AD44
4,JSP-DS2AA44,67.0,1000.0,SKD11032072
5,JSP-DS2AA44,1.0,1.0,SKD7B3235
6,JSP-DS2AA44,1.0,1.0,JSP-MS2AA44
4,JSP-DS3AA44,67.0,1000.0,SKD11032072
5,JSP-DS3AA44,1.0,1.0,SKD7B3235
6,JSP-DS3AA44,1.0,1.0,JSP-MS3AA44
5,JSP-DV1B26,74.0,1000.0,SKD11022067
6,JSP-DV1B26,1.0,1.0,SKD6G2261
4,JSP-DX126,56.0,1000.0,SKD11030070
5,JSP-DX126,1.0,1.0,SKD7Z3032
6,JSP-DX126,1.0,1.0,JSP-MX126
4,JSP-DX226,41.0,1000.0,SKD11030072
5,JSP-DX226,1.0,1.0,SKD7B3020
6,JSP-DX226,1.0,1.0,JSP-MX226
4,JSP-DX326,89.0,1000.0,SKD11030072
5,JSP-DX326,1.0,1.0,SKD7B3050
6,JSP-DX326,1.0,1.0,JSP-MX326
4,JSP-DX426,89.0,1000.0,SKD11030072
5,JSP-DX426,1.0,1.0,SKD7B3050
6,JSP-DX426,1.0,1.0,JSP-MX426
4,JSP-DY126,42.0,1000.0,SKD11030070
5,JSP-DY126,1.0,1.0,SKD7Z3024
6,JSP-DY126,1.0,1.0,JSP-MY126
4,JSP-DY226,54.0,1000.0,SKD11030072
5,JSP-DY226,1.0,1.0,SKD7B3030
6,JSP-DY226,1.0,1.0,JSP-MY226
5,JSP-DY2AA44,27.0,1000.0,SKD11030072
6,JSP-DY2AA44,1.0,1.0,SKD7B3015
5,JSP-DY3AA44,71.0,1000.0,SKD11030072
6,JSP-DY3AA44,1.0,1.0,SKD7B3040
4,JSP-DY426,89.0,1000.0,SKD11030072
5,JSP-DY426,1.0,1.0,SKD7B3050
6,JSP-DY426,1.0,1.0,JSP-MY426
5,JSP-DY4AA44,71.0,1000.0,SKD11030072
6,JSP-DY4AA44,1.0,1.0,SKD7B3040
4,JSP-DY4B26,89.0,1000.0,SKD11030072
5,JSP-DY4B26,1.0,1.0,SKD7B3050
6,JSP-DY4B26,1.0,1.0,JSP-MY4B26
6,JSP-DY526,1.0,1.0,SKD161614
5,JSP-DY726,89.0,1000.0,SKD11030072
6,JSP-DY726,1.0,1.0,SKD7B3050
5,JSP-DY7AA44,71.0,1000.0,SKD11030072
6,JSP-DY7AA44,1.0,1.0,SKD7B3040
5,JSP-DY826,89.0,1000.0,SKD11030072
6,JSP-DY826,1.0,1.0,SKD7B3050
5,JSP-DY8AA44,71.0,1000.0,SKD11030072
6,JSP-DY8AA44,1.0,1.0,SKD7B3040
5,JSP-DY926,89.0,1000.0,SKD11030072
6,JSP-DY926,1.0,1.0,SKD7B3050
5,JSP-DY9AA44,71.0,1000.0,SKD11030072
6,JSP-DY9AA44,1.0,1.0,SKD7B3040
5,JSPE-MB2AA44,56.0,1000.0,SKD11040065
6,JSPE-MB2AA44,1.0,1.0,SKD6E4026
5,JSPE-MB3AA44,96.0,1000.0,SKD11040065
6,JSPE-MB3AA44,1.0,1.0,SKD6E4045
5,JSPE-MW3AA44,67.0,1000.0,SKD11032072
6,JSPE-MW3AA44,1.0,1.0,SKD7B3235
5,JSPE-MW4AA44,67.0,1000.0,SKD11032072
6,JSPE-MW4AA44,1.0,1.0,SKD7B3235
5,JSPE-MX2AA44,114.0,1000.0,SKD11032072
6,JSPE-MX2AA44,1.0,1.0,SKD7B3260
5,JSPE-MY1AA44,42.0,1000.0,SKD11030070
6,JSPE-MY1AA44,1.0,1.0,SKD7Z3024
5,JSPE-MY2AA44,56.0,1000.0,SKD11030070
6,JSPE-MY2AA44,1.0,1.0,SKD7Z3032
5,JSPE-MY3AA44,67.0,1000.0,SKD11032072
6,JSPE-MY3AA44,1.0,1.0,SKD7B3235
5,JSPE-MY4AA44,67.0,1000.0,SKD11032072
6,JSPE-MY4AA44,1.0,1.0,SKD7B3235
5,JSWK-MY2AA26,67.0,1000.0,SKD11032072
6,JSWK-MY2AA26,1.0,1.0,SKD7B3235
5,JSWK-MY3AA26,95.0,1000.0,SKD11032072
6,JSWK-MY3AA26,1.0,1.0,SKD7B3250
5,JSWK-MY4AA26,95.0,1000.0,SKD11032072
6,JSWK-MY4AA26,1.0,1.0,SKD7B3250
4,KPN-DV1B,220.0,1000.0,SUJ3047068-H
5,KPN-DV1B,1.0,1.0,S6H4772
6,KPN-DV1B,1.0,1.0,KPN-MV1B
4,KPN-DW1,220.0,1000.0,SUJ3047068-H
5,KPN-DW1,1.0,1.0,S6H4772
6,KPN-DW1,1.0,1.0,KPN-MW1
4,KPN-DW2,130.0,1000.0,SUJ3032068
5,KPN-DW2,1.0,1.0,S6H3260
6,KPN-DW2,1.0,1.0,KPN-MW2
4,KPN-DX1,220.0,1000.0,SUJ3047068-H
5,KPN-DX1,1.0,1.0,S6H4772
6,KPN-DX1,1.0,1.0,KPN-MX1
4,KPN-DX1B,220.0,1000.0,SUJ3047068-H
5,KPN-DX1B,1.0,1.0,S6H4772
6,KPN-DX1B,1.0,1.0,KPN-MX1B
4,KPN-DX2B,220.0,1000.0,SUJ3047068-H
5,KPN-DX2B,1.0,1.0,S6H4772
6,KPN-DX2B,1.0,1.0,KPN-MX2B
4,L48Y-DB7,90.0,1000.0,SUJ3032068
5,L48Y-DB7,1.0,1.0,S6H3250
6,L48Y-DB7,1.0,1.0,L48Y-MB7
4,L48Y-DB8,90.0,1000.0,SUJ3032068
5,L48Y-DB8,1.0,1.0,S6H3250
6,L48Y-DB8,1.0,1.0,L48Y-MB8
4,L48Y-DB9,80.0,1000.0,SUJ3032068
5,L48Y-DB9,1.0,1.0,S6H3245
6,L48Y-DB9,1.0,1.0,L48Y-MB9
4,L48Y-DY3,100.0,1000.0,SUJ3032068
5,L48Y-DY3,1.0,1.0,S6H3255
6,L48Y-DY3,1.0,1.0,L48Y-MY3
4,L5-DB2D20,55.0,1000.0,SUJ3045056
5,L5-DB2D20,1.0,1.0,S5F4525
6,L5-DB2D20,1.0,1.0,L5-MB2D20
4,L6A-DB1,35.0,1000.0,SKD11027067
5,L6A-DB1,1.0,1.0,SKD6G2723
6,L6A-DB1,1.0,1.0,L6A-MB1
4,L6A-DB2,31.0,1000.0,SKD11035065
5,L6A-DB2,1.0,1.0,SKD6E3525
6,L6A-DB2,1.0,1.0,L6A-MB2
4,L6A-DB333,36.0,1000.0,SKD11025067
5,L6A-DB333,1.0,1.0,SKD6G2526
6,L6A-DB333,1.0,1.0,L6A-MB333
4,L6A-DB3AS38,39.0,1000.0,SKD11027067
5,L6A-DB3AS38,1.0,1.0,SKD6G2726
6,L6A-DB3AS38,1.0,1.0,L6A-MB3AS38
4,L6A-DB433,32.0,1000.0,SKD11025067
5,L6A-DB433,1.0,1.0,SKD6G2523
6,L6A-DB433,1.0,1.0,L6A-MB433
4,L6A-DB4AS38,35.0,1000.0,SKD11027067
5,L6A-DB4AS38,1.0,1.0,SKD6G2723
6,L6A-DB4AS38,1.0,1.0,L6A-MB4AS38
4,L6A-DB533,62.0,1000.0,SKD11025067
5,L6A-DB533,1.0,1.0,SKD6G2545
6,L6A-DB533,1.0,1.0,L6A-MB533
4,L6A-DB633,62.0,1000.0,SKD11025067
5,L6A-DB633,1.0,1.0,SKD6G2545
6,L6A-DB633,1.0,1.0,L6A-MB633
4,L6A-DB7,67.0,1000.0,SKD11027067
5,L6A-DB7,1.0,1.0,SKD6G2745
6,L6A-DB7,1.0,1.0,L6A-MB7
4,L6A-DB7AS38,67.0,1000.0,SKD11027067
5,L6A-DB7AS38,1.0,1.0,SKD6G2745
6,L6A-DB7AS38,1.0,1.0,L6A-MB7AS38
4,L6A-DB8,67.0,1000.0,SKD11027067
5,L6A-DB8,1.0,1.0,SKD6G2745
6,L6A-DB8,1.0,1.0,L6A-MB8
4,L6A-DB8AS38,67.0,1000.0,SKD11027067
5,L6A-DB8AS38,1.0,1.0,SKD6G2745
6,L6A-DB8AS38,1.0,1.0,L6A-MB8AS38
4,L6A-DC5A30,35.0,1000.0,SKD11027067
5,L6A-DC5A30,1.0,1.0,SKD6G2723
6,L6A-DC5A30,1.0,1.0,L6A-MB4
4,L6A-DC7A30,35.0,1000.0,SKD11027067
5,L6A-DC7A30,1.0,1.0,SKD6G2723
6,L6A-DC7A30,1.0,1.0,L6A-MC7A30
4,L6A-DX4A30,31.0,1000.0,SKD11022067
5,L6A-DX4A30,1.0,1.0,SKD6G2225
6,L6A-DX4A30,1.0,1.0,L6A-MY2
4,L6A-DX5A30,25.0,1000.0,SKD11022055
5,L6A-DX5A30,1.0,1.0,SKD5E2225
6,L6A-DX5A30,1.0,1.0,L6A-MY1
4,L6A-DY1,25.0,1000.0,SKD11022055
5,L6A-DY1,1.0,1.0,SKD5E2225
6,L6A-DY1,1.0,1.0,L6A-MY1
5,L6A-DY1BL30,36.0,1000.0,SKD11025067
6,L6A-DY1BL30,1.0,1.0,SKD6G2526
4,L6A-DY233,31.0,1000.0,SKD11022067
5,L6A-DY233,1.0,1.0,SKD6G2225
6,L6A-DY233,1.0,1.0,L6A-MY233
4,L6A-DY2AS38,31.0,1000.0,SKD11022067
5,L6A-DY2AS38,1.0,1.0,SKD6G2225
6,L6A-DY2AS38,1.0,1.0,L6A-MY2AS38
4,L6A-DY3AS38,59.0,1000.0,SKD11022067
5,L6A-DY3AS38,1.0,1.0,SKD6G2248
6,L6A-DY3AS38,1.0,1.0,L6A-MY3AS38
4,L6A-DY4,59.0,1000.0,SKD11022067
5,L6A-DY4,1.0,1.0,SKD6G2248
6,L6A-DY4,1.0,1.0,L6A-MY4
4,L6A-DY433,59.0,1000.0,SKD11022067
5,L6A-DY433,1.0,1.0,SKD6G2248
6,L6A-DY433,1.0,1.0,L6A-MY433
4,L6A-DY8DB30,30.0,1000.0,SKD11022055
5,L6A-DY8DB30,1.0,1.0,SKD5E2230
6,L6A-DY8DB30,1.0,1.0,L6A-MY8DB30
5,L6A-MB3,35.0,1000.0,SKD11027067
6,L6A-MB3,1.0,1.0,SKD6G2723
5,L6A-MD5AS38,67.0,1000.0,SKD11027067
6,L6A-MD5AS38,1.0,1.0,SKD6G2745
5,L6A-MD6AS38,67.0,1000.0,SKD11027067
6,L6A-MD6AS38,1.0,1.0,SKD6G2745
5,L6A-MT1AA38,45.0,1000.0,SKD11022055
6,L6A-MT1AA38,1.0,1.0,SKD5E2245
5,L6A-MT2AA38,51.0,1000.0,SKD11022067
6,L6A-MT2AA38,1.0,1.0,SKD6G2242
5,L6A-MY1BL30,25.0,1000.0,SKD11022055
6,L6A-MY1BL30,1.0,1.0,SKD5E2225
5,L6A-MY2AF33,27.0,1000.0,SKD11022067
6,L6A-MY2AF33,1.0,1.0,SKD6G2222
5,L6A-MY3FS33,59.0,1000.0,SKD11022067
6,L6A-MY3FS33,1.0,1.0,SKD6G2248
5,L6A-MY8DB38,30.0,1000.0,SKD11022055
6,L6A-MY8DB38,1.0,1.0,SKD5E2230
6,L6A-MZ738,1.0,1.0,G3Z4248
4,L8A-DB1AL33,38.0,1000.0,SKD11025055
5,L8A-DB1AL33,1.0,1.0,SKD5E2532
6,L8A-DB1AL33,1.0,1.0,L8A-MB3AS33
4,L8A-DB2,50.0,1000.0,SUJ3030056
5,L8A-DB2,1.0,1.0,S5F3035
6,L8A-DB2,1.0,1.0,L8A-MB2
3,L8A-DB2AL38,50.0,1000.0,SUJ3030056
4,L8A-DB2AL38,1.0,1.0,S5F3035
5,L8A-DB2AL38,1.0,1.0,L8A-MB4AS38
6,L8A-DB2AL38,1.0,1.0,L8A-DB4AS38
4,L8A-DB3D33,51.0,1000.0,SKD11025055
5,L8A-DB3D33,1.0,1.0,SKD5E2545
6,L8A-DB3D33,1.0,1.0,L8A-MB3D33
4,L8A-DB3D38,41.0,1000.0,SKD11025055
5,L8A-DB3D38,1.0,1.0,SKD5E2535
6,L8A-DB3D38,1.0,1.0,L8A-MB3D38
4,L8A-DB4C30,50.0,1000.0,SUJ3030056
5,L8A-DB4C30,1.0,1.0,S5F3035
6,L8A-DB4C30,1.0,1.0,L8A-MB4C30
4,L8A-DB4D33,38.0,1000.0,SKD11025055
5,L8A-DB4D33,1.0,1.0,SKD5E2532
6,L8A-DB4D33,1.0,1.0,L8A-MB4D33
4,L8A-DB4D38,39.0,1000.0,SKD11025055
5,L8A-DB4D38,1.0,1.0,SKD5E2533
6,L8A-DB4D38,1.0,1.0,L8A-MB4D38
4,L8A-DB5A33,75.0,1000.0,SUJ3038068
5,L8A-DB5A33,1.0,1.0,S6H3828
6,L8A-DB5A33,1.0,1.0,L8A-MB5A33
4,L8A-DB6A33,70.0,1000.0,SUJ3038068
5,L8A-DB6A33,1.0,1.0,S6H3825
6,L8A-DB6A33,1.0,1.0,L8A-MB6A33
4,L8A-DB6B,55.0,1000.0,SUJ3038068
5,L8A-DB6B,1.0,1.0,S6H2630P
6,L8A-DB6B,1.0,1.0,L8A-MB6B
4,L8A-DB9B33,50.0,1000.0,SUJ3030056
5,L8A-DB9B33,1.0,1.0,S5F3035
6,L8A-DB9B33,1.0,1.0,L8A-MB9B33
4,L8A-DC0B,60.0,1000.0,SUJ3038056-44
5,L8A-DC0B,1.0,1.0,S5F3830
6,L8A-DC0B,1.0,1.0,L8A-MC0B
4,L8A-DC0B33,50.0,1000.0,SUJ3030056
5,L8A-DC0B33,1.0,1.0,S5F3035
6,L8A-DC0B33,1.0,1.0,L8A-MC0B33
4,L8A-DX3R33,50.0,1000.0,SUJ3038056-44
5,L8A-DX3R33,1.0,1.0,S5F3822
6,L8A-DX3R33,1.0,1.0,L8A-MX3R33
4,L8A-DX4B,45.0,1000.0,SUJ3038068
5,L8A-DX4B,1.0,1.0,S6H3818
6,L8A-DX4B,1.0,1.0,L8A-MX4B
4,L8A-DX4B38,55.0,1000.0,SUJ3038068
5,L8A-DX4B38,1.0,1.0,S6H3822
6,L8A-DX4B38,1.0,1.0,L8A-MX4B38
4,L8A-DX5B,50.0,1000.0,SUJ3038056-44
5,L8A-DX5B,1.0,1.0,S5F3822
6,L8A-DX5B,1.0,1.0,L8A-MX5B
4,L8A-DX5B38,50.0,1000.0,SUJ3038056-44
5,L8A-DX5B38,1.0,1.0,S5F3822
6,L8A-DX5B38,1.0,1.0,L8A-MX5B38
4,L8A-DY1AS38,35.0,1000.0,SKD11022055
5,L8A-DY1AS38,1.0,1.0,SKD5E2235
6,L8A-DY1AS38,1.0,1.0,L8A-MY1AS38
4,L8A-DY1ASL,50.0,1000.0,SUJ3038056-44
5,L8A-DY1ASL,1.0,1.0,S5F3822
6,L8A-DY1ASL,1.0,1.0,L8A-MY1ASL
4,L8A-DY1ASL33,35.0,1000.0,SKD11022055
5,L8A-DY1ASL33,1.0,1.0,SKD5E2235
6,L8A-DY1ASL33,1.0,1.0,L8A-MY1ASL33
6,L8A-DY1ASL38,1.0,1.0,L8A-MY1ASL38
4,L8A-DY1C,50.0,1000.0,SUJ3038056-44
5,L8A-DY1C,1.0,1.0,S5F3822
6,L8A-DY1C,1.0,1.0,L8A-MY1C
4,L8A-DY1C33,35.0,1000.0,SKD11022055
5,L8A-DY1C33,1.0,1.0,SKD5E2235
6,L8A-DY1C33,1.0,1.0,L8A-MY1C33
4,L8A-DY1D,50.0,1000.0,SUJ3038056-44
5,L8A-DY1D,1.0,1.0,S5F3822
6,L8A-DY1D,1.0,1.0,L8A-MY1D
4,L8A-DY1D33,35.0,1000.0,SKD11022055
5,L8A-DY1D33,1.0,1.0,SKD5E2235
6,L8A-DY1D33,1.0,1.0,L8A-MY1D33
4,L8A-DY1D38,35.0,1000.0,SKD11022055
5,L8A-DY1D38,1.0,1.0,SKD5E2235
6,L8A-DY1D38,1.0,1.0,L8A-MY1D38
4,L8A-DY4B,45.0,1000.0,SUJ3038068
5,L8A-DY4B,1.0,1.0,S6H3818
6,L8A-DY4B,1.0,1.0,L8A-MY4B
4,L8A-DY4C,45.0,1000.0,SUJ3038068
5,L8A-DY4C,1.0,1.0,S6H3818
6,L8A-DY4C,1.0,1.0,L8A-MY4C
4,L8A-DY4C33,45.0,1000.0,SUJ3038068
5,L8A-DY4C33,1.0,1.0,S6H3818
6,L8A-DY4C33,1.0,1.0,L8A-MY4C33
4,L8A-DY4C38,45.0,1000.0,SUJ3038068
5,L8A-DY4C38,1.0,1.0,S6H3818
6,L8A-DY4C38,1.0,1.0,L8A-MY4C38
4,L8A-DY4D,45.0,1000.0,SUJ3038068
5,L8A-DY4D,1.0,1.0,S6H3818
6,L8A-DY4D,1.0,1.0,L8A-MY4D
4,L8A-DY4D33,45.0,1000.0,SUJ3038068
5,L8A-DY4D33,1.0,1.0,S6H3818
6,L8A-DY4D33,1.0,1.0,L8A-MY4D33
4,L8AL-DB1,45.0,1000.0,SKD11025055
5,L8AL-DB1,1.0,1.0,SKD5E2538
6,L8AL-DB1,1.0,1.0,L8AL-MB1
4,L8AL-DB2,41.0,1000.0,SKD11025055
5,L8AL-DB2,1.0,1.0,SKD5E2535
6,L8AL-DB2,1.0,1.0,L8AL-MB2
4,L8AL-DB3,32.0,1000.0,SKD11025067
5,L8AL-DB3,1.0,1.0,SKD6G2523
6,L8AL-DB3,1.0,1.0,L8AL-MB3
4,L8AL-DB3A33,36.0,1000.0,SKD11025067
5,L8AL-DB3A33,1.0,1.0,SKD6G2526
6,L8AL-DB3A33,1.0,1.0,L8AL-MB3A33
4,L8AL-DB3AA36,36.0,1000.0,SKD11025067
5,L8AL-DB3AA36,1.0,1.0,SKD6G2526
6,L8AL-DB3AA36,1.0,1.0,L8AL-MB3AA36
4,L8AL-DB4,32.0,1000.0,SKD11025067
5,L8AL-DB4,1.0,1.0,SKD6G2523
6,L8AL-DB4,1.0,1.0,L8AL-MB4
4,L8AL-DB4A33,36.0,1000.0,SKD11025067
5,L8AL-DB4A33,1.0,1.0,SKD6G2526
6,L8AL-DB4A33,1.0,1.0,L8AL-MB4A33
4,L8AL-DB4AA36,36.0,1000.0,SKD11025067
5,L8AL-DB4AA36,1.0,1.0,SKD6G2526
6,L8AL-DB4AA36,1.0,1.0,L8AL-MB4AA36
4,L8AL-DB5,45.0,1000.0,SKD11025067
5,L8AL-DB5,1.0,1.0,SKD6G2532
6,L8AL-DB5,1.0,1.0,L8AL-MB5
4,L8AL-DB5A33,45.0,1000.0,SKD11025067
5,L8AL-DB5A33,1.0,1.0,SKD6G2532
6,L8AL-DB5A33,1.0,1.0,L8AL-MB5A33
4,L8AL-DB5AA36,45.0,1000.0,SKD11025067
5,L8AL-DB5AA36,1.0,1.0,SKD6G2532
6,L8AL-DB5AA36,1.0,1.0,L8AL-MB5AA36
4,L8AL-DB6,45.0,1000.0,SKD11025067
5,L8AL-DB6,1.0,1.0,SKD6G2532
6,L8AL-DB6,1.0,1.0,L8AL-MB6
4,L8AL-DB6A33,45.0,1000.0,SKD11025067
5,L8AL-DB6A33,1.0,1.0,SKD6G2532
6,L8AL-DB6A33,1.0,1.0,L8AL-MB6A33
4,L8AL-DC1,38.0,1000.0,SKD11025055
5,L8AL-DC1,1.0,1.0,SKD5E2532
6,L8AL-DC1,1.0,1.0,L8AL-MC1
4,L8AL-DC1A33,39.0,1000.0,SKD11025055
5,L8AL-DC1A33,1.0,1.0,SKD5E2533
6,L8AL-DC1A33,1.0,1.0,L8AL-MC1A33
4,L8AL-DC1A38,41.0,1000.0,SKD11025055
5,L8AL-DC1A38,1.0,1.0,SKD5E2535
6,L8AL-DC1A38,1.0,1.0,L8AL-MC1A38
4,L8AL-DC2,38.0,1000.0,SKD11025055
5,L8AL-DC2,1.0,1.0,SKD5E2532
6,L8AL-DC2,1.0,1.0,L8AL-MC2
4,L8AL-DC2A33,38.0,1000.0,SKD11025055
5,L8AL-DC2A33,1.0,1.0,SKD5E2532
6,L8AL-DC2A33,1.0,1.0,L8AL-MC2A33
4,L8AL-DC2A38,41.0,1000.0,SKD11025055
5,L8AL-DC2A38,1.0,1.0,SKD5E2535
6,L8AL-DC2A38,1.0,1.0,L8AL-MC2A38
4,L8AL-DC2AA36,49.0,1000.0,SKD11030055
5,L8AL-DC2AA36,1.0,1.0,SKD5E3031
6,L8AL-DC2AA36,1.0,1.0,L8AL-MC2AA36
4,L8AL-DC5,48.0,1000.0,SKD11027067
5,L8AL-DC5,1.0,1.0,SKD6G2732
6,L8AL-DC5,1.0,1.0,L8AL-MC5
4,L8AL-DC5A33,48.0,1000.0,SKD11027067
5,L8AL-DC5A33,1.0,1.0,SKD6G2732
6,L8AL-DC5A33,1.0,1.0,L8AL-MC5A33
4,L8AL-DC5A38,48.0,1000.0,SKD11027067
5,L8AL-DC5A38,1.0,1.0,SKD6G2732
6,L8AL-DC5A38,1.0,1.0,L8AL-MC5A38
4,L8AL-DC5AA36,48.0,1000.0,SKD11027067
5,L8AL-DC5AA36,1.0,1.0,SKD6G2732
6,L8AL-DC5AA36,1.0,1.0,L8AL-MC5AA36
4,L8AL-DC6,48.0,1000.0,SKD11027067
5,L8AL-DC6,1.0,1.0,SKD6G2732
6,L8AL-DC6,1.0,1.0,L8AL-MC6
4,L8AL-DC6A33,48.0,1000.0,SKD11027067
5,L8AL-DC6A33,1.0,1.0,SKD6G2732
6,L8AL-DC6A33,1.0,1.0,L8AL-MC6A33
4,L8AL-DC6A38,48.0,1000.0,SKD11027067
5,L8AL-DC6A38,1.0,1.0,SKD6G2732
6,L8AL-DC6A38,1.0,1.0,L8AL-MC6A38
4,L8AL-DC6AA36,48.0,1000.0,SKD11027067
5,L8AL-DC6AA36,1.0,1.0,SKD6G2732
6,L8AL-DC6AA36,1.0,1.0,L8AL-MC6AA36
4,L8AL-DC7A30,38.0,1000.0,SKD11025055
5,L8AL-DC7A30,1.0,1.0,SKD5E2532
6,L8AL-DC7A30,1.0,1.0,L8AL-MC1
4,L8AL-DC7M,50.0,1000.0,SKD11030055
5,L8AL-DC7M,1.0,1.0,SKD5E3035
6,L8AL-DC7M,1.0,1.0,L8AL-MC7M
4,L8AL-DC8A30,38.0,1000.0,SKD11025055
5,L8AL-DC8A30,1.0,1.0,SKD5E2532
6,L8AL-DC8A30,1.0,1.0,L8AL-MC2
4,L8AL-DX1A33,35.0,1000.0,SKD11022055
5,L8AL-DX1A33,1.0,1.0,SKD5E2235
6,L8AL-DX1A33,1.0,1.0,L8AL-MX1A33
4,L8AL-DX1A38,35.0,1000.0,SKD11022055
5,L8AL-DX1A38,1.0,1.0,SKD5E2235
6,L8AL-DX1A38,1.0,1.0,L8AL-MX1A38
4,L8AL-DX1BA30,35.0,1000.0,SKD11022055
5,L8AL-DX1BA30,1.0,1.0,SKD5E2235
6,L8AL-DX1BA30,1.0,1.0,L8AL-MX1BA30
4,L8AL-DX1BA36,35.0,1000.0,SKD11022055
5,L8AL-DX1BA36,1.0,1.0,SKD5E2235
6,L8AL-DX1BA36,1.0,1.0,L8AL-MX1BA36
4,L8AL-DX1DA33,35.0,1000.0,SKD11022055
5,L8AL-DX1DA33,1.0,1.0,SKD5E2235
6,L8AL-DX1DA33,1.0,1.0,L8AL-MX1DA33
4,L8AL-DX2,43.0,1000.0,SKD11022067
5,L8AL-DX2,1.0,1.0,SKD6G2235
6,L8AL-DX2,1.0,1.0,L8AL-MX2
4,L8AL-DX2A33,41.0,1000.0,SKD11015067
5,L8AL-DX2A33,1.0,1.0,SKD6G1535
6,L8AL-DX2A33,1.0,1.0,L8AL-MX2A33
4,L8AL-DX2AB30,43.0,1000.0,SKD11022067
5,L8AL-DX2AB30,1.0,1.0,SKD6G2235
6,L8AL-DX2AB30,1.0,1.0,L8AL-MX2AB30
4,L8AL-DX2AB33,43.0,1000.0,SKD11022067
5,L8AL-DX2AB33,1.0,1.0,SKD6G2235
6,L8AL-DX2AB33,1.0,1.0,L8AL-MX2AB33
4,L8AL-DX2AB38,43.0,1000.0,SKD11022067
5,L8AL-DX2AB38,1.0,1.0,SKD6G2235
6,L8AL-DX2AB38,1.0,1.0,L8AL-MX2AB38
4,L8AL-DX5,43.0,1000.0,SKD11022067
5,L8AL-DX5,1.0,1.0,SKD6G2235
6,L8AL-DX5,1.0,1.0,L8AL-MX2
5,L8AL-DX5A33,43.0,1000.0,SKD11022067
6,L8AL-DX5A33,1.0,1.0,SKD6G2235
3,L8AL-DX5AA36,43.0,1000.0,SKD11022067
4,L8AL-DX5AA36,1.0,1.0,SKD6G2235
5,L8AL-DX5AA36,1.0,1.0,L8AL-MX2AA36
6,L8AL-DX5AA36,1.0,1.0,L8AL-DX2AA36
4,L8AL-DX5AB30,43.0,1000.0,SKD11022067
5,L8AL-DX5AB30,1.0,1.0,SKD6G2235
6,L8AL-DX5AB30,1.0,1.0,L8AL-MX2AB30
4,L8AL-DX5AB33,43.0,1000.0,SKD11022067
5,L8AL-DX5AB33,1.0,1.0,SKD6G2235
6,L8AL-DX5AB33,1.0,1.0,L8AL-MX2AB33
4,L8AL-DX5AB38,43.0,1000.0,SKD11022067
5,L8AL-DX5AB38,1.0,1.0,SKD6G2235
6,L8AL-DX5AB38,1.0,1.0,L8AL-MX2AB38
4,L8AL-DY1,55.0,1000.0,SKD11030055
5,L8AL-DY1,1.0,1.0,SKD5E3038
6,L8AL-DY1,1.0,1.0,L8AL-MY1
4,L8AL-DY2,33.0,1000.0,SKD11022067
5,L8AL-DY2,1.0,1.0,SKD6G2227
6,L8AL-DY2,1.0,1.0,L8AL-MY2
4,L8AL-DY2A33,33.0,1000.0,SKD11022067
5,L8AL-DY2A33,1.0,1.0,SKD6G2227
6,L8AL-DY2A33,1.0,1.0,L8AL-MY2A33
4,L8AL-DY2AA36,33.0,1000.0,SKD11022067
5,L8AL-DY2AA36,1.0,1.0,SKD6G2227
6,L8AL-DY2AA36,1.0,1.0,L8AL-MY2AA36
4,L8AL-DY3A33,43.0,1000.0,SKD11022067
5,L8AL-DY3A33,1.0,1.0,SKD6G2235
6,L8AL-DY3A33,1.0,1.0,L8AL-MY3A33
4,L8AL-DY3AA36,43.0,1000.0,SKD11022067
5,L8AL-DY3AA36,1.0,1.0,SKD6G2235
6,L8AL-DY3AA36,1.0,1.0,L8AL-MY3AA36
5,L8AL-MX1,35.0,1000.0,SKD11022055
6,L8AL-MX1,1.0,1.0,SKD5E2235
5,L8AL-MY4B38,41.0,1000.0,SKD11015067
6,L8AL-MY4B38,1.0,1.0,SKD6G1535
5,L8A-MB2A33,41.0,1000.0,SKD11015067
6,L8A-MB2A33,1.0,1.0,SKD6G1535
5,L8A-MB3D,50.0,1000.0,SUJ3030056
6,L8A-MB3D,1.0,1.0,S5F3035
5,L8A-MB4AS33,38.0,1000.0,SKD11025055
6,L8A-MB4AS33,1.0,1.0,SKD5E2532
5,L8A-MB4D,50.0,1000.0,SUJ3030056
6,L8A-MB4D,1.0,1.0,S5F3035
5,L8A-MB5D38,47.0,1000.0,SKD11025067
6,L8A-MB5D38,1.0,1.0,SKD6G2534
5,L8A-MB6D38,45.0,1000.0,SKD11025067
6,L8A-MB6D38,1.0,1.0,SKD6G2532
5,L8A-MC1T30,42.0,1000.0,SKD11025067
6,L8A-MC1T30,1.0,1.0,SKD6G2530
5,L8A-MC2T30,42.0,1000.0,SKD11025067
6,L8A-MC2T30,1.0,1.0,SKD6G2530
5,L8A-MY1R33,35.0,1000.0,SKD11022055
6,L8A-MY1R33,1.0,1.0,SKD5E2235
5,L8A-MY2B33,41.0,1000.0,SKD11015067
6,L8A-MY2B33,1.0,1.0,SKD6G1535
5,L8A-MY2D33,41.0,1000.0,SKD11015067
6,L8A-MY2D33,1.0,1.0,SKD6G1535
5,L8A-MY2D38,41.0,1000.0,SKD11015067
6,L8A-MY2D38,1.0,1.0,SKD6G1535
5,L8A-MY4B33,41.0,1000.0,SKD11015067
6,L8A-MY4B33,1.0,1.0,SKD6G1535
5,L8A-MY4B38,41.0,1000.0,SKD11015067
6,L8A-MY4B38,1.0,1.0,SKD6G1535
5,L8A-MY4D38,45.0,1000.0,SUJ3038068
6,L8A-MY4D38,1.0,1.0,S6H3818
4,LA-355-512AA33,41.0,1000.0,SKD11027067
5,LA-355-512AA33,1.0,1.0,SKD6G2727
6,LA-355-512AA33,1.0,1.0,LPJ4B-MY2AA33
5,LA-3S-MY3,45.0,1000.0,SKD11025067
6,LA-3S-MY3,1.0,1.0,SKD6G2532
4,LA-4104-612BA30,134.0,1000.0,SKD11040085
5,LA-4104-612BA30,1.0,1.0,SKD8E4048
6,LA-4104-612BA30,1.0,1.0,DSP-MB2AA30
4,LA-4106-511DA30,54.0,1000.0,SKD11030072
5,LA-4106-511DA30,1.0,1.0,SKD7B3030
6,LA-4106-511DA30,1.0,1.0,DFK3.2-MY1AA30
4,LA-4106-511EA30,54.0,1000.0,SKD11030072
5,LA-4106-511EA30,1.0,1.0,SKD7B3030
6,LA-4106-511EA30,1.0,1.0,DFK3.2-MY1AA30
4,LA-4106-512AA30,28.0,1000.0,SKD11029082
5,LA-4106-512AA30,1.0,1.0,SKD8B2914
6,LA-4106-512AA30,1.0,1.0,DFK3.2-MY2AA30
4,LA-4106-513AA30,41.0,1000.0,SKD11030072
5,LA-4106-513AA30,1.0,1.0,SKD7B3020
6,LA-4106-513AA30,1.0,1.0,DFK3.2-MY3AA30
4,LA-4106-514AA30,63.0,1000.0,SKD11030085
5,LA-4106-514AA30,1.0,1.0,SKD8E3030
6,LA-4106-514AA30,1.0,1.0,DFK3.2-MY4AA30
4,LA-4106-514PA30,63.0,1000.0,SKD11030085
5,LA-4106-514PA30,1.0,1.0,SKD8E3030
6,LA-4106-514PA30,1.0,1.0,DFK3.2-MY4AA30
4,LA-4106-515AA30,108.0,1000.0,SKD11029082
5,LA-4106-515AA30,1.0,1.0,SKD8B2955
6,LA-4106-515AA30,1.0,1.0,DFK3.2-MY5AA30
4,LA-4106-516AA30,84.0,1000.0,SKD11040085
5,LA-4106-516AA30,1.0,1.0,SKD8E4030
6,LA-4106-516AA30,1.0,1.0,DFK3.2-MY6AA30
4,LA-4106-516BA30,84.0,1000.0,SKD11040085
5,LA-4106-516BA30,1.0,1.0,SKD8E4030
6,LA-4106-516BA30,1.0,1.0,DFK3.2-MY6AA30
4,LA-4106-516CA30,84.0,1000.0,SKD11040085
5,LA-4106-516CA30,1.0,1.0,SKD8E4030
6,LA-4106-516CA30,1.0,1.0,DFK3.2-MY6AA30
4,LA-4106-516PA30,84.0,1000.0,SKD11040085
5,LA-4106-516PA30,1.0,1.0,SKD8E4030
6,LA-4106-516PA30,1.0,1.0,DFK3.2-MY6AA30
4,LA-4106-516QA30,84.0,1000.0,SKD11040085
5,LA-4106-516QA30,1.0,1.0,SKD8E4030
6,LA-4106-516QA30,1.0,1.0,DFK3.2-MY6AA30
4,LA-4106-516RA30,84.0,1000.0,SKD11040085
5,LA-4106-516RA30,1.0,1.0,SKD8E4030
6,LA-4106-516RA30,1.0,1.0,DFK3.2-MY6AA30
4,LA-4106-541AA30,54.0,1000.0,SKD11030072
5,LA-4106-541AA30,1.0,1.0,SKD7B3030
6,LA-4106-541AA30,1.0,1.0,DFK3.2-MY1AA30
4,LA-4106-542AA30,28.0,1000.0,SKD11029082
5,LA-4106-542AA30,1.0,1.0,SKD8B2914
6,LA-4106-542AA30,1.0,1.0,DFK3.2-MY2AA30
4,LA-4106-543AA30,41.0,1000.0,SKD11030072
5,LA-4106-543AA30,1.0,1.0,SKD7B3020
6,LA-4106-543AA30,1.0,1.0,DFK3.2-MY3AA30
4,LA-4106-544AA30,63.0,1000.0,SKD11030085
5,LA-4106-544AA30,1.0,1.0,SKD8E3030
6,LA-4106-544AA30,1.0,1.0,DFK3.2-MY4AA30
4,LA-4106-546CA30,84.0,1000.0,SKD11040085
5,LA-4106-546CA30,1.0,1.0,SKD8E4030
6,LA-4106-546CA30,1.0,1.0,DFK3.2-MY6AA30
3,LA-478-511BA30,26.0,1000.0,SKD11025055
4,LA-478-511BA30,1.0,1.0,SKD5E2520
5,LA-478-511BA30,1.0,1.0,V8ER-MY1AA30
6,LA-478-511BA30,1.0,1.0,V8ER-DY1AA30
4,LA-478-521EA33,30.0,1000.0,SKD11022055
5,LA-478-521EA33,1.0,1.0,SKD5E2230
6,LA-478-521EA33,1.0,1.0,V8ME-MX1EA33
3,LA-478-523AA34,35.0,1000.0,SKD11022055
4,LA-478-523AA34,1.0,1.0,SKD5E2235
5,LA-478-523AA34,1.0,1.0,V8ME-MX1AA34
6,LA-478-523AA34,1.0,1.0,V8ME-DX1AA34
3,LA-478-623AA33,38.0,1000.0,SKD11025055
4,LA-478-623AA33,1.0,1.0,SKD5E2532
5,LA-478-623AA33,1.0,1.0,V8ME-MC3AA33
6,LA-478-623AA33,1.0,1.0,V8ME-DC3AA33
3,LA-478-624AA33,38.0,1000.0,SKD11025055
4,LA-478-624AA33,1.0,1.0,SKD5E2532
5,LA-478-624AA33,1.0,1.0,V8ME-MC3AA33
6,LA-478-624AA33,1.0,1.0,V8ME-DC3AA33
4,LA-478-625AA33,43.0,1000.0,SKD11025067
5,LA-478-625AA33,1.0,1.0,SKD6G2531
6,LA-478-625AA33,1.0,1.0,V8ME-MC5AA33
4,LA-478-626AA33,43.0,1000.0,SKD11025067
5,LA-478-626AA33,1.0,1.0,SKD6G2531
6,LA-478-626AA33,1.0,1.0,V8ME-MC5AA33
3,LA-478-629AA33,38.0,1000.0,SKD11025055
4,LA-478-629AA33,1.0,1.0,SKD5E2532
5,LA-478-629AA33,1.0,1.0,V8ME-MC3AA33
6,LA-478-629AA33,1.0,1.0,V8ME-DC3AA33
3,LA-478-630AA33,38.0,1000.0,SKD11025055
4,LA-478-630AA33,1.0,1.0,SKD5E2532
5,LA-478-630AA33,1.0,1.0,V8ME-MC3AA33
6,LA-478-630AA33,1.0,1.0,V8ME-DC3AA33
4,LA-478-631AA33,43.0,1000.0,SKD11025067
5,LA-478-631AA33,1.0,1.0,SKD6G2531
6,LA-478-631AA33,1.0,1.0,V8ME-MC5AA33
4,LA-478-632AA33,43.0,1000.0,SKD11025067
5,LA-478-632AA33,1.0,1.0,SKD6G2531
6,LA-478-632AA33,1.0,1.0,V8ME-MC5AA33
3,LA-479-512AA30,45.0,1000.0,SKD11025067
4,LA-479-512AA30,1.0,1.0,SKD6G2532
5,LA-479-512AA30,1.0,1.0,V8ER-MY2AA30
6,LA-479-512AA30,1.0,1.0,V8ER-DY2AA30
3,LA-479-512AA33,45.0,1000.0,SKD11025067
4,LA-479-512AA33,1.0,1.0,SKD6G2532
5,LA-479-512AA33,1.0,1.0,V8ER-MY2AA30
6,LA-479-512AA33,1.0,1.0,V8ER-DY2AA30
3,LA-479-512AA38,45.0,1000.0,SKD11025067
4,LA-479-512AA38,1.0,1.0,SKD6G2532
5,LA-479-512AA38,1.0,1.0,V8ER-MY2AA36
6,LA-479-512AA38,1.0,1.0,V8ER-DY2AA36
3,LA-479-515AA30,45.0,1000.0,SKD11025067
4,LA-479-515AA30,1.0,1.0,SKD6G2532
5,LA-479-515AA30,1.0,1.0,V8ER-MY2AA30
6,LA-479-515AA30,1.0,1.0,V8ER-DY2AA30
3,LA-479-515AA33,45.0,1000.0,SKD11025067
4,LA-479-515AA33,1.0,1.0,SKD6G2532
5,LA-479-515AA33,1.0,1.0,V8ER-MY2AA30
6,LA-479-515AA33,1.0,1.0,V8ER-DY2AA30
3,LA-479-515AA38,45.0,1000.0,SKD11025067
4,LA-479-515AA38,1.0,1.0,SKD6G2532
5,LA-479-515AA38,1.0,1.0,V8ER-MY2AA36
6,LA-479-515AA38,1.0,1.0,V8ER-DY2AA36
4,LA-5142-511AA33,51.0,1000.0,SKD11025055
5,LA-5142-511AA33,1.0,1.0,SKD5E2545
6,LA-5142-511AA33,1.0,1.0,SDR-MY1AA33
4,LA-5142-514AA33,51.0,1000.0,SKD11025055
5,LA-5142-514AA33,1.0,1.0,SKD5E2545
6,LA-5142-514AA33,1.0,1.0,SDR-MY1AA33
4,LA-5142-52133,51.0,1000.0,SKD11025055
5,LA-5142-52133,1.0,1.0,SKD5E2545
6,LA-5142-52133,1.0,1.0,SDR-MY1AA33
4,LA-5142-521AA33,51.0,1000.0,SKD11025055
5,LA-5142-521AA33,1.0,1.0,SKD5E2545
6,LA-5142-521AA33,1.0,1.0,SDR-MY1AA33
4,LA-5142-524AA33,51.0,1000.0,SKD11025055
5,LA-5142-524AA33,1.0,1.0,SKD5E2545
6,LA-5142-524AA33,1.0,1.0,SDR-MY1AA33
4,LA-5142-613AA33,63.0,1000.0,SKD11030085
5,LA-5142-613AA33,1.0,1.0,SKD8E3030
6,LA-5142-613AA33,1.0,1.0,SDR-MB3AA33
4,LA-5142-614AA33,63.0,1000.0,SKD11030085
5,LA-5142-614AA33,1.0,1.0,SKD8E3030
6,LA-5142-614AA33,1.0,1.0,SDR-MB3AA33
4,LA-5142-619AA33,63.0,1000.0,SKD11030085
5,LA-5142-619AA33,1.0,1.0,SKD8E3030
6,LA-5142-619AA33,1.0,1.0,SDR-MB3AA33
4,LA-5142-620AA33,63.0,1000.0,SKD11030085
5,LA-5142-620AA33,1.0,1.0,SKD8E3030
6,LA-5142-620AA33,1.0,1.0,SDR-MB3AA33
3,LA-59-612,19.0,1000.0,SKD11035065
4,LA-59-612,1.0,1.0,SKD6E3515
5,LA-59-612,1.0,1.0,LDR-MB2
6,LA-59-612,1.0,1.0,LDR-DB2
3,LA-603-53130,45.0,1000.0,SKD11025067
4,LA-603-53130,1.0,1.0,SKD6G2532
5,LA-603-53130,1.0,1.0,3S-MY1
6,LA-603-53130,1.0,1.0,3S-DY1
3,LA-603-531B30,45.0,1000.0,SKD11025067
4,LA-603-531B30,1.0,1.0,SKD6G2532
5,LA-603-531B30,1.0,1.0,3S-MY1
6,LA-603-531B30,1.0,1.0,3S-DY1
3,LA-603-53230,45.0,1000.0,SKD11025067
4,LA-603-53230,1.0,1.0,SKD6G2532
5,LA-603-53230,1.0,1.0,3S-MY1
6,LA-603-53230,1.0,1.0,3S-DY1
3,LA-603-53330,45.0,1000.0,SKD11025067
4,LA-603-53330,1.0,1.0,SKD6G2532
5,LA-603-53330,1.0,1.0,3S-MY1
6,LA-603-53330,1.0,1.0,3S-DY3
3,LA-603-53430,45.0,1000.0,SKD11025067
4,LA-603-53430,1.0,1.0,SKD6G2532
5,LA-603-53430,1.0,1.0,3S-MY1
6,LA-603-53430,1.0,1.0,3S-DY1
4,LA-603-621A,43.0,1000.0,SKD11022067
5,LA-603-621A,1.0,1.0,SKD6G2235
6,LA-603-621A,1.0,1.0,NC-603-621A
4,LA-603-643AA,87.0,1000.0,SKD11035065
5,LA-603-643AA,1.0,1.0,SKD6E3538
6,LA-603-643AA,1.0,1.0,3S-ME1A
4,LA-603-643BA,87.0,1000.0,SKD11035065
5,LA-603-643BA,1.0,1.0,SKD6E3538
6,LA-603-643BA,1.0,1.0,3S-ME1A
4,LA-603-643CA,87.0,1000.0,SKD11035065
5,LA-603-643CA,1.0,1.0,SKD6E3538
6,LA-603-643CA,1.0,1.0,3S-ME1A
4,LA-603-643PA,87.0,1000.0,SKD11035065
5,LA-603-643PA,1.0,1.0,SKD6E3538
6,LA-603-643PA,1.0,1.0,3S-ME1A
4,LA-603-643QA,87.0,1000.0,SKD11035065
5,LA-603-643QA,1.0,1.0,SKD6E3538
6,LA-603-643QA,1.0,1.0,3S-ME1A
4,LA-603-643RA,87.0,1000.0,SKD11035065
5,LA-603-643RA,1.0,1.0,SKD6E3538
6,LA-603-643RA,1.0,1.0,3S-ME1A
4,LA-608-53130,45.0,1000.0,SKD11025067
5,LA-608-53130,1.0,1.0,SKD6G2532
6,LA-608-53130,1.0,1.0,3SRE-MW2AA30
4,LA-608-53138,45.0,1000.0,SKD11025067
5,LA-608-53138,1.0,1.0,SKD6G2532
6,LA-608-53138,1.0,1.0,3SRE-MW2AA38
4,LA-608-532AA30,45.0,1000.0,SKD11025067
5,LA-608-532AA30,1.0,1.0,SKD6G2532
6,LA-608-532AA30,1.0,1.0,3SRE-MW2AA30
4,LA-608-532AA38,45.0,1000.0,SKD11025067
5,LA-608-532AA38,1.0,1.0,SKD6G2532
6,LA-608-532AA38,1.0,1.0,3SRE-MW2AA38
4,LA-608-533AA30,45.0,1000.0,SKD11025067
5,LA-608-533AA30,1.0,1.0,SKD6G2532
6,LA-608-533AA30,1.0,1.0,3SRE-MW3AA30
4,LA-608-534AA38,45.0,1000.0,SKD11025067
5,LA-608-534AA38,1.0,1.0,SKD6G2532
6,LA-608-534AA38,1.0,1.0,3SRE-MW2AA38
3,LA-631-516G26,108.0,1000.0,SKD11040082
4,LA-631-516G26,1.0,1.0,SKD8B4040
5,LA-631-516G26,1.0,1.0,DF3-MY6D30
6,LA-631-516G26,1.0,1.0,DF3-DY6D30
3,LA-631-516H26,108.0,1000.0,SKD11040082
4,LA-631-516H26,1.0,1.0,SKD8B4040
5,LA-631-516H26,1.0,1.0,DF3-MY6D30
6,LA-631-516H26,1.0,1.0,DF3-DY6H30
3,LA-631-516HL26,108.0,1000.0,SKD11040082
4,LA-631-516HL26,1.0,1.0,SKD8B4040
5,LA-631-516HL26,1.0,1.0,DF3-MY6D30
6,LA-631-516HL26,1.0,1.0,DF3-DY6H30
3,LA-631-516I26,108.0,1000.0,SKD11040082
4,LA-631-516I26,1.0,1.0,SKD8B4040
5,LA-631-516I26,1.0,1.0,DF3-MY6D30
6,LA-631-516I26,1.0,1.0,DF3-DY6D30
3,LA-631-516IL26,108.0,1000.0,SKD11040082
4,LA-631-516IL26,1.0,1.0,SKD8B4040
5,LA-631-516IL26,1.0,1.0,DF3-MY6D30
6,LA-631-516IL26,1.0,1.0,DF3-DY6D30
5,LA-631-652L32,1.0,1.0,SKD135018
6,LA-631-652L32,1.0,1.0,DF3-MF1
3,LA-748-611AA30,181.0,1000.0,SKD11050085
4,LA-748-611AA30,1.0,1.0,SKD8E5052
5,LA-748-611AA30,1.0,1.0,PLP2B-MB1AA30
6,LA-748-611AA30,1.0,1.0,PLP2B-DB1AA30
3,LA-748-611BA30,181.0,1000.0,SKD11050085
4,LA-748-611BA30,1.0,1.0,SKD8E5052
5,LA-748-611BA30,1.0,1.0,PLP2B-MB1AA30
6,LA-748-611BA30,1.0,1.0,PLP2B-DB1AA30
4,LA-748-611BA32,181.0,1000.0,SKD11050085
5,LA-748-611BA32,1.0,1.0,SKD8E5052
6,LA-748-611BA32,1.0,1.0,PLP2B-MB1AA30
4,LA-748-651AA30,63.0,1000.0,SKD11050085
5,LA-748-651AA30,1.0,1.0,SKD8E5018
6,LA-748-651AA30,1.0,1.0,PLP2B-MF1AA30
5,LA-972-651AB26,63.0,1000.0,SKD11050085
6,LA-972-651AB26,1.0,1.0,SKD8E5018
4,LA-L6A-MY433-TEMP,59.0,1000.0,SKD11022067
5,LA-L6A-MY433-TEMP,1.0,1.0,SKD6G2248
6,LA-L6A-MY433-TEMP,1.0,1.0,L6A-MY433
4,LA-LEC3DGTY6-MC6AA34-G,74.0,1000.0,SKD11022067
5,LA-LEC3DGTY6-MC6AA34-G,1.0,1.0,SKD6G2261
6,LA-LEC3DGTY6-MC6AA34-G,1.0,1.0,LEC3DGTY6-MC6AA34
5,LCP-DC0MA26,45.0,1000.0,SUJ3030056
6,LCP-DC0MA26,1.0,1.0,S5F2723P
5,LCP-DC1MA26,30.0,1000.0,SUJ3030056
6,LCP-DC1MA26,1.0,1.0,S5F2020P
4,LCP-DY2K,45.0,1000.0,SUJ3038068
5,LCP-DY2K,1.0,1.0,S6H3818
6,LCP-DY2K,1.0,1.0,LCP-MY2K
5,LDR1.5-MB1AA38,45.0,1000.0,SUJ3038068
6,LDR1.5-MB1AA38,1.0,1.0,S6H3818
5,LDR1.5-MB3AA38,95.0,1000.0,SUJ3038068
6,LDR1.5-MB3AA38,1.0,1.0,S6H3838
4,LDRC-DB1AA33,62.0,1000.0,SKD11035067
5,LDRC-DB1AA33,1.0,1.0,SKD6G3532
6,LDRC-DB1AA33,1.0,1.0,LDRC-MB1AA33
4,LDRC-DB2AA33,51.0,1000.0,SKD11033065
5,LDRC-DB2AA33,1.0,1.0,SKD6E3327
6,LDRC-DB2AA33,1.0,1.0,LDRC-MB2AA33
4,LDRC-DB3AA33,68.0,1000.0,SKD11035067
5,LDRC-DB3AA33,1.0,1.0,SKD6G3535
6,LDRC-DB3AA33,1.0,1.0,LDRC-MB3AA33
4,LDRC-DB4AA33,68.0,1000.0,SKD11035067
5,LDRC-DB4AA33,1.0,1.0,SKD6G3535
6,LDRC-DB4AA33,1.0,1.0,LDRC-MB4AA33
4,LDRC-DY2AA33,68.0,1000.0,SKD11035067
5,LDRC-DY2AA33,1.0,1.0,SKD6G3535
6,LDRC-DY2AA33,1.0,1.0,LDRC-MY2AA33
4,LDRC-DY4AA33,145.0,1000.0,SKD11035067
5,LDRC-DY4AA33,1.0,1.0,SKD6G3575
6,LDRC-DY4AA33,1.0,1.0,LDRC-MY4AA33
4,LDR-DB1,29.0,1000.0,SKD11035067
5,LDR-DB1,1.0,1.0,SKD6G3515
6,LDR-DB1,1.0,1.0,LDR-MB1
4,LDR-DB1D9,87.0,1000.0,SKD11035065
5,LDR-DB1D9,1.0,1.0,SKD6E3540
6,LDR-DB1D9,1.0,1.0,LDR-MB1S12
4,LDR-DB1S12,87.0,1000.0,SKD11035065
5,LDR-DB1S12,1.0,1.0,SKD6E3540
6,LDR-DB1S12,1.0,1.0,LDR-MB1S12
4,LDR-DB1S13,87.0,1000.0,SKD11035065
5,LDR-DB1S13,1.0,1.0,SKD6E3540
6,LDR-DB1S13,1.0,1.0,LDR-MB1S13
4,LDR-DB1S14,62.0,1000.0,SKD11025067
5,LDR-DB1S14,1.0,1.0,SKD6G2545
6,LDR-DB1S14,1.0,1.0,LDR-MB1S14
4,LDR-DB1S33,19.0,1000.0,SKD11035065
5,LDR-DB1S33,1.0,1.0,SKD6E3515
6,LDR-DB1S33,1.0,1.0,LDR-MB1S33
4,LDR-DB1S38,33.0,1000.0,SKD11035067
5,LDR-DB1S38,1.0,1.0,SKD6G3517
6,LDR-DB1S38,1.0,1.0,LDR-MB1S38
4,LDR-DB2S33,19.0,1000.0,SKD11035065
5,LDR-DB2S33,1.0,1.0,SKD6E3515
6,LDR-DB2S33,1.0,1.0,LDR-MB2S33
4,LDR-DB2S38,33.0,1000.0,SKD11035067
5,LDR-DB2S38,1.0,1.0,SKD6G3517
6,LDR-DB2S38,1.0,1.0,LDR-MB2S38
4,LDR-DB3,56.0,1000.0,SKD11040065
5,LDR-DB3,1.0,1.0,SKD6E4026
6,LDR-DB3,1.0,1.0,LDR-MB3
4,LDR-DB3S33,64.0,1000.0,SKD11040065
5,LDR-DB3S33,1.0,1.0,SKD6E4030
6,LDR-DB3S33,1.0,1.0,LDR-MB3S33
4,LDR-DB3S38,64.0,1000.0,SKD11040065
5,LDR-DB3S38,1.0,1.0,SKD6E4030
6,LDR-DB3S38,1.0,1.0,LDR-MB3S38
4,LDR-DB4,31.0,1000.0,SKD11035065
5,LDR-DB4,1.0,1.0,SKD6E3525
6,LDR-DB4,1.0,1.0,LDR-MB4
4,LDR-DB4S33,33.0,1000.0,SKD11035065
5,LDR-DB4S33,1.0,1.0,SKD6E3527
6,LDR-DB4S33,1.0,1.0,LDR-MB4S33
4,LDR-DB4S38,33.0,1000.0,SKD11035065
5,LDR-DB4S38,1.0,1.0,SKD6E3527
6,LDR-DB4S38,1.0,1.0,LDR-MB4S38
4,LDR-DB5A12,87.0,1000.0,SKD11035065
5,LDR-DB5A12,1.0,1.0,SKD6E3540
6,LDR-DB5A12,1.0,1.0,LDR-MB1S12
4,LDR-DB5A13,77.0,1000.0,SKD11035067
5,LDR-DB5A13,1.0,1.0,SKD6G3540
6,LDR-DB5A13,1.0,1.0,LDR-MB5A13
4,LDR-DB5A14,62.0,1000.0,SKD11025067
5,LDR-DB5A14,1.0,1.0,SKD6G2545
6,LDR-DB5A14,1.0,1.0,LDR-MB5A14
4,LDR-DB5A21,53.0,1000.0,SKD11025067
5,LDR-DB5A21,1.0,1.0,SKD6G2538
6,LDR-DB5A21,1.0,1.0,LDR-MB5A21
4,LDR-DB5A9,87.0,1000.0,SKD11035065
5,LDR-DB5A9,1.0,1.0,SKD6E3540
6,LDR-DB5A9,1.0,1.0,LDR-MB1S12
3,LDR-DB5DA30,87.0,1000.0,SKD11035065
4,LDR-DB5DA30,1.0,1.0,SKD6E3540
5,LDR-DB5DA30,1.0,1.0,LDR-MB5
6,LDR-DB5DA30,1.0,1.0,LDR-DB5
4,LDR-DB5S33,87.0,1000.0,SKD11035065
5,LDR-DB5S33,1.0,1.0,SKD6E3543
6,LDR-DB5S33,1.0,1.0,LDR-MB5S33
4,LDR-DB5S38,87.0,1000.0,SKD11035065
5,LDR-DB5S38,1.0,1.0,SKD6E3545
6,LDR-DB5S38,1.0,1.0,LDR-MB5S38
4,LDR-DB6A14,62.0,1000.0,SKD11025067
5,LDR-DB6A14,1.0,1.0,SKD6G2545
6,LDR-DB6A14,1.0,1.0,LDR-MB6A14
4,LDR-DB6A21,59.0,1000.0,SKD11022067
5,LDR-DB6A21,1.0,1.0,SKD6G2248
6,LDR-DB6A21,1.0,1.0,LDR-MB6A21
3,LDR-DB6DA30,83.0,1000.0,SKD11035065
4,LDR-DB6DA30,1.0,1.0,SKD6E3536
5,LDR-DB6DA30,1.0,1.0,LDR-MB6
6,LDR-DB6DA30,1.0,1.0,LDR-DB6
4,LDR-DB6S33,87.0,1000.0,SKD11035065
5,LDR-DB6S33,1.0,1.0,SKD6E3540
6,LDR-DB6S33,1.0,1.0,LDR-MB6S33
4,LDR-DB6S38,87.0,1000.0,SKD11035065
5,LDR-DB6S38,1.0,1.0,SKD6E3543
6,LDR-DB6S38,1.0,1.0,LDR-MB6S38
3,LDR-DB7DA30,87.0,1000.0,SKD11035065
4,LDR-DB7DA30,1.0,1.0,SKD6E3540
5,LDR-DB7DA30,1.0,1.0,LDR-MB5
6,LDR-DB7DA30,1.0,1.0,LDR-DB5
3,LDR-DB8DA30,83.0,1000.0,SKD11035065
4,LDR-DB8DA30,1.0,1.0,SKD6E3536
5,LDR-DB8DA30,1.0,1.0,LDR-MB6
6,LDR-DB8DA30,1.0,1.0,LDR-DB6
4,LDR-DW5BA30,51.0,1000.0,SKD11025055
5,LDR-DW5BA30,1.0,1.0,SKD5E2545
6,LDR-DW5BA30,1.0,1.0,LDR-MW5BA30
4,LDR-DW6BA30,53.0,1000.0,SKD11025067
5,LDR-DW6BA30,1.0,1.0,SKD6G2538
6,LDR-DW6BA30,1.0,1.0,LDR-MW6BA30
4,LDR-DX3,36.0,1000.0,SKD11025067
5,LDR-DX3,1.0,1.0,SKD6G2526
6,LDR-DX3,1.0,1.0,LDR-MX3
4,LDR-DY1,51.0,1000.0,SKD11025055
5,LDR-DY1,1.0,1.0,SKD5E2545
6,LDR-DY1,1.0,1.0,LDR-MY1
4,LDR-DY1S33,55.0,1000.0,SKD11025055
5,LDR-DY1S33,1.0,1.0,SKD5E2548
6,LDR-DY1S33,1.0,1.0,LDR-MY1S33
4,LDR-DY1S38,55.0,1000.0,SKD11025055
5,LDR-DY1S38,1.0,1.0,SKD5E2548
6,LDR-DY1S38,1.0,1.0,LDR-MY1S38
4,LDR-DY2,62.0,1000.0,SKD11025067
5,LDR-DY2,1.0,1.0,SKD6G2545
6,LDR-DY2,1.0,1.0,LDR-MY2
4,LDR-DY2S33,62.0,1000.0,SKD11025067
5,LDR-DY2S33,1.0,1.0,SKD6G2545
6,LDR-DY2S33,1.0,1.0,LDR-MY2S33
4,LDR-DY2S38,62.0,1000.0,SKD11025067
5,LDR-DY2S38,1.0,1.0,SKD6G2545
6,LDR-DY2S38,1.0,1.0,LDR-MY2S38
6,LDR-DZ6E24,1.0,1.0,G3Z35100
4,LDRL-DY1A13,51.0,1000.0,SKD11025055
5,LDRL-DY1A13,1.0,1.0,SKD5E2545
6,LDRL-DY1A13,1.0,1.0,LDRL-MY1A13
4,LDRL-DY2A13,59.0,1000.0,SKD11022067
5,LDRL-DY2A13,1.0,1.0,SKD6G2248
6,LDRL-DY2A13,1.0,1.0,LDRL-MY2A13
5,LDRL-MB5A12,51.0,1000.0,SKD11022067
6,LDRL-MB5A12,1.0,1.0,SKD6G2242
5,LDRL-MB6A12,42.0,1000.0,SKD11022067
6,LDRL-MB6A12,1.0,1.0,SKD6G2234
5,LDRL-MX1AA12,33.0,1000.0,SKD11030055
6,LDRL-MX1AA12,1.0,1.0,SKD5E3024
5,LDRL-MX2AA12,35.0,1000.0,SKD11025067
6,LDRL-MX2AA12,1.0,1.0,SKD6G2525
5,LDRL-MX3AA12,35.0,1000.0,SKD11025067
6,LDRL-MX3AA12,1.0,1.0,SKD6G2525
6,LDR-MA7A24,1.0,1.0,G3Z2080
6,LDR-MA8A15,1.0,1.0,G3Z2045
6,LDR-MA8A16,1.0,1.0,G3Z2045
6,LDR-MA8A17,1.0,1.0,G3Z2045
5,LDR-MB1S21,62.0,1000.0,SKD11025067
6,LDR-MB1S21,1.0,1.0,SKD6G2545
5,LDR-MB5SV33,87.0,1000.0,SKD11035065
6,LDR-MB5SV33,1.0,1.0,SKD6E3543
5,LDR-MB5SV38,87.0,1000.0,SKD11035065
6,LDR-MB5SV38,1.0,1.0,SKD6E3545
5,LDR-MB5V,87.0,1000.0,SKD11035065
6,LDR-MB5V,1.0,1.0,SKD6E3540
5,LDR-MB6SV33,87.0,1000.0,SKD11035065
6,LDR-MB6SV33,1.0,1.0,SKD6E3540
5,LDR-MB6SV38,87.0,1000.0,SKD11035065
6,LDR-MB6SV38,1.0,1.0,SKD6E3543
5,LDR-MB6V,83.0,1000.0,SKD11035065
6,LDR-MB6V,1.0,1.0,SKD6E3536
5,LDR-MC4,36.0,1000.0,SKD11022067
6,LDR-MC4,1.0,1.0,SKD6G2230
5,LDR-MD0V,87.0,1000.0,SKD11035065
6,LDR-MD0V,1.0,1.0,SKD6E3540
5,LDR-MD1V,83.0,1000.0,SKD11035065
6,LDR-MD1V,1.0,1.0,SKD6E3536
5,LDR-MW6BAV30,53.0,1000.0,SKD11025067
6,LDR-MW6BAV30,1.0,1.0,SKD6G2538
5,LDR-MY2S2V,62.0,1000.0,SKD11025067
6,LDR-MY2S2V,1.0,1.0,SKD6G2545
5,LDR-MY2SV33,62.0,1000.0,SKD11025067
6,LDR-MY2SV33,1.0,1.0,SKD6G2545
5,LDR-MY2SV38,62.0,1000.0,SKD11025067
6,LDR-MY2SV38,1.0,1.0,SKD6G2545
4,LDRY-DB1P,60.0,1000.0,SUJ3038068
5,LDRY-DB1P,1.0,1.0,S6H2723P
6,LDRY-DB1P,1.0,1.0,LDRY-MB1P
4,LDRY-DB4E,80.0,1000.0,SUJ3047068-H
5,LDRY-DB4E,1.0,1.0,S6H4725
6,LDRY-DB4E,1.0,1.0,LDRY-MB4E
5,LDRY-MY1P,28.0,1000.0,SKD11025055
6,LDRY-MY1P,1.0,1.0,SKD5E2522
4,LEC24C-DC4,55.0,1000.0,SUJ3038068
5,LEC24C-DC4,1.0,1.0,S6H3822
6,LEC24C-DC4,1.0,1.0,LEC24C-MC4
5,LEC24C-DX5A33,45.0,1000.0,SUJ3038068
6,LEC24C-DX5A33,1.0,1.0,S6H3818
5,LEC24C-MB1A33,62.0,1000.0,SKD11035067
6,LEC24C-MB1A33,1.0,1.0,SKD6G3532
5,LEC24C-MB2A33,117.0,1000.0,SKD11035065
6,LEC24C-MB2A33,1.0,1.0,SKD6E3560
5,LEC24C-MB3BA33,31.0,1000.0,SKD11035065
6,LEC24C-MB3BA33,1.0,1.0,SKD6E3525
4,LEC2-DB1A30,35.0,1000.0,SKD11030070
5,LEC2-DB1A30,1.0,1.0,SKD7Z3020
6,LEC2-DB1A30,1.0,1.0,LEC2-MB1A30
4,LEC2-DB2A30,80.0,1000.0,SUJ3038068
5,LEC2-DB2A30,1.0,1.0,S6H3832
6,LEC2-DB2A30,1.0,1.0,LEC2-MB2A30
4,LEC2-DS6AA38,148.0,1000.0,SKD11040085
5,LEC2-DS6AA38,1.0,1.0,SKD8E4053
6,LEC2-DS6AA38,1.0,1.0,LEC2-MS6AA38
6,LEC2-DS9AA38,1.0,1.0,LEC-RS9D
4,LEC2-DX0AA38,55.0,1000.0,SUJ3038068
5,LEC2-DX0AA38,1.0,1.0,S6H3822
6,LEC2-DX0AA38,1.0,1.0,LEC2-MX0AA38
4,LEC2-DY1A30,31.0,1000.0,SKD11035065
5,LEC2-DY1A30,1.0,1.0,SKD6E3525
6,LEC2-DY1A30,1.0,1.0,LEC2-MY1A30
4,LEC2-DY2A30,55.0,1000.0,SUJ3038068
5,LEC2-DY2A30,1.0,1.0,S6H3822
6,LEC2-DY2A30,1.0,1.0,LEC2-MY2A30
4,LEC2-DY3A30,150.0,1000.0,SUJ3038068
5,LEC2-DY3A30,1.0,1.0,S6H3860
6,LEC2-DY3A30,1.0,1.0,LEC2-MY3A30
4,LEC2-DY3AA38,140.0,1000.0,SUJ3038068
5,LEC2-DY3AA38,1.0,1.0,S6H3856
6,LEC2-DY3AA38,1.0,1.0,LEC2-MY3AA38
4,LEC2-DY5A30,65.0,1000.0,SUJ3038068
5,LEC2-DY5A30,1.0,1.0,S6H1555P
6,LEC2-DY5A30,1.0,1.0,LEC2-MY5A30
5,LEC36-MX1A33,55.0,1000.0,SUJ3038068
6,LEC36-MX1A33,1.0,1.0,S6H3822
5,LEC36-MY5A33,75.0,1000.0,SUJ3038068
6,LEC36-MY5A33,1.0,1.0,S6H3828
5,LEC36-MY6A33,75.0,1000.0,SUJ3038068
6,LEC36-MY6A33,1.0,1.0,S6H3828
5,LEC36-MY7A33,75.0,1000.0,SUJ3038068
6,LEC36-MY7A33,1.0,1.0,S6H3828
4,LEC3BT-DB2AA34,112.0,1000.0,SKD11030070
5,LEC3BT-DB2AA34,1.0,1.0,SKD7Z3065
6,LEC3BT-DB2AA34,1.0,1.0,LEC3BT-MB2AA34
4,LEC3BT-DB3AA34,112.0,1000.0,SKD11030070
5,LEC3BT-DB3AA34,1.0,1.0,SKD7Z3065
6,LEC3BT-DB3AA34,1.0,1.0,LEC3BT-MB3AA34
4,LEC3BT-DR0CA34,63.0,1000.0,SKD11021082
5,LEC3BT-DR0CA34,1.0,1.0,SKD8B2144
6,LEC3BT-DR0CA34,1.0,1.0,LEC3BT-MR0CA34
4,LEC3BT-DS6AA34,88.0,1000.0,SKD11030085
5,LEC3BT-DS6AA34,1.0,1.0,SKD8E3042
6,LEC3BT-DS6AA34,1.0,1.0,LEC3BT-MS6AA34
4,LEC3BT-DX0AA34,54.0,1000.0,SKD11027067
5,LEC3BT-DX0AA34,1.0,1.0,SKD6G2737
6,LEC3BT-DX0AA34,1.0,1.0,LEC3BT-MX0AA34
4,LEC3BT-DX1AA34,52.0,1000.0,SKD11035067
5,LEC3BT-DX1AA34,1.0,1.0,SKD6G3527
6,LEC3BT-DX1AA34,1.0,1.0,LEC3BT-MX1AA34
4,LEC3BT-DY1AA34,27.0,1000.0,SKD11025067
5,LEC3BT-DY1AA34,1.0,1.0,SKD6G2519
6,LEC3BT-DY1AA34,1.0,1.0,LEC3BT-MY1AA34
4,LEC3BT-DY2AA34,48.0,1000.0,SKD11027067
5,LEC3BT-DY2AA34,1.0,1.0,SKD6G2732
6,LEC3BT-DY2AA34,1.0,1.0,LEC3BT-MY2AA34
4,LEC3BT-DY4AA34,35.0,1000.0,SKD11027067
5,LEC3BT-DY4AA34,1.0,1.0,SKD6G2723
6,LEC3BT-DY4AA34,1.0,1.0,LEC3BT-MY4AA34
5,LEC3BT-MB1AA34,26.0,1000.0,SKD11025055
6,LEC3BT-MB1AA34,1.0,1.0,SKD5E2520
5,LEC3BT-MB2AA30,104.0,1000.0,SKD11030070
6,LEC3BT-MB2AA30,1.0,1.0,SKD7Z3060
5,LEC3BT-MB4AA34,54.0,1000.0,SKD11015067
6,LEC3BT-MB4AA34,1.0,1.0,SKD6G1565
5,LEC3BT-MC1AA30,58.0,1000.0,SKD11015067
6,LEC3BT-MC1AA30,1.0,1.0,SKD6G1552
5,LEC3BT-MC1AA34,62.0,1000.0,SKD11015067
6,LEC3BT-MC1AA34,1.0,1.0,SKD6G1556
5,LEC3BT-MC2AA34,145.0,1000.0,SKD11035067
6,LEC3BT-MC2AA34,1.0,1.0,SKD6G3575
5,LEC3BT-MR0AA34,88.0,1000.0,SKD11030085
6,LEC3BT-MR0AA34,1.0,1.0,SKD8E3042
5,LEC3BT-MS6DA34,117.0,1000.0,SKD11035090
6,LEC3BT-MS6DA34,1.0,1.0,SKD9Z3545
5,LEC3BT-MZ5AA34,62.0,1000.0,SKD11015067
6,LEC3BT-MZ5AA34,1.0,1.0,SKD6G1575
5,LEC3BT-MZ5BA34,62.0,1000.0,SKD11015067
6,LEC3BT-MZ5BA34,1.0,1.0,SKD6G1575
5,LEC3BY-MB2AA34,75.0,1000.0,SKD11025067
6,LEC3BY-MB2AA34,1.0,1.0,SKD6G2554
5,LEC3BY-MB4AA34,62.0,1000.0,SKD11015067
6,LEC3BY-MB4AA34,1.0,1.0,SKD6G1556
4,LEC3CT-DR0CA30,80.0,1000.0,SKD11030085
5,LEC3CT-DR0CA30,1.0,1.0,SKD8E3038
6,LEC3CT-DR0CA30,1.0,1.0,LEC3CT-MR0CA30
5,LEC3CT-MB2AA34,112.0,1000.0,SKD11030070
6,LEC3CT-MB2AA34,1.0,1.0,SKD7Z3065
5,LEC3CT-MR0AA30,80.0,1000.0,SKD11030085
6,LEC3CT-MR0AA30,1.0,1.0,SKD8E3038
5,LEC3CT-MS6AA30,80.0,1000.0,SKD11030085
6,LEC3CT-MS6AA30,1.0,1.0,SKD8E3038
5,LEC3CT-MS6BA30,80.0,1000.0,SKD11030085
6,LEC3CT-MS6BA30,1.0,1.0,SKD8E3038
5,LEC3CT-MS6BA34,88.0,1000.0,SKD11030085
6,LEC3CT-MS6BA34,1.0,1.0,SKD8E3042
5,LEC3CT-MS6DA30,80.0,1000.0,SKD11030085
6,LEC3CT-MS6DA30,1.0,1.0,SKD8E3038
5,LEC3CT-MS9AA30,104.0,1000.0,SKD11035090
6,LEC3CT-MS9AA30,1.0,1.0,SKD9Z3540
5,LEC3CT-MX0AA30,44.0,1000.0,SKD11027067
6,LEC3CT-MX0AA30,1.0,1.0,SKD6G2729
5,LEC3CT-MY4AA30,27.0,1000.0,SKD11027067
6,LEC3CT-MY4AA30,1.0,1.0,SKD6G2718
5,LEC3CT-MY5AA30,121.0,1000.0,SKD11030070
6,LEC3CT-MY5AA30,1.0,1.0,SKD7Z3070
5,LEC3CT-MY5AB34,131.0,1000.0,SKD11030070
6,LEC3CT-MY5AB34,1.0,1.0,SKD7Z3076
5,LEC3CT-MY6AA30,121.0,1000.0,SKD11030070
6,LEC3CT-MY6AA30,1.0,1.0,SKD7Z3070
5,LEC3CT-MY7AA30,121.0,1000.0,SKD11030070
6,LEC3CT-MY7AA30,1.0,1.0,SKD7Z3070
5,LEC3CT-MY7AB34,131.0,1000.0,SKD11030070
6,LEC3CT-MY7AB34,1.0,1.0,SKD7Z3076
5,LEC3CT-MZ5AA30,58.0,1000.0,SKD11015067
6,LEC3CT-MZ5AA30,1.0,1.0,SKD6G1570
5,LEC3CT-MZ5BA30,58.0,1000.0,SKD11015067
6,LEC3CT-MZ5BA30,1.0,1.0,SKD6G1570
5,LEC3DGTY2-MX3AA34,64.0,1000.0,SKD11033065
6,LEC3DGTY2-MX3AA34,1.0,1.0,SKD6E3336
5,LEC3DGTY2-MX4AA34,31.0,1000.0,SKD11035065
6,LEC3DGTY2-MX4AA34,1.0,1.0,SKD6E3525
5,LEC3DGTY2-MX7AA34,67.0,1000.0,SKD11027067
6,LEC3DGTY2-MX7AA34,1.0,1.0,SKD6G2745
5,LEC3DGTY2-MZ5AA34,62.0,1000.0,SKD11015067
6,LEC3DGTY2-MZ5AA34,1.0,1.0,SKD6G1575
5,LEC3DGTY2-MZ5BA34,62.0,1000.0,SKD11015067
6,LEC3DGTY2-MZ5BA34,1.0,1.0,SKD6G1575
5,LEC3DGTY2-MZ5CA34,68.0,1000.0,SKD11021082
6,LEC3DGTY2-MZ5CA34,1.0,1.0,SKD8B2148
5,LEC3DGTY-MB1AA34,31.0,1000.0,SKD11025067
6,LEC3DGTY-MB1AA34,1.0,1.0,SKD6G2522
5,LEC3DGTY-MB2AA34,106.0,1000.0,SKD11035067
6,LEC3DGTY-MB2AA34,1.0,1.0,SKD6G3555
5,LEC3DGTY-MB4AA34,135.0,1000.0,SKD11035067
6,LEC3DGTY-MB4AA34,1.0,1.0,SKD6G3570
5,LEC3DGTY-MB7AA34,106.0,1000.0,SKD11035067
6,LEC3DGTY-MB7AA34,1.0,1.0,SKD6G3555
5,LEC3DGTY-MB8AA34,42.0,1000.0,SKD11030070
6,LEC3DGTY-MB8AA34,1.0,1.0,SKD7Z3024
5,LEC3DGTY-MC1AA34,168.0,1000.0,SKD11047067
6,LEC3DGTY-MC1AA34,1.0,1.0,SKD6G4765
5,LEC3DGTY-MC3AA34,168.0,1000.0,SKD11047067
6,LEC3DGTY-MC3AA34,1.0,1.0,SKD6G4765
5,LEC3DGTY-MC6AA34,74.0,1000.0,SKD11022067
6,LEC3DGTY-MC6AA34,1.0,1.0,SKD6G2261
5,LEC3DGTY-MC6AB34,74.0,1000.0,SKD11022067
6,LEC3DGTY-MC6AB34,1.0,1.0,SKD6G2261
5,LEC3DGTY-MC6AC34,74.0,1000.0,SKD11022067
6,LEC3DGTY-MC6AC34,1.0,1.0,SKD6G2261
5,LEC3DGTY-MC7AA34,58.0,1000.0,SKD11015067
6,LEC3DGTY-MC7AA34,1.0,1.0,SKD6G1552
5,LEC3DGTY-MC7BB34,58.0,1000.0,SKD11015067
6,LEC3DGTY-MC7BB34,1.0,1.0,SKD6G1552
5,LEC3DGTY-MR0AA34,78.0,1000.0,SKD11029082
6,LEC3DGTY-MR0AA34,1.0,1.0,SKD8B2940
5,LEC3DGTY-MR0CA34,78.0,1000.0,SKD11029082
6,LEC3DGTY-MR0CA34,1.0,1.0,SKD8B2940
5,LEC3DGTY-MS6AA34,78.0,1000.0,SKD11029082
6,LEC3DGTY-MS6AA34,1.0,1.0,SKD8B2940
5,LEC3DGTY-MS9AA34,104.0,1000.0,SKD11035090
6,LEC3DGTY-MS9AA34,1.0,1.0,SKD9Z3540
5,LEC3DGTY-MS9AB34,85.0,1000.0,SKD11030085
6,LEC3DGTY-MS9AB34,1.0,1.0,SKD8E3040
5,LEC3DGTY-MX1AA34,31.0,1000.0,SKD11035065
6,LEC3DGTY-MX1AA34,1.0,1.0,SKD6E3525
5,LEC3DGTY-MX3AA34,41.0,1000.0,SKD11027067
6,LEC3DGTY-MX3AA34,1.0,1.0,SKD6G2727
5,LEC3DGTY-MX4AA34,31.0,1000.0,SKD11035065
6,LEC3DGTY-MX4AA34,1.0,1.0,SKD6E3525
5,LEC3DGTY-MX5AA34,104.0,1000.0,SKD11027067
6,LEC3DGTY-MX5AA34,1.0,1.0,SKD6G2770
5,LEC3DGTY-MX5AB34,104.0,1000.0,SKD11027067
6,LEC3DGTY-MX5AB34,1.0,1.0,SKD6G2770
5,LEC3DGTY-MX6AA34,104.0,1000.0,SKD11027067
6,LEC3DGTY-MX6AA34,1.0,1.0,SKD6G2770
5,LEC3DGTY-MX6AB34,104.0,1000.0,SKD11027067
6,LEC3DGTY-MX6AB34,1.0,1.0,SKD6G2770
5,LEC3DGTY-MY2AA34,79.0,1000.0,SKD11027067
6,LEC3DGTY-MY2AA34,1.0,1.0,SKD6G2753
5,LEC3DGTY-MY3AA34,104.0,1000.0,SKD11027067
6,LEC3DGTY-MY3AA34,1.0,1.0,SKD6G2770
5,LEC3DGTY-MY3AB34,104.0,1000.0,SKD11027067
6,LEC3DGTY-MY3AB34,1.0,1.0,SKD6G2770
5,LEC3DGTY-MY4AA34,104.0,1000.0,SKD11027067
6,LEC3DGTY-MY4AA34,1.0,1.0,SKD6G2770
5,LEC3DGTY-MY4AB34,104.0,1000.0,SKD11027067
6,LEC3DGTY-MY4AB34,1.0,1.0,SKD6G2770
5,LEC3DGTY-MZ5AA34,58.0,1000.0,SKD11015067
6,LEC3DGTY-MZ5AA34,1.0,1.0,SKD6G1570
5,LEC3DGTY-MZ5BA34,58.0,1000.0,SKD11015067
6,LEC3DGTY-MZ5BA34,1.0,1.0,SKD6G1570
5,LEC3DGY6-MB1AA34,39.0,1000.0,SKD11027067
6,LEC3DGY6-MB1AA34,1.0,1.0,SKD6G2726
5,LEC3DGY6-MB2AA34,131.0,1000.0,SKD11040065
6,LEC3DGY6-MB2AA34,1.0,1.0,SKD6E4061
5,LEC3DGY6-MC1AA34,168.0,1000.0,SKD11047067
6,LEC3DGY6-MC1AA34,1.0,1.0,SKD6G4765
5,LEC3DGY6-MY2AA34,131.0,1000.0,SKD11040065
6,LEC3DGY6-MY2AA34,1.0,1.0,SKD6E4061
5,LEC3DGY6-MY3AA34,145.0,1000.0,SKD11035067
6,LEC3DGY6-MY3AA34,1.0,1.0,SKD6G3575
5,LEC3DGY6-MY3AB34,145.0,1000.0,SKD11035067
6,LEC3DGY6-MY3AB34,1.0,1.0,SKD6G3575
5,LEC3DT-MB1AA34,28.0,1000.0,SKD11025067
6,LEC3DT-MB1AA34,1.0,1.0,SKD6G2520
5,LEC3DT-MC6AA34,74.0,1000.0,SKD11022067
6,LEC3DT-MC6AA34,1.0,1.0,SKD6G2261
5,LEC3DT-MY5AA34,131.0,1000.0,SKD11030070
6,LEC3DT-MY5AA34,1.0,1.0,SKD7Z3076
4,LEC4B-DB1AA30,27.0,1000.0,SKD11025067
5,LEC4B-DB1AA30,1.0,1.0,SKD6G2519
6,LEC4B-DB1AA30,1.0,1.0,LEC4B-MB1AA30
4,LEC4B-DB1AA42,28.0,1000.0,SKD11025067
5,LEC4B-DB1AA42,1.0,1.0,SKD6G2520
6,LEC4B-DB1AA42,1.0,1.0,LEC4B-MB1AA42
4,LEC4B-DB2AA33,78.0,1000.0,SKD11030070
5,LEC4B-DB2AA33,1.0,1.0,SKD7Z3045
6,LEC4B-DB2AA33,1.0,1.0,LEC4B-MB2AA33
4,LEC4B-DC2AA33,70.0,1000.0,SKD11015067
5,LEC4B-DC2AA33,1.0,1.0,SKD6G1584
6,LEC4B-DC2AA33,1.0,1.0,LEC4B-MC2AA33
4,LEC4B-DC2AA36,77.0,1000.0,SKD11015067
5,LEC4B-DC2AA36,1.0,1.0,SKD6G1593
6,LEC4B-DC2AA36,1.0,1.0,LEC4B-MC2AA36
5,LEC4BFY-MB1AA34,27.0,1000.0,SKD11025067
6,LEC4BFY-MB1AA34,1.0,1.0,SKD6G2519
5,LEC4BFY-MB2AA34,94.0,1000.0,SKD11035065
6,LEC4BFY-MB2AA34,1.0,1.0,SKD6E3550
5,LEC4BFY-MB5AA34,58.0,1000.0,SKD11015067
6,LEC4BFY-MB5AA34,1.0,1.0,SKD6G1552
5,LEC4BFY-MY1AA34,36.0,1000.0,SKD11025067
6,LEC4BFY-MY1AA34,1.0,1.0,SKD6G2526
5,LEC4BFY-MY2AA34,54.0,1000.0,SKD11027067
6,LEC4BFY-MY2AA34,1.0,1.0,SKD6G2737
5,LEC4BFY-MY3AA34,117.0,1000.0,SKD11035065
6,LEC4BFY-MY3AA34,1.0,1.0,SKD6E3560
5,LEC4BFY-MY4AA34,117.0,1000.0,SKD11035065
6,LEC4BFY-MY4AA34,1.0,1.0,SKD6E3560
5,LEC4B-MB2AA34,78.0,1000.0,SKD11030070
6,LEC4B-MB2AA34,1.0,1.0,SKD7Z3045
5,LEC4B-MB2AA36,93.0,1000.0,SKD11030070
6,LEC4B-MB2AA36,1.0,1.0,SKD7Z3054
5,LEC4B-MB2AA38,69.0,1000.0,SKD11030070
6,LEC4B-MB2AA38,1.0,1.0,SKD7Z3040
5,LEC4B-MB2AA42,78.0,1000.0,SKD11030070
6,LEC4B-MB2AA42,1.0,1.0,SKD7Z3045
5,LEC4B-MC1AA33,75.0,1000.0,SKD11025067
6,LEC4B-MC1AA33,1.0,1.0,SKD6G2554
5,LEC4B-MC2AA30,70.0,1000.0,SKD11015067
6,LEC4B-MC2AA30,1.0,1.0,SKD6G1584
5,LEC4B-MC2AA38,70.0,1000.0,SKD11015067
6,LEC4B-MC2AA38,1.0,1.0,SKD6G1584
5,LEC4B-MC3AA30,36.0,1000.0,SKD11015067
6,LEC4B-MC3AA30,1.0,1.0,SKD6G1542
5,LEC4B-MC3AA33,36.0,1000.0,SKD11015067
6,LEC4B-MC3AA33,1.0,1.0,SKD6G1542
5,LEC4B-MC3AA38,36.0,1000.0,SKD11015067
6,LEC4B-MC3AA38,1.0,1.0,SKD6G1542
5,LEC4BS-MB2AA30,69.0,1000.0,SKD11030070
6,LEC4BS-MB2AA30,1.0,1.0,SKD7Z3040
5,LEC4BS-MB2AA34,61.0,1000.0,SKD11030070
6,LEC4BS-MB2AA34,1.0,1.0,SKD7Z3035
5,LEC4BS-MB2BA30,69.0,1000.0,SKD11030070
6,LEC4BS-MB2BA30,1.0,1.0,SKD7Z3040
5,LEC4BS-MB2BA34,61.0,1000.0,SKD11030070
6,LEC4BS-MB2BA34,1.0,1.0,SKD7Z3035
5,LEC4BS-MC1AA34,93.0,1000.0,SKD11030070
6,LEC4BS-MC1AA34,1.0,1.0,SKD7Z3054
5,LEC4BS-MC2AA34,36.0,1000.0,SKD11015067
6,LEC4BS-MC2AA34,1.0,1.0,SKD6G1542
6,LEC4BS-MC2AA34-SPOT,53.0,1000.0,SKD11022067
5,LEC4BS-MR0AA30,47.0,1000.0,SKD11030085
6,LEC4BS-MR0AA30,1.0,1.0,SKD8E3022
5,LEC4BS-MR0AA34,63.0,1000.0,SKD11030085
6,LEC4BS-MR0AA34,1.0,1.0,SKD8E3030
5,LEC4BS-MR0AA38,63.0,1000.0,SKD11030085
6,LEC4BS-MR0AA38,1.0,1.0,SKD8E3030
5,LEC4BS-MR0AA38-TEMP,63.0,1000.0,SKD11030085
6,LEC4BS-MR0AA38-TEMP,1.0,1.0,SKD8E3030
5,LEC4BS-MR0BA34,42.0,1000.0,SKD11030085
6,LEC4BS-MR0BA34,1.0,1.0,SKD8E3020
5,LEC4BS-MR0CA30,42.0,1000.0,SKD11030085
6,LEC4BS-MR0CA30,1.0,1.0,SKD8E3020
5,LEC4BS-MR0CA38,42.0,1000.0,SKD11030085
6,LEC4BS-MR0CA38,1.0,1.0,SKD8E3020
5,LEC4BS-MR0CA38-TEMP,42.0,1000.0,SKD11030085
6,LEC4BS-MR0CA38-TEMP,1.0,1.0,SKD8E3020
5,LEC4BS-MS6AA30,63.0,1000.0,SKD11030085
6,LEC4BS-MS6AA30,1.0,1.0,SKD8E3030
5,LEC4BS-MS6AA34,63.0,1000.0,SKD11030085
6,LEC4BS-MS6AA34,1.0,1.0,SKD8E3030
5,LEC4BS-MS6AA38,62.0,1000.0,SKD11029082
6,LEC4BS-MS6AA38,1.0,1.0,SKD8B2931
5,LEC4BS-MS6AB34,63.0,1000.0,SKD11030085
6,LEC4BS-MS6AB34,1.0,1.0,SKD8E3030
5,LEC4BS-MS9AA30,52.0,1000.0,SKD11035090
6,LEC4BS-MS9AA30,1.0,1.0,SKD9Z3520
5,LEC4BS-MS9AA34,52.0,1000.0,SKD11035090
6,LEC4BS-MS9AA34,1.0,1.0,SKD9Z3520
5,LEC4BS-MS9AA38,52.0,1000.0,SKD11035090
6,LEC4BS-MS9AA38,1.0,1.0,SKD9Z3520
5,LEC4BS-MS9AB30,63.0,1000.0,SKD11030085
6,LEC4BS-MS9AB30,1.0,1.0,SKD8E3030
5,LEC4BS-MS9AB34,63.0,1000.0,SKD11030085
6,LEC4BS-MS9AB34,1.0,1.0,SKD8E3030
5,LEC4BS-MS9BA38,42.0,1000.0,SKD11030085
6,LEC4BS-MS9BA38,1.0,1.0,SKD8E3020
5,LEC4BS-MS9BA38-TEMP,42.0,1000.0,SKD11030085
6,LEC4BS-MS9BA38-TEMP,1.0,1.0,SKD8E3020
5,LEC4BS-MY1AA34,32.0,1000.0,SKD11025067
6,LEC4BS-MY1AA34,1.0,1.0,SKD6G2523
5,LEC4BS-MY1AA34-TEMP,32.0,1000.0,SKD11025067
6,LEC4BS-MY1AA34-TEMP,1.0,1.0,SKD6G2523
5,LEC4BS-MY2AA30,56.0,1000.0,SKD11030070
6,LEC4BS-MY2AA30,1.0,1.0,SKD7Z3032
5,LEC4BS-MY2AA34,52.0,1000.0,SKD11030070
6,LEC4BS-MY2AA34,1.0,1.0,SKD7Z3030
5,LEC4BS-MY2AA38,56.0,1000.0,SKD11030070
6,LEC4BS-MY2AA38,1.0,1.0,SKD7Z3032
5,LEC4BS-MY2AA38-TEMP,56.0,1000.0,SKD11030070
6,LEC4BS-MY2AA38-TEMP,1.0,1.0,SKD7Z3032
5,LEC4BS-MY3AA30,93.0,1000.0,SKD11030070
6,LEC4BS-MY3AA30,1.0,1.0,SKD7Z3054
5,LEC4BS-MY3AA34,93.0,1000.0,SKD11030070
6,LEC4BS-MY3AA34,1.0,1.0,SKD7Z3054
5,LEC4BS-MY3AA34-TEMP,93.0,1000.0,SKD11030070
6,LEC4BS-MY3AA34-TEMP,1.0,1.0,SKD7Z3054
5,LEC4BS-MY3AA38,93.0,1000.0,SKD11030070
6,LEC4BS-MY3AA38,1.0,1.0,SKD7Z3054
5,LEC4BS-MY3AA38-TEMP,93.0,1000.0,SKD11030070
6,LEC4BS-MY3AA38-TEMP,1.0,1.0,SKD7Z3054
5,LEC4BS-MY4AA30,93.0,1000.0,SKD11030070
6,LEC4BS-MY4AA30,1.0,1.0,SKD7Z3054
5,LEC4BS-MY4AA34,103.0,1000.0,SKD11035065
6,LEC4BS-MY4AA34,1.0,1.0,SKD6E3555
5,LEC4BS-MY4AA38,93.0,1000.0,SKD11030070
6,LEC4BS-MY4AA38,1.0,1.0,SKD7Z3054
5,LEC4BS-MY6AA38,79.0,1000.0,SKD11027067
6,LEC4BS-MY6AA38,1.0,1.0,SKD6G2753
5,LEC4BS-MY6AA38-TEMP,79.0,1000.0,SKD11027067
6,LEC4BS-MY6AA38-TEMP,1.0,1.0,SKD6G2753
5,LEC4BS-MZ5AA30,58.0,1000.0,SKD11015067
6,LEC4BS-MZ5AA30,1.0,1.0,SKD6G1552
5,LEC4BS-MZ5AA34,58.0,1000.0,SKD11015067
6,LEC4BS-MZ5AA34,1.0,1.0,SKD6G1552
5,LEC4BT-MW1AA34,33.0,1000.0,SKD11025067
6,LEC4BT-MW1AA34,1.0,1.0,SKD6G2524
5,LEC4BT-MW2AA34,67.0,1000.0,SKD11027067
6,LEC4BT-MW2AA34,1.0,1.0,SKD6G2745
5,LEC4BT-MX1AA34,31.0,1000.0,SKD11035065
6,LEC4BT-MX1AA34,1.0,1.0,SKD6E3525
5,LEC4BT-MX3AA30,27.0,1000.0,SKD11027067
6,LEC4BT-MX3AA30,1.0,1.0,SKD6G2718
5,LEC4BT-MX3AA34,27.0,1000.0,SKD11027067
6,LEC4BT-MX3AA34,1.0,1.0,SKD6G2718
5,LEC4BT-MX4AA34,31.0,1000.0,SKD11035065
6,LEC4BT-MX4AA34,1.0,1.0,SKD6E3525
5,LEC4BT-MX5AA30,93.0,1000.0,SKD11030070
6,LEC4BT-MX5AA30,1.0,1.0,SKD7Z3054
5,LEC4BT-MX5AA34,93.0,1000.0,SKD11030070
6,LEC4BT-MX5AA34,1.0,1.0,SKD7Z3054
5,LEC4BT-MX6AA30,93.0,1000.0,SKD11030070
6,LEC4BT-MX6AA30,1.0,1.0,SKD7Z3054
5,LEC4BT-MX6AA34,93.0,1000.0,SKD11030070
6,LEC4BT-MX6AA34,1.0,1.0,SKD7Z3054
5,LEC4BT-MZ5AA30,58.0,1000.0,SKD11015067
6,LEC4BT-MZ5AA30,1.0,1.0,SKD6G1552
5,LEC4BT-MZ5AA34,58.0,1000.0,SKD11015067
6,LEC4BT-MZ5AA34,1.0,1.0,SKD6G1552
5,LEC4BY-MB1AA34,27.0,1000.0,SKD11027067
6,LEC4BY-MB1AA34,1.0,1.0,SKD6G2718
5,LEC4BY-MB2AA34,51.0,1000.0,SKD11025067
6,LEC4BY-MB2AA34,1.0,1.0,SKD6G2537
5,LEC4BY-MB3AA34,75.0,1000.0,SKD11025067
6,LEC4BY-MB3AA34,1.0,1.0,SKD6G2554
5,LEC4BY-MB4AA34,36.0,1000.0,SKD11015067
6,LEC4BY-MB4AA34,1.0,1.0,SKD6G1542
4,LEC4C-DX1AA30,79.0,1000.0,SKD11027067
5,LEC4C-DX1AA30,1.0,1.0,SKD6G2753
6,LEC4C-DX1AA30,1.0,1.0,LEC4C-MX1AA30
4,LEC4C-DX1AA38,79.0,1000.0,SKD11027067
5,LEC4C-DX1AA38,1.0,1.0,SKD6G2753
6,LEC4C-DX1AA38,1.0,1.0,LEC4C-MX1AA38
4,LEC4C-DX4AA30,62.0,1000.0,SKD11015067
5,LEC4C-DX4AA30,1.0,1.0,SKD6G1556
6,LEC4C-DX4AA30,1.0,1.0,LEC4C-MX4AA30
4,LEC4C-DX4AA38,62.0,1000.0,SKD11015067
5,LEC4C-DX4AA38,1.0,1.0,SKD6G1556
6,LEC4C-DX4AA38,1.0,1.0,LEC4C-MX4AA38
4,LEC4C-DX5AA30,140.0,1000.0,SKD11047067
5,LEC4C-DX5AA30,1.0,1.0,SKD6G4754
6,LEC4C-DX5AA30,1.0,1.0,LEC4C-MX5AA30
4,LEC4C-DY1AA38,28.0,1000.0,SKD11025067
5,LEC4C-DY1AA38,1.0,1.0,SKD6G2520
6,LEC4C-DY1AA38,1.0,1.0,LEC4C-MY1AA38
4,LEC4C-DY3AA30,140.0,1000.0,SKD11047067
5,LEC4C-DY3AA30,1.0,1.0,SKD6G4754
6,LEC4C-DY3AA30,1.0,1.0,LEC4C-MY3AA30
5,LEC4C-MX1AA33,91.0,1000.0,SKD11027067
6,LEC4C-MX1AA33,1.0,1.0,SKD6G2761
5,LEC4C-MX4AA33,62.0,1000.0,SKD11015067
6,LEC4C-MX4AA33,1.0,1.0,SKD6G1556
5,LEC4C-MY3AA38,140.0,1000.0,SKD11047067
6,LEC4C-MY3AA38,1.0,1.0,SKD6G4754
5,LEC4C-MY3MA30,140.0,1000.0,SKD11047067
6,LEC4C-MY3MA30,1.0,1.0,SKD6G4754
5,LEC4C-MY3MA38,140.0,1000.0,SKD11047067
6,LEC4C-MY3MA38,1.0,1.0,SKD6G4754
5,LEC4C-MY3MB30,140.0,1000.0,SKD11047067
6,LEC4C-MY3MB30,1.0,1.0,SKD6G4754
5,LEC4C-MY3PA30,140.0,1000.0,SKD11047067
6,LEC4C-MY3PA30,1.0,1.0,SKD6G4754
5,LEC4CS-MB2AA30,87.0,1000.0,SKD11035065
6,LEC4CS-MB2AA30,1.0,1.0,SKD6E3543
4,LEC4-DB1AA33,30.0,1000.0,SKD11033065
5,LEC4-DB1AA33,1.0,1.0,SKD6E3317
6,LEC4-DB1AA33,1.0,1.0,LEC4-MB1AA33
4,LEC4D-DB1AA30,28.0,1000.0,SKD11025067
5,LEC4D-DB1AA30,1.0,1.0,SKD6G2520
6,LEC4D-DB1AA30,1.0,1.0,LEC4D-MB1AA30
5,LEC4DFTY-MY1AA34,36.0,1000.0,SKD11025067
6,LEC4DFTY-MY1AA34,1.0,1.0,SKD6G2526
5,LEC4DFY-MB2BA34,131.0,1000.0,SKD11040065
6,LEC4DFY-MB2BA34,1.0,1.0,SKD6E4061
5,LEC4DFY-MC1BA34,140.0,1000.0,SKD11047067
6,LEC4DFY-MC1BA34,1.0,1.0,SKD6G4754
5,LEC4DGTFY6-MB2AA34,116.0,1000.0,SKD11040065
6,LEC4DGTFY6-MB2AA34,1.0,1.0,SKD6E4054
5,LEC4DGTFY6-MB5AA34,116.0,1000.0,SKD11040065
6,LEC4DGTFY6-MB5AA34,1.0,1.0,SKD6E4054
5,LEC4DGTFY6-MB5BA34,116.0,1000.0,SKD11040065
6,LEC4DGTFY6-MB5BA34,1.0,1.0,SKD6E4054
5,LEC4DGTFY6-MC1AA34,140.0,1000.0,SKD11047067
6,LEC4DGTFY6-MC1AA34,1.0,1.0,SKD6G4754
5,LEC4DGTFY6-MC3AA34,140.0,1000.0,SKD11047067
6,LEC4DGTFY6-MC3AA34,1.0,1.0,SKD6G4754
5,LEC4DGTFY6-MC3BA34,140.0,1000.0,SKD11047067
6,LEC4DGTFY6-MC3BA34,1.0,1.0,SKD6G4754
5,LEC4DGTFY6-MC5AA34,140.0,1000.0,SKD11047067
6,LEC4DGTFY6-MC5AA34,1.0,1.0,SKD6G4754
5,LEC4DGTFY6-MR0AA34,63.0,1000.0,SKD11030085
6,LEC4DGTFY6-MR0AA34,1.0,1.0,SKD8E3030
5,LEC4DGTFY6-MR0CA34,43.0,1000.0,SKD11021082
6,LEC4DGTFY6-MR0CA34,1.0,1.0,SKD8B2130
5,LEC4DGTFY6-MS6AA34,72.0,1000.0,SKD11030085
6,LEC4DGTFY6-MS6AA34,1.0,1.0,SKD8E3034
5,LEC4DGTFY6-MX3AA34,31.0,1000.0,SKD11035065
6,LEC4DGTFY6-MX3AA34,1.0,1.0,SKD6E3525
5,LEC4DGTFY6-MX4AA34,52.0,1000.0,SKD11035067
6,LEC4DGTFY6-MX4AA34,1.0,1.0,SKD6G3527
5,LEC4DGTFY6-MX4BA34,52.0,1000.0,SKD11035067
6,LEC4DGTFY6-MX4BA34,1.0,1.0,SKD6G3527
5,LEC4DGTFY6-MX5AA34,117.0,1000.0,SKD11035065
6,LEC4DGTFY6-MX5AA34,1.0,1.0,SKD6E3560
5,LEC4DGTFY6-MX5BA34,117.0,1000.0,SKD11035065
6,LEC4DGTFY6-MX5BA34,1.0,1.0,SKD6E3560
5,LEC4DGTFY6-MX6AA34,117.0,1000.0,SKD11035065
6,LEC4DGTFY6-MX6AA34,1.0,1.0,SKD6E3560
5,LEC4DGTFY6-MX6BA34,117.0,1000.0,SKD11035065
6,LEC4DGTFY6-MX6BA34,1.0,1.0,SKD6E3560
5,LEC4DGTFY6-MX8AA34,33.0,1000.0,SKD11035065
6,LEC4DGTFY6-MX8AA34,1.0,1.0,SKD6E3527
5,LEC4DGTFY6-MY2AA34,96.0,1000.0,SKD11040065
6,LEC4DGTFY6-MY2AA34,1.0,1.0,SKD6E4045
5,LEC4DGTFY6-MY3AA34,117.0,1000.0,SKD11035065
6,LEC4DGTFY6-MY3AA34,1.0,1.0,SKD6E3560
5,LEC4DGTFY6-MY4AA34,117.0,1000.0,SKD11035065
6,LEC4DGTFY6-MY4AA34,1.0,1.0,SKD6E3560
5,LEC4DGTY-MY1AA34,35.0,1000.0,SKD11025067
6,LEC4DGTY-MY1AA34,1.0,1.0,SKD6G2525
5,LEC4D-MB2AA30,61.0,1000.0,SKD11030070
6,LEC4D-MB2AA30,1.0,1.0,SKD7Z3035
5,LEC4D-MB5AA30,79.0,1000.0,SKD11027067
6,LEC4D-MB5AA30,1.0,1.0,SKD6G2753
5,LEC4D-MC1AA30,106.0,1000.0,SKD11035067
6,LEC4D-MC1AA30,1.0,1.0,SKD6G3555
5,LEC4D-MC1AB30,106.0,1000.0,SKD11035067
6,LEC4D-MC1AB30,1.0,1.0,SKD6G3555
5,LEC4D-MC2AA30,106.0,1000.0,SKD11035067
6,LEC4D-MC2AA30,1.0,1.0,SKD6G3555
5,LEC4D-MC3BA30,106.0,1000.0,SKD11035067
6,LEC4D-MC3BA30,1.0,1.0,SKD6G3555
5,LEC4D-MC6AA30,36.0,1000.0,SKD11015067
6,LEC4D-MC6AA30,1.0,1.0,SKD6G1542
5,LEC4D-MR0AA30,63.0,1000.0,SKD11030085
6,LEC4D-MR0AA30,1.0,1.0,SKD8E3030
5,LEC4D-MS6AA30,63.0,1000.0,SKD11030085
6,LEC4D-MS6AA30,1.0,1.0,SKD8E3030
5,LEC4D-MS9AA30,52.0,1000.0,SKD11035090
6,LEC4D-MS9AA30,1.0,1.0,SKD9Z3520
5,LEC4D-MS9BA30,52.0,1000.0,SKD11035090
6,LEC4D-MS9BA30,1.0,1.0,SKD9Z3520
5,LEC4D-MY1AA30,32.0,1000.0,SKD11025067
6,LEC4D-MY1AA30,1.0,1.0,SKD6G2523
5,LEC4D-MY2AA30,48.0,1000.0,SKD11027067
6,LEC4D-MY2AA30,1.0,1.0,SKD6G2732
5,LEC4D-MY2AB30,48.0,1000.0,SKD11027067
6,LEC4D-MY2AB30,1.0,1.0,SKD6G2732
5,LEC4D-MY3AA30,79.0,1000.0,SKD11027067
6,LEC4D-MY3AA30,1.0,1.0,SKD6G2753
5,LEC4D-MY4AA30,93.0,1000.0,SKD11030070
6,LEC4D-MY4AA30,1.0,1.0,SKD7Z3054
5,LEC4D-MY6AA30,79.0,1000.0,SKD11027067
6,LEC4D-MY6AA30,1.0,1.0,SKD6G2753
5,LEC4D-MZ5AA30,26.0,1000.0,SKD11012050
6,LEC4D-MZ5AA30,1.0,1.0,SKD5Z1252
4,LEC4-DS6AA36,182.0,1000.0,SKD11040085
5,LEC4-DS6AA36,1.0,1.0,SKD8E4065
6,LEC4-DS6AA36,1.0,1.0,LEC4-MS6AA36
5,LEC4DSI-MB1AA38,24.0,1000.0,SKD11025067
6,LEC4DSI-MB1AA38,1.0,1.0,SKD6G2518
5,LEC4DSI-MB2AA38,116.0,1000.0,SKD11040065
6,LEC4DSI-MB2AA38,1.0,1.0,SKD6E4054
5,LEC4DSI-MB2BA38,116.0,1000.0,SKD11040065
6,LEC4DSI-MB2BA38,1.0,1.0,SKD6E4054
5,LEC4DSI-MC1AA38,140.0,1000.0,SKD11047067
6,LEC4DSI-MC1AA38,1.0,1.0,SKD6G4754
5,LEC4DSI-MC1BA38,140.0,1000.0,SKD11047067
6,LEC4DSI-MC1BA38,1.0,1.0,SKD6G4754
5,LEC4DSI-MC2AB38,140.0,1000.0,SKD11047067
6,LEC4DSI-MC2AB38,1.0,1.0,SKD6G4754
5,LEC4DTFY-MX3AA34,27.0,1000.0,SKD11027067
6,LEC4DTFY-MX3AA34,1.0,1.0,SKD6G2718
5,LEC4DTFY-MX4CA34,64.0,1000.0,SKD11040065
6,LEC4DTFY-MX4CA34,1.0,1.0,SKD6E4030
5,LEC4DTFY-MX4DA34,64.0,1000.0,SKD11040065
6,LEC4DTFY-MX4DA34,1.0,1.0,SKD6E4030
5,LEC4DTFY-MY1AA34,36.0,1000.0,SKD11025067
6,LEC4DTFY-MY1AA34,1.0,1.0,SKD6G2526
5,LEC4DTY-MB1AA34,24.0,1000.0,SKD11025067
6,LEC4DTY-MB1AA34,1.0,1.0,SKD6G2518
5,LEC4DTY-MB2AA34,68.0,1000.0,SKD11035067
6,LEC4DTY-MB2AA34,1.0,1.0,SKD6G3535
5,LEC4DTY-MB2AC34,116.0,1000.0,SKD11040065
6,LEC4DTY-MB2AC34,1.0,1.0,SKD6E4054
5,LEC4DTY-MB4AA34,106.0,1000.0,SKD11035067
6,LEC4DTY-MB4AA34,1.0,1.0,SKD6G3555
5,LEC4DTY-MC1AA34,140.0,1000.0,SKD11047067
6,LEC4DTY-MC1AA34,1.0,1.0,SKD6G4754
5,LEC4DTY-MC4AA34,140.0,1000.0,SKD11047067
6,LEC4DTY-MC4AA34,1.0,1.0,SKD6G4754
5,LEC4DTY-MC5AA34,36.0,1000.0,SKD11015067
6,LEC4DTY-MC5AA34,1.0,1.0,SKD6G1542
5,LEC4DTY-MR0AA34,63.0,1000.0,SKD11030085
6,LEC4DTY-MR0AA34,1.0,1.0,SKD8E3030
5,LEC4DTY-MS9AA34,52.0,1000.0,SKD11035090
6,LEC4DTY-MS9AA34,1.0,1.0,SKD9Z3520
5,LEC4DTY-MW0AA34,79.0,1000.0,SKD11027067
6,LEC4DTY-MW0AA34,1.0,1.0,SKD6G2753
5,LEC4DTY-MW1AA34,79.0,1000.0,SKD11027067
6,LEC4DTY-MW1AA34,1.0,1.0,SKD6G2753
5,LEC4DTY-MX2AA34,79.0,1000.0,SKD11027067
6,LEC4DTY-MX2AA34,1.0,1.0,SKD6G2753
5,LEC4DTY-MX4AA34,79.0,1000.0,SKD11027067
6,LEC4DTY-MX4AA34,1.0,1.0,SKD6G2753
5,LEC4DTY-MX5AA34,79.0,1000.0,SKD11027067
6,LEC4DTY-MX5AA34,1.0,1.0,SKD6G2753
5,LEC4DTY-MX6AB34,31.0,1000.0,SKD11035065
6,LEC4DTY-MX6AB34,1.0,1.0,SKD6E3525
5,LEC4DTY-MX8AA34,27.0,1000.0,SKD11027067
6,LEC4DTY-MX8AA34,1.0,1.0,SKD6G2718
5,LEC4DTY-MX9AA34,31.0,1000.0,SKD11035065
6,LEC4DTY-MX9AA34,1.0,1.0,SKD6E3525
5,LEC4DTY-MY1AA34,35.0,1000.0,SKD11025067
6,LEC4DTY-MY1AA34,1.0,1.0,SKD6G2525
5,LEC4DTY-MY2AA34,48.0,1000.0,SKD11027067
6,LEC4DTY-MY2AA34,1.0,1.0,SKD6G2732
5,LEC4DTY-MY3AA34,79.0,1000.0,SKD11027067
6,LEC4DTY-MY3AA34,1.0,1.0,SKD6G2753
5,LEC4DTY-MY4AA34,79.0,1000.0,SKD11027067
6,LEC4DTY-MY4AA34,1.0,1.0,SKD6G2753
5,LEC4DTY-MY6AA34,79.0,1000.0,SKD11027067
6,LEC4DTY-MY6AA34,1.0,1.0,SKD6G2753
5,LEC4DTY-MY7AA34,79.0,1000.0,SKD11027067
6,LEC4DTY-MY7AA34,1.0,1.0,SKD6G2753
5,LEC4DTY-MZ5AA34,62.0,1000.0,SKD11015067
6,LEC4DTY-MZ5AA34,1.0,1.0,SKD6G1556
5,LEC4DTY-MZ5BA34,62.0,1000.0,SKD11015067
6,LEC4DTY-MZ5BA34,1.0,1.0,SKD6G1556
4,LEC4-DY1AA34,32.0,1000.0,SKD11025067
5,LEC4-DY1AA34,1.0,1.0,SKD6G2523
6,LEC4-DY1AA34,1.0,1.0,LEC4-MY1AA34
4,LEC4-DY1AA38,28.0,1000.0,SKD11025067
5,LEC4-DY1AA38,1.0,1.0,SKD6G2520
6,LEC4-DY1AA38,1.0,1.0,LEC4-MY1AA38
4,LEC4-DY1AA42,32.0,1000.0,SKD11025067
5,LEC4-DY1AA42,1.0,1.0,SKD6G2523
6,LEC4-DY1AA42,1.0,1.0,LEC4-MY1AA42
4,LEC4-DY2AA36,36.0,1000.0,SKD11015067
5,LEC4-DY2AA36,1.0,1.0,SKD6G1542
6,LEC4-DY2AA36,1.0,1.0,LEC4-MY2AA36
4,LEC4-DY7AA36,54.0,1000.0,SKD11015067
5,LEC4-DY7AA36,1.0,1.0,SKD6G1565
6,LEC4-DY7AA36,1.0,1.0,LEC4-MY7AA36
5,LEC4DYFY-MX3AA34,27.0,1000.0,SKD11027067
6,LEC4DYFY-MX3AA34,1.0,1.0,SKD6G2718
5,LEC4DY-MR0AA34,63.0,1000.0,SKD11030085
6,LEC4DY-MR0AA34,1.0,1.0,SKD8E3030
5,LEC4DY-MR0CA34,43.0,1000.0,SKD11021082
6,LEC4DY-MR0CA34,1.0,1.0,SKD8B2130
5,LEC4DY-MS6AA34,63.0,1000.0,SKD11030085
6,LEC4DY-MS6AA34,1.0,1.0,SKD8E3030
5,LEC4DY-MS6GA34,63.0,1000.0,SKD11030085
6,LEC4DY-MS6GA34,1.0,1.0,SKD8E3030
5,LEC4DY-MS9AA34,52.0,1000.0,SKD11035090
6,LEC4DY-MS9AA34,1.0,1.0,SKD9Z3520
5,LEC4DY-MS9AB34,72.0,1000.0,SKD11030085
6,LEC4DY-MS9AB34,1.0,1.0,SKD8E3034
5,LEC4-MB2AA33,68.0,1000.0,SKD11035067
6,LEC4-MB2AA33,1.0,1.0,SKD6G3535
5,LEC4-MB4AA33,74.0,1000.0,SKD11022067
6,LEC4-MB4AA33,1.0,1.0,SKD6G2261
5,LEC4-MW2AA30,58.0,1000.0,SKD11015067
6,LEC4-MW2AA30,1.0,1.0,SKD6G1552
5,LEC4-MW3AA30,74.0,1000.0,SKD11022067
6,LEC4-MW3AA30,1.0,1.0,SKD6G2261
5,LEC4-MY2AA33,62.0,1000.0,SKD11015067
6,LEC4-MY2AA33,1.0,1.0,SKD6G1556
5,LEC4-MY2AA38,41.0,1000.0,SKD11015067
6,LEC4-MY2AA38,1.0,1.0,SKD6G1535
5,LEC4-MY2AA42,41.0,1000.0,SKD11015067
6,LEC4-MY2AA42,1.0,1.0,SKD6G1535
5,LEC4-MY3AA33,104.0,1000.0,SKD11030070
6,LEC4-MY3AA33,1.0,1.0,SKD7Z3060
5,LEC4-MY3AA34,91.0,1000.0,SKD11027067
6,LEC4-MY3AA34,1.0,1.0,SKD6G2761
5,LEC4-MY3AA36,91.0,1000.0,SKD11027067
6,LEC4-MY3AA36,1.0,1.0,SKD6G2761
5,LEC4-MY3AA38,79.0,1000.0,SKD11027067
6,LEC4-MY3AA38,1.0,1.0,SKD6G2753
5,LEC4-MY3AA42,91.0,1000.0,SKD11027067
6,LEC4-MY3AA42,1.0,1.0,SKD6G2761
5,LEC4-MY5AA33,104.0,1000.0,SKD11030070
6,LEC4-MY5AA33,1.0,1.0,SKD7Z3060
5,LEC4-MY5AA34,91.0,1000.0,SKD11027067
6,LEC4-MY5AA34,1.0,1.0,SKD6G2761
5,LEC4-MY5AA36,91.0,1000.0,SKD11027067
6,LEC4-MY5AA36,1.0,1.0,SKD6G2761
5,LEC4-MY5AA38,79.0,1000.0,SKD11027067
6,LEC4-MY5AA38,1.0,1.0,SKD6G2753
5,LEC4-MY5AA42,91.0,1000.0,SKD11027067
6,LEC4-MY5AA42,1.0,1.0,SKD6G2761
5,LEC4-MY7AA33,62.0,1000.0,SKD11015067
6,LEC4-MY7AA33,1.0,1.0,SKD6G1556
5,LEC4-MY7AA34,62.0,1000.0,SKD11015067
6,LEC4-MY7AA34,1.0,1.0,SKD6G1556
5,LEC4-MY7AA38,62.0,1000.0,SKD11015067
6,LEC4-MY7AA38,1.0,1.0,SKD6G1556
5,LEC4-MY7AA42,62.0,1000.0,SKD11015067
6,LEC4-MY7AA42,1.0,1.0,SKD6G1556
5,LEC4-MY9BA30,79.0,1000.0,SKD11027067
6,LEC4-MY9BA30,1.0,1.0,SKD6G2753
4,LEC5B-DB1AA30,28.0,1000.0,SKD11025067
5,LEC5B-DB1AA30,1.0,1.0,SKD6G2520
6,LEC5B-DB1AA30,1.0,1.0,LEC5B-MB1AA30
4,LEC5B-DC2AA30,62.0,1000.0,SKD11015067
5,LEC5B-DC2AA30,1.0,1.0,SKD6G1556
6,LEC5B-DC2AA30,1.0,1.0,LEC5B-MC2AA30
4,LEC5B-DY1AA30,27.0,1000.0,SKD11025067
5,LEC5B-DY1AA30,1.0,1.0,SKD6G2519
6,LEC5B-DY1AA30,1.0,1.0,LEC5B-MY1AA30
4,LEC5B-DY2AA30,41.0,1000.0,SKD11015067
5,LEC5B-DY2AA30,1.0,1.0,SKD6G1535
6,LEC5B-DY2AA30,1.0,1.0,LEC5B-MY2AA30
4,LEC5B-DY3AA30,49.0,1000.0,SKD11025067
5,LEC5B-DY3AA30,1.0,1.0,SKD6G2535
6,LEC5B-DY3AA30,1.0,1.0,LEC5B-MY3AA30
4,LEC5B-DY5AA30,67.0,1000.0,SKD11027067
5,LEC5B-DY5AA30,1.0,1.0,SKD6G2745
6,LEC5B-DY5AA30,1.0,1.0,LEC5B-MY5AA30
5,LEC6B-MS6AA30,80.0,1000.0,SKD11030085
6,LEC6B-MS6AA30,1.0,1.0,SKD8E3038
5,LEC6B-MS6AC30,47.0,1000.0,SKD11030085
6,LEC6B-MS6AC30,1.0,1.0,SKD8E3022
5,LEC6B-MS6BA30,63.0,1000.0,SKD11030085
6,LEC6B-MS6BA30,1.0,1.0,SKD8E3030
5,LEC6B-MS6BD30,63.0,1000.0,SKD11030085
6,LEC6B-MS6BD30,1.0,1.0,SKD8E3030
5,LEC6B-MS6DA30,63.0,1000.0,SKD11030085
6,LEC6B-MS6DA30,1.0,1.0,SKD8E3030
5,LEC6B-MS9BC30,42.0,1000.0,SKD11030085
6,LEC6B-MS9BC30,1.0,1.0,SKD8E3020
5,LEC6BSC-MB1AA34,24.0,1000.0,SKD11025067
6,LEC6BSC-MB1AA34,1.0,1.0,SKD6G2518
5,LEC6BSC-MB1AA38,24.0,1000.0,SKD11025067
6,LEC6BSC-MB1AA38,1.0,1.0,SKD6G2518
5,LEC6BSC-MB2AA34,24.0,1000.0,SKD11022067
6,LEC6BSC-MB2AA34,1.0,1.0,SKD6G2218
5,LEC6BSC-MB2AA38,24.0,1000.0,SKD11022067
6,LEC6BSC-MB2AA38,1.0,1.0,SKD6G2218
5,LEC6BSC-MB3AA38,63.0,1000.0,SKD11021082
6,LEC6BSC-MB3AA38,1.0,1.0,SKD8B2144
5,LEC6BSC-MB5AA34,63.0,1000.0,SKD11021082
6,LEC6BSC-MB5AA34,1.0,1.0,SKD8B2144
5,LEC6BSC-MB5AA38,63.0,1000.0,SKD11021082
6,LEC6BSC-MB5AA38,1.0,1.0,SKD8B2144
5,LEC6BSC-MY1AA34,30.0,1000.0,SKD11027067
6,LEC6BSC-MY1AA34,1.0,1.0,SKD6G2720
5,LEC6BSC-MY1AA38,27.0,1000.0,SKD11025067
6,LEC6BSC-MY1AA38,1.0,1.0,SKD6G2519
5,LEC6BSD-MB1AA30,24.0,1000.0,SKD11025067
6,LEC6BSD-MB1AA30,1.0,1.0,SKD6G2518
5,LEC6BSD-MB2AA30,24.0,1000.0,SKD11022067
6,LEC6BSD-MB2AA30,1.0,1.0,SKD6G2218
5,LEC6BSD-MB3AA30,43.0,1000.0,SKD11021082
6,LEC6BSD-MB3AA30,1.0,1.0,SKD8B2130
5,LEC6BSD-MB5AA30,63.0,1000.0,SKD11021082
6,LEC6BSD-MB5AA30,1.0,1.0,SKD8B2144
5,LEC6BSD-MC3AA30,63.0,1000.0,SKD11021082
6,LEC6BSD-MC3AA30,1.0,1.0,SKD8B2144
5,LEC6BSD-MX2AA30,41.0,1000.0,SKD11027067
6,LEC6BSD-MX2AA30,1.0,1.0,SKD6G2727
5,LEC6BSD-MY1AA30,27.0,1000.0,SKD11025067
6,LEC6BSD-MY1AA30,1.0,1.0,SKD6G2519
5,LEC6BS-MR0AA30,47.0,1000.0,SKD11030085
6,LEC6BS-MR0AA30,1.0,1.0,SKD8E3022
5,LEC6BS-MR0BA30,63.0,1000.0,SKD11030085
6,LEC6BS-MR0BA30,1.0,1.0,SKD8E3030
5,LEC6BS-MR0BB38,63.0,1000.0,SKD11030085
6,LEC6BS-MR0BB38,1.0,1.0,SKD8E3030
5,LEC6BS-MR0BC36,63.0,1000.0,SKD11030085
6,LEC6BS-MR0BC36,1.0,1.0,SKD8E3030
5,LEC6BS-MR0CA30,36.0,1000.0,SKD11021082
6,LEC6BS-MR0CA30,1.0,1.0,SKD8B2125
5,LEC6BS-MS6AA30,63.0,1000.0,SKD11030085
6,LEC6BS-MS6AA30,1.0,1.0,SKD8E3030
5,LEC6BS-MS6FA38,63.0,1000.0,SKD11030085
6,LEC6BS-MS6FA38,1.0,1.0,SKD8E3030
5,LEC6BS-MS9AB30,52.0,1000.0,SKD11035090
6,LEC6BS-MS9AB30,1.0,1.0,SKD9Z3520
5,LEC6BS-MS9AB36,52.0,1000.0,SKD11035090
6,LEC6BS-MS9AB36,1.0,1.0,SKD9Z3520
5,LEC6BS-MS9AB38,52.0,1000.0,SKD11035090
6,LEC6BS-MS9AB38,1.0,1.0,SKD9Z3520
5,LEC6BS-MS9AC36,52.0,1000.0,SKD11035090
6,LEC6BS-MS9AC36,1.0,1.0,SKD9Z3520
5,LEC6BS-MS9AC38,52.0,1000.0,SKD11035090
6,LEC6BS-MS9AC38,1.0,1.0,SKD9Z3520
5,LEC6BS-MS9BA30,52.0,1000.0,SKD11035090
6,LEC6BS-MS9BA30,1.0,1.0,SKD9Z3520
5,LEC6BS-MS9BB30,52.0,1000.0,SKD11035090
6,LEC6BS-MS9BB30,1.0,1.0,SKD9Z3520
5,LEC6BS-MS9CA38,27.0,1000.0,SKD11027067
6,LEC6BS-MS9CA38,1.0,1.0,SKD6G2718
5,LEC6BT-MB1AA38,164.0,1000.0,SKD11035067
6,LEC6BT-MB1AA38,1.0,1.0,SKD6G3585
5,LEC6BT-MR0AA30,63.0,1000.0,SKD11030085
6,LEC6BT-MR0AA30,1.0,1.0,SKD8E3030
5,LEC6BT-MR0CA30,42.0,1000.0,SKD11030085
6,LEC6BT-MR0CA30,1.0,1.0,SKD8E3020
5,LEC6BT-MR0DA30,42.0,1000.0,SKD11030085
6,LEC6BT-MR0DA30,1.0,1.0,SKD8E3020
5,LEC6BT-MS6AA30,63.0,1000.0,SKD11030085
6,LEC6BT-MS6AA30,1.0,1.0,SKD8E3030
5,LEC6BT-MS6AC30,63.0,1000.0,SKD11030085
6,LEC6BT-MS6AC30,1.0,1.0,SKD8E3030
5,LEC6BT-MS6CA30,63.0,1000.0,SKD11030085
6,LEC6BT-MS6CA30,1.0,1.0,SKD8E3030
5,LEC6BT-MS9BA38,27.0,1000.0,SKD11022067
6,LEC6BT-MS9BA38,1.0,1.0,SKD6G2222
5,LEC6BT-MY1AA38,52.0,1000.0,SKD11035067
6,LEC6BT-MY1AA38,1.0,1.0,SKD6G3527
5,LEC6BT-MY1BA38,52.0,1000.0,SKD11035067
6,LEC6BT-MY1BA38,1.0,1.0,SKD6G3527
5,LEC6BT-MY4AA34,87.0,1000.0,SKD11035067
6,LEC6BT-MY4AA34,1.0,1.0,SKD6G3545
5,LEC6BT-MY4AA38,87.0,1000.0,SKD11035067
6,LEC6BT-MY4AA38,1.0,1.0,SKD6G3545
5,LEC6BT-MY6AA38,67.0,1000.0,SKD11027067
6,LEC6BT-MY6AA38,1.0,1.0,SKD6G2745
5,LEC6CS-MB1AA17,24.0,1000.0,SKD11025067
6,LEC6CS-MB1AA17,1.0,1.0,SKD6G2518
5,LEC6CS-MB1AA18,24.0,1000.0,SKD11025067
6,LEC6CS-MB1AA18,1.0,1.0,SKD6G2518
5,LEC6CS-MB1AA19,24.0,1000.0,SKD11025067
6,LEC6CS-MB1AA19,1.0,1.0,SKD6G2518
5,LEC6CS-MB1AA20,24.0,1000.0,SKD11025067
6,LEC6CS-MB1AA20,1.0,1.0,SKD6G2518
5,LEC6CS-MB2AA17,21.0,1000.0,SKD11025067
6,LEC6CS-MB2AA17,1.0,1.0,SKD6G2515
5,LEC6CS-MB2AA18,24.0,1000.0,SKD11025067
6,LEC6CS-MB2AA18,1.0,1.0,SKD6G2518
5,LEC6CS-MB2AA19,21.0,1000.0,SKD11025067
6,LEC6CS-MB2AA19,1.0,1.0,SKD6G2515
5,LEC6CS-MB3AA19,38.0,1000.0,SKD11025067
6,LEC6CS-MB3AA19,1.0,1.0,SKD6G2527
5,LEC6CS-MB4A19,39.0,1000.0,SKD11027067
6,LEC6CS-MB4A19,1.0,1.0,SKD6G2726
5,LEC6CS-MB4AA19,51.0,1000.0,SKD11033065
6,LEC6CS-MB4AA19,1.0,1.0,SKD6E3327
5,LEC6CS-MB5AA19,62.0,1000.0,SKD11025067
6,LEC6CS-MB5AA19,1.0,1.0,SKD6G2545
5,LEC6CS-MB6AA19,67.0,1000.0,SKD11027067
6,LEC6CS-MB6AA19,1.0,1.0,SKD6G2745
5,LEC6CS-MY1AA18,31.0,1000.0,SKD11025067
6,LEC6CS-MY1AA18,1.0,1.0,SKD6G2522
5,LEC6CS-MY1AA19,24.0,1000.0,SKD11025067
6,LEC6CS-MY1AA19,1.0,1.0,SKD6G2518
5,LEC6CS-MY1AA20,33.0,1000.0,SKD11025067
6,LEC6CS-MY1AA20,1.0,1.0,SKD6G2524
5,LEC6CS-MY2AA18,39.0,1000.0,SKD11027067
6,LEC6CS-MY2AA18,1.0,1.0,SKD6G2726
5,LEC6CS-MY2AA19,39.0,1000.0,SKD11027067
6,LEC6CS-MY2AA19,1.0,1.0,SKD6G2726
5,LEC6CS-MY3AA17,67.0,1000.0,SKD11027067
6,LEC6CS-MY3AA17,1.0,1.0,SKD6G2745
5,LEC6CS-MY3AA18,79.0,1000.0,SKD11027067
6,LEC6CS-MY3AA18,1.0,1.0,SKD6G2753
5,LEC6CS-MY3AA19,67.0,1000.0,SKD11027067
6,LEC6CS-MY3AA19,1.0,1.0,SKD6G2745
5,LEC6CS-MY3AA20,79.0,1000.0,SKD11027067
6,LEC6CS-MY3AA20,1.0,1.0,SKD6G2753
5,LEC6CS-MY4AA17,78.0,1000.0,SKD11030070
6,LEC6CS-MY4AA17,1.0,1.0,SKD7Z3045
5,LEC6CS-MY4AA18,93.0,1000.0,SKD11030070
6,LEC6CS-MY4AA18,1.0,1.0,SKD7Z3054
5,LEC6CS-MY4AA19,78.0,1000.0,SKD11030070
6,LEC6CS-MY4AA19,1.0,1.0,SKD7Z3045
5,LEC6CS-MY4AA20,78.0,1000.0,SKD11030070
6,LEC6CS-MY4AA20,1.0,1.0,SKD7Z3045
5,LEC6CS-MZ5AA19,41.0,1000.0,SKD11012050
6,LEC6CS-MZ5AA19,1.0,1.0,SKD5Z1270
5,LEC6CS-MZ5AB17,26.0,1000.0,SKD11012050
6,LEC6CS-MZ5AB17,1.0,1.0,SKD5Z1252
5,LEC6CS-MZ5AB18,26.0,1000.0,SKD11012050
6,LEC6CS-MZ5AB18,1.0,1.0,SKD5Z1252
5,LEC6CS-MZ5AB19,26.0,1000.0,SKD11012050
6,LEC6CS-MZ5AB19,1.0,1.0,SKD5Z1252
5,LEC6CS-MZ5AB20,26.0,1000.0,SKD11012050
6,LEC6CS-MZ5AB20,1.0,1.0,SKD5Z1252
5,LEC6CT-MB1AA19,75.0,1000.0,SKD11025067
6,LEC6CT-MB1AA19,1.0,1.0,SKD6G2554
5,LEC6CT-MB2AA19,49.0,1000.0,SKD11025067
6,LEC6CT-MB2AA19,1.0,1.0,SKD6G2535
5,LEC6CT-MY1AA19,31.0,1000.0,SKD11035065
6,LEC6CT-MY1AA19,1.0,1.0,SKD6E3525
5,LEC6CT-MY4AA19,87.0,1000.0,SKD11035067
6,LEC6CT-MY4AA19,1.0,1.0,SKD6G3545
5,LEC6CT-MZ5AA19,36.0,1000.0,SKD11015067
6,LEC6CT-MZ5AA19,1.0,1.0,SKD6G1542
5,LEC6DSIB-MB1AA38,24.0,1000.0,SKD11025067
6,LEC6DSIB-MB1AA38,1.0,1.0,SKD6G2518
5,LEC6DSIB-MB1AA42,24.0,1000.0,SKD11025067
6,LEC6DSIB-MB1AA42,1.0,1.0,SKD6G2518
5,LEC6DSIB-MB2AA38,96.0,1000.0,SKD11040065
6,LEC6DSIB-MB2AA38,1.0,1.0,SKD6E4045
5,LEC6DSIB-MB2AA42,96.0,1000.0,SKD11040065
6,LEC6DSIB-MB2AA42,1.0,1.0,SKD6E4045
5,LEC6DSIB-MB2BA38,96.0,1000.0,SKD11040065
6,LEC6DSIB-MB2BA38,1.0,1.0,SKD6E4045
5,LEC6DSIB-MB2BA42,96.0,1000.0,SKD11040065
6,LEC6DSIB-MB2BA42,1.0,1.0,SKD6E4045
5,LEC6DSIB-MC1AA38,114.0,1000.0,SKD11047067
6,LEC6DSIB-MC1AA38,1.0,1.0,SKD6G4744
5,LEC6DSIB-MC1AA42,114.0,1000.0,SKD11047067
6,LEC6DSIB-MC1AA42,1.0,1.0,SKD6G4744
5,LEC6DSIB-MC1BA38,114.0,1000.0,SKD11047067
6,LEC6DSIB-MC1BA38,1.0,1.0,SKD6G4744
5,LEC6DSIB-MC1BA42,114.0,1000.0,SKD11047067
6,LEC6DSIB-MC1BA42,1.0,1.0,SKD6G4744
5,LEC6DSIB-MC2AA38,114.0,1000.0,SKD11047067
6,LEC6DSIB-MC2AA38,1.0,1.0,SKD6G4744
5,LEC6DSIB-MC2AA42,114.0,1000.0,SKD11047067
6,LEC6DSIB-MC2AA42,1.0,1.0,SKD6G4744
5,LEC6DSIB-MR0AA38,113.0,1000.0,SKD11030085
6,LEC6DSIB-MR0AA38,1.0,1.0,SKD8E3053
5,LEC6DSIB-MR0AA42,113.0,1000.0,SKD11030085
6,LEC6DSIB-MR0AA42,1.0,1.0,SKD8E3053
5,LEC6DSIB-MS6AA42,94.0,1000.0,SKD11029082
6,LEC6DSIB-MS6AA42,1.0,1.0,SKD8B2948
5,LEC6DSIB-MS6BA42,94.0,1000.0,SKD11029082
6,LEC6DSIB-MS6BA42,1.0,1.0,SKD8B2948
5,LEC6DSIB-MS9AA42,123.0,1000.0,SKD11035090
6,LEC6DSIB-MS9AA42,1.0,1.0,SKD9Z3547
5,LEC6DSIB-MX1AA38,31.0,1000.0,SKD11035065
6,LEC6DSIB-MX1AA38,1.0,1.0,SKD6E3525
5,LEC6DSIB-MX1BA38,31.0,1000.0,SKD11035065
6,LEC6DSIB-MX1BA38,1.0,1.0,SKD6E3525
5,LEC6DSIB-MX2AA34,56.0,1000.0,SKD11035067
6,LEC6DSIB-MX2AA34,1.0,1.0,SKD6E3530
5,LEC6F-MB2AA20,24.0,1000.0,SKD11025067
6,LEC6F-MB2AA20,1.0,1.0,SKD6G2518
5,LEC6F-MR0AA17,63.0,1000.0,SKD11030085
6,LEC6F-MR0AA17,1.0,1.0,SKD8E3030
5,LEC6F-MR0AA20,63.0,1000.0,SKD11030085
6,LEC6F-MR0AA20,1.0,1.0,SKD8E3030
5,LEC6F-MR0AA30,47.0,1000.0,SKD11030085
6,LEC6F-MR0AA30,1.0,1.0,SKD8E3022
5,LEC6F-MR0BA20,78.0,1000.0,SKD11035090
6,LEC6F-MR0BA20,1.0,1.0,SKD9Z3530
5,LEC6F-MR0CA17,36.0,1000.0,SKD11021082
6,LEC6F-MR0CA17,1.0,1.0,SKD8B2125
5,LEC6F-MS6AA17,78.0,1000.0,SKD11035090
6,LEC6F-MS6AA17,1.0,1.0,SKD9Z3530
5,LEC6F-MS6BA20,78.0,1000.0,SKD11035090
6,LEC6F-MS6BA20,1.0,1.0,SKD9Z3530
5,LEC6F-MS9AB17,52.0,1000.0,SKD11035090
6,LEC6F-MS9AB17,1.0,1.0,SKD9Z3520
5,LEC6F-MS9AB20,52.0,1000.0,SKD11035090
6,LEC6F-MS9AB20,1.0,1.0,SKD9Z3520
5,LEC6-MB2AA30,61.0,1000.0,SKD11030070
6,LEC6-MB2AA30,1.0,1.0,SKD7Z3035
5,LEC6-MB2CA30,56.0,1000.0,SKD11030070
6,LEC6-MB2CA30,1.0,1.0,SKD7Z3032
5,LEC6-MC1AA30,62.0,1000.0,SKD11025067
6,LEC6-MC1AA30,1.0,1.0,SKD6G2545
5,LEC6-MC2AA30,54.0,1000.0,SKD11015067
6,LEC6-MC2AA30,1.0,1.0,SKD6G1565
5,LEC6-MR0AA30,47.0,1000.0,SKD11030085
6,LEC6-MR0AA30,1.0,1.0,SKD8E3022
5,LEC6-MR0AB30,63.0,1000.0,SKD11030085
6,LEC6-MR0AB30,1.0,1.0,SKD8E3030
5,LEC6-MR0BA30,47.0,1000.0,SKD11030085
6,LEC6-MR0BA30,1.0,1.0,SKD8E3022
5,LEC6-MR0BB30,63.0,1000.0,SKD11030085
6,LEC6-MR0BB30,1.0,1.0,SKD8E3030
5,LEC6-MS6AA30,52.0,1000.0,SKD11035090
6,LEC6-MS6AA30,1.0,1.0,SKD9Z3520
5,LEC6-MS6AB30,63.0,1000.0,SKD11030085
6,LEC6-MS6AB30,1.0,1.0,SKD8E3030
5,LEC6-MS6BA30,47.0,1000.0,SKD11030085
6,LEC6-MS6BA30,1.0,1.0,SKD8E3022
5,LEC6-MS6BB30,63.0,1000.0,SKD11030085
6,LEC6-MS6BB30,1.0,1.0,SKD8E3030
5,LEC6-MS6BC30,63.0,1000.0,SKD11030085
6,LEC6-MS6BC30,1.0,1.0,SKD8E3030
5,LEC6-MS9AA30,78.0,1000.0,SKD11035090
6,LEC6-MS9AA30,1.0,1.0,SKD9Z3530
5,LEC6-MS9AB30,104.0,1000.0,SKD11035090
6,LEC6-MS9AB30,1.0,1.0,SKD9Z3540
5,LEC6-MS9BA30,52.0,1000.0,SKD11035090
6,LEC6-MS9BA30,1.0,1.0,SKD9Z3520
5,LEC6-MS9BB30,78.0,1000.0,SKD11035090
6,LEC6-MS9BB30,1.0,1.0,SKD9Z3530
5,LEC7BSC-MB1BA42,24.0,1000.0,SKD11025067
6,LEC7BSC-MB1BA42,1.0,1.0,SKD6G2518
5,LEC7BSC-MB1BA48,24.0,1000.0,SKD11025067
6,LEC7BSC-MB1BA48,1.0,1.0,SKD6G2518
5,LEC7BSC-MB2BA42,24.0,1000.0,SKD11022067
6,LEC7BSC-MB2BA42,1.0,1.0,SKD6G2218
5,LEC7BSC-MB2BA48,24.0,1000.0,SKD11022067
6,LEC7BSC-MB2BA48,1.0,1.0,SKD6G2218
5,LEC7BSC-MC3AA48,57.0,1000.0,SKD11021082
6,LEC7BSC-MC3AA48,1.0,1.0,SKD8B2140
5,LEC7BSC-MF1GA36,36.0,1000.0,SKD11021082
6,LEC7BSC-MF1GA36,1.0,1.0,SKD8B2125
5,LEC7BSC-MF5AA48,57.0,1000.0,SKD11021082
6,LEC7BSC-MF5AA48,1.0,1.0,SKD8B2140
5,LEC7BSC-MR0AA38,78.0,1000.0,SKD11029082
6,LEC7BSC-MR0AA38,1.0,1.0,SKD8B2940
5,LEC7BSC-MR0AA38-MITU,78.0,1000.0,SKD11029082
6,LEC7BSC-MR0AA38-MITU,1.0,1.0,SKD8B2940
5,LEC7BSC-MR0BA36,72.0,1000.0,SKD11030085
6,LEC7BSC-MR0BA36,1.0,1.0,SKD8E3034
5,LEC7BSC-MR0BA38,36.0,1000.0,SKD11021082
6,LEC7BSC-MR0BA38,1.0,1.0,SKD8B2125
5,LEC7BSC-MR0BA48,57.0,1000.0,SKD11021082
6,LEC7BSC-MR0BA48,1.0,1.0,SKD8B2140
5,LEC7BSC-MR0CA36,57.0,1000.0,SKD11021082
6,LEC7BSC-MR0CA36,1.0,1.0,SKD8B2140
5,LEC7BSC-MR0CA38,50.0,1000.0,SKD11021082
6,LEC7BSC-MR0CA38,1.0,1.0,SKD8B2135
5,LEC7BSC-MR2AA36,39.0,1000.0,SKD11027067
6,LEC7BSC-MR2AA36,1.0,1.0,SKD6G2726
5,LEC7BSC-MR2AA48,44.0,1000.0,SKD11033065
6,LEC7BSC-MR2AA48,1.0,1.0,SKD6E3325
5,LEC7BSC-MR2BA48,51.0,1000.0,SKD11033065
6,LEC7BSC-MR2BA48,1.0,1.0,SKD6E3327
5,LEC7BSC-MR3AA36,67.0,1000.0,SKD11027067
6,LEC7BSC-MR3AA36,1.0,1.0,SKD6G2745
5,LEC7BSC-MR4AA36,66.0,1000.0,SKD11030070
6,LEC7BSC-MR4AA36,1.0,1.0,SKD7Z3038
5,LEC7BSC-MS6AA38,78.0,1000.0,SKD11029082
6,LEC7BSC-MS6AA38,1.0,1.0,SKD8B2940
5,LEC7BSC-MS6AA38-MITU,78.0,1000.0,SKD11029082
6,LEC7BSC-MS6AA38-MITU,1.0,1.0,SKD8B2940
5,LEC7BSC-MS6BA36,72.0,1000.0,SKD11030085
6,LEC7BSC-MS6BA36,1.0,1.0,SKD8E3034
5,LEC7BSC-MS6BA38,49.0,1000.0,SKD11029082
6,LEC7BSC-MS6BA38,1.0,1.0,SKD8B2925
5,LEC7BSC-MS6CA36,80.0,1000.0,SKD11030085
6,LEC7BSC-MS6CA36,1.0,1.0,SKD8E3038
5,LEC7BSC-MS6CA38,75.0,1000.0,SKD11029082
6,LEC7BSC-MS6CA38,1.0,1.0,SKD8B2938
5,LEC7BSC-MS9AA38,104.0,1000.0,SKD11035090
6,LEC7BSC-MS9AA38,1.0,1.0,SKD9Z3540
5,LEC7BSC-MS9AA38-MITU,104.0,1000.0,SKD11035090
6,LEC7BSC-MS9AA38-MITU,1.0,1.0,SKD9Z3540
5,LEC7BSC-MS9BA36,32.0,1000.0,SKD11018060
6,LEC7BSC-MS9BA36,1.0,1.0,SKD6Z1836
5,LEC7BSC-MS9BA38,42.0,1000.0,SKD11030085
6,LEC7BSC-MS9BA38,1.0,1.0,SKD8E3020
5,LEC7BSC-MS9BA48,51.0,1000.0,SKD11022067
6,LEC7BSC-MS9BA48,1.0,1.0,SKD6G2242
5,LEC7BSC-MX1AA48,27.0,1000.0,SKD11027067
6,LEC7BSC-MX1AA48,1.0,1.0,SKD6G2718
5,LEC7BSC-MY3AA48,67.0,1000.0,SKD11027067
6,LEC7BSC-MY3AA48,1.0,1.0,SKD6G2745
5,LEC7BSC-MY4AA48,67.0,1000.0,SKD11033065
6,LEC7BSC-MY4AA48,1.0,1.0,SKD6E3338
5,LEC7BSC-MY6AA48,87.0,1000.0,SKD11035065
6,LEC7BSC-MY6AA48,1.0,1.0,SKD6E3538
5,LEC7BSD-MS6BA30,39.0,1000.0,SKD11029082
6,LEC7BSD-MS6BA30,1.0,1.0,SKD8B2920
5,LEC7BSD-MW1AA30,21.0,1000.0,SKD11025067
6,LEC7BSD-MW1AA30,1.0,1.0,SKD6G2515
5,LEC7BSD-MW1BA30,21.0,1000.0,SKD11025067
6,LEC7BSD-MW1BA30,1.0,1.0,SKD6G2515
5,LEC7BSD-MX1AA30,21.0,1000.0,SKD11025067
6,LEC7BSD-MX1AA30,1.0,1.0,SKD6G2515
5,LEC7BSD-MX1BA30,21.0,1000.0,SKD11025067
6,LEC7BSD-MX1BA30,1.0,1.0,SKD6G2515
5,LEC7BSD-MX2AA30,41.0,1000.0,SKD11027067
6,LEC7BSD-MX2AA30,1.0,1.0,SKD6G2727
5,LEC8BSC-MB1AA38,38.0,1000.0,SKD11025055
6,LEC8BSC-MB1AA38,1.0,1.0,SKD5E2532
5,LEC8BSC-MB2AA34,24.0,1000.0,SKD11022067
6,LEC8BSC-MB2AA34,1.0,1.0,SKD6G2218
5,LEC8BSC-MB5AA38,43.0,1000.0,SKD11025067
6,LEC8BSC-MB5AA38,1.0,1.0,SKD6G2531
5,LEC8BSC-MB5AA38-MITU,43.0,1000.0,SKD11025067
6,LEC8BSC-MB5AA38-MITU,1.0,1.0,SKD6G2531
5,LEC8BSC-MB6BA38,63.0,1000.0,SKD11029082
6,LEC8BSC-MB6BA38,1.0,1.0,SKD8B2932
5,LEC8BSC-MR0AA38,63.0,1000.0,SKD11029082
6,LEC8BSC-MR0AA38,1.0,1.0,SKD8B2932
5,LEC8BSC-MR0AA38-MITU,63.0,1000.0,SKD11029082
6,LEC8BSC-MR0AA38-MITU,1.0,1.0,SKD8B2932
5,LEC8BSC-MR0BA38,50.0,1000.0,SKD11021082
6,LEC8BSC-MR0BA38,1.0,1.0,SKD8B2135
5,LEC8BSC-MS6AA38,63.0,1000.0,SKD11029082
6,LEC8BSC-MS6AA38,1.0,1.0,SKD8B2932
5,LEC8BSC-MS6AA38-MITU,63.0,1000.0,SKD11029082
6,LEC8BSC-MS6AA38-MITU,1.0,1.0,SKD8B2932
5,LEC8BSC-MS6BA38,63.0,1000.0,SKD11029082
6,LEC8BSC-MS6BA38,1.0,1.0,SKD8B2932
5,LEC8BSC-MS9AA38,72.0,1000.0,SKD11030085
6,LEC8BSC-MS9AA38,1.0,1.0,SKD8E3034
5,LEC8BSC-MS9AA38-MITU,72.0,1000.0,SKD11030085
6,LEC8BSC-MS9AA38-MITU,1.0,1.0,SKD8E3034
5,LEC8BSC-MS9BA38,32.0,1000.0,SKD11018060
6,LEC8BSC-MS9BA38,1.0,1.0,SKD6Z1836
5,LEC8BSC-MY1AA38,22.0,1000.0,SKD11027067
6,LEC8BSC-MY1AA38,1.0,1.0,SKD6G2715
5,LEC8BSC-MY2AA38,49.0,1000.0,SKD11030070
6,LEC8BSC-MY2AA38,1.0,1.0,SKD7Z3025
5,LEC8BSC-MY3AA34,58.0,1000.0,SKD11035067
6,LEC8BSC-MY3AA34,1.0,1.0,SKD6G3530
5,LEC8BSC-MY3AA38,53.0,1000.0,SKD1103070
6,LEC8BSC-MY3AA38,1.0,1.0,SKD7Z3030
5,LEC8BSC-MY4AA38,53.0,1000.0,SKD1103070
6,LEC8BSC-MY4AA38,1.0,1.0,SKD7Z3030
4,LECCNY-DB2A33,140.0,1000.0,SUJ3038068
5,LECCNY-DB2A33,1.0,1.0,S6H3865
6,LECCNY-DB2A33,1.0,1.0,LECCNY-MB2A33
4,LECCNY-DB9A33,130.0,1000.0,SUJ3038068
5,LECCNY-DB9A33,1.0,1.0,S6H3850
6,LECCNY-DB9A33,1.0,1.0,LECCNY-MB9A33
4,LECCNY-DC0A33,75.0,1000.0,SUJ3038068
5,LECCNY-DC0A33,1.0,1.0,S6H3828
6,LECCNY-DC0A33,1.0,1.0,LECCNY-MC0A33
4,LECCNY-DC5AA33,170.0,1000.0,SUJ3032068
5,LECCNY-DC5AA33,1.0,1.0,S6H3280
6,LECCNY-DC5AA33,1.0,1.0,LECCNY-MC5AA33
4,LECCNY-DY1A33,75.0,1000.0,SUJ3038068
5,LECCNY-DY1A33,1.0,1.0,S6H3828
6,LECCNY-DY1A33,1.0,1.0,LECCNY-MY1A33
4,LEC-DB1NB,40.0,1000.0,SUJ3047068
5,LEC-DB1NB,1.0,1.0,S6H2020P
6,LEC-DB1NB,1.0,1.0,LEC-MB1NB
4,LEC-DB2NE,40.0,1000.0,SUJ3047068
5,LEC-DB2NE,1.0,1.0,S6H2020P
6,LEC-DB2NE,1.0,1.0,LEC-MB2NE
4,LEC-DB3NE,75.0,1000.0,SUJ3047068-H
5,LEC-DB3NE,1.0,1.0,S6H4722
6,LEC-DB3NE,1.0,1.0,LEC-MB3NE
4,LEC-DB3Y,80.0,1000.0,SUJ3047068-H
5,LEC-DB3Y,1.0,1.0,S6H2265P
6,LEC-DB3Y,1.0,1.0,LEC-MB3Y
4,LEC-DB4N,45.0,1000.0,SUJ3038068
5,LEC-DB4N,1.0,1.0,S6H3416P
6,LEC-DB4N,1.0,1.0,LEC-MB4N
4,LEC-DB8N,30.0,1000.0,SUJ3032068
5,LEC-DB8N,1.0,1.0,S6H2315P
6,LEC-DB8N,1.0,1.0,LEC-MB8N
4,LEC-DC1X,120.0,1000.0,SUJ3047068-H
5,LEC-DC1X,1.0,1.0,S6H2285P
6,LEC-DC1X,1.0,1.0,LEC-MC1X
4,LEC-DC3Y,80.0,1000.0,SUJ3047068-H
5,LEC-DC3Y,1.0,1.0,S6H2265P
6,LEC-DC3Y,1.0,1.0,LEC-MC3Y
4,LEC-DX0,30.0,1000.0,SUJ3032068
5,LEC-DX0,1.0,1.0,S6H2315P
6,LEC-DX0,1.0,1.0,LEC-MX0
4,LEC-DX1,30.0,1000.0,SUJ3032068
5,LEC-DX1,1.0,1.0,S6H2315P
6,LEC-DX1,1.0,1.0,LEC-MX1
4,LEC-DX3,50.0,1000.0,SUJ3038068
5,LEC-DX3,1.0,1.0,S6H2520P
6,LEC-DX3,1.0,1.0,LEC-MX3
4,LEC-DY2B,30.0,1000.0,SUJ3032068
5,LEC-DY2B,1.0,1.0,S6H2315P
6,LEC-DY2B,1.0,1.0,LEC-MY2B
4,LEC-DY7Y,45.0,1000.0,SUJ3038068
5,LEC-DY7Y,1.0,1.0,S6H3818
6,LEC-DY7Y,1.0,1.0,LEC-MY7Y
4,LEC-DY8,85.0,1000.0,SUJ3016016
5,LEC-DY8,1.0,1.0,S161634
6,LEC-DY8,1.0,1.0,LEC-MY8
4,LEC-DY8Y,80.0,1000.0,SUJ3038068
5,LEC-DY8Y,1.0,1.0,S6H3832
6,LEC-DY8Y,1.0,1.0,LEC-MY8Y
4,LEC-DY9,45.0,1000.0,SUJ3038068
5,LEC-DY9,1.0,1.0,S6H3416P
6,LEC-DY9,1.0,1.0,LEC-MY9
5,LECNY3G-MB2AA33,66.0,1000.0,SKD11025067
6,LECNY3G-MB2AA33,1.0,1.0,SKD6G2548
5,LECNY3G-MB4BA33,58.0,1000.0,SKD11015067
6,LECNY3G-MB4BA33,1.0,1.0,SKD6G1552
5,LECNY3G-MY2AA33,67.0,1000.0,SKD11027067
6,LECNY3G-MY2AA33,1.0,1.0,SKD6G2745
5,LECNY3G-MY4AA33,104.0,1000.0,SKD11027067
6,LECNY3G-MY4AA33,1.0,1.0,SKD6G2770
5,LECNY3G-MZ5AA33,54.0,1000.0,SKD11015067
6,LECNY3G-MZ5AA33,1.0,1.0,SKD6G1565
5,LECNY3-MB1AA33,30.0,1000.0,SKD11027067
6,LECNY3-MB1AA33,1.0,1.0,SKD6G2720
5,LECNY3-MB2AA33,79.0,1000.0,SKD11027067
6,LECNY3-MB2AA33,1.0,1.0,SKD6G2753
5,LECNY3-MB4AA33,62.0,1000.0,SKD11015067
6,LECNY3-MB4AA33,1.0,1.0,SKD6G1556
5,LECNY3-MY2AA33,59.0,1000.0,SKD11022067
6,LECNY3-MY2AA33,1.0,1.0,SKD6G2248
5,LECNY3-MY3AA33,104.0,1000.0,SKD11027067
6,LECNY3-MY3AA33,1.0,1.0,SKD6G2770
5,LECNY3-MY5AA33,104.0,1000.0,SKD11027067
6,LECNY3-MY5AA33,1.0,1.0,SKD6G2770
4,LECNY4-DY1AA33,32.0,1000.0,SKD11025067
5,LECNY4-DY1AA33,1.0,1.0,SKD6G2523
6,LECNY4-DY1AA33,1.0,1.0,LECNY4-MY1AA33
4,LECNY4-DY2AA33,41.0,1000.0,SKD11015067
5,LECNY4-DY2AA33,1.0,1.0,SKD6G1535
6,LECNY4-DY2AA33,1.0,1.0,LECNY4-MY2AA33
4,LECNY4-DY3AA33,106.0,1000.0,SKD11035067
5,LECNY4-DY3AA33,1.0,1.0,SKD6G3555
6,LECNY4-DY3AA33,1.0,1.0,LECNY4-MY3AA33
4,LECNY4-DY5AA33,106.0,1000.0,SKD11035067
5,LECNY4-DY5AA33,1.0,1.0,SKD6G3555
6,LECNY4-DY5AA33,1.0,1.0,LECNY4-MY5AA33
4,LECNY4-DY7AA33,62.0,1000.0,SKD11015067
5,LECNY4-DY7AA33,1.0,1.0,SKD6G1556
6,LECNY4-DY7AA33,1.0,1.0,LECNY4-MY7AA33
5,LECNY4-MX0AA33,140.0,1000.0,SKD11047067
6,LECNY4-MX0AA33,1.0,1.0,SKD6G4754
5,LECNY4-MY8AA33,106.0,1000.0,SKD11035067
6,LECNY4-MY8AA33,1.0,1.0,SKD6G3555
5,LECNY4-MY9AA33,140.0,1000.0,SKD11047067
6,LECNY4-MY9AA33,1.0,1.0,SKD6G4754
4,LECNY-DB1A33,50.0,1000.0,SUJ3038068
5,LECNY-DB1A33,1.0,1.0,S6H2130P
6,LECNY-DB1A33,1.0,1.0,LECNY-MB1A33
4,LECNY-DB2AB33,54.0,1000.0,SKD11027067
5,LECNY-DB2AB33,1.0,1.0,SKD6G2737
6,LECNY-DB2AB33,1.0,1.0,LECNY-MB2AB33
4,LECNY-DB4B33,70.0,1000.0,SKD11015067
5,LECNY-DB4B33,1.0,1.0,SKD6G1584
6,LECNY-DB4B33,1.0,1.0,LECNY-MB4B33
4,LECNY-DB4C33,36.0,1000.0,SKD11015067
5,LECNY-DB4C33,1.0,1.0,SKD6G1542
6,LECNY-DB4C33,1.0,1.0,LECNY-MB4C33
4,LECNY-DT7A33,120.0,1000.0,SUJ3019019
5,LECNY-DT7A33,1.0,1.0,S161655
6,LECNY-DT7A33,1.0,1.0,LECNY-MT7A33
4,LECNY-DY3A33,100.0,1000.0,SUJ3032068
5,LECNY-DY3A33,1.0,1.0,S6H3255
6,LECNY-DY3A33,1.0,1.0,LECNY-MY3A33
4,LECNY-DY5A33,55.0,1000.0,SUJ3038068
5,LECNY-DY5A33,1.0,1.0,S6H2630P
6,LECNY-DY5A33,1.0,1.0,LECNY-MY5A33
4,LECNY-DY8A33,55.0,1000.0,SUJ3038068
5,LECNY-DY8A33,1.0,1.0,S6H2630P
6,LECNY-DY8A33,1.0,1.0,LECNY-MY8A33
5,LECNY-DY9B33,220.0,1000.0,SUJ3047068-H
6,LECNY-DY9B33,1.0,1.0,S6H4772
5,LECNY-MB1AB33,21.0,1000.0,SKD11035065
6,LECNY-MB1AB33,1.0,1.0,SKD6E3517
4,LECS-DY1XA33,31.0,1000.0,SKD11035065
5,LECS-DY1XA33,1.0,1.0,SKD6E3525
6,LECS-DY1XA33,1.0,1.0,LECS-MY1XA33
5,LECS-MB1XA33,31.0,1000.0,SKD11035065
6,LECS-MB1XA33,1.0,1.0,SKD6E3525
5,LECS-MB2XA33,106.0,1000.0,SKD11035067
6,LECS-MB2XA33,1.0,1.0,SKD6G3555
5,LECS-MB4AA33,54.0,1000.0,SKD11015067
6,LECS-MB4AA33,1.0,1.0,SKD6G1565
5,LECS-MX2AA33,95.0,1000.0,SKD11022067
6,LECS-MX2AA33,1.0,1.0,SKD6G2278
5,LECS-MX3XA33,95.0,1000.0,SKD11022067
6,LECS-MX3XA33,1.0,1.0,SKD6G2278
5,LECS-MY2AA33,74.0,1000.0,SKD11022067
6,LECS-MY2AA33,1.0,1.0,SKD6G2261
5,LECS-MY5XA33,95.0,1000.0,SKD11022067
6,LECS-MY5XA33,1.0,1.0,SKD6G2278
4,LHT4-DB1AA30,19.0,1000.0,SKD11035065
5,LHT4-DB1AA30,1.0,1.0,SKD6E3515
6,LHT4-DB1AA30,1.0,1.0,LHT4-MB1AA30
4,LHT4-DB1AA33,26.0,1000.0,SKD11033065
5,LHT4-DB1AA33,1.0,1.0,SKD6E3315
6,LHT4-DB1AA33,1.0,1.0,LHT4-MB1AA33
4,LHT4-DB1AA38,30.0,1000.0,SKD11033065
5,LHT4-DB1AA38,1.0,1.0,SKD6E3317
6,LHT4-DB1AA38,1.0,1.0,LHT4-MB1AA38
4,LHT4-DB2AA30,30.0,1000.0,SKD11027067
5,LHT4-DB2AA30,1.0,1.0,SKD6G2720
6,LHT4-DB2AA30,1.0,1.0,LHT4-MB2AA30
4,LHT4-DB2AA33,26.0,1000.0,SKD11033065
5,LHT4-DB2AA33,1.0,1.0,SKD6E3315
6,LHT4-DB2AA33,1.0,1.0,LHT4-MB2AA33
4,LHT4-DB2AA38,30.0,1000.0,SKD11033065
5,LHT4-DB2AA38,1.0,1.0,SKD6E3317
6,LHT4-DB2AA38,1.0,1.0,LHT4-MB2AA38
4,LHT4-DB3AA33,45.0,1000.0,SKD11025067
5,LHT4-DB3AA33,1.0,1.0,SKD6G2532
6,LHT4-DB3AA33,1.0,1.0,LHT4-MB3AA33
4,LHT4-DB4AA33,45.0,1000.0,SKD11025067
5,LHT4-DB4AA33,1.0,1.0,SKD6G2532
6,LHT4-DB4AA33,1.0,1.0,LHT4-MB4AA33
4,LHT4-DB5AA33,67.0,1000.0,SKD11027067
5,LHT4-DB5AA33,1.0,1.0,SKD6G2745
6,LHT4-DB5AA33,1.0,1.0,LHT4-MB5AA33
4,LHT4-DB6AA33,67.0,1000.0,SKD11027067
5,LHT4-DB6AA33,1.0,1.0,SKD6G2745
6,LHT4-DB6AA33,1.0,1.0,LHT4-MB6AA33
4,LHT4-DY1AA30,51.0,1000.0,SKD11025055
5,LHT4-DY1AA30,1.0,1.0,SKD5E2545
6,LHT4-DY1AA30,1.0,1.0,LHT4-MY1AA30
4,LHT4-DY1AA33,55.0,1000.0,SKD11025055
5,LHT4-DY1AA33,1.0,1.0,SKD5E2548
6,LHT4-DY1AA33,1.0,1.0,LHT4-MY1AA33
4,LHT4-DY2AA30,62.0,1000.0,SKD11025067
5,LHT4-DY2AA30,1.0,1.0,SKD6G2545
6,LHT4-DY2AA30,1.0,1.0,LHT4-MY2AA30
4,LHT4-DY2AA33,62.0,1000.0,SKD11025067
5,LHT4-DY2AA33,1.0,1.0,SKD6G2545
6,LHT4-DY2AA33,1.0,1.0,LHT4-MY2AA33
4,LHT4-DY2AA38,66.0,1000.0,SKD11025067
5,LHT4-DY2AA38,1.0,1.0,SKD6G2548
6,LHT4-DY2AA38,1.0,1.0,LHT4-MY2AA38
5,LHT4-MB1AA36,21.0,1000.0,SKD11025067
6,LHT4-MB1AA36,1.0,1.0,SKD6G2515
5,LHT4-MB1AA60,21.0,1000.0,SKD11025067
6,LHT4-MB1AA60,1.0,1.0,SKD6G2515
5,LHT4-MB2AA36,21.0,1000.0,SKD11025067
6,LHT4-MB2AA36,1.0,1.0,SKD6G2515
5,LHT4-MB2AA60,21.0,1000.0,SKD11025067
6,LHT4-MB2AA60,1.0,1.0,SKD6G2515
5,LHT4-MB3AA30,38.0,1000.0,SKD11025067
6,LHT4-MB3AA30,1.0,1.0,SKD6G2527
5,LHT4-MB3AA36,59.0,1000.0,SKD11029082
6,LHT4-MB3AA36,1.0,1.0,SKD8B2930
5,LHT4-MB4AA30,38.0,1000.0,SKD11025067
6,LHT4-MB4AA30,1.0,1.0,SKD6G2527
5,LHT4-MB5AA30,62.0,1000.0,SKD11025067
6,LHT4-MB5AA30,1.0,1.0,SKD6G2545
5,LHT4-MB5AA36,86.0,1000.0,SKD11029082
6,LHT4-MB5AA36,1.0,1.0,SKD8B2944
5,LHT4-MB5AA38,67.0,1000.0,SKD11027067
6,LHT4-MB5AA38,1.0,1.0,SKD6G2745
5,LHT4-MB6AA30,53.0,1000.0,SKD11025067
6,LHT4-MB6AA30,1.0,1.0,SKD6G2538
5,LHT4-MB6AA38,67.0,1000.0,SKD11027067
6,LHT4-MB6AA38,1.0,1.0,SKD6G2745
5,LHT4-MY1AA36,51.0,1000.0,SKD11025055
6,LHT4-MY1AA36,1.0,1.0,SKD5E2545
5,LHT4-MY1AA60,51.0,1000.0,SKD11025055
6,LHT4-MY1AA60,1.0,1.0,SKD5E2545
5,LHT4-MY2AA36,59.0,1000.0,SKD11022067
6,LHT4-MY2AA36,1.0,1.0,SKD6G2248
5,LHT4-MY2AA60,59.0,1000.0,SKD11022067
6,LHT4-MY2AA60,1.0,1.0,SKD6G2248
5,LIF60-DZ9A,1.0,1.0,G3Z3048
6,LIF60-DZ9A,1.0,1.0,LIF60-MZ9A
4,LIL4AL-DB1A33,26.0,1000.0,SKD11022067
5,LIL4AL-DB1A33,1.0,1.0,SKD6G2220
6,LIL4AL-DB1A33,1.0,1.0,LIL4AL-MB1A33
4,LIL4AL-DB1A38,26.0,1000.0,SKD11022067
5,LIL4AL-DB1A38,1.0,1.0,SKD6G2220
6,LIL4AL-DB1A38,1.0,1.0,LIL4AL-MB1A38
4,LIL4AL-DB2A33,26.0,1000.0,SKD11022067
5,LIL4AL-DB2A33,1.0,1.0,SKD6G2220
6,LIL4AL-DB2A33,1.0,1.0,LIL4AL-MB2A33
4,LIL4AL-DB2A38,26.0,1000.0,SKD11022067
5,LIL4AL-DB2A38,1.0,1.0,SKD6G2220
6,LIL4AL-DB2A38,1.0,1.0,LIL4AL-MB2A38
4,LIL4AL-DB3A33,26.0,1000.0,SKD11022067
5,LIL4AL-DB3A33,1.0,1.0,SKD6G2220
6,LIL4AL-DB3A33,1.0,1.0,LIL4AL-MB3A33
4,LIL4AL-DB3A38,24.0,1000.0,SKD11022067
5,LIL4AL-DB3A38,1.0,1.0,SKD6G2218
6,LIL4AL-DB3A38,1.0,1.0,LIL4AL-MB3A38
4,LIL4AL-DB5A33,30.0,1000.0,SKD11022067
5,LIL4AL-DB5A33,1.0,1.0,SKD6G2224
6,LIL4AL-DB5A33,1.0,1.0,LIL4AL-MB5A33
4,LIL4AL-DB5A38,31.0,1000.0,SKD11022067
5,LIL4AL-DB5A38,1.0,1.0,SKD6G2225
6,LIL4AL-DB5A38,1.0,1.0,LIL4AL-MB5A38
4,LIL4AL-DB6A30,31.0,1000.0,SKD11022067
5,LIL4AL-DB6A30,1.0,1.0,SKD6G2225
6,LIL4AL-DB6A30,1.0,1.0,LIL4AL-MB6A30
4,LIL4AL-DB6A33,30.0,1000.0,SKD11022067
5,LIL4AL-DB6A33,1.0,1.0,SKD6G2224
6,LIL4AL-DB6A33,1.0,1.0,LIL4AL-MB6A33
4,LIL4AL-DB6A38,27.0,1000.0,SKD11022067
5,LIL4AL-DB6A38,1.0,1.0,SKD6G2222
6,LIL4AL-DB6A38,1.0,1.0,LIL4AL-MB6A38
4,LIL4AL-DB7A33,27.0,1000.0,SKD11022067
5,LIL4AL-DB7A33,1.0,1.0,SKD6G2222
6,LIL4AL-DB7A33,1.0,1.0,LIL4AL-MB7A33
4,LIL4AL-DB7A38,27.0,1000.0,SKD11022067
5,LIL4AL-DB7A38,1.0,1.0,SKD6G2222
6,LIL4AL-DB7A38,1.0,1.0,LIL4AL-MB7A38
4,LIL4AL-DB8A33,26.0,1000.0,SKD11022067
5,LIL4AL-DB8A33,1.0,1.0,SKD6G2220
6,LIL4AL-DB8A33,1.0,1.0,LIL4AL-MB8A33
4,LIL4AL-DB9A30,51.0,1000.0,SKD11022067
5,LIL4AL-DB9A30,1.0,1.0,SKD6G2242
6,LIL4AL-DB9A30,1.0,1.0,LIL4AL-MB9A30
4,LIL4AL-DB9A33,51.0,1000.0,SKD11022067
5,LIL4AL-DB9A33,1.0,1.0,SKD6G2242
6,LIL4AL-DB9A33,1.0,1.0,LIL4AL-MB9A33
4,LIL4AL-DB9A38,51.0,1000.0,SKD11022067
5,LIL4AL-DB9A38,1.0,1.0,SKD6G2242
6,LIL4AL-DB9A38,1.0,1.0,LIL4AL-MB9A38
4,LIL4AL-DC0A30,51.0,1000.0,SKD11022067
5,LIL4AL-DC0A30,1.0,1.0,SKD6G2242
6,LIL4AL-DC0A30,1.0,1.0,LIL4AL-MC0A30
4,LIL4AL-DC0A33,51.0,1000.0,SKD11022067
5,LIL4AL-DC0A33,1.0,1.0,SKD6G2242
6,LIL4AL-DC0A33,1.0,1.0,LIL4AL-MC0A33
4,LIL4AL-DC0A38,51.0,1000.0,SKD11022067
5,LIL4AL-DC0A38,1.0,1.0,SKD6G2242
6,LIL4AL-DC0A38,1.0,1.0,LIL4AL-MC0A38
4,LIL4AL-DC1A30,51.0,1000.0,SKD11022067
5,LIL4AL-DC1A30,1.0,1.0,SKD6G2242
6,LIL4AL-DC1A30,1.0,1.0,LIL4AL-MC1A30
4,LIL4AL-DC1A33,51.0,1000.0,SKD11022067
5,LIL4AL-DC1A33,1.0,1.0,SKD6G2242
6,LIL4AL-DC1A33,1.0,1.0,LIL4AL-MC1A33
4,LIL4AL-DC1A38,51.0,1000.0,SKD11022067
5,LIL4AL-DC1A38,1.0,1.0,SKD6G2242
6,LIL4AL-DC1A38,1.0,1.0,LIL4AL-MC1A38
4,LIL4AL-DC2A33,43.0,1000.0,SKD11022067
5,LIL4AL-DC2A33,1.0,1.0,SKD6G2235
6,LIL4AL-DC2A33,1.0,1.0,LIL4AL-MC2A33
4,LIL4AL-DF5AA33,104.0,1000.0,SKD11047067
5,LIL4AL-DF5AA33,1.0,1.0,SKD6G4740
6,LIL4AL-DF5AA33,1.0,1.0,LIL4AL-MF5AA33
4,LIL4AL-DF6AA33,43.0,1000.0,SKD11022067
5,LIL4AL-DF6AA33,1.0,1.0,SKD6G2235
6,LIL4AL-DF6AA33,1.0,1.0,LIL4AL-MF6AA33
4,LIL4AL-DX2AA33,51.0,1000.0,SKD11030055
5,LIL4AL-DX2AA33,1.0,1.0,SKD5E3032
6,LIL4AL-DX2AA33,1.0,1.0,LIL4AL-MX2AA33
4,LIL4AL-DY1D33,38.0,1000.0,SKD11025055
5,LIL4AL-DY1D33,1.0,1.0,SKD5E2532
6,LIL4AL-DY1D33,1.0,1.0,LIL4AL-MY1D33
4,LIL4AL-DY1L33,49.0,1000.0,SKD11030055
5,LIL4AL-DY1L33,1.0,1.0,SKD5E3031
6,LIL4AL-DY1L33,1.0,1.0,LIL4AL-MY1L33
4,LIL4AL-DY2A33,26.0,1000.0,SKD11022067
5,LIL4AL-DY2A33,1.0,1.0,SKD6G2220
6,LIL4AL-DY2A33,1.0,1.0,LIL4AL-MY2A33
4,LIL4AL-DY2A38,26.0,1000.0,SKD11022067
5,LIL4AL-DY2A38,1.0,1.0,SKD6G2220
6,LIL4AL-DY2A38,1.0,1.0,LIL4AL-MY2A38
4,LIL4AL-DY3A33,62.0,1000.0,SKD11025067
5,LIL4AL-DY3A33,1.0,1.0,SKD6G2545
6,LIL4AL-DY3A33,1.0,1.0,LIL4AL-MY3A33
4,LIL4AL-DY3A38,62.0,1000.0,SKD11025067
5,LIL4AL-DY3A38,1.0,1.0,SKD6G2545
6,LIL4AL-DY3A38,1.0,1.0,LIL4AL-MY3A38
4,LIL4AL-DY7A33,36.0,1000.0,SKD11025067
5,LIL4AL-DY7A33,1.0,1.0,SKD6G2526
6,LIL4AL-DY7A33,1.0,1.0,LIL4AL-MY7A33
5,LIL4AL-MB7A30,31.0,1000.0,SKD11022067
6,LIL4AL-MB7A30,1.0,1.0,SKD6G2225
5,LIL4AL-MB8A30,31.0,1000.0,SKD11022067
6,LIL4AL-MB8A30,1.0,1.0,SKD6G2225
5,LIL4AL-MC2A30,43.0,1000.0,SKD11022067
6,LIL4AL-MC2A30,1.0,1.0,SKD6G2235
5,LIL4AL-MC2A38,51.0,1000.0,SKD11022067
6,LIL4AL-MC2A38,1.0,1.0,SKD6G2242
5,LIL4AL-MD5A33,51.0,1000.0,SKD11022067
6,LIL4AL-MD5A33,1.0,1.0,SKD6G2242
5,LIL4AL-MD5A38,51.0,1000.0,SKD11022067
6,LIL4AL-MD5A38,1.0,1.0,SKD6G2242
5,LIL4AL-MD6A33,51.0,1000.0,SKD11022067
6,LIL4AL-MD6A33,1.0,1.0,SKD6G2242
5,LIL4AL-MF3BA33,27.0,1000.0,SKD11022067
6,LIL4AL-MF3BA33,1.0,1.0,SKD6G2222
5,LIL4AL-MF4BA33,27.0,1000.0,SKD11022067
6,LIL4AL-MF4BA33,1.0,1.0,SKD6G2222
5,LIL4AL-MH1AA38,24.0,1000.0,SKD11022067
6,LIL4AL-MH1AA38,1.0,1.0,SKD6G2218
5,LIL4AL-MH3AA38,33.0,1000.0,SKD11022067
6,LIL4AL-MH3AA38,1.0,1.0,SKD6G2227
5,LIL4AL-MH5AA38,51.0,1000.0,SKD11022067
6,LIL4AL-MH5AA38,1.0,1.0,SKD6G2242
5,LIL4AL-MH7AA38,51.0,1000.0,SKD11022067
6,LIL4AL-MH7AA38,1.0,1.0,SKD6G2242
5,LIL4AL-MR1AA38,38.0,1000.0,SKD11025055
6,LIL4AL-MR1AA38,1.0,1.0,SKD5E2532
5,LIL4AL-MR2AA38,26.0,1000.0,SKD11022067
6,LIL4AL-MR2AA38,1.0,1.0,SKD6G2220
5,LIL4AL-MR3AA38,62.0,1000.0,SKD11025067
6,LIL4AL-MR3AA38,1.0,1.0,SKD6G2545
5,LIL4AL-MX3AA33,62.0,1000.0,SKD11025067
6,LIL4AL-MX3AA33,1.0,1.0,SKD6G2545
5,LIL4-DC3B33,55.0,1000.0,SUJ3038068
6,LIL4-DC3B33,1.0,1.0,S6H3822
5,LIL4-DC4B33,55.0,1000.0,SUJ3038068
6,LIL4-DC4B33,1.0,1.0,S6H3822
5,LIL4-MB1,35.0,1000.0,SKD11022055
6,LIL4-MB1,1.0,1.0,SKD5E2235
5,LIL4-MB2,35.0,1000.0,SKD11022055
6,LIL4-MB2,1.0,1.0,SKD5E2235
5,LIL4-MC3B33,55.0,1000.0,SUJ3038068
6,LIL4-MC3B33,1.0,1.0,S6H3822
5,LIL4-MC4B33,55.0,1000.0,SUJ3038068
6,LIL4-MC4B33,1.0,1.0,S6H3822
5,LIL4-MC7R33,50.0,1000.0,SUJ3038056-44
6,LIL4-MC7R33,1.0,1.0,S5F3822
5,LIL4-MC8R33,50.0,1000.0,SUJ3038056-44
6,LIL4-MC8R33,1.0,1.0,S5F3822
5,LIL4-MY2,41.0,1000.0,SKD11015067
6,LIL4-MY2,1.0,1.0,SKD6G1535
4,LIL8AL-DB1A38,51.0,1000.0,SKD11025055
5,LIL8AL-DB1A38,1.0,1.0,SKD5E2545
6,LIL8AL-DB1A38,1.0,1.0,LIL8AL-MB1A38
4,LIL8AL-DB2A38,51.0,1000.0,SKD11025055
5,LIL8AL-DB2A38,1.0,1.0,SKD5E2545
6,LIL8AL-DB2A38,1.0,1.0,LIL8AL-MB2A38
4,LIL8AL-DB3A38,36.0,1000.0,SKD11025067
5,LIL8AL-DB3A38,1.0,1.0,SKD6G2526
6,LIL8AL-DB3A38,1.0,1.0,LIL8AL-MB3A38
4,LIL8AL-DB4A38,36.0,1000.0,SKD11025067
5,LIL8AL-DB4A38,1.0,1.0,SKD6G2526
6,LIL8AL-DB4A38,1.0,1.0,LIL8AL-MB4A38
4,LIL8AL-DY2A38,33.0,1000.0,SKD11022067
5,LIL8AL-DY2A38,1.0,1.0,SKD6G2227
6,LIL8AL-DY2A38,1.0,1.0,LIL8AL-MY2A38
4,LILNY2-DB1A30,27.0,1000.0,SKD11027067
5,LILNY2-DB1A30,1.0,1.0,SKD6G2718
6,LILNY2-DB1A30,1.0,1.0,LILNY2-MB1A30
4,LILNY2-DB1A33,27.0,1000.0,SKD11027067
5,LILNY2-DB1A33,1.0,1.0,SKD6G2718
6,LILNY2-DB1A33,1.0,1.0,LILNY2-MB1A33
4,LILNY2-DB2A30,62.0,1000.0,SKD11025067
5,LILNY2-DB2A30,1.0,1.0,SKD6G2545
6,LILNY2-DB2A30,1.0,1.0,LILNY2-MB2A30
4,LILNY2-DB2A33,49.0,1000.0,SKD11025067
5,LILNY2-DB2A33,1.0,1.0,SKD6G2535
6,LILNY2-DB2A33,1.0,1.0,LILNY2-MB2A33
4,LILNY2-DB3A30,83.0,1000.0,SKD11025067
5,LILNY2-DB3A30,1.0,1.0,SKD6G2560
6,LILNY2-DB3A30,1.0,1.0,LILNY2-MB3A30
4,LILNY2-DB3A33,69.0,1000.0,SKD11025067
5,LILNY2-DB3A33,1.0,1.0,SKD6G2550
6,LILNY2-DB3A33,1.0,1.0,LILNY2-MB3A33
4,LILNY2-DB4A30,77.0,1000.0,SKD11015067
5,LILNY2-DB4A30,1.0,1.0,SKD6G1593
6,LILNY2-DB4A30,1.0,1.0,LILNY2-MB4A30
4,LILNY2-DB4B30,58.0,1000.0,SKD11015067
5,LILNY2-DB4B30,1.0,1.0,SKD6G1552
6,LILNY2-DB4B30,1.0,1.0,LILNY2-MB4B30
4,LILNY2-DY1AB33,33.0,1000.0,SKD11030055
5,LILNY2-DY1AB33,1.0,1.0,SKD5E3024
6,LILNY2-DY1AB33,1.0,1.0,LILNY2-MY1AB33
4,LILNY2-DY2A30,53.0,1000.0,SKD11025067
5,LILNY2-DY2A30,1.0,1.0,SKD6G2538
6,LILNY2-DY2A30,1.0,1.0,LILNY2-MY2A30
4,LILNY2-DY2A33,42.0,1000.0,SKD11025067
5,LILNY2-DY2A33,1.0,1.0,SKD6G2530
6,LILNY2-DY2A33,1.0,1.0,LILNY2-MY2A33
4,LILNY2-DY3A30,90.0,1000.0,SKD11025067
5,LILNY2-DY3A30,1.0,1.0,SKD6G2565
6,LILNY2-DY3A30,1.0,1.0,LILNY2-MY3A30
4,LILNY2-DY6A30,54.0,1000.0,SKD11015067
5,LILNY2-DY6A30,1.0,1.0,SKD6G1565
6,LILNY2-DY6A30,1.0,1.0,LILNY2-MY6A30
4,LILNY2-DY6A33,58.0,1000.0,SKD11015067
5,LILNY2-DY6A33,1.0,1.0,SKD6G1552
6,LILNY2-DY6A33,1.0,1.0,LILNY2-MY6A33
5,LILNY2-MB3AA30,83.0,1000.0,SKD11025067
6,LILNY2-MB3AA30,1.0,1.0,SKD6G2560
5,LILNY2-MY2AB30,62.0,1000.0,SKD11025067
6,LILNY2-MY2AB30,1.0,1.0,SKD6G2545
5,LILNY2-MY3A33,75.0,1000.0,SKD11025067
6,LILNY2-MY3A33,1.0,1.0,SKD6G2554
5,LILNY2-MY3BA30,90.0,1000.0,SKD11025067
6,LILNY2-MY3BA30,1.0,1.0,SKD6G2565
5,LILNY2-MY7A,75.0,1000.0,SUJ3038068
6,LILNY2-MY7A,1.0,1.0,S6H3828
6,LILNY-DA6B,1.0,1.0,G3Z2060
5,LILNYM-DB2AA30,80.0,1000.0,SUJ3032068
6,LILNYM-DB2AA30,1.0,1.0,S6H3245
5,LILNYM-DB3AA30,100.0,1000.0,SUJ3032068
6,LILNYM-DB3AA30,1.0,1.0,S6H3255
5,LILNYM-DY3AA30,100.0,1000.0,SUJ3032068
6,LILNYM-DY3AA30,1.0,1.0,S6H3255
5,LILNYM-DY4AA30,100.0,1000.0,SUJ3032068
6,LILNYM-DY4AA30,1.0,1.0,S6H3255
6,LIM-DA9BA36,1.0,1.0,G3Z2080
4,LIM-DB1P,65.0,1000.0,SUJ3038068
5,LIM-DB1P,1.0,1.0,S6H2830P
6,LIM-DB1P,1.0,1.0,LIM-MB1P
4,LIM-DB2,38.0,1000.0,SKD11025067
5,LIM-DB2,1.0,1.0,SKD6G2527
6,LIM-DB2,1.0,1.0,LIM-MB2
4,LIM-DB3AB,28.0,1000.0,SKD11025067
5,LIM-DB3AB,1.0,1.0,SKD6G2520
6,LIM-DB3AB,1.0,1.0,LIM-MB3AB
4,LIM-DB3AB33,28.0,1000.0,SKD11025067
5,LIM-DB3AB33,1.0,1.0,SKD6G2520
6,LIM-DB3AB33,1.0,1.0,LIM-MB3AB33
4,LIM-DB3BA34,28.0,1000.0,SKD11025067
5,LIM-DB3BA34,1.0,1.0,SKD6G2520
6,LIM-DB3BA34,1.0,1.0,LIM-MB3BA34
4,LIM-DB3BA36,28.0,1000.0,SKD11025067
5,LIM-DB3BA36,1.0,1.0,SKD6G2520
6,LIM-DB3BA36,1.0,1.0,LIM-MB3BA36
4,LIM-DB3BA38,28.0,1000.0,SKD11025067
5,LIM-DB3BA38,1.0,1.0,SKD6G2520
6,LIM-DB3BA38,1.0,1.0,LIM-MB3BA38
4,LIM-DB3P,28.0,1000.0,SKD11025067
5,LIM-DB3P,1.0,1.0,SKD6G2520
6,LIM-DB3P,1.0,1.0,LIM-MB3P
4,LIM-DB3PD33,29.0,1000.0,SKD11025067
5,LIM-DB3PD33,1.0,1.0,SKD6G2521
6,LIM-DB3PD33,1.0,1.0,LIM-MB3PD33
4,LIM-DB4AB,28.0,1000.0,SKD11025067
5,LIM-DB4AB,1.0,1.0,SKD6G2520
6,LIM-DB4AB,1.0,1.0,LIM-MB4AB
4,LIM-DB4AB33,28.0,1000.0,SKD11025067
5,LIM-DB4AB33,1.0,1.0,SKD6G2520
6,LIM-DB4AB33,1.0,1.0,LIM-MB4AB33
4,LIM-DB4BA34,28.0,1000.0,SKD11025067
5,LIM-DB4BA34,1.0,1.0,SKD6G2520
6,LIM-DB4BA34,1.0,1.0,LIM-MB4BA34
4,LIM-DB4BA36,28.0,1000.0,SKD11025067
5,LIM-DB4BA36,1.0,1.0,SKD6G2520
6,LIM-DB4BA36,1.0,1.0,LIM-MB4BA36
4,LIM-DB4BA38,28.0,1000.0,SKD11025067
5,LIM-DB4BA38,1.0,1.0,SKD6G2520
6,LIM-DB4BA38,1.0,1.0,LIM-MB4BA38
4,LIM-DB4P,28.0,1000.0,SKD11025067
5,LIM-DB4P,1.0,1.0,SKD6G2520
6,LIM-DB4P,1.0,1.0,LIM-MB4P
4,LIM-DB4PD33,28.0,1000.0,SKD11025067
5,LIM-DB4PD33,1.0,1.0,SKD6G2520
6,LIM-DB4PD33,1.0,1.0,LIM-MB4PD33
4,LIM-DB5AB,45.0,1000.0,SKD11030070
5,LIM-DB5AB,1.0,1.0,SKD7Z3026
6,LIM-DB5AB,1.0,1.0,LIM-MB5AB
4,LIM-DB5AB33,45.0,1000.0,SKD11030070
5,LIM-DB5AB33,1.0,1.0,SKD7Z3026
6,LIM-DB5AB33,1.0,1.0,LIM-MB5AB33
4,LIM-DB5HS33,35.0,1000.0,SKD11025067
5,LIM-DB5HS33,1.0,1.0,SKD6G2525
6,LIM-DB5HS33,1.0,1.0,LIM-MB5HS33
4,LIM-DB5P,36.0,1000.0,SKD11025067
5,LIM-DB5P,1.0,1.0,SKD6G2526
6,LIM-DB5P,1.0,1.0,LIM-MB5P
5,LIM-DB5PA33,45.0,1000.0,SKD11030070
6,LIM-DB5PA33,1.0,1.0,SKD7Z3026
4,LIM-DB5PD,35.0,1000.0,SKD11025067
5,LIM-DB5PD,1.0,1.0,SKD6G2525
6,LIM-DB5PD,1.0,1.0,LIM-MB5PD
4,LIM-DB6AB33,45.0,1000.0,SKD11030070
5,LIM-DB6AB33,1.0,1.0,SKD7Z3026
6,LIM-DB6AB33,1.0,1.0,LIM-MB6AB33
4,LIM-DB6BA36,36.0,1000.0,SKD11025067
5,LIM-DB6BA36,1.0,1.0,SKD6G2526
6,LIM-DB6BA36,1.0,1.0,LIM-MB6BA36
4,LIM-DB6HS33,35.0,1000.0,SKD11025067
5,LIM-DB6HS33,1.0,1.0,SKD6G2525
6,LIM-DB6HS33,1.0,1.0,LIM-MB6HS33
4,LIM-DB6P,36.0,1000.0,SKD11025067
5,LIM-DB6P,1.0,1.0,SKD6G2526
6,LIM-DB6P,1.0,1.0,LIM-MB6P
5,LIM-DB6PA33,45.0,1000.0,SKD11030070
6,LIM-DB6PA33,1.0,1.0,SKD7Z3026
4,LIM-DB7AB,132.0,1000.0,SKD11075067
5,LIM-DB7AB,1.0,1.0,SKD6G7532
6,LIM-DB7AB,1.0,1.0,LIM-MB7AB
4,LIM-DB7AC33,132.0,1000.0,SKD11075067
5,LIM-DB7AC33,1.0,1.0,SKD6G7532
6,LIM-DB7AC33,1.0,1.0,LIM-MB7AC33
4,LIM-DB7AP,106.0,1000.0,SKD11035067
5,LIM-DB7AP,1.0,1.0,SKD6G3555
6,LIM-DB7AP,1.0,1.0,LIM-MB7AP
4,LIM-DB7PB,100.0,1000.0,SUJ3032068
5,LIM-DB7PB,1.0,1.0,S6H3255
6,LIM-DB7PB,1.0,1.0,LIM-MB7PB
4,LIM-DB8AB,67.0,1000.0,SKD11050067
5,LIM-DB8AB,1.0,1.0,SKD6G5025
6,LIM-DB8AB,1.0,1.0,LIM-MB8AB
4,LIM-DB8AB33,67.0,1000.0,SKD11050067
5,LIM-DB8AB33,1.0,1.0,SKD6G5025
6,LIM-DB8AB33,1.0,1.0,LIM-MB8AB33
4,LIM-DB8P,61.0,1000.0,SKD11022067
5,LIM-DB8P,1.0,1.0,SKD6G2250
6,LIM-DB8P,1.0,1.0,LIM-MB8P
4,LIM-DB8P33,67.0,1000.0,SKD11050067
5,LIM-DB8P33,1.0,1.0,SKD6G5025
6,LIM-DB8P33,1.0,1.0,LIM-MB8P33
4,LIM-DC1AB,43.0,1000.0,SKD11025067
5,LIM-DC1AB,1.0,1.0,SKD6G2531
6,LIM-DC1AB,1.0,1.0,LIM-MC1AB
4,LIM-DC1AC,43.0,1000.0,SKD11025067
5,LIM-DC1AC,1.0,1.0,SKD6G2531
6,LIM-DC1AC,1.0,1.0,LIM-MC1AC
4,LIM-DC1BA36,49.0,1000.0,SKD11030055
5,LIM-DC1BA36,1.0,1.0,SKD5E3031
6,LIM-DC1BA36,1.0,1.0,LIM-MC1BA36
4,LIM-DC2AB,43.0,1000.0,SKD11025067
5,LIM-DC2AB,1.0,1.0,SKD6G2531
6,LIM-DC2AB,1.0,1.0,LIM-MC2AB
4,LIM-DC2BA36,49.0,1000.0,SKD11030055
5,LIM-DC2BA36,1.0,1.0,SKD5E3031
6,LIM-DC2BA36,1.0,1.0,LIM-MC2BA36
4,LIM-DC3AB33,106.0,1000.0,SKD11035067
5,LIM-DC3AB33,1.0,1.0,SKD6G3555
6,LIM-DC3AB33,1.0,1.0,LIM-MC3AB33
4,LIM-DC4AB33,106.0,1000.0,SKD11035067
5,LIM-DC4AB33,1.0,1.0,SKD6G3555
6,LIM-DC4AB33,1.0,1.0,LIM-MC4AB33
4,LIM-DC7MB,87.0,1000.0,SKD11035067
5,LIM-DC7MB,1.0,1.0,SKD6G3545
6,LIM-DC7MB,1.0,1.0,LIM-MC7MB
4,LIM-DC8MB,87.0,1000.0,SKD11035067
5,LIM-DC8MB,1.0,1.0,SKD6G3545
6,LIM-DC8MB,1.0,1.0,LIM-MC8MB
4,LIM-DY2BA34,39.0,1000.0,SKD11029082
5,LIM-DY2BA34,1.0,1.0,SKD8B2920
6,LIM-DY2BA34,1.0,1.0,LIM-MY2BA34
4,LIM-DY2BA36,39.0,1000.0,SKD11029082
5,LIM-DY2BA36,1.0,1.0,SKD8B2920
6,LIM-DY2BA36,1.0,1.0,LIM-MY2BA36
4,LIM-DY2P,28.0,1000.0,SKD11025067
5,LIM-DY2P,1.0,1.0,SKD6G2520
6,LIM-DY2P,1.0,1.0,LIM-MY2P
4,LIM-DY4BA36,49.0,1000.0,SKD11029082
5,LIM-DY4BA36,1.0,1.0,SKD8B2925
6,LIM-DY4BA36,1.0,1.0,LIM-MY4BA36
5,LIM-DY4HC33,45.0,1000.0,SKD11030070
6,LIM-DY4HC33,1.0,1.0,SKD7Z3026
4,LIM-DY4HS,39.0,1000.0,SKD11027067
5,LIM-DY4HS,1.0,1.0,SKD6G2726
6,LIM-DY4HS,1.0,1.0,LIM-MY4HS
4,LIM-DY4P,45.0,1000.0,SKD11030070
5,LIM-DY4P,1.0,1.0,SKD7Z3026
6,LIM-DY4P,1.0,1.0,LIM-MY4P
4,LIM-DY5PS33,45.0,1000.0,SKD11030070
5,LIM-DY5PS33,1.0,1.0,SKD7Z3026
6,LIM-DY5PS33,1.0,1.0,LIM-MY5PS33
4,LIM-DY6AB33,132.0,1000.0,SKD11075067
5,LIM-DY6AB33,1.0,1.0,SKD6G7532
6,LIM-DY6AB33,1.0,1.0,LIM-MY6AB33
4,LIM-DY6BA36,52.0,1000.0,SKD11035067
5,LIM-DY6BA36,1.0,1.0,SKD6G3527
6,LIM-DY6BA36,1.0,1.0,LIM-MY6BA36
4,LIM-DY7P,100.0,1000.0,SKD11075067
5,LIM-DY7P,1.0,1.0,SKD6G7525
6,LIM-DY7P,1.0,1.0,LIM-MY7P
3,LIM-DY8HS,43.0,1000.0,SKD11025067
4,LIM-DY8HS,1.0,1.0,SKD6G2531
5,LIM-DY8HS,1.0,1.0,LIM-MY1
6,LIM-DY8HS,1.0,1.0,LIM-DY1
4,LIM-DY8PD,68.0,1000.0,SKD11035067
5,LIM-DY8PD,1.0,1.0,SKD6G3535
6,LIM-DY8PD,1.0,1.0,LIM-MY8PD
4,LIM-DY9P,53.0,1000.0,SKD11025067
5,LIM-DY9P,1.0,1.0,SKD6G2538
6,LIM-DY9P,1.0,1.0,LIM-MY9P
5,LIM-MB3PCA33,33.0,1000.0,SKD11025067
6,LIM-MB3PCA33,1.0,1.0,SKD6G2524
5,LIM-MB4PCA33,32.0,1000.0,SKD11025067
6,LIM-MB4PCA33,1.0,1.0,SKD6G2523
5,LIM-MB5BA34,36.0,1000.0,SKD11025067
6,LIM-MB5BA34,1.0,1.0,SKD6G2526
5,LIM-MB5BA38,33.0,1000.0,SKD11025067
6,LIM-MB5BA38,1.0,1.0,SKD6G2524
5,LIM-MB5HS,35.0,1000.0,SKD11025067
6,LIM-MB5HS,1.0,1.0,SKD6G2525
5,LIM-MB6BA38,33.0,1000.0,SKD11025067
6,LIM-MB6BA38,1.0,1.0,SKD6G2524
5,LIM-MB6HS,32.0,1000.0,SKD11025067
6,LIM-MB6HS,1.0,1.0,SKD6G2523
5,LIM-MC3AB,106.0,1000.0,SKD11035067
6,LIM-MC3AB,1.0,1.0,SKD6G3555
5,LIM-MC3P,106.0,1000.0,SKD11035067
6,LIM-MC3P,1.0,1.0,SKD6G3555
5,LIM-MC4AB,106.0,1000.0,SKD11035067
6,LIM-MC4AB,1.0,1.0,SKD6G3555
5,LIM-MC4P,106.0,1000.0,SKD11035067
6,LIM-MC4P,1.0,1.0,SKD6G3555
5,LIM-MC7M,62.0,1000.0,SKD11025067
6,LIM-MC7M,1.0,1.0,SKD6G2545
5,LIM-MC7M33,66.0,1000.0,SKD11025067
6,LIM-MC7M33,1.0,1.0,SKD6G2548
5,LIM-MC7MB33,69.0,1000.0,SKD11025067
6,LIM-MC7MB33,1.0,1.0,SKD6G2550
5,LIM-MC8M,62.0,1000.0,SKD11025067
6,LIM-MC8M,1.0,1.0,SKD6G2545
5,LIM-MC8MB33,62.0,1000.0,SKD11025067
6,LIM-MC8MB33,1.0,1.0,SKD6G2545
5,LIM-MX2M,62.0,1000.0,SKD11025067
6,LIM-MX2M,1.0,1.0,SKD6G2545
5,LIM-MY2P33,35.0,1000.0,SKD11027067
6,LIM-MY2P33,1.0,1.0,SKD6G2723
5,LIM-MY2P-XDF-TEMP,28.0,1000.0,SKD11025067
6,LIM-MY2P-XDF-TEMP,1.0,1.0,SKD6G2520
5,LIM-MY4BA34,49.0,1000.0,SKD11029082
6,LIM-MY4BA34,1.0,1.0,SKD8B2925
5,LIM-MY4P33,45.0,1000.0,SKD11030070
6,LIM-MY4P33,1.0,1.0,SKD7Z3026
5,LIM-MY5PS,39.0,1000.0,SKD11027067
6,LIM-MY5PS,1.0,1.0,SKD6G2726
5,LIM-MY6PB,132.0,1000.0,SKD11075067
6,LIM-MY6PB,1.0,1.0,SKD6G7532
4,LP-DF1AA30,38.0,1000.0,SKD11025055
5,LP-DF1AA30,1.0,1.0,SKD5E2532
6,LP-DF1AA30,1.0,1.0,L8AL-MC1
4,LP-DF2AA30,38.0,1000.0,SKD11025055
5,LP-DF2AA30,1.0,1.0,SKD5E2532
6,LP-DF2AA30,1.0,1.0,L8AL-MC2
4,LP-DT1AA30,41.0,1000.0,SKD11025055
5,LP-DT1AA30,1.0,1.0,SKD5E2535
6,LP-DT1AA30,1.0,1.0,LP-MT1AA30
4,LP-DT2AA30,41.0,1000.0,SKD11025055
5,LP-DT2AA30,1.0,1.0,SKD5E2535
6,LP-DT2AA30,1.0,1.0,LP-MT1AA30
4,LP-DT3AA30,43.0,1000.0,SKD11022067
5,LP-DT3AA30,1.0,1.0,SKD6G2235
6,LP-DT3AA30,1.0,1.0,L8AL-MX2AB30
5,LPJ2-MY1A30,54.0,1000.0,SKD11027067
6,LPJ2-MY1A30,1.0,1.0,SKD6G2737
4,LPJ3A-DB4A33,54.0,1000.0,SKD11015067
5,LPJ3A-DB4A33,1.0,1.0,SKD6G1565
6,LPJ3A-DB4A33,1.0,1.0,LPJ3A-MB4A33
4,LPJ3A-DC1AA30,19.0,1000.0,SKD11035065
5,LPJ3A-DC1AA30,1.0,1.0,SKD6E3515
6,LPJ3A-DC1AA30,1.0,1.0,LPJ3A-MC1AA30
4,LPJ3A-DC2AA30,35.0,1000.0,SKD11027067
5,LPJ3A-DC2AA30,1.0,1.0,SKD6G2723
6,LPJ3A-DC2AA30,1.0,1.0,LPJ3A-MC2AA30
4,LPJ3A-DH1AA33,30.0,1000.0,SKD11033065
5,LPJ3A-DH1AA33,1.0,1.0,SKD6E3317
6,LPJ3A-DH1AA33,1.0,1.0,LPJ3A-MH1AA33
4,LPJ3A-DR1LA30,21.0,1000.0,SKD11025067
5,LPJ3A-DR1LA30,1.0,1.0,SKD6G2515
6,LPJ3A-DR1LA30,1.0,1.0,LPJ3A-MR1LA30
4,LPJ3A-DR1LB30,28.0,1000.0,SKD11025067
5,LPJ3A-DR1LB30,1.0,1.0,SKD6G2520
6,LPJ3A-DR1LB30,1.0,1.0,LPJ3A-MR1LB30
4,LPJ3A-DR2AA33,39.0,1000.0,SKD11027067
5,LPJ3A-DR2AA33,1.0,1.0,SKD6G2726
6,LPJ3A-DR2AA33,1.0,1.0,LPJ3A-MR2AA33
4,LPJ3A-DR3AA33,67.0,1000.0,SKD11027067
5,LPJ3A-DR3AA33,1.0,1.0,SKD6G2745
6,LPJ3A-DR3AA33,1.0,1.0,LPJ3A-MR3AA33
4,LPJ3A-DR4AA33,69.0,1000.0,SKD11030070
5,LPJ3A-DR4AA33,1.0,1.0,SKD7Z3040
6,LPJ3A-DR4AA33,1.0,1.0,LPJ3A-MR4AA33
4,LPJ3A-DS5BA33,97.0,1000.0,SKD11022067
5,LPJ3A-DS5BA33,1.0,1.0,SKD6G2280
6,LPJ3A-DS5BA33,1.0,1.0,LPJ3A-MS5BA33
4,LPJ3A-DV1A30,97.0,1000.0,SKD11022067
5,LPJ3A-DV1A30,1.0,1.0,SKD6G2280
6,LPJ3A-DV1A30,1.0,1.0,LPJ3A-MV1A30
4,LPJ3A-DV1A33,103.0,1000.0,SKD11022067
5,LPJ3A-DV1A33,1.0,1.0,SKD6G2285
6,LPJ3A-DV1A33,1.0,1.0,LPJ3A-MV1A33
4,LPJ3A-DY1AA30,27.0,1000.0,SKD11025067
5,LPJ3A-DY1AA30,1.0,1.0,SKD6G2519
6,LPJ3A-DY1AA30,1.0,1.0,LPJ3A-MY1AA30
4,LPJ3A-DY1AB30,28.0,1000.0,SKD11025067
5,LPJ3A-DY1AB30,1.0,1.0,SKD6G2520
6,LPJ3A-DY1AB30,1.0,1.0,LPJ3A-MY1AB30
4,LPJ3A-DY2AA30,47.0,1000.0,SKD11030070
5,LPJ3A-DY2AA30,1.0,1.0,SKD7Z3027
6,LPJ3A-DY2AA30,1.0,1.0,LPJ3A-MY2AA30
4,LPJ3A-DY3AA30,69.0,1000.0,SKD11030070
5,LPJ3A-DY3AA30,1.0,1.0,SKD7Z3040
6,LPJ3A-DY3AA30,1.0,1.0,LPJ3A-MY3AA30
4,LPJ3A-DY4AA30,69.0,1000.0,SKD11030070
5,LPJ3A-DY4AA30,1.0,1.0,SKD7Z3040
6,LPJ3A-DY4AA30,1.0,1.0,LPJ3A-MY4AA30
5,LPJ3A-MB2D30,53.0,1000.0,SKD11025067
6,LPJ3A-MB2D30,1.0,1.0,SKD6G2538
5,LPJ3A-MB4B30,41.0,1000.0,SKD11015067
6,LPJ3A-MB4B30,1.0,1.0,SKD6G1535
5,LPJ3A-MC3A30,49.0,1000.0,SKD11025067
6,LPJ3A-MC3A30,1.0,1.0,SKD6G2535
5,LPJ3A-MR6AA30,77.0,1000.0,SKD11035067
6,LPJ3A-MR6AA30,1.0,1.0,SKD6G3540
5,LPJ3A-MV2A30,61.0,1000.0,SKD11022067
6,LPJ3A-MV2A30,1.0,1.0,SKD6G2250
4,LPJ3B-DB1AA30,27.0,1000.0,SKD11025067
5,LPJ3B-DB1AA30,1.0,1.0,SKD6G2519
6,LPJ3B-DB1AA30,1.0,1.0,LPJ3B-MB1AA30
4,LPJ3B-DB1AA33,28.0,1000.0,SKD11025067
5,LPJ3B-DB1AA33,1.0,1.0,SKD6G2520
6,LPJ3B-DB1AA33,1.0,1.0,LPJ3B-MB1AA33
4,LPJ3B-DC1AA30,33.0,1000.0,SKD11025067
5,LPJ3B-DC1AA30,1.0,1.0,SKD6G2524
6,LPJ3B-DC1AA30,1.0,1.0,LPJ3B-MC1AA30
4,LPJ3B-DC2AA30,62.0,1000.0,SKD11015067
5,LPJ3B-DC2AA30,1.0,1.0,SKD6G1556
6,LPJ3B-DC2AA30,1.0,1.0,LPJ3B-MC2AA30
4,LPJ3B-DC2AA33,54.0,1000.0,SKD11015067
5,LPJ3B-DC2AA33,1.0,1.0,SKD6G1565
6,LPJ3B-DC2AA33,1.0,1.0,LPJ3B-MC2AA33
4,LPJ3B-DC2AA34,54.0,1000.0,SKD11015067
5,LPJ3B-DC2AA34,1.0,1.0,SKD6G1565
6,LPJ3B-DC2AA34,1.0,1.0,LPJ3B-MC2AA34
4,LPJ3B-DC2AA38,62.0,1000.0,SKD11015067
5,LPJ3B-DC2AA38,1.0,1.0,SKD6G1556
6,LPJ3B-DC2AA38,1.0,1.0,LPJ3B-MC2AA38
4,LPJ3B-DC3AA30,26.0,1000.0,SKD11022067
5,LPJ3B-DC3AA30,1.0,1.0,SKD6G2220
6,LPJ3B-DC3AA30,1.0,1.0,LPJ3B-MC3AA30
4,LPJ3B-DR1AA33,28.0,1000.0,SKD11025067
5,LPJ3B-DR1AA33,1.0,1.0,SKD6G2520
6,LPJ3B-DR1AA33,1.0,1.0,LPJ3B-MR1AA33
4,LPJ3B-DR2AA33,35.0,1000.0,SKD11030070
5,LPJ3B-DR2AA33,1.0,1.0,SKD7Z3020
6,LPJ3B-DR2AA33,1.0,1.0,LPJ3B-MR2AA33
4,LPJ3B-DR2AA34,39.0,1000.0,SKD11027067
5,LPJ3B-DR2AA34,1.0,1.0,SKD6G2726
6,LPJ3B-DR2AA34,1.0,1.0,LPJ3B-MR2AA34
4,LPJ3B-DY3AA33,67.0,1000.0,SKD11027067
5,LPJ3B-DY3AA33,1.0,1.0,SKD6G2745
6,LPJ3B-DY3AA33,1.0,1.0,LPJ3B-MY3AA33
4,LPJ3B-DY3AA34,67.0,1000.0,SKD11027067
5,LPJ3B-DY3AA34,1.0,1.0,SKD6G2745
6,LPJ3B-DY3AA34,1.0,1.0,LPJ3B-MY3AA34
4,LPJ3B-DY4AA33,66.0,1000.0,SKD11030070
5,LPJ3B-DY4AA33,1.0,1.0,SKD7Z3038
6,LPJ3B-DY4AA33,1.0,1.0,LPJ3B-MY4AA33
4,LPJ3B-DY4AA34,66.0,1000.0,SKD11030070
5,LPJ3B-DY4AA34,1.0,1.0,SKD7Z3038
6,LPJ3B-DY4AA34,1.0,1.0,LPJ3B-MY4AA34
4,LPJ3B-DY6AA30,39.0,1000.0,SKD11027067
5,LPJ3B-DY6AA30,1.0,1.0,SKD6G2726
6,LPJ3B-DY6AA30,1.0,1.0,LPJ3B-MY6AA30
4,LPJ3B-DY7AA30,39.0,1000.0,SKD11027067
5,LPJ3B-DY7AA30,1.0,1.0,SKD6G2726
6,LPJ3B-DY7AA30,1.0,1.0,LPJ3B-MY7AA30
4,LPJ3B-DY8AA30,52.0,1000.0,SKD11035067
5,LPJ3B-DY8AA30,1.0,1.0,SKD6G3527
6,LPJ3B-DY8AA30,1.0,1.0,LPJ3B-MY8AA30
4,LPJ3B-DZ5AA30,41.0,1000.0,SKD11012050
5,LPJ3B-DZ5AA30,1.0,1.0,SKD5Z1270
6,LPJ3B-DZ5AA30,1.0,1.0,LPJ3B-MZ5AA30
4,LPJ3B-DZ5AA34,44.0,1000.0,SKD11012050
5,LPJ3B-DZ5AA34,1.0,1.0,SKD5Z1275
6,LPJ3B-DZ5AA34,1.0,1.0,LPJ3B-MZ5AA34
5,LPJ3B-MB2AA30,45.0,1000.0,SKD11030070
6,LPJ3B-MB2AA30,1.0,1.0,SKD7Z3026
5,LPJ3B-MB2AA30-MITU,45.0,1000.0,SKD11030070
6,LPJ3B-MB2AA30-MITU,1.0,1.0,SKD7Z3026
5,LPJ3B-MB2AA33,47.0,1000.0,SKD11030070
6,LPJ3B-MB2AA33,1.0,1.0,SKD7Z3027
5,LPJ3B-MB2AA34,52.0,1000.0,SKD11030070
6,LPJ3B-MB2AA34,1.0,1.0,SKD7Z3030
5,LPJ3B-MB2AA38,45.0,1000.0,SKD11030070
6,LPJ3B-MB2AA38,1.0,1.0,SKD7Z3026
6,LPJ3B-MC2AA30-SPOT,92.0,1000.0,SKD11022067
5,LPJ3B-MR2A33,35.0,1000.0,SKD11030070
6,LPJ3B-MR2A33,1.0,1.0,SKD7Z3020
5,LPJ3B-MR2AA38,39.0,1000.0,SKD11027067
6,LPJ3B-MR2AA38,1.0,1.0,SKD6G2726
5,LPJ3B-MR2AA42,44.0,1000.0,SKD11033065
6,LPJ3B-MR2AA42,1.0,1.0,SKD6E3325
5,LPJ3B-MR3AA42,87.0,1000.0,SKD11035065
6,LPJ3B-MR3AA42,1.0,1.0,SKD6E3540
5,LPJ3B-MX2AA42,60.0,1000.0,SKD11033065
6,LPJ3B-MX2AA42,1.0,1.0,SKD6E3330
5,LPJ3B-MY3AA38,53.0,1000.0,SKD11025067
6,LPJ3B-MY3AA38,1.0,1.0,SKD6G2538
5,LPJ3B-MY3AA42,71.0,1000.0,SKD11033065
6,LPJ3B-MY3AA42,1.0,1.0,SKD6E3340
5,LPJ3B-MY4AA42,71.0,1000.0,SKD11033065
6,LPJ3B-MY4AA42,1.0,1.0,SKD6E3340
5,LPJ3B-MY4BA38,54.0,1000.0,SKD11027067
6,LPJ3B-MY4BA38,1.0,1.0,SKD6G2737
5,LPJ3B-MY6AA38,94.0,1000.0,SKD11035065
6,LPJ3B-MY6AA38,1.0,1.0,SKD6E3550
5,LPJ3B-MY7AB38,117.0,1000.0,SKD11035065
6,LPJ3B-MY7AB38,1.0,1.0,SKD6E3560
5,LPJ3B-MY8AA38,94.0,1000.0,SKD11035065
6,LPJ3B-MY8AA38,1.0,1.0,SKD6E3550
5,LPJ3B-MZ5AA33,44.0,1000.0,SKD11012050
6,LPJ3B-MZ5AA33,1.0,1.0,SKD5Z1275
5,LPJ3B-MZ5AA38,44.0,1000.0,SKD11012050
6,LPJ3B-MZ5AA38,1.0,1.0,SKD5Z1275
6,LPJ3B-MZ5AA38-SPOT,92.0,1000.0,SKD11022067
5,LPJ3B-MZ5AA42,44.0,1000.0,SKD11012050
6,LPJ3B-MZ5AA42,1.0,1.0,SKD5Z1275
5,LPJ3B-MZ5BA38,26.0,1000.0,SKD11012050
6,LPJ3B-MZ5BA38,1.0,1.0,SKD5Z1252
5,LPJ3B-MZ5CA30,16.0,1000.0,SKD11012050
6,LPJ3B-MZ5CA30,1.0,1.0,SKD5Z1232
6,LPJ3-DA6A33,1.0,1.0,G3Z2080
6,LPJ3-DA6B33,1.0,1.0,G3Z2045
4,LPJ3-DB4A33,54.0,1000.0,SKD11015067
5,LPJ3-DB4A33,1.0,1.0,SKD6G1565
6,LPJ3-DB4A33,1.0,1.0,LPJ3-MB4A33
4,LPJ3-DC1A33,30.0,1000.0,SKD11027067
5,LPJ3-DC1A33,1.0,1.0,SKD6G2720
6,LPJ3-DC1A33,1.0,1.0,LPJ3-MC1A33
4,LPJ3-DC2A33,39.0,1000.0,SKD11027067
5,LPJ3-DC2A33,1.0,1.0,SKD6G2726
6,LPJ3-DC2A33,1.0,1.0,LPJ3-MC2A33
4,LPJ3-DY1A33,78.0,1000.0,SKD11030070
5,LPJ3-DY1A33,1.0,1.0,SKD7Z3045
6,LPJ3-DY1A33,1.0,1.0,LPJ3-MY1A33
4,LPJ3-DY2A33,67.0,1000.0,SKD11027067
5,LPJ3-DY2A33,1.0,1.0,SKD6G2745
6,LPJ3-DY2A33,1.0,1.0,LPJ3-MY2A33
4,LPJ3-DY3A33,67.0,1000.0,SKD11027067
5,LPJ3-DY3A33,1.0,1.0,SKD6G2745
6,LPJ3-DY3A33,1.0,1.0,LPJ3-MY3A33
5,LPJ3EP-MB1AA33,28.0,1000.0,SKD11025067
6,LPJ3EP-MB1AA33,1.0,1.0,SKD6G2520
5,LPJ3-MR2AA38,39.0,1000.0,SKD11027067
6,LPJ3-MR2AA38,1.0,1.0,SKD6G2726
4,LPJ4B-DC2AA33,54.0,1000.0,SKD11015067
5,LPJ4B-DC2AA33,1.0,1.0,SKD6G1565
6,LPJ4B-DC2AA33,1.0,1.0,LPJ4B-MC2AA33
4,LPJ4B-DC2AA36,58.0,1000.0,SKD11015067
5,LPJ4B-DC2AA36,1.0,1.0,SKD6G1570
6,LPJ4B-DC2AA36,1.0,1.0,LPJ4B-MC2AA36
4,LPJ4B-DC2AA38,54.0,1000.0,SKD11015067
5,LPJ4B-DC2AA38,1.0,1.0,SKD6G1565
6,LPJ4B-DC2AA38,1.0,1.0,LPJ4B-MC2AA38
4,LPJ4B-DY2AA36,41.0,1000.0,SKD11027067
5,LPJ4B-DY2AA36,1.0,1.0,SKD6G2727
6,LPJ4B-DY2AA36,1.0,1.0,LPJ4B-MY2AA36
4,LPJ4B-DY3AA36,79.0,1000.0,SKD11027067
5,LPJ4B-DY3AA36,1.0,1.0,SKD6G2753
6,LPJ4B-DY3AA36,1.0,1.0,LPJ4B-MY3AA36
4,LPJ4B-DY3AA38,67.0,1000.0,SKD11027067
5,LPJ4B-DY3AA38,1.0,1.0,SKD6G2745
6,LPJ4B-DY3AA38,1.0,1.0,LPJ4B-MY3AA38
4,LPJ4B-DY4AA36,93.0,1000.0,SKD11030070
5,LPJ4B-DY4AA36,1.0,1.0,SKD7Z3054
6,LPJ4B-DY4AA36,1.0,1.0,LPJ4B-MY4AA36
4,LPJ4B-DY6AA33,67.0,1000.0,SKD11027067
5,LPJ4B-DY6AA33,1.0,1.0,SKD6G2745
6,LPJ4B-DY6AA33,1.0,1.0,LPJ4B-MY6AA33
4,LPJ4B-DY7AA33,67.0,1000.0,SKD11027067
5,LPJ4B-DY7AA33,1.0,1.0,SKD6G2745
6,LPJ4B-DY7AA33,1.0,1.0,LPJ4B-MY7AA33
4,LPJ4B-DZ5AA30,48.0,1000.0,SKD11012050
5,LPJ4B-DZ5AA30,1.0,1.0,SKD5Z1282
6,LPJ4B-DZ5AA30,1.0,1.0,LPJ4B-MZ5AA30
4,LPJ4B-DZ5AA33,48.0,1000.0,SKD11012050
5,LPJ4B-DZ5AA33,1.0,1.0,SKD5Z1282
6,LPJ4B-DZ5AA33,1.0,1.0,LPJ4B-MZ5AA33
4,LPJ4B-DZ5AA36,52.0,1000.0,SKD11012050
5,LPJ4B-DZ5AA36,1.0,1.0,SKD5Z1293
6,LPJ4B-DZ5AA36,1.0,1.0,LPJ4B-MZ5AA36
4,LPJ4B-DZ5AA38,50.0,1000.0,SKD11012050
5,LPJ4B-DZ5AA38,1.0,1.0,SKD5Z1285
6,LPJ4B-DZ5AA38,1.0,1.0,LPJ4B-MZ5AA38
5,LPJ4B-MB2AA33,56.0,1000.0,SKD11030070
6,LPJ4B-MB2AA33,1.0,1.0,SKD7Z3032
5,LPJ4B-MB2AA34,61.0,1000.0,SKD11030070
6,LPJ4B-MB2AA34,1.0,1.0,SKD7Z3035
5,LPJ4B-MB2AA36,61.0,1000.0,SKD11030070
6,LPJ4B-MB2AA36,1.0,1.0,SKD7Z3035
5,LPJ4B-MB2AA38,61.0,1000.0,SKD11030070
6,LPJ4B-MB2AA38,1.0,1.0,SKD7Z3035
5,LPJ4B-MC1AA38,62.0,1000.0,SKD11025067
6,LPJ4B-MC1AA38,1.0,1.0,SKD6G2545
5,LPJ4B-MC2AA34,54.0,1000.0,SKD11015067
6,LPJ4B-MC2AA34,1.0,1.0,SKD6G1565
5,LPJ4B-MC3AA38,41.0,1000.0,SKD11015067
6,LPJ4B-MC3AA38,1.0,1.0,SKD6G1535
5,LPJ4B-MX1AA30,24.0,1000.0,SKD11025067
6,LPJ4B-MX1AA30,1.0,1.0,SKD6G2518
5,LPJ4B-MX1AA34,27.0,1000.0,SKD11025067
6,LPJ4B-MX1AA34,1.0,1.0,SKD6G2519
5,LPJ4B-MX2AA34,83.0,1000.0,SKD11035065
6,LPJ4B-MX2AA34,1.0,1.0,SKD6E3536
5,LPJ4B-MY1AA33,27.0,1000.0,SKD11025067
6,LPJ4B-MY1AA33,1.0,1.0,SKD6G2519
5,LPJ4B-MY1AA34,28.0,1000.0,SKD11025067
6,LPJ4B-MY1AA34,1.0,1.0,SKD6G2520
5,LPJ4B-MY1AA36,28.0,1000.0,SKD11025067
6,LPJ4B-MY1AA36,1.0,1.0,SKD6G2520
5,LPJ4B-MY1AA42,28.0,1000.0,SKD11025067
6,LPJ4B-MY1AA42,1.0,1.0,SKD6G2520
5,LPJ4B-MY3AA33,67.0,1000.0,SKD11027067
6,LPJ4B-MY3AA33,1.0,1.0,SKD6G2745
5,LPJ4B-MY3AA34,67.0,1000.0,SKD11027067
6,LPJ4B-MY3AA34,1.0,1.0,SKD6G2745
5,LPJ4B-MY3AA42,67.0,1000.0,SKD11027067
6,LPJ4B-MY3AA42,1.0,1.0,SKD6G2745
5,LPJ4B-MY3AB33,67.0,1000.0,SKD11027067
6,LPJ4B-MY3AB33,1.0,1.0,SKD6G2745
5,LPJ4B-MY4AA33,78.0,1000.0,SKD11030070
6,LPJ4B-MY4AA33,1.0,1.0,SKD7Z3045
5,LPJ4B-MY4AA34,78.0,1000.0,SKD11030070
6,LPJ4B-MY4AA34,1.0,1.0,SKD7Z3045
5,LPJ4B-MY4AA38,78.0,1000.0,SKD11030070
6,LPJ4B-MY4AA38,1.0,1.0,SKD7Z3045
5,LPJ4B-MY4AA42,78.0,1000.0,SKD11030070
6,LPJ4B-MY4AA42,1.0,1.0,SKD7Z3045
5,LPJ4B-MY4BB33,78.0,1000.0,SKD11030070
6,LPJ4B-MY4BB33,1.0,1.0,SKD7Z3045
5,LPJ4B-MY6AA34,67.0,1000.0,SKD11027067
6,LPJ4B-MY6AA34,1.0,1.0,SKD6G2745
5,LPJ4B-MY6AA38,67.0,1000.0,SKD11027067
6,LPJ4B-MY6AA38,1.0,1.0,SKD6G2745
5,LPJ4B-MY7AA34,67.0,1000.0,SKD11027067
6,LPJ4B-MY7AA34,1.0,1.0,SKD6G2745
5,LPJ4B-MY7AB38,87.0,1000.0,SKD11035067
6,LPJ4B-MY7AB38,1.0,1.0,SKD6G3545
5,LPJ4B-MY8GA38,87.0,1000.0,SKD11035065
6,LPJ4B-MY8GA38,1.0,1.0,SKD6E3545
5,LPJ4B-MZ5AA324,50.0,1000.0,SKD11012050
6,LPJ4B-MZ5AA324,1.0,1.0,SKD5Z1285
5,LPJ4B-MZ5AA34,50.0,1000.0,SKD11012050
6,LPJ4B-MZ5AA34,1.0,1.0,SKD5Z1285
5,LPJ4B-MZ5AA42,50.0,1000.0,SKD11012050
6,LPJ4B-MZ5AA42,1.0,1.0,SKD5Z1285
5,LPJ4B-MZ5BA38,27.0,1000.0,SKD11012050
6,LPJ4B-MZ5BA38,1.0,1.0,SKD5Z1253
5,LPJ4B-MZ5BA42,27.0,1000.0,SKD11012050
6,LPJ4B-MZ5BA42,1.0,1.0,SKD5Z1253
4,LPJ4C-DB1AA30,17.0,1000.0,SKD11025055
5,LPJ4C-DB1AA30,1.0,1.0,SKD5E2515
6,LPJ4C-DB1AA30,1.0,1.0,LPJ4C-MB1AA30
4,LPJ4C-DB2AA30,48.0,1000.0,SKD11027067
5,LPJ4C-DB2AA30,1.0,1.0,SKD6G2732
6,LPJ4C-DB2AA30,1.0,1.0,LPJ4C-MB2AA30
5,LPJ4C-MB1AB30,17.0,1000.0,SKD11025055
6,LPJ4C-MB1AB30,1.0,1.0,SKD5E2515
5,LPJ4C-MB2AA33,48.0,1000.0,SKD11027067
6,LPJ4C-MB2AA33,1.0,1.0,SKD6G2732
5,LPJ4C-MB3AA33,67.0,1000.0,SKD11027067
6,LPJ4C-MB3AA33,1.0,1.0,SKD6G2745
5,LPJ4C-MB4AA30,54.0,1000.0,SKD11015067
6,LPJ4C-MB4AA30,1.0,1.0,SKD6G1565
5,LPJ4C-MB4AA33,54.0,1000.0,SKD11015067
6,LPJ4C-MB4AA33,1.0,1.0,SKD6G1565
5,LPJ4C-MB4BA33,41.0,1000.0,SKD11015067
6,LPJ4C-MB4BA33,1.0,1.0,SKD6G1535
4,LPJ4-DZ5AA33,50.0,1000.0,SKD11012050
5,LPJ4-DZ5AA33,1.0,1.0,SKD5Z1285
6,LPJ4-DZ5AA33,1.0,1.0,LPJ4-MZ5AA33
4,LPJ4EP-DB1AA33,28.0,1000.0,SKD11025067
5,LPJ4EP-DB1AA33,1.0,1.0,SKD6G2520
6,LPJ4EP-DB1AA33,1.0,1.0,LPJ4EP-MB1AA33
4,LPJ4EP-DB5AA33,57.0,1000.0,SKD11021082
5,LPJ4EP-DB5AA33,1.0,1.0,SKD8B2140
6,LPJ4EP-DB5AA33,1.0,1.0,LPJ4EP-MB5AA33
4,LPJ4EP-DY2AA33,41.0,1000.0,SKD11027067
5,LPJ4EP-DY2AA33,1.0,1.0,SKD6G2727
6,LPJ4EP-DY2AA33,1.0,1.0,LPJ4EP-MY2AA33
4,LPJ4EP-DY3AA33,67.0,1000.0,SKD11027067
5,LPJ4EP-DY3AA33,1.0,1.0,SKD6G2745
6,LPJ4EP-DY3AA33,1.0,1.0,LPJ4EP-MY3AA33
4,LPJ4EP-DY4AA33,59.0,1000.0,SKD11022067
5,LPJ4EP-DY4AA33,1.0,1.0,SKD6G2248
6,LPJ4EP-DY4AA33,1.0,1.0,LPJ4EP-MY4AA33
4,LPJ4EP-DY5AA33,41.0,1000.0,SKD11015067
5,LPJ4EP-DY5AA33,1.0,1.0,SKD6G1535
6,LPJ4EP-DY5AA33,1.0,1.0,LPJ4EP-MY5AA33
5,LPJ4EP-MY1AA33,28.0,1000.0,SKD11025067
6,LPJ4EP-MY1AA33,1.0,1.0,SKD6G2520
5,LPJ4-MB1AA33,27.0,1000.0,SKD11025067
6,LPJ4-MB1AA33,1.0,1.0,SKD6G2519
5,LPJ4-MB1DA33,21.0,1000.0,SKD11025067
6,LPJ4-MB1DA33,1.0,1.0,SKD6G2515
5,LPJ4-MB2AA30,56.0,1000.0,SKD11030070
6,LPJ4-MB2AA30,1.0,1.0,SKD7Z3032
5,LPJ4-MB2AA33,56.0,1000.0,SKD11030070
6,LPJ4-MB2AA33,1.0,1.0,SKD7Z3032
5,LPJ4-MB2AB33,56.0,1000.0,SKD11030070
6,LPJ4-MB2AB33,1.0,1.0,SKD7Z3032
5,LPJ4-MC0AA30,54.0,1000.0,SKD11015067
6,LPJ4-MC0AA30,1.0,1.0,SKD6G1565
5,LPJ4-MC0AA33,54.0,1000.0,SKD11015067
6,LPJ4-MC0AA33,1.0,1.0,SKD6G1565
4,LPJ4T-DY1AA30,62.0,1000.0,SKD11035067
5,LPJ4T-DY1AA30,1.0,1.0,SKD6G3532
6,LPJ4T-DY1AA30,1.0,1.0,LPJ4T-MY1AA30
5,LPJ4T-MB1AA30,48.0,1000.0,SKD11027067
6,LPJ4T-MB1AA30,1.0,1.0,SKD6G2732
5,LPJ4T-MB1BA30,48.0,1000.0,SKD11027067
6,LPJ4T-MB1BA30,1.0,1.0,SKD6G2732
5,LPJ4T-MB2AA30,61.0,1000.0,SKD11030070
6,LPJ4T-MB2AA30,1.0,1.0,SKD7Z3035
5,LPJ4T-MB2BA30,61.0,1000.0,SKD11030070
6,LPJ4T-MB2BA30,1.0,1.0,SKD7Z3035
5,LPJ4T-MB3AA30,69.0,1000.0,SKD11030070
6,LPJ4T-MB3AA30,1.0,1.0,SKD7Z3040
5,LPJ4T-MB3BA30,69.0,1000.0,SKD11030070
6,LPJ4T-MB3BA30,1.0,1.0,SKD7Z3040
5,LPJ4T-MY6AA30,67.0,1000.0,SKD11027067
6,LPJ4T-MY6AA30,1.0,1.0,SKD6G2745
5,LPJ4T-MZ5AB30,70.0,1000.0,SKD11015067
6,LPJ4T-MZ5AB30,1.0,1.0,SKD6G1584
5,LPJ4T-MZ5CA30,70.0,1000.0,SKD11015067
6,LPJ4T-MZ5CA30,1.0,1.0,SKD6G1584
4,LPJ-DB1A30,30.0,1000.0,SKD11027067
5,LPJ-DB1A30,1.0,1.0,SKD6G2720
6,LPJ-DB1A30,1.0,1.0,LPJ-MB1A30
4,LPJ-DB1A33,35.0,1000.0,SKD11030070
5,LPJ-DB1A33,1.0,1.0,SKD7Z3020
6,LPJ-DB1A33,1.0,1.0,LPJ-MB1A33
4,LPJ-DB2A30,53.0,1000.0,SKD11025067
5,LPJ-DB2A30,1.0,1.0,SKD6G2538
6,LPJ-DB2A30,1.0,1.0,LPJ-MB2A30
4,LPJ-DB2A33,67.0,1000.0,SKD11027067
5,LPJ-DB2A33,1.0,1.0,SKD6G2745
6,LPJ-DB2A33,1.0,1.0,LPJ-MB2A33
4,LPJ-DY1,28.0,1000.0,SKD11025067
5,LPJ-DY1,1.0,1.0,SKD6G2520
6,LPJ-DY1,1.0,1.0,LPJ-MY1
4,LPJ-DY3A33,79.0,1000.0,SKD11027067
5,LPJ-DY3A33,1.0,1.0,SKD6G2753
6,LPJ-DY3A33,1.0,1.0,LPJ-MY3A33
4,LPJ-DY4A33,93.0,1000.0,SKD11030070
5,LPJ-DY4A33,1.0,1.0,SKD7Z3054
6,LPJ-DY4A33,1.0,1.0,LPJ-MY4A33
4,LPJ-DY6A33,91.0,1000.0,SKD11027067
5,LPJ-DY6A33,1.0,1.0,SKD6G2761
6,LPJ-DY6A33,1.0,1.0,LPJ-MY6A33
4,LPJ-DZ5A33,58.0,1000.0,SKD11018060
5,LPJ-DZ5A33,1.0,1.0,SKD6Z1855
6,LPJ-DZ5A33,1.0,1.0,LPJ-MZ5A33
5,LPJ-MB2D30,53.0,1000.0,SKD11025067
6,LPJ-MB2D30,1.0,1.0,SKD6G2538
5,LPJ-MY4,140.0,1000.0,SUJ3038068
6,LPJ-MY4,1.0,1.0,S6H3856
5,LPJ-MZ5,58.0,1000.0,SKD11018060
6,LPJ-MZ5,1.0,1.0,SKD6Z1855
4,LPJNY-DB5AA33,67.0,1000.0,SKD11027067
5,LPJNY-DB5AA33,1.0,1.0,SKD6G2745
6,LPJNY-DB5AA33,1.0,1.0,LPJNY-MB5AA33
4,LPJNY-DB6AA33,43.0,1000.0,SKD11022067
5,LPJNY-DB6AA33,1.0,1.0,SKD6G2235
6,LPJNY-DB6AA33,1.0,1.0,LPJNY-MB6AA33
4,LPJNY-DB7AA33,43.0,1000.0,SKD11022067
5,LPJNY-DB7AA33,1.0,1.0,SKD6G2235
6,LPJNY-DB7AA33,1.0,1.0,LPJNY-MB7AA33
4,LPJNY-DB8AA33,43.0,1000.0,SKD11022067
5,LPJNY-DB8AA33,1.0,1.0,SKD6G2235
6,LPJNY-DB8AA33,1.0,1.0,LPJNY-MB8AA33
4,LPJNY-DB9AA33,79.0,1000.0,SKD11027067
5,LPJNY-DB9AA33,1.0,1.0,SKD6G2753
6,LPJNY-DB9AA33,1.0,1.0,LPJNY-MB9AA33
4,LPJNY-DC0AA33,59.0,1000.0,SKD11022067
5,LPJNY-DC0AA33,1.0,1.0,SKD6G2248
6,LPJNY-DC0AA33,1.0,1.0,LPJNY-MC0AA33
4,LPJNY-DC1AA33,59.0,1000.0,SKD11022067
5,LPJNY-DC1AA33,1.0,1.0,SKD6G2248
6,LPJNY-DC1AA33,1.0,1.0,LPJNY-MC1AA33
4,LPJNY-DC2AA33,59.0,1000.0,SKD11022067
5,LPJNY-DC2AA33,1.0,1.0,SKD6G2248
6,LPJNY-DC2AA33,1.0,1.0,LPJNY-MC2AA33
4,LPJNY-DY1AA33,39.0,1000.0,SKD11027067
5,LPJNY-DY1AA33,1.0,1.0,SKD6G2726
6,LPJNY-DY1AA33,1.0,1.0,LPJNY-MY1AA33
4,LPJNY-DY2AA33,68.0,1000.0,SKD11035067
5,LPJNY-DY2AA33,1.0,1.0,SKD6G3535
6,LPJNY-DY2AA33,1.0,1.0,LPJNY-MY2AA33
4,LRB2-DB3H33,50.0,1000.0,SUJ3038068
5,LRB2-DB3H33,1.0,1.0,S6H2130P
6,LRB2-DB3H33,1.0,1.0,LRB2-MB3H33
4,LRB2-DB4H33,80.0,1000.0,SUJ3047068-H
5,LRB2-DB4H33,1.0,1.0,S6H4725
6,LRB2-DB4H33,1.0,1.0,LRB2-MB4H33
4,LRE4T-DB1B,55.0,1000.0,SUJ3038068
5,LRE4T-DB1B,1.0,1.0,S6H3822
6,LRE4T-DB1B,1.0,1.0,LRE4T-MB1B
4,LRE4T-DB2B,55.0,1000.0,SUJ3038068
5,LRE4T-DB2B,1.0,1.0,S6H3822
6,LRE4T-DB2B,1.0,1.0,LRE4T-MB2B
4,LRE4T-DB7B,100.0,1000.0,SUJ3038068
5,LRE4T-DB7B,1.0,1.0,S6H3846
6,LRE4T-DB7B,1.0,1.0,LRE4T-MB7B
4,LRE4T-DB9B,80.0,1000.0,SUJ3032068
5,LRE4T-DB9B,1.0,1.0,S6H3245
6,LRE4T-DB9B,1.0,1.0,LRE4T-MB9B
4,LRE4T-DC0B30,55.0,1000.0,SUJ3038068
5,LRE4T-DC0B30,1.0,1.0,S6H3822
6,LRE4T-DC0B30,1.0,1.0,LRE4T-MC0B30
4,LRE4T-DD4B30,55.0,1000.0,SUJ3038068
5,LRE4T-DD4B30,1.0,1.0,S6H3822
6,LRE4T-DD4B30,1.0,1.0,LRE4T-MD4B30
4,LRE4T-DD5B30,55.0,1000.0,SUJ3038068
5,LRE4T-DD5B30,1.0,1.0,S6H3822
6,LRE4T-DD5B30,1.0,1.0,LRE4T-MD5B30
4,LRE4T-DE6BS,55.0,1000.0,SUJ3038068
5,LRE4T-DE6BS,1.0,1.0,S6H3822
6,LRE4T-DE6BS,1.0,1.0,LRE4T-ME6BS
4,LRE-DB1,60.0,1000.0,SUJ3038068
5,LRE-DB1,1.0,1.0,S6H2723P
6,LRE-DB1,1.0,1.0,LRE-MB1
4,LRE-DB2,60.0,1000.0,SUJ3038068
5,LRE-DB2,1.0,1.0,S6H2723P
6,LRE-DB2,1.0,1.0,LRE-MB2
4,LRE-DB3,75.0,1000.0,SUJ3038068
5,LRE-DB3,1.0,1.0,S6H3828
6,LRE-DB3,1.0,1.0,LRE-MB3
4,LRE-DB7,130.0,1000.0,SUJ3032068
5,LRE-DB7,1.0,1.0,S6H3260
6,LRE-DB7,1.0,1.0,LRE-MB6
4,LRE-DT0,130.0,1000.0,SUJ3032068
5,LRE-DT0,1.0,1.0,S6H3260
6,LRE-DT0,1.0,1.0,LRE-MT0
4,LRE-DT1,45.0,1000.0,SUJ3038068
5,LRE-DT1,1.0,1.0,S6H3416P
6,LRE-DT1,1.0,1.0,LRE-MT1
4,LRE-DT2,65.0,1000.0,SUJ3038068
5,LRE-DT2,1.0,1.0,S6H3424P
6,LRE-DT2,1.0,1.0,LRE-MT2
4,LRE-DT3,65.0,1000.0,SUJ3038068
5,LRE-DT3,1.0,1.0,S6H3424P
6,LRE-DT3,1.0,1.0,LRE-MT3
4,LRE-DW1,130.0,1000.0,SUJ3032068
5,LRE-DW1,1.0,1.0,S6H3260
6,LRE-DW1,1.0,1.0,LRE-MW1
4,LRE-DW5,130.0,1000.0,SUJ3032068
5,LRE-DW5,1.0,1.0,S6H3260
6,LRE-DW5,1.0,1.0,LRE-MW5
4,LRE-DX1,130.0,1000.0,SUJ3032068
5,LRE-DX1,1.0,1.0,S6H3260
6,LRE-DX1,1.0,1.0,LRE-MX1
4,LRE-DX4,50.0,1000.0,SUJ3038068
5,LRE-DX4,1.0,1.0,S6H2520P
6,LRE-DX4,1.0,1.0,LRE-MX4
4,LRE-DX5B,80.0,1000.0,SUJ3047068-H
5,LRE-DX5B,1.0,1.0,S6H4725
6,LRE-DX5B,1.0,1.0,LRE-MX5B
4,LRE-DX8,65.0,1000.0,SUJ3038068
5,LRE-DX8,1.0,1.0,S6H2830P
6,LRE-DX8,1.0,1.0,LRE-MX8
4,LRE-DY3,100.0,1000.0,SUJ3032068
5,LRE-DY3,1.0,1.0,S6H3255
6,LRE-DY3,1.0,1.0,LRE-MY3
4,LREMDNY-DB2A,55.0,1000.0,SUJ3038068
5,LREMDNY-DB2A,1.0,1.0,S6H3822
6,LREMDNY-DB2A,1.0,1.0,LREMDNY-MB2A
4,LREMDNY-DB3A,55.0,1000.0,SUJ3038068
5,LREMDNY-DB3A,1.0,1.0,S6H3822
6,LREMDNY-DB3A,1.0,1.0,LREMDNY-MB3A
4,LREMDNY-DB7A,95.0,1000.0,SUJ3038068
5,LREMDNY-DB7A,1.0,1.0,S6H3838
6,LREMDNY-DB7A,1.0,1.0,LREMDNY-MB7A
4,LREMDNY-DB9A,100.0,1000.0,SUJ3038068
5,LREMDNY-DB9A,1.0,1.0,S6H3846
6,LREMDNY-DB9A,1.0,1.0,LREMDNY-MB9A
4,LREMDNY-DC6A,95.0,1000.0,SUJ3038068
5,LREMDNY-DC6A,1.0,1.0,S6H3838
6,LREMDNY-DC6A,1.0,1.0,LREMDNY-MB7A
4,LREMDNY-DD8A,90.0,1000.0,SUJ3032068
5,LREMDNY-DD8A,1.0,1.0,S6H3250
6,LREMDNY-DD8A,1.0,1.0,LREMDNY-MD8A
4,LREMDNY-DX1,45.0,1000.0,SUJ3038068
5,LREMDNY-DX1,1.0,1.0,S6H3818
6,LREMDNY-DX1,1.0,1.0,LREMDNY-MX1
4,LREMDNY-DX2,140.0,1000.0,SUJ3038068
5,LREMDNY-DX2,1.0,1.0,S6H3856
6,LREMDNY-DX2,1.0,1.0,LREMDNY-MX2
4,LREMDNY-DX6,55.0,1000.0,SUJ3038068
5,LREMDNY-DX6,1.0,1.0,S6H3822
6,LREMDNY-DX6,1.0,1.0,LREMDNY-MX6
4,LREMDNY-DX7,55.0,1000.0,SUJ3038068
5,LREMDNY-DX7,1.0,1.0,S6H3822
6,LREMDNY-DX7,1.0,1.0,LREMDNY-MX7
4,LREMDNY-DY3,140.0,1000.0,SUJ3038068
5,LREMDNY-DY3,1.0,1.0,S6H3856
6,LREMDNY-DY3,1.0,1.0,LREMDNY-MY3
4,LREMDNY-DY530,140.0,1000.0,SUJ3038068
5,LREMDNY-DY530,1.0,1.0,S6H3856
6,LREMDNY-DY530,1.0,1.0,LREMDNY-MY530
5,LREMDNY-MT3,55.0,1000.0,SUJ3038068
6,LREMDNY-MT3,1.0,1.0,S6H3822
4,LRM2-DX1A,95.0,1000.0,SUJ3038068
5,LRM2-DX1A,1.0,1.0,S6H3838
6,LRM2-DX1A,1.0,1.0,LRM2-MX1A
4,LRM2-DX3A,95.0,1000.0,SUJ3038068
5,LRM2-DX3A,1.0,1.0,S6H3838
6,LRM2-DX3A,1.0,1.0,LRM2-MX3A
5,LRSB-MB1AA18,39.0,1000.0,SKD11035067
6,LRSB-MB1AA18,1.0,1.0,SKD6G3520
4,LRS-DB1AA12,52.0,1000.0,SKD11035067
5,LRS-DB1AA12,1.0,1.0,SKD6G3527
6,LRS-DB1AA12,1.0,1.0,LRS-MB1AA12
4,LRS-DB1AA30,52.0,1000.0,SKD11035067
5,LRS-DB1AA30,1.0,1.0,SKD6G3527
6,LRS-DB1AA30,1.0,1.0,LRS-MB1AA30
4,LRS-DB1AA38,60.0,1000.0,SUJ3032068
5,LRS-DB1AA38,1.0,1.0,S6H3224
6,LRS-DB1AA38,1.0,1.0,LRS-MB1AA38
4,LRS-DB3AA12,80.0,1000.0,SKD11035065
5,LRS-DB3AA12,1.0,1.0,SKD6E3535
6,LRS-DB3AA12,1.0,1.0,LRS-MB3AA12
4,LRS-DB3AA38,95.0,1000.0,SUJ3038068
5,LRS-DB3AA38,1.0,1.0,S6H3838
6,LRS-DB3AA38,1.0,1.0,LRS-MB3AA38
4,LRS-DB5AA38,130.0,1000.0,SUJ3038068
5,LRS-DB5AA38,1.0,1.0,S6H3850
6,LRS-DB5AA38,1.0,1.0,LRS-MB5AA38
4,LRS-DB6AA38,130.0,1000.0,SUJ3038068
5,LRS-DB6AA38,1.0,1.0,S6H3850
6,LRS-DB6AA38,1.0,1.0,LRS-MB6AA38
4,LRS-DC2AA38,45.0,1000.0,SUJ3038068
5,LRS-DC2AA38,1.0,1.0,S6H3818
6,LRS-DC2AA38,1.0,1.0,LRS-MB2AA38
4,LRS-DY1AA30,33.0,1000.0,SKD11030055
5,LRS-DY1AA30,1.0,1.0,SKD5E3024
6,LRS-DY1AA30,1.0,1.0,LRS-MY1AA30
4,LRS-DY2AA12,53.0,1000.0,SKD11025067
5,LRS-DY2AA12,1.0,1.0,SKD6G2538
6,LRS-DY2AA12,1.0,1.0,LRS-MY2AA12
4,LRS-DY2AA30,45.0,1000.0,SKD11025067
5,LRS-DY2AA30,1.0,1.0,SKD6G2532
6,LRS-DY2AA30,1.0,1.0,LRS-MY2AA30
4,LRS-DY3AA38,100.0,1000.0,SUJ3032068
5,LRS-DY3AA38,1.0,1.0,S6H3255
6,LRS-DY3AA38,1.0,1.0,LRS-MY3AA38
5,LRS-DY5AA38,75.0,1000.0,SUJ3038068
6,LRS-DY5AA38,1.0,1.0,S6H3828
5,LRS-DY6AA38,50.0,1000.0,SUJ3030056
6,LRS-DY6AA38,1.0,1.0,S5F3035
5,LRS-DY7AA38,100.0,1000.0,SUJ3032068
6,LRS-DY7AA38,1.0,1.0,S6H3255
5,LRSSP-MB1AA17,30.0,1000.0,SKD11030055
6,LRSSP-MB1AA17,1.0,1.0,SKD5E3022
5,LRSSP-MB2AA17,30.0,1000.0,SKD11030055
6,LRSSP-MB2AA17,1.0,1.0,SKD5E3022
5,LRSSP-MB3AA17,48.0,1000.0,SKD11027067
6,LRSSP-MB3AA17,1.0,1.0,SKD6G2732
5,LRSSP-MB4AA17,44.0,1000.0,SKD11027067
6,LRSSP-MB4AA17,1.0,1.0,SKD6G2729
5,LRSSP-MB5AA17,79.0,1000.0,SKD11027067
6,LRSSP-MB5AA17,1.0,1.0,SKD6G2753
5,LRSSP-MB6AA17,67.0,1000.0,SKD11027067
6,LRSSP-MB6AA17,1.0,1.0,SKD6G2745
5,LRSSP-MY1AA17,45.0,1000.0,SKD11030055
6,LRSSP-MY1AA17,1.0,1.0,SKD5E3030
5,LRSSP-MY2AA17,64.0,1000.0,SKD11033065
6,LRSSP-MY2AA17,1.0,1.0,SKD6E3336
5,LRSSP-MY3AA17,60.0,1000.0,SKD11033065
6,LRSSP-MY3AA17,1.0,1.0,SKD6E3330
5,LRSSP-MY5AA17,64.0,1000.0,SKD11033065
6,LRSSP-MY5AA17,1.0,1.0,SKD6E3336
5,LRX-MB3,43.0,1000.0,SKD11022067
6,LRX-MB3,1.0,1.0,SKD6G2235
5,LRX-MY3BS2,36.0,1000.0,SKD11025067
6,LRX-MY3BS2,1.0,1.0,SKD6G2526
5,LRXR-DA6A33,1.0,1.0,G3Z2085
6,LRXR-DA6A33,1.0,1.0,LRXR-MA6A33
5,LRXR-DA6A38,1.0,1.0,G3Z2085
6,LRXR-DA6A38,1.0,1.0,LRXR-MA6A38
4,LS2-DB3,50.0,1000.0,SUJ3045040
5,LS2-DB3,1.0,1.0,S4Z4522
6,LS2-DB3,1.0,1.0,LS2-MB3
4,LUX-DX2,50.0,1000.0,SUJ3016016
5,LUX-DX2,1.0,1.0,S161620
6,LUX-DX2,1.0,1.0,LUX-MX2
4,LUX-DX4,65.0,1000.0,SUJ3038068
5,LUX-DX4,1.0,1.0,S6H2830P
6,LUX-DX4,1.0,1.0,LUX-MX4
4,LUX-DX5AA30,75.0,1000.0,SUJ3038068
5,LUX-DX5AA30,1.0,1.0,S6H3828
6,LUX-DX5AA30,1.0,1.0,LUX-MY1C1
4,LUX-DY1B233,75.0,1000.0,SUJ3038068
5,LUX-DY1B233,1.0,1.0,S6H3828
6,LUX-DY1B233,1.0,1.0,LUX-MY1B233
4,LUX-DY1C1,75.0,1000.0,SUJ3038068
5,LUX-DY1C1,1.0,1.0,S6H3828
6,LUX-DY1C1,1.0,1.0,LUX-MY1C1
4,LUX-DY1C133,75.0,1000.0,SUJ3038068
5,LUX-DY1C133,1.0,1.0,S6H3828
6,LUX-DY1C133,1.0,1.0,LUX-MY1C133
4,LUX-DY3,60.0,1000.0,SUJ3032068
5,LUX-DY3,1.0,1.0,S6H3228
6,LUX-DY3,1.0,1.0,LUX-MY3
4,LUX-DY4,30.0,1000.0,SUJ3030056
5,LUX-DY4,1.0,1.0,S5F2020P
6,LUX-DY4,1.0,1.0,LUX-MY4
5,LUX-MV1B,54.0,1000.0,SKD11027067
6,LUX-MV1B,1.0,1.0,SKD6G2737
5,LUX-MY1C2,75.0,1000.0,SUJ3038068
6,LUX-MY1C2,1.0,1.0,S6H3828
5,MA-226-516AB30,54.0,1000.0,SKD11015067
6,MA-226-516AB30,1.0,1.0,SKD6G1565
5,MA-3323-505AA26,52.0,1000.0,SKD11012050
6,MA-3323-505AA26,1.0,1.0,SKD5Z1293
5,MA-3323-505BA26,24.0,1000.0,SKD11012050
6,MA-3323-505BA26,1.0,1.0,SKD5Z1248
5,MA-3501-52011HA30,26.0,1000.0,SKD11022067
6,MA-3501-52011HA30,1.0,1.0,SKD6G2220
5,MA-3501-52012AA24,86.0,1000.0,SKD11029082
6,MA-3501-52012AA24,1.0,1.0,SKD8B2944
5,MA-3501-52013AA24,63.0,1000.0,SKD11021082
6,MA-3501-52013AA24,1.0,1.0,SKD8B2144
5,MA-3501-52014AA24,92.0,1000.0,SKD11021082
6,MA-3501-52014AA24,1.0,1.0,SKD8B2165
5,MA-3501-52014AA26,85.0,1000.0,SKD11021082
6,MA-3501-52014AA26,1.0,1.0,SKD8B2160
5,MA-3501-52032AA34,127.0,1000.0,SKD11029082
6,MA-3501-52032AA34,1.0,1.0,SKD8B2965
5,MA-3501-52032AA38,127.0,1000.0,SKD11029082
6,MA-3501-52032AA38,1.0,1.0,SKD8B2965
5,MA-3501-52041AA24,27.0,1000.0,SKD11022067
6,MA-3501-52041AA24,1.0,1.0,SKD6G2222
5,MA-3501-52043AA24,63.0,1000.0,SKD11021082
6,MA-3501-52043AA24,1.0,1.0,SKD8B2144
5,MA-3501-62001MB26,131.0,1000.0,SKD11040057
6,MA-3501-62001MB26,1.0,1.0,SKD5G4070
5,MA-3501-62001PB26,131.0,1000.0,SKD11040057
6,MA-3501-62001PB26,1.0,1.0,SKD5G4070
5,MA-3501-62001UA24,131.0,1000.0,SKD11040057
6,MA-3501-62001UA24,1.0,1.0,SKD5G4070
5,MA-3501-62021AA30,105.0,1000.0,SKD11025067
6,MA-3501-62021AA30,1.0,1.0,SKD6G2576
5,MA-3501-62021AL24,105.0,1000.0,SKD11025067
6,MA-3501-62021AL24,1.0,1.0,SKD6G2576
5,MA-3501-62021AL30,105.0,1000.0,SKD11025067
6,MA-3501-62021AL30,1.0,1.0,SKD6G2576
5,MA-3501-62031AA24,124.0,1000.0,SKD11025067
6,MA-3501-62031AA24,1.0,1.0,SKD6G2590
5,MA-3501-62031AA30,113.0,1000.0,SKD11025067
6,MA-3501-62031AA30,1.0,1.0,SKD6G2582
5,MA-3501-62041AA26,28.0,1000.0,SKD11025055
6,MA-3501-62041AA26,1.0,1.0,SKD5E2522
5,MA-3501-62041AA30,28.0,1000.0,SKD11025055
6,MA-3501-62041AA30,1.0,1.0,SKD5E2522
5,MA-3501-62041AA34,28.0,1000.0,SKD11025055
6,MA-3501-62041AA34,1.0,1.0,SKD5E2522
5,MA-3501-62041AA36,25.0,1000.0,SKD11022055
6,MA-3501-62041AA36,1.0,1.0,SKD5E2225
5,MA-3501-62041AA38,28.0,1000.0,SKD11025055
6,MA-3501-62041AA38,1.0,1.0,SKD5E2522
5,MA-3501-62041AB26,28.0,1000.0,SKD11025055
6,MA-3501-62041AB26,1.0,1.0,SKD5E2522
5,MA-3501-62041AB30,28.0,1000.0,SKD11025055
6,MA-3501-62041AB30,1.0,1.0,SKD5E2522
5,MA-3501-62041AB34,28.0,1000.0,SKD11025055
6,MA-3501-62041AB34,1.0,1.0,SKD5E2522
5,MA-3501-62041AB36,28.0,1000.0,SKD11025055
6,MA-3501-62041AB36,1.0,1.0,SKD5E2522
5,MA-3501-62041AB38,28.0,1000.0,SKD11025055
6,MA-3501-62041AB38,1.0,1.0,SKD5E2522
5,MA-3504-514BB26,91.0,1000.0,SKD11027067
6,MA-3504-514BB26,1.0,1.0,SKD6G2761
5,MA-3504-611AA30,131.0,1000.0,SKD11040065
6,MA-3504-611AA30,1.0,1.0,SKD6E4061
5,MA-3504-621AA30,105.0,1000.0,SKD11025067
6,MA-3504-621AA30,1.0,1.0,SKD6G2576
5,MA-3504-621AB36,105.0,1000.0,SKD11025067
6,MA-3504-621AB36,1.0,1.0,SKD6G2576
5,MA-352B-505AA36,44.0,1000.0,SKD11012050
6,MA-352B-505AA36,1.0,1.0,SKD5Z1275
5,MA-352B-505BA36,30.0,1000.0,SKD11022050
6,MA-352B-505BA36,1.0,1.0,SKD5Z2230
5,MA-3538-505AA32,44.0,1000.0,SKD11012050
6,MA-3538-505AA32,1.0,1.0,SKD5Z1275
5,MA-3538-505BA32,30.0,1000.0,SKD11012050
6,MA-3538-505BA32,1.0,1.0,SKD5Z1240
5,MA-3549-505AA34,41.0,1000.0,SKD11012050
6,MA-3549-505AA34,1.0,1.0,SKD5Z1270
5,MA-3549-505BA34,41.0,1000.0,SKD11012050
6,MA-3549-505BA34,1.0,1.0,SKD5Z1270
5,MA-3549-505CA34,41.0,1000.0,SKD11012050
6,MA-3549-505CA34,1.0,1.0,SKD5Z1270
5,MA-3551-505AA34,41.0,1000.0,SKD11012050
6,MA-3551-505AA34,1.0,1.0,SKD5Z1270
5,MA-3551-542AA34,59.0,1000.0,SKD11022067
6,MA-3551-542AA34,1.0,1.0,SKD6G2248
5,MA-3551-569AA34,21.0,1000.0,SKD11015067
6,MA-3551-569AA34,1.0,1.0,SKD6G1525
5,MA-3551-572AA34,36.0,1000.0,SKD11021082
6,MA-3551-572AA34,1.0,1.0,SKD8B2125
5,MA-3638-505AA26,44.0,1000.0,SKD11012050
6,MA-3638-505AA26,1.0,1.0,SKD5Z1275
5,MA-3638-505AA30,44.0,1000.0,SKD11012050
6,MA-3638-505AA30,1.0,1.0,SKD5Z1275
5,MA-3638-505BA26,30.0,1000.0,SKD11012050
6,MA-3638-505BA26,1.0,1.0,SKD5Z1240
5,MA-3650-505AA34,30.0,1000.0,SKD11012050
6,MA-3650-505AA34,1.0,1.0,SKD5Z1258
5,MA-3652-505AA32,24.0,1000.0,SKD11012050
6,MA-3652-505AA32,1.0,1.0,SKD5Z1248
5,MA-3709-505AA34,27.0,1000.0,SKD11012050
6,MA-3709-505AA34,1.0,1.0,SKD5Z1253
5,MA-3709-505BA34,27.0,1000.0,SKD11012050
6,MA-3709-505BA34,1.0,1.0,SKD5Z1253
5,MA-3709-505CA34,28.0,1000.0,SKD11012050
6,MA-3709-505CA34,1.0,1.0,SKD5Z1236
5,MA-3709-514AA34,69.0,1000.0,SKD11030070
6,MA-3709-514AA34,1.0,1.0,SKD7Z3040
5,MA-4206-520AA30,41.0,1000.0,SKD11015067
6,MA-4206-520AA30,1.0,1.0,SKD6G1535
5,MA-4501-505AA26,52.0,1000.0,SKD11012050
6,MA-4501-505AA26,1.0,1.0,SKD5Z1293
5,MA-4501-505AB26,24.0,1000.0,SKD11012050
6,MA-4501-505AB26,1.0,1.0,SKD5Z1248
5,MA-47-611C30,26.0,1000.0,SKD11022067
6,MA-47-611C30,1.0,1.0,SKD6G2220
5,MA-47-612C30,24.0,1000.0,SKD11022067
6,MA-47-612C30,1.0,1.0,SKD6G2218
6,MA-5132-519AA30,1.0,1.0,SKD105020
6,MA-5132-519AA33,1.0,1.0,SKD105020
5,MA-5207-513AA34,74.0,1000.0,SKD11022067
6,MA-5207-513AA34,1.0,1.0,SKD6G2261
5,MA-5517-505AA38,62.0,1000.0,SKD11015067
6,MA-5517-505AA38,1.0,1.0,SKD6G1556
5,MA-5520-569CA34,27.0,1000.0,SKD11027067
6,MA-5520-569CA34,1.0,1.0,SKD6G2718
5,MA-5520-569CA38,27.0,1000.0,SKD11027067
6,MA-5520-569CA38,1.0,1.0,SKD6G2718
5,MA-5528-614AA30,66.0,1000.0,SKD11015067
6,MA-5528-614AA30,1.0,1.0,SKD6G1580
5,MA-5529-505AA34,44.0,1000.0,SKD11012050
6,MA-5529-505AA34,1.0,1.0,SKD5Z1275
5,MA-5534-569BA38,32.0,1000.0,SKD11018060
6,MA-5534-569BA38,1.0,1.0,SKD6Z1836
5,MA-5535-505AA48,44.0,1000.0,SKD11012050
6,MA-5535-505AA48,1.0,1.0,SKD5Z1275
5,MA-5610-505AA30,54.0,1000.0,SKD11015067
6,MA-5610-505AA30,1.0,1.0,SKD6G1565
5,MA-5610-505AA34,54.0,1000.0,SKD11015067
6,MA-5610-505AA34,1.0,1.0,SKD6G1565
5,MA-603-621AL,43.0,1000.0,SKD11022067
6,MA-603-621AL,1.0,1.0,SKD6G2235
5,MA-6101-627AA30,36.0,1000.0,SKD11015067
6,MA-6101-627AA30,1.0,1.0,SKD6G1542
5,MA-6104-626AA38,36.0,1000.0,SKD11015067
6,MA-6104-626AA38,1.0,1.0,SKD6G1542
5,MA-6206-627AB34,58.0,1000.0,SKD11015067
6,MA-6206-627AB34,1.0,1.0,SKD6G1552
5,MA-6206-627BA34,58.0,1000.0,SKD11015067
6,MA-6206-627BA34,1.0,1.0,SKD6G1552
5,MA-6207-627AA34,58.0,1000.0,SKD11015067
6,MA-6207-627AA34,1.0,1.0,SKD6G1552
5,MA-6207-627BA34,58.0,1000.0,SKD11015067
6,MA-6207-627BA34,1.0,1.0,SKD6G1552
5,MA-6209-505AA34,62.0,1000.0,SKD11015067
6,MA-6209-505AA34,1.0,1.0,SKD6G1575
5,MA-6209-624AA34,58.0,1000.0,SKD11015067
6,MA-6209-624AA34,1.0,1.0,SKD6G1552
5,MA-6210-505AA34,54.0,1000.0,SKD11015067
6,MA-6210-505AA34,1.0,1.0,SKD6G1565
5,MA-6210-505BA34,54.0,1000.0,SKD11015067
6,MA-6210-505BA34,1.0,1.0,SKD6G1565
5,MA-6210-505CA34,63.0,1000.0,SKD11021082
6,MA-6210-505CA34,1.0,1.0,SKD8B2144
5,MA-6210-505DA34,54.0,1000.0,SKD11015067
6,MA-6210-505DA34,1.0,1.0,SKD6G1565
5,MA-6210-505EA34,63.0,1000.0,SKD11021082
6,MA-6210-505EA34,1.0,1.0,SKD8B2144
5,MA-6210-626AC34,36.0,1000.0,SKD11015067
6,MA-6210-626AC34,1.0,1.0,SKD6G1542
5,MA-6210-626AD34,36.0,1000.0,SKD11015067
6,MA-6210-626AD34,1.0,1.0,SKD6G1542
5,MA-6211-505AA34,54.0,1000.0,SKD11015067
6,MA-6211-505AA34,1.0,1.0,SKD6G1565
5,MA-621-644L,61.0,1000.0,SKD11022067
6,MA-621-644L,1.0,1.0,SKD6G2250
5,MA-621-644M,69.0,1000.0,SKD11025067
6,MA-621-644M,1.0,1.0,SKD6G2550
5,MA-621-644T,61.0,1000.0,SKD11022067
6,MA-621-644T,1.0,1.0,SKD6G2250
5,MA-621-644V,61.0,1000.0,SKD11022067
6,MA-621-644V,1.0,1.0,SKD6G2250
5,MA-631-51830,98.0,1000.0,SKD11029082
6,MA-631-51830,1.0,1.0,SKD8B2950
5,MA-631-51926,78.0,1000.0,SKD11029082
6,MA-631-51926,1.0,1.0,SKD8B2940
5,MA-710-511,100.0,1000.0,SUJ3038068
6,MA-710-511,1.0,1.0,S6H3846
5,MA-710-516,55.0,1000.0,SUJ3038068
6,MA-710-516,1.0,1.0,S6H3822
5,MA-748-617AA30,168.0,1000.0,SKD11050085
6,MA-748-617AA30,1.0,1.0,SKD8E5048
5,MA-956-68130,227.0,1000.0,SKD11075067
6,MA-956-68130,1.0,1.0,SKD6G7555
5,MA-956-684D30,392.0,1000.0,SKD11075067
6,MA-956-684D30,1.0,1.0,SKD6G7595
5,MA-956-685D30,516.0,1000.0,SKD11075067
6,MA-956-685D30,1.0,1.0,SKD6G75125
5,MA-956-686D30,392.0,1000.0,SKD11075067
6,MA-956-686D30,1.0,1.0,SKD6G7595
5,MA-956-687EA30,227.0,1000.0,SKD11075067
6,MA-956-687EA30,1.0,1.0,SKD6G7555
5,MA-956-69130,145.0,1000.0,SKD11035067
6,MA-956-69130,1.0,1.0,SKD6G3575
5,MA-956-69134,145.0,1000.0,SKD11035067
6,MA-956-69134,1.0,1.0,SKD6G3575
5,MA-960-505AA32,30.0,1000.0,SKD11012050
6,MA-960-505AA32,1.0,1.0,SKD5Z1258
5,MA-B336-505BA34,26.0,1000.0,SKD11012050
6,MA-B336-505BA34,1.0,1.0,SKD5Z1252
5,MA-E272-627AA30,30.0,1000.0,SKD11027067
6,MA-E272-627AA30,1.0,1.0,SKD6G2720
5,MA-KS51-00302AA30,62.0,1000.0,SKD11025067
6,MA-KS51-00302AA30,1.0,1.0,SKD6G2545
5,MA-SPL-1121J,32.0,1000.0,SKD11025067
6,MA-SPL-1121J,1.0,1.0,SKD6G2523
5,MA-SPL-1121PA,35.0,1000.0,SKD11027067
6,MA-SPL-1121PA,1.0,1.0,SKD6G2723
5,MA-SPL-1121QA,30.0,1000.0,SKD11027067
6,MA-SPL-1121QA,1.0,1.0,SKD6G2720
5,MA-SPL-1531AA,41.0,1000.0,SKD11015067
6,MA-SPL-1531AA,1.0,1.0,SKD6G1535
5,MA-SPL-1531BA,41.0,1000.0,SKD11015067
6,MA-SPL-1531BA,1.0,1.0,SKD6G1535
5,MA-SPL-1644AA,41.0,1000.0,SKD11015067
6,MA-SPL-1644AA,1.0,1.0,SKD6G1535
5,MA-SPL-1681KA30,35.0,1000.0,SKD11025067
6,MA-SPL-1681KA30,1.0,1.0,SKD6G2525
5,MA-SPL-1681LA30,53.0,1000.0,SKD11025067
6,MA-SPL-1681LA30,1.0,1.0,SKD6G2538
5,MA-SPL-1681PA30,28.0,1000.0,SKD11025067
6,MA-SPL-1681PA30,1.0,1.0,SKD6G2520
5,MA-SPL-1681QA30,57.0,1000.0,SKD11021082
6,MA-SPL-1681QA30,1.0,1.0,SKD8B2140
5,MA-SPL-1681WA30,57.0,1000.0,SKD11021082
6,MA-SPL-1681WA30,1.0,1.0,SKD8B2140
5,MA-SPL-1819AA18,55.0,1000.0,SUJ3038068
6,MA-SPL-1819AA18,1.0,1.0,S6H3822
5,MA-SPL-1855AA30,17.0,1000.0,SKD11025055
6,MA-SPL-1855AA30,1.0,1.0,SKD5E2515
5,MA-SPL-1911BA33,36.0,1000.0,SKD11021082
6,MA-SPL-1911BA33,1.0,1.0,SKD8B2125
5,MA-SPL-1920AA,26.0,1000.0,SKD11025055
6,MA-SPL-1920AA,1.0,1.0,SKD5E2520
5,MA-SPL-1920BA,33.0,1000.0,SKD11022067
6,MA-SPL-1920BA,1.0,1.0,SKD6G2227
5,MA-SPL-2180BA30,33.0,1000.0,SKD11035065
6,MA-SPL-2180BA30,1.0,1.0,SKD6E3527
5,MA-SPL-2180EA,38.0,1000.0,SKD11025055
6,MA-SPL-2180EA,1.0,1.0,SKD5E2532
5,MA-SPL-2182BA30,33.0,1000.0,SKD11035065
6,MA-SPL-2182BA30,1.0,1.0,SKD6E3527
5,MA-SPL-2182CA30,51.0,1000.0,SKD11022067
6,MA-SPL-2182CA30,1.0,1.0,SKD6G2242
5,MA-SPL-2182DA30,117.0,1000.0,SKD11035065
6,MA-SPL-2182DA30,1.0,1.0,SKD6E3560
5,MA-SPL-2182FA30,62.0,1000.0,SKD11015067
6,MA-SPL-2182FA30,1.0,1.0,SKD6G1556
5,MA-SPL-2182GA30,62.0,1000.0,SKD11015067
6,MA-SPL-2182GA30,1.0,1.0,SKD6G1556
5,MA-SPL-2182JA30,87.0,1000.0,SKD11035065
6,MA-SPL-2182JA30,1.0,1.0,SKD6E3540
5,MA-SPL-2209AA33,45.0,1000.0,SKD11025055
6,MA-SPL-2209AA33,1.0,1.0,SKD5E2538
5,MA-SPL-2209BA33,42.0,1000.0,SKD11022067
6,MA-SPL-2209BA33,1.0,1.0,SKD6G2234
5,MA-SPL-948C,53.0,1000.0,SKD11025067
6,MA-SPL-948C,1.0,1.0,SKD6G2538
5,MA-TS-2545A,55.0,1000.0,SUJ3038068
6,MA-TS-2545A,1.0,1.0,S6H2630P
5,MA-TS-2692A,35.0,1000.0,SKD11027067
6,MA-TS-2692A,1.0,1.0,SKD6G2723
5,MA-TS-2692B,30.0,1000.0,SKD11027067
6,MA-TS-2692B,1.0,1.0,SKD6G2720
5,MA-TS-2698A,56.0,1000.0,SKD11030070
6,MA-TS-2698A,1.0,1.0,SKD7Z3032
5,MA-TS-2760A,30.0,1000.0,SKD11027067
6,MA-TS-2760A,1.0,1.0,SKD6G2720
5,MA-TS-2779FC,78.0,1000.0,SKD11047067
6,MA-TS-2779FC,1.0,1.0,SKD6G4730
5,MA-TS-2965A,63.0,1000.0,SKD11050085
6,MA-TS-2965A,1.0,1.0,SKD8E5018
5,MA-TS-3165AA,31.0,1000.0,SKD11025067
6,MA-TS-3165AA,1.0,1.0,SKD6G2522
6,MA-TS-3174BA,1.0,1.0,SKD131345
5,MA-TS-3237GA38,30.0,1000.0,SKD11030055
6,MA-TS-3237GA38,1.0,1.0,SKD5E3022
5,MA-TS-3301AA,27.0,1000.0,SKD11022067
6,MA-TS-3301AA,1.0,1.0,SKD6G2222
5,MA-TS-3301BA,27.0,1000.0,SKD11022067
6,MA-TS-3301BA,1.0,1.0,SKD6G2222
5,MA-TS-3301DA,63.0,1000.0,SKD11021082
6,MA-TS-3301DA,1.0,1.0,SKD8B2144
5,MA-TS-3338HA,86.0,1000.0,SKD11029082
6,MA-TS-3338HA,1.0,1.0,SKD8B2944
5,MA-TS-3342AA,30.0,1000.0,SKD11022055
6,MA-TS-3342AA,1.0,1.0,SKD5E2230
5,MA-TS-3342BA,30.0,1000.0,SKD11022055
6,MA-TS-3342BA,1.0,1.0,SKD5E2230
5,MA-TS-3362HA,39.0,1000.0,SKD11029082
6,MA-TS-3362HA,1.0,1.0,SKD8B2920
5,MA-TS-3363CC,21.0,1000.0,SKD11025067
6,MA-TS-3363CC,1.0,1.0,SKD6G2515
5,MA-TS-3363DB,26.0,1000.0,SKD11022067
6,MA-TS-3363DB,1.0,1.0,SKD6G2220
5,MA-TS-3457AA,57.0,1000.0,SKD11021082
6,MA-TS-3457AA,1.0,1.0,SKD8B2140
5,MC-MY136,106.0,1000.0,SKD11035067
6,MC-MY136,1.0,1.0,SKD6G3555
4,MH-DB1,100.0,1000.0,SUJ3030056
5,MH-DB1,1.0,1.0,S5F3070
6,MH-DB1,1.0,1.0,MH-MB1
4,MH-DY1B,100.0,1000.0,SUJ3038068
5,MH-DY1B,1.0,1.0,S6H3846
6,MH-DY1B,1.0,1.0,MH-MY1B
4,MH-DY3,50.0,1000.0,SUJ3016016
5,MH-DY3,1.0,1.0,S161620
6,MH-DY3,1.0,1.0,MH-MY3
4,MH-DY4B,55.0,1000.0,SUJ3038068
5,MH-DY4B,1.0,1.0,S6H3822
6,MH-DY4B,1.0,1.0,MH-MY4B
5,MH-DY5C,80.0,1000.0,SUJ3019019
6,MH-DY5C,1.0,1.0,S191922
4,MH-DY6B,50.0,1000.0,SUJ3016016
5,MH-DY6B,1.0,1.0,S161620
6,MH-DY6B,1.0,1.0,MH-MY6B
4,MH-DY8B,80.0,1000.0,SUJ3047068-H
5,MH-DY8B,1.0,1.0,S6H2265P
6,MH-DY8B,1.0,1.0,MH-MY8B
5,MKC-MB1AA36,21.0,1000.0,SKD11025067
6,MKC-MB1AA36,1.0,1.0,SKD6G2515
5,MKC-MY1AA38,51.0,1000.0,SKD11025055
6,MKC-MY1AA38,1.0,1.0,SKD5E2545
5,MKC-MY2AA38,51.0,1000.0,SKD11022067
6,MKC-MY2AA38,1.0,1.0,SKD6G2242
5,NC-205-516AA20,62.0,1000.0,SKD11025067
6,NC-205-516AA20,1.0,1.0,SKD6G2545
5,NC-205-617AA20,62.0,1000.0,SKD11025067
6,NC-205-617AA20,1.0,1.0,SKD6G2545
5,NC-269-512A33,55.0,1000.0,SUJ3038068
6,NC-269-512A33,1.0,1.0,S6H3822
5,NC-269-512BA33,55.0,1000.0,SUJ3038068
6,NC-269-512BA33,1.0,1.0,S6H3822
5,NC-269-513B33,140.0,1000.0,SUJ3038068
6,NC-269-513B33,1.0,1.0,S6H3856
5,NC-269-513BB33,117.0,1000.0,SKD11035065
6,NC-269-513BB33,1.0,1.0,SKD6E3560
5,NC-269-566AA38,148.0,1000.0,SKD11040085
6,NC-269-566AA38,1.0,1.0,SKD8E4053
5,NC-271-551AA33,49.0,1000.0,SKD11029082
6,NC-271-551AA33,1.0,1.0,SKD8B2925
5,NC-272-566AA38,148.0,1000.0,SKD11040085
6,NC-272-566AA38,1.0,1.0,SKD8E4053
5,NC-272-566AB33,148.0,1000.0,SKD11040085
6,NC-272-566AB33,1.0,1.0,SKD8E4053
5,NC-274-622AA30,54.0,1000.0,SKD11015067
6,NC-274-622AA30,1.0,1.0,SKD6G1565
5,NC-283-551AA33,39.0,1000.0,SKD11029082
6,NC-283-551AA33,1.0,1.0,SKD8B2920
5,NC-284-566AA33,148.0,1000.0,SKD11040085
6,NC-284-566AA33,1.0,1.0,SKD8E4053
5,NC-3139-511AA30-NC-MADE,45.0,1000.0,SKD11025067
6,NC-3139-511AA30-NC-MADE,1.0,1.0,SKD6G2532
5,NC-3139-511AA34-NC-MADE,45.0,1000.0,SKD11025067
6,NC-3139-511AA34-NC-MADE,1.0,1.0,SKD6G2532
6,NC-3153-611AA30-ALL,108.0,1000.0,SKD11040082
6,NC-3153-611AA34-ALL,108.0,1000.0,SKD11040082
5,NC-352-621AC33,30.0,1000.0,SKD11027067
6,NC-352-621AC33,1.0,1.0,SKD6G2720
5,NC-352-622AC33,39.0,1000.0,SKD11027067
6,NC-352-622AC33,1.0,1.0,SKD6G2726
5,NC-352-671AA33,30.0,1000.0,SKD11027067
6,NC-352-671AA33,1.0,1.0,SKD6G2720
5,NC-352-672AA33,39.0,1000.0,SKD11027067
6,NC-352-672AA33,1.0,1.0,SKD6G2726
6,NC-355-541,78.0,1000.0,SKD11022067
6,NC-355-541A33,78.0,1000.0,SKD11022067
6,NC-3636-541AA30,78.0,1000.0,SKD11022067
6,NC-41019-617AA30,1.0,1.0,SKD105038
6,NC-4109-611AA26,1.0,1.0,SKD105040
6,NC-4109-611AA30,1.0,1.0,SKD105040
6,NC-4109-611BA26,1.0,1.0,SKD105040
6,NC-4109-611BA30,1.0,1.0,SKD105040
6,NC-4109-612AA26,1.0,1.0,SKD105020
6,NC-4109-612AA30,1.0,1.0,SKD105020
6,NC-4109-613AA26,1.0,1.0,SKD105016
6,NC-4109-613AA30,1.0,1.0,SKD105016
6,NC-4109-613AB30,1.0,1.0,SKD105016
6,NC-4109-614AA26,1.0,1.0,SKD105020
6,NC-4109-614AA30,1.0,1.0,SKD105020
6,NC-4109-615AA26,1.0,1.0,SKD105025
6,NC-4109-615AA30,1.0,1.0,SKD105025
6,NC-4109-615AB30,1.0,1.0,SKD105025
6,NC-4109-616AA26,1.0,1.0,SKD105040
6,NC-4109-616AA30,1.0,1.0,SKD105040
6,NC-4109-617AA26,1.0,1.0,SKD105038
6,NC-4109-617AA30,1.0,1.0,SKD105038
6,NC-4109-618AA26,1.0,1.0,SKD105029
6,NC-4109-618AA30,1.0,1.0,SKD105029
6,NC-4109-619AA26,1.0,1.0,SKD105060
6,NC-4110-619AA30,1.0,1.0,SKD105060
5,NC-4408-543AA30,35.0,1000.0,SKD11022055
6,NC-4408-543AA30,1.0,1.0,SKD5E2235
5,NC-4408-543AA34,35.0,1000.0,SKD11022055
6,NC-4408-543AA34,1.0,1.0,SKD5E2235
5,NC-4408-543AB34,35.0,1000.0,SKD11022055
6,NC-4408-543AB34,1.0,1.0,SKD5E2235
5,NC-479-511AA30,26.0,1000.0,SKD11025055
6,NC-479-511AA30,1.0,1.0,SKD5E2520
6,NC-479-512AA30,45.0,1000.0,SKD11025067
5,NC-479-512AA33,45.0,1000.0,SKD11025067
6,NC-479-512AA33,1.0,1.0,SKD6G2532
6,NC-479-512AA34,45.0,1000.0,SKD11025067
5,NC-479-514AA33,66.0,1000.0,SKD11025067
6,NC-479-514AA33,1.0,1.0,SKD6G2548
5,NC-479-514AA34,66.0,1000.0,SKD11025067
6,NC-479-514AA34,1.0,1.0,SKD6G2548
5,NC-479-514EA34,66.0,1000.0,SKD11025067
6,NC-479-514EA34,62.0,1000.0,SKD6G2548
5,NC-479-515AA33,45.0,1000.0,SKD11025067
6,NC-479-515AA33,1.0,1.0,SKD6G2532
5,NC-479-516AA30,26.0,1000.0,SKD11025055
6,NC-479-516AA30,1.0,1.0,SKD5E2520
5,NC-479-518AA33,66.0,1000.0,SKD11025067
6,NC-479-518AA33,1.0,1.0,SKD6G2548
5,NC-479-611AA34,24.0,1000.0,SKD11025067
6,NC-479-611AA34,1.0,1.0,SKD6G2518
5,NC-479-612AA34,24.0,1000.0,SKD11022067
6,NC-479-612AA34,1.0,1.0,SKD6G2218
5,NC-479-631AA34,24.0,1000.0,SKD11025067
6,NC-479-631AA34,1.0,1.0,SKD6G2518
5,NC-479-632AA34,24.0,1000.0,SKD11022067
6,NC-479-632AA34,1.0,1.0,SKD6G2218
6,NC-5154-611AA30-ALL,45.0,1000.0,SKD11025067
6,NC-5154-611AA34-ALL,45.0,1000.0,SKD11025067
6,NC-5154-612AA30-ALL,45.0,1000.0,SKD11025067
6,NC-5154-612AA34-ALL,45.0,1000.0,SKD11025067
6,NC-5154-615AA30-ALL,45.0,1000.0,SKD11025067
6,NC-5154-615AA34-ALL,45.0,1000.0,SKD11025067
6,NC-5154-615AA36-ALL,45.0,1000.0,SKD11025067
6,NC-5154-616AA30-ALL,45.0,1000.0,SKD11025067
6,NC-5154-616AA34-ALL,45.0,1000.0,SKD11025067
6,NC-5154-616AA36-ALL,45.0,1000.0,SKD11025067
6,NC-5154-621AA36-ALL,45.0,1000.0,SKD11025067
6,NC-5154-622AA36-ALL,45.0,1000.0,SKD11025067
5,NC-5202-516AA36,54.0,1000.0,SKD11015067
6,NC-5202-516AA36,1.0,1.0,SKD6G1565
5,NC-5202-521AA36,54.0,1000.0,SKD11015067
6,NC-5202-521AA36,1.0,1.0,SKD6G1565
5,NC-5520-569AB30,52.0,1000.0,SKD11035090
6,NC-5520-569AB30,1.0,1.0,SKD9Z3520
5,NC-5520-569BA30,52.0,1000.0,SKD11035090
6,NC-5520-569BA30,1.0,1.0,SKD9Z3520
5,NC-580-51738S2,45.0,1000.0,SUJ3038068
6,NC-580-51738S2,1.0,1.0,S6H3818
5,NC-580-611HS2,30.0,1000.0,SKD11022050
6,NC-580-611HS2,1.0,1.0,SKD5Z2230
5,NC-580-611IS2,30.0,1000.0,SKD11022050
6,NC-580-611IS2,1.0,1.0,SKD5Z2230
5,NC-582-53138S2,31.0,1000.0,SKD11022067
6,NC-582-53138S2,1.0,1.0,SKD6G2225
5,NC-582-5317.6,33.0,1000.0,SKD11022067
6,NC-582-5317.6,1.0,1.0,SKD6G2227
5,NC-582-5327.6,33.0,1000.0,SKD11022067
6,NC-582-5327.6,1.0,1.0,SKD6G2227
5,NC-582-53338S2,31.0,1000.0,SKD11022067
6,NC-582-53338S2,1.0,1.0,SKD6G2225
4,NC-582-56138,31.0,1000.0,SKD11022067
5,NC-582-56138,1.0,1.0,SKD6G2225
6,NC-582-56138,1.0,1.0,Z4S-MY1AA38
5,NC-582-621H,47.0,1000.0,SKD11030070
6,NC-582-621H,1.0,1.0,SKD7Z3027
5,NC-582-621HB,47.0,1000.0,SKD11030070
6,NC-582-621HB,1.0,1.0,SKD7Z3027
5,NC-582-621HL,47.0,1000.0,SKD11030070
6,NC-582-621HL,1.0,1.0,SKD7Z3027
5,NC-582-621I,47.0,1000.0,SKD11030070
6,NC-582-621I,1.0,1.0,SKD7Z3027
5,NC-582-621L,47.0,1000.0,SKD11030070
6,NC-582-621L,1.0,1.0,SKD7Z3027
5,NC-582-621LL,47.0,1000.0,SKD11030070
6,NC-582-621LL,1.0,1.0,SKD7Z3027
5,NC-59-615,87.0,1000.0,SKD11035065
6,NC-59-615,1.0,1.0,SKD6E3540
5,NC-600-51330,43.0,1000.0,SKD11021082
6,NC-600-51330,1.0,1.0,SKD8B2130
5,NC-603-53230,45.0,1000.0,SKD11025067
6,NC-603-53230,1.0,1.0,SKD6G2532
5,NC-603-53330,45.0,1000.0,SKD11025067
6,NC-603-53330,1.0,1.0,SKD6G2532
5,NC-603-621AB,43.0,1000.0,SKD11022067
6,NC-603-621AB,1.0,1.0,SKD6G2235
5,NC-603-621AL,43.0,1000.0,SKD11022067
6,NC-603-621AL,1.0,1.0,SKD6G2235
5,NC-603-621B,43.0,1000.0,SKD11022067
6,NC-603-621B,1.0,1.0,SKD6G2235
5,NC-603-621BB,43.0,1000.0,SKD11022067
6,NC-603-621BB,1.0,1.0,SKD6G2235
5,NC-603-621C,43.0,1000.0,SKD11022067
6,NC-603-621C,1.0,1.0,SKD6G2235
5,NC-603-621CB,43.0,1000.0,SKD11022067
6,NC-603-621CB,1.0,1.0,SKD6G2235
5,NC-603-621D,43.0,1000.0,SKD11022067
6,NC-603-621D,1.0,1.0,SKD6G2235
5,NC-603-621DB,43.0,1000.0,SKD11022067
6,NC-603-621DB,1.0,1.0,SKD6G2235
4,NC-603-643AA,87.0,1000.0,SKD11035065
5,NC-603-643AA,1.0,1.0,SKD6E3538
6,NC-603-643AA,1.0,1.0,3S-ME1A
4,NC-603-643BA,87.0,1000.0,SKD11035065
5,NC-603-643BA,1.0,1.0,SKD6E3538
6,NC-603-643BA,1.0,1.0,3S-ME1A
4,NC-603-643CA,87.0,1000.0,SKD11035065
5,NC-603-643CA,1.0,1.0,SKD6E3538
6,NC-603-643CA,1.0,1.0,3S-ME1A
4,NC-603-643PA,87.0,1000.0,SKD11035065
5,NC-603-643PA,1.0,1.0,SKD6E3538
6,NC-603-643PA,1.0,1.0,3S-ME1A
4,NC-603-643QA,87.0,1000.0,SKD11035065
5,NC-603-643QA,1.0,1.0,SKD6E3538
6,NC-603-643QA,1.0,1.0,3S-ME1A
4,NC-603-643RA,87.0,1000.0,SKD11035065
5,NC-603-643RA,1.0,1.0,SKD6E3538
6,NC-603-643RA,1.0,1.0,3S-ME1A
5,NC-608-641A,86.0,1000.0,SKD11040065
6,NC-608-641A,1.0,1.0,SKD6E4040
5,NC-608-641PA30,86.0,1000.0,SKD11040065
6,NC-608-641PA30,1.0,1.0,SKD6E4040
5,NC-6105-626AB38,98.0,1000.0,SKD11040085
6,NC-6105-626AB38,1.0,1.0,SKD8E4035
5,NC-616-604,61.0,1000.0,SKD11022067
6,NC-616-604,1.0,1.0,SKD6G2250
5,NC-616-605,61.0,1000.0,SKD11022067
6,NC-616-605,1.0,1.0,SKD6G2250
5,NC-616-606,61.0,1000.0,SKD11022067
6,NC-616-606,1.0,1.0,SKD6G2250
5,NC-620-515X,45.0,1000.0,SUJ3038068
6,NC-620-515X,1.0,1.0,S6H3818
5,NC-620-515XM,45.0,1000.0,SUJ3038068
6,NC-620-515XM,1.0,1.0,S6H3818
5,NC-6210-626AA34,36.0,1000.0,SKD11015067
6,NC-6210-626AA34,1.0,1.0,SKD6G1542
5,NC-6210-626AB34,36.0,1000.0,SKD11015067
6,NC-6210-626AB34,1.0,1.0,SKD6G1542
5,NC-6210-626BA34,36.0,1000.0,SKD11015067
6,NC-6210-626BA34,1.0,1.0,SKD6G1542
5,NC-623-544BA26,125.0,1000.0,SKD11035067
6,NC-623-544BA26,1.0,1.0,SKD6G3565
5,NC-623-546C,58.0,1000.0,SKD11015067
6,NC-623-546C,1.0,1.0,SKD6G1552
5,NC-631-5014QA34,78.0,1000.0,SKD11029082
6,NC-631-5014QA34,1.0,1.0,SKD8B2940
5,NC-631-511A30,45.0,1000.0,SKD11030070
6,NC-631-511A30,1.0,1.0,SKD7Z3026
5,NC-631-511FB30,45.0,1000.0,SKD11030070
6,NC-631-511FB30,1.0,1.0,SKD7Z3026
5,NC-631-511FB34,45.0,1000.0,SKD11030070
6,NC-631-511FB34,1.0,1.0,SKD7Z3026
5,NC-631-512C30,28.0,1000.0,SKD11029082
6,NC-631-512C30,1.0,1.0,SKD8B2914
5,NC-631-512C34,28.0,1000.0,SKD11029082
6,NC-631-512C34,1.0,1.0,SKD8B2914
5,NC-631-513B,25.0,1000.0,SKD11030070
6,NC-631-513B,1.0,1.0,SKD7Z3014
5,NC-631-513C,25.0,1000.0,SKD11030070
6,NC-631-513C,1.0,1.0,SKD7Z3014
5,NC-631-514N30,78.0,1000.0,SKD11029082
6,NC-631-514N30,1.0,1.0,SKD8B2940
5,NC-631-514NL30,78.0,1000.0,SKD11029082
6,NC-631-514NL30,1.0,1.0,SKD8B2940
5,NC-631-514PA30,78.0,1000.0,SKD11029082
6,NC-631-514PA30,1.0,1.0,SKD8B2940
5,NC-631-514PA34,78.0,1000.0,SKD11029082
6,NC-631-514PA34,1.0,1.0,SKD8B2940
5,NC-631-514PA38,78.0,1000.0,SKD11029082
6,NC-631-514PA38,1.0,1.0,SKD8B2940
5,NC-631-514QA30,78.0,1000.0,SKD11029082
6,NC-631-514QA30,1.0,1.0,SKD8B2940
5,NC-631-514QA34,78.0,1000.0,SKD11029082
6,NC-631-514QA34,1.0,1.0,SKD8B2940
5,NC-631-514QA38,78.0,1000.0,SKD11029082
6,NC-631-514QA38,1.0,1.0,SKD8B2940
5,NC-631-51530,68.0,1000.0,SKD11021082
6,NC-631-51530,1.0,1.0,SKD8B2148
5,NC-631-516G30,108.0,1000.0,SKD11040082
6,NC-631-516G30,1.0,1.0,SKD8B4040
5,NC-631-516GL30,108.0,1000.0,SKD11040082
6,NC-631-516GL30,1.0,1.0,SKD8B4040
5,NC-631-516H30,108.0,1000.0,SKD11040082
6,NC-631-516H30,1.0,1.0,SKD8B4040
5,NC-631-516HL30,108.0,1000.0,SKD11040082
6,NC-631-516HL30,1.0,1.0,SKD8B4040
5,NC-631-516I30,108.0,1000.0,SKD11040082
6,NC-631-516I30,1.0,1.0,SKD8B4040
5,NC-631-516IL30,108.0,1000.0,SKD11040082
6,NC-631-516IL30,1.0,1.0,SKD8B4040
5,NC-631-516JA30,108.0,1000.0,SKD11040082
6,NC-631-516JA30,1.0,1.0,SKD8B4040
5,NC-631-516JA34,108.0,1000.0,SKD11040082
6,NC-631-516JA34,1.0,1.0,SKD8B4040
5,NC-631-516JA38,108.0,1000.0,SKD11040082
6,NC-631-516JA38,1.0,1.0,SKD8B4040
5,NC-631-516KA30,108.0,1000.0,SKD11040082
6,NC-631-516KA30,1.0,1.0,SKD8B4040
5,NC-631-516KA34,108.0,1000.0,SKD11040082
6,NC-631-516KA34,1.0,1.0,SKD8B4040
5,NC-631-516KA38,108.0,1000.0,SKD11040082
6,NC-631-516KA38,1.0,1.0,SKD8B4040
5,NC-631-516LA30,108.0,1000.0,SKD11040082
6,NC-631-516LA30,1.0,1.0,SKD8B4040
5,NC-631-516LA34,108.0,1000.0,SKD11040082
6,NC-631-516LA34,1.0,1.0,SKD8B4040
5,NC-631-516LA38,108.0,1000.0,SKD11040082
6,NC-631-516LA38,1.0,1.0,SKD8B4040
5,NC-631-516MA30,108.0,1000.0,SKD11040082
6,NC-631-516MA30,1.0,1.0,SKD8B4040
5,NC-631-516MA34,108.0,1000.0,SKD11040082
6,NC-631-516MA34,1.0,1.0,SKD8B4040
5,NC-631-516MA38,108.0,1000.0,SKD11040082
6,NC-631-516MA38,1.0,1.0,SKD8B4040
5,NC-631-516NA30,108.0,1000.0,SKD11040082
6,NC-631-516NA30,1.0,1.0,SKD8B4040
5,NC-631-516NA34,108.0,1000.0,SKD11040082
6,NC-631-516NA34,1.0,1.0,SKD8B4040
5,NC-631-516NA38,108.0,1000.0,SKD11040082
6,NC-631-516NA38,1.0,1.0,SKD8B4040
5,NC-631-516PA30,108.0,1000.0,SKD11040082
6,NC-631-516PA30,1.0,1.0,SKD8B4040
5,NC-631-516PA34,108.0,1000.0,SKD11040082
6,NC-631-516PA34,1.0,1.0,SKD8B4040
5,NC-631-516PA38,108.0,1000.0,SKD11040082
6,NC-631-516PA38,1.0,1.0,SKD8B4040
5,NC-631-51730,78.0,1000.0,SKD11029082
6,NC-631-51730,1.0,1.0,SKD8B2940
5,NC-631-517AA30,78.0,1000.0,SKD11029082
6,NC-631-517AA30,1.0,1.0,SKD8B2940
5,NC-631-51830,98.0,1000.0,SKD11029082
6,NC-631-51830,1.0,1.0,SKD8B2950
5,NC-631-51930,78.0,1000.0,SKD11029082
6,NC-631-51930,1.0,1.0,SKD8B2940
5,NC-631-52030,86.0,1000.0,SKD11029082
6,NC-631-52030,1.0,1.0,SKD8B2944
5,NC-631-520AA30,86.0,1000.0,SKD11029082
6,NC-631-520AA30,1.0,1.0,SKD8B2944
5,NC-631-52130,63.0,1000.0,SKD11021082
6,NC-631-52130,1.0,1.0,SKD8B2144
5,NC-631-631B30,141.0,1000.0,SKD11027067
6,NC-631-631B30,1.0,1.0,SKD6G2795
5,NC-631-631BL30,141.0,1000.0,SKD11027067
6,NC-631-631BL30,1.0,1.0,SKD6G2795
5,NC-631-633B30,61.0,1000.0,SKD11022067
6,NC-631-633B30,1.0,1.0,SKD6G2250
5,NC-631-634B30,141.0,1000.0,SKD11027067
6,NC-631-634B30,1.0,1.0,SKD6G2795
6,NC-631-65126,1.0,1.0,SKD135018
6,NC-631-651L26,1.0,1.0,SKD135018
6,NC-631-65226,1.0,1.0,SKD135018
6,NC-631-652L26,1.0,1.0,SKD135018
5,NC-65-566BY,148.0,1000.0,SKD11040085
6,NC-65-566BY,1.0,1.0,SKD8E4053
5,NC-710-519B,140.0,1000.0,SUJ3038068
6,NC-710-519B,1.0,1.0,S6H3856
5,NC-710-521B,95.0,1000.0,SUJ3038068
6,NC-710-521B,1.0,1.0,S6H3838
6,NC-714-514AA34,1.0,1.0,SKD161625
3,NC-73-518AS,43.0,1000.0,SKD11025067
4,NC-73-518AS,1.0,1.0,SKD6G2531
5,NC-73-518AS,1.0,1.0,LIM-MY1
6,NC-73-518AS,1.0,1.0,LIM-DY1
5,NC-742-511,30.0,1000.0,SKD11027067
6,NC-742-511,1.0,1.0,SKD6G2720
5,NC-742-511B,30.0,1000.0,SKD11027067
6,NC-742-511B,1.0,1.0,SKD6G2720
5,NC-742-51230S2,69.0,1000.0,SKD11030070
6,NC-742-51230S2,1.0,1.0,SKD7Z3040
5,NC-748-515AA30,69.0,1000.0,SKD11030070
6,NC-748-515AA30,1.0,1.0,SKD7Z3040
5,NC-748-525AA,30.0,1000.0,SKD11027067
6,NC-748-525AA,1.0,1.0,SKD6G2720
5,NC-748-611AA30,168.0,1000.0,SKD11050085
6,NC-748-611AA30,1.0,1.0,SKD8E5048
5,NC-748-651AA30,63.0,1000.0,SKD11050085
6,NC-748-651AA30,1.0,1.0,SKD8E5018
5,NC-753-651AA,54.0,1000.0,SKD11015067
6,NC-753-651AA,1.0,1.0,SKD6G1565
5,NC-753-651BA,54.0,1000.0,SKD11015067
6,NC-753-651BA,1.0,1.0,SKD6G1565
5,NC-790-511S2,30.0,1000.0,SKD11027067
6,NC-790-511S2,1.0,1.0,SKD6G2720
5,NC-790-51230S2,44.0,1000.0,SKD11030070
6,NC-790-51230S2,1.0,1.0,SKD7Z3025
5,NC-790-611F30S2,70.0,1000.0,SKD11030055
6,NC-790-611F30S2,1.0,1.0,SKD5E3050
5,NC-790-611H30S2,70.0,1000.0,SKD11030055
6,NC-790-611H30S2,1.0,1.0,SKD5E3050
6,NC-850-511B,1.0,1.0,RSY-DY1B
6,NC-881-517A,80.0,1000.0,SKD11029082
5,NC-882-552AA36,41.0,1000.0,SKD11015067
6,NC-882-552AA36,1.0,1.0,SKD6G1535
5,NC-888-621AA,55.0,1000.0,SKD11050067
6,NC-888-621AA,1.0,1.0,SKD6G5020
5,NC-959-543AA30,35.0,1000.0,SKD11022055
6,NC-959-543AA30,1.0,1.0,SKD5E2235
5,NC-959-543AA34,35.0,1000.0,SKD11022055
6,NC-959-543AA34,1.0,1.0,SKD5E2235
5,NC-959-543AB30,35.0,1000.0,SKD11022055
6,NC-959-543AB30,1.0,1.0,SKD5E2235
5,NC-959-543AB34,35.0,1000.0,SKD11022055
6,NC-959-543AB34,1.0,1.0,SKD5E2235
5,NC-95B-55118S2,33.0,1000.0,SKD11025067
6,NC-95B-55118S2,1.0,1.0,SKD6G2524
5,NC-95B-55124S2,33.0,1000.0,SKD11025067
6,NC-95B-55124S2,1.0,1.0,SKD6G2524
5,NC-960-511BA34,38.0,1000.0,SKD11025067
6,NC-960-511BA34,1.0,1.0,SKD6G2527
5,NC-960-558BA30,62.0,1000.0,SKD11025067
6,NC-960-558BA30,1.0,1.0,SKD6G2545
5,NC-960-558CA30,62.0,1000.0,SKD11025067
6,NC-960-558CA30,1.0,1.0,SKD6G2545
5,NC-960-566BB26,63.0,1000.0,SKD11029082
6,NC-960-566BB26,1.0,1.0,SKD8B2932
5,NC-960-566BB30,63.0,1000.0,SKD11029082
6,NC-960-566BB30,1.0,1.0,SKD8B2932
5,NC-960-566BB34,63.0,1000.0,SKD11029082
6,NC-960-566BB34,1.0,1.0,SKD8B2932
5,NC-960-566CB30,78.0,1000.0,SKD11029082
6,NC-960-566CB30,1.0,1.0,SKD8B2940
5,NC-960-566CB34,78.0,1000.0,SKD11029082
6,NC-960-566CB34,1.0,1.0,SKD8B2940
5,NC-972-651AB26,63.0,1000.0,SKD11050085
6,NC-972-651AB26,1.0,1.0,SKD8E5018
5,NC-972-671AB26,63.0,1000.0,SKD11050085
6,NC-972-671AB26,1.0,1.0,SKD8E5018
5,NC-976-511EA30,38.0,1000.0,SKD11025067
6,NC-976-511EA30,1.0,1.0,SKD6G2527
5,NC-976-512BA30,45.0,1000.0,SKD11025067
6,NC-976-512BA30,1.0,1.0,SKD6G2532
5,NC-B336-541AA34,61.0,1000.0,SKD11018067
6,NC-B336-541AA34,1.0,1.0,SKD6G1862
6,NC-B336-541AA38,61.0,1000.0,SKD11018067
5,NC-SPL-1123A,69.0,1000.0,SKD11030070
6,NC-SPL-1123A,1.0,1.0,SKD7Z3040
5,NEC72-DX2AA30,50.0,1000.0,SUJ3038056-44
6,NEC72-DX2AA30,1.0,1.0,S5F3822
4,NEC72-DY1C30,70.0,1000.0,SUJ3038068
5,NEC72-DY1C30,1.0,1.0,S6H3825
6,NEC72-DY1C30,1.0,1.0,NEC72-MY1C30
4,NEC72-DY2A30,30.0,1000.0,SUJ3032068
5,NEC72-DY2A30,1.0,1.0,S6H2315P
6,NEC72-DY2A30,1.0,1.0,NEC72-MY2A30
4,NEC72-DY2BA30,30.0,1000.0,SUJ3032068
5,NEC72-DY2BA30,1.0,1.0,S6H2315P
6,NEC72-DY2BA30,1.0,1.0,NEC72-MY2BA30
5,NEC72-MB3A30,75.0,1000.0,SUJ3038068
6,NEC72-MB3A30,1.0,1.0,S6H3828
5,NEC72-MC2A30,55.0,1000.0,SUJ3038068
6,NEC72-MC2A30,1.0,1.0,S6H3822
5,NEC72-MT930,120.0,1000.0,SUJ3019019
6,NEC72-MT930,1.0,1.0,S161655
4,NLEC72-DC1CA30,45.0,1000.0,SUJ3038068
5,NLEC72-DC1CA30,1.0,1.0,S6H3416P
6,NLEC72-DC1CA30,1.0,1.0,NLEC72-MC1CA30
4,NLEC72-DC2A30,55.0,1000.0,SUJ3038068
5,NLEC72-DC2A30,1.0,1.0,S6H3822
6,NLEC72-DC2A30,1.0,1.0,NLEC72-MC2A30
4,NLEC72-DC2CA30,55.0,1000.0,SUJ3038068
5,NLEC72-DC2CA30,1.0,1.0,S6H2630P
6,NLEC72-DC2CA30,1.0,1.0,NLEC72-MC2CA30
4,NLEC72-DX0AA30,45.0,1000.0,SUJ3038068
5,NLEC72-DX0AA30,1.0,1.0,S6H3818
6,NLEC72-DX0AA30,1.0,1.0,NLEC72-MX0AA30
4,NLEC72-DX1AA30,55.0,1000.0,SUJ3038068
5,NLEC72-DX1AA30,1.0,1.0,S6H3822
6,NLEC72-DX1AA30,1.0,1.0,NLEC72-MX1AA30
5,NLEC72-MC3A30,75.0,1000.0,SUJ3038068
6,NLEC72-MC3A30,1.0,1.0,S6H3828
5,NRFI-MB1AA26,62.0,1000.0,SKD11035067
6,NRFI-MB1AA26,1.0,1.0,SKD6G3532
5,NRFI-MY1AA38,63.0,1000.0,SKD11030085
6,NRFI-MY1AA38,1.0,1.0,SKD8E3030
5,NRFI-MY3AA38,63.0,1000.0,SKD11030085
6,NRFI-MY3AA38,1.0,1.0,SKD8E3030
5,NRFI-MY4AA38,63.0,1000.0,SKD11030085
6,NRFI-MY4AA38,1.0,1.0,SKD8E3030
5,NRFI-MY5AA38,47.0,1000.0,SKD11030070
6,NRFI-MY5AA38,1.0,1.0,SKD7Z3027
5,NY2-MB4AA36,70.0,1000.0,SKD11015067
6,NY2-MB4AA36,1.0,1.0,SKD6G1584
5,NY2-MB4BA36,36.0,1000.0,SKD11015067
6,NY2-MB4BA36,1.0,1.0,SKD6G1542
5,NY2-MX1AA30,54.0,1000.0,SKD11015067
6,NY2-MX1AA30,1.0,1.0,SKD6G1565
5,NY2-MX1AA33,58.0,1000.0,SKD11015067
6,NY2-MX1AA33,1.0,1.0,SKD6G1552
5,NY2-MX1AA36,62.0,1000.0,SKD11015067
6,NY2-MX1AA36,1.0,1.0,SKD6G1556
5,NY2-MY6AA36,62.0,1000.0,SKD11015067
6,NY2-MY6AA36,1.0,1.0,SKD6G1556
5,NY2RD4-MY1AA33,31.0,1000.0,SKD11035065
6,NY2RD4-MY1AA33,1.0,1.0,SKD6E3525
5,NY2RD4-MY2AA33,62.0,1000.0,SKD11035067
6,NY2RD4-MY2AA33,1.0,1.0,SKD6G3532
5,NY2RD4-MY2AA36,68.0,1000.0,SKD11035067
6,NY2RD4-MY2AA36,1.0,1.0,SKD6G3535
5,NY2RD4-MZ5AA36,62.0,1000.0,SKD11015067
6,NY2RD4-MZ5AA36,1.0,1.0,SKD6G1556
5,NY6-MB2AA33,69.0,1000.0,SKD11025067
6,NY6-MB2AA33,1.0,1.0,SKD6G2550
5,NY6-MB2AA36,62.0,1000.0,SKD11025067
6,NY6-MB2AA36,1.0,1.0,SKD6G2545
5,NY6-MB3AA36,83.0,1000.0,SKD11025067
6,NY6-MB3AA36,1.0,1.0,SKD6G2560
5,NY6-MB4AA36,77.0,1000.0,SKD11015067
6,NY6-MB4AA36,1.0,1.0,SKD6G1593
5,NY6-MB4BA33,58.0,1000.0,SKD11015067
6,NY6-MB4BA33,1.0,1.0,SKD6G1552
5,NY6-MB4BA36,58.0,1000.0,SKD11015067
6,NY6-MB4BA36,1.0,1.0,SKD6G1552
5,NY6-MX1AA33,58.0,1000.0,SKD11015067
6,NY6-MX1AA33,1.0,1.0,SKD6G1570
5,NY6-MX1AA36,54.0,1000.0,SKD11015067
6,NY6-MX1AA36,1.0,1.0,SKD6G1565
5,NY6-MY2AA33,62.0,1000.0,SKD11025067
6,NY6-MY2AA33,1.0,1.0,SKD6G2545
5,NY6-MY2AA36,53.0,1000.0,SKD11025067
6,NY6-MY2AA36,1.0,1.0,SKD6G2538
5,NY6-MY3AA36,90.0,1000.0,SKD11025067
6,NY6-MY3AA36,1.0,1.0,SKD6G2565
5,NY6-MY3AB36,90.0,1000.0,SKD11025067
6,NY6-MY3AB36,1.0,1.0,SKD6G2565
5,NY6-MY6AA33,58.0,1000.0,SKD11015067
6,NY6-MY6AA33,1.0,1.0,SKD6G1570
5,NY6-MY6AA36,54.0,1000.0,SKD11015067
6,NY6-MY6AA36,1.0,1.0,SKD6G1565
5,NY6RD4-MY1AA36,31.0,1000.0,SKD11035065
6,NY6RD4-MY1AA36,1.0,1.0,SKD6E3525
5,NY6RD4-MY2AA36,77.0,1000.0,SKD11035067
6,NY6RD4-MY2AA36,1.0,1.0,SKD6G3540
5,NY6RD4-MY7AA36,116.0,1000.0,SKD11035065
6,NY6RD4-MY7AA36,1.0,1.0,SKD6E3562
5,NY6RD4-MZ5AA33,62.0,1000.0,SKD11015067
6,NY6RD4-MZ5AA33,1.0,1.0,SKD6G1575
5,NY6RD4-MZ5AA36,54.0,1000.0,SKD11015067
6,NY6RD4-MZ5AA36,1.0,1.0,SKD6G1565
5,NYRD-MY2AA33,104.0,1000.0,SKD11047067
6,NYRD-MY2AA33,1.0,1.0,SKD6G4740
5,NYRD-MY7AA33,58.0,1000.0,SKD11015067
6,NYRD-MY7AA33,1.0,1.0,SKD6G1552
5,PJE-MB3AA44,110.0,1000.0,SKD11050067
6,PJE-MB3AA44,1.0,1.0,SKD6G5040
5,PJE-MV1AA44,35.0,1000.0,SKD11030070
6,PJE-MV1AA44,1.0,1.0,SKD7Z3020
5,PJE-MW1AA44,44.0,1000.0,SKD11030070
6,PJE-MW1AA44,1.0,1.0,SKD7Z3025
5,PJE-MW3AA44,85.0,1000.0,SKD11032072
6,PJE-MW3AA44,1.0,1.0,SKD7B3245
5,PJE-MW4AA44,85.0,1000.0,SKD11032072
6,PJE-MW4AA44,1.0,1.0,SKD7B3245
5,PJE-MX1AA44,67.0,1000.0,SKD11032072
6,PJE-MX1AA44,1.0,1.0,SKD7B3235
5,PJE-MX3AA44,67.0,1000.0,SKD11032072
6,PJE-MX3AA44,1.0,1.0,SKD7B3235
5,PJE-MX4AA44,67.0,1000.0,SKD11032072
6,PJE-MX4AA44,1.0,1.0,SKD7B3235
5,PJE-MY2AA44,85.0,1000.0,SKD11032072
6,PJE-MY2AA44,1.0,1.0,SKD7B3245
5,PJE-MY3AA44,85.0,1000.0,SKD11032072
6,PJE-MY3AA44,1.0,1.0,SKD7B3245
5,PJE-MY4AA44,85.0,1000.0,SKD11032072
6,PJE-MY4AA44,1.0,1.0,SKD7B3245
5,PJE-MZ5AA44,62.0,1000.0,SKD11015067
6,PJE-MZ5AA44,1.0,1.0,SKD6G1575
5,PL12-MY1AA24,31.0,1000.0,SKD11025067
6,PL12-MY1AA24,1.0,1.0,SKD6G2522
5,PL12-MY2AA24,86.0,1000.0,SKD11029082
6,PL12-MY2AA24,1.0,1.0,SKD8B2944
5,PL12-MY4AA24,104.0,1000.0,SKD11027067
6,PL12-MY4AA24,1.0,1.0,SKD6G2770
4,PL2C-DB230,40.0,1000.0,SKD11022050
5,PL2C-DB230,1.0,1.0,SKD5Z2240
6,PL2C-DB230,1.0,1.0,PL2C-MB230
4,PL2C-DY2,182.0,1000.0,SKD11040085
5,PL2C-DY2,1.0,1.0,SKD8E4065
6,PL2C-DY2,1.0,1.0,PL2C-MY2
5,PL2C-DY6C30,104.0,1000.0,SKD11032072
6,PL2C-DY6C30,1.0,1.0,SKD7B3255
5,PL2C-MB2B,45.0,1000.0,SKD11022055
6,PL2C-MB2B,1.0,1.0,SKD5E2245
5,PL2C-MD1BA30,214.0,1000.0,SKD11040065
6,PL2C-MD1BA30,1.0,1.0,SKD6E4099
5,PL2C-MY1,52.0,1000.0,SKD11035067
6,PL2C-MY1,1.0,1.0,SKD6G3527
5,PL2C-MY1C30,104.0,1000.0,SKD11032072
6,PL2C-MY1C30,1.0,1.0,SKD7B3255
5,PL2C-MY226,182.0,1000.0,SKD11040085
6,PL2C-MY226,1.0,1.0,SKD8E4065
5,PL2C-MY2B26,182.0,1000.0,SKD11040085
6,PL2C-MY2B26,1.0,1.0,SKD8E4065
4,PL2-DB2,25.0,1000.0,SKD11022055
5,PL2-DB2,1.0,1.0,SKD5E2225
6,PL2-DB2,1.0,1.0,PL2-MB2
4,PL2-DH126,91.0,1000.0,SKD11027067
5,PL2-DH126,1.0,1.0,SKD6G2761
6,PL2-DH126,1.0,1.0,PL2-MH126
4,PL2-DY1,30.0,1000.0,SKD11027067
5,PL2-DY1,1.0,1.0,SKD6G2720
6,PL2-DY1,1.0,1.0,PL2-MY1
4,PL2-DY2,69.0,1000.0,SKD11030070
5,PL2-DY2,1.0,1.0,SKD7Z3040
6,PL2-DY2,1.0,1.0,PL2-MY2
4,PL2-DY236,76.0,1000.0,SKD11032072
5,PL2-DY236,1.0,1.0,SKD7B3240
6,PL2-DY236,1.0,1.0,PL2-MY236
4,PL2-DY326,69.0,1000.0,SKD11030070
5,PL2-DY326,1.0,1.0,SKD7Z3040
6,PL2-DY326,1.0,1.0,PL2-MY2
4,PL2-DY6C30,104.0,1000.0,SKD11032072
5,PL2-DY6C30,1.0,1.0,SKD7B3255
6,PL2-DY6C30,1.0,1.0,PL2-MY6C30
4,PL3-DB224,25.0,1000.0,SKD11022055
5,PL3-DB224,1.0,1.0,SKD5E2225
6,PL3-DB224,1.0,1.0,PL3-MB224
5,PL3-MX1AA24,31.0,1000.0,SKD11025067
6,PL3-MX1AA24,1.0,1.0,SKD6G2522
5,PL3-MX2AA24,86.0,1000.0,SKD11029082
6,PL3-MX2AA24,1.0,1.0,SKD8B2944
5,PL3-MY124,28.0,1000.0,SKD11025067
6,PL3-MY124,1.0,1.0,SKD6G2520
5,PL3-MY224,78.0,1000.0,SKD11030070
6,PL3-MY224,1.0,1.0,SKD7Z3045
4,PLP2B-DB6AA30,206.0,1000.0,SKD11050085
5,PLP2B-DB6AA30,1.0,1.0,SKD8E5059
6,PLP2B-DB6AA30,1.0,1.0,PLP2B-MB6AA30
4,PLP2B-DX2AA30,85.0,1000.0,SKD11032072
5,PLP2B-DX2AA30,1.0,1.0,SKD7B3245
6,PLP2B-DX2AA30,1.0,1.0,PLP2B-MX2AA30
4,PLP2B-DX5AA,30.0,1000.0,SKD11027067
5,PLP2B-DX5AA,1.0,1.0,SKD6G2720
6,PLP2B-DX5AA,1.0,1.0,PLP2B-MX5AA
6,PLP2B-MB1AA19,1.0,1.0,SKD105065
6,PLP2B-MF1AA19,1.0,1.0,SKD102545
5,PLP2B-MY1AA19,39.0,1000.0,SKD11027067
6,PLP2B-MY1AA19,1.0,1.0,SKD6G2726
5,PLP2B-MY2AA18,85.0,1000.0,SKD11032072
6,PLP2B-MY2AA18,1.0,1.0,SKD7B3245
5,PLP2B-MY2AA19,95.0,1000.0,SKD11032072
6,PLP2B-MY2AA19,1.0,1.0,SKD7B3250
5,PLP2B-MY4AA18,133.0,1000.0,SKD11032072
6,PLP2B-MY4AA18,1.0,1.0,SKD7B3270
5,PLP2B-MY4AA19,133.0,1000.0,SKD11032072
6,PLP2B-MY4AA19,1.0,1.0,SKD7B3270
4,PLP2-DB2AA60,77.0,1000.0,SKD11050085
5,PLP2-DB2AA60,1.0,1.0,SKD8E5022
6,PLP2-DB2AA60,1.0,1.0,PLP2-MB2AA60
4,PLP-DB1B26,182.0,1000.0,SKD11040085
5,PLP-DB1B26,1.0,1.0,SKD8E4065
6,PLP-DB1B26,1.0,1.0,PLP-MB1B26
6,PLPFY6-MB1AA30,1.0,1.0,SKD105046
6,PLPFY6-MB2AA30,1.0,1.0,SKD105016
5,PLPFY6-MY2AA34,76.0,1000.0,SKD11032072
6,PLPFY6-MY2AA34,1.0,1.0,SKD7B3240
4,PLPR-DY2AA,78.0,1000.0,SKD11029082
5,PLPR-DY2AA,1.0,1.0,SKD8B2940
6,PLPR-DY2AA,1.0,1.0,PLPR-MY2AA
4,PLPR-DY4AA,108.0,1000.0,SKD11029082
5,PLPR-DY4AA,1.0,1.0,SKD8B2955
6,PLPR-DY4AA,1.0,1.0,PLPR-MY4AA
6,PLPR-MF1AA26,1.0,1.0,SKD105020
5,PLPR-MX5AA,24.0,1000.0,SKD11025067
6,PLPR-MX5AA,1.0,1.0,SKD6G2518
5,PLPR-MY1AA,24.0,1000.0,SKD11025067
6,PLPR-MY1AA,1.0,1.0,SKD6G2518
4,PLPY-DB1,100.0,1000.0,SKD11030055
5,PLPY-DB1,1.0,1.0,SKD5E3070
6,PLPY-DB1,1.0,1.0,PLPY-MB1
6,PLPY-DB330,1.0,1.0,PLPY-MB330
5,PLPY-DB3G30,70.0,1000.0,SKD11030055
6,PLPY-DB3G30,1.0,1.0,SKD5E3050
4,PLPY-DD326,70.0,1000.0,SKD11030055
5,PLPY-DD326,1.0,1.0,SKD5E3050
6,PLPY-DD326,1.0,1.0,PLPY-MD326
4,PLPY-DY3,110.0,1000.0,SUJ3032085
5,PLPY-DY3,1.0,1.0,S8E3240
6,PLPY-DY3,1.0,1.0,PLPY-MY3
5,PLPY-MY530,169.0,1000.0,SKD11030070
6,PLPY-MY530,1.0,1.0,SKD7Z3098
5,RDS4-MY2AA32,84.0,1000.0,SKD11040085
6,RDS4-MY2AA32,1.0,1.0,SKD8E4030
5,RDS4-MZ5AA30,50.0,1000.0,SKD11021082
6,RDS4-MZ5AA30,1.0,1.0,SKD8B2135
5,RDS4-MZ5AA32,57.0,1000.0,SKD11021082
6,RDS4-MZ5AA32,1.0,1.0,SKD8B2140
5,RDS4-MZ5AB30,50.0,1000.0,SKD11021082
6,RDS4-MZ5AB30,1.0,1.0,SKD8B2135
5,RDS4-MZ5AC30,67.0,1000.0,SKD11032072
6,RDS4-MZ5AC30,1.0,1.0,SKD7B3235
5,RDS4-MZ5AC32,76.0,1000.0,SKD11032072
6,RDS4-MZ5AC32,1.0,1.0,SKD7B3240
5,RDS4-MZ5AE32,76.0,1000.0,SKD11032072
6,RDS4-MZ5AE32,1.0,1.0,SKD7B3240
5,RDS4Y6-MY1BA30,35.0,1000.0,SKD11030070
6,RDS4Y6-MY1BA30,1.0,1.0,SKD7Z3020
5,RDS4Y6-MY2AA30,148.0,1000.0,SKD11040085
6,RDS4Y6-MY2AA30,1.0,1.0,SKD8E4053
5,RDS4Y6-MZ5AA30,114.0,1000.0,SKD11032072
6,RDS4Y6-MZ5AA30,1.0,1.0,SKD7B3260
5,RDS4Y6-MZ5AB30,114.0,1000.0,SKD11032072
6,RDS4Y6-MZ5AB30,1.0,1.0,SKD7B3260
5,RDSY-MY1AA30,24.0,1000.0,SKD11022067
6,RDSY-MY1AA30,1.0,1.0,SKD6G2218
5,RDSY-MY2AA30,78.0,1000.0,SKD11030070
6,RDSY-MY2AA30,1.0,1.0,SKD7Z3045
5,RDSY-MY2AC26,86.0,1000.0,SKD11029082
6,RDSY-MY2AC26,1.0,1.0,SKD8B2944
5,RDSY-MY2AC30,78.0,1000.0,SKD11030070
6,RDSY-MY2AC30,1.0,1.0,SKD7Z3045
5,RDSY-MY6BA30,93.0,1000.0,SKD11030070
6,RDSY-MY6BA30,1.0,1.0,SKD7Z3054
5,RDSY-MZ5AA26,78.0,1000.0,SKD11021082
6,RDSY-MZ5AA26,1.0,1.0,SKD8B2155
3,RE-603-53130,45.0,1000.0,SKD11025067
4,RE-603-53130,1.0,1.0,SKD6G2532
5,RE-603-53130,1.0,1.0,3S-MY1
6,RE-603-53130,1.0,1.0,3S-DY1
3,RE-603-53130-F,45.0,1000.0,SKD11025067
4,RE-603-53130-F,1.0,1.0,SKD6G2532
5,RE-603-53130-F,1.0,1.0,3S-MY1
6,RE-603-53130-F,1.0,1.0,3S-DY1
5,RE-8.2X21X25,36.0,1000.0,SKD11021082
6,RE-8.2X21X25,1.0,1.0,SKD8B2125
5,RE-8.2X21X40,57.0,1000.0,SKD11021082
6,RE-8.2X21X40,1.0,1.0,SKD8B2140
4,RE-S3.2RE-MB1AA30,111.0,1000.0,SKD11040085
5,RE-S3.2RE-MB1AA30,1.0,1.0,SKD8E4040
6,RE-S3.2RE-MB1AA30,1.0,1.0,S3.2RE-MB1AA30
4,RS2Y-DY226,57.0,1000.0,SKD11021082
5,RS2Y-DY226,1.0,1.0,SKD8B2140
6,RS2Y-DY226,1.0,1.0,RS2Y-MY226
5,RSCYME-MX1AA,26.0,1000.0,SKD11022067
6,RSCYME-MX1AA,1.0,1.0,SKD6G2220
5,RSCYME-MY1AA,26.0,1000.0,SKD11022067
6,RSCYME-MY1AA,1.0,1.0,SKD6G2220
5,RSCYME-MY4AA34,63.0,1000.0,SKD11021082
6,RSCYME-MY4AA34,1.0,1.0,SKD8B2144
4,RS-DB2,50.0,1000.0,SUJ3038056-44
5,RS-DB2,1.0,1.0,S5F3822
6,RS-DB2,1.0,1.0,RS-MB2
5,RSFY3RE-MY4AA30,75.0,1000.0,SKD11029082
6,RSFY3RE-MY4AA30,1.0,1.0,SKD8B2938
5,RSFY3RE-MY4AB30,75.0,1000.0,SKD11029082
6,RSFY3RE-MY4AB30,1.0,1.0,SKD8B2938
5,RSFY3RE-MY4AB34,75.0,1000.0,SKD11029082
6,RSFY3RE-MY4AB34,1.0,1.0,SKD8B2938
5,RSFY4RE-MY1BA,24.0,1000.0,SKD11025067
6,RSFY4RE-MY1BA,1.0,1.0,SKD6G2518
5,RSFY4RE-MY1BA-TEMP,24.0,1000.0,SKD11025067
6,RSFY4RE-MY1BA-TEMP,1.0,1.0,SKD6G2518
5,RSFY4RE-MY4AA30,86.0,1000.0,SKD11029082
6,RSFY4RE-MY4AA30,1.0,1.0,SKD8B2944
5,RSFY4RE-MY4AA34,86.0,1000.0,SKD11029082
6,RSFY4RE-MY4AA34,1.0,1.0,SKD8B2944
5,RSFY4RE-MY4AB30,86.0,1000.0,SKD11029082
6,RSFY4RE-MY4AB30,1.0,1.0,SKD8B2944
5,RSFY4RE-MY4AB30-XDF-TEMP,86.0,1000.0,SKD11029082
6,RSFY4RE-MY4AB30-XDF-TEMP,1.0,1.0,SKD8B2944
5,RSFY6-MB1AA34,168.0,1000.0,SKD11047067
6,RSFY6-MB1AA34,1.0,1.0,SKD6G4765
5,RSFY6RE-MV1AA,24.0,1000.0,SKD11025067
6,RSFY6RE-MV1AA,1.0,1.0,SKD6G2518
5,RSFY6RE-MY4AA30,108.0,1000.0,SKD11029082
6,RSFY6RE-MY4AA30,1.0,1.0,SKD8B2955
5,RSFY6RE-MY4AA34,108.0,1000.0,SKD11029082
6,RSFY6RE-MY4AA34,1.0,1.0,SKD8B2955
5,RSFY6RE-MY4AB30,113.0,1000.0,SKD1103085
6,RSFY6RE-MY4AB30,1.0,1.0,SKD8E3053
5,RSFY6RE-MY4AB34,113.0,1000.0,SKD1103085
6,RSFY6RE-MY4AB34,1.0,1.0,SKD8E3053
5,RS-MY3B30,57.0,1000.0,SKD11021082
6,RS-MY3B30,1.0,1.0,SKD8B2140
5,RSY3RE-MB1AA26,114.0,1000.0,SKD11047067
6,RSY3RE-MB1AA26,1.0,1.0,SKD6G4744
5,RSY3RE-MB1AA30,114.0,1000.0,SKD11047067
6,RSY3RE-MB1AA30,1.0,1.0,SKD6G4744
5,RSY3RE-MB1LA30,114.0,1000.0,SKD11047067
6,RSY3RE-MB1LA30,1.0,1.0,SKD6G4744
5,RSY3RE-MV1AA30,24.0,1000.0,SKD11022067
6,RSY3RE-MV1AA30,1.0,1.0,SKD6G2218
5,RSY3RE-MY1AA30,24.0,1000.0,SKD11022067
6,RSY3RE-MY1AA30,1.0,1.0,SKD6G2218
5,RSY3RE-MY2AA30,36.0,1000.0,SKD11021082
6,RSY3RE-MY2AA30,1.0,1.0,SKD8B2125
5,RSY3RE-MY2AB26,36.0,1000.0,SKD11021082
6,RSY3RE-MY2AB26,1.0,1.0,SKD8B2125
5,RSY3RE-MY2AB30,32.0,1000.0,SKD11021082
6,RSY3RE-MY2AB30,1.0,1.0,SKD8B2121
5,RSY3RE-MY2AB34,36.0,1000.0,SKD11021082
6,RSY3RE-MY2AB34,1.0,1.0,SKD8B2125
5,RSY3RE-MY2AB36,36.0,1000.0,SKD11021082
6,RSY3RE-MY2AB36,1.0,1.0,SKD8B2125
5,RSY3RE-MY4AA26,57.0,1000.0,SKD11021082
6,RSY3RE-MY4AA26,1.0,1.0,SKD8B2140
5,RSY3RE-MY4AA30,55.0,1000.0,SKD11021082
6,RSY3RE-MY4AA30,1.0,1.0,SKD8B2136
5,RSY3RE-MY4AA34,50.0,1000.0,SKD11021082
6,RSY3RE-MY4AA34,1.0,1.0,SKD8B2135
5,RSY3RE-MY4AA36,57.0,1000.0,SKD11021082
6,RSY3RE-MY4AA36,1.0,1.0,SKD8B2140
5,RSY3RE-MY5AA26,57.0,1000.0,SKD11021082
6,RSY3RE-MY5AA26,1.0,1.0,SKD8B2140
5,RSY3RE-MY5AA30,57.0,1000.0,SKD11021082
6,RSY3RE-MY5AA30,1.0,1.0,SKD8B2140
5,RSY3RE-MY5AA34,50.0,1000.0,SKD11021082
6,RSY3RE-MY5AA34,1.0,1.0,SKD8B2135
5,RSY3RE-MY5AA36,57.0,1000.0,SKD11021082
6,RSY3RE-MY5AA36,1.0,1.0,SKD8B2140
5,RSY6B-MB1AA26,150.0,1000.0,SKD11040065
6,RSY6B-MB1AA26,1.0,1.0,SKD6E4070
5,RSY6B-MV1AA,24.0,1000.0,SKD11022067
6,RSY6B-MV1AA,1.0,1.0,SKD6G2218
5,RSY6B-MY1AA,27.0,1000.0,SKD11025067
6,RSY6B-MY1AA,1.0,1.0,SKD6G2519
5,RSY6B-MY1BA,24.0,1000.0,SKD11022067
6,RSY6B-MY1BA,1.0,1.0,SKD6G2218
5,RSY6B-MY2AA34,86.0,1000.0,SKD11029082
6,RSY6B-MY2AA34,1.0,1.0,SKD8B2944
5,RSY6B-MY2BB26,68.0,1000.0,SKD11021082
6,RSY6B-MY2BB26,1.0,1.0,SKD8B2148
5,RSY6B-MY2BB30,57.0,1000.0,SKD11021082
6,RSY6B-MY2BB30,1.0,1.0,SKD8B2140
5,RSY6B-MY2BB32,68.0,1000.0,SKD11021082
6,RSY6B-MY2BB32,1.0,1.0,SKD8B2148
5,RSY6B-MY2BB34,63.0,1000.0,SKD11021082
6,RSY6B-MY2BB34,1.0,1.0,SKD8B2144
5,RSY6B-MY5AA30,117.0,1000.0,SKD11029082
6,RSY6B-MY5AA30,1.0,1.0,SKD8B2960
5,RSY6B-MY5AA34,117.0,1000.0,SKD11029082
6,RSY6B-MY5AA34,1.0,1.0,SKD8B2960
5,RSY6B-MY5AB30,85.0,1000.0,SKD11021082
6,RSY6B-MY5AB30,1.0,1.0,SKD8B2160
5,RSY6B-MY5AB32,92.0,1000.0,SKD11021082
6,RSY6B-MY5AB32,1.0,1.0,SKD8B2165
5,RSY6B-MY5AB34,85.0,1000.0,SKD11021082
6,RSY6B-MY5AB34,1.0,1.0,SKD8B2160
4,RSY6-DY2AA30,86.0,1000.0,SKD11029082
5,RSY6-DY2AA30,1.0,1.0,SKD8B2944
6,RSY6-DY2AA30,1.0,1.0,RSY6-MY2AA30
4,RSY6-DY3AA30,63.0,1000.0,SKD11021082
5,RSY6-DY3AA30,1.0,1.0,SKD8B2144
6,RSY6-DY3AA30,1.0,1.0,RSY6-MY3AA30
4,RSY6-DY4AA30,85.0,1000.0,SKD11021082
5,RSY6-DY4AA30,1.0,1.0,SKD8B2160
6,RSY6-DY4AA30,1.0,1.0,RSY6-MY4AA30
4,RSY6-DY5AA30,85.0,1000.0,SKD11021082
5,RSY6-DY5AA30,1.0,1.0,SKD8B2160
6,RSY6-DY5AA30,1.0,1.0,RSY6-MY5AA30
5,RSY6-MB1AA30,150.0,1000.0,SKD11040065
6,RSY6-MB1AA30,1.0,1.0,SKD6E4070
5,RSY6-MB1AA32,145.0,1000.0,SKD11035067
6,RSY6-MB1AA32,1.0,1.0,SKD6G3575
5,RSY6-MB2AA30,71.0,1000.0,SKD11035055
6,RSY6-MB2AA30,1.0,1.0,SKD5E3545
5,RSY6ME-MX1BA,24.0,1000.0,SKD11022067
6,RSY6ME-MX1BA,1.0,1.0,SKD6G2218
5,RSY6ME-MY1AA,24.0,1000.0,SKD11022067
6,RSY6ME-MY1AA,1.0,1.0,SKD6G2218
5,RSY6ME-MY4AA34,63.0,1000.0,SKD11021082
6,RSY6ME-MY4AA34,1.0,1.0,SKD8B2144
5,RSY6-MY2AA32,68.0,1000.0,SKD11021082
6,RSY6-MY2AA32,1.0,1.0,SKD8B2148
5,RSY6-MY2AA34,63.0,1000.0,SKD11021082
6,RSY6-MY2AA34,1.0,1.0,SKD8B2144
5,RSY6-MY3AA32,68.0,1000.0,SKD11021082
6,RSY6-MY3AA32,1.0,1.0,SKD8B2148
5,RSY6-MY4AA32,92.0,1000.0,SKD11021082
6,RSY6-MY4AA32,1.0,1.0,SKD8B2165
5,RSY6RE-MB1AA26,145.0,1000.0,SKD11035067
6,RSY6RE-MB1AA26,1.0,1.0,SKD6G3575
5,RSY6RE-MB1AA30,145.0,1000.0,SKD11035067
6,RSY6RE-MB1AA30,1.0,1.0,SKD6G3575
5,RSY6RE-MB1AA32,145.0,1000.0,SKD11035067
6,RSY6RE-MB1AA32,1.0,1.0,SKD6G3575
5,RSY6RE-MB2AA30,77.0,1000.0,SKD11035067
6,RSY6RE-MB2AA30,1.0,1.0,SKD6G3540
5,RSY6RE-MB2AA32,77.0,1000.0,SKD11035067
6,RSY6RE-MB2AA32,1.0,1.0,SKD6G3540
5,RSY6RE-MY2AA26,78.0,1000.0,SKD11021082
6,RSY6RE-MY2AA26,1.0,1.0,SKD8B2155
5,RSY6RE-MY2AA30,86.0,1000.0,SKD11029082
6,RSY6RE-MY2AA30,1.0,1.0,SKD8B2944
5,RSY6RE-MY2AA32,78.0,1000.0,SKD11021082
6,RSY6RE-MY2AA32,1.0,1.0,SKD8B2155
5,RSY6RE-MY2AB26,78.0,1000.0,SKD11021082
6,RSY6RE-MY2AB26,1.0,1.0,SKD8B2155
5,RSY6RE-MY2CA34,86.0,1000.0,SKD11029082
6,RSY6RE-MY2CA34,1.0,1.0,SKD8B2944
5,RSY6RE-MY3AA30,63.0,1000.0,SKD11021082
6,RSY6RE-MY3AA30,1.0,1.0,SKD8B2144
5,RSY6RE-MY3AA34,63.0,1000.0,SKD11021082
6,RSY6RE-MY3AA34,1.0,1.0,SKD8B2144
5,RSY6RE-MY4AA26,92.0,1000.0,SKD11021082
6,RSY6RE-MY4AA26,1.0,1.0,SKD8B2165
5,RSY6RE-MY4AA30,85.0,1000.0,SKD11021082
6,RSY6RE-MY4AA30,1.0,1.0,SKD8B2160
5,RSY6RE-MY4AA32,92.0,1000.0,SKD11021082
6,RSY6RE-MY4AA32,1.0,1.0,SKD8B2165
5,RSY6RE-MY4AA34,85.0,1000.0,SKD11021082
6,RSY6RE-MY4AA34,1.0,1.0,SKD8B2160
5,RSY6RE-MY4AB26,92.0,1000.0,SKD11021082
6,RSY6RE-MY4AB26,1.0,1.0,SKD8B2165
5,RSY6RE-MY5AA30,117.0,1000.0,SKD11029082
6,RSY6RE-MY5AA30,1.0,1.0,SKD8B2960
5,RSY6RE-MY5AA32,92.0,1000.0,SKD11021082
6,RSY6RE-MY5AA32,1.0,1.0,SKD8B2165
5,RSY6RE-MY5AA34,117.0,1000.0,SKD11029082
6,RSY6RE-MY5AA34,1.0,1.0,SKD8B2960
5,RSYB-MY2AA30,78.0,1000.0,SKD11029082
6,RSYB-MY2AA30,1.0,1.0,SKD8B2940
5,RSYB-MY2AA32,57.0,1000.0,SKD11021082
6,RSYB-MY2AA32,1.0,1.0,SKD8B2140
5,RSYB-MY2AA36,68.0,1000.0,SKD11021082
6,RSYB-MY2AA36,1.0,1.0,SKD8B2148
5,RSYB-MY2AB30,57.0,1000.0,SKD11021082
6,RSYB-MY2AB30,1.0,1.0,SKD8B2140
5,RSYB-MY3AA30,57.0,1000.0,SKD11021082
6,RSYB-MY3AA30,1.0,1.0,SKD8B2140
5,RSYB-MY3AA38,78.0,1000.0,SKD11021082
6,RSYB-MY3AA38,1.0,1.0,SKD8B2155
5,RSYB-MY5AA30,108.0,1000.0,SKD11029082
6,RSYB-MY5AA30,1.0,1.0,SKD8B2955
5,RSYB-MY5AA36,92.0,1000.0,SKD11021082
6,RSYB-MY5AA36,1.0,1.0,SKD8B2165
5,RSYB-MY5AA38,137.0,1000.0,SKD11029082
6,RSYB-MY5AA38,1.0,1.0,SKD8B2970
5,RSYB-MY5AB26,78.0,1000.0,SKD11021082
6,RSYB-MY5AB26,1.0,1.0,SKD8B2155
5,RSYB-MY5AB30,78.0,1000.0,SKD11021082
6,RSYB-MY5AB30,1.0,1.0,SKD8B2155
4,RSY-DB130,70.0,1000.0,SUJ3030056
5,RSY-DB130,1.0,1.0,S5F3060
6,RSY-DB130,1.0,1.0,RSY-MB130
4,RSY-DB134,100.0,1000.0,SUJ3030056
5,RSY-DB134,1.0,1.0,S5F3070
6,RSY-DB134,1.0,1.0,RSY-MB134
4,RSY-DB1BA34,160.0,1000.0,SKD11040065
5,RSY-DB1BA34,1.0,1.0,SKD6E4075
6,RSY-DB1BA34,1.0,1.0,RSY-MB1BA34
4,RSY-DB1C26,100.0,1000.0,SUJ3030056
5,RSY-DB1C26,1.0,1.0,S5F3070
6,RSY-DB1C26,1.0,1.0,RSY-MB1C26
4,RSY-DB238,55.0,1000.0,SUJ3045056
5,RSY-DB238,1.0,1.0,S5F4525
6,RSY-DB238,1.0,1.0,RSY-MB238
4,RSY-DV1,27.0,1000.0,SKD11025067
5,RSY-DV1,1.0,1.0,SKD6G2519
6,RSY-DV1,1.0,1.0,RSY-MV1
4,RSY-DY226,94.0,1000.0,SKD11029082
5,RSY-DY226,1.0,1.0,SKD8B2948
6,RSY-DY226,1.0,1.0,RSY-MY226
4,RSY-DY230,78.0,1000.0,SKD11029082
5,RSY-DY230,1.0,1.0,SKD8B2940
6,RSY-DY230,1.0,1.0,RSY-MY230
4,RSY-DY2AA26,68.0,1000.0,SKD11021082
5,RSY-DY2AA26,1.0,1.0,SKD8B2148
6,RSY-DY2AA26,1.0,1.0,RSY-MY2AA26
4,RSY-DY326,94.0,1000.0,SKD11029082
5,RSY-DY326,1.0,1.0,SKD8B2948
6,RSY-DY326,1.0,1.0,RSY-MY326
6,RSY-DY330,1.0,1.0,RSY-MY330
4,RSY-DY430,78.0,1000.0,SKD11021082
5,RSY-DY430,1.0,1.0,SKD8B2155
6,RSY-DY430,1.0,1.0,RSY-MY430
4,RSY-DY434,85.0,1000.0,SKD11021082
5,RSY-DY434,1.0,1.0,SKD8B2160
6,RSY-DY434,1.0,1.0,RSY-MY434
4,RSY-DY530,108.0,1000.0,SKD11029082
5,RSY-DY530,1.0,1.0,SKD8B2955
6,RSY-DY530,1.0,1.0,RSY-MY530
4,RSY-DY534,117.0,1000.0,SKD11029082
5,RSY-DY534,1.0,1.0,SKD8B2960
6,RSY-DY534,1.0,1.0,RSY-MY534
5,RSY-MB1BA38,160.0,1000.0,SKD11040065
6,RSY-MB1BA38,1.0,1.0,SKD6E4075
5,RSY-MB2BA34,71.0,1000.0,SKD11035055
6,RSY-MB2BA34,1.0,1.0,SKD5E3545
5,RSY-MY1AA,26.0,1000.0,SKD11022067
6,RSY-MY1AA,1.0,1.0,SKD6G2220
5,RSY-MY1B,26.0,1000.0,SKD11022067
6,RSY-MY1B,1.0,1.0,SKD6G2220
5,RSY-MY2BA36,78.0,1000.0,SKD11029082
6,RSY-MY2BA36,1.0,1.0,SKD8B2940
5,RSY-MY338,78.0,1000.0,SKD11021082
6,RSY-MY338,1.0,1.0,SKD8B2155
5,RSY-MY3AA34,63.0,1000.0,SKD11021082
6,RSY-MY3AA34,1.0,1.0,SKD8B2144
5,RSY-MY3BA36,68.0,1000.0,SKD11021082
6,RSY-MY3BA36,1.0,1.0,SKD8B2148
5,RSY-MY438,92.0,1000.0,SKD11021082
6,RSY-MY438,1.0,1.0,SKD8B2165
5,RSY-MY4AA32,78.0,1000.0,SKD11021082
6,RSY-MY4AA32,1.0,1.0,SKD8B2155
5,RSY-MY4AA36,92.0,1000.0,SKD11021082
6,RSY-MY4AA36,1.0,1.0,SKD8B2165
5,RSY-MY4AB32,78.0,1000.0,SKD11021082
6,RSY-MY4AB32,1.0,1.0,SKD8B2155
6,RSYN-DY3BA32,1.0,1.0,RSYN-MY3BA32
4,RSYN-DY5AA32,108.0,1000.0,SKD11029082
5,RSYN-DY5AA32,1.0,1.0,SKD8B2955
6,RSYN-DY5AA32,1.0,1.0,RSYN-MY5AA32
5,RSYRE-MB1AA26,116.0,1000.0,SKD11035065
6,RSYRE-MB1AA26,1.0,1.0,SKD6E3562
5,RSYRE-MY1AA,24.0,1000.0,SKD11022067
6,RSYRE-MY1AA,1.0,1.0,SKD6G2218
5,RSYRE-MY1BA,24.0,1000.0,SKD11022067
6,RSYRE-MY1BA,1.0,1.0,SKD6G2218
5,RSYRE-MY1DA,24.0,1000.0,SKD11022067
6,RSYRE-MY1DA,1.0,1.0,SKD6G2218
5,RSYRE-MY1EA,24.0,1000.0,SKD11022067
6,RSYRE-MY1EA,1.0,1.0,SKD6G2218
5,RSYRE-MY1EA-MARUOKA,24.0,1000.0,SKD11022067
6,RSYRE-MY1EA-MARUOKA,1.0,1.0,SKD6G2218
5,RSYRE-MY1EA-SPOT,24.0,1000.0,SKD11022067
6,RSYRE-MY1EA-SPOT,1.0,1.0,SKD6G2218
5,RSYRE-MY2BA30,78.0,1000.0,SKD11029082
6,RSYRE-MY2BA30,1.0,1.0,SKD8B2940
5,RSYRE-MY2DA26,57.0,1000.0,SKD11021082
6,RSYRE-MY2DA26,1.0,1.0,SKD8B2140
5,RSYRE-MY3AA30,57.0,1000.0,SKD11021082
6,RSYRE-MY3AA30,1.0,1.0,SKD8B2140
5,RSYRE-MY3BA30,57.0,1000.0,SKD11021082
6,RSYRE-MY3BA30,1.0,1.0,SKD8B2140
5,RSYRE-MY4AA26,78.0,1000.0,SKD11021082
6,RSYRE-MY4AA26,1.0,1.0,SKD8B2155
5,RSYRE-MY4AA30,78.0,1000.0,SKD11021082
6,RSYRE-MY4AA30,1.0,1.0,SKD8B2155
5,RSYRE-MY5AA30,108.0,1000.0,SKD11029082
6,RSYRE-MY5AA30,1.0,1.0,SKD8B2955
5,RSYRE-MY5BA26,78.0,1000.0,SKD11021082
6,RSYRE-MY5BA26,1.0,1.0,SKD8B2155
5,RSYRE-MY5BA30,108.0,1000.0,SKD11029082
6,RSYRE-MY5BA30,1.0,1.0,SKD8B2955
6,S1616105,200.0,1000.0,SUJ3019019
6,S161686,210.0,1000.0,SUJ3016016
6,S191960,200.0,1000.0,SUJ3019019
6,S191990,312.0,1000.0,SUJ3019019
6,S3.2DF-MB1AA30,1.0,1.0,SKD105038
6,S3.2DF-MB1AB30,1.0,1.0,SKD105038
6,S3.2DF-MB2AA30,1.0,1.0,SKD105020
6,S3.2DF-MB3AA30,1.0,1.0,SKD105016
6,S3.2DF-MB5AA30,1.0,1.0,SKD105025
6,S3.2DF-MB5AA30-TEMP,1.0,1.0,SKD105029
6,S3.2DF-MC2AA30,1.0,1.0,SKD105027
6,S3.2DF-MC3AA30,1.0,1.0,SKD105038
5,S3.2DF-MW2AA30,95.0,1000.0,SKD11032072
6,S3.2DF-MW2AA30,1.0,1.0,SKD7B3250
5,S3.2DF-MW4AA30,31.0,1000.0,SKD11035090
6,S3.2DF-MW4AA30,1.0,1.0,SKD9Z3513
5,S3.2DF-MX1AA30,21.0,1000.0,SKD11025067
6,S3.2DF-MX1AA30,1.0,1.0,SKD6G2515
5,S3.2DF-MX2AA30,67.0,1000.0,SKD11032072
6,S3.2DF-MX2AA30,1.0,1.0,SKD7B3235
5,S3.2DF-MX2AA34,114.0,1000.0,SKD11032072
6,S3.2DF-MX2AA34,1.0,1.0,SKD7B3260
5,S3.2DF-MX2AB30,67.0,1000.0,SKD11032072
6,S3.2DF-MX2AB30,1.0,1.0,SKD7B3235
5,S3.2DF-MY1AA26,42.0,1000.0,SKD11030070
6,S3.2DF-MY1AA26,1.0,1.0,SKD7Z3024
5,S3.2DF-MY1AA30,63.0,1000.0,SKD11032072
6,S3.2DF-MY1AA30,1.0,1.0,SKD7B3228
5,S3.2DF-MY1AB30,42.0,1000.0,SKD11030070
6,S3.2DF-MY1AB30,1.0,1.0,SKD7Z3024
5,S3.2DF-MY1AB30-SQUARE,40.0,1000.0,SKD11025067
6,S3.2DF-MY1AB30-SQUARE,1.0,1.0,SKD6G2528
5,S3.2DF-MY1AB30-XDF-TEMP,42.0,1000.0,SKD11030070
6,S3.2DF-MY1AB30-XDF-TEMP,1.0,1.0,SKD7Z3024
5,S3.2DF-MY2AA30,31.0,1000.0,SKD11035090
6,S3.2DF-MY2AA30,1.0,1.0,SKD9Z3513
5,S3.2DF-MY3AA30,21.0,1000.0,SKD11025067
6,S3.2DF-MY3AA30,1.0,1.0,SKD6G2515
5,S3.2DF-MY4AA26,67.0,1000.0,SKD11032072
6,S3.2DF-MY4AA26,1.0,1.0,SKD7B3235
5,S3.2DF-MY4AA30,67.0,1000.0,SKD11032072
6,S3.2DF-MY4AA30,1.0,1.0,SKD7B3235
5,S3.2DF-MY4AA34,67.0,1000.0,SKD11032072
6,S3.2DF-MY4AA34,1.0,1.0,SKD7B3235
5,S3.2DF-MY4AB30,67.0,1000.0,SKD11032072
6,S3.2DF-MY4AB30,1.0,1.0,SKD7B3235
5,S3.2DF-MY5AA26,67.0,1000.0,SKD11032072
6,S3.2DF-MY5AA26,1.0,1.0,SKD7B3235
5,S3.2DF-MY5AA30,67.0,1000.0,SKD11032072
6,S3.2DF-MY5AA30,1.0,1.0,SKD7B3235
5,S3.2DF-MY5AA34,67.0,1000.0,SKD11032072
6,S3.2DF-MY5AA34,1.0,1.0,SKD7B3235
5,S3.2DF-MY5AB30,61.0,1000.0,SKD11030070
6,S3.2DF-MY5AB30,1.0,1.0,SKD7Z3035
5,S3.2DF-MY6AA26,67.0,1000.0,SKD11032072
6,S3.2DF-MY6AA26,1.0,1.0,SKD7B3235
5,S3.2DF-MY6AA30,67.0,1000.0,SKD11032072
6,S3.2DF-MY6AA30,1.0,1.0,SKD7B3235
5,S3.2DF-MY6AA34,67.0,1000.0,SKD11032072
6,S3.2DF-MY6AA34,1.0,1.0,SKD7B3235
6,S3.2DFRE-MB1AA30,1.0,1.0,SKD105038
6,S3.2DFRE-MB1AB30,1.0,1.0,SKD105040
6,S3.2DFRE-MB2AA30,1.0,1.0,SKD105020
6,S3.2DFRE-MB3AA30,1.0,1.0,SKD105016
6,S3.2DFRE-MB5AA30,1.0,1.0,SKD105025
5,S3.2DFRE-MY1AA30,42.0,1000.0,SKD11030070
6,S3.2DFRE-MY1AA30,1.0,1.0,SKD7Z3024
5,S3.2DFRE-MY2AA30,31.0,1000.0,SKD11035090
6,S3.2DFRE-MY2AA30,1.0,1.0,SKD9Z3513
5,S3.2DFRE-MY3AA30,21.0,1000.0,SKD11025067
6,S3.2DFRE-MY3AA30,1.0,1.0,SKD6G2515
5,S3.2DFRE-MY4AA30,67.0,1000.0,SKD11032072
6,S3.2DFRE-MY4AA30,1.0,1.0,SKD7B3235
5,S3.2DFRE-MY5AA30,67.0,1000.0,SKD11032072
6,S3.2DFRE-MY5AA30,1.0,1.0,SKD7B3235
5,S3.2FY3RE-MB1AA30,86.0,1000.0,SKD11040065
6,S3.2FY3RE-MB1AA30,1.0,1.0,SKD6E4040
5,S3.2FY3RE-MB1LA30,86.0,1000.0,SKD11040065
6,S3.2FY3RE-MB1LA30,1.0,1.0,SKD6E4040
6,S3.2P-MB1AA30,1.0,1.0,SKD105046-KAJIWARA
6,S3.2P-MB2AA30,1.0,1.0,SKD105016
5,S3.2P-MY1AA30,87.0,1000.0,SKD11035065
6,S3.2P-MY1AA30,1.0,1.0,SKD6E3540
5,S3.2P-MY1AB30,76.0,1000.0,SKD11032072
6,S3.2P-MY1AB30,1.0,1.0,SKD7B3240
5,S3.2P-MY4AA,35.0,1000.0,SKD11027067
6,S3.2P-MY4AA,1.0,1.0,SKD6G2722
5,S3.2P-MY4AB,33.0,1000.0,SKD11030070
6,S3.2P-MY4AB,1.0,1.0,SKD7Z3019
5,S3.2P-MY8AB,33.0,1000.0,SKD11030070
6,S3.2P-MY8AB,1.0,1.0,SKD7Z3019
5,S3.2RE-MB1AA30-@3-COOP,111.0,1000.0,SKD11040085
6,S3.2RE-MB1AA30-@3-COOP,1.0,1.0,SKD8E4040
5,S3.2RE-MB1AA30-@5-COOP,111.0,1000.0,SKD11040085
6,S3.2RE-MB1AA30-@5-COOP,1.0,1.0,SKD8E4040
5,S3.2RE-MB1AA30-@7-COOP,111.0,1000.0,SKD11040085
6,S3.2RE-MB1AA30-@7-COOP,1.0,1.0,SKD8E4040
5,S3.2RE-MB1AA30-3-COOP,111.0,1000.0,SKD11040085
6,S3.2RE-MB1AA30-3-COOP,1.0,1.0,SKD8E4040
5,S3.2RE-MB1AA30-5-COOP,111.0,1000.0,SKD11040085
6,S3.2RE-MB1AA30-5-COOP,1.0,1.0,SKD8E4040
5,S3.2RE-MB1AA30-7-COOP,111.0,1000.0,SKD11040085
6,S3.2RE-MB1AA30-7-COOP,1.0,1.0,SKD8E4040
5,S3.2RE-MB1AA30-MARUOKA,111.0,1000.0,SKD11040085
6,S3.2RE-MB1AA30-MARUOKA,1.0,1.0,SKD8E4040
5,S3.2RE-MB1AA30-MITU,111.0,1000.0,SKD11040085
6,S3.2RE-MB1AA30-MITU,1.0,1.0,SKD8E4040
5,S3.2RE-MB1AA30-TEMP,111.0,1000.0,SKD11040085
6,S3.2RE-MB1AA30-TEMP,1.0,1.0,SKD8E4040
5,S3.2RE-MB1BA30,108.0,1000.0,SKD11040082
6,S3.2RE-MB1BA30,1.0,1.0,SKD8B4040
5,S3.2RE-MY1AA30,59.0,1000.0,SKD11029082
6,S3.2RE-MY1AA30,1.0,1.0,SKD8B2930
5,S3.2RE-MY3AA30,59.0,1000.0,SKD11029082
6,S3.2RE-MY3AA30,1.0,1.0,SKD8B2930
6,S5F3022,40.0,1000.0,SUJ3030056
6,S6H3895,240.0,1000.0,SUJ3038068
6,S6H4752,160.0,1000.0,SUJ3047068
6,S6H4788,270.0,1000.0,SUJ3047068-H
4,SD3BY-DB1AA34,171.0,1000.0,SKD11047067
5,SD3BY-DB1AA34,1.0,1.0,SKD6G4766
6,SD3BY-DB1AA34,1.0,1.0,SD3BY-MB1AA34
4,SD3BY-DY1AA26,28.0,1000.0,SKD11025067
5,SD3BY-DY1AA26,1.0,1.0,SKD6G2520
6,SD3BY-DY1AA26,1.0,1.0,SD3BY-MY1AA26
4,SD3BY-DY1AA34,32.0,1000.0,SKD11025067
5,SD3BY-DY1AA34,1.0,1.0,SKD6G2523
6,SD3BY-DY1AA34,1.0,1.0,SD3BY-MY1AA34
4,SD3BY-DY2AA26,67.0,1000.0,SKD11032072
5,SD3BY-DY2AA26,1.0,1.0,SKD7B3235
6,SD3BY-DY2AA26,1.0,1.0,SD3BY-MY2AA26
4,SD3BY-DY2AA34,76.0,1000.0,SKD11032072
5,SD3BY-DY2AA34,1.0,1.0,SKD7B3240
6,SD3BY-DY2AA34,1.0,1.0,SD3BY-MY2AA34
4,SD3BY-DY2CA30,67.0,1000.0,SKD11032072
5,SD3BY-DY2CA30,1.0,1.0,SKD7B3235
6,SD3BY-DY2CA30,1.0,1.0,SD3BY-MY2CA30
4,SD3BY-DY3AA26,101.0,1000.0,SKD11032072
5,SD3BY-DY3AA26,1.0,1.0,SKD7B3254
6,SD3BY-DY3AA26,1.0,1.0,SD3BY-MY3AA26
4,SD3BY-DY3AA34,114.0,1000.0,SKD11032072
5,SD3BY-DY3AA34,1.0,1.0,SKD7B3260
6,SD3BY-DY3AA34,1.0,1.0,SD3BY-MY3AA34
4,SD3BY-DY4AA26,95.0,1000.0,SKD11032072
5,SD3BY-DY4AA26,1.0,1.0,SKD7B3250
6,SD3BY-DY4AA26,1.0,1.0,SD3BY-MY4AA26
4,SD3BY-DY4AA34,114.0,1000.0,SKD11032072
5,SD3BY-DY4AA34,1.0,1.0,SKD7B3260
6,SD3BY-DY4AA34,1.0,1.0,SD3BY-MY4AA34
4,SD3BY-DZ5AA34,30.0,1000.0,SKD11012050
5,SD3BY-DZ5AA34,1.0,1.0,SKD5Z1258
6,SD3BY-DZ5AA34,1.0,1.0,SD3BY-MZ5AA34
4,SD3BYME-DX2AA30,61.0,1000.0,SKD11030070
5,SD3BYME-DX2AA30,1.0,1.0,SKD7Z3035
6,SD3BYME-DX2AA30,1.0,1.0,SD3BYME-MX2AA30
4,SD3BYME-DY1AA30,29.0,1000.0,SKD11025067
5,SD3BYME-DY1AA30,1.0,1.0,SKD6G2521
6,SD3BYME-DY1AA30,1.0,1.0,SD3BYME-MY1AA30
4,SD3BYME-DY2AA30,61.0,1000.0,SKD11030070
5,SD3BYME-DY2AA30,1.0,1.0,SKD7Z3035
6,SD3BYME-DY2AA30,1.0,1.0,SD3BYME-MY2AA30
5,SD3BYME-MX1BA30,29.0,1000.0,SKD11025067
6,SD3BYME-MX1BA30,1.0,1.0,SKD6G2521
5,SD3BY-MX1AA30,101.0,1000.0,SKD11032072
6,SD3BY-MX1AA30,1.0,1.0,SKD7B3254
5,SD3BY-MX1BA30,61.0,1000.0,SKD11030070
6,SD3BY-MX1BA30,1.0,1.0,SKD7Z3035
5,SD3BY-MX2AA30,93.0,1000.0,SKD11030070
6,SD3BY-MX2AA30,1.0,1.0,SKD7Z3054
5,SD3BY-MX2AA34,114.0,1000.0,SKD11032072
6,SD3BY-MX2AA34,1.0,1.0,SKD7B3260
5,SD3BY-MX2BA30,93.0,1000.0,SKD11030070
6,SD3BY-MX2BA30,1.0,1.0,SKD7Z3054
5,SD3BY-MY2AA30,59.0,1000.0,SKD11030070
6,SD3BY-MY2AA30,1.0,1.0,SKD7Z3034
4,SD3Y-DY1AA30,33.0,1000.0,SKD11030070
5,SD3Y-DY1AA30,1.0,1.0,SKD7Z3019
6,SD3Y-DY1AA30,1.0,1.0,SD3Y-MY1AA30
4,SD3Y-DY2AA30,61.0,1000.0,SKD11030070
5,SD3Y-DY2AA30,1.0,1.0,SKD7Z3035
6,SD3Y-DY2AA30,1.0,1.0,SD3Y-MY2AA30
4,SD3Y-DY3AA30,101.0,1000.0,SKD11032072
5,SD3Y-DY3AA30,1.0,1.0,SKD7B3254
6,SD3Y-DY3AA30,1.0,1.0,SD3Y-MY3AA30
4,SD3Y-DY4AA30,101.0,1000.0,SKD11032072
5,SD3Y-DY4AA30,1.0,1.0,SKD7B3254
6,SD3Y-DY4AA30,1.0,1.0,SD3Y-MY4AA30
5,SD3Y-MY7AA30,101.0,1000.0,SKD11032072
6,SD3Y-MY7AA30,1.0,1.0,SKD7B3254
5,SD3Y-MY8AA30,101.0,1000.0,SKD11032072
6,SD3Y-MY8AA30,1.0,1.0,SKD7B3254
5,SD3YN-MB1AA34,194.0,1000.0,SKD11047067
6,SD3YN-MB1AA34,1.0,1.0,SKD6G4775
5,SD3YN-MB1CA34,194.0,1000.0,SKD11047067
6,SD3YN-MB1CA34,1.0,1.0,SKD6G4775
4,SD3YNM-DW134,35.0,1000.0,SKD11027067
5,SD3YNM-DW134,1.0,1.0,SKD6G2723
6,SD3YNM-DW134,1.0,1.0,SD3YNM-MW134
4,SD3YNM-DX1C34,30.0,1000.0,SKD11027067
5,SD3YNM-DX1C34,1.0,1.0,SKD6G2720
6,SD3YNM-DX1C34,1.0,1.0,SD3YNM-MX1C34
5,SD3YNM-MX2B34,85.0,1000.0,SKD11032072
6,SD3YNM-MX2B34,1.0,1.0,SKD7B3245
5,SD3YNM-MX334,114.0,1000.0,SKD11032072
6,SD3YNM-MX334,1.0,1.0,SKD7B3260
5,SD3YNM-MY2B34,78.0,1000.0,SKD11029082
6,SD3YNM-MY2B34,1.0,1.0,SKD8B2940
5,SD3YNM-MY334,114.0,1000.0,SKD11032072
6,SD3YNM-MY334,1.0,1.0,SKD7B3260
5,SD3YNM-MY434,117.0,1000.0,SKD11029082
6,SD3YNM-MY434,1.0,1.0,SKD8B2960
5,SDCY-DB1B26,1.0,1.0,SKD105062
6,SDCY-DB1B26,1.0,1.0,SDCY-MB1B26
5,SDP-MX130,42.0,1000.0,SKD11030070
6,SDP-MX130,1.0,1.0,SKD7Z3024
5,SDR-MB3AA26,55.0,1000.0,SKD11029082
6,SDR-MB3AA26,1.0,1.0,SKD8B2928
5,SDR-MB5AA26,78.0,1000.0,SKD11029082
6,SDR-MB5AA26,1.0,1.0,SKD8B2940
5,SDR-MB5AA33,85.0,1000.0,SKD11030085
6,SDR-MB5AA33,1.0,1.0,SKD8E3040
5,SDR-MY1AA26,51.0,1000.0,SKD11025055
6,SDR-MY1AA26,1.0,1.0,SKD5E2545
5,SDR-MY1AA30,51.0,1000.0,SKD11025055
6,SDR-MY1AA30,1.0,1.0,SKD5E2545
5,SDR-MY1AA34,51.0,1000.0,SKD11025055
6,SDR-MY1AA34,1.0,1.0,SKD5E2545
5,SDR-MY1AA38,51.0,1000.0,SKD11025055
6,SDR-MY1AA38,1.0,1.0,SKD5E2545
5,SDR-MY1AA40,51.0,1000.0,SKD11025055
6,SDR-MY1AA40,1.0,1.0,SKD5E2545
5,SDR-MY1AA42,51.0,1000.0,SKD11025055
6,SDR-MY1AA42,1.0,1.0,SKD5E2545
5,SDR-MY2AA26,51.0,1000.0,SKD11022067
6,SDR-MY2AA26,1.0,1.0,SKD6G2242
5,SDR-MY2AA30,51.0,1000.0,SKD11022067
6,SDR-MY2AA30,1.0,1.0,SKD6G2242
5,SDR-MY2AA33,51.0,1000.0,SKD11022067
6,SDR-MY2AA33,1.0,1.0,SKD6G2242
5,SDR-MY2AA34,51.0,1000.0,SKD11022067
6,SDR-MY2AA34,1.0,1.0,SKD6G2242
5,SDR-MY2AA38,51.0,1000.0,SKD11022067
6,SDR-MY2AA38,1.0,1.0,SKD6G2242
5,SDR-MY2AA40,51.0,1000.0,SKD11022067
6,SDR-MY2AA40,1.0,1.0,SKD6G2242
5,SDR-MY2AA42,51.0,1000.0,SKD11022067
6,SDR-MY2AA42,1.0,1.0,SKD6G2242
4,SDY-DB134,150.0,1000.0,SKD11040065
5,SDY-DB134,1.0,1.0,SKD6E4070
6,SDY-DB134,1.0,1.0,SDY-MB134
4,SDY-DC230,131.0,1000.0,SKD11040065
5,SDY-DC230,1.0,1.0,SKD6E4061
6,SDY-DC230,1.0,1.0,SDY-MB1
4,SDY-DV134,81.0,1000.0,SKD11022067
5,SDY-DV134,1.0,1.0,SKD6G2267
6,SDY-DV134,1.0,1.0,SDY-MV134
4,SDY-DX1A26,98.0,1000.0,SKD11030072
5,SDY-DX1A26,1.0,1.0,SKD7B3055
6,SDY-DX1A26,1.0,1.0,SDY-MX1A26
4,SDY-DX2C30,104.0,1000.0,SKD11032072
5,SDY-DX2C30,1.0,1.0,SKD7B3255
6,SDY-DX2C30,1.0,1.0,SDY-MY3B30
4,SDY-DX2D30,104.0,1000.0,SKD11032072
5,SDY-DX2D30,1.0,1.0,SKD7B3255
6,SDY-DX2D30,1.0,1.0,SDY-MY3B30
4,SDY-DY1,35.0,1000.0,SKD11027067
5,SDY-DY1,1.0,1.0,SKD6G2723
6,SDY-DY1,1.0,1.0,SDY-MY1
4,SDY-DY126,35.0,1000.0,SKD11027067
5,SDY-DY126,1.0,1.0,SKD6G2723
6,SDY-DY126,1.0,1.0,SDY-MY126
4,SDY-DY2,67.0,1000.0,SKD11032072
5,SDY-DY2,1.0,1.0,SKD7B3235
6,SDY-DY2,1.0,1.0,SDY-MY2
4,SDY-DY226,67.0,1000.0,SKD11032072
5,SDY-DY226,1.0,1.0,SKD7B3235
6,SDY-DY226,1.0,1.0,SDY-MY226
4,SDY-DY234,76.0,1000.0,SKD11032072
5,SDY-DY234,1.0,1.0,SKD7B3240
6,SDY-DY234,1.0,1.0,SDY-MY234
4,SDY-DY3B34,114.0,1000.0,SKD11032072
5,SDY-DY3B34,1.0,1.0,SKD7B3260
6,SDY-DY3B34,1.0,1.0,SDY-MY3B34
4,SDY-DY4,101.0,1000.0,SKD11032072
5,SDY-DY4,1.0,1.0,SKD7B3254
6,SDY-DY4,1.0,1.0,SDY-MY4
4,SDY-DY426,104.0,1000.0,SKD11032072
5,SDY-DY426,1.0,1.0,SKD7B3255
6,SDY-DY426,1.0,1.0,SDY-MY426
4,SDY-DY434,114.0,1000.0,SKD11032072
5,SDY-DY434,1.0,1.0,SKD7B3260
6,SDY-DY434,1.0,1.0,SDY-MY434
4,SDY-DY7B34,114.0,1000.0,SKD11032072
5,SDY-DY7B34,1.0,1.0,SKD7B3260
6,SDY-DY7B34,1.0,1.0,SDY-MY3B34
4,SDY-DY834,114.0,1000.0,SKD11032072
5,SDY-DY834,1.0,1.0,SKD7B3260
6,SDY-DY834,1.0,1.0,SDY-MY434
4,SDY-DZ5,27.0,1000.0,SKD11012050
5,SDY-DZ5,1.0,1.0,SKD5Z1253
6,SDY-DZ5,1.0,1.0,SDY-MZ5
4,SDY-DZ526,27.0,1000.0,SKD11012050
5,SDY-DZ526,1.0,1.0,SKD5Z1253
6,SDY-DZ526,1.0,1.0,SDY-MZ526
5,SDYM-MW126,42.0,1000.0,SKD11030070
6,SDYM-MW126,1.0,1.0,SKD7Z3024
5,SDY-MY630,95.0,1000.0,SKD11030070
6,SDY-MY630,1.0,1.0,SKD7Z3055
3,SDYP-DB230,131.0,1000.0,SKD11040065
4,SDYP-DB230,1.0,1.0,SKD6E4061
5,SDYP-DB230,1.0,1.0,SDY-MB1
6,SDYP-DB230,1.0,1.0,SDY-DB1
3,SDYP-DB326,131.0,1000.0,SKD11040065
4,SDYP-DB326,1.0,1.0,SKD6E4061
5,SDYP-DB326,1.0,1.0,SDY-MB1
6,SDYP-DB326,1.0,1.0,SDY-DB1
3,SDYP-DC226,131.0,1000.0,SKD11040065
4,SDYP-DC226,1.0,1.0,SKD6E4061
5,SDYP-DC226,1.0,1.0,SDY-MB1
6,SDYP-DC226,1.0,1.0,SDY-DB1
4,SDYP-DX130,35.0,1000.0,SKD11030070
5,SDYP-DX130,1.0,1.0,SKD7Z3020
6,SDYP-DX130,1.0,1.0,SDYP-MX130
4,SEC24CY-DB2B,70.0,1000.0,SKD11030055
5,SEC24CY-DB2B,1.0,1.0,SKD5E3050
6,SEC24CY-DB2B,1.0,1.0,SEC24CY-MB2B
4,SEC24CY-DB3B,70.0,1000.0,SKD11030055
5,SEC24CY-DB3B,1.0,1.0,SKD5E3050
6,SEC24CY-DB3B,1.0,1.0,SEC24CY-MB3B
4,SEC24CY-DB4,55.0,1000.0,SKD11030055
5,SEC24CY-DB4,1.0,1.0,SKD5E3040
6,SEC24CY-DB4,1.0,1.0,SEC24CY-MB4
4,SEC24CY-DB6B,70.0,1000.0,SKD11030055
5,SEC24CY-DB6B,1.0,1.0,SKD5E3050
6,SEC24CY-DB6B,1.0,1.0,SEC24CY-MB6B
4,SEC24CY-DB7,70.0,1000.0,SKD11030055
5,SEC24CY-DB7,1.0,1.0,SKD5E3050
6,SEC24CY-DB7,1.0,1.0,SEC24CY-MB7
4,SEC24CY-DB8,70.0,1000.0,SKD11030055
5,SEC24CY-DB8,1.0,1.0,SKD5E3050
6,SEC24CY-DB8,1.0,1.0,SEC24CY-MB8
4,SEC24CY-DS1B,140.0,1000.0,SKS3050013
5,SEC24CY-DS1B,1.0,1.0,S133532
6,SEC24CY-DS1B,1.0,1.0,SEC24CY-MS1B
4,SEC24CY-DS6B,206.0,1000.0,SKD11050085
5,SEC24CY-DS6B,1.0,1.0,SKD8E5059
6,SEC24CY-DS6B,1.0,1.0,SEC24CY-MS6B
4,SEC24CY-DT6,90.0,1000.0,SUJ3019019
5,SEC24CY-DT6,1.0,1.0,S191925
6,SEC24CY-DT6,1.0,1.0,SEC24CY-MT6
4,SEC24CY-DT9B,10.0,1000.0,SUJ3019019
5,SEC24CY-DT9B,1.0,1.0,S161625
6,SEC24CY-DT9B,1.0,1.0,SEC24CY-MT9B
4,SEC24CY-DT9C,145.0,1000.0,SUJ3019019
5,SEC24CY-DT9C,1.0,1.0,S161660
6,SEC24CY-DT9C,1.0,1.0,SEC24CY-MT9C
4,SEC24CY-DY1B,78.0,1000.0,SKD11047067
5,SEC24CY-DY1B,1.0,1.0,SKD6G4730
6,SEC24CY-DY1B,1.0,1.0,SEC24CY-MY1B
5,SEC24CY-MB1AA30,194.0,1000.0,SKD11047067
6,SEC24CY-MB1AA30,1.0,1.0,SKD6G4775
5,SEC24CY-MB2AA30,106.0,1000.0,SKD11035067
6,SEC24CY-MB2AA30,1.0,1.0,SKD6G3555
5,SEC24CY-MT1B,78.0,1000.0,SKD11047067
6,SEC24CY-MT1B,1.0,1.0,SKD6G4730
4,SEC24Y-DB1AB26,106.0,1000.0,SKD11035067
5,SEC24Y-DB1AB26,1.0,1.0,SKD6G3555
6,SEC24Y-DB1AB26,1.0,1.0,SEC24Y-MB1AB26
4,SEC24Y-DB2AB26,106.0,1000.0,SKD11035067
5,SEC24Y-DB2AB26,1.0,1.0,SKD6G3555
6,SEC24Y-DB2AB26,1.0,1.0,SEC24Y-MB2AB26
5,SEC24Y-MB130,131.0,1000.0,SKD11040065
6,SEC24Y-MB130,1.0,1.0,SKD6E4061
5,SEC24Y-MV3,36.0,1000.0,SKD11015067
6,SEC24Y-MV3,1.0,1.0,SKD6G1542
4,SEC36Y-DB134,155.0,1000.0,SKD11047067
5,SEC36Y-DB134,1.0,1.0,SKD6G4760
6,SEC36Y-DB134,1.0,1.0,SEC36Y-MB134
4,SEC36Y-DS6F34,110.0,1000.0,SUJ3040085
5,SEC36Y-DS6F34,1.0,1.0,S8E4045
6,SEC36Y-DS6F34,1.0,1.0,SEC36Y-MS6F34
4,SEC36Y-DX134,65.0,1000.0,SKD11047067
5,SEC36Y-DX134,1.0,1.0,SKD6G4725
6,SEC36Y-DX134,1.0,1.0,SEC36Y-MX134
4,SEC36Y-DX234,65.0,1000.0,SKD11047067
5,SEC36Y-DX234,1.0,1.0,SKD6G4725
6,SEC36Y-DX234,1.0,1.0,SEC36Y-MX234
4,SEC36Y-DY234,97.0,1000.0,SKD11022067
5,SEC36Y-DY234,1.0,1.0,SKD6G2280
6,SEC36Y-DY234,1.0,1.0,SEC36Y-MY234
4,SEC36Y-DY3,62.0,1000.0,SKD11015067
5,SEC36Y-DY3,1.0,1.0,SKD6G1556
6,SEC36Y-DY3,1.0,1.0,SEC36Y-MY3
4,SEC36Y-DY334,81.0,1000.0,SKD11022067
5,SEC36Y-DY334,1.0,1.0,SKD6G2267
6,SEC36Y-DY334,1.0,1.0,SEC36Y-MY334
4,SEC36Y-DY4,74.0,1000.0,SKD11022067
5,SEC36Y-DY4,1.0,1.0,SKD6G2261
6,SEC36Y-DY4,1.0,1.0,SEC36Y-MY4
4,SEC36Y-DY434,104.0,1000.0,SKD11030070
5,SEC36Y-DY434,1.0,1.0,SKD7Z3060
6,SEC36Y-DY434,1.0,1.0,SEC36Y-MY434
6,SEC36Y-DY5,1.0,1.0,SEC36Y-MY5
6,SEC36Y-DY8,1.0,1.0,SEC36Y-MY8
3,SEC36YM-DB2AA34,96.0,1000.0,SKD11040065
4,SEC36YM-DB2AA34,1.0,1.0,SKD6E4045
5,SEC36YM-DB2AA34,1.0,1.0,SEC36Y-MB130
6,SEC36YM-DB2AA34,1.0,1.0,SEC36Y-DB130
5,SEC36YM-DX1AA34,65.0,1000.0,SKD11047067
6,SEC36YM-DX1AA34,1.0,1.0,SKD6G4725
5,SEC36Y-MS6FB38,110.0,1000.0,SUJ3040085
6,SEC36Y-MS6FB38,1.0,1.0,S8E4045
5,SEC36Y-MX1B,52.0,1000.0,SKD11047067
6,SEC36Y-MX1B,1.0,1.0,SKD6G4720
5,SEC36Y-MY2,145.0,1000.0,SUJ3032068
6,SEC36Y-MY2,1.0,1.0,S6H3270
4,SEC48-DY1XM,55.0,1000.0,SUJ3038068
5,SEC48-DY1XM,1.0,1.0,S6H3822
6,SEC48-DY1XM,1.0,1.0,SEC48-MY1XM
5,SEC48SF-MB1AA26,106.0,1000.0,SKD11035067
6,SEC48SF-MB1AA26,1.0,1.0,SKD6G3555
5,SEC48SF-MV2AA26,59.0,1000.0,SKD11022067
6,SEC48SF-MV2AA26,1.0,1.0,SKD6G2248
5,SEC48SF-MV3AA26,61.0,1000.0,SKD11022067
6,SEC48SF-MV3AA26,1.0,1.0,SKD6G2250
5,SEC48SF-MY1AA26,56.0,1000.0,SKD11040065
6,SEC48SF-MY1AA26,1.0,1.0,SKD6E4026
4,SEC48YF-DW9,75.0,1000.0,SUJ3038068
5,SEC48YF-DW9,1.0,1.0,S6H3828
6,SEC48YF-DW9,1.0,1.0,SEC48YF-MW9
4,SEC48YF-DY2,45.0,1000.0,SUJ3038068
5,SEC48YF-DY2,1.0,1.0,S6H3818
6,SEC48YF-DY2,1.0,1.0,SEC48YF-MY2
4,SEC48YF-DY3,55.0,1000.0,SUJ3038068
5,SEC48YF-DY3,1.0,1.0,S6H3822
6,SEC48YF-DY3,1.0,1.0,SEC48YF-MY3
4,SEC48YF-DY4,55.0,1000.0,SUJ3038068
5,SEC48YF-DY4,1.0,1.0,S6H3822
6,SEC48YF-DY4,1.0,1.0,SEC48YF-MY4
5,SEC48YF-ME130,131.0,1000.0,SKD11040065
6,SEC48YF-ME130,1.0,1.0,SKD6E4061
5,SEC48YF-ME230,139.0,1000.0,SKD11040065
6,SEC48YF-ME230,1.0,1.0,SKD6E4065
5,SEC48YF-MP0AA30,88.0,1000.0,SKD11047067
6,SEC48YF-MP0AA30,1.0,1.0,SKD6G4734
5,SEC48YF-MQ2AA30,44.0,1000.0,SKD11033065
6,SEC48YF-MQ2AA30,1.0,1.0,SKD6E3325
5,SEC48YF-MQ3AA30,30.0,1000.0,SKD11022067
6,SEC48YF-MQ3AA30,1.0,1.0,SKD6G2224
5,SEC48YF-MQ7AA30,74.0,1000.0,SKD11022067
6,SEC48YF-MQ7AA30,1.0,1.0,SKD6G2261
5,SEC48YF-MQ8AA30,74.0,1000.0,SKD11022067
6,SEC48YF-MQ8AA30,1.0,1.0,SKD6G2261
5,SEC48YF-MV2,65.0,1000.0,SKD11047067
6,SEC48YF-MV2,1.0,1.0,SKD6G4725
5,SEC48YF-MV5,106.0,1000.0,SKD11033065
6,SEC48YF-MV5,1.0,1.0,SKD6E3360
5,SEC48YF-MV9,74.0,1000.0,SKD11022067
6,SEC48YF-MV9,1.0,1.0,SKD6G2261
4,SEC48YM-DX1,225.0,1000.0,SUJ3038068
5,SEC48YM-DX1,1.0,1.0,S6H3890
6,SEC48YM-DX1,1.0,1.0,SEC48YM-MX1
4,SEC48YM-DY3,75.0,1000.0,SUJ3038068
5,SEC48YM-DY3,1.0,1.0,S6H3828
6,SEC48YM-DY3,1.0,1.0,SEC48YM-MY3
4,SEC48YM-DY5,75.0,1000.0,SUJ3016016
5,SEC48YM-DY5,1.0,1.0,S161628
6,SEC48YM-DY5,1.0,1.0,SEC48YM-MY5
5,SEC4BCY-MB1AA30,176.0,1000.0,SKD11047067
6,SEC4BCY-MB1AA30,1.0,1.0,SKD6G4768
5,SEC4BCY-MR0AA30,78.0,1000.0,SKD11035090
6,SEC4BCY-MR0AA30,1.0,1.0,SKD9Z3530
5,SEC4BCY-MR0BB30,80.0,1000.0,SKD11030085
6,SEC4BCY-MR0BB30,1.0,1.0,SKD8E3038
5,SEC4BCY-MS6AA30,80.0,1000.0,SKD11030085
6,SEC4BCY-MS6AA30,1.0,1.0,SKD8E3038
5,SEC4BCY-MS6AB30,80.0,1000.0,SKD11030085
6,SEC4BCY-MS6AB30,1.0,1.0,SKD8E3038
5,SEC4BCY-MS9AA30,52.0,1000.0,SKD11035090
6,SEC4BCY-MS9AA30,1.0,1.0,SKD9Z3520
5,SEC4BCY-MS9AB30,52.0,1000.0,SKD11035090
6,SEC4BCY-MS9AB30,1.0,1.0,SKD9Z3520
5,SEC4BCY-MV1AA30,95.0,1000.0,SKD11022067
6,SEC4BCY-MV1AA30,1.0,1.0,SKD6G2278
5,SEC4BCY-MX2AA30,78.0,1000.0,SKD11030070
6,SEC4BCY-MX2AA30,1.0,1.0,SKD7Z3045
5,SEC4BCY-MX2AA34,76.0,1000.0,SKD11032072
6,SEC4BCY-MX2AA34,1.0,1.0,SKD7B3240
5,SEC4BCY-MX4AA30,112.0,1000.0,SKD11030070
6,SEC4BCY-MX4AA30,1.0,1.0,SKD7Z3065
5,SEC4BCY-MX4AA34,114.0,1000.0,SKD11032072
6,SEC4BCY-MX4AA34,1.0,1.0,SKD7B3260
5,SEC4BCY-MY2AA34,76.0,1000.0,SKD11032072
6,SEC4BCY-MY2AA34,1.0,1.0,SKD7B3240
5,SEC4BCY-MY2HA34,76.0,1000.0,SKD11032072
6,SEC4BCY-MY2HA34,1.0,1.0,SKD7B3240
5,SEC4BCY-MY4AA34,104.0,1000.0,SKD11032072
6,SEC4BCY-MY4AA34,1.0,1.0,SKD7B3255
5,SEC4BCY-MY4HA34,114.0,1000.0,SKD11032072
6,SEC4BCY-MY4HA34,1.0,1.0,SKD7B3260
5,SEC4BFY6-MX2AA30,95.0,1000.0,SKD11030070
6,SEC4BFY6-MX2AA30,1.0,1.0,SKD7Z3055
5,SEC4BFY6-MX2AA34,93.0,1000.0,SKD11030070
6,SEC4BFY6-MX2AA34,1.0,1.0,SKD7Z3054
5,SEC4BFY6-MY2AA34,69.0,1000.0,SKD11030070
6,SEC4BFY6-MY2AA34,1.0,1.0,SKD7Z3040
5,SEC4BY-MB1AA32,168.0,1000.0,SKD11047067
6,SEC4BY-MB1AA32,1.0,1.0,SKD6G4765
5,SEC4BY-MB1BA32,168.0,1000.0,SKD11047067
6,SEC4BY-MB1BA32,1.0,1.0,SKD6G4765
5,SEC4BY-MR0AA30,78.0,1000.0,SKD11035090
6,SEC4BY-MR0AA30,1.0,1.0,SKD9Z3530
5,SEC4BY-MR0AC30,78.0,1000.0,SKD11035090
6,SEC4BY-MR0AC30,1.0,1.0,SKD9Z3530
5,SEC4BY-MR0BA30,78.0,1000.0,SKD11035090
6,SEC4BY-MR0BA30,1.0,1.0,SKD9Z3530
5,SEC4BY-MR0BC32,72.0,1000.0,SKD11030085
6,SEC4BY-MR0BC32,1.0,1.0,SKD8E3034
5,SEC4BY-MR0BD30,80.0,1000.0,SKD11030085
6,SEC4BY-MR0BD30,1.0,1.0,SKD8E3038
5,SEC4BY-MS6AA30,42.0,1000.0,SKD11030085
6,SEC4BY-MS6AA30,1.0,1.0,SKD8E3020
5,SEC4BY-MS6AB30,78.0,1000.0,SKD11035090
6,SEC4BY-MS6AB30,1.0,1.0,SKD9Z3530
5,SEC4BY-MS6AB32,63.0,1000.0,SKD11030085
6,SEC4BY-MS6AB32,1.0,1.0,SKD8E3030
5,SEC4BY-MS6AC30,63.0,1000.0,SKD11029082
6,SEC4BY-MS6AC30,1.0,1.0,SKD8B2932
5,SEC4BY-MS9AA30,52.0,1000.0,SKD11035090
6,SEC4BY-MS9AA30,1.0,1.0,SKD9Z3520
5,SEC4BY-MS9AB30,78.0,1000.0,SKD11035090
6,SEC4BY-MS9AB30,1.0,1.0,SKD9Z3530
5,SEC4BY-MS9AC26,52.0,1000.0,SKD11035090
6,SEC4BY-MS9AC26,1.0,1.0,SKD9Z3520
5,SEC4BY-MS9AC30,52.0,1000.0,SKD11035090
6,SEC4BY-MS9AC30,1.0,1.0,SKD9Z3520
5,SEC4BY-MS9AD30,52.0,1000.0,SKD11035090
6,SEC4BY-MS9AD30,1.0,1.0,SKD9Z3520
5,SEC4BY-MS9BA30,52.0,1000.0,SKD11035090
6,SEC4BY-MS9BA30,1.0,1.0,SKD9Z3520
5,SEC4BY-MS9CB30,43.0,1000.0,SKD11022067
6,SEC4BY-MS9CB30,1.0,1.0,SKD6G2235
5,SEC4BY-MV1AA32,81.0,1000.0,SKD11022067
6,SEC4BY-MV1AA32,1.0,1.0,SKD6G2267
5,SEC4BY-MV1AA34,81.0,1000.0,SKD11022067
6,SEC4BY-MV1AA34,1.0,1.0,SKD6G2267
5,SEC4BY-MX2AA30,67.0,1000.0,SKD11032072
6,SEC4BY-MX2AA30,1.0,1.0,SKD7B3235
5,SEC4BY-MY2AA26,78.0,1000.0,SKD11029082
6,SEC4BY-MY2AA26,1.0,1.0,SKD8B2940
5,SEC4BY-MY2AA30,76.0,1000.0,SKD11032072
6,SEC4BY-MY2AA30,1.0,1.0,SKD7B3240
5,SEC4BY-MY2AA32,76.0,1000.0,SKD11032072
6,SEC4BY-MY2AA32,1.0,1.0,SKD7B3240
5,SEC4BY-MY2AA34,76.0,1000.0,SKD11032072
6,SEC4BY-MY2AA34,1.0,1.0,SKD7B3240
5,SEC4BY-MY4AA26,101.0,1000.0,SKD11032072
6,SEC4BY-MY4AA26,1.0,1.0,SKD7B3254
5,SEC4BY-MY4AA30,101.0,1000.0,SKD11032072
6,SEC4BY-MY4AA30,1.0,1.0,SKD7B3254
5,SEC4BY-MY4AA32,114.0,1000.0,SKD11032072
6,SEC4BY-MY4AA32,1.0,1.0,SKD7B3260
5,SEC4BY-MY4AA34,114.0,1000.0,SKD11032072
6,SEC4BY-MY4AA34,1.0,1.0,SKD7B3260
5,SEC4CFY6-MB1AA30,168.0,1000.0,SKD11047067
6,SEC4CFY6-MB1AA30,1.0,1.0,SKD6G4765
5,SEC4C-MB1AA30,155.0,1000.0,SKD11047067
6,SEC4C-MB1AA30,1.0,1.0,SKD6G4760
5,SEC4C-MY2AA30,67.0,1000.0,SKD11032072
6,SEC4C-MY2AA30,1.0,1.0,SKD7B3235
5,SEC4C-MY3AA30,101.0,1000.0,SKD11032072
6,SEC4C-MY3AA30,1.0,1.0,SKD7B3254
4,SEC4YME-DX2AA30,67.0,1000.0,SKD11032072
5,SEC4YME-DX2AA30,1.0,1.0,SKD7B3235
6,SEC4YME-DX2AA30,1.0,1.0,SEC4YME-MX2AA30
4,SEC4YME-DY2AA30,67.0,1000.0,SKD11032072
5,SEC4YME-DY2AA30,1.0,1.0,SKD7B3235
6,SEC4YME-DY2AA30,1.0,1.0,SEC4YME-MY2AA30
5,SEC4YME-MX1BB30,28.0,1000.0,SKD11025067
6,SEC4YME-MX1BB30,1.0,1.0,SKD6G2520
5,SEC4YME-MX2BA30,86.0,1000.0,SKD11029082
6,SEC4YME-MX2BA30,1.0,1.0,SKD8B2944
5,SEC4Y-MY2AA26,67.0,1000.0,SKD11032072
6,SEC4Y-MY2AA26,1.0,1.0,SKD7B3235
5,SEC4Y-MY2AA30,67.0,1000.0,SKD11032072
6,SEC4Y-MY2AA30,1.0,1.0,SKD7B3235
5,SEC4Y-MY2AA34,69.0,1000.0,SKD11030070
6,SEC4Y-MY2AA34,1.0,1.0,SKD7Z3040
5,SEC6BFY4-MR0AA30,63.0,1000.0,SKD11030085
6,SEC6BFY4-MR0AA30,1.0,1.0,SKD8E3030
5,SEC6BFY4-MS9AA30,78.0,1000.0,SKD11035090
6,SEC6BFY4-MS9AA30,1.0,1.0,SKD9Z3530
5,SEC6BFY4-MY2AA30,52.0,1000.0,SKD11030070
6,SEC6BFY4-MY2AA30,1.0,1.0,SKD7Z3030
5,SEC6BFY4-MY3AA30,78.0,1000.0,SKD11030070
6,SEC6BFY4-MY3AA30,1.0,1.0,SKD7Z3045
5,SEC6BFY4-MY4AA30,85.0,1000.0,SKD11032072
6,SEC6BFY4-MY4AA30,1.0,1.0,SKD7B3245
4,SEC72-DB1AA30,96.0,1000.0,SKD11040065
5,SEC72-DB1AA30,1.0,1.0,SKD6E4045
6,SEC72-DB1AA30,1.0,1.0,SEC72-MB1AA30
4,SEC72-DB1AA34,131.0,1000.0,SKD11040065
5,SEC72-DB1AA34,1.0,1.0,SKD6E4061
6,SEC72-DB1AA34,1.0,1.0,SEC72-MB1AA34
4,SEC72-DX1AA34,31.0,1000.0,SKD11035065
5,SEC72-DX1AA34,1.0,1.0,SKD6E3525
6,SEC72-DX1AA34,1.0,1.0,SEC72-MX1AA34
4,SEC72-DY1AA,44.0,1000.0,SKD11033065
5,SEC72-DY1AA,1.0,1.0,SKD6E3325
6,SEC72-DY1AA,1.0,1.0,SEC72-MY1AA
4,SEC72-DY2AA,86.0,1000.0,SKD11040065
5,SEC72-DY2AA,1.0,1.0,SKD6E4040
6,SEC72-DY2AA,1.0,1.0,SEC72-MY2AA
4,SEC72-DY2BA,77.0,1000.0,SKD11035067
5,SEC72-DY2BA,1.0,1.0,SKD6G3540
6,SEC72-DY2BA,1.0,1.0,SEC72-MY2BA
4,SEC72-DY2BA34,77.0,1000.0,SKD11035067
5,SEC72-DY2BA34,1.0,1.0,SKD6G3540
6,SEC72-DY2BA34,1.0,1.0,SEC72-MY2BA34
4,SEC72-DY7AA,52.0,1000.0,SKD11035067
5,SEC72-DY7AA,1.0,1.0,SKD6G3527
6,SEC72-DY7AA,1.0,1.0,SEC72-MY7AA
4,SEC72-DY7AA34,52.0,1000.0,SKD11035067
5,SEC72-DY7AA34,1.0,1.0,SKD6G3527
6,SEC72-DY7AA34,1.0,1.0,SEC72-MY7AA34
4,SEC72M-DX1AA34,62.0,1000.0,SKD11035067
5,SEC72M-DX1AA34,1.0,1.0,SKD6G3532
6,SEC72M-DX1AA34,1.0,1.0,SEC72M-MX1AA34
4,SEC72M-DX2AA34,87.0,1000.0,SKD11035065
5,SEC72M-DX2AA34,1.0,1.0,SKD6E3540
6,SEC72M-DX2AA34,1.0,1.0,SEC72M-MX2AA34
4,SEC72M-DX3AA34,87.0,1000.0,SKD11035065
5,SEC72M-DX3AA34,1.0,1.0,SKD6E3543
6,SEC72M-DX3AA34,1.0,1.0,SEC72M-MX3AA34
4,SEC72M-DY1AA34,31.0,1000.0,SKD11035065
5,SEC72M-DY1AA34,1.0,1.0,SKD6E3525
6,SEC72M-DY1AA34,1.0,1.0,SEC72M-MY1AA34
4,SEC72M-DY2AA34,87.0,1000.0,SKD11035065
5,SEC72M-DY2AA34,1.0,1.0,SKD6E3540
6,SEC72M-DY2AA34,1.0,1.0,SEC72M-MY2AA34
4,SEC72M-DY3AA34,87.0,1000.0,SKD11035065
5,SEC72M-DY3AA34,1.0,1.0,SKD6E3540
6,SEC72M-DY3AA34,1.0,1.0,SEC72M-MY3AA34
4,SEC72M-DY5AA34,52.0,1000.0,SKD11035067
5,SEC72M-DY5AA34,1.0,1.0,SKD6G3527
6,SEC72M-DY5AA34,1.0,1.0,SEC72M-MY5AA34
4,SEC72M-DY6AA34,33.0,1000.0,SKD11035067
5,SEC72M-DY6AA34,1.0,1.0,SKD6G3517
6,SEC72M-DY6AA34,1.0,1.0,SEC72M-MY6AA34
4,SEC72ME-DX1AA30,52.0,1000.0,SKD11035067
5,SEC72ME-DX1AA30,1.0,1.0,SKD6G3527
6,SEC72ME-DX1AA30,1.0,1.0,SEC72ME-MX1AA30
4,SEC72ME-DY1AA30,52.0,1000.0,SKD11035067
5,SEC72ME-DY1AA30,1.0,1.0,SKD6G3527
6,SEC72ME-DY1AA30,1.0,1.0,SEC72ME-MY1AA30
4,SEC72ME-DY7AA30,52.0,1000.0,SKD11035067
5,SEC72ME-DY7AA30,1.0,1.0,SKD6G3527
6,SEC72ME-DY7AA30,1.0,1.0,SEC72ME-MY7AA30
4,SEC72Y-DY2,75.0,1000.0,SUJ3038068
5,SEC72Y-DY2,1.0,1.0,S6H3828
6,SEC72Y-DY2,1.0,1.0,SEC72Y-MY2
4,SEC72Y-DY7,55.0,1000.0,SUJ3032085
5,SEC72Y-DY7,1.0,1.0,S8E3220
6,SEC72Y-DY7,1.0,1.0,SEC72Y-MY7
4,SEC72Y-DY9,180.0,1000.0,SUJ3032085
5,SEC72Y-DY9,1.0,1.0,S8E3270
6,SEC72Y-DY9,1.0,1.0,SEC72Y-MY9
5,SEC72Y-MY1,35.0,1000.0,SKD11030070
6,SEC72Y-MY1,1.0,1.0,SKD7Z3020
6,SEC7BFK-MB1AA34,1.0,1.0,SKD105043
6,SEC7BFK-MB2AA34,1.0,1.0,SKD105021
6,SEC7BFK-MB3AA34,1.0,1.0,SKD105041
5,SEC7BFK-MX0AA30,67.0,1000.0,SKD11032072
6,SEC7BFK-MX0AA30,1.0,1.0,SKD7B3235
5,SEC7BFK-MX0AA34,67.0,1000.0,SKD11032072
6,SEC7BFK-MX0AA34,1.0,1.0,SKD7B3235
5,SEC7BFK-MX1AA34,95.0,1000.0,SKD11032072
6,SEC7BFK-MX1AA34,1.0,1.0,SKD7B3250
5,SEC7BFK-MX2AA34,67.0,1000.0,SKD11032072
6,SEC7BFK-MX2AA34,1.0,1.0,SKD7B3235
5,SEC7BFK-MY1AA34,48.0,1000.0,SKD11027067
6,SEC7BFK-MY1AA34,1.0,1.0,SKD6G2732
5,SEC7BFK-MY2AA34,26.0,1000.0,SKD11030070
6,SEC7BFK-MY2AA34,1.0,1.0,SKD7Z3015
5,SEC7BFK-MY3AA34,24.0,1000.0,SKD11025067
6,SEC7BFK-MY3AA34,1.0,1.0,SKD6G2518
5,SEC7BFK-MY5AA34,33.0,1000.0,SKD11030070
6,SEC7BFK-MY5AA34,1.0,1.0,SKD7Z3019
5,SEC7BFK-MY7AA34,59.0,1000.0,SKD11030070
6,SEC7BFK-MY7AA34,1.0,1.0,SKD7Z3034
5,SEC7BFK-MY8AA34,93.0,1000.0,SKD11030070
6,SEC7BFK-MY8AA34,1.0,1.0,SKD7Z3054
5,SEC7BFK-MY9AA34,59.0,1000.0,SKD11030070
6,SEC7BFK-MY9AA34,1.0,1.0,SKD7Z3034
5,SEC7BKF-MY1AA34,52.0,1000.0,SKD11030070
6,SEC7BKF-MY1AA34,1.0,1.0,SKD7Z3030
6,SEC7BSB-MB1AA34,1.0,1.0,SKD105040
6,SEC7BSB-MB1BA34,1.0,1.0,SKD105040
6,SEC7BSB-MB1PA34,1.0,1.0,SKD105040
5,SEC7BSBME-MY1BA30,21.0,1000.0,SKD11025067
6,SEC7BSBME-MY1BA30,1.0,1.0,SKD6G2515
5,SEC7BSB-MS6AA34,47.0,1000.0,SKD11030085
6,SEC7BSB-MS6AA34,1.0,1.0,SKD8E3022
5,SEC7BSB-MV1AA34,124.0,1000.0,SKD11025067
6,SEC7BSB-MV1AA34,1.0,1.0,SKD6G2590
5,SEC7BSB-MX2AA34,63.0,1000.0,SKD11032072
6,SEC7BSB-MX2AA34,1.0,1.0,SKD7B3228
5,SEC7BSB-MY1AA30,21.0,1000.0,SKD11025067
6,SEC7BSB-MY1AA30,1.0,1.0,SKD6G2515
5,SEC7BSB-MY1BA30,21.0,1000.0,SKD11025067
6,SEC7BSB-MY1BA30,1.0,1.0,SKD6G2515
5,SEC7BSB-MY2AA34,63.0,1000.0,SKD11032072
6,SEC7BSB-MY2AA34,1.0,1.0,SKD7B3228
5,SEC7BSB-MY3AA34,67.0,1000.0,SKD11032072
6,SEC7BSB-MY3AA34,1.0,1.0,SKD7B3235
6,SEC7BSB-MY4AA34,1.0,1.0,SKD102523
6,SEC7BSB-MY4BA34,1.0,1.0,SKD102523
5,SEC7BS-MB1AA30,87.0,1000.0,SKD11035067
6,SEC7BS-MB1AA30,1.0,1.0,SKD6G3545
5,SEC7BS-MB1AA30-MITU,87.0,1000.0,SKD11035067
6,SEC7BS-MB1AA30-MITU,1.0,1.0,SKD6G3545
5,SEC7BS-MB1AA30-XDF-TEMP,87.0,1000.0,SKD11035067
6,SEC7BS-MB1AA30-XDF-TEMP,1.0,1.0,SKD6G3545
5,SEC7BS-MB1AA38,87.0,1000.0,SKD11035067
6,SEC7BS-MB1AA38,1.0,1.0,SKD6G3545
5,SEC7BS-MB1BA30,87.0,1000.0,SKD11035065
6,SEC7BS-MB1BA30,1.0,1.0,SKD6E3545
5,SEC7BSME-MY1AA30,21.0,1000.0,SKD11025067
6,SEC7BSME-MY1AA30,1.0,1.0,SKD6G2515
5,SEC7BSME-MY1BA30,21.0,1000.0,SKD11025067
6,SEC7BSME-MY1BA30,1.0,1.0,SKD6G2515
5,SEC7BSME-MY1EA30,21.0,1000.0,SKD11025067
6,SEC7BSME-MY1EA30,1.0,1.0,SKD6G2515
5,SEC7BSME-MY2BA30,52.0,1000.0,SKD11030070
6,SEC7BSME-MY2BA30,1.0,1.0,SKD7Z3030
5,SEC7BSME-MY2BA34,52.0,1000.0,SKD11030070
6,SEC7BSME-MY2BA34,1.0,1.0,SKD7Z3030
5,SEC7BSMME-MB1AA34,134.0,1000.0,SKD11040085
6,SEC7BSMME-MB1AA34,1.0,1.0,SKD8E4048
5,SEC7BSMME-MY1AA30,21.0,1000.0,SKD11025067
6,SEC7BSMME-MY1AA30,1.0,1.0,SKD6G2515
5,SEC7BSMME-MY2AA34,45.0,1000.0,SKD11030070
6,SEC7BSMME-MY2AA34,1.0,1.0,SKD7Z3026
5,SEC7BSMME-MY3AA34,64.0,1000.0,SKD11030070
6,SEC7BSMME-MY3AA34,1.0,1.0,SKD7Z3037
5,SEC7BSMME-MY4AA34,67.0,1000.0,SKD11032072
6,SEC7BSMME-MY4AA34,1.0,1.0,SKD7B3235
5,SEC7BSMME-MY6AA34,67.0,1000.0,SKD11032072
6,SEC7BSMME-MY6AA34,1.0,1.0,SKD7B3235
5,SEC7BS-MR0AA30,42.0,1000.0,SKD11030085
6,SEC7BS-MR0AA30,1.0,1.0,SKD8E3020
5,SEC7BS-MR0AA30-MITU,42.0,1000.0,SKD11030085
6,SEC7BS-MR0AA30-MITU,1.0,1.0,SKD8E3020
5,SEC7BS-MR0AA38,42.0,1000.0,SKD11030085
6,SEC7BS-MR0AA38,1.0,1.0,SKD8E3020
5,SEC7BS-MR0CA30,36.0,1000.0,SKD11021082
6,SEC7BS-MR0CA30,1.0,1.0,SKD8B2125
5,SEC7BS-MS6AA38,49.0,1000.0,SKD11029082
6,SEC7BS-MS6AA38,1.0,1.0,SKD8B2925
5,SEC7BS-MS6BA30,52.0,1000.0,SKD11035090
6,SEC7BS-MS6BA30,1.0,1.0,SKD9Z3520
5,SEC7BS-MS6BA34,52.0,1000.0,SKD11035090
6,SEC7BS-MS6BA34,1.0,1.0,SKD9Z3520
5,SEC7BS-MS9AA30,47.0,1000.0,SKD11030085
6,SEC7BS-MS9AA30,1.0,1.0,SKD8E3022
5,SEC7BS-MS9AA34,42.0,1000.0,SKD11030085
6,SEC7BS-MS9AA34,1.0,1.0,SKD8E3020
5,SEC7BS-MS9AA38,42.0,1000.0,SKD11030085
6,SEC7BS-MS9AA38,1.0,1.0,SKD8E3020
5,SEC7BS-MS9AB30,47.0,1000.0,SKD11030085
6,SEC7BS-MS9AB30,1.0,1.0,SKD8E3022
5,SEC7BS-MS9AB30-MITU,47.0,1000.0,SKD11030085
6,SEC7BS-MS9AB30-MITU,1.0,1.0,SKD8E3022
5,SEC7BS-MS9AB34,47.0,1000.0,SKD11030085
6,SEC7BS-MS9AB34,1.0,1.0,SKD8E3022
5,SEC7BS-MS9BA30,42.0,1000.0,SKD11030085
6,SEC7BS-MS9BA30,1.0,1.0,SKD8E3020
5,SEC7BS-MS9BA34,42.0,1000.0,SKD11030085
6,SEC7BS-MS9BA34,1.0,1.0,SKD8E3020
5,SEC7BS-MS9BA38,42.0,1000.0,SKD11030085
6,SEC7BS-MS9BA38,1.0,1.0,SKD8E3020
5,SEC7BS-MS9BB30,42.0,1000.0,SKD11030085
6,SEC7BS-MS9BB30,1.0,1.0,SKD8E3020
5,SEC7BS-MS9BB30-MITU,42.0,1000.0,SKD11030085
6,SEC7BS-MS9BB30-MITU,1.0,1.0,SKD8E3020
5,SEC7BS-MS9BB32,42.0,1000.0,SKD11030085
6,SEC7BS-MS9BB32,1.0,1.0,SKD8E3020
5,SEC7BS-MS9BB34,42.0,1000.0,SKD11030085
6,SEC7BS-MS9BB34,1.0,1.0,SKD8E3020
5,SEC7BS-MV1AA30,97.0,1000.0,SKD11022067
6,SEC7BS-MV1AA30,1.0,1.0,SKD6G2280
5,SEC7BS-MV1AA38,103.0,1000.0,SKD11022067
6,SEC7BS-MV1AA38,1.0,1.0,SKD6G2285
5,SEC7BS-MV2AA34,59.0,1000.0,SKD11022067
6,SEC7BS-MV2AA34,1.0,1.0,SKD6G2248
5,SEC7BS-MX2AA30,61.0,1000.0,SKD11030070
6,SEC7BS-MX2AA30,1.0,1.0,SKD7Z3035
5,SEC7BS-MX3AA30,66.0,1000.0,SKD11030070
6,SEC7BS-MX3AA30,1.0,1.0,SKD7Z3038
5,SEC7BS-MX3BA30,66.0,1000.0,SKD11030070
6,SEC7BS-MX3BA30,1.0,1.0,SKD7Z3038
5,SEC7BS-MY1AA30,21.0,1000.0,SKD11025067
6,SEC7BS-MY1AA30,1.0,1.0,SKD6G2515
5,SEC7BS-MY1AA38,21.0,1000.0,SKD11025067
6,SEC7BS-MY1AA38,1.0,1.0,SKD6G2515
5,SEC7BS-MY2AA30,42.0,1000.0,SKD11030070
6,SEC7BS-MY2AA30,1.0,1.0,SKD7Z3024
5,SEC7BS-MY2AA34,44.0,1000.0,SKD11030070
6,SEC7BS-MY2AA34,1.0,1.0,SKD7Z3025
5,SEC7BS-MY2AA38,44.0,1000.0,SKD11030070
6,SEC7BS-MY2AA38,1.0,1.0,SKD7Z3025
5,SEC7BS-MY3AA30,66.0,1000.0,SKD11030070
6,SEC7BS-MY3AA30,1.0,1.0,SKD7Z3038
5,SEC7BS-MY3AA34,61.0,1000.0,SKD11030070
6,SEC7BS-MY3AA34,1.0,1.0,SKD7Z3035
5,SEC7BS-MY3AA38,66.0,1000.0,SKD11030070
6,SEC7BS-MY3AA38,1.0,1.0,SKD7Z3038
5,SEC7BS-MY4AA30,67.0,1000.0,SKD11032072
6,SEC7BS-MY4AA30,1.0,1.0,SKD7B3235
5,SEC7BS-MY4AA34,67.0,1000.0,SKD11032072
6,SEC7BS-MY4AA34,1.0,1.0,SKD7B3235
5,SEC7BS-MY4AA38,76.0,1000.0,SKD11032072
6,SEC7BS-MY4AA38,1.0,1.0,SKD7B3240
5,SEC7BS-MY6AA34,64.0,1000.0,SKD11030070
6,SEC7BS-MY6AA34,1.0,1.0,SKD7Z3037
5,SEC7BS-MZ5AA30,41.0,1000.0,SKD11012050
6,SEC7BS-MZ5AA30,1.0,1.0,SKD5Z1270
5,SEC7BS-MZ5AA34,41.0,1000.0,SKD11012050
6,SEC7BS-MZ5AA34,1.0,1.0,SKD5Z1270
5,SEC7BS-MZ5AA38,44.0,1000.0,SKD11012050
6,SEC7BS-MZ5AA38,1.0,1.0,SKD5Z1275
5,SEC7BS-MZ5BA30,30.0,1000.0,SKD11012050
6,SEC7BS-MZ5BA30,1.0,1.0,SKD5Z1240
5,SEC7BY-MB1AA26,96.0,1000.0,SKD11040065
6,SEC7BY-MB1AA26,1.0,1.0,SKD6E4045
5,SEC7BY-MB1AA30,104.0,1000.0,SKD11047067
6,SEC7BY-MB1AA30,1.0,1.0,SKD6G4740
5,SEC7BY-MB2AA26,96.0,1000.0,SKD11040065
6,SEC7BY-MB2AA26,1.0,1.0,SKD6E4045
5,SEC7BY-MB2AA30,104.0,1000.0,SKD11047067
6,SEC7BY-MB2AA30,1.0,1.0,SKD6G4740
5,SEC7BY-MR0AA26,47.0,1000.0,SKD11030085
6,SEC7BY-MR0AA26,1.0,1.0,SKD8E3022
5,SEC7BY-MS6AA26,47.0,1000.0,SKD11030085
6,SEC7BY-MS6AA26,1.0,1.0,SKD8E3022
5,SEC7BY-MS9AA26,63.0,1000.0,SKD11030085
6,SEC7BY-MS9AA26,1.0,1.0,SKD8E3030
5,SEC7BY-MS9AB26,47.0,1000.0,SKD11030085
6,SEC7BY-MS9AB26,1.0,1.0,SKD8E3022
5,SEC7BY-MS9BA26,47.0,1000.0,SKD11030085
6,SEC7BY-MS9BA26,1.0,1.0,SKD8E3022
5,SEC7BY-MS9BA32,47.0,1000.0,SKD11030085
6,SEC7BY-MS9BA32,1.0,1.0,SKD8E3022
5,SEC7BY-MS9BB26,47.0,1000.0,SKD11030085
6,SEC7BY-MS9BB26,1.0,1.0,SKD8E3022
5,SEC7BY-MS9BB32,47.0,1000.0,SKD11030085
6,SEC7BY-MS9BB32,1.0,1.0,SKD8E3022
5,SEC7BY-MV1AA26,109.0,1000.0,SKD11022067
6,SEC7BY-MV1AA26,1.0,1.0,SKD6G2290
5,SEC7BY-MY1AA26,24.0,1000.0,SKD11025067
6,SEC7BY-MY1AA26,1.0,1.0,SKD6G2518
5,SEC7BY-MY2AA26,44.0,1000.0,SKD11030070
6,SEC7BY-MY2AA26,1.0,1.0,SKD7Z3025
5,SEC7BY-MY2AA32,45.0,1000.0,SKD11030070
6,SEC7BY-MY2AA32,1.0,1.0,SKD7Z3026
5,SEC7BY-MY3AA26,69.0,1000.0,SKD11030070
6,SEC7BY-MY3AA26,1.0,1.0,SKD7Z3040
5,SEC7BY-MY3AA32,69.0,1000.0,SKD11030070
6,SEC7BY-MY3AA32,1.0,1.0,SKD7Z3040
5,SEC7BY-MY4AA26,76.0,1000.0,SKD11032072
6,SEC7BY-MY4AA26,1.0,1.0,SKD7B3240
5,SEC7BY-MY4AA32,76.0,1000.0,SKD11032072
6,SEC7BY-MY4AA32,1.0,1.0,SKD7B3240
4,SEC7-DY2AA34,44.0,1000.0,SKD11030070
5,SEC7-DY2AA34,1.0,1.0,SKD7Z3025
6,SEC7-DY2AA34,1.0,1.0,SEC7-MY2AA34
4,SEC7-DY3AA34,61.0,1000.0,SKD11030070
5,SEC7-DY3AA34,1.0,1.0,SKD7Z3035
6,SEC7-DY3AA34,1.0,1.0,SEC7-MY3AA34
4,SEC7-DY4AA34,61.0,1000.0,SKD11030070
5,SEC7-DY4AA34,1.0,1.0,SKD7Z3035
6,SEC7-DY4AA34,1.0,1.0,SEC7-MY4AA34
4,SEC7-DY6AA34,61.0,1000.0,SKD11030070
5,SEC7-DY6AA34,1.0,1.0,SKD7Z3035
6,SEC7-DY6AA34,1.0,1.0,SEC7-MY6AA34
4,SEC7ME-DY1AA30,21.0,1000.0,SKD11025067
5,SEC7ME-DY1AA30,1.0,1.0,SKD6G2515
6,SEC7ME-DY1AA30,1.0,1.0,SEC7ME-MY1AA30
4,SEC7ME-DY2AA30,44.0,1000.0,SKD11030070
5,SEC7ME-DY2AA30,1.0,1.0,SKD7Z3025
6,SEC7ME-DY2AA30,1.0,1.0,SEC7ME-MY2AA30
4,SEC7ME-DY2AA34,44.0,1000.0,SKD11030070
5,SEC7ME-DY2AA34,1.0,1.0,SKD7Z3025
6,SEC7ME-DY2AA34,1.0,1.0,SEC7ME-MY2AA34
5,SEC7ME-MY1BA30,21.0,1000.0,SKD11025067
6,SEC7ME-MY1BA30,1.0,1.0,SKD6G2515
5,SEC7ME-MY2BA34,63.0,1000.0,SKD11032072
6,SEC7ME-MY2BA34,1.0,1.0,SKD7B3228
5,SEC7-MY1AA36,21.0,1000.0,SKD11025067
6,SEC7-MY1AA36,1.0,1.0,SKD6G2515
5,SEC7-MY2AA36,42.0,1000.0,SKD11030070
6,SEC7-MY2AA36,1.0,1.0,SKD7Z3024
5,SEC7-MY3AA36,66.0,1000.0,SKD11030070
6,SEC7-MY3AA36,1.0,1.0,SKD7Z3038
5,SEC7-MY4BA36,61.0,1000.0,SKD11030070
6,SEC7-MY4BA36,1.0,1.0,SKD7Z3035
5,SEC7-MZ5AA34,28.0,1000.0,SKD11012050
6,SEC7-MZ5AA34,1.0,1.0,SKD5Z1236
4,SEC8-DY3AA34,52.0,1000.0,SKD11030070
5,SEC8-DY3AA34,1.0,1.0,SKD7Z3030
6,SEC8-DY3AA34,1.0,1.0,SEC8-MY3AA34
4,SEC8-DY4AA34,52.0,1000.0,SKD11030070
5,SEC8-DY4AA34,1.0,1.0,SKD7Z3030
6,SEC8-DY4AA34,1.0,1.0,SEC8-MY4AA34
4,SEC8-DY6AA34,52.0,1000.0,SKD11030070
5,SEC8-DY6AA34,1.0,1.0,SKD7Z3030
6,SEC8-DY6AA34,1.0,1.0,SEC8-MY6AA34
5,SEC8-MY1AA34,21.0,1000.0,SKD11025067
6,SEC8-MY1AA34,1.0,1.0,SKD6G2515
5,SEC8-MY2AA34,35.0,1000.0,SKD11030070
6,SEC8-MY2AA34,1.0,1.0,SKD7Z3020
5,SEC8-MZ5AA34,35.0,1000.0,SKD11012050
6,SEC8-MZ5AA34,1.0,1.0,SKD5Z1260
4,SEC96ME-DY1BA30,29.0,1000.0,SKD11035067
5,SEC96ME-DY1BA30,1.0,1.0,SKD6G3515
6,SEC96ME-DY1BA30,1.0,1.0,SEC96ME-MY1BA30
4,SEC96ME-DY1CA34,35.0,1000.0,SKD11027067
5,SEC96ME-DY1CA34,1.0,1.0,SKD6G2723
6,SEC96ME-DY1CA34,1.0,1.0,SEC96ME-MY1CA34
4,SEC96ME-DY2AA30,35.0,1000.0,SKD11030070
5,SEC96ME-DY2AA30,1.0,1.0,SKD7Z3020
6,SEC96ME-DY2AA30,1.0,1.0,SEC96ME-MY2AA30
4,SEC96ME-DY2AA34,41.0,1000.0,SKD11030072
5,SEC96ME-DY2AA34,1.0,1.0,SKD7B3020
6,SEC96ME-DY2AA34,1.0,1.0,SEC96ME-MY2AA34
4,SEC96ME-DY3AA30,69.0,1000.0,SKD11040070
5,SEC96ME-DY3AA30,1.0,1.0,SKD7Z4030
6,SEC96ME-DY3AA30,1.0,1.0,SEC96ME-MY3AA30
4,SEC96ME-DY6AA34,114.0,1000.0,SKD11032072
5,SEC96ME-DY6AA34,1.0,1.0,SKD7B3260
6,SEC96ME-DY6AA34,1.0,1.0,SEC96ME-MY6AA34
5,SEC96ME-MY3AA34,67.0,1000.0,SKD11032072
6,SEC96ME-MY3AA34,1.0,1.0,SKD7B3235
4,SEC96ST-DB1AA34,88.0,1000.0,SKD11047067
5,SEC96ST-DB1AA34,1.0,1.0,SKD6G4734
6,SEC96ST-DB1AA34,1.0,1.0,SEC96ST-MB1AA34
4,SEC96ST-DY4AA34,114.0,1000.0,SKD11032072
5,SEC96ST-DY4AA34,1.0,1.0,SKD7B3260
6,SEC96ST-DY4AA34,1.0,1.0,SEC96ST-MY4AA34
4,SEC96ST-DY7AA34,107.0,1000.0,SKD11030072
5,SEC96ST-DY7AA34,1.0,1.0,SKD7B3060
6,SEC96ST-DY7AA34,1.0,1.0,SEC96ST-MY7AA34
5,SECBL3-MB1AA24,155.0,1000.0,SKD11047067
6,SECBL3-MB1AA24,1.0,1.0,SKD6G4760
5,SECBL3-MB2AA24,155.0,1000.0,SKD11047067
6,SECBL3-MB2AA24,1.0,1.0,SKD6G4760
5,SECBL3-MB3AA24,155.0,1000.0,SKD11047067
6,SECBL3-MB3AA24,1.0,1.0,SKD6G4760
5,SECBL3-MY1AA24,78.0,1000.0,SKD11047067
6,SECBL3-MY1AA24,1.0,1.0,SKD6G4730
5,SECBL3-MY8AA24,61.0,1000.0,SKD11022067
6,SECBL3-MY8AA24,1.0,1.0,SKD6G2250
4,SECBL-DY1BB,52.0,1000.0,SKD11047067
5,SECBL-DY1BB,1.0,1.0,SKD6G4720
6,SECBL-DY1BB,1.0,1.0,SECBL-MY1BB
4,SECBME-DX1,52.0,1000.0,SKD11047067
5,SECBME-DX1,1.0,1.0,SKD6G4720
6,SECBME-DX1,1.0,1.0,SECBME-MX1
4,SECBME-DX1AA34,65.0,1000.0,SKD11047067
5,SECBME-DX1AA34,1.0,1.0,SKD6G4725
6,SECBME-DX1AA34,1.0,1.0,SECBME-MX1AA34
4,SECBME-DX3,62.0,1000.0,SKD11015067
5,SECBME-DX3,1.0,1.0,SKD6G1556
6,SECBME-DX3,1.0,1.0,SECBME-MX3
4,SECBME-DY3AA34,54.0,1000.0,SKD11015067
5,SECBME-DY3AA34,1.0,1.0,SKD6G1565
6,SECBME-DY3AA34,1.0,1.0,SECBME-MY3AA34
5,SECBYFK-DA4,61.0,1000.0,SKD11022067
6,SECBYFK-DA4,1.0,1.0,SKD6G2250
5,SECBYFK-DA5,61.0,1000.0,SKD11022067
6,SECBYFK-DA5,1.0,1.0,SKD6G2250
4,SECBYFK-DB530,100.0,1000.0,SUJ3038068
5,SECBYFK-DB530,1.0,1.0,S6H3846
6,SECBYFK-DB530,1.0,1.0,SECBYFK-MB530
4,SECBYFK-DW1,88.0,1000.0,SKD11047067
5,SECBYFK-DW1,1.0,1.0,SKD6G4734
6,SECBYFK-DW1,1.0,1.0,SECBYFK-MW1
4,SECBYFK-DW2,114.0,1000.0,SKD11047067
5,SECBYFK-DW2,1.0,1.0,SKD6G4744
6,SECBYFK-DW2,1.0,1.0,SECBYFK-MW2
4,SECBYFK-DX1,52.0,1000.0,SKD11047067
5,SECBYFK-DX1,1.0,1.0,SKD6G4720
6,SECBYFK-DX1,1.0,1.0,SECBYFK-MX1
4,SECBYFK-DX3,106.0,1000.0,SKD11035067
5,SECBYFK-DX3,1.0,1.0,SKD6G3555
6,SECBYFK-DX3,1.0,1.0,SECBYFK-MX3
4,SECBYFK-DX4,62.0,1000.0,SKD11015067
5,SECBYFK-DX4,1.0,1.0,SKD6G1556
6,SECBYFK-DX4,1.0,1.0,SECBYFK-MX4
4,SECBYFK-DY4,104.0,1000.0,SKD11027067
5,SECBYFK-DY4,1.0,1.0,SKD6G2770
6,SECBYFK-DY4,1.0,1.0,SECBYFK-MY4
5,SECBYFK-MB430,164.0,1000.0,SKD11035067
6,SECBYFK-MB430,1.0,1.0,SKD6G3585
5,SECBYFK-MX2,85.0,1000.0,SKD11022067
6,SECBYFK-MX2,1.0,1.0,SKD6G2270
5,SECBYFK-MY2,85.0,1000.0,SKD11022067
6,SECBYFK-MY2,1.0,1.0,SKD6G2270
5,SECBYFK-MY3,85.0,1000.0,SKD11022067
6,SECBYFK-MY3,1.0,1.0,SKD6G2270
4,SECBYME-DX1,52.0,1000.0,SKD11047067
5,SECBYME-DX1,1.0,1.0,SKD6G4720
6,SECBYME-DX1,1.0,1.0,SECBYME-MX1
4,SECBYME-DX3B30,62.0,1000.0,SKD11015067
5,SECBYME-DX3B30,1.0,1.0,SKD6G1556
6,SECBYME-DX3B30,1.0,1.0,SECBYME-MX3B30
4,SECBYME-DX3BA34,54.0,1000.0,SKD11015067
5,SECBYME-DX3BA34,1.0,1.0,SKD6G1565
6,SECBYME-DX3BA34,1.0,1.0,SECBYME-MX3BA34
4,SECBYME-DY2AA30,104.0,1000.0,SKD11027067
5,SECBYME-DY2AA30,1.0,1.0,SKD6G2770
6,SECBYME-DY2AA30,1.0,1.0,SECBYME-MY2AA30
4,SECBYME-DY2AA34,141.0,1000.0,SKD11027067
5,SECBYME-DY2AA34,1.0,1.0,SKD6G2795
6,SECBYME-DY2AA34,1.0,1.0,SECBYME-MY2AA34
4,SECBYNST-DX1DA36,52.0,1000.0,SKD11047067
5,SECBYNST-DX1DA36,1.0,1.0,SKD6G4720
6,SECBYNST-DX1DA36,1.0,1.0,SECBYNST-MX1DA36
4,SECBYNST-DY2AA36,85.0,1000.0,SKD11022067
5,SECBYNST-DY2AA36,1.0,1.0,SKD6G2270
6,SECBYNST-DY2AA36,1.0,1.0,SECBYNST-MY2AA36
4,SECBYNST-DY3AA36,62.0,1000.0,SKD11015067
5,SECBYNST-DY3AA36,1.0,1.0,SKD6G1556
6,SECBYNST-DY3AA36,1.0,1.0,SECBYNST-MY3AA36
4,SECBYNST-DY4AA36,75.0,1000.0,SKD11025067
5,SECBYNST-DY4AA36,1.0,1.0,SKD6G2554
6,SECBYNST-DY4AA36,1.0,1.0,SECBYNST-MY4AA36
4,SECBYST-DB130,126.0,1000.0,SKD11035065
5,SECBYST-DB130,1.0,1.0,SKD6E3565
6,SECBYST-DB130,1.0,1.0,SECBYST-MB130
4,SECBYST-DB230,96.0,1000.0,SKD11040065
5,SECBYST-DB230,1.0,1.0,SKD6E4045
6,SECBYST-DB230,1.0,1.0,SECBYST-MB230
4,SECBYST-DX1,52.0,1000.0,SKD11047067
5,SECBYST-DX1,1.0,1.0,SKD6G4720
6,SECBYST-DX1,1.0,1.0,SECBYST-MX1
4,SECBYST-DX1DA34,52.0,1000.0,SKD11047067
5,SECBYST-DX1DA34,1.0,1.0,SKD6G4720
6,SECBYST-DX1DA34,1.0,1.0,SECBYST-MX1DA34
4,SECBYST-DX1DA38,52.0,1000.0,SKD11047067
5,SECBYST-DX1DA38,1.0,1.0,SKD6G4720
6,SECBYST-DX1DA38,1.0,1.0,SECBYST-MX1DA38
4,SECBYST-DY2,85.0,1000.0,SKD11022067
5,SECBYST-DY2,1.0,1.0,SKD6G2270
6,SECBYST-DY2,1.0,1.0,SECBYST-MY2
4,SECBYST-DY2AA34,97.0,1000.0,SKD11022067
5,SECBYST-DY2AA34,1.0,1.0,SKD6G2280
6,SECBYST-DY2AA34,1.0,1.0,SECBYST-MY2AA34
4,SECBYST-DY2AA38,95.0,1000.0,SKD11022067
5,SECBYST-DY2AA38,1.0,1.0,SKD6G2278
6,SECBYST-DY2AA38,1.0,1.0,SECBYST-MY2AA38
4,SECBYST-DY3,62.0,1000.0,SKD11015067
5,SECBYST-DY3,1.0,1.0,SKD6G1556
6,SECBYST-DY3,1.0,1.0,SECBYST-MY3
4,SECBYST-DY3AA38,54.0,1000.0,SKD11015067
5,SECBYST-DY3AA38,1.0,1.0,SKD6G1565
6,SECBYST-DY3AA38,1.0,1.0,SECBYST-MY3AA38
4,SECBYST-DY4,79.0,1000.0,SKD11027067
5,SECBYST-DY4,1.0,1.0,SKD6G2753
6,SECBYST-DY4,1.0,1.0,SECBYST-MY4
4,SECBYST-DY4AA34,91.0,1000.0,SKD11027067
5,SECBYST-DY4AA34,1.0,1.0,SKD6G2761
6,SECBYST-DY4AA34,1.0,1.0,SECBYST-MY4AA34
4,SECBYST-DY4AA38,91.0,1000.0,SKD11027067
5,SECBYST-DY4AA38,1.0,1.0,SKD6G2761
6,SECBYST-DY4AA38,1.0,1.0,SECBYST-MY4AA38
5,SECBYST-MB1AA34,125.0,1000.0,SKD11035067
6,SECBYST-MB1AA34,1.0,1.0,SKD6G3565
5,SECBYST-MB2AA34,87.0,1000.0,SKD11035067
6,SECBYST-MB2AA34,1.0,1.0,SKD6G3545
5,SECBYST-MB430,96.0,1000.0,SKD11040065
6,SECBYST-MB430,1.0,1.0,SKD6E4045
4,SEC-DS0C,1.0,1.0,SKS3050013
5,SEC-DS0C,1.0,1.0,S133025
6,SEC-DS0C,1.0,1.0,SEC-MS0C
4,SEC-DS1B,150.0,1000.0,SKS3050013
5,SEC-DS1B,1.0,1.0,S134030
6,SEC-DS1B,1.0,1.0,SEC-MS1B
4,SEC-DS6D,134.0,1000.0,SKD11040085
5,SEC-DS6D,1.0,1.0,SKD8E4048
6,SEC-DS6D,1.0,1.0,SEC-MS6D
6,SEC-DS9G26,1.0,1.0,SEC-RS9G26
5,SEC-DS9G30,1.0,1.0,SEC-RS9G30
6,SEC-DS9G30,1.0,1.0,SEC-MS9G30
5,SECDSPR-MB1AA30,62.0,1000.0,SKD11035067
6,SECDSPR-MB1AA30,1.0,1.0,SKD6G3532
5,SECDSPR-MB2AA30,106.0,1000.0,SKD11035067
6,SECDSPR-MB2AA30,1.0,1.0,SKD6G3555
5,SECDSPR-MB3AA30,104.0,1000.0,SKD11035090
6,SECDSPR-MB3AA30,1.0,1.0,SKD9Z3540
5,SECDSPR-MB4AA30,143.0,1000.0,SKD11035090
6,SECDSPR-MB4AA30,1.0,1.0,SKD9Z3555
5,SECDSPR-MB7AA30,145.0,1000.0,SKD11035067
6,SECDSPR-MB7AA30,1.0,1.0,SKD6G3575
5,SECDSPR-MB8AA30,224.0,1000.0,SKD11040085
6,SECDSPR-MB8AA30,1.0,1.0,SKD8E4080
5,SECDSPR-MB9AA30,207.0,1000.0,SKD11035090
6,SECDSPR-MB9AA30,1.0,1.0,SKD9Z3580
5,SECDSPR-MG1AA30,97.0,1000.0,SKD11022067
6,SECDSPR-MG1AA30,1.0,1.0,SKD6G2280
5,SECDSPR-MW2AA30,127.0,1000.0,SKD11029082
6,SECDSPR-MW2AA30,1.0,1.0,SKD8B2965
5,SECDSPR-MY1AA30,26.0,1000.0,SKD11022067
6,SECDSPR-MY1AA30,1.0,1.0,SKD6G2220
5,SECDSPR-MY2AA30,86.0,1000.0,SKD11029082
6,SECDSPR-MY2AA30,1.0,1.0,SKD8B2944
5,SEC-DT0B,85.0,1000.0,SUJ3016016
6,SEC-DT0B,1.0,1.0,SEC-MT0B
4,SEC-DT2,320.0,1000.0,SUJ3047068-H
5,SEC-DT2,1.0,1.0,S6H47105
6,SEC-DT2,1.0,1.0,SEC-MT2
4,SEC-DT6,120.0,1000.0,SKS3050013
5,SEC-DT6,1.0,1.0,S133825
6,SEC-DT6,1.0,1.0,SEC-MT6
4,SEC-DT7C,220.0,1000.0,SUJ3019019
5,SEC-DT7C,1.0,1.0,S191963
6,SEC-DT7C,1.0,1.0,SEC-MT7C
4,SEC-DT9C,50.0,1000.0,SUJ3016016
5,SEC-DT9C,1.0,1.0,S161620
6,SEC-DT9C,1.0,1.0,SEC-MT9C
4,SEC-DT9D,120.0,1000.0,SUJ3016016
5,SEC-DT9D,1.0,1.0,S161648
6,SEC-DT9D,1.0,1.0,SEC-MT9D
4,SEC-DV1,56.0,1000.0,SKD11040065
5,SEC-DV1,1.0,1.0,SKD6E4026
6,SEC-DV1,1.0,1.0,SEC-MV1
4,SEC-DV5,45.0,1000.0,SUJ3038068
5,SEC-DV5,1.0,1.0,S6H3818
6,SEC-DV5,1.0,1.0,SEC-MV5
4,SEC-DY1AXS2,55.0,1000.0,SUJ3038068
5,SEC-DY1AXS2,1.0,1.0,S6H3822
6,SEC-DY1AXS2,1.0,1.0,SEC-MY1AXS2
5,SEC-DZ9B,1.0,1.0,G3Z32115
6,SEC-DZ9B,1.0,1.0,SEC-MZ9B
4,SECMINI-DB1AA20,131.0,1000.0,SKD11040065
5,SECMINI-DB1AA20,1.0,1.0,SKD6E4061
6,SECMINI-DB1AA20,1.0,1.0,SECMINI-MB1BA16
4,SECMINI-DB2AA20,150.0,1000.0,SKD11040065
5,SECMINI-DB2AA20,1.0,1.0,SKD6E4070
6,SECMINI-DB2AA20,1.0,1.0,SECMINI-MB2BA16
4,SECMINI-DB3AA20,150.0,1000.0,SKD11040065
5,SECMINI-DB3AA20,1.0,1.0,SKD6E4070
6,SECMINI-DB3AA20,1.0,1.0,SECMINI-MB2BA16
4,SECMINI-DB4AA20,150.0,1000.0,SKD11040065
5,SECMINI-DB4AA20,1.0,1.0,SKD6E4070
6,SECMINI-DB4AA20,1.0,1.0,SECMINI-MB2BA16
5,SECMINI-DS0AA20,90.0,1000.0,SUJ3019019
6,SECMINI-DS0AA20,1.0,1.0,S191925
5,SECMINI-DS1AA20,150.0,1000.0,SKS3050013
6,SECMINI-DS1AA20,1.0,1.0,S134030
4,SECMINISF-DB1AA20,160.0,1000.0,SKD11040065
5,SECMINISF-DB1AA20,1.0,1.0,SKD6E4075
6,SECMINISF-DB1AA20,1.0,1.0,SECMINISF-MB1AA20
4,SECMINISF-DV4AA20,90.0,1000.0,SUJ3032068
5,SECMINISF-DV4AA20,1.0,1.0,S6H3250
6,SECMINISF-DV4AA20,1.0,1.0,SECMINISF-MV4AA20
4,SECMINISF-DV5AA20,80.0,1000.0,SUJ3032068
5,SECMINISF-DV5AA20,1.0,1.0,S6H3245
6,SECMINISF-DV5AA20,1.0,1.0,SECMINISF-MV5AA20
4,SECMINISF-DY1AA20,80.0,1000.0,SUJ3032068
5,SECMINISF-DY1AA20,1.0,1.0,S6H3245
6,SECMINISF-DY1AA20,1.0,1.0,SECMINISF-MY1AA20
6,SEC-MS9G26,1.0,1.0,SEC-RS9G26
5,SECPJ-MB1CA24,182.0,1000.0,SKD11050067
6,SECPJ-MB1CA24,1.0,1.0,SKD6G5066
5,SECPJ-MX1BA24,52.0,1000.0,SKD11047067
6,SECPJ-MX1BA24,1.0,1.0,SKD6G4720
5,SECPJ-MX2CA24,52.0,1000.0,SKD11047067
6,SECPJ-MX2CA24,1.0,1.0,SKD6G4720
5,SECPJ-MX5BA24,65.0,1000.0,SKD11047067
6,SECPJ-MX5BA24,1.0,1.0,SKD6G4725
5,SECPJ-MX6AA24,61.0,1000.0,SKD11022067
6,SECPJ-MX6AA24,1.0,1.0,SKD6G2250
5,SECPJ-MX6BA24,75.0,1000.0,SKD11022067
6,SECPJ-MX6BA24,1.0,1.0,SKD6G2262
5,SECPJ-MX6CA24,59.0,1000.0,SKD11022067
6,SECPJ-MX6CA24,1.0,1.0,SKD6G2248
5,SECPJ-MY4BA24,31.0,1000.0,SKD11025067
6,SECPJ-MY4BA24,1.0,1.0,SKD6G2522
5,SECPJ-MY6AA24,41.0,1000.0,SKD11015067
6,SECPJ-MY6AA24,1.0,1.0,SKD6G1535
5,SECPJ-MY6BA24,21.0,1000.0,SKD11015067
6,SECPJ-MY6BA24,1.0,1.0,SKD6G1525
5,SECPLCY-MB2AA30,160.0,1000.0,SKD11040065
6,SECPLCY-MB2AA30,1.0,1.0,SKD6E4075
5,SECPLCY-MB4AA30,160.0,1000.0,SKD11040065
6,SECPLCY-MB4AA30,1.0,1.0,SKD6E4075
5,SECPLCY-MB5AA30,194.0,1000.0,SKD11047067
6,SECPLCY-MB5AA30,1.0,1.0,SKD6G4775
5,SECPLCY-MC1AA30,119.0,1000.0,SKD11027067
6,SECPLCY-MC1AA30,1.0,1.0,SKD6G2780
5,SECPLCY-MD1AA30,110.0,1000.0,SKD11022055
6,SECPLCY-MD1AA30,1.0,1.0,SKD5E2285
5,SECPLCY-ME1AA30,95.0,1000.0,SKD11022067
6,SECPLCY-ME1AA30,1.0,1.0,SKD6G2278
5,SECPLCY-ME2AA30,124.0,1000.0,SKD11025067
6,SECPLCY-ME2AA30,1.0,1.0,SKD6G2590
5,SECPLCY-MY1AA30,52.0,1000.0,SKD11035067
6,SECPLCY-MY1AA30,1.0,1.0,SKD6G3527
5,SECPLCY-MY5AA30,98.0,1000.0,SKD11040085
6,SECPLCY-MY5AA30,1.0,1.0,SKD8E4035
5,SECPLT12-MB1AA30,131.0,1000.0,SKD11040065
6,SECPLT12-MB1AA30,1.0,1.0,SKD6E4061
5,SECPLT12-MB1AB34,131.0,1000.0,SKD11040065
6,SECPLT12-MB1AB34,1.0,1.0,SKD6E4061
5,SECPLT12-MB3AA30,117.0,1000.0,SKD11035065
6,SECPLT12-MB3AA30,1.0,1.0,SKD6E3560
5,SECPLT12-MC1AA30,105.0,1000.0,SKD11025067
6,SECPLT12-MC1AA30,1.0,1.0,SKD6G2576
5,SECPLT12-MC1AB26,105.0,1000.0,SKD11025067
6,SECPLT12-MC1AB26,1.0,1.0,SKD6G2576
5,SECPLT12-MC1AB34,119.0,1000.0,SKD11027067
6,SECPLT12-MC1AB34,1.0,1.0,SKD6G2780
5,SECPLT12-MC1AB36,105.0,1000.0,SKD11025067
6,SECPLT12-MC1AB36,1.0,1.0,SKD6G2576
5,SECPLT12-MD1AA30,103.0,1000.0,SKD11022067
6,SECPLT12-MD1AA30,1.0,1.0,SKD6G2285
5,SECPLT12-MD1AB26,171.0,1000.0,SKD11032072
6,SECPLT12-MD1AB26,1.0,1.0,SKD7B3290
5,SECPLT12-MD1AB30,166.0,1000.0,SKD11029082
6,SECPLT12-MD1AB30,1.0,1.0,SKD8B2985
5,SECPLT12-MD1AB36,169.0,1000.0,SKD11030070
6,SECPLT12-MD1AB36,1.0,1.0,SKD7Z3098
5,SECPLT12-MD1AC34,169.0,1000.0,SKD11030070
6,SECPLT12-MD1AC34,1.0,1.0,SKD7Z3098
5,SECPLT12-MD1AD30,103.0,1000.0,SKD11022067
6,SECPLT12-MD1AD30,1.0,1.0,SKD6G2285
5,SECPLT12-MD1AD36,100.0,1000.0,SKD11025055
6,SECPLT12-MD1AD36,1.0,1.0,SKD5E2585
5,SECPLT12-ME1AB26,171.0,1000.0,SKD11032072
6,SECPLT12-ME1AB26,1.0,1.0,SKD7B3290
5,SECPLT12-ME1AB34,169.0,1000.0,SKD11030070
6,SECPLT12-ME1AB34,1.0,1.0,SKD7Z3098
5,SECPLT12-ME1AB36,169.0,1000.0,SKD11030070
6,SECPLT12-ME1AB36,1.0,1.0,SKD7Z3098
5,SECPLT12-ME1AC30,124.0,1000.0,SKD11025067
6,SECPLT12-ME1AC30,1.0,1.0,SKD6G2590
5,SECPLT12-ME1AC36,118.0,1000.0,SKD11030055
6,SECPLT12-ME1AC36,1.0,1.0,SKD5E3087
5,SECPLT12-ME2AB30,91.0,1000.0,SKD11050067
6,SECPLT12-ME2AB30,1.0,1.0,SKD6G1585
5,SECPLT12-MF1AC34,95.0,1000.0,SKD11022067
6,SECPLT12-MF1AC34,1.0,1.0,SKD6G2278
5,SECPLT12-MG1AC26,76.0,1000.0,SKD11022055
6,SECPLT12-MG1AC26,1.0,1.0,SKD5E2270
5,SECPLT12-MG1AC30,95.0,1000.0,SKD11022067
6,SECPLT12-MG1AC30,1.0,1.0,SKD6G2278
5,SECPLT12-MG1AC34,95.0,1000.0,SKD11022067
6,SECPLT12-MG1AC34,1.0,1.0,SKD6G2278
5,SECPLT12-MG1AC36,95.0,1000.0,SKD11022067
6,SECPLT12-MG1AC36,1.0,1.0,SKD6G2278
5,SECPLT12-MW2AB30,127.0,1000.0,SKD11029082
6,SECPLT12-MW2AB30,1.0,1.0,SKD8B2965
5,SECPLT12-MY2AB26,86.0,1000.0,SKD11029082
6,SECPLT12-MY2AB26,1.0,1.0,SKD8B2944
5,SECPLT12-MY2AB30,94.0,1000.0,SKD11029082
6,SECPLT12-MY2AB30,1.0,1.0,SKD8B2948
5,SECPLT12-MY2AB34,98.0,1000.0,SKD11029082
6,SECPLT12-MY2AB34,1.0,1.0,SKD8B2950
5,SECPLT12-MY4AB30,91.0,1000.0,SKD11027067
6,SECPLT12-MY4AB30,1.0,1.0,SKD6G2761
5,SECPLT12-MY4AC26,91.0,1000.0,SKD11027067
6,SECPLT12-MY4AC26,1.0,1.0,SKD6G2761
5,SECPLT12-MY4AC30,91.0,1000.0,SKD11027067
6,SECPLT12-MY4AC30,1.0,1.0,SKD6G2761
5,SECPLT12-MY4AC34,146.0,1000.0,SKD11035065
6,SECPLT12-MY4AC34,1.0,1.0,SKD6E3575
5,SECPLT12-MY4AC36,104.0,1000.0,SKD11027067
6,SECPLT12-MY4AC36,1.0,1.0,SKD6G2770
5,SECPLT12-MY5AB30,94.0,1000.0,SKD11029082
6,SECPLT12-MY5AB30,1.0,1.0,SKD8B2948
5,SECPLT2-MB2AA30,160.0,1000.0,SKD11040065
6,SECPLT2-MB2AA30,1.0,1.0,SKD6E4075
5,SECPLT2-MB3AA30,106.0,1000.0,SKD11035067
6,SECPLT2-MB3AA30,1.0,1.0,SKD6G3555
5,SECPLT2-MC1AA30,105.0,1000.0,SKD11025067
6,SECPLT2-MC1AA30,1.0,1.0,SKD6G2576
5,SECPLT2-MD1AA30,166.0,1000.0,SKD11029082
6,SECPLT2-MD1AA30,1.0,1.0,SKD8B2985
5,SECPLT2-ME1AA30,171.0,1000.0,SKD11032072
6,SECPLT2-ME1AA30,1.0,1.0,SKD7B3290
5,SECPLT2-MF1AA30,56.0,1000.0,SKD11040085
6,SECPLT2-MF1AA30,1.0,1.0,SKD8E4020
5,SECPLT2-MG1AA30,95.0,1000.0,SKD11022067
6,SECPLT2-MG1AA30,1.0,1.0,SKD6G2278
5,SECPLT2-MY1AA30,24.0,1000.0,SKD11025067
6,SECPLT2-MY1AA30,1.0,1.0,SKD6G2518
5,SECPLT2-MY2AA30,94.0,1000.0,SKD11029082
6,SECPLT2-MY2AA30,1.0,1.0,SKD8B2948
5,SECPLT2-MY4BA30,91.0,1000.0,SKD11027067
6,SECPLT2-MY4BA30,1.0,1.0,SKD6G2761
5,SECPLTR-MY1AA30,30.0,1000.0,SKD11027067
6,SECPLTR-MY1AA30,1.0,1.0,SKD6G2720
5,SECPLTR-MZ5AA30,136.0,1000.0,SKD11030085
6,SECPLTR-MZ5AA30,1.0,1.0,SKD8E3065
4,SECPLTY-DB1AA30,116.0,1000.0,SKD11040065
5,SECPLTY-DB1AA30,1.0,1.0,SKD6E4054
6,SECPLTY-DB1AA30,1.0,1.0,SECPLTY-MB1AA30
4,SECPLTY-DY3AA30,63.0,1000.0,SKD11021082
5,SECPLTY-DY3AA30,1.0,1.0,SKD8B2144
6,SECPLTY-DY3AA30,1.0,1.0,SECPLTY-MY3AA30
5,SECPLTY-MB1BB26,131.0,1000.0,SKD11040065
6,SECPLTY-MB1BB26,1.0,1.0,SKD6E4061
5,SECPLTY-MB2AA30,106.0,1000.0,SKD11035067
6,SECPLTY-MB2AA30,1.0,1.0,SKD6G3555
5,SECPLTY-MB2BB26,106.0,1000.0,SKD11035067
6,SECPLTY-MB2BB26,1.0,1.0,SKD6G3555
5,SECPLTY-MC7AA30,165.0,1000.0,SKD11025067
6,SECPLTY-MC7AA30,1.0,1.0,SKD6G25120
5,SECPLTY-MC7BA30,75.0,1000.0,SKD11022067
6,SECPLTY-MC7BA30,1.0,1.0,SKD6G2262
5,SECPLTY-MC7CA30,75.0,1000.0,SKD11022067
6,SECPLTY-MC7CA30,1.0,1.0,SKD6G2262
5,SECPLTY-MC8BA26,74.0,1000.0,SKD11022067
6,SECPLTY-MC8BA26,1.0,1.0,SKD6G2261
5,SECPLTY-MD1AA30,146.0,1000.0,SKD11022067
6,SECPLTY-MD1AA30,1.0,1.0,SKD6G22120
5,SECPLTY-MD1BA30,75.0,1000.0,SKD11022067
6,SECPLTY-MD1BA30,1.0,1.0,SKD6G2262
5,SECPLTY-MD1CA30,75.0,1000.0,SKD11022067
6,SECPLTY-MD1CA30,1.0,1.0,SKD6G2262
5,SECPLTY-MD1DA26,81.0,1000.0,SKD11022067
6,SECPLTY-MD1DA26,1.0,1.0,SKD6G2267
5,SECPLTY-MY2AA30,86.0,1000.0,SKD11029082
6,SECPLTY-MY2AA30,1.0,1.0,SKD8B2944
5,SECPLTY-MY4AA30,78.0,1000.0,SKD11021082
6,SECPLTY-MY4AA30,1.0,1.0,SKD8B2155
5,SECPLTY-MY5AA30,50.0,1000.0,SKD11021082
6,SECPLTY-MY5AA30,1.0,1.0,SKD8B2135
5,SECPLTY-MY8AA30,63.0,1000.0,SKD11021082
6,SECPLTY-MY8AA30,1.0,1.0,SKD8B2144
5,SECUCYME-MY2AA34,66.0,1000.0,SKD11030070
6,SECUCYME-MY2AA34,1.0,1.0,SKD7Z3038
5,SECUCYME-MY2BA34,93.0,1000.0,SKD11030070
6,SECUCYME-MY2BA34,1.0,1.0,SKD7Z3054
5,SECUCY-MY2AA34,66.0,1000.0,SKD11030070
6,SECUCY-MY2AA34,1.0,1.0,SKD7Z3038
5,SECUCY-MY2HA34,69.0,1000.0,SKD11030070
6,SECUCY-MY2HA34,1.0,1.0,SKD7Z3040
5,SECUCY-MY3AA30,114.0,1000.0,SKD11032072
6,SECUCY-MY3AA30,1.0,1.0,SKD7B3260
5,SECUCY-MY3AA34,95.0,1000.0,SKD11030070
6,SECUCY-MY3AA34,1.0,1.0,SKD7Z3055
5,SECUCY-MY4AA34,104.0,1000.0,SKD11032072
6,SECUCY-MY4AA34,1.0,1.0,SKD7B3255
5,SECUCY-MY6HA30,112.0,1000.0,SKD11030070
6,SECUCY-MY6HA30,1.0,1.0,SKD7Z3065
5,SECUCY-MZ5AA30,60.0,1000.0,SKD11022050
6,SECUCY-MZ5AA30,1.0,1.0,SKD5Z2262
5,SECUCY-MZ5AA34,62.0,1000.0,SKD11015067
6,SECUCY-MZ5AA34,1.0,1.0,SKD6G1556
4,SECUYME-DY1AA30,38.0,1000.0,SKD11025067
5,SECUYME-DY1AA30,1.0,1.0,SKD6G2527
6,SECUYME-DY1AA30,1.0,1.0,SECUYME-MY1AA30
4,SECUYME-DY1AC30,30.0,1000.0,SKD11027067
5,SECUYME-DY1AC30,1.0,1.0,SKD6G2720
6,SECUYME-DY1AC30,1.0,1.0,SECUYME-MY1AC30
4,SECUYME-DY1CA30,28.0,1000.0,SKD11025067
5,SECUYME-DY1CA30,1.0,1.0,SKD6G2520
6,SECUYME-DY1CA30,1.0,1.0,SECUYME-MY1CA30
4,SECUYME-DY1CB30,28.0,1000.0,SKD11025067
5,SECUYME-DY1CB30,1.0,1.0,SKD6G2520
6,SECUYME-DY1CB30,1.0,1.0,SECUYME-MY1CB30
4,SECUYME-DY1CB34,28.0,1000.0,SKD11025067
5,SECUYME-DY1CB34,1.0,1.0,SKD6G2520
6,SECUYME-DY1CB34,1.0,1.0,SECUYME-MY1CB34
4,SECUYME-DY2BA30,76.0,1000.0,SKD11032072
5,SECUYME-DY2BA30,1.0,1.0,SKD7B3240
6,SECUYME-DY2BA30,1.0,1.0,SECUYME-MY2BA30
4,SECUYME-DY2BA34,69.0,1000.0,SKD11030070
5,SECUYME-DY2BA34,1.0,1.0,SKD7Z3040
6,SECUYME-DY2BA34,1.0,1.0,SECUYME-MY2BA34
4,SECUYME-DY2CA30,95.0,1000.0,SKD11032072
5,SECUYME-DY2CA30,1.0,1.0,SKD7B3250
6,SECUYME-DY2CA30,1.0,1.0,SECUYME-MY2CA30
5,SECUYME-MY1AA34,35.0,1000.0,SKD11027067
6,SECUYME-MY1AA34,1.0,1.0,SKD6G2722
5,SECUYME-MY1AC34,35.0,1000.0,SKD11027067
6,SECUYME-MY1AC34,1.0,1.0,SKD6G2722
5,SECUYME-MY1CA34,31.0,1000.0,SKD11025067
6,SECUYME-MY1CA34,1.0,1.0,SKD6G2522
5,SECUYME-MY2BA32,71.0,1000.0,SKD11030072
6,SECUYME-MY2BA32,1.0,1.0,SKD7B3040
5,SECUYME-MY2CA34,93.0,1000.0,SKD11030070
6,SECUYME-MY2CA34,1.0,1.0,SKD7Z3054
5,SECUYME-MY2DA32,89.0,1000.0,SKD11030072
6,SECUYME-MY2DA32,1.0,1.0,SKD7B3050
4,SECUYST-DB1DA30,168.0,1000.0,SKD11047067
5,SECUYST-DB1DA30,1.0,1.0,SKD6G4765
6,SECUYST-DB1DA30,1.0,1.0,SECUYST-MB1DA30
4,SECUYST-DB1DA34,194.0,1000.0,SKD11047067
5,SECUYST-DB1DA34,1.0,1.0,SKD6G4775
6,SECUYST-DB1DA34,1.0,1.0,SECUYST-MB1DA34
4,SECUYST-DT8BA34,59.0,1000.0,SKD11022067
5,SECUYST-DT8BA34,1.0,1.0,SKD6G2248
6,SECUYST-DT8BA34,1.0,1.0,SECUYST-MT8BA34
4,SECUYST-DT8CA34,30.0,1000.0,SKD11022067
5,SECUYST-DT8CA34,1.0,1.0,SKD6G2224
6,SECUYST-DT8CA34,1.0,1.0,SECUYST-MT8CA34
4,SECUYST-DY1AD30,27.0,1000.0,SKD11025067
5,SECUYST-DY1AD30,1.0,1.0,SKD6G2519
6,SECUYST-DY1AD30,1.0,1.0,SECUYST-MY1AD30
4,SECUYST-DY1AD34,38.0,1000.0,SKD11025067
5,SECUYST-DY1AD34,1.0,1.0,SKD6G2527
6,SECUYST-DY1AD34,1.0,1.0,SECUYST-MY1AD34
4,SECUYST-DY1CB30,28.0,1000.0,SKD11025067
5,SECUYST-DY1CB30,1.0,1.0,SKD6G2520
6,SECUYST-DY1CB30,1.0,1.0,SECUYME-MY1CB30
4,SECUYST-DY2DA26,61.0,1000.0,SKD11030070
5,SECUYST-DY2DA26,1.0,1.0,SKD7Z3035
6,SECUYST-DY2DA26,1.0,1.0,SECUYST-MY2DA26
4,SECUYST-DY2DA30,76.0,1000.0,SKD11032072
5,SECUYST-DY2DA30,1.0,1.0,SKD7B3240
6,SECUYST-DY2DA30,1.0,1.0,SECUYST-MY2DA30
4,SECUYST-DY2DA34,69.0,1000.0,SKD11030070
5,SECUYST-DY2DA34,1.0,1.0,SKD7Z3040
6,SECUYST-DY2DA34,1.0,1.0,SECUYST-MY2DA34
4,SECUYST-DY3AA30,114.0,1000.0,SKD11032072
5,SECUYST-DY3AA30,1.0,1.0,SKD7B3260
6,SECUYST-DY3AA30,1.0,1.0,SECUYST-MY3AA30
4,SECUYST-DY3AA34,104.0,1000.0,SKD11030070
5,SECUYST-DY3AA34,1.0,1.0,SKD7Z3060
6,SECUYST-DY3AA34,1.0,1.0,SECUYST-MY3AA34
4,SECUYST-DY4FA26,101.0,1000.0,SKD11032072
5,SECUYST-DY4FA26,1.0,1.0,SKD7B3254
6,SECUYST-DY4FA26,1.0,1.0,SECUYST-MY4FA26
4,SECUYST-DY4FA30,104.0,1000.0,SKD11032072
5,SECUYST-DY4FA30,1.0,1.0,SKD7B3255
6,SECUYST-DY4FA30,1.0,1.0,SECUYST-MY4FA30
4,SECUYST-DY4FA34,133.0,1000.0,SKD11032072
5,SECUYST-DY4FA34,1.0,1.0,SKD7B3270
6,SECUYST-DY4FA34,1.0,1.0,SECUYST-MY4FA34
4,SECUYST-DY6AB26,93.0,1000.0,SKD11030070
5,SECUYST-DY6AB26,1.0,1.0,SKD7Z3054
6,SECUYST-DY6AB26,1.0,1.0,SECUYST-MY6AB26
4,SECUYST-DY6AB30,104.0,1000.0,SKD11030070
5,SECUYST-DY6AB30,1.0,1.0,SKD7Z3060
6,SECUYST-DY6AB30,1.0,1.0,SECUYST-MY6AB30
4,SECUYST-DZ5AA26,27.0,1000.0,SKD11012050
5,SECUYST-DZ5AA26,1.0,1.0,SKD5Z1253
6,SECUYST-DZ5AA26,1.0,1.0,SECUYST-MZ5AA26
4,SECUYST-DZ5AA30,30.0,1000.0,SKD11012050
5,SECUYST-DZ5AA30,1.0,1.0,SKD5Z1258
6,SECUYST-DZ5AA30,1.0,1.0,SECUYST-MZ5AA30
4,SECUYST-DZ5AA34,30.0,1000.0,SKD11012050
5,SECUYST-DZ5AA34,1.0,1.0,SKD5Z1258
6,SECUYST-DZ5AA34,1.0,1.0,SECUYST-MZ5AA34
5,SECUYST-MB1CB26,155.0,1000.0,SKD11047067
6,SECUYST-MB1CB26,1.0,1.0,SKD6G4760
6,SECUYST-MV1FA30,1.0,1.0,SKD252560
6,SECUYST-MV1GA34,1.0,1.0,SKD252560
5,SECUYST-MY3AA26,93.0,1000.0,SKD11030070
6,SECUYST-MY3AA26,1.0,1.0,SKD7Z3054
5,SECUYST-MY3BA32,114.0,1000.0,SKD11032072
6,SECUYST-MY3BA32,1.0,1.0,SKD7B3260
5,SECUYST-MY6AB32,114.0,1000.0,SKD11032072
6,SECUYST-MY6AB32,1.0,1.0,SKD7B3260
5,SECUYST-MY6AB34,104.0,1000.0,SKD11030070
6,SECUYST-MY6AB34,1.0,1.0,SKD7Z3060
4,SECVST-DB1AA30,88.0,1000.0,SKD11047067
5,SECVST-DB1AA30,1.0,1.0,SKD6G4734
6,SECVST-DB1AA30,1.0,1.0,SECVST-MB1AA30
4,SECVST-DY1AA30,21.0,1000.0,SKD11035065
5,SECVST-DY1AA30,1.0,1.0,SKD6E3517
6,SECVST-DY1AA30,1.0,1.0,SECVST-MY1AA30
5,SECWY-MB1AA30,87.0,1000.0,SKD11035067
6,SECWY-MB1AA30,1.0,1.0,SKD6G3545
5,SECWY-MS9AA30,47.0,1000.0,SKD11030085
6,SECWY-MS9AA30,1.0,1.0,SKD8E3022
5,SECWY-MS9AA34,47.0,1000.0,SKD11030085
6,SECWY-MS9AA34,1.0,1.0,SKD8E3022
5,SECWY-MS9BA34,42.0,1000.0,SKD11030085
6,SECWY-MS9BA34,1.0,1.0,SKD8E3020
5,SECWY-MW1AA30,69.0,1000.0,SKD11030070
6,SECWY-MW1AA30,1.0,1.0,SKD7Z3040
5,SECWY-MW2AA30,69.0,1000.0,SKD11030070
6,SECWY-MW2AA30,1.0,1.0,SKD7Z3040
5,SECWY-MW6AA30,76.0,1000.0,SKD11032072
6,SECWY-MW6AA30,1.0,1.0,SKD7B3240
5,SECWY-MX3AA30,66.0,1000.0,SKD11030070
6,SECWY-MX3AA30,1.0,1.0,SKD7Z3038
5,SECWY-MY2AA34,44.0,1000.0,SKD11030070
6,SECWY-MY2AA34,1.0,1.0,SKD7Z3025
5,SECWY-MY3AA30,66.0,1000.0,SKD11030070
6,SECWY-MY3AA30,1.0,1.0,SKD7Z3038
5,SECWY-MY3AA34,64.0,1000.0,SKD11030070
6,SECWY-MY3AA34,1.0,1.0,SKD7Z3037
5,SECWY-MY4AA30,76.0,1000.0,SKD11032072
6,SECWY-MY4AA30,1.0,1.0,SKD7B3240
5,SECWY-MY4AA34,61.0,1000.0,SKD11030070
6,SECWY-MY4AA34,1.0,1.0,SKD7Z3035
5,SECWYST4-MB1AA30,96.0,1000.0,SKD11040065
6,SECWYST4-MB1AA30,1.0,1.0,SKD6E4045
5,SECWYST4-MR0AA30,42.0,1000.0,SKD11030085
6,SECWYST4-MR0AA30,1.0,1.0,SKD8E3020
5,SECWYST4-MS6AA30,39.0,1000.0,SKD11029082
6,SECWYST4-MS6AA30,1.0,1.0,SKD8B2920
5,SECWYST4-MS6BA30,39.0,1000.0,SKD11029082
6,SECWYST4-MS6BA30,1.0,1.0,SKD8B2920
5,SECWYST4-MS9AA30,47.0,1000.0,SKD11030085
6,SECWYST4-MS9AA30,1.0,1.0,SKD8E3022
5,SECWYST4-MS9AB30,47.0,1000.0,SKD11030085
6,SECWYST4-MS9AB30,1.0,1.0,SKD8E3022
5,SECWYST4-MS9AB34,47.0,1000.0,SKD11030085
6,SECWYST4-MS9AB34,1.0,1.0,SKD8E3022
5,SECWYST4-MS9BA30,42.0,1000.0,SKD11030085
6,SECWYST4-MS9BA30,1.0,1.0,SKD8E3020
5,SECWYST4-MS9BB30,42.0,1000.0,SKD11030085
6,SECWYST4-MS9BB30,1.0,1.0,SKD8E3020
5,SECWYST4-MS9BB34,42.0,1000.0,SKD11030085
6,SECWYST4-MS9BB34,1.0,1.0,SKD8E3020
5,SECWYST4-MV1AA30,97.0,1000.0,SKD11022067
6,SECWYST4-MV1AA30,1.0,1.0,SKD6G2280
5,SECWYST4-MX2AA30,42.0,1000.0,SKD11030070
6,SECWYST4-MX2AA30,1.0,1.0,SKD7Z3024
5,SECWYST4-MX3AA30,66.0,1000.0,SKD11030070
6,SECWYST4-MX3AA30,1.0,1.0,SKD7Z3038
5,SECWYST4-MY1AA30,27.0,1000.0,SKD11027067
6,SECWYST4-MY1AA30,1.0,1.0,SKD6G2718
5,SECWYST4-MY2AA30,42.0,1000.0,SKD11030070
6,SECWYST4-MY2AA30,1.0,1.0,SKD7Z3024
5,SECWYST4-MY3AA30,66.0,1000.0,SKD11030070
6,SECWYST4-MY3AA30,1.0,1.0,SKD7Z3038
5,SECWYST4-MY4AA30,76.0,1000.0,SKD11032072
6,SECWYST4-MY4AA30,1.0,1.0,SKD7B3240
4,SJ4-DY1AA30,49.0,1000.0,SKD11029082
5,SJ4-DY1AA30,1.0,1.0,SKD8B2925
6,SJ4-DY1AA30,1.0,1.0,SJ4-MY1AA30
4,SJ4-DY2AA30,35.0,1000.0,SKD11025067
5,SJ4-DY2AA30,1.0,1.0,SKD6G2525
6,SJ4-DY2AA30,1.0,1.0,SJ4-MY2AA30
4,SJ4-DY3AA30,39.0,1000.0,SKD11029082
5,SJ4-DY3AA30,1.0,1.0,SKD8B2920
6,SJ4-DY3AA30,1.0,1.0,SJ4-MY3AA30
4,SJ4-DY4AA30,28.0,1000.0,SKD11025067
5,SJ4-DY4AA30,1.0,1.0,SKD6G2520
6,SJ4-DY4AA30,1.0,1.0,SJ4-MY4AA30
6,SKD10.6X50X97,1.0,1.0,SKD135097
6,SKD10.8X50X97,1.0,1.0,SKD135097
6,SKD4.0X40X97,180.0,1000.0,SKD11040057
6,SKD4.8X22X32,40.0,1000.0,SKD11022055
6,SKD4.8X22X35,41.0,1000.0,SKD11022055
6,SKD4.8X25X51,58.0,1000.0,SKD11025055
6,SKD4.8X25X55,63.0,1000.0,SKD11025055
6,SKD4.8X30X32,49.0,1000.0,SKD11030055
6,SKD4.8X30X35,51.0,1000.0,SKD11030055
6,SKD4.8X40X97,212.0,1000.0,SKD11040057
6,SKD5.0X40X97,181.0,1000.0,SKD11040057
6,SKD5.5X40X97,212.0,1000.0,SKD11040065
6,SKD5.8X40X97,212.0,1000.0,SKD11040065
6,SKD5.93X25X47,66.0,1000.0,SKD11025067
6,SKD5.95X22X35,43.0,1000.0,SKD11022067
6,SKD5.95X25X54-G-MADE,75.0,1000.0,SKD11025067
6,SKD5E2225-CUT-ONLY,25.0,1000.0,SKD11022055
6,SKD5E2230-CUT-ONLY,30.0,1000.0,SKD11022055
6,SKD5E2232,32.0,1000.0,SKD11022055
6,SKD5E2232-CUT-ONLY,32.0,1000.0,SKD11022055
6,SKD5E2235-CUT-ONLY,35.0,1000.0,SKD11022055
6,SKD5E2240,41.0,1000.0,SKD11022055
6,SKD5E2240-CUT-ONLY,41.0,1000.0,SKD11022055
6,SKD5E2245-CUT-ONLY,45.0,1000.0,SKD11022055
6,SKD5E2250,65.0,1000.0,SKD11022055
6,SKD5E2250-CUT-ONLY,65.0,1000.0,SKD11022055
6,SKD5E2265-CUT-ONLY,84.0,1000.0,SKD11022055
6,SKD5E2270-CUT-ONLY,76.0,1000.0,SKD11022055
6,SKD5E2515-CUT-ONLY,17.0,1000.0,SKD11025055
6,SKD5E2520-CUT-ONLY,26.0,1000.0,SKD11025055
6,SKD5E2522-CUT-ONLY,28.0,1000.0,SKD11025055
6,SKD5E2532-CUT-ONLY,38.0,1000.0,SKD11025055
6,SKD5E2533-CUT-ONLY,39.0,1000.0,SKD11025055
6,SKD5E2535-CUT-ONLY,41.0,1000.0,SKD11025055
6,SKD5E2538-CUT-ONLY,45.0,1000.0,SKD11025055
6,SKD5E2545-CUT-ONLY,51.0,1000.0,SKD11025055
6,SKD5E2548-CUT-ONLY,55.0,1000.0,SKD11025055
6,SKD5E2550-CUT-ONLY,57.0,1000.0,SKD11025055
6,SKD5E2551,59.0,1000.0,SKD11025055
6,SKD5E2551-CUT-ONLY,59.0,1000.0,SKD11025055
6,SKD5E2585-CUT-ONLY,100.0,1000.0,SKD11025055
6,SKD5E3022-CUT-ONLY,30.0,1000.0,SKD11030055
6,SKD5E3024-CUT-ONLY,33.0,1000.0,SKD11030055
6,SKD5E3030-CUT-ONLY,45.0,1000.0,SKD11030055
6,SKD5E3031-CUT-ONLY,49.0,1000.0,SKD11030055
6,SKD5E3031-G-MADE,49.0,1000.0,SKD11030055
6,SKD5E3032-CUT-ONLY,51.0,1000.0,SKD11030055
6,SKD5E3042,60.0,1000.0,SKD11030055
6,SKD5E3042-CUT-ONLY,60.0,1000.0,SKD11030055
6,SKD5E3045-CUT-ONLY,61.0,1000.0,SKD11030055
6,SKD5E3050-CUT-ONLY,70.0,1000.0,SKD11030055
6,SKD5E3060-CUT-ONLY,85.0,1000.0,SKD11030055
6,SKD5E3064-CUT-ONLY,90.0,1000.0,SKD11030055
6,SKD5E3070-CUT-ONLY,100.0,1000.0,SKD11030055
6,SKD5E3087-CUT-ONLY,118.0,1000.0,SKD11030055
6,SKD5E3536-CUT-ONLY,57.0,1000.0,SKD11035055
6,SKD5E3545-CUT-ONLY,71.0,1000.0,SKD11035055
6,SKD5E3550-CUT-ONLY,79.0,1000.0,SKD11035055
6,SKD5E3555,98.0,1000.0,SKD11035055
6,SKD5E3555-CUT-ONLY,98.0,1000.0,SKD11035055
6,SKD5E3565-CUT-ONLY,110.0,1000.0,SKD11035055
6,SKD5E3567,110.0,1000.0,SKD11035067
6,SKD5E3567-CUT-ONLY,110.0,1000.0,SKD11035067
6,SKD5E3590,148.0,1000.0,SKD11035067
6,SKD5E3590-CUT-ONLY,148.0,1000.0,SKD11035067
6,SKD5G4070-CUT-ONLY,131.0,1000.0,SKD11040057
6,SKD5Z1232-CUT-ONLY,16.0,1000.0,SKD11012050
6,SKD5Z1236-CUT-ONLY,28.0,1000.0,SKD11012050
6,SKD5Z1240-CUT-ONLY,30.0,1000.0,SKD11012050
6,SKD5Z1248-CUT-ONLY,24.0,1000.0,SKD11012050
6,SKD5Z1252-CUT-ONLY,26.0,1000.0,SKD11012050
6,SKD5Z1253-CUT-ONLY,27.0,1000.0,SKD11012050
6,SKD5Z1258-CUT-ONLY,30.0,1000.0,SKD11012050
6,SKD5Z1260-CUT-ONLY,35.0,1000.0,SKD11012050
6,SKD5Z1270-CUT-ONLY,41.0,1000.0,SKD11012050
6,SKD5Z1275-CUT-ONLY,44.0,1000.0,SKD11012050
6,SKD5Z1282-CUT-ONLY,48.0,1000.0,SKD11012050
6,SKD5Z1285-CUT-ONLY,50.0,1000.0,SKD11012050
6,SKD5Z1293-CUT-ONLY,52.0,1000.0,SKD11012050
6,SKD5Z2230-CUT-ONLY,30.0,1000.0,SKD11022050
6,SKD5Z2235-CUT-ONLY,40.0,1000.0,SKD11022050
6,SKD5Z2240-CUT-ONLY,40.0,1000.0,SKD11022050
6,SKD5Z2262-CUT-ONLY,60.0,1000.0,SKD11022050
6,SKD6.05X22X24,30.0,1000.0,SKD11022067
6,SKD6.0X25X20,28.0,1000.0,SKD11025067
6,SKD6.0X25X32,44.0,1000.0,SKD11025067
6,SKD6.0X25X35,48.0,1000.0,SKD11025067
6,SKD6.0X25X38,53.0,1000.0,SKD11025067
6,SKD6.0X25X48,66.0,1000.0,SKD11025067
6,SKD6.0X25X60,91.0,1000.0,SKD11025067
6,SKD6.0X30X54,93.0,1000.0,SKD11030070
6,SKD6.0X35X108,220.0,1000.0,SKD11035067
6,SKD6.0X35X55,106.0,1000.0,SKD11035067
6,SKD6.0X40X97,210.0,1000.0,SKD11040065
6,SKD6.0X47X400,1040.0,1000.0,SKD11047067
6,SKD6.0X47X405,1050.0,1000.0,SKD11047067
6,SKD6.0X47X410,1060.0,1000.0,SKD11047067
6,SKD6.15X25X28,39.0,1000.0,SKD11025067
6,SKD6.15X25X32,44.0,1000.0,SKD11025067
6,SKD6.15X30X25-G-MADE,44.0,1000.0,SKD11030070
6,SKD6.15X40X97,210.0,1000.0,SKD11040065
6,SKD6.15X75X20,83.0,1000.0,SKD11075067
6,SKD6.15X75X22,91.0,1000.0,SKD11075067
6,SKD6.5X40X405,1100.0,1000.0,SKD11040082
6,SKD6.5X40X410,1110.0,1000.0,SKD11040082
6,SKD6.65X40X97,270.0,1000.0,SKD11040085
6,SKD6.6X32X32,57.0,1000.0,SKD11032072
6,SKD6.6X32X34,61.0,1000.0,SKD11032072
6,SKD6.6X32X37,67.0,1000.0,SKD11032072
6,SKD6.6X32X38,68.0,1000.0,SKD11032072
6,SKD6.6X32X53,101.0,1000.0,SKD11032072
6,SKD6.6X40X97,270.0,1000.0,SKD11040085
6,SKD6.7X32X58-G-MADE,111.0,1000.0,SKD11032072
6,SKD6.7X75X40,200.0,1000.0,SKD11075067
6,SKD6E33100,178.0,1000.0,SKD11033065
6,SKD6E33100-CUT-ONLY,178.0,1000.0,SKD11033065
6,SKD6E3315-CUT-ONLY,26.0,1000.0,SKD11033065
6,SKD6E3317-CUT-ONLY,30.0,1000.0,SKD11033065
6,SKD6E3325-CUT-ONLY,44.0,1000.0,SKD11033065
6,SKD6E3327-CUT-ONLY,51.0,1000.0,SKD11033065
6,SKD6E3330-CUT-ONLY,60.0,1000.0,SKD11033065
6,SKD6E3336-CUT-ONLY,64.0,1000.0,SKD11033065
6,SKD6E3338-CUT-ONLY,67.0,1000.0,SKD11033065
6,SKD6E3340-CUT-ONLY,71.0,1000.0,SKD11033065
6,SKD6E3343,80.0,1000.0,SKD11033065
6,SKD6E3343-CUT-ONLY,80.0,1000.0,SKD11033065
6,SKD6E3345,80.0,1000.0,SKD11033065
6,SKD6E3345-CUT-ONLY,80.0,1000.0,SKD11033065
6,SKD6E3350,88.0,1000.0,SKD11033065
6,SKD6E3350-CUT-ONLY,88.0,1000.0,SKD11033065
6,SKD6E3360-CUT-ONLY,106.0,1000.0,SKD11033065
6,SKD6E3362,110.0,1000.0,SKD11033065
6,SKD6E3362-CUT-ONLY,110.0,1000.0,SKD11033065
6,SKD6E3375,132.0,1000.0,SKD11033065
6,SKD6E3375-CUT-ONLY,132.0,1000.0,SKD11033065
6,SKD6E3390,160.0,1000.0,SKD11033065
6,SKD6E3390-CUT-ONLY,160.0,1000.0,SKD11033065
6,SKD6E35100,194.0,1000.0,SKD11035065
6,SKD6E35100-CUT-ONLY,194.0,1000.0,SKD11035065
6,SKD6E3515-CUT-ONLY,19.0,1000.0,SKD11035065
6,SKD6E3517-CUT-ONLY,21.0,1000.0,SKD11035065
6,SKD6E3525-CUT-ONLY,31.0,1000.0,SKD11035065
6,SKD6E3527-CUT-ONLY,33.0,1000.0,SKD11035065
6,SKD6E3530-CUT-ONLY,56.0,1000.0,SKD11035067
6,SKD6E3535-CUT-ONLY,80.0,1000.0,SKD11035065
6,SKD6E3536-CUT-ONLY,83.0,1000.0,SKD11035065
6,SKD6E3538-CUT-ONLY,87.0,1000.0,SKD11035065
6,SKD6E3540-CUT-ONLY,87.0,1000.0,SKD11035065
6,SKD6E3543-CUT-ONLY,87.0,1000.0,SKD11035065
6,SKD6E3545-CUT-ONLY,87.0,1000.0,SKD11035065
6,SKD6E3550-CUT-ONLY,944.0,1000.0,SKD11035065
6,SKD6E3555-CUT-ONLY,103.0,1000.0,SKD11035065
6,SKD6E3560-CUT-ONLY,117.0,1000.0,SKD11035065
6,SKD6E3562-CUT-ONLY,116.0,1000.0,SKD11035065
6,SKD6E3565-CUT-ONLY,126.0,1000.0,SKD11035065
6,SKD6E3570,136.0,1000.0,SKD11035065
6,SKD6E3570-CUT-ONLY,136.0,1000.0,SKD11035065
6,SKD6E3575-CUT-ONLY,146.0,1000.0,SKD11035065
6,SKD6E3590-CUT-ONLY,175.0,1000.0,SKD11035065
6,SKD6E4026-CUT-ONLY,56.0,1000.0,SKD11040065
6,SKD6E4030-CUT-ONLY,64.0,1000.0,SKD11040065
6,SKD6E4032-CUT-ONLY,69.0,1000.0,SKD11040065
6,SKD6E4040-CUT-ONLY,86.0,1000.0,SKD11040065
6,SKD6E4045-CUT-ONLY,96.0,1000.0,SKD11040065
6,SKD6E4048,103.0,1000.0,SKD11040065
6,SKD6E4048-CUT-ONLY,103.0,1000.0,SKD11040065
6,SKD6E4054-CUT-ONLY,116.0,1000.0,SKD11040065
6,SKD6E4061-CUT-ONLY,131.0,1000.0,SKD11040065
6,SKD6E4065-CUT-ONLY,139.0,1000.0,SKD11040065
6,SKD6E4070-CUT-ONLY,150.0,1000.0,SKD11040065
6,SKD6E4075-CUT-ONLY,160.0,1000.0,SKD11040065
6,SKD6E4097,207.0,1000.0,SKD11040065
6,SKD6E4097-CUT-ONLY,207.0,1000.0,SKD11040065
6,SKD6G1525-CUT-ONLY,21.0,1000.0,SKD11015067
6,SKD6G1535-CUT-ONLY,41.0,1000.0,SKD11015067
6,SKD6G1542-CUT-ONLY,36.0,1000.0,SKD11015067
6,SKD6G1552-CUT-ONLY,58.0,1000.0,SKD11015067
6,SKD6G1556-CUT-ONLY,62.0,1000.0,SKD11015067
6,SKD6G1565-CUT-ONLY,54.0,1000.0,SKD11015067
6,SKD6G1570-CUT-ONLY,58.0,1000.0,SKD11015067
6,SKD6G1575-CUT-ONLY,62.0,1000.0,SKD11015067
6,SKD6G1580-CUT-ONLY,66.0,1000.0,SKD11015067
6,SKD6G1584-CUT-ONLY,70.0,1000.0,SKD11015067
6,SKD6G1585-CUT-ONLY,91.0,1000.0,SKD11050067
6,SKD6G1590-CUT-ONLY,75.0,1000.0,SKD11015067
6,SKD6G1593-CUT-ONLY,77.0,1000.0,SKD11015067
6,SKD6G1828,28.0,1000.0,SKD11018067
6,SKD6G1828-CUT-ONLY,28.0,1000.0,SKD11018067
6,SKD6G1862-CUT-ONLY,61.0,1000.0,SKD11018067
6,SKD6G22120-CUT-ONLY,146.0,1000.0,SKD11022067
6,SKD6G2215,20.0,1000.0,SKD11022067
6,SKD6G2215-CUT-ONLY,20.0,1000.0,SKD11022067
6,SKD6G2218-CUT-ONLY,24.0,1000.0,SKD11022067
6,SKD6G2220-CUT-ONLY,26.0,1000.0,SKD11022067
6,SKD6G2222-CUT-ONLY,27.0,1000.0,SKD11022067
6,SKD6G2224-CUT-ONLY,30.0,1000.0,SKD11022067
6,SKD6G2225-CUT-ONLY,31.0,1000.0,SKD11022067
6,SKD6G2227-CUT-ONLY,33.0,1000.0,SKD11022067
6,SKD6G2230-CUT-ONLY,36.0,1000.0,SKD11022067
6,SKD6G2232,38.0,1000.0,SKD11022067
6,SKD6G2232-CUT-ONLY,38.0,1000.0,SKD11022067
6,SKD6G2234-CUT-ONLY,42.0,1000.0,SKD11022067
6,SKD6G2235-CUT-ONLY,43.0,1000.0,SKD11022067
6,SKD6G2242-CUT-ONLY,51.0,1000.0,SKD11022067
6,SKD6G2248-CUT-ONLY,59.0,1000.0,SKD11022067
6,SKD6G2250-CUT-ONLY,61.0,1000.0,SKD11022067
6,SKD6G2261-CUT-ONLY,74.0,1000.0,SKD11022067
6,SKD6G2262-CUT-ONLY,75.0,1000.0,SKD11022067
6,SKD6G2267-CUT-ONLY,81.0,1000.0,SKD11022067
6,SKD6G2270-CUT-ONLY,85.0,1000.0,SKD11022067
6,SKD6G2278-CUT-ONLY,95.0,1000.0,SKD11022067
6,SKD6G2280-CUT-ONLY,97.0,1000.0,SKD11022067
6,SKD6G2285-CUT-ONLY,103.0,1000.0,SKD11022067
6,SKD6G2290-CUT-ONLY,109.0,1000.0,SKD11022067
6,SKD6G25120-CUT-ONLY,165.0,1000.0,SKD11025067
6,SKD6G25150,207.0,1000.0,SKD11025067
6,SKD6G25150-CUT-ONLY,207.0,1000.0,SKD11025067
6,SKD6G2515-CUT-ONLY,21.0,1000.0,SKD11025067
6,SKD6G2518-CUT-ONLY,24.0,1000.0,SKD11025067
6,SKD6G2519-CUT-ONLY,27.0,1000.0,SKD11025067
6,SKD6G2520-CUT-ONLY,28.0,1000.0,SKD11025067
6,SKD6G2521-CUT-ONLY,29.0,1000.0,SKD11025067
6,SKD6G2522-CUT-ONLY,31.0,1000.0,SKD11025067
6,SKD6G2523-CUT-ONLY,32.0,1000.0,SKD11025067
6,SKD6G2523-G-MADE,32.0,1000.0,SKD11025067
6,SKD6G2524-CUT-ONLY,33.0,1000.0,SKD11025067
6,SKD6G2525-CUT-ONLY,35.0,1000.0,SKD11025067
6,SKD6G2526-CUT-ONLY,36.0,1000.0,SKD11025067
6,SKD6G2527-CUT-ONLY,38.0,1000.0,SKD11025067
6,SKD6G2528,40.0,1000.0,SKD11025067
6,SKD6G2528-CUT-ONLY,40.0,1000.0,SKD11025067
6,SKD6G2531-CUT-ONLY,43.0,1000.0,SKD11025067
6,SKD6G2532-CUT-ONLY,45.0,1000.0,SKD11025067
6,SKD6G2534-CUT-ONLY,47.0,1000.0,SKD11025067
6,SKD6G2535-CUT-ONLY,49.0,1000.0,SKD11025067
6,SKD6G2537-CUT-ONLY,51.0,1000.0,SKD11025067
6,SKD6G2538-CUT-ONLY,53.0,1000.0,SKD11025067
6,SKD6G2545-CUT-ONLY,62.0,1000.0,SKD11025067
6,SKD6G2546,64.0,1000.0,SKD11025067
6,SKD6G2546-CUT-ONLY,64.0,1000.0,SKD11025067
6,SKD6G2546-G-MADE,64.0,1000.0,SKD11025067
6,SKD6G2548-CUT-ONLY,66.0,1000.0,SKD11025067
6,SKD6G2550-CUT-ONLY,69.0,1000.0,SKD11025067
6,SKD6G2554-CUT-ONLY,75.0,1000.0,SKD11025067
6,SKD6G2560-CUT-ONLY,83.0,1000.0,SKD11025067
6,SKD6G2565-CUT-ONLY,90.0,1000.0,SKD11025067
6,SKD6G2576-CUT-ONLY,105.0,1000.0,SKD11025067
6,SKD6G2590-CUT-ONLY,124.0,1000.0,SKD11025067
6,SKD6G2598-CUT-ONLY,135.0,1000.0,SKD11025067
6,SKD6G27115-CUT-ONLY,171.0,1000.0,SKD11027067
6,SKD6G2715-CUT-ONLY,22.0,1000.0,SKD11027067
6,SKD6G2718-CUT-ONLY,27.0,1000.0,SKD11027067
6,SKD6G2720-CUT-ONLY,30.0,1000.0,SKD11027067
6,SKD6G2722-CUT-ONLY,35.0,1000.0,SKD11027067
6,SKD6G2723-CUT-ONLY,35.0,1000.0,SKD11027067
6,SKD6G2726-CUT-ONLY,39.0,1000.0,SKD11027067
6,SKD6G2727-CUT-ONLY,41.0,1000.0,SKD11027067
6,SKD6G2729-CUT-ONLY,44.0,1000.0,SKD11027067
6,SKD6G2732-CUT-ONLY,48.0,1000.0,SKD11027067
6,SKD6G2737-CUT-ONLY,54.0,1000.0,SKD11027067
6,SKD6G2741,61.0,1000.0,SKD11027067
6,SKD6G2741-CUT-ONLY,61.0,1000.0,SKD11027067
6,SKD6G2743,64.0,1000.0,SKD11027067
6,SKD6G2743-CUT-ONLY,64.0,1000.0,SKD11027067
6,SKD6G2745-CUT-ONLY,67.0,1000.0,SKD11027067
6,SKD6G2747-CUT-ONLY,70.0,1000.0,SKD11027067
6,SKD6G2753-CUT-ONLY,79.0,1000.0,SKD11027067
6,SKD6G2761-CUT-ONLY,91.0,1000.0,SKD11027067
6,SKD6G2770-CUT-ONLY,104.0,1000.0,SKD11027067
6,SKD6G2780-CUT-ONLY,119.0,1000.0,SKD11027067
6,SKD6G2795-CUT-ONLY,141.0,1000.0,SKD11027067
6,SKD6G35105,202.0,1000.0,SKD11035067
6,SKD6G35105-CUT-ONLY,202.0,1000.0,SKD11035067
6,SKD6G35108,208.0,1000.0,SKD11035067
6,SKD6G35108-CUT-ONLY,208.0,1000.0,SKD11035067
6,SKD6G35115,222.0,1000.0,SKD11035067
6,SKD6G35115-CUT-ONLY,222.0,1000.0,SKD11035067
6,SKD6G3515-CUT-ONLY,29.0,1000.0,SKD11035067
6,SKD6G3520-CUT-ONLY,39.0,1000.0,SKD11035067
6,SKD6G3527-CUT-ONLY,52.0,1000.0,SKD11035067
6,SKD6G3532-CUT-ONLY,62.0,1000.0,SKD11035067
6,SKD6G3535-CUT-ONLY,68.0,1000.0,SKD11035067
6,SKD6G3540-CUT-ONLY,77.0,1000.0,SKD11035067
6,SKD6G3545-CUT-ONLY,87.0,1000.0,SKD11035067
6,SKD6G3553,103.0,1000.0,SKD11035067
6,SKD6G3553-CUT-ONLY,103.0,1000.0,SKD11035067
6,SKD6G3555-CUT-ONLY,106.0,1000.0,SKD11035067
6,SKD6G3565-CUT-ONLY,125.0,1000.0,SKD11035067
6,SKD6G3570-CUT-ONLY,135.0,1000.0,SKD11035067
6,SKD6G3575-CUT-ONLY,145.0,1000.0,SKD11035067
6,SKD6G3585-CUT-ONLY,164.0,1000.0,SKD11035067
6,SKD6G47100,260.0,1000.0,SKD11047067
6,SKD6G47100-CUT-ONLY,260.0,1000.0,SKD11047067
6,SKD6G47120,312.0,1000.0,SKD11047067
6,SKD6G47120-CUT-ONLY,312.0,1000.0,SKD11047067
6,SKD6G4720-CUT-ONLY,52.0,1000.0,SKD11047067
6,SKD6G4725-CUT-ONLY,65.0,1000.0,SKD11047067
6,SKD6G4726-CUT-ONLY,68.0,1000.0,SKD11047067
6,SKD6G4727,71.0,1000.0,SKD11047067
6,SKD6G47275,711.0,1000.0,SKD11047067
6,SKD6G47275-CUT-ONLY,711.0,1000.0,SKD11047067
6,SKD6G4727-CUT-ONLY,71.0,1000.0,SKD11047067
6,SKD6G4730-CUT-ONLY,78.0,1000.0,SKD11047067
6,SKD6G4734-CUT-ONLY,88.0,1000.0,SKD11047067
6,SKD6G4740-CUT-ONLY,104.0,1000.0,SKD11047067
6,SKD6G4744-CUT-ONLY,114.0,1000.0,SKD11047067
6,SKD6G4754-CUT-ONLY,140.0,1000.0,SKD11047067
6,SKD6G4758-CUT-ONLY,150.0,1000.0,SKD11047067
6,SKD6G4760-CUT-ONLY,155.0,1000.0,SKD11047067
6,SKD6G4765-CUT-ONLY,168.0,1000.0,SKD11025067
6,SKD6G4770,183.0,1000.0,SKD11047067
6,SKD6G4770-CUT-ONLY,183.0,1000.0,SKD11047067
6,SKD6G4775-CUT-ONLY,194.0,1000.0,SKD11047067
6,SKD6G4795-CUT-ONLY,246.0,1000.0,SKD11047067
6,SKD6G4798,254.0,1000.0,SKD11047067
6,SKD6G4798-CUT-ONLY,254.0,1000.0,SKD11047067
6,SKD6G50100,276.0,1000.0,SKD11050067
6,SKD6G50100-CUT-ONLY,276.0,1000.0,SKD11050067
6,SKD6G50130,358.0,1000.0,SKD11050067
6,SKD6G50130-CUT-ONLY,358.0,1000.0,SKD11050067
6,SKD6G5020-CUT-ONLY,55.0,1000.0,SKD11050067
6,SKD6G5025-CUT-ONLY,67.0,1000.0,SKD11050067
6,SKD6G5028,77.0,1000.0,SKD11050067
6,SKD6G5028-CUT-ONLY,77.0,1000.0,SKD11050067
6,SKD6G5030,83.0,1000.0,SKD11050067
6,SKD6G5030-CUT-ONLY,83.0,1000.0,SKD11050067
6,SKD6G5040-CUT-ONLY,110.0,1000.0,SKD11050067
6,SKD6G5044-CUT-ONLY,121.0,1000.0,SKD11050067
6,SKD6G5052-CUT-ONLY,143.0,1000.0,SKD11050067
6,SKD6G5060-CUT-ONLY,165.0,1000.0,SKD11050067
6,SKD6G5066-CUT-ONLY,182.0,1000.0,SKD11050067
6,SKD6G5075,207.0,1000.0,SKD11050067
6,SKD6G5075-CUT-ONLY,207.0,1000.0,SKD11050067
6,SKD6G5095,260.0,1000.0,SKD11050067
6,SKD6G5095-CUT-ONLY,260.0,1000.0,SKD11050067
6,SKD6G75120,495.0,1000.0,SKD11075067
6,SKD6G75120-CUT-ONLY,495.0,1000.0,SKD11075067
6,SKD6G75125-CUT-ONLY,516.0,1000.0,SKD11075067
6,SKD6G7520,104.0,1000.0,SKD11075067
6,SKD6G7520-CUT-ONLY,104.0,1000.0,SKD11075067
6,SKD6G7527-CUT-ONLY,112.0,1000.0,SKD11075067
6,SKD6G7532-CUT-ONLY,132.0,1000.0,SKD11075067
6,SKD6G7545,186.0,1000.0,SKD11075067
6,SKD6G7545-CUT-ONLY,186.0,1000.0,SKD11075067
6,SKD6G7555-CUT-ONLY,227.0,1000.0,SKD11075067
6,SKD6G7560,268.0,1000.0,SKD11075067
6,SKD6G7560-CUT-ONLY,268.0,1000.0,SKD11075067
6,SKD6G7565-CUT-ONLY,71.0,1000.0,SKD11075067
6,SKD6G7576-CUT-ONLY,314.0,1000.0,SKD11075067
6,SKD6G7578-CUT-ONLY,322.0,1000.0,SKD11075067
6,SKD6G7595-CUT-ONLY,392.0,1000.0,SKD11075067
6,SKD6G7598-CUT-ONLY,404.0,1000.0,SKD11075067
6,SKD6Z1836-CUT-ONLY,32.0,1000.0,SKD11018060
6,SKD6Z1855-CUT-ONLY,58.0,1000.0,SKD11018060
6,SKD7.0X21X37,57.0,1000.0,SKD11021082
6,SKD7.0X21X46,66.0,1000.0,SKD11021082
6,SKD7.0X29X32,76.0,1000.0,SKD11029082
6,SKD7.0X40X108,291.0,1000.0,SKD11040082
6,SKD7.0X40X23,61.0,1000.0,SKD11040082
6,SKD7.0X40X38,103.0,1000.0,SKD11040082
6,SKD7.0X40X405,1100.0,1000.0,SKD11040082
6,SKD7.0X40X41,115.0,1000.0,SKD11040085
6,SKD7.0X40X410,1110.0,1000.0,SKD11040082
6,SKD7.0X40X97,261.0,1000.0,SKD11040085
6,SKD7.65X21X35,50.0,1000.0,SKD11021082
6,SKD7.65X29X22,43.0,1000.0,SKD11029082
6,SKD7.65X29X25,49.0,1000.0,SKD11029082
6,SKD7.65X29X27,53.0,1000.0,SKD11029082
6,SKD7.65X29X28,55.0,1000.0,SKD11029082
6,SKD7.65X29X32,63.0,1000.0,SKD11029082
6,SKD7.65X29X34.5,68.0,1000.0,SKD11029082
6,SKD7.65X29X38,75.0,1000.0,SKD11029082
6,SKD7.65X29X41,80.0,1000.0,SKD11029082
6,SKD7.65X40X97,261.0,1000.0,SKD11040082
6,SKD7.65X50X97,339.0,1000.0,SKD11050085
6,SKD7.9X30X25,53.0,1000.0,SKD11030085
6,SKD7.9X30X28,63.0,1000.0,SKD11030085
6,SKD7.9X30X28-G-MADE,63.0,1000.0,SKD11030085
6,SKD7.9X30X31.5,66.0,1000.0,SKD11030085
6,SKD7.9X30X31-G-MADE,66.0,1000.0,SKD11030085
6,SKD7B3015-CUT-ONLY,27.0,1000.0,SKD11030072
6,SKD7B3020-CUT-ONLY,41.0,1000.0,SKD11030072
6,SKD7B3030-CUT-ONLY,54.0,1000.0,SKD11030072
6,SKD7B3032,57.0,1000.0,SKD11030072
6,SKD7B3032-CUT-ONLY,57.0,1000.0,SKD11030072
6,SKD7B3038-CUT-ONLY,68.0,1000.0,SKD11030072
6,SKD7B3040-CUT-ONLY,71.0,1000.0,SKD11030072
6,SKD7B3050-CUT-ONLY,89.0,1000.0,SKD11030072
6,SKD7B3055-CUT-ONLY,98.0,1000.0,SKD11030072
6,SKD7B3060-CUT-ONLY,107.0,1000.0,SKD11030072
6,SKD7B3065,116.0,1000.0,SKD11030072
6,SKD7B3065-CUT-ONLY,116.0,1000.0,SKD11030072
6,SKD7B3228-CUT-ONLY,63.0,1000.0,SKD11032072
6,SKD7B3235-CUT-ONLY,67.0,1000.0,SKD11032072
6,SKD7B3240-CUT-ONLY,76.0,1000.0,SKD11032072
6,SKD7B3245-CUT-ONLY,85.0,1000.0,SKD11032072
6,SKD7B3250-CUT-ONLY,95.0,1000.0,SKD11032072
6,SKD7B3254-CUT-ONLY,101.0,1000.0,SKD11032072
6,SKD7B3255-CUT-ONLY,104.0,1000.0,SKD11032072
6,SKD7B3260-CUT-ONLY,114.0,1000.0,SKD11032072
6,SKD7B3270-CUT-ONLY,133.0,1000.0,SKD11032072
6,SKD7B3290-CUT-ONLY,171.0,1000.0,SKD11032072
6,SKD7B3558-CUT-ONLY,120.0,1000.0,SKD11035072
6,SKD7Z3014-CUT-ONLY,25.0,1000.0,SKD11030070
6,SKD7Z3015-CUT-ONLY,26.0,1000.0,SKD11030070
6,SKD7Z3019-CUT-ONLY,33.0,1000.0,SKD11030070
6,SKD7Z3020-CUT-ONLY,35.0,1000.0,SKD11030070
6,SKD7Z3024-CUT-ONLY,42.0,1000.0,SKD11030070
6,SKD7Z3025-CUT-ONLY,44.0,1000.0,SKD11030070
6,SKD7Z3025-G-MADE,44.0,1000.0,SKD11030070
6,SKD7Z3026-CUT-ONLY,45.0,1000.0,SKD11030070
6,SKD7Z3027-CUT-ONLY,47.0,1000.0,SKD11030070
6,SKD7Z3030-CUT-ONLY,52.0,1000.0,SKD11030070
6,SKD7Z3030-G-MADE,52.0,1000.0,SKD11030070
6,SKD7Z3032-CUT-ONLY,56.0,1000.0,SKD11030070
6,SKD7Z3034-CUT-ONLY,59.0,1000.0,SKD11030070
6,SKD7Z3037-CUT-ONLY,64.0,1000.0,SKD11030070
6,SKD7Z3038-CUT-ONLY,66.0,1000.0,SKD11030070
6,SKD7Z3040-CUT-ONLY,69.0,1000.0,SKD11030070
6,SKD7Z3045-CUT-ONLY,78.0,1000.0,SKD11030070
6,SKD7Z3054-CUT-ONLY,93.0,1000.0,SKD11030070
6,SKD7Z3054-G-MADE,93.0,1000.0,SKD11030070
6,SKD7Z3055-CUT-ONLY,95.0,1000.0,SKD11030070
6,SKD7Z3060-CUT-ONLY,104.0,1000.0,SKD11030070
6,SKD7Z3065-CUT-ONLY,112.0,1000.0,SKD11030070
6,SKD7Z3070-CUT-ONLY,121.0,1000.0,SKD11030070
6,SKD7Z3098-CUT-ONLY,169.0,1000.0,SKD11030070
6,SKD7Z4030-CUT-ONLY,69.0,1000.0,SKD11040070
6,SKD8.0X40X97,271.0,1000.0,SKD11040085
6,SKD8.1X30X20-G-MADE,42.0,1000.0,SKD11030085
6,SKD8.2X30X22-G-MADE,47.0,1000.0,SKD11030085
6,SKD8.2X30X27-G-MADE,63.0,1000.0,SKD11030085
6,SKD8.2X30X29-G-MADE,63.0,1000.0,SKD11030085
6,SKD8.2X30X32-G-MADE,67.0,1000.0,SKD11030085
6,SKD8.3X35X40-G-MADE,104.0,1000.0,SKD11035090
6,SKD8.5X50X97,1.0,1.0,SKD105097
6,SKD8.6X35X13,31.0,1000.0,SKD11035090
6,SKD8B2121-CUT-ONLY,32.0,1000.0,SKD11021082
6,SKD8B2125-CUT-ONLY,36.0,1000.0,SKD11021082
6,SKD8B2130-CUT-ONLY,43.0,1000.0,SKD11021082
6,SKD8B2135-CUT-ONLY,50.0,1000.0,SKD11021082
6,SKD8B2136-CUT-ONLY,55.0,1000.0,SKD11021082
6,SKD8B2140-CUT-ONLY,57.0,1000.0,SKD11021082
6,SKD8B2144-CUT-ONLY,63.0,1000.0,SKD11021082
6,SKD8B2148-CUT-ONLY,68.0,1000.0,SKD11021082
6,SKD8B2155-CUT-ONLY,78.0,1000.0,SKD11021082
6,SKD8B2160-CUT-ONLY,85.0,1000.0,SKD11021082
6,SKD8B2165-CUT-ONLY,92.0,1000.0,SKD11021082
6,SKD8B2914-CUT-ONLY,28.0,1000.0,SKD11029082
6,SKD8B2920-CUT-ONLY,39.0,1000.0,SKD11029082
6,SKD8B2925-CUT-ONLY,49.0,1000.0,SKD11029082
6,SKD8B2927,53.0,1000.0,SKD11029082
6,SKD8B2927-CUT-ONLY,53.0,1000.0,SKD11029082
6,SKD8B2928-CUT-ONLY,55.0,1000.0,SKD11029082
6,SKD8B2931-CUT-ONLY,62.0,1000.0,SKD11029082
6,SKD8B2932-CUT-ONLY,63.0,1000.0,SKD11029082
6,SKD8B2938-CUT-ONLY,75.0,1000.0,SKD11029082
6,SKD8B2940-CUT-ONLY,78.0,1000.0,SKD11029082
6,SKD8B2941,80.0,1000.0,SKD11029082
6,SKD8B2941-CUT-ONLY,80.0,1000.0,SKD11029082
6,SKD8B2943-CUT-ONLY,84.0,1000.0,SKD11029082
6,SKD8B2944-CUT-ONLY,86.0,1000.0,SKD11029082
6,SKD8B2948-CUT-ONLY,94.0,1000.0,SKD11029082
6,SKD8B2950-CUT-ONLY,98.0,1000.0,SKD11029082
6,SKD8B2955-CUT-ONLY,108.0,1000.0,SKD11029082
6,SKD8B2960-CUT-ONLY,117.0,1000.0,SKD11029082
6,SKD8B2965-CUT-ONLY,127.0,1000.0,SKD11029082
6,SKD8B2970-CUT-ONLY,137.0,1000.0,SKD11029082
6,SKD8B2980,156.0,1000.0,SKD11029082
6,SKD8B2980-CUT-ONLY,156.0,1000.0,SKD11029082
6,SKD8B2985-CUT-ONLY,166.0,1000.0,SKD11029082
6,SKD8B4026-CUT-ONLY,70.0,1000.0,SKD11040082
6,SKD8B4030-CUT-ONLY,81.0,1000.0,SKD11040082
6,SKD8B4040-CUT-ONLY,108.0,1000.0,SKD11040082
6,SKD8B4048-CUT-ONLY,130.0,1000.0,SKD11040082
6,SKD8B4052-CUT-ONLY,140.0,1000.0,SKD11040082
6,SKD8B4058-CUT-ONLY,158.0,1000.0,SKD11040082
6,SKD8B4060,164.0,1000.0,SKD11040082
6,SKD8B4060-CUT-ONLY,164.0,1000.0,SKD11040082
6,SKD8B4065-CUT-ONLY,175.0,1000.0,SKD11040082
6,SKD8B4068,183.0,1000.0,SKD11040082
6,SKD8B4068-CUT-ONLY,183.0,1000.0,SKD11040082
6,SKD8B4072,194.0,1000.0,SKD11040082
6,SKD8B4072-CUT-ONLY,194.0,1000.0,SKD11040082
6,SKD8B4097,261.0,1000.0,SKD11040082
6,SKD8B4097-CUT-ONLY,261.0,1000.0,SKD11040082
6,SKD8E3020-CUT-ONLY,42.0,1000.0,SKD11030085
6,SKD8E3020-G-8.1-MADE,42.0,1000.0,SKD11030085
6,SKD8E3022-CUT-ONLY,47.0,1000.0,SKD11030085
6,SKD8E3022-G-MADE,47.0,1000.0,SKD11030085
6,SKD8E3025-CUT-ONLY,53.0,1000.0,SKD11030085
6,SKD8E3025-G-MADE,53.0,1000.0,SKD11030085
6,SKD8E3030-CUT-ONLY,63.0,1000.0,SKD11030085
6,SKD8E3034-CUT-ONLY,72.0,1000.0,SKD11030085
6,SKD8E3038-CUT-ONLY,80.0,1000.0,SKD11030085
6,SKD8E3040-CUT-ONLY,85.0,1000.0,SKD11030085
6,SKD8E3053,113.0,1000.0,SKD11030085
6,SKD8E3053-CUT-ONLY,113.0,1000.0,SKD11030085
6,SKD8E3065-CUT-ONLY,136.0,1000.0,SKD11030085
6,SKD8E4020-CUT-ONLY,56.0,1000.0,SKD11040085
6,SKD8E4030-CUT-ONLY,84.0,1000.0,SKD11040085
6,SKD8E4035-CUT-ONLY,98.0,1000.0,SKD11040085
6,SKD8E4038-CUT-ONLY,106.0,1000.0,SKD11040085
6,SKD8E4040,111.0,1000.0,SKD11040085
6,SKD8E4040-CUT-ONLY,111.0,1000.0,SKD11040085
6,SKD8E4048-CUT-ONLY,134.0,1000.0,SKD11040085
6,SKD8E4051-CUT-ONLY,143.0,1000.0,SKD11040085
6,SKD8E4053-CUT-ONLY,148.0,1000.0,SKD11040085
6,SKD8E4065-CUT-ONLY,182.0,1000.0,SKD11040085
6,SKD8E4080-CUT-ONLY,224.0,1000.0,SKD11040085
6,SKD8E4097,272.0,1000.0,SKD11040085
6,SKD8E4097-CUT-ONLY,272.0,1000.0,SKD11040085
6,SKD8E5018-CUT-ONLY,63.0,1000.0,SKD11050085
6,SKD8E5028-CUT-ONLY,98.0,1000.0,SKD11050085
6,SKD8E5030-CUT-ONLY,105.0,1000.0,SKD11050085
6,SKD8E5035-CUT-ONLY,121.0,1000.0,SKD11050085
6,SKD8E5040-CUT-ONLY,140.0,1000.0,SKD11050085
6,SKD8E5048-CUT-ONLY,168.0,1000.0,SKD11050085
6,SKD8E5050,174.0,1000.0,SKD11050085
6,SKD8E5050-CUT-ONLY,174.0,1000.0,SKD11050085
6,SKD8E5052-CUT-ONLY,181.0,1000.0,SKD11050085
6,SKD8E5059-CUT-ONLY,206.0,1000.0,SKD11050085
6,SKD8E5065,227.0,1000.0,SKD11050085
6,SKD8E5065-CUT-ONLY,227.0,1000.0,SKD11050085
6,SKD9.0X50X110,1.0,1.0,SKD10X50X110
6,SKD9.0X50X32,61.0,1000.0,SKD11030070
6,SKD9.0X50X34,1.0,1.0,SKD105034
6,SKD9.0X50X37,1.0,1.0,SKD105037-KAJIWARA
6,SKD9.0X50X38,1.0,1.0,SKD105038
6,SKD9.4X50X97,1.0,1.0,SKD105097
6,SKD9Z3513-CUT-ONLY,31.0,1000.0,SKD11035090
6,SKD9Z3515,39.0,1000.0,SKD11035090
6,SKD9Z3515-CUT-ONLY,39.0,1000.0,SKD11035090
6,SKD9Z3520-CUT-ONLY,52.0,1000.0,SKD11035090
6,SKD9Z3530-CUT-ONLY,78.0,1000.0,SKD11035090
6,SKD9Z3540-CUT-ONLY,104.0,1000.0,SKD11035090
6,SKD9Z3545-CUT-ONLY,117.0,1000.0,SKD11035090
6,SKD9Z3547-CUT-ONLY,123.0,1000.0,SKD11035090
6,SKD9Z3555-CUT-ONLY,143.0,1000.0,SKD11035090
6,SKD9Z3565,168.0,1000.0,SKD11035090
6,SKD9Z3565-CUT-ONLY,168.0,1000.0,SKD11035090
6,SKD9Z3580-CUT-ONLY,207.0,1000.0,SKD11035090
5,SR2C-MB1A,70.0,1000.0,SKD11030055
6,SR2C-MB1A,1.0,1.0,SKD5E3050
4,SR4-DV118,75.0,1000.0,SUJ3038068
5,SR4-DV118,1.0,1.0,S6H3828
6,SR4-DV118,1.0,1.0,SR4-MV118
5,SR4-MV112,75.0,1000.0,SUJ3038068
6,SR4-MV112,1.0,1.0,S6H3828
5,SR4-MY218,35.0,1000.0,SKD11025067
6,SR4-MY218,1.0,1.0,SKD6G2525
5,SR5-MB1,30.0,1000.0,SKD11022050
6,SR5-MB1,1.0,1.0,SKD5Z2230
5,V7E-MY4AA38,53.0,1000.0,SKD11025067
6,V7E-MY4AA38,1.0,1.0,SKD6G2538
5,V8EER-MB2AA40,24.0,1000.0,SKD11022067
6,V8EER-MB2AA40,1.0,1.0,SKD6G2218
4,V8ER-DB1AA30,24.0,1000.0,SKD11025067
5,V8ER-DB1AA30,1.0,1.0,SKD6G2518
6,V8ER-DB1AA30,1.0,1.0,V8ER-MB1AA30
4,V8ER-DB2AA30,24.0,1000.0,SKD11022067
5,V8ER-DB2AA30,1.0,1.0,SKD6G2218
6,V8ER-DB2AA30,1.0,1.0,V8ER-MB2AA30
4,V8ER-DB5AA30,43.0,1000.0,SKD11021082
5,V8ER-DB5AA30,1.0,1.0,SKD8B2130
6,V8ER-DB5AA30,1.0,1.0,V8ER-MB5AA30
4,V8ER-DB5AA36,43.0,1000.0,SKD11021082
5,V8ER-DB5AA36,1.0,1.0,SKD8B2130
6,V8ER-DB5AA36,1.0,1.0,V8ER-MB5AA36
4,V8ER-DB9AA30,63.0,1000.0,SKD11021082
5,V8ER-DB9AA30,1.0,1.0,SKD8B2144
6,V8ER-DB9AA30,1.0,1.0,V8ER-MB9AA30
4,V8ER-DB9AA36,68.0,1000.0,SKD11021082
5,V8ER-DB9AA36,1.0,1.0,SKD8B2148
6,V8ER-DB9AA36,1.0,1.0,V8ER-MB9AA36
4,V8ER-DF1AB36,50.0,1000.0,SKD11021082
5,V8ER-DF1AB36,1.0,1.0,SKD8B2135
6,V8ER-DF1AB36,1.0,1.0,V8ER-MF1AB36
4,V8ER-DY3AA30,45.0,1000.0,SKD11025067
5,V8ER-DY3AA30,1.0,1.0,SKD6G2532
6,V8ER-DY3AA30,1.0,1.0,V8ER-MY3AA30
4,V8ER-DY3AA33,45.0,1000.0,SKD11025067
5,V8ER-DY3AA33,1.0,1.0,SKD6G2532
6,V8ER-DY3AA33,1.0,1.0,V8ER-MY3AA33
4,V8ER-DY4AA30,66.0,1000.0,SKD11025067
5,V8ER-DY4AA30,1.0,1.0,SKD6G2548
6,V8ER-DY4AA30,1.0,1.0,V8ER-MY4AA30
4,V8ER-DY4AA36,66.0,1000.0,SKD11025067
5,V8ER-DY4AA36,1.0,1.0,SKD6G2548
6,V8ER-DY4AA36,1.0,1.0,V8ER-MY4AA36
5,V8ER-MB1AA30-TEMP,24.0,1000.0,SKD11025067
6,V8ER-MB1AA30-TEMP,1.0,1.0,SKD6G2518
5,V8ER-MB1AA36,27.0,1000.0,SKD11025067
6,V8ER-MB1AA36,1.0,1.0,SKD6G2519
5,V8ER-MB1AA40,27.0,1000.0,SKD11025067
6,V8ER-MB1AA40,1.0,1.0,SKD6G2519
5,V8ER-MB2AA30-TEMP,24.0,1000.0,SKD11022067
6,V8ER-MB2AA30-TEMP,1.0,1.0,SKD6G2218
5,V8ER-MB2AA36,24.0,1000.0,SKD11022067
6,V8ER-MB2AA36,1.0,1.0,SKD6G2218
5,V8ER-MB2AA40,24.0,1000.0,SKD11022067
6,V8ER-MB2AA40,1.0,1.0,SKD6G2218
5,V8ER-MB3AA34,24.0,1000.0,SKD11022067
6,V8ER-MB3AA34,1.0,1.0,SKD6G2218
5,V8ER-MB4AA34,24.0,1000.0,SKD11022067
6,V8ER-MB4AA34,1.0,1.0,SKD6G2218
5,V8ER-MB5AA30-TEMP,43.0,1000.0,SKD11021082
6,V8ER-MB5AA30-TEMP,1.0,1.0,SKD8B2130
5,V8ER-MB5AA34,43.0,1000.0,SKD11021082
6,V8ER-MB5AA34,1.0,1.0,SKD8B2130
5,V8ER-MB7AA34,43.0,1000.0,SKD11021082
6,V8ER-MB7AA34,1.0,1.0,SKD8B2130
5,V8ER-MB9AA30-TEMP,63.0,1000.0,SKD11021082
6,V8ER-MB9AA30-TEMP,1.0,1.0,SKD8B2144
5,V8ER-MB9AA34,68.0,1000.0,SKD11021082
6,V8ER-MB9AA34,1.0,1.0,SKD8B2148
5,V8ER-MC1AA34,57.0,1000.0,SKD11021082
6,V8ER-MC1AA34,1.0,1.0,SKD8B2140
5,V8ER-MD5AA30,63.0,1000.0,SKD11021082
6,V8ER-MD5AA30,1.0,1.0,SKD8B2144
5,V8ER-MF1AA30,43.0,1000.0,SKD11021082
6,V8ER-MF1AA30,1.0,1.0,SKD8B2130
5,V8ER-MF3AA30,43.0,1000.0,SKD11021082
6,V8ER-MF3AA30,1.0,1.0,SKD8B2130
5,V8ER-MH5AA33,57.0,1000.0,SKD11021082
6,V8ER-MH5AA33,1.0,1.0,SKD8B2140
5,V8ER-MW1AA30,26.0,1000.0,SKD11025055
6,V8ER-MW1AA30,1.0,1.0,SKD5E2520
5,V8ER-MW2AA30,45.0,1000.0,SKD11025067
6,V8ER-MW2AA30,1.0,1.0,SKD6G2532
5,V8ER-MW5AA30,28.0,1000.0,SKD11025055
6,V8ER-MW5AA30,1.0,1.0,SKD5E2522
5,V8ER-MW6AA33,62.0,1000.0,SKD11025067
6,V8ER-MW6AA33,1.0,1.0,SKD6G2545
5,V8ER-MY1AA30-TEMP,26.0,1000.0,SKD11025055
6,V8ER-MY1AA30-TEMP,1.0,1.0,SKD5E2520
5,V8ER-MY1AA36,26.0,1000.0,SKD11025055
6,V8ER-MY1AA36,1.0,1.0,SKD5E2520
5,V8ER-MY1AA40,28.0,1000.0,SKD11025055
6,V8ER-MY1AA40,1.0,1.0,SKD5E2522
5,V8ER-MY2AA30-TEMP,45.0,1000.0,SKD11025067
6,V8ER-MY2AA30-TEMP,1.0,1.0,SKD6G2532
5,V8ER-MY3AA34,45.0,1000.0,SKD11025067
6,V8ER-MY3AA34,1.0,1.0,SKD6G2532
5,V8ER-MY3AA36,45.0,1000.0,SKD11025067
6,V8ER-MY3AA36,1.0,1.0,SKD6G2532
5,V8ER-MY3AA38,45.0,1000.0,SKD11025067
6,V8ER-MY3AA38,1.0,1.0,SKD6G2532
5,V8ER-MY3AA40,45.0,1000.0,SKD11025067
6,V8ER-MY3AA40,1.0,1.0,SKD6G2532
5,V8ER-MY4AA30-TEMP,66.0,1000.0,SKD11025067
6,V8ER-MY4AA30-TEMP,1.0,1.0,SKD6G2548
5,V8ER-MY4AA34,66.0,1000.0,SKD11025067
6,V8ER-MY4AA34,1.0,1.0,SKD6G2548
5,V8ER-MY4AA40,69.0,1000.0,SKD11025067
6,V8ER-MY4AA40,1.0,1.0,SKD6G2550
5,V8ER-MY5AA36,43.0,1000.0,SKD11021082
6,V8ER-MY5AA36,1.0,1.0,SKD8B2130
4,V8ME-DB1AA30,45.0,1000.0,SKD11025055
5,V8ME-DB1AA30,1.0,1.0,SKD5E2538
6,V8ME-DB1AA30,1.0,1.0,V8ME-MB1AA30
4,V8ME-DB3AA30,35.0,1000.0,SKD11025067
5,V8ME-DB3AA30,1.0,1.0,SKD6G2525
6,V8ME-DB3AA30,1.0,1.0,V8ME-MB3AA30
4,V8ME-DB3AA33,35.0,1000.0,SKD11025067
5,V8ME-DB3AA33,1.0,1.0,SKD6G2525
6,V8ME-DB3AA33,1.0,1.0,V8ME-MB3AA33
4,V8ME-DB5AA30,45.0,1000.0,SKD11025067
5,V8ME-DB5AA30,1.0,1.0,SKD6G2532
6,V8ME-DB5AA30,1.0,1.0,V8ME-MB5AA30
4,V8ME-DC3AA34,39.0,1000.0,SKD11025055
5,V8ME-DC3AA34,1.0,1.0,SKD5E2533
6,V8ME-DC3AA34,1.0,1.0,V8ME-MC3AA34
4,V8ME-DC5AA33,43.0,1000.0,SKD11025067
5,V8ME-DC5AA33,1.0,1.0,SKD6G2531
6,V8ME-DC5AA33,1.0,1.0,V8ME-MC5AA33
4,V8ME-DC5AA34,47.0,1000.0,SKD11025067
5,V8ME-DC5AA34,1.0,1.0,SKD6G2534
6,V8ME-DC5AA34,1.0,1.0,V8ME-MC5AA34
4,V8ME-DX1AA33,35.0,1000.0,SKD11022055
5,V8ME-DX1AA33,1.0,1.0,SKD5E2235
6,V8ME-DX1AA33,1.0,1.0,V8ME-MX1AA33
4,V8ME-DX1AA36,35.0,1000.0,SKD11022055
5,V8ME-DX1AA36,1.0,1.0,SKD5E2235
6,V8ME-DX1AA36,1.0,1.0,V8ME-MX1AA36
4,V8ME-DX1AA38,35.0,1000.0,SKD11022055
5,V8ME-DX1AA38,1.0,1.0,SKD5E2235
6,V8ME-DX1AA38,1.0,1.0,V8ME-MX1AA38
4,V8ME-DX1BA33,30.0,1000.0,SKD11022055
5,V8ME-DX1BA33,1.0,1.0,SKD5E2230
6,V8ME-DX1BA33,1.0,1.0,V8ME-MX1BA33
4,V8ME-DX2AA30,43.0,1000.0,SKD11022067
5,V8ME-DX2AA30,1.0,1.0,SKD6G2235
6,V8ME-DX2AA30,1.0,1.0,V8ME-MX2AA30
4,V8ME-DX2AA33,41.0,1000.0,SKD11015067
5,V8ME-DX2AA33,1.0,1.0,SKD6G1535
6,V8ME-DX2AA33,1.0,1.0,V8ME-MX2AA33
4,V8ME-DX2AA34,42.0,1000.0,SKD11022067
5,V8ME-DX2AA34,1.0,1.0,SKD6G2234
6,V8ME-DX2AA34,1.0,1.0,V8ME-MX2AA34
4,V8ME-DX2AA36,43.0,1000.0,SKD11022067
5,V8ME-DX2AA36,1.0,1.0,SKD6G2235
6,V8ME-DX2AA36,1.0,1.0,V8ME-MX2AA36
4,V8ME-DX2AA38,43.0,1000.0,SKD11022067
5,V8ME-DX2AA38,1.0,1.0,SKD6G2235
6,V8ME-DX2AA38,1.0,1.0,V8ME-MX2AA38
4,V8ME-DX5AA33,42.0,1000.0,SKD11022067
5,V8ME-DX5AA33,1.0,1.0,SKD6G2234
6,V8ME-DX5AA33,1.0,1.0,V8ME-MX5AA33
4,V8ME-DY1AA33,45.0,1000.0,SKD11022055
5,V8ME-DY1AA33,1.0,1.0,SKD5E2245
6,V8ME-DY1AA33,1.0,1.0,V8ME-MY1AA33
4,V8ME-DY1AA38,45.0,1000.0,SKD11022055
5,V8ME-DY1AA38,1.0,1.0,SKD5E2245
6,V8ME-DY1AA38,1.0,1.0,V8ME-MY1AA38
4,V8ME-DY2AA30,41.0,1000.0,SKD11015067
5,V8ME-DY2AA30,1.0,1.0,SKD6G1535
6,V8ME-DY2AA30,1.0,1.0,V8ME-MY2AA30
4,V8ME-DY2AA33,30.0,1000.0,SKD11022067
5,V8ME-DY2AA33,1.0,1.0,SKD6G2224
6,V8ME-DY2AA33,1.0,1.0,V8ME-MY2AA33
4,V8ME-DY3AA33,41.0,1000.0,SKD11015067
5,V8ME-DY3AA33,1.0,1.0,SKD6G1535
6,V8ME-DY3AA33,1.0,1.0,V8ME-MY3AA33
5,V8ME-MB1AA33,45.0,1000.0,SKD11025055
6,V8ME-MB1AA33,1.0,1.0,SKD5E2538
5,V8ME-MC4AA30,38.0,1000.0,SKD11025055
6,V8ME-MC4AA30,1.0,1.0,SKD5E2532
5,V8ME-MC5DA30,45.0,1000.0,SKD11025067
6,V8ME-MC5DA30,1.0,1.0,SKD6G2532
5,V8ME-MC5DA33,45.0,1000.0,SKD11025067
6,V8ME-MC5DA33,1.0,1.0,SKD6G2532
5,V8ME-MC6DA30,42.0,1000.0,SKD11025067
6,V8ME-MC6DA30,1.0,1.0,SKD6G2530
5,V8ME-MV1AA33,41.0,1000.0,SKD11025055
6,V8ME-MV1AA33,1.0,1.0,SKD5E2535
5,V8ME-MX1BA38,35.0,1000.0,SKD11022055
6,V8ME-MX1BA38,1.0,1.0,SKD5E2235
5,V8ME-MX1EA30,30.0,1000.0,SKD11022055
6,V8ME-MX1EA30,1.0,1.0,SKD5E2230
5,V8ME-MX2EA30,41.0,1000.0,SKD11015067
6,V8ME-MX2EA30,1.0,1.0,SKD6G1535
5,V8ME-MX2EA33,41.0,1000.0,SKD11015067
6,V8ME-MX2EA33,1.0,1.0,SKD6G1535
5,V8ME-MX5AA30,43.0,1000.0,SKD11022067
6,V8ME-MX5AA30,1.0,1.0,SKD6G2235
5,V8ME-MY2AA38,33.0,1000.0,SKD11022067
6,V8ME-MY2AA38,1.0,1.0,SKD6G2227
5,V8ME-MY3AA38,43.0,1000.0,SKD11022067
6,V8ME-MY3AA38,1.0,1.0,SKD6G2235
4,VIL7AE-DY1AA30,28.0,1000.0,SKD11025055
5,VIL7AE-DY1AA30,1.0,1.0,SKD5E2522
6,VIL7AE-DY1AA30,1.0,1.0,VIL7AE-MY1AA30
4,VIL7AE-DY2SA30,32.0,1000.0,SKD11025067
5,VIL7AE-DY2SA30,1.0,1.0,SKD6G2523
6,VIL7AE-DY2SA30,1.0,1.0,VIL7AE-MY2SA30
4,VIL7AE-DY4AA30,53.0,1000.0,SKD11025067
5,VIL7AE-DY4AA30,1.0,1.0,SKD6G2538
6,VIL7AE-DY4AA30,1.0,1.0,VIL7AE-MY4AA30
5,VLEC4D-MB2AA30,77.0,1000.0,SKD11035067
6,VLEC4D-MB2AA30,1.0,1.0,SKD6G3540
5,VLEC4D-MC1AA30,106.0,1000.0,SKD11035067
6,VLEC4D-MC1AA30,1.0,1.0,SKD6G3555
4,VNY2-DB3AA36,75.0,1000.0,SKD11025067
5,VNY2-DB3AA36,1.0,1.0,SKD6G2554
6,VNY2-DB3AA36,1.0,1.0,VNY2-MB3AA36
5,VNY2-MB2AA36,53.0,1000.0,SKD11025067
6,VNY2-MB2AA36,1.0,1.0,SKD6G2538
5,VNY2-MY2AA36,42.0,1000.0,SKD11025067
6,VNY2-MY2AA36,1.0,1.0,SKD6G2530
5,VNY2-MY3AA36,75.0,1000.0,SKD11025067
6,VNY2-MY3AA36,1.0,1.0,SKD6G2554
4,VXRSY-DY2AA26,78.0,1000.0,SKD11029082
5,VXRSY-DY2AA26,1.0,1.0,SKD8B2940
6,VXRSY-DY2AA26,1.0,1.0,VXRSY-MY2AA26
4,VXRSY-DY3BA26,57.0,1000.0,SKD11021082
5,VXRSY-DY3BA26,1.0,1.0,SKD8B2140
6,VXRSY-DY3BA26,1.0,1.0,VXRSY-MY3BA26
4,VXRSY-DY4AA26,78.0,1000.0,SKD11021082
5,VXRSY-DY4AA26,1.0,1.0,SKD8B2155
6,VXRSY-DY4AA26,1.0,1.0,VXRSY-MY4AA26
4,VXRSY-DY5AA26,78.0,1000.0,SKD11021082
5,VXRSY-DY5AA26,1.0,1.0,SKD8B2155
6,VXRSY-DY5AA26,1.0,1.0,VXRSY-MY5AA26
4,WS2-DB126,110.0,1000.0,SUJ3030056
5,WS2-DB126,1.0,1.0,S5F3065
6,WS2-DB126,1.0,1.0,WS2-MB126
5,WS2-MB132,100.0,1000.0,SKD11030055
6,WS2-MB132,1.0,1.0,SKD5E3070
4,WS-DB2,45.0,1000.0,SUJ3045040
5,WS-DB2,1.0,1.0,S4Z3424P
6,WS-DB2,1.0,1.0,WS-MB2
4,WS-DB3C,100.0,1000.0,SUJ3030056
5,WS-DB3C,1.0,1.0,S5F3070
6,WS-DB3C,1.0,1.0,WS-MB3C
5,WS-DX0W,1.0,1.0,SUJ3019019
6,WS-DX0W,1.0,1.0,WS-MX0W
4,WS-DX3,160.0,1000.0,SUJ3032085
5,WS-DX3,1.0,1.0,S8E3260
6,WS-DX3,1.0,1.0,WS-MX3
4,WS-DX3W,160.0,1000.0,SUJ3032085
5,WS-DX3W,1.0,1.0,S8E3260
6,WS-DX3W,1.0,1.0,WS-MX3W
4,WS-DX4W,160.0,1000.0,SUJ3032085
5,WS-DX4W,1.0,1.0,S8E3260
6,WS-DX4W,1.0,1.0,WS-MX4W
4,WS-DY1,75.0,1000.0,SUJ3038068
5,WS-DY1,1.0,1.0,S6H3828
6,WS-DY1,1.0,1.0,WS-MY1
4,WS-DY8B,50.0,1000.0,SUJ3038068
5,WS-DY8B,1.0,1.0,S6H2520P
6,WS-DY8B,1.0,1.0,WS-MY8B
4,WSY-DB226,50.0,1000.0,SUJ3038056-44
5,WSY-DB226,1.0,1.0,S5F3822
6,WSY-DB226,1.0,1.0,WSY-MB226
4,WSY-DB230,55.0,1000.0,SUJ3045056
5,WSY-DB230,1.0,1.0,S5F4525
6,WSY-DB230,1.0,1.0,WSY-MB230
4,WSY-DB234,55.0,1000.0,SUJ3045056
5,WSY-DB234,1.0,1.0,S5F4525
6,WSY-DB234,1.0,1.0,WSY-MB234
4,WSY-DB326,55.0,1000.0,SUJ3045056
5,WSY-DB326,1.0,1.0,S5F4525
6,WSY-DB326,1.0,1.0,WSY-MB326
4,WSY-DY1B,35.0,1000.0,SKD11025067
5,WSY-DY1B,1.0,1.0,SKD6G2525
6,WSY-DY1B,1.0,1.0,WSY-MY1B
4,WSY-DY2D,27.0,1000.0,SKD11022067
5,WSY-DY2D,1.0,1.0,SKD6G2222
6,WSY-DY2D,1.0,1.0,WSY-MY2D
4,WSY-DY3C,114.0,1000.0,SKD11032072
5,WSY-DY3C,1.0,1.0,SKD7B3260
6,WSY-DY3C,1.0,1.0,WSY-MY3C
4,WSY-DY3D,104.0,1000.0,SKD11032072
5,WSY-DY3D,1.0,1.0,SKD7B3255
6,WSY-DY3D,1.0,1.0,WSY-MY3D
4,WSY-DY4,67.0,1000.0,SKD11032072
5,WSY-DY4,1.0,1.0,SKD7B3235
6,WSY-DY4,1.0,1.0,WSY-MY4
4,WSY-DY5A,85.0,1000.0,SKD11032072
5,WSY-DY5A,1.0,1.0,SKD7B3245
6,WSY-DY5A,1.0,1.0,WSY-MY5A
4,WSY-DY5C,67.0,1000.0,SKD11032072
5,WSY-DY5C,1.0,1.0,SKD7B3235
6,WSY-DY5C,1.0,1.0,WSY-MY5C
5,WSY-MY3J,78.0,1000.0,SKD11021082
6,WSY-MY3J,1.0,1.0,SKD8B2155
4,WSYN-DB1EA30,110.0,1000.0,SKD11035055
5,WSYN-DB1EA30,1.0,1.0,SKD5E3565
6,WSYN-DB1EA30,1.0,1.0,WSYN-MB1EA30
4,Z3.2S-DY1AA26,45.0,1000.0,SKD11025067
5,Z3.2S-DY1AA26,1.0,1.0,SKD6G2532
6,Z3.2S-DY1AA26,1.0,1.0,Z3.2S-MY1AA26
4,Z3.2S-DY1AA34,45.0,1000.0,SKD11025067
5,Z3.2S-DY1AA34,1.0,1.0,SKD6G2532
6,Z3.2S-DY1AA34,1.0,1.0,Z3.2S-MY1AA34
4,Z3.2S-DY1AA36,45.0,1000.0,SKD11025067
5,Z3.2S-DY1AA36,1.0,1.0,SKD6G2532
6,Z3.2S-DY1AA36,1.0,1.0,Z3.2S-MY1AA36
4,Z3.2S-DY3AA26,45.0,1000.0,SKD11025067
5,Z3.2S-DY3AA26,1.0,1.0,SKD6G2532
6,Z3.2S-DY3AA26,1.0,1.0,Z3.2S-MY1AA26
4,Z3.2S-DY3AA34,45.0,1000.0,SKD11025067
5,Z3.2S-DY3AA34,1.0,1.0,SKD6G2532
6,Z3.2S-DY3AA34,1.0,1.0,Z3.2S-MY1AA34
4,Z3.2S-DY3AA36,45.0,1000.0,SKD11025067
5,Z3.2S-DY3AA36,1.0,1.0,SKD6G2532
6,Z3.2S-DY3AA36,1.0,1.0,Z3.2S-MY1AA36
5,Z3.2S-MY1AA30,45.0,1000.0,SKD11025067
6,Z3.2S-MY1AA30,1.0,1.0,SKD6G2532
5,Z3.2S-MY3AA34,45.0,1000.0,SKD11025067
6,Z3.2S-MY3AA34,1.0,1.0,SKD6G2532
4,Z3.2SS-DY1AA30,45.0,1000.0,SKD11025067
5,Z3.2SS-DY1AA30,1.0,1.0,SKD6G2532
6,Z3.2SS-DY1AA30,1.0,1.0,Z3.2SS-MY1AA30
4,Z3.2SS-DY3AA30,45.0,1000.0,SKD11025067
5,Z3.2SS-DY3AA30,1.0,1.0,SKD6G2532
6,Z3.2SS-DY3AA30,1.0,1.0,Z3.2SS-MY3AA30
5,Z3.2SS-MB1AA30,98.0,1000.0,SKD11040085
6,Z3.2SS-MB1AA30,1.0,1.0,SKD8E4035
4,Z3S-DW2AA22,45.0,1000.0,SKD11025067
5,Z3S-DW2AA22,1.0,1.0,SKD6G2532
6,Z3S-DW2AA22,1.0,1.0,Z3S-MY122
4,Z3S-DW2AA30,45.0,1000.0,SKD11025067
5,Z3S-DW2AA30,1.0,1.0,SKD6G2532
6,Z3S-DW2AA30,1.0,1.0,Z3S-MY1
4,Z3S-DW2AA38,45.0,1000.0,SKD11025067
5,Z3S-DW2AA38,1.0,1.0,SKD6G2532
6,Z3S-DW2AA38,1.0,1.0,Z3S-MY138
4,Z3S-DW2BA48,45.0,1000.0,SKD11025067
5,Z3S-DW2BA48,1.0,1.0,SKD6G2532
6,Z3S-DW2BA48,1.0,1.0,Z3S-MY148
4,Z3S-DY1,45.0,1000.0,SKD11025067
5,Z3S-DY1,1.0,1.0,SKD6G2532
6,Z3S-DY1,1.0,1.0,Z3S-MY1
4,Z3S-DY117,45.0,1000.0,SKD11025067
5,Z3S-DY117,1.0,1.0,SKD6G2532
6,Z3S-DY117,1.0,1.0,Z3S-MY117
4,Z3S-DY119,45.0,1000.0,SKD11025067
5,Z3S-DY119,1.0,1.0,SKD6G2532
6,Z3S-DY119,1.0,1.0,Z3S-MY119
4,Z3S-DY122,45.0,1000.0,SKD11025067
5,Z3S-DY122,1.0,1.0,SKD6G2532
6,Z3S-DY122,1.0,1.0,Z3S-MY122
4,Z3S-DY138,45.0,1000.0,SKD11025067
5,Z3S-DY138,1.0,1.0,SKD6G2532
6,Z3S-DY138,1.0,1.0,Z3S-MY138
4,Z3S-DY148,45.0,1000.0,SKD11025067
5,Z3S-DY148,1.0,1.0,SKD6G2532
6,Z3S-DY148,1.0,1.0,Z3S-MY148
4,Z3S-DY3,45.0,1000.0,SKD11025067
5,Z3S-DY3,1.0,1.0,SKD6G2532
6,Z3S-DY3,1.0,1.0,Z3S-MY1
4,Z3S-DY317,45.0,1000.0,SKD11025067
5,Z3S-DY317,1.0,1.0,SKD6G2532
6,Z3S-DY317,1.0,1.0,Z3S-MY117
4,Z3S-DY319,45.0,1000.0,SKD11025067
5,Z3S-DY319,1.0,1.0,SKD6G2532
6,Z3S-DY319,1.0,1.0,Z3S-MY119
4,Z3S-DY322,45.0,1000.0,SKD11025067
5,Z3S-DY322,1.0,1.0,SKD6G2532
6,Z3S-DY322,1.0,1.0,Z3S-MY122
4,Z3S-DY338,45.0,1000.0,SKD11025067
5,Z3S-DY338,1.0,1.0,SKD6G2532
6,Z3S-DY338,1.0,1.0,Z3S-MY138
4,Z3S-DY3AA48,45.0,1000.0,SKD11025067
5,Z3S-DY3AA48,1.0,1.0,SKD6G2532
6,Z3S-DY3AA48,1.0,1.0,Z3S-MY148
5,Z3S-MB1BA30,98.0,1000.0,SKD11040085
6,Z3S-MB1BA30,1.0,1.0,SKD8E4035
4,Z3SS-DB1AA30,98.0,1000.0,SKD11040085
5,Z3SS-DB1AA30,1.0,1.0,SKD8E4035
6,Z3SS-DB1AA30,1.0,1.0,Z3SS-MB1AA30
4,Z3SS-DY1AA30,45.0,1000.0,SKD11025067
5,Z3SS-DY1AA30,1.0,1.0,SKD6G2532
6,Z3SS-DY1AA30,1.0,1.0,Z3SS-MY1AA30
4,Z3SS-DY1AA38,45.0,1000.0,SKD11025067
5,Z3SS-DY1AA38,1.0,1.0,SKD6G2532
6,Z3SS-DY1AA38,1.0,1.0,Z3SS-MY1AA38
4,Z3SS-DY2AA30,45.0,1000.0,SKD11025067
5,Z3SS-DY2AA30,1.0,1.0,SKD6G2532
6,Z3SS-DY2AA30,1.0,1.0,Z3SS-MY1AA30
4,Z3SS-DY3AA30,45.0,1000.0,SKD11025067
5,Z3SS-DY3AA30,1.0,1.0,SKD6G2532
6,Z3SS-DY3AA30,1.0,1.0,Z3SS-MY1AA30
6,Z4SB-MB1AA30,1.0,1.0,SKD105030
4,Z4S-DB1AD18,104.0,1000.0,SKD11035090
5,Z4S-DB1AD18,1.0,1.0,SKD9Z3540
6,Z4S-DB1AD18,1.0,1.0,Z4S-MB1AD18
4,Z4S-DY1AA14,31.0,1000.0,SKD11022067
5,Z4S-DY1AA14,1.0,1.0,SKD6G2225
6,Z4S-DY1AA14,1.0,1.0,Z4S-MY1AA14
4,Z4S-DY1AA24,31.0,1000.0,SKD11022067
5,Z4S-DY1AA24,1.0,1.0,SKD6G2225
6,Z4S-DY1AA24,1.0,1.0,Z4S-MY1AA24
4,Z4S-DY1AA38,31.0,1000.0,SKD11022067
5,Z4S-DY1AA38,1.0,1.0,SKD6G2225
6,Z4S-DY1AA38,1.0,1.0,Z4S-MY1AA38
4,Z4S-DY3AA14,31.0,1000.0,SKD11022067
5,Z4S-DY3AA14,1.0,1.0,SKD6G2225
6,Z4S-DY3AA14,1.0,1.0,Z4S-MY1AA14
5,Z4S-MY1AA10,31.0,1000.0,SKD11022067
6,Z4S-MY1AA10,1.0,1.0,SKD6G2225
5,Z4S-MY1AA12,31.0,1000.0,SKD11022067
6,Z4S-MY1AA12,1.0,1.0,SKD6G2225
5,Z4S-MY1AA18,31.0,1000.0,SKD11022067
6,Z4S-MY1AA18,1.0,1.0,SKD6G2225
5,Z4S-MY3AA10,31.0,1000.0,SKD11022067
6,Z4S-MY3AA10,1.0,1.0,SKD6G2225
5,Z4S-MY3AA12,31.0,1000.0,SKD11022067
6,Z4S-MY3AA12,1.0,1.0,SKD6G2225
5,Z4S-MY3AA14,31.0,1000.0,SKD11022067
6,Z4S-MY3AA14,1.0,1.0,SKD6G2225
5,Z4S-MY3AA18,31.0,1000.0,SKD11022067
6,Z4S-MY3AA18,1.0,1.0,SKD6G2225
5,Z4S-MY3AA24,31.0,1000.0,SKD11022067
6,Z4S-MY3AA24,1.0,1.0,SKD6G2225
5,Z4S-MY3AA38,31.0,1000.0,SKD11022067
6,Z4S-MY3AA38,1.0,1.0,SKD6G2225
5,ZDF4-MB1AF30,181.0,1000.0,SKD11050085
6,ZDF4-MB1AF30,1.0,1.0,SKD8E5052
5,ZDF4-MB5AA30,148.0,1000.0,SKD11040085
6,ZDF4-MB5AA30,1.0,1.0,SKD8E4053
5,ZDF4-MX0AA30,117.0,1000.0,SKD11035090
6,ZDF4-MX0AA30,1.0,1.0,SKD9Z3545
5,ZDF4-MY7AA30,51.0,1000.0,SKD11022067
6,ZDF4-MY7AA30,1.0,1.0,SKD6G2242
5,ZDF4-MY8AA30,117.0,1000.0,SKD11035090
6,ZDF4-MY8AA30,1.0,1.0,SKD9Z3545
5,ZDF4-MY9AA30,117.0,1000.0,SKD11035090
6,ZDF4-MY9AA30,1.0,1.0,SKD9Z3545
4,ZDF-DB1AE30,148.0,1000.0,SKD11040085
5,ZDF-DB1AE30,1.0,1.0,SKD8E4053
6,ZDF-DB1AE30,1.0,1.0,ZDF-MB1AB30
4,ZDF-DB2AC30,143.0,1000.0,SKD11035090
5,ZDF-DB2AC30,1.0,1.0,SKD9Z3555
6,ZDF-DB2AC30,1.0,1.0,ZDF-MB2AC30
4,ZDF-DB4AA30,105.0,1000.0,SKD11050085
5,ZDF-DB4AA30,1.0,1.0,SKD8E5030
6,ZDF-DB4AA30,1.0,1.0,ZDF-MB4AA30
4,ZDF-DF1AC30,42.0,1000.0,SKD11030085
5,ZDF-DF1AC30,1.0,1.0,SKD8E3020
6,ZDF-DF1AC30,1.0,1.0,ZDF-MF1AC30
4,ZDF-DY1BA30,44.0,1000.0,SKD11027067
5,ZDF-DY1BA30,1.0,1.0,SKD6G2729
6,ZDF-DY1BA30,1.0,1.0,ZDF-MY1BA30
4,ZDF-DY2AB30,45.0,1000.0,SKD11025067
5,ZDF-DY2AB30,1.0,1.0,SKD6G2532
6,ZDF-DY2AB30,1.0,1.0,ZDF-MY2AC30
4,ZDF-DY2BA30,45.0,1000.0,SKD11025067
5,ZDF-DY2BA30,1.0,1.0,SKD6G2532
6,ZDF-DY2BA30,1.0,1.0,ZDF-MY2BA30
4,ZDF-DY3AA30,63.0,1000.0,SKD11030085
5,ZDF-DY3AA30,1.0,1.0,SKD8E3030
6,ZDF-DY3AA30,1.0,1.0,ZDF-MY3AB30
4,ZDF-DY4AA30,84.0,1000.0,SKD11040085
5,ZDF-DY4AA30,1.0,1.0,SKD8E4030
6,ZDF-DY4AA30,1.0,1.0,ZDF-MY4AA30
4,ZDF-DY4AC30,84.0,1000.0,SKD11040085
5,ZDF-DY4AC30,1.0,1.0,SKD8E4030
6,ZDF-DY4AC30,1.0,1.0,ZDF-MY4AC30
4,ZDF-DY4BD30,84.0,1000.0,SKD11040085
5,ZDF-DY4BD30,1.0,1.0,SKD8E4030
6,ZDF-DY4BD30,1.0,1.0,ZDF-MY4BD30
4,ZDF-DY5AC30,68.0,1000.0,SKD11035067
5,ZDF-DY5AC30,1.0,1.0,SKD6G3535
6,ZDF-DY5AC30,1.0,1.0,ZDF-MY5AC30
4,ZDF-DY5BA30,36.0,1000.0,SKD11022067
5,ZDF-DY5BA30,1.0,1.0,SKD6G2230
6,ZDF-DY5BA30,1.0,1.0,ZDF-MY5BA30
4,ZDF-DY5BC30,64.0,1000.0,SKD11040065
5,ZDF-DY5BC30,1.0,1.0,SKD6E4030
6,ZDF-DY5BC30,1.0,1.0,ZDF-MY5BC30
5,ZDF-MB1AE30,148.0,1000.0,SKD11040085
6,ZDF-MB1AE30,1.0,1.0,SKD8E4053
5,ZDF-MB2AB30,143.0,1000.0,SKD11040085
6,ZDF-MB2AB30,1.0,1.0,SKD8E4051
5,ZDF-MB4AA,63.0,1000.0,SKD11030085
6,ZDF-MB4AA,1.0,1.0,SKD8E3030
5,ZDF-MY4AB30,84.0,1000.0,SKD11040085
6,ZDF-MY4AB30,1.0,1.0,SKD8E4030
5,ZDF-MY4BA30,84.0,1000.0,SKD11040085
6,ZDF-MY4BA30,1.0,1.0,SKD8E4030
5,ZDF-MY4BC30,84.0,1000.0,SKD11040085
6,ZDF-MY4BC30,1.0,1.0,SKD8E4030
5,ZDF-MY6AC30,117.0,1000.0,SKD11035090
6,ZDF-MY6AC30,1.0,1.0,SKD9Z3545
4,ZFL-DB1AA30,168.0,1000.0,SKD11050085
5,ZFL-DB1AA30,1.0,1.0,SKD8E5048
6,ZFL-DB1AA30,1.0,1.0,ZFL-MB1AA30
4,ZFL-DF1AB30,77.0,1000.0,SKD11050085
5,ZFL-DF1AB30,1.0,1.0,SKD8E5022
6,ZFL-DF1AB30,1.0,1.0,ZFL-MF1AB30
4,ZFL-DY1AA30,45.0,1000.0,SKD11030070
5,ZFL-DY1AA30,1.0,1.0,SKD7Z3026
6,ZFL-DY1AA30,1.0,1.0,ZFL-MY1AA30
4,ZFL-DY1AB30,45.0,1000.0,SKD11030070
5,ZFL-DY1AB30,1.0,1.0,SKD7Z3026
6,ZFL-DY1AB30,1.0,1.0,ZFL-MY1AB30
4,ZFL-DY2AA30,35.0,1000.0,SKD11030070
5,ZFL-DY2AA30,1.0,1.0,SKD7Z3020
6,ZFL-DY2AA30,1.0,1.0,ZFL-MY2AA30
4,ZFL-DY6AA30,62.0,1000.0,SKD11025067
5,ZFL-DY6AA30,1.0,1.0,SKD6G2545
6,ZFL-DY6AA30,1.0,1.0,ZFL-MY6AA30
4,ZJS-DB1AB32,106.0,1000.0,SKD11040085
5,ZJS-DB1AB32,1.0,1.0,SKD8E4038
6,ZJS-DB1AB32,1.0,1.0,ZJS-MB1AB32
3,ZJS-DB2AA30,106.0,1000.0,SKD11040085
4,ZJS-DB2AA30,1.0,1.0,SKD8E4038
5,ZJS-DB2AA30,1.0,1.0,ZJS-MB1AA26
6,ZJS-DB2AA30,1.0,1.0,ZJS-DB1AA26
4,ZJS-DY1AA26,45.0,1000.0,SKD11025067
5,ZJS-DY1AA26,1.0,1.0,SKD6G2532
6,ZJS-DY1AA26,1.0,1.0,ZJS-MY1AA26
4,ZJS-DY1AA30,48.0,1000.0,SKD11027067
5,ZJS-DY1AA30,1.0,1.0,SKD6G2732
6,ZJS-DY1AA30,1.0,1.0,ZJS-MY1AA30
4,ZJS-DY1AA34,48.0,1000.0,SKD11027067
5,ZJS-DY1AA34,1.0,1.0,SKD6G2732
6,ZJS-DY1AA34,1.0,1.0,ZJS-MY1AA34
4,ZJS-DY2AA26,56.0,1000.0,SKD11030070
5,ZJS-DY2AA26,1.0,1.0,SKD7Z3032
6,ZJS-DY2AA26,1.0,1.0,ZJS-MY2AA26
4,ZJS-DY2AA30,48.0,1000.0,SKD11027067
5,ZJS-DY2AA30,1.0,1.0,SKD6G2732
6,ZJS-DY2AA30,1.0,1.0,ZJS-MY2AA30
4,ZJS-DY2AA34,48.0,1000.0,SKD11027067
5,ZJS-DY2AA34,1.0,1.0,SKD6G2732
6,ZJS-DY2AA34,1.0,1.0,ZJS-MY2AA34
4,ZJS-DZ5AA30,35.0,1000.0,SKD11012050
5,ZJS-DZ5AA30,1.0,1.0,SKD5Z1260
6,ZJS-DZ5AA30,1.0,1.0,ZJS-MZ5AA30
4,ZJS-DZ5AA34,54.0,1000.0,SKD11015067
5,ZJS-DZ5AA34,1.0,1.0,SKD6G1565
6,ZJS-DZ5AA34,1.0,1.0,ZJS-MZ5AA34
5,ZJS-MV2B34,61.0,1000.0,SKD11022067
6,ZJS-MV2B34,1.0,1.0,SKD6G2250
5,ZJS-MZ5AA26,35.0,1000.0,SKD11012050
6,ZJS-MZ5AA26,1.0,1.0,SKD5Z1260
5,ZPL2-MY1AA30,35.0,1000.0,SKD11027067
6,ZPL2-MY1AA30,1.0,1.0,SKD6G2723
4,ZPL4-DY1AA30,31.0,1000.0,SKD11025067
5,ZPL4-DY1AA30,1.0,1.0,SKD6G2522
6,ZPL4-DY1AA30,1.0,1.0,ZPL4-MY1AA30
4,ZPL4-DY1AA34,32.0,1000.0,SKD11025067
5,ZPL4-DY1AA34,1.0,1.0,SKD6G2523
6,ZPL4-DY1AA34,1.0,1.0,ZPL4-MY1AA34
4,ZPL4-DY1EA30,38.0,1000.0,SKD11025067
5,ZPL4-DY1EA30,1.0,1.0,SKD6G2527
6,ZPL4-DY1EA30,1.0,1.0,ZPL4-MY1EA30
4,ZPL4-DY2AB30,53.0,1000.0,SKD11025067
5,ZPL4-DY2AB30,1.0,1.0,SKD6G2538
6,ZPL4-DY2AB30,1.0,1.0,ZPL4-MY2AB30
4,ZPL4-DY2AB34,49.0,1000.0,SKD11025067
5,ZPL4-DY2AB34,1.0,1.0,SKD6G2535
6,ZPL4-DY2AB34,1.0,1.0,ZPL4-MY2AB34
4,ZPL4-DY2BA30,45.0,1000.0,SKD11025067
5,ZPL4-DY2BA30,1.0,1.0,SKD6G2532
6,ZPL4-DY2BA30,1.0,1.0,ZPL4-MY2BA30
4,ZPL4-DY4AA30,53.0,1000.0,SKD11025067
5,ZPL4-DY4AA30,1.0,1.0,SKD6G2538
6,ZPL4-DY4AA30,1.0,1.0,ZPL4-MY4AA30
4,ZPL4-DY4AB30,53.0,1000.0,SKD11025067
5,ZPL4-DY4AB30,1.0,1.0,SKD6G2538
6,ZPL4-DY4AB30,1.0,1.0,ZPL4-MY4AB30
5,ZPL4-MW2BA30,62.0,1000.0,SKD11025067
6,ZPL4-MW2BA30,1.0,1.0,SKD6G2545
5,ZPL4-MX2BA30,38.0,1000.0,SKD11025067
6,ZPL4-MX2BA30,1.0,1.0,SKD6G2527
5,ZPL4-MY1EA34,36.0,1000.0,SKD11025067
6,ZPL4-MY1EA34,1.0,1.0,SKD6G2526
5,ZPL4-MY2BA34,45.0,1000.0,SKD11025067
6,ZPL4-MY2BA34,1.0,1.0,SKD6G2532
4,ZPL-DB1AB30,206.0,1000.0,SKD11050085
5,ZPL-DB1AB30,1.0,1.0,SKD8E5059
6,ZPL-DB1AB30,1.0,1.0,ZPL-MB1AB30
4,ZPL-DF1AB30,63.0,1000.0,SKD11050085
5,ZPL-DF1AB30,1.0,1.0,SKD8E5018
6,ZPL-DF1AB30,1.0,1.0,ZPL-MF1AB30
4,ZPL-DY1AB30,45.0,1000.0,SKD11025067
5,ZPL-DY1AB30,1.0,1.0,SKD6G2532
6,ZPL-DY1AB30,1.0,1.0,ZPL-MY1AB30
4,ZPL-DY1AB32,45.0,1000.0,SKD11025067
5,ZPL-DY1AB32,1.0,1.0,SKD6G2532
6,ZPL-DY1AB32,1.0,1.0,ZPL-MY1AB32
4,ZPL-DY2AA30,78.0,1000.0,SKD11035090
5,ZPL-DY2AA30,1.0,1.0,SKD9Z3530
6,ZPL-DY2AA30,1.0,1.0,ZPL-MY2AA30
4,ZPL-DY2AA32,59.0,1000.0,SKD11029082
5,ZPL-DY2AA32,1.0,1.0,SKD8B2930
6,ZPL-DY2AA32,1.0,1.0,ZPL-MY2AA32
4,ZPL-DY2AB34,78.0,1000.0,SKD11035090
5,ZPL-DY2AB34,1.0,1.0,SKD9Z3530
6,ZPL-DY2AB34,1.0,1.0,ZPL-MY2AB34
4,ZPL-DY4AA30,117.0,1000.0,SKD11035090
5,ZPL-DY4AA30,1.0,1.0,SKD9Z3545
6,ZPL-DY4AA30,1.0,1.0,ZPL-MY4AA30
5,ZPL-DY5AA30,117.0,1000.0,SKD11035090
6,ZPL-DY5AA30,1.0,1.0,SKD9Z3545
4,ZPL-DY5CA30,45.0,1000.0,SKD11025067
5,ZPL-DY5CA30,1.0,1.0,SKD6G2532
6,ZPL-DY5CA30,1.0,1.0,ZPL-MY5CA30
5,5142-512AA44-M1,51.0,1000.0,SKD11022067
6,5142-512AA44-M1,1.0,1.0,SKD6G2242
6,SKD6.15X75X160,660.0,1000.0,SKD11075067
6,SKD6G25145,200.0,1000.0,SKD11025067
6,SKD6G25145-CUT-ONLY,200.0,1000.0,SKD11025067
6,S3.2P-MB2AA30-SPOT,1.0,1.0,SKD105020
6,SKD8.0X40X405,1132.0,1000.0,SKD11040085
6,SKD7.5X50X35,121.0,1000.0,SKD11050085
6,NC-3538-541AA30,97.0,1000.0,SKD11022067
6,NC-3153-611AA30-KY-TEMP3,108.0,1000.0,SKD11040082
6,NC-3153-611AA30-KY-TEMP4,108.0,1000.0,SKD11040082
6,NC-3153-611AA30-KY-TEMP5,108.0,1000.0,SKD11040082
6,SKD6.8X32X405,770.0,1000.0,SKD11032072
6,SKD6G4732-CUT-ONLY,83.0,1000.0,SKD11047067
5,3106-5$$30-M1,121.0,1000.0,SKD11050085
6,3106-5$$30-M1,1.0,1.0,SKD8E5035
6,SKD4.9X40X97,181.0,1000.0,SKD11040057
5,3106-5$$-M1,121.0,1000.0,SKD11050085
6,3106-5$$-M1,1.0,1.0,SKD8E5035
6,NC-B336-541AA34-HORITEC,61.0,1000.0,SKD11018067
6,NC-B336-541AA38-HORITEC,61.0,1000.0,SKD11018067
5,13-418B,90.0,1000.0,SKD11-16X16-R-STOCK
6,13-418B,1.0,1.0,MC-13-418B
6,NC-3153-611AA30-KY-TEMP6,108.0,1000.0,SKD11040082
6,NC-3153-611AA30-KY-TEMP7,108.0,1000.0,SKD11040082
6,NC-3153-611AA30-KY-TEMP8,111.0,1000.0,SKD11040085
6,NC-3636-541AA34,78.0,1000.0,SKD11022067
6,3554-611AA30-M1-MOMI-MADE,1.0,1.0,SKD105044
5,6104-621AA38-M1,140.0,1000.0,SKD11047067
6,6104-621AA38-M1,1.0,1.0,SKD6G4754
5,6210-621AA34-M1,140.0,1000.0,SKD11047067
6,6210-621AA34-M1,1.0,1.0,SKD6G4754
5,6105-621AA30-M1,104.0,1000.0,SKD11047067
6,6105-621AA30-M1,1.0,1.0,SKD6G4740
6,3538-541AA30-M1,97.0,1000.0,SKD11022067
5,5517-514AA30-M1,93.0,1000.0,SKD11030070
6,5517-514AA30-M1,1.0,1.0,SKD7Z3054
6,NC-3153-611AA30-KY-TEMP10,111.0,1000.0,SKD11040085
6,NC-3153-611AA30-KY-TEMP11,111.0,1000.0,SKD11040085
6,NC-3153-611AA30-KY-TEMP12,111.0,1000.0,SKD11040085
6,NC-3153-611AA30-KY-TEMP13,111.0,1000.0,SKD11040085
6,NC-3153-611AA30-KY-TEMP9,111.0,1000.0,SKD11040085
6,SKD6G2528-CUT-ONLY-KY-TE1,40.0,1000.0,SKD11025067
6,4115-611AA30-M1,1.0,1.0,SKD105029
6,SKD6G75160-CUT-ONLY,660.0,1000.0,SKD11075067
6,SKD6G3550-CUT-ONLY,97.0,1000.0,SKD11035067
5,B336-513AA343842-M2,67.0,1000.0,SKD11027067
6,B336-513AA343842-M2,1.0,1.0,SKD6G2745
5,B336-513AA36-M2,70.0,1000.0,SKD11027067
6,B336-513AA36-M2,1.0,1.0,SKD6G2747
6,NC-3554-505AA30,28.0,1000.0,SKD11012050
6,NC-3153-611AA30-KY-TEMP14,111.0,1000.0,SKD11040085
6,NC-3153-611AA30-KY-TEMP15,111.0,1000.0,SKD11040085
6,SKD6G2532-CUT-ONLY-KY-TE1,45.0,1000.0,SKD11025067
6,3154-611BB22-M1,1.0,1.0,SKD105029
5,631-63130-M1,169.0,1000.0,SKD11030070
6,631-63130-M1,1.0,1.0,SKD7Z3098
6,SKD6G2232-CUT-ONLY-KY-TE1,38.0,1000.0,SKD11022067
6,SKD8B2135-CUT-ONLY-KY-TE1,50.0,1000.0,SKD11021082
5,352B-513AC33-M1,61.0,1000.0,SKD11027067
6,352B-513AC33-M1,1.0,1.0,SKD6G2741
5,352B-514AC33-M1,66.0,1000.0,SKD11030070
6,352B-514AC33-M1,1.0,1.0,SKD7Z3038
5,6105-621AA38-M1,114.0,1000.0,SKD11047067
6,6105-621AA38-M1,1.0,1.0,SKD6G4744
5,3538-569AB34-M1,47.0,1000.0,SKD11030085
6,3538-569AB34-M1,1.0,1.0,SKD8E3022
5,3538-569BB34-M1,42.0,1000.0,SKD11030085
6,3538-569BB34-M1,1.0,1.0,SKD8E3020
5,3538-569AB30-M1,47.0,1000.0,SKD11030085
6,3538-569AB30-M1,1.0,1.0,SKD8E3022
5,3538-569BB30-M1,42.0,1000.0,SKD11030085
6,3538-569BB30-M1,1.0,1.0,SKD8E3020
5,4109-513AA30-M1-XDF,21.0,1000.0,SKD11025067
6,4109-513AA30-M1-XDF,1.0,1.0,SKD6G2515
6,4109-611AA30-M1-XDF,1.0,1.0,SKD105037
5,5170-611AA30-M1,94.0,1000.0,SKD11035065
6,5170-611AA30-M1,1.0,1.0,SKD6E3550
6,SKD3.5X40X97,180.0,1000.0,SKD11040057
5,B336-513AB34-M1,67.0,1000.0,SKD11027067
6,B336-513AB34-M1,1.0,1.0,SKD6G2745
5,B336-513AB36-M1,70.0,1000.0,SKD11027067
6,B336-513AB36-M1,1.0,1.0,SKD6G2747
5,748-611AA30-M1-XDF,181.0,1000.0,SKD11050085
6,748-611AA30-M1-XDF,1.0,1.0,SKD8E5052
5,6105-622AB36-M2,114.0,1000.0,SKD11047067
6,6105-622AB36-M2,1.0,1.0,SKD6G4744
5,6105-622AB38-M2,114.0,1000.0,SKD11047067
6,6105-622AB38-M2,1.0,1.0,SKD6G4744
5,6105-622AB42-M2,114.0,1000.0,SKD11047067
6,6105-622AB42-M2,1.0,1.0,SKD6G4744
5,478-624AA30-M1-XDF,38.0,1000.0,SKD11025055
6,478-624AA30-M1-XDF,1.0,1.0,SKD5E2532
6,4115-617AA2630-M1,1.0,1.0,SKD105056
6,4115-617AA32-M1,1.0,1.0,SKD105054
6,4115-618AA263032-M1,1.0,1.0,SKD105040
5,3538-570AA30-M1-XDF,42.0,1000.0,SKD11030085
6,3538-570AA30-M1-XDF,1.0,1.0,SKD8E3020
5,B336-513AB34-M1-XDF,67.0,1000.0,SKD11027067
6,B336-513AB34-M1-XDF,1.0,1.0,SKD6G2745
5,3636-570BD30-M1-XDF,80.0,1000.0,SKD11030085
6,3636-570BD30-M1-XDF,1.0,1.0,SKD8E3038
5,5520-570BB38-M1-XDF,63.0,1000.0,SKD11030085
6,5520-570BB38-M1-XDF,1.0,1.0,SKD8E3030
5,5529-570AA38-M1-XDF,78.0,1000.0,SKD11029082
6,5529-570AA38-M1-XDF,1.0,1.0,SKD8B2940
5,6105-570AA42-M1-XDF,113.0,1000.0,SKD11030085
6,6105-570AA42-M1-XDF,1.0,1.0,SKD8E3053
5,6210-570AA34-M1-XDF,63.0,1000.0,SKD11030085
6,6210-570AA34-M1-XDF,1.0,1.0,SKD8E3030
5,6105-511AA36-M1,24.0,1000.0,SKD11025067
6,6105-511AA36-M1,1.0,1.0,SKD6G2518
5,6105-611AA30-M1,24.0,1000.0,SKD11025067
6,6105-611AA30-M1,1.0,1.0,SKD6G2518
5,6105-611AA38-M1-XDF,24.0,1000.0,SKD11025067
6,6105-611AA38-M1-XDF,1.0,1.0,SKD6G2518
5,3638-570AA26-M1-XDF,47.0,1000.0,SKD11030085
6,3638-570AA26-M1-XDF,1.0,1.0,SKD8E3022
6,NC-3139-611AA30-KY-TEMP1,108.0,1000.0,SKD11040082
6,NC-3139-611AA30-KY-TEMP10,111.0,1000.0,SKD11040085
6,NC-3139-611AA30-KY-TEMP11,111.0,1000.0,SKD11040085
6,NC-3139-611AA30-KY-TEMP2,108.0,1000.0,SKD11040082
6,NC-3139-611AA30-KY-TEMP3,108.0,1000.0,SKD11040082
6,NC-3139-611AA30-KY-TEMP4,111.0,1000.0,SKD11040085
6,NC-3139-611AA30-KY-TEMP5,111.0,1000.0,SKD11040085
6,NC-3139-611AA30-KY-TEMP6,111.0,1000.0,SKD11040085
6,NC-3139-611AA30-KY-TEMP7,111.0,1000.0,SKD11040085
6,NC-3139-611AA30-KY-TEMP8,111.0,1000.0,SKD11040085
6,NC-3139-611AA30-KY-TEMP9,111.0,1000.0,SKD11040085
5,NC-3662-505AA34,41.0,1000.0,SKD11012050
6,NC-3662-505AA34,1.0,1.0,SKD5Z1270
6,SKD6.15X40X400,900.0,1000.0,SKD11040065
6,SKD7B3234-CUT-ONLY,65.0,1000.0,SKD11032072
6,SKD7B3234-CUT-ONLY-TEMP1,65.0,1000.0,SKD11032072
5,3538-511AA30-M1,21.0,1000.0,SKD11025067
6,3538-511AA30-M1,1.0,1.0,SKD6G2515
5,474-531DA33-M1,28.0,1000.0,SKD11025055
6,474-531DA33-M1,1.0,1.0,SKD5E2522
5,SPL-1123-M1,69.0,1000.0,SKD11030070
6,SPL-1123-M1,1.0,1.0,SKD7Z3040
5,3662-570BA34-M1,53.0,1000.0,SKD11030085
6,3662-570BA34-M1,1.0,1.0,SKD8E3025
6,NC-3139-611AA36-KY-TEMP1,108.0,1000.0,SKD11040082
6,NC-3139-611AA38-KY-TEMP1,108.0,1000.0,SKD11040082
6,SKD6G27151-CUT-ONLY,225.0,1000.0,SKD11027067
5,3652-570AA30-M1-XDF,63.0,1000.0,SKD11030085
6,3652-570AA30-M1-XDF,1.0,1.0,SKD8E3030
5,5142-511AA36-M1,51.0,1000.0,SKD11025055
6,5142-511AA36-M1,1.0,1.0,SKD5E2545
5,5142-512AA36-M1,51.0,1000.0,SKD11022067
6,5142-512AA36-M1,1.0,1.0,SKD6G2242
5,3662-514AB34-M1,76.0,1000.0,SKD11032072
6,3662-514AB34-M1,1.0,1.0,SKD7B3240
5,3326-511AA30-M1,24.0,1000.0,SKD11025067
6,3326-511AA30-M1,1.0,1.0,SKD6G2518
5,3326-611AA30-M1,147.0,1000.0,SKD11050085
6,3326-611AA30-M1,1.0,1.0,SKD8E5042
5,LDR-MY1-KY-COOP,51.0,1000.0,SKD11025055
6,LDR-MY1-KY-COOP,1.0,1.0,SKD5E2545
5,LDR-MY2S2V-KY-COOP,62.0,1000.0,SKD11025067
6,LDR-MY2S2V-KY-COOP,1.0,1.0,SKD6G2545
6,3662-611AA30-M1,1.0,1.0,SKD105048
5,3662-621AA30-M1,100.0,1000.0,SKD11035065
6,3662-621AA30-M1,1.0,1.0,SKD6E3553
6,SKD6E3553,100.0,1000.0,SKD11035065
6,SKD6E3553-CUT-ONLY,100.0,1000.0,SKD11035065
6,SKD6G1852,52.0,1000.0,SKD11018067
6,SKD6G1852-CUT-ONLY,52.0,1000.0,SKD11018067
6,SKD6G2585,118.0,1000.0,SKD11025067
6,SKD6G2585-CUT-ONLY,118.0,1000.0,SKD11025067
5,5108-512AA30-M1-XDF,24.0,1000.0,SKD11022067
6,5108-512AA30-M1-XDF,1.0,1.0,SKD6G2218
5,5108-611AA30-M1-XDF,38.0,1000.0,SKD11025055
6,5108-611AA30-M1-XDF,1.0,1.0,SKD5E2532
5,5108-615AA30-M1-XDF,28.0,1000.0,SKD11025067
6,5108-615AA30-M1-XDF,1.0,1.0,SKD6G2520
5,59-613BS2-M1-XREAMER,56.0,1000.0,SKD11040065
6,59-613BS2-M1-XREAMER,1.0,1.0,SKD6E4026
5,59-614BS2-M1-XREAMER,31.0,1000.0,SKD11035065
6,59-614BS2-M1-XREAMER,1.0,1.0,SKD6E3525
6,NC-3139-611AA26-KY-TEMP1,108.0,1000.0,SKD11040082
6,NC-3139-611AA26-KY-TEMP10,111.0,1000.0,SKD11040085
6,NC-3139-611AA26-KY-TEMP11,111.0,1000.0,SKD11040085
6,NC-3139-611AA26-KY-TEMP2,111.0,1000.0,SKD11040085
6,NC-3139-611AA26-KY-TEMP3,111.0,1000.0,SKD11040085
6,NC-3139-611AA26-KY-TEMP4,111.0,1000.0,SKD11040085
6,NC-3139-611AA26-KY-TEMP5,111.0,1000.0,SKD11040085
6,NC-3139-611AA26-KY-TEMP6,111.0,1000.0,SKD11040085
6,NC-3139-611AA26-KY-TEMP7,111.0,1000.0,SKD11040085
6,NC-3139-611AA26-KY-TEMP8,111.0,1000.0,SKD11040085
6,NC-3139-611AA26-KY-TEMP9,111.0,1000.0,SKD11040085
6,NC-3139-611AA32-KY-TEMP1,108.0,1000.0,SKD11040082
6,NC-3139-611AA32-KY-TEMP10,111.0,1000.0,SKD11040085
6,NC-3139-611AA32-KY-TEMP11,111.0,1000.0,SKD11040085
6,NC-3139-611AA32-KY-TEMP2,111.0,1000.0,SKD11040085
6,NC-3139-611AA32-KY-TEMP3,111.0,1000.0,SKD11040085
6,NC-3139-611AA32-KY-TEMP4,111.0,1000.0,SKD11040085
6,NC-3139-611AA32-KY-TEMP5,111.0,1000.0,SKD11040085
6,NC-3139-611AA32-KY-TEMP6,111.0,1000.0,SKD11040085
6,NC-3139-611AA32-KY-TEMP7,111.0,1000.0,SKD11040085
6,NC-3139-611AA32-KY-TEMP8,111.0,1000.0,SKD11040085
6,NC-3139-611AA32-KY-TEMP9,111.0,1000.0,SKD11040085
6,NC-3139-611AA34-KY-TEMP1,108.0,1000.0,SKD11040082
6,NC-3139-611AA34-KY-TEMP10,111.0,1000.0,SKD11040085
6,NC-3139-611AA34-KY-TEMP11,111.0,1000.0,SKD11040085
6,NC-3139-611AA34-KY-TEMP2,108.0,1000.0,SKD11040082
6,NC-3139-611AA34-KY-TEMP3,111.0,1000.0,SKD11040085
6,NC-3139-611AA34-KY-TEMP4,111.0,1000.0,SKD11040085
6,NC-3139-611AA34-KY-TEMP5,111.0,1000.0,SKD11040085
6,NC-3139-611AA34-KY-TEMP6,111.0,1000.0,SKD11040085
6,NC-3139-611AA34-KY-TEMP7,111.0,1000.0,SKD11040085
6,NC-3139-611AA34-KY-TEMP8,111.0,1000.0,SKD11040085
6,NC-3139-611AA34-KY-TEMP9,111.0,1000.0,SKD11040085
6,NC-3139-611AA36-KY-TEMP10,111.0,1000.0,SKD11040085
6,NC-3139-611AA36-KY-TEMP11,111.0,1000.0,SKD11040085
6,NC-3139-611AA36-KY-TEMP2,108.0,1000.0,SKD11040082
6,NC-3139-611AA36-KY-TEMP3,108.0,1000.0,SKD11040082
6,NC-3139-611AA36-KY-TEMP4,111.0,1000.0,SKD11040085
6,NC-3139-611AA36-KY-TEMP5,111.0,1000.0,SKD11040085
6,NC-3139-611AA36-KY-TEMP6,111.0,1000.0,SKD11040085
6,NC-3139-611AA36-KY-TEMP7,111.0,1000.0,SKD11040085
6,NC-3139-611AA36-KY-TEMP8,111.0,1000.0,SKD11040085
6,NC-3139-611AA36-KY-TEMP9,111.0,1000.0,SKD11040085
6,NC-3139-611AA38-KY-TEMP10,111.0,1000.0,SKD11040085
6,NC-3139-611AA38-KY-TEMP11,111.0,1000.0,SKD11040085
6,NC-3139-611AA38-KY-TEMP2,108.0,1000.0,SKD11040082
6,NC-3139-611AA38-KY-TEMP3,108.0,1000.0,SKD11040082
6,NC-3139-611AA38-KY-TEMP4,111.0,1000.0,SKD11040085
6,NC-3139-611AA38-KY-TEMP5,111.0,1000.0,SKD11040085
6,NC-3139-611AA38-KY-TEMP6,111.0,1000.0,SKD11040085
6,NC-3139-611AA38-KY-TEMP7,111.0,1000.0,SKD11040085
6,NC-3139-611AA38-KY-TEMP8,111.0,1000.0,SKD11040085
6,NC-3139-611AA38-KY-TEMP9,111.0,1000.0,SKD11040085
6,NC-3153-611AA34-KY-TEMP1,111.0,1000.0,SKD11040085
6,NC-3153-611AA34-KY-TEMP10,111.0,1000.0,SKD11040085
6,NC-3153-611AA34-KY-TEMP11,111.0,1000.0,SKD11040085
6,NC-3153-611AA34-KY-TEMP12,111.0,1000.0,SKD11040085
6,NC-3153-611AA34-KY-TEMP13,111.0,1000.0,SKD11040085
6,NC-3153-611AA34-KY-TEMP14,111.0,1000.0,SKD11040085
6,NC-3153-611AA34-KY-TEMP15,111.0,1000.0,SKD11040085
6,NC-3153-611AA34-KY-TEMP2,111.0,1000.0,SKD11040085
6,NC-3153-611AA34-KY-TEMP3,111.0,1000.0,SKD11040085
6,NC-3153-611AA34-KY-TEMP4,111.0,1000.0,SKD11040085
6,NC-3153-611AA34-KY-TEMP5,111.0,1000.0,SKD11040085
6,NC-3153-611AA34-KY-TEMP6,111.0,1000.0,SKD11040085
6,NC-3153-611AA34-KY-TEMP7,111.0,1000.0,SKD11040085
6,NC-3153-611AA34-KY-TEMP8,111.0,1000.0,SKD11040085
6,NC-3153-611AA34-KY-TEMP9,111.0,1000.0,SKD11040085
6,SKD6G27160,239.0,1000.0,SKD11027067
6,SKD6G27160-CUT-ONLY,239.0,1000.0,SKD11027067
6,SKD6G27180,269.0,1000.0,SKD11027067
6,SKD6G27180-CUT-ONLY,269.0,1000.0,SKD11027067
5,3237-611AA34-M1-XREAMER,168.0,1000.0,SKD11047067
6,3237-611AA34-M1-XREAMER,1.0,1.0,SKD6G4765
5,3238-511BA-M2,24.0,1000.0,SKD11025067
6,3238-511BA-M2,1.0,1.0,SKD6G2518
6,SKD4.5X40X97,180.0,1000.0,SKD11040057
6,SKD6.5X50X400,1104.0,1000.0,SKD11050067
5,5540-570AA38-M1,68.0,1000.0,SKD11030085
6,5540-570AA38-M1,1.0,1.0,SKD8E3032
6,SKD8E3032-CUT-ONLY,68.0,1000.0,SKD11030085
5,5142-511AA36-M2,51.0,1000.0,SKD11025055
6,5142-511AA36-M2,1.0,1.0,SKD5E2545
5,5142-511AA40-M2,51.0,1000.0,SKD11025055
6,5142-511AA40-M2,1.0,1.0,SKD5E2545
5,5142-511AA42-M2,51.0,1000.0,SKD11025055
6,5142-511AA42-M2,1.0,1.0,SKD5E2545
5,5142-511AA44-M2,51.0,1000.0,SKD11025055
6,5142-511AA44-M2,1.0,1.0,SKD5E2545
5,5142-512AA36-M2,51.0,1000.0,SKD11022067
6,5142-512AA36-M2,1.0,1.0,SKD6G2242
5,5142-512AA40-M2,51.0,1000.0,SKD11022067
6,5142-512AA40-M2,1.0,1.0,SKD6G2242
5,5142-512AA42-M2,51.0,1000.0,SKD11022067
6,5142-512AA42-M2,1.0,1.0,SKD6G2242
5,5142-512AA44-M2,51.0,1000.0,SKD11022067
6,5142-512AA44-M2,1.0,1.0,SKD6G2242
5,59-611-M1-XDF,19.0,1000.0,SKD11035065
6,59-611-M1-XDF,1.0,1.0,SKD6E3515
5,59-612-M1-XDF,19.0,1000.0,SKD11035065
6,59-612-M1-XDF,1.0,1.0,SKD6E3515
5,59-614BS2-M1-XDF,31.0,1000.0,SKD11035065
6,59-614BS2-M1-XDF,1.0,1.0,SKD6E3525
5,LDR-MB1,29.0,1000.0,SKD11035067
6,LDR-MB1,1.0,1.0,SKD6G3515
5,LDR-MB2,19.0,1000.0,SKD11035065
6,LDR-MB2,1.0,1.0,SKD6E3515
6,SKD6.0X35X45,87.0,1000.0,SKD11035067
6,SKD6.7X32X38,73.0,1000.0,SKD11032072
6,SKD6.0X35X48,93.0,1000.0,SKD11035067
6,SKD6.0X35X65,125.0,1000.0,SKD11035067
6,SKD7.0X40X400,1110.0,1000.0,SKD11040085
6,NC-3145-611AA30-KY-TEMP1,111.0,1000.0,SKD11040085
6,NC-3145-611AA30-KY-TEMP2,111.0,1000.0,SKD11040085
6,NC-3145-611AA30-KY-TEMP3,111.0,1000.0,SKD11040085
6,NC-3145-611AA30-KY-TEMP4,111.0,1000.0,SKD11040085
6,NC-3145-611AA30-KY-TEMP5,111.0,1000.0,SKD11040085
6,NC-3145-611AA32-KY-TEMP1,111.0,1000.0,SKD11040085
6,NC-3145-611AA32-KY-TEMP2,111.0,1000.0,SKD11040085
6,NC-3145-611AA32-KY-TEMP3,111.0,1000.0,SKD11040085
6,NC-3145-611AA32-KY-TEMP4,111.0,1000.0,SKD11040085
6,NC-3145-611AA32-KY-TEMP5,111.0,1000.0,SKD11040085
6,NC-3145-611AA34-KY-TEMP1,111.0,1000.0,SKD11040085
6,NC-3145-611AA34-KY-TEMP2,111.0,1000.0,SKD11040085
6,NC-3145-611AA34-KY-TEMP3,111.0,1000.0,SKD11040085
6,NC-3145-611AA34-KY-TEMP4,111.0,1000.0,SKD11040085
6,NC-3145-611AA34-KY-TEMP5,111.0,1000.0,SKD11040085
5,335-511AA33-M1-XDF,27.0,1000.0,SKD11025067
6,335-511AA33-M1-XDF,1.0,1.0,SKD6G2519
5,335-514BB33-M1-XDF,78.0,1000.0,SKD11030070
6,335-514BB33-M1-XDF,1.0,1.0,SKD7Z3045
5,59-613BS2-M1-XDF,56.0,1000.0,SKD11040065
6,59-613BS2-M1-XDF,1.0,1.0,SKD6E4026
5,479-511AA30-M1-XDF,26.0,1000.0,SKD11025055
6,479-511AA30-M1-XDF,1.0,1.0,SKD5E2520
5,5142-613AA33-M1-SQUARE,55.0,1000.0,SKD11029082
6,5142-613AA33-M1-SQUARE,1.0,1.0,SKD8B2928-CUT-ONLY
5,5142-615AA33-M1-SQUARE,78.0,1000.0,SKD11029082
6,5142-615AA33-M1-SQUARE,1.0,1.0,SKD8B2940-CUT-ONLY
5,479-512AA30-M1-XDF,45.0,1000.0,SKD11025067
6,479-512AA30-M1-XDF,1.0,1.0,SKD6G2532
5,5540-570AA38-M1-XDF,68.0,1000.0,SKD11030085
6,5540-570AA38-M1-XDF,1.0,1.0,SKD8E3032
6,SKD4.8X25X35,41.0,1000.0,SKD11025055
6,SKD6.7X32X46,89.0,1000.0,SKD11032072
6,SKD6.7X40X65,188.0,1000.0,SKD11040085
5,474-531SA34-M1-XDF,26.0,1000.0,SKD11025055
6,474-531SA34-M1-XDF,1.0,1.0,SKD5E2520
5,3237-611AB34-M1,168.0,1000.0,SKD11047067
6,3237-611AB34-M1,1.0,1.0,SKD6G4765
5,3662-621AA34-M1-XDF,93.0,1000.0,SKD11030070
6,3662-621AA34-M1-XDF,1.0,1.0,SKD7Z3054
5,3662-631AA34-M1-XDF,69.0,1000.0,SKD11025067
6,3662-631AA34-M1-XDF,1.0,1.0,SKD6G2550
5,479-511JA30-M1,26.0,1000.0,SKD11025055
6,479-511JA30-M1,1.0,1.0,SKD5E2520
5,3638-569AB26-M1-XDF,53.0,1000.0,SKD11030085
6,3638-569AB26-M1-XDF,1.0,1.0,SKD8E3025
5,5540-569AA38-M1-XDF,91.0,1000.0,SKD11035090
6,5540-569AA38-M1-XDF,1.0,1.0,SKD9Z3535
6,SKD9Z3535,91.0,1000.0,SKD11035090
6,SKD9Z3535-CUT-ONLY,91.0,1000.0,SKD11035090
5,V8ER-MB9AA30-KY-COOP,63.0,1000.0,SKD11021082
6,V8ER-MB9AA30-KY-COOP,1.0,1.0,SKD8B2144
5,3638-569AB26-M1,53.0,1000.0,SKD11030085
6,3638-569AB26-M1,1.0,1.0,SKD8E3025
5,5540-569AA38-M1,91.0,1000.0,SKD11035090
6,5540-569AA38-M1,1.0,1.0,SKD9Z3535
6,SKD5.8X35X55,106.0,1000.0,SKD11035067
6,SKD5.95X25X48,66.0,1000.0,SKD11025067
6,SKD6.7X32X45,85.0,1000.0,SKD11032072
5,3636-569AD30-M1,91.0,1000.0,SKD11035090
6,3636-569AD30-M1,1.0,1.0,SKD9Z3535
5,3650-611AB30-M1,168.0,1000.0,SKD11047067
6,3650-611AB30-M1,1.0,1.0,SKD6G4765
5,479-611AA30-M1-XDF,24.0,1000.0,SKD11025067
6,479-611AA30-M1-XDF,1.0,1.0,SKD6G2518
5,5142-511AA38-M1-MIZO+HOLE,51.0,1000.0,SKD11025055
6,5142-511AA38-M1-MIZO+HOLE,1.0,1.0,SKD5E2545
6,SKD6.0X47X44,114.0,1000.0,SKD11047067
6,SKD7.75X50X35,121.0,1000.0,SKD11050085
6,SKD6.0X35X32,60.0,1000.0,SKD11035067
5,5170-613AA30-M1,95.0,1000.0,SKD11032072
6,5170-613AA30-M1,1.0,1.0,SKD7B3250
5,5141-611AA36-M1-XDF,21.0,1000.0,SKD11025067
6,5141-611AA36-M1-XDF,1.0,1.0,SKD6G2515
5,3239-514AA26-M1,108.0,1000.0,SKD11029082
6,3239-514AA26-M1,1.0,1.0,SKD8B2955
5,3239-514AA26-M1-XDF,108.0,1000.0,SKD11029082
6,3239-514AA26-M1-XDF,1.0,1.0,SKD8B2955
6,NC-3139-611AA26-KY-TEMP12,111.0,1000.0,SKD11040085
6,NC-3139-611AA26-KY-TEMP13,111.0,1000.0,SKD11040085
6,NC-3139-611AA26-KY-TEMP14,111.0,1000.0,SKD11040085
6,NC-3139-611AA26-KY-TEMP15,111.0,1000.0,SKD11040085
6,NC-3139-611AA30-KY-TEMP12,111.0,1000.0,SKD11040085
6,NC-3139-611AA30-KY-TEMP13,111.0,1000.0,SKD11040085
6,NC-3139-611AA30-KY-TEMP14,111.0,1000.0,SKD11040085
6,NC-3139-611AA30-KY-TEMP15,111.0,1000.0,SKD11040085
6,NC-3139-611AA32-KY-TEMP12,111.0,1000.0,SKD11040085
6,NC-3139-611AA32-KY-TEMP13,111.0,1000.0,SKD11040085
6,NC-3139-611AA32-KY-TEMP14,111.0,1000.0,SKD11040085
6,NC-3139-611AA32-KY-TEMP15,111.0,1000.0,SKD11040085
6,NC-3139-611AA34-KY-TEMP12,111.0,1000.0,SKD11040085
6,NC-3139-611AA34-KY-TEMP13,111.0,1000.0,SKD11040085
6,NC-3139-611AA34-KY-TEMP14,111.0,1000.0,SKD11040085
6,NC-3139-611AA34-KY-TEMP15,111.0,1000.0,SKD11040085
6,NC-3139-611AA36-KY-TEMP12,111.0,1000.0,SKD11040085
6,NC-3139-611AA36-KY-TEMP13,111.0,1000.0,SKD11040085
6,NC-3139-611AA36-KY-TEMP14,111.0,1000.0,SKD11040085
6,NC-3139-611AA36-KY-TEMP15,111.0,1000.0,SKD11040085
6,NC-3139-611AA38-KY-TEMP12,111.0,1000.0,SKD11040085
6,NC-3139-611AA38-KY-TEMP13,111.0,1000.0,SKD11040085
6,NC-3139-611AA38-KY-TEMP14,111.0,1000.0,SKD11040085
6,NC-3139-611AA38-KY-TEMP15,111.0,1000.0,SKD11040085
6,NC-3145-611AA30-KY-TEMP10,111.0,1000.0,SKD11040085
6,NC-3145-611AA30-KY-TEMP6,111.0,1000.0,SKD11040085
6,NC-3145-611AA30-KY-TEMP7,111.0,1000.0,SKD11040085
6,NC-3145-611AA30-KY-TEMP8,111.0,1000.0,SKD11040085
6,NC-3145-611AA30-KY-TEMP9,111.0,1000.0,SKD11040085
6,NC-3145-611AA32-KY-TEMP10,111.0,1000.0,SKD11040085
6,NC-3145-611AA32-KY-TEMP6,111.0,1000.0,SKD11040085
6,NC-3145-611AA32-KY-TEMP7,111.0,1000.0,SKD11040085
6,NC-3145-611AA32-KY-TEMP8,111.0,1000.0,SKD11040085
6,NC-3145-611AA32-KY-TEMP9,111.0,1000.0,SKD11040085
6,NC-3145-611AA34-KY-TEMP10,111.0,1000.0,SKD11040085
6,NC-3145-611AA34-KY-TEMP6,111.0,1000.0,SKD11040085
6,NC-3145-611AA34-KY-TEMP7,111.0,1000.0,SKD11040085
6,NC-3145-611AA34-KY-TEMP8,111.0,1000.0,SKD11040085
6,NC-3145-611AA34-KY-TEMP9,111.0,1000.0,SKD11040085
6,NC-3153-611AA32-KY-TEMP1,111.0,1000.0,SKD11040085
6,NC-3153-611AA32-KY-TEMP10,111.0,1000.0,SKD11040085
6,NC-3153-611AA32-KY-TEMP11,111.0,1000.0,SKD11040085
6,NC-3153-611AA32-KY-TEMP12,111.0,1000.0,SKD11040085
6,NC-3153-611AA32-KY-TEMP13,111.0,1000.0,SKD11040085
6,NC-3153-611AA32-KY-TEMP14,111.0,1000.0,SKD11040085
6,NC-3153-611AA32-KY-TEMP15,111.0,1000.0,SKD11040085
6,NC-3153-611AA32-KY-TEMP2,111.0,1000.0,SKD11040085
6,NC-3153-611AA32-KY-TEMP3,111.0,1000.0,SKD11040085
6,NC-3153-611AA32-KY-TEMP4,111.0,1000.0,SKD11040085
6,NC-3153-611AA32-KY-TEMP5,111.0,1000.0,SKD11040085
6,NC-3153-611AA32-KY-TEMP6,111.0,1000.0,SKD11040085
6,NC-3153-611AA32-KY-TEMP7,111.0,1000.0,SKD11040085
6,NC-3153-611AA32-KY-TEMP8,111.0,1000.0,SKD11040085
6,NC-3153-611AA32-KY-TEMP9,111.0,1000.0,SKD11040085
5,3237-611AB34-M1-XDF,168.0,1000.0,SKD11047067
6,3237-611AB34-M1-XDF,1.0,1.0,SKD6G4765
6,SKD7.0X30X32,68.0,1000.0,SKD11030085
6,SKD7.9X30X45,95.0,1000.0,SKD11030085
6,SKD6.7X32X58,111.0,1000.0,SKD11032072
6,SKD6G2543,60.0,1000.0,SKD11025067
6,SKD6G2543-CUT-ONLY,60.0,1000.0,SKD11025067
6,SKD8E3045,96.0,1000.0,SKD11030085
6,NC-352B-622AA30,62.0,1000.0,SKD11015067
5,479-514AA30-M1-XDF,66.0,1000.0,SKD11025067
6,479-514AA30-M1-XDF,1.0,1.0,SKD6G2548
5,PT-631-516JA30-M1-XDF,111.0,1000.0,SKD11040085
6,PT-631-516JA30-M1-XDF,1.0,1.0,SKD8E4040
6,SKD6.7X30X55,118.0,1000.0,SKD11030085
6,NC-3153-611AA26-KY-TEMP1,111.0,1000.0,SKD11040085
6,NC-3153-611AA26-KY-TEMP10,111.0,1000.0,SKD11040085
6,NC-3153-611AA26-KY-TEMP11,111.0,1000.0,SKD11040085
6,NC-3153-611AA26-KY-TEMP12,111.0,1000.0,SKD11040085
6,NC-3153-611AA26-KY-TEMP13,111.0,1000.0,SKD11040085
6,NC-3153-611AA26-KY-TEMP14,111.0,1000.0,SKD11040085
6,NC-3153-611AA26-KY-TEMP15,111.0,1000.0,SKD11040085
6,NC-3153-611AA26-KY-TEMP2,111.0,1000.0,SKD11040085
6,NC-3153-611AA26-KY-TEMP3,111.0,1000.0,SKD11040085
6,NC-3153-611AA26-KY-TEMP4,111.0,1000.0,SKD11040085
6,NC-3153-611AA26-KY-TEMP5,111.0,1000.0,SKD11040085
6,NC-3153-611AA26-KY-TEMP6,111.0,1000.0,SKD11040085
6,NC-3153-611AA26-KY-TEMP7,111.0,1000.0,SKD11040085
6,NC-3153-611AA26-KY-TEMP8,111.0,1000.0,SKD11040085
6,NC-3153-611AA26-KY-TEMP9,111.0,1000.0,SKD11040085
6,SKD6.15X40X390,900.0,1000.0,SKD11040065
6,SKD6.5X40X390,1140.0,1000.0,SKD11040085
5,3236-611AB30-M1,114.0,1000.0,SKD11047067
6,3236-611AB30-M1,1.0,1.0,SKD6G4744
5,3247-611AA30-M1,114.0,1000.0,SKD11047067
6,3247-611AA30-M1,1.0,1.0,SKD6G4744
5,4207-512AA34-M1,76.0,1000.0,SKD11032072
6,4207-512AA34-M1,1.0,1.0,SKD7B3240
5,4207-513AA34-M1,31.0,1000.0,SKD11025067
6,4207-513AA34-M1,1.0,1.0,SKD6G2522
5,4207-514AB34-M1,67.0,1000.0,SKD11032072
6,4207-514AB34-M1,1.0,1.0,SKD7B3235
5,PT-4207-515AA30-M1,104.0,1000.0,SKD11032072
6,PT-4207-515AA30-M1,1.0,1.0,SKD7B3255
5,PT-4207-515AA34-M1,104.0,1000.0,SKD11032072
6,PT-4207-515AA34-M1,1.0,1.0,SKD7B3255
5,3660-611AB30-M1,114.0,1000.0,SKD11047067
6,3660-611AB30-M1,1.0,1.0,SKD6G4744
5,3660-611AB30-M1-XDF,114.0,1000.0,SKD11047067
6,3660-611AB30-M1-XDF,1.0,1.0,SKD6G4744
6,4207-611AA34-M1-XDF,1.0,1.0,SKD105056
6,SKD7.65X30X25,53.0,1000.0,SKD11030085
6,SKD7B3234,65.0,1000.0,SKD11032072
5,3650-611AB30-M1-XDF,168.0,1000.0,SKD11047067
6,3650-611AB30-M1-XDF,1.0,1.0,SKD6G4765
6,SPL-2721AA,1.0,1.0,165-209BA-TEMP
5,4408-611BA30-M1,114.0,1000.0,SKD11047067
6,4408-611BA30-M1,1.0,1.0,SKD6G4744
5,4408-611BA30-M1-XDF,114.0,1000.0,SKD11047067
6,4408-611BA30-M1-XDF,1.0,1.0,SKD6G4744
6,SKD8E3060,126.0,1000.0,SKD11030085
6,SKD8E3060-CUT-ONLY,126.0,1000.0,SKD11030085
5,4408-611AB30-M1,96.0,1000.0,SKD11040065
6,4408-611AB30-M1,1.0,1.0,SKD6E4045
6,SKD7.65X30X55,117.0,1000.0,SKD11030085
6,4408-541AA30-M1,97.0,1000.0,SKD11022067
6,SKD6.65X32X55,104.0,1000.0,SKD11032072
5,3638-611AB30-M1,96.0,1000.0,SKD11040065
6,3638-611AB30-M1,1.0,1.0,SKD6E4045
6,SKD7.0X40X390,1110.0,1000.0,SKD11040085
5,474-532DA38-M1,28.0,1000.0,SKD11025055
6,474-532DA38-M1,1.0,1.0,SKD5E2522
5,479-619AA30-M1-BARI-MADE,63.0,1000.0,SKD11021082
6,479-619AA30-M1-BARI-MADE,1.0,1.0,SKD8B2144
6,SKD6G3565,125.0,1000.0,SKD11035067
6,SKD6G3568,131.0,1000.0,SKD11035067
6,SKD6G3568-CUT-ONLY,131.0,1000.0,SKD11035067
5,4206-611AA30-M1-XDF,139.0,1000.0,SKD11040065
6,4206-611AA30-M1-XDF,1.0,1.0,SKD6E4065
5,4206-612AA30-M1-XDF,139.0,1000.0,SKD11040065
6,4206-612AA30-M1-XDF,1.0,1.0,SKD6E4065
6,NC-3153-611AA30-KY-TEMP16,111.0,1000.0,SKD11040085
6,NC-3153-611AA30-KY-TEMP17,111.0,1000.0,SKD11040085
6,NC-3153-611AA30-KY-TEMP18,111.0,1000.0,SKD11040085
6,NC-3153-611AA30-KY-TEMP19,111.0,1000.0,SKD11040085
6,NC-3153-611AA30-KY-TEMP20,111.0,1000.0,SKD11040085
6,NC-3153-611AA30-KY-TEMP21,111.0,1000.0,SKD11040085
6,NC-3153-611AA30-KY-TEMP22,111.0,1000.0,SKD11040085
6,NC-3153-611AA30-KY-TEMP23,111.0,1000.0,SKD11040085
6,NC-3153-611AA30-KY-TEMP24,111.0,1000.0,SKD11040085
6,NC-3153-611AA30-KY-TEMP25,111.0,1000.0,SKD11040085
5,5108-512AA34-M1,27.0,1000.0,SKD11022067
6,5108-512AA34-M1,1.0,1.0,SKD6G2222
5,5108-512AA36-M1,27.0,1000.0,SKD11022067
6,5108-512AA36-M1,1.0,1.0,SKD6G2222
5,474-619AA38-M1-BARI-MADE,57.0,1000.0,SKD11021082
6,474-619AA38-M1-BARI-MADE,1.0,1.0,SKD8B2140
5,NC-E474-622AA36,62.0,1000.0,SKD11015067
6,NC-E474-622AA36,1.0,1.0,SKD6G1556
6,SKD6.0X33X97,173.0,1000.0,SKD11033065
5,479-619AA30-M1-KJ-COOP,63.0,1000.0,SKD11021082
6,479-619AA30-M1-KJ-COOP,1.0,1.0,SKD8B2144
6,1536-468AB,122.0,1000.0,SKD11047067
6,NC-3139-611AA40-KY-TEMP1,111.0,1000.0,SKD11040085
6,NC-3139-611AA40-KY-TEMP10,111.0,1000.0,SKD11040085
6,NC-3139-611AA40-KY-TEMP2,111.0,1000.0,SKD11040085
6,NC-3139-611AA40-KY-TEMP3,111.0,1000.0,SKD11040085
6,NC-3139-611AA40-KY-TEMP4,111.0,1000.0,SKD11040085
6,NC-3139-611AA40-KY-TEMP5,111.0,1000.0,SKD11040085
6,NC-3139-611AA40-KY-TEMP6,111.0,1000.0,SKD11040085
6,NC-3139-611AA40-KY-TEMP7,111.0,1000.0,SKD11040085
6,NC-3139-611AA40-KY-TEMP8,111.0,1000.0,SKD11040085
6,NC-3139-611AA40-KY-TEMP9,111.0,1000.0,SKD11040085
6,NC-3153-611AA28-KY-TEMP1,111.0,1000.0,SKD11040085
6,NC-3153-611AA28-KY-TEMP10,111.0,1000.0,SKD11040085
6,NC-3153-611AA28-KY-TEMP2,111.0,1000.0,SKD11040085
6,NC-3153-611AA28-KY-TEMP3,111.0,1000.0,SKD11040085
6,NC-3153-611AA28-KY-TEMP4,111.0,1000.0,SKD11040085
6,NC-3153-611AA28-KY-TEMP5,111.0,1000.0,SKD11040085
6,NC-3153-611AA28-KY-TEMP6,111.0,1000.0,SKD11040085
6,NC-3153-611AA28-KY-TEMP7,111.0,1000.0,SKD11040085
6,NC-3153-611AA28-KY-TEMP8,111.0,1000.0,SKD11040085
6,NC-3153-611AA28-KY-TEMP9,111.0,1000.0,SKD11040085
6,1536-468AB-XDF,122.0,1000.0,SKD11047067
5,V8ER-MB9AA34-KY-COOP,68.0,1000.0,SKD11021082
6,V8ER-MB9AA34-KY-COOP,1.0,1.0,SKD8B2148
6,SKD9Z3550,131.0,1000.0,SKD11035090
6,SKD9Z3550-CUT-ONLY,131.0,1000.0,SKD11035090
5,479-514AA30-M1-HORITA,131.0,1000.0,SKD11035090
6,479-514AA30-M1-HORITA,1.0,1.0,SKD9Z3550-CUT-ONLY
5,479-514AA34-M1-HORITA,131.0,1000.0,SKD11035090
6,479-514AA34-M1-HORITA,1.0,1.0,SKD9Z3550-CUT-ONLY
6,SKD5.8X25X20,28.0,1000.0,SKD11025067
6,SKD7.0X30X41,87.0,1000.0,SKD11030085
6,SKD7.65X30X60,126.0,1000.0,SKD11030085
5,474-511AA33-M1-XDF,28.0,1000.0,SKD11025055
6,474-511AA33-M1-XDF,1.0,1.0,SKD5E2522
5,474-511AA38-M1-XDF,26.0,1000.0,SKD11025055
6,474-511AA38-M1-XDF,1.0,1.0,SKD5E2520
5,474-512SA38-M1-XDF,29.0,1000.0,SKD11025067
6,474-512SA38-M1-XDF,1.0,1.0,SKD6G2521
5,474-615AA33-M1-XDF,36.0,1000.0,SKD11021082
6,474-615AA33-M1-XDF,1.0,1.0,SKD8B2125
5,474-615AA38-M1-XDF,43.0,1000.0,SKD11021082
6,474-615AA38-M1-XDF,1.0,1.0,SKD8B2130
5,279-511D33-M1-KY-TEMP,38.0,1000.0,SKD11025055
6,279-511D33-M1-KY-TEMP,1.0,1.0,SKD5E2532
5,279-513A38-M1-KY-TEMP,62.0,1000.0,SKD11025067
6,279-513A38-M1-KY-TEMP,1.0,1.0,SKD6G2545
5,352B-513AC33-M1-XDF,61.0,1000.0,SKD11027067
6,352B-513AC33-M1-XDF,1.0,1.0,SKD6G2741
5,352B-514AC33-M1-XDF,66.0,1000.0,SKD11030070
6,352B-514AC33-M1-XDF,1.0,1.0,SKD7Z3038
5,3538-611AA30-M1-XDF,87.0,1000.0,SKD11035067
6,3538-611AA30-M1-XDF,1.0,1.0,SKD6G3545
5,3550-611AA34-M1-XDF,130.0,1000.0,SKD11040082
6,3550-611AA34-M1-XDF,1.0,1.0,SKD8B4048
6,SKD4.8X25X45,51.0,1000.0,SKD11025055
6,SKD5.8X25X32,44.0,1000.0,SKD11025067
6,SKD5.8X25X32-TEMP,44.0,1000.0,SKD11025067
5,3538-511AA30-M1-XDF,21.0,1000.0,SKD11025067
6,3538-511AA30-M1-XDF,1.0,1.0,SKD6G2515
5,352-571AA30-M1-MARU-TEMP,27.0,1000.0,SKD11025067
6,352-571AA30-M1-MARU-TEMP,1.0,1.0,SKD6G2519
5,5529-521AA30-M1-MARU-TEMP,21.0,1000.0,SKD11025067
6,5529-521AA30-M1-MARU-TEMP,1.0,1.0,SKD6G2515
5,5142-511AA34-M1-KY-TEMP,51.0,1000.0,SKD11025055
6,5142-511AA34-M1-KY-TEMP,1.0,1.0,SKD5E2545
5,5142-512AA34-M1-KY-TEMP,51.0,1000.0,SKD11022067
6,5142-512AA34-M1-KY-TEMP,1.0,1.0,SKD6G2242
5,5517-570AA34-M1-XDF,63.0,1000.0,SKD11030085
6,5517-570AA34-M1-XDF,1.0,1.0,SKD8E3030
6,SKD6G2555,77.0,1000.0,SKD11030085
6,SKD6G2555-CUT-ONLY,77.0,1000.0,SKD11030085
6,SKD7B3237,71.0,1000.0,SKD11032072
6,SKD7B3237-CUT-ONLY,71.0,1000.0,SKD11032072
6,SKD8E3041,87.0,1000.0,SKD11030085
6,SKD8E3041-CUT-ONLY,87.0,1000.0,SKD11030085
6,NC-3139-611AA28-KY-TEMP1,111.0,1000.0,SKD11040085
6,NC-3139-611AA28-KY-TEMP10,111.0,1000.0,SKD11040085
6,NC-3139-611AA28-KY-TEMP2,111.0,1000.0,SKD11040085
6,NC-3139-611AA28-KY-TEMP3,111.0,1000.0,SKD11040085
6,NC-3139-611AA28-KY-TEMP4,111.0,1000.0,SKD11040085
6,NC-3139-611AA28-KY-TEMP5,111.0,1000.0,SKD11040085
6,NC-3139-611AA28-KY-TEMP6,111.0,1000.0,SKD11040085
6,NC-3139-611AA28-KY-TEMP7,111.0,1000.0,SKD11040085
6,NC-3139-611AA28-KY-TEMP8,111.0,1000.0,SKD11040085
6,NC-3139-611AA28-KY-TEMP9,111.0,1000.0,SKD11040085
6,SKD7.65X30X32,68.0,1000.0,SKD11030085
6,810-541CA26-M1,97.0,1000.0,SKD11022067
6,SKD6.15X25X35,49.0,1000.0,SKD11025067
6,SKD6.15X25X27,38.0,1000.0,SKD11025067
6,SKD7.0X30X48,103.0,1000.0,SKD11030085
6,SKD6.0X27X32,48.0,1000.0,SKD11027067
6,SKD6E3332,62.0,1000.0,SKD11033065
6,SKD6E3332-CUT-ONLY,62.0,1000.0,SKD11033065
6,SKD7.65X30X41,87.0,1000.0,SKD11030085
6,NC-3153-611AA36-KY-TEMP1,111.0,1000.0,SKD11040085
6,NC-3153-611AA36-KY-TEMP10,111.0,1000.0,SKD11040085
6,NC-3153-611AA36-KY-TEMP11,111.0,1000.0,SKD11040085
6,NC-3153-611AA36-KY-TEMP12,111.0,1000.0,SKD11040085
6,NC-3153-611AA36-KY-TEMP13,111.0,1000.0,SKD11040085
6,NC-3153-611AA36-KY-TEMP14,111.0,1000.0,SKD11040085
6,NC-3153-611AA36-KY-TEMP15,111.0,1000.0,SKD11040085
6,NC-3153-611AA36-KY-TEMP2,111.0,1000.0,SKD11040085
6,NC-3153-611AA36-KY-TEMP3,111.0,1000.0,SKD11040085
6,NC-3153-611AA36-KY-TEMP4,111.0,1000.0,SKD11040085
6,NC-3153-611AA36-KY-TEMP5,111.0,1000.0,SKD11040085
6,NC-3153-611AA36-KY-TEMP6,111.0,1000.0,SKD11040085
6,NC-3153-611AA36-KY-TEMP7,111.0,1000.0,SKD11040085
6,NC-3153-611AA36-KY-TEMP8,111.0,1000.0,SKD11040085
6,NC-3153-611AA36-KY-TEMP9,111.0,1000.0,SKD11040085
5,352B-513AC33-M1-TEMP,61.0,1000.0,SKD11027067
6,352B-513AC33-M1-TEMP,1.0,1.0,SKD6G2741
6,NC-3153-611AA30-KY-TEMP26,111.0,1000.0,SKD11040085
6,NC-3153-611AA30-KY-TEMP27,111.0,1000.0,SKD11040085
6,NC-3153-611AA30-KY-TEMP28,111.0,1000.0,SKD11040085
6,NC-3153-611AA30-KY-TEMP29,111.0,1000.0,SKD11040085
6,NC-3153-611AA30-KY-TEMP30,111.0,1000.0,SKD11040085
5,PT-600-511-30-M1,42.0,1000.0,SKD11025067
6,PT-600-511-30-M1,1.0,1.0,SKD6G2530
5,PT-600-513-30-M1,43.0,1000.0,SKD11021082
6,PT-600-513-30-M1,1.0,1.0,SKD8B2130
6,SKD6.0X27X49,73.0,1000.0,SKD11027067
6,SKD7.0X30X36,77.0,1000.0,SKD11030085
6,SKD7.0X30X46,98.0,1000.0,SKD11030085
6,SKD7.65X30X48,103.0,1000.0,SKD11030085
6,SKD6.15X27X32,48.0,1000.0,SKD11027067
6,SKD4.8X30X47,64.0,1000.0,SKD11030055
6,SKD6.0X27X41,61.0,1000.0,SKD11027067
6,SKD6.0X47X98,254.0,1000.0,SKD11047067
6,SKD6.7X40X48,134.0,1000.0,SKD11040085
6,SKD6.7X40X52,146.0,1000.0,SKD11040085
6,SKD6.7X40X58,163.0,1000.0,SKD11040085
6,SKD9.0X50X52,1.0,1.0,SKD105052-KAJIWARA
6,SKD9.0X50X60,1.0,1.0,SKD105060-KAJIWARA
6,SKD5.95X27X79,118.0,1000.0,SKD11027067
6,SKD6.0X25X43,60.0,1000.0,SKD11025067
6,SKD6.0X27X45,67.0,1000.0,SKD11027067
6,SKD6.0X30X45,78.0,1000.0,SKD11030070
6,SKD6.65X40X41,115.0,1000.0,SKD11040085
6,SKD6.65X40X46,129.0,1000.0,SKD11040085
6,SKD6.6X32X35,67.0,1000.0,SKD11032072
6,SKD6.7X32X55,104.0,1000.0,SKD11032072
6,SKD6E4050,108.0,1000.0,SKD11040065
6,SKD6E4050-CUT-ONLY,108.0,1000.0,SKD11040065
6,SKD6G2540,56.0,1000.0,SKD11025067
6,SKD6G2540-CUT-ONLY,56.0,1000.0,SKD11025067
6,SKD6G4757,148.0,1000.0,SKD11047067
6,SKD6G4757-CUT-ONLY,148.0,1000.0,SKD11047067
6,SKD6.0X30X41,71.0,1000.0,SKD11030070
6,SKD6.0X30X49,85.0,1000.0,SKD11030070
5,3922-511AC30-M1,76.0,1000.0,SKD11032072
6,3922-511AC30-M1,1.0,1.0,SKD7B3240
5,5529-569AA38-M1,87.0,1000.0,SKD11030085
6,5529-569AA38-M1,1.0,1.0,SKD8E3041-CUT-ONLY
6,SKD6.0X30X32,56.0,1000.0,SKD11030070
6,SKD6.7X32X30,65.0,1000.0,SKD11032072
6,SKD9.0X50X41,1.0,1.0,SKD105041-KAJIWARA
6,SKD5.0X50X200,551.0,1000.0,SKD11050067
6,SKD5.5X50X200,551.0,1000.0,SKD11050067
6,SKD6.0X50X200,551.0,1000.0,SKD11050067
6,SKD6.3X50X200,551.0,1000.0,SKD11050067
6,SKD7.0X50X200,699.0,1000.0,SKD11050085
6,SKD7.5X50X200,699.0,1000.0,SKD11050085
6,SKD8.0X50X200,699.0,1000.0,SKD11050085
6,NC-6107-505AA38,61.0,1000.0,SKD11022067
6,SKD6.0X27X38,57.0,1000.0,SKD11027067
6,SKD6.0X30X55,95.0,1000.0,SKD11030070
6,NC-3326-541AA30,118.0,1000.0,SKD11025067
6,SKD5.7X47X70,183.0,1000.0,SKD11047067
6,SKD6.0X47X65,168.0,1000.0,SKD11047067
6,SKD7.75X50X28,98.0,1000.0,SKD11050085
6,SKD9.0X50X29,1.0,1.0,SKD105029-KAJIWARA
5,479-615AA30-M1-XDF,43.0,1000.0,SKD11021082
6,479-615AA30-M1-XDF,1.0,1.0,SKD8B2130
5,479-615AA34-M1-XDF,43.0,1000.0,SKD11021082
6,479-615AA34-M1-XDF,1.0,1.0,SKD8B2130
6,SKD5.95X25X32,45.0,1000.0,SKD11025067
6,SKD6.65X32X32,57.0,1000.0,SKD11032072
5,5142-613AA33-M1-XDF,63.0,1000.0,SKD11030085
6,5142-613AA33-M1-XDF,1.0,1.0,SKD8E3030
5,5142-615AA33-M1-XDF,85.0,1000.0,SKD11030085
6,5142-615AA33-M1-XDF,1.0,1.0,SKD8E3040
6,SKD6.0X40X390,900.0,1000.0,SKD11040065
6,SKD8.0X40X390,1110.0,1000.0,SKD11040085
6,SKD4.8X25X40,46.0,1000.0,SKD11025055
6,SKD5.95X25X50,69.0,1000.0,SKD11025067
6,SKD7.65X40X40,111.0,1000.0,SKD11040085
6,NC-3139-611AA30-KY-TEMP16,111.0,1000.0,SKD11040085
6,NC-3139-611AA30-KY-TEMP17,111.0,1000.0,SKD11040085
6,NC-3139-611AA30-KY-TEMP18,111.0,1000.0,SKD11040085
6,NC-3139-611AA30-KY-TEMP19,111.0,1000.0,SKD11040085
6,NC-3139-611AA30-KY-TEMP20,111.0,1000.0,SKD11040085
6,NC-3139-611AA30-KY-TEMP21,111.0,1000.0,SKD11040085
6,NC-3139-611AA30-KY-TEMP22,111.0,1000.0,SKD11040085
6,NC-3139-611AA30-KY-TEMP23,111.0,1000.0,SKD11040085
6,NC-3139-611AA30-KY-TEMP24,111.0,1000.0,SKD11040085
6,NC-3139-611AA30-KY-TEMP25,111.0,1000.0,SKD11040085
6,NC-3139-611AA30-KY-TEMP26,111.0,1000.0,SKD11040085
6,NC-3139-611AA30-KY-TEMP27,111.0,1000.0,SKD11040085
6,NC-3139-611AA30-KY-TEMP28,111.0,1000.0,SKD11040085
6,NC-3139-611AA30-KY-TEMP29,111.0,1000.0,SKD11040085
6,NC-3139-611AA30-KY-TEMP30,111.0,1000.0,SKD11040085
6,NC-3153-611AA30-KY-TEMP31,111.0,1000.0,SKD11040085
6,NC-3153-611AA30-KY-TEMP32,111.0,1000.0,SKD11040085
6,NC-3153-611AA30-KY-TEMP33,111.0,1000.0,SKD11040085
6,NC-3153-611AA30-KY-TEMP34,111.0,1000.0,SKD11040085
6,NC-3153-611AA30-KY-TEMP35,111.0,1000.0,SKD11040085
6,NC-3153-611AA30-KY-TEMP36,111.0,1000.0,SKD11040085
6,NC-3153-611AA30-KY-TEMP37,111.0,1000.0,SKD11040085
6,NC-3153-611AA30-KY-TEMP38,111.0,1000.0,SKD11040085
6,NC-3153-611AA30-KY-TEMP39,111.0,1000.0,SKD11040085
6,NC-3153-611AA30-KY-TEMP40,111.0,1000.0,SKD11040085
6,NC-3153-611AA30-KY-TEMP41,111.0,1000.0,SKD11040085
6,NC-3153-611AA30-KY-TEMP42,111.0,1000.0,SKD11040085
6,NC-3153-611AA30-KY-TEMP43,111.0,1000.0,SKD11040085
6,NC-3153-611AA30-KY-TEMP44,111.0,1000.0,SKD11040085
6,NC-3153-611AA30-KY-TEMP45,111.0,1000.0,SKD11040085
6,NC-3153-611AA30-KY-TEMP46,111.0,1000.0,SKD11040085
6,NC-3153-611AA30-KY-TEMP47,111.0,1000.0,SKD11040085
6,NC-3153-611AA30-KY-TEMP48,111.0,1000.0,SKD11040085
6,NC-3153-611AA30-KY-TEMP49,111.0,1000.0,SKD11040085
6,NC-3153-611AA30-KY-TEMP50,111.0,1000.0,SKD11040085
6,NC-3153-611AA34-KY-TEMP16,111.0,1000.0,SKD11040085
6,NC-3153-611AA34-KY-TEMP17,111.0,1000.0,SKD11040085
6,NC-3153-611AA34-KY-TEMP18,111.0,1000.0,SKD11040085
6,NC-3153-611AA34-KY-TEMP19,111.0,1000.0,SKD11040085
6,NC-3153-611AA34-KY-TEMP20,111.0,1000.0,SKD11040085
6,NC-3153-611AA34-KY-TEMP21,111.0,1000.0,SKD11040085
6,NC-3153-611AA34-KY-TEMP22,111.0,1000.0,SKD11040085
6,NC-3153-611AA34-KY-TEMP23,111.0,1000.0,SKD11040085
6,NC-3153-611AA34-KY-TEMP24,111.0,1000.0,SKD11040085
6,NC-3153-611AA34-KY-TEMP25,111.0,1000.0,SKD11040085
6,NC-3153-611AA34-KY-TEMP26,111.0,1000.0,SKD11040085
6,NC-3153-611AA34-KY-TEMP27,111.0,1000.0,SKD11040085
6,NC-3153-611AA34-KY-TEMP28,111.0,1000.0,SKD11040085
6,NC-3153-611AA34-KY-TEMP29,111.0,1000.0,SKD11040085
6,NC-3153-611AA34-KY-TEMP30,111.0,1000.0,SKD11040085
6,SKD6G50200-CUT-ONLY,551.0,1000.0,SKD11050067
6,NC-3153-612AA30-KY-TEMP1,111.0,1000.0,SKD11040085
6,NC-3153-612AA30-KY-TEMP10,111.0,1000.0,SKD11040085
6,NC-3153-612AA30-KY-TEMP2,111.0,1000.0,SKD11040085
6,NC-3153-612AA30-KY-TEMP3,111.0,1000.0,SKD11040085
6,NC-3153-612AA30-KY-TEMP4,111.0,1000.0,SKD11040085
6,NC-3153-612AA30-KY-TEMP5,111.0,1000.0,SKD11040085
6,NC-3153-612AA30-KY-TEMP6,111.0,1000.0,SKD11040085
6,NC-3153-612AA30-KY-TEMP7,111.0,1000.0,SKD11040085
6,NC-3153-612AA30-KY-TEMP8,111.0,1000.0,SKD11040085
6,NC-3153-612AA30-KY-TEMP9,111.0,1000.0,SKD11040085
6,NC-3153-612BA30-KY-TEMP1,111.0,1000.0,SKD11040085
6,NC-3153-612BA30-KY-TEMP10,111.0,1000.0,SKD11040085
6,NC-3153-612BA30-KY-TEMP2,111.0,1000.0,SKD11040085
6,NC-3153-612BA30-KY-TEMP3,111.0,1000.0,SKD11040085
6,NC-3153-612BA30-KY-TEMP4,111.0,1000.0,SKD11040085
6,NC-3153-612BA30-KY-TEMP5,111.0,1000.0,SKD11040085
6,NC-3153-612BA30-KY-TEMP6,111.0,1000.0,SKD11040085
6,NC-3153-612BA30-KY-TEMP7,111.0,1000.0,SKD11040085
6,NC-3153-612BA30-KY-TEMP8,111.0,1000.0,SKD11040085
6,NC-3153-612BA30-KY-TEMP9,111.0,1000.0,SKD11040085
5,479-619AA34-M1-BARI-MADE,68.0,1000.0,SKD11021082
6,479-619AA34-M1-BARI-MADE,1.0,1.0,SKD8B2148
6,SKD5.8X25X27,38.0,1000.0,SKD11025067
6,SKD6.0X30X60,104.0,1000.0,SKD11030070
6,SKD6.0X35X31,59.0,1000.0,SKD11035067
6,SKD6.15X27X38,57.0,1000.0,SKD11027067
6,SKD6G2255,67.0,1000.0,SKD11022067
6,SKD7.0X30X55,118.0,1000.0,SKD11030085
6,SKD7.65X29X44,86.0,1000.0,SKD11029082
6,SKD105065-CUT-ONLY,300.0,1000.0,SKD11-10X50-R-STOCK
6,SKD6.0X35X40,77.0,1000.0,SKD11035067
6,SKD6.7X32X25,57.0,1000.0,SKD11032072
6,SKD1050200-CUT-ONLY,840.0,1000.0,SKD11-10X50-R-STOCK
6,SKD9.0X50X20-SW+G,100.0,1000.0,SKD11-10X50-R-STOCK
6,SKD105037-CUT-ONLY,185.0,1000.0,SKD11-10X50-R-STOCK
6,SKD7B3252,99.0,1000.0,SKD11032072
6,SKD7B3252-CUT-ONLY,99.0,1000.0,SKD11032072
6,SKD8E4047,132.0,1000.0,SKD11040085
6,SKD8E4047-CUT-ONLY,132.0,1000.0,SKD11040085
6,SKD5.8X25X40,56.0,1000.0,SKD11025067
6,SKD6.65X40X25,70.0,1000.0,SKD11040085
6,SKD6.6X30X50,87.0,1000.0,SKD11030070
6,SKD6.7X40X75,210.0,1000.0,SKD11040085
6,SKD8E5032,112.0,1000.0,SKD11050085
6,SKD8E5032-CUT-ONLY,112.0,1000.0,SKD11050085
6,SKD8E4055,145.0,1000.0,SKD11040085
6,SKD8E4055-CUT-ONLY,145.0,1000.0,SKD11040085
6,SKD1050500-CUT-ONLY,2100.0,1000.0,SKD11-10X50-R-STOCK
6,SKD5E2235,35.0,1000.0,SKD11022055
6,SKD5E2235-CUT-ONLY-KY-TE1,35.0,1000.0,SKD11022055
5,3153-511AA30-M1-SQUARE,78.0,1000.0,SKD11047067
6,3153-511AA30-M1-SQUARE,1.0,1.0,SKD6G4730
6,NC-3153-611AA26-KY-TEMP16,111.0,1000.0,SKD11040085
6,NC-3153-611AA26-KY-TEMP17,111.0,1000.0,SKD11040085
6,NC-3153-611AA26-KY-TEMP18,111.0,1000.0,SKD11040085
6,NC-3153-611AA26-KY-TEMP19,111.0,1000.0,SKD11040085
6,NC-3153-611AA26-KY-TEMP20,111.0,1000.0,SKD11040085
6,NC-3153-612AA34-KY-TEMP1,111.0,1000.0,SKD11040085
6,NC-3153-612AA34-KY-TEMP10,111.0,1000.0,SKD11040085
6,NC-3153-612AA34-KY-TEMP2,111.0,1000.0,SKD11040085
6,NC-3153-612AA34-KY-TEMP3,111.0,1000.0,SKD11040085
6,NC-3153-612AA34-KY-TEMP4,111.0,1000.0,SKD11040085
6,NC-3153-612AA34-KY-TEMP5,111.0,1000.0,SKD11040085
6,NC-3153-612AA34-KY-TEMP6,111.0,1000.0,SKD11040085
6,NC-3153-612AA34-KY-TEMP7,111.0,1000.0,SKD11040085
6,NC-3153-612AA34-KY-TEMP8,111.0,1000.0,SKD11040085
6,NC-3153-612AA34-KY-TEMP9,111.0,1000.0,SKD11040085
6,NC-3153-612BA34-KY-TEMP1,111.0,1000.0,SKD11040085
6,NC-3153-612BA34-KY-TEMP10,111.0,1000.0,SKD11040085
6,NC-3153-612BA34-KY-TEMP2,111.0,1000.0,SKD11040085
6,NC-3153-612BA34-KY-TEMP3,111.0,1000.0,SKD11040085
6,NC-3153-612BA34-KY-TEMP4,111.0,1000.0,SKD11040085
6,NC-3153-612BA34-KY-TEMP5,111.0,1000.0,SKD11040085
6,NC-3153-612BA34-KY-TEMP6,111.0,1000.0,SKD11040085
6,NC-3153-612BA34-KY-TEMP7,111.0,1000.0,SKD11040085
6,NC-3153-612BA34-KY-TEMP8,111.0,1000.0,SKD11040085
6,NC-3153-612BA34-KY-TEMP9,111.0,1000.0,SKD11040085
6,SKD6.0X47X38,99.0,1000.0,SKD11047067
6,SKD6.15X27X23,35.0,1000.0,SKD11027067
6,SKD6.15X30X30,52.0,1000.0,SKD11030070
6,SKD6.65X32X43,82.0,1000.0,SKD11032072
6,SKD7.2X21X32,46.0,1000.0,SKD11021082
6,SKD7.9X30X32,68.0,1000.0,SKD11030085
6,SKD7.9X30X40,85.0,1000.0,SKD11030085
6,SKD6.0X27X43,64.0,1000.0,SKD11027067
6,SKD6G4738-CUT-ONLY,99.0,1000.0,SKD11047067
6,SKD4.8X27X45,67.0,1000.0,SKD11027067
6,SKD6.0X32X35,67.0,1000.0,SKD11032072
6,SKD8.9X50X10-SW+G,60.0,1000.0,SKD11-10X50-R-STOCK
6,NC-3164-611AA30-KY-TEMP1,111.0,1000.0,SKD11040085
6,NC-3164-611AA30-KY-TEMP10,111.0,1000.0,SKD11040085
6,NC-3164-611AA30-KY-TEMP2,111.0,1000.0,SKD11040085
6,NC-3164-611AA30-KY-TEMP3,111.0,1000.0,SKD11040085
6,NC-3164-611AA30-KY-TEMP4,111.0,1000.0,SKD11040085
6,NC-3164-611AA30-KY-TEMP5,111.0,1000.0,SKD11040085
6,NC-3164-611AA30-KY-TEMP6,111.0,1000.0,SKD11040085
6,NC-3164-611AA30-KY-TEMP7,111.0,1000.0,SKD11040085
6,NC-3164-611AA30-KY-TEMP8,111.0,1000.0,SKD11040085
6,NC-3164-611AA30-KY-TEMP9,111.0,1000.0,SKD11040085
6,NC-3164-611AA34-KY-TEMP1,111.0,1000.0,SKD11040085
6,NC-3164-611AA34-KY-TEMP10,111.0,1000.0,SKD11040085
6,NC-3164-611AA34-KY-TEMP2,111.0,1000.0,SKD11040085
6,NC-3164-611AA34-KY-TEMP3,111.0,1000.0,SKD11040085
6,NC-3164-611AA34-KY-TEMP4,111.0,1000.0,SKD11040085
6,NC-3164-611AA34-KY-TEMP5,111.0,1000.0,SKD11040085
6,NC-3164-611AA34-KY-TEMP6,111.0,1000.0,SKD11040085
6,NC-3164-611AA34-KY-TEMP7,111.0,1000.0,SKD11040085
6,NC-3164-611AA34-KY-TEMP8,111.0,1000.0,SKD11040085
6,NC-3164-611AA34-KY-TEMP9,111.0,1000.0,SKD11040085
6,SKD4.8X25X50,57.0,1000.0,SKD11025055
6,SKD6.0X32X30,64.0,1000.0,SKD11032072
6,SKD6.0X40X52,113.0,1000.0,SKD11040065
6,SKD7.0X30X38,80.0,1000.0,SKD11030085
6,SKD7.0X40X48,134.0,1000.0,SKD11040085
6,SKD6.0X25X45,62.0,1000.0,SKD11025067
6,SKD6G4738,99.0,1000.0,SKD11047067
5,5165-611AA30-M1,22.0,1000.0,SKD11025067
6,5165-611AA30-M1,1.0,1.0,SKD6G2516
5,5165-612AA30-M1,21.0,1000.0,SKD11025067
6,5165-612AA30-M1,1.0,1.0,SKD6G2515
6,SKD6G2716,24.0,1000.0,SKD11027067
6,SKD6G2716-CUT-ONLY,24.0,1000.0,SKD11027067
6,SKD6G2516,22.0,1000.0,SKD11025067
6,SKD6G2516-CUT-ONLY,22.0,1000.0,SKD11025067
6,SKD6.0X32X32,64.0,1000.0,SKD11032072
6,SKD6.0X40X46,99.0,1000.0,SKD11040065
6,SKD6.0X47X45,117.0,1000.0,SKD11047067
6,SKD7.65X30X45,96.0,1000.0,SKD11030085
6,SKD8E3035,74.0,1000.0,SKD11030085
6,SKD8E3035-CUT-ONLY,74.0,1000.0,SKD11030085
5,5178-531AA36-M1,28.0,1000.0,SKD11025055
6,5178-531AA36-M1,1.0,1.0,SKD5E2522
6,NC-3139-612AA30-KY-TEMP1,111.0,1000.0,SKD11040085
6,NC-3139-612AA30-KY-TEMP10,111.0,1000.0,SKD11040085
6,NC-3139-612AA30-KY-TEMP2,111.0,1000.0,SKD11040085
6,NC-3139-612AA30-KY-TEMP3,111.0,1000.0,SKD11040085
6,NC-3139-612AA30-KY-TEMP4,111.0,1000.0,SKD11040085
6,NC-3139-612AA30-KY-TEMP5,111.0,1000.0,SKD11040085
6,NC-3139-612AA30-KY-TEMP6,111.0,1000.0,SKD11040085
6,NC-3139-612AA30-KY-TEMP7,111.0,1000.0,SKD11040085
6,NC-3139-612AA30-KY-TEMP8,111.0,1000.0,SKD11040085
6,NC-3139-612AA30-KY-TEMP9,111.0,1000.0,SKD11040085
6,NC-3139-612AA34-KY-TEMP1,111.0,1000.0,SKD11040085
6,NC-3139-612AA34-KY-TEMP10,111.0,1000.0,SKD11040085
6,NC-3139-612AA34-KY-TEMP2,111.0,1000.0,SKD11040085
6,NC-3139-612AA34-KY-TEMP3,111.0,1000.0,SKD11040085
6,NC-3139-612AA34-KY-TEMP4,111.0,1000.0,SKD11040085
6,NC-3139-612AA34-KY-TEMP5,111.0,1000.0,SKD11040085
6,NC-3139-612AA34-KY-TEMP6,111.0,1000.0,SKD11040085
6,NC-3139-612AA34-KY-TEMP7,111.0,1000.0,SKD11040085
6,NC-3139-612AA34-KY-TEMP8,111.0,1000.0,SKD11040085
6,NC-3139-612AA34-KY-TEMP9,111.0,1000.0,SKD11040085
6,NC-3139-612BA30-KY-TEMP1,111.0,1000.0,SKD11040085
6,NC-3139-612BA30-KY-TEMP10,111.0,1000.0,SKD11040085
6,NC-3139-612BA30-KY-TEMP2,111.0,1000.0,SKD11040085
6,NC-3139-612BA30-KY-TEMP3,111.0,1000.0,SKD11040085
6,NC-3139-612BA30-KY-TEMP4,111.0,1000.0,SKD11040085
6,NC-3139-612BA30-KY-TEMP5,111.0,1000.0,SKD11040085
6,NC-3139-612BA30-KY-TEMP6,111.0,1000.0,SKD11040085
6,NC-3139-612BA30-KY-TEMP7,111.0,1000.0,SKD11040085
6,NC-3139-612BA30-KY-TEMP8,111.0,1000.0,SKD11040085
6,NC-3139-612BA30-KY-TEMP9,111.0,1000.0,SKD11040085
6,NC-3139-612BA34-KY-TEMP1,111.0,1000.0,SKD11040085
6,NC-3139-612BA34-KY-TEMP10,111.0,1000.0,SKD11040085
6,NC-3139-612BA34-KY-TEMP2,111.0,1000.0,SKD11040085
6,NC-3139-612BA34-KY-TEMP3,111.0,1000.0,SKD11040085
6,NC-3139-612BA34-KY-TEMP4,111.0,1000.0,SKD11040085
6,NC-3139-612BA34-KY-TEMP5,111.0,1000.0,SKD11040085
6,NC-3139-612BA34-KY-TEMP6,111.0,1000.0,SKD11040085
6,NC-3139-612BA34-KY-TEMP7,111.0,1000.0,SKD11040085
6,NC-3139-612BA34-KY-TEMP8,111.0,1000.0,SKD11040085
6,NC-3139-612BA34-KY-TEMP9,111.0,1000.0,SKD11040085
6,SKD5.7X40X40,86.0,1000.0,SKD11040065
6,SKD6.0X40X41,88.0,1000.0,SKD11040065
6,SKD6.7X30X40,70.0,1000.0,SKD11030070
6,NC-3164-611AA38-KY-TEMP1,111.0,1000.0,SKD11040085
6,NC-3164-611AA38-KY-TEMP10,111.0,1000.0,SKD11040085
6,NC-3164-611AA38-KY-TEMP2,111.0,1000.0,SKD11040085
6,NC-3164-611AA38-KY-TEMP3,111.0,1000.0,SKD11040085
6,NC-3164-611AA38-KY-TEMP4,111.0,1000.0,SKD11040085
6,NC-3164-611AA38-KY-TEMP5,111.0,1000.0,SKD11040085
6,NC-3164-611AA38-KY-TEMP6,111.0,1000.0,SKD11040085
6,NC-3164-611AA38-KY-TEMP7,111.0,1000.0,SKD11040085
6,NC-3164-611AA38-KY-TEMP8,111.0,1000.0,SKD11040085
6,NC-3164-611AA38-KY-TEMP9,111.0,1000.0,SKD11040085
6,SKD6.7X32X40,76.0,1000.0,SKD11032072
6,SKD7.0X50X45,158.0,1000.0,SKD11050085
6,SKD7B3225,57.0,1000.0,SKD11032072
6,SKD7B3225-CUT-ONLY,57.0,1000.0,SKD11032072
6,SKD7B3238,73.0,1000.0,SKD11032072
6,SKD7B3238-CUT-ONLY,73.0,1000.0,SKD11032072
6,SKD7Z3041,71.0,1000.0,SKD11030070
6,SKD7Z3041-CUT-ONLY,71.0,1000.0,SKD11030070
6,SKD8E5042-CUT-ONLY,147.0,1000.0,SKD11050085
5,5142-613AA33-M1-9Z35,78.0,1000.0,SKD11035090
6,5142-613AA33-M1-9Z35,1.0,1.0,SKD9Z3530
5,5142-615AA33-M1-9Z35,104.0,1000.0,SKD11035090
6,5142-615AA33-M1-9Z35,1.0,1.0,SKD9Z3540
6,SKD8E3026,55.0,1000.0,SKD11030085
6,SKD8E3026-CUT-ONLY,55.0,1000.0,SKD11030085
6,SKD5.8X35X25,49.0,1000.0,SKD11035067
6,SKD6.0X30X70,121.0,1000.0,SKD11030070
6,SKD6.0X35X70,135.0,1000.0,SKD11035067
6,SKD6.6X30X35,61.0,1000.0,SKD11030070
6,SKD6G2255-CUT-ONLY,67.0,1000.0,SKD11022067
6,SKD8E5041-CUT-ONLY,144.0,1000.0,SKD11050085
6,SKD9.0X50X25-SW+G,125.0,1000.0,SKD11-10X50-R-STOCK
6,SKD9.0X50X75-SW+G,375.0,1000.0,SKD11-10X50-R-STOCK
6,NC-3145-611AA26-KY-TEMP1,111.0,1000.0,SKD11040085
6,NC-3145-611AA26-KY-TEMP10,111.0,1000.0,SKD11040085
6,NC-3145-611AA26-KY-TEMP2,111.0,1000.0,SKD11040085
6,NC-3145-611AA26-KY-TEMP3,111.0,1000.0,SKD11040085
6,NC-3145-611AA26-KY-TEMP4,111.0,1000.0,SKD11040085
6,NC-3145-611AA26-KY-TEMP5,111.0,1000.0,SKD11040085
6,NC-3145-611AA26-KY-TEMP6,111.0,1000.0,SKD11040085
6,NC-3145-611AA26-KY-TEMP7,111.0,1000.0,SKD11040085
6,NC-3145-611AA26-KY-TEMP8,111.0,1000.0,SKD11040085
6,NC-3145-611AA26-KY-TEMP9,111.0,1000.0,SKD11040085
6,NC-3164-611AA32-KY-TEMP1,111.0,1000.0,SKD11040085
6,NC-3164-611AA32-KY-TEMP10,111.0,1000.0,SKD11040085
6,NC-3164-611AA32-KY-TEMP2,111.0,1000.0,SKD11040085
6,NC-3164-611AA32-KY-TEMP3,111.0,1000.0,SKD11040085
6,NC-3164-611AA32-KY-TEMP4,111.0,1000.0,SKD11040085
6,NC-3164-611AA32-KY-TEMP5,111.0,1000.0,SKD11040085
6,NC-3164-611AA32-KY-TEMP6,111.0,1000.0,SKD11040085
6,NC-3164-611AA32-KY-TEMP7,111.0,1000.0,SKD11040085
6,NC-3164-611AA32-KY-TEMP8,111.0,1000.0,SKD11040085
6,NC-3164-611AA32-KY-TEMP9,111.0,1000.0,SKD11040085
6,NC-3164-611AA36-KY-TEMP1,111.0,1000.0,SKD11040085
6,NC-3164-611AA36-KY-TEMP10,111.0,1000.0,SKD11040085
6,NC-3164-611AA36-KY-TEMP2,111.0,1000.0,SKD11040085
6,NC-3164-611AA36-KY-TEMP3,111.0,1000.0,SKD11040085
6,NC-3164-611AA36-KY-TEMP4,111.0,1000.0,SKD11040085
6,NC-3164-611AA36-KY-TEMP5,111.0,1000.0,SKD11040085
6,NC-3164-611AA36-KY-TEMP6,111.0,1000.0,SKD11040085
6,NC-3164-611AA36-KY-TEMP7,111.0,1000.0,SKD11040085
6,NC-3164-611AA36-KY-TEMP8,111.0,1000.0,SKD11040085
6,NC-3164-611AA36-KY-TEMP9,111.0,1000.0,SKD11040085
6,NC-3164-611AA40-KY-TEMP1,111.0,1000.0,SKD11040085
6,NC-3164-611AA40-KY-TEMP10,111.0,1000.0,SKD11040085
6,NC-3164-611AA40-KY-TEMP2,111.0,1000.0,SKD11040085
6,NC-3164-611AA40-KY-TEMP3,111.0,1000.0,SKD11040085
6,NC-3164-611AA40-KY-TEMP4,111.0,1000.0,SKD11040085
6,NC-3164-611AA40-KY-TEMP5,111.0,1000.0,SKD11040085
6,NC-3164-611AA40-KY-TEMP6,111.0,1000.0,SKD11040085
6,NC-3164-611AA40-KY-TEMP7,111.0,1000.0,SKD11040085
6,NC-3164-611AA40-KY-TEMP8,111.0,1000.0,SKD11040085
6,NC-3164-611AA40-KY-TEMP9,111.0,1000.0,SKD11040085
6,SKD6.7X30X32,68.0,1000.0,SKD11030085
6,SKD6.0X30X28,49.0,1000.0,SKD11030070
6,SKD6.7X30X25,53.0,1000.0,SKD11030085
6,SKD7.0X30X40,85.0,1000.0,SKD11030085
5,PT-3164-511AA26-M1,42.0,1000.0,SKD11025067
6,PT-3164-511AA26-M1,1.0,1.0,SKD6G2530
5,PT-3164-611AA30-M1,106.0,1000.0,SKD11040085
6,PT-3164-611AA30-M1,1.0,1.0,SKD8E4038
6,SKD6.0X30X100,173.0,1000.0,SKD11030070
6,SKD6.0X47X48,125.0,1000.0,SKD11047067
6,SKD6.5X30X30,52.0,1000.0,SKD11030070
5,PT-3164-611AA30-M1-XDF,106.0,1000.0,SKD11040085
6,PT-3164-611AA30-M1-XDF,1.0,1.0,SKD8E4038
5,479-615AA36-M1-XDF,43.0,1000.0,SKD11021082
6,479-615AA36-M1-XDF,1.0,1.0,SKD8B2130
6,NC-3139-612AA32-KY-TEMP1,111.0,1000.0,SKD11040085
6,NC-3139-612AA32-KY-TEMP10,111.0,1000.0,SKD11040085
6,NC-3139-612AA32-KY-TEMP2,111.0,1000.0,SKD11040085
6,NC-3139-612AA32-KY-TEMP3,111.0,1000.0,SKD11040085
6,NC-3139-612AA32-KY-TEMP4,111.0,1000.0,SKD11040085
6,NC-3139-612AA32-KY-TEMP5,111.0,1000.0,SKD11040085
6,NC-3139-612AA32-KY-TEMP6,111.0,1000.0,SKD11040085
6,NC-3139-612AA32-KY-TEMP7,111.0,1000.0,SKD11040085
6,NC-3139-612AA32-KY-TEMP8,111.0,1000.0,SKD11040085
6,NC-3139-612AA32-KY-TEMP9,111.0,1000.0,SKD11040085
6,NC-3139-612BA32-KY-TEMP1,111.0,1000.0,SKD11040085
6,NC-3139-612BA32-KY-TEMP10,111.0,1000.0,SKD11040085
6,NC-3139-612BA32-KY-TEMP2,111.0,1000.0,SKD11040085
6,NC-3139-612BA32-KY-TEMP3,111.0,1000.0,SKD11040085
6,NC-3139-612BA32-KY-TEMP4,111.0,1000.0,SKD11040085
6,NC-3139-612BA32-KY-TEMP5,111.0,1000.0,SKD11040085
6,NC-3139-612BA32-KY-TEMP6,111.0,1000.0,SKD11040085
6,NC-3139-612BA32-KY-TEMP7,111.0,1000.0,SKD11040085
6,NC-3139-612BA32-KY-TEMP8,111.0,1000.0,SKD11040085
6,NC-3139-612BA32-KY-TEMP9,111.0,1000.0,SKD11040085
6,NC-3153-611AA38-KY-TEMP1,111.0,1000.0,SKD11040085
6,NC-3153-611AA38-KY-TEMP10,111.0,1000.0,SKD11040085
6,NC-3153-611AA38-KY-TEMP2,111.0,1000.0,SKD11040085
6,NC-3153-611AA38-KY-TEMP3,111.0,1000.0,SKD11040085
6,NC-3153-611AA38-KY-TEMP4,111.0,1000.0,SKD11040085
6,NC-3153-611AA38-KY-TEMP5,111.0,1000.0,SKD11040085
6,NC-3153-611AA38-KY-TEMP6,111.0,1000.0,SKD11040085
6,NC-3153-611AA38-KY-TEMP7,111.0,1000.0,SKD11040085
6,NC-3153-611AA38-KY-TEMP8,111.0,1000.0,SKD11040085
6,NC-3153-611AA38-KY-TEMP9,111.0,1000.0,SKD11040085
6,NC-3164-611AA42-KY-TEMP1,111.0,1000.0,SKD11040085
6,NC-3164-611AA42-KY-TEMP10,111.0,1000.0,SKD11040085
6,NC-3164-611AA42-KY-TEMP2,111.0,1000.0,SKD11040085
6,NC-3164-611AA42-KY-TEMP3,111.0,1000.0,SKD11040085
6,NC-3164-611AA42-KY-TEMP4,111.0,1000.0,SKD11040085
6,NC-3164-611AA42-KY-TEMP5,111.0,1000.0,SKD11040085
6,NC-3164-611AA42-KY-TEMP6,111.0,1000.0,SKD11040085
6,NC-3164-611AA42-KY-TEMP7,111.0,1000.0,SKD11040085
6,NC-3164-611AA42-KY-TEMP8,111.0,1000.0,SKD11040085
6,NC-3164-611AA42-KY-TEMP9,111.0,1000.0,SKD11040085
6,NC-3164-611AA26-KY-TEMP1,111.0,1000.0,SKD11040085
6,NC-3164-611AA26-KY-TEMP10,111.0,1000.0,SKD11040085
6,NC-3164-611AA26-KY-TEMP2,111.0,1000.0,SKD11040085
6,NC-3164-611AA26-KY-TEMP3,111.0,1000.0,SKD11040085
6,NC-3164-611AA26-KY-TEMP4,111.0,1000.0,SKD11040085
6,NC-3164-611AA26-KY-TEMP5,111.0,1000.0,SKD11040085
6,NC-3164-611AA26-KY-TEMP6,111.0,1000.0,SKD11040085
6,NC-3164-611AA26-KY-TEMP7,111.0,1000.0,SKD11040085
6,NC-3164-611AA26-KY-TEMP8,111.0,1000.0,SKD11040085
6,NC-3164-611AA26-KY-TEMP9,111.0,1000.0,SKD11040085
6,SKD7.0X50X65,227.0,1000.0,SKD11050085
6,SKD9.0X50X52-SW+G,208.0,1000.0,SKD11-10X50-R-STOCK
6,SKD6.35X50X97,266.0,1000.0,SKD11050067
5,5165-611AA36-M1,22.0,1000.0,SKD11025067
6,5165-611AA36-M1,1.0,1.0,SKD6G2516
5,5165-612AA36-M1,21.0,1000.0,SKD11025067
6,5165-612AA36-M1,1.0,1.0,SKD6G2515
5,5165-615AA30-M1,87.0,1000.0,SKD11030085
6,5165-615AA30-M1,1.0,1.0,SKD8E3041
5,5165-615AA38-M1,85.0,1000.0,SKD11030085
6,5165-615AA38-M1,1.0,1.0,SKD8E3040
5,5165-616AA38-M1,85.0,1000.0,SKD11030085
6,5165-616AA38-M1,1.0,1.0,SKD8E3040
6,SKD8.0X50X40,140.0,1000.0,SKD11050085
5,5142-613AA33-M1,63.0,1000.0,SKD11030085
6,5142-613AA33-M1,1.0,1.0,SKD8E3030
5,5142-615AA33-M1,85.0,1000.0,SKD11030085
6,5142-615AA33-M1,1.0,1.0,SKD8E3040
6,5141-611AA36-M1,1.0,1.0,SKD6G2515
6,SKD6.15X30X40,69.0,1000.0,SKD11030070
6,SKD7.7X40X25,70.0,1000.0,SKD11040085
6,SKD8B2132-CUT-ONLY,46.0,1000.0,SKD11021082
6,SKD6G2528-CUT-ONLY-KY-TE2,40.0,1000.0,SKD11025067
6,SKD6G2532-CUT-ONLY-KY-TE2,45.0,1000.0,SKD11025067
6,SKD6G2543-CUT-ONLY-KY-TE2,60.0,1000.0,SKD11025067
6,SKD9.0X50X46,1.0,1.0,SKD105046-KAJIWARA
6,SKD6G2232-CUT-ONLY-KY-TE2,38.0,1000.0,SKD11022067
6,SKD8B2135-CUT-ONLY-KY-TE2,50.0,1000.0,SKD11021082
6,NC-352B-505AA36,44.0,1000.0,SKD11012050
5,MA-B336-505AA48,50.0,1000.0,SKD11012050
6,MA-B336-505AA48,1.0,1.0,SKD5Z1285
5,7E-MB9AA38-DANNASHI,57.0,1000.0,SKD11021082
6,7E-MB9AA38-DANNASHI,1.0,1.0,SKD8B2140
6,SKD6E4046-CUT-ONLY,96.0,1000.0,SKD11040065
5,6105-611AA38-M1,22.0,1000.0,SKD11025067
6,6105-611AA38-M1,1.0,1.0,SKD6G2516
5,K-7E-MB9AA38-M1,57.0,1000.0,SKD11021082
6,K-7E-MB9AA38-M1,1.0,1.0,SKD8B2140
5,PT-478-521EA34-M1,35.0,1000.0,SKD11022055
6,PT-478-521EA34-M1,1.0,1.0,SKD5E2235
5,PT-478-521EA34-M1-XDF,35.0,1000.0,SKD11022055
6,PT-478-521EA34-M1-XDF,1.0,1.0,SKD5E2235
6,SKD6G2555-CUT-ONLY-KY-TE1,77.0,1000.0,SKD11025067
6,SKD6G2745-CUT-ONLY-KY-TE1,67.0,1000.0,SKD11027067
6,SKD6.0X27X54,79.0,1000.0,SKD11027067
6,SKD7.0X30X28,60.0,1000.0,SKD11030085
5,5176-611AA30-M1,21.0,1000.0,SKD11025067
6,5176-611AA30-M1,1.0,1.0,SKD6G2515
6,NC-3164-611AA30-KY-TEMP11,111.0,1000.0,SKD11040085
5,279-513A33-M1-NUSUMINASHI,62.0,1000.0,SKD11025067
6,279-513A33-M1-NUSUMINASHI,1.0,1.0,SKD6G2545
6,SKD8E3023-CUT-ONLY,50.0,1000.0,SKD11030085
6,SKD8E3029-CUT-ONLY,60.0,1000.0,SKD11030085
5,5176-612AA30-M1,24.0,1000.0,SKD11022067
6,5176-612AA30-M1,1.0,1.0,SKD6G2218
5,7E-MB9AA30-DANNASHI,57.0,1000.0,SKD11021082
6,7E-MB9AA30-DANNASHI,1.0,1.0,SKD8B2140
5,VIL7AE-MY4AA30-XDF,53.0,1000.0,SKD11025067
6,VIL7AE-MY4AA30-XDF,1.0,1.0,SKD6G2538
6,SKD6G4741-CUT-ONLY,104.0,1000.0,SKD11047067
6,SKD7.6X40X35,88.0,1000.0,SKD11040085
6,SKD7.6X40X55,136.0,1000.0,SKD11040085
6,NC-3164-611AA30-KY-TEMP12,111.0,1000.0,SKD11040085
6,SKD6.0X25X24,30.0,1000.0,SKD11025067
5,LEC8BSC-MY4AA38-XDF,53.0,1000.0,SKD1103070
6,LEC8BSC-MY4AA38-XDF,1.0,1.0,SKD7Z3030
6,SKD4.8X27X49,73.0,1000.0,SKD11027067
6,SKD4.8X27X50,75.0,1000.0,SKD11027067
6,SKD6.0X40X38,88.0,1000.0,SKD11040065
6,SKD6.0X40X48,99.0,1000.0,SKD11040065
6,SKD6.0X47X33,96.0,1000.0,SKD11047067
6,SKD6.0X47X41,105.0,1000.0,SKD11047067
6,MA-5534-505AA38,30.0,1000.0,SKD11012050
5,474-615AA30-M1-XDF,43.0,1000.0,SKD11021082
6,474-615AA30-M1-XDF,1.0,1.0,SKD8B2130
5,474-511AA30-M1,17.0,1000.0,SKD11025055
6,474-511AA30-M1,1.0,1.0,SKD5E2515
5,474-512SA30-M1-XDF,32.0,1000.0,SKD11025067
6,474-512SA30-M1-XDF,1.0,1.0,SKD6G2523
5,LEC8BSC-MY3AA38-XDF,53.0,1000.0,SKD1103070
6,LEC8BSC-MY3AA38-XDF,1.0,1.0,SKD7Z3030
6,SKD8.0X40X47,123.0,1000.0,SKD11040085
6,NC-3153-611AA32-KY-TEMP16,111.0,1000.0,SKD11040085
6,NC-3164-611AA30-KY-TEMP13,111.0,1000.0,SKD11040085
6,NC-3164-611AA32-KY-TEMP11,111.0,1000.0,SKD11040085
6,SKD6.5X30X25,44.0,1000.0,SKD11030070
5,SKD7.6X35X55,143.0,1000.0,SKD11035090
6,SKD7.6X35X55,1.0,1.0,SKD9Z3555
6,MA-3558-505AA34,44.0,1000.0,SKD11012050
5,5165-611AA42-M1,22.0,1000.0,SKD11025067
6,5165-611AA42-M1,1.0,1.0,SKD6G2516
5,5165-612AA42-M1,21.0,1000.0,SKD11025067
6,5165-612AA42-M1,1.0,1.0,SKD6G2515
5,5165-613AA42-M1,57.0,1000.0,SKD11030085
6,5165-613AA42-M1,1.0,1.0,SKD8E3027
5,5165-614AA42-M1,55.0,1000.0,SKD11030085
6,5165-614AA42-M1,1.0,1.0,SKD8E3026
5,5165-615AA42-M1,87.0,1000.0,SKD11030085
6,5165-615AA42-M1,1.0,1.0,SKD8E3041
5,5165-616AA42-M1,85.0,1000.0,SKD11030085
6,5165-616AA42-M1,1.0,1.0,SKD8E3039
5,5213-615AB34-M1,59.0,1000.0,SKD11021082
6,5213-615AB34-M1,1.0,1.0,SKD8B2142
5,5213-617AB34-M1,55.0,1000.0,SKD11021082
6,5213-617AB34-M1,1.0,1.0,SKD8B2138
5,5218-612AA30-M1,22.0,1000.0,SKD11022067
6,5218-612AA30-M1,1.0,1.0,SKD6G2216
5,5218-613AA30-M1,20.0,1000.0,SKD11022067
6,5218-613AA30-M1,1.0,1.0,SKD6G2215
5,5218-614AA30-M1,18.0,1000.0,SKD11022067
6,5218-614AA30-M1,1.0,1.0,SKD6G2214
5,7MI22-MB1AA30-XDF,38.0,1000.0,SKD11025055
6,7MI22-MB1AA30-XDF,1.0,1.0,SKD5E2532
5,7MI22-MY1AA30-XDF,38.0,1000.0,SKD11025055
6,7MI22-MY1AA30-XDF,1.0,1.0,SKD5E2532
5,7MI22-MY2AA30-XDF,24.0,1000.0,SKD11022067
6,7MI22-MY2AA30-XDF,1.0,1.0,SKD6G2218
5,FY3-MY1AA34-XDF,38.0,1000.0,SKD11025055
6,FY3-MY1AA34-XDF,1.0,1.0,SKD5E2532
5,LPJ4B-MY1AA38-XDF,28.0,1000.0,SKD11025067
6,LPJ4B-MY1AA38-XDF,1.0,1.0,SKD6G2520
6,SKD5.8X35X60,115.0,1000.0,SKD11035067
6,SKD5.8X40X60,127.0,1000.0,SKD11040065
6,SKD5.95X27X62,92.0,1000.0,SKD11027067
6,SKD6.0X27X90,132.0,1000.0,SKD11027067
6,SKD6.0X47X60,153.0,1000.0,SKD11047067
6,SKD7.0X30X52,108.0,1000.0,SKD11030085
6,SKD7.0X30X58,120.0,1000.0,SKD11030085
6,SKD8.0X40X30,83.0,1000.0,SKD11040085
6,SKD6.6X30X32,56.0,1000.0,SKD11030070
6,SKD6.6X30X55,94.0,1000.0,SKD11030070
6,SKD9.0X50X32-SW+G,130.0,1000.0,SKD11-10X50-R-STOCK
6,NC-3164-611AA30-KY-TEMP14,111.0,1000.0,SKD11040085
6,SKD6.65X30X65,111.0,1000.0,SKD11030070
6,SKD7.65X50X41,142.0,1000.0,SKD11050085
6,SKD6.0X22X95,114.0,1000.0,SKD11022067
6,SKD6.0X25X100,136.0,1000.0,SKD11025067
6,NC-3164-611AA30-KY-TEMP15,111.0,1000.0,SKD11040085
6,NC-3164-611AA32-KY-TEMP12,111.0,1000.0,SKD11040085
6,SKD6.35X40X120,252.0,1000.0,SKD11040065
5,V8ER-MB9AA30-DANNASHI,63.0,1000.0,SKD11021082
6,V8ER-MB9AA30-DANNASHI,1.0,1.0,SKD8B2144
5,V8ER-MB9AA36-DANNASHI,63.0,1000.0,SKD11021082
6,V8ER-MB9AA36-DANNASHI,1.0,1.0,SKD8B2144
5,V8ER-MY1AA36-XDF,26.0,1000.0,SKD11025055
6,V8ER-MY1AA36-XDF,1.0,1.0,SKD5E2520
5,V8ER-MY2AA30-XDF,45.0,1000.0,SKD11025067
6,V8ER-MY2AA30-XDF,1.0,1.0,SKD6G2532
5,V8ER-MY2AA36-XDF,45.0,1000.0,SKD11025067
6,V8ER-MY2AA36-XDF,1.0,1.0,SKD6G2532
6,SKD7.0X30X35,75.0,1000.0,SKD11030085
6,SKD6.5X50X390,1104.0,1000.0,SKD11050067
6,SKD8B4035-CUT-ONLY,94.0,1000.0,SKD11040082
6,SKD7.0X50X390,1400.0,1000.0,SKD11050085
5,7E-MB9AA30-DANNASHI-XDF,57.0,1000.0,SKD11021082
6,7E-MB9AA30-DANNASHI-XDF,1.0,1.0,SKD8B2140
6,NC-3164-611AA32-KY-TEMP13,111.0,1000.0,SKD11040085
6,SKD8E3030-CUT-ONLY-KY-TE1,63.0,1000.0,SKD11030085
6,SKD6G2545-CUT-ONLY-KY-TE1,62.0,1000.0,SKD11025067
6,SKD6G2732-CUT-ONLY-KY-TE1,48.0,1000.0,SKD11027067
6,SKD8B2930-CUT-ONLY,57.0,1000.0,SKD11029082
6,SKD8E3025-SW+M-IT,68.0,1000.0,SKD11040085
6,SKD8E3030-SW+M-IT,82.0,1000.0,SKD11040085
6,SKD9.0X50X38-SW+G,152.0,1000.0,SKD11-10X50-R-STOCK
6,SKD9.0X50X45-SW+G,180.0,1000.0,SKD11-10X50-R-STOCK
6,SKD8.95X50X29,1.0,1.0,SKD105029-KAJIWARA
5,355-614B30-F1,64.0,1000.0,SKD11015067
6,355-614B30-F1,1.0,1.0,SKD6G1578
6,SKD6G2548-CUT-ONLY-KY-TE1,66.0,1000.0,SKD11025067
6,NC-3164-611AA30-KY-TEMP16,111.0,1000.0,SKD11040085
6,NC-3164-611AA32-KY-TEMP14,111.0,1000.0,SKD11040085
6,SKD8E3035-SW+M-IT,95.0,1000.0,SKD11040085
5,474-532SA34-M1,32.0,1000.0,SKD11025067
6,474-532SA34-M1,1.0,1.0,SKD6G2523
5,474-619AA33-M1-DANNASHI,57.0,1000.0,SKD11021082
6,474-619AA33-M1-DANNASHI,1.0,1.0,SKD8B2140
6,SKD6G2235-CUT-ONLY-KY-TE1,43.0,1000.0,SKD11022067
6,SKD7.0X30X30,64.0,1000.0,SKD11030085
6,NC-3139-612AA26-KY-TEMP1,111.0,1000.0,SKD11040085
6,NC-3139-612BA26-KY-TEMP1,111.0,1000.0,SKD11040085
6,NC-3164-611AA30-KY-TEMP17,111.0,1000.0,SKD11040085
6,NC-3164-611AA32-KY-TEMP15,111.0,1000.0,SKD11040085
6,MA-5534-505BA38,20.0,1000.0,SKD11012050
5,LPJ3A-MR2AA33-DANNASHI,39.0,1000.0,SKD11027067
6,LPJ3A-MR2AA33-DANNASHI,1.0,1.0,SKD6G2726
6,MA-3554-505AA34,18.0,1000.0,SKD11012050
6,MA-3538-505AA24,33.0,1000.0,SKD11012050
6,MA-3660-505AA30,33.0,1000.0,SKD11012050
6,NC-3164-611AA30-KY-TEMP18,111.0,1000.0,SKD11040085
6,NC-3164-611AA34-KY-TEMP11,111.0,1000.0,SKD11040085
6,SKD5E2235-CUT-ONLY-KY-TE2,35.0,1000.0,SKD11022055
5,474-514AA34-M1,53.0,1000.0,SKD11025067
6,474-514AA34-M1,1.0,1.0,SKD6G2538
5,478-623AA33-M1,39.0,1000.0,SKD11025055
6,478-623AA33-M1,1.0,1.0,SKD5E2533
6,SKD6G2540-CUT-ONLY-KY-TE1,56.0,1000.0,SKD11025067
6,SKD7.0X40X45,124.0,1000.0,SKD11040085
6,SKD9.5X50X20-SW+G,100.0,1000.0,SKD11-10X50-R-STOCK
6,SKD9.5X50X36-SW+G,146.0,1000.0,SKD11-10X50-R-STOCK
6,SKD9.5X50X42-SW+G,170.0,1000.0,SKD11-10X50-R-STOCK
5,479-514CA34-M1,66.0,1000.0,SKD11025067
6,479-514CA34-M1,1.0,1.0,SKD6G2548
5,479-514CA34-M1-XDF,66.0,1000.0,SKD11025067
6,479-514CA34-M1-XDF,1.0,1.0,SKD6G2548
6,NC-3164-611AA30-KY-TEMP19,111.0,1000.0,SKD11040085
6,NC-3164-611AA32-KY-TEMP16,111.0,1000.0,SKD11040085
6,SKD8E3033-CUT-ONLY,69.0,1000.0,SKD11030085
6,SKD6G2733-CUT-ONLY,50.0,1000.0,SKD11027067
6,SKD6G2735-CUT-ONLY,52.0,1000.0,SKD11027067
6,SKD8E3035-CUT-ONLY-KY-TE1,74.0,1000.0,SKD11030085
6,SKD8E3025-CUT-ONLY-KY-TE1,53.0,1000.0,SKD11030085
6,SKD6G2743-CUT-ONLY-KY-TE1,64.0,1000.0,SKD11027067
6,NC-3153-612AA26-KY-TEMP1,111.0,1000.0,SKD11040085
6,NC-3153-612AA28-KY-TEMP1,111.0,1000.0,SKD11040085
6,NC-3153-612BA26-KY-TEMP1,111.0,1000.0,SKD11040085
6,NC-3153-612BA28-KY-TEMP1,111.0,1000.0,SKD11040085
6,NC-3164-611AA30-KY-TEMP20,111.0,1000.0,SKD11040085
6,SKD8E5028-CUT-ONLY-KY-TE1,98.0,1000.0,SKD11050085
6,MA-3538-505BA34,33.0,1000.0,SKD11012050
6,SKD6.0X50X390,1104.0,1000.0,SKD11050067
5,479-619AA34-M1-DANNASHI,63.0,1000.0,SKD11021082
6,479-619AA34-M1-DANNASHI,1.0,1.0,SKD8B2144
6,SKD4.8X25X20,22.0,1000.0,SKD11025055
6,SKD6.95X50X35,119.0,1000.0,SKD11050085
6,SKD6G2796-CUT-ONLY-KY-TE1,140.0,1000.0,SKD11027067
6,SKD7B3237-CUT-ONLY-KY-TE1,71.0,1000.0,SKD11032072
6,NC-3164-611AA32-KY-TEMP17,111.0,1000.0,SKD11040085
6,NC-3164-611AA30-KY-TEMP21,111.0,1000.0,SKD11040085
6,NC-3139-611BA30-KY-TEMP1,111.0,1000.0,SKD11040085
6,SKD8E4035-CUT-ONLY-KY-TE1,98.0,1000.0,SKD11040085
6,SKD6.7X40X390,1110.0,1000.0,SKD11040085
6,SKD7.0X30X45,98.0,1000.0,SKD11030085
6,SKD5.0X30X70,93.0,1000.0,SKD11030055
6,NC-3164-611AA30-KY-TEMP22,111.0,1000.0,SKD11040085
6,NC-3164-611AA32-KY-TEMP18,111.0,1000.0,SKD11040085
6,NC-3139-612AA36-KY-TEMP1,111.0,1000.0,SKD11040085
6,SKD6.0X40X54,113.0,1000.0,SKD11040065
6,5534-611AA38-M1,1.0,1.0,SKD5E2530
5,5534-615AA38-M1-XDF,43.0,1000.0,SKD11025067
6,5534-615AA38-M1-XDF,1.0,1.0,SKD6G2531
6,SKD4.8X27X33,50.0,1000.0,SKD11027067
6,SKD6.0X27X35,53.0,1000.0,SKD11027067
6,MA-826-505AA30,21.0,1000.0,SKD11012050
6,MA-810-542CA30,45.0,1000.0,SKD11022067
6,NC-5541-505BA38,42.0,1000.0,SKD11015067
6,NC-3164-611AA34-KY-TEMP12,111.0,1000.0,SKD11040085
6,NC-3139-612AA38-KY-TEMP1,111.0,1000.0,SKD11040085
6,NC-3139-612BA38-KY-TEMP1,111.0,1000.0,SKD11040085
6,NC-3164-611AA30-KY-TEMP23,111.0,1000.0,SKD11040085
6,NC-3164-611AA32-KY-TEMP19,111.0,1000.0,SKD11040085
6,SKD9.8X50X37,1.0,1.0,SKD105037-KAJIWARA
6,SKD9.8X50X41,1.0,1.0,SKD105041-KAJIWARA
6,SKD7.65X30X28,60.0,1000.0,SKD11030085
5,279-513A33-M1-XDF+XMIZO,62.0,1000.0,SKD11025067
6,279-513A33-M1-XDF+XMIZO,1.0,1.0,SKD6G2545
5,352B-514AB33-M1,66.0,1000.0,SKD11030070
6,352B-514AB33-M1,1.0,1.0,SKD7Z3038
6,SKD4.8X30X60,81.0,1000.0,SKD11030055
6,SKD5.8X40X65,137.0,1000.0,SKD11040065
6,SKD6.0X40X65,137.0,1000.0,SKD11040065
6,SKD6.65X21X65　,92.0,1000.0,SKD11021082
6,SKD6.0X27X96,140.0,1000.0,SKD11027067
6,NC-3164-611AA30-KY-TEMP24,111.0,1000.0,SKD11040085
6,NC-3164-611AA32-KY-TEMP20,111.0,1000.0,SKD11040085
6,NC-3139-612AA36-KY-TEMP2,111.0,1000.0,SKD11040085
6,SKD7.75X50X32,110.0,1000.0,SKD11050085
6,NC-3153-611AA30-KY-TEMP51,111.0,1000.0,SKD11040085
6,NC-3164-611AA30-KY-TEMP25,111.0,1000.0,SKD11040085
6,NC-3164-611AA32-KY-TEMP21,111.0,1000.0,SKD11040085
6,NC-3139-612BA36-KY-TEMP1,111.0,1000.0,SKD11040085
6,SKD4.8X30X50,68.0,1000.0,SKD11030055
6,NC-3153-611AA30-KY-TEMP52,111.0,1000.0,SKD11040085
6,NC-3164-611AA34-KY-TEMP13,111.0,1000.0,SKD11040085
6,NC-3164-611AA32-KY-TEMP22,111.0,1000.0,SKD11040085
6,NC-3139-611AA34-KY-TEMP16,111.0,1000.0,SKD11040085
6,SKD105029-CUT-ONLY,116.0,1000.0,SKD11-10X50-R-STOCK
6,SKD7Z3035-CUT-ONLY-KY-TE1,61.0,1000.0,SKD11030070
6,SKD4.2X25X50,57.0,1000.0,SKD11025055
6,SKD4.8X25X30,31.0,1000.0,SKD11025055
6,SKD9.0X50X37-SW+G,150.0,1000.0,SKD11-10X50-R-STOCK
6,SKD105013-CUT-ONLY,54.0,1000.0,SKD11-10X50-R-STOCK
6,SKD105017-CUT-ONLY,69.0,1000.0,SKD11-10X50-R-STOCK
6,SKD105022-CUT-ONLY,89.0,1000.0,SKD11-10X50-R-STOCK
5,6108-611AA38-M1,21.0,1000.0,SKD11025067
6,6108-611AA38-M1,1.0,1.0,SKD6G2515
6,SKD9.0X50X29-SW+G,116.0,1000.0,SKD11-10X50-R-STOCK
6,NC-3164-611AA32-KY-TEMP23,111.0,1000.0,SKD11040085
6,NC-3164-611AA34-KY-TEMP14,111.0,1000.0,SKD11040085
6,NC-3153-611AA32-KY-TEMP17,111.0,1000.0,SKD11040085
6,NC-3153-612AA32-KY-TEMP1,111.0,1000.0,SKD11040085
6,NC-3153-612BA32-KY-TEMP1,111.0,1000.0,SKD11040085
5,4109-514AB30-M1,61.0,1000.0,SKD11030070
6,4109-514AB30-M1,1.0,1.0,SKD7Z3035
5,5541-513AA38-M1,61.0,1000.0,SKD11027067
6,5541-513AA38-M1,1.0,1.0,SKD6G2741
5,5541-519AA38-M1,66.0,1000.0,SKD11030070
6,5541-519AA38-M1,1.0,1.0,SKD7Z3038
6,SKD6.0X25X70,94.0,1000.0,SKD11025067
6,SKD7.0X50X60,206.0,1000.0,SKD11050085
6,SKD8.0X40X35,97.0,1000.0,SKD11040085
6,SKD8.0X40X55,152.0,1000.0,SKD11040085
6,NC-3164-611AA32-KY-TEMP24,111.0,1000.0,SKD11040085
6,NC-3164-611AA34-KY-TEMP15,111.0,1000.0,SKD11040085
6,SKD9.0X50X13-SW+G,54.0,1000.0,SKD11-10X50-R-STOCK
6,SKD9.0X50X17-SW+G,69.0,1000.0,SKD11-10X50-R-STOCK
6,SKD9.0X50X22-SW+G,89.0,1000.0,SKD11-10X50-R-STOCK
6,SKD6.65X30X55,95.0,1000.0,SKD11030070
5,NC-352B-505AB38-F1,44.0,1000.0,SKD11012050
6,NC-352B-505AB38-F1,1.0,1.0,SKD5Z1275
6,NC-3164-611AA34-KY-TEMP16,111.0,1000.0,SKD11040085
6,NC-3139-612AA40-KY-TEMP1,111.0,1000.0,SKD11040085
6,NC-3139-612BA40-KY-TEMP1,111.0,1000.0,SKD11040085
6,NC-3164-611AA32-KY-TEMP25,111.0,1000.0,SKD11040085
6,NC-3153-611AA30-KY-TEMP53,111.0,1000.0,SKD11040085
6,SKD6G2530-CUT-ONLY,42.0,1000.0,SKD11025067
6,NC-6110-505AA38-F1,23.0,1000.0,SKD11012050
6,NC-3164-611AA30-KY-TEMP26,111.0,1000.0,SKD11040085
6,NC-3164-611AA34-KY-TEMP17,111.0,1000.0,SKD11040085
6,NC-3153-611AA30-KY-TEMP54,111.0,1000.0,SKD11040085
6,NC-3164-611BA30-KY-TEMP1,111.0,1000.0,SKD11040085
6,NC-3139-611AA26-KY-RE,111.0,1000.0,SKD11040085
6,NC-3139-611AA28-KY-RE,111.0,1000.0,SKD11040085
6,NC-3139-611AA30-KY-RE,111.0,1000.0,SKD11040085
6,NC-3139-611AA32-KY-RE,111.0,1000.0,SKD11040085
6,NC-3139-611AA34-KY-RE,111.0,1000.0,SKD11040085
6,NC-3139-611AA36-KY-RE,111.0,1000.0,SKD11040085
6,NC-3139-611AA38-KY-RE,111.0,1000.0,SKD11040085
6,NC-3139-611AA40-KY-RE,111.0,1000.0,SKD11040085
6,NC-3139-612AA30-KY-RE,111.0,1000.0,SKD11040085
6,NC-3139-612BA30-KY-RE,111.0,1000.0,SKD11040085
6,NC-3139-612AA32-KY-RE,111.0,1000.0,SKD11040085
6,NC-3139-612BA32-KY-RE,111.0,1000.0,SKD11040085
6,NC-3139-612AA34-KY-RE,111.0,1000.0,SKD11040085
6,NC-3139-612BA34-KY-RE,111.0,1000.0,SKD11040085
6,NC-3145-611AA26-KY-RE,111.0,1000.0,SKD11040085
6,NC-3145-611AA30-KY-RE,111.0,1000.0,SKD11040085
6,NC-3145-611AA34-KY-RE,111.0,1000.0,SKD11040085
6,SKD6.0X25X50,70.0,1000.0,SKD11025067
6,478-625AA34-M1-XDF,1.0,1.0,SKD6G2534
6,NC-3139-611BA36-KY-TEMP1,111.0,1000.0,SKD11040085
6,NC-3164-611AA34-KY-TEMP18,111.0,1000.0,SKD11040085
6,NC-3153-611AA32-KY-TEMP18,111.0,1000.0,SKD11040085
5,5154-611AA38-M1,35.0,1000.0,SKD11025055
6,5154-611AA38-M1,1.0,1.0,SKD5E2530
5,5154-611AA38-M1-XDF,35.0,1000.0,SKD11025055
6,5154-611AA38-M1-XDF,1.0,1.0,SKD5E2530
6,SKD7Z3040-CUT-ONLY-KY-TE1,69.0,1000.0,SKD11030070
6,SKD8B2169-CUT-ONLY,97.0,1000.0,SKD11021082
6,NC-3153-612AA36-KY-TEMP1,111.0,1000.0,SKD11040085
6,NC-3153-612BA36-KY-TEMP1,111.0,1000.0,SKD11040085
6,NC-3164-611AA34-KY-TEMP19,111.0,1000.0,SKD11040085
6,NC-3164-611AA30-KY-TEMP27,111.0,1000.0,SKD11040085
6,NC-3139-611BA36-KY-TEMP2,111.0,1000.0,SKD11040085
6,NC-3139-611BA38-KY-TEMP1,111.0,1000.0,SKD11040085
6,NC-3164-611BA30-KY-TEMP2,111.0,1000.0,SKD11040085
6,NC-3164-611AA32-KY-TEMP26,111.0,1000.0,SKD11040085
6,NC-B336-505BA30-F1,21.0,1000.0,SKD11012050
6,NC-3164-611AA34-KY-TEMP20,111.0,1000.0,SKD11040085
6,NC-3153-611AA30-KY-TEMP55,111.0,1000.0,SKD11040085
6,SKD6.95X50X36,125.0,1000.0,SKD11050085
6,SKD8.0X40X75,206.0,1000.0,SKD11040085
6,SKD6G2554-CUT-ONLY-KY-TE1,75.0,1000.0,SKD11025067
6,NC-TS-5486CA16-F1,21.0,1000.0,SKD11012050
6,SKD5.5X40X390,713.0,1000.0,SKD11040057
5,3238-512AA30-M1,63.0,1000.0,SKD11030085
6,3238-512AA30-M1,1.0,1.0,SKD8E3030
5,3238-514AB30-M1,88.0,1000.0,SKD11030085
6,3238-514AB30-M1,1.0,1.0,SKD8E3042
5,3239-512AA30-M1,80.0,1000.0,SKD11030085
6,3239-512AA30-M1,1.0,1.0,SKD8E3038
6,NC-3164-611AA34-KY-TEMP21,111.0,1000.0,SKD11040085
6,NC-3153-611AA30-KY-TEMP56,111.0,1000.0,SKD11040085
6,NC-3164-611AA32-KY-TEMP27,111.0,1000.0,SKD11040085
5,278-621A30-M1,38.0,1000.0,SKD11025055
6,278-621A30-M1,1.0,1.0,SKD5E2532
5,3652-566AA30-M1,57.0,1000.0,SKD11030085
6,3652-566AA30-M1,1.0,1.0,SKD8E3027
5,474-538AA33-M1,53.0,1000.0,SKD11025067
6,474-538AA33-M1,1.0,1.0,SKD6G2538
5,478-521AB34-M1,35.0,1000.0,SKD11022055
6,478-521AB34-M1,1.0,1.0,SKD5E2235
5,3540-513AA34-M1,78.0,1000.0,SKD11030070
6,3540-513AA34-M1,1.0,1.0,SKD7Z3045
5,3652-513AA30-M1,78.0,1000.0,SKD11030070
6,3652-513AA30-M1,1.0,1.0,SKD7Z3045
5,478-624AA30-M1,38.0,1000.0,SKD11025055
6,478-624AA30-M1,1.0,1.0,SKD5E2532
6,SKD7Z3030-CUT-ONLY-KY-TE1,52.0,1000.0,SKD11030070
6,SKD8B2155-CUT-ONLY-KY-TE1,78.0,1000.0,SKD11021082
6,NC-3164-611AA30-KY-TEMP28,111.0,1000.0,SKD11040085
6,NC-3139-612AA30-KY-TEMP11,111.0,1000.0,SKD11040085
6,NC-3139-612BA30-KY-TEMP11,111.0,1000.0,SKD11040085
6,NC-3145-611BA30-KY-TEMP1,111.0,1000.0,SKD11040085
6,NC-3139-611AA34-KY-TEMP17,111.0,1000.0,SKD11040085
6,NC-3139-611BA34-KY-TEMP1,111.0,1000.0,SKD11040085
6,NC-3139-611BA38-KY-TEMP2,111.0,1000.0,SKD11040085
6,NC-3139-611BA32-KY-TEMP1,111.0,1000.0,SKD11040085
6,NC-3153-611AA30-KY-TEMP57,111.0,1000.0,SKD11040085
6,NC-3164-611AA32-KY-TEMP28,111.0,1000.0,SKD11040085
6,NC-5529-505BA34-F1,14.0,1000.0,SKD11012050
5,352-571LA30-M1,21.0,1000.0,SKD11025067
6,352-571LA30-M1,1.0,1.0,SKD6G2515
5,474-513AA38-M1,69.0,1000.0,SKD11025067
6,474-513AA38-M1,1.0,1.0,SKD6G2550
5,474-514AA38-M1,53.0,1000.0,SKD11025067
6,474-514AA38-M1,1.0,1.0,SKD6G2538
5,5517-514BA30-M1,93.0,1000.0,SKD11030070
6,5517-514BA30-M1,1.0,1.0,SKD7Z3054
5,740-514B-M1,93.0,1000.0,SKD11030070
6,740-514B-M1,1.0,1.0,SKD7Z3054
5,5517-516CA30-M1,79.0,1000.0,SKD11027067
6,5517-516CA30-M1,1.0,1.0,SKD6G2753
6,NC-3164-611AA30-KY-TEMP29,111.0,1000.0,SKD11040085
6,NC-3139-611BA32-KY-TEMP2,111.0,1000.0,SKD11040085
6,NC-3164-611AA34-KY-TEMP22,111.0,1000.0,SKD11040085
6,SKD8.45X50X32-SW+G,130.0,1000.0,SKD11-10X50-R-STOCK
6,SKD8E3032-CUT-ONLY-KY-TE1,68.0,1000.0,SKD11030085
6,NC-3164-611AA34-KY-TEMP23,111.0,1000.0,SKD11040085
6,NC-3153-611AA30-KY-TEMP58,111.0,1000.0,SKD11040085
6,NC-3164-611AA30-KY-TEMP30,111.0,1000.0,SKD11040085
6,SKD5.4X35X34,66.0,1000.0,SKD11035067
6,SKD4.2X25X35,41.0,1000.0,SKD11025055
5,478-521AB30-M1,35.0,1000.0,SKD11022055
6,478-521AB30-M1,1.0,1.0,SKD5E2235
6,SKD105021-CUT-ONLY,86.0,1000.0,SKD11-10X50-R-STOCK
5,PT-5154-615AA38-M1,42.0,1000.0,SKD11025067
6,PT-5154-615AA38-M1,1.0,1.0,SKD6G2530
6,NC-5517-505AA34-F1-KK,63.0,1000.0,SKD11022067
6,NC-5518-505AA34-F1-KK,63.0,1000.0,SKD11022067
5,5165-627AA38-M1,85.0,1000.0,SKD11030085
6,5165-627AA38-M1,1.0,1.0,SKD8E3040
5,5165-628AA38-M1,85.0,1000.0,SKD11030085
6,5165-628AA38-M1,1.0,1.0,SKD8E3040
6,SKD9.0X50X390,1570.0,1000.0,SKD11-10X50-R-STOCK
5,5517-513AA34-M1,93.0,1000.0,SKD11030070
6,5517-513AA34-M1,1.0,1.0,SKD7Z3054
5,5517-514AA34-M1,93.0,1000.0,SKD11030070
6,5517-514AA34-M1,1.0,1.0,SKD7Z3054
6,SKD4.8X50X200,551.0,1000.0,SKD11050067
5,5142-512AB34-M1,51.0,1000.0,SKD11022067
6,5142-512AB34-M1,1.0,1.0,SKD6G2242
5,5173-611AA30-M1,22.0,1000.0,SKD11025067
6,5173-611AA30-M1,1.0,1.0,SKD6G2516
6,SKD8.0X50X52,181.0,1000.0,SKD11050085
6,SKD5G4097-CUT-ONLY,212.0,1000.0,SKD11040057
6,SKD6.6X32X40,76.0,1000.0,SKD11032072
6,SKD6.6X32X55,103.0,1000.0,SKD11032072
6,SKD6.65X30X32,56.0,1000.0,SKD11030070
6,SKD6.65X30X35,62.0,1000.0,SKD11030070
6,NC-B336-623AA33-F1,30.0,1000.0,SKD11015067
5,5213-619AA36-M1-DANNASHI,85.0,1000.0,SKD11021082
6,5213-619AA36-M1-DANNASHI,1.0,1.0,SKD8B2160
6,SKD5.95X25X45,62.0,1000.0,SKD11025067
6,SKD8E3048-CUT-ONLY,100.0,1000.0,SKD11030085
6,NC-B336-623AA34-F1,30.0,1000.0,SKD11015067
6,SKD8E3045-CUT-ONLY,96.0,1000.0,SKD11030085
5,3636-514AA34-M1,95.0,1000.0,SKD11030070
6,3636-514AA34-M1,1.0,1.0,SKD7Z3055
5,PT-5165-511AA38-M1,62.0,1000.0,SKD11025067
6,PT-5165-511AA38-M1,1.0,1.0,SKD6G2545
6,SKD8E3051-CUT-ONLY,106.0,1000.0,SKD11030085
6,SKD6.7X40X97,265.0,1000.0,SKD11040085
5,5169-512AA36-M1,125.0,1000.0,SKD11032072
6,5169-512AA36-M1,1.0,1.0,SKD7B3268
5,5169-514AB36-M1,92.0,1000.0,SKD11032072
6,5169-514AB36-M1,1.0,1.0,SKD7B3250
6,MA-5521-505AA24,23.0,1000.0,SKD11012050
6,SKD8B2137-CUT-ONLY,52.0,1000.0,SKD11021082
5,NC-352B-505AC38-F1,44.0,1000.0,SKD11012050
6,NC-352B-505AC38-F1,1.0,1.0,SKD5Z1275
6,MA-5545-505AA30,18.0,1000.0,SKD11012050
5,5165-614AA38-M1,55.0,1000.0,SKD11030085
6,5165-614AA38-M1,1.0,1.0,SKD8E3026
6,SKD6.0X25X30,42.0,1000.0,SKD11025067
5,478-521AB33-M1,35.0,1000.0,SKD11022055
6,478-521AB33-M1,1.0,1.0,SKD5E2235
6,SKD6.0X30X30,52.0,1000.0,SKD11030070
6,SKD6.0X30X40,69.0,1000.0,SKD11030070
6,SKD6.0X25X90,124.0,1000.0,SKD11025067
6,SKD6.0X30X38,66.0,1000.0,SKD11030070
6,SKD7.65X40X35,98.0,1000.0,SKD11040085
5,478-521AB38-M1,35.0,1000.0,SKD11022055
6,478-521AB38-M1,1.0,1.0,SKD5E2235
5,5179-623AA34-M1,50.0,1000.0,SKD11030055
6,5179-623AA34-M1,1.0,1.0,SKD5E3034
5,5165-613AA38-M1,57.0,1000.0,SKD11030085
6,5165-613AA38-M1,1.0,1.0,SKD8E3027
6,SKD6G1576-CUT-ONLY,64.0,1000.0,SKD11015067
5,5176-611AA38-M1,21.0,1000.0,SKD11025067
6,5176-611AA38-M1,1.0,1.0,SKD6G2515
5,5176-612AA38-M1,24.0,1000.0,SKD11022067
6,5176-612AA38-M1,1.0,1.0,SKD6G2218
5,MA-5517-622AA38,36.0,1000.0,SKD11015067
6,MA-5517-622AA38,1.0,1.0,SKD6G1542
5,479-518HA38-M1,66.0,1000.0,SKD11025067
6,479-518HA38-M1,1.0,1.0,SKD6G2548
5,5165-613AA30-M1,57.0,1000.0,SKD11030085
6,5165-613AA30-M1,1.0,1.0,SKD8E3027
6,SKD6.0X35X60,115.0,1000.0,SKD11035067
6,SKD8E40250-CUT-ONLY,685.0,1000.0,SKD11040085
5,5173-612AA30-M1,24.0,1000.0,SKD11022067
6,5173-612AA30-M1,1.0,1.0,SKD6G2218
