ç´ïÔäJénì˙,î≠çsì˙,ëgóßäJénì˙,ê∂éYåééü,ì`ï[ÇmÇè,â¡çHïîî‘,ïîïiñº,ïKóvêî,ñ¢à¯ìñç›å…êî,éËéùÇøç›å…êî,ìæà”êÊíçï∂î‘çÜ,èoå…çœêî
2026/02/02,2026/02/03,2026/01/19,2026021,E000098956,3106-511BB30,KK CAM,91,0,36,,91
2026/02/02,2026/02/03,2026/01/19,2026021,E000098957,3106-512BB30,KT CAM,16,0,8,,16
2026/02/02,2026/02/03,2026/01/19,2026021,E000099310,3106-513BB30,KW CAM,15,0,17,,15
2026/02/17,2026/02/03,2026/02/17,,E000099376,3106-513BB30,KW CAM,30,17,17,PJ-0641003,
2026/02/02,2026/02/03,2026/01/19,2026021,E000098958,3106-514BB30,TK CAM,15,0,10,,15
2026/02/02,2026/02/03,2026/01/19,2026021,E000098959,3106-517BB30,WK CAM,15,0,21,,15
2026/02/17,2026/02/03,2026/02/17,,E000099377,3106-517BB30,WK CAM,30,21,21,PJ-0641004,
2026/03/04,2026/02/03,2026/02/19,2026032,E000099423,3139-511AA34,KNIT CAM,217,97,97,,0
2026/03/04,2026/02/03,2026/02/19,2026032,E000099424,3139-515AA34,GATE CAM A,2,0,29,,2
2026/03/04,2026/02/03,2026/02/19,2026032,E000099425,3139-515BA34,GATE CAM B,2,0,14,,2
2026/03/04,2026/02/03,2026/02/19,2026032,E000099426,3139-611AA34,SINKER CAM,105,46,46,,0
2026/03/04,2026/02/03,2026/02/19,2026032,E000099427,3139-611BA34,SINKER CAM,4,0,3,,4
2026/02/26,2026/02/03,2026/02/10,2026028,E000099349,3139-612AA26,SINKER GATE CAM A,7,0,28,,7
2026/02/02,2026/02/03,2026/01/19,2026021,E000098961,3139-612AA30,SINKER GATE CAM A,2,0,4,,2
2026/02/06,2026/02/03,2026/02/06,,E000099093,3139-612AA30,SINKER GATE CAM A,1,1,4,PM-5167101,
2026/03/19,2026/02/03,2026/03/09,2026036,E000099758,3139-612AA30,SINKER GATE CAM A,4,3,3,,0
2026/03/25,2026/02/03,2026/03/12,2026037,E000099794,3139-612AA30,SINKER GATE CAM A,6,0,0,,0
2026/04/08,2026/02/03,2026/03/27,2026043,E000100343,3139-612AA30,SINKER GATE CAM A,3,0,0,,0
2026/02/04,2026/02/03,2026/01/21,2026022,E000099099,3139-612AA32,SINKER GATE CAM A,3,0,11,,3
2026/03/27,2026/02/03,2026/03/16,2026038,E000099802,3139-612AA32,SINKER GATE CAM A,3,0,11,,3
2026/02/17,2026/02/03,2026/02/02,2026025,E000099333,3139-612AA34,SINKER GATE CAM A,5,0,2,,5
2026/02/24,2026/02/03,2026/02/06,2026027,E000099341,3139-612AA34,SINKER GATE CAM A,4,0,2,,4
2026/03/04,2026/02/03,2026/02/19,2026032,E000099428,3139-612AA34,SINKER GATE CAM A,1,0,2,,1
2026/04/03,2026/02/03,2026/03/24,2026042,E000100223,3139-612AA34,SINKER GATE CAM A,3,2,2,,0
2026/04/15,2026/02/03,2026/04/03,2026045,E000100520,3139-612AA34,SINKER GATE CAM A,2,0,0,,0
2026/04/23,2026/02/03,2026/04/10,2026047,E000100528,3139-612AA34,SINKER GATE CAM A,2,0,0,,0
2026/03/12,2026/02/03,2026/02/27,2026034,E000099565,3139-612AA40,SINKER GATE CAM A,3,0,47,,3
2026/02/24,2026/02/03,2026/02/06,2026027,E000099254,3139-612AA42,SINKER GATE CAM A,1,0,4,,1
2026/02/26,2026/02/03,2026/02/10,2026028,E000099350,3139-612BA26,SINKER GATE CAM B,7,0,26,,7
2026/02/02,2026/02/03,2026/01/19,2026021,E000098962,3139-612BA30,SINKER GATE CAM B,2,0,1,,2
2026/02/06,2026/02/03,2026/02/06,,E000099094,3139-612BA30,SINKER GATE CAM B,1,1,1,PM-5167102,
2026/03/19,2026/02/03,2026/03/09,2026036,E000099759,3139-612BA30,SINKER GATE CAM B,4,0,1,,4
2026/03/25,2026/02/03,2026/03/12,2026037,E000099795,3139-612BA30,SINKER GATE CAM B,6,0,1,,6
2026/04/08,2026/02/03,2026/03/27,2026043,E000100344,3139-612BA30,SINKER GATE CAM B,3,1,1,,0
2026/02/04,2026/02/03,2026/01/21,2026022,E000099100,3139-612BA32,SINKER GATE CAM B,3,0,10,,3
2026/03/27,2026/02/03,2026/03/16,2026038,E000099803,3139-612BA32,SINKER GATE CAM B,3,0,10,,3
2026/02/17,2026/02/03,2026/02/02,2026025,E000099334,3139-612BA34,SINKER GATE CAM B,5,0,5,,5
2026/02/24,2026/02/03,2026/02/06,2026027,E000099342,3139-612BA34,SINKER GATE CAM B,4,0,5,,4
2026/03/04,2026/02/03,2026/02/19,2026032,E000099429,3139-612BA34,SINKER GATE CAM B,1,0,5,,1
2026/04/03,2026/02/03,2026/03/24,2026042,E000100224,3139-612BA34,SINKER GATE CAM B,3,3,5,,0
2026/04/15,2026/02/03,2026/04/03,2026045,E000100521,3139-612BA34,SINKER GATE CAM B,2,2,2,,0
2026/04/23,2026/02/03,2026/04/10,2026047,E000100529,3139-612BA34,SINKER GATE CAM B,2,0,0,,0
2026/03/12,2026/02/03,2026/02/27,2026034,E000099566,3139-612BA40,SINKER GATE CAM B,3,0,47,,3
2026/02/24,2026/02/03,2026/02/06,2026027,E000099255,3139-612BA42,SINKER GATE CAM B,1,0,5,,1
2026/04/23,2026/02/03,2026/04/23,202604,E000100324,3144-511AA30,KNIT CAM,361,37,37,,
2026/04/23,2026/02/03,2026/04/23,202604,E000100325,3144-515AA38,GATE CAM,4,4,4,,
2026/04/23,2026/02/03,2026/04/23,202604,E000100326,3144-611AA30,SINKER CAM,87,26,26,,
2026/04/23,2026/02/03,2026/04/23,202604,E000100327,3144-611BA30,SINKER CAM,4,4,44,,
2026/04/23,2026/02/03,2026/04/23,202604,E000100328,3144-612AA30,SINKER GATE CAM,1,1,2,,
2026/03/04,2026/02/03,2026/03/04,,E000099366,3145-531AA30,KK CAM,300,28,28,PF-9389702,
2026/03/10,2026/02/03,2026/03/10,,E000099827,3145-533AA30,WW CAM,48,18,18,PJ-0641901,
2026/02/26,2026/02/03,2026/02/26,,E000099364,3145-612CA30,SINKER GATE CAM A,1,0,0,PJ-0638702,
2026/02/26,2026/02/03,2026/02/26,,E000099365,3145-612DA30,SINKER GATE CAM B,1,0,0,PJ-0638703,
2026/02/02,2026/02/03,2026/01/19,2026021,E000098963,3147-522AA30,GATE WW CAM,1,0,2,,1
2026/02/25,2026/02/03,2026/02/25,,E000099373,3153-511AA30,KK CAM,250,45,45,PM-5171602,
2026/03/19,2026/02/03,2026/03/09,2026036,E000099760,3153-511AA30,KK CAM,145,0,45,,145
2026/03/19,2026/02/03,2026/03/09,2026036,E000099761,3153-512AA30,KT CAM,48,44,44,,0
2026/03/19,2026/02/03,2026/03/09,2026036,E000099762,3153-512BA30,TK CAM,72,69,69,,0
2026/03/27,2026/02/03,2026/03/16,2026038,E000099804,3153-513AA26,TW CAM,84,24,24,,0
2026/04/27,2026/02/03,2026/04/14,2026048,E000100412,3153-513AA26,TW CAM,21,0,0,,0
2026/03/19,2026/02/03,2026/03/09,2026036,E000099763,3153-513AA30,TW CAM,24,0,96,,24
2026/03/27,2026/02/03,2026/03/16,2026038,E000099805,3153-513BA26,WT CAM,84,50,50,,0
2026/04/27,2026/02/03,2026/04/14,2026048,E000100413,3153-513BA26,WT CAM,21,0,0,,0
2026/03/19,2026/02/03,2026/03/09,2026036,E000099764,3153-513BA30,WT CAM,24,0,125,,24
2026/03/27,2026/02/03,2026/03/16,2026038,E000099806,3153-513CA26,WW CAM,84,13,13,,0
2026/04/27,2026/02/03,2026/04/14,2026048,E000100414,3153-513CA26,WW CAM,21,0,0,,0
2026/03/19,2026/02/03,2026/03/09,2026036,E000099765,3153-513CA30,WW CAM,24,0,98,,24
2026/03/27,2026/02/03,2026/03/16,2026038,E000099807,3153-515AA26,GATE CAM A,8,0,23,,8
2026/04/27,2026/02/03,2026/04/14,2026048,E000100415,3153-515AA26,GATE CAM A,2,2,23,,0
2026/03/19,2026/02/03,2026/03/09,2026036,E000099766,3153-515AA30,GATE CAM A,2,0,27,,2
2026/03/17,2026/02/03,2026/03/17,,E000100221,3153-515AA30,GATE CAM A,2,2,27,PE-2578801,
2026/03/27,2026/02/03,2026/03/16,2026038,E000099808,3153-515BA26,GATE CAM B,8,0,22,,8
2026/04/27,2026/02/03,2026/04/14,2026048,E000100416,3153-515BA26,GATE CAM B,2,2,22,,0
2026/03/19,2026/02/03,2026/03/09,2026036,E000099767,3153-515BA30,GATE CAM B,2,0,22,,2
2026/03/17,2026/02/03,2026/03/17,,E000100222,3153-515BA30,GATE CAM B,2,2,22,PE-2578802,
2026/03/27,2026/02/03,2026/03/16,2026038,E000099809,3153-561AA26,KK CAM,508,52,52,,0
2026/04/27,2026/02/03,2026/04/14,2026048,E000100417,3153-561AA26,KK CAM,127,0,0,,0
2026/03/27,2026/02/03,2026/03/16,2026038,E000099810,3153-562AA26,KT CAM,168,52,52,,0
2026/04/27,2026/02/03,2026/04/14,2026048,E000100418,3153-562AA26,KT CAM,42,0,0,,0
2026/03/27,2026/02/03,2026/03/16,2026038,E000099811,3153-562BA26,TK CAM,252,53,53,,0
2026/04/27,2026/02/03,2026/04/14,2026048,E000100419,3153-562BA26,TK CAM,63,0,0,,0
2026/03/27,2026/02/03,2026/03/16,2026038,E000099812,3153-611AA26,SINKER CAM,340,10,10,,0
2026/04/27,2026/02/03,2026/04/14,2026048,E000100420,3153-611AA26,SINKER CAM,85,0,0,,0
2026/03/19,2026/02/03,2026/03/09,2026036,E000099768,3153-611AA30,SINKER CAM,97,0,7,,97
2026/03/27,2026/02/03,2026/03/16,2026038,E000099813,3153-612AA26,SINKER GATE CAM A,4,0,33,,4
2026/04/27,2026/02/03,2026/04/14,2026048,E000100421,3153-612AA26,SINKER GATE CAM A,1,1,33,,0
2026/03/19,2026/02/03,2026/03/09,2026036,E000099769,3153-612AA30,SINKER GATE CAM A,1,0,8,,1
2026/03/27,2026/02/03,2026/03/16,2026038,E000099814,3153-612BA26,SINKER GATE CAM B,4,0,30,,4
2026/04/27,2026/02/03,2026/04/14,2026048,E000100422,3153-612BA26,SINKER GATE CAM B,1,1,30,,0
2026/03/19,2026/02/03,2026/03/09,2026036,E000099770,3153-612BA30,SINKER GATE CAM B,1,0,9,,1
2026/02/26,2026/02/03,2026/02/10,2026028,E000099351,3164-511AA26,KNIT CAM,1183,18,18,,0
2026/02/04,2026/02/03,2026/01/21,2026022,E000099101,3164-511AA32,KNIT CAM,1251,0,66,,1251
2026/02/10,2026/02/03,2026/02/10,,E000099359,3164-511AA32,KNIT CAM,208,66,66,PM-5171201,
2026/03/27,2026/02/03,2026/03/16,2026038,E000099815,3164-511AA32,KNIT CAM,1251,0,0,,0
2026/02/17,2026/02/03,2026/02/02,2026025,E000099335,3164-511AA34,KNIT CAM,1085,48,48,,0
2026/02/24,2026/02/03,2026/02/06,2026027,E000099343,3164-511AA34,KNIT CAM,868,0,0,,0
2026/04/03,2026/02/03,2026/03/24,2026042,E000100225,3164-511AA34,KNIT CAM,1299,0,0,,0
2026/04/15,2026/02/03,2026/04/03,2026045,E000100522,3164-511AA34,KNIT CAM,866,0,0,,0
2026/04/23,2026/02/03,2026/04/10,2026047,E000100530,3164-511AA34,KNIT CAM,866,0,0,,0
2026/03/12,2026/02/03,2026/02/27,2026034,E000099567,3164-511AA40,KNIT CAM,771,10,10,,0
2026/02/24,2026/02/03,2026/02/06,2026027,E000099256,3164-511AA42,KNIT CAM,411,16,16,,0
2026/02/02,2026/02/03,2026/01/19,2026021,E000098964,3164-511AB30,KNIT CAM,386,0,224,,386
2026/03/19,2026/02/03,2026/03/09,2026036,E000099771,3164-511AB30,KNIT CAM,1156,224,224,,0
2026/03/25,2026/02/03,2026/03/12,2026037,E000099796,3164-511AB30,KNIT CAM,1734,0,0,,0
2026/04/08,2026/02/03,2026/03/27,2026043,E000100345,3164-511AB30,KNIT CAM,579,0,0,,0
2026/02/26,2026/02/03,2026/02/10,2026028,E000099352,3164-512AA26,TUCK CAM,588,75,75,,0
2026/02/04,2026/02/03,2026/01/21,2026022,E000099102,3164-512AA32,TUCK CAM,624,624,655,,0
2026/02/10,2026/02/03,2026/02/10,,E000099360,3164-512AA32,TUCK CAM,104,31,31,PM-5171202,
2026/03/27,2026/02/03,2026/03/16,2026038,E000099816,3164-512AA32,TUCK CAM,624,0,0,,0
2026/02/17,2026/02/03,2026/02/02,2026025,E000099336,3164-512AA34,TUCK CAM,540,85,85,,0
2026/02/24,2026/02/03,2026/02/06,2026027,E000099344,3164-512AA34,TUCK CAM,432,0,0,,0
2026/04/03,2026/02/03,2026/03/24,2026042,E000100226,3164-512AA34,TUCK CAM,648,0,0,,0
2026/04/15,2026/02/03,2026/04/03,2026045,E000100523,3164-512AA34,TUCK CAM,432,0,0,,0
2026/04/23,2026/02/03,2026/04/10,2026047,E000100531,3164-512AA34,TUCK CAM,432,0,0,,0
2026/03/12,2026/02/03,2026/02/27,2026034,E000099568,3164-512AA40,TUCK CAM,384,13,13,,0
2026/02/24,2026/02/03,2026/02/06,2026027,E000099257,3164-512AA42,TUCK CAM,210,6,6,,0
2026/02/02,2026/02/03,2026/01/19,2026021,E000098965,3164-512AB30,TUCK CAM,192,0,84,,192
2026/03/19,2026/02/03,2026/03/09,2026036,E000099772,3164-512AB30,TUCK CAM,576,84,84,,0
2026/03/25,2026/02/03,2026/03/12,2026037,E000099797,3164-512AB30,TUCK CAM,864,0,0,,0
2026/04/08,2026/02/03,2026/03/27,2026043,E000100346,3164-512AB30,TUCK CAM,288,0,0,,0
2026/02/26,2026/02/03,2026/02/10,2026028,E000099353,3164-513AA26,WELT CAM,588,72,72,,0
2026/02/04,2026/02/03,2026/01/21,2026022,E000099103,3164-513AA32,WELT CAM,468,468,520,,0
2026/02/10,2026/02/03,2026/02/10,,E000099361,3164-513AA32,WELT CAM,96,52,52,PM-5171203,
2026/03/27,2026/02/03,2026/03/16,2026038,E000099817,3164-513AA32,WELT CAM,468,0,0,,0
2026/02/17,2026/02/03,2026/02/02,2026025,E000099337,3164-513AA34,WELT CAM,540,113,113,,0
2026/02/24,2026/02/03,2026/02/06,2026027,E000099345,3164-513AA34,WELT CAM,432,0,0,,0
2026/04/03,2026/02/03,2026/03/24,2026042,E000100227,3164-513AA34,WELT CAM,648,0,0,,0
2026/04/15,2026/02/03,2026/04/03,2026045,E000100524,3164-513AA34,WELT CAM,432,0,0,,0
2026/04/23,2026/02/03,2026/04/10,2026047,E000100532,3164-513AA34,WELT CAM,432,0,0,,0
2026/03/12,2026/02/03,2026/02/27,2026034,E000099569,3164-513AA40,WELT CAM,384,13,13,,0
2026/02/24,2026/02/03,2026/02/06,2026027,E000099258,3164-513AA42,WELT CAM,140,4,4,,0
2026/02/02,2026/02/03,2026/01/19,2026021,E000098966,3164-513AB30,WELT CAM,192,0,99,,192
2026/03/19,2026/02/03,2026/03/09,2026036,E000099773,3164-513AB30,WELT CAM,576,99,99,,0
2026/03/25,2026/02/03,2026/03/12,2026037,E000099798,3164-513AB30,WELT CAM,864,0,0,,0
2026/04/08,2026/02/03,2026/03/27,2026043,E000100347,3164-513AB30,WELT CAM,288,0,0,,0
2026/02/06,2026/02/03,2026/02/06,,E000099096,3164-514AB30,WELT CAM,4,4,11,PM-5167104,
2026/02/26,2026/02/03,2026/02/10,2026028,E000099354,3164-515AA26,GATE CAM A,28,20,20,,0
2026/02/04,2026/02/03,2026/01/21,2026022,E000099104,3164-515AA32,GATE CAM A,12,0,31,,12
2026/02/10,2026/02/03,2026/02/10,,E000099362,3164-515AA32,GATE CAM A,2,2,31,PM-5171204,
2026/03/27,2026/02/03,2026/03/16,2026038,E000099818,3164-515AA32,GATE CAM A,12,0,31,,12
2026/02/17,2026/02/03,2026/02/02,2026025,E000099338,3164-515AA34,GATE CAM A,20,20,24,,0
2026/02/24,2026/02/03,2026/02/06,2026027,E000099346,3164-515AA34,GATE CAM A,16,4,4,,0
2026/04/03,2026/02/03,2026/03/24,2026042,E000100228,3164-515AA34,GATE CAM A,12,0,0,,0
2026/04/15,2026/02/03,2026/04/03,2026045,E000100525,3164-515AA34,GATE CAM A,8,0,0,,0
2026/04/23,2026/02/03,2026/04/10,2026047,E000100533,3164-515AA34,GATE CAM A,8,0,0,,0
2026/03/12,2026/02/03,2026/02/27,2026034,E000099570,3164-515AA40,GATE CAM A,12,0,25,,12
2026/02/24,2026/02/03,2026/02/06,2026027,E000099259,3164-515AA42,GATE CAM A,4,3,3,,0
2026/02/02,2026/02/03,2026/01/19,2026021,E000098967,3164-515AB30,GATE CAM A,8,0,0,,8
2026/03/19,2026/02/03,2026/03/09,2026036,E000099774,3164-515AB30,GATE CAM A,16,0,0,,16
2026/03/25,2026/02/03,2026/03/12,2026037,E000099799,3164-515AB30,GATE CAM A,24,0,0,,24
2026/04/08,2026/02/03,2026/03/27,2026043,E000100348,3164-515AB30,GATE CAM A,12,0,0,,0
2026/02/26,2026/02/03,2026/02/10,2026028,E000099355,3164-515BA26,GATE CAM B,28,20,20,,0
2026/02/04,2026/02/03,2026/01/21,2026022,E000099105,3164-515BA32,GATE CAM B,12,0,43,,12
2026/02/10,2026/02/03,2026/02/10,,E000099363,3164-515BA32,GATE CAM B,2,2,43,PM-5171205,
2026/03/27,2026/02/03,2026/03/16,2026038,E000099819,3164-515BA32,GATE CAM B,12,0,43,,12
2026/02/17,2026/02/03,2026/02/02,2026025,E000099339,3164-515BA34,GATE CAM B,20,20,29,,0
2026/02/24,2026/02/03,2026/02/06,2026027,E000099347,3164-515BA34,GATE CAM B,16,9,9,,0
2026/04/03,2026/02/03,2026/03/24,2026042,E000100229,3164-515BA34,GATE CAM B,12,0,0,,0
2026/04/15,2026/02/03,2026/04/03,2026045,E000100526,3164-515BA34,GATE CAM B,8,0,0,,0
2026/04/23,2026/02/03,2026/04/10,2026047,E000100534,3164-515BA34,GATE CAM B,8,0,0,,0
2026/03/12,2026/02/03,2026/02/27,2026034,E000099571,3164-515BA40,GATE CAM B,12,0,33,,12
2026/02/24,2026/02/03,2026/02/06,2026027,E000099260,3164-515BA42,GATE CAM B,4,2,2,,0
2026/02/02,2026/02/03,2026/01/19,2026021,E000098968,3164-515BB30,GATE CAM B,8,0,0,,8
2026/03/19,2026/02/03,2026/03/09,2026036,E000099775,3164-515BB30,GATE CAM B,16,0,0,,16
2026/03/25,2026/02/03,2026/03/12,2026037,E000099800,3164-515BB30,GATE CAM B,24,0,0,,24
2026/04/08,2026/02/03,2026/03/27,2026043,E000100349,3164-515BB30,GATE CAM B,12,0,0,,0
2026/02/06,2026/02/03,2026/02/06,,E000099097,3164-521AA30,KNIT CAM,192,192,207,PM-5167105,
2026/02/26,2026/02/03,2026/02/10,2026028,E000099356,3164-611AA26,SINKER CAM,595,23,23,,0
2026/02/02,2026/02/03,2026/01/19,2026021,E000098969,3164-611AA30,SINKER CAM,194,0,205,,194
2026/02/06,2026/02/03,2026/02/06,,E000099095,3164-611AA30,SINKER CAM,96,96,205,PM-5167103,
2026/03/19,2026/02/03,2026/03/09,2026036,E000099776,3164-611AA30,SINKER CAM,388,109,109,,0
2026/03/25,2026/02/03,2026/03/12,2026037,E000099801,3164-611AA30,SINKER CAM,582,0,0,,0
2026/04/08,2026/02/03,2026/03/27,2026043,E000100350,3164-611AA30,SINKER CAM,291,0,0,,0
2026/02/04,2026/02/03,2026/01/21,2026022,E000099106,3164-611AA32,SINKER CAM,315,0,85,,315
2026/03/27,2026/02/03,2026/03/16,2026038,E000099820,3164-611AA32,SINKER CAM,159,85,85,,0
2026/02/17,2026/02/03,2026/02/02,2026025,E000099340,3164-611AA34,SINKER CAM,545,545,675,,0
2026/02/24,2026/02/03,2026/02/06,2026027,E000099348,3164-611AA34,SINKER CAM,436,130,130,,0
2026/04/03,2026/02/03,2026/03/24,2026042,E000100230,3164-611AA34,SINKER CAM,327,0,0,,0
2026/04/15,2026/02/03,2026/04/03,2026045,E000100527,3164-611AA34,SINKER CAM,218,0,0,,0
2026/04/23,2026/02/03,2026/04/10,2026047,E000100535,3164-611AA34,SINKER CAM,218,0,0,,0
2026/03/12,2026/02/03,2026/02/27,2026034,E000099572,3164-611AA40,SINKER CAM,387,11,11,,0
2026/02/24,2026/02/03,2026/02/06,2026027,E000099261,3164-611AA42,SINKER CAM,137,8,8,,0
2026/03/10,2026/02/03,2026/02/25,2026033,E000099526,3166-511AA15,KNIT CAM,57,0,0,,57
2026/03/23,2026/02/03,2026/03/23,,E000100492,3166-521AA15,KNIT CAM,150,22,22,PM-5178601,
2026/03/23,2026/02/03,2026/03/23,,E000100495,3166-521AA18,KNIT CAM,300,44,44,PM-5178604,
2026/03/30,2026/02/03,2026/03/30,,E000100498,3166-521AA22,KNIT CAM,350,34,34,PM-5178607,
2026/03/23,2026/02/03,2026/03/23,,E000100493,3166-522AA15,TUCK CAM,50,24,24,PM-5178602,
2026/03/23,2026/02/03,2026/03/23,,E000100496,3166-522AA18,TUCK CAM,125,34,34,PM-5178605,
2026/03/30,2026/02/03,2026/03/30,,E000100499,3166-522AA22,TUCK CAM,100,29,29,PM-5178608,
2026/03/23,2026/02/03,2026/03/23,,E000100494,3166-523AA15,WELT CAM,75,19,19,PM-5178603,
2026/03/23,2026/02/03,2026/03/23,,E000100497,3166-523AA18,WELT CAM,225,68,68,PM-5178606,
2026/03/30,2026/02/03,2026/03/30,,E000100500,3166-523AA22,WELT CAM,250,31,31,PM-5178609,
2026/03/10,2026/02/03,2026/02/25,2026033,E000099498,3166-591AA,NEEDLE ARRANGE CAM,1,0,9,,1
2026/03/10,2026/02/03,2026/02/25,2026033,E000099527,3166-611AA14,SINKER CAM,55,0,0,,0
2026/03/10,2026/02/03,2026/02/25,2026033,E000099528,3166-611BA14,SINKER CAM,2,0,0,,0
2026/03/10,2026/02/03,2026/02/25,2026033,E000099529,3166-691AA14,SINKER ARRANGE CAM,1,0,4,,1
2026/02/09,2026/02/03,2026/01/26,2026023,E000099031,3167-521AA34,KNIT CAM,1355,0,65,,1355
2026/03/04,2026/02/03,2026/02/19,2026032,E000099430,3167-521AA34,KNIT CAM,1355,65,65,,0
2026/03/12,2026/02/03,2026/02/27,2026034,E000099573,3167-521AA34,KNIT CAM,1355,0,0,,0
2026/03/17,2026/02/03,2026/03/04,2026035,E000099579,3167-521AA34,KNIT CAM,1355,0,0,,0
2026/04/03,2026/02/03,2026/03/24,2026042,E000099936,3167-521AA34,KNIT CAM,1535,0,0,,0
2026/04/10,2026/02/03,2026/03/31,2026044,E000100018,3167-521AA34,KNIT CAM,1535,0,0,,0
2026/04/20,2026/02/03,2026/04/07,2026046,E000100098,3167-521AA34,KNIT CAM,1535,0,0,,0
2026/04/27,2026/02/03,2026/04/14,2026048,E000100159,3167-521AA34,KNIT CAM,1535,0,0,,0
2026/05/08,2026/02/03,2026/04/22,2026052,E000100582,3167-521AA34,KNIT CAM,1535,0,0,,0
2026/05/14,2026/02/03,2026/04/30,2026054,E000100639,3167-521AA34,KNIT CAM,1535,0,0,,0
2026/02/09,2026/02/03,2026/01/26,2026023,E000099032,3167-522AA34,TUCK CAM,450,450,474,,0
2026/03/04,2026/02/03,2026/02/19,2026032,E000099431,3167-522AA34,TUCK CAM,450,24,24,,0
2026/03/12,2026/02/03,2026/02/27,2026034,E000099574,3167-522AA34,TUCK CAM,450,0,0,,0
2026/03/17,2026/02/03,2026/03/04,2026035,E000099580,3167-522AA34,TUCK CAM,450,0,0,,0
2026/04/03,2026/02/03,2026/03/24,2026042,E000099937,3167-522AA34,TUCK CAM,510,0,0,,0
2026/04/10,2026/02/03,2026/03/31,2026044,E000100019,3167-522AA34,TUCK CAM,510,0,0,,0
2026/04/20,2026/02/03,2026/04/07,2026046,E000100099,3167-522AA34,TUCK CAM,510,0,0,,0
2026/04/27,2026/02/03,2026/04/14,2026048,E000100160,3167-522AA34,TUCK CAM,510,0,0,,0
2026/05/08,2026/02/03,2026/04/22,2026052,E000100583,3167-522AA34,TUCK CAM,510,0,0,,0
2026/05/14,2026/02/03,2026/04/30,2026054,E000100640,3167-522AA34,TUCK CAM,510,0,0,,0
2026/02/09,2026/02/03,2026/01/26,2026023,E000099033,3167-523AA34,WELT CAM,450,450,512,,0
2026/03/04,2026/02/03,2026/02/19,2026032,E000099432,3167-523AA34,WELT CAM,450,62,62,,0
2026/03/12,2026/02/03,2026/02/27,2026034,E000099575,3167-523AA34,WELT CAM,450,0,0,,0
2026/03/17,2026/02/03,2026/03/04,2026035,E000099581,3167-523AA34,WELT CAM,450,0,0,,0
2026/04/03,2026/02/03,2026/03/24,2026042,E000099938,3167-523AA34,WELT CAM,510,0,0,,0
2026/04/10,2026/02/03,2026/03/31,2026044,E000100020,3167-523AA34,WELT CAM,510,0,0,,0
2026/04/20,2026/02/03,2026/04/07,2026046,E000100100,3167-523AA34,WELT CAM,510,0,0,,0
2026/04/27,2026/02/03,2026/04/14,2026048,E000100161,3167-523AA34,WELT CAM,510,0,0,,0
2026/05/08,2026/02/03,2026/04/22,2026052,E000100584,3167-523AA34,WELT CAM,510,0,0,,0
2026/05/14,2026/02/03,2026/04/30,2026054,E000100641,3167-523AA34,WELT CAM,510,0,0,,0
2026/02/09,2026/02/03,2026/01/26,2026023,E000099034,3167-525AA30,GATE CAM,20,0,22,,20
2026/03/04,2026/02/03,2026/02/19,2026032,E000099433,3167-525AA30,GATE CAM,20,20,22,,0
2026/03/12,2026/02/03,2026/02/27,2026034,E000099576,3167-525AA30,GATE CAM,20,2,2,,0
2026/03/17,2026/02/03,2026/03/04,2026035,E000099582,3167-525AA30,GATE CAM,20,0,0,,0
2026/04/03,2026/02/03,2026/03/24,2026042,E000099939,3167-525AA34,GATE CAM,20,14,14,,0
2026/04/10,2026/02/03,2026/03/31,2026044,E000100021,3167-525AA34,GATE CAM,20,0,0,,0
2026/04/20,2026/02/03,2026/04/07,2026046,E000100101,3167-525AA34,GATE CAM,20,0,0,,0
2026/04/27,2026/02/03,2026/04/14,2026048,E000100162,3167-525AA34,GATE CAM,20,0,0,,0
2026/05/08,2026/02/03,2026/04/22,2026052,E000100585,3167-525AA34,GATE CAM,20,0,0,,0
2026/05/14,2026/02/03,2026/04/30,2026054,E000100642,3167-525AA34,GATE CAM,20,0,0,,0
2026/02/09,2026/02/03,2026/01/26,2026023,E000099035,3167-611AA34,SINKER CAM,455,0,37,,455
2026/03/04,2026/02/03,2026/02/19,2026032,E000099434,3167-611AA34,SINKER CAM,455,37,37,,0
2026/03/12,2026/02/03,2026/02/27,2026034,E000099577,3167-611AA34,SINKER CAM,455,0,0,,0
2026/03/17,2026/02/03,2026/03/04,2026035,E000099583,3167-611AA34,SINKER CAM,455,0,0,,0
2026/04/03,2026/02/03,2026/03/24,2026042,E000099940,3167-611AA34,SINKER CAM,515,0,0,,0
2026/04/10,2026/02/03,2026/03/31,2026044,E000100022,3167-611AA34,SINKER CAM,515,0,0,,0
2026/04/20,2026/02/03,2026/04/07,2026046,E000100102,3167-611AA34,SINKER CAM,515,0,0,,0
2026/04/27,2026/02/03,2026/04/14,2026048,E000100163,3167-611AA34,SINKER CAM,515,0,0,,0
2026/05/08,2026/02/03,2026/04/22,2026052,E000100586,3167-611AA34,SINKER CAM,515,0,0,,0
2026/05/14,2026/02/03,2026/04/30,2026054,E000100643,3167-611AA34,SINKER CAM,515,0,0,,0
2026/02/09,2026/02/03,2026/01/26,2026023,E000099036,3167-612AA34,SINKER GATE CAM,5,0,12,,5
2026/03/04,2026/02/03,2026/02/19,2026032,E000099435,3167-612AA34,SINKER GATE CAM,5,5,12,,0
2026/03/12,2026/02/03,2026/02/27,2026034,E000099578,3167-612AA34,SINKER GATE CAM,5,5,7,,0
2026/03/17,2026/02/03,2026/03/04,2026035,E000099584,3167-612AA34,SINKER GATE CAM,5,2,2,,0
2026/04/03,2026/02/03,2026/03/24,2026042,E000099941,3167-612AA34,SINKER GATE CAM,5,0,0,,0
2026/04/10,2026/02/03,2026/03/31,2026044,E000100023,3167-612AA34,SINKER GATE CAM,5,0,0,,0
2026/04/20,2026/02/03,2026/04/07,2026046,E000100103,3167-612AA34,SINKER GATE CAM,5,0,0,,0
2026/04/27,2026/02/03,2026/04/14,2026048,E000100164,3167-612AA34,SINKER GATE CAM,5,0,0,,0
2026/05/08,2026/02/03,2026/04/22,2026052,E000100587,3167-612AA34,SINKER GATE CAM,5,0,0,,0
2026/05/14,2026/02/03,2026/04/30,2026054,E000100644,3167-612AA34,SINKER GATE CAM,5,0,0,,0
2026/02/09,2026/02/03,2026/01/26,2026023,E000099154,3238-511BA,STITCH CAM,194,194,276,,0
2026/02/12,2026/02/03,2026/01/28,2026024,E000099179,3238-511BA,STITCH CAM,291,82,82,,0
2026/02/17,2026/02/03,2026/02/02,2026025,E000099204,3238-511BA,STITCH CAM,170,0,0,,0
2026/02/19,2026/02/03,2026/02/04,2026026,E000099229,3238-511BA,STITCH CAM,255,0,0,,0
2026/03/19,2026/02/03,2026/03/09,2026036,E000099838,3238-511BA,STITCH CAM,181,0,0,,0
2026/03/19,2026/02/03,2026/03/09,2026036,E000099839,3238-512AB30,KNIT CAM,181,17,17,,0
2026/03/19,2026/02/03,2026/03/09,2026036,E000099840,3238-513AB30,TUCK CAM,120,19,19,,0
2026/03/19,2026/02/03,2026/03/09,2026036,E000099841,3238-514AB30,WELT CAM,90,19,19,,0
2026/03/19,2026/02/03,2026/03/09,2026036,E000099842,3238-515AA30,SEGMENT CAM,4,0,6,,4
2026/02/09,2026/02/03,2026/01/26,2026023,E000099155,3238-521AA,STITCH CAM,96,96,175,,0
2026/02/12,2026/02/03,2026/01/28,2026024,E000099180,3238-521AA,STITCH CAM,144,79,79,,0
2026/02/17,2026/02/03,2026/02/02,2026025,E000099205,3238-521AA,STITCH CAM,84,0,0,,0
2026/02/19,2026/02/03,2026/02/04,2026026,E000099230,3238-521AA,STITCH CAM,126,0,0,,0
2026/03/19,2026/02/03,2026/03/09,2026036,E000099843,3238-611AB30,SINKER CAM,61,3,3,,0
2026/03/19,2026/02/03,2026/03/09,2026036,E000099844,3238-612AB30,SINKER GATE CAM,1,0,1,,1
2026/02/17,2026/02/03,2026/02/02,2026025,E000099206,3239-512AA26,KNIT CAM,170,28,28,,0
2026/02/19,2026/02/03,2026/02/04,2026026,E000099231,3239-512AA26,KNIT CAM,255,0,0,,0
2026/02/09,2026/02/03,2026/01/26,2026023,E000099156,3239-512AB30,KNIT CAM,194,194,303,,0
2026/02/12,2026/02/03,2026/01/28,2026024,E000099181,3239-512AB30,KNIT CAM,291,109,109,,0
2026/02/17,2026/02/03,2026/02/02,2026025,E000099207,3239-513AA26,TUCK CAM,84,22,22,,0
2026/02/19,2026/02/03,2026/02/04,2026026,E000099232,3239-513AA26,TUCK CAM,126,0,0,,0
2026/02/09,2026/02/03,2026/01/26,2026023,E000099157,3239-513AB30,TUCK CAM,96,79,79,,0
2026/02/12,2026/02/03,2026/01/28,2026024,E000099182,3239-513AB30,TUCK CAM,144,0,0,,0
2026/02/17,2026/02/03,2026/02/02,2026025,E000099208,3239-514AB26,WELT CAM,84,12,12,,0
2026/02/19,2026/02/03,2026/02/04,2026026,E000099233,3239-514AB26,WELT CAM,126,0,0,,0
2026/02/09,2026/02/03,2026/01/26,2026023,E000099158,3239-514AC30,WELT CAM,96,64,64,,0
2026/02/12,2026/02/03,2026/01/28,2026024,E000099183,3239-514AC30,WELT CAM,144,0,0,,0
2026/02/17,2026/02/03,2026/02/02,2026025,E000099209,3239-515AA26,SEGMENT CAM,8,0,2,,8
2026/02/19,2026/02/03,2026/02/04,2026026,E000099234,3239-515AA26,SEGMENT CAM,12,0,2,,12
2026/02/09,2026/02/03,2026/01/26,2026023,E000099159,3239-515AB30,SEGMENT CAM,8,0,0,,8
2026/02/12,2026/02/03,2026/01/28,2026024,E000099184,3239-515AB30,SEGMENT CAM,12,0,0,,12
2026/02/17,2026/02/03,2026/02/02,2026025,E000099210,3239-611AA26,SINKER CAM,86,47,47,,0
2026/02/19,2026/02/03,2026/02/04,2026026,E000099235,3239-611AA26,SINKER CAM,129,0,0,,0
2026/02/09,2026/02/03,2026/01/26,2026023,E000099160,3239-611AB34,SINKER CAM,98,0,7,,98
2026/02/12,2026/02/03,2026/01/28,2026024,E000099185,3239-611AB34,SINKER CAM,147,7,7,,0
2026/02/17,2026/02/03,2026/02/02,2026025,E000099211,3239-612AA26,SINKER GATE CAM,2,0,15,,2
2026/02/19,2026/02/03,2026/02/04,2026026,E000099236,3239-612AA26,SINKER GATE CAM,3,0,15,,3
2026/02/09,2026/02/03,2026/01/26,2026023,E000099161,3239-612AB34,SINKER GATE CAM,2,0,11,,2
2026/02/12,2026/02/03,2026/01/28,2026024,E000099186,3239-612AB34,SINKER GATE CAM,3,0,11,,3
2026/01/07,2026/02/03,2025/12/17,2026012,E000098586,335-515AA33,DROPLESS GUARD CAM,42,0,29,,42
2026/04/03,2026/02/03,2026/03/24,2026042,E000099935,335-515AA33,DROPLESS GUARD CAM,108,29,29,,0
2026/04/10,2026/02/03,2026/03/31,2026044,E000100017,335-515AA33,DROPLESS GUARD CAM,108,0,0,,0
2026/01/07,2026/02/03,2025/12/17,2026012,E000098587,335-611BB33,STITCH CAM,43,0,9,,43
2026/01/07,2026/02/03,2025/12/17,2026012,E000098588,352-575AA30,DROPLESS GUARD CAM,42,0,33,,42
2026/02/18,2026/02/03,2026/02/18,,E000100335,352-672AA33,OUTER GUARD CAM,1,0,0,PE-2579501,
2026/03/04,2026/02/03,2026/02/19,2026032,E000099436,352B-506AA33,NEEDLE GUARD,108,33,33,,0
2026/03/04,2026/02/03,2026/02/19,2026032,E000099437,352B-506BA33,NEEDLE GUARD,3,0,6,,3
2026/02/19,2026/02/03,2026/02/04,2026026,E000099283,3538-505AA34,PIECE SET PLATE,84,32,32,,0
2026/03/10,2026/02/03,2026/02/25,2026033,E000099530,3538-505AA34,PIECE SET PLATE,42,0,0,,0
2026/02/19,2026/02/03,2026/02/04,2026026,E000099284,3538-505BA34,PIECE SET PLATE,2,0,15,,2
2026/03/10,2026/02/03,2026/02/25,2026033,E000099531,3538-505BA34,PIECE SET PLATE,1,0,15,,1
2026/03/10,2026/02/03,2026/02/25,2026033,E000099532,3538-531AA30,STITCH CAM,85,10,10,,0
2026/03/10,2026/02/03,2026/02/25,2026033,E000099533,3538-532AA34,NEEDLE GUARD CAM,84,0,0,,0
2026/03/10,2026/02/03,2026/02/25,2026033,E000099534,3538-533AA34,JACK GUARD CAM,84,0,0,,0
2026/03/10,2026/02/03,2026/02/25,2026033,E000099535,3538-534AA34,JACK RAISING CAM,85,0,0,,0
2026/03/10,2026/02/03,2026/02/25,2026033,E000099536,3538-535AA34,DROPLESS GUARD CAM,84,0,0,,0
2026/03/10,2026/02/03,2026/02/25,2026033,E000099537,3538-536AA34,GATE CAM,1,0,0,,0
2026/03/10,2026/02/03,2026/02/25,2026033,E000099538,3538-537AA34,GATE CAM,1,0,0,,0
2026/03/10,2026/02/03,2026/02/25,2026033,E000099539,3538-538AA34,GATE CAM,1,0,0,,0
2026/02/19,2026/02/03,2026/02/04,2026026,E000099285,3538-541AB34,JACK GUARD ARC CAM,84,28,28,,0
2026/03/10,2026/02/03,2026/02/25,2026033,E000099540,3538-541AB34,JACK GUARD ARC CAM,42,0,0,,0
2026/02/19,2026/02/03,2026/02/04,2026026,E000099286,3538-542AA34,JACK GUARD ARC CAM,2,0,26,,2
2026/03/10,2026/02/03,2026/02/25,2026033,E000099541,3538-542AA34,JACK GUARD ARC CAM,1,0,26,,1
2026/02/19,2026/02/03,2026/02/04,2026026,E000099287,3538-566AB34,JACK GUARD CAM,168,16,16,,0
2026/03/10,2026/02/03,2026/02/25,2026033,E000099542,3538-566AB34,JACK GUARD CAM,84,0,0,,0
2026/02/19,2026/02/03,2026/02/04,2026026,E000099288,3538-566BA34,JACK GUARD CAM,168,46,46,,0
2026/03/10,2026/02/03,2026/02/25,2026033,E000099543,3538-566BA34,JACK GUARD CAM,84,0,0,,0
2026/02/19,2026/02/03,2026/02/04,2026026,E000099289,3538-566CA34,JACK GUARD CAM,2,0,1,,2
2026/03/10,2026/02/03,2026/02/25,2026033,E000099544,3538-566CA34,JACK GUARD CAM,1,0,1,,1
2026/02/19,2026/02/03,2026/02/04,2026026,E000099290,3538-566DA34,JACK GUARD CAM,2,0,2,,2
2026/03/10,2026/02/03,2026/02/25,2026033,E000099545,3538-566DA34,JACK GUARD CAM,1,0,2,,1
2026/02/19,2026/02/03,2026/02/04,2026026,E000099291,3538-569AB34,CANCELLING CAM,170,75,75,,0
2026/03/10,2026/02/03,2026/02/25,2026033,E000099546,3538-569AB34,CANCELLING CAM,85,0,0,,0
2026/02/19,2026/02/03,2026/02/04,2026026,E000099292,3538-569BA34,CANCELLING CAM,170,36,36,,0
2026/03/10,2026/02/03,2026/02/25,2026033,E000099547,3538-569BA34,CANCELLING CAM,85,0,0,,0
2026/02/19,2026/02/03,2026/02/04,2026026,E000099293,3538-570AC34,RAISING CAM,168,73,73,,0
2026/03/10,2026/02/03,2026/02/25,2026033,E000099548,3538-570AC34,RAISING CAM,84,0,0,,0
2026/02/19,2026/02/03,2026/02/04,2026026,E000099294,3538-570BD34,RAISING CAM,168,81,81,,0
2026/03/10,2026/02/03,2026/02/25,2026033,E000099549,3538-570BD34,RAISING CAM,84,0,0,,0
2026/02/19,2026/02/03,2026/02/04,2026026,E000099295,3538-570CB34,GATE CAM,4,2,2,,0
2026/03/10,2026/02/03,2026/02/25,2026033,E000099550,3538-570CB34,GATE CAM,2,0,0,,0
2026/03/10,2026/02/03,2026/02/25,2026033,E000099551,3538-591BA34,NEEDLE ARRANGE CAM,1,0,1,,1
2026/03/10,2026/02/03,2026/02/25,2026033,E000099552,3538-592AB34,JACK ARRANGE CAM,1,0,2,,1
2026/03/10,2026/02/03,2026/02/25,2026033,E000099553,3538-593AA34,JACK ARRANGE CAM,1,0,2,,1
2026/03/10,2026/02/03,2026/02/25,2026033,E000099554,3538-611AB34,SINKER CAM,82,8,8,,0
2026/03/10,2026/02/03,2026/02/25,2026033,E000099555,3538-611BB34,SINKER CAM,3,0,0,,0
2026/03/10,2026/02/03,2026/02/25,2026033,E000099556,3538-612AB34,SINKER GATE CAM,1,0,0,,1
2026/03/02,2026/02/03,2026/03/02,,E000100519,355-611A33,STITCH CAM,48,2,2,PJ-0645801,
2026/02/19,2026/02/03,2026/02/04,2026026,E000099296,3550-511AA30,STITCH CAM,170,89,89,,0
2026/02/19,2026/02/03,2026/02/04,2026026,E000099297,3550-512AA34,NEEDLE GUARD CAM,168,112,112,,0
2026/02/19,2026/02/03,2026/02/04,2026026,E000099298,3550-513AA34,JACK GUARD CAM,168,99,99,,0
2026/02/19,2026/02/03,2026/02/04,2026026,E000099299,3550-514AA34,JACK RAISING CAM,170,64,64,,0
2026/02/19,2026/02/03,2026/02/04,2026026,E000099300,3550-516AA34,GATE CAM,2,0,1,,2
2026/02/19,2026/02/03,2026/02/04,2026026,E000099301,3550-517AA34,GATE CAM,2,0,8,,2
2026/02/19,2026/02/03,2026/02/04,2026026,E000099302,3550-518AB34,GATE CAM,2,0,1,,2
2026/02/19,2026/02/03,2026/02/04,2026026,E000099303,3550-591AA34,NEEDLE ARRANGE CAM,2,1,1,,0
2026/02/19,2026/02/03,2026/02/04,2026026,E000099304,3550-592AB34,JACK ARRANGE CAM,2,0,1,,2
2026/02/19,2026/02/03,2026/02/04,2026026,E000099305,3550-593AA34,JACK ARRANGE CAM,2,0,1,,2
2026/02/19,2026/02/03,2026/02/04,2026026,E000099306,3550-611AB34,SINKER CAM,164,34,34,,0
2026/02/19,2026/02/03,2026/02/04,2026026,E000099307,3550-611PB34,SINKER CAM,4,2,2,,0
2026/02/19,2026/02/03,2026/02/04,2026026,E000099308,3550-612AB34,SINKER CAM,2,0,3,,2
2026/02/19,2026/02/03,2026/02/04,2026026,E000099309,3550-613AB34,SINKER CAM,2,0,3,,2
2026/02/09,2026/02/03,2026/01/26,2026023,E000099107,4117-531AB34,KNIT CAM,274,0,155,,274
2026/03/04,2026/02/03,2026/02/19,2026032,E000099438,4117-531AB34,KNIT CAM,129,129,155,,0
2026/03/19,2026/02/03,2026/03/09,2026036,E000099845,4117-531AB34,KNIT CAM,258,26,26,,0
2026/04/15,2026/02/03,2026/04/03,2026045,E000100351,4117-531AB34,KNIT CAM,129,0,0,,0
2026/02/09,2026/02/03,2026/01/26,2026023,E000099108,4117-532AA32,TIE IN CAM,128,128,158,,0
2026/03/04,2026/02/03,2026/02/19,2026032,E000099439,4117-532AB30,TIE IN CAM,43,21,21,,0
2026/03/19,2026/02/03,2026/03/09,2026036,E000099846,4117-532AB30,TIE IN CAM,118,0,0,,0
2026/04/15,2026/02/03,2026/04/03,2026045,E000100352,4117-532AB30,TIE IN CAM,59,0,0,,0
2026/02/09,2026/02/03,2026/01/26,2026023,E000099109,4117-532BA32,TIE IN CAM,8,0,17,,8
2026/03/04,2026/02/03,2026/02/19,2026032,E000099440,4117-532BB30,TIE IN CAM,5,4,4,,0
2026/03/19,2026/02/03,2026/03/09,2026036,E000099847,4117-532BB30,TIE IN CAM,12,0,0,,0
2026/04/15,2026/02/03,2026/04/03,2026045,E000100353,4117-532BB30,TIE IN CAM,6,0,0,,0
2026/02/09,2026/02/03,2026/01/26,2026023,E000099110,4117-533AA32,TIE IN CAM,190,190,212,,0
2026/03/04,2026/02/03,2026/02/19,2026032,E000099441,4117-533AB30,TIE IN CAM,89,49,49,,0
2026/03/19,2026/02/03,2026/03/09,2026036,E000099848,4117-533AB30,TIE IN CAM,178,0,0,,0
2026/04/15,2026/02/03,2026/04/03,2026045,E000100354,4117-533AB30,TIE IN CAM,89,0,0,,0
2026/02/09,2026/02/03,2026/01/26,2026023,E000099111,4117-533BA32,TIE IN CAM,14,0,20,,14
2026/03/04,2026/02/03,2026/02/19,2026032,E000099442,4117-533BB30,TIE IN CAM,7,6,6,,0
2026/03/19,2026/02/03,2026/03/09,2026036,E000099849,4117-533BB30,TIE IN CAM,14,0,0,,0
2026/04/15,2026/02/03,2026/04/03,2026045,E000100355,4117-533BB30,TIE IN CAM,7,0,0,,0
2026/03/04,2026/02/03,2026/02/19,2026032,E000099443,4117-534AA30,SELECT CAM,48,48,75,,0
2026/03/19,2026/02/03,2026/03/09,2026036,E000099850,4117-534AA30,SELECT CAM,128,27,27,,0
2026/04/15,2026/02/03,2026/04/03,2026045,E000100356,4117-534AA30,SELECT CAM,64,0,0,,0
2026/02/09,2026/02/03,2026/01/26,2026023,E000099112,4117-534AA32,SELECT CAM,136,136,197,,0
2026/03/04,2026/02/03,2026/02/19,2026032,E000099444,4117-535AA30,SELECT CAM,96,61,61,,0
2026/03/19,2026/02/03,2026/03/09,2026036,E000099851,4117-535AA30,SELECT CAM,192,0,0,,0
2026/04/15,2026/02/03,2026/04/03,2026045,E000100357,4117-535AA30,SELECT CAM,96,0,0,,0
2026/02/09,2026/02/03,2026/01/26,2026023,E000099113,4117-535AA32,SELECT CAM,204,204,285,,0
2026/03/04,2026/02/03,2026/02/19,2026032,E000099445,4117-536AA30,BLANK OUT CAM,24,24,45,,0
2026/03/19,2026/02/03,2026/03/09,2026036,E000099852,4117-536AA30,BLANK OUT CAM,48,21,21,,0
2026/04/15,2026/02/03,2026/04/03,2026045,E000100358,4117-536AA30,BLANK OUT CAM,24,0,0,,0
2026/02/09,2026/02/03,2026/01/26,2026023,E000099114,4117-536AA32,BLANK OUT CAM,80,0,22,,80
2026/03/04,2026/02/03,2026/02/19,2026032,E000099685,4117-541AA34,KNIT CAM,32,29,29,,0
2026/03/19,2026/02/03,2026/03/09,2026036,E000099853,4117-541AA34,KNIT CAM,60,0,0,,0
2026/04/15,2026/02/03,2026/04/03,2026045,E000100359,4117-541AA34,KNIT CAM,30,0,0,,0
2026/03/04,2026/02/03,2026/02/19,2026032,E000099686,4117-542AA30,TIE IN CAM,14,7,7,,0
2026/03/04,2026/02/03,2026/02/19,2026032,E000099687,4117-542BA30,TIE IN CAM,2,0,5,,2
2026/03/04,2026/02/03,2026/02/19,2026032,E000099688,4117-543AA30,TIE IN CAM,12,7,7,,0
2026/03/04,2026/02/03,2026/02/19,2026032,E000099689,4117-543BA30,TIE IN CAM,4,3,3,,0
2026/03/04,2026/02/03,2026/02/19,2026032,E000099690,4117-549AA30,GATE CAM A,3,0,5,,3
2026/03/04,2026/02/03,2026/02/19,2026032,E000099691,4117-549BA30,GATE CAM B,3,0,8,,3
2026/03/19,2026/02/03,2026/03/09,2026036,E000099854,4117-552AA30,SELECT CAM,60,35,35,,0
2026/04/15,2026/02/03,2026/04/03,2026045,E000100360,4117-552AA30,SELECT CAM,30,0,0,,0
2026/03/19,2026/02/03,2026/03/09,2026036,E000099855,4117-553AB30,TIE IN CAM,56,28,28,,0
2026/04/15,2026/02/03,2026/04/03,2026045,E000100361,4117-553AB30,TIE IN CAM,28,0,0,,0
2026/03/19,2026/02/03,2026/03/09,2026036,E000099856,4117-553BB30,TIE IN CAM,4,0,4,,4
2026/04/15,2026/02/03,2026/04/03,2026045,E000100362,4117-553BB30,TIE IN CAM,2,2,4,,0
2026/03/04,2026/02/03,2026/02/19,2026032,E000099446,4117-616AA30,SINKER GATE CAM,1,0,1,,1
2026/03/19,2026/02/03,2026/03/09,2026036,E000099857,4117-616AA30,SINKER GATE CAM,2,0,1,,2
2026/04/15,2026/02/03,2026/04/03,2026045,E000100363,4117-616AA30,SINKER GATE CAM,1,1,1,,0
2026/02/09,2026/02/03,2026/01/26,2026023,E000099115,4117-616AA32,SINKER GATE CAM,4,0,12,,4
2026/02/09,2026/02/03,2026/01/26,2026023,E000099116,4117-631AA30,SINKER PUSHING CAM,70,0,173,,70
2026/03/04,2026/02/03,2026/02/19,2026032,E000099447,4117-631AA30,SINKER PUSHING CAM,33,0,173,,33
2026/03/19,2026/02/03,2026/03/09,2026036,E000099858,4117-631AA30,SINKER PUSHING CAM,66,0,173,,66
2026/04/15,2026/02/03,2026/04/03,2026045,E000100364,4117-631AA30,SINKER PUSHING CAM,33,33,173,,0
2026/02/09,2026/02/03,2026/01/26,2026023,E000099117,4117-632AA32,SINKER PUSHING CAM,70,0,76,,70
2026/03/04,2026/02/03,2026/02/19,2026032,E000099448,4117-632AB30,SINKER PUSHING CAM,33,33,75,,0
2026/03/19,2026/02/03,2026/03/09,2026036,E000099859,4117-632AB30,SINKER PUSHING CAM,66,42,42,,0
2026/04/15,2026/02/03,2026/04/03,2026045,E000100365,4117-632AB30,SINKER PUSHING CAM,33,0,0,,0
2026/03/04,2026/02/03,2026/02/19,2026032,E000099449,4117-633BA30,SINKER PUSHING CAM,33,33,55,,0
2026/03/19,2026/02/03,2026/03/09,2026036,E000099860,4117-633BA30,SINKER PUSHING CAM,66,22,22,,0
2026/04/15,2026/02/03,2026/04/03,2026045,E000100366,4117-633BA30,SINKER PUSHING CAM,33,0,0,,0
2026/02/09,2026/02/03,2026/01/26,2026023,E000099118,4117-633BA32,SINKER PUSHING CAM,70,0,68,,70
2026/02/09,2026/02/03,2026/01/26,2026023,E000099119,4117-634AA32,SINKER BLANK OUT CAM,12,0,17,,12
2026/03/04,2026/02/03,2026/02/19,2026032,E000099450,4117-634AB30,SINKER BLANK OUT CAM,6,6,10,,0
2026/03/19,2026/02/03,2026/03/09,2026036,E000099861,4117-634AB30,SINKER BLANK OUT CAM,12,4,4,,0
2026/04/15,2026/02/03,2026/04/03,2026045,E000100367,4117-634AB30,SINKER BLANK OUT CAM,6,0,0,,0
2026/02/19,2026/02/03,2026/02/04,2026026,E000099037,474-506AA30,NEEDLE GUARD,180,38,38,,0
2026/02/24,2026/02/03,2026/02/06,2026027,E000099062,474-506AA30,NEEDLE GUARD,180,0,0,,0
2026/04/01,2026/02/03,2026/03/19,2026041,E000100169,474-506AA30,NEEDLE GUARD,36,0,0,,0
2026/02/17,2026/02/03,2026/02/02,2026025,E000099128,474-506AA42,NEEDLE GUARD,72,5,5,,0
2026/02/19,2026/02/03,2026/02/04,2026026,E000099038,474-506BA30,NEEDLE GUARD,5,0,1,,5
2026/02/24,2026/02/03,2026/02/06,2026027,E000099063,474-506BA30,NEEDLE GUARD,5,0,1,,5
2026/04/01,2026/02/03,2026/03/19,2026041,E000100170,474-506BA30,NEEDLE GUARD,1,1,1,,0
2026/02/17,2026/02/03,2026/02/02,2026025,E000099129,474-506BA42,NEEDLE GUARD,2,0,0,,2
2026/02/19,2026/02/03,2026/02/04,2026026,E000099039,474-511AA30,STITCH CAM,545,124,124,,0
2026/02/24,2026/02/03,2026/02/06,2026027,E000099064,474-511AA30,STITCH CAM,545,0,0,,0
2026/03/04,2026/02/03,2026/02/19,2026032,E000099884,474-511AA33,STITCH CAM,435,66,66,,0
2026/02/19,2026/02/03,2026/02/04,2026026,E000099040,474-512DA30,RAISING CAM,545,34,34,,0
2026/02/24,2026/02/03,2026/02/06,2026027,E000099065,474-512DA30,RAISING CAM,545,0,0,,0
2026/03/04,2026/02/03,2026/02/19,2026032,E000099885,474-512DA33,RAISING CAM,435,0,221,,435
2026/02/19,2026/02/03,2026/02/04,2026026,E000099041,474-513AA30,GATE CAM,20,16,16,,0
2026/02/24,2026/02/03,2026/02/06,2026027,E000099066,474-513AA30,GATE CAM,20,0,0,,0
2026/03/04,2026/02/03,2026/02/19,2026032,E000099886,474-513AA33,GATE CAM,12,5,5,,0
2026/03/04,2026/02/03,2026/02/19,2026032,E000099887,474-514AA33,WELT CAM,576,54,54,,0
2026/02/19,2026/02/03,2026/02/04,2026026,E000099042,474-515DA30,TUCKING CAM,240,49,49,,0
2026/02/24,2026/02/03,2026/02/06,2026027,E000099067,474-515DA30,TUCKING CAM,240,0,0,,0
2026/03/04,2026/02/03,2026/02/19,2026032,E000099888,474-515DA33,TUCKING CAM,96,76,76,,0
2026/03/04,2026/02/03,2026/02/19,2026032,E000099889,474-515SA33,TUCKING CAM,98,11,11,,0
2026/02/19,2026/02/03,2026/02/04,2026026,E000099043,474-516AA30,TUCK STITCH CAM,360,198,198,,0
2026/02/24,2026/02/03,2026/02/06,2026027,E000099068,474-516AA30,TUCK STITCH CAM,360,0,0,,0
2026/03/04,2026/02/03,2026/02/19,2026032,E000099890,474-516AA33,TUCK STITCH CAM,282,25,25,,0
2026/02/19,2026/02/03,2026/02/04,2026026,E000099044,474-518AA30,WELT CAM,540,31,31,,0
2026/02/24,2026/02/03,2026/02/06,2026027,E000099069,474-518AA30,WELT CAM,540,0,0,,0
2026/03/04,2026/02/03,2026/02/19,2026032,E000099891,474-518AA33,WELT CAM,62,6,6,,0
2026/04/01,2026/02/03,2026/03/19,2026041,E000100171,474-531DA30,STITCH CAM,68,0,0,,0
2026/04/01,2026/02/03,2026/03/19,2026041,E000100172,474-532DA30,RAISING CAM,68,3,3,,0
2026/04/01,2026/02/03,2026/03/19,2026041,E000100173,474-533AA30,GATE CAM,4,2,2,,0
2026/04/01,2026/02/03,2026/03/19,2026041,E000100174,474-534AA30,WELT CAM,216,1,1,,0
2026/04/01,2026/02/03,2026/03/19,2026041,E000100175,474-535SA30,TUCKING CAM,36,0,0,,0
2026/04/01,2026/02/03,2026/03/19,2026041,E000100176,474-536SA30,TUCK STITCH CAM,36,0,0,,0
2026/04/01,2026/02/03,2026/03/19,2026041,E000100177,474-538AA30,WELT CAM,48,3,3,,0
2026/02/05,2026/02/03,2026/02/05,,E000099668,474-548AA33,WELT CAM,50,50,58,PJ-0632934,
2026/02/05,2026/02/03,2026/02/05,,E000099669,474-549AA33,WELT CAM,50,50,58,PJ-0632935,
2026/04/01,2026/02/03,2026/03/19,2026041,E000100178,474-607AA30,NEEDLE GUARD,35,20,20,,0
2026/03/04,2026/02/03,2026/02/19,2026032,E000099416,474-607AA33,NEEDLE GUARD,105,28,28,,0
2026/04/01,2026/02/03,2026/03/19,2026041,E000100179,474-607BA30,NEEDLE GUARD,1,1,18,,0
2026/03/04,2026/02/03,2026/02/19,2026032,E000099417,474-607BA33,NEEDLE GUARD,3,0,18,,3
2026/02/19,2026/02/03,2026/02/04,2026026,E000099045,474-608AA30,NEEDLE GUARD,5,0,0,,5
2026/02/24,2026/02/03,2026/02/06,2026027,E000099070,474-608AA30,NEEDLE GUARD,5,0,0,,5
2026/04/01,2026/02/03,2026/03/19,2026041,E000100180,474-608AA30,NEEDLE GUARD,1,0,0,,0
2026/03/04,2026/02/03,2026/02/19,2026032,E000099418,474-608AA33,NEEDLE GUARD,3,0,9,,3
2026/03/25,2026/02/03,2026/03/12,2026037,E000099585,474-608AA38,NEEDLE GUARD,1,0,25,,1
2026/04/15,2026/02/03,2026/04/03,2026045,E000100244,474-608AA38,NEEDLE GUARD,2,2,25,,0
2026/04/20,2026/02/03,2026/04/07,2026046,E000100284,474-608AA38,NEEDLE GUARD,2,2,23,,0
2026/04/27,2026/02/03,2026/04/14,2026048,E000100399,474-608AA38,NEEDLE GUARD,1,1,21,,0
2026/03/04,2026/02/03,2026/02/19,2026032,E000099892,474-611AA33,STITCH CAM (B),111,58,58,,0
2026/03/25,2026/02/03,2026/03/12,2026037,E000099586,474-611BA38,STITCH CAM (B),43,0,64,,43
2026/04/15,2026/02/03,2026/04/03,2026045,E000100245,474-611BA38,STITCH CAM (B),86,64,64,,0
2026/04/20,2026/02/03,2026/04/07,2026046,E000100285,474-611BA38,STITCH CAM (B),86,0,0,,0
2026/04/27,2026/02/03,2026/04/14,2026048,E000100400,474-611BA38,STITCH CAM (B),43,0,0,,0
2026/04/01,2026/02/03,2026/03/19,2026041,E000100181,474-611DA30,STITCH CAM (H),20,0,0,,0
2026/04/01,2026/02/03,2026/03/19,2026041,E000100182,474-611SA30,STITCH CAM (H),8,4,4,,0
2026/03/04,2026/02/03,2026/02/19,2026032,E000099893,474-612AA33,STITCH CAM (C),111,23,23,,0
2026/03/25,2026/02/03,2026/03/12,2026037,E000099587,474-612BA38,STITCH CAM (C),43,0,34,,43
2026/04/15,2026/02/03,2026/04/03,2026045,E000100246,474-612BA38,STITCH CAM (C),86,34,34,,0
2026/04/20,2026/02/03,2026/04/07,2026046,E000100286,474-612BA38,STITCH CAM (C),86,0,0,,0
2026/04/27,2026/02/03,2026/04/14,2026048,E000100401,474-612BA38,STITCH CAM (C),43,0,0,,0
2026/04/01,2026/02/03,2026/03/19,2026041,E000100183,474-612DA30,STITCH CAM (L),20,0,0,,0
2026/04/01,2026/02/03,2026/03/19,2026041,E000100184,474-612SA30,STITCH CAM (L),8,6,6,,0
2026/03/04,2026/02/03,2026/02/19,2026032,E000099894,474-613AA33,STITCH CAM (D),66,18,18,,0
2026/02/19,2026/02/03,2026/02/04,2026026,E000099046,474-615AA30,RAISING CAM (B),245,97,97,,0
2026/02/24,2026/02/03,2026/02/06,2026027,E000099071,474-615AA30,RAISING CAM (B),245,0,0,,0
2026/03/04,2026/02/03,2026/02/19,2026032,E000099895,474-615AA33,RAISING CAM (B),111,13,13,,0
2026/03/25,2026/02/03,2026/03/12,2026037,E000099588,474-615AA38,RAISING CAM (B),43,0,6,,43
2026/04/15,2026/02/03,2026/04/03,2026045,E000100247,474-615AA38,RAISING CAM (B),86,6,6,,0
2026/04/20,2026/02/03,2026/04/07,2026046,E000100287,474-615AA38,RAISING CAM (B),86,0,0,,0
2026/04/27,2026/02/03,2026/04/14,2026048,E000100402,474-615AA38,RAISING CAM (B),43,0,0,,0
2026/04/01,2026/02/03,2026/03/19,2026041,E000100185,474-615DA30,RAISING CAM (H),20,3,3,,0
2026/02/19,2026/02/03,2026/02/04,2026026,E000099047,474-616AA30,RAISING CAM (C),245,74,74,,0
2026/02/24,2026/02/03,2026/02/06,2026027,E000099072,474-616AA30,RAISING CAM (C),245,0,0,,0
2026/03/04,2026/02/03,2026/02/19,2026032,E000099896,474-616AA33,RAISING CAM (C),111,34,34,,0
2026/03/25,2026/02/03,2026/03/12,2026037,E000099589,474-616AA38,RAISING CAM (C),43,0,0,,43
2026/04/15,2026/02/03,2026/04/03,2026045,E000100248,474-616AA38,RAISING CAM (C),86,0,0,,0
2026/04/20,2026/02/03,2026/04/07,2026046,E000100288,474-616AA38,RAISING CAM (C),86,0,0,,0
2026/04/27,2026/02/03,2026/04/14,2026048,E000100403,474-616AA38,RAISING CAM (C),43,0,0,,0
2026/04/01,2026/02/03,2026/03/19,2026041,E000100186,474-616DA30,RAISING CAM (L),20,20,22,,0
2026/03/04,2026/02/03,2026/02/19,2026032,E000099897,474-617AA33,RAISING CAM (D),66,13,13,,0
2026/02/19,2026/02/03,2026/02/04,2026026,E000099048,474-619AA30,WELT CAM (B),240,120,120,,0
2026/02/24,2026/02/03,2026/02/06,2026027,E000099073,474-619AA30,WELT CAM (B),240,0,0,,0
2026/03/04,2026/02/03,2026/02/19,2026032,E000099898,474-619AA33,WELT CAM (B),108,15,15,,0
2026/02/03,2026/02/03,2026/02/03,,E000100517,474-619AA38,WELT CAM (B),10,10,16,PJ-0645501,
2026/04/01,2026/02/03,2026/03/19,2026041,E000100187,474-619DA30,WELT CAM (H),60,3,3,,0
2026/02/19,2026/02/03,2026/02/04,2026026,E000099049,474-620AA30,WELT CAM (C),240,188,188,,0
2026/02/24,2026/02/03,2026/02/06,2026027,E000099074,474-620AA30,WELT CAM (C),240,0,0,,0
2026/03/04,2026/02/03,2026/02/19,2026032,E000099899,474-620AA33,WELT CAM (C),108,10,10,,0
2026/02/03,2026/02/03,2026/02/03,,E000100518,474-620AA38,WELT CAM (C),10,10,15,PJ-0645502,
2026/04/01,2026/02/03,2026/03/19,2026041,E000100188,474-620DA30,WELT CAM (L),60,4,4,,0
2026/03/04,2026/02/03,2026/02/19,2026032,E000099900,474-621AA33,WELT CAM (D),50,13,13,,0
2026/02/19,2026/02/03,2026/02/04,2026026,E000099050,474-623AA30,WELT CAM (B),90,14,14,,0
2026/02/24,2026/02/03,2026/02/06,2026027,E000099075,474-623AA30,WELT CAM (B),90,0,0,,0
2026/03/04,2026/02/03,2026/02/19,2026032,E000099901,474-623AA33,WELT CAM (B),54,6,6,,0
2026/03/25,2026/02/03,2026/03/12,2026037,E000099590,474-623AA38,WELT CAM (B),42,12,12,,0
2026/04/15,2026/02/03,2026/04/03,2026045,E000100249,474-623AA38,WELT CAM (B),84,0,0,,0
2026/04/20,2026/02/03,2026/04/07,2026046,E000100289,474-623AA38,WELT CAM (B),84,0,0,,0
2026/04/27,2026/02/03,2026/04/14,2026048,E000100404,474-623AA38,WELT CAM (B),42,0,0,,0
2026/04/01,2026/02/03,2026/03/19,2026041,E000100189,474-623DA30,WELT CAM (H),12,4,4,,0
2026/02/19,2026/02/03,2026/02/04,2026026,E000099051,474-624AA30,WELT CAM (C),90,59,59,,0
2026/02/24,2026/02/03,2026/02/06,2026027,E000099076,474-624AA30,WELT CAM (C),90,0,0,,0
2026/03/04,2026/02/03,2026/02/19,2026032,E000099902,474-624AA33,WELT CAM (C),54,25,25,,0
2026/03/25,2026/02/03,2026/03/12,2026037,E000099591,474-624AA38,WELT CAM (C),42,13,13,,0
2026/04/15,2026/02/03,2026/04/03,2026045,E000100250,474-624AA38,WELT CAM (C),84,0,0,,0
2026/04/20,2026/02/03,2026/04/07,2026046,E000100290,474-624AA38,WELT CAM (C),84,0,0,,0
2026/04/27,2026/02/03,2026/04/14,2026048,E000100405,474-624AA38,WELT CAM (C),42,0,0,,0
2026/04/01,2026/02/03,2026/03/19,2026041,E000100190,474-624DA30,WELT CAM (L),12,3,3,,0
2026/02/19,2026/02/03,2026/02/04,2026026,E000099052,474-627AA30,TUCKING CAM (B),120,120,176,,0
2026/02/24,2026/02/03,2026/02/06,2026027,E000099077,474-627AA30,TUCKING CAM (B),120,56,56,,0
2026/03/04,2026/02/03,2026/02/19,2026032,E000099903,474-627AA33,TUCKING CAM (B),72,11,11,,0
2026/02/19,2026/02/03,2026/02/04,2026026,E000099053,474-628AA30,TUCKING CAM (C),120,42,42,,0
2026/02/24,2026/02/03,2026/02/06,2026027,E000099078,474-628AA30,TUCKING CAM (C),120,0,0,,0
2026/03/04,2026/02/03,2026/02/19,2026032,E000099904,474-628AA33,TUCKING CAM (C),72,16,16,,0
2026/03/04,2026/02/03,2026/02/19,2026032,E000099905,474-631AA33,TUCK STITCH CAM (B),72,26,26,,0
2026/03/04,2026/02/03,2026/02/19,2026032,E000099906,474-632AA33,TUCK STITCH CAM (C),72,16,16,,0
2026/02/19,2026/02/03,2026/02/04,2026026,E000099054,474-651AA30,GATE CAM (B),5,0,15,,5
2026/02/24,2026/02/03,2026/02/06,2026027,E000099079,474-651AA30,GATE CAM (B),5,0,15,,5
2026/03/04,2026/02/03,2026/02/19,2026032,E000099907,474-651AA33,GATE CAM (B),3,2,2,,0
2026/03/25,2026/02/03,2026/03/12,2026037,E000099592,474-651AB38,GATE CAM (B),1,0,4,,1
2026/04/15,2026/02/03,2026/04/03,2026045,E000100251,474-651AB38,GATE CAM (B),2,2,4,,0
2026/04/20,2026/02/03,2026/04/07,2026046,E000100291,474-651AB38,GATE CAM (B),2,2,2,,0
2026/04/27,2026/02/03,2026/04/14,2026048,E000100406,474-651AB38,GATE CAM (B),1,0,0,,0
2026/04/01,2026/02/03,2026/03/19,2026041,E000100191,474-651DA30,GATE CAM (H),1,1,2,,0
2026/03/25,2026/02/03,2026/03/12,2026037,E000099593,474-651GB38,GATE CAM (B),1,0,2,,1
2026/04/15,2026/02/03,2026/04/03,2026045,E000100252,474-651GB38,GATE CAM (B),2,2,2,,0
2026/04/20,2026/02/03,2026/04/07,2026046,E000100292,474-651GB38,GATE CAM (B),2,0,0,,0
2026/04/27,2026/02/03,2026/04/14,2026048,E000100407,474-651GB38,GATE CAM (B),1,0,0,,0
2026/02/19,2026/02/03,2026/02/04,2026026,E000099055,474-652AA30,GATE CAM (C),5,5,6,,0
2026/02/24,2026/02/03,2026/02/06,2026027,E000099080,474-652AA30,GATE CAM (C),5,1,1,,0
2026/03/04,2026/02/03,2026/02/19,2026032,E000099908,474-652AA33,GATE CAM (C),3,0,1,,3
2026/03/25,2026/02/03,2026/03/12,2026037,E000099594,474-652AB38,GATE CAM (C),1,0,5,,1
2026/04/15,2026/02/03,2026/04/03,2026045,E000100253,474-652AB38,GATE CAM (C),2,2,5,,0
2026/04/20,2026/02/03,2026/04/07,2026046,E000100293,474-652AB38,GATE CAM (C),2,2,3,,0
2026/04/27,2026/02/03,2026/04/14,2026048,E000100408,474-652AB38,GATE CAM (C),1,1,1,,0
2026/04/01,2026/02/03,2026/03/19,2026041,E000100192,474-652DA30,GATE CAM (L),1,1,3,,0
2026/03/25,2026/02/03,2026/03/12,2026037,E000099595,474-652GB38,GATE CAM (C),1,0,2,,1
2026/04/15,2026/02/03,2026/04/03,2026045,E000100254,474-652GB38,GATE CAM (C),2,2,2,,0
2026/04/20,2026/02/03,2026/04/07,2026046,E000100294,474-652GB38,GATE CAM (C),2,0,0,,0
2026/04/27,2026/02/03,2026/04/14,2026048,E000100409,474-652GB38,GATE CAM (C),1,0,0,,0
2026/03/25,2026/02/03,2026/03/12,2026037,E000099596,474-655BA38,GUARD CAM (B),21,11,11,,0
2026/04/15,2026/02/03,2026/04/03,2026045,E000100255,474-655BA38,GUARD CAM (B),42,0,0,,0
2026/04/20,2026/02/03,2026/04/07,2026046,E000100295,474-655BA38,GUARD CAM (B),42,0,0,,0
2026/04/27,2026/02/03,2026/04/14,2026048,E000100410,474-655BA38,GUARD CAM (B),21,0,0,,0
2026/03/25,2026/02/03,2026/03/12,2026037,E000099597,474-656BA38,GUARD CAM (C),21,0,21,,21
2026/04/15,2026/02/03,2026/04/03,2026045,E000100256,474-656BA38,GUARD CAM (C),42,21,21,,0
2026/04/20,2026/02/03,2026/04/07,2026046,E000100296,474-656BA38,GUARD CAM (C),42,0,0,,0
2026/04/27,2026/02/03,2026/04/14,2026048,E000100411,474-656BA38,GUARD CAM (C),21,0,0,,0
2026/02/05,2026/02/03,2026/02/05,,E000099671,474-671AA33,STITCH CAM (B),15,15,23,PJ-0632937,
2026/02/05,2026/02/03,2026/02/05,,E000099673,474-672AA33,STITCH CAM (C),15,15,23,PJ-0632939,
2026/02/05,2026/02/03,2026/02/05,,E000099670,474-675AA33,RAISING CAM (B),15,15,22,PJ-0632936,
2026/02/05,2026/02/03,2026/02/05,,E000099672,474-676AA33,RAISING CAM (C),15,15,25,PJ-0632938,
2026/02/05,2026/02/03,2026/02/05,,E000099661,474-679AA33,TUCKING CAM (B),8,8,17,PJ-0632920,
2026/02/05,2026/02/03,2026/02/05,,E000099663,474-680AA33,TUCKING CAM (C),8,8,17,PJ-0632922,
2026/02/05,2026/02/03,2026/02/05,,E000099692,474-681AA33,TUCKING CAM (D),14,14,21,PJ-0632924,
2026/02/05,2026/02/03,2026/02/05,,E000099662,474-683BA33,TUCK STITCH CAM (B),8,8,16,PJ-0632921,
2026/02/05,2026/02/03,2026/02/05,,E000099664,474-684BA33,TUCK STITCH CAM (C),8,8,25,PJ-0632923,
2026/02/05,2026/02/03,2026/02/05,,E000099693,474-685BA33,TUCK STITCH CAM (D),14,14,20,PJ-0632925,
2026/02/27,2026/02/03,2026/02/27,,E000100340,478-521BA30,KNIT CAM,85,16,16,PJ-0644802,
2026/03/25,2026/02/03,2026/03/12,2026037,E000099598,478-521EA34,KNIT CAM,475,122,122,,0
2026/03/27,2026/02/03,2026/03/16,2026038,E000099643,478-521EA34,KNIT CAM,475,0,0,,0
2026/04/08,2026/02/03,2026/03/27,2026043,E000099998,478-521EA34,KNIT CAM,950,0,0,,0
2026/04/15,2026/02/03,2026/04/03,2026045,E000100080,478-521EA34,KNIT CAM,475,0,0,,0
2026/04/23,2026/02/03,2026/04/10,2026047,E000100105,478-521EA34,KNIT CAM,475,0,0,,0
2026/02/27,2026/02/03,2026/02/27,,E000100339,478-521LA30,KNIT CAM,85,21,21,PJ-0644801,
2026/03/25,2026/02/03,2026/03/12,2026037,E000099599,478-522EB34,WELT CAM,640,82,82,,0
2026/03/27,2026/02/03,2026/03/16,2026038,E000099644,478-522EB34,WELT CAM,640,0,0,,0
2026/04/08,2026/02/03,2026/03/27,2026043,E000099999,478-522EB34,WELT CAM,1280,0,0,,0
2026/04/15,2026/02/03,2026/04/03,2026045,E000100081,478-522EB34,WELT CAM,640,0,0,,0
2026/04/23,2026/02/03,2026/04/10,2026047,E000100106,478-522EB34,WELT CAM,640,0,0,,0
2026/03/25,2026/02/03,2026/03/12,2026037,E000099600,478-522GA34,GATE CAM,20,0,0,,20
2026/03/27,2026/02/03,2026/03/16,2026038,E000099645,478-522GA34,GATE CAM,20,0,0,,20
2026/04/08,2026/02/03,2026/03/27,2026043,E000100000,478-522GA34,GATE CAM,40,0,0,,0
2026/04/15,2026/02/03,2026/04/03,2026045,E000100082,478-522GA34,GATE CAM,20,0,0,,0
2026/04/23,2026/02/03,2026/04/10,2026047,E000100107,478-522GA34,GATE CAM,20,0,0,,0
2026/03/25,2026/02/03,2026/03/12,2026037,E000099601,478-524EA34,WELT CAM,150,49,49,,0
2026/03/27,2026/02/03,2026/03/16,2026038,E000099646,478-524EA34,WELT CAM,150,0,0,,0
2026/04/08,2026/02/03,2026/03/27,2026043,E000100001,478-524EA34,WELT CAM,300,0,0,,0
2026/04/15,2026/02/03,2026/04/03,2026045,E000100083,478-524EA34,WELT CAM,150,0,0,,0
2026/04/23,2026/02/03,2026/04/10,2026047,E000100108,478-524EA34,WELT CAM,150,0,0,,0
2026/03/25,2026/02/03,2026/03/12,2026037,E000099602,478-533EA34,TUCK CAM,150,72,72,,0
2026/03/27,2026/02/03,2026/03/16,2026038,E000099647,478-533EA34,TUCK CAM,150,0,0,,0
2026/04/08,2026/02/03,2026/03/27,2026043,E000100002,478-533EA34,TUCK CAM,300,0,0,,0
2026/04/15,2026/02/03,2026/04/03,2026045,E000100084,478-533EA34,TUCK CAM,150,0,0,,0
2026/04/23,2026/02/03,2026/04/10,2026047,E000100109,478-533EA34,TUCK CAM,150,0,0,,0
2026/02/24,2026/02/03,2026/02/24,,E000100451,478-607AA30,NEEDLE GUARD,81,81,124,PE-2579901,
2026/03/13,2026/02/03,2026/03/13,,E000100454,478-607AA30,NEEDLE GUARD,54,43,43,PE-2579902,
2026/02/24,2026/02/03,2026/02/24,,E000100452,478-607BA30,NEEDLE GUARD,3,3,22,PE-2579901,
2026/03/13,2026/02/03,2026/03/13,,E000100455,478-607BA30,NEEDLE GUARD,2,2,19,PE-2579902,
2026/02/24,2026/02/03,2026/02/24,,E000100453,478-608AA30,NEEDLE GUARD,3,3,23,PE-2579901,
2026/03/13,2026/02/03,2026/03/13,,E000100456,478-608AA30,NEEDLE GUARD,2,2,20,PE-2579902,
2026/03/25,2026/02/03,2026/03/12,2026037,E000099603,478-608AA34,NEEDLE GUARD,5,0,0,,5
2026/03/27,2026/02/03,2026/03/16,2026038,E000099648,478-608AA34,NEEDLE GUARD,5,0,0,,5
2026/04/08,2026/02/03,2026/03/27,2026043,E000100003,478-608AA34,NEEDLE GUARD,10,0,0,,0
2026/04/15,2026/02/03,2026/04/03,2026045,E000100085,478-608AA34,NEEDLE GUARD,5,0,0,,0
2026/04/23,2026/02/03,2026/04/10,2026047,E000100110,478-608AA34,NEEDLE GUARD,5,0,0,,0
2026/02/27,2026/02/03,2026/02/27,,E000100341,478-623BB30,KNIT CAM (H),45,8,8,PJ-0644803,
2026/02/27,2026/02/03,2026/02/27,,E000100342,478-624BB30,KNIT CAM (L),45,11,11,PJ-0644804,
2026/03/25,2026/02/03,2026/03/12,2026037,E000099604,478-625DA34,WELT CAM (H),325,61,61,,0
2026/03/27,2026/02/03,2026/03/16,2026038,E000099649,478-625DA34,WELT CAM (H),325,0,0,,0
2026/04/08,2026/02/03,2026/03/27,2026043,E000100004,478-625DA34,WELT CAM (H),650,0,0,,0
2026/04/15,2026/02/03,2026/04/03,2026045,E000100086,478-625DA34,WELT CAM (H),325,0,0,,0
2026/04/23,2026/02/03,2026/04/10,2026047,E000100111,478-625DA34,WELT CAM (H),325,0,0,,0
2026/03/25,2026/02/03,2026/03/12,2026037,E000099605,478-626DA34,WELT CAM (L),325,55,55,,0
2026/03/27,2026/02/03,2026/03/16,2026038,E000099650,478-626DA34,WELT CAM (L),325,0,0,,0
2026/04/08,2026/02/03,2026/03/27,2026043,E000100005,478-626DA34,WELT CAM (L),650,0,0,,0
2026/04/15,2026/02/03,2026/04/03,2026045,E000100087,478-626DA34,WELT CAM (L),325,0,0,,0
2026/04/23,2026/02/03,2026/04/10,2026047,E000100112,478-626DA34,WELT CAM (L),325,0,0,,0
2026/03/25,2026/02/03,2026/03/12,2026037,E000099606,478-631DA34,WELT CAM (H),75,39,39,,0
2026/03/27,2026/02/03,2026/03/16,2026038,E000099651,478-631DA34,WELT CAM (H),75,0,0,,0
2026/04/08,2026/02/03,2026/03/27,2026043,E000100006,478-631DA34,WELT CAM (H),150,0,0,,0
2026/04/15,2026/02/03,2026/04/03,2026045,E000100088,478-631DA34,WELT CAM (H),75,0,0,,0
2026/04/23,2026/02/03,2026/04/10,2026047,E000100113,478-631DA34,WELT CAM (H),75,0,0,,0
2026/03/25,2026/02/03,2026/03/12,2026037,E000099607,478-632DA34,WELT CAM (L),75,24,24,,0
2026/03/27,2026/02/03,2026/03/16,2026038,E000099652,478-632DA34,WELT CAM (L),75,0,0,,0
2026/04/08,2026/02/03,2026/03/27,2026043,E000100007,478-632DA34,WELT CAM (L),150,0,0,,0
2026/04/15,2026/02/03,2026/04/03,2026045,E000100089,478-632DA34,WELT CAM (L),75,0,0,,0
2026/04/23,2026/02/03,2026/04/10,2026047,E000100114,478-632DA34,WELT CAM (L),75,0,0,,0
2026/02/18,2026/02/03,2026/02/18,,E000100218,478-635AA34,TUCK CAM (H),240,7,7,PE-2578701,
2026/02/18,2026/02/03,2026/02/18,,E000100219,478-636AA34,TUCK CAM (L),240,8,8,PE-2578702,
2026/02/02,2026/02/03,2026/01/19,2026021,E000098933,479-506AA34,NEEDLE GUARD,150,0,104,,150
2026/02/04,2026/02/03,2026/01/21,2026022,E000098978,479-506AA34,NEEDLE GUARD,150,0,104,,150
2026/03/25,2026/02/03,2026/03/12,2026037,E000099608,479-506AA34,NEEDLE GUARD,150,104,104,,0
2026/03/27,2026/02/03,2026/03/16,2026038,E000099653,479-506AA34,NEEDLE GUARD,150,0,0,,0
2026/04/08,2026/02/03,2026/03/27,2026043,E000100008,479-506AA34,NEEDLE GUARD,300,0,0,,0
2026/04/15,2026/02/03,2026/04/03,2026045,E000100090,479-506AA34,NEEDLE GUARD,150,0,0,,0
2026/04/20,2026/02/03,2026/04/07,2026046,E000100368,479-506AA34,NEEDLE GUARD,150,0,0,,0
2026/04/23,2026/02/03,2026/04/10,2026047,E000100115,479-506AA34,NEEDLE GUARD,150,0,0,,0
2026/05/01,2026/02/03,2026/04/20,2026051,E000100539,479-506AA34,NEEDLE GUARD,150,0,0,,0
2026/05/12,2026/02/03,2026/04/27,2026053,E000100588,479-506AA34,NEEDLE GUARD,150,0,0,,0
2026/05/19,2026/02/03,2026/05/08,2026055,E000100645,479-506AA34,NEEDLE GUARD,150,0,0,,0
2026/03/10,2026/02/03,2026/02/25,2026033,E000099502,479-506AA38,NEEDLE GUARD,224,29,29,,0
2026/02/02,2026/02/03,2026/01/19,2026021,E000098934,479-506BA34,NEEDLE GUARD,5,0,29,,5
2026/02/04,2026/02/03,2026/01/21,2026022,E000098979,479-506BA34,NEEDLE GUARD,5,0,29,,5
2026/03/25,2026/02/03,2026/03/12,2026037,E000099609,479-506BA34,NEEDLE GUARD,5,0,29,,5
2026/03/27,2026/02/03,2026/03/16,2026038,E000099654,479-506BA34,NEEDLE GUARD,5,0,29,,5
2026/04/08,2026/02/03,2026/03/27,2026043,E000100009,479-506BA34,NEEDLE GUARD,10,10,29,,0
2026/04/15,2026/02/03,2026/04/03,2026045,E000100091,479-506BA34,NEEDLE GUARD,5,5,19,,0
2026/04/20,2026/02/03,2026/04/07,2026046,E000100369,479-506BA34,NEEDLE GUARD,5,5,14,,0
2026/04/23,2026/02/03,2026/04/10,2026047,E000100116,479-506BA34,NEEDLE GUARD,5,5,9,,0
2026/05/01,2026/02/03,2026/04/20,2026051,E000100540,479-506BA34,NEEDLE GUARD,5,4,4,,0
2026/05/12,2026/02/03,2026/04/27,2026053,E000100589,479-506BA34,NEEDLE GUARD,5,0,0,,0
2026/05/19,2026/02/03,2026/05/08,2026055,E000100646,479-506BA34,NEEDLE GUARD,5,0,0,,0
2026/03/10,2026/02/03,2026/02/25,2026033,E000099503,479-506BA38,NEEDLE GUARD,14,8,8,,0
2026/02/02,2026/02/03,2026/01/19,2026021,E000098935,479-511AA30,STITCH CAM,305,0,243,,305
2026/02/04,2026/02/03,2026/01/21,2026022,E000098980,479-511AA30,STITCH CAM,305,0,243,,305
2026/04/20,2026/02/03,2026/04/07,2026046,E000100370,479-511AA30,STITCH CAM,305,243,243,,0
2026/05/01,2026/02/03,2026/04/20,2026051,E000100541,479-511AA30,STITCH CAM,305,0,0,,0
2026/05/12,2026/02/03,2026/04/27,2026053,E000100590,479-511AA30,STITCH CAM,305,0,0,,0
2026/05/19,2026/02/03,2026/05/08,2026055,E000100647,479-511AA30,STITCH CAM,305,0,0,,0
2026/03/10,2026/02/03,2026/02/25,2026033,E000099504,479-511AA36,STITCH CAM,455,60,60,,0
2026/02/02,2026/02/03,2026/01/19,2026021,E000098936,479-511BA30,STITCH CAM,600,0,125,,600
2026/02/04,2026/02/03,2026/01/21,2026022,E000098981,479-511BA30,STITCH CAM,600,0,125,,600
2026/04/20,2026/02/03,2026/04/07,2026046,E000100371,479-511BA30,STITCH CAM,600,125,125,,0
2026/05/01,2026/02/03,2026/04/20,2026051,E000100542,479-511BA30,STITCH CAM,600,0,0,,0
2026/05/12,2026/02/03,2026/04/27,2026053,E000100591,479-511BA30,STITCH CAM,600,0,0,,0
2026/05/19,2026/02/03,2026/05/08,2026055,E000100648,479-511BA30,STITCH CAM,600,0,0,,0
2026/03/10,2026/02/03,2026/02/25,2026033,E000099505,479-511BA36,STITCH CAM,896,122,122,,0
2026/02/02,2026/02/03,2026/01/19,2026021,E000098937,479-512AA34,RAISING CAM,605,0,263,,605
2026/02/04,2026/02/03,2026/01/21,2026022,E000098982,479-512AA34,RAISING CAM,605,0,263,,605
2026/04/20,2026/02/03,2026/04/07,2026046,E000100372,479-512AA34,RAISING CAM,605,263,263,,0
2026/05/01,2026/02/03,2026/04/20,2026051,E000100543,479-512AA34,RAISING CAM,605,0,0,,0
2026/05/12,2026/02/03,2026/04/27,2026053,E000100592,479-512AA34,RAISING CAM,605,0,0,,0
2026/05/19,2026/02/03,2026/05/08,2026055,E000100649,479-512AA34,RAISING CAM,605,0,0,,0
2026/03/10,2026/02/03,2026/02/25,2026033,E000099506,479-512AA38,RAISING CAM,903,72,72,,0
2026/02/02,2026/02/03,2026/01/19,2026021,E000098938,479-513AB34,GATE CAM,10,0,18,,10
2026/02/04,2026/02/03,2026/01/21,2026022,E000098983,479-513AB34,GATE CAM,10,0,18,,10
2026/04/20,2026/02/03,2026/04/07,2026046,E000100373,479-513AB34,GATE CAM,10,10,18,,0
2026/05/01,2026/02/03,2026/04/20,2026051,E000100544,479-513AB34,GATE CAM,10,8,8,,0
2026/05/12,2026/02/03,2026/04/27,2026053,E000100593,479-513AB34,GATE CAM,10,0,0,,0
2026/05/19,2026/02/03,2026/05/08,2026055,E000100650,479-513AB34,GATE CAM,10,0,0,,0
2026/03/10,2026/02/03,2026/02/25,2026033,E000099507,479-513AB38,GATE CAM,28,20,20,,0
2026/02/06,2026/02/03,2026/02/06,,E000100536,479-513BB30,GATE CAM,1,1,25,PM-5180301,
2026/02/02,2026/02/03,2026/01/19,2026021,E000098939,479-513BB34,GATE CAM,10,0,16,,10
2026/02/04,2026/02/03,2026/01/21,2026022,E000098984,479-513BB34,GATE CAM,10,0,16,,10
2026/04/20,2026/02/03,2026/04/07,2026046,E000100374,479-513BB34,GATE CAM,10,10,16,,0
2026/05/01,2026/02/03,2026/04/20,2026051,E000100545,479-513BB34,GATE CAM,10,6,6,,0
2026/05/12,2026/02/03,2026/04/27,2026053,E000100594,479-513BB34,GATE CAM,10,0,0,,0
2026/05/19,2026/02/03,2026/05/08,2026055,E000100651,479-513BB34,GATE CAM,10,0,0,,0
2026/03/10,2026/02/03,2026/02/25,2026033,E000099508,479-513BB38,GATE CAM,28,24,24,,0
2026/02/02,2026/02/03,2026/01/19,2026021,E000098940,479-514AA34,WELT CAM,150,0,215,,150
2026/02/04,2026/02/03,2026/01/21,2026022,E000098985,479-514AA34,WELT CAM,150,0,215,,150
2026/04/20,2026/02/03,2026/04/07,2026046,E000100375,479-514AA34,WELT CAM,150,150,215,,0
2026/05/01,2026/02/03,2026/04/20,2026051,E000100546,479-514AA34,WELT CAM,150,65,65,,0
2026/05/12,2026/02/03,2026/04/27,2026053,E000100595,479-514AA34,WELT CAM,150,0,0,,0
2026/05/19,2026/02/03,2026/05/08,2026055,E000100652,479-514AA34,WELT CAM,150,0,0,,0
2026/03/10,2026/02/03,2026/02/25,2026033,E000099509,479-514AA38,WELT CAM,224,88,88,,0
2026/02/02,2026/02/03,2026/01/19,2026021,E000098941,479-515AA34,TUCKING CAM,300,0,103,,300
2026/02/04,2026/02/03,2026/01/21,2026022,E000098986,479-515AA34,TUCKING CAM,300,0,103,,300
2026/04/20,2026/02/03,2026/04/07,2026046,E000100376,479-515AA34,TUCKING CAM,300,103,103,,0
2026/05/01,2026/02/03,2026/04/20,2026051,E000100547,479-515AA34,TUCKING CAM,300,0,0,,0
2026/05/12,2026/02/03,2026/04/27,2026053,E000100596,479-515AA34,TUCKING CAM,300,0,0,,0
2026/05/19,2026/02/03,2026/05/08,2026055,E000100653,479-515AA34,TUCKING CAM,300,0,0,,0
2026/03/10,2026/02/03,2026/02/25,2026033,E000099510,479-515AA38,TUCKING CAM,448,61,61,,0
2026/02/02,2026/02/03,2026/01/19,2026021,E000098942,479-516AA30,TUCK STITCH CAM,300,0,165,,300
2026/02/04,2026/02/03,2026/01/21,2026022,E000098987,479-516AA30,TUCK STITCH CAM,300,0,165,,300
2026/04/20,2026/02/03,2026/04/07,2026046,E000100377,479-516AA30,TUCK STITCH CAM,300,165,165,,0
2026/05/01,2026/02/03,2026/04/20,2026051,E000100548,479-516AA30,TUCK STITCH CAM,300,0,0,,0
2026/05/12,2026/02/03,2026/04/27,2026053,E000100597,479-516AA30,TUCK STITCH CAM,300,0,0,,0
2026/05/19,2026/02/03,2026/05/08,2026055,E000100654,479-516AA30,TUCK STITCH CAM,300,0,0,,0
2026/03/10,2026/02/03,2026/02/25,2026033,E000099511,479-516AA36,TUCK STITCH CAM,448,62,62,,0
2026/02/02,2026/02/03,2026/01/19,2026021,E000098943,479-518AA34,WELT CAM,300,0,259,,300
2026/02/04,2026/02/03,2026/01/21,2026022,E000098988,479-518AA34,WELT CAM,300,0,259,,300
2026/04/20,2026/02/03,2026/04/07,2026046,E000100378,479-518AA34,WELT CAM,300,259,259,,0
2026/05/01,2026/02/03,2026/04/20,2026051,E000100549,479-518AA34,WELT CAM,300,0,0,,0
2026/05/12,2026/02/03,2026/04/27,2026053,E000100598,479-518AA34,WELT CAM,300,0,0,,0
2026/05/19,2026/02/03,2026/05/08,2026055,E000100655,479-518AA34,WELT CAM,300,0,0,,0
2026/03/10,2026/02/03,2026/02/25,2026033,E000099512,479-518AA38,WELT CAM,448,31,31,,0
2026/02/02,2026/02/03,2026/01/19,2026021,E000098944,479-518HA34,WELT CAM,250,0,379,,250
2026/02/04,2026/02/03,2026/01/21,2026022,E000098989,479-518HA34,WELT CAM,250,250,379,,0
2026/04/20,2026/02/03,2026/04/07,2026046,E000100379,479-518HA34,WELT CAM,250,129,129,,0
2026/05/01,2026/02/03,2026/04/20,2026051,E000100550,479-518HA34,WELT CAM,250,0,0,,0
2026/05/12,2026/02/03,2026/04/27,2026053,E000100599,479-518HA34,WELT CAM,250,0,0,,0
2026/05/19,2026/02/03,2026/05/08,2026055,E000100656,479-518HA34,WELT CAM,250,0,0,,0
2026/03/10,2026/02/03,2026/02/25,2026033,E000099513,479-518HA38,WELT CAM,448,22,22,,0
2026/02/02,2026/02/03,2026/01/19,2026021,E000098945,479-608AA34,NEEDLE GUARD,5,0,13,,5
2026/02/04,2026/02/03,2026/01/21,2026022,E000098990,479-608AA34,NEEDLE GUARD,5,0,13,,5
2026/04/20,2026/02/03,2026/04/07,2026046,E000100380,479-608AA34,NEEDLE GUARD,5,5,13,,0
2026/05/01,2026/02/03,2026/04/20,2026051,E000100551,479-608AA34,NEEDLE GUARD,5,5,8,,0
2026/05/12,2026/02/03,2026/04/27,2026053,E000100600,479-608AA34,NEEDLE GUARD,5,3,3,,0
2026/05/19,2026/02/03,2026/05/08,2026055,E000100657,479-608AA34,NEEDLE GUARD,5,0,0,,0
2026/03/10,2026/02/03,2026/02/25,2026033,E000099514,479-608AA38,NEEDLE GUARD,7,1,1,,0
2026/03/10,2026/02/03,2026/02/25,2026033,E000099515,479-608BA38,NEEDLE GUARD,7,3,3,,0
2026/03/04,2026/02/03,2026/02/19,2026032,E000099419,479-611AA34,STITCH CAM (B),102,26,26,,0
2026/03/04,2026/02/03,2026/02/19,2026032,E000099420,479-612AA34,STITCH CAM (C),102,6,6,,0
2026/02/02,2026/02/03,2026/01/19,2026021,E000098946,479-615AA34,RAISING CAM (B),305,0,159,,305
2026/02/04,2026/02/03,2026/01/21,2026022,E000098991,479-615AA34,RAISING CAM (B),305,0,159,,305
2026/04/20,2026/02/03,2026/04/07,2026046,E000100381,479-615AA34,RAISING CAM (B),305,159,159,,0
2026/05/01,2026/02/03,2026/04/20,2026051,E000100552,479-615AA34,RAISING CAM (B),305,0,0,,0
2026/05/12,2026/02/03,2026/04/27,2026053,E000100601,479-615AA34,RAISING CAM (B),305,0,0,,0
2026/05/19,2026/02/03,2026/05/08,2026055,E000100658,479-615AA34,RAISING CAM (B),305,0,0,,0
2026/03/10,2026/02/03,2026/02/25,2026033,E000099516,479-615AA38,RAISING CAM (B),455,71,71,,0
2026/02/02,2026/02/03,2026/01/19,2026021,E000098947,479-616AA34,RAISING CAM (C),305,0,222,,305
2026/02/04,2026/02/03,2026/01/21,2026022,E000098992,479-616AA34,RAISING CAM (C),305,222,222,,0
2026/04/20,2026/02/03,2026/04/07,2026046,E000100382,479-616AA34,RAISING CAM (C),305,0,0,,0
2026/05/01,2026/02/03,2026/04/20,2026051,E000100553,479-616AA34,RAISING CAM (C),305,0,0,,0
2026/05/12,2026/02/03,2026/04/27,2026053,E000100602,479-616AA34,RAISING CAM (C),305,0,0,,0
2026/05/19,2026/02/03,2026/05/08,2026055,E000100659,479-616AA34,RAISING CAM (C),305,0,0,,0
2026/03/10,2026/02/03,2026/02/25,2026033,E000099517,479-616AA38,RAISING CAM (C),455,60,60,,0
2026/02/02,2026/02/03,2026/01/19,2026021,E000098948,479-619AA34,WELT CAM (B),200,0,159,,200
2026/02/04,2026/02/03,2026/01/21,2026022,E000098993,479-619AA34,WELT CAM (B),200,0,159,,200
2026/04/20,2026/02/03,2026/04/07,2026046,E000100383,479-619AA34,WELT CAM (B),200,159,159,,0
2026/05/01,2026/02/03,2026/04/20,2026051,E000100554,479-619AA34,WELT CAM (B),200,0,0,,0
2026/05/12,2026/02/03,2026/04/27,2026053,E000100603,479-619AA34,WELT CAM (B),200,0,0,,0
2026/05/19,2026/02/03,2026/05/08,2026055,E000100660,479-619AA34,WELT CAM (B),200,0,0,,0
2026/03/10,2026/02/03,2026/02/25,2026033,E000099518,479-619AA38,WELT CAM (B),301,53,53,,0
2026/02/02,2026/02/03,2026/01/19,2026021,E000098949,479-620AA34,WELT CAM (C),200,0,199,,200
2026/02/04,2026/02/03,2026/01/21,2026022,E000098994,479-620AA34,WELT CAM (C),200,0,199,,200
2026/04/20,2026/02/03,2026/04/07,2026046,E000100384,479-620AA34,WELT CAM (C),200,199,199,,0
2026/05/01,2026/02/03,2026/04/20,2026051,E000100555,479-620AA34,WELT CAM (C),200,0,0,,0
2026/05/12,2026/02/03,2026/04/27,2026053,E000100604,479-620AA34,WELT CAM (C),200,0,0,,0
2026/05/19,2026/02/03,2026/05/08,2026055,E000100661,479-620AA34,WELT CAM (C),200,0,0,,0
2026/03/10,2026/02/03,2026/02/25,2026033,E000099519,479-620AA38,WELT CAM (C),301,45,45,,0
2026/02/02,2026/02/03,2026/01/19,2026021,E000098950,479-623AA34,WELT CAM (B),105,0,244,,105
2026/02/04,2026/02/03,2026/01/21,2026022,E000098995,479-623AA34,WELT CAM (B),105,0,244,,105
2026/04/20,2026/02/03,2026/04/07,2026046,E000100385,479-623AA34,WELT CAM (B),105,105,244,,0
2026/05/01,2026/02/03,2026/04/20,2026051,E000100556,479-623AA34,WELT CAM (B),105,105,139,,0
2026/05/12,2026/02/03,2026/04/27,2026053,E000100605,479-623AA34,WELT CAM (B),105,34,34,,0
2026/05/19,2026/02/03,2026/05/08,2026055,E000100662,479-623AA34,WELT CAM (B),105,0,0,,0
2026/03/10,2026/02/03,2026/02/25,2026033,E000099520,479-623AA38,WELT CAM (B),154,57,57,,0
2026/02/02,2026/02/03,2026/01/19,2026021,E000098951,479-624AA34,WELT CAM (C),105,0,131,,105
2026/02/04,2026/02/03,2026/01/21,2026022,E000098996,479-624AA34,WELT CAM (C),105,0,131,,105
2026/04/20,2026/02/03,2026/04/07,2026046,E000100386,479-624AA34,WELT CAM (C),105,105,131,,0
2026/05/01,2026/02/03,2026/04/20,2026051,E000100557,479-624AA34,WELT CAM (C),105,26,26,,0
2026/05/12,2026/02/03,2026/04/27,2026053,E000100606,479-624AA34,WELT CAM (C),105,0,0,,0
2026/05/19,2026/02/03,2026/05/08,2026055,E000100663,479-624AA34,WELT CAM (C),105,0,0,,0
2026/03/10,2026/02/03,2026/02/25,2026033,E000099521,479-624AA38,WELT CAM (C),154,66,66,,0
2026/02/02,2026/02/03,2026/01/19,2026021,E000098952,479-627AA34,TUCKING CAM (B),150,0,119,,150
2026/02/04,2026/02/03,2026/01/21,2026022,E000098997,479-627AA34,TUCKING CAM (B),150,0,119,,150
2026/04/20,2026/02/03,2026/04/07,2026046,E000100387,479-627AA34,TUCKING CAM (B),150,119,119,,0
2026/05/01,2026/02/03,2026/04/20,2026051,E000100558,479-627AA34,TUCKING CAM (B),150,0,0,,0
2026/05/12,2026/02/03,2026/04/27,2026053,E000100607,479-627AA34,TUCKING CAM (B),150,0,0,,0
2026/05/19,2026/02/03,2026/05/08,2026055,E000100664,479-627AA34,TUCKING CAM (B),150,0,0,,0
2026/03/10,2026/02/03,2026/02/25,2026033,E000099522,479-627AA38,TUCKING CAM (B),224,45,45,,0
2026/02/02,2026/02/03,2026/01/19,2026021,E000098953,479-628AA34,TUCKING CAM (C),150,0,128,,150
2026/02/04,2026/02/03,2026/01/21,2026022,E000098998,479-628AA34,TUCKING CAM (C),150,0,128,,150
2026/04/20,2026/02/03,2026/04/07,2026046,E000100388,479-628AA34,TUCKING CAM (C),150,128,128,,0
2026/05/01,2026/02/03,2026/04/20,2026051,E000100559,479-628AA34,TUCKING CAM (C),150,0,0,,0
2026/05/12,2026/02/03,2026/04/27,2026053,E000100608,479-628AA34,TUCKING CAM (C),150,0,0,,0
2026/05/19,2026/02/03,2026/05/08,2026055,E000100665,479-628AA34,TUCKING CAM (C),150,0,0,,0
2026/03/10,2026/02/03,2026/02/25,2026033,E000099523,479-628AA38,TUCKING CAM (C),224,61,61,,0
2026/03/04,2026/02/03,2026/02/19,2026032,E000099421,479-631AA34,TICK STITCH CAM (B),90,8,8,,0
2026/03/04,2026/02/03,2026/02/19,2026032,E000099422,479-632AA34,TUCK STITCH CAM (C),90,5,5,,0
2026/02/06,2026/02/03,2026/02/06,,E000100537,479-651AB30,GATE CAM (B),1,1,20,PM-5180302,
2026/02/02,2026/02/03,2026/01/19,2026021,E000098954,479-651AB34,GATE CAM (B),5,0,9,,5
2026/02/04,2026/02/03,2026/01/21,2026022,E000098999,479-651AB34,GATE CAM (B),5,0,9,,5
2026/04/20,2026/02/03,2026/04/07,2026046,E000100389,479-651AB34,GATE CAM (B),5,5,9,,0
2026/05/01,2026/02/03,2026/04/20,2026051,E000100560,479-651AB34,GATE CAM (B),5,4,4,,0
2026/05/12,2026/02/03,2026/04/27,2026053,E000100609,479-651AB34,GATE CAM (B),5,0,0,,0
2026/05/19,2026/02/03,2026/05/08,2026055,E000100666,479-651AB34,GATE CAM (B),5,0,0,,0
2026/03/10,2026/02/03,2026/02/25,2026033,E000099524,479-651AB38,GATE CAM (B),14,5,5,,0
2026/02/02,2026/02/03,2026/01/19,2026021,E000098955,479-652AB34,GATE CAM (C),5,0,14,,5
2026/02/04,2026/02/03,2026/01/21,2026022,E000099000,479-652AB34,GATE CAM (C),5,0,14,,5
2026/04/20,2026/02/03,2026/04/07,2026046,E000100390,479-652AB34,GATE CAM (C),5,5,14,,0
2026/05/01,2026/02/03,2026/04/20,2026051,E000100561,479-652AB34,GATE CAM (C),5,5,9,,0
2026/05/12,2026/02/03,2026/04/27,2026053,E000100610,479-652AB34,GATE CAM (C),5,4,4,,0
2026/05/19,2026/02/03,2026/05/08,2026055,E000100667,479-652AB34,GATE CAM (C),5,0,0,,0
2026/03/10,2026/02/03,2026/02/25,2026033,E000099525,479-652AB38,GATE CAM (C),14,8,8,,0
2026/02/17,2026/02/03,2026/02/02,2026025,E000099130,5108-511DA42,KNIT CAM,290,10,10,,0
2026/02/17,2026/02/03,2026/02/02,2026025,E000099131,5108-512BA42,WELT CAM,286,33,33,,0
2026/02/17,2026/02/03,2026/02/02,2026025,E000099132,5108-515CA42,GATE CAM,2,0,0,,2
2026/02/17,2026/02/03,2026/02/02,2026025,E000099133,5108-515DA42,GATE CAM,2,0,0,,2
2026/02/17,2026/02/03,2026/02/02,2026025,E000099134,5108-517BA42,WELT CAM,2,1,1,,0
2026/02/17,2026/02/03,2026/02/02,2026025,E000099135,5108-607AA42,NEEDLE GUARD,70,31,31,,0
2026/02/17,2026/02/03,2026/02/02,2026025,E000099136,5108-607BA42,NEEDLE GUARD,2,0,1,,2
2026/02/17,2026/02/03,2026/02/02,2026025,E000099137,5108-608AA42,NEEDLE GUARD,2,0,0,,2
2026/02/17,2026/02/03,2026/02/02,2026025,E000099138,5108-615AA42,WELT CAM (H),142,23,23,,0
2026/02/17,2026/02/03,2026/02/02,2026025,E000099139,5108-616AA42,WELT CAM (L),144,20,20,,0
2026/02/17,2026/02/03,2026/02/02,2026025,E000099140,5108-617AA42,WELT CAM (H),2,0,0,,2
2026/02/17,2026/02/03,2026/02/02,2026025,E000099141,5108-617BA42,WELT CAM (H),2,0,0,,2
2026/02/17,2026/02/03,2026/02/02,2026025,E000099142,5108-618AA42,WELT CAM (L),2,0,0,,2
2026/02/26,2026/02/03,2026/02/10,2026028,E000099311,5154-506AA30,NEEDLE GUARD,48,48,89,,0
2026/03/02,2026/02/03,2026/02/17,2026031,E000099383,5154-506AA30,NEEDLE GUARD,96,41,41,,0
2026/03/17,2026/02/03,2026/03/04,2026035,E000099704,5154-506AA30,NEEDLE GUARD,48,0,0,,0
2026/03/19,2026/02/03,2026/03/09,2026036,E000099777,5154-506AA30,NEEDLE GUARD,72,0,0,,0
2026/04/01,2026/02/03,2026/03/19,2026041,E000099910,5154-506AA30,NEEDLE GUARD,96,0,0,,0
2026/04/10,2026/02/03,2026/03/31,2026044,E000100458,5154-506AA30,NEEDLE GUARD,48,0,0,,0
2026/04/27,2026/02/03,2026/04/14,2026048,E000100501,5154-506AA30,NEEDLE GUARD,48,0,0,,0
2026/05/01,2026/02/03,2026/04/20,2026051,E000100562,5154-506AA30,NEEDLE GUARD,144,0,0,,0
2026/03/17,2026/02/03,2026/03/04,2026035,E000099705,5154-506AA34,NEEDLE GUARD,54,37,37,,0
2026/04/10,2026/02/03,2026/03/31,2026044,E000100459,5154-506AA34,NEEDLE GUARD,54,0,0,,0
2026/04/03,2026/02/03,2026/03/24,2026042,E000100231,5154-506AA36,NEEDLE GUARD,56,44,44,,0
2026/04/03,2026/02/03,2026/03/24,2026042,E000100232,5154-506BA36,NEEDLE GUARD,2,2,15,,0
2026/02/26,2026/02/03,2026/02/10,2026028,E000099312,5154-506BB30,NEEDLE GUARD,2,0,7,,2
2026/03/02,2026/02/03,2026/02/17,2026031,E000099384,5154-506BB30,NEEDLE GUARD,4,0,7,,4
2026/03/17,2026/02/03,2026/03/04,2026035,E000099706,5154-506BB30,NEEDLE GUARD,2,0,7,,2
2026/03/19,2026/02/03,2026/03/09,2026036,E000099778,5154-506BB30,NEEDLE GUARD,3,0,7,,3
2026/04/01,2026/02/03,2026/03/19,2026041,E000099911,5154-506BB30,NEEDLE GUARD,4,4,7,,0
2026/04/10,2026/02/03,2026/03/31,2026044,E000100460,5154-506BB30,NEEDLE GUARD,2,2,3,,0
2026/04/27,2026/02/03,2026/04/14,2026048,E000100502,5154-506BB30,NEEDLE GUARD,2,1,1,,0
2026/05/01,2026/02/03,2026/04/20,2026051,E000100563,5154-506BB30,NEEDLE GUARD,6,0,0,,0
2026/03/17,2026/02/03,2026/03/04,2026035,E000099707,5154-506BB34,NEEDLE GUARD,2,0,3,,2
2026/04/10,2026/02/03,2026/03/31,2026044,E000100461,5154-506BB34,NEEDLE GUARD,2,2,3,,0
2026/04/03,2026/02/03,2026/03/24,2026042,E000100233,5154-506CB36,NEEDLE GUARD,2,2,15,,0
2026/02/26,2026/02/03,2026/02/10,2026028,E000099313,5154-511AA30,KNIT CAM,194,194,232,,0
2026/03/17,2026/02/03,2026/03/04,2026035,E000099708,5154-511AA30,KNIT CAM,770,38,38,,0
2026/03/19,2026/02/03,2026/03/09,2026036,E000099779,5154-511AA30,KNIT CAM,291,0,0,,0
2026/04/10,2026/02/03,2026/03/31,2026044,E000100462,5154-511AA30,KNIT CAM,386,0,0,,0
2026/05/01,2026/02/03,2026/04/20,2026051,E000100564,5154-511AA30,KNIT CAM,582,0,0,,0
2026/03/17,2026/02/03,2026/03/04,2026035,E000099709,5154-511AA34,KNIT CAM,866,54,54,,0
2026/04/10,2026/02/03,2026/03/31,2026044,E000100463,5154-511AA34,KNIT CAM,434,0,0,,0
2026/04/03,2026/02/03,2026/03/24,2026042,E000100234,5154-511AA38,KNIT CAM,230,53,53,,0
2026/02/25,2026/02/03,2026/02/25,,E000100214,5154-511CB30,KNIT CAM,144,0,0,PM-5174504,
2026/02/25,2026/02/03,2026/02/25,,E000100336,5154-511DA30,KNIT CAM,192,5,5,PE-2579101,
2026/02/27,2026/02/03,2026/02/27,,E000100166,5154-511DA34,KNIT CAM,72,0,0,PM-5171001,
2026/02/26,2026/02/03,2026/02/10,2026028,E000099314,5154-512AA30,TUCK CAM,128,82,82,,0
2026/03/02,2026/02/03,2026/02/17,2026031,E000099385,5154-512AA30,TUCK CAM,256,0,0,,0
2026/03/17,2026/02/03,2026/03/04,2026035,E000099710,5154-512AA30,TUCK CAM,256,0,0,,0
2026/03/19,2026/02/03,2026/03/09,2026036,E000099780,5154-512AA30,TUCK CAM,192,0,0,,0
2026/04/10,2026/02/03,2026/03/31,2026044,E000100464,5154-512AA30,TUCK CAM,256,0,0,,0
2026/03/17,2026/02/03,2026/03/04,2026035,E000099711,5154-512AA34,TUCK CAM,288,95,95,,0
2026/04/10,2026/02/03,2026/03/31,2026044,E000100465,5154-512AA34,TUCK CAM,288,0,0,,0
2026/02/26,2026/02/03,2026/02/10,2026028,E000099315,5154-513AA30,WELT CAM,196,52,52,,0
2026/03/02,2026/02/03,2026/02/17,2026031,E000099386,5154-513AA30,WELT CAM,392,0,0,,0
2026/03/17,2026/02/03,2026/03/04,2026035,E000099712,5154-513AA30,WELT CAM,392,0,0,,0
2026/03/19,2026/02/03,2026/03/09,2026036,E000099781,5154-513AA30,WELT CAM,294,0,0,,0
2026/03/16,2026/02/03,2026/03/16,,E000100220,5154-513AA30,WELT CAM,196,0,0,PM-5176901,
2026/04/01,2026/02/03,2026/03/19,2026041,E000099915,5154-513AA30,WELT CAM,392,0,0,,0
2026/04/10,2026/02/03,2026/03/31,2026044,E000100466,5154-513AA30,WELT CAM,392,0,0,,0
2026/04/27,2026/02/03,2026/04/14,2026048,E000100503,5154-513AA30,WELT CAM,196,0,0,,0
2026/05/01,2026/02/03,2026/04/20,2026051,E000100565,5154-513AA30,WELT CAM,588,0,0,,0
2026/03/17,2026/02/03,2026/03/04,2026035,E000099713,5154-513AA34,WELT CAM,440,16,16,,0
2026/04/10,2026/02/03,2026/03/31,2026044,E000100467,5154-513AA34,WELT CAM,440,0,0,,0
2026/04/03,2026/02/03,2026/03/24,2026042,E000100235,5154-513AA38,WELT CAM,232,45,45,,0
2026/02/26,2026/02/03,2026/02/10,2026028,E000099316,5154-514AA30,WELT CAM,64,64,66,,0
2026/03/02,2026/02/03,2026/02/17,2026031,E000099387,5154-514AA30,WELT CAM,128,2,2,,0
2026/03/17,2026/02/03,2026/03/04,2026035,E000099714,5154-514AA30,WELT CAM,128,0,0,,0
2026/03/19,2026/02/03,2026/03/09,2026036,E000099782,5154-514AA30,WELT CAM,96,0,0,,0
2026/04/10,2026/02/03,2026/03/31,2026044,E000100468,5154-514AA30,WELT CAM,128,0,0,,0
2026/03/17,2026/02/03,2026/03/04,2026035,E000099715,5154-514AA34,WELT CAM,144,22,22,,0
2026/04/10,2026/02/03,2026/03/31,2026044,E000100469,5154-514AA34,WELT CAM,144,0,0,,0
2026/03/02,2026/02/03,2026/02/17,2026031,E000099388,5154-515AA30,GUARD CAM,128,26,26,,0
2026/04/01,2026/02/03,2026/03/19,2026041,E000100216,5154-515AA30,GUARD CAM,832,0,0,,0
2026/04/27,2026/02/03,2026/04/14,2026048,E000100504,5154-515AA30,GUARD CAM,416,0,0,,0
2026/03/02,2026/02/03,2026/02/17,2026031,E000099389,5154-521AA30,KNIT CAM,388,67,67,,0
2026/04/01,2026/02/03,2026/03/19,2026041,E000099916,5154-521AA30,KNIT CAM,388,0,0,,0
2026/04/27,2026/02/03,2026/04/14,2026048,E000100505,5154-521AA30,KNIT CAM,194,0,0,,0
2026/02/27,2026/02/03,2026/02/27,,E000099674,5154-531AB30,KNIT CAM,192,47,47,PF-M173101,
2026/02/27,2026/02/03,2026/02/27,,E000099675,5154-532AA30,TUCK CAM,64,26,26,PF-M173102,
2026/02/27,2026/02/03,2026/02/27,,E000099676,5154-534AA30,WELT CAM,64,9,9,PF-M173103,
2026/02/26,2026/02/03,2026/02/10,2026028,E000099317,5154-607AA30,NEEDLE GUARD,46,17,17,,0
2026/03/02,2026/02/03,2026/02/17,2026031,E000099390,5154-607AA30,NEEDLE GUARD,92,0,0,,0
2026/03/17,2026/02/03,2026/03/04,2026035,E000099716,5154-607AA30,NEEDLE GUARD,46,0,0,,0
2026/03/19,2026/02/03,2026/03/09,2026036,E000099783,5154-607AA30,NEEDLE GUARD,69,0,0,,0
2026/04/01,2026/02/03,2026/03/19,2026041,E000099917,5154-607AA30,NEEDLE GUARD,92,0,0,,0
2026/04/10,2026/02/03,2026/03/31,2026044,E000100470,5154-607AA30,NEEDLE GUARD,46,0,0,,0
2026/04/27,2026/02/03,2026/04/14,2026048,E000100506,5154-607AA30,NEEDLE GUARD,46,0,0,,0
2026/05/01,2026/02/03,2026/04/20,2026051,E000100566,5154-607AA30,NEEDLE GUARD,138,0,0,,0
2026/03/17,2026/02/03,2026/03/04,2026035,E000099717,5154-607AA34,NEEDLE GUARD,52,33,33,,0
2026/04/10,2026/02/03,2026/03/31,2026044,E000100471,5154-607AA34,NEEDLE GUARD,52,0,0,,0
2026/04/03,2026/02/03,2026/03/24,2026042,E000100236,5154-607AA36,NEEDLE GUARD,54,54,71,,0
2026/02/26,2026/02/03,2026/02/10,2026028,E000099318,5154-607BA30,NEEDLE GUARD,2,0,1,,2
2026/03/02,2026/02/03,2026/02/17,2026031,E000099391,5154-607BA30,NEEDLE GUARD,4,0,1,,4
2026/03/17,2026/02/03,2026/03/04,2026035,E000099718,5154-607BA30,NEEDLE GUARD,2,0,1,,2
2026/03/19,2026/02/03,2026/03/09,2026036,E000099784,5154-607BA30,NEEDLE GUARD,3,0,1,,3
2026/04/01,2026/02/03,2026/03/19,2026041,E000099918,5154-607BA30,NEEDLE GUARD,4,1,1,,0
2026/04/10,2026/02/03,2026/03/31,2026044,E000100472,5154-607BA30,NEEDLE GUARD,2,0,0,,0
2026/04/27,2026/02/03,2026/04/14,2026048,E000100507,5154-607BA30,NEEDLE GUARD,2,0,0,,0
2026/05/01,2026/02/03,2026/04/20,2026051,E000100567,5154-607BA30,NEEDLE GUARD,6,0,0,,0
2026/03/17,2026/02/03,2026/03/04,2026035,E000099719,5154-607BA34,NEEDLE GUARD,2,0,5,,2
2026/04/10,2026/02/03,2026/03/31,2026044,E000100473,5154-607BA34,NEEDLE GUARD,2,2,5,,0
2026/04/03,2026/02/03,2026/03/24,2026042,E000100237,5154-607BA36,NEEDLE GUARD,2,2,14,,0
2026/02/26,2026/02/03,2026/02/10,2026028,E000099319,5154-608AA30,NEEDLE GUARD,2,0,3,,2
2026/03/02,2026/02/03,2026/02/17,2026031,E000099392,5154-608AA30,NEEDLE GUARD,4,0,3,,4
2026/03/17,2026/02/03,2026/03/04,2026035,E000099720,5154-608AA30,NEEDLE GUARD,2,0,3,,2
2026/03/19,2026/02/03,2026/03/09,2026036,E000099785,5154-608AA30,NEEDLE GUARD,3,0,3,,3
2026/04/01,2026/02/03,2026/03/19,2026041,E000099919,5154-608AA30,NEEDLE GUARD,4,3,3,,0
2026/04/10,2026/02/03,2026/03/31,2026044,E000100474,5154-608AA30,NEEDLE GUARD,2,0,0,,0
2026/04/27,2026/02/03,2026/04/14,2026048,E000100508,5154-608AA30,NEEDLE GUARD,2,0,0,,0
2026/05/01,2026/02/03,2026/04/20,2026051,E000100568,5154-608AA30,NEEDLE GUARD,6,0,0,,0
2026/03/17,2026/02/03,2026/03/04,2026035,E000099721,5154-608AA34,NEEDLE GUARD,2,0,1,,2
2026/04/10,2026/02/03,2026/03/31,2026044,E000100475,5154-608AA34,NEEDLE GUARD,2,1,1,,0
2026/04/03,2026/02/03,2026/03/24,2026042,E000100238,5154-608AA36,NEEDLE GUARD,2,2,22,,0
2026/04/03,2026/02/03,2026/03/24,2026042,E000100239,5154-609AA36,NEEDLE GUARD,2,2,14,,0
2026/02/26,2026/02/03,2026/02/10,2026028,E000099320,5154-611AA30,KNIT CAM (H),98,98,245,,0
2026/03/17,2026/02/03,2026/03/04,2026035,E000099722,5154-611AA30,KNIT CAM (H),194,147,147,,0
2026/03/19,2026/02/03,2026/03/09,2026036,E000099786,5154-611AA30,KNIT CAM (H),147,0,0,,0
2026/04/10,2026/02/03,2026/03/31,2026044,E000100476,5154-611AA30,KNIT CAM (H),98,0,0,,0
2026/05/01,2026/02/03,2026/04/20,2026051,E000100569,5154-611AA30,KNIT CAM (H),294,0,0,,0
2026/03/17,2026/02/03,2026/03/04,2026035,E000099723,5154-611AA34,KNIT CAM (H),218,58,58,,0
2026/04/10,2026/02/03,2026/03/31,2026044,E000100477,5154-611AA34,KNIT CAM (H),110,0,0,,0
2026/04/03,2026/02/03,2026/03/24,2026042,E000100240,5154-611AA36,KNIT CAM (H),116,38,38,,0
2026/02/25,2026/02/03,2026/02/25,,E000099825,5154-611CA30,KNIT CAM (H),48,48,89,PM-5174502,
2026/02/25,2026/02/03,2026/02/25,,E000100337,5154-611DA30,KNIT CAM (H),96,7,7,PE-2579102,
2026/02/27,2026/02/03,2026/02/27,,E000100167,5154-611DA34,KNIT CAM (H),36,0,0,PM-5171002,
2026/02/26,2026/02/03,2026/02/10,2026028,E000099321,5154-612AA30,KNIT CAM (L),98,98,137,,0
2026/03/17,2026/02/03,2026/03/04,2026035,E000099724,5154-612AA30,KNIT CAM (L),194,39,39,,0
2026/03/19,2026/02/03,2026/03/09,2026036,E000099787,5154-612AA30,KNIT CAM (L),147,0,0,,0
2026/04/10,2026/02/03,2026/03/31,2026044,E000100478,5154-612AA30,KNIT CAM (L),98,0,0,,0
2026/05/01,2026/02/03,2026/04/20,2026051,E000100570,5154-612AA30,KNIT CAM (L),294,0,0,,0
2026/03/17,2026/02/03,2026/03/04,2026035,E000099725,5154-612AA34,KNIT CAM (L),218,70,70,,0
2026/04/10,2026/02/03,2026/03/31,2026044,E000100479,5154-612AA34,KNIT CAM (L),110,0,0,,0
2026/04/03,2026/02/03,2026/03/24,2026042,E000100241,5154-612AA36,KNIT CAM (L),116,34,34,,0
2026/02/25,2026/02/03,2026/02/25,,E000099826,5154-612CA30,KNIT CAM (L),48,20,20,PM-5174503,
2026/02/25,2026/02/03,2026/02/25,,E000100338,5154-612DA30,KNIT CAM (L),96,4,4,PE-2579103,
2026/02/27,2026/02/03,2026/02/27,,E000100168,5154-612DA34,KNIT CAM (L),36,0,0,PM-5171003,
2026/02/26,2026/02/03,2026/02/10,2026028,E000099322,5154-613AB30,TUCK CAM (H),64,49,49,,0
2026/03/02,2026/02/03,2026/02/17,2026031,E000099393,5154-613AB30,TUCK CAM (H),128,0,0,,0
2026/03/17,2026/02/03,2026/03/04,2026035,E000099726,5154-613AB30,TUCK CAM (H),64,0,0,,0
2026/03/19,2026/02/03,2026/03/09,2026036,E000099788,5154-613AB30,TUCK CAM (H),96,0,0,,0
2026/04/10,2026/02/03,2026/03/31,2026044,E000100480,5154-613AB30,TUCK CAM (H),64,0,0,,0
2026/03/17,2026/02/03,2026/03/04,2026035,E000099727,5154-613AB34,TUCK CAM (H),72,21,21,,0
2026/04/10,2026/02/03,2026/03/31,2026044,E000100481,5154-613AB34,TUCK CAM (H),72,0,0,,0
2026/02/26,2026/02/03,2026/02/10,2026028,E000099323,5154-614AB30,TUCK CAM (L),64,32,32,,0
2026/03/02,2026/02/03,2026/02/17,2026031,E000099394,5154-614AB30,TUCK CAM (L),128,0,0,,0
2026/03/17,2026/02/03,2026/03/04,2026035,E000099728,5154-614AB30,TUCK CAM (L),64,0,0,,0
2026/03/19,2026/02/03,2026/03/09,2026036,E000099789,5154-614AB30,TUCK CAM (L),96,0,0,,0
2026/04/10,2026/02/03,2026/03/31,2026044,E000100482,5154-614AB30,TUCK CAM (L),64,0,0,,0
2026/03/17,2026/02/03,2026/03/04,2026035,E000099729,5154-614AB34,TUCK CAM (L),72,22,22,,0
2026/04/10,2026/02/03,2026/03/31,2026044,E000100483,5154-614AB34,TUCK CAM (L),72,0,0,,0
2026/02/26,2026/02/03,2026/02/10,2026028,E000099324,5154-615AA30,WELT CAM (H),98,16,16,,0
2026/03/02,2026/02/03,2026/02/17,2026031,E000099395,5154-615AA30,WELT CAM (H),196,0,0,,0
2026/03/17,2026/02/03,2026/03/04,2026035,E000099730,5154-615AA30,WELT CAM (H),146,0,0,,0
2026/03/19,2026/02/03,2026/03/09,2026036,E000099790,5154-615AA30,WELT CAM (H),147,0,0,,0
2026/04/01,2026/02/03,2026/03/19,2026041,E000099920,5154-615AA30,WELT CAM (H),196,0,0,,0
2026/04/10,2026/02/03,2026/03/31,2026044,E000100484,5154-615AA30,WELT CAM (H),98,0,0,,0
2026/04/27,2026/02/03,2026/04/14,2026048,E000100509,5154-615AA30,WELT CAM (H),98,0,0,,0
2026/05/01,2026/02/03,2026/04/20,2026051,E000100571,5154-615AA30,WELT CAM (H),294,0,0,,0
2026/03/17,2026/02/03,2026/03/04,2026035,E000099731,5154-615AA34,WELT CAM (H),164,75,75,,0
2026/04/10,2026/02/03,2026/03/31,2026044,E000100485,5154-615AA34,WELT CAM (H),110,0,0,,0
2026/04/03,2026/02/03,2026/03/24,2026042,E000100242,5154-615AA36,WELT CAM (H),116,23,23,,0
2026/02/26,2026/02/03,2026/02/10,2026028,E000099325,5154-616AA30,WELT CAM (L),98,4,4,,0
2026/03/02,2026/02/03,2026/02/17,2026031,E000099396,5154-616AA30,WELT CAM (L),196,0,0,,0
2026/03/17,2026/02/03,2026/03/04,2026035,E000099732,5154-616AA30,WELT CAM (L),146,0,0,,0
2026/03/19,2026/02/03,2026/03/09,2026036,E000099791,5154-616AA30,WELT CAM (L),147,0,0,,0
2026/04/01,2026/02/03,2026/03/19,2026041,E000099921,5154-616AA30,WELT CAM (L),196,0,0,,0
2026/04/10,2026/02/03,2026/03/31,2026044,E000100486,5154-616AA30,WELT CAM (L),98,0,0,,0
2026/04/27,2026/02/03,2026/04/14,2026048,E000100510,5154-616AA30,WELT CAM (L),98,0,0,,0
2026/05/01,2026/02/03,2026/04/20,2026051,E000100572,5154-616AA30,WELT CAM (L),294,0,0,,0
2026/03/17,2026/02/03,2026/03/04,2026035,E000099733,5154-616AA34,WELT CAM (L),164,62,62,,0
2026/04/10,2026/02/03,2026/03/31,2026044,E000100487,5154-616AA34,WELT CAM (L),110,0,0,,0
2026/04/03,2026/02/03,2026/03/24,2026042,E000100243,5154-616AA36,WELT CAM (L),116,25,25,,0
2026/02/26,2026/02/03,2026/02/10,2026028,E000099326,5154-617AA30,WELT CAM (H),48,48,62,,0
2026/03/02,2026/02/03,2026/02/17,2026031,E000099397,5154-617AA30,WELT CAM (H),96,14,14,,0
2026/03/17,2026/02/03,2026/03/04,2026035,E000099734,5154-617AA30,WELT CAM (H),48,0,0,,0
2026/03/19,2026/02/03,2026/03/09,2026036,E000099792,5154-617AA30,WELT CAM (H),72,0,0,,0
2026/04/10,2026/02/03,2026/03/31,2026044,E000100488,5154-617AA30,WELT CAM (H),48,0,0,,0
2026/03/17,2026/02/03,2026/03/04,2026035,E000099735,5154-617AA34,WELT CAM (H),54,15,15,,0
2026/04/10,2026/02/03,2026/03/31,2026044,E000100489,5154-617AA34,WELT CAM (H),54,0,0,,0
2026/02/26,2026/02/03,2026/02/10,2026028,E000099327,5154-618AA30,WELT CAM (L),48,30,30,,0
2026/03/02,2026/02/03,2026/02/17,2026031,E000099398,5154-618AA30,WELT CAM (L),96,0,0,,0
2026/03/17,2026/02/03,2026/03/04,2026035,E000099736,5154-618AA30,WELT CAM (L),48,0,0,,0
2026/03/19,2026/02/03,2026/03/09,2026036,E000099793,5154-618AA30,WELT CAM (L),72,0,0,,0
2026/04/10,2026/02/03,2026/03/31,2026044,E000100490,5154-618AA30,WELT CAM (L),48,0,0,,0
2026/03/17,2026/02/03,2026/03/04,2026035,E000099737,5154-618AA34,WELT CAM (L),54,39,39,,0
2026/04/10,2026/02/03,2026/03/31,2026044,E000100491,5154-618AA34,WELT CAM (L),54,0,0,,0
2026/03/02,2026/02/03,2026/02/17,2026031,E000099399,5154-619AA30,GUARD CAM (H),64,19,19,,0
2026/05/01,2026/02/03,2026/04/20,2026051,E000100573,5154-619AA30,GUARD CAM (H),1248,0,0,,0
2026/03/02,2026/02/03,2026/02/17,2026031,E000099400,5154-620AA30,GUARD CAM (L),64,0,0,,0
2026/03/02,2026/02/03,2026/02/17,2026031,E000099401,5154-621AA30,KNIT CAM (H),196,32,32,,0
2026/04/01,2026/02/03,2026/03/19,2026041,E000099922,5154-621AA30,KNIT CAM (H),196,0,0,,0
2026/04/27,2026/02/03,2026/04/14,2026048,E000100511,5154-621AA30,KNIT CAM (H),98,0,0,,0
2026/03/02,2026/02/03,2026/02/17,2026031,E000099402,5154-622AA30,KNIT CAM (L),196,48,48,,0
2026/04/01,2026/02/03,2026/03/19,2026041,E000099923,5154-622AA30,KNIT CAM (L),196,0,0,,0
2026/04/27,2026/02/03,2026/04/14,2026048,E000100512,5154-622AA30,KNIT CAM (L),98,0,0,,0
2026/02/27,2026/02/03,2026/02/27,,E000099677,5154-631AB30,KNIT CAM (H),48,48,52,PF-M173104,
2026/02/27,2026/02/03,2026/02/27,,E000099678,5154-632AB30,KNIT CAM (L),48,11,11,PF-M173105,
2026/02/27,2026/02/03,2026/02/27,,E000099679,5154-633AA30,TUCK CAM (H),16,0,0,PF-M173106,
2026/02/27,2026/02/03,2026/02/27,,E000099680,5154-634AA30,TUCK CAM (L),16,16,16,PF-M173107,
2026/02/27,2026/02/03,2026/02/27,,E000099681,5154-635AA30,WELT CAM (H),49,20,20,PF-M173108,
2026/02/27,2026/02/03,2026/02/27,,E000099682,5154-636AA30,WELT CAM (L),49,28,28,PF-M173109,
2026/02/27,2026/02/03,2026/02/27,,E000099683,5154-637AA30,WELT CAM (H),16,12,12,PF-M173110,
2026/02/27,2026/02/03,2026/02/27,,E000099684,5154-638AA30,WELT CAM (L),16,13,13,PF-M173111,
2026/02/02,2026/02/03,2026/01/19,2026021,E000099011,5165-506AA34,NEEDLE GUARD,34,0,18,,34
2026/03/17,2026/02/03,2026/03/04,2026035,E000099738,5165-506AA34,NEEDLE GUARD,34,0,18,,34
2026/03/12,2026/02/03,2026/02/27,2026034,E000099828,5165-506AB30,NEEDLE GUARD,120,14,14,,0
2026/04/01,2026/02/03,2026/03/19,2026041,E000099924,5165-506AB30,NEEDLE GUARD,120,0,0,,0
2026/02/02,2026/02/03,2026/01/19,2026021,E000099012,5165-506BA34,NEEDLE GUARD,1,0,4,,1
2026/03/17,2026/02/03,2026/03/04,2026035,E000099739,5165-506BA34,NEEDLE GUARD,1,0,4,,1
2026/03/12,2026/02/03,2026/02/27,2026034,E000099829,5165-506BB30,NEEDLE GUARD,4,0,12,,4
2026/04/01,2026/02/03,2026/03/19,2026041,E000099925,5165-506BB30,NEEDLE GUARD,4,4,12,,0
2026/02/02,2026/02/03,2026/01/19,2026021,E000099013,5165-511AA34,KNIT CAM,137,0,68,,137
2026/03/17,2026/02/03,2026/03/04,2026035,E000099740,5165-511AA34,KNIT CAM,137,68,68,,0
2026/03/12,2026/02/03,2026/02/27,2026034,E000099830,5165-511AE30,KNIT CAM,244,0,6,,244
2026/04/01,2026/02/03,2026/03/19,2026041,E000099926,5165-511AE30,KNIT CAM,244,6,6,,0
2026/02/02,2026/02/03,2026/01/19,2026021,E000099014,5165-512AA34,WELT CAM,44,0,5,,44
2026/03/17,2026/02/03,2026/03/04,2026035,E000099741,5165-512AA34,WELT CAM,44,0,5,,44
2026/02/02,2026/02/03,2026/01/19,2026021,E000099015,5165-514AA34,TUCK CAM,68,0,41,,68
2026/03/17,2026/02/03,2026/03/04,2026035,E000099742,5165-514AA34,TUCK CAM,68,41,41,,0
2026/02/02,2026/02/03,2026/01/19,2026021,E000099016,5165-516AA34,SEGMENT WELT CAM,10,0,45,,10
2026/03/17,2026/02/03,2026/03/04,2026035,E000099743,5165-516AA34,SEGMENT WELT CAM,10,0,45,,10
2026/03/12,2026/02/03,2026/02/27,2026034,E000099831,5165-516AB30,SEGMENT WELT CAM,4,0,23,,4
2026/04/01,2026/02/03,2026/03/19,2026041,E000099927,5165-516AB30,SEGMENT WELT CAM,4,4,23,,0
2026/03/10,2026/02/03,2026/03/10,,E000099694,5165-521AA38,KNIT CAM,28,28,40,PE-2575301,
2026/03/10,2026/02/03,2026/03/10,,E000099695,5165-525AA38,WELT CAM,20,20,57,PE-2575302,
2026/03/12,2026/02/03,2026/02/27,2026034,E000099832,5165-606AA30,NEEDLE GUARD,116,39,39,,0
2026/04/01,2026/02/03,2026/03/19,2026041,E000099928,5165-606AA30,NEEDLE GUARD,116,0,0,,0
2026/02/02,2026/02/03,2026/01/19,2026021,E000099017,5165-606AA34,NEEDLE GUARD,33,0,90,,33
2026/03/17,2026/02/03,2026/03/04,2026035,E000099744,5165-606AA34,NEEDLE GUARD,33,0,90,,33
2026/03/12,2026/02/03,2026/02/27,2026034,E000099833,5165-606BA30,NEEDLE GUARD,4,0,15,,4
2026/04/01,2026/02/03,2026/03/19,2026041,E000099929,5165-606BA30,NEEDLE GUARD,4,4,15,,0
2026/02/02,2026/02/03,2026/01/19,2026021,E000099018,5165-606BA34,NEEDLE GUARD,1,0,15,,1
2026/03/17,2026/02/03,2026/03/04,2026035,E000099745,5165-606BA34,NEEDLE GUARD,1,0,15,,1
2026/03/12,2026/02/03,2026/02/27,2026034,E000099834,5165-607AA30,NEEDLE GUARD,4,0,12,,4
2026/04/01,2026/02/03,2026/03/19,2026041,E000099930,5165-607AA30,NEEDLE GUARD,4,4,12,,0
2026/02/02,2026/02/03,2026/01/19,2026021,E000099019,5165-607AA34,NEEDLE GUARD,1,0,14,,1
2026/03/17,2026/02/03,2026/03/04,2026035,E000099746,5165-607AA34,NEEDLE GUARD,1,0,14,,1
2026/03/12,2026/02/03,2026/02/27,2026034,E000099835,5165-611AA30,STITCH CAM (H),244,85,85,,0
2026/04/01,2026/02/03,2026/03/19,2026041,E000099931,5165-611AA30,STITCH CAM (H),244,0,0,,0
2026/02/02,2026/02/03,2026/01/19,2026021,E000099020,5165-611AA36,STITCH CAM (H),69,0,11,,69
2026/03/17,2026/02/03,2026/03/04,2026035,E000099747,5165-611AA36,STITCH CAM (H),69,11,11,,0
2026/02/02,2026/02/03,2026/01/19,2026021,E000099021,5165-612AA36,STITCH CAM (L),69,0,45,,69
2026/03/17,2026/02/03,2026/03/04,2026035,E000099748,5165-612AA36,STITCH CAM (L),69,45,45,,0
2026/03/12,2026/02/03,2026/02/27,2026034,E000099836,5165-613AA30,RAISING CAM (H),244,58,58,,0
2026/04/01,2026/02/03,2026/03/19,2026041,E000099932,5165-613AA30,RAISING CAM (H),244,0,0,,0
2026/02/02,2026/02/03,2026/01/19,2026021,E000099022,5165-613AA34,RAISING CAM (H),69,0,56,,69
2026/03/17,2026/02/03,2026/03/04,2026035,E000099749,5165-613AA34,RAISING CAM (H),69,56,56,,0
2026/02/02,2026/02/03,2026/01/19,2026021,E000099023,5165-614AA34,RAISING CAM (L),69,0,62,,69
2026/03/17,2026/02/03,2026/03/04,2026035,E000099750,5165-614AA34,RAISING CAM (L),69,62,62,,0
2026/02/02,2026/02/03,2026/01/19,2026021,E000099024,5165-615AA34,WELT CAM (H),34,0,6,,34
2026/03/17,2026/02/03,2026/03/04,2026035,E000099751,5165-615AA34,WELT CAM (H),34,0,6,,34
2026/03/10,2026/02/03,2026/03/10,,E000099696,5165-615AA36,WELT CAM (H),24,24,76,PE-2575303,
2026/03/12,2026/02/03,2026/02/27,2026034,E000099837,5165-615LA30,WELT CAM (H),4,0,5,,4
2026/04/01,2026/02/03,2026/03/19,2026041,E000099933,5165-615LA30,WELT CAM (H),4,4,5,,0
2026/02/02,2026/02/03,2026/01/19,2026021,E000099025,5165-615LA34,WELT CAM (H),1,0,14,,1
2026/03/17,2026/02/03,2026/03/04,2026035,E000099752,5165-615LA34,WELT CAM (H),1,0,14,,1
2026/02/02,2026/02/03,2026/01/19,2026021,E000099026,5165-616AA34,WELT CAM (L),35,0,33,,35
2026/03/17,2026/02/03,2026/03/04,2026035,E000099753,5165-616AA34,WELT CAM (L),35,33,33,,0
2026/03/10,2026/02/03,2026/03/10,,E000099697,5165-616AA36,WELT CAM (L),24,16,16,PE-2575304,
2026/03/10,2026/02/03,2026/03/10,,E000099698,5165-617AA36,WELT CAM (H),18,18,54,PE-2575305,
2026/03/10,2026/02/03,2026/03/10,,E000099699,5165-618AA36,WELT CAM (L),18,18,29,PE-2575306,
2026/02/02,2026/02/03,2026/01/19,2026021,E000099027,5165-619AA34,TUCKING CAM (H),34,0,25,,34
2026/03/17,2026/02/03,2026/03/04,2026035,E000099754,5165-619AA34,TUCKING CAM (H),34,25,25,,0
2026/03/10,2026/02/03,2026/03/10,,E000099700,5165-619AA36,TUCKING CAM (H),18,18,74,PE-2575307,
2026/02/02,2026/02/03,2026/01/19,2026021,E000099028,5165-620AA34,TUCKING CAM (L),34,0,27,,34
2026/03/17,2026/02/03,2026/03/04,2026035,E000099755,5165-620AA34,TUCKING CAM (L),34,27,27,,0
2026/03/10,2026/02/03,2026/03/10,,E000099701,5165-620AA36,TUCKING CAM (L),18,18,60,PE-2575308,
2026/02/02,2026/02/03,2026/01/19,2026021,E000099029,5165-621AA36,TUCK STITCH CAM (H),34,0,31,,34
2026/03/17,2026/02/03,2026/03/04,2026035,E000099756,5165-621AA36,TUCK STITCH CAM (H),34,31,31,,0
2026/03/10,2026/02/03,2026/03/10,,E000099702,5165-621AA36,TUCK STITCH CAM (H),18,0,0,PE-2575309,
2026/02/02,2026/02/03,2026/01/19,2026021,E000099030,5165-622AA36,TUCK STITCH CAM (L),34,0,9,,34
2026/03/17,2026/02/03,2026/03/04,2026035,E000099757,5165-622AA36,TUCK STITCH CAM (L),34,9,9,,0
2026/03/10,2026/02/03,2026/03/10,,E000099703,5165-622AA36,TUCK STITCH CAM (L),18,0,0,PE-2575310,
2026/03/02,2026/02/03,2026/02/17,2026031,E000099403,5172-506AA30,NEEDLE GUARD,120,17,17,,0
2026/03/02,2026/02/03,2026/02/17,2026031,E000099404,5172-506BA30,NEEDLE GUARD,4,0,1,,4
2026/03/02,2026/02/03,2026/02/17,2026031,E000099405,5172-511AA30,KNIT CAM (D),244,48,48,,0
2026/03/02,2026/02/03,2026/02/17,2026031,E000099406,5172-512AA30,KNIT CAM (C),244,21,21,,0
2026/03/02,2026/02/03,2026/02/17,2026031,E000099407,5172-513AA30,GATE CAM (D),4,2,2,,0
2026/03/02,2026/02/03,2026/02/17,2026031,E000099408,5172-514AA30,GATE CAM (C),4,2,2,,0
2026/03/02,2026/02/03,2026/02/17,2026031,E000099409,5172-606AA30,NEEDLE GUARD,116,21,21,,0
2026/03/02,2026/02/03,2026/02/17,2026031,E000099410,5172-606BA30,NEEDLE GUARD,4,0,4,,4
2026/03/02,2026/02/03,2026/02/17,2026031,E000099411,5172-607AA30,NEEDLE GUARD,4,0,14,,4
2026/03/02,2026/02/03,2026/02/17,2026031,E000099412,5172-611AA30,KNIT CAM (H),244,25,25,,0
2026/03/02,2026/02/03,2026/02/17,2026031,E000099882,5172-611SA30,KNIT CAM (H),60,4,4,,0
2026/03/02,2026/02/03,2026/02/17,2026031,E000099413,5172-612AA30,KNIT CAM (L),244,16,16,,0
2026/03/02,2026/02/03,2026/02/17,2026031,E000099883,5172-612SA30,KNIT CAM (L),60,5,5,,0
2026/03/02,2026/02/03,2026/02/17,2026031,E000099414,5172-613LA30,WELT CAM (H),4,3,3,,0
2026/03/02,2026/02/03,2026/02/17,2026031,E000099415,5172-614AA30,WELT CAM (L),4,3,3,,0
2026/02/02,2026/02/03,2026/01/19,2026021,E000098970,5173-607AA34,NEEDLE GUARD,145,0,27,,145
2026/02/04,2026/02/03,2026/01/21,2026022,E000099001,5173-607AA34,NEEDLE GUARD,145,0,27,,145
2026/04/20,2026/02/03,2026/04/07,2026046,E000100391,5173-607AA34,NEEDLE GUARD,145,27,27,,0
2026/05/01,2026/02/03,2026/04/20,2026051,E000100574,5173-607AA34,NEEDLE GUARD,145,0,0,,0
2026/05/12,2026/02/03,2026/04/27,2026053,E000100611,5173-607AA34,NEEDLE GUARD,145,0,0,,0
2026/05/19,2026/02/03,2026/05/08,2026055,E000100668,5173-607AA34,NEEDLE GUARD,145,0,0,,0
2026/03/10,2026/02/03,2026/02/25,2026033,E000099557,5173-607AA38,NEEDLE GUARD,217,11,11,,0
2026/02/02,2026/02/03,2026/01/19,2026021,E000098971,5173-607BA34,NEEDLE GUARD,5,0,14,,5
2026/02/04,2026/02/03,2026/01/21,2026022,E000099002,5173-607BA34,NEEDLE GUARD,5,0,14,,5
2026/04/20,2026/02/03,2026/04/07,2026046,E000100392,5173-607BA34,NEEDLE GUARD,5,5,14,,0
2026/05/01,2026/02/03,2026/04/20,2026051,E000100575,5173-607BA34,NEEDLE GUARD,5,5,9,,0
2026/05/12,2026/02/03,2026/04/27,2026053,E000100612,5173-607BA34,NEEDLE GUARD,5,4,4,,0
2026/05/19,2026/02/03,2026/05/08,2026055,E000100669,5173-607BA34,NEEDLE GUARD,5,0,0,,0
2026/03/10,2026/02/03,2026/02/25,2026033,E000099558,5173-607BA38,NEEDLE GUARD,7,0,3,,7
2026/02/02,2026/02/03,2026/01/19,2026021,E000098972,5173-611AA34,STITCH CAM (B),155,0,21,,155
2026/02/04,2026/02/03,2026/01/21,2026022,E000099003,5173-611AA34,STITCH CAM (B),155,0,21,,155
2026/04/20,2026/02/03,2026/04/07,2026046,E000100393,5173-611AA34,STITCH CAM (B),155,21,21,,0
2026/05/01,2026/02/03,2026/04/20,2026051,E000100576,5173-611AA34,STITCH CAM (B),155,0,0,,0
2026/05/12,2026/02/03,2026/04/27,2026053,E000100613,5173-611AA34,STITCH CAM (B),155,0,0,,0
2026/05/19,2026/02/03,2026/05/08,2026055,E000100670,5173-611AA34,STITCH CAM (B),155,0,0,,0
2026/03/10,2026/02/03,2026/02/25,2026033,E000099559,5173-611AA36,STITCH CAM (B),231,29,29,,0
2026/02/02,2026/02/03,2026/01/19,2026021,E000098973,5173-611BA34,STITCH CAM (B),300,0,281,,300
2026/02/04,2026/02/03,2026/01/21,2026022,E000099004,5173-611BA34,STITCH CAM (B),300,0,281,,300
2026/04/20,2026/02/03,2026/04/07,2026046,E000100394,5173-611BA34,STITCH CAM (B),300,281,281,,0
2026/05/01,2026/02/03,2026/04/20,2026051,E000100577,5173-611BA34,STITCH CAM (B),300,0,0,,0
2026/05/12,2026/02/03,2026/04/27,2026053,E000100614,5173-611BA34,STITCH CAM (B),300,0,0,,0
2026/05/19,2026/02/03,2026/05/08,2026055,E000100671,5173-611BA34,STITCH CAM (B),300,0,0,,0
2026/03/10,2026/02/03,2026/02/25,2026033,E000099560,5173-611BA36,STITCH CAM (B),448,29,29,,0
2026/02/02,2026/02/03,2026/01/19,2026021,E000098974,5173-612AA34,STITCH CAM (C),155,0,204,,155
2026/02/04,2026/02/03,2026/01/21,2026022,E000099005,5173-612AA34,STITCH CAM (C),155,0,204,,155
2026/04/20,2026/02/03,2026/04/07,2026046,E000100395,5173-612AA34,STITCH CAM (C),155,155,204,,0
2026/05/01,2026/02/03,2026/04/20,2026051,E000100578,5173-612AA34,STITCH CAM (C),155,49,49,,0
2026/05/12,2026/02/03,2026/04/27,2026053,E000100615,5173-612AA34,STITCH CAM (C),155,0,0,,0
2026/05/19,2026/02/03,2026/05/08,2026055,E000100672,5173-612AA34,STITCH CAM (C),155,0,0,,0
2026/03/10,2026/02/03,2026/02/25,2026033,E000099561,5173-612AA36,STITCH CAM (C),231,36,36,,0
2026/02/02,2026/02/03,2026/01/19,2026021,E000098975,5173-612BA34,STITCH CAM (C),300,0,264,,300
2026/02/04,2026/02/03,2026/01/21,2026022,E000099006,5173-612BA34,STITCH CAM (C),300,0,264,,300
2026/04/20,2026/02/03,2026/04/07,2026046,E000100396,5173-612BA34,STITCH CAM (C),300,264,264,,0
2026/05/01,2026/02/03,2026/04/20,2026051,E000100579,5173-612BA34,STITCH CAM (C),300,0,0,,0
2026/05/12,2026/02/03,2026/04/27,2026053,E000100616,5173-612BA34,STITCH CAM (C),300,0,0,,0
2026/05/19,2026/02/03,2026/05/08,2026055,E000100673,5173-612BA34,STITCH CAM (C),300,0,0,,0
2026/03/10,2026/02/03,2026/02/25,2026033,E000099562,5173-612BA36,STITCH CAM (C),448,26,26,,0
2026/02/02,2026/02/03,2026/01/19,2026021,E000098976,5173-631AA34,TUCK STITCH CAM (B),150,0,32,,150
2026/02/04,2026/02/03,2026/01/21,2026022,E000099007,5173-631AA34,TUCK STITCH CAM (B),150,0,32,,150
2026/04/20,2026/02/03,2026/04/07,2026046,E000100397,5173-631AA34,TUCK STITCH CAM (B),150,32,32,,0
2026/05/01,2026/02/03,2026/04/20,2026051,E000100580,5173-631AA34,TUCK STITCH CAM (B),150,0,0,,0
2026/05/12,2026/02/03,2026/04/27,2026053,E000100617,5173-631AA34,TUCK STITCH CAM (B),150,0,0,,0
2026/05/19,2026/02/03,2026/05/08,2026055,E000100674,5173-631AA34,TUCK STITCH CAM (B),150,0,0,,0
2026/03/10,2026/02/03,2026/02/25,2026033,E000099563,5173-631AA36,TUCK STITCH CAM (B),224,38,38,,0
2026/02/02,2026/02/03,2026/01/19,2026021,E000098977,5173-632AA34,TUCK STITCH CAM (C),150,0,170,,150
2026/02/04,2026/02/03,2026/01/21,2026022,E000099008,5173-632AA34,TUCK STITCH CAM (C),150,0,170,,150
2026/04/20,2026/02/03,2026/04/07,2026046,E000100398,5173-632AA34,TUCK STITCH CAM (C),150,150,170,,0
2026/05/01,2026/02/03,2026/04/20,2026051,E000100581,5173-632AA34,TUCK STITCH CAM (C),150,20,20,,0
2026/05/12,2026/02/03,2026/04/27,2026053,E000100618,5173-632AA34,TUCK STITCH CAM (C),150,0,0,,0
2026/05/19,2026/02/03,2026/05/08,2026055,E000100675,5173-632AA34,TUCK STITCH CAM (C),150,0,0,,0
2026/03/10,2026/02/03,2026/02/25,2026033,E000099564,5173-632AA36,TUCK STITCH CAM (C),224,38,38,,0
2026/02/19,2026/02/03,2026/02/04,2026026,E000099056,5176-611AA30,STITCH CAM (B),245,204,204,,0
2026/02/24,2026/02/03,2026/02/06,2026027,E000099081,5176-611AA30,STITCH CAM (B),245,0,0,,0
2026/02/19,2026/02/03,2026/02/04,2026026,E000099057,5176-612AA30,STITCH CAM (C),245,5,5,,0
2026/02/24,2026/02/03,2026/02/06,2026027,E000099082,5176-612AA30,STITCH CAM (C),245,0,0,,0
2026/02/19,2026/02/03,2026/02/04,2026026,E000099058,5176-631BA30,TUCK STITCH CAM (B),120,0,18,,120
2026/02/24,2026/02/03,2026/02/06,2026027,E000099083,5176-631BA30,TUCK STITCH CAM (B),120,0,18,,120
2026/02/19,2026/02/03,2026/02/04,2026026,E000099059,5176-632BA30,TUCK STITCH CAM (C),120,25,25,,0
2026/02/24,2026/02/03,2026/02/06,2026027,E000099084,5176-632BA30,TUCK STITCH CAM (C),120,0,0,,0
2026/03/25,2026/02/03,2026/03/12,2026037,E000099610,5179-607AA34,NEEDLE GUARD,145,24,24,,0
2026/03/27,2026/02/03,2026/03/16,2026038,E000099655,5179-607AA34,NEEDLE GUARD,145,0,0,,0
2026/04/08,2026/02/03,2026/03/27,2026043,E000100010,5179-607AA34,NEEDLE GUARD,290,0,0,,0
2026/04/15,2026/02/03,2026/04/03,2026045,E000100092,5179-607AA34,NEEDLE GUARD,145,0,0,,0
2026/04/23,2026/02/03,2026/04/10,2026047,E000100117,5179-607AA34,NEEDLE GUARD,145,0,0,,0
2026/03/25,2026/02/03,2026/03/12,2026037,E000099611,5179-607BA34,NEEDLE GUARD,5,0,0,,5
2026/03/27,2026/02/03,2026/03/16,2026038,E000099656,5179-607BA34,NEEDLE GUARD,5,0,0,,5
2026/04/08,2026/02/03,2026/03/27,2026043,E000100011,5179-607BA34,NEEDLE GUARD,10,0,0,,0
2026/04/15,2026/02/03,2026/04/03,2026045,E000100093,5179-607BA34,NEEDLE GUARD,5,0,0,,0
2026/04/23,2026/02/03,2026/04/10,2026047,E000100118,5179-607BA34,NEEDLE GUARD,5,0,0,,0
2026/03/25,2026/02/03,2026/03/12,2026037,E000099612,5179-623DA34,KNIT CAM (H),240,165,165,,0
2026/03/27,2026/02/03,2026/03/16,2026038,E000099657,5179-623DA34,KNIT CAM (H),240,0,0,,0
2026/04/08,2026/02/03,2026/03/27,2026043,E000100012,5179-623DA34,KNIT CAM (H),480,0,0,,0
2026/04/15,2026/02/03,2026/04/03,2026045,E000100094,5179-623DA34,KNIT CAM (H),240,0,0,,0
2026/04/23,2026/02/03,2026/04/10,2026047,E000100119,5179-623DA34,KNIT CAM (H),240,0,0,,0
2026/03/25,2026/02/03,2026/03/12,2026037,E000099613,5179-624DA34,KNIT CAM (L),240,140,140,,0
2026/03/27,2026/02/03,2026/03/16,2026038,E000099658,5179-624DA34,KNIT CAM (L),240,0,0,,0
2026/04/08,2026/02/03,2026/03/27,2026043,E000100013,5179-624DA34,KNIT CAM (L),480,0,0,,0
2026/04/15,2026/02/03,2026/04/03,2026045,E000100095,5179-624DA34,KNIT CAM (L),240,0,0,,0
2026/04/23,2026/02/03,2026/04/10,2026047,E000100120,5179-624DA34,KNIT CAM (L),240,0,0,,0
2026/03/25,2026/02/03,2026/03/12,2026037,E000099614,5179-629DA34,TUCK CAM (H),75,75,77,,0
2026/03/27,2026/02/03,2026/03/16,2026038,E000099659,5179-629DA34,TUCK CAM (H),75,2,2,,0
2026/04/08,2026/02/03,2026/03/27,2026043,E000100014,5179-629DA34,TUCK CAM (H),150,0,0,,0
2026/04/15,2026/02/03,2026/04/03,2026045,E000100096,5179-629DA34,TUCK CAM (H),75,0,0,,0
2026/04/23,2026/02/03,2026/04/10,2026047,E000100121,5179-629DA34,TUCK CAM (H),75,0,0,,0
2026/03/25,2026/02/03,2026/03/12,2026037,E000099615,5179-630DA34,TUCK CAM (L),75,31,31,,0
2026/03/27,2026/02/03,2026/03/16,2026038,E000099660,5179-630DA34,TUCK CAM (L),75,0,0,,0
2026/04/08,2026/02/03,2026/03/27,2026043,E000100015,5179-630DA34,TUCK CAM (L),150,0,0,,0
2026/04/15,2026/02/03,2026/04/03,2026045,E000100097,5179-630DA34,TUCK CAM (L),75,0,0,,0
2026/04/23,2026/02/03,2026/04/10,2026047,E000100122,5179-630DA34,TUCK CAM (L),75,0,0,,0
2026/02/05,2026/02/03,2026/02/05,,E000099666,5180-512AA33,RAISING CAM,50,50,63,PJ-0632932,
2026/02/05,2026/02/03,2026/02/05,,E000099667,5180-514AA33,WELT CAM,80,80,91,PJ-0632933,
2026/02/05,2026/02/03,2026/02/05,,E000099665,5180-515AA33,TUCKING CAM,12,2,2,PJ-0632931,
2025/01/29,2026/02/03,2025/01/16,2025018,E000091357,5183-506AA33,NEEDLE GUARD,36,0,4,,36
2025/01/29,2026/02/03,2025/01/16,2025018,E000091358,5183-506BA33,NEEDLE GUARD,1,0,0,,1
2025/01/29,2026/02/03,2025/01/16,2025018,E000091321,5183-511AA33,KNIT CAM,145,0,4,,145
2025/01/29,2026/02/03,2025/01/16,2025018,E000091322,5183-511BA33,KNIT CAM,96,0,5,,96
2025/01/29,2026/02/03,2025/01/16,2025018,E000091323,5183-511CA33,KNIT CAM,288,0,2,,288
2025/01/29,2026/02/03,2025/01/16,2025018,E000091324,5183-512AA33,TUCK CAM,96,0,2,,96
2025/01/29,2026/02/03,2025/01/16,2025018,E000091325,5183-513AA33,WELT CAM,196,0,7,,196
2025/01/29,2026/02/03,2025/01/16,2025018,E000091326,5183-514AA33,WELT CAM,56,0,6,,56
2025/01/29,2026/02/03,2025/01/16,2025018,E000091327,5183-515AA33,GUARD CAM,48,0,32,,48
2025/01/29,2026/02/03,2025/01/16,2025018,E000091359,5183-607AA33,NEEDLE GUARD,35,0,5,,35
2025/01/29,2026/02/03,2025/01/16,2025018,E000091360,5183-607BA33,NEEDLE GUARD,1,0,1,,1
2025/01/29,2026/02/03,2025/01/16,2025018,E000091361,5183-608AA33,NEEDLE GUARD,1,0,2,,1
2025/01/29,2026/02/03,2025/01/16,2025018,E000091328,5183-611AA33,KNIT CAM (H),73,0,29,,73
2025/01/29,2026/02/03,2025/01/16,2025018,E000091329,5183-612AA33,KNIT CAM (L),73,0,35,,73
2025/01/29,2026/02/03,2025/01/16,2025018,E000091330,5183-613AA33,TUCK CAM (H),24,0,4,,24
2025/01/29,2026/02/03,2025/01/16,2025018,E000091331,5183-614AA33,TUCK CAM (L),24,0,0,,24
2025/01/29,2026/02/03,2025/01/16,2025018,E000091332,5183-615AA33,WELT CAM (H),37,0,3,,37
2025/01/29,2026/02/03,2025/01/16,2025018,E000091333,5183-616AA33,WELT CAM (L),37,0,0,,37
2025/01/29,2026/02/03,2025/01/16,2025018,E000091334,5183-617AA33,WELT CAM (H),28,0,31,,28
2025/01/29,2026/02/03,2025/01/16,2025018,E000091335,5183-618AA33,WELT CAM (L),28,0,0,,28
2025/01/29,2026/02/03,2025/01/16,2025018,E000091336,5183-619AA33,GUARD CAM (H),24,0,3,,24
2025/01/29,2026/02/03,2025/01/16,2025018,E000091337,5183-620AA33,GUARD CAM (L),24,0,0,,24
2026/03/04,2026/02/03,2026/02/19,2026032,E000099451,5211-511CA34,STITCH CAM,302,60,60,,0
2026/03/04,2026/02/03,2026/02/19,2026032,E000099452,5211-516AA34,TUCK STITCH CAM,180,7,7,,0
2026/03/04,2026/02/03,2026/02/19,2026032,E000099453,5211-521AB34,STITCH CAM,150,51,51,,0
2026/03/04,2026/02/03,2026/02/19,2026032,E000099454,5211-521BB34,STITCH CAM,150,70,70,,0
2026/03/04,2026/02/03,2026/02/19,2026032,E000099455,5213-506AA36,NEEDLE GUARD,50,35,35,,0
2026/03/04,2026/02/03,2026/02/19,2026032,E000099456,5213-506BA36,NEEDLE GUARD,2,0,4,,2
2026/03/04,2026/02/03,2026/02/19,2026032,E000099457,5213-512AA36,RAISING CAM,302,34,34,,0
2026/03/04,2026/02/03,2026/02/19,2026032,E000099458,5213-514AA36,WELT CAM,200,19,19,,0
2026/03/04,2026/02/03,2026/02/19,2026032,E000099459,5213-515AA36,TUCKING CAM,180,39,39,,0
2026/03/04,2026/02/03,2026/02/19,2026032,E000099460,5213-518AA36,WELT CAM,6,2,2,,0
2026/03/04,2026/02/03,2026/02/19,2026032,E000099461,5213-607AA36,NEEDLE GUARD,98,58,58,,0
2026/03/04,2026/02/03,2026/02/19,2026032,E000099462,5213-607BA36,NEEDLE GUARD,2,0,7,,2
2026/03/04,2026/02/03,2026/02/19,2026032,E000099463,5213-607CA36,NEEDLE GUARD,2,0,4,,2
2026/03/04,2026/02/03,2026/02/19,2026032,E000099464,5213-607DA36,NEEDLE GUARD,2,0,4,,2
2026/03/04,2026/02/03,2026/02/19,2026032,E000099465,5213-615AB36,RAISING CAM (B),102,11,11,,0
2026/03/04,2026/02/03,2026/02/19,2026032,E000099466,5213-616AB36,RAISING CAM (C),102,7,7,,0
2026/03/04,2026/02/03,2026/02/19,2026032,E000099467,5213-619AA36,WELT CAM (B),100,19,19,,0
2026/03/04,2026/02/03,2026/02/19,2026032,E000099468,5213-620AA36,WELT CAM (C),100,22,22,,0
2026/03/04,2026/02/03,2026/02/19,2026032,E000099469,5213-623AA36,WELT CAM (B),12,0,0,,12
2026/03/04,2026/02/03,2026/02/19,2026032,E000099470,5213-624AA36,WELT CAM (C),12,0,11,,12
2026/03/04,2026/02/03,2026/02/19,2026032,E000099471,5213-627AB36,TUCKING CAM (B),90,16,16,,0
2026/03/04,2026/02/03,2026/02/19,2026032,E000099472,5213-628AB36,TUCKING CAM (C),90,17,17,,0
2026/03/04,2026/02/03,2026/02/19,2026032,E000099473,5213-651AA36,GATE CAM (B),4,0,1,,4
2026/03/04,2026/02/03,2026/02/19,2026032,E000099474,5213-652AA36,GATE CAM (C),4,0,1,,4
2026/04/03,2026/02/03,2026/03/24,2026042,E000099942,5517-504AA34,NEEDLE GUARD,165,46,46,,0
2026/04/10,2026/02/03,2026/03/31,2026044,E000100024,5517-504AA34,NEEDLE GUARD,165,0,0,,0
2026/04/03,2026/02/03,2026/03/24,2026042,E000099943,5517-505AA34,PRESSER PLATE,111,41,41,,0
2026/04/10,2026/02/03,2026/03/31,2026044,E000100025,5517-505AA34,PRESSER PLATE,111,0,0,,0
2026/04/03,2026/02/03,2026/03/24,2026042,E000099944,5517-511AA34,STITCH CAM,111,28,28,,0
2026/04/10,2026/02/03,2026/03/31,2026044,E000100026,5517-511AA34,STITCH CAM,111,0,0,,0
2026/04/03,2026/02/03,2026/03/24,2026042,E000099945,5517-512AA34,NEEDLE GUARD CAM,99,34,34,,0
2026/04/10,2026/02/03,2026/03/31,2026044,E000100027,5517-512AA34,NEEDLE GUARD CAM,99,0,0,,0
2026/04/03,2026/02/03,2026/03/24,2026042,E000099946,5517-512BA34,NEEDLE GUARD CAM,9,1,1,,0
2026/04/10,2026/02/03,2026/03/31,2026044,E000100028,5517-512BA34,NEEDLE GUARD CAM,9,0,0,,0
2026/04/03,2026/02/03,2026/03/24,2026042,E000099947,5517-513AA34,JACK GUARD CAM,96,40,40,,0
2026/04/10,2026/02/03,2026/03/31,2026044,E000100029,5517-513AA34,JACK GUARD CAM,96,0,0,,0
2026/04/03,2026/02/03,2026/03/24,2026042,E000099948,5517-513BA34,JACK GUARD CAM,12,6,6,,0
2026/04/10,2026/02/03,2026/03/31,2026044,E000100030,5517-513BA34,JACK GUARD CAM,12,0,0,,0
2026/04/03,2026/02/03,2026/03/24,2026042,E000099949,5517-514AA34,JACK RAISING CAM,90,75,75,,0
2026/04/10,2026/02/03,2026/03/31,2026044,E000100031,5517-514AA34,JACK RAISING CAM,90,0,0,,0
2026/04/03,2026/02/03,2026/03/24,2026042,E000099950,5517-514BA34,JACK RAISING CAM,21,16,16,,0
2026/04/10,2026/02/03,2026/03/31,2026044,E000100032,5517-514BA34,JACK RAISING CAM,21,0,0,,0
2026/04/03,2026/02/03,2026/03/24,2026042,E000099951,5517-515AA34,DROPLESS GUARD CAM,108,17,17,,0
2026/04/10,2026/02/03,2026/03/31,2026044,E000100033,5517-515AA34,DROPLESS GUARD CAM,108,0,0,,0
2026/04/03,2026/02/03,2026/03/24,2026042,E000099952,5517-516AA34,GATE CAM,3,3,18,,0
2026/04/10,2026/02/03,2026/03/31,2026044,E000100034,5517-516AA34,GATE CAM,3,3,15,,0
2026/04/03,2026/02/03,2026/03/24,2026042,E000099953,5517-517AA34,GATE CAM,3,3,3,,0
2026/04/10,2026/02/03,2026/03/31,2026044,E000100035,5517-517AA34,GATE CAM,3,0,0,,0
2026/04/03,2026/02/03,2026/03/24,2026042,E000099954,5517-518AA34,GATE CAM,3,2,2,,0
2026/04/10,2026/02/03,2026/03/31,2026044,E000100036,5517-518AA34,GATE CAM,3,0,0,,0
2026/04/03,2026/02/03,2026/03/24,2026042,E000099955,5517-531AA34,STITCH CAM,108,27,27,,0
2026/04/10,2026/02/03,2026/03/31,2026044,E000100037,5517-531AA34,STITCH CAM,108,0,0,,0
2026/04/03,2026/02/03,2026/03/24,2026042,E000099956,5517-566AB34,JACK GUARD CAM,162,55,55,,0
2026/04/10,2026/02/03,2026/03/31,2026044,E000100038,5517-566AB34,JACK GUARD CAM,162,0,0,,0
2026/04/03,2026/02/03,2026/03/24,2026042,E000099957,5517-566BB34,JACK GUARD CAM,3,3,7,,0
2026/04/10,2026/02/03,2026/03/31,2026044,E000100039,5517-566BB34,JACK GUARD CAM,3,3,4,,0
2026/04/03,2026/02/03,2026/03/24,2026042,E000099958,5517-569AA34,CANCELLING CAM,165,47,47,,0
2026/04/10,2026/02/03,2026/03/31,2026044,E000100040,5517-569AA34,CANCELLING CAM,165,0,0,,0
2026/04/03,2026/02/03,2026/03/24,2026042,E000099959,5517-570AC34,RAISING CAM,162,74,74,,0
2026/04/10,2026/02/03,2026/03/31,2026044,E000100041,5517-570AC34,RAISING CAM,162,0,0,,0
2026/04/03,2026/02/03,2026/03/24,2026042,E000099960,5517-570BA34,GATE CAM,3,3,4,,0
2026/04/10,2026/02/03,2026/03/31,2026044,E000100042,5517-570BA34,GATE CAM,3,1,1,,0
2026/04/03,2026/02/03,2026/03/24,2026042,E000099961,5517-591AA34,NEEDLE ARRANGE CAM,3,3,8,,0
2026/04/10,2026/02/03,2026/03/31,2026044,E000100043,5517-591AA34,NEEDLE ARRANGE CAM,3,3,5,,0
2026/04/03,2026/02/03,2026/03/24,2026042,E000099962,5517-592AA34,JACK ARRANGE CAM,3,0,0,,0
2026/04/10,2026/02/03,2026/03/31,2026044,E000100044,5517-592AA34,JACK ARRANGE CAM,3,0,0,,0
2026/04/03,2026/02/03,2026/03/24,2026042,E000099963,5517-593AA34,JACK ARRANGE CAM,3,3,8,,0
2026/04/10,2026/02/03,2026/03/31,2026044,E000100045,5517-593AA34,JACK ARRANGE CAM,3,3,5,,0
2026/04/03,2026/02/03,2026/03/24,2026042,E000099964,5517-611BA34,STITCH CAM,111,27,27,,0
2026/04/10,2026/02/03,2026/03/31,2026044,E000100046,5517-611BA34,STITCH CAM,111,0,0,,0
2026/04/03,2026/02/03,2026/03/24,2026042,E000099965,5517-612AA34,OUTER GUARD CAM,99,38,38,,0
2026/04/10,2026/02/03,2026/03/31,2026044,E000100047,5517-612AA34,OUTER GUARD CAM,99,0,0,,0
2026/04/03,2026/02/03,2026/03/24,2026042,E000099966,5517-612BA34,OUTER GUARD CAM,12,4,4,,0
2026/04/10,2026/02/03,2026/03/31,2026044,E000100048,5517-612BA34,OUTER GUARD CAM,12,0,0,,0
2026/04/03,2026/02/03,2026/03/24,2026042,E000099967,5517-613AA34,KNIT CAM H,105,83,83,,0
2026/04/10,2026/02/03,2026/03/31,2026044,E000100049,5517-613AA34,KNIT CAM H,105,0,0,,0
2026/04/03,2026/02/03,2026/03/24,2026042,E000099968,5517-613BA34,KNIT CAM H,3,0,0,,0
2026/04/10,2026/02/03,2026/03/31,2026044,E000100050,5517-613BA34,KNIT CAM H,3,0,0,,0
2026/04/03,2026/02/03,2026/03/24,2026042,E000099969,5517-614AA34,TUCK CAM H,105,94,94,,0
2026/04/10,2026/02/03,2026/03/31,2026044,E000100051,5517-614AA34,TUCK CAM H,105,0,0,,0
2026/04/03,2026/02/03,2026/03/24,2026042,E000099970,5517-614BA34,TUCK CAM H,3,3,24,,0
2026/04/10,2026/02/03,2026/03/31,2026044,E000100052,5517-614BA34,TUCK CAM H,3,3,21,,0
2026/04/03,2026/02/03,2026/03/24,2026042,E000099971,5517-615AA34,WELT GUARD CAM H,108,103,103,,0
2026/04/10,2026/02/03,2026/03/31,2026044,E000100053,5517-615AA34,WELT GUARD CAM H,108,0,0,,0
2026/04/03,2026/02/03,2026/03/24,2026042,E000099972,5517-616AA34,WELT CAM H,108,98,98,,0
2026/04/10,2026/02/03,2026/03/31,2026044,E000100054,5517-616AA34,WELT CAM H,108,0,0,,0
2026/04/03,2026/02/03,2026/03/24,2026042,E000099973,5517-617AA34,KNIT CAM L,102,72,72,,0
2026/04/10,2026/02/03,2026/03/31,2026044,E000100055,5517-617AA34,KNIT CAM L,102,0,0,,0
2026/04/03,2026/02/03,2026/03/24,2026042,E000099974,5517-617BA34,KNIT CAM L,6,6,10,,0
2026/04/10,2026/02/03,2026/03/31,2026044,E000100056,5517-617BA34,KNIT CAM L,6,4,4,,0
2026/04/03,2026/02/03,2026/03/24,2026042,E000099975,5517-618AA34,TUCK CAM L,105,99,99,,0
2026/04/10,2026/02/03,2026/03/31,2026044,E000100057,5517-618AA34,TUCK CAM L,105,0,0,,0
2026/04/03,2026/02/03,2026/03/24,2026042,E000099976,5517-618BA34,TUCK CAM L,3,3,3,,0
2026/04/10,2026/02/03,2026/03/31,2026044,E000100058,5517-618BA34,TUCK CAM L,3,0,0,,0
2026/04/03,2026/02/03,2026/03/24,2026042,E000099977,5517-619AA34,WELT GUARD CAM L,108,79,79,,0
2026/04/10,2026/02/03,2026/03/31,2026044,E000100059,5517-619AA34,WELT GUARD CAM L,108,0,0,,0
2026/04/03,2026/02/03,2026/03/24,2026042,E000099978,5517-620AA34,WELT CAM L,108,55,55,,0
2026/04/10,2026/02/03,2026/03/31,2026044,E000100060,5517-620AA34,WELT CAM L,108,0,0,,0
2026/04/03,2026/02/03,2026/03/24,2026042,E000099979,5517-621AA34,GATE CAM,3,3,11,,0
2026/04/10,2026/02/03,2026/03/31,2026044,E000100061,5517-621AA34,GATE CAM,3,3,8,,0
2026/04/03,2026/02/03,2026/03/24,2026042,E000099980,5517-622AA34,INNER GUARD CAM,165,19,19,,0
2026/04/10,2026/02/03,2026/03/31,2026044,E000100062,5517-622AA34,INNER GUARD CAM,165,0,0,,0
2026/04/03,2026/02/03,2026/03/24,2026042,E000099981,5518-505AA34,PRESSER PLATE,54,16,16,,0
2026/04/10,2026/02/03,2026/03/31,2026044,E000100063,5518-505AA34,PRESSER PLATE,54,0,0,,0
2026/04/03,2026/02/03,2026/03/24,2026042,E000099934,5518-515AA,DROPLESS GUARD CAM,108,18,18,,0
2026/04/10,2026/02/03,2026/03/31,2026044,E000100016,5518-515AA,DROPLESS GUARD CAM,108,0,0,,0
2026/04/03,2026/02/03,2026/03/24,2026042,E000099982,5518-521AA34,TRANSFER CAM,54,24,24,,0
2026/04/10,2026/02/03,2026/03/31,2026044,E000100064,5518-521AA34,TRANSFER CAM,54,0,0,,0
2026/04/03,2026/02/03,2026/03/24,2026042,E000099983,5518-522AA34,RAISING CAM,54,26,26,,0
2026/04/10,2026/02/03,2026/03/31,2026044,E000100065,5518-522AA34,RAISING CAM,54,0,0,,0
2026/04/03,2026/02/03,2026/03/24,2026042,E000099984,5518-523AA34,NEEDLE GUARD CAM,54,23,23,,0
2026/04/10,2026/02/03,2026/03/31,2026044,E000100066,5518-523AA34,NEEDLE GUARD CAM,54,0,0,,0
2026/04/03,2026/02/03,2026/03/24,2026042,E000099985,5518-524AA34,NEEDLE GUARD CAM,54,10,10,,0
2026/04/10,2026/02/03,2026/03/31,2026044,E000100067,5518-524AA34,NEEDLE GUARD CAM,54,0,0,,0
2026/04/03,2026/02/03,2026/03/24,2026042,E000099986,5518-525AA34,JACK GUARD CAM,54,35,35,,0
2026/04/10,2026/02/03,2026/03/31,2026044,E000100068,5518-525AA34,JACK GUARD CAM,54,0,0,,0
2026/04/03,2026/02/03,2026/03/24,2026042,E000099987,5518-526AA34,JACK RAISING CAM,54,6,6,,0
2026/04/10,2026/02/03,2026/03/31,2026044,E000100069,5518-526AA34,JACK RAISING CAM,54,0,0,,0
2026/04/03,2026/02/03,2026/03/24,2026042,E000099988,5518-531AB34,STITCH CAM,108,29,29,,0
2026/04/10,2026/02/03,2026/03/31,2026044,E000100070,5518-531AB34,STITCH CAM,108,0,0,,0
2026/04/03,2026/02/03,2026/03/24,2026042,E000099989,5518-532AB34,NEEDLE GUARD CAM,99,5,5,,0
2026/04/10,2026/02/03,2026/03/31,2026044,E000100071,5518-532AB34,NEEDLE GUARD CAM,99,0,0,,0
2026/04/03,2026/02/03,2026/03/24,2026042,E000099990,5518-532BB34,NEEDLE GUARD CAM,9,4,4,,0
2026/04/10,2026/02/03,2026/03/31,2026044,E000100072,5518-532BB34,NEEDLE GUARD CAM,9,0,0,,0
2026/04/03,2026/02/03,2026/03/24,2026042,E000099991,5518-616BA34,RECEIVE CAM,54,30,30,,0
2026/04/10,2026/02/03,2026/03/31,2026044,E000100073,5518-616BA34,RECEIVE CAM,54,0,0,,0
2026/03/25,2026/02/03,2026/03/12,2026037,E000099616,5529-607AA38,NEEDLE GUARD,41,0,14,,41
2026/04/15,2026/02/03,2026/04/03,2026045,E000100257,5529-607AA38,NEEDLE GUARD,82,14,14,,0
2026/04/20,2026/02/03,2026/04/07,2026046,E000100297,5529-607AA38,NEEDLE GUARD,82,0,0,,0
2026/04/27,2026/02/03,2026/04/14,2026048,E000100423,5529-607AA38,NEEDLE GUARD,41,0,0,,0
2026/03/25,2026/02/03,2026/03/12,2026037,E000099617,5529-607BA38,NEEDLE GUARD,1,0,18,,1
2026/04/15,2026/02/03,2026/04/03,2026045,E000100258,5529-607BA38,NEEDLE GUARD,2,2,18,,0
2026/04/20,2026/02/03,2026/04/07,2026046,E000100298,5529-607BA38,NEEDLE GUARD,2,2,16,,0
2026/04/27,2026/02/03,2026/04/14,2026048,E000100424,5529-607BA38,NEEDLE GUARD,1,1,14,,0
2026/02/19,2026/02/03,2026/02/04,2026026,E000099060,5532-607AA30,NEEDLE GUARD,175,57,57,,0
2026/02/24,2026/02/03,2026/02/06,2026027,E000099085,5532-607AA30,NEEDLE GUARD,175,0,0,,0
2026/02/19,2026/02/03,2026/02/04,2026026,E000099061,5532-607BA30,NEEDLE GUARD,5,0,6,,5
2026/02/24,2026/02/03,2026/02/06,2026027,E000099086,5532-607BA30,NEEDLE GUARD,5,0,6,,5
2026/02/03,2026/02/03,2026/02/03,,E000099329,5533-616AA34,WELT CAM (L),32,32,51,PJ-0639601,
2026/02/03,2026/02/03,2026/02/03,,E000099330,5533-617AA34,WELT CAM (H),32,32,47,PJ-0639602,
2026/03/25,2026/02/03,2026/03/12,2026037,E000099618,5546-505AA38,PRESSER PLATE,84,14,14,,0
2026/04/15,2026/02/03,2026/04/03,2026045,E000100259,5546-505AA38,PRESSER PLATE,168,0,0,,0
2026/04/20,2026/02/03,2026/04/07,2026046,E000100299,5546-505AA38,PRESSER PLATE,168,0,0,,0
2026/04/27,2026/02/03,2026/04/14,2026048,E000100425,5546-505AA38,PRESSER PLATE,84,0,0,,0
2026/03/25,2026/02/03,2026/03/12,2026037,E000099619,5546-506AA38,NEEDLE GUARD,84,39,39,,0
2026/04/15,2026/02/03,2026/04/03,2026045,E000100260,5546-506AA38,NEEDLE GUARD,168,0,0,,0
2026/04/20,2026/02/03,2026/04/07,2026046,E000100300,5546-506AA38,NEEDLE GUARD,168,0,0,,0
2026/04/27,2026/02/03,2026/04/14,2026048,E000100426,5546-506AA38,NEEDLE GUARD,84,0,0,,0
2026/03/25,2026/02/03,2026/03/12,2026037,E000099620,5546-506BA38,NEEDLE GUARD,1,0,9,,1
2026/04/15,2026/02/03,2026/04/03,2026045,E000100261,5546-506BA38,NEEDLE GUARD,2,2,9,,0
2026/04/20,2026/02/03,2026/04/07,2026046,E000100301,5546-506BA38,NEEDLE GUARD,2,2,7,,0
2026/04/27,2026/02/03,2026/04/14,2026048,E000100427,5546-506BA38,NEEDLE GUARD,1,1,5,,0
2026/03/25,2026/02/03,2026/03/12,2026037,E000099621,5546-511AB38,STITCH CAM,85,70,70,,0
2026/04/15,2026/02/03,2026/04/03,2026045,E000100262,5546-511AB38,STITCH CAM,170,0,0,,0
2026/04/20,2026/02/03,2026/04/07,2026046,E000100302,5546-511AB38,STITCH CAM,170,0,0,,0
2026/04/27,2026/02/03,2026/04/14,2026048,E000100428,5546-511AB38,STITCH CAM,85,0,0,,0
2026/03/25,2026/02/03,2026/03/12,2026037,E000099622,5546-512AC38,NEEDLE GUARD CAM,84,42,42,,0
2026/04/15,2026/02/03,2026/04/03,2026045,E000100263,5546-512AC38,NEEDLE GUARD CAM,168,0,0,,0
2026/04/20,2026/02/03,2026/04/07,2026046,E000100303,5546-512AC38,NEEDLE GUARD CAM,168,0,0,,0
2026/04/27,2026/02/03,2026/04/14,2026048,E000100429,5546-512AC38,NEEDLE GUARD CAM,84,0,0,,0
2026/03/25,2026/02/03,2026/03/12,2026037,E000099623,5546-514AB38,JACK RAISING CAM,85,21,21,,0
2026/04/15,2026/02/03,2026/04/03,2026045,E000100264,5546-514AB38,JACK RAISING CAM,170,0,0,,0
2026/04/20,2026/02/03,2026/04/07,2026046,E000100304,5546-514AB38,JACK RAISING CAM,170,0,0,,0
2026/04/27,2026/02/03,2026/04/14,2026048,E000100430,5546-514AB38,JACK RAISING CAM,85,0,0,,0
2026/03/25,2026/02/03,2026/03/12,2026037,E000099624,5546-515AB38,JUMP GUARD CAM,84,43,43,,0
2026/04/15,2026/02/03,2026/04/03,2026045,E000100265,5546-515AB38,JUMP GUARD CAM,168,0,0,,0
2026/04/20,2026/02/03,2026/04/07,2026046,E000100305,5546-515AB38,JUMP GUARD CAM,168,0,0,,0
2026/04/27,2026/02/03,2026/04/14,2026048,E000100431,5546-515AB38,JUMP GUARD CAM,84,0,0,,0
2026/03/25,2026/02/03,2026/03/12,2026037,E000099625,5546-516AA38,GATE CAM,1,0,17,,1
2026/04/15,2026/02/03,2026/04/03,2026045,E000100266,5546-516AA38,GATE CAM,2,2,17,,0
2026/04/20,2026/02/03,2026/04/07,2026046,E000100306,5546-516AA38,GATE CAM,2,2,15,,0
2026/04/27,2026/02/03,2026/04/14,2026048,E000100432,5546-516AA38,GATE CAM,1,1,13,,0
2026/03/25,2026/02/03,2026/03/12,2026037,E000099626,5546-516BA38,GATE CAM,1,0,4,,1
2026/04/15,2026/02/03,2026/04/03,2026045,E000100267,5546-516BA38,GATE CAM,2,2,4,,0
2026/04/20,2026/02/03,2026/04/07,2026046,E000100307,5546-516BA38,GATE CAM,2,2,2,,0
2026/04/27,2026/02/03,2026/04/14,2026048,E000100433,5546-516BA38,GATE CAM,1,0,0,,0
2026/03/25,2026/02/03,2026/03/12,2026037,E000099627,5546-517AA38,GATE CAM,1,0,5,,1
2026/04/15,2026/02/03,2026/04/03,2026045,E000100268,5546-517AA38,GATE CAM,2,2,5,,0
2026/04/20,2026/02/03,2026/04/07,2026046,E000100308,5546-517AA38,GATE CAM,2,2,3,,0
2026/04/27,2026/02/03,2026/04/14,2026048,E000100434,5546-517AA38,GATE CAM,1,1,1,,0
2026/03/25,2026/02/03,2026/03/12,2026037,E000099628,5546-566AA38,JACK GUARD CAM,83,21,21,,0
2026/04/15,2026/02/03,2026/04/03,2026045,E000100269,5546-566AA38,JACK GUARD CAM,166,0,0,,0
2026/04/20,2026/02/03,2026/04/07,2026046,E000100309,5546-566AA38,JACK GUARD CAM,166,0,0,,0
2026/04/27,2026/02/03,2026/04/14,2026048,E000100435,5546-566AA38,JACK GUARD CAM,83,0,0,,0
2026/03/25,2026/02/03,2026/03/12,2026037,E000099629,5546-566BA38,JACK GUARD CAM,1,0,1,,1
2026/04/15,2026/02/03,2026/04/03,2026045,E000100270,5546-566BA38,JACK GUARD CAM,2,1,1,,0
2026/04/20,2026/02/03,2026/04/07,2026046,E000100310,5546-566BA38,JACK GUARD CAM,2,0,0,,0
2026/04/27,2026/02/03,2026/04/14,2026048,E000100436,5546-566BA38,JACK GUARD CAM,1,0,0,,0
2026/03/25,2026/02/03,2026/03/12,2026037,E000099630,5546-566CA38,JACK GUARD CAM,1,0,3,,1
2026/04/15,2026/02/03,2026/04/03,2026045,E000100271,5546-566CA38,JACK GUARD CAM,2,2,3,,0
2026/04/20,2026/02/03,2026/04/07,2026046,E000100311,5546-566CA38,JACK GUARD CAM,2,1,1,,0
2026/04/27,2026/02/03,2026/04/14,2026048,E000100437,5546-566CA38,JACK GUARD CAM,1,0,0,,0
2026/03/25,2026/02/03,2026/03/12,2026037,E000099631,5546-566DA38,JACK GUARD CAM,1,0,2,,1
2026/04/15,2026/02/03,2026/04/03,2026045,E000100272,5546-566DA38,JACK GUARD CAM,2,2,2,,0
2026/04/20,2026/02/03,2026/04/07,2026046,E000100312,5546-566DA38,JACK GUARD CAM,2,0,0,,0
2026/04/27,2026/02/03,2026/04/14,2026048,E000100438,5546-566DA38,JACK GUARD CAM,1,0,0,,0
2026/03/25,2026/02/03,2026/03/12,2026037,E000099632,5546-569AA38,CANCELLING CAM,84,39,39,,0
2026/04/15,2026/02/03,2026/04/03,2026045,E000100273,5546-569AA38,CANCELLING CAM,168,0,0,,0
2026/04/20,2026/02/03,2026/04/07,2026046,E000100313,5546-569AA38,CANCELLING CAM,168,0,0,,0
2026/04/27,2026/02/03,2026/04/14,2026048,E000100439,5546-569AA38,CANCELLING CAM,84,0,0,,0
2026/03/25,2026/02/03,2026/03/12,2026037,E000099633,5546-569BA38,CANCELLING CAM,1,0,0,,1
2026/04/15,2026/02/03,2026/04/03,2026045,E000100274,5546-569BA38,CANCELLING CAM,2,0,0,,0
2026/04/20,2026/02/03,2026/04/07,2026046,E000100314,5546-569BA38,CANCELLING CAM,2,0,0,,0
2026/04/27,2026/02/03,2026/04/14,2026048,E000100440,5546-569BA38,CANCELLING CAM,1,0,0,,0
2026/03/25,2026/02/03,2026/03/12,2026037,E000099634,5546-569CA38,CANCELLING CAM,1,0,1,,1
2026/04/15,2026/02/03,2026/04/03,2026045,E000100275,5546-569CA38,CANCELLING CAM,2,1,1,,0
2026/04/20,2026/02/03,2026/04/07,2026046,E000100315,5546-569CA38,CANCELLING CAM,2,0,0,,0
2026/04/27,2026/02/03,2026/04/14,2026048,E000100441,5546-569CA38,CANCELLING CAM,1,0,0,,0
2026/03/25,2026/02/03,2026/03/12,2026037,E000099635,5546-570AC38,RAISING CAM,83,1,1,,0
2026/04/15,2026/02/03,2026/04/03,2026045,E000100276,5546-570AC38,RAISING CAM,166,0,0,,0
2026/04/20,2026/02/03,2026/04/07,2026046,E000100316,5546-570AC38,RAISING CAM,166,0,0,,0
2026/04/27,2026/02/03,2026/04/14,2026048,E000100442,5546-570AC38,RAISING CAM,83,0,0,,0
2026/03/25,2026/02/03,2026/03/12,2026037,E000099636,5546-570BB38,RAISING CAM,1,0,3,,1
2026/04/15,2026/02/03,2026/04/03,2026045,E000100277,5546-570BB38,RAISING CAM,2,2,3,,0
2026/04/20,2026/02/03,2026/04/07,2026046,E000100317,5546-570BB38,RAISING CAM,2,1,1,,0
2026/04/27,2026/02/03,2026/04/14,2026048,E000100443,5546-570BB38,RAISING CAM,1,0,0,,0
2026/03/25,2026/02/03,2026/03/12,2026037,E000099637,5546-570CA38,RAISING CAM,1,0,0,,1
2026/04/15,2026/02/03,2026/04/03,2026045,E000100278,5546-570CA38,RAISING CAM,2,0,0,,0
2026/04/20,2026/02/03,2026/04/07,2026046,E000100318,5546-570CA38,RAISING CAM,2,0,0,,0
2026/04/27,2026/02/03,2026/04/14,2026048,E000100444,5546-570CA38,RAISING CAM,1,0,0,,0
2026/03/25,2026/02/03,2026/03/12,2026037,E000099638,5546-570DB38,RAISING CAM,1,0,2,,1
2026/04/15,2026/02/03,2026/04/03,2026045,E000100279,5546-570DB38,RAISING CAM,2,2,2,,0
2026/04/20,2026/02/03,2026/04/07,2026046,E000100319,5546-570DB38,RAISING CAM,2,0,0,,0
2026/04/27,2026/02/03,2026/04/14,2026048,E000100445,5546-570DB38,RAISING CAM,1,0,0,,0
2026/03/25,2026/02/03,2026/03/12,2026037,E000099639,5546-591AB38,NEEDLE ARRANGE CAM,1,0,5,,1
2026/04/15,2026/02/03,2026/04/03,2026045,E000100280,5546-591AB38,NEEDLE ARRANGE CAM,2,2,5,,0
2026/04/20,2026/02/03,2026/04/07,2026046,E000100320,5546-591AB38,NEEDLE ARRANGE CAM,2,2,3,,0
2026/04/27,2026/02/03,2026/04/14,2026048,E000100446,5546-591AB38,NEEDLE ARRANGE CAM,1,1,1,,0
2026/03/25,2026/02/03,2026/03/12,2026037,E000099640,5546-592AB38,JACK ARRANGE CAM,1,0,2,,1
2026/04/15,2026/02/03,2026/04/03,2026045,E000100281,5546-592AB38,JACK ARRANGE CAM,2,2,2,,0
2026/04/20,2026/02/03,2026/04/07,2026046,E000100321,5546-592AB38,JACK ARRANGE CAM,2,0,0,,0
2026/04/27,2026/02/03,2026/04/14,2026048,E000100447,5546-592AB38,JACK ARRANGE CAM,1,0,0,,0
2026/03/25,2026/02/03,2026/03/12,2026037,E000099641,5546-593AB38,SELECT JACK ARRANGE CAM,1,0,3,,1
2026/04/15,2026/02/03,2026/04/03,2026045,E000100282,5546-593AB38,SELECT JACK ARRANGE CAM,2,2,3,,0
2026/04/20,2026/02/03,2026/04/07,2026046,E000100322,5546-593AB38,SELECT JACK ARRANGE CAM,2,1,1,,0
2026/04/27,2026/02/03,2026/04/14,2026048,E000100448,5546-593AB38,SELECT JACK ARRANGE CAM,1,0,0,,0
2026/03/25,2026/02/03,2026/03/12,2026037,E000099642,5546-594AB38,SELECT JACK ARRANGE CAM,1,0,0,,1
2026/04/15,2026/02/03,2026/04/03,2026045,E000100283,5546-594AB38,SELECT JACK ARRANGE CAM,2,0,0,,0
2026/04/20,2026/02/03,2026/04/07,2026046,E000100323,5546-594AB38,SELECT JACK ARRANGE CAM,2,0,0,,0
2026/04/27,2026/02/03,2026/04/14,2026048,E000100449,5546-594AB38,SELECT JACK ARRANGE CAM,1,0,0,,0
2026/01/07,2026/02/03,2025/12/17,2026012,E000098599,5548-505AA34,PRESSER PLATE,44,0,3,,44
2026/01/07,2026/02/03,2025/12/17,2026012,E000098600,5548-505BA34,PRESSER PLATE,21,0,5,,21
2026/01/07,2026/02/03,2025/12/17,2026012,E000098601,5548-506AA34,NEEDLE GUARD,65,0,5,,65
2026/01/07,2026/02/03,2025/12/17,2026012,E000098602,5548-511CA34,STITCH CAM,43,0,5,,43
2026/01/07,2026/02/03,2025/12/17,2026012,E000098603,5548-511DA34,STITCH CAM,42,0,9,,42
2026/01/07,2026/02/03,2025/12/17,2026012,E000098604,5548-511EA34,STITCH CAM,42,0,9,,42
2026/01/07,2026/02/03,2025/12/17,2026012,E000098605,5548-511FA34,STITCH CAM,42,0,7,,42
2026/01/07,2026/02/03,2025/12/17,2026012,E000098606,5548-512AA33,NEEDLE GUARD CAM,42,0,2,,42
2026/01/07,2026/02/03,2025/12/17,2026012,E000098607,5548-512BA33,NEEDLE GUARD CAM,42,0,5,,42
2026/01/07,2026/02/03,2025/12/17,2026012,E000098608,5548-514AA34,JACK RAISING CAM,43,0,4,,43
2026/01/07,2026/02/03,2025/12/17,2026012,E000098609,5548-514BA34,JACK RAISING CAM,42,0,6,,42
2026/01/07,2026/02/03,2025/12/17,2026012,E000098610,5548-516AA34,GATE CAM,2,0,8,,2
2026/01/07,2026/02/03,2025/12/17,2026012,E000098611,5548-517AA34,GATE CAM,2,0,8,,2
2026/01/07,2026/02/03,2025/12/17,2026012,E000098612,5548-521AA34,TRANSFER CAM,21,0,5,,21
2026/01/07,2026/02/03,2025/12/17,2026012,E000098613,5548-521BA34,TRANSFER CAM,21,0,6,,21
2026/01/07,2026/02/03,2025/12/17,2026012,E000098614,5548-522AA34,RAISING CAM,21,0,4,,21
2026/01/07,2026/02/03,2025/12/17,2026012,E000098615,5548-523AA34,NEEDLE GUARD CAM,21,0,8,,21
2026/01/07,2026/02/03,2025/12/17,2026012,E000098616,5548-526AA34,JACK RAISING CAM,21,0,4,,21
2026/01/07,2026/02/03,2025/12/17,2026012,E000098617,5548-531AA34,STITCH CAM,42,0,8,,42
2026/01/07,2026/02/03,2025/12/17,2026012,E000098618,5548-532AA33,NEEDLE GUARD CAM,42,0,5,,42
2026/01/07,2026/02/03,2025/12/17,2026012,E000098619,5548-532BA33,NEEDLE GUARD CAM,42,0,5,,42
2026/01/07,2026/02/03,2025/12/17,2026012,E000098620,5548-566AA34,JACK GUARD CAM,64,0,6,,64
2026/04/23,2026/02/03,2026/04/10,2026047,E000100123,5548-566AA34,JACK GUARD CAM,64,6,6,,0
2026/01/07,2026/02/03,2025/12/17,2026012,E000098621,5548-566BA34,JACK GUARD CAM,1,0,3,,1
2026/04/23,2026/02/03,2026/04/10,2026047,E000100124,5548-566BA34,JACK GUARD CAM,1,1,3,,0
2026/01/07,2026/02/03,2025/12/17,2026012,E000098622,5548-569AA34,CANCELLING CAM,65,0,1,,65
2026/01/07,2026/02/03,2025/12/17,2026012,E000098623,5548-570AA34,RAISING CAM,64,0,2,,64
2026/04/23,2026/02/03,2026/04/10,2026047,E000100125,5548-570AA34,RAISING CAM,64,2,2,,0
2026/01/07,2026/02/03,2025/12/17,2026012,E000098624,5548-570BA34,RAISING CAM,64,0,0,,64
2026/04/23,2026/02/03,2026/04/10,2026047,E000100126,5548-570BA34,RAISING CAM,64,0,0,,0
2026/01/07,2026/02/03,2025/12/17,2026012,E000098625,5548-570CA34,GATE CAM,1,0,3,,1
2026/04/23,2026/02/03,2026/04/10,2026047,E000100127,5548-570CA34,GATE CAM,1,1,3,,0
2026/01/07,2026/02/03,2025/12/17,2026012,E000098626,5548-570DA34,GATE CAM,1,0,4,,1
2026/04/23,2026/02/03,2026/04/10,2026047,E000100128,5548-570DA34,GATE CAM,1,1,4,,0
2026/01/07,2026/02/03,2025/12/17,2026012,E000098627,5548-591AA34,NEEDLE ARRANGE CAM,1,0,3,,1
2026/01/07,2026/02/03,2025/12/17,2026012,E000098628,5548-592AA34,JACK ARRANGE CAM,1,0,6,,1
2026/01/07,2026/02/03,2025/12/17,2026012,E000098629,5548-593AA34,SELECT JACK ARRANGE CAM,1,0,6,,1
2026/04/23,2026/02/03,2026/04/10,2026047,E000100129,5548-593AA34,SELECT JACK ARRANGE CAM,1,1,6,,0
2026/01/07,2026/02/03,2025/12/17,2026012,E000098630,5548-594AA34,SELECT JACK ARRANGE CAM,1,0,4,,1
2026/04/23,2026/02/03,2026/04/10,2026047,E000100130,5548-594AA34,SELECT JACK ARRANGE CAM,1,1,4,,0
2026/01/07,2026/02/03,2025/12/17,2026012,E000098631,5548-624AA34,RECEIVE CAM (B),21,0,9,,21
2026/01/07,2026/02/03,2025/12/17,2026012,E000098632,5548-625AA34,RECEIVE CAM (A),21,0,2,,21
2026/01/07,2026/02/03,2025/12/17,2026012,E000098633,5548-625BA34,RECEIVE CAM,21,0,8,,21
2026/01/07,2026/02/03,2025/12/17,2026012,E000098634,5548-626AA34,BLANK OUT CAM,1,0,4,,1
2026/01/07,2026/02/03,2025/12/17,2026012,E000098635,5548-627AA34,BLANK OUT CAM,1,0,4,,1
2026/03/10,2026/02/03,2026/02/25,2026033,E000099492,59-506E11,NEEDLE GUARD,21,1,1,,0
2026/05/14,2026/02/03,2026/04/30,2026054,E000100619,59-506E15,NEEDLE GUARD,15,7,7,,0
2026/05/21,2026/02/03,2026/05/11,2026056,E000100676,59-506E18,NEEDLE GUARD,72,25,25,,0
2026/05/14,2026/02/03,2026/04/30,2026054,E000100620,59-506E21,NEEDLE GUARD,42,28,28,,0
2026/04/23,2026/02/03,2026/04/10,2026047,E000100193,59-506E24,NEEDLE GUARD,48,33,33,,0
2026/04/27,2026/02/03,2026/04/14,2026048,E000100203,59-506E24,NEEDLE GUARD,72,0,0,,0
2026/05/14,2026/02/03,2026/04/30,2026054,E000100621,59-506F15,NEEDLE GUARD,1,1,2,,0
2026/05/21,2026/02/03,2026/05/11,2026056,E000100677,59-506F18,NEEDLE GUARD,4,4,5,,0
2026/05/14,2026/02/03,2026/04/30,2026054,E000100622,59-506F21,NEEDLE GUARD,2,2,22,,0
2026/04/23,2026/02/03,2026/04/10,2026047,E000100194,59-506F24,NEEDLE GUARD,2,2,7,,0
2026/04/27,2026/02/03,2026/04/14,2026048,E000100204,59-506F24,NEEDLE GUARD,3,3,5,,0
2026/03/10,2026/02/03,2026/02/25,2026033,E000099493,59-511A11,KNIT CAM,21,2,2,,0
2026/05/14,2026/02/03,2026/04/30,2026054,E000100623,59-511A15,KNIT CAM,31,25,25,,0
2026/05/21,2026/02/03,2026/05/11,2026056,E000100678,59-511A18,KNIT CAM,148,7,7,,0
2026/05/14,2026/02/03,2026/04/30,2026054,E000100624,59-511A21,KNIT CAM,86,11,11,,0
2026/04/23,2026/02/03,2026/04/10,2026047,E000100195,59-511A24,KNIT CAM,98,38,38,,0
2026/04/27,2026/02/03,2026/04/14,2026048,E000100205,59-511A24,KNIT CAM,147,0,0,,0
2026/03/10,2026/02/03,2026/02/25,2026033,E000099494,59-512R11,WELT CAM,1,0,1,,1
2026/05/14,2026/02/03,2026/04/30,2026054,E000100625,59-512R15,WELT CAM,1,1,4,,0
2026/05/21,2026/02/03,2026/05/11,2026056,E000100679,59-512R18,WELT CAM,4,4,4,,0
2026/05/14,2026/02/03,2026/04/30,2026054,E000100626,59-512R21,WELT CAM,2,2,5,,0
2026/04/23,2026/02/03,2026/04/10,2026047,E000100196,59-512R24,WELT CAM,2,2,2,,0
2026/04/27,2026/02/03,2026/04/14,2026048,E000100206,59-512R24,WELT CAM,3,0,0,,0
2026/05/14,2026/02/03,2026/04/30,2026054,E000100633,59-607AC15,NEEDLE GUARD,14,9,9,,0
2026/05/21,2026/02/03,2026/05/11,2026056,E000100683,59-607AC18,NEEDLE GUARD,68,17,17,,0
2026/05/14,2026/02/03,2026/04/30,2026054,E000100634,59-607AC21,NEEDLE GUARD,40,22,22,,0
2026/04/23,2026/02/03,2026/04/10,2026047,E000100200,59-607AC24,NEEDLE GUARD,46,8,8,,0
2026/04/27,2026/02/03,2026/04/14,2026048,E000100210,59-607AC24,NEEDLE GUARD,69,0,0,,0
2026/05/14,2026/02/03,2026/04/30,2026054,E000100635,59-607BC15,NEEDLE GUARD,1,1,5,,0
2026/05/21,2026/02/03,2026/05/11,2026056,E000100684,59-607BC18,NEEDLE GUARD,4,4,5,,0
2026/05/14,2026/02/03,2026/04/30,2026054,E000100636,59-607BC21,NEEDLE GUARD,2,2,14,,0
2026/04/23,2026/02/03,2026/04/10,2026047,E000100201,59-607BC24,NEEDLE GUARD,2,2,3,,0
2026/04/27,2026/02/03,2026/04/14,2026048,E000100211,59-607BC24,NEEDLE GUARD,3,1,1,,0
2026/03/10,2026/02/03,2026/02/25,2026033,E000099499,59-607DC11,NEEDLE GUARD,9,0,3,,9
2026/03/10,2026/02/03,2026/02/25,2026033,E000099500,59-607EC11,NEEDLE GUARD,1,0,0,,1
2026/05/14,2026/02/03,2026/04/30,2026054,E000100637,59-608AC15,NEEDLE GUARD,1,1,11,,0
2026/05/21,2026/02/03,2026/05/11,2026056,E000100685,59-608AC18,NEEDLE GUARD,4,0,0,,0
2026/05/14,2026/02/03,2026/04/30,2026054,E000100638,59-608AC21,NEEDLE GUARD,2,2,19,,0
2026/04/23,2026/02/03,2026/04/10,2026047,E000100202,59-608AC24,NEEDLE GUARD,2,2,2,,0
2026/04/27,2026/02/03,2026/04/14,2026048,E000100212,59-608AC24,NEEDLE GUARD,3,0,0,,0
2026/03/10,2026/02/03,2026/02/25,2026033,E000099501,59-608DC11,NEEDLE GUARD,1,0,0,,1
2026/03/10,2026/02/03,2026/02/25,2026033,E000099495,59-611D11,KNIT CAM (H),21,8,8,,0
2026/05/14,2026/02/03,2026/04/30,2026054,E000100627,59-611D15,KNIT CAM (H),31,8,8,,0
2026/05/21,2026/02/03,2026/05/11,2026056,E000100680,59-611D18,KNIT CAM (H),148,22,22,,0
2026/05/14,2026/02/03,2026/04/30,2026054,E000100628,59-611D21,KNIT CAM (H),86,21,21,,0
2026/04/23,2026/02/03,2026/04/10,2026047,E000100197,59-611D24,KNIT CAM (H),98,17,17,,0
2026/04/27,2026/02/03,2026/04/14,2026048,E000100207,59-611D24,KNIT CAM (H),147,0,0,,0
2026/03/10,2026/02/03,2026/02/25,2026033,E000099496,59-611S11,KNIT CAM (H),20,10,10,,0
2026/05/14,2026/02/03,2026/04/30,2026054,E000100629,59-611S15,KNIT CAM (H),30,25,25,,0
2026/05/21,2026/02/03,2026/05/11,2026056,E000100681,59-611S18,KNIT CAM (H),144,25,25,,0
2026/05/14,2026/02/03,2026/04/30,2026054,E000100630,59-611S21,KNIT CAM (H),84,25,25,,0
2026/04/23,2026/02/03,2026/04/10,2026047,E000100198,59-611S24,KNIT CAM (H),96,34,34,,0
2026/04/27,2026/02/03,2026/04/14,2026048,E000100208,59-611S24,KNIT CAM (H),144,0,0,,0
2026/03/10,2026/02/03,2026/02/25,2026033,E000099497,59-615A11,WELT CAM (H),1,0,4,,1
2026/05/14,2026/02/03,2026/04/30,2026054,E000100631,59-615A15,WELT CAM (H),1,1,6,,0
2026/05/21,2026/02/03,2026/05/11,2026056,E000100682,59-615A18,WELT CAM (H),4,4,15,,0
2026/05/14,2026/02/03,2026/04/30,2026054,E000100632,59-615A21,WELT CAM (H),2,2,20,,0
2026/04/23,2026/02/03,2026/04/10,2026047,E000100199,59-615A24,WELT CAM (H),2,2,22,,0
2026/04/27,2026/02/03,2026/04/14,2026048,E000100209,59-615A24,WELT CAM (H),3,3,20,,0
2026/02/20,2026/02/03,2026/02/20,,E000099009,59-619S26,TUCK CAM (H),15,7,7,PJ-0633409,
2026/02/20,2026/02/03,2026/02/20,,E000099010,59-620S26,TUCK CAM (L),15,0,0,PJ-0633410,
2026/03/02,2026/02/03,2026/02/17,2026031,E000099378,600-51930,GUARD CAM,1,0,0,,1
2026/03/04,2026/02/03,2026/03/04,,E000099909,600-51930,GUARD CAM,4,0,0,PJ-0643501,
2026/03/02,2026/02/03,2026/02/17,2026031,E000099382,600-52130S2,KNIT CAM,91,34,34,,0
2026/03/02,2026/02/03,2026/02/17,2026031,E000099379,600-611NA,SINKER CAM,85,22,22,,0
2026/03/02,2026/02/03,2026/02/17,2026031,E000099380,600-611RA,SINKER CAM,6,0,5,,6
2026/03/02,2026/02/03,2026/02/17,2026031,E000099381,600-613CA,SINKER GATE CAM,1,0,0,,0
2026/02/02,2026/02/03,2026/01/19,2026021,E000098930,603-643AA,SINKER CAM,81,0,21,,81
2026/02/02,2026/02/03,2026/01/19,2026021,E000098931,603-643PA,SINKER CAM,10,0,3,,10
2026/02/02,2026/02/03,2026/01/19,2026021,E000098932,603-644AA,SINKER GATE CAM,1,0,4,,1
2025/09/26,2026/02/03,2025/09/10,2025098,E000097063,6105-605AC42,NEEDLE GUARD,72,0,54,,72
2026/04/23,2026/02/03,2026/04/10,2026047,E000100131,6105-605AC42,NEEDLE GUARD,64,54,54,,0
2025/09/26,2026/02/03,2025/09/10,2025098,E000097064,6105-605BB38,NEEDLE GUARD,1,0,10,,1
2026/04/23,2026/02/03,2026/04/10,2026047,E000100132,6105-605BB38,NEEDLE GUARD,1,1,10,,0
2026/04/23,2026/02/03,2026/04/10,2026047,E000100133,6110-505AA34,PRESSER PLATE,65,0,0,,0
2025/09/26,2026/02/03,2025/09/10,2025098,E000097065,6110-505AA38,PRESSER PLATE,73,0,5,,73
2026/04/23,2026/02/03,2026/04/10,2026047,E000100134,6110-506AA34,NEEDLE GUARD,65,0,0,,0
2025/09/26,2026/02/03,2025/09/10,2025098,E000097066,6110-506AA38,NEEDLE GUARD,73,0,6,,73
2025/09/26,2026/02/03,2025/09/10,2025098,E000097067,6110-511AA38,STITCH CAM,69,0,25,,69
2026/04/23,2026/02/03,2026/04/10,2026047,E000100135,6110-511AB38,STITCH CAM,65,0,0,,0
2025/09/26,2026/02/03,2025/09/10,2025098,E000097068,6110-511BA38,STITCH CAM,4,0,3,,4
2026/04/23,2026/02/03,2026/04/10,2026047,E000100136,6110-511CB38,STITCH CAM,64,0,0,,0
2026/04/23,2026/02/03,2026/04/10,2026047,E000100137,6110-512AA34,NEEDLE GUARD CAM,64,0,0,,0
2025/09/26,2026/02/03,2025/09/10,2025098,E000097069,6110-512AB38,NEEDLE GUARD CAM,72,0,11,,72
2025/09/26,2026/02/03,2025/09/10,2025098,E000097062,6110-513AA,DROPLESS GUARD CAM,72,0,12,,72
2026/04/23,2026/02/03,2026/04/10,2026047,E000100104,6110-513AA,DROPLESS GUARD CAM,64,12,12,,0
2026/04/23,2026/02/03,2026/04/10,2026047,E000100138,6110-514AA34,JACK RAISING CAM,65,0,0,,0
2025/09/26,2026/02/03,2025/09/10,2025098,E000097070,6110-514AC38,JACK RAISING CAM,73,0,6,,73
2026/04/23,2026/02/03,2026/04/10,2026047,E000100139,6110-516AA34,GATE CAM,1,0,0,,0
2025/09/26,2026/02/03,2025/09/10,2025098,E000097071,6110-516AB38,GATE CAM,1,0,1,,1
2026/04/23,2026/02/03,2026/04/10,2026047,E000100140,6110-516BA34,GATE CAM,1,0,0,,0
2025/09/26,2026/02/03,2025/09/10,2025098,E000097072,6110-516BB38,GATE CAM,1,0,1,,1
2026/04/23,2026/02/03,2026/04/10,2026047,E000100141,6110-517AA34,GATE CAM,1,0,0,,0
2025/09/26,2026/02/03,2025/09/10,2025098,E000097073,6110-517AC38,GATE CAM,1,0,8,,1
2025/09/26,2026/02/03,2025/09/10,2025098,E000097204,6110-566AB38,JACK GUARD CAM,72,0,15,,72
2025/09/26,2026/02/03,2025/09/10,2025098,E000097075,6110-566BA38,JACK GUARD CAM,1,0,1,,1
2026/04/23,2026/02/03,2026/04/10,2026047,E000100142,6110-569AA34,CANCELLING CAM,65,0,0,,0
2025/09/26,2026/02/03,2025/09/10,2025098,E000097076,6110-569AA38,CANCELLING CAM,73,0,9,,73
2025/09/26,2026/02/03,2025/09/10,2025098,E000097205,6110-570AB38,RAISING CAM,72,0,2,,72
2025/09/26,2026/02/03,2025/09/10,2025098,E000097206,6110-570BB38,RAISING CAM,72,0,1,,72
2025/09/26,2026/02/03,2025/09/10,2025098,E000097207,6110-570CB38,GATE CAM,1,0,4,,1
2025/09/26,2026/02/03,2025/09/10,2025098,E000097080,6110-570DA38,GATE CAM,1,0,2,,1
2026/04/23,2026/02/03,2026/04/10,2026047,E000100143,6110-591AB38,NEEDLE ARRANGE CAM,1,0,0,,0
2026/04/23,2026/02/03,2026/04/10,2026047,E000100144,6110-592AC38,JACK ARRANGE CAM,1,0,0,,0
2026/04/23,2026/02/03,2026/04/10,2026047,E000100145,6110-611AA34,STITCH CAM,65,0,0,,0
2025/09/26,2026/02/03,2025/09/10,2025098,E000097081,6110-611AA38,STITCH CAM,73,0,92,,73
2026/04/23,2026/02/03,2026/04/10,2026047,E000100146,6110-612AA34,OUTER GUARD CAM,61,0,0,,0
2025/09/26,2026/02/03,2025/09/10,2025098,E000097082,6110-612AA38,OUTER GUARD CAM,69,0,21,,69
2026/04/23,2026/02/03,2026/04/10,2026047,E000100147,6110-612BA34,OUTER GUARD CAM,4,0,0,,0
2025/09/26,2026/02/03,2025/09/10,2025098,E000097083,6110-612BA38,OUTER GUARD CAM,4,0,0,,4
2026/04/23,2026/02/03,2026/04/10,2026047,E000100148,6110-613AA34,DROPLESS GUARD CAM,64,0,0,,0
2025/09/26,2026/02/03,2025/09/10,2025098,E000097084,6110-613AA38,DROPLESS GUARD CAM,72,0,10,,72
2026/04/23,2026/02/03,2026/04/10,2026047,E000100149,6110-615AA34,GATE CAM,1,0,0,,0
2025/09/26,2026/02/03,2025/09/10,2025098,E000097085,6110-615AA38,GATE CAM,1,0,4,,1
2026/04/23,2026/02/03,2026/04/10,2026047,E000100150,6110-615GA34,GATE CAM,1,0,0,,0
2025/09/26,2026/02/03,2025/09/10,2025098,E000097086,6110-615GA38,GATE CAM,1,0,4,,1
2026/04/23,2026/02/03,2026/04/10,2026047,E000100151,6110-621AA34,JACK SELECT CAM,61,0,0,,0
2025/09/26,2026/02/03,2025/09/10,2025098,E000097087,6110-621AC38,JACK SELECT CAM,69,0,10,,69
2026/04/23,2026/02/03,2026/04/10,2026047,E000100152,6110-621BA34,JACK SELECT CAM,2,0,0,,0
2025/09/26,2026/02/03,2025/09/10,2025098,E000097088,6110-621BC38,JACK SELECT CAM,2,0,1,,2
2026/04/23,2026/02/03,2026/04/10,2026047,E000100153,6110-622AA34,JACK SELECT CAM,1,0,0,,0
2025/09/26,2026/02/03,2025/09/10,2025098,E000097089,6110-622AB38,JACK SELECT CAM,1,0,0,,1
2026/04/23,2026/02/03,2026/04/10,2026047,E000100154,6110-623AA34,JACK SELECT CAM,1,0,0,,0
2025/09/26,2026/02/03,2025/09/10,2025098,E000097090,6110-623AC38,JACK SELECT CAM,1,0,5,,1
2026/04/23,2026/02/03,2026/04/10,2026047,E000100155,6110-626AA34,INNER GUARD CAM,64,0,0,,0
2025/09/26,2026/02/03,2025/09/10,2025098,E000097091,6110-626AD38,INNER GUARD CAM,72,0,7,,72
2026/04/23,2026/02/03,2026/04/10,2026047,E000100156,6110-626BA34,INNER GUARD CAM,2,0,0,,0
2025/09/26,2026/02/03,2025/09/10,2025098,E000097092,6110-626BB38,INNER GUARD CAM,1,0,9,,1
2026/04/23,2026/02/03,2026/04/10,2026047,E000100157,6110-691AA34,NEEDLE ARRANGE CAM,1,0,0,,0
2026/04/23,2026/02/03,2026/04/10,2026047,E000100158,6110-692AA34,JACK ARRANGE CAM,1,0,0,,0
2026/04/03,2026/02/03,2026/03/24,2026042,E000099992,6202-566AA34,GUARD CAM,162,59,59,,0
2026/04/10,2026/02/03,2026/03/31,2026044,E000100074,6202-566AA34,GUARD CAM,162,0,0,,0
2026/04/03,2026/02/03,2026/03/24,2026042,E000099993,6202-566CA34,GUARD CAM,3,3,11,,0
2026/04/10,2026/02/03,2026/03/31,2026044,E000100075,6202-566CA34,GUARD CAM,3,3,8,,0
2026/04/03,2026/02/03,2026/03/24,2026042,E000099994,6202-569AB34,CANCELLING CAM,165,56,56,,0
2026/04/10,2026/02/03,2026/03/31,2026044,E000100076,6202-569AB34,CANCELLING CAM,165,0,0,,0
2026/04/03,2026/02/03,2026/03/24,2026042,E000099995,6202-570AA34,RAISING CAM,162,59,59,,0
2026/04/10,2026/02/03,2026/03/31,2026044,E000100077,6202-570AA34,RAISING CAM,162,0,0,,0
2026/04/03,2026/02/03,2026/03/24,2026042,E000099996,6202-570CA34,GATE CAM,3,3,7,,0
2026/04/10,2026/02/03,2026/03/31,2026044,E000100078,6202-570CA34,GATE CAM,3,3,4,,0
2026/02/12,2026/02/03,2026/01/28,2026024,E000099120,790-511S2,STITCH CAM,472,44,44,,0
2026/02/12,2026/02/03,2026/01/28,2026024,E000099121,790-511WS2,STITCH CAM,4,0,29,,4
2026/02/12,2026/02/03,2026/01/28,2026024,E000099123,790-51230S2,KNIT CAM,316,1,1,,0
2026/02/12,2026/02/03,2026/01/28,2026024,E000099124,790-51330S2,TUCK CAM,104,70,70,,0
2026/02/12,2026/02/03,2026/01/28,2026024,E000099122,790-514B26,WELT CAM,26,11,11,,0
2026/02/12,2026/02/03,2026/01/28,2026024,E000099369,790-514B30,WELT CAM,26,4,4,,0
2026/02/12,2026/02/03,2026/01/28,2026024,E000099331,790-51526,GUARD CAM,4,0,4,,4
2026/02/12,2026/02/03,2026/01/28,2026024,E000099370,790-611F30S2,SINKER CAM,184,41,41,,0
2026/02/12,2026/02/03,2026/01/28,2026024,E000099371,790-611FB30S2,SINKER CAM,12,1,1,,0
2026/02/12,2026/02/03,2026/01/28,2026024,E000099372,790-611FL30S2,SINKER CAM,16,10,10,,0
2026/02/12,2026/02/03,2026/01/28,2026024,E000099332,790-612AA30,SINKER GATE CAM,4,1,1,,0
2026/04/03,2026/02/03,2026/03/24,2026042,E000099997,B336-541AA34,JACK GUARD ARC CAM,162,36,36,,0
2026/04/10,2026/02/03,2026/03/31,2026044,E000100079,B336-541AA34,JACK GUARD ARC CAM,162,0,0,,0
2026/01/07,2026/02/03,2025/12/17,2026012,E000098636,B336-612CA34,OUTER GUARD CAM,39,0,13,,39
2026/01/07,2026/02/03,2025/12/17,2026012,E000098637,B336-612DA34,OUTER GUARD CAM,3,0,5,,3
2026/01/07,2026/02/03,2025/12/17,2026012,E000098638,B336-613BA34,KNIT CAM (H),42,0,3,,42
2026/01/07,2026/02/03,2025/12/17,2026012,E000098639,B336-614BA34,TUCK CAM (H),42,0,2,,42
2026/01/07,2026/02/03,2025/12/17,2026012,E000098640,B336-615AA34,WELT GUARD CAM H,42,0,110,,42
2026/01/07,2026/02/03,2025/12/17,2026012,E000098641,B336-616AA34,WELT CAM H,42,0,93,,42
2026/01/07,2026/02/03,2025/12/17,2026012,E000098642,B336-617BA34,KNIT CAM (L),42,0,3,,42
2026/01/07,2026/02/03,2025/12/17,2026012,E000098643,B336-618BA34,TUCK CAM (L),42,0,3,,42
2026/01/07,2026/02/03,2025/12/17,2026012,E000098644,B336-619AA34,WELT GUARD CAM L,42,0,98,,42
2026/01/07,2026/02/03,2025/12/17,2026012,E000098645,B336-620AA34,WELT CAM L,42,0,115,,42
2026/01/07,2026/02/03,2025/12/17,2026012,E000098646,B336-621AA34,GATE CAM,1,0,2,,1
2026/01/07,2026/02/03,2025/12/17,2026012,E000098647,B336-622AA34,INNER GUARD CAM,32,0,21,,32
2026/01/07,2026/02/03,2025/12/17,2026012,E000098648,B336-623AA34,INNER GUARD CAM,1,0,14,,1
2026/04/30,2026/02/03,2026/04/30,,E000100165,ES64-01001AC,CASE,1,0,0,PM-5159528,
2026/03/04,2026/02/03,2026/02/19,2026032,E000099475,KD64-01101DA,FINGER SET CAM,2,0,0,,0
2026/03/04,2026/02/03,2026/02/19,2026032,E000099476,KD64-01102DA,FINGER SET CAM,2,0,0,,0
2026/03/04,2026/02/03,2026/02/19,2026032,E000099477,KD64-01103DA,FINGER SET CAM,2,0,0,,0
2026/03/04,2026/02/03,2026/02/19,2026032,E000099478,KD64-01104DA,FINGER SET CAM,4,0,0,,0
2026/03/04,2026/02/03,2026/02/19,2026032,E000099479,KD64-01106DA,FINGER GUARD CAM,2,0,0,,0
2026/03/04,2026/02/03,2026/02/19,2026032,E000099480,KD64-01107DA,GUARD CAM,10,0,0,,0
2026/03/04,2026/02/03,2026/02/19,2026032,E000099481,KD64-01110DA,FINGER RESET CAM,2,0,0,,0
2026/03/04,2026/02/03,2026/02/19,2026032,E000099482,KD64-01111DA,FINGER ARRANGE CAM,2,0,0,,0
2026/03/04,2026/02/03,2026/02/19,2026032,E000099483,KD64-01112CC,ARRANGE CAM,2,2,30,,0
2026/03/04,2026/02/03,2026/02/19,2026032,E000099484,KD64-01113DA,PLATE,10,0,0,,0
2026/03/04,2026/02/03,2026/02/19,2026032,E000099485,KD64-01115DA,PLATE,2,0,0,,0
2026/03/04,2026/02/03,2026/02/19,2026032,E000099486,KD64-01121DA,PLATE,2,0,0,,0
2026/03/19,2026/02/03,2026/03/09,2026036,E000099862,KD64-01627AB,SWITCH CAM,31,31,206,,0
2026/02/09,2026/02/03,2026/01/26,2026023,E000099162,KD64-01627BB,SWITCH CAM,48,48,316,,0
2026/02/12,2026/02/03,2026/01/28,2026024,E000099187,KD64-01627BB,SWITCH CAM,72,72,268,,0
2026/02/17,2026/02/03,2026/02/02,2026025,E000099212,KD64-01627BB,SWITCH CAM,42,42,196,,0
2026/02/03,2026/02/03,2026/02/03,,E000098928,KD64-01627BB,SWITCH CAM,3,3,154,PE-2569101,
2026/02/19,2026/02/03,2026/02/04,2026026,E000099237,KD64-01627BB,SWITCH CAM,63,63,151,,0
2026/03/04,2026/02/03,2026/02/19,2026032,E000099487,KD64-01627BB,SWITCH CAM,100,88,88,,0
2026/04/30,2026/02/03,2026/04/30,,E000100538,KD64-01627BB,SWITCH CAM,3,0,0,PE-2581301,
2026/03/19,2026/02/03,2026/03/09,2026036,E000099863,KD64-01627FB,SWITCH CAM,31,31,38,,0
2026/02/09,2026/02/03,2026/01/26,2026023,E000099163,KD64-01627GA,SWITCH CAM,48,48,275,,0
2026/02/12,2026/02/03,2026/01/28,2026024,E000099188,KD64-01627GA,SWITCH CAM,72,72,227,,0
2026/02/17,2026/02/03,2026/02/02,2026025,E000099213,KD64-01627GA,SWITCH CAM,42,42,155,,0
2026/02/19,2026/02/03,2026/02/04,2026026,E000099238,KD64-01627GA,SWITCH CAM,63,63,113,,0
2026/03/04,2026/02/03,2026/02/19,2026032,E000099488,KD64-01805DA,FINGER GUARD CAM,2,0,0,,0
2026/03/04,2026/02/03,2026/02/19,2026032,E000099489,KD64-01808DA,CUTTER CAM,2,0,0,,0
2026/03/04,2026/02/03,2026/02/19,2026032,E000099490,KD64-01809DA,FINGER RESET CAM,2,0,0,,0
2026/03/04,2026/02/03,2026/02/19,2026032,E000099491,KD64-01814DA,PLATE,2,0,0,,0
2026/02/17,2026/02/03,2026/02/02,2026025,E000099214,KS64-01313AB,PLATE,10,0,0,,0
2026/02/19,2026/02/03,2026/02/04,2026026,E000099239,KS64-01313AB,PLATE,15,0,0,,0
2026/02/09,2026/02/03,2026/01/26,2026023,E000099164,KS64-01313BB,PLATE,12,12,30,,0
2026/02/12,2026/02/03,2026/01/28,2026024,E000099189,KS64-01313BB,PLATE,18,18,18,,0
2026/03/19,2026/02/03,2026/03/09,2026036,E000099864,KS64-01313BB,PLATE,6,0,0,,0
2026/02/17,2026/02/03,2026/02/02,2026025,E000099215,KS64-01901AB,FINGER SET CAM,2,2,5,,0
2026/02/19,2026/02/03,2026/02/04,2026026,E000099240,KS64-01901AB,FINGER SET CAM,3,3,3,,0
2026/02/09,2026/02/03,2026/01/26,2026023,E000099165,KS64-01901BB,FINGER SET CAM,2,2,5,,0
2026/02/12,2026/02/03,2026/01/28,2026024,E000099190,KS64-01901BB,FINGER SET CAM,3,3,3,,0
2026/03/19,2026/02/03,2026/03/09,2026036,E000099865,KS64-01901BB,FINGER SET CAM,1,0,0,,0
2026/02/17,2026/02/03,2026/02/02,2026025,E000099216,KS64-01902AB,FINGER SET CAM,2,2,5,,0
2026/02/19,2026/02/03,2026/02/04,2026026,E000099241,KS64-01902AB,FINGER SET CAM,3,3,3,,0
2026/02/09,2026/02/03,2026/01/26,2026023,E000099166,KS64-01902BB,FINGER SET CAM,2,2,5,,0
2026/02/12,2026/02/03,2026/01/28,2026024,E000099191,KS64-01902BB,FINGER SET CAM,3,3,3,,0
2026/03/19,2026/02/03,2026/03/09,2026036,E000099866,KS64-01902BB,FINGER SET CAM,1,0,0,,0
2026/02/17,2026/02/03,2026/02/02,2026025,E000099217,KS64-01903AB,FINGER SET CAM,2,2,5,,0
2026/02/19,2026/02/03,2026/02/04,2026026,E000099242,KS64-01903AB,FINGER SET CAM,3,3,3,,0
2026/02/09,2026/02/03,2026/01/26,2026023,E000099167,KS64-01903BB,FINGER SET CAM,2,2,17,,0
2026/02/12,2026/02/03,2026/01/28,2026024,E000099192,KS64-01903BB,FINGER SET CAM,3,3,15,,0
2026/03/19,2026/02/03,2026/03/09,2026036,E000099867,KS64-01903BB,FINGER SET CAM,1,1,12,,0
2026/02/17,2026/02/03,2026/02/02,2026025,E000099218,KS64-01904AB,FINGER SET CAM,2,2,5,,0
2026/02/19,2026/02/03,2026/02/04,2026026,E000099243,KS64-01904AB,FINGER SET CAM,3,3,3,,0
2026/02/09,2026/02/03,2026/01/26,2026023,E000099168,KS64-01904BB,FINGER SET CAM,4,4,10,,0
2026/02/12,2026/02/03,2026/01/28,2026024,E000099193,KS64-01904BB,FINGER SET CAM,6,6,6,,0
2026/03/19,2026/02/03,2026/03/09,2026036,E000099868,KS64-01904BB,FINGER SET CAM,2,0,0,,0
2026/02/17,2026/02/03,2026/02/02,2026025,E000099219,KS64-01905AB,FINGER GUARD CAM,2,2,5,,0
2026/02/19,2026/02/03,2026/02/04,2026026,E000099244,KS64-01905AB,FINGER GUARD CAM,3,3,3,,0
2026/02/09,2026/02/03,2026/01/26,2026023,E000099169,KS64-01905BB,FINGER GUARD CAM,2,2,5,,0
2026/02/12,2026/02/03,2026/01/28,2026024,E000099194,KS64-01905BB,FINGER GUARD CAM,3,3,3,,0
2026/03/19,2026/02/03,2026/03/09,2026036,E000099869,KS64-01905BB,FINGER GUARD CAM,1,0,0,,0
2026/02/17,2026/02/03,2026/02/02,2026025,E000099220,KS64-01906AB,FINGER GUARD CAM,2,2,5,,0
2026/02/19,2026/02/03,2026/02/04,2026026,E000099245,KS64-01906AB,FINGER GUARD CAM,3,3,3,,0
2026/02/09,2026/02/03,2026/01/26,2026023,E000099170,KS64-01906BB,FINGER GUARD CAM,2,2,5,,0
2026/02/12,2026/02/03,2026/01/28,2026024,E000099195,KS64-01906BB,FINGER GUARD CAM,3,3,3,,0
2026/03/19,2026/02/03,2026/03/09,2026036,E000099870,KS64-01906BB,FINGER GUARD CAM,1,0,0,,0
2026/02/17,2026/02/03,2026/02/02,2026025,E000099221,KS64-01907AB,GUARD CAM,8,8,20,,0
2026/02/19,2026/02/03,2026/02/04,2026026,E000099246,KS64-01907AB,GUARD CAM,12,12,12,,0
2026/02/09,2026/02/03,2026/01/26,2026023,E000099171,KS64-01907BB,GUARD CAM,10,10,25,,0
2026/02/12,2026/02/03,2026/01/28,2026024,E000099196,KS64-01907BB,GUARD CAM,15,15,15,,0
2026/03/19,2026/02/03,2026/03/09,2026036,E000099871,KS64-01907BB,GUARD CAM,5,0,0,,0
2026/02/09,2026/02/03,2026/01/26,2026023,E000099172,KS64-01908DA,CUTTER CAM,2,2,25,,0
2026/02/12,2026/02/03,2026/01/28,2026024,E000099197,KS64-01908DA,CUTTER CAM,3,3,23,,0
2026/03/19,2026/02/03,2026/03/09,2026036,E000099872,KS64-01908DA,CUTTER CAM,1,1,20,,0
2026/02/17,2026/02/03,2026/02/02,2026025,E000099222,KS64-01908FA,CUTTER CAM,2,2,5,,0
2026/02/19,2026/02/03,2026/02/04,2026026,E000099247,KS64-01908FA,CUTTER CAM,3,3,3,,0
2026/02/17,2026/02/03,2026/02/02,2026025,E000099223,KS64-01909AB,FINGER RESET CAM,2,2,5,,0
2026/02/19,2026/02/03,2026/02/04,2026026,E000099248,KS64-01909AB,FINGER RESET CAM,3,3,3,,0
2026/02/09,2026/02/03,2026/01/26,2026023,E000099173,KS64-01909BB,FINGER RESET CAM,2,2,5,,0
2026/02/12,2026/02/03,2026/01/28,2026024,E000099198,KS64-01909BB,FINGER RESET CAM,3,3,3,,0
2026/03/19,2026/02/03,2026/03/09,2026036,E000099873,KS64-01909BB,FINGER RESET CAM,1,0,0,,0
2026/02/17,2026/02/03,2026/02/02,2026025,E000099224,KS64-01910AC,FINGER RESET CAM,2,2,5,,0
2026/02/19,2026/02/03,2026/02/04,2026026,E000099249,KS64-01910AC,FINGER RESET CAM,3,3,3,,0
2026/02/09,2026/02/03,2026/01/26,2026023,E000099174,KS64-01910BC,FINGER RESET CAM,2,2,5,,0
2026/02/12,2026/02/03,2026/01/28,2026024,E000099199,KS64-01910BC,FINGER RESET CAM,3,3,3,,0
2026/03/19,2026/02/03,2026/03/09,2026036,E000099874,KS64-01910BC,FINGER RESET CAM,1,0,0,,0
2026/02/17,2026/02/03,2026/02/02,2026025,E000099225,KS64-01911AC,FINGER ARRANGE CAM,2,2,5,,0
2026/02/19,2026/02/03,2026/02/04,2026026,E000099250,KS64-01911AC,FINGER ARRANGE CAM,3,3,3,,0
2026/02/09,2026/02/03,2026/01/26,2026023,E000099175,KS64-01911BC,FINGER ARRANGE CAM,2,2,5,,0
2026/02/12,2026/02/03,2026/01/28,2026024,E000099200,KS64-01911BC,FINGER ARRANGE CAM,3,3,3,,0
2026/03/19,2026/02/03,2026/03/09,2026036,E000099875,KS64-01911BC,FINGER ARRANGE CAM,1,0,0,,0
2026/02/17,2026/02/03,2026/02/02,2026025,E000099226,KS64-01912AB,ARRANGE CAM,2,2,29,,0
2026/02/19,2026/02/03,2026/02/04,2026026,E000099251,KS64-01912AB,ARRANGE CAM,3,3,27,,0
2026/02/09,2026/02/03,2026/01/26,2026023,E000099176,KS64-01912BB,ARRANGE CAM,2,2,30,,0
2026/02/12,2026/02/03,2026/01/28,2026024,E000099201,KS64-01912BB,ARRANGE CAM,3,3,28,,0
2026/03/19,2026/02/03,2026/03/09,2026036,E000099876,KS64-01912BB,ARRANGE CAM,1,1,25,,0
2026/02/09,2026/02/03,2026/01/26,2026023,E000099177,KS64-01914DA,PLATE,2,2,5,,0
2026/02/12,2026/02/03,2026/01/28,2026024,E000099202,KS64-01914DA,PLATE,3,3,3,,0
2026/03/19,2026/02/03,2026/03/09,2026036,E000099877,KS64-01914DA,PLATE,1,0,0,,0
2026/02/17,2026/02/03,2026/02/02,2026025,E000099227,KS64-01914JA,PLATE,2,0,0,,0
2026/02/19,2026/02/03,2026/02/04,2026026,E000099252,KS64-01914JA,PLATE,3,0,0,,0
2026/02/17,2026/02/03,2026/02/02,2026025,E000099228,KS64-01915AB,PLATE,2,0,0,,0
2026/02/19,2026/02/03,2026/02/04,2026026,E000099253,KS64-01915AB,PLATE,3,0,0,,0
2026/02/09,2026/02/03,2026/01/26,2026023,E000099178,KS64-01915BB,PLATE,2,2,5,,0
2026/02/12,2026/02/03,2026/01/28,2026024,E000099203,KS64-01915BB,PLATE,3,3,3,,0
2026/03/19,2026/02/03,2026/03/09,2026036,E000099878,KS64-01915BB,PLATE,1,0,0,,0
2026/02/17,2026/02/03,2026/02/02,2026025,E000099143,SPL-2542BA42,KNIT CAM (H),146,28,28,,0
2026/02/17,2026/02/03,2026/02/02,2026025,E000099144,SPL-2542CA42,KNIT CAM (L),146,29,29,,0
2026/03/27,2026/02/03,2026/03/16,2026038,E000099821,SPL-2972AA32,SINKER CAM,159,10,10,,0
2026/03/23,2026/02/03,2026/03/23,,E000100457,SPL-2972AA32,SINKER CAM,156,0,0,PM-5177801,
