ID,SKDK,KUMITATENO,MODEL,INCH,GAUGE,SETU_F,KOSUU,SEISANJI,KUMIKAISHI,KUMIKAISHI_DATE,CAT2,TUKI,KumitatenoLen,TYPE,KUMITATENO_Job,JOB_1_0,JOB_1,JOB_2_0,JOB_2,JOB_3_0,JOB_3,JOB_4_0,JOB_4,JOB_5_0,JOB_5,JOB_6_0,JOB_6,JOB_7_0,JOB_7,JOB_8_0,JOB_8,DENPYONO
1,DK,K004,OD6B-M-8ERS,30.0,24,478-409AA30,1,25102,20250918,2025-09-19 00:00:00,D409,2510,4,478,K004,2025-09-12 00:00:00,2025-09-05 00:00:00,2025-09-12 00:00:00,2025-09-08 00:00:00,2025-09-16 00:00:00,2025-09-09 00:00:00,,,2025-09-17 00:00:00,2025-09-16 00:00:00,2025-09-18 00:00:00,2025-09-16 00:00:00,2025-09-18 00:00:00,2025-09-16 00:00:00,,,F000121866
10,DK,K013,OD6B-M-8ERS,30.0,24,478-409AA30,1,25103,20250924,2025-09-25 00:00:00,D409,2510,4,478,K013,2025-09-18 00:00:00,2025-09-12 00:00:00,2025-09-18 00:00:00,2025-09-16 00:00:00,2025-09-19 00:00:00,2025-09-16 00:00:00,,,2025-09-22 00:00:00,2025-09-17 00:00:00,2025-09-24 00:00:00,2025-09-18 00:00:00,2025-09-24 00:00:00,2025-09-20 00:00:00,,,F000122282
11,DK,K014,OD6B-M-8ERS,30.0,24,478-409AA30,1,25104,20250926,2025-09-29 00:00:00,D409,2510,4,478,K014,2025-09-22 00:00:00,2025-09-11 00:00:00,2025-09-22 00:00:00,2025-09-11 00:00:00,2025-09-24 00:00:00,2025-09-12 00:00:00,,,2025-09-25 00:00:00,2025-09-18 00:00:00,2025-09-26 00:00:00,2025-09-19 00:00:00,2025-09-26 00:00:00,2025-09-22 00:00:00,,,F000122312
12,DK,K015,OD6B-M-8ERS,30.0,24,478-409AA30,1,25104,20250926,2025-09-29 00:00:00,D409,2510,4,478,K015,2025-09-22 00:00:00,2025-09-19 00:00:00,2025-09-22 00:00:00,2025-09-19 00:00:00,2025-09-24 00:00:00,2025-09-19 00:00:00,,,2025-09-25 00:00:00,2025-09-22 00:00:00,2025-09-26 00:00:00,2025-09-22 00:00:00,2025-09-26 00:00:00,2025-09-22 00:00:00,,,F000122342
13,DK,K016,OD6B-M-8ERS,30.0,24,478-409AA30,1,25104,20250926,2025-09-29 00:00:00,D409,2510,4,478,K016,2025-09-22 00:00:00,2025-09-18 00:00:00,2025-09-22 00:00:00,2025-09-19 00:00:00,2025-09-24 00:00:00,2025-09-19 00:00:00,,,2025-09-25 00:00:00,2025-09-19 00:00:00,2025-09-26 00:00:00,2025-09-20 00:00:00,2025-09-26 00:00:00,2025-09-22 00:00:00,,,F000122372
14,DK,K017,OD6B-M-8ERS,30.0,24,478-409AA30,1,25104,20250926,2025-09-29 00:00:00,D409,2510,4,478,K017,2025-09-22 00:00:00,2025-09-18 00:00:00,2025-09-22 00:00:00,2025-09-19 00:00:00,2025-09-24 00:00:00,2025-09-22 00:00:00,,,2025-09-25 00:00:00,2025-09-22 00:00:00,2025-09-26 00:00:00,2025-09-22 00:00:00,2025-09-26 00:00:00,2025-09-24 00:00:00,,,F000122402
15,DK,K018,OD6B-M-8ERS,30.0,24,478-409AA30,1,25104,20250926,2025-09-29 00:00:00,D409,2510,4,478,K018,2025-09-22 00:00:00,2025-09-16 00:00:00,2025-09-22 00:00:00,2025-09-17 00:00:00,2025-09-24 00:00:00,2025-09-17 00:00:00,,,2025-09-25 00:00:00,2025-09-18 00:00:00,2025-09-26 00:00:00,2025-09-20 00:00:00,2025-09-26 00:00:00,2025-09-22 00:00:00,,,F000122432
154,DK,K004,OD6B-M-8ERS,30.0,24,78-405A30,1,25102,20250918,2025-09-19 00:00:00,D405,2510,4,78,K004,2025-09-12 00:00:00,2025-09-05 00:00:00,2025-09-12 00:00:00,2025-09-08 00:00:00,2025-09-16 00:00:00,2025-09-08 00:00:00,,,2025-09-17 00:00:00,2025-09-16 00:00:00,2025-09-18 00:00:00,2025-09-16 00:00:00,2025-09-18 00:00:00,2025-09-17 00:00:00,,,F000121849
155,DK,K005,OD6B-M-8ERS,30.0,24,78-405A30,1,25102,20250918,2025-09-19 00:00:00,D405,2510,4,78,K005,2025-09-12 00:00:00,2025-09-09 00:00:00,2025-09-12 00:00:00,2025-09-09 00:00:00,2025-09-16 00:00:00,2025-09-09 00:00:00,,,2025-09-17 00:00:00,2025-09-17 00:00:00,2025-09-18 00:00:00,2025-09-17 00:00:00,2025-09-18 00:00:00,2025-09-19 00:00:00,,,F000121879
156,DK,K006,OD6B-M-8ERS,30.0,24,78-405A30,1,25102,20250918,2025-09-19 00:00:00,D405,2510,4,78,K006,2025-09-12 00:00:00,2025-09-08 00:00:00,2025-09-12 00:00:00,2025-09-09 00:00:00,2025-09-16 00:00:00,2025-09-10 00:00:00,,,2025-09-17 00:00:00,2025-09-17 00:00:00,2025-09-18 00:00:00,2025-09-17 00:00:00,2025-09-18 00:00:00,2025-09-19 00:00:00,,,F000121909
157,DK,K007,OD6B-M-8ERS,30.0,24,78-405A30,1,25102,20250918,2025-09-19 00:00:00,D405,2510,4,78,K007,2025-09-12 00:00:00,2025-09-08 00:00:00,2025-09-12 00:00:00,2025-09-08 00:00:00,2025-09-16 00:00:00,2025-09-09 00:00:00,,,2025-09-17 00:00:00,2025-09-16 00:00:00,2025-09-18 00:00:00,2025-09-16 00:00:00,2025-09-18 00:00:00,2025-09-17 00:00:00,,,F000121939
158,DK,K008,OD6B-M-8ERS,30.0,24,78-405A30,1,25102,20250918,2025-09-19 00:00:00,D405,2510,4,78,K008,2025-09-12 00:00:00,2025-09-08 00:00:00,2025-09-12 00:00:00,2025-09-09 00:00:00,2025-09-16 00:00:00,2025-09-10 00:00:00,,,2025-09-17 00:00:00,2025-09-17 00:00:00,2025-09-18 00:00:00,2025-09-17 00:00:00,2025-09-18 00:00:00,2025-09-17 00:00:00,,,F000121969
159,DK,K009,OD6B-M-8ERS,30.0,24,78-405A30,1,25103,20250924,2025-09-25 00:00:00,D405,2510,4,78,K009,2025-09-18 00:00:00,2025-09-09 00:00:00,2025-09-18 00:00:00,2025-09-10 00:00:00,2025-09-19 00:00:00,2025-09-10 00:00:00,,,2025-09-22 00:00:00,2025-09-18 00:00:00,2025-09-24 00:00:00,2025-09-18 00:00:00,2025-09-24 00:00:00,2025-09-19 00:00:00,,,F000122145
16,DK,K019,OD6B-M-8ERS,30.0,24,478-409AA30,1,25105,20251001,2025-10-02 00:00:00,D409,2510,4,478,K019,2025-09-26 00:00:00,2025-09-12 00:00:00,2025-09-26 00:00:00,2025-09-16 00:00:00,2025-09-29 00:00:00,2025-09-16 00:00:00,,,2025-09-30 00:00:00,2025-09-18 00:00:00,2025-10-01 00:00:00,2025-09-22 00:00:00,2025-10-01 00:00:00,2025-09-22 00:00:00,,,F000122462
160,DK,K010,OD6B-M-8ERS,30.0,24,78-405A30,1,25103,20250924,2025-09-25 00:00:00,D405,2510,4,78,K010,2025-09-18 00:00:00,2025-09-05 00:00:00,2025-09-18 00:00:00,2025-09-10 00:00:00,2025-09-19 00:00:00,2025-09-11 00:00:00,,,2025-09-22 00:00:00,2025-09-18 00:00:00,2025-09-24 00:00:00,2025-09-18 00:00:00,2025-09-24 00:00:00,2025-09-19 00:00:00,,,F000122175
161,DK,K011,OD6B-M-8ERS,30.0,24,78-405A30,1,25103,20250924,2025-09-25 00:00:00,D405,2510,4,78,K011,2025-09-18 00:00:00,2025-09-08 00:00:00,2025-09-18 00:00:00,2025-09-09 00:00:00,2025-09-19 00:00:00,2025-09-10 00:00:00,,,2025-09-22 00:00:00,2025-09-18 00:00:00,2025-09-24 00:00:00,2025-09-19 00:00:00,2025-09-24 00:00:00,2025-09-19 00:00:00,,,F000122205
162,DK,K012,OD6B-M-8ERS,30.0,24,78-405A30,1,25103,20250924,2025-09-25 00:00:00,D405,2510,4,78,K012,2025-09-18 00:00:00,2025-09-09 00:00:00,2025-09-18 00:00:00,2025-09-10 00:00:00,2025-09-19 00:00:00,2025-09-11 00:00:00,,,2025-09-22 00:00:00,2025-09-18 00:00:00,2025-09-24 00:00:00,2025-09-19 00:00:00,2025-09-24 00:00:00,2025-09-19 00:00:00,,,F000122235
163,DK,K013,OD6B-M-8ERS,30.0,24,78-405A30,1,25103,20250924,2025-09-25 00:00:00,D405,2510,4,78,K013,2025-09-18 00:00:00,2025-09-09 00:00:00,2025-09-18 00:00:00,2025-09-10 00:00:00,2025-09-19 00:00:00,2025-09-11 00:00:00,,,2025-09-22 00:00:00,2025-09-18 00:00:00,2025-09-24 00:00:00,2025-09-18 00:00:00,2025-09-24 00:00:00,2025-09-19 00:00:00,,,F000122265
164,DK,K014,OD6B-M-8ERS,30.0,24,78-405A30,1,25104,20250926,2025-09-29 00:00:00,D405,2510,4,78,K014,2025-09-22 00:00:00,2025-09-11 00:00:00,2025-09-22 00:00:00,2025-09-11 00:00:00,2025-09-24 00:00:00,2025-09-12 00:00:00,,,2025-09-25 00:00:00,2025-09-19 00:00:00,2025-09-26 00:00:00,2025-09-20 00:00:00,2025-09-26 00:00:00,2025-09-22 00:00:00,,,F000122295
165,DK,K015,OD6B-M-8ERS,30.0,24,78-405A30,1,25104,20250926,2025-09-29 00:00:00,D405,2510,4,78,K015,2025-09-22 00:00:00,2025-09-11 00:00:00,2025-09-22 00:00:00,2025-09-11 00:00:00,2025-09-24 00:00:00,2025-09-12 00:00:00,,,2025-09-25 00:00:00,2025-09-19 00:00:00,2025-09-26 00:00:00,2025-09-19 00:00:00,2025-09-26 00:00:00,2025-09-22 00:00:00,,,F000122325
166,DK,K016,OD6B-M-8ERS,30.0,24,78-405A30,1,25104,20250926,2025-09-29 00:00:00,D405,2510,4,78,K016,2025-09-22 00:00:00,2025-09-11 00:00:00,2025-09-22 00:00:00,2025-09-11 00:00:00,2025-09-24 00:00:00,2025-09-12 00:00:00,,,2025-09-25 00:00:00,2025-09-19 00:00:00,2025-09-26 00:00:00,2025-09-19 00:00:00,2025-09-26 00:00:00,2025-09-22 00:00:00,,,F000122355
167,DK,K017,OD6B-M-8ERS,30.0,24,78-405A30,1,25104,20250926,2025-09-29 00:00:00,D405,2510,4,78,K017,2025-09-22 00:00:00,2025-09-18 00:00:00,2025-09-22 00:00:00,2025-09-22 00:00:00,2025-09-24 00:00:00,2025-09-22 00:00:00,,,2025-09-25 00:00:00,2025-09-22 00:00:00,2025-09-26 00:00:00,2025-09-22 00:00:00,2025-09-26 00:00:00,2025-09-24 00:00:00,,,F000122385
168,DK,K018,OD6B-M-8ERS,30.0,24,78-405A30,1,25104,20250926,2025-09-29 00:00:00,D405,2510,4,78,K018,2025-09-22 00:00:00,2025-09-16 00:00:00,2025-09-22 00:00:00,2025-09-17 00:00:00,2025-09-24 00:00:00,2025-09-17 00:00:00,,,2025-09-25 00:00:00,2025-09-19 00:00:00,2025-09-26 00:00:00,2025-09-20 00:00:00,2025-09-26 00:00:00,2025-09-22 00:00:00,,,F000122415
169,DK,K019,OD6B-M-8ERS,30.0,24,78-405A30,1,25105,20251001,2025-10-02 00:00:00,D405,2510,4,78,K019,2025-09-26 00:00:00,2025-09-12 00:00:00,2025-09-26 00:00:00,2025-09-16 00:00:00,2025-09-29 00:00:00,2025-09-16 00:00:00,,,2025-09-30 00:00:00,2025-09-22 00:00:00,2025-10-01 00:00:00,2025-09-22 00:00:00,2025-10-01 00:00:00,2025-09-22 00:00:00,,,F000122445
17,DK,K020,OD6B-M-8ERS,30.0,24,478-409AA30,1,25105,20251001,2025-10-02 00:00:00,D409,2510,4,478,K020,2025-09-26 00:00:00,2025-09-12 00:00:00,2025-09-26 00:00:00,2025-09-12 00:00:00,2025-09-29 00:00:00,2025-09-16 00:00:00,,,2025-09-30 00:00:00,2025-09-18 00:00:00,2025-10-01 00:00:00,2025-09-19 00:00:00,2025-10-01 00:00:00,2025-09-22 00:00:00,,,F000122492
170,DK,K020,OD6B-M-8ERS,30.0,24,78-405A30,1,25105,20251001,2025-10-02 00:00:00,D405,2510,4,78,K020,2025-09-26 00:00:00,2025-09-11 00:00:00,2025-09-26 00:00:00,2025-09-12 00:00:00,2025-09-29 00:00:00,2025-09-16 00:00:00,,,2025-09-30 00:00:00,2025-09-22 00:00:00,2025-10-01 00:00:00,2025-09-22 00:00:00,2025-10-01 00:00:00,2025-09-24 00:00:00,,,F000122475
171,DK,K021,OD6B-M-8ERS,30.0,24,78-405A30,1,25105,20251001,2025-10-02 00:00:00,D405,2510,4,78,K021,2025-09-26 00:00:00,2025-09-16 00:00:00,2025-09-26 00:00:00,2025-09-17 00:00:00,2025-09-29 00:00:00,2025-09-17 00:00:00,,,2025-09-30 00:00:00,2025-09-19 00:00:00,2025-10-01 00:00:00,2025-09-20 00:00:00,2025-10-01 00:00:00,2025-09-22 00:00:00,,,F000122505
172,DK,K022,OD6B-M-8ERS,30.0,24,78-405A30,1,25105,20251001,2025-10-02 00:00:00,D405,2510,4,78,K022,2025-09-26 00:00:00,2025-09-17 00:00:00,2025-09-26 00:00:00,2025-09-17 00:00:00,2025-09-29 00:00:00,2025-09-18 00:00:00,,,2025-09-30 00:00:00,2025-09-19 00:00:00,2025-10-01 00:00:00,2025-09-20 00:00:00,2025-10-01 00:00:00,2025-09-22 00:00:00,,,F000122535
173,DK,K023,OD6B-M-8ERS,30.0,24,78-405A30,1,25105,20251001,2025-10-02 00:00:00,D405,2510,4,78,K023,2025-09-26 00:00:00,2025-09-24 00:00:00,2025-09-26 00:00:00,2025-09-19 00:00:00,2025-09-29 00:00:00,2025-09-22 00:00:00,,,2025-09-30 00:00:00,2025-09-24 00:00:00,2025-10-01 00:00:00,2025-09-24 00:00:00,2025-10-01 00:00:00,2025-09-25 00:00:00,,,F000122565
174,DK,K034,M-9ME22,30.0,28,78-405A30,1,25106,20251006,2025-10-07 00:00:00,D405,2510,4,78,K034,2025-10-01 00:00:00,2025-10-01 00:00:00,2025-10-01 00:00:00,2025-10-01 00:00:00,2025-10-02 00:00:00,2025-10-02 00:00:00,,,2025-10-03 00:00:00,2025-10-02 00:00:00,2025-10-06 00:00:00,2025-10-02 00:00:00,2025-10-06 00:00:00,2025-10-03 00:00:00,,,F000123015
175,DK,K035,M-9ME22,30.0,28,78-405A30,1,25106,20251006,2025-10-07 00:00:00,D405,2510,4,78,K035,2025-10-01 00:00:00,2025-09-25 00:00:00,2025-10-01 00:00:00,2025-09-26 00:00:00,2025-10-02 00:00:00,2025-09-29 00:00:00,,,2025-10-03 00:00:00,2025-09-29 00:00:00,2025-10-06 00:00:00,2025-09-30 00:00:00,2025-10-06 00:00:00,2025-09-30 00:00:00,,,F000123023
176,DK,K036,M-9ME22,30.0,28,78-405A30,1,25106,20251006,2025-10-07 00:00:00,D405,2510,4,78,K036,2025-10-01 00:00:00,2025-09-25 00:00:00,2025-10-01 00:00:00,2025-09-26 00:00:00,2025-10-02 00:00:00,2025-09-29 00:00:00,,,2025-10-03 00:00:00,2025-09-30 00:00:00,2025-10-06 00:00:00,2025-09-30 00:00:00,2025-10-06 00:00:00,2025-09-30 00:00:00,,,F000123031
177,DK,K037,M-9ME22,30.0,28,78-405A30,1,25106,20251006,2025-10-07 00:00:00,D405,2510,4,78,K037,2025-10-01 00:00:00,2025-10-01 00:00:00,2025-10-01 00:00:00,2025-09-30 00:00:00,2025-10-02 00:00:00,2025-10-01 00:00:00,,,2025-10-03 00:00:00,2025-10-01 00:00:00,2025-10-06 00:00:00,2025-10-02 00:00:00,2025-10-06 00:00:00,2025-10-02 00:00:00,,,F000123039
178,DK,K038,M-9ME22,30.0,28,78-405A30,1,25106,20251006,2025-10-07 00:00:00,D405,2510,4,78,K038,2025-10-01 00:00:00,2025-09-30 00:00:00,2025-10-01 00:00:00,2025-09-30 00:00:00,2025-10-02 00:00:00,2025-10-01 00:00:00,,,2025-10-03 00:00:00,2025-10-01 00:00:00,2025-10-06 00:00:00,2025-10-01 00:00:00,2025-10-06 00:00:00,2025-10-02 00:00:00,,,F000123047
179,DK,K039,M-9ME22,30.0,28,78-405A30,1,25107,20251009,2025-10-10 00:00:00,D405,2510,4,78,K039,2025-10-06 00:00:00,2025-10-02 00:00:00,2025-10-06 00:00:00,2025-10-02 00:00:00,2025-10-07 00:00:00,2025-10-02 00:00:00,,,2025-10-08 00:00:00,2025-10-03 00:00:00,2025-10-09 00:00:00,2025-10-03 00:00:00,2025-10-09 00:00:00,2025-10-06 00:00:00,,,F000123055
18,DK,K021,OD6B-M-8ERS,30.0,24,478-409AA30,1,25105,20251001,2025-10-02 00:00:00,D409,2510,4,478,K021,2025-09-26 00:00:00,2025-09-17 00:00:00,2025-09-26 00:00:00,2025-09-17 00:00:00,2025-09-29 00:00:00,2025-09-18 00:00:00,,,2025-09-30 00:00:00,2025-09-19 00:00:00,2025-10-01 00:00:00,2025-09-19 00:00:00,2025-10-01 00:00:00,2025-09-22 00:00:00,,,F000122522
180,DK,K040,M-9ME22,30.0,28,78-405A30,1,25107,20251009,2025-10-10 00:00:00,D405,2510,4,78,K040,2025-10-06 00:00:00,2025-10-01 00:00:00,2025-10-06 00:00:00,2025-10-02 00:00:00,2025-10-07 00:00:00,2025-10-03 00:00:00,,,2025-10-08 00:00:00,2025-10-03 00:00:00,2025-10-09 00:00:00,2025-10-03 00:00:00,2025-10-09 00:00:00,2025-10-06 00:00:00,,,F000123063
181,DK,K041,M-9ME22,30.0,28,78-405A30,1,25107,20251009,2025-10-10 00:00:00,D405,2510,4,78,K041,2025-10-06 00:00:00,2025-10-02 00:00:00,2025-10-06 00:00:00,2025-10-02 00:00:00,2025-10-07 00:00:00,2025-10-03 00:00:00,,,2025-10-08 00:00:00,2025-10-06 00:00:00,2025-10-09 00:00:00,2025-10-07 00:00:00,2025-10-09 00:00:00,2025-10-07 00:00:00,,,F000123071
182,DK,K042,M-9ME22,30.0,28,78-405A30,1,25107,20251009,2025-10-10 00:00:00,D405,2510,4,78,K042,2025-10-06 00:00:00,2025-10-03 00:00:00,2025-10-06 00:00:00,2025-10-03 00:00:00,2025-10-07 00:00:00,2025-10-06 00:00:00,,,2025-10-08 00:00:00,2025-10-06 00:00:00,2025-10-09 00:00:00,2025-10-06 00:00:00,2025-10-09 00:00:00,2025-10-07 00:00:00,,,F000123079
183,DK,K043,M-9ME22,30.0,24,78-405A30,1,25107,20251009,2025-10-10 00:00:00,D405,2510,4,78,K043,2025-10-06 00:00:00,2025-10-02 00:00:00,2025-10-06 00:00:00,2025-10-02 00:00:00,2025-10-07 00:00:00,2025-10-03 00:00:00,,,2025-10-08 00:00:00,2025-10-03 00:00:00,2025-10-09 00:00:00,2025-10-03 00:00:00,2025-10-09 00:00:00,2025-10-06 00:00:00,,,F000123087
184,DK,K045,M-9ME22,30.0,28,78-405A30,1,25108,20251015,2025-10-16 00:00:00,D405,2510,4,78,K045,2025-10-09 00:00:00,2025-10-06 00:00:00,2025-10-09 00:00:00,2025-10-07 00:00:00,2025-10-10 00:00:00,2025-10-07 00:00:00,,,2025-10-14 00:00:00,2025-10-08 00:00:00,2025-10-15 00:00:00,2025-10-08 00:00:00,2025-10-15 00:00:00,2025-10-08 00:00:00,,,F000123273
185,DK,K046,M-9ME22,30.0,28,78-405A30,1,25108,20251015,2025-10-16 00:00:00,D405,2510,4,78,K046,2025-10-09 00:00:00,2025-10-06 00:00:00,2025-10-09 00:00:00,2025-10-07 00:00:00,2025-10-10 00:00:00,2025-10-07 00:00:00,,,2025-10-14 00:00:00,2025-10-08 00:00:00,2025-10-15 00:00:00,2025-10-08 00:00:00,2025-10-15 00:00:00,2025-10-08 00:00:00,,,F000123295
186,DK,K047,M-9ME22,30.0,28,78-405A30,1,25108,20251015,2025-10-16 00:00:00,D405,2510,4,78,K047,2025-10-09 00:00:00,2025-10-06 00:00:00,2025-10-09 00:00:00,2025-10-06 00:00:00,2025-10-10 00:00:00,2025-10-06 00:00:00,,,2025-10-14 00:00:00,2025-10-07 00:00:00,2025-10-15 00:00:00,2025-10-07 00:00:00,2025-10-15 00:00:00,2025-10-08 00:00:00,,,F000123317
187,DK,K048,M-9ME22,30.0,28,78-405A30,1,25108,20251015,2025-10-16 00:00:00,D405,2510,4,78,K048,2025-10-09 00:00:00,2025-10-07 00:00:00,2025-10-09 00:00:00,2025-10-08 00:00:00,2025-10-10 00:00:00,2025-10-08 00:00:00,,,2025-10-14 00:00:00,2025-10-09 00:00:00,2025-10-15 00:00:00,2025-10-09 00:00:00,2025-10-15 00:00:00,,,,F000123339
188,DK,K7199,M-9ME22,30.0,20,78-405A30,1,25100,20251003,2025-10-03 00:00:00,D405,2510,5,78,K7199,2025-09-29 00:00:00,2025-09-25 00:00:00,2025-09-29 00:00:00,2025-09-24 00:00:00,2025-09-30 00:00:00,2025-09-25 00:00:00,,,2025-10-01 00:00:00,2025-09-25 00:00:00,2025-10-02 00:00:00,2025-09-25 00:00:00,2025-10-02 00:00:00,2025-09-26 00:00:00,,,F000122140
189,DK,K7200,M-9ME22,30.0,28,78-405A30,1,25100,20251003,2025-10-03 00:00:00,D405,2510,5,78,K7200,2025-09-29 00:00:00,2025-09-22 00:00:00,2025-09-29 00:00:00,2025-09-24 00:00:00,2025-09-30 00:00:00,2025-09-24 00:00:00,,,2025-10-01 00:00:00,2025-09-25 00:00:00,2025-10-02 00:00:00,2025-09-25 00:00:00,2025-10-02 00:00:00,2025-09-25 00:00:00,,,F000121777
19,DK,K022,OD6B-M-8ERS,30.0,24,478-409AA30,1,25105,20251001,2025-10-02 00:00:00,D409,2510,4,478,K022,2025-09-26 00:00:00,2025-09-22 00:00:00,2025-09-26 00:00:00,2025-09-22 00:00:00,2025-09-29 00:00:00,2025-09-24 00:00:00,,,2025-09-30 00:00:00,2025-09-24 00:00:00,2025-10-01 00:00:00,2025-09-25 00:00:00,2025-10-01 00:00:00,2025-09-25 00:00:00,,,F000122552
190,DK,K7227,M-6ER22,30.0,22,78-405A30,1,25100,20251021,2025-10-21 00:00:00,D405,2510,5,78,K7227,2025-10-15 00:00:00,2025-10-07 00:00:00,2025-10-15 00:00:00,2025-10-07 00:00:00,2025-10-16 00:00:00,2025-10-08 00:00:00,,,2025-10-17 00:00:00,2025-10-08 00:00:00,2025-10-20 00:00:00,2025-10-08 00:00:00,2025-10-20 00:00:00,,,,F000122948
191,DK,K7228,M-6ER22,30.0,22,78-405A30,1,25100,20251021,2025-10-21 00:00:00,D405,2510,5,78,K7228,2025-10-15 00:00:00,2025-10-07 00:00:00,2025-10-15 00:00:00,2025-10-08 00:00:00,2025-10-16 00:00:00,2025-10-08 00:00:00,,,2025-10-17 00:00:00,2025-10-09 00:00:00,2025-10-20 00:00:00,2025-10-09 00:00:00,2025-10-20 00:00:00,2025-10-09 00:00:00,,,F000122950
192,DK,K7229,M-6ER22,30.0,22,78-405A30,1,25100,20251021,2025-10-21 00:00:00,D405,2510,5,78,K7229,2025-10-15 00:00:00,2025-10-06 00:00:00,2025-10-15 00:00:00,2025-10-08 00:00:00,2025-10-16 00:00:00,2025-10-09 00:00:00,,,2025-10-17 00:00:00,,2025-10-20 00:00:00,,2025-10-20 00:00:00,,,,F000122952
193,DK,K7230,M-6ER22,30.0,22,78-405A30,1,25100,20251021,2025-10-21 00:00:00,D405,2510,5,78,K7230,2025-10-15 00:00:00,2025-10-07 00:00:00,2025-10-15 00:00:00,2025-10-08 00:00:00,2025-10-16 00:00:00,2025-10-09 00:00:00,,,2025-10-17 00:00:00,2025-10-09 00:00:00,2025-10-20 00:00:00,,2025-10-20 00:00:00,,,,F000122954
194,DK,K7315,M-9ME22,30.0,32,78-405A30,1,25100,20251003,2025-10-03 00:00:00,D405,2510,5,78,K7315,2025-09-26 00:00:00,2025-09-24 00:00:00,2025-09-26 00:00:00,2025-09-19 00:00:00,2025-09-29 00:00:00,2025-09-22 00:00:00,,,2025-09-30 00:00:00,2025-09-22 00:00:00,2025-10-01 00:00:00,2025-09-25 00:00:00,2025-10-02 00:00:00,2025-09-26 00:00:00,,,F000127265
195,DK,K7316,M-9ME22,30.0,32,78-405A30,1,25100,20251003,2025-10-03 00:00:00,D405,2510,5,78,K7316,2025-09-26 00:00:00,2025-09-24 00:00:00,2025-09-26 00:00:00,2025-09-22 00:00:00,2025-09-29 00:00:00,2025-09-22 00:00:00,,,2025-09-30 00:00:00,2025-09-22 00:00:00,2025-10-01 00:00:00,2025-09-24 00:00:00,2025-10-02 00:00:00,2025-09-24 00:00:00,,,F000127267
196,DK,K024,OD6B-M-8ERS,34.0,24,78-405A34,1,25106,20251006,2025-10-07 00:00:00,D405,2510,4,78,K024,2025-10-01 00:00:00,2025-09-24 00:00:00,2025-10-01 00:00:00,2025-09-22 00:00:00,2025-10-02 00:00:00,2025-09-24 00:00:00,,,2025-10-03 00:00:00,2025-09-24 00:00:00,2025-10-06 00:00:00,2025-09-24 00:00:00,2025-10-06 00:00:00,2025-09-25 00:00:00,,,F000122595
197,DK,K025,OD6B-M-8ERS,34.0,24,78-405A34,1,25106,20251006,2025-10-07 00:00:00,D405,2510,4,78,K025,2025-10-01 00:00:00,2025-09-22 00:00:00,2025-10-01 00:00:00,2025-09-22 00:00:00,2025-10-02 00:00:00,2025-09-24 00:00:00,,,2025-10-03 00:00:00,2025-09-25 00:00:00,2025-10-06 00:00:00,2025-09-25 00:00:00,2025-10-06 00:00:00,2025-09-25 00:00:00,,,F000122625
198,DK,K026,OD6B-M-8ERS,34.0,24,78-405A34,1,25106,20251006,2025-10-07 00:00:00,D405,2510,4,78,K026,2025-10-01 00:00:00,2025-09-22 00:00:00,2025-10-01 00:00:00,2025-09-22 00:00:00,2025-10-02 00:00:00,2025-09-24 00:00:00,,,2025-10-03 00:00:00,2025-09-24 00:00:00,2025-10-06 00:00:00,2025-09-25 00:00:00,2025-10-06 00:00:00,2025-09-25 00:00:00,,,F000122655
199,DK,K027,OD6B-M-8ERS,34.0,24,78-405A34,1,25106,20251006,2025-10-07 00:00:00,D405,2510,4,78,K027,2025-10-01 00:00:00,2025-09-26 00:00:00,2025-10-01 00:00:00,2025-09-24 00:00:00,2025-10-02 00:00:00,2025-09-25 00:00:00,,,2025-10-03 00:00:00,2025-09-25 00:00:00,2025-10-06 00:00:00,2025-09-26 00:00:00,2025-10-06 00:00:00,2025-09-26 00:00:00,,,F000122685
2,DK,K005,OD6B-M-8ERS,30.0,24,478-409AA30,1,25102,20250918,2025-09-19 00:00:00,D409,2510,4,478,K005,2025-09-12 00:00:00,2025-09-09 00:00:00,2025-09-12 00:00:00,2025-09-09 00:00:00,2025-09-16 00:00:00,2025-09-10 00:00:00,,,2025-09-17 00:00:00,2025-09-16 00:00:00,2025-09-18 00:00:00,2025-09-16 00:00:00,2025-09-18 00:00:00,2025-09-16 00:00:00,,,F000121896
20,DK,K023,OD6B-M-8ERS,30.0,24,478-409AA30,1,25105,20251001,2025-10-02 00:00:00,D409,2510,4,478,K023,2025-09-26 00:00:00,2025-09-19 00:00:00,2025-09-26 00:00:00,2025-09-22 00:00:00,2025-09-29 00:00:00,2025-09-22 00:00:00,,,2025-09-30 00:00:00,2025-09-24 00:00:00,2025-10-01 00:00:00,2025-09-24 00:00:00,2025-10-01 00:00:00,2025-09-24 00:00:00,,,F000122582
200,DK,K028,OD6B-M-8ERS,34.0,24,78-405A34,1,25106,20251006,2025-10-07 00:00:00,D405,2510,4,78,K028,2025-10-01 00:00:00,2025-09-26 00:00:00,2025-10-01 00:00:00,2025-09-26 00:00:00,2025-10-02 00:00:00,2025-09-26 00:00:00,,,2025-10-03 00:00:00,2025-09-29 00:00:00,2025-10-06 00:00:00,2025-09-29 00:00:00,2025-10-06 00:00:00,2025-09-30 00:00:00,,,F000122715
201,DK,K029,OD6B-M-8ERS,34.0,24,78-405A34,1,25107,20251009,2025-10-10 00:00:00,D405,2510,4,78,K029,2025-10-06 00:00:00,2025-09-29 00:00:00,2025-10-06 00:00:00,2025-09-30 00:00:00,2025-10-07 00:00:00,2025-10-01 00:00:00,,,2025-10-08 00:00:00,2025-10-01 00:00:00,2025-10-09 00:00:00,2025-10-02 00:00:00,2025-10-09 00:00:00,2025-10-02 00:00:00,,,F000122745
202,DK,K030,OD6B-M-8ERS,34.0,24,78-405A34,1,25107,20251009,2025-10-10 00:00:00,D405,2510,4,78,K030,2025-10-06 00:00:00,2025-09-26 00:00:00,2025-10-06 00:00:00,2025-09-30 00:00:00,2025-10-07 00:00:00,2025-09-30 00:00:00,,,2025-10-08 00:00:00,2025-10-01 00:00:00,2025-10-09 00:00:00,2025-10-01 00:00:00,2025-10-09 00:00:00,2025-10-02 00:00:00,,,F000122775
203,DK,K031,OD6B-M-8ERS,34.0,24,78-405A34,1,25107,20251009,2025-10-10 00:00:00,D405,2510,4,78,K031,2025-10-06 00:00:00,2025-09-27 00:00:00,2025-10-06 00:00:00,2025-10-01 00:00:00,2025-10-07 00:00:00,2025-10-01 00:00:00,,,2025-10-08 00:00:00,2025-10-02 00:00:00,2025-10-09 00:00:00,2025-10-02 00:00:00,2025-10-09 00:00:00,2025-10-03 00:00:00,,,F000122805
204,DK,K032,OD6B-M-8ERS,34.0,24,78-405A34,1,25107,20251009,2025-10-10 00:00:00,D405,2510,4,78,K032,2025-10-06 00:00:00,2025-10-02 00:00:00,2025-10-06 00:00:00,2025-09-30 00:00:00,2025-10-07 00:00:00,2025-09-30 00:00:00,,,2025-10-08 00:00:00,2025-10-01 00:00:00,2025-10-09 00:00:00,2025-10-01 00:00:00,2025-10-09 00:00:00,2025-10-01 00:00:00,,,F000122835
205,DK,K033,OD6B-M-8ERS,34.0,24,78-405A34,1,25107,20251009,2025-10-10 00:00:00,D405,2510,4,78,K033,2025-10-06 00:00:00,2025-09-29 00:00:00,2025-10-06 00:00:00,2025-09-30 00:00:00,2025-10-07 00:00:00,2025-09-30 00:00:00,,,2025-10-08 00:00:00,2025-10-01 00:00:00,2025-10-09 00:00:00,2025-10-01 00:00:00,2025-10-09 00:00:00,2025-10-01 00:00:00,,,F000122865
206,DK,K7202,OD6B-M-8ERS,34.0,18,78-405A34,1,25100,20251003,2025-10-03 00:00:00,D405,2510,5,78,K7202,2025-09-29 00:00:00,2025-09-17 00:00:00,2025-09-29 00:00:00,2025-09-17 00:00:00,2025-09-30 00:00:00,2025-09-18 00:00:00,,,2025-10-01 00:00:00,2025-09-19 00:00:00,2025-10-02 00:00:00,2025-09-20 00:00:00,2025-10-02 00:00:00,2025-09-22 00:00:00,,,F000122898
207,DK,K7203,OD6B-M-8ERS,34.0,18,78-405A34,1,25100,20251003,2025-10-03 00:00:00,D405,2510,5,78,K7203,2025-09-29 00:00:00,2025-09-17 00:00:00,2025-09-29 00:00:00,2025-09-17 00:00:00,2025-09-30 00:00:00,2025-09-17 00:00:00,,,2025-10-01 00:00:00,2025-09-22 00:00:00,2025-10-02 00:00:00,2025-09-22 00:00:00,2025-10-02 00:00:00,2025-09-22 00:00:00,,,F000122900
208,DK,K7204,OD6B-M-8ERS,34.0,18,78-405A34,1,25100,20251003,2025-10-03 00:00:00,D405,2510,5,78,K7204,2025-09-29 00:00:00,2025-09-24 00:00:00,2025-09-29 00:00:00,2025-09-22 00:00:00,2025-09-30 00:00:00,2025-09-22 00:00:00,,,2025-10-01 00:00:00,2025-09-24 00:00:00,2025-10-02 00:00:00,2025-09-24 00:00:00,2025-10-02 00:00:00,2025-09-25 00:00:00,,,F000122902
209,DK,K7205,OD6B-M-8ERS,34.0,18,78-405A34,1,25100,20251003,2025-10-03 00:00:00,D405,2510,5,78,K7205,2025-09-29 00:00:00,2025-09-18 00:00:00,2025-09-29 00:00:00,2025-09-18 00:00:00,2025-09-30 00:00:00,2025-09-19 00:00:00,,,2025-10-01 00:00:00,2025-09-22 00:00:00,2025-10-02 00:00:00,2025-09-22 00:00:00,2025-10-02 00:00:00,2025-09-22 00:00:00,,,F000122904
21,DK,K034,M-9ME22,30.0,28,478-409AA30,1,25106,20251006,2025-10-07 00:00:00,D409,2510,4,478,K034,2025-10-01 00:00:00,2025-10-01 00:00:00,2025-10-01 00:00:00,2025-10-01 00:00:00,2025-10-02 00:00:00,2025-10-02 00:00:00,,,2025-10-03 00:00:00,2025-10-02 00:00:00,2025-10-06 00:00:00,2025-10-02 00:00:00,2025-10-06 00:00:00,2025-10-02 00:00:00,,,F000123016
210,DK,K7206,OD6B-M-8ERS,34.0,18,78-405A34,1,25100,20251003,2025-10-03 00:00:00,D405,2510,5,78,K7206,2025-09-29 00:00:00,2025-09-17 00:00:00,2025-09-29 00:00:00,2025-09-18 00:00:00,2025-09-30 00:00:00,2025-09-19 00:00:00,,,2025-10-01 00:00:00,2025-09-22 00:00:00,2025-10-02 00:00:00,2025-09-22 00:00:00,2025-10-02 00:00:00,2025-09-22 00:00:00,,,F000122906
211,DK,K7207,OD6B-M-8ERS,34.0,16,78-405A34,1,25100,20251016,2025-10-16 00:00:00,D405,2510,5,78,K7207,2025-10-09 00:00:00,2025-10-01 00:00:00,2025-10-09 00:00:00,2025-10-01 00:00:00,2025-10-10 00:00:00,2025-10-02 00:00:00,,,2025-10-14 00:00:00,2025-10-02 00:00:00,2025-10-15 00:00:00,2025-10-02 00:00:00,2025-10-15 00:00:00,,,,F000125524
212,DK,K7208,OD6B-M-8ERS,34.0,16,78-405A34,1,25100,20251016,2025-10-16 00:00:00,D405,2510,5,78,K7208,2025-10-09 00:00:00,2025-10-01 00:00:00,2025-10-09 00:00:00,2025-10-01 00:00:00,2025-10-10 00:00:00,2025-10-02 00:00:00,,,2025-10-14 00:00:00,2025-10-02 00:00:00,2025-10-15 00:00:00,2025-10-02 00:00:00,2025-10-15 00:00:00,2025-10-03 00:00:00,,,F000125526
213,DK,K7209,OD6B-M-8ERS,34.0,16,78-405A34,1,25100,20251016,2025-10-16 00:00:00,D405,2510,5,78,K7209,2025-10-09 00:00:00,2025-10-03 00:00:00,2025-10-09 00:00:00,2025-10-01 00:00:00,2025-10-10 00:00:00,2025-10-02 00:00:00,,,2025-10-14 00:00:00,2025-10-03 00:00:00,2025-10-15 00:00:00,2025-10-03 00:00:00,2025-10-15 00:00:00,2025-10-03 00:00:00,,,F000125528
214,DK,K7210,OD6B-M-8ERS,34.0,16,78-405A34,1,25100,20251016,2025-10-16 00:00:00,D405,2510,5,78,K7210,2025-10-09 00:00:00,2025-10-02 00:00:00,2025-10-09 00:00:00,2025-10-02 00:00:00,2025-10-10 00:00:00,,,,2025-10-14 00:00:00,,2025-10-15 00:00:00,,2025-10-15 00:00:00,,,,F000125530
215,DK,K7211,OD6B-M-8ERS,34.0,16,78-405A34,1,25100,20251016,2025-10-16 00:00:00,D405,2510,5,78,K7211,2025-10-09 00:00:00,2025-10-01 00:00:00,2025-10-09 00:00:00,2025-10-02 00:00:00,2025-10-10 00:00:00,2025-10-02 00:00:00,,,2025-10-14 00:00:00,2025-10-09 00:00:00,2025-10-15 00:00:00,2025-10-09 00:00:00,2025-10-15 00:00:00,,,,F000125532
216,DK,K7212,OD6B-M-7ES,34.0,28,78-405A34,1,25100,20251010,2025-10-10 00:00:00,D405,2510,5,78,K7212,2025-10-06 00:00:00,2025-09-29 00:00:00,2025-10-06 00:00:00,2025-09-29 00:00:00,2025-10-07 00:00:00,2025-09-30 00:00:00,,,2025-10-08 00:00:00,2025-10-01 00:00:00,2025-10-09 00:00:00,2025-10-01 00:00:00,2025-10-09 00:00:00,2025-10-01 00:00:00,,,F000122918
217,DK,K7213,OD6B-M-7ES,34.0,28,78-405A34,1,25100,20251010,2025-10-10 00:00:00,D405,2510,5,78,K7213,2025-10-06 00:00:00,2025-09-29 00:00:00,2025-10-06 00:00:00,2025-09-26 00:00:00,2025-10-07 00:00:00,2025-09-29 00:00:00,,,2025-10-08 00:00:00,2025-09-29 00:00:00,2025-10-09 00:00:00,2025-09-29 00:00:00,2025-10-09 00:00:00,2025-09-29 00:00:00,,,F000122920
218,DK,K7214,OD6B-M-7ES,34.0,28,78-405A34,1,25100,20251010,2025-10-10 00:00:00,D405,2510,5,78,K7214,2025-10-06 00:00:00,2025-09-26 00:00:00,2025-10-06 00:00:00,2025-09-29 00:00:00,2025-10-07 00:00:00,2025-09-30 00:00:00,,,2025-10-08 00:00:00,2025-09-30 00:00:00,2025-10-09 00:00:00,2025-10-01 00:00:00,2025-10-09 00:00:00,2025-10-02 00:00:00,,,F000122922
219,DK,K7215,OD6B-M-7ES,34.0,28,78-405A34,1,25100,20251010,2025-10-10 00:00:00,D405,2510,5,78,K7215,2025-10-06 00:00:00,2025-09-26 00:00:00,2025-10-06 00:00:00,2025-09-29 00:00:00,2025-10-07 00:00:00,2025-09-29 00:00:00,,,2025-10-08 00:00:00,2025-09-30 00:00:00,2025-10-09 00:00:00,2025-09-30 00:00:00,2025-10-09 00:00:00,2025-10-01 00:00:00,,,F000122924
22,DK,K035,M-9ME22,30.0,28,478-409AA30,1,25106,20251006,2025-10-07 00:00:00,D409,2510,4,478,K035,2025-10-01 00:00:00,2025-09-25 00:00:00,2025-10-01 00:00:00,2025-09-26 00:00:00,2025-10-02 00:00:00,2025-09-26 00:00:00,,,2025-10-03 00:00:00,2025-09-26 00:00:00,2025-10-06 00:00:00,2025-09-27 00:00:00,2025-10-06 00:00:00,2025-09-29 00:00:00,,,F000123024
220,DK,K7216,OD6B-M-7ES,34.0,28,78-405A34,1,25100,20251010,2025-10-10 00:00:00,D405,2510,5,78,K7216,2025-10-06 00:00:00,2025-09-26 00:00:00,2025-10-06 00:00:00,2025-09-26 00:00:00,2025-10-07 00:00:00,2025-09-29 00:00:00,,,2025-10-08 00:00:00,2025-09-30 00:00:00,2025-10-09 00:00:00,2025-09-30 00:00:00,2025-10-09 00:00:00,2025-10-01 00:00:00,,,F000122926
221,DK,K7217,OD6B-M-7ES,34.0,28,78-405A34,1,25100,20251010,2025-10-10 00:00:00,D405,2510,5,78,K7217,2025-10-06 00:00:00,2025-09-26 00:00:00,2025-10-06 00:00:00,2025-09-26 00:00:00,2025-10-07 00:00:00,2025-09-29 00:00:00,,,2025-10-08 00:00:00,2025-09-30 00:00:00,2025-10-09 00:00:00,2025-09-30 00:00:00,2025-10-09 00:00:00,2025-10-03 00:00:00,,,F000122928
222,DK,K7218,OD6B-M-7ES,34.0,28,78-405A34,1,25100,20251010,2025-10-10 00:00:00,D405,2510,5,78,K7218,2025-10-06 00:00:00,2025-09-26 00:00:00,2025-10-06 00:00:00,2025-09-29 00:00:00,2025-10-07 00:00:00,2025-09-29 00:00:00,,,2025-10-08 00:00:00,2025-09-30 00:00:00,2025-10-09 00:00:00,2025-09-30 00:00:00,2025-10-09 00:00:00,2025-09-30 00:00:00,,,F000122930
223,DK,K7219,OD6B-M-7ES,34.0,28,78-405A34,1,25100,20251010,2025-10-10 00:00:00,D405,2510,5,78,K7219,2025-10-06 00:00:00,2025-09-27 00:00:00,2025-10-06 00:00:00,2025-09-29 00:00:00,2025-10-07 00:00:00,2025-09-29 00:00:00,,,2025-10-08 00:00:00,2025-09-30 00:00:00,2025-10-09 00:00:00,2025-09-30 00:00:00,2025-10-09 00:00:00,2025-10-01 00:00:00,,,F000122932
224,DK,K7220,OD6B-M-7ES,34.0,28,78-405A34,1,25100,20251010,2025-10-10 00:00:00,D405,2510,5,78,K7220,2025-10-06 00:00:00,2025-09-25 00:00:00,2025-10-06 00:00:00,2025-09-26 00:00:00,2025-10-07 00:00:00,2025-09-26 00:00:00,,,2025-10-08 00:00:00,2025-09-29 00:00:00,2025-10-09 00:00:00,2025-09-29 00:00:00,2025-10-09 00:00:00,2025-09-30 00:00:00,,,F000122934
225,DK,K7221,OD6B-M-7ES,34.0,28,78-405A34,1,25100,20251010,2025-10-10 00:00:00,D405,2510,5,78,K7221,2025-10-06 00:00:00,2025-09-30 00:00:00,2025-10-06 00:00:00,2025-10-01 00:00:00,2025-10-07 00:00:00,2025-10-01 00:00:00,,,2025-10-08 00:00:00,2025-10-02 00:00:00,2025-10-09 00:00:00,2025-10-02 00:00:00,2025-10-09 00:00:00,2025-10-02 00:00:00,,,F000122936
226,DK,K7222,OD6B-M-8ERS,34.0,16,78-405A34,1,25100,20251016,2025-10-16 00:00:00,D405,2510,5,78,K7222,2025-10-09 00:00:00,2025-10-02 00:00:00,2025-10-09 00:00:00,2025-10-02 00:00:00,2025-10-10 00:00:00,,,,2025-10-14 00:00:00,,2025-10-15 00:00:00,,2025-10-15 00:00:00,,,,F000122938
227,DK,K7223,OD6B-M-8ERS,34.0,16,78-405A34,1,25100,20251016,2025-10-16 00:00:00,D405,2510,5,78,K7223,2025-10-09 00:00:00,2025-10-02 00:00:00,2025-10-09 00:00:00,2025-10-03 00:00:00,2025-10-10 00:00:00,,,,2025-10-14 00:00:00,,2025-10-15 00:00:00,,2025-10-15 00:00:00,,,,F000122940
228,DK,K7224,OD6B-M-8ERS,34.0,16,78-405A34,1,25100,20251016,2025-10-16 00:00:00,D405,2510,5,78,K7224,2025-10-09 00:00:00,2025-10-02 00:00:00,2025-10-09 00:00:00,2025-10-03 00:00:00,2025-10-10 00:00:00,,,,2025-10-14 00:00:00,,2025-10-15 00:00:00,,2025-10-15 00:00:00,,,,F000122942
229,DK,K7225,OD6B-M-8ERS,34.0,16,78-405A34,1,25100,20251016,2025-10-16 00:00:00,D405,2510,5,78,K7225,2025-10-09 00:00:00,2025-10-09 00:00:00,2025-10-09 00:00:00,2025-10-03 00:00:00,2025-10-10 00:00:00,2025-10-08 00:00:00,,,2025-10-14 00:00:00,2025-10-09 00:00:00,2025-10-15 00:00:00,2025-10-09 00:00:00,2025-10-15 00:00:00,2025-10-09 00:00:00,,,F000122944
23,DK,K036,M-9ME22,30.0,28,478-409AA30,1,25106,20251006,2025-10-07 00:00:00,D409,2510,4,478,K036,2025-10-01 00:00:00,2025-09-25 00:00:00,2025-10-01 00:00:00,2025-09-26 00:00:00,2025-10-02 00:00:00,2025-09-26 00:00:00,,,2025-10-03 00:00:00,2025-09-29 00:00:00,2025-10-06 00:00:00,2025-09-29 00:00:00,2025-10-06 00:00:00,2025-09-30 00:00:00,,,F000123032
230,DK,K7226,OD6B-M-8ERS,34.0,16,78-405A34,1,25100,20251016,2025-10-16 00:00:00,D405,2510,5,78,K7226,2025-10-09 00:00:00,2025-10-09 00:00:00,2025-10-09 00:00:00,2025-10-08 00:00:00,2025-10-10 00:00:00,,,,2025-10-14 00:00:00,,2025-10-15 00:00:00,,2025-10-15 00:00:00,,,,F000122946
231,DK,K7231,M-8ME42,34.0,32,78-405A34,1,25100,20251024,2025-10-24 00:00:00,D405,2510,5,78,K7231,2025-10-17 00:00:00,,2025-10-17 00:00:00,,2025-10-20 00:00:00,,,,2025-10-21 00:00:00,,2025-10-22 00:00:00,,2025-10-23 00:00:00,,,,F000122962
232,DK,K7232,M-8ME42,34.0,32,78-405A34,1,25100,20251024,2025-10-24 00:00:00,D405,2510,5,78,K7232,2025-10-17 00:00:00,,2025-10-17 00:00:00,,2025-10-20 00:00:00,,,,2025-10-21 00:00:00,,2025-10-22 00:00:00,,2025-10-23 00:00:00,,,,F000122964
233,DK,K7233,M-8ME42,34.0,32,78-405A34,1,25100,20251024,2025-10-24 00:00:00,D405,2510,5,78,K7233,2025-10-17 00:00:00,,2025-10-17 00:00:00,,2025-10-20 00:00:00,,,,2025-10-21 00:00:00,,2025-10-22 00:00:00,,2025-10-23 00:00:00,,,,F000122966
234,DK,K7234,M-8ME42,34.0,32,78-405A34,1,25100,20251024,2025-10-24 00:00:00,D405,2510,5,78,K7234,2025-10-17 00:00:00,,2025-10-17 00:00:00,,2025-10-20 00:00:00,,,,2025-10-21 00:00:00,,2025-10-22 00:00:00,,2025-10-23 00:00:00,,,,F000122968
235,DK,K7235,M-8ME42,34.0,32,78-405A34,1,25100,20251029,2025-10-29 00:00:00,D405,2510,5,78,K7235,2025-10-22 00:00:00,,2025-10-22 00:00:00,,2025-10-23 00:00:00,,,,2025-10-24 00:00:00,,2025-10-27 00:00:00,,2025-10-28 00:00:00,,,,F000122970
236,DK,K7236,M-8ME42,34.0,32,78-405A34,1,25100,20251029,2025-10-29 00:00:00,D405,2510,5,78,K7236,2025-10-22 00:00:00,,2025-10-22 00:00:00,,2025-10-23 00:00:00,,,,2025-10-24 00:00:00,,2025-10-27 00:00:00,,2025-10-28 00:00:00,,,,F000122972
237,DK,K7237,M-8ME42,34.0,32,78-405A34,1,25100,20251029,2025-10-29 00:00:00,D405,2510,5,78,K7237,2025-10-22 00:00:00,,2025-10-22 00:00:00,,2025-10-23 00:00:00,,,,2025-10-24 00:00:00,,2025-10-27 00:00:00,,2025-10-28 00:00:00,,,,F000122974
238,DK,K7238,M-8ME42,34.0,32,78-405A34,1,25100,20251029,2025-10-29 00:00:00,D405,2510,5,78,K7238,2025-10-22 00:00:00,,2025-10-22 00:00:00,,2025-10-23 00:00:00,,,,2025-10-24 00:00:00,,2025-10-27 00:00:00,,2025-10-28 00:00:00,,,,F000122976
239,DK,K7253,OD5B-M-9ME42,34.0,24,78-405A34,1,25100,20251029,2025-10-29 00:00:00,D405,2510,5,78,K7253,2025-10-23 00:00:00,,2025-10-23 00:00:00,,2025-10-24 00:00:00,,,,2025-10-27 00:00:00,,2025-10-28 00:00:00,,2025-10-28 00:00:00,,,,F000125070
24,DK,K037,M-9ME22,30.0,28,478-409AA30,1,25106,20251006,2025-10-07 00:00:00,D409,2510,4,478,K037,2025-10-01 00:00:00,2025-09-30 00:00:00,2025-10-01 00:00:00,2025-09-30 00:00:00,2025-10-02 00:00:00,2025-10-01 00:00:00,,,2025-10-03 00:00:00,2025-10-01 00:00:00,2025-10-06 00:00:00,2025-10-02 00:00:00,2025-10-06 00:00:00,2025-10-02 00:00:00,,,F000123040
240,DK,K7254,OD5B-M-9ME42,34.0,24,78-405A34,1,25100,20251029,2025-10-29 00:00:00,D405,2510,5,78,K7254,2025-10-23 00:00:00,,2025-10-23 00:00:00,,2025-10-24 00:00:00,,,,2025-10-27 00:00:00,,2025-10-28 00:00:00,,2025-10-28 00:00:00,,,,F000125072
241,DK,K003,M-9ME22,30.0,40,78-405EA30,1,25102,20250918,2025-09-19 00:00:00,D405,2510,4,78,K003,2025-09-11 00:00:00,2025-09-11 00:00:00,2025-09-11 00:00:00,2025-09-12 00:00:00,2025-09-12 00:00:00,2025-09-12 00:00:00,,,2025-09-16 00:00:00,2025-09-16 00:00:00,2025-09-17 00:00:00,2025-09-18 00:00:00,2025-09-18 00:00:00,2025-09-18 00:00:00,,,F000121762
242,DK,K001,M-8ME22,33.0,40,78-405EA33,1,25103,20250924,2025-09-25 00:00:00,D405,2510,4,78,K001,2025-09-17 00:00:00,2025-09-11 00:00:00,2025-09-17 00:00:00,2025-09-12 00:00:00,2025-09-18 00:00:00,2025-09-12 00:00:00,,,2025-09-19 00:00:00,2025-09-16 00:00:00,2025-09-22 00:00:00,2025-09-19 00:00:00,2025-09-24 00:00:00,2025-09-20 00:00:00,,,F000121786
243,DK,K002,M-8ME22,33.0,40,78-405EA33,1,25103,20250924,2025-09-25 00:00:00,D405,2510,4,78,K002,2025-09-17 00:00:00,2025-09-16 00:00:00,2025-09-17 00:00:00,2025-09-17 00:00:00,2025-09-18 00:00:00,2025-09-17 00:00:00,,,2025-09-19 00:00:00,2025-09-18 00:00:00,2025-09-22 00:00:00,2025-09-19 00:00:00,2025-09-24 00:00:00,2025-09-20 00:00:00,,,F000121807
245,SK,K124,OD6-M-SEC4CFY,30.0,24,816-405FA30,1,25108,20251015,2025-10-16 00:00:00,S405,2510,4,816,K124,,,,,2025-10-10 00:00:00,2025-09-26 00:00:00,2025-10-10 00:00:00,2025-09-27 00:00:00,2025-10-14 00:00:00,2025-10-01 00:00:00,2025-10-15 00:00:00,2025-09-30 00:00:00,2025-10-15 00:00:00,2025-10-03 00:00:00,2025-10-09 00:00:00,2025-10-03 00:00:00,F000123559
246,SK,K115,M2XC-S3.2PL,30.0,22,87-405EA30,1,25105,20251001,2025-10-02 00:00:00,S405,2510,4,87,K115,,,,,2025-09-29 00:00:00,2025-09-17 00:00:00,2025-09-29 00:00:00,2025-09-19 00:00:00,2025-09-30 00:00:00,2025-09-19 00:00:00,2025-10-01 00:00:00,2025-09-20 00:00:00,2025-10-01 00:00:00,2025-09-29 00:00:00,,,F000122988
247,SK,K116,M2XC-S3.2PL,30.0,22,87-405EA30,1,25105,20251001,2025-10-02 00:00:00,S405,2510,4,87,K116,,,,,2025-09-29 00:00:00,2025-09-19 00:00:00,2025-09-29 00:00:00,2025-09-22 00:00:00,2025-09-30 00:00:00,2025-09-22 00:00:00,2025-10-01 00:00:00,2025-09-24 00:00:00,2025-10-01 00:00:00,2025-09-27 00:00:00,,,F000122997
248,SK,K117,M2XC-S3.2PL,30.0,22,87-405EA30,1,25105,20251001,2025-10-02 00:00:00,S405,2510,4,87,K117,,,,,2025-09-29 00:00:00,2025-09-19 00:00:00,2025-09-29 00:00:00,2025-09-24 00:00:00,2025-09-30 00:00:00,2025-09-24 00:00:00,2025-10-01 00:00:00,2025-09-24 00:00:00,2025-10-01 00:00:00,2025-09-29 00:00:00,,,F000123006
249,SK,F18211,FXC-3S,30.0,24,87-405EA30,1,25100,20251003,2025-10-03 00:00:00,S405,2510,6,87,F18211,,,,,2025-09-30 00:00:00,2025-09-17 00:00:00,2025-09-30 00:00:00,2025-09-18 00:00:00,2025-10-01 00:00:00,2025-09-22 00:00:00,2025-10-02 00:00:00,2025-09-24 00:00:00,2025-10-02 00:00:00,2025-09-24 00:00:00,,,F000121832
25,DK,K038,M-9ME22,30.0,28,478-409AA30,1,25106,20251006,2025-10-07 00:00:00,D409,2510,4,478,K038,2025-10-01 00:00:00,2025-09-30 00:00:00,2025-10-01 00:00:00,2025-09-30 00:00:00,2025-10-02 00:00:00,2025-10-01 00:00:00,,,2025-10-03 00:00:00,2025-10-02 00:00:00,2025-10-06 00:00:00,2025-10-02 00:00:00,2025-10-06 00:00:00,2025-10-03 00:00:00,,,F000123048
250,SK,F18212,FXC-3S,30.0,28,87-405EA30,1,25100,20251003,2025-10-03 00:00:00,S405,2510,6,87,F18212,,,,,2025-09-30 00:00:00,2025-09-17 00:00:00,2025-09-30 00:00:00,2025-09-18 00:00:00,2025-10-01 00:00:00,2025-09-19 00:00:00,2025-10-02 00:00:00,2025-09-20 00:00:00,2025-10-02 00:00:00,2025-09-24 00:00:00,,,F000121835
251,SK,F18218,M2XC-E3.2RE,30.0,22,87-405GA30,1,25100,20251029,2025-10-29 00:00:00,S405,2510,6,87,F18218,,,,,2025-10-24 00:00:00,2025-10-09 00:00:00,2025-10-24 00:00:00,,2025-10-27 00:00:00,,2025-10-28 00:00:00,,2025-10-28 00:00:00,,,,F000123530
252,SK,F18219,M2XC-E3.2RE,30.0,22,87-405GA30,1,25100,20251029,2025-10-29 00:00:00,S405,2510,6,87,F18219,,,,,2025-10-24 00:00:00,2025-10-09 00:00:00,2025-10-24 00:00:00,,2025-10-27 00:00:00,,2025-10-28 00:00:00,,2025-10-28 00:00:00,,,,F000123533
253,SK,K103,OD7-M2XC-A3.2RE,30.0,24,87-405QA30,1,25101,20250916,2025-09-17 00:00:00,S405,2510,4,87,K103,,,,,2025-09-11 00:00:00,2025-09-05 00:00:00,2025-09-11 00:00:00,2025-09-16 00:00:00,2025-09-12 00:00:00,2025-09-16 00:00:00,2025-09-16 00:00:00,2025-09-16 00:00:00,2025-09-16 00:00:00,2025-09-17 00:00:00,,,F000121621
254,SK,K104,OD7-M2XC-A3.2RE,30.0,24,87-405QA30,1,25101,20250916,2025-09-17 00:00:00,S405,2510,4,87,K104,,,,,2025-09-11 00:00:00,2025-09-10 00:00:00,2025-09-11 00:00:00,2025-09-11 00:00:00,2025-09-12 00:00:00,2025-09-16 00:00:00,2025-09-16 00:00:00,2025-09-16 00:00:00,2025-09-16 00:00:00,2025-09-16 00:00:00,,,F000121645
255,SK,K105,OD7-M2XC-A3.2RE,30.0,28,87-405QA30,1,25101,20250916,2025-09-17 00:00:00,S405,2510,4,87,K105,,,,,2025-09-11 00:00:00,2025-09-09 00:00:00,2025-09-11 00:00:00,2025-09-10 00:00:00,2025-09-12 00:00:00,2025-09-16 00:00:00,2025-09-16 00:00:00,2025-09-16 00:00:00,2025-09-16 00:00:00,2025-09-16 00:00:00,,,F000121669
256,SK,K106,OD7-M2XC-A3.2RE,30.0,28,87-405QA30,1,25101,20250916,2025-09-17 00:00:00,S405,2510,4,87,K106,,,,,2025-09-11 00:00:00,2025-09-04 00:00:00,2025-09-11 00:00:00,2025-09-08 00:00:00,2025-09-12 00:00:00,2025-09-15 00:00:00,2025-09-16 00:00:00,2025-09-16 00:00:00,2025-09-16 00:00:00,2025-09-16 00:00:00,,,F000121693
257,SK,K107,OD7-M2XC-A3.2RE,30.0,28,87-405QA30,1,25101,20250916,2025-09-17 00:00:00,S405,2510,4,87,K107,,,,,2025-09-11 00:00:00,2025-09-08 00:00:00,2025-09-11 00:00:00,2025-09-09 00:00:00,2025-09-12 00:00:00,2025-09-15 00:00:00,2025-09-16 00:00:00,2025-09-16 00:00:00,2025-09-16 00:00:00,2025-09-16 00:00:00,,,F000121717
258,SK,K108,OD7-M2XC-A3.2RE,30.0,28,87-405QA30,1,25101,20250916,2025-09-17 00:00:00,S405,2510,4,87,K108,,,,,2025-09-11 00:00:00,2025-09-09 00:00:00,2025-09-11 00:00:00,2025-09-10 00:00:00,2025-09-12 00:00:00,2025-09-16 00:00:00,2025-09-16 00:00:00,2025-09-16 00:00:00,2025-09-16 00:00:00,2025-09-16 00:00:00,,,F000121741
259,SK,F18213,M2XC-A3.2RE,30.0,24,87-405QA30,1,25100,20251003,2025-10-03 00:00:00,S405,2510,6,87,F18213,,,,,2025-09-30 00:00:00,2025-09-22 00:00:00,2025-09-30 00:00:00,2025-09-22 00:00:00,2025-10-01 00:00:00,2025-09-24 00:00:00,2025-10-02 00:00:00,2025-09-24 00:00:00,2025-10-02 00:00:00,2025-09-25 00:00:00,,,F000121838
26,DK,K039,M-9ME22,30.0,28,478-409AA30,1,25107,20251009,2025-10-10 00:00:00,D409,2510,4,478,K039,2025-10-06 00:00:00,2025-10-02 00:00:00,2025-10-06 00:00:00,2025-10-02 00:00:00,2025-10-07 00:00:00,2025-10-03 00:00:00,,,2025-10-08 00:00:00,2025-10-03 00:00:00,2025-10-09 00:00:00,2025-10-03 00:00:00,2025-10-09 00:00:00,2025-10-06 00:00:00,,,F000123056
260,SK,K109,OD7-M2XC-A3.2RE,34.0,28,87-405QA34,1,25102,20250918,2025-09-19 00:00:00,S405,2510,4,87,K109,,,,,2025-09-16 00:00:00,2025-09-08 00:00:00,2025-09-16 00:00:00,2025-09-11 00:00:00,2025-09-17 00:00:00,2025-09-17 00:00:00,2025-09-18 00:00:00,2025-09-19 00:00:00,2025-09-18 00:00:00,2025-09-19 00:00:00,,,F000122006
261,SK,K110,OD7-M2XC-A3.2RE,34.0,28,87-405QA34,1,25102,20250918,2025-09-19 00:00:00,S405,2510,4,87,K110,,,,,2025-09-16 00:00:00,2025-09-09 00:00:00,2025-09-16 00:00:00,2025-09-10 00:00:00,2025-09-17 00:00:00,2025-09-17 00:00:00,2025-09-18 00:00:00,2025-09-17 00:00:00,2025-09-18 00:00:00,2025-09-18 00:00:00,,,F000122030
262,SK,K111,OD7-M2XC-A3.2RE,34.0,28,87-405QA34,1,25102,20250918,2025-09-19 00:00:00,S405,2510,4,87,K111,,,,,2025-09-16 00:00:00,2025-09-11 00:00:00,2025-09-16 00:00:00,2025-09-11 00:00:00,2025-09-17 00:00:00,2025-09-17 00:00:00,2025-09-18 00:00:00,2025-09-18 00:00:00,2025-09-18 00:00:00,2025-09-18 00:00:00,,,F000122054
263,SK,K112,OD7-M2XC-A3.2RE,34.0,28,87-405QA34,1,25102,20250918,2025-09-19 00:00:00,S405,2510,4,87,K112,,,,,2025-09-16 00:00:00,2025-09-11 00:00:00,2025-09-16 00:00:00,2025-09-12 00:00:00,2025-09-17 00:00:00,2025-09-17 00:00:00,2025-09-18 00:00:00,2025-09-17 00:00:00,2025-09-18 00:00:00,2025-09-18 00:00:00,,,F000122078
264,SK,K113,OD7-M2XC-A3.2RE,34.0,28,87-405QA34,1,25102,20250918,2025-09-19 00:00:00,S405,2510,4,87,K113,,,,,2025-09-16 00:00:00,2025-09-11 00:00:00,2025-09-16 00:00:00,2025-09-11 00:00:00,2025-09-17 00:00:00,2025-09-17 00:00:00,2025-09-18 00:00:00,2025-09-18 00:00:00,2025-09-18 00:00:00,2025-09-18 00:00:00,,,F000122102
265,SK,K114,OD7-M2XC-A3.2RE,34.0,28,87-405QA34,1,25102,20250918,2025-09-19 00:00:00,S405,2510,4,87,K114,,,,,2025-09-16 00:00:00,2025-09-10 00:00:00,2025-09-16 00:00:00,2025-09-12 00:00:00,2025-09-17 00:00:00,2025-09-17 00:00:00,2025-09-18 00:00:00,2025-09-17 00:00:00,2025-09-18 00:00:00,2025-09-18 00:00:00,,,F000122126
266,SK,K118,OD7-M2XC-A3.2RE,34.0,28,87-405QA34,1,25108,20251015,2025-10-16 00:00:00,S405,2510,4,87,K118,,,,,2025-10-10 00:00:00,2025-09-22 00:00:00,2025-10-10 00:00:00,2025-09-24 00:00:00,2025-10-14 00:00:00,2025-09-25 00:00:00,2025-10-15 00:00:00,2025-09-25 00:00:00,2025-10-15 00:00:00,2025-10-01 00:00:00,,,F000123360
267,SK,K119,OD7-M2XC-A3.2RE,34.0,28,87-405QA34,1,25108,20251015,2025-10-16 00:00:00,S405,2510,4,87,K119,,,,,2025-10-10 00:00:00,2025-09-22 00:00:00,2025-10-10 00:00:00,2025-09-24 00:00:00,2025-10-14 00:00:00,2025-09-25 00:00:00,2025-10-15 00:00:00,2025-09-26 00:00:00,2025-10-15 00:00:00,2025-09-29 00:00:00,,,F000123369
268,SK,K120,OD7-M2XC-A3.2RE,34.0,28,87-405QA34,1,25108,20251015,2025-10-16 00:00:00,S405,2510,4,87,K120,,,,,2025-10-10 00:00:00,2025-09-24 00:00:00,2025-10-10 00:00:00,2025-09-26 00:00:00,2025-10-14 00:00:00,2025-09-29 00:00:00,2025-10-15 00:00:00,2025-09-29 00:00:00,2025-10-15 00:00:00,2025-09-30 00:00:00,,,F000123378
269,SK,K121,OD7-M2XC-A3.2RE,34.0,28,87-405QA34,1,25108,20251015,2025-10-16 00:00:00,S405,2510,4,87,K121,,,,,2025-10-10 00:00:00,2025-09-26 00:00:00,2025-10-10 00:00:00,2025-09-29 00:00:00,2025-10-14 00:00:00,2025-09-30 00:00:00,2025-10-15 00:00:00,2025-10-01 00:00:00,2025-10-15 00:00:00,2025-10-02 00:00:00,,,F000123387
27,DK,K040,M-9ME22,30.0,28,478-409AA30,1,25107,20251009,2025-10-10 00:00:00,D409,2510,4,478,K040,2025-10-06 00:00:00,2025-10-01 00:00:00,2025-10-06 00:00:00,2025-10-02 00:00:00,2025-10-07 00:00:00,2025-10-02 00:00:00,,,2025-10-08 00:00:00,2025-10-03 00:00:00,2025-10-09 00:00:00,2025-10-03 00:00:00,2025-10-09 00:00:00,2025-10-03 00:00:00,,,F000123064
270,SK,K122,OD7-M2XC-A3.2RE,34.0,28,87-405QA34,1,25108,20251015,2025-10-16 00:00:00,S405,2510,4,87,K122,,,,,2025-10-10 00:00:00,2025-09-30 00:00:00,2025-10-10 00:00:00,2025-10-01 00:00:00,2025-10-14 00:00:00,2025-10-01 00:00:00,2025-10-15 00:00:00,2025-10-02 00:00:00,2025-10-15 00:00:00,2025-10-06 00:00:00,,,F000123396
271,SK,K123,OD7-M2XC-A3.2RE,34.0,28,87-405QA34,1,25108,20251015,2025-10-16 00:00:00,S405,2510,4,87,K123,,,,,2025-10-10 00:00:00,2025-10-02 00:00:00,2025-10-10 00:00:00,2025-10-03 00:00:00,2025-10-14 00:00:00,2025-10-03 00:00:00,2025-10-15 00:00:00,2025-10-06 00:00:00,2025-10-15 00:00:00,2025-10-06 00:00:00,,,F000123405
272,SK,F18214,M2XC-A3.2RE,34.0,24,87-405QA34,1,25100,20251003,2025-10-03 00:00:00,S405,2510,6,87,F18214,,,,,2025-09-30 00:00:00,2025-09-17 00:00:00,2025-09-30 00:00:00,2025-09-19 00:00:00,2025-10-01 00:00:00,2025-09-22 00:00:00,2025-10-02 00:00:00,2025-09-22 00:00:00,2025-10-02 00:00:00,2025-09-25 00:00:00,,,F000121841
273,SK,K101,M2XC-3FA,30.0,36,87-405XA30,1,25101,20250916,2025-09-17 00:00:00,S405,2510,4,87,K101,,,,,2025-09-10 00:00:00,2025-09-02 00:00:00,2025-09-10 00:00:00,2025-09-05 00:00:00,2025-09-12 00:00:00,2025-09-05 00:00:00,2025-09-12 00:00:00,2025-09-05 00:00:00,2025-09-16 00:00:00,2025-09-16 00:00:00,,,F000121828
274,SK,K102,M2XC-3FA,30.0,36,87-405XA30,1,25101,20250916,2025-09-17 00:00:00,S405,2510,4,87,K102,,,,,2025-09-10 00:00:00,2025-09-02 00:00:00,2025-09-10 00:00:00,2025-09-08 00:00:00,2025-09-12 00:00:00,2025-09-15 00:00:00,2025-09-12 00:00:00,2025-09-16 00:00:00,2025-09-16 00:00:00,2025-09-16 00:00:00,,,F000121830
276,DK,D0305,M-6ER22,30.0,18,SPL-3006AA30,1,25100,20251029,2025-10-29 00:00:00,D409,2510,5,SPL,D0305,2025-10-23 00:00:00,,2025-10-23 00:00:00,,2025-10-24 00:00:00,,,,2025-10-27 00:00:00,,2025-10-28 00:00:00,,2025-10-28 00:00:00,,,,F000125838
277,DK,L051,M-LEC7BSH,38.0,20,335-409AA38,1,25118,20251112,2025-11-13 00:00:00,D409,2511,4,335,L051,2025-11-06 00:00:00,,2025-11-07 00:00:00,,2025-11-10 00:00:00,,,,2025-11-11 00:00:00,,2025-11-12 00:00:00,,2025-11-12 00:00:00,,,,F000125640
278,DK,L052,M-LEC7BSH,38.0,20,335-409AA38,1,25118,20251112,2025-11-13 00:00:00,D409,2511,4,335,L052,2025-11-06 00:00:00,,2025-11-07 00:00:00,,2025-11-10 00:00:00,,,,2025-11-11 00:00:00,,2025-11-12 00:00:00,,2025-11-12 00:00:00,,,,F000125670
279,DK,K7250,LEC/2,30.0,24,355-40930,1,25110,20251113,2025-11-13 00:00:00,D409,2511,5,355,K7250,2025-11-06 00:00:00,,2025-11-07 00:00:00,,2025-11-10 00:00:00,,,,2025-11-11 00:00:00,,2025-11-12 00:00:00,,2025-11-12 00:00:00,,,,F000124385
28,DK,K041,M-9ME22,30.0,28,478-409AA30,1,25107,20251009,2025-10-10 00:00:00,D409,2510,4,478,K041,2025-10-06 00:00:00,2025-10-03 00:00:00,2025-10-06 00:00:00,2025-10-03 00:00:00,2025-10-07 00:00:00,2025-10-06 00:00:00,,,2025-10-08 00:00:00,2025-10-06 00:00:00,2025-10-09 00:00:00,2025-10-06 00:00:00,2025-10-09 00:00:00,2025-10-07 00:00:00,,,F000123072
280,DK,L001,OD6B-M-7ES,30.0,32,478-409AA30,1,25112,20251022,2025-10-23 00:00:00,D409,2511,4,478,L001,2025-10-16 00:00:00,2025-10-08 00:00:00,2025-10-16 00:00:00,,2025-10-17 00:00:00,,,,2025-10-20 00:00:00,,2025-10-21 00:00:00,,2025-10-22 00:00:00,,,,F000123676
281,DK,L002,OD6B-M-7ES,30.0,32,478-409AA30,1,25112,20251022,2025-10-23 00:00:00,D409,2511,4,478,L002,2025-10-16 00:00:00,2025-10-09 00:00:00,2025-10-16 00:00:00,,2025-10-17 00:00:00,,,,2025-10-20 00:00:00,,2025-10-21 00:00:00,,2025-10-22 00:00:00,,,,F000123706
282,DK,L003,OD6B-M-7ES,30.0,32,478-409AA30,1,25112,20251022,2025-10-23 00:00:00,D409,2511,4,478,L003,2025-10-16 00:00:00,,2025-10-16 00:00:00,,2025-10-17 00:00:00,,,,2025-10-20 00:00:00,,2025-10-21 00:00:00,,2025-10-22 00:00:00,,,,F000123736
283,DK,L004,OD6B-M-7ES,30.0,32,478-409AA30,1,25112,20251022,2025-10-23 00:00:00,D409,2511,4,478,L004,2025-10-16 00:00:00,2025-10-09 00:00:00,2025-10-16 00:00:00,,2025-10-17 00:00:00,,,,2025-10-20 00:00:00,,2025-10-21 00:00:00,,2025-10-22 00:00:00,,,,F000123766
284,DK,L005,OD6B-M-7ES,30.0,32,478-409AA30,1,25112,20251022,2025-10-23 00:00:00,D409,2511,4,478,L005,2025-10-16 00:00:00,,2025-10-16 00:00:00,,2025-10-17 00:00:00,,,,2025-10-20 00:00:00,,2025-10-21 00:00:00,,2025-10-22 00:00:00,,,,F000123796
285,DK,L006,OD6B-M-7ES,30.0,32,478-409AA30,1,25114,20251029,2025-10-30 00:00:00,D409,2511,4,478,L006,2025-10-23 00:00:00,,2025-10-23 00:00:00,,2025-10-24 00:00:00,,,,2025-10-27 00:00:00,,2025-10-28 00:00:00,,2025-10-29 00:00:00,,,,F000124087
286,DK,L007,OD6B-M-7ES,30.0,32,478-409AA30,1,25114,20251029,2025-10-30 00:00:00,D409,2511,4,478,L007,2025-10-23 00:00:00,,2025-10-23 00:00:00,,2025-10-24 00:00:00,,,,2025-10-27 00:00:00,,2025-10-28 00:00:00,,2025-10-29 00:00:00,,,,F000124117
287,DK,L008,OD6B-M-7ES,30.0,32,478-409AA30,1,25114,20251029,2025-10-30 00:00:00,D409,2511,4,478,L008,2025-10-23 00:00:00,,2025-10-23 00:00:00,,2025-10-24 00:00:00,,,,2025-10-27 00:00:00,,2025-10-28 00:00:00,,2025-10-29 00:00:00,,,,F000124147
288,DK,L009,OD6B-M-7ES,30.0,32,478-409AA30,1,25114,20251029,2025-10-30 00:00:00,D409,2511,4,478,L009,2025-10-23 00:00:00,,2025-10-23 00:00:00,,2025-10-24 00:00:00,,,,2025-10-27 00:00:00,,2025-10-28 00:00:00,,2025-10-29 00:00:00,,,,F000124177
289,DK,L010,OD6B-M-7ES,30.0,32,478-409AA30,1,25114,20251029,2025-10-30 00:00:00,D409,2511,4,478,L010,2025-10-23 00:00:00,,2025-10-23 00:00:00,,2025-10-24 00:00:00,,,,2025-10-27 00:00:00,,2025-10-28 00:00:00,,2025-10-29 00:00:00,,,,F000124207
29,DK,K042,M-9ME22,30.0,28,478-409AA30,1,25107,20251009,2025-10-10 00:00:00,D409,2510,4,478,K042,2025-10-06 00:00:00,2025-10-03 00:00:00,2025-10-06 00:00:00,2025-10-03 00:00:00,2025-10-07 00:00:00,2025-10-06 00:00:00,,,2025-10-08 00:00:00,2025-10-06 00:00:00,2025-10-09 00:00:00,2025-10-06 00:00:00,2025-10-09 00:00:00,2025-10-07 00:00:00,,,F000123080
290,DK,L021,OD6B-M-8ERS,30.0,28,478-409AA30,1,25113,20251027,2025-10-28 00:00:00,D409,2511,4,478,L021,2025-10-22 00:00:00,,2025-10-22 00:00:00,,2025-10-23 00:00:00,,,,2025-10-24 00:00:00,,2025-10-27 00:00:00,,2025-10-27 00:00:00,,,,F000123854
291,DK,L022,OD6B-M-8ERS,30.0,28,478-409AA30,1,25113,20251027,2025-10-28 00:00:00,D409,2511,4,478,L022,2025-10-22 00:00:00,,2025-10-22 00:00:00,,2025-10-23 00:00:00,,,,2025-10-24 00:00:00,,2025-10-27 00:00:00,,2025-10-27 00:00:00,,,,F000123884
292,DK,L023,OD6B-M-8ERS,30.0,28,478-409AA30,1,25113,20251027,2025-10-28 00:00:00,D409,2511,4,478,L023,2025-10-22 00:00:00,,2025-10-22 00:00:00,,2025-10-23 00:00:00,,,,2025-10-24 00:00:00,,2025-10-27 00:00:00,,2025-10-27 00:00:00,,,,F000123914
293,DK,L024,OD6B-M-8ERS,30.0,28,478-409AA30,1,25113,20251027,2025-10-28 00:00:00,D409,2511,4,478,L024,2025-10-22 00:00:00,,2025-10-22 00:00:00,,2025-10-23 00:00:00,,,,2025-10-24 00:00:00,,2025-10-27 00:00:00,,2025-10-27 00:00:00,,,,F000123944
294,DK,L025,OD6B-M-8ERS,30.0,28,478-409AA30,1,25113,20251027,2025-10-28 00:00:00,D409,2511,4,478,L025,2025-10-22 00:00:00,,2025-10-22 00:00:00,,2025-10-23 00:00:00,,,,2025-10-24 00:00:00,,2025-10-27 00:00:00,,2025-10-27 00:00:00,,,,F000123974
295,DK,L026,OD6B-M-8ERS,30.0,28,478-409AA30,1,25115,20251104,2025-11-05 00:00:00,D409,2511,4,478,L026,2025-10-29 00:00:00,,2025-10-29 00:00:00,,2025-10-30 00:00:00,,,,2025-10-31 00:00:00,,2025-11-04 00:00:00,,2025-11-04 00:00:00,,,,F000124406
296,DK,L027,OD6B-M-8ERS,30.0,28,478-409AA30,1,25115,20251104,2025-11-05 00:00:00,D409,2511,4,478,L027,2025-10-29 00:00:00,,2025-10-29 00:00:00,,2025-10-30 00:00:00,,,,2025-10-31 00:00:00,,2025-11-04 00:00:00,,2025-11-04 00:00:00,,,,F000124436
297,DK,L028,OD6B-M-8ERS,30.0,28,478-409AA30,1,25115,20251104,2025-11-05 00:00:00,D409,2511,4,478,L028,2025-10-29 00:00:00,,2025-10-29 00:00:00,,2025-10-30 00:00:00,,,,2025-10-31 00:00:00,,2025-11-04 00:00:00,,2025-11-04 00:00:00,,,,F000124466
298,DK,L029,OD6B-M-8ERS,30.0,28,478-409AA30,1,25115,20251104,2025-11-05 00:00:00,D409,2511,4,478,L029,2025-10-29 00:00:00,,2025-10-29 00:00:00,,2025-10-30 00:00:00,,,,2025-10-31 00:00:00,,2025-11-04 00:00:00,,2025-11-04 00:00:00,,,,F000124496
299,DK,L030,OD6B-M-8ERS,30.0,28,478-409AA30,1,25115,20251104,2025-11-05 00:00:00,D409,2511,4,478,L030,2025-10-29 00:00:00,,2025-10-29 00:00:00,,2025-10-30 00:00:00,,,,2025-10-31 00:00:00,,2025-11-04 00:00:00,,2025-11-04 00:00:00,,,,F000124526
3,DK,K006,OD6B-M-8ERS,30.0,24,478-409AA30,1,25102,20250918,2025-09-19 00:00:00,D409,2510,4,478,K006,2025-09-12 00:00:00,2025-09-08 00:00:00,2025-09-12 00:00:00,2025-09-09 00:00:00,2025-09-16 00:00:00,2025-09-09 00:00:00,,,2025-09-17 00:00:00,2025-09-16 00:00:00,2025-09-18 00:00:00,2025-09-16 00:00:00,2025-09-18 00:00:00,2025-09-16 00:00:00,,,F000121926
30,DK,K043,M-9ME22,30.0,24,478-409AA30,1,25107,20251009,2025-10-10 00:00:00,D409,2510,4,478,K043,2025-10-06 00:00:00,2025-10-02 00:00:00,2025-10-06 00:00:00,2025-10-02 00:00:00,2025-10-07 00:00:00,2025-10-02 00:00:00,,,2025-10-08 00:00:00,2025-10-03 00:00:00,2025-10-09 00:00:00,2025-10-03 00:00:00,2025-10-09 00:00:00,2025-10-06 00:00:00,,,F000123088
300,DK,L037,M-9ME22,30.0,28,478-409AA30,1,25114,20251029,2025-10-30 00:00:00,D409,2511,4,478,L037,2025-10-24 00:00:00,,2025-10-24 00:00:00,,2025-10-27 00:00:00,,,,2025-10-28 00:00:00,,2025-10-29 00:00:00,,2025-10-29 00:00:00,,,,F000124231
301,DK,L038,M-9ME22,30.0,28,478-409AA30,1,25114,20251029,2025-10-30 00:00:00,D409,2511,4,478,L038,2025-10-24 00:00:00,,2025-10-24 00:00:00,,2025-10-27 00:00:00,,,,2025-10-28 00:00:00,,2025-10-29 00:00:00,,2025-10-29 00:00:00,,,,F000124255
302,DK,L039,M-9ME22,30.0,28,478-409AA30,1,25114,20251029,2025-10-30 00:00:00,D409,2511,4,478,L039,2025-10-24 00:00:00,,2025-10-24 00:00:00,,2025-10-27 00:00:00,,,,2025-10-28 00:00:00,,2025-10-29 00:00:00,,2025-10-29 00:00:00,,,,F000124279
303,DK,L040,M-9ME22,30.0,28,478-409AA30,1,25114,20251029,2025-10-30 00:00:00,D409,2511,4,478,L040,2025-10-24 00:00:00,,2025-10-24 00:00:00,,2025-10-27 00:00:00,,,,2025-10-28 00:00:00,,2025-10-29 00:00:00,,2025-10-29 00:00:00,,,,F000124303
304,DK,L041,M-9ME22,30.0,28,478-409AA30,1,25114,20251029,2025-10-30 00:00:00,D409,2511,4,478,L041,2025-10-24 00:00:00,,2025-10-24 00:00:00,,2025-10-27 00:00:00,,,,2025-10-28 00:00:00,,2025-10-29 00:00:00,,2025-10-29 00:00:00,,,,F000124327
305,DK,L042,M-9ME22,30.0,28,478-409AA30,1,25114,20251029,2025-10-30 00:00:00,D409,2511,4,478,L042,2025-10-24 00:00:00,,2025-10-24 00:00:00,,2025-10-27 00:00:00,,,,2025-10-28 00:00:00,,2025-10-29 00:00:00,,2025-10-29 00:00:00,,,,F000124351
306,DK,L043,M-9ME22,30.0,28,478-409AA30,1,25114,20251029,2025-10-30 00:00:00,D409,2511,4,478,L043,2025-10-24 00:00:00,,2025-10-24 00:00:00,,2025-10-27 00:00:00,,,,2025-10-28 00:00:00,,2025-10-29 00:00:00,,2025-10-29 00:00:00,,,,F000124375
307,DK,K7260,OD6B-M-8ERS,30.0,16,478-409AA30,1,25110,20251106,2025-11-06 00:00:00,D409,2511,5,478,K7260,2025-10-30 00:00:00,,2025-10-30 00:00:00,,2025-10-31 00:00:00,,,,2025-11-04 00:00:00,,2025-11-05 00:00:00,,2025-11-05 00:00:00,,,,F000125840
308,DK,K7261,OD6B-M-8ERS,30.0,16,478-409AA30,1,25110,20251106,2025-11-06 00:00:00,D409,2511,5,478,K7261,2025-10-30 00:00:00,,2025-10-30 00:00:00,,2025-10-31 00:00:00,,,,2025-11-04 00:00:00,,2025-11-05 00:00:00,,2025-11-05 00:00:00,,,,F000125842
309,DK,K7262,OD6B-M-8ERS,30.0,16,478-409AA30,1,25110,20251106,2025-11-06 00:00:00,D409,2511,5,478,K7262,2025-10-30 00:00:00,,2025-10-30 00:00:00,,2025-10-31 00:00:00,,,,2025-11-04 00:00:00,,2025-11-05 00:00:00,,2025-11-05 00:00:00,,,,F000125844
31,DK,K045,M-9ME22,30.0,28,478-409AA30,1,25108,20251015,2025-10-16 00:00:00,D409,2510,4,478,K045,2025-10-09 00:00:00,2025-10-07 00:00:00,2025-10-09 00:00:00,2025-10-07 00:00:00,2025-10-10 00:00:00,2025-10-07 00:00:00,,,2025-10-14 00:00:00,2025-10-07 00:00:00,2025-10-15 00:00:00,2025-10-08 00:00:00,2025-10-15 00:00:00,2025-10-08 00:00:00,,,F000123285
310,DK,K7263,OD6B-M-8ERS,30.0,16,478-409AA30,1,25110,20251106,2025-11-06 00:00:00,D409,2511,5,478,K7263,2025-10-30 00:00:00,,2025-10-30 00:00:00,,2025-10-31 00:00:00,,,,2025-11-04 00:00:00,,2025-11-05 00:00:00,,2025-11-05 00:00:00,,,,F000125846
311,DK,K7264,OD6B-M-8ERS,30.0,16,478-409AA30,1,25110,20251106,2025-11-06 00:00:00,D409,2511,5,478,K7264,2025-10-30 00:00:00,,2025-10-30 00:00:00,,2025-10-31 00:00:00,,,,2025-11-04 00:00:00,,2025-11-05 00:00:00,,2025-11-05 00:00:00,,,,F000125848
312,DK,K7265,OD6B-M-8ERS,30.0,16,478-409AA30,1,25110,20251106,2025-11-06 00:00:00,D409,2511,5,478,K7265,2025-10-30 00:00:00,,2025-10-30 00:00:00,,2025-10-31 00:00:00,,,,2025-11-04 00:00:00,,2025-11-05 00:00:00,,2025-11-05 00:00:00,,,,F000125850
313,DK,K7266,OD6B-M-8ERS,30.0,16,478-409AA30,1,25110,20251106,2025-11-06 00:00:00,D409,2511,5,478,K7266,2025-10-30 00:00:00,,2025-10-30 00:00:00,,2025-10-31 00:00:00,,,,2025-11-04 00:00:00,,2025-11-05 00:00:00,,2025-11-05 00:00:00,,,,F000125852
314,DK,K7267,OD6B-M-8ERS,30.0,16,478-409AA30,1,25110,20251106,2025-11-06 00:00:00,D409,2511,5,478,K7267,2025-10-30 00:00:00,,2025-10-30 00:00:00,,2025-10-31 00:00:00,,,,2025-11-04 00:00:00,,2025-11-05 00:00:00,,2025-11-05 00:00:00,,,,F000125854
315,DK,K7268,OD6B-M-8ERS,30.0,16,478-409AA30,1,25110,20251106,2025-11-06 00:00:00,D409,2511,5,478,K7268,2025-10-30 00:00:00,,2025-10-30 00:00:00,,2025-10-31 00:00:00,,,,2025-11-04 00:00:00,,2025-11-05 00:00:00,,2025-11-05 00:00:00,,,,F000125856
316,DK,K7269,OD6B-M-8ERS,30.0,16,478-409AA30,1,25110,20251106,2025-11-06 00:00:00,D409,2511,5,478,K7269,2025-10-30 00:00:00,,2025-10-30 00:00:00,,2025-10-31 00:00:00,,,,2025-11-04 00:00:00,,2025-11-05 00:00:00,,2025-11-05 00:00:00,,,,F000125858
317,DK,K7270,OD6B-M-8ERS,30.0,24,478-409AA30,1,25110,20251113,2025-11-13 00:00:00,D409,2511,5,478,K7270,2025-11-07 00:00:00,,2025-11-07 00:00:00,,2025-11-10 00:00:00,,,,2025-11-11 00:00:00,,2025-11-12 00:00:00,,2025-11-12 00:00:00,,,,F000125860
318,DK,K7271,OD6B-M-8ERS,30.0,24,478-409AA30,1,25110,20251113,2025-11-13 00:00:00,D409,2511,5,478,K7271,2025-11-07 00:00:00,,2025-11-07 00:00:00,,2025-11-10 00:00:00,,,,2025-11-11 00:00:00,,2025-11-12 00:00:00,,2025-11-12 00:00:00,,,,F000125862
319,DK,K7272,OD6B-M-8ERS,30.0,24,478-409AA30,1,25110,20251113,2025-11-13 00:00:00,D409,2511,5,478,K7272,2025-11-07 00:00:00,,2025-11-07 00:00:00,,2025-11-10 00:00:00,,,,2025-11-11 00:00:00,,2025-11-12 00:00:00,,2025-11-12 00:00:00,,,,F000125864
32,DK,K046,M-9ME22,30.0,28,478-409AA30,1,25108,20251015,2025-10-16 00:00:00,D409,2510,4,478,K046,2025-10-09 00:00:00,2025-10-06 00:00:00,2025-10-09 00:00:00,2025-10-07 00:00:00,2025-10-10 00:00:00,2025-10-07 00:00:00,,,2025-10-14 00:00:00,2025-10-08 00:00:00,2025-10-15 00:00:00,2025-10-08 00:00:00,2025-10-15 00:00:00,2025-10-08 00:00:00,,,F000123307
320,DK,K7273,OD6B-M-8ERS,30.0,24,478-409AA30,1,25110,20251113,2025-11-13 00:00:00,D409,2511,5,478,K7273,2025-11-07 00:00:00,,2025-11-07 00:00:00,,2025-11-10 00:00:00,,,,2025-11-11 00:00:00,,2025-11-12 00:00:00,,2025-11-12 00:00:00,,,,F000125866
321,DK,K7274,OD6B-M-8ERS,30.0,24,478-409AA30,1,25110,20251113,2025-11-13 00:00:00,D409,2511,5,478,K7274,2025-11-07 00:00:00,,2025-11-07 00:00:00,,2025-11-10 00:00:00,,,,2025-11-11 00:00:00,,2025-11-12 00:00:00,,2025-11-12 00:00:00,,,,F000125868
322,DK,K7275,OD6B-M-8ERS,30.0,24,478-409AA30,1,25110,20251113,2025-11-13 00:00:00,D409,2511,5,478,K7275,2025-11-07 00:00:00,,2025-11-07 00:00:00,,2025-11-10 00:00:00,,,,2025-11-11 00:00:00,,2025-11-12 00:00:00,,2025-11-12 00:00:00,,,,F000125870
323,DK,K7276,OD6B-M-8ERS,30.0,24,478-409AA30,1,25110,20251113,2025-11-13 00:00:00,D409,2511,5,478,K7276,2025-11-07 00:00:00,,2025-11-07 00:00:00,,2025-11-10 00:00:00,,,,2025-11-11 00:00:00,,2025-11-12 00:00:00,,2025-11-12 00:00:00,,,,F000125872
324,DK,K7277,OD6B-M-8ERS,30.0,24,478-409AA30,1,25110,20251113,2025-11-13 00:00:00,D409,2511,5,478,K7277,2025-11-07 00:00:00,,2025-11-07 00:00:00,,2025-11-10 00:00:00,,,,2025-11-11 00:00:00,,2025-11-12 00:00:00,,2025-11-12 00:00:00,,,,F000125874
325,DK,K7278,OD6B-M-8ERS,30.0,24,478-409AA30,1,25110,20251113,2025-11-13 00:00:00,D409,2511,5,478,K7278,2025-11-07 00:00:00,,2025-11-07 00:00:00,,2025-11-10 00:00:00,,,,2025-11-11 00:00:00,,2025-11-12 00:00:00,,2025-11-12 00:00:00,,,,F000125876
326,DK,K7279,OD6B-M-8ERS,30.0,24,478-409AA30,1,25110,20251113,2025-11-13 00:00:00,D409,2511,5,478,K7279,2025-11-07 00:00:00,,2025-11-07 00:00:00,,2025-11-10 00:00:00,,,,2025-11-11 00:00:00,,2025-11-12 00:00:00,,2025-11-12 00:00:00,,,,F000125878
327,DK,K7317,M-9ME22,30.0,32,478-409AA30,1,25110,20251127,2025-11-27 00:00:00,D409,2511,5,478,K7317,2025-11-19 00:00:00,,2025-11-19 00:00:00,,2025-11-20 00:00:00,,,,2025-11-21 00:00:00,,2025-11-25 00:00:00,,2025-11-26 00:00:00,,,,F000127276
328,DK,K7318,M-9ME22,30.0,32,478-409AA30,1,25110,20251127,2025-11-27 00:00:00,D409,2511,5,478,K7318,2025-11-19 00:00:00,,2025-11-19 00:00:00,,2025-11-20 00:00:00,,,,2025-11-21 00:00:00,,2025-11-25 00:00:00,,2025-11-26 00:00:00,,,,F000127278
329,DK,K7319,M-9ME22,30.0,32,478-409AA30,1,25110,20251127,2025-11-27 00:00:00,D409,2511,5,478,K7319,2025-11-19 00:00:00,,2025-11-19 00:00:00,,2025-11-20 00:00:00,,,,2025-11-21 00:00:00,,2025-11-25 00:00:00,,2025-11-26 00:00:00,,,,F000127280
33,DK,K047,M-9ME22,30.0,28,478-409AA30,1,25108,20251015,2025-10-16 00:00:00,D409,2510,4,478,K047,2025-10-09 00:00:00,2025-10-06 00:00:00,2025-10-09 00:00:00,2025-10-06 00:00:00,2025-10-10 00:00:00,2025-10-07 00:00:00,,,2025-10-14 00:00:00,2025-10-07 00:00:00,2025-10-15 00:00:00,2025-10-08 00:00:00,2025-10-15 00:00:00,2025-10-09 00:00:00,,,F000123329
330,DK,L011,OD6B-M-8MES,34.0,32,478-409AA34,1,25116,20251106,2025-11-07 00:00:00,D409,2511,4,478,L011,2025-10-30 00:00:00,,2025-10-30 00:00:00,,2025-10-31 00:00:00,,,,2025-11-04 00:00:00,,2025-11-05 00:00:00,,2025-11-06 00:00:00,,,,F000125161
331,DK,L012,OD6B-M-8MES,34.0,32,478-409AA34,1,25116,20251106,2025-11-07 00:00:00,D409,2511,4,478,L012,2025-10-30 00:00:00,,2025-10-30 00:00:00,,2025-10-31 00:00:00,,,,2025-11-04 00:00:00,,2025-11-05 00:00:00,,2025-11-06 00:00:00,,,,F000125163
332,DK,L013,OD6B-M-8MES,34.0,32,478-409AA34,1,25116,20251106,2025-11-07 00:00:00,D409,2511,4,478,L013,2025-10-30 00:00:00,,2025-10-30 00:00:00,,2025-10-31 00:00:00,,,,2025-11-04 00:00:00,,2025-11-05 00:00:00,,2025-11-06 00:00:00,,,,F000125165
333,DK,L014,OD6B-M-8MES,34.0,32,478-409AA34,1,25116,20251106,2025-11-07 00:00:00,D409,2511,4,478,L014,2025-10-30 00:00:00,,2025-10-30 00:00:00,,2025-10-31 00:00:00,,,,2025-11-04 00:00:00,,2025-11-05 00:00:00,,2025-11-06 00:00:00,,,,F000125167
334,DK,L015,OD6B-M-8MES,34.0,32,478-409AA34,1,25116,20251106,2025-11-07 00:00:00,D409,2511,4,478,L015,2025-10-30 00:00:00,,2025-10-30 00:00:00,,2025-10-31 00:00:00,,,,2025-11-04 00:00:00,,2025-11-05 00:00:00,,2025-11-06 00:00:00,,,,F000125169
335,DK,L016,OD6B-M-8MES,34.0,32,478-409AA34,1,25117,20251110,2025-11-11 00:00:00,D409,2511,4,478,L016,2025-11-04 00:00:00,,2025-11-04 00:00:00,,2025-11-05 00:00:00,,,,2025-11-06 00:00:00,,2025-11-07 00:00:00,,2025-11-10 00:00:00,,,,F000125171
336,DK,L017,OD6B-M-8MES,34.0,32,478-409AA34,1,25117,20251110,2025-11-11 00:00:00,D409,2511,4,478,L017,2025-11-04 00:00:00,,2025-11-04 00:00:00,,2025-11-05 00:00:00,,,,2025-11-06 00:00:00,,2025-11-07 00:00:00,,2025-11-10 00:00:00,,,,F000125173
337,DK,L018,OD6B-M-8MES,34.0,32,478-409AA34,1,25117,20251110,2025-11-11 00:00:00,D409,2511,4,478,L018,2025-11-04 00:00:00,,2025-11-04 00:00:00,,2025-11-05 00:00:00,,,,2025-11-06 00:00:00,,2025-11-07 00:00:00,,2025-11-10 00:00:00,,,,F000125175
338,DK,L019,OD6B-M-8MES,34.0,32,478-409AA34,1,25117,20251110,2025-11-11 00:00:00,D409,2511,4,478,L019,2025-11-04 00:00:00,,2025-11-04 00:00:00,,2025-11-05 00:00:00,,,,2025-11-06 00:00:00,,2025-11-07 00:00:00,,2025-11-10 00:00:00,,,,F000125177
339,DK,L020,OD6B-M-8MES,34.0,32,478-409AA34,1,25117,20251110,2025-11-11 00:00:00,D409,2511,4,478,L020,2025-11-04 00:00:00,,2025-11-04 00:00:00,,2025-11-05 00:00:00,,,,2025-11-06 00:00:00,,2025-11-07 00:00:00,,2025-11-10 00:00:00,,,,F000125179
34,DK,K048,M-9ME22,30.0,28,478-409AA30,1,25108,20251015,2025-10-16 00:00:00,D409,2510,4,478,K048,2025-10-09 00:00:00,2025-10-07 00:00:00,2025-10-09 00:00:00,2025-10-08 00:00:00,2025-10-10 00:00:00,2025-10-08 00:00:00,,,2025-10-14 00:00:00,2025-10-09 00:00:00,2025-10-15 00:00:00,2025-10-09 00:00:00,2025-10-15 00:00:00,2025-10-10 00:00:00,,,F000123351
340,DK,L031,OD5B-M-9ME42,34.0,22,478-409AA34,1,25111,20251020,2025-10-21 00:00:00,D409,2511,4,478,L031,2025-10-15 00:00:00,2025-10-09 00:00:00,2025-10-15 00:00:00,2025-10-09 00:00:00,2025-10-16 00:00:00,2025-10-09 00:00:00,,,2025-10-17 00:00:00,,2025-10-20 00:00:00,,2025-10-20 00:00:00,,,,F000123577
341,DK,L032,OD5B-M-9ME42,34.0,22,478-409AA34,1,25111,20251020,2025-10-21 00:00:00,D409,2511,4,478,L032,2025-10-15 00:00:00,2025-10-08 00:00:00,2025-10-15 00:00:00,2025-10-09 00:00:00,2025-10-16 00:00:00,2025-10-09 00:00:00,,,2025-10-17 00:00:00,,2025-10-20 00:00:00,,2025-10-20 00:00:00,,,,F000123600
342,DK,L033,OD5B-M-9ME42,34.0,22,478-409AA34,1,25111,20251020,2025-10-21 00:00:00,D409,2511,4,478,L033,2025-10-15 00:00:00,2025-10-07 00:00:00,2025-10-15 00:00:00,2025-10-07 00:00:00,2025-10-16 00:00:00,2025-10-08 00:00:00,,,2025-10-17 00:00:00,2025-10-08 00:00:00,2025-10-20 00:00:00,2025-10-08 00:00:00,2025-10-20 00:00:00,2025-10-10 00:00:00,,,F000123623
343,DK,L034,OD5B-M-9ME42,34.0,22,478-409AA34,1,25111,20251020,2025-10-21 00:00:00,D409,2511,4,478,L034,2025-10-15 00:00:00,2025-10-07 00:00:00,2025-10-15 00:00:00,2025-10-07 00:00:00,2025-10-16 00:00:00,2025-10-08 00:00:00,,,2025-10-17 00:00:00,2025-10-08 00:00:00,2025-10-20 00:00:00,2025-10-09 00:00:00,2025-10-20 00:00:00,2025-10-09 00:00:00,,,F000123646
344,DK,L049,OD5B-M-9ME22,34.0,28,478-409AA34,1,25118,20251112,2025-11-13 00:00:00,D409,2511,4,478,L049,2025-11-07 00:00:00,,2025-11-07 00:00:00,,2025-11-10 00:00:00,,,,2025-11-11 00:00:00,,2025-11-12 00:00:00,,2025-11-12 00:00:00,,,,F000125590
345,DK,L050,OD5B-M-9ME22,34.0,28,478-409AA34,1,25118,20251112,2025-11-13 00:00:00,D409,2511,4,478,L050,2025-11-07 00:00:00,,2025-11-07 00:00:00,,2025-11-10 00:00:00,,,,2025-11-11 00:00:00,,2025-11-12 00:00:00,,2025-11-12 00:00:00,,,,F000125613
346,DK,K7280,OD6B-M-8ERS,34.0,18,478-409AA34,1,25110,20251127,2025-11-27 00:00:00,D409,2511,5,478,K7280,2025-11-20 00:00:00,,2025-11-20 00:00:00,,2025-11-21 00:00:00,,,,2025-11-25 00:00:00,,2025-11-26 00:00:00,,2025-11-26 00:00:00,,,,F000125880
347,DK,K7281,OD6B-M-8ERS,34.0,18,478-409AA34,1,25110,20251127,2025-11-27 00:00:00,D409,2511,5,478,K7281,2025-11-20 00:00:00,,2025-11-20 00:00:00,,2025-11-21 00:00:00,,,,2025-11-25 00:00:00,,2025-11-26 00:00:00,,2025-11-26 00:00:00,,,,F000125882
348,DK,K7282,OD6B-M-8ERS,34.0,18,478-409AA34,1,25110,20251127,2025-11-27 00:00:00,D409,2511,5,478,K7282,2025-11-20 00:00:00,,2025-11-20 00:00:00,,2025-11-21 00:00:00,,,,2025-11-25 00:00:00,,2025-11-26 00:00:00,,2025-11-26 00:00:00,,,,F000125884
349,DK,K7283,OD6B-M-8ERS,34.0,18,478-409AA34,1,25110,20251127,2025-11-27 00:00:00,D409,2511,5,478,K7283,2025-11-20 00:00:00,,2025-11-20 00:00:00,,2025-11-21 00:00:00,,,,2025-11-25 00:00:00,,2025-11-26 00:00:00,,2025-11-26 00:00:00,,,,F000125886
35,DK,K7199,M-9ME22,30.0,20,478-409AA30,1,25100,20251003,2025-10-03 00:00:00,D409,2510,5,478,K7199,2025-09-29 00:00:00,2025-09-24 00:00:00,2025-09-29 00:00:00,2025-09-25 00:00:00,2025-09-30 00:00:00,2025-09-25 00:00:00,,,2025-10-01 00:00:00,2025-09-26 00:00:00,2025-10-02 00:00:00,2025-09-26 00:00:00,2025-10-02 00:00:00,2025-09-26 00:00:00,,,F000122141
588,DK,M017,OD6B-M-8ERS,30.0,28,478-409AA30,1,25125,20251201,2025-12-02 00:00:00,D409,2512,4,478,M017,2025-11-26 00:00:00,,2025-11-26 00:00:00,,2025-11-27 00:00:00,,,,2025-11-28 00:00:00,,2025-12-01 00:00:00,,2025-12-01 00:00:00,,,,F000126776
589,DK,M018,OD6B-M-8ERS,30.0,28,478-409AA30,1,25126,20251203,2025-12-04 00:00:00,D409,2512,4,478,M018,2025-11-28 00:00:00,,2025-11-28 00:00:00,,2025-12-01 00:00:00,,,,2025-12-02 00:00:00,,2025-12-03 00:00:00,,2025-12-03 00:00:00,,,,F000126806
59,DK,K7208,OD6B-M-8ERS,34.0,16,478-409AA34,1,25100,20251016,2025-10-16 00:00:00,D409,2510,5,478,K7208,2025-10-09 00:00:00,2025-10-02 00:00:00,2025-10-09 00:00:00,2025-10-03 00:00:00,2025-10-10 00:00:00,2025-10-03 00:00:00,,,2025-10-14 00:00:00,2025-10-06 00:00:00,2025-10-15 00:00:00,2025-10-06 00:00:00,2025-10-15 00:00:00,2025-10-06 00:00:00,,,F000125527
590,DK,M019,OD6B-M-8ERS,30.0,28,478-409AA30,1,25126,20251203,2025-12-04 00:00:00,D409,2512,4,478,M019,2025-11-28 00:00:00,,2025-11-28 00:00:00,,2025-12-01 00:00:00,,,,2025-12-02 00:00:00,,2025-12-03 00:00:00,,2025-12-03 00:00:00,,,,F000126836
591,DK,M020,OD6B-M-8ERS,30.0,28,478-409AA30,1,25126,20251203,2025-12-04 00:00:00,D409,2512,4,478,M020,2025-11-28 00:00:00,,2025-11-28 00:00:00,,2025-12-01 00:00:00,,,,2025-12-02 00:00:00,,2025-12-03 00:00:00,,2025-12-03 00:00:00,,,,F000126866
592,DK,M021,OD6B-M-8ERS,30.0,28,478-409AA30,1,25126,20251203,2025-12-04 00:00:00,D409,2512,4,478,M021,2025-11-28 00:00:00,,2025-11-28 00:00:00,,2025-12-01 00:00:00,,,,2025-12-02 00:00:00,,2025-12-03 00:00:00,,2025-12-03 00:00:00,,,,F000126896
593,DK,M022,OD6B-M-8ERS,30.0,28,478-409AA30,1,25126,20251203,2025-12-04 00:00:00,D409,2512,4,478,M022,2025-11-28 00:00:00,,2025-11-28 00:00:00,,2025-12-01 00:00:00,,,,2025-12-02 00:00:00,,2025-12-03 00:00:00,,2025-12-03 00:00:00,,,,F000126926
594,DK,M023,OD6B-M-7ES,30.0,32,478-409AA30,1,25124,20251126,2025-11-27 00:00:00,D409,2512,4,478,M023,2025-11-19 00:00:00,,2025-11-19 00:00:00,,2025-11-20 00:00:00,,,,2025-11-21 00:00:00,,2025-11-25 00:00:00,,2025-11-26 00:00:00,,,,F000126469
595,DK,M024,OD6B-M-7ES,30.0,32,478-409AA30,1,25124,20251126,2025-11-27 00:00:00,D409,2512,4,478,M024,2025-11-19 00:00:00,,2025-11-19 00:00:00,,2025-11-20 00:00:00,,,,2025-11-21 00:00:00,,2025-11-25 00:00:00,,2025-11-26 00:00:00,,,,F000126499
596,DK,M025,OD6B-M-7ES,30.0,32,478-409AA30,1,25124,20251126,2025-11-27 00:00:00,D409,2512,4,478,M025,2025-11-19 00:00:00,,2025-11-19 00:00:00,,2025-11-20 00:00:00,,,,2025-11-21 00:00:00,,2025-11-25 00:00:00,,2025-11-26 00:00:00,,,,F000126529
597,DK,M026,OD6B-M-7ES,30.0,32,478-409AA30,1,25124,20251126,2025-11-27 00:00:00,D409,2512,4,478,M026,2025-11-19 00:00:00,,2025-11-19 00:00:00,,2025-11-20 00:00:00,,,,2025-11-21 00:00:00,,2025-11-25 00:00:00,,2025-11-26 00:00:00,,,,F000126559
598,DK,M027,OD6B-M-7ES,30.0,32,478-409AA30,1,25124,20251126,2025-11-27 00:00:00,D409,2512,4,478,M027,2025-11-19 00:00:00,,2025-11-19 00:00:00,,2025-11-20 00:00:00,,,,2025-11-21 00:00:00,,2025-11-25 00:00:00,,2025-11-26 00:00:00,,,,F000126589
599,DK,M028,OD6B-M-7ES,30.0,32,478-409AA30,1,25127,20251208,2025-12-09 00:00:00,D409,2512,4,478,M028,2025-12-02 00:00:00,,2025-12-02 00:00:00,,2025-12-03 00:00:00,,,,2025-12-04 00:00:00,,2025-12-05 00:00:00,,2025-12-08 00:00:00,,,,F000127035
6,DK,K009,OD6B-M-8ERS,30.0,24,478-409AA30,1,25103,20250924,2025-09-25 00:00:00,D409,2510,4,478,K009,2025-09-18 00:00:00,2025-09-09 00:00:00,2025-09-18 00:00:00,2025-09-10 00:00:00,2025-09-19 00:00:00,2025-09-10 00:00:00,,,2025-09-22 00:00:00,2025-09-17 00:00:00,2025-09-24 00:00:00,2025-09-17 00:00:00,2025-09-24 00:00:00,2025-09-20 00:00:00,,,F000122162
60,DK,K7209,OD6B-M-8ERS,34.0,16,478-409AA34,1,25100,20251016,2025-10-16 00:00:00,D409,2510,5,478,K7209,2025-10-09 00:00:00,2025-10-02 00:00:00,2025-10-09 00:00:00,2025-10-02 00:00:00,2025-10-10 00:00:00,2025-10-03 00:00:00,,,2025-10-14 00:00:00,2025-10-03 00:00:00,2025-10-15 00:00:00,2025-10-06 00:00:00,2025-10-15 00:00:00,2025-10-06 00:00:00,,,F000125529
600,DK,M029,OD6B-M-7ES,30.0,32,478-409AA30,1,25127,20251208,2025-12-09 00:00:00,D409,2512,4,478,M029,2025-12-02 00:00:00,,2025-12-02 00:00:00,,2025-12-03 00:00:00,,,,2025-12-04 00:00:00,,2025-12-05 00:00:00,,2025-12-08 00:00:00,,,,F000127065
601,DK,M030,OD6B-M-7ES,30.0,32,478-409AA30,1,25127,20251208,2025-12-09 00:00:00,D409,2512,4,478,M030,2025-12-02 00:00:00,,2025-12-02 00:00:00,,2025-12-03 00:00:00,,,,2025-12-04 00:00:00,,2025-12-05 00:00:00,,2025-12-08 00:00:00,,,,F000127095
602,DK,M031,OD6B-M-7ES,30.0,32,478-409AA30,1,25127,20251208,2025-12-09 00:00:00,D409,2512,4,478,M031,2025-12-02 00:00:00,,2025-12-02 00:00:00,,2025-12-03 00:00:00,,,,2025-12-04 00:00:00,,2025-12-05 00:00:00,,2025-12-08 00:00:00,,,,F000127125
603,DK,M032,OD6B-M-7ES,30.0,32,478-409AA30,1,25127,20251208,2025-12-09 00:00:00,D409,2512,4,478,M032,2025-12-02 00:00:00,,2025-12-02 00:00:00,,2025-12-03 00:00:00,,,,2025-12-04 00:00:00,,2025-12-05 00:00:00,,2025-12-08 00:00:00,,,,F000127155
604,DK,M038,M-9ME22,30.0,32,478-409AA30,1,25121,20251114,2025-11-17 00:00:00,D409,2512,4,478,M038,2025-11-10 00:00:00,,2025-11-10 00:00:00,,2025-11-11 00:00:00,,,,2025-11-12 00:00:00,,2025-11-13 00:00:00,,2025-11-14 00:00:00,,,,F000126033
605,DK,K7285,OD6B-M-8ERS,30.0,18,478-409AA30,1,25120,20251203,2025-12-03 00:00:00,D409,2512,5,478,K7285,2025-11-27 00:00:00,,2025-11-27 00:00:00,,2025-11-28 00:00:00,,,,2025-12-01 00:00:00,,2025-12-02 00:00:00,,2025-12-02 00:00:00,,,,F000125902
606,DK,K7286,OD6B-M-8ERS,30.0,18,478-409AA30,1,25120,20251203,2025-12-03 00:00:00,D409,2512,5,478,K7286,2025-11-27 00:00:00,,2025-11-27 00:00:00,,2025-11-28 00:00:00,,,,2025-12-01 00:00:00,,2025-12-02 00:00:00,,2025-12-02 00:00:00,,,,F000125904
607,DK,K7287,OD6B-M-8ERS,30.0,18,478-409AA30,1,25120,20251203,2025-12-03 00:00:00,D409,2512,5,478,K7287,2025-11-27 00:00:00,,2025-11-27 00:00:00,,2025-11-28 00:00:00,,,,2025-12-01 00:00:00,,2025-12-02 00:00:00,,2025-12-02 00:00:00,,,,F000125906
608,DK,K7288,OD6B-M-8ERS,30.0,18,478-409AA30,1,25120,20251203,2025-12-03 00:00:00,D409,2512,5,478,K7288,2025-11-27 00:00:00,,2025-11-27 00:00:00,,2025-11-28 00:00:00,,,,2025-12-01 00:00:00,,2025-12-02 00:00:00,,2025-12-02 00:00:00,,,,F000125908
609,DK,K7289,OD6B-M-8ERS,30.0,18,478-409AA30,1,25120,20251203,2025-12-03 00:00:00,D409,2512,5,478,K7289,2025-11-27 00:00:00,,2025-11-27 00:00:00,,2025-11-28 00:00:00,,,,2025-12-01 00:00:00,,2025-12-02 00:00:00,,2025-12-02 00:00:00,,,,F000125910
61,DK,K7210,OD6B-M-8ERS,34.0,16,478-409AA34,1,25100,20251016,2025-10-16 00:00:00,D409,2510,5,478,K7210,2025-10-09 00:00:00,2025-10-02 00:00:00,2025-10-09 00:00:00,2025-10-02 00:00:00,2025-10-10 00:00:00,2025-10-03 00:00:00,,,2025-10-14 00:00:00,2025-10-03 00:00:00,2025-10-15 00:00:00,2025-10-06 00:00:00,2025-10-15 00:00:00,2025-10-07 00:00:00,,,F000125531
610,DK,K7290,OD6B-M-8ERS,30.0,18,478-409AA30,1,25120,20251203,2025-12-03 00:00:00,D409,2512,5,478,K7290,2025-11-27 00:00:00,,2025-11-27 00:00:00,,2025-11-28 00:00:00,,,,2025-12-01 00:00:00,,2025-12-02 00:00:00,,2025-12-02 00:00:00,,,,F000125912
611,DK,K7291,OD6B-M-8ERS,30.0,18,478-409AA30,1,25120,20251203,2025-12-03 00:00:00,D409,2512,5,478,K7291,2025-11-27 00:00:00,,2025-11-27 00:00:00,,2025-11-28 00:00:00,,,,2025-12-01 00:00:00,,2025-12-02 00:00:00,,2025-12-02 00:00:00,,,,F000125914
612,DK,K7292,OD6B-M-8ERS,30.0,18,478-409AA30,1,25120,20251203,2025-12-03 00:00:00,D409,2512,5,478,K7292,2025-11-27 00:00:00,,2025-11-27 00:00:00,,2025-11-28 00:00:00,,,,2025-12-01 00:00:00,,2025-12-02 00:00:00,,2025-12-02 00:00:00,,,,F000125916
613,DK,K7293,OD6B-M-8ERS,30.0,18,478-409AA30,1,25120,20251203,2025-12-03 00:00:00,D409,2512,5,478,K7293,2025-11-27 00:00:00,,2025-11-27 00:00:00,,2025-11-28 00:00:00,,,,2025-12-01 00:00:00,,2025-12-02 00:00:00,,2025-12-02 00:00:00,,,,F000125918
614,DK,K7294,OD6B-M-8ERS,30.0,18,478-409AA30,1,25120,20251203,2025-12-03 00:00:00,D409,2512,5,478,K7294,2025-11-27 00:00:00,,2025-11-27 00:00:00,,2025-11-28 00:00:00,,,,2025-12-01 00:00:00,,2025-12-02 00:00:00,,2025-12-02 00:00:00,,,,F000125920
615,DK,M036,M-9ME22,34.0,32,478-409AA34,1,25121,20251114,2025-11-17 00:00:00,D409,2512,4,478,M036,2025-11-10 00:00:00,,2025-11-10 00:00:00,,2025-11-11 00:00:00,,,,2025-11-12 00:00:00,,2025-11-13 00:00:00,,2025-11-14 00:00:00,,,,F000125989
616,DK,M037,M-9ME22,34.0,32,478-409AA34,1,25121,20251114,2025-11-17 00:00:00,D409,2512,4,478,M037,2025-11-10 00:00:00,,2025-11-10 00:00:00,,2025-11-11 00:00:00,,,,2025-11-12 00:00:00,,2025-11-13 00:00:00,,2025-11-14 00:00:00,,,,F000126011
617,DK,M039,OD5B-M-SDR,34.0,15,478-409AA34,1,25127,20251208,2025-12-09 00:00:00,D409,2512,4,478,M039,2025-12-03 00:00:00,,2025-12-03 00:00:00,,2025-12-04 00:00:00,,,,2025-12-05 00:00:00,,2025-12-08 00:00:00,,2025-12-08 00:00:00,,,,F000127593
618,DK,M040,OD5B-M-SDR,34.0,15,478-409AA34,1,25127,20251208,2025-12-09 00:00:00,D409,2512,4,478,M040,2025-12-03 00:00:00,,2025-12-03 00:00:00,,2025-12-04 00:00:00,,,,2025-12-05 00:00:00,,2025-12-08 00:00:00,,2025-12-08 00:00:00,,,,F000127616
619,DK,M041,OD5B-M-SDR,34.0,24,478-409AA34,1,25124,20251126,2025-11-27 00:00:00,D409,2512,4,478,M041,2025-11-20 00:00:00,,2025-11-20 00:00:00,,2025-11-21 00:00:00,,,,2025-11-25 00:00:00,,2025-11-26 00:00:00,,2025-11-26 00:00:00,,,,F000127353
62,DK,K7211,OD6B-M-8ERS,34.0,16,478-409AA34,1,25100,20251016,2025-10-16 00:00:00,D409,2510,5,478,K7211,2025-10-09 00:00:00,2025-10-03 00:00:00,2025-10-09 00:00:00,2025-10-03 00:00:00,2025-10-10 00:00:00,2025-10-03 00:00:00,,,2025-10-14 00:00:00,2025-10-03 00:00:00,2025-10-15 00:00:00,2025-10-06 00:00:00,2025-10-15 00:00:00,2025-10-06 00:00:00,,,F000125533
620,DK,M042,OD5B-M-SDR,34.0,24,478-409AA34,1,25124,20251126,2025-11-27 00:00:00,D409,2512,4,478,M042,2025-11-20 00:00:00,,2025-11-20 00:00:00,,2025-11-21 00:00:00,,,,2025-11-25 00:00:00,,2025-11-26 00:00:00,,2025-11-26 00:00:00,,,,F000127376
621,DK,M043,OD5B-M-SDR,34.0,24,478-409AA34,1,25124,20251126,2025-11-27 00:00:00,D409,2512,4,478,M043,2025-11-20 00:00:00,,2025-11-20 00:00:00,,2025-11-21 00:00:00,,,,2025-11-25 00:00:00,,2025-11-26 00:00:00,,2025-11-26 00:00:00,,,,F000127399
622,DK,M044,OD5B-M-SDR,34.0,24,478-409AA34,1,25125,20251201,2025-12-02 00:00:00,D409,2512,4,478,M044,2025-11-26 00:00:00,,2025-11-26 00:00:00,,2025-11-27 00:00:00,,,,2025-11-28 00:00:00,,2025-12-01 00:00:00,,2025-12-01 00:00:00,,,,F000127445
623,DK,M045,OD5B-M-SDR,34.0,24,478-409AA34,1,25125,20251201,2025-12-02 00:00:00,D409,2512,4,478,M045,2025-11-26 00:00:00,,2025-11-26 00:00:00,,2025-11-27 00:00:00,,,,2025-11-28 00:00:00,,2025-12-01 00:00:00,,2025-12-01 00:00:00,,,,F000127468
624,DK,M046,OD5B-M-SDR,34.0,24,478-409AA34,1,25125,20251201,2025-12-02 00:00:00,D409,2512,4,478,M046,2025-11-26 00:00:00,,2025-11-26 00:00:00,,2025-11-27 00:00:00,,,,2025-11-28 00:00:00,,2025-12-01 00:00:00,,2025-12-01 00:00:00,,,,F000127491
625,DK,M047,OD5B-M-SDR,34.0,24,478-409AA34,1,25127,20251208,2025-12-09 00:00:00,D409,2512,4,478,M047,2025-12-03 00:00:00,,2025-12-03 00:00:00,,2025-12-04 00:00:00,,,,2025-12-05 00:00:00,,2025-12-08 00:00:00,,2025-12-08 00:00:00,,,,F000127639
626,DK,M048,OD5B-M-SDR,34.0,24,478-409AA34,1,25127,20251208,2025-12-09 00:00:00,D409,2512,4,478,M048,2025-12-03 00:00:00,,2025-12-03 00:00:00,,2025-12-04 00:00:00,,,,2025-12-05 00:00:00,,2025-12-08 00:00:00,,2025-12-08 00:00:00,,,,F000127662
627,DK,M049,OD5B-M-SDR,34.0,24,478-409AA34,1,25127,20251208,2025-12-09 00:00:00,D409,2512,4,478,M049,2025-12-03 00:00:00,,2025-12-03 00:00:00,,2025-12-04 00:00:00,,,,2025-12-05 00:00:00,,2025-12-08 00:00:00,,2025-12-08 00:00:00,,,,F000127685
628,DK,M050,OD5B-M-SDR,34.0,24,478-409AA34,1,25127,20251208,2025-12-09 00:00:00,D409,2512,4,478,M050,2025-12-03 00:00:00,,2025-12-03 00:00:00,,2025-12-04 00:00:00,,,,2025-12-05 00:00:00,,2025-12-08 00:00:00,,2025-12-08 00:00:00,,,,F000127708
629,DK,M051,OD5B-M-SDR,34.0,24,478-409AA34,1,25128,20251210,2025-12-11 00:00:00,D409,2512,4,478,M051,2025-12-05 00:00:00,,2025-12-05 00:00:00,,2025-12-08 00:00:00,,,,2025-12-09 00:00:00,,2025-12-10 00:00:00,,2025-12-10 00:00:00,,,,F000127731
63,DK,K7212,OD6B-M-7ES,34.0,28,478-409AA34,1,25100,20251010,2025-10-10 00:00:00,D409,2510,5,478,K7212,2025-10-06 00:00:00,2025-09-26 00:00:00,2025-10-06 00:00:00,2025-09-29 00:00:00,2025-10-07 00:00:00,2025-09-29 00:00:00,,,2025-10-08 00:00:00,2025-09-30 00:00:00,2025-10-09 00:00:00,2025-09-30 00:00:00,2025-10-09 00:00:00,2025-10-01 00:00:00,,,F000122919
630,DK,M052,OD5B-M-SDR,34.0,24,478-409AA34,1,25128,20251210,2025-12-11 00:00:00,D409,2512,4,478,M052,2025-12-05 00:00:00,,2025-12-05 00:00:00,,2025-12-08 00:00:00,,,,2025-12-09 00:00:00,,2025-12-10 00:00:00,,2025-12-10 00:00:00,,,,F000127754
631,DK,M053,OD5B-M-SDR,34.0,24,478-409AA34,1,25128,20251210,2025-12-11 00:00:00,D409,2512,4,478,M053,2025-12-05 00:00:00,,2025-12-05 00:00:00,,2025-12-08 00:00:00,,,,2025-12-09 00:00:00,,2025-12-10 00:00:00,,2025-12-10 00:00:00,,,,F000127777
632,DK,M054,OD5B-M-SDR,34.0,24,478-409AA34,1,25128,20251210,2025-12-11 00:00:00,D409,2512,4,478,M054,2025-12-05 00:00:00,,2025-12-05 00:00:00,,2025-12-08 00:00:00,,,,2025-12-09 00:00:00,,2025-12-10 00:00:00,,2025-12-10 00:00:00,,,,F000127800
633,DK,M055,OD5B-M-SDR,34.0,24,478-409AA34,1,25128,20251210,2025-12-11 00:00:00,D409,2512,4,478,M055,2025-12-05 00:00:00,,2025-12-05 00:00:00,,2025-12-08 00:00:00,,,,2025-12-09 00:00:00,,2025-12-10 00:00:00,,2025-12-10 00:00:00,,,,F000127823
634,DK,M056,OD5B-M-SDR,34.0,28,478-409AA34,1,25124,20251126,2025-11-27 00:00:00,D409,2512,4,478,M056,2025-11-20 00:00:00,,2025-11-20 00:00:00,,2025-11-21 00:00:00,,,,2025-11-25 00:00:00,,2025-11-26 00:00:00,,2025-11-26 00:00:00,,,,F000127422
635,DK,M057,OD5B-M-SDR,34.0,28,478-409AA34,1,25128,20251210,2025-12-11 00:00:00,D409,2512,4,478,M057,2025-12-05 00:00:00,,2025-12-05 00:00:00,,2025-12-08 00:00:00,,,,2025-12-09 00:00:00,,2025-12-10 00:00:00,,2025-12-10 00:00:00,,,,F000127846
636,DK,M058,OD5B-M-9ME22,34.0,28,478-409AA34,1,25128,20251210,2025-12-11 00:00:00,D409,2512,4,478,M058,2025-12-05 00:00:00,,2025-12-05 00:00:00,,2025-12-08 00:00:00,,,,2025-12-09 00:00:00,,2025-12-10 00:00:00,,2025-12-10 00:00:00,,,,F000127872
637,DK,M059,OD5B-M-9ME22,34.0,28,478-409AA34,1,25128,20251210,2025-12-11 00:00:00,D409,2512,4,478,M059,2025-12-05 00:00:00,,2025-12-05 00:00:00,,2025-12-08 00:00:00,,,,2025-12-09 00:00:00,,2025-12-10 00:00:00,,2025-12-10 00:00:00,,,,F000127895
638,DK,K7295,OD6B-M-8MES,34.0,28,478-409AA34,1,25120,20251210,2025-12-10 00:00:00,D409,2512,5,478,K7295,2025-12-04 00:00:00,,2025-12-04 00:00:00,,2025-12-05 00:00:00,,,,2025-12-08 00:00:00,,2025-12-09 00:00:00,,2025-12-09 00:00:00,,,,F000125922
639,DK,K7296,OD6B-M-8MES,34.0,28,478-409AA34,1,25120,20251210,2025-12-10 00:00:00,D409,2512,5,478,K7296,2025-12-04 00:00:00,,2025-12-04 00:00:00,,2025-12-05 00:00:00,,,,2025-12-08 00:00:00,,2025-12-09 00:00:00,,2025-12-09 00:00:00,,,,F000125924
64,DK,K7213,OD6B-M-7ES,34.0,28,478-409AA34,1,25100,20251010,2025-10-10 00:00:00,D409,2510,5,478,K7213,2025-10-06 00:00:00,2025-09-24 00:00:00,2025-10-06 00:00:00,2025-09-24 00:00:00,2025-10-07 00:00:00,2025-09-25 00:00:00,,,2025-10-08 00:00:00,2025-09-25 00:00:00,2025-10-09 00:00:00,2025-09-26 00:00:00,2025-10-09 00:00:00,2025-09-26 00:00:00,,,F000122921
640,DK,K7297,OD6B-M-8MES,34.0,28,478-409AA34,1,25120,20251210,2025-12-10 00:00:00,D409,2512,5,478,K7297,2025-12-04 00:00:00,,2025-12-04 00:00:00,,2025-12-05 00:00:00,,,,2025-12-08 00:00:00,,2025-12-09 00:00:00,,2025-12-09 00:00:00,,,,F000125926
350,DK,K7284,OD6B-M-8ERS,34.0,18,478-409AA34,1,25110,20251127,2025-11-27 00:00:00,D409,2511,5,478,K7284,2025-11-20 00:00:00,,2025-11-20 00:00:00,,2025-11-21 00:00:00,,,,2025-11-25 00:00:00,,2025-11-26 00:00:00,,2025-11-26 00:00:00,,,,F000125888
351,DK,L035,M-6ER42,36.0,16,478-409AA36,1,25112,20251022,2025-10-23 00:00:00,D409,2511,4,478,L035,2025-10-17 00:00:00,2025-10-08 00:00:00,2025-10-17 00:00:00,2025-10-09 00:00:00,2025-10-20 00:00:00,2025-10-09 00:00:00,,,2025-10-21 00:00:00,,2025-10-22 00:00:00,,2025-10-22 00:00:00,,,,F000123806
352,DK,L036,M-6ER42,36.0,16,478-409AA36,1,25112,20251022,2025-10-23 00:00:00,D409,2511,4,478,L036,2025-10-17 00:00:00,2025-10-08 00:00:00,2025-10-17 00:00:00,2025-10-09 00:00:00,2025-10-20 00:00:00,2025-10-10 00:00:00,,,2025-10-21 00:00:00,,2025-10-22 00:00:00,,2025-10-22 00:00:00,,,,F000123814
353,DK,L044,M-SDR,38.0,24,478-409AA38,1,25115,20251104,2025-11-05 00:00:00,D409,2511,4,478,L044,2025-10-29 00:00:00,,2025-10-29 00:00:00,,2025-10-30 00:00:00,,,,2025-10-31 00:00:00,,2025-11-04 00:00:00,,2025-11-04 00:00:00,,,,F000125181
354,DK,L045,M-SDR,38.0,24,478-409AA38,1,25115,20251104,2025-11-05 00:00:00,D409,2511,4,478,L045,2025-10-29 00:00:00,,2025-10-29 00:00:00,,2025-10-30 00:00:00,,,,2025-10-31 00:00:00,,2025-11-04 00:00:00,,2025-11-04 00:00:00,,,,F000125189
355,DK,K7258,M-SDR,38.0,18,478-409AA38,1,25110,20251113,2025-11-13 00:00:00,D409,2511,5,478,K7258,2025-11-07 00:00:00,,2025-11-07 00:00:00,,2025-11-10 00:00:00,,,,2025-11-11 00:00:00,,2025-11-12 00:00:00,,2025-11-12 00:00:00,,,,F000125355
356,DK,K7259,M-SDR,38.0,18,478-409AA38,1,25110,20251113,2025-11-13 00:00:00,D409,2511,5,478,K7259,2025-11-07 00:00:00,,2025-11-07 00:00:00,,2025-11-10 00:00:00,,,,2025-11-11 00:00:00,,2025-11-12 00:00:00,,2025-11-12 00:00:00,,,,F000125357
357,DK,K7239,M-8ME42,30.0,36,478-409EA30,1,25110,20251106,2025-11-06 00:00:00,D409,2511,5,478,K7239,2025-10-29 00:00:00,,2025-10-29 00:00:00,,2025-10-30 00:00:00,,,,2025-10-31 00:00:00,,2025-11-04 00:00:00,,2025-11-05 00:00:00,,,,F000123822
358,DK,K7240,M-8ME42,30.0,36,478-409EA30,1,25110,20251106,2025-11-06 00:00:00,D409,2511,5,478,K7240,2025-10-29 00:00:00,,2025-10-29 00:00:00,,2025-10-30 00:00:00,,,,2025-10-31 00:00:00,,2025-11-04 00:00:00,,2025-11-05 00:00:00,,,,F000123824
359,DK,K7241,M-8ME42,30.0,36,478-409EA30,1,25110,20251106,2025-11-06 00:00:00,D409,2511,5,478,K7241,2025-10-29 00:00:00,,2025-10-29 00:00:00,,2025-10-30 00:00:00,,,,2025-10-31 00:00:00,,2025-11-04 00:00:00,,2025-11-05 00:00:00,,,,F000123826
36,DK,K7200,M-9ME22,30.0,28,478-409AA30,1,25100,20251003,2025-10-03 00:00:00,D409,2510,5,478,K7200,2025-09-29 00:00:00,2025-09-22 00:00:00,2025-09-29 00:00:00,2025-09-24 00:00:00,2025-09-30 00:00:00,2025-09-24 00:00:00,,,2025-10-01 00:00:00,2025-09-25 00:00:00,2025-10-02 00:00:00,2025-09-25 00:00:00,2025-10-02 00:00:00,2025-09-25 00:00:00,,,F000121778
360,DK,K7242,M-8ME42,30.0,36,478-409EA30,1,25110,20251106,2025-11-06 00:00:00,D409,2511,5,478,K7242,2025-10-29 00:00:00,,2025-10-29 00:00:00,,2025-10-30 00:00:00,,,,2025-10-31 00:00:00,,2025-11-04 00:00:00,,2025-11-05 00:00:00,,,,F000123828
361,DK,K7243,M-8ME42,30.0,36,478-409EA30,1,25110,20251106,2025-11-06 00:00:00,D409,2511,5,478,K7243,2025-10-29 00:00:00,,2025-10-29 00:00:00,,2025-10-30 00:00:00,,,,2025-10-31 00:00:00,,2025-11-04 00:00:00,,2025-11-05 00:00:00,,,,F000123830
362,DK,K7244,M-8ME42,30.0,36,478-409EA30,1,25110,20251111,2025-11-11 00:00:00,D409,2511,5,478,K7244,2025-11-04 00:00:00,,2025-11-04 00:00:00,,2025-11-05 00:00:00,,,,2025-11-06 00:00:00,,2025-11-07 00:00:00,,2025-11-10 00:00:00,,,,F000124057
363,DK,K7245,M-8ME42,30.0,36,478-409EA30,1,25110,20251111,2025-11-11 00:00:00,D409,2511,5,478,K7245,2025-11-04 00:00:00,,2025-11-04 00:00:00,,2025-11-05 00:00:00,,,,2025-11-06 00:00:00,,2025-11-07 00:00:00,,2025-11-10 00:00:00,,,,F000124059
364,DK,K7246,M-8ME42,30.0,36,478-409EA30,1,25110,20251111,2025-11-11 00:00:00,D409,2511,5,478,K7246,2025-11-04 00:00:00,,2025-11-04 00:00:00,,2025-11-05 00:00:00,,,,2025-11-06 00:00:00,,2025-11-07 00:00:00,,2025-11-10 00:00:00,,,,F000124061
365,DK,K7247,M-8ME42,30.0,36,478-409EA30,1,25110,20251111,2025-11-11 00:00:00,D409,2511,5,478,K7247,2025-11-04 00:00:00,,2025-11-04 00:00:00,,2025-11-05 00:00:00,,,,2025-11-06 00:00:00,,2025-11-07 00:00:00,,2025-11-10 00:00:00,,,,F000124063
366,DK,K7248,M-8ME42,30.0,36,478-409EA30,1,25110,20251111,2025-11-11 00:00:00,D409,2511,5,478,K7248,2025-11-04 00:00:00,,2025-11-04 00:00:00,,2025-11-05 00:00:00,,,,2025-11-06 00:00:00,,2025-11-07 00:00:00,,2025-11-10 00:00:00,,,,F000124065
367,DK,L048,OD6B-M-FY6S,34.0,18,5211-405AB34,1,25115,20251104,2025-11-05 00:00:00,D405,2511,4,5211,L048,2025-10-29 00:00:00,,2025-10-29 00:00:00,,2025-10-30 00:00:00,,,,2025-10-31 00:00:00,,2025-11-04 00:00:00,,2025-11-04 00:00:00,,,,F000125389
368,DK,L048,OD6B-M-FY6S,34.0,18,5211-409AA34,1,25115,20251104,2025-11-05 00:00:00,D409,2511,4,5211,L048,2025-10-29 00:00:00,,2025-10-29 00:00:00,,2025-10-30 00:00:00,,,,2025-10-31 00:00:00,,2025-11-04 00:00:00,,2025-11-04 00:00:00,,,,F000125390
369,DK,L051,M-LEC7BSH,38.0,20,5540-405AA38,1,25118,20251112,2025-11-13 00:00:00,D405,2511,4,5540,L051,2025-11-06 00:00:00,,2025-11-07 00:00:00,,2025-11-10 00:00:00,,,,2025-11-11 00:00:00,,2025-11-12 00:00:00,,2025-11-12 00:00:00,,2025-11-06 00:00:00,,F000125647
37,DK,K7227,M-6ER22,30.0,22,478-409AA30,1,25100,20251021,2025-10-21 00:00:00,D409,2510,5,478,K7227,2025-10-15 00:00:00,2025-10-08 00:00:00,2025-10-15 00:00:00,2025-10-08 00:00:00,2025-10-16 00:00:00,2025-10-08 00:00:00,,,2025-10-17 00:00:00,2025-10-09 00:00:00,2025-10-20 00:00:00,,2025-10-20 00:00:00,,,,F000122949
370,DK,L052,M-LEC7BSH,38.0,20,5540-405AA38,1,25118,20251112,2025-11-13 00:00:00,D405,2511,4,5540,L052,2025-11-06 00:00:00,,2025-11-07 00:00:00,,2025-11-10 00:00:00,,,,2025-11-11 00:00:00,,2025-11-12 00:00:00,,2025-11-12 00:00:00,,2025-11-06 00:00:00,,F000125677
371,DK,L046,M-LEC4BTFY4,34.0,18,5610-409AA34,1,25116,20251106,2025-11-07 00:00:00,D409,2511,4,5610,L046,2025-10-31 00:00:00,,2025-10-31 00:00:00,,2025-11-04 00:00:00,,,,2025-11-05 00:00:00,,2025-11-06 00:00:00,,2025-11-06 00:00:00,,,,F000125201
372,DK,L047,M-LEC4BTFY4,34.0,18,5610-409AA34,1,25116,20251106,2025-11-07 00:00:00,D409,2511,4,5610,L047,2025-10-31 00:00:00,,2025-10-31 00:00:00,,2025-11-04 00:00:00,,,,2025-11-05 00:00:00,,2025-11-06 00:00:00,,2025-11-06 00:00:00,,,,F000125214
373,DK,L046,M-LEC4BTFY4,34.0,18,6207-405AA34,1,25116,20251106,2025-11-07 00:00:00,D405,2511,4,6207,L046,2025-10-30 00:00:00,,2025-10-31 00:00:00,,2025-11-04 00:00:00,,,,2025-11-05 00:00:00,,2025-11-06 00:00:00,,2025-11-06 00:00:00,,2025-10-30 00:00:00,,F000125206
374,DK,L047,M-LEC4BTFY4,34.0,18,6207-405AA34,1,25116,20251106,2025-11-07 00:00:00,D405,2511,4,6207,L047,2025-10-30 00:00:00,,2025-10-31 00:00:00,,2025-11-04 00:00:00,,,,2025-11-05 00:00:00,,2025-11-06 00:00:00,,2025-11-06 00:00:00,,2025-10-30 00:00:00,,F000125219
375,DK,K7250,LEC/2,30.0,24,65-40530,1,25110,20251113,2025-11-13 00:00:00,D405,2511,5,65,K7250,2025-11-06 00:00:00,,2025-11-07 00:00:00,,2025-11-10 00:00:00,,,,2025-11-11 00:00:00,,2025-11-12 00:00:00,,2025-11-12 00:00:00,,2025-11-06 00:00:00,,F000124384
38,DK,K7228,M-6ER22,30.0,22,478-409AA30,1,25100,20251021,2025-10-21 00:00:00,D409,2510,5,478,K7228,2025-10-15 00:00:00,2025-10-07 00:00:00,2025-10-15 00:00:00,2025-10-08 00:00:00,2025-10-16 00:00:00,2025-10-08 00:00:00,,,2025-10-17 00:00:00,2025-10-09 00:00:00,2025-10-20 00:00:00,2025-10-09 00:00:00,2025-10-20 00:00:00,,,,F000122951
39,DK,K7229,M-6ER22,30.0,22,478-409AA30,1,25100,20251021,2025-10-21 00:00:00,D409,2510,5,478,K7229,2025-10-15 00:00:00,2025-10-06 00:00:00,2025-10-15 00:00:00,2025-10-06 00:00:00,2025-10-16 00:00:00,2025-10-07 00:00:00,,,2025-10-17 00:00:00,2025-10-07 00:00:00,2025-10-20 00:00:00,2025-10-08 00:00:00,2025-10-20 00:00:00,2025-10-08 00:00:00,,,F000122953
4,DK,K007,OD6B-M-8ERS,30.0,24,478-409AA30,1,25102,20250918,2025-09-19 00:00:00,D409,2510,4,478,K007,2025-09-12 00:00:00,2025-09-08 00:00:00,2025-09-12 00:00:00,2025-09-08 00:00:00,2025-09-16 00:00:00,2025-09-09 00:00:00,,,2025-09-17 00:00:00,2025-09-16 00:00:00,2025-09-18 00:00:00,2025-09-16 00:00:00,2025-09-18 00:00:00,2025-09-17 00:00:00,,,F000121956
40,DK,K7230,M-6ER22,30.0,22,478-409AA30,1,25100,20251021,2025-10-21 00:00:00,D409,2510,5,478,K7230,2025-10-15 00:00:00,2025-10-07 00:00:00,2025-10-15 00:00:00,2025-10-08 00:00:00,2025-10-16 00:00:00,2025-10-08 00:00:00,,,2025-10-17 00:00:00,2025-10-09 00:00:00,2025-10-20 00:00:00,2025-10-09 00:00:00,2025-10-20 00:00:00,2025-10-10 00:00:00,,,F000122955
41,DK,K7315,M-9ME22,30.0,32,478-409AA30,1,25100,20251003,2025-10-03 00:00:00,D409,2510,5,478,K7315,2025-09-26 00:00:00,2025-09-19 00:00:00,2025-09-26 00:00:00,2025-09-19 00:00:00,2025-09-29 00:00:00,2025-09-22 00:00:00,,,2025-09-30 00:00:00,2025-09-22 00:00:00,2025-10-01 00:00:00,2025-09-24 00:00:00,2025-10-02 00:00:00,2025-09-24 00:00:00,,,F000127266
42,DK,K7316,M-9ME22,30.0,32,478-409AA30,1,25100,20251003,2025-10-03 00:00:00,D409,2510,5,478,K7316,2025-09-26 00:00:00,2025-09-19 00:00:00,2025-09-26 00:00:00,2025-09-19 00:00:00,2025-09-29 00:00:00,2025-09-22 00:00:00,,,2025-09-30 00:00:00,2025-09-22 00:00:00,2025-10-01 00:00:00,2025-09-22 00:00:00,2025-10-02 00:00:00,2025-09-24 00:00:00,,,F000127268
43,DK,K024,OD6B-M-8ERS,34.0,24,478-409AA34,1,25106,20251006,2025-10-07 00:00:00,D409,2510,4,478,K024,2025-10-01 00:00:00,2025-09-22 00:00:00,2025-10-01 00:00:00,2025-09-24 00:00:00,2025-10-02 00:00:00,2025-09-24 00:00:00,,,2025-10-03 00:00:00,2025-09-25 00:00:00,2025-10-06 00:00:00,2025-09-25 00:00:00,2025-10-06 00:00:00,2025-09-26 00:00:00,,,F000122612
438,DK,L001,OD6B-M-7ES,30.0,32,78-405A30,1,25112,20251022,2025-10-23 00:00:00,D405,2511,4,78,L001,2025-10-16 00:00:00,2025-10-08 00:00:00,2025-10-16 00:00:00,2025-10-09 00:00:00,2025-10-17 00:00:00,2025-10-09 00:00:00,,,2025-10-20 00:00:00,,2025-10-21 00:00:00,,2025-10-22 00:00:00,,,,F000123658
439,DK,L002,OD6B-M-7ES,30.0,32,78-405A30,1,25112,20251022,2025-10-23 00:00:00,D405,2511,4,78,L002,2025-10-16 00:00:00,2025-10-08 00:00:00,2025-10-16 00:00:00,2025-10-09 00:00:00,2025-10-17 00:00:00,2025-10-10 00:00:00,,,2025-10-20 00:00:00,,2025-10-21 00:00:00,,2025-10-22 00:00:00,,,,F000123688
44,DK,K025,OD6B-M-8ERS,34.0,24,478-409AA34,1,25106,20251006,2025-10-07 00:00:00,D409,2510,4,478,K025,2025-10-01 00:00:00,2025-09-24 00:00:00,2025-10-01 00:00:00,2025-09-25 00:00:00,2025-10-02 00:00:00,2025-09-25 00:00:00,,,2025-10-03 00:00:00,2025-09-26 00:00:00,2025-10-06 00:00:00,2025-09-26 00:00:00,2025-10-06 00:00:00,2025-09-29 00:00:00,,,F000122642
440,DK,L003,OD6B-M-7ES,30.0,32,78-405A30,1,25112,20251022,2025-10-23 00:00:00,D405,2511,4,78,L003,2025-10-16 00:00:00,,2025-10-16 00:00:00,,2025-10-17 00:00:00,,,,2025-10-20 00:00:00,,2025-10-21 00:00:00,,2025-10-22 00:00:00,,,,F000123718
441,DK,L004,OD6B-M-7ES,30.0,32,78-405A30,1,25112,20251022,2025-10-23 00:00:00,D405,2511,4,78,L004,2025-10-16 00:00:00,2025-10-09 00:00:00,2025-10-16 00:00:00,2025-10-10 00:00:00,2025-10-17 00:00:00,,,,2025-10-20 00:00:00,,2025-10-21 00:00:00,,2025-10-22 00:00:00,,,,F000123748
442,DK,L005,OD6B-M-7ES,30.0,32,78-405A30,1,25112,20251022,2025-10-23 00:00:00,D405,2511,4,78,L005,2025-10-16 00:00:00,,2025-10-16 00:00:00,,2025-10-17 00:00:00,,,,2025-10-20 00:00:00,,2025-10-21 00:00:00,,2025-10-22 00:00:00,,,,F000123778
443,DK,L006,OD6B-M-7ES,30.0,32,78-405A30,1,25114,20251029,2025-10-30 00:00:00,D405,2511,4,78,L006,2025-10-23 00:00:00,,2025-10-23 00:00:00,,2025-10-24 00:00:00,,,,2025-10-27 00:00:00,,2025-10-28 00:00:00,,2025-10-29 00:00:00,,,,F000124069
444,DK,L007,OD6B-M-7ES,30.0,32,78-405A30,1,25114,20251029,2025-10-30 00:00:00,D405,2511,4,78,L007,2025-10-23 00:00:00,,2025-10-23 00:00:00,,2025-10-24 00:00:00,,,,2025-10-27 00:00:00,,2025-10-28 00:00:00,,2025-10-29 00:00:00,,,,F000124099
445,DK,L008,OD6B-M-7ES,30.0,32,78-405A30,1,25114,20251029,2025-10-30 00:00:00,D405,2511,4,78,L008,2025-10-23 00:00:00,,2025-10-23 00:00:00,,2025-10-24 00:00:00,,,,2025-10-27 00:00:00,,2025-10-28 00:00:00,,2025-10-29 00:00:00,,,,F000124129
446,DK,L009,OD6B-M-7ES,30.0,32,78-405A30,1,25114,20251029,2025-10-30 00:00:00,D405,2511,4,78,L009,2025-10-23 00:00:00,,2025-10-23 00:00:00,,2025-10-24 00:00:00,,,,2025-10-27 00:00:00,,2025-10-28 00:00:00,,2025-10-29 00:00:00,,,,F000124159
447,DK,L010,OD6B-M-7ES,30.0,32,78-405A30,1,25114,20251029,2025-10-30 00:00:00,D405,2511,4,78,L010,2025-10-23 00:00:00,,2025-10-23 00:00:00,,2025-10-24 00:00:00,,,,2025-10-27 00:00:00,,2025-10-28 00:00:00,,2025-10-29 00:00:00,,,,F000124189
448,DK,L021,OD6B-M-8ERS,30.0,28,78-405A30,1,25113,20251027,2025-10-28 00:00:00,D405,2511,4,78,L021,2025-10-22 00:00:00,,2025-10-22 00:00:00,,2025-10-23 00:00:00,,,,2025-10-24 00:00:00,,2025-10-27 00:00:00,,2025-10-27 00:00:00,,,,F000123837
449,DK,L022,OD6B-M-8ERS,30.0,28,78-405A30,1,25113,20251027,2025-10-28 00:00:00,D405,2511,4,78,L022,2025-10-22 00:00:00,,2025-10-22 00:00:00,,2025-10-23 00:00:00,,,,2025-10-24 00:00:00,,2025-10-27 00:00:00,,2025-10-27 00:00:00,,,,F000123867
45,DK,K026,OD6B-M-8ERS,34.0,24,478-409AA34,1,25106,20251006,2025-10-07 00:00:00,D409,2510,4,478,K026,2025-10-01 00:00:00,2025-09-25 00:00:00,2025-10-01 00:00:00,2025-09-25 00:00:00,2025-10-02 00:00:00,2025-09-26 00:00:00,,,2025-10-03 00:00:00,2025-09-26 00:00:00,2025-10-06 00:00:00,2025-09-26 00:00:00,2025-10-06 00:00:00,2025-09-29 00:00:00,,,F000122672
450,DK,L023,OD6B-M-8ERS,30.0,28,78-405A30,1,25113,20251027,2025-10-28 00:00:00,D405,2511,4,78,L023,2025-10-22 00:00:00,,2025-10-22 00:00:00,,2025-10-23 00:00:00,,,,2025-10-24 00:00:00,,2025-10-27 00:00:00,,2025-10-27 00:00:00,,,,F000123897
451,DK,L024,OD6B-M-8ERS,30.0,28,78-405A30,1,25113,20251027,2025-10-28 00:00:00,D405,2511,4,78,L024,2025-10-22 00:00:00,,2025-10-22 00:00:00,,2025-10-23 00:00:00,,,,2025-10-24 00:00:00,,2025-10-27 00:00:00,,2025-10-27 00:00:00,,,,F000123927
452,DK,L025,OD6B-M-8ERS,30.0,28,78-405A30,1,25113,20251027,2025-10-28 00:00:00,D405,2511,4,78,L025,2025-10-22 00:00:00,,2025-10-22 00:00:00,,2025-10-23 00:00:00,,,,2025-10-24 00:00:00,,2025-10-27 00:00:00,,2025-10-27 00:00:00,,,,F000123957
453,DK,L026,OD6B-M-8ERS,30.0,28,78-405A30,1,25115,20251104,2025-11-05 00:00:00,D405,2511,4,78,L026,2025-10-29 00:00:00,,2025-10-29 00:00:00,,2025-10-30 00:00:00,,,,2025-10-31 00:00:00,,2025-11-04 00:00:00,,2025-11-04 00:00:00,,,,F000124389
454,DK,L027,OD6B-M-8ERS,30.0,28,78-405A30,1,25115,20251104,2025-11-05 00:00:00,D405,2511,4,78,L027,2025-10-29 00:00:00,,2025-10-29 00:00:00,,2025-10-30 00:00:00,,,,2025-10-31 00:00:00,,2025-11-04 00:00:00,,2025-11-04 00:00:00,,,,F000124419
455,DK,L028,OD6B-M-8ERS,30.0,28,78-405A30,1,25115,20251104,2025-11-05 00:00:00,D405,2511,4,78,L028,2025-10-29 00:00:00,,2025-10-29 00:00:00,,2025-10-30 00:00:00,,,,2025-10-31 00:00:00,,2025-11-04 00:00:00,,2025-11-04 00:00:00,,,,F000124449
456,DK,L029,OD6B-M-8ERS,30.0,28,78-405A30,1,25115,20251104,2025-11-05 00:00:00,D405,2511,4,78,L029,2025-10-29 00:00:00,,2025-10-29 00:00:00,,2025-10-30 00:00:00,,,,2025-10-31 00:00:00,,2025-11-04 00:00:00,,2025-11-04 00:00:00,,,,F000124479
457,DK,L030,OD6B-M-8ERS,30.0,28,78-405A30,1,25115,20251104,2025-11-05 00:00:00,D405,2511,4,78,L030,2025-10-29 00:00:00,,2025-10-29 00:00:00,,2025-10-30 00:00:00,,,,2025-10-31 00:00:00,,2025-11-04 00:00:00,,2025-11-04 00:00:00,,,,F000124509
458,DK,L037,M-9ME22,30.0,28,78-405A30,1,25114,20251029,2025-10-30 00:00:00,D405,2511,4,78,L037,2025-10-24 00:00:00,,2025-10-24 00:00:00,,2025-10-27 00:00:00,,,,2025-10-28 00:00:00,,2025-10-29 00:00:00,,2025-10-29 00:00:00,,,,F000124219
459,DK,L038,M-9ME22,30.0,28,78-405A30,1,25114,20251029,2025-10-30 00:00:00,D405,2511,4,78,L038,2025-10-24 00:00:00,,2025-10-24 00:00:00,,2025-10-27 00:00:00,,,,2025-10-28 00:00:00,,2025-10-29 00:00:00,,2025-10-29 00:00:00,,,,F000124243
46,DK,K027,OD6B-M-8ERS,34.0,24,478-409AA34,1,25106,20251006,2025-10-07 00:00:00,D409,2510,4,478,K027,2025-10-01 00:00:00,2025-09-24 00:00:00,2025-10-01 00:00:00,2025-09-25 00:00:00,2025-10-02 00:00:00,2025-09-25 00:00:00,,,2025-10-03 00:00:00,2025-09-26 00:00:00,2025-10-06 00:00:00,2025-09-26 00:00:00,2025-10-06 00:00:00,2025-09-29 00:00:00,,,F000122702
460,DK,L039,M-9ME22,30.0,28,78-405A30,1,25114,20251029,2025-10-30 00:00:00,D405,2511,4,78,L039,2025-10-24 00:00:00,,2025-10-24 00:00:00,,2025-10-27 00:00:00,,,,2025-10-28 00:00:00,,2025-10-29 00:00:00,,2025-10-29 00:00:00,,,,F000124267
461,DK,L040,M-9ME22,30.0,28,78-405A30,1,25114,20251029,2025-10-30 00:00:00,D405,2511,4,78,L040,2025-10-24 00:00:00,,2025-10-24 00:00:00,,2025-10-27 00:00:00,,,,2025-10-28 00:00:00,,2025-10-29 00:00:00,,2025-10-29 00:00:00,,,,F000124291
462,DK,L041,M-9ME22,30.0,28,78-405A30,1,25114,20251029,2025-10-30 00:00:00,D405,2511,4,78,L041,2025-10-24 00:00:00,,2025-10-24 00:00:00,,2025-10-27 00:00:00,,,,2025-10-28 00:00:00,,2025-10-29 00:00:00,,2025-10-29 00:00:00,,,,F000124315
463,DK,L042,M-9ME22,30.0,28,78-405A30,1,25114,20251029,2025-10-30 00:00:00,D405,2511,4,78,L042,2025-10-24 00:00:00,,2025-10-24 00:00:00,,2025-10-27 00:00:00,,,,2025-10-28 00:00:00,,2025-10-29 00:00:00,,2025-10-29 00:00:00,,,,F000124339
464,DK,L043,M-9ME22,30.0,28,78-405A30,1,25114,20251029,2025-10-30 00:00:00,D405,2511,4,78,L043,2025-10-24 00:00:00,,2025-10-24 00:00:00,,2025-10-27 00:00:00,,,,2025-10-28 00:00:00,,2025-10-29 00:00:00,,2025-10-29 00:00:00,,,,F000124363
465,DK,K7260,OD6B-M-8ERS,30.0,16,78-405A30,1,25110,20251106,2025-11-06 00:00:00,D405,2511,5,78,K7260,2025-10-30 00:00:00,,2025-10-30 00:00:00,,2025-10-31 00:00:00,,,,2025-11-04 00:00:00,,2025-11-05 00:00:00,,2025-11-05 00:00:00,,,,F000125839
466,DK,K7261,OD6B-M-8ERS,30.0,16,78-405A30,1,25110,20251106,2025-11-06 00:00:00,D405,2511,5,78,K7261,2025-10-30 00:00:00,,2025-10-30 00:00:00,,2025-10-31 00:00:00,,,,2025-11-04 00:00:00,,2025-11-05 00:00:00,,2025-11-05 00:00:00,,,,F000125841
467,DK,K7262,OD6B-M-8ERS,30.0,16,78-405A30,1,25110,20251106,2025-11-06 00:00:00,D405,2511,5,78,K7262,2025-10-30 00:00:00,,2025-10-30 00:00:00,,2025-10-31 00:00:00,,,,2025-11-04 00:00:00,,2025-11-05 00:00:00,,2025-11-05 00:00:00,,,,F000125843
468,DK,K7263,OD6B-M-8ERS,30.0,16,78-405A30,1,25110,20251106,2025-11-06 00:00:00,D405,2511,5,78,K7263,2025-10-30 00:00:00,,2025-10-30 00:00:00,,2025-10-31 00:00:00,,,,2025-11-04 00:00:00,,2025-11-05 00:00:00,,2025-11-05 00:00:00,,,,F000125845
469,DK,K7264,OD6B-M-8ERS,30.0,16,78-405A30,1,25110,20251106,2025-11-06 00:00:00,D405,2511,5,78,K7264,2025-10-30 00:00:00,,2025-10-30 00:00:00,,2025-10-31 00:00:00,,,,2025-11-04 00:00:00,,2025-11-05 00:00:00,,2025-11-05 00:00:00,,,,F000125847
47,DK,K028,OD6B-M-8ERS,34.0,24,478-409AA34,1,25106,20251006,2025-10-07 00:00:00,D409,2510,4,478,K028,2025-10-01 00:00:00,2025-09-25 00:00:00,2025-10-01 00:00:00,2025-09-26 00:00:00,2025-10-02 00:00:00,2025-09-26 00:00:00,,,2025-10-03 00:00:00,2025-09-29 00:00:00,2025-10-06 00:00:00,2025-09-29 00:00:00,2025-10-06 00:00:00,2025-09-29 00:00:00,,,F000122732
470,DK,K7265,OD6B-M-8ERS,30.0,16,78-405A30,1,25110,20251106,2025-11-06 00:00:00,D405,2511,5,78,K7265,2025-10-30 00:00:00,,2025-10-30 00:00:00,,2025-10-31 00:00:00,,,,2025-11-04 00:00:00,,2025-11-05 00:00:00,,2025-11-05 00:00:00,,,,F000125849
471,DK,K7266,OD6B-M-8ERS,30.0,16,78-405A30,1,25110,20251106,2025-11-06 00:00:00,D405,2511,5,78,K7266,2025-10-30 00:00:00,,2025-10-30 00:00:00,,2025-10-31 00:00:00,,,,2025-11-04 00:00:00,,2025-11-05 00:00:00,,2025-11-05 00:00:00,,,,F000125851
472,DK,K7267,OD6B-M-8ERS,30.0,16,78-405A30,1,25110,20251106,2025-11-06 00:00:00,D405,2511,5,78,K7267,2025-10-30 00:00:00,,2025-10-30 00:00:00,,2025-10-31 00:00:00,,,,2025-11-04 00:00:00,,2025-11-05 00:00:00,,2025-11-05 00:00:00,,,,F000125853
473,DK,K7268,OD6B-M-8ERS,30.0,16,78-405A30,1,25110,20251106,2025-11-06 00:00:00,D405,2511,5,78,K7268,2025-10-30 00:00:00,,2025-10-30 00:00:00,,2025-10-31 00:00:00,,,,2025-11-04 00:00:00,,2025-11-05 00:00:00,,2025-11-05 00:00:00,,,,F000125855
474,DK,K7269,OD6B-M-8ERS,30.0,16,78-405A30,1,25110,20251106,2025-11-06 00:00:00,D405,2511,5,78,K7269,2025-10-30 00:00:00,,2025-10-30 00:00:00,,2025-10-31 00:00:00,,,,2025-11-04 00:00:00,,2025-11-05 00:00:00,,2025-11-05 00:00:00,,,,F000125857
475,DK,K7270,OD6B-M-8ERS,30.0,24,78-405A30,1,25110,20251113,2025-11-13 00:00:00,D405,2511,5,78,K7270,2025-11-07 00:00:00,,2025-11-07 00:00:00,,2025-11-10 00:00:00,,,,2025-11-11 00:00:00,,2025-11-12 00:00:00,,2025-11-12 00:00:00,,,,F000125859
476,DK,K7271,OD6B-M-8ERS,30.0,24,78-405A30,1,25110,20251113,2025-11-13 00:00:00,D405,2511,5,78,K7271,2025-11-07 00:00:00,,2025-11-07 00:00:00,,2025-11-10 00:00:00,,,,2025-11-11 00:00:00,,2025-11-12 00:00:00,,2025-11-12 00:00:00,,,,F000125861
477,DK,K7272,OD6B-M-8ERS,30.0,24,78-405A30,1,25110,20251113,2025-11-13 00:00:00,D405,2511,5,78,K7272,2025-11-07 00:00:00,,2025-11-07 00:00:00,,2025-11-10 00:00:00,,,,2025-11-11 00:00:00,,2025-11-12 00:00:00,,2025-11-12 00:00:00,,,,F000125863
478,DK,K7273,OD6B-M-8ERS,30.0,24,78-405A30,1,25110,20251113,2025-11-13 00:00:00,D405,2511,5,78,K7273,2025-11-07 00:00:00,,2025-11-07 00:00:00,,2025-11-10 00:00:00,,,,2025-11-11 00:00:00,,2025-11-12 00:00:00,,2025-11-12 00:00:00,,,,F000125865
479,DK,K7274,OD6B-M-8ERS,30.0,24,78-405A30,1,25110,20251113,2025-11-13 00:00:00,D405,2511,5,78,K7274,2025-11-07 00:00:00,,2025-11-07 00:00:00,,2025-11-10 00:00:00,,,,2025-11-11 00:00:00,,2025-11-12 00:00:00,,2025-11-12 00:00:00,,,,F000125867
48,DK,K029,OD6B-M-8ERS,34.0,24,478-409AA34,1,25107,20251009,2025-10-10 00:00:00,D409,2510,4,478,K029,2025-10-06 00:00:00,2025-09-26 00:00:00,2025-10-06 00:00:00,2025-09-26 00:00:00,2025-10-07 00:00:00,2025-09-29 00:00:00,,,2025-10-08 00:00:00,2025-09-29 00:00:00,2025-10-09 00:00:00,2025-09-29 00:00:00,2025-10-09 00:00:00,2025-09-29 00:00:00,,,F000122762
480,DK,K7275,OD6B-M-8ERS,30.0,24,78-405A30,1,25110,20251113,2025-11-13 00:00:00,D405,2511,5,78,K7275,2025-11-07 00:00:00,,2025-11-07 00:00:00,,2025-11-10 00:00:00,,,,2025-11-11 00:00:00,,2025-11-12 00:00:00,,2025-11-12 00:00:00,,,,F000125869
481,DK,K7276,OD6B-M-8ERS,30.0,24,78-405A30,1,25110,20251113,2025-11-13 00:00:00,D405,2511,5,78,K7276,2025-11-07 00:00:00,,2025-11-07 00:00:00,,2025-11-10 00:00:00,,,,2025-11-11 00:00:00,,2025-11-12 00:00:00,,2025-11-12 00:00:00,,,,F000125871
482,DK,K7277,OD6B-M-8ERS,30.0,24,78-405A30,1,25110,20251113,2025-11-13 00:00:00,D405,2511,5,78,K7277,2025-11-07 00:00:00,,2025-11-07 00:00:00,,2025-11-10 00:00:00,,,,2025-11-11 00:00:00,,2025-11-12 00:00:00,,2025-11-12 00:00:00,,,,F000125873
483,DK,K7278,OD6B-M-8ERS,30.0,24,78-405A30,1,25110,20251113,2025-11-13 00:00:00,D405,2511,5,78,K7278,2025-11-07 00:00:00,,2025-11-07 00:00:00,,2025-11-10 00:00:00,,,,2025-11-11 00:00:00,,2025-11-12 00:00:00,,2025-11-12 00:00:00,,,,F000125875
484,DK,K7279,OD6B-M-8ERS,30.0,24,78-405A30,1,25110,20251113,2025-11-13 00:00:00,D405,2511,5,78,K7279,2025-11-07 00:00:00,,2025-11-07 00:00:00,,2025-11-10 00:00:00,,,,2025-11-11 00:00:00,,2025-11-12 00:00:00,,2025-11-12 00:00:00,,,,F000125877
485,DK,K7317,M-9ME22,30.0,32,78-405A30,1,25110,20251127,2025-11-27 00:00:00,D405,2511,5,78,K7317,2025-11-19 00:00:00,,2025-11-19 00:00:00,,2025-11-20 00:00:00,,,,2025-11-21 00:00:00,,2025-11-25 00:00:00,,2025-11-26 00:00:00,,,,F000127275
486,DK,K7318,M-9ME22,30.0,32,78-405A30,1,25110,20251127,2025-11-27 00:00:00,D405,2511,5,78,K7318,2025-11-19 00:00:00,,2025-11-19 00:00:00,,2025-11-20 00:00:00,,,,2025-11-21 00:00:00,,2025-11-25 00:00:00,,2025-11-26 00:00:00,,,,F000127277
487,DK,K7319,M-9ME22,30.0,32,78-405A30,1,25110,20251127,2025-11-27 00:00:00,D405,2511,5,78,K7319,2025-11-19 00:00:00,,2025-11-19 00:00:00,,2025-11-20 00:00:00,,,,2025-11-21 00:00:00,,2025-11-25 00:00:00,,2025-11-26 00:00:00,,,,F000127279
488,DK,L011,OD6B-M-8MES,34.0,32,78-405A34,1,25116,20251106,2025-11-07 00:00:00,D405,2511,4,78,L011,2025-10-30 00:00:00,,2025-10-30 00:00:00,,2025-10-31 00:00:00,,,,2025-11-04 00:00:00,,2025-11-05 00:00:00,,2025-11-06 00:00:00,,,,F000125160
489,DK,L012,OD6B-M-8MES,34.0,32,78-405A34,1,25116,20251106,2025-11-07 00:00:00,D405,2511,4,78,L012,2025-10-30 00:00:00,,2025-10-30 00:00:00,,2025-10-31 00:00:00,,,,2025-11-04 00:00:00,,2025-11-05 00:00:00,,2025-11-06 00:00:00,,,,F000125162
49,DK,K030,OD6B-M-8ERS,34.0,24,478-409AA34,1,25107,20251009,2025-10-10 00:00:00,D409,2510,4,478,K030,2025-10-06 00:00:00,2025-10-01 00:00:00,2025-10-06 00:00:00,2025-10-01 00:00:00,2025-10-07 00:00:00,2025-10-02 00:00:00,,,2025-10-08 00:00:00,2025-10-03 00:00:00,2025-10-09 00:00:00,2025-10-03 00:00:00,2025-10-09 00:00:00,2025-10-03 00:00:00,,,F000122792
490,DK,L013,OD6B-M-8MES,34.0,32,78-405A34,1,25116,20251106,2025-11-07 00:00:00,D405,2511,4,78,L013,2025-10-30 00:00:00,,2025-10-30 00:00:00,,2025-10-31 00:00:00,,,,2025-11-04 00:00:00,,2025-11-05 00:00:00,,2025-11-06 00:00:00,,,,F000125164
491,DK,L014,OD6B-M-8MES,34.0,32,78-405A34,1,25116,20251106,2025-11-07 00:00:00,D405,2511,4,78,L014,2025-10-30 00:00:00,,2025-10-30 00:00:00,,2025-10-31 00:00:00,,,,2025-11-04 00:00:00,,2025-11-05 00:00:00,,2025-11-06 00:00:00,,,,F000125166
492,DK,L015,OD6B-M-8MES,34.0,32,78-405A34,1,25116,20251106,2025-11-07 00:00:00,D405,2511,4,78,L015,2025-10-30 00:00:00,,2025-10-30 00:00:00,,2025-10-31 00:00:00,,,,2025-11-04 00:00:00,,2025-11-05 00:00:00,,2025-11-06 00:00:00,,,,F000125168
493,DK,L016,OD6B-M-8MES,34.0,32,78-405A34,1,25117,20251110,2025-11-11 00:00:00,D405,2511,4,78,L016,2025-11-04 00:00:00,,2025-11-04 00:00:00,,2025-11-05 00:00:00,,,,2025-11-06 00:00:00,,2025-11-07 00:00:00,,2025-11-10 00:00:00,,,,F000125170
494,DK,L017,OD6B-M-8MES,34.0,32,78-405A34,1,25117,20251110,2025-11-11 00:00:00,D405,2511,4,78,L017,2025-11-04 00:00:00,,2025-11-04 00:00:00,,2025-11-05 00:00:00,,,,2025-11-06 00:00:00,,2025-11-07 00:00:00,,2025-11-10 00:00:00,,,,F000125172
495,DK,L018,OD6B-M-8MES,34.0,32,78-405A34,1,25117,20251110,2025-11-11 00:00:00,D405,2511,4,78,L018,2025-11-04 00:00:00,,2025-11-04 00:00:00,,2025-11-05 00:00:00,,,,2025-11-06 00:00:00,,2025-11-07 00:00:00,,2025-11-10 00:00:00,,,,F000125174
496,DK,L019,OD6B-M-8MES,34.0,32,78-405A34,1,25117,20251110,2025-11-11 00:00:00,D405,2511,4,78,L019,2025-11-04 00:00:00,,2025-11-04 00:00:00,,2025-11-05 00:00:00,,,,2025-11-06 00:00:00,,2025-11-07 00:00:00,,2025-11-10 00:00:00,,,,F000125176
497,DK,L020,OD6B-M-8MES,34.0,32,78-405A34,1,25117,20251110,2025-11-11 00:00:00,D405,2511,4,78,L020,2025-11-04 00:00:00,,2025-11-04 00:00:00,,2025-11-05 00:00:00,,,,2025-11-06 00:00:00,,2025-11-07 00:00:00,,2025-11-10 00:00:00,,,,F000125178
498,DK,L031,OD5B-M-9ME42,34.0,22,78-405A34,1,25111,20251020,2025-10-21 00:00:00,D405,2511,4,78,L031,2025-10-15 00:00:00,2025-10-08 00:00:00,2025-10-15 00:00:00,2025-10-09 00:00:00,2025-10-16 00:00:00,2025-10-10 00:00:00,,,2025-10-17 00:00:00,,2025-10-20 00:00:00,,2025-10-20 00:00:00,,,,F000123566
499,DK,L032,OD5B-M-9ME42,34.0,22,78-405A34,1,25111,20251020,2025-10-21 00:00:00,D405,2511,4,78,L032,2025-10-15 00:00:00,2025-10-08 00:00:00,2025-10-15 00:00:00,2025-10-09 00:00:00,2025-10-16 00:00:00,2025-10-10 00:00:00,,,2025-10-17 00:00:00,,2025-10-20 00:00:00,,2025-10-20 00:00:00,,,,F000123589
5,DK,K008,OD6B-M-8ERS,30.0,24,478-409AA30,1,25102,20250918,2025-09-19 00:00:00,D409,2510,4,478,K008,2025-09-12 00:00:00,2025-09-08 00:00:00,2025-09-12 00:00:00,2025-09-09 00:00:00,2025-09-16 00:00:00,2025-09-10 00:00:00,,,2025-09-17 00:00:00,2025-09-15 00:00:00,2025-09-18 00:00:00,2025-09-15 00:00:00,2025-09-18 00:00:00,2025-09-16 00:00:00,,,F000121986
50,DK,K031,OD6B-M-8ERS,34.0,24,478-409AA34,1,25107,20251009,2025-10-10 00:00:00,D409,2510,4,478,K031,2025-10-06 00:00:00,2025-09-29 00:00:00,2025-10-06 00:00:00,2025-09-30 00:00:00,2025-10-07 00:00:00,2025-09-30 00:00:00,,,2025-10-08 00:00:00,2025-10-01 00:00:00,2025-10-09 00:00:00,2025-10-01 00:00:00,2025-10-09 00:00:00,2025-10-02 00:00:00,,,F000122822
500,DK,L033,OD5B-M-9ME42,34.0,22,78-405A34,1,25111,20251020,2025-10-21 00:00:00,D405,2511,4,78,L033,2025-10-15 00:00:00,2025-10-06 00:00:00,2025-10-15 00:00:00,2025-10-06 00:00:00,2025-10-16 00:00:00,2025-10-06 00:00:00,,,2025-10-17 00:00:00,2025-10-07 00:00:00,2025-10-20 00:00:00,2025-10-07 00:00:00,2025-10-20 00:00:00,,,,F000123612
501,DK,L034,OD5B-M-9ME42,34.0,22,78-405A34,1,25111,20251020,2025-10-21 00:00:00,D405,2511,4,78,L034,2025-10-15 00:00:00,2025-10-03 00:00:00,2025-10-15 00:00:00,2025-10-06 00:00:00,2025-10-16 00:00:00,2025-10-06 00:00:00,,,2025-10-17 00:00:00,2025-10-07 00:00:00,2025-10-20 00:00:00,2025-10-07 00:00:00,2025-10-20 00:00:00,2025-10-08 00:00:00,,,F000123635
502,DK,L049,OD5B-M-9ME22,34.0,28,78-405A34,1,25118,20251112,2025-11-13 00:00:00,D405,2511,4,78,L049,2025-11-07 00:00:00,,2025-11-07 00:00:00,,2025-11-10 00:00:00,,,,2025-11-11 00:00:00,,2025-11-12 00:00:00,,2025-11-12 00:00:00,,,,F000125579
503,DK,L050,OD5B-M-9ME22,34.0,28,78-405A34,1,25118,20251112,2025-11-13 00:00:00,D405,2511,4,78,L050,2025-11-07 00:00:00,,2025-11-07 00:00:00,,2025-11-10 00:00:00,,,,2025-11-11 00:00:00,,2025-11-12 00:00:00,,2025-11-12 00:00:00,,,,F000125602
504,DK,K7280,OD6B-M-8ERS,34.0,18,78-405A34,1,25110,20251127,2025-11-27 00:00:00,D405,2511,5,78,K7280,2025-11-20 00:00:00,,2025-11-20 00:00:00,,2025-11-21 00:00:00,,,,2025-11-25 00:00:00,,2025-11-26 00:00:00,,2025-11-26 00:00:00,,,,F000125879
505,DK,K7281,OD6B-M-8ERS,34.0,18,78-405A34,1,25110,20251127,2025-11-27 00:00:00,D405,2511,5,78,K7281,2025-11-20 00:00:00,,2025-11-20 00:00:00,,2025-11-21 00:00:00,,,,2025-11-25 00:00:00,,2025-11-26 00:00:00,,2025-11-26 00:00:00,,,,F000125881
506,DK,K7282,OD6B-M-8ERS,34.0,18,78-405A34,1,25110,20251127,2025-11-27 00:00:00,D405,2511,5,78,K7282,2025-11-20 00:00:00,,2025-11-20 00:00:00,,2025-11-21 00:00:00,,,,2025-11-25 00:00:00,,2025-11-26 00:00:00,,2025-11-26 00:00:00,,,,F000125883
507,DK,K7283,OD6B-M-8ERS,34.0,18,78-405A34,1,25110,20251127,2025-11-27 00:00:00,D405,2511,5,78,K7283,2025-11-20 00:00:00,,2025-11-20 00:00:00,,2025-11-21 00:00:00,,,,2025-11-25 00:00:00,,2025-11-26 00:00:00,,2025-11-26 00:00:00,,,,F000125885
508,DK,K7284,OD6B-M-8ERS,34.0,18,78-405A34,1,25110,20251127,2025-11-27 00:00:00,D405,2511,5,78,K7284,2025-11-20 00:00:00,,2025-11-20 00:00:00,,2025-11-21 00:00:00,,,,2025-11-25 00:00:00,,2025-11-26 00:00:00,,2025-11-26 00:00:00,,,,F000125887
509,DK,L035,M-6ER42,36.0,16,78-405A36,1,25112,20251022,2025-10-23 00:00:00,D405,2511,4,78,L035,2025-10-17 00:00:00,,2025-10-17 00:00:00,2025-10-07 00:00:00,2025-10-20 00:00:00,2025-10-08 00:00:00,,,2025-10-21 00:00:00,2025-10-08 00:00:00,2025-10-22 00:00:00,2025-10-09 00:00:00,2025-10-22 00:00:00,2025-10-10 00:00:00,,,F000123805
51,DK,K032,OD6B-M-8ERS,34.0,24,478-409AA34,1,25107,20251009,2025-10-10 00:00:00,D409,2510,4,478,K032,2025-10-06 00:00:00,2025-09-30 00:00:00,2025-10-06 00:00:00,2025-10-01 00:00:00,2025-10-07 00:00:00,2025-10-01 00:00:00,,,2025-10-08 00:00:00,2025-10-02 00:00:00,2025-10-09 00:00:00,2025-10-02 00:00:00,2025-10-09 00:00:00,2025-10-02 00:00:00,,,F000122852
510,DK,L036,M-6ER42,36.0,16,78-405A36,1,25112,20251022,2025-10-23 00:00:00,D405,2511,4,78,L036,2025-10-17 00:00:00,2025-10-07 00:00:00,2025-10-17 00:00:00,2025-10-07 00:00:00,2025-10-20 00:00:00,2025-10-08 00:00:00,,,2025-10-21 00:00:00,2025-10-09 00:00:00,2025-10-22 00:00:00,2025-10-09 00:00:00,2025-10-22 00:00:00,,,,F000123813
511,DK,L044,M-SDR,38.0,24,78-405A38,1,25115,20251104,2025-11-05 00:00:00,D405,2511,4,78,L044,2025-10-29 00:00:00,,2025-10-29 00:00:00,,2025-10-30 00:00:00,,,,2025-10-31 00:00:00,,2025-11-04 00:00:00,,2025-11-04 00:00:00,,,,F000125180
512,DK,L045,M-SDR,38.0,24,78-405A38,1,25115,20251104,2025-11-05 00:00:00,D405,2511,4,78,L045,2025-10-29 00:00:00,,2025-10-29 00:00:00,,2025-10-30 00:00:00,,,,2025-10-31 00:00:00,,2025-11-04 00:00:00,,2025-11-04 00:00:00,,,,F000125188
513,DK,K7258,M-SDR,38.0,18,78-405A38,1,25110,20251113,2025-11-13 00:00:00,D405,2511,5,78,K7258,2025-11-07 00:00:00,,2025-11-07 00:00:00,,2025-11-10 00:00:00,,,,2025-11-11 00:00:00,,2025-11-12 00:00:00,,2025-11-12 00:00:00,,,,F000125354
514,DK,K7259,M-SDR,38.0,18,78-405A38,1,25110,20251113,2025-11-13 00:00:00,D405,2511,5,78,K7259,2025-11-07 00:00:00,,2025-11-07 00:00:00,,2025-11-10 00:00:00,,,,2025-11-11 00:00:00,,2025-11-12 00:00:00,,2025-11-12 00:00:00,,,,F000125356
515,DK,K7239,M-8ME42,30.0,36,78-405EA30,1,25110,20251106,2025-11-06 00:00:00,D405,2511,5,78,K7239,2025-10-29 00:00:00,,2025-10-29 00:00:00,,2025-10-30 00:00:00,,,,2025-10-31 00:00:00,,2025-11-04 00:00:00,,2025-11-05 00:00:00,,,,F000123821
516,DK,K7240,M-8ME42,30.0,36,78-405EA30,1,25110,20251106,2025-11-06 00:00:00,D405,2511,5,78,K7240,2025-10-29 00:00:00,,2025-10-29 00:00:00,,2025-10-30 00:00:00,,,,2025-10-31 00:00:00,,2025-11-04 00:00:00,,2025-11-05 00:00:00,,,,F000123823
517,DK,K7241,M-8ME42,30.0,36,78-405EA30,1,25110,20251106,2025-11-06 00:00:00,D405,2511,5,78,K7241,2025-10-29 00:00:00,,2025-10-29 00:00:00,,2025-10-30 00:00:00,,,,2025-10-31 00:00:00,,2025-11-04 00:00:00,,2025-11-05 00:00:00,,,,F000123825
518,DK,K7242,M-8ME42,30.0,36,78-405EA30,1,25110,20251106,2025-11-06 00:00:00,D405,2511,5,78,K7242,2025-10-29 00:00:00,,2025-10-29 00:00:00,,2025-10-30 00:00:00,,,,2025-10-31 00:00:00,,2025-11-04 00:00:00,,2025-11-05 00:00:00,,,,F000123827
519,DK,K7243,M-8ME42,30.0,36,78-405EA30,1,25110,20251106,2025-11-06 00:00:00,D405,2511,5,78,K7243,2025-10-29 00:00:00,,2025-10-29 00:00:00,,2025-10-30 00:00:00,,,,2025-10-31 00:00:00,,2025-11-04 00:00:00,,2025-11-05 00:00:00,,,,F000123829
52,DK,K033,OD6B-M-8ERS,34.0,24,478-409AA34,1,25107,20251009,2025-10-10 00:00:00,D409,2510,4,478,K033,2025-10-06 00:00:00,2025-09-30 00:00:00,2025-10-06 00:00:00,2025-10-01 00:00:00,2025-10-07 00:00:00,2025-10-01 00:00:00,,,2025-10-08 00:00:00,2025-10-02 00:00:00,2025-10-09 00:00:00,2025-10-03 00:00:00,2025-10-09 00:00:00,2025-10-03 00:00:00,,,F000122882
520,DK,K7244,M-8ME42,30.0,36,78-405EA30,1,25110,20251111,2025-11-11 00:00:00,D405,2511,5,78,K7244,2025-11-04 00:00:00,,2025-11-04 00:00:00,,2025-11-05 00:00:00,,,,2025-11-06 00:00:00,,2025-11-07 00:00:00,,2025-11-10 00:00:00,,,,F000124056
521,DK,K7245,M-8ME42,30.0,36,78-405EA30,1,25110,20251111,2025-11-11 00:00:00,D405,2511,5,78,K7245,2025-11-04 00:00:00,,2025-11-04 00:00:00,,2025-11-05 00:00:00,,,,2025-11-06 00:00:00,,2025-11-07 00:00:00,,2025-11-10 00:00:00,,,,F000124058
522,DK,K7246,M-8ME42,30.0,36,78-405EA30,1,25110,20251111,2025-11-11 00:00:00,D405,2511,5,78,K7246,2025-11-04 00:00:00,,2025-11-04 00:00:00,,2025-11-05 00:00:00,,,,2025-11-06 00:00:00,,2025-11-07 00:00:00,,2025-11-10 00:00:00,,,,F000124060
523,DK,K7247,M-8ME42,30.0,36,78-405EA30,1,25110,20251111,2025-11-11 00:00:00,D405,2511,5,78,K7247,2025-11-04 00:00:00,,2025-11-04 00:00:00,,2025-11-05 00:00:00,,,,2025-11-06 00:00:00,,2025-11-07 00:00:00,,2025-11-10 00:00:00,,,,F000124062
524,DK,K7248,M-8ME42,30.0,36,78-405EA30,1,25110,20251111,2025-11-11 00:00:00,D405,2511,5,78,K7248,2025-11-04 00:00:00,,2025-11-04 00:00:00,,2025-11-05 00:00:00,,,,2025-11-06 00:00:00,,2025-11-07 00:00:00,,2025-11-10 00:00:00,,,,F000124064
525,DK,K7249,M-8ME22,30.0,40,78-405EA30,1,25110,20251127,2025-11-27 00:00:00,D405,2511,5,78,K7249,2025-11-19 00:00:00,,2025-11-19 00:00:00,,2025-11-20 00:00:00,,,,2025-11-21 00:00:00,,2025-11-25 00:00:00,,2025-11-26 00:00:00,,,,F000124809
53,DK,K7202,OD6B-M-8ERS,34.0,18,478-409AA34,1,25100,20251003,2025-10-03 00:00:00,D409,2510,5,478,K7202,2025-09-29 00:00:00,2025-09-18 00:00:00,2025-09-29 00:00:00,2025-09-18 00:00:00,2025-09-30 00:00:00,2025-09-19 00:00:00,,,2025-10-01 00:00:00,2025-09-19 00:00:00,2025-10-02 00:00:00,2025-09-19 00:00:00,2025-10-02 00:00:00,2025-09-22 00:00:00,,,F000122899
530,SK,L117,M-SEC7BFY3,30.0,24,816-405FA30,1,25113,20251027,2025-10-28 00:00:00,S405,2511,4,816,L117,,,,,2025-10-23 00:00:00,,2025-10-23 00:00:00,,2025-10-24 00:00:00,,2025-10-27 00:00:00,,2025-10-27 00:00:00,,2025-10-22 00:00:00,,F000125228
531,SK,L119,OD6-M-SEC4CFY,30.0,24,816-405FA30,1,25117,20251110,2025-11-11 00:00:00,S405,2511,4,816,L119,,,,,2025-11-06 00:00:00,,2025-11-06 00:00:00,,2025-11-07 00:00:00,,2025-11-10 00:00:00,,2025-11-10 00:00:00,,2025-11-05 00:00:00,,F000125457
532,SK,L120,OD6-M-SEC4CFY,30.0,24,816-405FA30,1,25117,20251110,2025-11-11 00:00:00,S405,2511,4,816,L120,,,,,2025-11-06 00:00:00,,2025-11-06 00:00:00,,2025-11-07 00:00:00,,2025-11-10 00:00:00,,2025-11-10 00:00:00,,2025-11-05 00:00:00,,F000125486
533,SK,L118,M-SEC7BFY3,34.0,24,816-405FA34,1,25113,20251027,2025-10-28 00:00:00,S405,2511,4,816,L118,,,,,2025-10-23 00:00:00,,2025-10-23 00:00:00,,2025-10-24 00:00:00,,2025-10-27 00:00:00,,2025-10-27 00:00:00,,2025-10-22 00:00:00,,F000125243
534,SK,L125,M2XC-RS3.2DF,30.0,20,87-405EA30,1,25118,20251112,2025-11-13 00:00:00,S405,2511,4,87,L125,,,,,2025-11-10 00:00:00,,2025-11-10 00:00:00,,2025-11-11 00:00:00,,2025-11-12 00:00:00,,2025-11-12 00:00:00,,,,F000125682
535,SK,L126,M2XC-RS3.2DF,30.0,20,87-405EA30,1,25118,20251112,2025-11-13 00:00:00,S405,2511,4,87,L126,,,,,2025-11-10 00:00:00,,2025-11-10 00:00:00,,2025-11-11 00:00:00,,2025-11-12 00:00:00,,2025-11-12 00:00:00,,,,F000125691
536,SK,L127,M2XC-RS3.2DF,30.0,20,87-405EA30,1,25118,20251112,2025-11-13 00:00:00,S405,2511,4,87,L127,,,,,2025-11-10 00:00:00,,2025-11-10 00:00:00,,2025-11-11 00:00:00,,2025-11-12 00:00:00,,2025-11-12 00:00:00,,,,F000125700
537,SK,L128,M2XC-RS3.2DF,30.0,20,87-405EA30,1,25118,20251112,2025-11-13 00:00:00,S405,2511,4,87,L128,,,,,2025-11-10 00:00:00,,2025-11-10 00:00:00,,2025-11-11 00:00:00,,2025-11-12 00:00:00,,2025-11-12 00:00:00,,,,F000125709
538,SK,F18227,VXC-S3.2DFDRE,30.0,20,87-405EA30,1,25110,20251113,2025-11-13 00:00:00,S405,2511,6,87,F18227,,,,,2025-11-10 00:00:00,,2025-11-10 00:00:00,,2025-11-11 00:00:00,,2025-11-12 00:00:00,,2025-11-12 00:00:00,,,,F000125364
539,SK,L109,M2XC-S3.2DFDRE,32.0,20,87-405EA32,1,25113,20251027,2025-10-28 00:00:00,S405,2511,4,87,L109,,,,,2025-10-23 00:00:00,,2025-10-23 00:00:00,,2025-10-24 00:00:00,,2025-10-27 00:00:00,,2025-10-27 00:00:00,,,,F000123989
54,DK,K7203,OD6B-M-8ERS,34.0,18,478-409AA34,1,25100,20251003,2025-10-03 00:00:00,D409,2510,5,478,K7203,2025-09-29 00:00:00,2025-09-17 00:00:00,2025-09-29 00:00:00,2025-09-18 00:00:00,2025-09-30 00:00:00,2025-09-18 00:00:00,,,2025-10-01 00:00:00,2025-09-19 00:00:00,2025-10-02 00:00:00,2025-09-22 00:00:00,2025-10-02 00:00:00,2025-09-22 00:00:00,,,F000122901
540,SK,L110,M2XC-S3.2DFDRE,32.0,20,87-405EA32,1,25113,20251027,2025-10-28 00:00:00,S405,2511,4,87,L110,,,,,2025-10-23 00:00:00,,2025-10-23 00:00:00,,2025-10-24 00:00:00,,2025-10-27 00:00:00,,2025-10-27 00:00:00,,,,F000124007
541,SK,L115,MX-DFFY6,34.0,20,87-405EA34,1,25115,20251104,2025-11-05 00:00:00,S405,2511,4,87,L115,,,,,2025-10-30 00:00:00,,2025-10-30 00:00:00,,2025-10-31 00:00:00,,2025-11-04 00:00:00,,2025-11-04 00:00:00,,,,F000125403
542,SK,L116,MX-DFFY6,34.0,20,87-405EA34,1,25115,20251104,2025-11-05 00:00:00,S405,2511,4,87,L116,,,,,2025-10-30 00:00:00,,2025-10-30 00:00:00,,2025-10-31 00:00:00,,2025-11-04 00:00:00,,2025-11-04 00:00:00,,,,F000125426
543,SK,F18225,MX-RSFY6,34.0,24,87-405EA34,1,25110,20251113,2025-11-13 00:00:00,S405,2511,6,87,F18225,,,,,2025-11-10 00:00:00,,2025-11-10 00:00:00,,2025-11-11 00:00:00,,2025-11-12 00:00:00,,2025-11-12 00:00:00,,,,F000125358
544,SK,F18226,MX-RSFY6,34.0,24,87-405EA34,1,25110,20251113,2025-11-13 00:00:00,S405,2511,6,87,F18226,,,,,2025-11-10 00:00:00,,2025-11-10 00:00:00,,2025-11-11 00:00:00,,2025-11-12 00:00:00,,2025-11-12 00:00:00,,,,F000125361
545,SK,F18228,VXC-S3.2DFDRE,34.0,20,87-405EA34,1,25110,20251113,2025-11-13 00:00:00,S405,2511,6,87,F18228,,,,,2025-11-10 00:00:00,,2025-11-10 00:00:00,,2025-11-11 00:00:00,,2025-11-12 00:00:00,,2025-11-12 00:00:00,,,,F000125367
546,SK,L123,M2XC-3SD,30.0,46,87-405LA30,1,25117,20251110,2025-11-11 00:00:00,S405,2511,4,87,L123,,,,,2025-11-05 00:00:00,,2025-11-05 00:00:00,,2025-11-07 00:00:00,,2025-11-07 00:00:00,,2025-11-10 00:00:00,,,,F000125559
547,SK,L124,M2XC-3SD,30.0,46,87-405LA30,1,25117,20251110,2025-11-11 00:00:00,S405,2511,4,87,L124,,,,,2025-11-05 00:00:00,,2025-11-05 00:00:00,,2025-11-07 00:00:00,,2025-11-07 00:00:00,,2025-11-10 00:00:00,,,,F000125568
548,SK,F18223,OD4-VXC-A3,30.0,36,87-405LA30,1,25110,20251118,2025-11-18 00:00:00,S405,2511,6,87,F18223,,,,,2025-11-12 00:00:00,,2025-11-12 00:00:00,,2025-11-14 00:00:00,,2025-11-14 00:00:00,,2025-11-17 00:00:00,,,,F000125510
549,SK,F18224,OD4-VXC-A3,30.0,36,87-405LA30,1,25110,20251118,2025-11-18 00:00:00,S405,2511,6,87,F18224,,,,,2025-11-12 00:00:00,,2025-11-12 00:00:00,,2025-11-14 00:00:00,,2025-11-14 00:00:00,,2025-11-17 00:00:00,,,,F000125513
55,DK,K7204,OD6B-M-8ERS,34.0,18,478-409AA34,1,25100,20251003,2025-10-03 00:00:00,D409,2510,5,478,K7204,2025-09-29 00:00:00,2025-09-20 00:00:00,2025-09-29 00:00:00,2025-09-22 00:00:00,2025-09-30 00:00:00,2025-09-24 00:00:00,,,2025-10-01 00:00:00,2025-09-24 00:00:00,2025-10-02 00:00:00,2025-09-25 00:00:00,2025-10-02 00:00:00,2025-09-26 00:00:00,,,F000122903
550,SK,F18221,OD5-MXC-E3.2RE,30.0,40,87-405MA30,1,25110,20251118,2025-11-18 00:00:00,S405,2511,6,87,F18221,,,,,2025-11-12 00:00:00,,2025-11-12 00:00:00,,2025-11-14 00:00:00,,2025-11-14 00:00:00,,2025-11-17 00:00:00,,,,F000125504
551,SK,F18222,OD5-MXC-E3.2RE,30.0,40,87-405MA30,1,25110,20251118,2025-11-18 00:00:00,S405,2511,6,87,F18222,,,,,2025-11-12 00:00:00,,2025-11-12 00:00:00,,2025-11-14 00:00:00,,2025-11-14 00:00:00,,2025-11-17 00:00:00,,,,F000125507
552,SK,L101,OD7-M2XC-A3.2RE,32.0,28,87-405QA32,1,25111,20251020,2025-10-21 00:00:00,S405,2511,4,87,L101,,,,,2025-10-16 00:00:00,2025-10-06 00:00:00,2025-10-16 00:00:00,2025-10-07 00:00:00,2025-10-17 00:00:00,2025-10-08 00:00:00,2025-10-20 00:00:00,2025-10-08 00:00:00,2025-10-20 00:00:00,2025-10-09 00:00:00,,,F000124854
553,SK,L102,OD7-M2XC-A3.2RE,32.0,28,87-405QA32,1,25111,20251020,2025-10-21 00:00:00,S405,2511,4,87,L102,,,,,2025-10-16 00:00:00,2025-10-03 00:00:00,2025-10-16 00:00:00,2025-10-06 00:00:00,2025-10-17 00:00:00,2025-10-06 00:00:00,2025-10-20 00:00:00,2025-10-07 00:00:00,2025-10-20 00:00:00,2025-10-08 00:00:00,,,F000124878
554,SK,L103,OD7-M2XC-A3.2RE,32.0,28,87-405QA32,1,25111,20251020,2025-10-21 00:00:00,S405,2511,4,87,L103,,,,,2025-10-16 00:00:00,2025-10-06 00:00:00,2025-10-16 00:00:00,2025-10-08 00:00:00,2025-10-17 00:00:00,2025-10-08 00:00:00,2025-10-20 00:00:00,2025-10-09 00:00:00,2025-10-20 00:00:00,2025-10-09 00:00:00,,,F000124902
555,SK,L104,OD7-M2XC-A3.2RE,32.0,28,87-405QA32,1,25111,20251020,2025-10-21 00:00:00,S405,2511,4,87,L104,,,,,2025-10-16 00:00:00,2025-10-07 00:00:00,2025-10-16 00:00:00,2025-10-09 00:00:00,2025-10-17 00:00:00,,2025-10-20 00:00:00,,2025-10-20 00:00:00,,,,F000124926
556,SK,L105,OD7-M2XC-A3.2RE,32.0,28,87-405QA32,1,25112,20251022,2025-10-23 00:00:00,S405,2511,4,87,L105,,,,,2025-10-20 00:00:00,2025-10-06 00:00:00,2025-10-20 00:00:00,,2025-10-21 00:00:00,,2025-10-22 00:00:00,,2025-10-22 00:00:00,,,,F000124978
557,SK,L106,OD7-M2XC-A3.2RE,32.0,28,87-405QA32,1,25112,20251022,2025-10-23 00:00:00,S405,2511,4,87,L106,,,,,2025-10-20 00:00:00,2025-10-08 00:00:00,2025-10-20 00:00:00,2025-10-10 00:00:00,2025-10-21 00:00:00,,2025-10-22 00:00:00,,2025-10-22 00:00:00,,,,F000125002
558,SK,L107,OD7-M2XC-A3.2RE,32.0,28,87-405QA32,1,25112,20251022,2025-10-23 00:00:00,S405,2511,4,87,L107,,,,,2025-10-20 00:00:00,2025-10-09 00:00:00,2025-10-20 00:00:00,2025-10-10 00:00:00,2025-10-21 00:00:00,,2025-10-22 00:00:00,,2025-10-22 00:00:00,,,,F000125026
559,SK,L108,OD7-M2XC-A3.2RE,32.0,28,87-405QA32,1,25112,20251022,2025-10-23 00:00:00,S405,2511,4,87,L108,,,,,2025-10-20 00:00:00,,2025-10-20 00:00:00,,2025-10-21 00:00:00,,2025-10-22 00:00:00,,2025-10-22 00:00:00,,,,F000125050
56,DK,K7205,OD6B-M-8ERS,34.0,18,478-409AA34,1,25100,20251003,2025-10-03 00:00:00,D409,2510,5,478,K7205,2025-09-29 00:00:00,2025-09-20 00:00:00,2025-09-29 00:00:00,2025-09-22 00:00:00,2025-09-30 00:00:00,2025-09-22 00:00:00,,,2025-10-01 00:00:00,2025-09-24 00:00:00,2025-10-02 00:00:00,2025-09-24 00:00:00,2025-10-02 00:00:00,2025-09-24 00:00:00,,,F000122905
560,SK,L113,OD7-M2XC-A3.2RE,32.0,28,87-405QA32,1,25113,20251027,2025-10-28 00:00:00,S405,2511,4,87,L113,,,,,2025-10-23 00:00:00,,2025-10-23 00:00:00,,2025-10-24 00:00:00,,2025-10-27 00:00:00,,2025-10-27 00:00:00,,,,F000125122
561,SK,L114,OD7-M2XC-A3.2RE,32.0,28,87-405QA32,1,25113,20251027,2025-10-28 00:00:00,S405,2511,4,87,L114,,,,,2025-10-23 00:00:00,,2025-10-23 00:00:00,,2025-10-24 00:00:00,,2025-10-27 00:00:00,,2025-10-27 00:00:00,,,,F000125146
562,SK,F18220,OD7-M2XC-A3.2RE,32.0,20,87-405QA32,1,25110,20251106,2025-11-06 00:00:00,S405,2511,6,87,F18220,,,,,2025-10-31 00:00:00,,2025-10-31 00:00:00,,2025-11-04 00:00:00,,2025-11-05 00:00:00,,2025-11-05 00:00:00,,,,F000125109
563,SK,L121,OD7-M2XC-A3.2RE,34.0,28,87-405QA34,1,25116,20251106,2025-11-07 00:00:00,S405,2511,4,87,L121,,,,,2025-11-04 00:00:00,2025-10-07 00:00:00,2025-11-04 00:00:00,2025-10-08 00:00:00,2025-11-05 00:00:00,2025-10-09 00:00:00,2025-11-06 00:00:00,,2025-11-06 00:00:00,,,,F000125540
564,SK,L122,OD7-M2XC-A3.2RE,34.0,28,87-405QA34,1,25116,20251106,2025-11-07 00:00:00,S405,2511,4,87,L122,,,,,2025-11-04 00:00:00,2025-10-08 00:00:00,2025-11-04 00:00:00,2025-10-09 00:00:00,2025-11-05 00:00:00,,2025-11-06 00:00:00,,2025-11-06 00:00:00,,,,F000125549
569,DK,K7249,M-8ME22,30.0,40,SPL-3008AA30,1,25110,20251127,2025-11-27 00:00:00,D409,2511,5,SPL,K7249,2025-11-19 00:00:00,,2025-11-19 00:00:00,,2025-11-20 00:00:00,,,,2025-11-21 00:00:00,,2025-11-25 00:00:00,,2025-11-26 00:00:00,,,,F000124810
57,DK,K7206,OD6B-M-8ERS,34.0,18,478-409AA34,1,25100,20251003,2025-10-03 00:00:00,D409,2510,5,478,K7206,2025-09-29 00:00:00,2025-09-20 00:00:00,2025-09-29 00:00:00,2025-09-22 00:00:00,2025-09-30 00:00:00,2025-09-24 00:00:00,,,2025-10-01 00:00:00,2025-09-24 00:00:00,2025-10-02 00:00:00,2025-09-24 00:00:00,2025-10-02 00:00:00,2025-09-25 00:00:00,,,F000122907
570,DK,K7310,M-ER22A,26.0,28,259-405A26,1,25120,20251203,2025-12-03 00:00:00,D405,2512,5,259,K7310,2025-11-27 00:00:00,,2025-11-27 00:00:00,,2025-11-28 00:00:00,,,,2025-12-01 00:00:00,,2025-12-02 00:00:00,,2025-12-02 00:00:00,,,,F000125889
571,DK,M035,M-LEC7BS,34.0,36,274-405BA34,1,25121,20251114,2025-11-17 00:00:00,D405,2512,4,274,M035,2025-11-07 00:00:00,,2025-11-10 00:00:00,,2025-11-11 00:00:00,,,,2025-11-12 00:00:00,,2025-11-13 00:00:00,,2025-11-14 00:00:00,,2025-11-07 00:00:00,,F000125965
572,DK,M035,M-LEC7BS,34.0,36,335-409EA34,1,25121,20251114,2025-11-17 00:00:00,D409,2512,4,335,M035,2025-11-07 00:00:00,,2025-11-10 00:00:00,,2025-11-11 00:00:00,,,,2025-11-12 00:00:00,,2025-11-13 00:00:00,,2025-11-14 00:00:00,,,,F000127177
573,SK,M101,M-SECPJJ,34.0,28,3557-409AA34,1,25122,20251118,2025-11-19 00:00:00,S409,2512,4,3557,M101,,,,,2025-11-14 00:00:00,,2025-11-14 00:00:00,,2025-11-17 00:00:00,,2025-11-18 00:00:00,,2025-11-18 00:00:00,,,,F000126204
574,DK,M003,OD6B-M-8ERS,30.0,28,478-409AA30,1,25122,20251118,2025-11-19 00:00:00,D409,2512,4,478,M003,2025-11-13 00:00:00,,2025-11-13 00:00:00,,2025-11-14 00:00:00,,,,2025-11-17 00:00:00,,2025-11-18 00:00:00,,2025-11-18 00:00:00,,,,F000126062
575,DK,M004,OD6B-M-8ERS,30.0,28,478-409AA30,1,25122,20251118,2025-11-19 00:00:00,D409,2512,4,478,M004,2025-11-13 00:00:00,,2025-11-13 00:00:00,,2025-11-14 00:00:00,,,,2025-11-17 00:00:00,,2025-11-18 00:00:00,,2025-11-18 00:00:00,,,,F000126092
576,DK,M005,OD6B-M-8ERS,30.0,28,478-409AA30,1,25122,20251118,2025-11-19 00:00:00,D409,2512,4,478,M005,2025-11-13 00:00:00,,2025-11-13 00:00:00,,2025-11-14 00:00:00,,,,2025-11-17 00:00:00,,2025-11-18 00:00:00,,2025-11-18 00:00:00,,,,F000126122
577,DK,M006,OD6B-M-8ERS,30.0,28,478-409AA30,1,25122,20251118,2025-11-19 00:00:00,D409,2512,4,478,M006,2025-11-13 00:00:00,,2025-11-13 00:00:00,,2025-11-14 00:00:00,,,,2025-11-17 00:00:00,,2025-11-18 00:00:00,,2025-11-18 00:00:00,,,,F000126152
578,DK,M007,OD6B-M-8ERS,30.0,28,478-409AA30,1,25122,20251118,2025-11-19 00:00:00,D409,2512,4,478,M007,2025-11-13 00:00:00,,2025-11-13 00:00:00,,2025-11-14 00:00:00,,,,2025-11-17 00:00:00,,2025-11-18 00:00:00,,2025-11-18 00:00:00,,,,F000126182
579,DK,M008,OD6B-M-8ERS,30.0,28,478-409AA30,1,25123,20251121,2025-11-25 00:00:00,D409,2512,4,478,M008,2025-11-18 00:00:00,,2025-11-18 00:00:00,,2025-11-19 00:00:00,,,,2025-11-20 00:00:00,,2025-11-21 00:00:00,,2025-11-21 00:00:00,,,,F000126231
58,DK,K7207,OD6B-M-8ERS,34.0,16,478-409AA34,1,25100,20251016,2025-10-16 00:00:00,D409,2510,5,478,K7207,2025-10-09 00:00:00,2025-10-03 00:00:00,2025-10-09 00:00:00,2025-10-03 00:00:00,2025-10-10 00:00:00,2025-10-06 00:00:00,,,2025-10-14 00:00:00,2025-10-06 00:00:00,2025-10-15 00:00:00,2025-10-07 00:00:00,2025-10-15 00:00:00,2025-10-07 00:00:00,,,F000125525
580,DK,M009,OD6B-M-8ERS,30.0,28,478-409AA30,1,25123,20251121,2025-11-25 00:00:00,D409,2512,4,478,M009,2025-11-18 00:00:00,,2025-11-18 00:00:00,,2025-11-19 00:00:00,,,,2025-11-20 00:00:00,,2025-11-21 00:00:00,,2025-11-21 00:00:00,,,,F000126261
581,DK,M010,OD6B-M-8ERS,30.0,28,478-409AA30,1,25123,20251121,2025-11-25 00:00:00,D409,2512,4,478,M010,2025-11-18 00:00:00,,2025-11-18 00:00:00,,2025-11-19 00:00:00,,,,2025-11-20 00:00:00,,2025-11-21 00:00:00,,2025-11-21 00:00:00,,,,F000126291
582,DK,M011,OD6B-M-8ERS,30.0,28,478-409AA30,1,25123,20251121,2025-11-25 00:00:00,D409,2512,4,478,M011,2025-11-18 00:00:00,,2025-11-18 00:00:00,,2025-11-19 00:00:00,,,,2025-11-20 00:00:00,,2025-11-21 00:00:00,,2025-11-21 00:00:00,,,,F000126321
583,DK,M012,OD6B-M-8ERS,30.0,28,478-409AA30,1,25123,20251121,2025-11-25 00:00:00,D409,2512,4,478,M012,2025-11-18 00:00:00,,2025-11-18 00:00:00,,2025-11-19 00:00:00,,,,2025-11-20 00:00:00,,2025-11-21 00:00:00,,2025-11-21 00:00:00,,,,F000126351
584,DK,M013,OD6B-M-8ERS,30.0,28,478-409AA30,1,25125,20251201,2025-12-02 00:00:00,D409,2512,4,478,M013,2025-11-26 00:00:00,,2025-11-26 00:00:00,,2025-11-27 00:00:00,,,,2025-11-28 00:00:00,,2025-12-01 00:00:00,,2025-12-01 00:00:00,,,,F000126656
585,DK,M014,OD6B-M-8ERS,30.0,28,478-409AA30,1,25125,20251201,2025-12-02 00:00:00,D409,2512,4,478,M014,2025-11-26 00:00:00,,2025-11-26 00:00:00,,2025-11-27 00:00:00,,,,2025-11-28 00:00:00,,2025-12-01 00:00:00,,2025-12-01 00:00:00,,,,F000126686
586,DK,M015,OD6B-M-8ERS,30.0,28,478-409AA30,1,25125,20251201,2025-12-02 00:00:00,D409,2512,4,478,M015,2025-11-26 00:00:00,,2025-11-26 00:00:00,,2025-11-27 00:00:00,,,,2025-11-28 00:00:00,,2025-12-01 00:00:00,,2025-12-01 00:00:00,,,,F000126716
587,DK,M016,OD6B-M-8ERS,30.0,28,478-409AA30,1,25125,20251201,2025-12-02 00:00:00,D409,2512,4,478,M016,2025-11-26 00:00:00,,2025-11-26 00:00:00,,2025-11-27 00:00:00,,,,2025-11-28 00:00:00,,2025-12-01 00:00:00,,2025-12-01 00:00:00,,,,F000126746
641,DK,K7298,OD6B-M-8MES,34.0,28,478-409AA34,1,25120,20251210,2025-12-10 00:00:00,D409,2512,5,478,K7298,2025-12-04 00:00:00,,2025-12-04 00:00:00,,2025-12-05 00:00:00,,,,2025-12-08 00:00:00,,2025-12-09 00:00:00,,2025-12-09 00:00:00,,,,F000125928
642,DK,K7299,OD6B-M-8MES,34.0,28,478-409AA34,1,25120,20251210,2025-12-10 00:00:00,D409,2512,5,478,K7299,2025-12-04 00:00:00,,2025-12-04 00:00:00,,2025-12-05 00:00:00,,,,2025-12-08 00:00:00,,2025-12-09 00:00:00,,2025-12-09 00:00:00,,,,F000125930
643,DK,K7300,OD6B-M-8MES,34.0,28,478-409AA34,1,25120,20251210,2025-12-10 00:00:00,D409,2512,5,478,K7300,2025-12-04 00:00:00,,2025-12-04 00:00:00,,2025-12-05 00:00:00,,,,2025-12-08 00:00:00,,2025-12-09 00:00:00,,2025-12-09 00:00:00,,,,F000125932
644,DK,K7301,OD6B-M-8MES,34.0,28,478-409AA34,1,25120,20251210,2025-12-10 00:00:00,D409,2512,5,478,K7301,2025-12-04 00:00:00,,2025-12-04 00:00:00,,2025-12-05 00:00:00,,,,2025-12-08 00:00:00,,2025-12-09 00:00:00,,2025-12-09 00:00:00,,,,F000125934
645,DK,K7302,OD6B-M-8MES,34.0,28,478-409AA34,1,25120,20251210,2025-12-10 00:00:00,D409,2512,5,478,K7302,2025-12-04 00:00:00,,2025-12-04 00:00:00,,2025-12-05 00:00:00,,,,2025-12-08 00:00:00,,2025-12-09 00:00:00,,2025-12-09 00:00:00,,,,F000125936
646,DK,K7303,OD6B-M-8MES,34.0,28,478-409AA34,1,25120,20251210,2025-12-10 00:00:00,D409,2512,5,478,K7303,2025-12-04 00:00:00,,2025-12-04 00:00:00,,2025-12-05 00:00:00,,,,2025-12-08 00:00:00,,2025-12-09 00:00:00,,2025-12-09 00:00:00,,,,F000125938
647,DK,K7304,OD6B-M-8MES,34.0,28,478-409AA34,1,25120,20251210,2025-12-10 00:00:00,D409,2512,5,478,K7304,2025-12-04 00:00:00,,2025-12-04 00:00:00,,2025-12-05 00:00:00,,,,2025-12-08 00:00:00,,2025-12-09 00:00:00,,2025-12-09 00:00:00,,,,F000125940
648,DK,K7305,OD6B-M-8MES,34.0,28,478-409AA34,1,25120,20251217,2025-12-17 00:00:00,D409,2512,5,478,K7305,2025-12-11 00:00:00,,2025-12-11 00:00:00,,2025-12-12 00:00:00,,,,2025-12-15 00:00:00,,2025-12-16 00:00:00,,2025-12-16 00:00:00,,,,F000125942
649,DK,K7306,OD6B-M-8MES,34.0,28,478-409AA34,1,25120,20251217,2025-12-17 00:00:00,D409,2512,5,478,K7306,2025-12-11 00:00:00,,2025-12-11 00:00:00,,2025-12-12 00:00:00,,,,2025-12-15 00:00:00,,2025-12-16 00:00:00,,2025-12-16 00:00:00,,,,F000125944
65,DK,K7214,OD6B-M-7ES,34.0,28,478-409AA34,1,25100,20251010,2025-10-10 00:00:00,D409,2510,5,478,K7214,2025-10-06 00:00:00,2025-09-26 00:00:00,2025-10-06 00:00:00,2025-09-29 00:00:00,2025-10-07 00:00:00,2025-09-30 00:00:00,,,2025-10-08 00:00:00,2025-10-01 00:00:00,2025-10-09 00:00:00,2025-10-01 00:00:00,2025-10-09 00:00:00,2025-10-01 00:00:00,,,F000122923
650,DK,K7307,OD6B-M-8MES,34.0,28,478-409AA34,1,25120,20251217,2025-12-17 00:00:00,D409,2512,5,478,K7307,2025-12-11 00:00:00,,2025-12-11 00:00:00,,2025-12-12 00:00:00,,,,2025-12-15 00:00:00,,2025-12-16 00:00:00,,2025-12-16 00:00:00,,,,F000125946
651,DK,K7308,OD6B-M-8MES,34.0,28,478-409AA34,1,25120,20251217,2025-12-17 00:00:00,D409,2512,5,478,K7308,2025-12-11 00:00:00,,2025-12-11 00:00:00,,2025-12-12 00:00:00,,,,2025-12-15 00:00:00,,2025-12-16 00:00:00,,2025-12-16 00:00:00,,,,F000125948
652,DK,K7309,OD6B-M-8MES,34.0,28,478-409AA34,1,25120,20251217,2025-12-17 00:00:00,D409,2512,5,478,K7309,2025-12-11 00:00:00,,2025-12-11 00:00:00,,2025-12-12 00:00:00,,,,2025-12-15 00:00:00,,2025-12-16 00:00:00,,2025-12-16 00:00:00,,,,F000125950
653,DK,K7346,M-SDR,34.0,18,478-409AA34,1,25120,20251224,2025-12-24 00:00:00,D409,2512,5,478,K7346,2025-12-18 00:00:00,,2025-12-18 00:00:00,,2025-12-19 00:00:00,,,,2025-12-22 00:00:00,,2025-12-23 00:00:00,,2025-12-23 00:00:00,,,,F000127290
654,DK,K7347,M-SDR,34.0,18,478-409AA34,1,25120,20251224,2025-12-24 00:00:00,D409,2512,5,478,K7347,2025-12-18 00:00:00,,2025-12-18 00:00:00,,2025-12-19 00:00:00,,,,2025-12-22 00:00:00,,2025-12-23 00:00:00,,2025-12-23 00:00:00,,,,F000127292
655,DK,K7348,M-SDR,34.0,18,478-409AA34,1,25120,20251224,2025-12-24 00:00:00,D409,2512,5,478,K7348,2025-12-18 00:00:00,,2025-12-18 00:00:00,,2025-12-19 00:00:00,,,,2025-12-22 00:00:00,,2025-12-23 00:00:00,,2025-12-23 00:00:00,,,,F000127294
656,DK,K7349,M-SDR,34.0,32,478-409AA34,1,25120,20251224,2025-12-24 00:00:00,D409,2512,5,478,K7349,2025-12-17 00:00:00,,2025-12-17 00:00:00,,2025-12-18 00:00:00,,,,2025-12-19 00:00:00,,2025-12-22 00:00:00,,2025-12-23 00:00:00,,,,F000127296
657,DK,K7350,M-SDR,34.0,36,478-409EA34,1,25120,20251224,2025-12-24 00:00:00,D409,2512,5,478,K7350,2025-12-17 00:00:00,,2025-12-17 00:00:00,,2025-12-18 00:00:00,,,,2025-12-19 00:00:00,,2025-12-22 00:00:00,,2025-12-23 00:00:00,,,,F000127298
658,DK,K7255,OD6B-M-FY6S,30.0,28,5211-405AB30,1,25120,20251217,2025-12-17 00:00:00,D405,2512,5,5211,K7255,2025-12-11 00:00:00,,2025-12-11 00:00:00,,2025-12-12 00:00:00,,,,2025-12-15 00:00:00,,2025-12-16 00:00:00,,2025-12-16 00:00:00,,,,F000125894
659,DK,K7256,OD6B-M-FY6S,30.0,28,5211-405AB30,1,25120,20251217,2025-12-17 00:00:00,D405,2512,5,5211,K7256,2025-12-11 00:00:00,,2025-12-11 00:00:00,,2025-12-12 00:00:00,,,,2025-12-15 00:00:00,,2025-12-16 00:00:00,,2025-12-16 00:00:00,,,,F000125896
66,DK,K7215,OD6B-M-7ES,34.0,28,478-409AA34,1,25100,20251010,2025-10-10 00:00:00,D409,2510,5,478,K7215,2025-10-06 00:00:00,2025-09-27 00:00:00,2025-10-06 00:00:00,2025-09-29 00:00:00,2025-10-07 00:00:00,2025-09-30 00:00:00,,,2025-10-08 00:00:00,2025-09-30 00:00:00,2025-10-09 00:00:00,2025-10-01 00:00:00,2025-10-09 00:00:00,2025-10-01 00:00:00,,,F000122925
660,DK,K7257,OD6B-M-FY6S,30.0,28,5211-405AB30,1,25120,20251217,2025-12-17 00:00:00,D405,2512,5,5211,K7257,2025-12-11 00:00:00,,2025-12-11 00:00:00,,2025-12-12 00:00:00,,,,2025-12-15 00:00:00,,2025-12-16 00:00:00,,2025-12-16 00:00:00,,,,F000125898
661,DK,M033,OD6B-M-FY6S,36.0,18,5211-405AB36,1,25123,20251121,2025-11-25 00:00:00,D405,2512,4,5211,M033,2025-11-18 00:00:00,,2025-11-18 00:00:00,,2025-11-19 00:00:00,,,,2025-11-20 00:00:00,,2025-11-21 00:00:00,,2025-11-21 00:00:00,,,,F000126383
662,DK,M034,OD6B-M-FY6S,36.0,18,5211-405AB36,1,25123,20251121,2025-11-25 00:00:00,D405,2512,4,5211,M034,2025-11-18 00:00:00,,2025-11-18 00:00:00,,2025-11-19 00:00:00,,,,2025-11-20 00:00:00,,2025-11-21 00:00:00,,2025-11-21 00:00:00,,,,F000126415
663,DK,K7255,OD6B-M-FY6S,30.0,28,5211-409AA30,1,25120,20251217,2025-12-17 00:00:00,D409,2512,5,5211,K7255,2025-12-11 00:00:00,,2025-12-11 00:00:00,,2025-12-12 00:00:00,,,,2025-12-15 00:00:00,,2025-12-16 00:00:00,,2025-12-16 00:00:00,,,,F000125895
664,DK,K7256,OD6B-M-FY6S,30.0,28,5211-409AA30,1,25120,20251217,2025-12-17 00:00:00,D409,2512,5,5211,K7256,2025-12-11 00:00:00,,2025-12-11 00:00:00,,2025-12-12 00:00:00,,,,2025-12-15 00:00:00,,2025-12-16 00:00:00,,2025-12-16 00:00:00,,,,F000125897
665,DK,K7257,OD6B-M-FY6S,30.0,28,5211-409AA30,1,25120,20251217,2025-12-17 00:00:00,D409,2512,5,5211,K7257,2025-12-11 00:00:00,,2025-12-11 00:00:00,,2025-12-12 00:00:00,,,,2025-12-15 00:00:00,,2025-12-16 00:00:00,,2025-12-16 00:00:00,,,,F000125899
666,DK,M033,OD6B-M-FY6S,36.0,18,5211-409AA36,1,25123,20251121,2025-11-25 00:00:00,D409,2512,4,5211,M033,2025-11-18 00:00:00,,2025-11-18 00:00:00,,2025-11-19 00:00:00,,,,2025-11-20 00:00:00,,2025-11-21 00:00:00,,2025-11-21 00:00:00,,,,F000126384
667,DK,M034,OD6B-M-FY6S,36.0,18,5211-409AA36,1,25123,20251121,2025-11-25 00:00:00,D409,2512,4,5211,M034,2025-11-18 00:00:00,,2025-11-18 00:00:00,,2025-11-19 00:00:00,,,,2025-11-20 00:00:00,,2025-11-21 00:00:00,,2025-11-21 00:00:00,,,,F000126416
668,DK,K7312,LDR,16.0,19,57-405B16,1,25120,20251222,2025-12-22 00:00:00,D405,2512,5,57,K7312,2025-12-16 00:00:00,,2025-12-16 00:00:00,,2025-12-17 00:00:00,,,,2025-12-18 00:00:00,,2025-12-19 00:00:00,,2025-12-19 00:00:00,,,,F000127191
669,DK,K7313,LDR-L,17.0,22,57-405B17,1,25120,20251222,2025-12-22 00:00:00,D405,2512,5,57,K7313,2025-12-16 00:00:00,,2025-12-16 00:00:00,,2025-12-17 00:00:00,,,,2025-12-18 00:00:00,,2025-12-19 00:00:00,,2025-12-19 00:00:00,,,,F000127193
67,DK,K7216,OD6B-M-7ES,34.0,28,478-409AA34,1,25100,20251010,2025-10-10 00:00:00,D409,2510,5,478,K7216,2025-10-06 00:00:00,2025-09-27 00:00:00,2025-10-06 00:00:00,2025-09-30 00:00:00,2025-10-07 00:00:00,2025-09-30 00:00:00,,,2025-10-08 00:00:00,2025-09-30 00:00:00,2025-10-09 00:00:00,2025-10-01 00:00:00,2025-10-09 00:00:00,2025-10-01 00:00:00,,,F000122927
670,DK,K7314,LDR-L,20.0,22,57-405B20,1,25120,20251222,2025-12-22 00:00:00,D405,2512,5,57,K7314,2025-12-16 00:00:00,,2025-12-16 00:00:00,,2025-12-17 00:00:00,,,,2025-12-18 00:00:00,,2025-12-19 00:00:00,,2025-12-19 00:00:00,,,,F000127195
671,DK,M001,E-LDR,24.0,18,57-405B24,1,25125,20251201,2025-12-02 00:00:00,D405,2512,4,57,M001,2025-11-26 00:00:00,,2025-11-26 00:00:00,,2025-11-27 00:00:00,,,,2025-11-28 00:00:00,,2025-12-01 00:00:00,,2025-12-01 00:00:00,,,,F000126598
672,DK,M002,E-LDR,24.0,18,57-405B24,1,25125,20251201,2025-12-02 00:00:00,D405,2512,4,57,M002,2025-11-26 00:00:00,,2025-11-26 00:00:00,,2025-11-27 00:00:00,,,,2025-11-28 00:00:00,,2025-12-01 00:00:00,,2025-12-01 00:00:00,,,,F000126617
673,DK,K7311,LDR,11.0,18,59-405A11,1,25120,20251222,2025-12-22 00:00:00,D405,2512,5,59,K7311,2025-12-16 00:00:00,,2025-12-16 00:00:00,,2025-12-17 00:00:00,,,,2025-12-18 00:00:00,,2025-12-19 00:00:00,,2025-12-19 00:00:00,,,,F000127189
674,DK,K7311,LDR,11.0,18,59-409B11,1,25120,20251222,2025-12-22 00:00:00,D409,2512,5,59,K7311,2025-12-16 00:00:00,,2025-12-16 00:00:00,,2025-12-17 00:00:00,,,,2025-12-18 00:00:00,,2025-12-19 00:00:00,,2025-12-19 00:00:00,,,,F000127190
675,DK,K7312,LDR,16.0,19,59-409DA16,1,25120,20251222,2025-12-22 00:00:00,D409,2512,5,59,K7312,2025-12-16 00:00:00,,2025-12-16 00:00:00,,2025-12-17 00:00:00,,,,2025-12-18 00:00:00,,2025-12-19 00:00:00,,2025-12-19 00:00:00,,,,F000127192
676,DK,K7313,LDR-L,17.0,22,59-409DA17,1,25120,20251222,2025-12-22 00:00:00,D409,2512,5,59,K7313,2025-12-16 00:00:00,,2025-12-16 00:00:00,,2025-12-17 00:00:00,,,,2025-12-18 00:00:00,,2025-12-19 00:00:00,,2025-12-19 00:00:00,,,,F000127194
677,DK,K7314,LDR-L,20.0,22,59-409DA20,1,25120,20251222,2025-12-22 00:00:00,D409,2512,5,59,K7314,2025-12-16 00:00:00,,2025-12-16 00:00:00,,2025-12-17 00:00:00,,,,2025-12-18 00:00:00,,2025-12-19 00:00:00,,2025-12-19 00:00:00,,,,F000127196
678,DK,M001,E-LDR,24.0,18,59-409DA24,1,25125,20251201,2025-12-02 00:00:00,D409,2512,4,59,M001,2025-11-26 00:00:00,,2025-11-26 00:00:00,,2025-11-27 00:00:00,,,,2025-11-28 00:00:00,,2025-12-01 00:00:00,,2025-12-01 00:00:00,,,,F000126604
679,DK,M002,E-LDR,24.0,18,59-409DA24,1,25125,20251201,2025-12-02 00:00:00,D409,2512,4,59,M002,2025-11-26 00:00:00,,2025-11-26 00:00:00,,2025-11-27 00:00:00,,,,2025-11-28 00:00:00,,2025-12-01 00:00:00,,2025-12-01 00:00:00,,,,F000126623
68,DK,K7217,OD6B-M-7ES,34.0,28,478-409AA34,1,25100,20251010,2025-10-10 00:00:00,D409,2510,5,478,K7217,2025-10-06 00:00:00,2025-09-26 00:00:00,2025-10-06 00:00:00,2025-09-26 00:00:00,2025-10-07 00:00:00,2025-09-29 00:00:00,,,2025-10-08 00:00:00,2025-09-30 00:00:00,2025-10-09 00:00:00,2025-09-30 00:00:00,2025-10-09 00:00:00,2025-09-30 00:00:00,,,F000122929
680,DK,K7310,M-ER22A,26.0,28,59-409DA26,1,25120,20251203,2025-12-03 00:00:00,D409,2512,5,59,K7310,2025-11-27 00:00:00,,2025-11-27 00:00:00,,2025-11-28 00:00:00,,,,2025-12-01 00:00:00,,2025-12-02 00:00:00,,2025-12-02 00:00:00,,,,F000125890
69,DK,K7218,OD6B-M-7ES,34.0,28,478-409AA34,1,25100,20251010,2025-10-10 00:00:00,D409,2510,5,478,K7218,2025-10-06 00:00:00,2025-09-26 00:00:00,2025-10-06 00:00:00,2025-09-29 00:00:00,2025-10-07 00:00:00,2025-09-29 00:00:00,,,2025-10-08 00:00:00,2025-09-30 00:00:00,2025-10-09 00:00:00,2025-09-30 00:00:00,2025-10-09 00:00:00,2025-10-01 00:00:00,,,F000122931
7,DK,K010,OD6B-M-8ERS,30.0,24,478-409AA30,1,25103,20250924,2025-09-25 00:00:00,D409,2510,4,478,K010,2025-09-18 00:00:00,2025-09-09 00:00:00,2025-09-18 00:00:00,2025-09-09 00:00:00,2025-09-19 00:00:00,2025-09-10 00:00:00,,,2025-09-22 00:00:00,2025-09-17 00:00:00,2025-09-24 00:00:00,2025-09-17 00:00:00,2025-09-24 00:00:00,2025-09-17 00:00:00,,,F000122192
70,DK,K7219,OD6B-M-7ES,34.0,28,478-409AA34,1,25100,20251010,2025-10-10 00:00:00,D409,2510,5,478,K7219,2025-10-06 00:00:00,2025-09-26 00:00:00,2025-10-06 00:00:00,2025-09-29 00:00:00,2025-10-07 00:00:00,2025-09-29 00:00:00,,,2025-10-08 00:00:00,2025-09-30 00:00:00,2025-10-09 00:00:00,2025-09-30 00:00:00,2025-10-09 00:00:00,2025-10-01 00:00:00,,,F000122933
71,DK,K7220,OD6B-M-7ES,34.0,28,478-409AA34,1,25100,20251010,2025-10-10 00:00:00,D409,2510,5,478,K7220,2025-10-06 00:00:00,2025-09-25 00:00:00,2025-10-06 00:00:00,2025-09-25 00:00:00,2025-10-07 00:00:00,2025-09-26 00:00:00,,,2025-10-08 00:00:00,2025-09-26 00:00:00,2025-10-09 00:00:00,2025-09-27 00:00:00,2025-10-09 00:00:00,2025-09-29 00:00:00,,,F000122935
714,DK,M003,OD6B-M-8ERS,30.0,28,78-405A30,1,25122,20251118,2025-11-19 00:00:00,D405,2512,4,78,M003,2025-11-13 00:00:00,,2025-11-13 00:00:00,,2025-11-14 00:00:00,,,,2025-11-17 00:00:00,,2025-11-18 00:00:00,,2025-11-18 00:00:00,,,,F000126045
715,DK,M004,OD6B-M-8ERS,30.0,28,78-405A30,1,25122,20251118,2025-11-19 00:00:00,D405,2512,4,78,M004,2025-11-13 00:00:00,,2025-11-13 00:00:00,,2025-11-14 00:00:00,,,,2025-11-17 00:00:00,,2025-11-18 00:00:00,,2025-11-18 00:00:00,,,,F000126075
716,DK,M005,OD6B-M-8ERS,30.0,28,78-405A30,1,25122,20251118,2025-11-19 00:00:00,D405,2512,4,78,M005,2025-11-13 00:00:00,,2025-11-13 00:00:00,,2025-11-14 00:00:00,,,,2025-11-17 00:00:00,,2025-11-18 00:00:00,,2025-11-18 00:00:00,,,,F000126105
717,DK,M006,OD6B-M-8ERS,30.0,28,78-405A30,1,25122,20251118,2025-11-19 00:00:00,D405,2512,4,78,M006,2025-11-13 00:00:00,,2025-11-13 00:00:00,,2025-11-14 00:00:00,,,,2025-11-17 00:00:00,,2025-11-18 00:00:00,,2025-11-18 00:00:00,,,,F000126135
718,DK,M007,OD6B-M-8ERS,30.0,28,78-405A30,1,25122,20251118,2025-11-19 00:00:00,D405,2512,4,78,M007,2025-11-13 00:00:00,,2025-11-13 00:00:00,,2025-11-14 00:00:00,,,,2025-11-17 00:00:00,,2025-11-18 00:00:00,,2025-11-18 00:00:00,,,,F000126165
719,DK,M008,OD6B-M-8ERS,30.0,28,78-405A30,1,25123,20251121,2025-11-25 00:00:00,D405,2512,4,78,M008,2025-11-18 00:00:00,,2025-11-18 00:00:00,,2025-11-19 00:00:00,,,,2025-11-20 00:00:00,,2025-11-21 00:00:00,,2025-11-21 00:00:00,,,,F000126214
72,DK,K7221,OD6B-M-7ES,34.0,28,478-409AA34,1,25100,20251010,2025-10-10 00:00:00,D409,2510,5,478,K7221,2025-10-06 00:00:00,2025-10-01 00:00:00,2025-10-06 00:00:00,2025-10-01 00:00:00,2025-10-07 00:00:00,2025-10-01 00:00:00,,,2025-10-08 00:00:00,2025-10-02 00:00:00,2025-10-09 00:00:00,2025-10-02 00:00:00,2025-10-09 00:00:00,2025-10-02 00:00:00,,,F000122937
720,DK,M009,OD6B-M-8ERS,30.0,28,78-405A30,1,25123,20251121,2025-11-25 00:00:00,D405,2512,4,78,M009,2025-11-18 00:00:00,,2025-11-18 00:00:00,,2025-11-19 00:00:00,,,,2025-11-20 00:00:00,,2025-11-21 00:00:00,,2025-11-21 00:00:00,,,,F000126244
721,DK,M010,OD6B-M-8ERS,30.0,28,78-405A30,1,25123,20251121,2025-11-25 00:00:00,D405,2512,4,78,M010,2025-11-18 00:00:00,,2025-11-18 00:00:00,,2025-11-19 00:00:00,,,,2025-11-20 00:00:00,,2025-11-21 00:00:00,,2025-11-21 00:00:00,,,,F000126274
722,DK,M011,OD6B-M-8ERS,30.0,28,78-405A30,1,25123,20251121,2025-11-25 00:00:00,D405,2512,4,78,M011,2025-11-18 00:00:00,,2025-11-18 00:00:00,,2025-11-19 00:00:00,,,,2025-11-20 00:00:00,,2025-11-21 00:00:00,,2025-11-21 00:00:00,,,,F000126304
723,DK,M012,OD6B-M-8ERS,30.0,28,78-405A30,1,25123,20251121,2025-11-25 00:00:00,D405,2512,4,78,M012,2025-11-18 00:00:00,,2025-11-18 00:00:00,,2025-11-19 00:00:00,,,,2025-11-20 00:00:00,,2025-11-21 00:00:00,,2025-11-21 00:00:00,,,,F000126334
724,DK,M013,OD6B-M-8ERS,30.0,28,78-405A30,1,25125,20251201,2025-12-02 00:00:00,D405,2512,4,78,M013,2025-11-26 00:00:00,,2025-11-26 00:00:00,,2025-11-27 00:00:00,,,,2025-11-28 00:00:00,,2025-12-01 00:00:00,,2025-12-01 00:00:00,,,,F000126639
725,DK,M014,OD6B-M-8ERS,30.0,28,78-405A30,1,25125,20251201,2025-12-02 00:00:00,D405,2512,4,78,M014,2025-11-26 00:00:00,,2025-11-26 00:00:00,,2025-11-27 00:00:00,,,,2025-11-28 00:00:00,,2025-12-01 00:00:00,,2025-12-01 00:00:00,,,,F000126669
726,DK,M015,OD6B-M-8ERS,30.0,28,78-405A30,1,25125,20251201,2025-12-02 00:00:00,D405,2512,4,78,M015,2025-11-26 00:00:00,,2025-11-26 00:00:00,,2025-11-27 00:00:00,,,,2025-11-28 00:00:00,,2025-12-01 00:00:00,,2025-12-01 00:00:00,,,,F000126699
727,DK,M016,OD6B-M-8ERS,30.0,28,78-405A30,1,25125,20251201,2025-12-02 00:00:00,D405,2512,4,78,M016,2025-11-26 00:00:00,,2025-11-26 00:00:00,,2025-11-27 00:00:00,,,,2025-11-28 00:00:00,,2025-12-01 00:00:00,,2025-12-01 00:00:00,,,,F000126729
728,DK,M017,OD6B-M-8ERS,30.0,28,78-405A30,1,25125,20251201,2025-12-02 00:00:00,D405,2512,4,78,M017,2025-11-26 00:00:00,,2025-11-26 00:00:00,,2025-11-27 00:00:00,,,,2025-11-28 00:00:00,,2025-12-01 00:00:00,,2025-12-01 00:00:00,,,,F000126759
729,DK,M018,OD6B-M-8ERS,30.0,28,78-405A30,1,25126,20251203,2025-12-04 00:00:00,D405,2512,4,78,M018,2025-11-28 00:00:00,,2025-11-28 00:00:00,,2025-12-01 00:00:00,,,,2025-12-02 00:00:00,,2025-12-03 00:00:00,,2025-12-03 00:00:00,,,,F000126789
73,DK,K7222,OD6B-M-8ERS,34.0,16,478-409AA34,1,25100,20251016,2025-10-16 00:00:00,D409,2510,5,478,K7222,2025-10-09 00:00:00,2025-10-01 00:00:00,2025-10-09 00:00:00,2025-10-01 00:00:00,2025-10-10 00:00:00,2025-10-02 00:00:00,,,2025-10-14 00:00:00,2025-10-02 00:00:00,2025-10-15 00:00:00,2025-10-03 00:00:00,2025-10-15 00:00:00,2025-10-08 00:00:00,,,F000122939
730,DK,M019,OD6B-M-8ERS,30.0,28,78-405A30,1,25126,20251203,2025-12-04 00:00:00,D405,2512,4,78,M019,2025-11-28 00:00:00,,2025-11-28 00:00:00,,2025-12-01 00:00:00,,,,2025-12-02 00:00:00,,2025-12-03 00:00:00,,2025-12-03 00:00:00,,,,F000126819
731,DK,M020,OD6B-M-8ERS,30.0,28,78-405A30,1,25126,20251203,2025-12-04 00:00:00,D405,2512,4,78,M020,2025-11-28 00:00:00,,2025-11-28 00:00:00,,2025-12-01 00:00:00,,,,2025-12-02 00:00:00,,2025-12-03 00:00:00,,2025-12-03 00:00:00,,,,F000126849
732,DK,M021,OD6B-M-8ERS,30.0,28,78-405A30,1,25126,20251203,2025-12-04 00:00:00,D405,2512,4,78,M021,2025-11-28 00:00:00,,2025-11-28 00:00:00,,2025-12-01 00:00:00,,,,2025-12-02 00:00:00,,2025-12-03 00:00:00,,2025-12-03 00:00:00,,,,F000126879
733,DK,M022,OD6B-M-8ERS,30.0,28,78-405A30,1,25126,20251203,2025-12-04 00:00:00,D405,2512,4,78,M022,2025-11-28 00:00:00,,2025-11-28 00:00:00,,2025-12-01 00:00:00,,,,2025-12-02 00:00:00,,2025-12-03 00:00:00,,2025-12-03 00:00:00,,,,F000126909
734,DK,M023,OD6B-M-7ES,30.0,32,78-405A30,1,25124,20251126,2025-11-27 00:00:00,D405,2512,4,78,M023,2025-11-19 00:00:00,,2025-11-19 00:00:00,,2025-11-20 00:00:00,,,,2025-11-21 00:00:00,,2025-11-25 00:00:00,,2025-11-26 00:00:00,,,,F000126451
735,DK,M024,OD6B-M-7ES,30.0,32,78-405A30,1,25124,20251126,2025-11-27 00:00:00,D405,2512,4,78,M024,2025-11-19 00:00:00,,2025-11-19 00:00:00,,2025-11-20 00:00:00,,,,2025-11-21 00:00:00,,2025-11-25 00:00:00,,2025-11-26 00:00:00,,,,F000126481
736,DK,M025,OD6B-M-7ES,30.0,32,78-405A30,1,25124,20251126,2025-11-27 00:00:00,D405,2512,4,78,M025,2025-11-19 00:00:00,,2025-11-19 00:00:00,,2025-11-20 00:00:00,,,,2025-11-21 00:00:00,,2025-11-25 00:00:00,,2025-11-26 00:00:00,,,,F000126511
737,DK,M026,OD6B-M-7ES,30.0,32,78-405A30,1,25124,20251126,2025-11-27 00:00:00,D405,2512,4,78,M026,2025-11-19 00:00:00,,2025-11-19 00:00:00,,2025-11-20 00:00:00,,,,2025-11-21 00:00:00,,2025-11-25 00:00:00,,2025-11-26 00:00:00,,,,F000126541
738,DK,M027,OD6B-M-7ES,30.0,32,78-405A30,1,25124,20251126,2025-11-27 00:00:00,D405,2512,4,78,M027,2025-11-19 00:00:00,,2025-11-19 00:00:00,,2025-11-20 00:00:00,,,,2025-11-21 00:00:00,,2025-11-25 00:00:00,,2025-11-26 00:00:00,,,,F000126571
739,DK,M028,OD6B-M-7ES,30.0,32,78-405A30,1,25127,20251208,2025-12-09 00:00:00,D405,2512,4,78,M028,2025-12-02 00:00:00,,2025-12-02 00:00:00,,2025-12-03 00:00:00,,,,2025-12-04 00:00:00,,2025-12-05 00:00:00,,2025-12-08 00:00:00,,,,F000127017
74,DK,K7223,OD6B-M-8ERS,34.0,16,478-409AA34,1,25100,20251016,2025-10-16 00:00:00,D409,2510,5,478,K7223,2025-10-09 00:00:00,2025-10-02 00:00:00,2025-10-09 00:00:00,2025-10-03 00:00:00,2025-10-10 00:00:00,2025-10-03 00:00:00,,,2025-10-14 00:00:00,2025-10-06 00:00:00,2025-10-15 00:00:00,2025-10-06 00:00:00,2025-10-15 00:00:00,2025-10-07 00:00:00,,,F000122941
740,DK,M029,OD6B-M-7ES,30.0,32,78-405A30,1,25127,20251208,2025-12-09 00:00:00,D405,2512,4,78,M029,2025-12-02 00:00:00,,2025-12-02 00:00:00,,2025-12-03 00:00:00,,,,2025-12-04 00:00:00,,2025-12-05 00:00:00,,2025-12-08 00:00:00,,,,F000127047
741,DK,M030,OD6B-M-7ES,30.0,32,78-405A30,1,25127,20251208,2025-12-09 00:00:00,D405,2512,4,78,M030,2025-12-02 00:00:00,,2025-12-02 00:00:00,,2025-12-03 00:00:00,,,,2025-12-04 00:00:00,,2025-12-05 00:00:00,,2025-12-08 00:00:00,,,,F000127077
742,DK,M031,OD6B-M-7ES,30.0,32,78-405A30,1,25127,20251208,2025-12-09 00:00:00,D405,2512,4,78,M031,2025-12-02 00:00:00,,2025-12-02 00:00:00,,2025-12-03 00:00:00,,,,2025-12-04 00:00:00,,2025-12-05 00:00:00,,2025-12-08 00:00:00,,,,F000127107
743,DK,M032,OD6B-M-7ES,30.0,32,78-405A30,1,25127,20251208,2025-12-09 00:00:00,D405,2512,4,78,M032,2025-12-02 00:00:00,,2025-12-02 00:00:00,,2025-12-03 00:00:00,,,,2025-12-04 00:00:00,,2025-12-05 00:00:00,,2025-12-08 00:00:00,,,,F000127137
744,DK,M038,M-9ME22,30.0,32,78-405A30,1,25121,20251114,2025-11-17 00:00:00,D405,2512,4,78,M038,2025-11-10 00:00:00,,2025-11-10 00:00:00,,2025-11-11 00:00:00,,,,2025-11-12 00:00:00,,2025-11-13 00:00:00,,2025-11-14 00:00:00,,,,F000126023
745,DK,K7285,OD6B-M-8ERS,30.0,18,78-405A30,1,25120,20251203,2025-12-03 00:00:00,D405,2512,5,78,K7285,2025-11-27 00:00:00,,2025-11-27 00:00:00,,2025-11-28 00:00:00,,,,2025-12-01 00:00:00,,2025-12-02 00:00:00,,2025-12-02 00:00:00,,,,F000125901
746,DK,K7286,OD6B-M-8ERS,30.0,18,78-405A30,1,25120,20251203,2025-12-03 00:00:00,D405,2512,5,78,K7286,2025-11-27 00:00:00,,2025-11-27 00:00:00,,2025-11-28 00:00:00,,,,2025-12-01 00:00:00,,2025-12-02 00:00:00,,2025-12-02 00:00:00,,,,F000125903
747,DK,K7287,OD6B-M-8ERS,30.0,18,78-405A30,1,25120,20251203,2025-12-03 00:00:00,D405,2512,5,78,K7287,2025-11-27 00:00:00,,2025-11-27 00:00:00,,2025-11-28 00:00:00,,,,2025-12-01 00:00:00,,2025-12-02 00:00:00,,2025-12-02 00:00:00,,,,F000125905
748,DK,K7288,OD6B-M-8ERS,30.0,18,78-405A30,1,25120,20251203,2025-12-03 00:00:00,D405,2512,5,78,K7288,2025-11-27 00:00:00,,2025-11-27 00:00:00,,2025-11-28 00:00:00,,,,2025-12-01 00:00:00,,2025-12-02 00:00:00,,2025-12-02 00:00:00,,,,F000125907
749,DK,K7289,OD6B-M-8ERS,30.0,18,78-405A30,1,25120,20251203,2025-12-03 00:00:00,D405,2512,5,78,K7289,2025-11-27 00:00:00,,2025-11-27 00:00:00,,2025-11-28 00:00:00,,,,2025-12-01 00:00:00,,2025-12-02 00:00:00,,2025-12-02 00:00:00,,,,F000125909
75,DK,K7224,OD6B-M-8ERS,34.0,16,478-409AA34,1,25100,20251016,2025-10-16 00:00:00,D409,2510,5,478,K7224,2025-10-09 00:00:00,2025-10-03 00:00:00,2025-10-09 00:00:00,2025-10-06 00:00:00,2025-10-10 00:00:00,2025-10-06 00:00:00,,,2025-10-14 00:00:00,2025-10-07 00:00:00,2025-10-15 00:00:00,2025-10-07 00:00:00,2025-10-15 00:00:00,2025-10-09 00:00:00,,,F000122943
750,DK,K7290,OD6B-M-8ERS,30.0,18,78-405A30,1,25120,20251203,2025-12-03 00:00:00,D405,2512,5,78,K7290,2025-11-27 00:00:00,,2025-11-27 00:00:00,,2025-11-28 00:00:00,,,,2025-12-01 00:00:00,,2025-12-02 00:00:00,,2025-12-02 00:00:00,,,,F000125911
751,DK,K7291,OD6B-M-8ERS,30.0,18,78-405A30,1,25120,20251203,2025-12-03 00:00:00,D405,2512,5,78,K7291,2025-11-27 00:00:00,,2025-11-27 00:00:00,,2025-11-28 00:00:00,,,,2025-12-01 00:00:00,,2025-12-02 00:00:00,,2025-12-02 00:00:00,,,,F000125913
752,DK,K7292,OD6B-M-8ERS,30.0,18,78-405A30,1,25120,20251203,2025-12-03 00:00:00,D405,2512,5,78,K7292,2025-11-27 00:00:00,,2025-11-27 00:00:00,,2025-11-28 00:00:00,,,,2025-12-01 00:00:00,,2025-12-02 00:00:00,,2025-12-02 00:00:00,,,,F000125915
753,DK,K7293,OD6B-M-8ERS,30.0,18,78-405A30,1,25120,20251203,2025-12-03 00:00:00,D405,2512,5,78,K7293,2025-11-27 00:00:00,,2025-11-27 00:00:00,,2025-11-28 00:00:00,,,,2025-12-01 00:00:00,,2025-12-02 00:00:00,,2025-12-02 00:00:00,,,,F000125917
754,DK,K7294,OD6B-M-8ERS,30.0,18,78-405A30,1,25120,20251203,2025-12-03 00:00:00,D405,2512,5,78,K7294,2025-11-27 00:00:00,,2025-11-27 00:00:00,,2025-11-28 00:00:00,,,,2025-12-01 00:00:00,,2025-12-02 00:00:00,,2025-12-02 00:00:00,,,,F000125919
755,DK,M036,M-9ME22,34.0,32,78-405A34,1,25121,20251114,2025-11-17 00:00:00,D405,2512,4,78,M036,2025-11-10 00:00:00,,2025-11-10 00:00:00,,2025-11-11 00:00:00,,,,2025-11-12 00:00:00,,2025-11-13 00:00:00,,2025-11-14 00:00:00,,,,F000125979
756,DK,M037,M-9ME22,34.0,32,78-405A34,1,25121,20251114,2025-11-17 00:00:00,D405,2512,4,78,M037,2025-11-10 00:00:00,,2025-11-10 00:00:00,,2025-11-11 00:00:00,,,,2025-11-12 00:00:00,,2025-11-13 00:00:00,,2025-11-14 00:00:00,,,,F000126001
757,DK,M039,OD5B-M-SDR,34.0,15,78-405A34,1,25127,20251208,2025-12-09 00:00:00,D405,2512,4,78,M039,2025-12-03 00:00:00,,2025-12-03 00:00:00,,2025-12-04 00:00:00,,,,2025-12-05 00:00:00,,2025-12-08 00:00:00,,2025-12-08 00:00:00,,,,F000127582
758,DK,M040,OD5B-M-SDR,34.0,15,78-405A34,1,25127,20251208,2025-12-09 00:00:00,D405,2512,4,78,M040,2025-12-03 00:00:00,,2025-12-03 00:00:00,,2025-12-04 00:00:00,,,,2025-12-05 00:00:00,,2025-12-08 00:00:00,,2025-12-08 00:00:00,,,,F000127605
759,DK,M041,OD5B-M-SDR,34.0,24,78-405A34,1,25124,20251126,2025-11-27 00:00:00,D405,2512,4,78,M041,2025-11-20 00:00:00,,2025-11-20 00:00:00,,2025-11-21 00:00:00,,,,2025-11-25 00:00:00,,2025-11-26 00:00:00,,2025-11-26 00:00:00,,,,F000127342
76,DK,K7225,OD6B-M-8ERS,34.0,16,478-409AA34,1,25100,20251016,2025-10-16 00:00:00,D409,2510,5,478,K7225,2025-10-09 00:00:00,2025-10-03 00:00:00,2025-10-09 00:00:00,2025-10-06 00:00:00,2025-10-10 00:00:00,2025-10-08 00:00:00,,,2025-10-14 00:00:00,2025-10-07 00:00:00,2025-10-15 00:00:00,2025-10-07 00:00:00,2025-10-15 00:00:00,2025-10-08 00:00:00,,,F000122945
760,DK,M042,OD5B-M-SDR,34.0,24,78-405A34,1,25124,20251126,2025-11-27 00:00:00,D405,2512,4,78,M042,2025-11-20 00:00:00,,2025-11-20 00:00:00,,2025-11-21 00:00:00,,,,2025-11-25 00:00:00,,2025-11-26 00:00:00,,2025-11-26 00:00:00,,,,F000127365
761,DK,M043,OD5B-M-SDR,34.0,24,78-405A34,1,25124,20251126,2025-11-27 00:00:00,D405,2512,4,78,M043,2025-11-20 00:00:00,,2025-11-20 00:00:00,,2025-11-21 00:00:00,,,,2025-11-25 00:00:00,,2025-11-26 00:00:00,,2025-11-26 00:00:00,,,,F000127388
762,DK,M044,OD5B-M-SDR,34.0,24,78-405A34,1,25125,20251201,2025-12-02 00:00:00,D405,2512,4,78,M044,2025-11-26 00:00:00,,2025-11-26 00:00:00,,2025-11-27 00:00:00,,,,2025-11-28 00:00:00,,2025-12-01 00:00:00,,2025-12-01 00:00:00,,,,F000127434
763,DK,M045,OD5B-M-SDR,34.0,24,78-405A34,1,25125,20251201,2025-12-02 00:00:00,D405,2512,4,78,M045,2025-11-26 00:00:00,,2025-11-26 00:00:00,,2025-11-27 00:00:00,,,,2025-11-28 00:00:00,,2025-12-01 00:00:00,,2025-12-01 00:00:00,,,,F000127457
764,DK,M046,OD5B-M-SDR,34.0,24,78-405A34,1,25125,20251201,2025-12-02 00:00:00,D405,2512,4,78,M046,2025-11-26 00:00:00,,2025-11-26 00:00:00,,2025-11-27 00:00:00,,,,2025-11-28 00:00:00,,2025-12-01 00:00:00,,2025-12-01 00:00:00,,,,F000127480
765,DK,M047,OD5B-M-SDR,34.0,24,78-405A34,1,25127,20251208,2025-12-09 00:00:00,D405,2512,4,78,M047,2025-12-03 00:00:00,,2025-12-03 00:00:00,,2025-12-04 00:00:00,,,,2025-12-05 00:00:00,,2025-12-08 00:00:00,,2025-12-08 00:00:00,,,,F000127628
766,DK,M048,OD5B-M-SDR,34.0,24,78-405A34,1,25127,20251208,2025-12-09 00:00:00,D405,2512,4,78,M048,2025-12-03 00:00:00,,2025-12-03 00:00:00,,2025-12-04 00:00:00,,,,2025-12-05 00:00:00,,2025-12-08 00:00:00,,2025-12-08 00:00:00,,,,F000127651
767,DK,M049,OD5B-M-SDR,34.0,24,78-405A34,1,25127,20251208,2025-12-09 00:00:00,D405,2512,4,78,M049,2025-12-03 00:00:00,,2025-12-03 00:00:00,,2025-12-04 00:00:00,,,,2025-12-05 00:00:00,,2025-12-08 00:00:00,,2025-12-08 00:00:00,,,,F000127674
768,DK,M050,OD5B-M-SDR,34.0,24,78-405A34,1,25127,20251208,2025-12-09 00:00:00,D405,2512,4,78,M050,2025-12-03 00:00:00,,2025-12-03 00:00:00,,2025-12-04 00:00:00,,,,2025-12-05 00:00:00,,2025-12-08 00:00:00,,2025-12-08 00:00:00,,,,F000127697
769,DK,M051,OD5B-M-SDR,34.0,24,78-405A34,1,25128,20251210,2025-12-11 00:00:00,D405,2512,4,78,M051,2025-12-05 00:00:00,,2025-12-05 00:00:00,,2025-12-08 00:00:00,,,,2025-12-09 00:00:00,,2025-12-10 00:00:00,,2025-12-10 00:00:00,,,,F000127720
77,DK,K7226,OD6B-M-8ERS,34.0,16,478-409AA34,1,25100,20251016,2025-10-16 00:00:00,D409,2510,5,478,K7226,2025-10-09 00:00:00,2025-10-08 00:00:00,2025-10-09 00:00:00,2025-10-08 00:00:00,2025-10-10 00:00:00,2025-10-09 00:00:00,,,2025-10-14 00:00:00,2025-10-09 00:00:00,2025-10-15 00:00:00,,2025-10-15 00:00:00,,,,F000122947
770,DK,M052,OD5B-M-SDR,34.0,24,78-405A34,1,25128,20251210,2025-12-11 00:00:00,D405,2512,4,78,M052,2025-12-05 00:00:00,,2025-12-05 00:00:00,,2025-12-08 00:00:00,,,,2025-12-09 00:00:00,,2025-12-10 00:00:00,,2025-12-10 00:00:00,,,,F000127743
771,DK,M053,OD5B-M-SDR,34.0,24,78-405A34,1,25128,20251210,2025-12-11 00:00:00,D405,2512,4,78,M053,2025-12-05 00:00:00,,2025-12-05 00:00:00,,2025-12-08 00:00:00,,,,2025-12-09 00:00:00,,2025-12-10 00:00:00,,2025-12-10 00:00:00,,,,F000127766
772,DK,M054,OD5B-M-SDR,34.0,24,78-405A34,1,25128,20251210,2025-12-11 00:00:00,D405,2512,4,78,M054,2025-12-05 00:00:00,,2025-12-05 00:00:00,,2025-12-08 00:00:00,,,,2025-12-09 00:00:00,,2025-12-10 00:00:00,,2025-12-10 00:00:00,,,,F000127789
773,DK,M055,OD5B-M-SDR,34.0,24,78-405A34,1,25128,20251210,2025-12-11 00:00:00,D405,2512,4,78,M055,2025-12-05 00:00:00,,2025-12-05 00:00:00,,2025-12-08 00:00:00,,,,2025-12-09 00:00:00,,2025-12-10 00:00:00,,2025-12-10 00:00:00,,,,F000127812
774,DK,M056,OD5B-M-SDR,34.0,28,78-405A34,1,25124,20251126,2025-11-27 00:00:00,D405,2512,4,78,M056,2025-11-20 00:00:00,,2025-11-20 00:00:00,,2025-11-21 00:00:00,,,,2025-11-25 00:00:00,,2025-11-26 00:00:00,,2025-11-26 00:00:00,,,,F000127411
775,DK,M057,OD5B-M-SDR,34.0,28,78-405A34,1,25128,20251210,2025-12-11 00:00:00,D405,2512,4,78,M057,2025-12-05 00:00:00,,2025-12-05 00:00:00,,2025-12-08 00:00:00,,,,2025-12-09 00:00:00,,2025-12-10 00:00:00,,2025-12-10 00:00:00,,,,F000127835
776,DK,M058,OD5B-M-9ME22,34.0,28,78-405A34,1,25128,20251210,2025-12-11 00:00:00,D405,2512,4,78,M058,2025-12-05 00:00:00,,2025-12-05 00:00:00,,2025-12-08 00:00:00,,,,2025-12-09 00:00:00,,2025-12-10 00:00:00,,2025-12-10 00:00:00,,,,F000127861
777,DK,M059,OD5B-M-9ME22,34.0,28,78-405A34,1,25128,20251210,2025-12-11 00:00:00,D405,2512,4,78,M059,2025-12-05 00:00:00,,2025-12-05 00:00:00,,2025-12-08 00:00:00,,,,2025-12-09 00:00:00,,2025-12-10 00:00:00,,2025-12-10 00:00:00,,,,F000127884
778,DK,K7295,OD6B-M-8MES,34.0,28,78-405A34,1,25120,20251210,2025-12-10 00:00:00,D405,2512,5,78,K7295,2025-12-04 00:00:00,,2025-12-04 00:00:00,,2025-12-05 00:00:00,,,,2025-12-08 00:00:00,,2025-12-09 00:00:00,,2025-12-09 00:00:00,,,,F000125921
779,DK,K7296,OD6B-M-8MES,34.0,28,78-405A34,1,25120,20251210,2025-12-10 00:00:00,D405,2512,5,78,K7296,2025-12-04 00:00:00,,2025-12-04 00:00:00,,2025-12-05 00:00:00,,,,2025-12-08 00:00:00,,2025-12-09 00:00:00,,2025-12-09 00:00:00,,,,F000125923
78,DK,K7231,M-8ME42,34.0,32,478-409AA34,1,25100,20251024,2025-10-24 00:00:00,D409,2510,5,478,K7231,2025-10-17 00:00:00,,2025-10-17 00:00:00,,2025-10-20 00:00:00,,,,2025-10-21 00:00:00,,2025-10-22 00:00:00,,2025-10-23 00:00:00,,,,F000122963
780,DK,K7297,OD6B-M-8MES,34.0,28,78-405A34,1,25120,20251210,2025-12-10 00:00:00,D405,2512,5,78,K7297,2025-12-04 00:00:00,,2025-12-04 00:00:00,,2025-12-05 00:00:00,,,,2025-12-08 00:00:00,,2025-12-09 00:00:00,,2025-12-09 00:00:00,,,,F000125925
781,DK,K7298,OD6B-M-8MES,34.0,28,78-405A34,1,25120,20251210,2025-12-10 00:00:00,D405,2512,5,78,K7298,2025-12-04 00:00:00,,2025-12-04 00:00:00,,2025-12-05 00:00:00,,,,2025-12-08 00:00:00,,2025-12-09 00:00:00,,2025-12-09 00:00:00,,,,F000125927
782,DK,K7299,OD6B-M-8MES,34.0,28,78-405A34,1,25120,20251210,2025-12-10 00:00:00,D405,2512,5,78,K7299,2025-12-04 00:00:00,,2025-12-04 00:00:00,,2025-12-05 00:00:00,,,,2025-12-08 00:00:00,,2025-12-09 00:00:00,,2025-12-09 00:00:00,,,,F000125929
783,DK,K7300,OD6B-M-8MES,34.0,28,78-405A34,1,25120,20251210,2025-12-10 00:00:00,D405,2512,5,78,K7300,2025-12-04 00:00:00,,2025-12-04 00:00:00,,2025-12-05 00:00:00,,,,2025-12-08 00:00:00,,2025-12-09 00:00:00,,2025-12-09 00:00:00,,,,F000125931
784,DK,K7301,OD6B-M-8MES,34.0,28,78-405A34,1,25120,20251210,2025-12-10 00:00:00,D405,2512,5,78,K7301,2025-12-04 00:00:00,,2025-12-04 00:00:00,,2025-12-05 00:00:00,,,,2025-12-08 00:00:00,,2025-12-09 00:00:00,,2025-12-09 00:00:00,,,,F000125933
785,DK,K7302,OD6B-M-8MES,34.0,28,78-405A34,1,25120,20251210,2025-12-10 00:00:00,D405,2512,5,78,K7302,2025-12-04 00:00:00,,2025-12-04 00:00:00,,2025-12-05 00:00:00,,,,2025-12-08 00:00:00,,2025-12-09 00:00:00,,2025-12-09 00:00:00,,,,F000125935
786,DK,K7303,OD6B-M-8MES,34.0,28,78-405A34,1,25120,20251210,2025-12-10 00:00:00,D405,2512,5,78,K7303,2025-12-04 00:00:00,,2025-12-04 00:00:00,,2025-12-05 00:00:00,,,,2025-12-08 00:00:00,,2025-12-09 00:00:00,,2025-12-09 00:00:00,,,,F000125937
787,DK,K7304,OD6B-M-8MES,34.0,28,78-405A34,1,25120,20251210,2025-12-10 00:00:00,D405,2512,5,78,K7304,2025-12-04 00:00:00,,2025-12-04 00:00:00,,2025-12-05 00:00:00,,,,2025-12-08 00:00:00,,2025-12-09 00:00:00,,2025-12-09 00:00:00,,,,F000125939
788,DK,K7305,OD6B-M-8MES,34.0,28,78-405A34,1,25120,20251217,2025-12-17 00:00:00,D405,2512,5,78,K7305,2025-12-11 00:00:00,,2025-12-11 00:00:00,,2025-12-12 00:00:00,,,,2025-12-15 00:00:00,,2025-12-16 00:00:00,,2025-12-16 00:00:00,,,,F000125941
789,DK,K7306,OD6B-M-8MES,34.0,28,78-405A34,1,25120,20251217,2025-12-17 00:00:00,D405,2512,5,78,K7306,2025-12-11 00:00:00,,2025-12-11 00:00:00,,2025-12-12 00:00:00,,,,2025-12-15 00:00:00,,2025-12-16 00:00:00,,2025-12-16 00:00:00,,,,F000125943
79,DK,K7232,M-8ME42,34.0,32,478-409AA34,1,25100,20251024,2025-10-24 00:00:00,D409,2510,5,478,K7232,2025-10-17 00:00:00,,2025-10-17 00:00:00,,2025-10-20 00:00:00,,,,2025-10-21 00:00:00,,2025-10-22 00:00:00,,2025-10-23 00:00:00,,,,F000122965
790,DK,K7307,OD6B-M-8MES,34.0,28,78-405A34,1,25120,20251217,2025-12-17 00:00:00,D405,2512,5,78,K7307,2025-12-11 00:00:00,,2025-12-11 00:00:00,,2025-12-12 00:00:00,,,,2025-12-15 00:00:00,,2025-12-16 00:00:00,,2025-12-16 00:00:00,,,,F000125945
791,DK,K7308,OD6B-M-8MES,34.0,28,78-405A34,1,25120,20251217,2025-12-17 00:00:00,D405,2512,5,78,K7308,2025-12-11 00:00:00,,2025-12-11 00:00:00,,2025-12-12 00:00:00,,,,2025-12-15 00:00:00,,2025-12-16 00:00:00,,2025-12-16 00:00:00,,,,F000125947
792,DK,K7309,OD6B-M-8MES,34.0,28,78-405A34,1,25120,20251217,2025-12-17 00:00:00,D405,2512,5,78,K7309,2025-12-11 00:00:00,,2025-12-11 00:00:00,,2025-12-12 00:00:00,,,,2025-12-15 00:00:00,,2025-12-16 00:00:00,,2025-12-16 00:00:00,,,,F000125949
793,DK,K7346,M-SDR,34.0,18,78-405A34,1,25120,20251224,2025-12-24 00:00:00,D405,2512,5,78,K7346,2025-12-18 00:00:00,,2025-12-18 00:00:00,,2025-12-19 00:00:00,,,,2025-12-22 00:00:00,,2025-12-23 00:00:00,,2025-12-23 00:00:00,,,,F000127289
794,DK,K7347,M-SDR,34.0,18,78-405A34,1,25120,20251224,2025-12-24 00:00:00,D405,2512,5,78,K7347,2025-12-18 00:00:00,,2025-12-18 00:00:00,,2025-12-19 00:00:00,,,,2025-12-22 00:00:00,,2025-12-23 00:00:00,,2025-12-23 00:00:00,,,,F000127291
795,DK,K7348,M-SDR,34.0,18,78-405A34,1,25120,20251224,2025-12-24 00:00:00,D405,2512,5,78,K7348,2025-12-18 00:00:00,,2025-12-18 00:00:00,,2025-12-19 00:00:00,,,,2025-12-22 00:00:00,,2025-12-23 00:00:00,,2025-12-23 00:00:00,,,,F000127293
796,DK,K7349,M-SDR,34.0,32,78-405A34,1,25120,20251224,2025-12-24 00:00:00,D405,2512,5,78,K7349,2025-12-17 00:00:00,,2025-12-17 00:00:00,,2025-12-18 00:00:00,,,,2025-12-19 00:00:00,,2025-12-22 00:00:00,,2025-12-23 00:00:00,,,,F000127295
797,DK,K7350,M-SDR,34.0,36,78-405EA34,1,25120,20251224,2025-12-24 00:00:00,D405,2512,5,78,K7350,2025-12-17 00:00:00,,2025-12-17 00:00:00,,2025-12-18 00:00:00,,,,2025-12-19 00:00:00,,2025-12-22 00:00:00,,2025-12-23 00:00:00,,,,F000127297
8,DK,K011,OD6B-M-8ERS,30.0,24,478-409AA30,1,25103,20250924,2025-09-25 00:00:00,D409,2510,4,478,K011,2025-09-18 00:00:00,2025-09-10 00:00:00,2025-09-18 00:00:00,2025-09-10 00:00:00,2025-09-19 00:00:00,2025-09-10 00:00:00,,,2025-09-22 00:00:00,2025-09-16 00:00:00,2025-09-24 00:00:00,2025-09-17 00:00:00,2025-09-24 00:00:00,2025-09-17 00:00:00,,,F000122222
80,DK,K7233,M-8ME42,34.0,32,478-409AA34,1,25100,20251024,2025-10-24 00:00:00,D409,2510,5,478,K7233,2025-10-17 00:00:00,,2025-10-17 00:00:00,,2025-10-20 00:00:00,,,,2025-10-21 00:00:00,,2025-10-22 00:00:00,,2025-10-23 00:00:00,,,,F000122967
801,SK,M102,OD6-M-SEC4CFY,30.0,24,816-405FA30,1,25126,20251203,2025-12-04 00:00:00,S405,2512,4,816,M102,,,,,2025-12-01 00:00:00,,2025-12-01 00:00:00,,2025-12-02 00:00:00,,2025-12-03 00:00:00,,2025-12-03 00:00:00,,2025-11-28 00:00:00,,F000126957
802,SK,M103,OD6-M-SEC4CFY,30.0,24,816-405FA30,1,25126,20251203,2025-12-04 00:00:00,S405,2512,4,816,M103,,,,,2025-12-01 00:00:00,,2025-12-01 00:00:00,,2025-12-02 00:00:00,,2025-12-03 00:00:00,,2025-12-03 00:00:00,,2025-11-28 00:00:00,,F000126996
803,SK,M104,M-SEC7BS,34.0,36,816-405FA34,1,25123,20251121,2025-11-25 00:00:00,S405,2512,4,816,M104,,,,,2025-11-18 00:00:00,,2025-11-18 00:00:00,,2025-11-19 00:00:00,,2025-11-20 00:00:00,,2025-11-21 00:00:00,,2025-11-17 00:00:00,,F000126435
804,SK,F18230,M2XC-S3.2,30.0,28,87-405EA30,1,25120,20251215,2025-12-15 00:00:00,S405,2512,6,87,F18230,,,,,2025-12-10 00:00:00,,2025-12-10 00:00:00,,2025-12-11 00:00:00,,2025-12-12 00:00:00,,2025-12-12 00:00:00,,,,F000127283
805,SK,F18231,M2XC-S3.2,30.0,32,87-405EA30,1,25120,20251215,2025-12-15 00:00:00,S405,2512,6,87,F18231,,,,,2025-12-09 00:00:00,,2025-12-09 00:00:00,,2025-12-11 00:00:00,,2025-12-11 00:00:00,,2025-12-12 00:00:00,,,,F000127286
806,SK,F18234,FXC-3S,30.0,16,87-405EA30,1,25120,20251222,2025-12-22 00:00:00,S405,2512,6,87,F18234,,,,,2025-12-17 00:00:00,,2025-12-17 00:00:00,,2025-12-18 00:00:00,,2025-12-19 00:00:00,,2025-12-19 00:00:00,,,,F000127855
807,SK,M110,M2XC-S3.2DFDRE,32.0,20,87-405EA32,1,25126,20251203,2025-12-04 00:00:00,S405,2512,4,87,M110,,,,,2025-12-01 00:00:00,,2025-12-01 00:00:00,,2025-12-02 00:00:00,,2025-12-03 00:00:00,,2025-12-03 00:00:00,,,,F000127505
808,SK,M111,M2XC-S3.2DFDRE,32.0,20,87-405EA32,1,25126,20251203,2025-12-04 00:00:00,S405,2512,4,87,M111,,,,,2025-12-01 00:00:00,,2025-12-01 00:00:00,,2025-12-02 00:00:00,,2025-12-03 00:00:00,,2025-12-03 00:00:00,,,,F000127523
809,SK,M112,M2XC-S3.2DFDRE,32.0,20,87-405EA32,1,25126,20251203,2025-12-04 00:00:00,S405,2512,4,87,M112,,,,,2025-12-01 00:00:00,,2025-12-01 00:00:00,,2025-12-02 00:00:00,,2025-12-03 00:00:00,,2025-12-03 00:00:00,,,,F000127541
81,DK,K7234,M-8ME42,34.0,32,478-409AA34,1,25100,20251024,2025-10-24 00:00:00,D409,2510,5,478,K7234,2025-10-17 00:00:00,,2025-10-17 00:00:00,,2025-10-20 00:00:00,,,,2025-10-21 00:00:00,,2025-10-22 00:00:00,,2025-10-23 00:00:00,,,,F000122969
810,SK,M113,M2XC-S3.2DFDRE,32.0,20,87-405EA32,1,25126,20251203,2025-12-04 00:00:00,S405,2512,4,87,M113,,,,,2025-12-01 00:00:00,,2025-12-01 00:00:00,,2025-12-02 00:00:00,,2025-12-03 00:00:00,,2025-12-03 00:00:00,,,,F000127559
811,SK,M101,M-SECPJJ,34.0,28,87-405EA34,1,25122,20251118,2025-11-19 00:00:00,S405,2512,4,87,M101,,,,,2025-11-14 00:00:00,,2025-11-14 00:00:00,,2025-11-17 00:00:00,,2025-11-18 00:00:00,,2025-11-18 00:00:00,,,,F000126197
812,SK,M108,M2XC-E3.2RE,30.0,28,87-405GA30,1,25122,20251118,2025-11-19 00:00:00,S405,2512,4,87,M108,,,,,2025-11-14 00:00:00,,2025-11-14 00:00:00,,2025-11-17 00:00:00,,2025-11-18 00:00:00,,2025-11-18 00:00:00,,,,F000127308
813,SK,M109,M2XC-E3.2RE,30.0,28,87-405GA30,1,25122,20251118,2025-11-19 00:00:00,S405,2512,4,87,M109,,,,,2025-11-14 00:00:00,,2025-11-14 00:00:00,,2025-11-17 00:00:00,,2025-11-18 00:00:00,,2025-11-18 00:00:00,,,,F000127326
814,SK,F18232,M2XC-E3.2RE,30.0,20,87-405GA30,1,25120,20251217,2025-12-17 00:00:00,S405,2512,6,87,F18232,,,,,2025-12-12 00:00:00,,2025-12-12 00:00:00,,2025-12-15 00:00:00,,2025-12-16 00:00:00,,2025-12-16 00:00:00,,,,F000127572
815,SK,F18233,M2XC-E3.2RE,30.0,20,87-405GA30,1,25120,20251217,2025-12-17 00:00:00,S405,2512,6,87,F18233,,,,,2025-12-12 00:00:00,,2025-12-12 00:00:00,,2025-12-15 00:00:00,,2025-12-16 00:00:00,,2025-12-16 00:00:00,,,,F000127575
816,SK,M105,M2XC-S3.2,30.0,46,87-405LA30,1,25121,20251114,2025-11-17 00:00:00,S405,2512,4,87,M105,,,,,2025-11-11 00:00:00,,2025-11-11 00:00:00,,2025-11-13 00:00:00,,2025-11-13 00:00:00,,2025-11-14 00:00:00,,,,F000127210
817,SK,M106,M2XC-S3.2,30.0,46,87-405LA30,1,25124,20251126,2025-11-27 00:00:00,S405,2512,4,87,M106,,,,,2025-11-20 00:00:00,,2025-11-20 00:00:00,,2025-11-25 00:00:00,,2025-11-25 00:00:00,,2025-11-26 00:00:00,,,,F000127230
818,SK,M107,M2XC-S3.2,30.0,46,87-405LA30,1,25124,20251126,2025-11-27 00:00:00,S405,2512,4,87,M107,,,,,2025-11-20 00:00:00,,2025-11-20 00:00:00,,2025-11-25 00:00:00,,2025-11-25 00:00:00,,2025-11-26 00:00:00,,,,F000127250
819,SK,F18229,M2XC-A3.2RE,30.0,32,87-405QA30,1,25120,20251203,2025-12-03 00:00:00,S405,2512,6,87,F18229,,,,,2025-11-27 00:00:00,,2025-11-27 00:00:00,,2025-12-01 00:00:00,,2025-12-01 00:00:00,,2025-12-02 00:00:00,,,,F000125891
82,DK,K7235,M-8ME42,34.0,32,478-409AA34,1,25100,20251029,2025-10-29 00:00:00,D409,2510,5,478,K7235,2025-10-22 00:00:00,,2025-10-22 00:00:00,,2025-10-23 00:00:00,,,,2025-10-24 00:00:00,,2025-10-27 00:00:00,,2025-10-28 00:00:00,,,,F000122971
820,SK,F18235,M2XC-A3.2RE,32.0,24,87-405QA32,1,25120,20251217,2025-12-17 00:00:00,S405,2512,6,87,F18235,,,,,2025-12-12 00:00:00,,2025-12-12 00:00:00,,2025-12-15 00:00:00,,2025-12-16 00:00:00,,2025-12-16 00:00:00,,,,F000127917
83,DK,K7236,M-8ME42,34.0,32,478-409AA34,1,25100,20251029,2025-10-29 00:00:00,D409,2510,5,478,K7236,2025-10-22 00:00:00,,2025-10-22 00:00:00,,2025-10-23 00:00:00,,,,2025-10-24 00:00:00,,2025-10-27 00:00:00,,2025-10-28 00:00:00,,,,F000122973
84,DK,K7237,M-8ME42,34.0,32,478-409AA34,1,25100,20251029,2025-10-29 00:00:00,D409,2510,5,478,K7237,2025-10-22 00:00:00,,2025-10-22 00:00:00,,2025-10-23 00:00:00,,,,2025-10-24 00:00:00,,2025-10-27 00:00:00,,2025-10-28 00:00:00,,,,F000122975
85,DK,K7238,M-8ME42,34.0,32,478-409AA34,1,25100,20251029,2025-10-29 00:00:00,D409,2510,5,478,K7238,2025-10-22 00:00:00,,2025-10-22 00:00:00,,2025-10-23 00:00:00,,,,2025-10-24 00:00:00,,2025-10-27 00:00:00,,2025-10-28 00:00:00,,,,F000122977
86,DK,K7253,OD5B-M-9ME42,34.0,24,478-409AA34,1,25100,20251029,2025-10-29 00:00:00,D409,2510,5,478,K7253,2025-10-23 00:00:00,,2025-10-23 00:00:00,,2025-10-24 00:00:00,,,,2025-10-27 00:00:00,,2025-10-28 00:00:00,,2025-10-28 00:00:00,,,,F000125071
87,DK,K7254,OD5B-M-9ME42,34.0,24,478-409AA34,1,25100,20251029,2025-10-29 00:00:00,D409,2510,5,478,K7254,2025-10-23 00:00:00,,2025-10-23 00:00:00,,2025-10-24 00:00:00,,,,2025-10-27 00:00:00,,2025-10-28 00:00:00,,2025-10-28 00:00:00,,,,F000125073
88,DK,K003,M-9ME22,30.0,40,478-409EA30,1,25102,20250918,2025-09-19 00:00:00,D409,2510,4,478,K003,2025-09-11 00:00:00,2025-09-24 00:00:00,2025-09-11 00:00:00,2025-09-24 00:00:00,2025-09-12 00:00:00,2025-09-24 00:00:00,,,2025-09-16 00:00:00,2025-09-25 00:00:00,2025-09-17 00:00:00,2025-09-25 00:00:00,2025-09-18 00:00:00,2025-09-25 00:00:00,,,F000121768
89,DK,K001,M-8ME22,33.0,40,478-409EA33,1,25103,20250924,2025-09-25 00:00:00,D409,2510,4,478,K001,2025-09-17 00:00:00,2025-09-11 00:00:00,2025-09-17 00:00:00,2025-09-12 00:00:00,2025-09-18 00:00:00,2025-09-12 00:00:00,,,2025-09-19 00:00:00,2025-09-16 00:00:00,2025-09-22 00:00:00,2025-09-17 00:00:00,2025-09-24 00:00:00,2025-09-17 00:00:00,,,F000121792
9,DK,K012,OD6B-M-8ERS,30.0,24,478-409AA30,1,25103,20250924,2025-09-25 00:00:00,D409,2510,4,478,K012,2025-09-18 00:00:00,2025-09-12 00:00:00,2025-09-18 00:00:00,2025-09-16 00:00:00,2025-09-19 00:00:00,2025-09-16 00:00:00,,,2025-09-22 00:00:00,2025-09-17 00:00:00,2025-09-24 00:00:00,2025-09-18 00:00:00,2025-09-24 00:00:00,2025-09-19 00:00:00,,,F000122252
90,DK,K002,M-8ME22,33.0,40,478-409EA33,1,25103,20250924,2025-09-25 00:00:00,D409,2510,4,478,K002,2025-09-17 00:00:00,2025-09-16 00:00:00,2025-09-17 00:00:00,2025-09-17 00:00:00,2025-09-18 00:00:00,2025-09-17 00:00:00,,,2025-09-19 00:00:00,2025-09-18 00:00:00,2025-09-22 00:00:00,2025-09-19 00:00:00,2025-09-24 00:00:00,2025-09-19 00:00:00,,,F000121813
91,DK,K044,OD6B-M-FY6S,34.0,18,5211-405AB34,1,25108,20251015,2025-10-16 00:00:00,D405,2510,4,5211,K044,2025-10-09 00:00:00,2025-10-07 00:00:00,2025-10-09 00:00:00,2025-10-07 00:00:00,2025-10-10 00:00:00,2025-10-07 00:00:00,,,2025-10-14 00:00:00,2025-10-08 00:00:00,2025-10-15 00:00:00,2025-10-08 00:00:00,2025-10-15 00:00:00,2025-10-09 00:00:00,,,F000125085
92,DK,K044,OD6B-M-FY6S,34.0,18,5211-409AA34,1,25108,20251015,2025-10-16 00:00:00,D409,2510,4,5211,K044,2025-10-09 00:00:00,2025-10-06 00:00:00,2025-10-09 00:00:00,2025-10-06 00:00:00,2025-10-10 00:00:00,2025-10-06 00:00:00,,,2025-10-14 00:00:00,2025-10-07 00:00:00,2025-10-15 00:00:00,2025-10-07 00:00:00,2025-10-15 00:00:00,2025-10-07 00:00:00,,,F000125086
93,DK,Z0225,M-LEC7DSI,38.0,20,5540-405AA38,1,25100,20251029,2025-10-29 00:00:00,D405,2510,5,5540,Z0225,2025-10-22 00:00:00,,2025-10-23 00:00:00,,2025-10-24 00:00:00,,,,2025-10-27 00:00:00,,2025-10-28 00:00:00,,2025-10-28 00:00:00,,2025-10-22 00:00:00,,F000122984
94,DK,K7351,M-LEC6DS33,38.0,28,5546-405AB38,1,25100,20251029,2025-10-29 00:00:00,D405,2510,5,5546,K7351,2025-10-22 00:00:00,,2025-10-23 00:00:00,,2025-10-24 00:00:00,,,,2025-10-27 00:00:00,,2025-10-28 00:00:00,,2025-10-28 00:00:00,,2025-10-22 00:00:00,,F000127913
95,DK,K7351,M-LEC6DS33,38.0,28,6104-409CA38,1,25100,20251029,2025-10-29 00:00:00,D409,2510,5,6104,K7351,2025-10-23 00:00:00,,2025-10-23 00:00:00,,2025-10-24 00:00:00,,,,2025-10-27 00:00:00,,2025-10-28 00:00:00,,2025-10-28 00:00:00,,,,F000127914
