order_no,item_code,item_name,quantity,status,purch_odr_typ,delivery_date,前工程
E8732909,MC-603-601-BLOCK,SINKER CAP,300.0,2,1,2025-09-16,MC-603-601-BLOCK
E8754516,PA-G-9501HB,BRACKET,15.0,2,1,2025-11-04,PA-G-9501HB
E8764797,L1-161-501AA30,CAM RING,3.0,2,1,2025-08-29,L1-161-501AA30
E8764798,L1-161-501AA34,CAM RING,3.0,2,1,2025-08-29,L1-161-501AA34
E8764836,LA-161-501AA34-DF,CAM RING,3.0,2,1,2025-08-29,LA-161-501AA34-DF
E8799137,L1-161-406DE34,GEAR RING (170-406AA34ﾄ ｶﾀ ｵﾅｼﾞ),5.0,2,1,2025-09-11,L1-161-406DE34
E8799339,L1-478-409AA34-S,NEEDLE DIAL,20.0,2,1,2025-11-12,L1-478-409AA34-S
E8802771,L1-1531-406AA30,GEAR RING,1.0,2,2,2025-09-26,L1-1531-406AA30
E8812269,LC-970-41030-S,SINKER REST RING★★★★ゲージ注意★★★,5.0,2,1,2025-09-26,LC-970-41030-S
E8812379,MC-603-601-BLOCK,SINKER CAP,300.0,2,1,2025-09-19,MC-603-601-BLOCK
E8812380,MC-603-601-BLOCK,SINKER CAP,300.0,2,1,2025-10-07,MC-603-601-BLOCK
E8815699,TH-KF20-03902AB,STATIONARY BEVEL GEAR(90NT),30.0,2,1,2025-10-10,TH-KF20-03902AB
E8819019,AO-100-201B1150,TAKE UP DRIVING ROLLER,2.0,2,2,2025-10-22,AO-100-201B1150
E8819021,AO-100-202A1150,100-202AB-ROLL-NEWTYPE,2.0,2,2,2025-10-22,AO-100-202A1150
E8822115,L1-78-40531-S,NEEDLE CYLINDER,12.0,2,1,2025-10-01,L1-78-40531-S
E8822134,L1-87-405EA32-S,NEEDLE CYLINDER,4.0,2,1,2025-10-08,L1-87-405EA32-S
E8826041,PA-G-1111UA,GUIDE PLATE   W/PA,250.0,2,1,2025-10-29,PA-G-1111UA
E8826042,PA-G-1111VA,GUIDE PLATE   W/PA,250.0,2,1,2025-10-29,PA-G-1111VA
E8826953,AO-KA65-00101AA,YARN CARRIER HOLDER,1000.0,2,1,2025-10-02,AO-KA65-00101AA
E8826954,AO-KA65-00101AA,YARN CARRIER HOLDER,1000.0,2,1,2025-10-02,AO-KA65-00101AA
E8826955,AO-KA65-00101AA,YARN CARRIER HOLDER,1000.0,2,1,2025-10-02,AO-KA65-00101AA
E8826994,L1-161-406DE34,GEAR RING (170-406AA34ﾄ ｶﾀ ｵﾅｼﾞ),4.0,2,1,2025-09-26,L1-161-406DE34
E8827005,LA-161-406DE31-D,GEAR RING (HIZUMI TORI),5.0,2,1,2025-10-07,LA-161-406DE31-D
E8827006,L1-161-406DE31,GEAR RING,5.0,2,1,2025-09-30,L1-161-406DE31
E8827022,LA-161-406DE31-D,GEAR RING (HIZUMI TORI),5.0,2,1,2025-10-10,LA-161-406DE31-D
E8827023,L1-161-406DE31,GEAR RING,5.0,2,1,2025-10-03,L1-161-406DE31
E8827040,LA-161-406DE31-D,GEAR RING (HIZUMI TORI),12.0,2,1,2025-10-15,LA-161-406DE31-D
E8827041,L1-161-406DE31,GEAR RING,12.0,2,1,2025-10-07,L1-161-406DE31
E8827054,L1-101-440BB30,TOP GEAR,5.0,2,1,2025-10-10,L1-101-440BB30
E8827056,L1-12Q-411BA31,NEEDLE DIAL HUB,5.0,2,1,2025-10-10,L1-12Q-411BA31
E8827059,LA-161-406DE31-D,GEAR RING (HIZUMI TORI),5.0,2,1,2025-10-20,LA-161-406DE31-D
E8827060,L1-161-406DE31,GEAR RING,5.0,2,1,2025-10-10,L1-161-406DE31
E8827070,L1-12Q-411BA34,NEEDLE DIAL HUB(L1ﾉﾐ),5.0,2,1,2025-10-15,L1-12Q-411BA34
E8827078,L1-161-406DE34,GEAR RING (170-406AA34ﾄ ｶﾀ ｵﾅｼﾞ),5.0,2,1,2025-10-15,L1-161-406DE34
E8827086,L1-12Q-411BA34,NEEDLE DIAL HUB(L1ﾉﾐ),5.0,2,1,2025-10-17,L1-12Q-411BA34
E8827094,L1-161-406DE34,GEAR RING (170-406AA34ﾄ ｶﾀ ｵﾅｼﾞ),5.0,2,1,2025-10-17,L1-161-406DE34
E8827239,MC-161-402CA38,DIAL YOKE   (MC),5.0,2,1,2025-10-31,MC-161-402CA38
E8827240,L1-161-402CA38,DIAL YOKE,5.0,2,1,2025-10-17,L1-161-402CA38
E8827273,MC-G-6501HA,DRIVING BRACKET,5.0,2,1,2025-10-22,MC-G-6501HA
E8827275,MC-G-6501HA,DRIVING BRACKET,5.0,2,1,2025-10-24,MC-G-6501HA
E8827285,L2-12Q-411BA31-NAKAMURA,NEEDLE DIAL HUB(L2-MC),5.0,2,1,2025-10-10,L2-12Q-411BA31-NAKAMURA
E8827287,L2-12Q-411BA31-NAKAMURA,NEEDLE DIAL HUB(L2-MC),5.0,2,1,2025-10-20,L2-12Q-411BA31-NAKAMURA
E8827288,PL-5154-502EA34,CAM HOLDER ｶﾆｾﾞﾝﾒｯｷ(28個),4.0,2,1,2025-10-10,PL-5154-502EA34
E8827291,PL-5154-502AA30,CAM HOLDER ｶﾆｾﾞﾝﾒｯｷ(25個),7.0,2,1,2025-10-22,PL-5154-502AA30
E8827758,AO-KF12-00801AB34,PIPE GUARD NET  ﾊﾞﾝｷﾝｾｲｻｸ､ﾖｳｾﾂ,10.0,2,1,2025-10-29,AO-KF12-00801AB34
E8827759,AO-KF12-00801AB34,PIPE GUARD NET  ﾊﾞﾝｷﾝｾｲｻｸ､ﾖｳｾﾂ,10.0,2,1,2025-10-31,AO-KF12-00801AB34
E8827762,AO-KF12-00801AD30,PIPE GUARD NET  ﾊﾞﾝｷﾝｾｲｻｸ､ﾖｳｾﾂ,10.0,2,1,2025-10-22,AO-KF12-00801AD30
E8827763,AO-KF12-00801AD30,PIPE GUARD NET  ﾊﾞﾝｷﾝｾｲｻｸ､ﾖｳｾﾂ,10.0,2,1,2025-10-27,AO-KF12-00801AD30
E8827765,AO-KF12-00802AB34,PIPE GUARD NET  ﾊﾞﾝｷﾝｾｲｻｸ､ﾖｳｾﾂ,10.0,2,1,2025-10-29,AO-KF12-00802AB34
E8827766,AO-KF12-00802AB34,PIPE GUARD NET  ﾊﾞﾝｷﾝｾｲｻｸ､ﾖｳｾﾂ,10.0,2,1,2025-10-31,AO-KF12-00802AB34
E8827769,AO-KF12-00802AD30,PIPE GUARD NET  ﾊﾞﾝｷﾝｾｲｻｸ､ﾖｳｾﾂ,10.0,2,1,2025-10-22,AO-KF12-00802AD30
E8827770,AO-KF12-00802AD30,PIPE GUARD NET  ﾊﾞﾝｷﾝｾｲｻｸ､ﾖｳｾﾂ,10.0,2,1,2025-10-27,AO-KF12-00802AD30
E8827771,AO-KF12-00803AB34,PIPE GUARD NET  ﾊﾞﾝｷﾝｾｲｻｸ､ﾖｳｾﾂ,5.0,2,1,2025-10-29,AO-KF12-00803AB34
E8827772,AO-KF12-00803AB34,PIPE GUARD NET  ﾊﾞﾝｷﾝｾｲｻｸ､ﾖｳｾﾂ,5.0,2,1,2025-10-31,AO-KF12-00803AB34
E8827775,AO-KF12-00803AD30,PIPE GUARD NET  ﾊﾞﾝｷﾝｾｲｻｸ､ﾖｳｾﾂ,5.0,2,1,2025-10-22,AO-KF12-00803AD30
E8827776,AO-KF12-00803AD30,PIPE GUARD NET  ﾊﾞﾝｷﾝｾｲｻｸ､ﾖｳｾﾂ,5.0,2,1,2025-10-27,AO-KF12-00803AD30
E8827778,AO-KF12-00804AB34,PIPE GUARD NET  ﾊﾞﾝｷﾝｾｲｻｸ､ﾖｳｾﾂ,5.0,2,1,2025-10-29,AO-KF12-00804AB34
E8827779,AO-KF12-00804AB34,PIPE GUARD NET  ﾊﾞﾝｷﾝｾｲｻｸ､ﾖｳｾﾂ,5.0,2,1,2025-10-31,AO-KF12-00804AB34
E8827782,AO-KF12-00804AD30,PIPE GUARD NET  ﾊﾞﾝｷﾝｾｲｻｸ､ﾖｳｾﾂ,5.0,2,1,2025-10-22,AO-KF12-00804AD30
E8827783,AO-KF12-00804AD30,PIPE GUARD NET  ﾊﾞﾝｷﾝｾｲｻｸ､ﾖｳｾﾂ,5.0,2,1,2025-10-27,AO-KF12-00804AD30
E8832028,MC-161-404AAC,SIDE,21.0,2,1,2025-10-24,MC-161-404AAC
E8832029,MC-161-404AAC,SIDE,21.0,2,1,2025-10-31,MC-161-404AAC
E8835862,MC-100-204AA,RIGHT SIDE FRAME,5.0,2,2,2025-12-05,MC-100-204AA
E8839147,PA-KF12-02301AA36,PIPE GUARD NET,4.0,2,1,2025-10-27,PA-KF12-02301AA36
E8839148,PA-KF12-02302AA36,PIPE GUARD NET,4.0,2,1,2025-10-27,PA-KF12-02302AA36
E8839149,PA-KF12-02303AA36,PIPE GUARD NET,2.0,2,1,2025-10-27,PA-KF12-02303AA36
E8839150,PA-KF12-02304AA36,PIPE GUARD NET,2.0,2,1,2025-10-27,PA-KF12-02304AA36
E8839895,L1-1831-501BA32,CAM RING,2.0,2,1,2025-10-10,L1-1831-501BA32
E8839902,L1-1831-401AA36,BED,2.0,2,1,2025-10-03,L1-1831-401AA36
E8839904,L1-3164-502AA32,CAM HOLDER,2.0,2,1,2025-09-26,L1-3164-502AA32
E8839911,PL-3164-502EB32,CAM HOLDER ｶﾆｾﾞﾝﾒｯｷ(36個),2.0,2,1,2025-10-20,PL-3164-502EB32
E8839933,L1-87-405EA34,NEEDLE CYLINDER,8.0,2,1,2025-09-26,L1-87-405EA34
E8839937,LC-970-41034-S,SINKER REST RING,5.0,2,1,2025-09-24,LC-970-41034-S
E8844617,AO-KF12-00801AB34,PIPE GUARD NET  ﾊﾞﾝｷﾝｾｲｻｸ､ﾖｳｾﾂ,2.0,2,1,2025-10-27,AO-KF12-00801AB34
E8844618,AO-KF12-00801AB34,PIPE GUARD NET  ﾊﾞﾝｷﾝｾｲｻｸ､ﾖｳｾﾂ,4.0,2,1,2025-10-31,AO-KF12-00801AB34
E8844619,AO-KF12-00802AB34,PIPE GUARD NET  ﾊﾞﾝｷﾝｾｲｻｸ､ﾖｳｾﾂ,2.0,2,1,2025-10-27,AO-KF12-00802AB34
E8844620,AO-KF12-00802AB34,PIPE GUARD NET  ﾊﾞﾝｷﾝｾｲｻｸ､ﾖｳｾﾂ,4.0,2,1,2025-10-31,AO-KF12-00802AB34
E8844621,AO-KF12-00803AB34,PIPE GUARD NET  ﾊﾞﾝｷﾝｾｲｻｸ､ﾖｳｾﾂ,1.0,2,1,2025-10-27,AO-KF12-00803AB34
E8844622,AO-KF12-00803AB34,PIPE GUARD NET  ﾊﾞﾝｷﾝｾｲｻｸ､ﾖｳｾﾂ,2.0,2,1,2025-10-31,AO-KF12-00803AB34
E8844623,AO-KF12-00804AB34,PIPE GUARD NET  ﾊﾞﾝｷﾝｾｲｻｸ､ﾖｳｾﾂ,1.0,2,1,2025-10-27,AO-KF12-00804AB34
E8844624,AO-KF12-00804AB34,PIPE GUARD NET  ﾊﾞﾝｷﾝｾｲｻｸ､ﾖｳｾﾂ,2.0,2,1,2025-10-31,AO-KF12-00804AB34
E8848148,PL-K-2001F34,FABRIC RING      HCR,1.0,2,1,2025-10-22,PL-K-2001F34
E8850322,L1-1035-417AA30-DRUM,COVER RING,1.0,2,1,2025-10-24,L1-1035-417AA30-DRUM
E8850323,L1-1035-418AA30-DRUM,INNER RACE,2.0,2,1,2025-10-10,L1-1035-418AA30-DRUM
E8850412,L1-625-65134-DRUM,YARN CARRIER RING,1.0,2,1,2025-10-20,L1-625-65134-DRUM
E8850413,L1-720-65242-DRUM,YARN CARRIER RING,1.0,2,1,2025-10-20,L1-720-65242-DRUM
E8853013,L1-161-406SA34,GEAR RING,1.0,2,1,2025-10-10,L1-161-406SA34
E8853020,L1-165-601GA40,DIAL CAP HUB,2.0,2,1,2025-10-10,L1-165-601GA40
E8853022,LA-5211-601AA34-L2,DIAL CAP HUB   L2,1.0,2,1,2025-10-20,LA-5211-601AA34-L2
E8853023,L1-5211-601AA34,DIAL CAP HUB,1.0,2,1,2025-10-10,L1-5211-601AA34
E8853026,L1-171-501AA34,CAM RING(L1),2.0,2,1,2025-10-10,L1-171-501AA34
E8853038,L1-5211-601AA34,DIAL CAP HUB,2.0,2,1,2025-10-15,L1-5211-601AA34
E8853042,L1-161-406RE34,GEAR RING,2.0,2,1,2025-10-15,L1-161-406RE34
E8853045,L1-5529-501CA34,CAM RING,2.0,2,1,2025-10-15,L1-5529-501CA34
E8853143,L1-474-502AA38,CAM HOLDER,2.0,2,1,2025-10-03,L1-474-502AA38
E8853180,L1-171-406PA30,GEAR RING,2.0,2,1,2025-10-17,L1-171-406PA30
E8853183,L1-171-501HA30,CAM RING A       (L1),2.0,2,1,2025-10-17,L1-171-501HA30
E8853205,PL-4207-502AA34,CAM HOLDER ｶﾆｾﾞﾝﾒｯｷ(37個),2.0,2,1,2025-10-27,PL-4207-502AA34
E8853229,L1-57-40524-S,NEEDLE CYLINDER,3.0,2,1,2025-10-08,L1-57-40524-S
E8854965,L-100-270EA1411-1,ASSY. REEL ROLL,10.0,2,1,2025-11-05,L-100-270EA1411-1
E8854970,L-1331-204GA2500,FRICTION ROLLER,2.0,2,1,2025-11-05,L-1331-204GA2500
E8854972,L-1331-251AA1548-1,ASSY.GUIDE ROLLER,10.0,2,1,2025-11-05,L-1331-251AA1548-1
E8855024,L2-KF20-02224DP,BEVEL GEAR STAND,60.0,2,1,2025-10-28,L2-KF20-02224DP
E8856335,MC-KF20-02224DP,BEVEL GEAR STAND,60.0,2,1,2025-10-28,MC-KF20-02224DP
E8856526,PA-1651-290BA,DRIVING BAR(刻印2),4.0,2,1,2025-11-05,PA-1651-290BA
E8856850,PL-K-2001F30,FABRIC RING      HCR,20.0,2,1,2025-11-05,PL-K-2001F30
E8856851,PL-K-2001F34,FABRIC RING      HCR,2.0,2,1,2025-10-29,PL-K-2001F34
E8857316,L1-59-40924-S,NEEDLE DIAL,2.0,2,1,2025-10-08,L1-59-40924-S
E8857706,AO-1631-105DCL38,PIPE GUARD NET  ﾊﾞﾝｷﾝｾｲｻｸ､ﾖｳｾﾂ,2.0,2,1,2025-11-05,AO-1631-105DCL38
E8857707,AO-1631-105ECL38,PIPE GUARD NET  ﾊﾞﾝｷﾝｾｲｻｸ､ﾖｳｾﾂ,2.0,2,1,2025-11-05,AO-1631-105ECL38
E8857709,AO-1631-105FDL38,PIPE GUARD NET  ﾊﾞﾝｷﾝｾｲｻｸ､ﾖｳｾﾂ,2.0,2,1,2025-11-05,AO-1631-105FDL38
E8857711,AO-1631-105GDL38,PIPE GUARD NET  ﾊﾞﾝｷﾝｾｲｻｸ､ﾖｳｾﾂ,2.0,2,1,2025-11-05,AO-1631-105GDL38
E8859221,L-165-256BA1333,FRICTION ROLLER,8.0,2,1,2025-11-05,L-165-256BA1333
E8859250,L1-1651-237BA,SPUR GEAR(134NT),30.0,2,1,2025-10-24,L1-1651-237BA
E8860997,PA-KF12-02301AA36,PIPE GUARD NET,4.0,2,1,2025-11-06,PA-KF12-02301AA36
E8860999,PA-KF12-02302AA36,PIPE GUARD NET,4.0,2,1,2025-11-06,PA-KF12-02302AA36
E8861001,PA-KF12-02303AA36,PIPE GUARD NET,2.0,2,1,2025-11-06,PA-KF12-02303AA36
E8861002,PA-KF12-02304AA36,PIPE GUARD NET,2.0,2,1,2025-11-06,PA-KF12-02304AA36
E8861606,L1-1831-406AA34,GEAR RING,2.0,2,1,2025-10-15,L1-1831-406AA34
E8861616,L1-12Q-411BA34,NEEDLE DIAL HUB(L1ﾉﾐ),2.0,2,1,2025-10-21,L1-12Q-411BA34
E8861629,L1-161-406DE34,GEAR RING (170-406AA34ﾄ ｶﾀ ｵﾅｼﾞ),2.0,2,1,2025-10-21,L1-161-406DE34
E8861636,L1-165-601BA36,DIAL CAP HUB,2.0,2,1,2025-10-21,L1-165-601BA36
E8861639,L1-161-601HA38,DIAL CAP HUB),2.0,2,1,2025-10-21,L1-161-601HA38
E8861642,L1-5529-501CA38,CAM RING,2.0,2,1,2025-10-21,L1-5529-501CA38
E8861675,MC-161-402CA38,DIAL YOKE   (MC),4.0,2,1,2025-11-05,MC-161-402CA38
E8861676,L1-161-402CA38,DIAL YOKE,4.0,2,1,2025-10-21,L1-161-402CA38
E8861678,MC-161-403CA38,DIAL YOKE RING (MC),4.0,2,1,2025-11-05,MC-161-403CA38
E8861679,L1-161-403CA38,DIAL YOKE RING,4.0,2,1,2025-10-21,L1-161-403CA38
E8861714,MC-G-6501HA,DRIVING BRACKET,2.0,2,1,2025-10-28,MC-G-6501HA
E8861716,MC-G-6501HB,DRIVING BRACKET,2.0,2,1,2025-10-28,MC-G-6501HB
E8861724,MC-1631-111BA,ADDITIONAL LEG,12.0,2,1,2025-11-05,MC-1631-111BA
E8861728,PL-3164-502AB34,CAM HOLDER ｶﾆｾﾞﾝﾒｯｷ(37個),2.0,2,1,2025-10-29,PL-3164-502AB34
E8861729,PL-3147-502LA30,CAM HOLDER ｶﾆｾﾞﾝﾒｯｷ(31個),2.0,2,1,2025-10-31,PL-3147-502LA30
E8861730,PL-3165-502EA30,CAM HOLDER ｶﾆｾﾞﾝﾒｯｷ(33個),4.0,2,1,2025-11-05,PL-3165-502EA30
E8861731,PL-5154-502AA34,CAM HOLDER ｶﾆｾﾞﾝﾒｯｷ(28個),2.0,2,1,2025-11-05,PL-5154-502AA34
E8861917,L1-78-40531-S,NEEDLE CYLINDER,12.0,2,1,2025-10-08,L1-78-40531-S
E8861920,L1-78-40531-S,NEEDLE CYLINDER,12.0,2,1,2025-10-15,L1-78-40531-S
E8861925,L1-78-40534-S,NEEDLE CYLINDER,12.0,2,1,2025-10-15,L1-78-40534-S
E8861926,L1-78-40534-S,NEEDLE CYLINDER,12.0,2,1,2025-10-22,L1-78-40534-S
E8862152,L1-478-409AA34-S,NEEDLE DIAL,20.0,2,1,2025-11-25,L1-478-409AA34-S
E8862153,L1-478-409AA34-S,NEEDLE DIAL,20.0,2,1,2025-11-25,L1-478-409AA34-S
E8862155,L1-79-409B30-S,NEEDLE DIAL,20.0,2,1,2025-10-15,L1-79-409B30-S
E8862156,L1-79-409B30-S,NEEDLE DIAL,20.0,2,1,2025-10-22,L1-79-409B30-S
E8862158,L1-87-405EA34,NEEDLE CYLINDER,8.0,2,1,2025-10-10,L1-87-405EA34
E8864617,MC-KF20-03501AE,RIGHT SIDE FRAME BOTTOM,30.0,2,1,2025-11-14,MC-KF20-03501AE
E8864618,MC-KF20-03502AE,LEFT SIDE FRAME BOTTOM,30.0,2,1,2025-11-14,MC-KF20-03502AE
E8865630,L1-87-405EA32,NEEDLE CYLINDER,4.0,2,1,2025-10-15,L1-87-405EA32
E8865668,AO-165-201AA1150,TAKE UP DRIVING ROLLER,1.0,2,2,2025-11-19,AO-165-201AA1150
E8865670,AO-165-202AA1150,TAKE UP DRIVING ROLLER,1.0,2,2,2025-11-19,AO-165-202AA1150
E8865674,AO-165-201CA1150,ASSY. TAKE UP DRIVING ROLLER,1.0,2,2,2025-11-12,AO-165-201CA1150
E8865676,AO-165-202CA1150,ASSY. TAKE UP DRIVEN ROLLER,2.0,2,2,2025-11-12,AO-165-202CA1150
E8865679,L-100-206D1150,FRICTION ROLLER,6.0,2,2,2025-11-12,L-100-206D1150
E8872059,AO-KA65-00101AA,YARN CARRIER HOLDER,1000.0,2,1,2025-11-14,AO-KA65-00101AA
E8872060,AO-KA65-00101AA,YARN CARRIER HOLDER,1000.0,2,1,2025-11-14,AO-KA65-00101AA
E8872061,AO-KA65-00101AA,YARN CARRIER HOLDER,1000.0,2,1,2025-11-14,AO-KA65-00101AA
E8872062,AO-KA65-00101AA,YARN CARRIER HOLDER,1000.0,2,1,2025-11-14,AO-KA65-00101AA
E8872063,AO-KA65-00101AA,YARN CARRIER HOLDER,1000.0,2,1,2025-11-14,AO-KA65-00101AA
E8874791,L1-1035-418AA30-DRUM,INNER RACE,2.0,2,1,2025-11-07,L1-1035-418AA30-DRUM
E8874869,L1-1651-237BA,SPUR GEAR(134NT),30.0,2,1,2025-11-14,L1-1651-237BA
E8874895,L1-3538-608AA34,CAP RING,4.0,2,1,2025-10-30,L1-3538-608AA34
E8874897,L1-3557-601AA34,SINKER CAP,1.0,2,1,2025-10-17,L1-3557-601AA34
E8874911,L1-485-641BA30-DRUM,YARN CARRIER RING,4.0,2,1,2025-10-23,L1-485-641BA30-DRUM
E8874912,L1-485-641BA30-DRUM,YARN CARRIER RING,4.0,2,1,2025-11-07,L1-485-641BA30-DRUM
E8874919,L1-810-409B30-S,SINKER DIAL,4.0,2,1,2025-11-07,L1-810-409B30-S
E8874920,L1-810-409B34-S,SINKER DIAL,4.0,2,1,2025-11-07,L1-810-409B34-S
E8875249,M-165-209CA,RATCHET CLAW,100.0,2,1,2025-11-05,M-165-209CA
E8875250,M-165-209DA,RATCHET CLAW,100.0,2,1,2025-11-05,M-165-209DA
E8877475,PL-KS64-03701BA,GUARD RING,4.0,2,1,2025-10-31,PL-KS64-03701BA
E8878042,L1-101-440BB30,TOP GEAR,1.0,2,1,2025-10-23,L1-101-440BB30
E8878044,L1-12Q-411BA31,NEEDLE DIAL HUB,1.0,2,1,2025-10-23,L1-12Q-411BA31
E8878048,L1-12Q-411BA34,NEEDLE DIAL HUB(L1ﾉﾐ),2.0,2,1,2025-10-23,L1-12Q-411BA34
E8878050,LA-12Q-411GA34-MC,NEEDLE DIAL HUB,1.0,2,1,2025-10-30,LA-12Q-411GA34-MC
E8878052,L1-12Q-411GA34,NEEDLE DIAL HUB  (L1ﾉﾐ),1.0,2,1,2025-10-23,L1-12Q-411GA34
E8878056,L1-1551-401AA38,BED,2.0,2,1,2025-10-23,L1-1551-401AA38
E8878060,L1-1551-401AA38,BED,1.0,2,1,2025-10-23,L1-1551-401AA38
E8878064,L1-161-406DE34,GEAR RING (170-406AA34ﾄ ｶﾀ ｵﾅｼﾞ),2.0,2,1,2025-10-23,L1-161-406DE34
E8878067,LA-161-406DE31-D,GEAR RING (HIZUMI TORI),1.0,2,1,2025-10-30,LA-161-406DE31-D
E8878068,L1-161-406DE31,GEAR RING,1.0,2,1,2025-10-23,L1-161-406DE31
E8878072,L1-161-406RE34,GEAR RING,1.0,2,1,2025-10-23,L1-161-406RE34
E8878077,L1-165-601AB33,DIAL CAP HUB,1.0,2,1,2025-10-23,L1-165-601AB33
E8878080,L1-165-601BA36,DIAL CAP HUB,2.0,2,1,2025-10-23,L1-165-601BA36
E8878082,LA-161-601HA34-L2,DIAL CAP HUB   L2,1.0,2,1,2025-10-30,LA-161-601HA34-L2
E8878083,L1-161-601HA34,DIAL CAP HUB,1.0,2,1,2025-10-23,L1-161-601HA34
E8878086,L1-5529-501CA34,CAM RING,1.0,2,1,2025-10-23,L1-5529-501CA34
E8878089,L1-101-440BB30,TOP GEAR,5.0,2,1,2025-10-27,L1-101-440BB30
E8878091,L1-12Q-411BA31,NEEDLE DIAL HUB,5.0,2,1,2025-10-27,L1-12Q-411BA31
E8878094,LA-161-406DE31-D,GEAR RING (HIZUMI TORI),5.0,2,1,2025-11-04,LA-161-406DE31-D
E8878095,L1-161-406DE31,GEAR RING,5.0,2,1,2025-10-27,L1-161-406DE31
E8878098,L1-3557-501AA34,CAM RING(L1),1.0,2,1,2025-10-27,L1-3557-501AA34
E8878100,L1-4109-502AA34,CAM HOLDER,1.0,2,1,2025-10-20,L1-4109-502AA34
E8878102,L1-3557-601AA34,SINKER CAP,1.0,2,1,2025-10-27,L1-3557-601AA34
E8878105,L1-165-601AB30,DIAL CAP HUB,5.0,2,1,2025-10-27,L1-165-601AB30
E8878110,L1-101-440BB30,TOP GEAR,5.0,2,1,2025-10-30,L1-101-440BB30
E8878112,L1-12Q-411BA31,NEEDLE DIAL HUB,5.0,2,1,2025-10-30,L1-12Q-411BA31
E8878116,L1-12Q-411BA36,NEEDLE DIAL HUB(L1ﾉﾐ),2.0,2,1,2025-10-30,L1-12Q-411BA36
E8878120,L1-1551-401AA38,BED,2.0,2,1,2025-10-30,L1-1551-401AA38
E8878123,LA-161-406DE31-D,GEAR RING (HIZUMI TORI),5.0,2,1,2025-11-07,LA-161-406DE31-D
E8878124,L1-161-406DE31,GEAR RING,5.0,2,1,2025-10-30,L1-161-406DE31
E8878127,L1-165-601AB30,DIAL CAP HUB,5.0,2,1,2025-10-30,L1-165-601AB30
E8878129,L1-474-502AA30,CAM HOLDER,5.0,2,1,2025-10-30,L1-474-502AA30
E8878132,L1-5211-601AA36,DIAL CAP HUB,2.0,2,1,2025-10-30,L1-5211-601AA36
E8878135,L1-101-440BB30,TOP GEAR,5.0,2,1,2025-11-04,L1-101-440BB30
E8878137,L1-12Q-411BA31,NEEDLE DIAL HUB,5.0,2,1,2025-11-04,L1-12Q-411BA31
E8878140,LA-161-406DE31-D,GEAR RING (HIZUMI TORI),5.0,2,1,2025-11-11,LA-161-406DE31-D
E8878141,L1-161-406DE31,GEAR RING,5.0,2,1,2025-11-04,L1-161-406DE31
E8878143,L1-474-502AA30,CAM HOLDER,5.0,2,1,2025-11-04,L1-474-502AA30
E8878146,L1-165-601AB30,DIAL CAP HUB,5.0,2,1,2025-11-04,L1-165-601AB30
E8878149,L1-101-440BB30,TOP GEAR,5.0,2,1,2025-11-07,L1-101-440BB30
E8878151,L1-12Q-411BA31,NEEDLE DIAL HUB,5.0,2,1,2025-11-07,L1-12Q-411BA31
E8878154,LA-161-406DE31-D,GEAR RING (HIZUMI TORI),5.0,2,1,2025-11-14,LA-161-406DE31-D
E8878155,L1-161-406DE31,GEAR RING,5.0,2,1,2025-11-07,L1-161-406DE31
E8878158,MC-1751-402BA24,DIAL YOKE   (MC),2.0,2,1,2025-11-21,MC-1751-402BA24
E8878160,MC-1751-404AB,SIDE A (常盤様素材）,2.0,2,1,2025-11-14,MC-1751-404AB
E8878161,MC-1751-404BA,SIDE A　（常盤様素材）,4.0,2,1,2025-11-14,MC-1751-404BA
E8878163,L2-1751-411AA24,NEEDLE DIAL HUB   (L2ﾉﾐ),2.0,2,1,2025-11-11,L2-1751-411AA24
E8878164,L1-1751-411AA24,NEEDLE DIAL HUB   (L1ﾉﾐ),2.0,2,1,2025-11-07,L1-1751-411AA24
E8878165,L1-1751-440AC24,TOP GEAR,2.0,2,1,2025-11-07,L1-1751-440AC24
E8878168,L1-165-601AB30,DIAL CAP HUB,5.0,2,1,2025-11-07,L1-165-601AB30
E8878170,L1-1751-501AA24,CAM RING,2.0,2,1,2025-11-07,L1-1751-501AA24
E8878173,L1-1751-601AA24,DIAL CAP HUB,2.0,2,1,2025-11-07,L1-1751-601AA24
E8878174,L1-474-502AA30,CAM HOLDER,5.0,2,1,2025-11-07,L1-474-502AA30
E8878177,L1-101-440BB30,TOP GEAR,5.0,2,1,2025-11-11,L1-101-440BB30
E8878179,L1-12Q-411BA31,NEEDLE DIAL HUB,5.0,2,1,2025-11-11,L1-12Q-411BA31
E8878182,LA-161-406DE31-D,GEAR RING (HIZUMI TORI),5.0,2,1,2025-11-18,LA-161-406DE31-D
E8878183,L1-161-406DE31,GEAR RING,5.0,2,1,2025-11-11,L1-161-406DE31
E8878185,L1-954-50230,CAM HOLDER,2.0,2,1,2025-11-04,L1-954-50230
E8878188,L1-165-601AB30,DIAL CAP HUB,5.0,2,1,2025-11-11,L1-165-601AB30
E8878190,L1-474-502AA30,CAM HOLDER,5.0,2,1,2025-11-11,L1-474-502AA30
E8878193,L1-101-440BB30,TOP GEAR,5.0,2,1,2025-11-14,L1-101-440BB30
E8878195,L1-12Q-411BA31,NEEDLE DIAL HUB,5.0,2,1,2025-11-14,L1-12Q-411BA31
E8878198,LA-161-406DE31-D,GEAR RING (HIZUMI TORI),5.0,2,1,2025-11-21,LA-161-406DE31-D
E8878199,L1-161-406DE31,GEAR RING,5.0,2,1,2025-11-14,L1-161-406DE31
E8878201,L1-474-502AA30,CAM HOLDER,5.0,2,1,2025-11-14,L1-474-502AA30
E8878204,L1-165-601AB30,DIAL CAP HUB,5.0,2,1,2025-11-14,L1-165-601AB30
E8878207,MC-101-440BB38,TOP GEAR,2.0,2,1,2025-11-07,MC-101-440BB38
E8878208,L1-101-440BB38,TOP GEAR,2.0,2,1,2025-10-23,L1-101-440BB38
E8878215,L1-1551-401AB30,BED,1.0,2,1,2025-10-23,L1-1551-401AB30
E8878217,MC-161-402CA30,DIAL YOKE   (MC),1.0,2,1,2025-11-07,MC-161-402CA30
E8878218,L1-161-402CA30,DIAL YOKE,1.0,2,1,2025-10-23,L1-161-402CA30
E8878220,MC-161-402CA38,DIAL YOKE   (MC),3.0,2,1,2025-11-07,MC-161-402CA38
E8878221,L1-161-402CA38,DIAL YOKE,3.0,2,1,2025-10-23,L1-161-402CA38
E8878223,MC-161-403CA30,DIAL YOKE RING (MC),1.0,2,1,2025-11-07,MC-161-403CA30
E8878224,L1-161-403CA30,DIAL YOKE RING,1.0,2,1,2025-10-23,L1-161-403CA30
E8878226,MC-161-403CA38,DIAL YOKE RING (MC),3.0,2,1,2025-11-07,MC-161-403CA38
E8878227,L1-161-403CA38,DIAL YOKE RING,3.0,2,1,2025-10-23,L1-161-403CA38
E8878234,L1-161-501AA30,CAM RING,1.0,2,1,2025-10-23,L1-161-501AA30
E8878236,LA-161-501AA34-DF,CAM RING,2.0,2,1,2025-11-04,LA-161-501AA34-DF
E8878237,L1-161-501AA34,CAM RING,2.0,2,1,2025-10-23,L1-161-501AA34
E8878241,LA-5500-501EB34-DF,CAM RING B,1.0,2,1,2025-11-04,LA-5500-501EB34-DF
E8878242,L1-5500-501EB34,CAM RING B,1.0,2,1,2025-10-23,L1-5500-501EB34
E8878248,L1-1551-401AB30,BED,5.0,2,1,2025-10-27,L1-1551-401AB30
E8878250,MC-161-402CA30,DIAL YOKE   (MC),5.0,2,1,2025-11-11,MC-161-402CA30
E8878251,L1-161-402CA30,DIAL YOKE,5.0,2,1,2025-10-27,L1-161-402CA30
E8878253,MC-161-403CA30,DIAL YOKE RING (MC),5.0,2,1,2025-11-11,MC-161-403CA30
E8878254,L1-161-403CA30,DIAL YOKE RING,5.0,2,1,2025-10-27,L1-161-403CA30
E8878258,L1-1635-401AA38,BED,1.0,2,1,2025-10-27,L1-1635-401AA38
E8878265,L1-171-406RA34,GEAR RING,1.0,2,1,2025-10-27,L1-171-406RA34
E8878268,L1-161-501AA30,CAM RING,5.0,2,1,2025-10-27,L1-161-501AA30
E8878275,L1-1551-401AB30,BED,5.0,2,1,2025-10-30,L1-1551-401AB30
E8878277,MC-161-402CA30,DIAL YOKE   (MC),5.0,2,1,2025-11-14,MC-161-402CA30
E8878278,L1-161-402CA30,DIAL YOKE,5.0,2,1,2025-10-30,L1-161-402CA30
E8878280,L1-161-402GA36,DIAL YOKE,2.0,2,1,2025-10-30,L1-161-402GA36
E8878282,MC-161-403CA30,DIAL YOKE RING (MC),5.0,2,1,2025-11-14,MC-161-403CA30
E8878283,L1-161-403CA30,DIAL YOKE RING,5.0,2,1,2025-10-30,L1-161-403CA30
E8878285,L1-161-403DA38,DIAL YOKE RING,2.0,2,1,2025-10-30,L1-161-403DA38
E8878289,L1-161-406DE36,GEAR RING,2.0,2,1,2025-10-30,L1-161-406DE36
E8878291,L1-161-441AB36,ROTALY RING,2.0,2,1,2025-10-30,L1-161-441AB36
E8878295,L1-1635-401AA38,BED,1.0,2,1,2025-10-30,L1-1635-401AA38
E8878302,L1-171-406PA34,GEAR RING,1.0,2,1,2025-10-30,L1-171-406PA34
E8878305,L1-3636-501BC34,CAM RING B,1.0,2,1,2025-10-30,L1-3636-501BC34
E8878308,L1-171-501GA34,CAM RING(L1),1.0,2,1,2025-10-30,L1-171-501GA34
E8878313,L1-161-501AA30,CAM RING,5.0,2,1,2025-10-30,L1-161-501AA30
E8878316,L1-161-501AA36,CAM RING,2.0,2,1,2025-10-30,L1-161-501AA36
E8878318,L1-474-502AA36,CAM HOLDER,2.0,2,1,2025-10-23,L1-474-502AA36
E8878322,L1-1551-401AB30,BED,5.0,2,1,2025-11-04,L1-1551-401AB30
E8878324,MC-161-402CA30,DIAL YOKE   (MC),5.0,2,1,2025-11-18,MC-161-402CA30
E8878325,L1-161-402CA30,DIAL YOKE,5.0,2,1,2025-11-04,L1-161-402CA30
E8878327,MC-161-403CA30,DIAL YOKE RING (MC),5.0,2,1,2025-11-18,MC-161-403CA30
E8878328,L1-161-403CA30,DIAL YOKE RING,5.0,2,1,2025-11-04,L1-161-403CA30
E8878334,L1-161-501AA30,CAM RING,5.0,2,1,2025-11-04,L1-161-501AA30
E8878338,L1-1551-401AB30,BED,5.0,2,1,2025-11-07,L1-1551-401AB30
E8878340,MC-161-402CA30,DIAL YOKE   (MC),5.0,2,1,2025-11-21,MC-161-402CA30
E8878341,L1-161-402CA30,DIAL YOKE,5.0,2,1,2025-11-07,L1-161-402CA30
E8878343,MC-161-403CA30,DIAL YOKE RING (MC),5.0,2,1,2025-11-21,MC-161-403CA30
E8878344,L1-161-403CA30,DIAL YOKE RING,5.0,2,1,2025-11-07,L1-161-403CA30
E8878346,MC-170-414AA,HUB NUT (L2.DF),5.0,2,1,2025-11-21,MC-170-414AA
E8878347,L1-170-414AA,DIAL HUB NUT,5.0,2,1,2025-11-07,L1-170-414AA
E8878352,L1-1751-401BB24,BED,2.0,2,1,2025-11-07,L1-1751-401BB24
E8878354,MC-1751-403AA24,DIAL YOKE RING (MC),2.0,2,1,2025-11-14,MC-1751-403AA24
E8878355,L1-1751-403AA24,DIAL YOKE RING,2.0,2,1,2025-11-07,L1-1751-403AA24
E8878360,L1-1751-406BC24,GEAR RING,2.0,2,1,2025-11-07,L1-1751-406BC24
E8878363,MC-1751-414AA24,HUB NUT (L2.DF),2.0,2,1,2025-11-21,MC-1751-414AA24
E8878364,L2-1751-414AA24,DIAL HUB NUT (L1 & L2),2.0,2,1,2025-11-11,L2-1751-414AA24
E8878366,MC-1751-443AA24,TOP GEAR COVER,2.0,2,1,2025-11-21,MC-1751-443AA24
E8878367,L1-1751-443AA24,TOP GEAR COVER,2.0,2,1,2025-11-07,L1-1751-443AA24
E8878370,L1-161-501AA30,CAM RING,5.0,2,1,2025-11-07,L1-161-501AA30
E8878374,L1-1044-440EA30,UPPER GEAR RING,2.0,2,1,2025-11-11,L1-1044-440EA30
E8878376,L1-1536-436AA30,DIAL YOKE,2.0,2,1,2025-11-11,L1-1536-436AA30
E8878380,L1-1551-401AB30,BED,5.0,2,1,2025-11-11,L1-1551-401AB30
E8878382,MC-161-402CA30,DIAL YOKE   (MC),5.0,2,1,2025-11-26,MC-161-402CA30
E8878383,L1-161-402CA30,DIAL YOKE,5.0,2,1,2025-11-11,L1-161-402CA30
E8878385,MC-161-403CA30,DIAL YOKE RING (MC),5.0,2,1,2025-11-26,MC-161-403CA30
E8878386,L1-161-403CA30,DIAL YOKE RING,5.0,2,1,2025-11-11,L1-161-403CA30
E8878390,L1-1636-401AA30,BED,2.0,2,1,2025-11-11,L1-1636-401AA30
E8878392,L1-1636-431AA30,UPPER BED,2.0,2,1,2025-11-11,L1-1636-431AA30
E8878394,MC-170-414AA,HUB NUT (L2.DF),5.0,2,1,2025-11-26,MC-170-414AA
E8878395,L1-170-414AA,DIAL HUB NUT,5.0,2,1,2025-11-11,L1-170-414AA
E8878399,L1-171-406PA30,GEAR RING,2.0,2,1,2025-11-11,L1-171-406PA30
E8878402,L1-171-501HA30,CAM RING A       (L1),2.0,2,1,2025-11-11,L1-171-501HA30
E8878405,L1-3636-501BD30,CAM RING B       (L1),2.0,2,1,2025-11-11,L1-3636-501BD30
E8878407,L1-3237-432AA30,STRIPER RING(L1),2.0,2,1,2025-11-11,L1-3237-432AA30
E8878410,L1-161-501AA30,CAM RING,5.0,2,1,2025-11-11,L1-161-501AA30
E8878414,L1-1551-401AB30,BED,5.0,2,1,2025-11-14,L1-1551-401AB30
E8878416,MC-161-402CA30,DIAL YOKE   (MC),5.0,2,1,2025-12-01,MC-161-402CA30
E8878417,L1-161-402CA30,DIAL YOKE,5.0,2,1,2025-11-14,L1-161-402CA30
E8878419,MC-161-403CA30,DIAL YOKE RING (MC),5.0,2,1,2025-12-01,MC-161-403CA30
E8878420,L1-161-403CA30,DIAL YOKE RING,5.0,2,1,2025-11-14,L1-161-403CA30
E8878422,MC-170-414AA,HUB NUT (L2.DF),5.0,2,1,2025-12-01,MC-170-414AA
E8878423,L1-170-414AA,DIAL HUB NUT,5.0,2,1,2025-11-14,L1-170-414AA
E8878426,L1-161-501AA30,CAM RING,5.0,2,1,2025-11-14,L1-161-501AA30
E8878429,MC-K-28801EB,GEAR BOX,5.0,2,1,2025-11-04,MC-K-28801EB
E8878430,MC-K-28801EB,GEAR BOX,7.0,2,1,2025-11-07,MC-K-28801EB
E8878431,MC-K-28801EB,GEAR BOX,5.0,2,1,2025-11-11,MC-K-28801EB
E8878432,MC-K-28801EB,GEAR BOX,7.0,2,1,2025-11-14,MC-K-28801EB
E8878433,MC-K-28801EB,GEAR BOX,7.0,2,1,2025-11-18,MC-K-28801EB
E8878434,MC-K-28801EB,GEAR BOX,5.0,2,1,2025-11-21,MC-K-28801EB
E8878435,MC-G-6501GA,DRIVING BRACKET,1.0,2,1,2025-10-30,MC-G-6501GA
E8878437,MC-G-6501HA,DRIVING BRACKET,2.0,2,1,2025-10-30,MC-G-6501HA
E8878439,MC-G-6501GA,DRIVING BRACKET,5.0,2,1,2025-11-04,MC-G-6501GA
E8878443,MC-G-6501GA,DRIVING BRACKET,5.0,2,1,2025-11-07,MC-G-6501GA
E8878445,MC-G-6501HA,DRIVING BRACKET,2.0,2,1,2025-11-07,MC-G-6501HA
E8878447,MC-G-6501GA,DRIVING BRACKET,5.0,2,1,2025-11-11,MC-G-6501GA
E8878449,MC-G-6501GA,DRIVING BRACKET,5.0,2,1,2025-11-14,MC-G-6501GA
E8878451,MC-G-6501GA,DRIVING BRACKET,5.0,2,1,2025-11-18,MC-G-6501GA
E8878453,MC-G-6501GA,DRIVING BRACKET,5.0,2,1,2025-11-21,MC-G-6501GA
E8878458,MC-K-29901GA,HOUSING (MC),4.0,2,1,2025-11-07,MC-K-29901GA
E8878462,L2-12Q-411BA31-NAKAMURA,NEEDLE DIAL HUB(L2-MC),1.0,2,1,2025-10-30,L2-12Q-411BA31-NAKAMURA
E8878463,L2-12Q-411BA31-NAKAMURA,NEEDLE DIAL HUB(L2-MC),5.0,2,1,2025-11-04,L2-12Q-411BA31-NAKAMURA
E8878464,L2-12Q-411BA31-NAKAMURA,NEEDLE DIAL HUB(L2-MC),5.0,2,1,2025-11-07,L2-12Q-411BA31-NAKAMURA
E8878465,L2-12Q-411BA31-NAKAMURA,NEEDLE DIAL HUB(L2-MC),5.0,2,1,2025-11-11,L2-12Q-411BA31-NAKAMURA
E8878466,L2-12Q-411BA31-NAKAMURA,NEEDLE DIAL HUB(L2-MC),5.0,2,1,2025-11-14,L2-12Q-411BA31-NAKAMURA
E8878467,L2-12Q-411BA31-NAKAMURA,NEEDLE DIAL HUB(L2-MC),5.0,2,1,2025-11-18,L2-12Q-411BA31-NAKAMURA
E8878468,L2-12Q-411BA31-NAKAMURA,NEEDLE DIAL HUB(L2-MC),5.0,2,1,2025-11-21,L2-12Q-411BA31-NAKAMURA
E8878469,PL-5154-502AA30,CAM HOLDER ｶﾆｾﾞﾝﾒｯｷ(25個),1.0,2,1,2025-11-07,PL-5154-502AA30
E8878470,PL-5154-502AA34,CAM HOLDER ｶﾆｾﾞﾝﾒｯｷ(28個),2.0,2,1,2025-11-07,PL-5154-502AA34
E8878471,PL-3557-502EA34,CAM HOLDER ｶﾆｾﾞﾝﾒｯｷ(49個),1.0,2,1,2025-11-11,PL-3557-502EA34
E8878481,L1-161-403CA38-KYORITSU,DIAL YOKE RING,10.0,2,1,2025-10-31,L1-161-403CA38-KYORITSU
E8878483,MC-161-403CA38-KYORITSU,DIAL YOKE RING (MC),10.0,2,1,2025-10-31,MC-161-403CA38-KYORITSU
E8878489,LA-12Q-411BA31-MC-JTEC,NEEDLE DIAL HUB(L1-L2-MC),5.0,2,1,2025-11-04,LA-12Q-411BA31-MC-JTEC
E8878490,LA-12Q-411BA34-MC-JTEC,NEEDLE DIAL HUB(L1-L2-MC),5.0,2,1,2025-10-30,LA-12Q-411BA34-MC-JTEC
E8878494,LA-12Q-411BA34-MC-JTEC,NEEDLE DIAL HUB(L1-L2-MC),7.0,2,1,2025-11-05,LA-12Q-411BA34-MC-JTEC
E8878500,L1-335-405AA34-S,NEEDLE CYLINDER,2.0,2,1,2025-10-10,L1-335-405AA34-S
E8878503,L1-57-40517-S,NEEDLE CYLINDER,2.0,2,1,2025-10-15,L1-57-40517-S
E8878504,L1-59-40917-S,NEEDLE DIAL,2.0,2,1,2025-10-15,L1-59-40917-S
E8878505,L1-57-40520-S,NEEDLE CYLINDER,2.0,2,1,2025-10-15,L1-57-40520-S
E8878506,L1-59-40920-S,NEEDLE DIAL,2.0,2,1,2025-10-15,L1-59-40920-S
E8878564,L1-1551-401AB30,BED,12.0,2,1,2025-10-21,L1-1551-401AB30
E8880920,L1-1035-417AA30-DRUM,COVER RING,1.0,2,1,2025-11-07,L1-1035-417AA30-DRUM
E8883883,L1-1551-401AB30,BED,5.0,2,1,2025-10-27,L1-1551-401AB30
E8884604,AO-SPL-2944-204JA2200,FRICTION ROLLER,10.0,2,1,2025-10-22,AO-SPL-2944-204JA2200
E8884606,AO-SPL-2944-204JA2200,FRICTION ROLLER,5.0,2,1,2025-10-29,AO-SPL-2944-204JA2200
E8884614,AO-SPL-2944-204JA2300,FRICTION ROLLER,6.0,2,1,2025-10-29,AO-SPL-2944-204JA2300
E8884616,AO-SPL-2944-204JA2300,FRICTION ROLLER,5.0,2,1,2025-11-05,AO-SPL-2944-204JA2300
E8884619,AO-SPL-2944-204KA2200,FRICTION ROLLER,20.0,2,1,2025-10-22,AO-SPL-2944-204KA2200
E8884621,AO-SPL-2944-204KA2200,FRICTION ROLLER,10.0,2,1,2025-10-29,AO-SPL-2944-204KA2200
E8884629,AO-SPL-2944-204KA2300,FRICTION ROLLER,12.0,2,1,2025-10-29,AO-SPL-2944-204KA2300
E8884631,AO-SPL-2944-204KA2300,FRICTION ROLLER,10.0,2,1,2025-11-05,AO-SPL-2944-204KA2300
E8886038,L1-1035-417AA30-DRUM,COVER RING,1.0,2,1,2025-11-18,L1-1035-417AA30-DRUM
E8888931,MC-161-404AAC,SIDE,21.0,2,1,2025-11-12,MC-161-404AAC
E8888938,MC-161-404AAC,SIDE,21.0,2,1,2025-11-14,MC-161-404AAC
E8888939,MC-161-404AAC,SIDE,21.0,2,1,2025-11-19,MC-161-404AAC
E8888941,MC-161-404AAC,SIDE,21.0,2,1,2025-11-21,MC-161-404AAC
E8888942,MC-161-404AAC,SIDE,21.0,2,1,2025-11-26,MC-161-404AAC
E8888943,MC-161-404AAC,SIDE,21.0,2,1,2025-11-28,MC-161-404AAC
E8889405,AO-1631-105BC30,PIPE GUARD NET  ﾊﾞﾝｷﾝｾｲｻｸ､ﾖｳｾﾂ,1.0,2,1,2025-11-07,AO-1631-105BC30
E8889406,AO-1631-105BC38,PIPE GUARD NET  ﾊﾞﾝｷﾝｾｲｻｸ､ﾖｳｾﾂ,2.0,2,1,2025-11-07,AO-1631-105BC38
E8889408,AO-1631-105CD38,PIPE GUARD NET  ﾊﾞﾝｷﾝｾｲｻｸ､ﾖｳｾﾂ,1.0,2,1,2025-11-11,AO-1631-105CD38
E8889409,AO-1631-105CD38,PIPE GUARD NET  ﾊﾞﾝｷﾝｾｲｻｸ､ﾖｳｾﾂ,1.0,2,1,2025-11-14,AO-1631-105CD38
E8889410,AO-1631-105DC38,PIPE GUARD NET  ﾊﾞﾝｷﾝｾｲｻｸ､ﾖｳｾﾂ,1.0,2,1,2025-11-07,AO-1631-105DC38
E8889411,AO-1631-105DC38,PIPE GUARD NET  ﾊﾞﾝｷﾝｾｲｻｸ､ﾖｳｾﾂ,1.0,2,1,2025-11-11,AO-1631-105DC38
E8889412,AO-1631-105DC38,PIPE GUARD NET  ﾊﾞﾝｷﾝｾｲｻｸ､ﾖｳｾﾂ,1.0,2,1,2025-11-14,AO-1631-105DC38
E8889413,AO-1631-105EC38,PIPE GUARD NET  ﾊﾞﾝｷﾝｾｲｻｸ､ﾖｳｾﾂ,1.0,2,1,2025-11-07,AO-1631-105EC38
E8889414,AO-1631-105EC38,PIPE GUARD NET  ﾊﾞﾝｷﾝｾｲｻｸ､ﾖｳｾﾂ,1.0,2,1,2025-11-11,AO-1631-105EC38
E8889415,AO-1631-105EC38,PIPE GUARD NET  ﾊﾞﾝｷﾝｾｲｻｸ､ﾖｳｾﾂ,1.0,2,1,2025-11-14,AO-1631-105EC38
E8889416,AO-1631-105FD30,PIPE GUARD NET  ﾊﾞﾝｷﾝｾｲｻｸ､ﾖｳｾﾂ,1.0,2,1,2025-11-07,AO-1631-105FD30
E8889417,AO-1631-105FD38,PIPE GUARD NET  ﾊﾞﾝｷﾝｾｲｻｸ､ﾖｳｾﾂ,3.0,2,1,2025-11-07,AO-1631-105FD38
E8889418,AO-1631-105FD38,PIPE GUARD NET  ﾊﾞﾝｷﾝｾｲｻｸ､ﾖｳｾﾂ,1.0,2,1,2025-11-11,AO-1631-105FD38
E8889419,AO-1631-105FD38,PIPE GUARD NET  ﾊﾞﾝｷﾝｾｲｻｸ､ﾖｳｾﾂ,1.0,2,1,2025-11-14,AO-1631-105FD38
E8889421,AO-1631-105GD30,PIPE GUARD NET  ﾊﾞﾝｷﾝｾｲｻｸ､ﾖｳｾﾂ,1.0,2,1,2025-11-07,AO-1631-105GD30
E8889422,AO-1631-105GD38,PIPE GUARD NET  ﾊﾞﾝｷﾝｾｲｻｸ､ﾖｳｾﾂ,3.0,2,1,2025-11-07,AO-1631-105GD38
E8889497,AO-KF12-00801AB34,PIPE GUARD NET  ﾊﾞﾝｷﾝｾｲｻｸ､ﾖｳｾﾂ,4.0,2,1,2025-11-14,AO-KF12-00801AB34
E8889498,AO-KF12-00801AB34,PIPE GUARD NET  ﾊﾞﾝｷﾝｾｲｻｸ､ﾖｳｾﾂ,4.0,2,1,2025-11-26,AO-KF12-00801AB34
E8889499,AO-KF12-00801AD30,PIPE GUARD NET  ﾊﾞﾝｷﾝｾｲｻｸ､ﾖｳｾﾂ,10.0,2,1,2025-11-11,AO-KF12-00801AD30
E8889500,AO-KF12-00801AD30,PIPE GUARD NET  ﾊﾞﾝｷﾝｾｲｻｸ､ﾖｳｾﾂ,10.0,2,1,2025-11-14,AO-KF12-00801AD30
E8889501,AO-KF12-00801AD30,PIPE GUARD NET  ﾊﾞﾝｷﾝｾｲｻｸ､ﾖｳｾﾂ,10.0,2,1,2025-11-18,AO-KF12-00801AD30
E8889502,AO-KF12-00801AD30,PIPE GUARD NET  ﾊﾞﾝｷﾝｾｲｻｸ､ﾖｳｾﾂ,10.0,2,1,2025-11-21,AO-KF12-00801AD30
E8889503,AO-KF12-00801AD30,PIPE GUARD NET  ﾊﾞﾝｷﾝｾｲｻｸ､ﾖｳｾﾂ,10.0,2,1,2025-11-26,AO-KF12-00801AD30
E8889504,AO-KF12-00801AD30,PIPE GUARD NET  ﾊﾞﾝｷﾝｾｲｻｸ､ﾖｳｾﾂ,10.0,2,1,2025-12-01,AO-KF12-00801AD30
E8889505,AO-KF12-00802AB34,PIPE GUARD NET  ﾊﾞﾝｷﾝｾｲｻｸ､ﾖｳｾﾂ,4.0,2,1,2025-11-14,AO-KF12-00802AB34
E8889506,AO-KF12-00802AB34,PIPE GUARD NET  ﾊﾞﾝｷﾝｾｲｻｸ､ﾖｳｾﾂ,4.0,2,1,2025-11-26,AO-KF12-00802AB34
E8889507,AO-KF12-00802AD30,PIPE GUARD NET  ﾊﾞﾝｷﾝｾｲｻｸ､ﾖｳｾﾂ,10.0,2,1,2025-11-11,AO-KF12-00802AD30
E8889508,AO-KF12-00802AD30,PIPE GUARD NET  ﾊﾞﾝｷﾝｾｲｻｸ､ﾖｳｾﾂ,10.0,2,1,2025-11-14,AO-KF12-00802AD30
E8889509,AO-KF12-00802AD30,PIPE GUARD NET  ﾊﾞﾝｷﾝｾｲｻｸ､ﾖｳｾﾂ,10.0,2,1,2025-11-18,AO-KF12-00802AD30
E8889510,AO-KF12-00802AD30,PIPE GUARD NET  ﾊﾞﾝｷﾝｾｲｻｸ､ﾖｳｾﾂ,10.0,2,1,2025-11-21,AO-KF12-00802AD30
E8889511,AO-KF12-00802AD30,PIPE GUARD NET  ﾊﾞﾝｷﾝｾｲｻｸ､ﾖｳｾﾂ,10.0,2,1,2025-11-26,AO-KF12-00802AD30
E8889512,AO-KF12-00802AD30,PIPE GUARD NET  ﾊﾞﾝｷﾝｾｲｻｸ､ﾖｳｾﾂ,10.0,2,1,2025-12-01,AO-KF12-00802AD30
E8889513,AO-KF12-00803AB34,PIPE GUARD NET  ﾊﾞﾝｷﾝｾｲｻｸ､ﾖｳｾﾂ,2.0,2,1,2025-11-14,AO-KF12-00803AB34
E8889514,AO-KF12-00803AB34,PIPE GUARD NET  ﾊﾞﾝｷﾝｾｲｻｸ､ﾖｳｾﾂ,2.0,2,1,2025-11-26,AO-KF12-00803AB34
E8889515,AO-KF12-00803AD30,PIPE GUARD NET  ﾊﾞﾝｷﾝｾｲｻｸ､ﾖｳｾﾂ,5.0,2,1,2025-11-11,AO-KF12-00803AD30
E8889516,AO-KF12-00803AD30,PIPE GUARD NET  ﾊﾞﾝｷﾝｾｲｻｸ､ﾖｳｾﾂ,5.0,2,1,2025-11-14,AO-KF12-00803AD30
E8889517,AO-KF12-00803AD30,PIPE GUARD NET  ﾊﾞﾝｷﾝｾｲｻｸ､ﾖｳｾﾂ,5.0,2,1,2025-11-18,AO-KF12-00803AD30
E8889518,AO-KF12-00803AD30,PIPE GUARD NET  ﾊﾞﾝｷﾝｾｲｻｸ､ﾖｳｾﾂ,5.0,2,1,2025-11-21,AO-KF12-00803AD30
E8889519,AO-KF12-00803AD30,PIPE GUARD NET  ﾊﾞﾝｷﾝｾｲｻｸ､ﾖｳｾﾂ,5.0,2,1,2025-11-26,AO-KF12-00803AD30
E8889520,AO-KF12-00803AD30,PIPE GUARD NET  ﾊﾞﾝｷﾝｾｲｻｸ､ﾖｳｾﾂ,5.0,2,1,2025-12-01,AO-KF12-00803AD30
E8889521,AO-KF12-00804AB34,PIPE GUARD NET  ﾊﾞﾝｷﾝｾｲｻｸ､ﾖｳｾﾂ,2.0,2,1,2025-11-14,AO-KF12-00804AB34
E8889522,AO-KF12-00804AB34,PIPE GUARD NET  ﾊﾞﾝｷﾝｾｲｻｸ､ﾖｳｾﾂ,2.0,2,1,2025-11-26,AO-KF12-00804AB34
E8889523,AO-KF12-00804AD30,PIPE GUARD NET  ﾊﾞﾝｷﾝｾｲｻｸ､ﾖｳｾﾂ,5.0,2,1,2025-11-11,AO-KF12-00804AD30
E8889524,AO-KF12-00804AD30,PIPE GUARD NET  ﾊﾞﾝｷﾝｾｲｻｸ､ﾖｳｾﾂ,5.0,2,1,2025-11-14,AO-KF12-00804AD30
E8889525,AO-KF12-00804AD30,PIPE GUARD NET  ﾊﾞﾝｷﾝｾｲｻｸ､ﾖｳｾﾂ,5.0,2,1,2025-11-18,AO-KF12-00804AD30
E8889526,AO-KF12-00804AD30,PIPE GUARD NET  ﾊﾞﾝｷﾝｾｲｻｸ､ﾖｳｾﾂ,5.0,2,1,2025-11-21,AO-KF12-00804AD30
E8889527,AO-KF12-00804AD30,PIPE GUARD NET  ﾊﾞﾝｷﾝｾｲｻｸ､ﾖｳｾﾂ,5.0,2,1,2025-11-26,AO-KF12-00804AD30
E8889528,AO-KF12-00804AD30,PIPE GUARD NET  ﾊﾞﾝｷﾝｾｲｻｸ､ﾖｳｾﾂ,5.0,2,1,2025-12-01,AO-KF12-00804AD30
E8890944,L-100-270EA0930-1,ASSY. REEL ROLL,2.0,2,1,2025-11-21,L-100-270EA0930-1
E8890968,L-165-202CA1333T,ASSY. TAKE UP DRIVEN ROLLER,20.0,2,1,2025-11-04,L-165-202CA1333T
E8890970,L-165-202CA1531T,ASSY. TAKE UP DRIVEN ROLLER,20.0,2,1,2025-11-04,L-165-202CA1531T
E8890971,L-165-241BC0930,ASSY. FRICTION ROLLER,2.0,2,1,2025-11-07,L-165-241BC0930
E8890993,L1-1331-259NA/PA2200,ASSY.GUIDE ROLLER,10.0,2,1,2025-11-04,L1-1331-259NA/PA2200
E8891015,L1-2190-259BA2300,ASSY.GUIDE ROLLER,2.0,2,1,2025-11-04,L1-2190-259BA2300
E8892797,PA-1651-290BA,DRIVING BAR(刻印2),20.0,2,1,2025-11-19,PA-1651-290BA
E8892798,PA-1651-290BA,DRIVING BAR(刻印2),10.0,2,1,2025-11-19,PA-1651-290BA
E8892799,PA-1651-290DA,DRIVING BAR  ﾊﾝﾏ-ﾄﾝﾔｷﾂｹﾄｿｳ(刻印5),20.0,2,1,2025-11-19,PA-1651-290DA
E8892800,PA-1651-290DA,DRIVING BAR  ﾊﾝﾏ-ﾄﾝﾔｷﾂｹﾄｿｳ(刻印5),10.0,2,1,2025-11-19,PA-1651-290DA
E8892801,PA-1651-290EA,DRIVING BAR  ﾊﾝﾏ-ﾄﾝﾔｷﾂｹﾄｿｳ(刻印11),2.0,2,1,2025-11-19,PA-1651-290EA
E8892802,PA-1651-290FA,DRIVING BAR  ﾊﾝﾏ-ﾄﾝﾔｷﾂｹﾄｿｳ(刻印12),2.0,2,1,2025-11-19,PA-1651-290FA
E8892803,PA-1651-290KA,DRIVING BAR,2.0,2,1,2025-11-19,PA-1651-290KA
E8892804,PA-1651-290LA,DRIVING BAR,2.0,2,1,2025-11-19,PA-1651-290LA
E8893219,PL-K-2001F34,FABRIC RING      HCR,1.0,2,1,2025-11-11,PL-K-2001F34
E8893252,PL-KS64-03701BA,GUARD RING,4.0,2,1,2025-11-26,PL-KS64-03701BA
E8893802,L1-79-409B30-S,NEEDLE DIAL,20.0,2,1,2025-10-29,L1-79-409B30-S
E8893838,L1-59-502B24,CAM HOLDER,2.0,2,1,2025-10-30,L1-59-502B24
E8893840,L1-631-50226,CAM HOLDER,1.0,2,1,2025-10-20,L1-631-50226
E8893842,L1-631-60126,SINKER CAP,1.0,2,1,2025-10-27,L1-631-60126
E8893844,L1-631-60826,CAP RING,1.0,2,1,2025-11-04,L1-631-60826
E8893850,PL-631-502NA26,CAM HOLDER ｶﾆｾﾞﾝﾒｯｷ(26個),1.0,2,1,2025-11-11,PL-631-502NA26
E8893915,L1-78-40534-S,NEEDLE CYLINDER,12.0,2,1,2025-10-27,L1-78-40534-S
E8893940,L1-161-501AA30,CAM RING,10.0,2,1,2025-10-10,L1-161-501AA30
E8893947,L1-161-501AA30,CAM RING,5.0,2,1,2025-10-27,L1-161-501AA30
E8893988,L1-78-40531-S,NEEDLE CYLINDER,12.0,2,1,2025-11-05,L1-78-40531-S
E8893989,L1-79-409B30-S,NEEDLE DIAL,20.0,2,1,2025-11-05,L1-79-409B30-S
E8897078,MC-1351-444FA,DRIVING BAR,10.0,2,1,2025-11-04,MC-1351-444FA
E8897300,PA-1831-105AAL30,GUARD NET,2.0,2,1,2025-11-26,PA-1831-105AAL30
E8897301,PA-1831-105BAL30,GUARD NET,2.0,2,1,2025-11-26,PA-1831-105BAL30
E8897302,PA-1831-105CAL30,GUARD NET,2.0,2,1,2025-11-26,PA-1831-105CAL30
E8897303,PA-1831-105DAL30,GUARD NET,2.0,2,1,2025-11-26,PA-1831-105DAL30
E8897304,PA-1831-105EAL30,GUARD NET,2.0,2,1,2025-11-26,PA-1831-105EAL30
E8897305,PA-1831-105FAL30,GUARD NET,2.0,2,1,2025-11-26,PA-1831-105FAL30
E8898326,PA-1831-105AAL30,GUARD NET,4.0,2,1,2025-11-05,PA-1831-105AAL30
E8898327,PA-1831-105BAL30,GUARD NET,4.0,2,1,2025-11-05,PA-1831-105BAL30
E8898328,PA-1831-105CAL30,GUARD NET,4.0,2,1,2025-11-05,PA-1831-105CAL30
E8898329,PA-1831-105DAL30,GUARD NET,4.0,2,1,2025-11-05,PA-1831-105DAL30
E8898330,PA-1831-105EAL30,GUARD NET,4.0,2,1,2025-11-05,PA-1831-105EAL30
E8898331,PA-1831-105FAL30,GUARD NET,4.0,2,1,2025-11-05,PA-1831-105FAL30
E8901558,PA-1331-250PA2300,SQUARE PIPE FRAME  ﾂﾔｱﾘ,2.0,2,1,2025-11-21,PA-1331-250PA2300
E8901706,PA-2190-250BA2300,SQUARE PIPE FRAME,2.0,2,1,2025-11-25,PA-2190-250BA2300
E8902595,L1-1751-402BA24,DIAL YOKE,2.0,2,1,2025-11-07,L1-1751-402BA24
E8902677,L1-78-40531-S,NEEDLE CYLINDER,12.0,2,1,2025-11-12,L1-78-40531-S
E8902678,L1-78-40534-S,NEEDLE CYLINDER,12.0,2,1,2025-11-04,L1-78-40534-S
E8902679,L1-78-40534-S,NEEDLE CYLINDER,12.0,2,1,2025-11-11,L1-78-40534-S
E8902680,L1-78-40534-S,NEEDLE CYLINDER,12.0,2,1,2025-11-18,L1-78-40534-S
E8902681,L1-478-409AA34-S,NEEDLE DIAL,20.0,2,1,2025-12-03,L1-478-409AA34-S
E8902682,L1-78-40538-S,NEEDLE CYLINDER,5.0,2,1,2025-11-14,L1-78-40538-S
E8902694,L1-478-409AA34-S,NEEDLE DIAL,20.0,2,1,2025-12-22,L1-478-409AA34-S
E8904210,L1-625-65134-DRUM,YARN CARRIER RING,1.0,2,1,2025-10-15,L1-625-65134-DRUM
E8906755,L1-880-601AA34,SINKER CAP,2.0,2,1,2025-10-07,L1-880-601AA34
E8906780,L1-1831-401AA30,BED,1.0,2,1,2025-10-30,L1-1831-401AA30
E8906785,LA-1831-501AA30-DF,CAM RING A,1.0,2,1,2025-11-07,LA-1831-501AA30-DF
E8906786,L1-1831-501AA30,CAM RING A,1.0,2,1,2025-10-30,L1-1831-501AA30
E8906793,L1-1831-401AA30,BED,2.0,2,1,2025-11-11,L1-1831-401AA30
E8906798,LA-1831-501AA30-DF,CAM RING A,2.0,2,1,2025-11-18,LA-1831-501AA30-DF
E8906799,L1-1831-501AA30,CAM RING A,2.0,2,1,2025-11-11,L1-1831-501AA30
E8906809,MC-1631-111AA,ADDITIONAL LEG,2.0,2,1,2025-11-18,MC-1631-111AA
E8906811,MC-1631-111BA,ADDITIONAL LEG,4.0,2,1,2025-11-18,MC-1631-111BA
E8906815,PL-3237-502AA34,CAM HOLDER ｶﾆｾﾞﾝﾒｯｷ(28個),2.0,2,1,2025-10-22,PL-3237-502AA34
E8906816,PL-3165-502AB30,CAM HOLDER ｶﾆｾﾞﾝﾒｯｷ(33個),1.0,2,1,2025-11-07,PL-3165-502AB30
E8906817,PL-3165-502AB30,CAM HOLDER ｶﾆｾﾞﾝﾒｯｷ(33個),2.0,2,1,2025-11-18,PL-3165-502AB30
E8906818,MC-RP-0359-01AD,ACT HOLDER,450.0,2,1,2025-09-30,MC-RP-0359-01AD
E8906838,L1-87-405EA30,NEEDLE CYLINDER,12.0,2,1,2025-11-07,L1-87-405EA30
E8906839,L1-740-40930-S,SINKER DIAL,20.0,2,1,2025-11-07,L1-740-40930-S
E8906941,L1-87-405EA32,NEEDLE CYLINDER,4.0,2,1,2025-11-12,L1-87-405EA32
E8910810,L1-101-440BB38,TOP GEAR,10.0,2,1,2025-10-24,L1-101-440BB38
E8910825,L1-740-40932-S,SINKER DIAL,5.0,2,1,2025-11-12,L1-740-40932-S
E8910826,LC-970-41032-S,SINKER REST RING,1.0,2,1,2025-11-10,LC-970-41032-S
E8911336,AO-KF12-02901AA38,PIPE GUARD NET  ﾊﾞﾝｷﾝｾｲｻｸ､ﾖｳｾﾂ,8.0,2,1,2025-10-29,AO-KF12-02901AA38
E8911337,AO-KF12-02901AA38,PIPE GUARD NET  ﾊﾞﾝｷﾝｾｲｻｸ､ﾖｳｾﾂ,6.0,2,1,2025-10-29,AO-KF12-02901AA38
E8911338,AO-KF12-02901AA38,PIPE GUARD NET  ﾊﾞﾝｷﾝｾｲｻｸ､ﾖｳｾﾂ,12.0,2,1,2025-11-12,AO-KF12-02901AA38
E8911339,AO-KF12-02901AA38,PIPE GUARD NET  ﾊﾞﾝｷﾝｾｲｻｸ､ﾖｳｾﾂ,12.0,2,1,2025-11-12,AO-KF12-02901AA38
E8911340,AO-KF12-02902AA38,PIPE GUARD NET  ﾊﾞﾝｷﾝｾｲｻｸ､ﾖｳｾﾂ,8.0,2,1,2025-10-29,AO-KF12-02902AA38
E8911341,AO-KF12-02902AA38,PIPE GUARD NET  ﾊﾞﾝｷﾝｾｲｻｸ､ﾖｳｾﾂ,6.0,2,1,2025-10-29,AO-KF12-02902AA38
E8911342,AO-KF12-02902AA38,PIPE GUARD NET  ﾊﾞﾝｷﾝｾｲｻｸ､ﾖｳｾﾂ,12.0,2,1,2025-11-12,AO-KF12-02902AA38
E8911343,AO-KF12-02902AA38,PIPE GUARD NET  ﾊﾞﾝｷﾝｾｲｻｸ､ﾖｳｾﾂ,12.0,2,1,2025-11-12,AO-KF12-02902AA38
E8911344,AO-KF12-02903AA38,PIPE GUARD NET  ﾊﾞﾝｷﾝｾｲｻｸ､ﾖｳｾﾂ,4.0,2,1,2025-10-29,AO-KF12-02903AA38
E8911345,AO-KF12-02903AA38,PIPE GUARD NET  ﾊﾞﾝｷﾝｾｲｻｸ､ﾖｳｾﾂ,3.0,2,1,2025-10-29,AO-KF12-02903AA38
E8911346,AO-KF12-02903AA38,PIPE GUARD NET  ﾊﾞﾝｷﾝｾｲｻｸ､ﾖｳｾﾂ,6.0,2,1,2025-11-12,AO-KF12-02903AA38
E8911347,AO-KF12-02903AA38,PIPE GUARD NET  ﾊﾞﾝｷﾝｾｲｻｸ､ﾖｳｾﾂ,6.0,2,1,2025-11-12,AO-KF12-02903AA38
E8911348,AO-KF12-02904AA38,PIPE GUARD NET  ﾊﾞﾝｷﾝｾｲｻｸ､ﾖｳｾﾂ,4.0,2,1,2025-10-29,AO-KF12-02904AA38
E8911349,AO-KF12-02904AA38,PIPE GUARD NET  ﾊﾞﾝｷﾝｾｲｻｸ､ﾖｳｾﾂ,3.0,2,1,2025-10-29,AO-KF12-02904AA38
E8911350,AO-KF12-02904AA38,PIPE GUARD NET  ﾊﾞﾝｷﾝｾｲｻｸ､ﾖｳｾﾂ,6.0,2,1,2025-11-12,AO-KF12-02904AA38
E8911351,AO-KF12-02904AA38,PIPE GUARD NET  ﾊﾞﾝｷﾝｾｲｻｸ､ﾖｳｾﾂ,6.0,2,1,2025-11-12,AO-KF12-02904AA38
E8913019,L-KF20-01607AA1000,GUIDE PIPE,10.0,2,1,2025-12-01,L-KF20-01607AA1000
E8913020,L-KF20-01607AA1000,GUIDE PIPE,10.0,2,1,2025-12-03,L-KF20-01607AA1000
E8913083,L1-485-641BA34-DRUM,YARN CARRIER RING,4.0,2,1,2025-11-07,L1-485-641BA34-DRUM
E8913085,L1-631-60830,CAP RING,3.0,2,1,2025-10-29,L1-631-60830
E8913086,L1-631-60832,CAP RING,3.0,2,1,2025-11-18,L1-631-60832
E8913088,L1-748-601AA32,SINKER CAP,2.0,2,1,2025-11-11,L1-748-601AA32
E8913094,L2-KF20-02223BD,TAKE UP STAND,30.0,2,1,2025-11-07,L2-KF20-02223BD
E8914944,PA-1651-290BA,DRIVING BAR(刻印2),28.0,2,1,2025-11-19,PA-1651-290BA
E8914945,PA-1651-290BA,DRIVING BAR(刻印2),12.0,2,1,2025-11-19,PA-1651-290BA
E8914958,PA-G-1111VA,GUIDE PLATE   W/PA,250.0,2,1,2025-12-10,PA-G-1111VA
E8915142,PA-KF12-02901AA38,PIPE GUARD NET,8.0,2,1,2025-11-05,PA-KF12-02901AA38
E8915143,PA-KF12-02901AA38,PIPE GUARD NET,6.0,2,1,2025-11-05,PA-KF12-02901AA38
E8915144,PA-KF12-02901AA38,PIPE GUARD NET,12.0,2,1,2025-11-19,PA-KF12-02901AA38
E8915145,PA-KF12-02901AA38,PIPE GUARD NET,12.0,2,1,2025-11-19,PA-KF12-02901AA38
E8915146,PA-KF12-02902AA38,PIPE GUARD NET,8.0,2,1,2025-11-05,PA-KF12-02902AA38
E8915147,PA-KF12-02902AA38,PIPE GUARD NET,6.0,2,1,2025-11-05,PA-KF12-02902AA38
E8915148,PA-KF12-02902AA38,PIPE GUARD NET,12.0,2,1,2025-11-19,PA-KF12-02902AA38
E8915149,PA-KF12-02902AA38,PIPE GUARD NET,12.0,2,1,2025-11-19,PA-KF12-02902AA38
E8915150,PA-KF12-02903AA38,PIPE GUARD NET,4.0,2,1,2025-11-05,PA-KF12-02903AA38
E8915151,PA-KF12-02903AA38,PIPE GUARD NET,3.0,2,1,2025-11-05,PA-KF12-02903AA38
E8915152,PA-KF12-02903AA38,PIPE GUARD NET,6.0,2,1,2025-11-19,PA-KF12-02903AA38
E8915153,PA-KF12-02903AA38,PIPE GUARD NET,6.0,2,1,2025-11-19,PA-KF12-02903AA38
E8915154,PA-KF12-02904AA38,PIPE GUARD NET,4.0,2,1,2025-11-05,PA-KF12-02904AA38
E8915155,PA-KF12-02904AA38,PIPE GUARD NET,3.0,2,1,2025-11-05,PA-KF12-02904AA38
E8915156,PA-KF12-02904AA38,PIPE GUARD NET,6.0,2,1,2025-11-19,PA-KF12-02904AA38
E8915157,PA-KF12-02904AA38,PIPE GUARD NET,6.0,2,1,2025-11-19,PA-KF12-02904AA38
E8915331,PL-K-2001F32,FABRIC RING      HCR,4.0,2,1,2025-11-26,PL-K-2001F32
E8915882,L1-12Q-411BA34,NEEDLE DIAL HUB(L1ﾉﾐ),4.0,2,1,2025-11-04,L1-12Q-411BA34
E8915890,L1-161-406JA34,GEAR RING,4.0,2,1,2025-11-04,L1-161-406JA34
E8915893,L1-165-601GA36,DIAL CAP HUB,4.0,2,1,2025-11-04,L1-165-601GA36
E8915898,L1-12Q-411BA34,NEEDLE DIAL HUB(L1ﾉﾐ),3.0,2,1,2025-11-07,L1-12Q-411BA34
E8915906,L1-161-406JA34,GEAR RING,3.0,2,1,2025-11-07,L1-161-406JA34
E8915909,L1-165-601GA36,DIAL CAP HUB,3.0,2,1,2025-11-07,L1-165-601GA36
E8915914,L1-1831-406AA32,GEAR RING,4.0,2,1,2025-11-11,L1-1831-406AA32
E8915918,L1-12Q-411BA34,NEEDLE DIAL HUB(L1ﾉﾐ),6.0,2,1,2025-11-14,L1-12Q-411BA34
E8915926,L1-161-406JA34,GEAR RING,6.0,2,1,2025-11-14,L1-161-406JA34
E8915929,L1-165-601GA36,DIAL CAP HUB,6.0,2,1,2025-11-14,L1-165-601GA36
E8915934,L1-12Q-411BA34,NEEDLE DIAL HUB(L1ﾉﾐ),6.0,2,1,2025-11-18,L1-12Q-411BA34
E8915942,L1-161-406JA34,GEAR RING,6.0,2,1,2025-11-18,L1-161-406JA34
E8915945,L1-165-601GA36,DIAL CAP HUB,6.0,2,1,2025-11-18,L1-165-601GA36
E8915951,L1-1831-401AA30,BED,2.0,2,1,2025-11-04,L1-1831-401AA30
E8915956,LA-1831-501AA30-DF,CAM RING A,2.0,2,1,2025-11-11,LA-1831-501AA30-DF
E8915957,L1-1831-501AA30,CAM RING A,2.0,2,1,2025-11-04,L1-1831-501AA30
E8915961,MC-101-440BB38,TOP GEAR,4.0,2,1,2025-11-18,MC-101-440BB38
E8915962,L1-101-440BB38,TOP GEAR,4.0,2,1,2025-11-04,L1-101-440BB38
E8915964,MC-161-402CA38,DIAL YOKE   (MC),4.0,2,1,2025-11-18,MC-161-402CA38
E8915965,L1-161-402CA38,DIAL YOKE,4.0,2,1,2025-11-04,L1-161-402CA38
E8915967,MC-161-403CA38,DIAL YOKE RING (MC),4.0,2,1,2025-11-18,MC-161-403CA38
E8915968,L1-161-403CA38,DIAL YOKE RING,4.0,2,1,2025-11-04,L1-161-403CA38
E8915974,L1-161-501HA34,CAM RING,4.0,2,1,2025-11-04,L1-161-501HA34
E8915976,L1-474-502AA34,CAM HOLDER,4.0,2,1,2025-11-04,L1-474-502AA34
E8915978,MC-101-440BB38,TOP GEAR,3.0,2,1,2025-11-21,MC-101-440BB38
E8915979,L1-101-440BB38,TOP GEAR,3.0,2,1,2025-11-07,L1-101-440BB38
E8915981,MC-161-402CA38,DIAL YOKE   (MC),3.0,2,1,2025-11-21,MC-161-402CA38
E8915982,L1-161-402CA38,DIAL YOKE,3.0,2,1,2025-11-07,L1-161-402CA38
E8915984,MC-161-403CA38,DIAL YOKE RING (MC),3.0,2,1,2025-11-21,MC-161-403CA38
E8915985,L1-161-403CA38,DIAL YOKE RING,3.0,2,1,2025-11-07,L1-161-403CA38
E8915987,MC-170-414AA,HUB NUT (L2.DF),3.0,2,1,2025-11-21,MC-170-414AA
E8915988,L1-170-414AA,DIAL HUB NUT,3.0,2,1,2025-11-07,L1-170-414AA
E8915991,L1-161-501HA34,CAM RING,3.0,2,1,2025-11-07,L1-161-501HA34
E8915993,L1-474-502AA34,CAM HOLDER,3.0,2,1,2025-11-07,L1-474-502AA34
E8915997,L1-1831-401AA36,BED,4.0,2,1,2025-11-11,L1-1831-401AA36
E8916000,L1-1831-501BA32,CAM RING,4.0,2,1,2025-11-18,L1-1831-501BA32
E8916003,L1-1831-501AA32,CAM RING A,4.0,2,1,2025-11-18,L1-1831-501AA32
E8916005,L1-3164-502AA32,CAM HOLDER,4.0,2,1,2025-11-04,L1-3164-502AA32
E8916007,MC-101-440BB38,TOP GEAR,6.0,2,1,2025-12-01,MC-101-440BB38
E8916008,L1-101-440BB38,TOP GEAR,6.0,2,1,2025-11-14,L1-101-440BB38
E8916010,MC-161-402CA38,DIAL YOKE   (MC),6.0,2,1,2025-12-01,MC-161-402CA38
E8916011,L1-161-402CA38,DIAL YOKE,6.0,2,1,2025-11-14,L1-161-402CA38
E8916013,MC-161-403CA38,DIAL YOKE RING (MC),6.0,2,1,2025-12-01,MC-161-403CA38
E8916014,L1-161-403CA38,DIAL YOKE RING,6.0,2,1,2025-11-14,L1-161-403CA38
E8916016,MC-170-414AA,HUB NUT (L2.DF),6.0,2,1,2025-12-01,MC-170-414AA
E8916017,L1-170-414AA,DIAL HUB NUT,6.0,2,1,2025-11-14,L1-170-414AA
E8916020,L1-161-501HA34,CAM RING,6.0,2,1,2025-11-14,L1-161-501HA34
E8916022,L1-474-502AA34,CAM HOLDER,6.0,2,1,2025-11-14,L1-474-502AA34
E8916024,MC-101-440BB38,TOP GEAR,6.0,2,1,2025-12-03,MC-101-440BB38
E8916025,L1-101-440BB38,TOP GEAR,6.0,2,1,2025-11-18,L1-101-440BB38
E8916027,MC-161-402CA38,DIAL YOKE   (MC),6.0,2,1,2025-12-03,MC-161-402CA38
E8916028,L1-161-402CA38,DIAL YOKE,6.0,2,1,2025-11-18,L1-161-402CA38
E8916030,MC-161-403CA38,DIAL YOKE RING (MC),6.0,2,1,2025-12-03,MC-161-403CA38
E8916031,L1-161-403CA38,DIAL YOKE RING,6.0,2,1,2025-11-18,L1-161-403CA38
E8916033,MC-170-414AA,HUB NUT (L2.DF),6.0,2,1,2025-12-03,MC-170-414AA
E8916034,L1-170-414AA,DIAL HUB NUT,6.0,2,1,2025-11-18,L1-170-414AA
E8916037,L1-161-501HA34,CAM RING,6.0,2,1,2025-11-18,L1-161-501HA34
E8916039,L1-474-502AA34,CAM HOLDER,6.0,2,1,2025-11-18,L1-474-502AA34
E8916041,MC-K-28801EB,GEAR BOX,4.0,2,1,2025-11-11,MC-K-28801EB
E8916042,MC-K-28801EB,GEAR BOX,3.0,2,1,2025-11-14,MC-K-28801EB
E8916043,MC-K-28801EB,GEAR BOX,6.0,2,1,2025-11-21,MC-K-28801EB
E8916044,MC-K-28801EB,GEAR BOX,6.0,2,1,2025-11-26,MC-K-28801EB
E8916045,MC-G-6501HA,DRIVING BRACKET,4.0,2,1,2025-11-11,MC-G-6501HA
E8916047,MC-G-6501HA,DRIVING BRACKET,3.0,2,1,2025-11-14,MC-G-6501HA
E8916049,MC-G-6501HA,DRIVING BRACKET,6.0,2,1,2025-11-21,MC-G-6501HA
E8916051,MC-G-6501HA,DRIVING BRACKET,6.0,2,1,2025-11-26,MC-G-6501HA
E8916055,MC-1631-111AA,ADDITIONAL LEG,4.0,2,1,2025-11-26,MC-1631-111AA
E8916057,MC-1631-111BA,ADDITIONAL LEG,8.0,2,1,2025-11-26,MC-1631-111BA
E8916060,PL-3153-502FB30,CAM HOLDER ｶﾆｾﾞﾝﾒｯｷ(33個),2.0,2,1,2025-11-11,PL-3153-502FB30
E8916061,PL-3164-502EB32,CAM HOLDER ｶﾆｾﾞﾝﾒｯｷ(36個),4.0,2,1,2025-11-26,PL-3164-502EB32
E8918277,M-165-209CA,RATCHET CLAW,100.0,2,1,2025-12-03,M-165-209CA
E8918278,M-165-209DA,RATCHET CLAW,100.0,2,1,2025-12-03,M-165-209DA
E8920022,PL-DC-3607PB1000,CENTER PIPE,5.0,2,1,2025-11-26,PL-DC-3607PB1000
E8920613,L1-87-405EA34,NEEDLE CYLINDER,8.0,2,1,2025-11-05,L1-87-405EA34
E8920614,LC-970-41034-S,SINKER REST RING,5.0,2,1,2025-11-05,LC-970-41034-S
E8920705,LA-1551-401AA38-ISHI-D,BED　（歪取り有り）,9.0,2,1,2025-11-21,LA-1551-401AA38-ISHI-D
E8920814,PL-KA65-00101AA,YARN CARRIER HOLDER,2000.0,2,1,2025-10-22,PL-KA65-00101AA
E8924279,PA-1831-105AAL36,GUARD NET,2.0,2,1,2025-11-25,PA-1831-105AAL36
E8924280,PA-1831-105BAL36,GUARD NET,2.0,2,1,2025-11-25,PA-1831-105BAL36
E8924281,PA-1831-105CAL36,GUARD NET,2.0,2,1,2025-11-25,PA-1831-105CAL36
E8924282,PA-1831-105DAL36,GUARD NET,2.0,2,1,2025-11-25,PA-1831-105DAL36
E8924283,PA-1831-105EAL36,GUARD NET,2.0,2,1,2025-11-25,PA-1831-105EAL36
E8924284,PA-1831-105FAL36,GUARD NET,2.0,2,1,2025-11-25,PA-1831-105FAL36
E8925127,L1-161-406DE34-KYORITSU,GEAR RING (170-406AA34ﾄ ｶﾀ ｵﾅｼﾞ),20.0,2,1,2025-11-21,L1-161-406DE34-KYORITSU
E8925128,LA-161-406DE34-D-KYORITSU,GEAR RING (HIZUMI TORI),20.0,2,1,2025-11-21,LA-161-406DE34-D-KYORITSU
E8925129,LA-161-406DE34-D-KYORITSU,GEAR RING (HIZUMI TORI),20.0,2,1,2025-12-19,LA-161-406DE34-D-KYORITSU
E8925130,L1-161-406DE34-KYORITSU,GEAR RING (170-406AA34ﾄ ｶﾀ ｵﾅｼﾞ),20.0,2,1,2025-12-19,L1-161-406DE34-KYORITSU
E8925134,L1-161-403CA38-KYORITSU,DIAL YOKE RING,10.0,2,1,2025-11-21,L1-161-403CA38-KYORITSU
E8925135,MC-161-403CA38-KYORITSU,DIAL YOKE RING (MC),10.0,2,1,2025-11-21,MC-161-403CA38-KYORITSU
E8925136,L1-161-403CA38-KYORITSU,DIAL YOKE RING,20.0,2,1,2025-12-19,L1-161-403CA38-KYORITSU
E8925137,MC-161-403CA38-KYORITSU,DIAL YOKE RING (MC),20.0,2,1,2025-12-19,MC-161-403CA38-KYORITSU
E8925142,L1-161-406DE31,GEAR RING,21.0,2,1,2025-11-10,L1-161-406DE31
E8925143,LA-161-406DE31-D,GEAR RING (HIZUMI TORI),21.0,2,1,2025-11-10,LA-161-406DE31-D
E8925144,L1-161-406DE31,GEAR RING,15.0,2,1,2025-11-21,L1-161-406DE31
E8925145,LA-161-406DE31-D,GEAR RING (HIZUMI TORI),15.0,2,1,2025-11-21,LA-161-406DE31-D
E8925169,LA-12Q-411GA33-MC,NEEDLE DIAL HUB,1.0,2,2,2025-11-21,LA-12Q-411GA33-MC
E8925170,L1-12Q-411GA33,NEEDLE DIAL HUB  (L1ﾉﾐ),1.0,2,2,2025-11-21,L1-12Q-411GA33
E8925511,AO-KF22-002AA,ASSY. CADRATEX 1  26inch,2.0,2,1,2025-11-10,AO-KF22-002AA
E8925515,AO-KF22-002BA,ASSY. CADRATEX 1 30inch,2.0,2,1,2025-11-04,AO-KF22-002BA
E8925516,AO-KF22-002BA,ASSY. CADRATEX 1 30inch,2.0,2,1,2025-11-06,AO-KF22-002BA
E8925517,AO-KF22-002BA,ASSY. CADRATEX 1 30inch,4.0,2,1,2025-11-12,AO-KF22-002BA
E8925521,AO-KF22-002CA,ASSY. CADRATEX 1 38inch,2.0,2,1,2025-11-04,AO-KF22-002CA
E8925529,AO-KF22-002LA,ASSY. CADRATEX 1  26inch,5.0,2,1,2025-10-29,AO-KF22-002LA
E8925530,AO-KF22-002LA,ASSY. CADRATEX 1  26inch,5.0,2,1,2025-11-04,AO-KF22-002LA
E8925531,AO-KF22-002LA,ASSY. CADRATEX 1  26inch,2.0,2,1,2025-11-10,AO-KF22-002LA
E8925538,AO-KF22-002PA,ASSY. CADRATEX 1  26inch,1.0,2,1,2025-11-04,AO-KF22-002PA
E8925539,AO-KF22-002PA,ASSY. CADRATEX 1  26inch,5.0,2,1,2025-11-06,AO-KF22-002PA
E8925540,AO-KF22-002PA,ASSY. CADRATEX 1  26inch,5.0,2,1,2025-11-10,AO-KF22-002PA
E8925558,AO-SPL-2944-204JA2200,FRICTION ROLLER,5.0,2,1,2025-11-12,AO-SPL-2944-204JA2200
E8925559,AO-SPL-2944-204JA2200,FRICTION ROLLER,10.0,2,1,2025-11-19,AO-SPL-2944-204JA2200
E8925561,AO-SPL-2944-204JA2200,FRICTION ROLLER,10.0,2,1,2025-11-26,AO-SPL-2944-204JA2200
E8925563,AO-SPL-2944-204JA2200,FRICTION ROLLER,5.0,2,1,2025-12-03,AO-SPL-2944-204JA2200
E8925564,AO-SPL-2944-204JA2300,FRICTION ROLLER,2.0,2,1,2025-11-19,AO-SPL-2944-204JA2300
E8925565,AO-SPL-2944-204KA2200,FRICTION ROLLER,10.0,2,1,2025-11-12,AO-SPL-2944-204KA2200
E8925566,AO-SPL-2944-204KA2200,FRICTION ROLLER,20.0,2,1,2025-11-19,AO-SPL-2944-204KA2200
E8925568,AO-SPL-2944-204KA2200,FRICTION ROLLER,20.0,2,1,2025-11-26,AO-SPL-2944-204KA2200
E8925570,AO-SPL-2944-204KA2200,FRICTION ROLLER,10.0,2,1,2025-12-03,AO-SPL-2944-204KA2200
E8925571,AO-SPL-2944-204KA2300,FRICTION ROLLER,4.0,2,1,2025-11-19,AO-SPL-2944-204KA2300
E8929157,L1-78-40533-S,NEEDLE CYLINDER,4.0,2,1,2025-11-14,L1-78-40533-S
E8929163,L1-12Q-411BA34,NEEDLE DIAL HUB(L1ﾉﾐ),2.0,2,1,2025-11-18,L1-12Q-411BA34
E8929172,L1-161-406DE34,GEAR RING (170-406AA34ﾄ ｶﾀ ｵﾅｼﾞ),2.0,2,1,2025-11-18,L1-161-406DE34
E8929175,L1-165-601BA36,DIAL CAP HUB,2.0,2,1,2025-11-18,L1-165-601BA36
E8929178,MC-101-440BB38,TOP GEAR,2.0,2,1,2025-12-03,MC-101-440BB38
E8929179,L1-101-440BB38,TOP GEAR,2.0,2,1,2025-11-18,L1-101-440BB38
E8929182,MC-161-402CA38,DIAL YOKE   (MC),2.0,2,1,2025-12-03,MC-161-402CA38
E8929183,L1-161-402CA38,DIAL YOKE,2.0,2,1,2025-11-18,L1-161-402CA38
E8929185,MC-161-403CA38,DIAL YOKE RING (MC),2.0,2,1,2025-12-03,MC-161-403CA38
E8929186,L1-161-403CA38,DIAL YOKE RING,2.0,2,1,2025-11-18,L1-161-403CA38
E8929188,MC-170-414AA,HUB NUT (L2.DF),2.0,2,1,2025-12-03,MC-170-414AA
E8929189,L1-170-414AA,DIAL HUB NUT,2.0,2,1,2025-11-18,L1-170-414AA
E8929191,LA-161-501AA34-DF,CAM RING,2.0,2,1,2025-11-28,LA-161-501AA34-DF
E8929192,L1-161-501AA34,CAM RING,2.0,2,1,2025-11-18,L1-161-501AA34
E8929194,L1-474-502AA34,CAM HOLDER,2.0,2,1,2025-11-18,L1-474-502AA34
E8929196,MC-K-28801EB,GEAR BOX,2.0,2,1,2025-11-26,MC-K-28801EB
E8929197,MC-G-6501HA,DRIVING BRACKET,2.0,2,1,2025-11-26,MC-G-6501HA
E8929200,PL-5154-502AA34,CAM HOLDER ｶﾆｾﾞﾝﾒｯｷ(28個),2.0,2,1,2025-12-03,PL-5154-502AA34
E8929263,L1-78-40531-S,NEEDLE CYLINDER,12.0,2,1,2025-11-19,L1-78-40531-S
E8929264,L1-79-409B30-S,NEEDLE DIAL,20.0,2,1,2025-11-19,L1-79-409B30-S
E8929352,L1-478-409BA33-S,NEEDLE DIAL,4.0,2,1,2025-11-19,L1-478-409BA33-S
E8929417,AO-SPL-2944-204JA2200,FRICTION ROLLER,5.0,2,1,2025-12-10,AO-SPL-2944-204JA2200
E8929418,AO-SPL-2944-204JA2200,FRICTION ROLLER,10.0,2,1,2025-12-10,AO-SPL-2944-204JA2200
E8929419,AO-SPL-2944-204JA2200,FRICTION ROLLER,5.0,2,1,2025-12-17,AO-SPL-2944-204JA2200
E8929420,AO-SPL-2944-204KA2200,FRICTION ROLLER,10.0,2,1,2025-12-17,AO-SPL-2944-204KA2200
E8929421,AO-SPL-2944-204JA2300,FRICTION ROLLER,5.0,2,1,2025-12-17,AO-SPL-2944-204JA2300
E8929422,AO-SPL-2944-204KA2300,FRICTION ROLLER,10.0,2,1,2025-12-17,AO-SPL-2944-204KA2300
E8929423,AO-SPL-2944-204JA2300,FRICTION ROLLER,10.0,2,1,2025-12-24,AO-SPL-2944-204JA2300
E8929424,AO-SPL-2944-204KA2300,FRICTION ROLLER,20.0,2,1,2025-12-24,AO-SPL-2944-204KA2300
E8929425,AO-SPL-2944-204JA2500,FRICTION ROLLER,5.0,2,1,2025-12-24,AO-SPL-2944-204JA2500
E8929426,AO-SPL-2944-204KA2500,FRICTION ROLLER,10.0,2,1,2025-12-24,AO-SPL-2944-204KA2500
E8929427,AO-SPL-2944-204JA2300,FRICTION ROLLER,5.0,2,1,2026-01-07,AO-SPL-2944-204JA2300
E8929428,AO-SPL-2944-204KA2300,FRICTION ROLLER,10.0,2,1,2026-01-07,AO-SPL-2944-204KA2300
E8929574,AO-1331-201HA2500,TAKE UP DRIVING ROLLER,2.0,2,1,2025-11-06,AO-1331-201HA2500
E8929580,AO-1331-201KA2200,TAKE UP DRIVING ROLLER,5.0,2,1,2025-10-21,AO-1331-201KA2200
E8929581,AO-1331-201KA2200,TAKE UP DRIVING ROLLER,5.0,2,1,2025-10-23,AO-1331-201KA2200
E8929582,AO-1331-201KA2200,TAKE UP DRIVING ROLLER,5.0,2,1,2025-10-28,AO-1331-201KA2200
E8929590,AO-1331-201KA2300,TAKE UP DRIVING ROLLER,1.0,2,1,2025-10-28,AO-1331-201KA2300
E8929591,AO-1331-201KA2300,TAKE UP DRIVING ROLLER,5.0,2,1,2025-10-30,AO-1331-201KA2300
E8929592,AO-1331-201KA2300,TAKE UP DRIVING ROLLER,5.0,2,1,2025-11-04,AO-1331-201KA2300
E8929597,AO-1331-201LA2500,TAKE UP DRIVING ROLLER,2.0,2,1,2025-10-30,AO-1331-201LA2500
E8929601,AO-1331-202DA2500,TAKE UP DRIVEN ROLLER,2.0,2,1,2025-10-30,AO-1331-202DA2500
E8929602,AO-1331-202DA2500,TAKE UP DRIVEN ROLLER,2.0,2,1,2025-11-06,AO-1331-202DA2500
E8929608,AO-1331-202EA2200,TAKE UP DRIVEN ROLLER,5.0,2,1,2025-10-21,AO-1331-202EA2200
E8929609,AO-1331-202EA2200,TAKE UP DRIVEN ROLLER,5.0,2,1,2025-10-23,AO-1331-202EA2200
E8929610,AO-1331-202EA2200,TAKE UP DRIVEN ROLLER,5.0,2,1,2025-10-28,AO-1331-202EA2200
E8929617,AO-1331-202EA2300,TAKE UP DRIVEN ROLLER,1.0,2,1,2025-10-28,AO-1331-202EA2300
E8929618,AO-1331-202EA2300,TAKE UP DRIVEN ROLLER,5.0,2,1,2025-10-30,AO-1331-202EA2300
E8929619,AO-1331-202EA2300,TAKE UP DRIVEN ROLLER,5.0,2,1,2025-11-04,AO-1331-202EA2300
E8929624,AO-1331-204LA2500,FRICTION ROLLER,4.0,2,1,2025-10-21,AO-1331-204LA2500
E8929625,AO-1331-204LA2500,FRICTION ROLLER,4.0,2,1,2025-10-30,AO-1331-204LA2500
E8929632,AO-165-201CA1333,ASSY. TAKE UP DRIVING ROLLER,4.0,2,1,2025-11-06,AO-165-201CA1333
E8929641,AO-165-201CA1531T,ASSY. TAKE UP DRIVING ROLLER,2.0,2,1,2025-11-06,AO-165-201CA1531T
E8929644,AO-165-201MA1333,ASSY. TAKE UP DRIVING ROLLER,1.0,2,1,2025-10-21,AO-165-201MA1333
E8929646,AO-165-201MA1531,ASSY. TAKE UP DRIVING ROLLER,2.0,2,1,2025-10-28,AO-165-201MA1531
E8929649,AO-165-201MA1531T,ASSY. TAKE UP DRIVING ROLLER,2.0,2,1,2025-10-28,AO-165-201MA1531T
E8929650,AO-165-201MA1531T,ASSY. TAKE UP DRIVING ROLLER,2.0,2,1,2025-10-30,AO-165-201MA1531T
E8929653,AO-165-202AA1333,TAKE UP DRIVING ROLLER,1.0,2,1,2025-10-21,AO-165-202AA1333
E8929655,AO-165-202AA1333,TAKE UP DRIVING ROLLER,4.0,2,1,2025-11-06,AO-165-202AA1333
E8929660,AO-165-202AA1531,TAKE UP DRIVING ROLLER,3.0,2,1,2025-10-21,AO-165-202AA1531
E8929661,AO-165-202AA1531,TAKE UP DRIVING ROLLER,4.0,2,1,2025-10-28,AO-165-202AA1531
E8929662,AO-165-202AA1531,TAKE UP DRIVING ROLLER,2.0,2,1,2025-10-30,AO-165-202AA1531
E8929666,AO-165-202CA1333,ASSY. TAKE UP DRIVEN ROLLER,4.0,2,1,2025-11-06,AO-165-202CA1333
E8929670,AO-165-202CA1333T,ASSY. TAKE UP DRIVEN ROLLER,7.0,2,1,2025-10-23,AO-165-202CA1333T
E8929675,AO-165-202CA1531T,ASSY. TAKE UP DRIVEN ROLLER,4.0,2,1,2025-11-06,AO-165-202CA1531T
E8929678,AO-165-202PA1333,ASSY. TAKE UP DRIVEN ROLLER,1.0,2,1,2025-10-21,AO-165-202PA1333
E8929680,AO-165-202PA1531,ASSY. TAKE UP DRIVEN ROLLER,2.0,2,1,2025-10-28,AO-165-202PA1531
E8929683,AO-165-202PA1531T,ASSY. TAKE UP DRIVEN ROLLER,2.0,2,1,2025-10-28,AO-165-202PA1531T
E8929684,AO-165-202PA1531T,ASSY. TAKE UP DRIVEN ROLLER,2.0,2,1,2025-10-30,AO-165-202PA1531T
E8929692,AO-165-241BC1411,ASSY. FRICTION ROLLER,2.0,2,1,2025-11-06,AO-165-241BC1411
E8929695,AO-165-241BC1531,ASSY. FRICTION ROLLER,4.0,2,1,2025-10-28,AO-165-241BC1531
E8929696,AO-165-241BC1531,ASSY. FRICTION ROLLER,2.0,2,1,2025-10-30,AO-165-241BC1531
E8929715,AO-KF20-01313EB1333,ASSY. GUIDE ROLLER,4.0,2,1,2025-11-04,AO-KF20-01313EB1333
E8929717,AO-KF20-01313EB1531,ASSY. GUIDE ROLLER,4.0,2,1,2025-10-28,AO-KF20-01313EB1531
E8929718,AO-KF20-06001AA2200,GUIDE ROLLER,5.0,2,1,2025-10-16,AO-KF20-06001AA2200
E8929719,AO-KF20-06001AA2200,GUIDE ROLLER,5.0,2,1,2025-10-21,AO-KF20-06001AA2200
E8929720,AO-KF20-06001AA2200,GUIDE ROLLER,5.0,2,1,2025-10-23,AO-KF20-06001AA2200
E8929721,AO-KF20-06001AA2200,GUIDE ROLLER,5.0,2,1,2025-10-28,AO-KF20-06001AA2200
E8929728,AO-KF20-06001AA2300,GUIDE ROLLER,1.0,2,1,2025-10-28,AO-KF20-06001AA2300
E8929729,AO-KF20-06001AA2300,GUIDE ROLLER,5.0,2,1,2025-10-30,AO-KF20-06001AA2300
E8929730,AO-KF20-06001AA2300,GUIDE ROLLER,5.0,2,1,2025-11-04,AO-KF20-06001AA2300
E8929754,AO-SPL-2540DA2500-1,GUIDE ROLLER,2.0,2,1,2025-11-06,AO-SPL-2540DA2500-1
E8929759,AO-SPL-2965AA1333,ASSY. TAKE UP DRIVEN ROLLER,4.0,2,1,2025-11-04,AO-SPL-2965AA1333
E8932317,PA-100-303AA0803810N,MOTOR V PULLEY W/PAｽﾇﾘ,5.0,2,1,2025-10-31,PA-100-303AA0803810N
E8933222,L1-78-40534-S,NEEDLE CYLINDER,12.0,2,1,2025-11-26,L1-78-40534-S
E8933223,L1-78-40534-S,NEEDLE CYLINDER,12.0,2,1,2025-12-03,L1-78-40534-S
E8933288,PA-1651-290BA,DRIVING BAR(刻印2),4.0,2,1,2025-10-29,PA-1651-290BA
E8933418,LA-161-501AA34-KYOEI,CAM RING,17.0,2,1,2025-10-24,LA-161-501AA34-KYOEI
E8933419,L1-101-440BB30,TOP GEAR,5.0,2,1,2025-11-21,L1-101-440BB30
E8933421,L1-12Q-411BA31,NEEDLE DIAL HUB,5.0,2,1,2025-11-21,L1-12Q-411BA31
E8933424,LA-161-406DE31-D,GEAR RING (HIZUMI TORI),5.0,2,1,2025-12-01,LA-161-406DE31-D
E8933425,L1-161-406DE31,GEAR RING,5.0,2,1,2025-11-21,L1-161-406DE31
E8933427,L1-474-502AA30,CAM HOLDER,5.0,2,1,2025-11-21,L1-474-502AA30
E8933430,L1-165-601AB30,DIAL CAP HUB,5.0,2,1,2025-11-21,L1-165-601AB30
E8933433,L1-101-440BB30,TOP GEAR,2.0,2,1,2025-11-21,L1-101-440BB30
E8933435,LA-12Q-411GA33-MC,NEEDLE DIAL HUB,2.0,2,1,2025-12-01,LA-12Q-411GA33-MC
E8933437,L1-12Q-411GA33,NEEDLE DIAL HUB  (L1ﾉﾐ),2.0,2,1,2025-11-21,L1-12Q-411GA33
E8933441,L1-161-406DE33,GEAR RING,2.0,2,1,2025-11-21,L1-161-406DE33
E8933444,L1-101-440BB30,TOP GEAR,5.0,2,1,2025-11-21,L1-101-440BB30
E8933446,L1-12Q-411BA31,NEEDLE DIAL HUB,5.0,2,1,2025-11-21,L1-12Q-411BA31
E8933449,LA-161-406DE31-D,GEAR RING (HIZUMI TORI),5.0,2,1,2025-12-01,LA-161-406DE31-D
E8933450,L1-161-406DE31,GEAR RING,5.0,2,1,2025-11-21,L1-161-406DE31
E8933452,L1-474-502AA30,CAM HOLDER,5.0,2,1,2025-11-21,L1-474-502AA30
E8933455,L1-165-601AB30,DIAL CAP HUB,5.0,2,1,2025-11-21,L1-165-601AB30
E8933460,L1-12Q-411BA34,NEEDLE DIAL HUB(L1ﾉﾐ),5.0,2,1,2025-11-21,L1-12Q-411BA34
E8933464,L1-1551-401AA38,BED,5.0,2,1,2025-11-21,L1-1551-401AA38
E8933468,L1-161-406DE34,GEAR RING (170-406AA34ﾄ ｶﾀ ｵﾅｼﾞ),5.0,2,1,2025-11-21,L1-161-406DE34
E8933471,L1-165-601BA34,DIAL CAP HUB,5.0,2,1,2025-11-21,L1-165-601BA34
E8933476,L1-12Q-411BA34,NEEDLE DIAL HUB(L1ﾉﾐ),5.0,2,1,2025-11-21,L1-12Q-411BA34
E8933480,L1-1551-401AA38,BED,5.0,2,1,2025-11-21,L1-1551-401AA38
E8933484,L1-161-406DE34,GEAR RING (170-406AA34ﾄ ｶﾀ ｵﾅｼﾞ),5.0,2,1,2025-11-21,L1-161-406DE34
E8933487,L1-165-601BA34,DIAL CAP HUB,5.0,2,1,2025-11-21,L1-165-601BA34
E8933492,L1-1551-401AA38,BED,5.0,2,1,2025-11-21,L1-1551-401AA38
E8933495,L1-165-601BA38,SINKER CAP,5.0,2,1,2025-11-21,L1-165-601BA38
E8933500,L1-12Q-411BA34,NEEDLE DIAL HUB(L1ﾉﾐ),5.0,2,1,2025-11-21,L1-12Q-411BA34
E8933504,L1-1551-401AA38,BED,5.0,2,1,2025-11-21,L1-1551-401AA38
E8933508,L1-161-406DE34,GEAR RING (170-406AA34ﾄ ｶﾀ ｵﾅｼﾞ),5.0,2,1,2025-11-21,L1-161-406DE34
E8933511,L1-165-601BA34,DIAL CAP HUB,5.0,2,1,2025-11-21,L1-165-601BA34
E8933516,L1-12Q-411BA34,NEEDLE DIAL HUB(L1ﾉﾐ),5.0,2,1,2025-11-21,L1-12Q-411BA34
E8933520,L1-1551-401AA38,BED,5.0,2,1,2025-11-21,L1-1551-401AA38
E8933524,L1-161-406DE34,GEAR RING (170-406AA34ﾄ ｶﾀ ｵﾅｼﾞ),5.0,2,1,2025-11-21,L1-161-406DE34
E8933527,L1-165-601BA34,DIAL CAP HUB,5.0,2,1,2025-11-21,L1-165-601BA34
E8933532,L1-1551-401AB30,BED,5.0,2,1,2025-11-21,L1-1551-401AB30
E8933534,MC-161-402CA30,DIAL YOKE   (MC),5.0,2,1,2025-12-08,MC-161-402CA30
E8933535,L1-161-402CA30,DIAL YOKE,5.0,2,1,2025-11-21,L1-161-402CA30
E8933537,MC-161-403CA30,DIAL YOKE RING (MC),5.0,2,1,2025-12-08,MC-161-403CA30
E8933538,L1-161-403CA30,DIAL YOKE RING,5.0,2,1,2025-11-21,L1-161-403CA30
E8933540,MC-170-414AA,HUB NUT (L2.DF),5.0,2,1,2025-12-08,MC-170-414AA
E8933541,L1-170-414AA,DIAL HUB NUT,5.0,2,1,2025-11-21,L1-170-414AA
E8933544,L1-161-501AA30,CAM RING,5.0,2,1,2025-11-21,L1-161-501AA30
E8933548,L1-1551-401AB30,BED,2.0,2,1,2025-11-21,L1-1551-401AB30
E8933550,MC-161-402CA30,DIAL YOKE   (MC),2.0,2,1,2025-12-08,MC-161-402CA30
E8933551,L1-161-402CA30,DIAL YOKE,2.0,2,1,2025-11-21,L1-161-402CA30
E8933553,MC-161-403CA30,DIAL YOKE RING (MC),2.0,2,1,2025-12-08,MC-161-403CA30
E8933554,L1-161-403CA30,DIAL YOKE RING,2.0,2,1,2025-11-21,L1-161-403CA30
E8933557,MC-170-414AA,HUB NUT (L2.DF),2.0,2,1,2025-12-08,MC-170-414AA
E8933558,L1-170-414AA,DIAL HUB NUT,2.0,2,1,2025-11-21,L1-170-414AA
E8933562,L1-1551-401AB30,BED,5.0,2,1,2025-11-21,L1-1551-401AB30
E8933564,MC-161-402CA30,DIAL YOKE   (MC),5.0,2,1,2025-12-08,MC-161-402CA30
E8933565,L1-161-402CA30,DIAL YOKE,5.0,2,1,2025-11-21,L1-161-402CA30
E8933567,MC-161-403CA30,DIAL YOKE RING (MC),5.0,2,1,2025-12-08,MC-161-403CA30
E8933568,L1-161-403CA30,DIAL YOKE RING,5.0,2,1,2025-11-21,L1-161-403CA30
E8933570,MC-170-414AA,HUB NUT (L2.DF),5.0,2,1,2025-12-08,MC-170-414AA
E8933571,L1-170-414AA,DIAL HUB NUT,5.0,2,1,2025-11-21,L1-170-414AA
E8933574,L1-161-501AA30,CAM RING,5.0,2,1,2025-11-21,L1-161-501AA30
E8933576,MC-101-440BB38,TOP GEAR,5.0,2,1,2025-12-08,MC-101-440BB38
E8933577,L1-101-440BB38,TOP GEAR,5.0,2,1,2025-11-21,L1-101-440BB38
E8933579,MC-161-402CA38,DIAL YOKE   (MC),5.0,2,1,2025-12-08,MC-161-402CA38
E8933580,L1-161-402CA38,DIAL YOKE,5.0,2,1,2025-11-21,L1-161-402CA38
E8933582,MC-161-403CA38,DIAL YOKE RING (MC),5.0,2,1,2025-12-08,MC-161-403CA38
E8933583,L1-161-403CA38,DIAL YOKE RING,5.0,2,1,2025-11-21,L1-161-403CA38
E8933585,MC-170-414AA,HUB NUT (L2.DF),5.0,2,1,2025-12-08,MC-170-414AA
E8933586,L1-170-414AA,DIAL HUB NUT,5.0,2,1,2025-11-21,L1-170-414AA
E8933589,L1-161-501QA34,CAM RING,5.0,2,1,2025-11-21,L1-161-501QA34
E8933591,L1-474-502AA34,CAM HOLDER,5.0,2,1,2025-11-21,L1-474-502AA34
E8933593,MC-101-440BB38,TOP GEAR,5.0,2,1,2025-12-08,MC-101-440BB38
E8933594,L1-101-440BB38,TOP GEAR,5.0,2,1,2025-11-21,L1-101-440BB38
E8933596,MC-161-402CA38,DIAL YOKE   (MC),5.0,2,1,2025-12-08,MC-161-402CA38
E8933597,L1-161-402CA38,DIAL YOKE,5.0,2,1,2025-11-21,L1-161-402CA38
E8933599,MC-161-403CA38,DIAL YOKE RING (MC),5.0,2,1,2025-12-08,MC-161-403CA38
E8933600,L1-161-403CA38,DIAL YOKE RING,5.0,2,1,2025-11-21,L1-161-403CA38
E8933602,MC-170-414AA,HUB NUT (L2.DF),5.0,2,1,2025-12-08,MC-170-414AA
E8933603,L1-170-414AA,DIAL HUB NUT,5.0,2,1,2025-11-21,L1-170-414AA
E8933606,L1-161-501QA34,CAM RING,5.0,2,1,2025-11-21,L1-161-501QA34
E8933608,L1-474-502AA34,CAM HOLDER,5.0,2,1,2025-11-21,L1-474-502AA34
E8933610,MC-101-440BB38,TOP GEAR,5.0,2,1,2025-12-08,MC-101-440BB38
E8933611,L1-101-440BB38,TOP GEAR,5.0,2,1,2025-11-21,L1-101-440BB38
E8933613,MC-161-402CA38,DIAL YOKE   (MC),5.0,2,1,2025-12-08,MC-161-402CA38
E8933614,L1-161-402CA38,DIAL YOKE,5.0,2,1,2025-11-21,L1-161-402CA38
E8933616,MC-161-403CA38,DIAL YOKE RING (MC),5.0,2,1,2025-12-08,MC-161-403CA38
E8933617,L1-161-403CA38,DIAL YOKE RING,5.0,2,1,2025-11-21,L1-161-403CA38
E8933621,L1-161-406DE38,GEAR RING,5.0,2,1,2025-11-21,L1-161-406DE38
E8933623,MC-170-414AA,HUB NUT (L2.DF),5.0,2,1,2025-12-08,MC-170-414AA
E8933624,L1-170-414AA,DIAL HUB NUT,5.0,2,1,2025-11-21,L1-170-414AA
E8933627,L1-161-501QA38,CAM RING,5.0,2,1,2025-11-21,L1-161-501QA38
E8933629,L1-474-502AA38,CAM HOLDER,5.0,2,1,2025-11-14,L1-474-502AA38
E8933631,MC-101-440BB38,TOP GEAR,5.0,2,1,2025-12-08,MC-101-440BB38
E8933632,L1-101-440BB38,TOP GEAR,5.0,2,1,2025-11-21,L1-101-440BB38
E8933634,MC-161-402CA38,DIAL YOKE   (MC),5.0,2,1,2025-12-08,MC-161-402CA38
E8933635,L1-161-402CA38,DIAL YOKE,5.0,2,1,2025-11-21,L1-161-402CA38
E8933637,MC-161-403CA38,DIAL YOKE RING (MC),5.0,2,1,2025-12-08,MC-161-403CA38
E8933638,L1-161-403CA38,DIAL YOKE RING,5.0,2,1,2025-11-21,L1-161-403CA38
E8933640,MC-170-414AA,HUB NUT (L2.DF),5.0,2,1,2025-12-08,MC-170-414AA
E8933641,L1-170-414AA,DIAL HUB NUT,5.0,2,1,2025-11-21,L1-170-414AA
E8933644,L1-161-501QA34,CAM RING,5.0,2,1,2025-11-21,L1-161-501QA34
E8933646,L1-474-502AA34,CAM HOLDER,5.0,2,1,2025-11-21,L1-474-502AA34
E8933648,MC-101-440BB38,TOP GEAR,5.0,2,1,2025-12-08,MC-101-440BB38
E8933649,L1-101-440BB38,TOP GEAR,5.0,2,1,2025-11-21,L1-101-440BB38
E8933651,MC-161-402CA38,DIAL YOKE   (MC),5.0,2,1,2025-12-08,MC-161-402CA38
E8933652,L1-161-402CA38,DIAL YOKE,5.0,2,1,2025-11-21,L1-161-402CA38
E8933654,MC-161-403CA38,DIAL YOKE RING (MC),5.0,2,1,2025-12-08,MC-161-403CA38
E8933655,L1-161-403CA38,DIAL YOKE RING,5.0,2,1,2025-11-21,L1-161-403CA38
E8933657,MC-170-414AA,HUB NUT (L2.DF),5.0,2,1,2025-12-08,MC-170-414AA
E8933658,L1-170-414AA,DIAL HUB NUT,5.0,2,1,2025-11-21,L1-170-414AA
E8933661,L1-161-501QA34,CAM RING,5.0,2,1,2025-11-21,L1-161-501QA34
E8933663,L1-474-502AA34,CAM HOLDER,5.0,2,1,2025-11-21,L1-474-502AA34
E8933665,MC-K-28801EB,GEAR BOX,5.0,2,1,2025-12-01,MC-K-28801EB
E8933666,MC-K-28801EB,GEAR BOX,2.0,2,1,2025-12-01,MC-K-28801EB
E8933667,MC-K-28801EB,GEAR BOX,5.0,2,1,2025-12-01,MC-K-28801EB
E8933668,MC-K-28801EB,GEAR BOX,5.0,2,1,2025-12-01,MC-K-28801EB
E8933669,MC-K-28801EB,GEAR BOX,5.0,2,1,2025-12-01,MC-K-28801EB
E8933670,MC-K-28801EB,GEAR BOX,5.0,2,1,2025-12-01,MC-K-28801EB
E8933671,MC-K-28801EB,GEAR BOX,5.0,2,1,2025-12-01,MC-K-28801EB
E8933672,MC-K-28801EB,GEAR BOX,5.0,2,1,2025-12-01,MC-K-28801EB
E8933673,MC-G-6501GA,DRIVING BRACKET,5.0,2,1,2025-12-01,MC-G-6501GA
E8933675,MC-G-6501GA,DRIVING BRACKET,2.0,2,1,2025-12-01,MC-G-6501GA
E8933677,MC-G-6501GA,DRIVING BRACKET,5.0,2,1,2025-12-01,MC-G-6501GA
E8933679,MC-G-6501HA,DRIVING BRACKET,5.0,2,1,2025-12-01,MC-G-6501HA
E8933681,MC-G-6501HA,DRIVING BRACKET,5.0,2,1,2025-12-01,MC-G-6501HA
E8933683,MC-G-6501HA,DRIVING BRACKET,5.0,2,1,2025-12-01,MC-G-6501HA
E8933685,MC-G-6501HA,DRIVING BRACKET,5.0,2,1,2025-12-01,MC-G-6501HA
E8933687,MC-G-6501HA,DRIVING BRACKET,5.0,2,1,2025-12-01,MC-G-6501HA
E8933689,L2-12Q-411BA31-NAKAMURA,NEEDLE DIAL HUB(L2-MC),5.0,2,1,2025-12-01,L2-12Q-411BA31-NAKAMURA
E8933690,L2-12Q-411BA31-NAKAMURA,NEEDLE DIAL HUB(L2-MC),5.0,2,1,2025-12-01,L2-12Q-411BA31-NAKAMURA
E8933695,L1-1551-401AB30,BED,5.0,2,1,2025-11-07,L1-1551-401AB30
E8933704,L1-1551-401AB30,BED,10.0,2,1,2025-11-14,L1-1551-401AB30
E8933707,L1-1551-401AB30,BED,10.0,2,1,2025-11-21,L1-1551-401AB30
E8933710,L1-1551-401AB30,BED,6.0,2,1,2025-10-31,L1-1551-401AB30
E8933714,L1-161-501AA30,CAM RING,11.0,2,1,2025-11-05,L1-161-501AA30
E8933716,L1-161-501AA30,CAM RING,10.0,2,1,2025-11-17,L1-161-501AA30
E8933720,MC-161-402CA38-JTEC,DIAL YOKE   (MC),9.0,2,1,2025-11-28,MC-161-402CA38-JTEC
E8933721,MC-161-402CA38-JTEC,DIAL YOKE   (MC),8.0,2,1,2025-12-03,MC-161-402CA38-JTEC
E8933722,LA-165-601BA30-L2-JTEC,DIAL CAP HUB,10.0,2,1,2025-11-11,LA-165-601BA30-L2-JTEC
E8933723,LA-165-601BA30-L2-JTEC,DIAL CAP HUB,10.0,2,1,2025-11-18,LA-165-601BA30-L2-JTEC
E8933724,LA-165-601BA30-L2-JTEC,DIAL CAP HUB,10.0,2,1,2025-11-25,LA-165-601BA30-L2-JTEC
E8933725,LA-12Q-411BA31-MC-JTEC,NEEDLE DIAL HUB(L1-L2-MC),15.0,2,1,2025-11-21,LA-12Q-411BA31-MC-JTEC
E8933726,LA-12Q-411BA34-MC-JTEC,NEEDLE DIAL HUB(L1-L2-MC),14.0,2,1,2025-11-27,LA-12Q-411BA34-MC-JTEC
E8933753,MC-G-9501AE,BRACKET,200.0,2,1,2025-11-20,MC-G-9501AE
E8934165,AO-1631-105DC30,PIPE GUARD NET  ﾊﾞﾝｷﾝｾｲｻｸ､ﾖｳｾﾂ,2.0,2,1,2025-12-10,AO-1631-105DC30
E8934166,AO-1631-105DCL30,PIPE GUARD NET  ﾊﾞﾝｷﾝｾｲｻｸ､ﾖｳｾﾂ,1.0,2,1,2025-12-24,AO-1631-105DCL30
E8934167,AO-1631-105EC30,PIPE GUARD NET  ﾊﾞﾝｷﾝｾｲｻｸ､ﾖｳｾﾂ,2.0,2,1,2025-12-10,AO-1631-105EC30
E8934168,AO-1631-105ECL30,PIPE GUARD NET  ﾊﾞﾝｷﾝｾｲｻｸ､ﾖｳｾﾂ,1.0,2,1,2025-12-24,AO-1631-105ECL30
E8934169,AO-1631-105FD30,PIPE GUARD NET  ﾊﾞﾝｷﾝｾｲｻｸ､ﾖｳｾﾂ,2.0,2,1,2025-12-10,AO-1631-105FD30
E8934170,AO-1631-105FDL30,PIPE GUARD NET  ﾊﾞﾝｷﾝｾｲｻｸ､ﾖｳｾﾂ,1.0,2,1,2025-12-24,AO-1631-105FDL30
E8934171,AO-1631-105GD30,PIPE GUARD NET  ﾊﾞﾝｷﾝｾｲｻｸ､ﾖｳｾﾂ,2.0,2,1,2025-12-10,AO-1631-105GD30
E8934172,AO-1631-105GDL30,PIPE GUARD NET  ﾊﾞﾝｷﾝｾｲｻｸ､ﾖｳｾﾂ,1.0,2,1,2025-12-24,AO-1631-105GDL30
E8934227,AO-KF12-00801AA38,PIPE GUARD NET  ﾊﾞﾝｷﾝｾｲｻｸ､ﾖｳｾﾂ,10.0,2,1,2025-12-24,AO-KF12-00801AA38
E8934228,AO-KF12-00801AB34,PIPE GUARD NET  ﾊﾞﾝｷﾝｾｲｻｸ､ﾖｳｾﾂ,10.0,2,1,2025-12-17,AO-KF12-00801AB34
E8934229,AO-KF12-00801AB34,PIPE GUARD NET  ﾊﾞﾝｷﾝｾｲｻｸ､ﾖｳｾﾂ,10.0,2,1,2025-12-22,AO-KF12-00801AB34
E8934230,AO-KF12-00801AB34,PIPE GUARD NET  ﾊﾞﾝｷﾝｾｲｻｸ､ﾖｳｾﾂ,10.0,2,1,2026-01-05,AO-KF12-00801AB34
E8934231,AO-KF12-00801AB34,PIPE GUARD NET  ﾊﾞﾝｷﾝｾｲｻｸ､ﾖｳｾﾂ,10.0,2,1,2026-01-07,AO-KF12-00801AB34
E8934232,AO-KF12-00801AD30,PIPE GUARD NET  ﾊﾞﾝｷﾝｾｲｻｸ､ﾖｳｾﾂ,10.0,2,1,2025-12-08,AO-KF12-00801AD30
E8934233,AO-KF12-00801AD30,PIPE GUARD NET  ﾊﾞﾝｷﾝｾｲｻｸ､ﾖｳｾﾂ,10.0,2,1,2025-12-15,AO-KF12-00801AD30
E8934234,AO-KF12-00802AA38,PIPE GUARD NET  ﾊﾞﾝｷﾝｾｲｻｸ､ﾖｳｾﾂ,10.0,2,1,2025-12-24,AO-KF12-00802AA38
E8934235,AO-KF12-00802AB34,PIPE GUARD NET  ﾊﾞﾝｷﾝｾｲｻｸ､ﾖｳｾﾂ,10.0,2,1,2025-12-17,AO-KF12-00802AB34
E8934236,AO-KF12-00802AB34,PIPE GUARD NET  ﾊﾞﾝｷﾝｾｲｻｸ､ﾖｳｾﾂ,10.0,2,1,2025-12-22,AO-KF12-00802AB34
E8934237,AO-KF12-00802AB34,PIPE GUARD NET  ﾊﾞﾝｷﾝｾｲｻｸ､ﾖｳｾﾂ,10.0,2,1,2026-01-05,AO-KF12-00802AB34
E8934238,AO-KF12-00802AB34,PIPE GUARD NET  ﾊﾞﾝｷﾝｾｲｻｸ､ﾖｳｾﾂ,10.0,2,1,2026-01-07,AO-KF12-00802AB34
E8934239,AO-KF12-00802AD30,PIPE GUARD NET  ﾊﾞﾝｷﾝｾｲｻｸ､ﾖｳｾﾂ,10.0,2,1,2025-12-08,AO-KF12-00802AD30
E8934240,AO-KF12-00802AD30,PIPE GUARD NET  ﾊﾞﾝｷﾝｾｲｻｸ､ﾖｳｾﾂ,10.0,2,1,2025-12-15,AO-KF12-00802AD30
E8934241,AO-KF12-00803AA38,PIPE GUARD NET  ﾊﾞﾝｷﾝｾｲｻｸ､ﾖｳｾﾂ,5.0,2,1,2025-12-24,AO-KF12-00803AA38
E8934243,AO-KF12-00803AB34,PIPE GUARD NET  ﾊﾞﾝｷﾝｾｲｻｸ､ﾖｳｾﾂ,5.0,2,1,2025-12-17,AO-KF12-00803AB34
E8934244,AO-KF12-00803AB34,PIPE GUARD NET  ﾊﾞﾝｷﾝｾｲｻｸ､ﾖｳｾﾂ,5.0,2,1,2025-12-22,AO-KF12-00803AB34
E8934245,AO-KF12-00803AB34,PIPE GUARD NET  ﾊﾞﾝｷﾝｾｲｻｸ､ﾖｳｾﾂ,5.0,2,1,2026-01-05,AO-KF12-00803AB34
E8934246,AO-KF12-00803AB34,PIPE GUARD NET  ﾊﾞﾝｷﾝｾｲｻｸ､ﾖｳｾﾂ,5.0,2,1,2026-01-07,AO-KF12-00803AB34
E8934247,AO-KF12-00803AD30,PIPE GUARD NET  ﾊﾞﾝｷﾝｾｲｻｸ､ﾖｳｾﾂ,5.0,2,1,2025-12-08,AO-KF12-00803AD30
E8934248,AO-KF12-00803AD30,PIPE GUARD NET  ﾊﾞﾝｷﾝｾｲｻｸ､ﾖｳｾﾂ,5.0,2,1,2025-12-15,AO-KF12-00803AD30
E8934249,AO-KF12-00804AA38,PIPE GUARD NET  ﾊﾞﾝｷﾝｾｲｻｸ､ﾖｳｾﾂ,5.0,2,1,2025-12-24,AO-KF12-00804AA38
E8934250,AO-KF12-00804AB34,PIPE GUARD NET  ﾊﾞﾝｷﾝｾｲｻｸ､ﾖｳｾﾂ,5.0,2,1,2025-12-17,AO-KF12-00804AB34
E8934251,AO-KF12-00804AB34,PIPE GUARD NET  ﾊﾞﾝｷﾝｾｲｻｸ､ﾖｳｾﾂ,5.0,2,1,2025-12-22,AO-KF12-00804AB34
E8934252,AO-KF12-00804AB34,PIPE GUARD NET  ﾊﾞﾝｷﾝｾｲｻｸ､ﾖｳｾﾂ,5.0,2,1,2026-01-05,AO-KF12-00804AB34
E8934253,AO-KF12-00804AB34,PIPE GUARD NET  ﾊﾞﾝｷﾝｾｲｻｸ､ﾖｳｾﾂ,5.0,2,1,2026-01-07,AO-KF12-00804AB34
E8934254,AO-KF12-00804AD30,PIPE GUARD NET  ﾊﾞﾝｷﾝｾｲｻｸ､ﾖｳｾﾂ,5.0,2,1,2025-12-08,AO-KF12-00804AD30
E8934255,AO-KF12-00804AD30,PIPE GUARD NET  ﾊﾞﾝｷﾝｾｲｻｸ､ﾖｳｾﾂ,5.0,2,1,2025-12-15,AO-KF12-00804AD30
E8935958,L-1331-201HA2500,TAKE UP DRIVING ROLLER,4.0,2,1,2025-10-29,L-1331-201HA2500
E8935959,L-1331-201HA2500,TAKE UP DRIVING ROLLER,3.0,2,1,2025-10-29,L-1331-201HA2500
E8935960,L-1331-201HA2500,TAKE UP DRIVING ROLLER,6.0,2,1,2025-11-05,L-1331-201HA2500
E8935961,L-1331-201HA2500,TAKE UP DRIVING ROLLER,8.0,2,1,2025-11-04,L-1331-201HA2500
E8935962,L-1331-201KA2200,TAKE UP DRIVING ROLLER,5.0,2,1,2025-11-12,L-1331-201KA2200
E8935963,L-1331-201KA2200,TAKE UP DRIVING ROLLER,5.0,2,1,2025-11-12,L-1331-201KA2200
E8935964,L-1331-201KA2300,TAKE UP DRIVING ROLLER,5.0,2,1,2025-11-11,L-1331-201KA2300
E8935965,L-1331-201KA2300,TAKE UP DRIVING ROLLER,5.0,2,1,2025-11-14,L-1331-201KA2300
E8935966,L-1331-201KA2300,TAKE UP DRIVING ROLLER,5.0,2,1,2025-11-21,L-1331-201KA2300
E8935967,L-1331-201KA2300,TAKE UP DRIVING ROLLER,5.0,2,1,2025-11-26,L-1331-201KA2300
E8935968,L-1331-201KA2500,TAKE UP DRIVING ROLLER,5.0,2,1,2025-11-18,L-1331-201KA2500
E8935969,L-1331-202DA2500,TAKE UP DRIVEN ROLLER,4.0,2,1,2025-10-29,L-1331-202DA2500
E8935970,L-1331-202DA2500,TAKE UP DRIVEN ROLLER,3.0,2,1,2025-10-29,L-1331-202DA2500
E8935971,L-1331-202DA2500,TAKE UP DRIVEN ROLLER,6.0,2,1,2025-11-05,L-1331-202DA2500
E8935972,L-1331-202DA2500,TAKE UP DRIVEN ROLLER,8.0,2,1,2025-11-05,L-1331-202DA2500
E8935973,L-1331-202EA2200,TAKE UP DRIVEN ROLLER,5.0,2,1,2025-11-12,L-1331-202EA2200
E8935974,L-1331-202EA2200,TAKE UP DRIVEN ROLLER,5.0,2,1,2025-11-12,L-1331-202EA2200
E8935975,L-1331-202EA2300,TAKE UP DRIVEN ROLLER,5.0,2,1,2025-11-11,L-1331-202EA2300
E8935976,L-1331-202EA2300,TAKE UP DRIVEN ROLLER,5.0,2,1,2025-11-14,L-1331-202EA2300
E8935977,L-1331-202EA2300,TAKE UP DRIVEN ROLLER,5.0,2,1,2025-11-21,L-1331-202EA2300
E8935978,L-1331-202EA2300,TAKE UP DRIVEN ROLLER,5.0,2,1,2025-11-26,L-1331-202EA2300
E8935979,L-1331-202EA2500,TAKE UP DRIVEN ROLLER,5.0,2,1,2025-11-18,L-1331-202EA2500
E8935980,L-1331-204GA2500,FRICTION ROLLER,4.0,2,1,2025-11-18,L-1331-204GA2500
E8935981,L-1331-204GA2500,FRICTION ROLLER,3.0,2,1,2025-11-21,L-1331-204GA2500
E8935982,L-1331-204GA2500,FRICTION ROLLER,6.0,2,1,2025-12-01,L-1331-204GA2500
E8935983,L-1331-204GA2500,FRICTION ROLLER,8.0,2,1,2025-12-03,L-1331-204GA2500
E8935984,L-1331-251AA1548-1,ASSY.GUIDE ROLLER,10.0,2,1,2025-11-18,L-1331-251AA1548-1
E8935985,L-1331-251AA1548-1,ASSY.GUIDE ROLLER,10.0,2,1,2025-12-01,L-1331-251AA1548-1
E8935986,L-1331-251AA1548-1,ASSY.GUIDE ROLLER,20.0,2,1,2025-12-03,L-1331-251AA1548-1
E8935987,L-1331-259JA2500-1A,GUIDE ROLLER,4.0,2,1,2025-11-11,L-1331-259JA2500-1A
E8935988,L-1331-259JA2500-1A,GUIDE ROLLER,3.0,2,1,2025-11-14,L-1331-259JA2500-1A
E8935989,L-1331-259JA2500-1A,GUIDE ROLLER,6.0,2,1,2025-11-21,L-1331-259JA2500-1A
E8935990,L-1331-259JA2500-1A,GUIDE ROLLER,8.0,2,1,2025-11-26,L-1331-259JA2500-1A
E8935991,L-165-201CA1333,ASSY. TAKE UP DRIVING ROLLER,20.0,2,1,2025-11-19,L-165-201CA1333
E8935992,L-165-241BC1333,ASSY. FRICTION ROLLER,20.0,2,1,2025-11-19,L-165-241BC1333
E8935993,L-165-256BA1531,FRICTION ROLLER,8.0,2,1,2025-11-26,L-165-256BA1531
E8935995,L-K-31302BB1500-1A,GUIDE ROLLER,10.0,2,1,2025-11-07,L-K-31302BB1500-1A
E8935996,L-K-31302BB1500-1A,GUIDE ROLLER,10.0,2,1,2025-11-11,L-K-31302BB1500-1A
E8935997,L-K-31302BB1500-1A,GUIDE ROLLER,10.0,2,1,2025-11-14,L-K-31302BB1500-1A
E8935998,L-K-31302BB1500-1A,GUIDE ROLLER,10.0,2,1,2025-11-18,L-K-31302BB1500-1A
E8935999,L-K-31302BB1500-1A,GUIDE ROLLER,10.0,2,1,2025-11-21,L-K-31302BB1500-1A
E8936000,L-K-31302BB1500-1A,GUIDE ROLLER,10.0,2,1,2025-11-26,L-K-31302BB1500-1A
E8936001,L-KF20-06001AA2200,GUIDE ROLLER,5.0,2,1,2025-11-12,L-KF20-06001AA2200
E8936002,L-KF20-06001AA2200,GUIDE ROLLER,5.0,2,1,2025-11-12,L-KF20-06001AA2200
E8936003,L-KF20-06001AA2300,GUIDE ROLLER,5.0,2,1,2025-11-11,L-KF20-06001AA2300
E8936004,L-KF20-06001AA2300,GUIDE ROLLER,5.0,2,1,2025-11-14,L-KF20-06001AA2300
E8936005,L-KF20-06001AA2300,GUIDE ROLLER,5.0,2,1,2025-11-21,L-KF20-06001AA2300
E8936006,L-KF20-06001AA2300,GUIDE ROLLER,5.0,2,1,2025-11-26,L-KF20-06001AA2300
E8936007,L-KF20-06001AA2500,GUIDE ROLLER,5.0,2,1,2025-11-18,L-KF20-06001AA2500
E8936008,L-SPL-2540DA2500-1,GUIDE ROLLER,4.0,2,1,2025-10-29,L-SPL-2540DA2500-1
E8936009,L-SPL-2540DA2500-1,GUIDE ROLLER,3.0,2,1,2025-10-29,L-SPL-2540DA2500-1
E8936010,L-SPL-2540DA2500-1,GUIDE ROLLER,6.0,2,1,2025-11-05,L-SPL-2540DA2500-1
E8936011,L-SPL-2540DA2500-1,GUIDE ROLLER,8.0,2,1,2025-11-05,L-SPL-2540DA2500-1
E8936026,L1-1331-259NA/PA2200,ASSY.GUIDE ROLLER,10.0,2,1,2025-11-14,L1-1331-259NA/PA2200
E8936050,L1-2190-259BA2300,ASSY.GUIDE ROLLER,5.0,2,1,2025-11-26,L1-2190-259BA2300
E8936051,L1-2190-259BA2300,ASSY.GUIDE ROLLER,5.0,2,1,2025-12-01,L1-2190-259BA2300
E8936052,L1-2190-259BA2300,ASSY.GUIDE ROLLER,5.0,2,1,2025-12-08,L1-2190-259BA2300
E8936053,L1-2190-259BA2300,ASSY.GUIDE ROLLER,5.0,2,1,2025-12-10,L1-2190-259BA2300
E8936358,M-165-209AA,RATCHET CLAW,150.0,2,1,2025-12-03,M-165-209AA
E8936359,M-165-209CA,RATCHET CLAW,100.0,2,1,2025-12-03,M-165-209CA
E8936360,M-165-209DA,RATCHET CLAW,100.0,2,1,2025-12-03,M-165-209DA
E8937823,MC-KF22-002PA,*ASSY. CADRATEX 1  26inch,30.0,2,1,2025-11-25,MC-KF22-002PA
E8938046,PA-57-642CB,SUPPORT      FC,250.0,2,1,2025-12-03,PA-57-642CB
E8938047,PA-G-1111UA,GUIDE PLATE   W/PA,250.0,2,1,2025-12-24,PA-G-1111UA
E8939007,M-165-209BA,RATCHET CLAW,150.0,2,1,2025-12-03,M-165-209BA
E8939088,L1-5517-502AA30,CAM HOLDER,1.0,2,2,2025-11-21,L1-5517-502AA30
E8939114,MC-G-6501HA,DRIVING BRACKET,1.0,2,2,2025-11-12,MC-G-6501HA
E8939117,PL-3147-502LA30,CAM HOLDER ｶﾆｾﾞﾝﾒｯｷ(31個),1.0,2,2,2025-10-10,PL-3147-502LA30
E8939208,L1-78-40533-S,NEEDLE CYLINDER,4.0,2,1,2025-11-21,L1-78-40533-S
E8940736,L1-1651-237BA,SPUR GEAR(134NT),30.0,2,1,2025-12-17,L1-1651-237BA
E8943447,L1-165-601AB33,DIAL CAP HUB,2.0,2,1,2025-11-26,L1-165-601AB33
E8943449,L1-474-502AA30,CAM HOLDER,2.0,2,1,2025-12-03,L1-474-502AA30
E8943452,L1-165-601AB30,DIAL CAP HUB,2.0,2,1,2025-12-03,L1-165-601AB30
E8943454,L1-101-440BB30,TOP GEAR,1.0,2,1,2025-12-10,L1-101-440BB30
E8943456,L1-12Q-411BA31,NEEDLE DIAL HUB,1.0,2,1,2025-12-10,L1-12Q-411BA31
E8943459,LA-161-406DE31-D,GEAR RING (HIZUMI TORI),1.0,2,1,2025-12-17,LA-161-406DE31-D
E8943460,L1-161-406DE31,GEAR RING,1.0,2,1,2025-12-10,L1-161-406DE31
E8943462,L1-474-502AA30,CAM HOLDER,1.0,2,1,2025-12-10,L1-474-502AA30
E8943465,L1-165-601AB30,DIAL CAP HUB,1.0,2,1,2025-12-10,L1-165-601AB30
E8943468,L1-474-502AA33,CAM HOLDER,2.0,2,1,2025-11-18,L1-474-502AA33
E8943471,L1-161-501AA33,CAM RING,2.0,2,1,2025-11-26,L1-161-501AA33
E8943474,L1-161-501AA30,CAM RING,2.0,2,1,2025-12-03,L1-161-501AA30
E8943478,L1-1551-401AB30,BED,1.0,2,1,2025-12-10,L1-1551-401AB30
E8943480,MC-161-402CA30,DIAL YOKE   (MC),1.0,2,1,2025-12-24,MC-161-402CA30
E8943481,L1-161-402CA30,DIAL YOKE,1.0,2,1,2025-12-10,L1-161-402CA30
E8943483,MC-161-403CA30,DIAL YOKE RING (MC),1.0,2,1,2025-12-24,MC-161-403CA30
E8943484,L1-161-403CA30,DIAL YOKE RING,1.0,2,1,2025-12-10,L1-161-403CA30
E8943487,MC-170-414AA,HUB NUT (L2.DF),1.0,2,1,2025-12-24,MC-170-414AA
E8943488,L1-170-414AA,DIAL HUB NUT,1.0,2,1,2025-12-10,L1-170-414AA
E8943491,L1-161-501AA30,CAM RING,1.0,2,1,2025-12-10,L1-161-501AA30
E8943493,MC-K-28801EB,GEAR BOX,1.0,2,1,2025-12-17,MC-K-28801EB
E8943494,MC-G-6501GA,DRIVING BRACKET,1.0,2,1,2025-12-17,MC-G-6501GA
E8943496,L2-12Q-411BA31-NAKAMURA,NEEDLE DIAL HUB(L2-MC),1.0,2,1,2025-12-17,L2-12Q-411BA31-NAKAMURA
E8943529,L1-87-405EA30,NEEDLE CYLINDER,12.0,2,1,2025-11-14,L1-87-405EA30
E8943532,LC-970-41030-S,SINKER REST RING★★★★ゲージ注意★★★,5.0,2,1,2025-11-14,LC-970-41030-S
E8943540,L1-81-405EA26,NEEDLE CYLINDER,5.0,2,1,2025-11-26,L1-81-405EA26
E8943543,LC-970-41026-S,SINKER REST RING,1.0,2,1,2025-11-26,LC-970-41026-S
E8943548,PA2-K-22802CA,LEVER　塗装,5000.0,2,1,2025-10-29,PA2-K-22802CA
E8943549,PA2-K-22801CB,CASE　塗装,5000.0,2,1,2025-10-29,PA2-K-22801CB
E8943550,PL-KA65-00101AA,YARN CARRIER HOLDER,299.0,2,1,2025-10-22,PL-KA65-00101AA
E8943570,L1-87-405EA30-S,NEEDLE CYLINDER★★★★ゲージ注意★★★,4.0,2,1,2025-11-26,L1-87-405EA30-S
E8945045,L1-12Q-411BA38,NEEDLE DIAL HUB(L1ﾉﾐ),10.0,2,1,2025-12-10,L1-12Q-411BA38
E8945076,L1-485-641BA30-DRUM,YARN CARRIER RING,3.0,2,1,2025-12-01,L1-485-641BA30-DRUM
E8945077,L1-485-641BA34-DRUM,YARN CARRIER RING,5.0,2,1,2025-12-03,L1-485-641BA34-DRUM
E8947624,L1-740-40926-S,SINKER DIAL,5.0,2,1,2025-11-26,L1-740-40926-S
E8947664,L1-12Q-411BA33,NEEDLE DIAL HUB  (L1ﾉﾐ),1.0,2,2,2025-11-12,L1-12Q-411BA33
E8947667,L1-12Q-411BA33,NEEDLE DIAL HUB  (L1ﾉﾐ),1.0,2,2,2025-11-12,L1-12Q-411BA33
E8948597,DF-K-5701B,YARN CARRIER HOLDER,2000.0,2,1,2025-10-31,DF-K-5701B
E8950805,MC-3662-609BA,CAP RING SUPPORT,1.0,2,1,2025-11-14,MC-3662-609BA
E8950865,PA-1331-250NA2300,SQUARE PIPE FRAME  ﾂﾔｱﾘ,15.0,2,1,2025-10-27,PA-1331-250NA2300
E8951007,PA-3662-609AA,CAP RING SUPPORT,11.0,2,1,2025-12-15,PA-3662-609AA
E8951008,PA-3662-609BA,CAP RING SUPPORT,3.0,2,1,2025-12-15,PA-3662-609BA
E8951011,PA-G-7202,GEAR BOX,200.0,2,1,2025-12-03,PA-G-7202
E8951014,PA-G-9606AA,BRACKET,200.0,2,1,2025-12-08,PA-G-9606AA
E8951283,PL-G-2912AB,BELT TENSION ROD L=100,700.0,2,1,2025-11-04,PL-G-2912AB
E8951285,PL-G-2912FB,BELT TENSION ROD L480,700.0,2,1,2025-11-04,PL-G-2912FB
E8951376,PL-K-18802A,PIPE,100.0,2,1,2025-10-28,PL-K-18802A
E8951402,PL-SPL-2691BA450,SPREADER A  HCR,30.0,2,1,2025-10-31,PL-SPL-2691BA450
E8951409,PL-SPL-2691BA550,SPREADER A  HCR,30.0,2,1,2025-10-31,PL-SPL-2691BA550
E8951420,PL-SPL-2691CA450,SPREADER A  HCR,30.0,2,1,2025-10-31,PL-SPL-2691CA450
E8951427,PL-SPL-2691CA550,SPREADER A  HCR,30.0,2,1,2025-10-31,PL-SPL-2691CA550
E8951770,L1-101-440BB30,TOP GEAR,2.0,2,1,2025-12-03,L1-101-440BB30
E8951772,L1-12Q-411BA31,NEEDLE DIAL HUB,2.0,2,1,2025-12-03,L1-12Q-411BA31
E8951775,LA-161-406DE31-D,GEAR RING (HIZUMI TORI),2.0,2,1,2025-12-10,LA-161-406DE31-D
E8951776,L1-161-406DE31,GEAR RING,2.0,2,1,2025-12-03,L1-161-406DE31
E8951781,L1-1551-401AB30,BED,2.0,2,1,2025-12-03,L1-1551-401AB30
E8951783,MC-161-402CA30,DIAL YOKE   (MC),2.0,2,1,2025-12-17,MC-161-402CA30
E8951784,L1-161-402CA30,DIAL YOKE,2.0,2,1,2025-12-03,L1-161-402CA30
E8951786,MC-161-403CA30,DIAL YOKE RING (MC),2.0,2,1,2025-12-17,MC-161-403CA30
E8951787,L1-161-403CA30,DIAL YOKE RING,2.0,2,1,2025-12-03,L1-161-403CA30
E8951790,MC-170-414AA,HUB NUT (L2.DF),2.0,2,1,2025-12-17,MC-170-414AA
E8951791,L1-170-414AA,DIAL HUB NUT,2.0,2,1,2025-12-03,L1-170-414AA
E8951794,MC-K-28801EB,GEAR BOX,2.0,2,1,2025-12-10,MC-K-28801EB
E8951795,MC-G-6501GA,DRIVING BRACKET,2.0,2,1,2025-12-10,MC-G-6501GA
E8951798,MC-1631-111AA,ADDITIONAL LEG,1.0,2,1,2025-12-24,MC-1631-111AA
E8951800,MC-1631-111BA,ADDITIONAL LEG,2.0,2,1,2025-12-24,MC-1631-111BA
E8951802,L2-12Q-411BA31-NAKAMURA,NEEDLE DIAL HUB(L2-MC),2.0,2,1,2025-12-10,L2-12Q-411BA31-NAKAMURA
E8951803,PA-G-9501DE,BRACKET,300.0,2,1,2025-12-05,PA-G-9501DE
E8951873,L-K-31302BB1500-1A,GUIDE ROLLER,50.0,2,1,2025-11-12,L-K-31302BB1500-1A
E8951886,L1-87-405EA30-S,NEEDLE CYLINDER★★★★ゲージ注意★★★,12.0,2,1,2025-11-25,L1-87-405EA30-S
E8951919,MC-3662-609BA,CAP RING SUPPORT,3.0,2,1,2025-12-05,MC-3662-609BA
E8951921,MC-3662-609AA,CAP RING SUPPORT,5.0,2,1,2025-11-14,MC-3662-609AA
E8951923,MC-3662-609AA,CAP RING SUPPORT,11.0,2,1,2025-12-05,MC-3662-609AA
E8952035,L-SPL-2944-204JA2500,FRICTION ROLLER  (鉄芯のみ),5.0,2,1,2025-10-17,L-SPL-2944-204JA2500
E8952091,L1-12Q-411BA31,NEEDLE DIAL HUB,20.0,2,1,2025-11-28,L1-12Q-411BA31
E8952092,L1-954-50234,CAM HOLDER,1.0,2,1,2025-11-05,L1-954-50234
E8952094,L1-5546-405AA34-S,NEEDLE CYLINDER,2.0,2,1,2025-11-12,L1-5546-405AA34-S
E8952101,L1-78-40531-S,NEEDLE CYLINDER,12.0,2,1,2025-12-10,L1-78-40531-S
E8952102,L1-78-40531-S,NEEDLE CYLINDER,12.0,2,1,2025-12-17,L1-78-40531-S
E8952103,L1-87-405EA30,NEEDLE CYLINDER,12.0,2,1,2025-12-17,L1-87-405EA30
E8952105,L1-740-40930-S,SINKER DIAL,20.0,2,1,2025-12-18,L1-740-40930-S
E8952106,LC-970-41030-S,SINKER REST RING★★★★ゲージ注意★★★,5.0,2,1,2025-12-18,LC-970-41030-S
E8952108,L1-78-40538-S,NEEDLE CYLINDER,6.0,2,1,2025-12-18,L1-78-40538-S
E8952123,PA-1651-290BA,DRIVING BAR(刻印2),2.0,2,1,2025-11-19,PA-1651-290BA
E8952420,AO-1631-105BC30,PIPE GUARD NET  ﾊﾞﾝｷﾝｾｲｻｸ､ﾖｳｾﾂ,2.0,2,1,2025-12-22,AO-1631-105BC30
E8952421,AO-1631-105BC38,PIPE GUARD NET  ﾊﾞﾝｷﾝｾｲｻｸ､ﾖｳｾﾂ,1.0,2,1,2025-12-10,AO-1631-105BC38
E8952422,AO-1631-105FD30,PIPE GUARD NET  ﾊﾞﾝｷﾝｾｲｻｸ､ﾖｳｾﾂ,2.0,2,1,2025-12-22,AO-1631-105FD30
E8952423,AO-1631-105FD38,PIPE GUARD NET  ﾊﾞﾝｷﾝｾｲｻｸ､ﾖｳｾﾂ,1.0,2,1,2025-12-10,AO-1631-105FD38
E8952424,AO-1631-105GD30,PIPE GUARD NET  ﾊﾞﾝｷﾝｾｲｻｸ､ﾖｳｾﾂ,2.0,2,1,2025-12-22,AO-1631-105GD30
E8952425,AO-1631-105GD38,PIPE GUARD NET  ﾊﾞﾝｷﾝｾｲｻｸ､ﾖｳｾﾂ,1.0,2,1,2025-12-10,AO-1631-105GD38
E8952498,AO-KF12-01001AA30,PIPE GUARD NET W/1331-105-2GA SETﾊﾝﾏ-ﾈｯﾄ,6.0,2,1,2025-12-24,AO-KF12-01001AA30
E8952499,AO-KF12-01001AA30,PIPE GUARD NET W/1331-105-2GA SETﾊﾝﾏ-ﾈｯﾄ,6.0,2,1,2026-01-05,AO-KF12-01001AA30
E8952500,AO-KF12-01001AA30,PIPE GUARD NET W/1331-105-2GA SETﾊﾝﾏ-ﾈｯﾄ,8.0,2,1,2026-01-07,AO-KF12-01001AA30
E8952501,AO-KF12-01002AA30,PIPE GUARD NET W/1331-105-2GA SETﾊﾝﾏ-ﾈｯﾄ,6.0,2,1,2025-12-24,AO-KF12-01002AA30
E8952502,AO-KF12-01002AA30,PIPE GUARD NET W/1331-105-2GA SETﾊﾝﾏ-ﾈｯﾄ,6.0,2,1,2026-01-05,AO-KF12-01002AA30
E8952503,AO-KF12-01002AA30,PIPE GUARD NET W/1331-105-2GA SETﾊﾝﾏ-ﾈｯﾄ,8.0,2,1,2026-01-07,AO-KF12-01002AA30
E8952504,AO-KF12-01003AA30,PIPE GUARD NET W/1331-105-2GA SETﾊﾝﾏ-ﾈｯﾄ,3.0,2,1,2025-12-24,AO-KF12-01003AA30
E8952505,AO-KF12-01003AA30,PIPE GUARD NET W/1331-105-2GA SETﾊﾝﾏ-ﾈｯﾄ,3.0,2,1,2026-01-05,AO-KF12-01003AA30
E8952506,AO-KF12-01003AA30,PIPE GUARD NET W/1331-105-2GA SETﾊﾝﾏ-ﾈｯﾄ,4.0,2,1,2026-01-07,AO-KF12-01003AA30
E8952507,AO-KF12-01004AA30,PIPE GUARD NET W/1331-105-2GA SETﾊﾝﾏ-ﾈｯﾄ,3.0,2,1,2025-12-24,AO-KF12-01004AA30
E8952508,AO-KF12-01004AA30,PIPE GUARD NET W/1331-105-2GA SETﾊﾝﾏ-ﾈｯﾄ,3.0,2,1,2026-01-05,AO-KF12-01004AA30
E8952509,AO-KF12-01004AA30,PIPE GUARD NET W/1331-105-2GA SETﾊﾝﾏ-ﾈｯﾄ,4.0,2,1,2026-01-07,AO-KF12-01004AA30
E8954107,L1-3164-652AA30-DRUM,YARN CARRIER RING(L1),1.0,2,1,2025-12-24,L1-3164-652AA30-DRUM
E8955764,PA-1331-250NA2200,SQUARE PIPE FRAME  ﾂﾔｱﾘ,15.0,2,1,2025-10-27,PA-1331-250NA2200
E8955777,PA-1331-307HB,COVER,16.0,2,1,2025-10-27,PA-1331-307HB
E8955795,PA-1331-307JD,COVER,2.0,2,1,2025-10-27,PA-1331-307JD
E8955797,PA-1351-443CB30,ASSY.TOP GEAR COVER-1A.-3A.-4Aﾌｸﾑ,5.0,2,1,2025-10-27,PA-1351-443CB30
E8955811,PA-1351-443CB38,ASSY. TOP GEAR COVER-1A.-3A.-4Aﾌｸﾑ,12.0,2,1,2025-10-27,PA-1351-443CB38
E8955826,PA-1351-443DB38,ASSY. TOP GEAR COVER-1A.-3A.-4A.-4B.-5A,1.0,2,1,2025-10-27,PA-1351-443DB38
E8955831,PA-1532-443AA30,ASSY.TOP GEAR COVER-1A.-5A   ﾌｸﾑ,2.0,2,1,2025-10-27,PA-1532-443AA30
E8955834,PA-1532-443BA30,ASSY.TOP GEAR COVER,2.0,2,1,2025-10-27,PA-1532-443BA30
E8955836,PA-1631-105AD38,PIPE GUARD NET,2.0,2,1,2025-10-27,PA-1631-105AD38
E8955841,PA-1631-105CD38,PIPE GUARD NET,2.0,2,1,2025-10-27,PA-1631-105CD38
E8955844,PA-1631-105DC30,PIPE GUARD NET,7.0,2,1,2025-10-27,PA-1631-105DC30
E8955846,PA-1631-105DC38,PIPE GUARD NET,6.0,2,1,2025-10-27,PA-1631-105DC38
E8955853,PA-1631-105EC30,PIPE GUARD NET,7.0,2,1,2025-10-27,PA-1631-105EC30
E8955855,PA-1631-105EC38,PIPE GUARD NET,6.0,2,1,2025-10-27,PA-1631-105EC38
E8955862,PA-1631-105FD30,PIPE GUARD NET,7.0,2,1,2025-10-27,PA-1631-105FD30
E8955866,PA-1631-105FD38,PIPE GUARD NET,4.0,2,1,2025-10-27,PA-1631-105FD38
E8955874,PA-1631-105GD30,PIPE GUARD NET,7.0,2,1,2025-10-27,PA-1631-105GD30
E8955878,PA-1631-105GD38,PIPE GUARD NET,4.0,2,1,2025-10-27,PA-1631-105GD38
E8955888,PA-1631-307CD38,COVER,4.0,2,1,2025-10-27,PA-1631-307CD38
E8955892,PA-1631-307VA38,COVER,2.0,2,1,2025-10-27,PA-1631-307VA38
E8955909,PA-2190-250AA2350,SQUARE PIPE FRAME,10.0,2,1,2026-01-07,PA-2190-250AA2350
E8955955,PA-KF12-00401GC30,STEP,20.0,2,1,2025-10-27,PA-KF12-00401GC30
E8955981,PA-KF12-00402GC30,STEP,20.0,2,1,2025-10-27,PA-KF12-00402GC30
E8956007,PA-KF12-00403GC30,STEP,10.0,2,1,2025-10-27,PA-KF12-00403GC30
E8956033,PA-KF12-00404GC30,STEP,10.0,2,1,2025-10-27,PA-KF12-00404GC30
E8956050,PA-KF12-00801AB34,PIPE GUARD NET,6.0,2,1,2025-10-27,PA-KF12-00801AB34
E8956059,PA-KF12-00801AD30,PIPE GUARD NET,20.0,2,1,2025-10-27,PA-KF12-00801AD30
E8956070,PA-KF12-00802AB34,PIPE GUARD NET,6.0,2,1,2025-10-27,PA-KF12-00802AB34
E8956079,PA-KF12-00802AD30,PIPE GUARD NET,20.0,2,1,2025-10-27,PA-KF12-00802AD30
E8956090,PA-KF12-00803AB34,PIPE GUARD NET,3.0,2,1,2025-10-27,PA-KF12-00803AB34
E8956099,PA-KF12-00803AD30,PIPE GUARD NET,10.0,2,1,2025-10-27,PA-KF12-00803AD30
E8956110,PA-KF12-00804AB34,PIPE GUARD NET,3.0,2,1,2025-10-27,PA-KF12-00804AB34
E8956119,PA-KF12-00804AD30,PIPE GUARD NET,10.0,2,1,2025-10-27,PA-KF12-00804AD30
E8956150,PA-SPL-2540RA2200,SQUARE PIPE,10.0,2,1,2025-10-27,PA-SPL-2540RA2200
E8956216,PL-DC-3607MD1000,CENTER PIPE,20.0,2,1,2025-11-21,PL-DC-3607MD1000
E8956217,PL-DC-3607PB1000,CENTER PIPE,5.0,2,1,2025-11-21,PL-DC-3607PB1000
E8956308,PL-K-13226KA,SIDE BAR       HCR,100.0,2,1,2025-10-31,PL-K-13226KA
E8956735,L1-5517-502AA38,CAM HOLDER,1.0,2,1,2025-10-30,L1-5517-502AA38
E8956843,LA-1551-401AA38-ISHI-D,BED　（歪取り有り）,10.0,2,1,2025-12-19,LA-1551-401AA38-ISHI-D
E8956844,LA-1551-401AA38-ISHI-D,BED　（歪取り有り）,10.0,2,1,2026-01-16,LA-1551-401AA38-ISHI-D
E8956862,PL-5154-502AA30,CAM HOLDER ｶﾆｾﾞﾝﾒｯｷ(25個),1.0,2,1,2025-10-27,PL-5154-502AA30
E8956864,PL-5154-502AA30,CAM HOLDER ｶﾆｾﾞﾝﾒｯｷ(25個),1.0,2,1,2025-10-27,PL-5154-502AA30
E8956865,PL-5154-502AA30,CAM HOLDER ｶﾆｾﾞﾝﾒｯｷ(25個),1.0,2,1,2025-10-27,PL-5154-502AA30
E8956874,L-SPL-2944-204KA2500,FRICTION ROLLER  (鉄芯のみ),10.0,2,1,2025-10-20,L-SPL-2944-204KA2500
E8956892,L1-87-405EA32,NEEDLE CYLINDER,4.0,2,1,2025-12-03,L1-87-405EA32
E8956894,L1-740-40932-S,SINKER DIAL,5.0,2,1,2025-12-03,L1-740-40932-S
E8956895,LC-970-41032-S,SINKER REST RING,1.0,2,1,2025-12-03,LC-970-41032-S
E8956909,PL-2190-259BA2300-RE,ASSY. GUIDE ROLLER,6.0,2,2,2025-10-24,PL-2190-259BA2300-RE
E8956910,PL-2190-259BA2500-RE,ASSY. GUIDE ROLLER,2.0,2,2,2025-10-24,PL-2190-259BA2500-RE
E8956941,L1-79-409B30-S,NEEDLE DIAL,20.0,2,1,2026-01-20,L1-79-409B30-S
E8956943,L1-79-409B30-S,NEEDLE DIAL,20.0,2,1,2026-02-10,L1-79-409B30-S
E8956944,L1-79-409B30-S,NEEDLE DIAL,20.0,2,1,2026-02-24,L1-79-409B30-S
E8956945,L1-79-409B30-S,NEEDLE DIAL,20.0,2,1,2026-03-11,L1-79-409B30-S
E8956946,L1-79-409B30-S,NEEDLE DIAL,20.0,2,1,2026-03-26,L1-79-409B30-S
E8956947,L1-79-409B30-S,NEEDLE DIAL,20.0,2,1,2026-04-10,L1-79-409B30-S
E8956948,L1-79-409B30-S,NEEDLE DIAL,20.0,2,1,2026-04-24,L1-79-409B30-S
E8956951,AO-165-201AA1333,TAKE UP DRIVING ROLLER,1.0,2,2,2026-01-07,AO-165-201AA1333
E8956952,L-165-201AA1333,TAKE UP DRIVING ROLLER,1.0,2,2,2025-11-26,L-165-201AA1333
E8956953,AO-165-202AA1333,TAKE UP DRIVING ROLLER,1.0,2,2,2026-01-07,AO-165-202AA1333
E8956954,L-115-206AA1531,FRICTION ROLLER,4.0,2,2,2025-12-24,L-115-206AA1531
E8956955,AO-165-201AA1150,TAKE UP DRIVING ROLLER,1.0,2,2,2025-12-24,AO-165-201AA1150
E8956956,L-165-201AA1150,TAKE UP DRIVING ROLLER,1.0,2,2,2025-11-26,L-165-201AA1150
E8956998,L1-4109-502AA30,CAM HOLDER,5.0,2,1,2025-11-21,L1-4109-502AA30
E8957000,L1-880-601AA30,SINKER CAP,5.0,2,1,2025-11-21,L1-880-601AA30
E8957002,L1-3237-432BA30,STRIPER RING(L1),5.0,2,1,2025-11-21,L1-3237-432BA30
E8957004,L1-1532-431BA26,UPPER BED,5.0,2,1,2025-11-21,L1-1532-431BA26
E8957006,L1-1532-440AA30,UPPER GEAR RING,5.0,2,1,2025-11-21,L1-1532-440AA30
E8957008,L1-4109-502AA30,CAM HOLDER,5.0,2,1,2025-11-21,L1-4109-502AA30
E8957010,L1-3237-432BA26,STRIPER RING(L1),5.0,2,1,2025-11-21,L1-3237-432BA26
E8957012,L1-1532-431BA26,UPPER BED,5.0,2,1,2025-11-21,L1-1532-431BA26
E8957014,L1-1532-440AA26,UPPER GEAR RING,5.0,2,1,2025-11-21,L1-1532-440AA26
E8957032,L1-882-608AA26,CAP RING,6.0,2,1,2025-11-21,L1-882-608AA26
E8957034,L1-3239-608BA30,CAP RING  (882-608BA30ｶﾞｲｹｲﾁｶﾞｲ),8.0,2,1,2025-11-21,L1-3239-608BA30
E8960512,PA-1831-105AAL36,GUARD NET,4.0,2,1,2025-12-19,PA-1831-105AAL36
E8960514,PA-1831-105BAL36,GUARD NET,4.0,2,1,2025-12-19,PA-1831-105BAL36
E8960516,PA-1831-105CAL36,GUARD NET,4.0,2,1,2025-12-19,PA-1831-105CAL36
E8960518,PA-1831-105DAL36,GUARD NET,4.0,2,1,2025-12-19,PA-1831-105DAL36
E8960520,PA-1831-105EAL36,GUARD NET,4.0,2,1,2025-12-19,PA-1831-105EAL36
E8960522,PA-1831-105FAL36,GUARD NET,4.0,2,1,2025-12-19,PA-1831-105FAL36
E8960907,PL-K-20601LA,BASE,14.0,2,1,2025-11-07,PL-K-20601LA
E8961308,PL-3164-502AB34,CAM HOLDER ｶﾆｾﾞﾝﾒｯｷ(37個),1.0,2,1,2025-10-27,PL-3164-502AB34
E8961309,PL-3164-502AB34,CAM HOLDER ｶﾆｾﾞﾝﾒｯｷ(37個),1.0,2,1,2025-10-29,PL-3164-502AB34
E8961311,PL-KA65-00101AA,YARN CARRIER HOLDER,2000.0,2,1,2025-11-14,PL-KA65-00101AA
E8961312,PL-KA65-00101AA,YARN CARRIER HOLDER,2000.0,2,1,2025-11-21,PL-KA65-00101AA
E8961315,PL-K-13247AA,SPREADER      HCR,2.0,2,2,2025-10-31,PL-K-13247AA
E8961318,PL-K-13247BA,SPREADER      HCR,2.0,2,2,2025-10-31,PL-K-13247BA
E8961319,PL-K-13247AA,SPREADER      HCR,8.0,2,1,2025-10-31,PL-K-13247AA
E8961320,PL-K-13247BA,SPREADER      HCR,8.0,2,1,2025-10-31,PL-K-13247BA
E8961324,AO-1331-202DA2300,TAKE UP DRIVEN ROLLER,1.0,2,1,2025-10-22,AO-1331-202DA2300
E8961325,AO-1331-204LA2300,FRICTION ROLLER,2.0,2,1,2025-10-22,AO-1331-204LA2300
E8961326,AO-1331-201LA2300,TAKE UP DRIVING ROLLER,1.0,2,1,2025-10-22,AO-1331-201LA2300
E8961331,L1-12Q-411BA34,NEEDLE DIAL HUB(L1ﾉﾐ),1.0,2,1,2025-11-26,L1-12Q-411BA34
E8961335,L1-1551-401AA38,BED,1.0,2,1,2025-11-26,L1-1551-401AA38
E8961340,LA-161-601HA34-L2,DIAL CAP HUB   L2,1.0,2,1,2025-12-03,LA-161-601HA34-L2
E8961341,L1-161-601HA34,DIAL CAP HUB,1.0,2,1,2025-11-26,L1-161-601HA34
E8961344,L1-101-440BB30,TOP GEAR,2.0,2,1,2025-12-08,L1-101-440BB30
E8961346,L1-12Q-411BA31,NEEDLE DIAL HUB,2.0,2,1,2025-12-08,L1-12Q-411BA31
E8961349,LA-161-406DE31-D,GEAR RING (HIZUMI TORI),2.0,2,1,2025-12-15,LA-161-406DE31-D
E8961350,L1-161-406DE31,GEAR RING,2.0,2,1,2025-12-08,L1-161-406DE31
E8961354,L1-1831-406AA30,GEAR RING,2.0,2,1,2025-12-08,L1-1831-406AA30
E8961356,L1-474-502AA30,CAM HOLDER,2.0,2,1,2025-12-08,L1-474-502AA30
E8961359,L1-165-601AB33,DIAL CAP HUB,2.0,2,1,2025-12-08,L1-165-601AB33
E8961364,L1-1831-406AA30,GEAR RING,3.0,2,1,2025-12-10,L1-1831-406AA30
E8961368,L1-1831-406AA32,GEAR RING,2.0,2,1,2025-12-10,L1-1831-406AA32
E8961372,L1-1831-406AA30,GEAR RING,3.0,2,1,2025-12-15,L1-1831-406AA30
E8961376,L1-1831-406AA32,GEAR RING,2.0,2,1,2025-12-15,L1-1831-406AA32
E8961380,L1-1831-406AA30,GEAR RING,4.0,2,1,2025-12-17,L1-1831-406AA30
E8961382,MC-101-440EA38,TOP GEAR,1.0,2,1,2025-12-10,MC-101-440EA38
E8961383,L1-101-440EA38,TOP GEAR,1.0,2,1,2025-11-26,L1-101-440EA38
E8961385,MC-161-402CA38,DIAL YOKE   (MC),1.0,2,1,2025-12-10,MC-161-402CA38
E8961386,L1-161-402CA38,DIAL YOKE,1.0,2,1,2025-11-26,L1-161-402CA38
E8961388,MC-161-403CA38,DIAL YOKE RING (MC),1.0,2,1,2025-12-10,MC-161-403CA38
E8961389,L1-161-403CA38,DIAL YOKE RING,1.0,2,1,2025-11-26,L1-161-403CA38
E8961391,MC-170-414AA,HUB NUT (L2.DF),1.0,2,1,2025-12-10,MC-170-414AA
E8961392,L1-170-414AA,DIAL HUB NUT,1.0,2,1,2025-11-26,L1-170-414AA
E8961396,L1-1551-401AB30,BED,2.0,2,1,2025-12-08,L1-1551-401AB30
E8961398,MC-161-402CA30,DIAL YOKE   (MC),2.0,2,1,2025-12-22,MC-161-402CA30
E8961399,L1-161-402CA30,DIAL YOKE,2.0,2,1,2025-12-08,L1-161-402CA30
E8961401,MC-161-403CA30,DIAL YOKE RING (MC),2.0,2,1,2025-12-22,MC-161-403CA30
E8961402,L1-161-403CA30,DIAL YOKE RING,2.0,2,1,2025-12-08,L1-161-403CA30
E8961405,MC-170-414AA,HUB NUT (L2.DF),2.0,2,1,2025-12-22,MC-170-414AA
E8961406,L1-170-414AA,DIAL HUB NUT,2.0,2,1,2025-12-08,L1-170-414AA
E8961411,L1-1831-401AA30,BED,2.0,2,1,2025-12-15,L1-1831-401AA30
E8961414,L1-1831-501BA30,CAM RING,2.0,2,1,2025-12-15,L1-1831-501BA30
E8961416,LA-1831-501AA30-DF,CAM RING A,2.0,2,1,2025-12-22,LA-1831-501AA30-DF
E8961417,L1-1831-501AA30,CAM RING A,2.0,2,1,2025-12-15,L1-1831-501AA30
E8961419,L1-3153-502AC30,CAM HOLDER,2.0,2,1,2025-12-01,L1-3153-502AC30
E8961422,L1-161-501AA30,CAM RING,2.0,2,1,2025-12-08,L1-161-501AA30
E8961426,L1-1831-401AA36,BED,2.0,2,1,2025-12-10,L1-1831-401AA36
E8961429,L1-1831-501BA30,CAM RING,3.0,2,1,2025-12-17,L1-1831-501BA30
E8961432,L1-1831-501BA32,CAM RING,2.0,2,1,2025-12-17,L1-1831-501BA32
E8961434,LA-1831-501AA30-DF,CAM RING A,3.0,2,1,2025-12-24,LA-1831-501AA30-DF
E8961435,L1-1831-501AA30,CAM RING A,3.0,2,1,2025-12-17,L1-1831-501AA30
E8961438,L1-1831-501AA32,CAM RING A,2.0,2,1,2025-12-17,L1-1831-501AA32
E8961442,L1-1831-401AA30,BED,3.0,2,1,2025-12-17,L1-1831-401AA30
E8961444,L1-3164-502BA30,CAM HOLDER,3.0,2,1,2025-12-03,L1-3164-502BA30
E8961448,L1-1831-401AA36,BED,2.0,2,1,2025-12-15,L1-1831-401AA36
E8961451,L1-1831-501BA30,CAM RING,3.0,2,1,2025-12-22,L1-1831-501BA30
E8961454,L1-1831-501BA32,CAM RING,2.0,2,1,2025-12-22,L1-1831-501BA32
E8961456,LA-1831-501AA30-DF,CAM RING A,3.0,2,1,2026-01-05,LA-1831-501AA30-DF
E8961457,L1-1831-501AA30,CAM RING A,3.0,2,1,2025-12-22,L1-1831-501AA30
E8961460,L1-1831-501AA32,CAM RING A,2.0,2,1,2025-12-22,L1-1831-501AA32
E8961464,L1-1831-401AA30,BED,3.0,2,1,2025-12-22,L1-1831-401AA30
E8961466,L1-3164-502BA30,CAM HOLDER,3.0,2,1,2025-12-08,L1-3164-502BA30
E8961469,L1-1831-501BA30,CAM RING,4.0,2,1,2025-12-24,L1-1831-501BA30
E8961471,LA-1831-501AA30-DF,CAM RING A,4.0,2,1,2026-01-07,LA-1831-501AA30-DF
E8961472,L1-1831-501AA30,CAM RING A,4.0,2,1,2025-12-24,L1-1831-501AA30
E8961476,L1-1831-401AA30,BED,4.0,2,1,2025-12-24,L1-1831-401AA30
E8961478,L1-3164-502BA30,CAM HOLDER,4.0,2,1,2025-12-10,L1-3164-502BA30
E8961480,MC-K-28801EB,GEAR BOX,1.0,2,1,2025-12-03,MC-K-28801EB
E8961481,MC-K-28801EB,GEAR BOX,2.0,2,1,2025-12-15,MC-K-28801EB
E8961482,MC-G-6501HA,DRIVING BRACKET,1.0,2,1,2025-12-03,MC-G-6501HA
E8961484,MC-G-6501GA,DRIVING BRACKET,2.0,2,1,2025-12-15,MC-G-6501GA
E8961488,MC-1631-111AA,ADDITIONAL LEG,2.0,2,1,2025-12-24,MC-1631-111AA
E8961490,MC-1631-111BA,ADDITIONAL LEG,4.0,2,1,2025-12-24,MC-1631-111BA
E8961494,MC-1631-111AA,ADDITIONAL LEG,2.0,2,1,2026-01-05,MC-1631-111AA
E8961496,MC-1631-111BA,ADDITIONAL LEG,4.0,2,1,2026-01-05,MC-1631-111BA
E8961502,L2-12Q-411BA31-NAKAMURA,NEEDLE DIAL HUB(L2-MC),2.0,2,1,2025-12-15,L2-12Q-411BA31-NAKAMURA
E8961503,PL-3153-502FB30,CAM HOLDER ｶﾆｾﾞﾝﾒｯｷ(33個),2.0,2,1,2025-12-22,PL-3153-502FB30
E8961504,PL-5165-502EA30,CAM HOLDER ｶﾆｾﾞﾝﾒｯｷ(31個),2.0,2,1,2025-12-22,PL-5165-502EA30
E8961505,PL-3167-502AA30,CAM HOLDER ｶﾆｾﾞﾝﾒｯｷ(31個),3.0,2,1,2025-12-24,PL-3167-502AA30
E8961506,PL-3167-502AA30,CAM HOLDER ｶﾆｾﾞﾝﾒｯｷ(31個),3.0,2,1,2026-01-05,PL-3167-502AA30
E8961507,PL-3167-502AA30,CAM HOLDER ｶﾆｾﾞﾝﾒｯｷ(31個),4.0,2,1,2026-01-07,PL-3167-502AA30
E8961556,L1-161-406DE31,GEAR RING,11.0,2,1,2025-11-07,L1-161-406DE31
E8961557,LA-161-406DE31-D,GEAR RING (HIZUMI TORI),11.0,2,1,2025-11-07,LA-161-406DE31-D
E8961594,80-451BU,SET PIECE UNIT**,3000.0,2,1,2026-01-15,80-451BU
E8961595,80-451BU,SET PIECE UNIT**,3000.0,2,1,2026-06-18,80-451BU
E8961622,MV-161-420CA,BRACKET (FC) 分納不可,100.0,2,1,2025-10-30,MV-161-420CA
E8961624,PL-2190-259BA2300-RE,ASSY. GUIDE ROLLER,7.0,2,2,2025-10-29,PL-2190-259BA2300-RE
E8961626,PA-161-420CA,BRACKET,100.0,2,1,2025-11-14,PA-161-420CA
E8961628,L1-161-501AA30,CAM RING,10.0,2,1,2025-11-26,L1-161-501AA30
E8961807,L1-3164-608AA30,CAP RING,12.0,2,1,2025-12-01,L1-3164-608AA30
E8962203,AO-KF12-00801AD30,PIPE GUARD NET  ﾊﾞﾝｷﾝｾｲｻｸ､ﾖｳｾﾂ,6.0,2,1,2025-12-17,AO-KF12-00801AD30
E8962204,AO-KF12-00801AD30,PIPE GUARD NET  ﾊﾞﾝｷﾝｾｲｻｸ､ﾖｳｾﾂ,4.0,2,1,2025-12-22,AO-KF12-00801AD30
E8962207,AO-KF12-00802AD30,PIPE GUARD NET  ﾊﾞﾝｷﾝｾｲｻｸ､ﾖｳｾﾂ,6.0,2,1,2025-12-17,AO-KF12-00802AD30
E8962208,AO-KF12-00802AD30,PIPE GUARD NET  ﾊﾞﾝｷﾝｾｲｻｸ､ﾖｳｾﾂ,4.0,2,1,2025-12-22,AO-KF12-00802AD30
E8962211,AO-KF12-00803AD30,PIPE GUARD NET  ﾊﾞﾝｷﾝｾｲｻｸ､ﾖｳｾﾂ,3.0,2,1,2025-12-17,AO-KF12-00803AD30
E8962212,AO-KF12-00803AD30,PIPE GUARD NET  ﾊﾞﾝｷﾝｾｲｻｸ､ﾖｳｾﾂ,2.0,2,1,2025-12-22,AO-KF12-00803AD30
E8962215,AO-KF12-00804AD30,PIPE GUARD NET  ﾊﾞﾝｷﾝｾｲｻｸ､ﾖｳｾﾂ,3.0,2,1,2025-12-17,AO-KF12-00804AD30
E8962216,AO-KF12-00804AD30,PIPE GUARD NET  ﾊﾞﾝｷﾝｾｲｻｸ､ﾖｳｾﾂ,2.0,2,1,2025-12-22,AO-KF12-00804AD30
E8965297,MC-165-444RC,DRIVING BAR(SPS-38J送る),10.0,2,1,2025-12-17,MC-165-444RC
E8965428,PA-1631-105BC30,PIPE GUARD NET,1.0,2,1,2025-11-04,PA-1631-105BC30
E8965430,PA-1631-105BC38,PIPE GUARD NET,2.0,2,1,2025-11-04,PA-1631-105BC38
E8965435,PA-1631-105DC38,PIPE GUARD NET,1.0,2,1,2025-11-04,PA-1631-105DC38
E8965439,PA-1631-105DCL38,PIPE GUARD NET,2.0,2,1,2025-11-04,PA-1631-105DCL38
E8965441,PA-1631-105EC38,PIPE GUARD NET,1.0,2,1,2025-11-04,PA-1631-105EC38
E8965445,PA-1631-105ECL38,PIPE GUARD NET,2.0,2,1,2025-11-04,PA-1631-105ECL38
E8965446,PA-1631-105FD30,PIPE GUARD NET,1.0,2,1,2025-11-04,PA-1631-105FD30
E8965449,PA-1631-105FD38,PIPE GUARD NET,3.0,2,1,2025-11-04,PA-1631-105FD38
E8965454,PA-1631-105FDL38,PIPE GUARD NET,2.0,2,1,2025-11-04,PA-1631-105FDL38
E8965455,PA-1631-105GD30,PIPE GUARD NET,1.0,2,1,2025-11-04,PA-1631-105GD30
E8965458,PA-1631-105GD38,PIPE GUARD NET,3.0,2,1,2025-11-04,PA-1631-105GD38
E8965461,PA-1631-105GDL38,PIPE GUARD NET,2.0,2,1,2025-11-04,PA-1631-105GDL38
E8965493,PA-631-609AB,RING SUPPORT FC25,50.0,2,1,2025-12-15,PA-631-609AB
E8965635,PA-KF12-00801AB34,PIPE GUARD NET,20.0,2,1,2025-11-04,PA-KF12-00801AB34
E8965654,PA-KF12-00802AB34,PIPE GUARD NET,20.0,2,1,2025-11-04,PA-KF12-00802AB34
E8965673,PA-KF12-00803AB34,PIPE GUARD NET,10.0,2,1,2025-11-04,PA-KF12-00803AB34
E8965692,PA-KF12-00804AB34,PIPE GUARD NET,10.0,2,1,2025-11-04,PA-KF12-00804AB34
E8965895,PL-K-2001F32,FABRIC RING      HCR,4.0,2,1,2025-12-24,PL-K-2001F32
E8966322,PL-3147-502LA30,CAM HOLDER ｶﾆｾﾞﾝﾒｯｷ(31個),1.0,2,1,2025-10-31,PL-3147-502LA30
E8966323,PL-3147-502LA30,CAM HOLDER ｶﾆｾﾞﾝﾒｯｷ(31個),1.0,2,1,2025-10-31,PL-3147-502LA30
E8966326,LA-1831-501AA30-DF,CAM RING A,4.0,2,1,2025-10-31,LA-1831-501AA30-DF
E8966327,L1-1831-501AA30,CAM RING A,4.0,2,1,2025-10-31,L1-1831-501AA30
E8966331,MC-161-404AAC,SIDE,21.0,2,1,2025-12-15,MC-161-404AAC
E8966332,MC-161-404AAC,SIDE,21.0,2,1,2025-12-17,MC-161-404AAC
E8966333,MC-161-404AAC,SIDE,21.0,2,1,2025-12-22,MC-161-404AAC
E8966334,MC-161-404AAC,SIDE,21.0,2,1,2025-12-24,MC-161-404AAC
E8966339,MC-161-404AAC,SIDE,21.0,2,1,2026-01-07,MC-161-404AAC
E8966340,MC-161-404AAC,SIDE,21.0,2,1,2026-01-09,MC-161-404AAC
E8966341,MC-161-404AAC,SIDE,21.0,2,1,2026-01-14,MC-161-404AAC
E8966342,MC-161-404AAC,SIDE,21.0,2,1,2026-01-16,MC-161-404AAC
E8966343,MC-161-404AAC,SIDE,21.0,2,1,2026-01-21,MC-161-404AAC
E8966344,MC-161-404AAC,SIDE,21.0,2,1,2026-01-23,MC-161-404AAC
E8966345,MC-161-404AAC,SIDE,21.0,2,1,2026-01-28,MC-161-404AAC
E8966346,MC-161-404AAC,SIDE,21.0,2,1,2026-01-30,MC-161-404AAC
E8966369,L1-1632-401AA26,BED,5.0,2,1,2025-12-01,L1-1632-401AA26
E8966374,L1-1632-401AA26,BED,3.0,2,1,2025-12-03,L1-1632-401AA26
E8966378,L1-171-406AA26,GEAR RING,3.0,2,1,2025-12-03,L1-171-406AA26
E8966381,L1-171-501AA26,CAM RING(L1),3.0,2,1,2025-12-03,L1-171-501AA26
E8966386,L1-1632-401AA26,BED,2.0,2,1,2025-12-08,L1-1632-401AA26
E8966390,L1-171-406AA26,GEAR RING,2.0,2,1,2025-12-08,L1-171-406AA26
E8966393,L1-171-501AA26,CAM RING(L1),2.0,2,1,2025-12-08,L1-171-501AA26
E8966396,L1-101-440BB30,TOP GEAR,2.0,2,1,2025-12-17,L1-101-440BB30
E8966398,L1-12Q-411BA31,NEEDLE DIAL HUB,2.0,2,1,2025-12-17,L1-12Q-411BA31
E8966401,LA-161-406DE31-D,GEAR RING (HIZUMI TORI),2.0,2,1,2025-12-24,LA-161-406DE31-D
E8966402,L1-161-406DE31,GEAR RING,2.0,2,1,2025-12-17,L1-161-406DE31
E8966404,L1-474-502AA30,CAM HOLDER,2.0,2,1,2025-12-17,L1-474-502AA30
E8966407,L1-165-601AB30,DIAL CAP HUB,2.0,2,1,2025-12-17,L1-165-601AB30
E8966417,L1-1632-406AA30,GEAR RING (171-406LA3026ﾙｲｼﾞ),5.0,2,1,2025-12-01,L1-1632-406AA30
E8966422,L1-3239-501AA30,CAM RING,5.0,2,1,2025-12-01,L1-3239-501AA30
E8966438,L1-3164-502AA32,CAM HOLDER,2.0,2,1,2025-12-03,L1-3164-502AA32
E8966440,L1-3164-502AA32,CAM HOLDER,2.0,2,1,2025-12-08,L1-3164-502AA32
E8966444,L1-1551-401AB30,BED,2.0,2,1,2025-12-17,L1-1551-401AB30
E8966446,MC-161-402CA30,DIAL YOKE   (MC),2.0,2,1,2026-01-07,MC-161-402CA30
E8966447,L1-161-402CA30,DIAL YOKE,2.0,2,1,2025-12-17,L1-161-402CA30
E8966449,MC-161-403CA30,DIAL YOKE RING (MC),2.0,2,1,2026-01-07,MC-161-403CA30
E8966450,L1-161-403CA30,DIAL YOKE RING,2.0,2,1,2025-12-17,L1-161-403CA30
E8966453,MC-170-414AA,HUB NUT (L2.DF),2.0,2,1,2026-01-07,MC-170-414AA
E8966454,L1-170-414AA,DIAL HUB NUT,2.0,2,1,2025-12-17,L1-170-414AA
E8966457,L1-161-501AA30,CAM RING,2.0,2,1,2025-12-17,L1-161-501AA30
E8966459,MC-K-28801EB,GEAR BOX,5.0,2,1,2025-12-08,MC-K-28801EB
E8966460,MC-K-28801EB,GEAR BOX,3.0,2,1,2025-12-10,MC-K-28801EB
E8966461,MC-K-28801EB,GEAR BOX,2.0,2,1,2025-12-15,MC-K-28801EB
E8966463,MC-K-28801EB,GEAR BOX,2.0,2,1,2025-12-24,MC-K-28801EB
E8966464,MC-G-6501GA,DRIVING BRACKET,2.0,2,1,2025-12-24,MC-G-6501GA
E8966473,L2-12Q-411BA31-NAKAMURA,NEEDLE DIAL HUB(L2-MC),2.0,2,1,2025-12-24,L2-12Q-411BA31-NAKAMURA
E8966474,PL-3164-502EB32,CAM HOLDER ｶﾆｾﾞﾝﾒｯｷ(36個),2.0,2,1,2025-12-24,PL-3164-502EB32
E8966475,PL-3164-502EB32,CAM HOLDER ｶﾆｾﾞﾝﾒｯｷ(36個),2.0,2,1,2026-01-05,PL-3164-502EB32
E8966476,L1-161-501HA34,CAM RING,7.0,2,1,2025-11-14,L1-161-501HA34
E8966477,L1-161-501HA34,CAM RING,12.0,2,1,2025-11-28,L1-161-501HA34
E8966483,PL-4207-502AA34,CAM HOLDER ｶﾆｾﾞﾝﾒｯｷ(37個),1.0,2,1,2025-10-29,PL-4207-502AA34
E8966484,PL-4207-502AA34,CAM HOLDER ｶﾆｾﾞﾝﾒｯｷ(37個),1.0,2,1,2025-10-31,PL-4207-502AA34
