No.,記入日,記入者,発注部番（数字・ｶﾀｶﾅは半角）,品名（数字・ｶﾀｶﾅは半角）,個数,単価,納期（必須）,工具受領日,業者コード,業者名略称,合計金額,備考,注文書発行日,注文番号,検収日,部品注文番号／組立番号／製作依頼番号,完成部番,比率（分子（素材））,比率（分母（完成部番））,備考
1 ,6/12,宮木,SKD11-7.9X50X200,SKD11 7.9(±0.02)×50(±0.1)×200(±0.1) ,66 ,"2,400",2018/6/18,済,3045,大同DMソリューション（株）,"158,400",6/12植木殿メール,2018/6/12,E3071894,2018/6/26,,,,,
2,6/12,宮木,SKD11-4.8X50X200,SKD11 4.8(±0.02)×50(±0.1)×200(±0.1) ,194,"2,350",2018/6/18,済,3315,京阪プレ－ト,"455,900",6/12植木殿メール,2018/6/12,E3071895,2018/6/27,,,,,
3,6/12,宮木,SKD11-5.8X50X200,SKD11 5.8(±0.02)×50(±0.1)×200(±0.1) ?,18,"2,440",2018/6/18,済,3315,京阪プレ－ト,"43,920",6/12植木殿メール,2018/6/12,E3071896,2018/7/10,,,,,
4,6/12,宮木,SKD11-6.0X50X200,SKD11 6.0(±0.02)×50(±0.1)×200(±0.1) ?,401,"2,070",2018/6/18,済,3315,京阪プレ－ト,"830,070",6/12植木殿メール,2018/6/12,E3071897,2018/7/12,,,,,
5,6/12,宮木,SKD11-6.15X50X200,SKD11 6.15(±0.02)×50(±0.1)×200(±0.1),18,"2,380",2018/6/18,済,3315,京阪プレ－ト,"42,840",6/12植木殿メール,2018/6/12,E3071898,2018/7/6,,,,,
6,6/12,宮木,SKD11-6.4X50X200,SKD11 6.4(±0.02)×50(±0.1)×200(±0.1) ?,19,"2,380",2018/6/18,済,3315,京阪プレ－ト,"45,220",6/12植木殿メール,2018/6/12,E3071900,2018/7/10,,,,,
7,6/14,宮木,SKD11-6.0X50X200,SKD11 6.0(±0.02)×50(±0.1)×200(±0.1) ?,40,"2,070",2018/6/18,済,3315,京阪プレ－ト,"82,800",6/14植木殿メール,2018/6/14,E3075798,2018/6/26,,,,,
8,6/20,宮木,SKD11-6.7X50X200,SKD11 6.7(±0.02)X50(±0.1)X200(±0.1) ,35,"2,380",2018/7/2,済,3315,京阪プレ－ト,"83,300",6/20植木殿メール,2018/6/20,E3085346,2018/7/10,,,,,
9,6/20,宮木,SKD11-6X50X200,SKD11 6(±0.02)X50(±0.1)X200(±0.1) ,50 ,"2,400",2018/6/28,済,3045,大同DMソリューション（株）,"120,000",6/20植木殿メール,2018/6/21,E3087520,2018/6/29,,,,,
10,6/20,宮木,SKD11-6X50X200,SKD11 6(±0.02)X50(±0.1)X200(±0.1) ,50,"2,170",2018/7/12,済,3315,京阪プレ－ト,"108,500",6/20阪本殿メール,2018/6/21,E3087521,2018/7/12,,,,,
11,6/21,宮木,SKD11-4.8X50X200,SKD11 4.8(±0.02)X50(±0.1)X200(±0.1) ,30,"2,570",2018/6/27,済,3315,京阪プレ－ト,"77,100",6/21植木殿メール,2018/6/21,E3087538,2018/6/29,,,,,
12,6/26,宮木,SK3-6X50X390,SK3 4F 6(±0.1)X50(±0.1)X390,7,"2,510",2018/6/27,済,3315,京阪プレ－ト,"17,570",6/26植木殿メール,2018/6/26,E3091463,2018/6/29,,,,,
13,6/26,宮木,SKD11-6X50X200-K,SKD11-6X50X200-K,57,500,2018/6/27,済,3415,丸万工業（株）,"28,500",6/26西原殿メール,2018/6/26,E3091464,2018/6/29,,,,,
14,6/27,宮木,SKD11-6X50X200,SKD11 6.0(±0.02)×50(±0.1)×200(±0.1) ,52,"2,400",2018/7/2,済,3045,大同DMソリューション（株）,"124,800",6/27植木殿メール,2018/6/28,E3094703,2018/7/17,,,,,
15,6/27,宮木,SKD11-6.6X50X200,SKD11 6.6(±0.02)×50(±0.1)×200(±0.1) ,55,"2,400",2018/7/2,済,3045,大同DMソリューション（株）,"132,000",6/27植木殿メール,2018/6/28,E3094704,2018/7/17,,,,,
16,6/27,宮木,SKD11-7.9X50X200,SKD11 7.9(±0.02)×50(±0.1)×200(±0.1) ,15,"2,400",2018/7/2,済,3045,大同DMソリューション（株）,"36,000",6/27植木殿メール,2018/6/28,E3094705,2018/7/17,,,,,
17,6/27,宮木,SKD11-8.4X50X200,SKD11 8.4(±0.02)×50(±0.1)×200(±0.1) ,50,"2,500",2018/7/2,済,3045,大同DMソリューション（株）,"125,000",6/27植木殿メール,2018/6/28,E3094706,2018/7/17,,,,,
18,6/29,宮木,FC250-38.5X75.6X116.7,ﾃﾞﾝｽﾊ6F38.5(±0.1)X75.6(±0.1)X116.7(±0.1),42,"2,840",2018/7/9,済,1130,（株）阪神メタリックス,"119,280",6/29阪本殿メール,2018/6/29,E3096441,2018/7/19,,,,,
19,6/29,宮木,SKD11-5.5X50X200,SKD11 5.5(±0.02)×50(±0.1)×200(±0.1) ?,35,"2,510",2018/7/12,済,3315,京阪プレ－ト,"87,850",6/29植木殿メール,2018/7/2,E3098189,2018/7/18,,,,,
20,6/29,宮木,SKD11-6X50X200,SKD11 6(±0.02)×50(±0.1)×200(±0.1) ?,35,"2,280",2018/7/12,済,3315,京阪プレ－ト,"79,800",6/29植木殿メール,2018/7/2,E3098191,2018/7/18,,,,,
21,6/29,宮木,SKD11-6.15X50X200,SKD11 6.15(±0.02)×50(±0.1)×200(±0.1) ?,15,"2,380",2018/7/12,済,3315,京阪プレ－ト,"35,700",6/29植木殿メール,2018/7/2,E3098192,2018/7/18,,,,,
22,6/29,宮木,SKD11-6.7X50X200,SKD11 6.7(±0.02)×50(±0.1)×200(±0.1) ?,35,"2,380",2018/7/12,済,3315,京阪プレ－ト,"83,300",6/29植木殿メール,2018/7/2,E3098196,2018/7/20,,,,,
23,7/2,宮木,SS400-12X18X32,SS400 12×18×32 6F,40,480,2018/7/5,済,3315,京阪プレ－ト,"19,200",7/2植木殿メール,2018/7/2,E3098235,2018/7/10,,,,,
24,7/2,宮木,SS400-16X78X129,SS400 16×78×129 6F,20,940,2018/7/5,済,3315,京阪プレ－ト,"18,800",7/2植木殿メール,2018/7/2,E3098236,2018/7/10,,,,,
25,7/4,宮木,Q7-25X25X15,非磁性超硬素材Q7-25X25X15,2,"4,500",2018/7/25,済,3999,臨時3,"9,000",7/4伏見殿メール,2018/7/5,E3106909,2018/7/17,,,,,
26,7/4,宮木,QS65-25X25X15,非磁性超硬素材QS65-25X25X15,2,"5,050",2018/7/25,済,3999,臨時3,"10,100",7/4伏見殿メール,2018/7/5,E3106910,2018/7/17,,,,,
27,7/6,宮木,SK3-4.5X80X390,SK3 4F 4.5(±0.05)X80(±0.1)X390,30,"3,030",2018/7/12,済,3315,京阪プレ－ト,"90,900",7/5万代殿メール,2018/7/6,E3109997,2018/7/18,,,,,
28,7/10,宮木,L-P100-9X256X180,L-P100-9X256X180,50,"1,000",2018/7/30,済,3415,丸万工業（株）,"50,000",7/9阪本殿メール,2018/7/10,E3116091,2018/8/17,,,,,
29,7/13,宮木,SKD11-4.8X50X200,SKD11 4.8(±0.02)×50(±0.1)×200(±0.1) ,20,"2,400",2018/7/19,済,3045,大同DMソリューション（株）,,7/13阪本殿メール,2018/7/13,E3124818,2018/7/24,,,,,
30,7/13,宮木,SK3-4.5X80X390,SK3 4F 4.5(±0.05)X80(±0.1)X390,5,"3,030",2018/7/18,済,3315,京阪プレ－ト,"15,150",7/13万代殿メール,2018/7/13,E3124733,2018/7/20,,,,,
31,7/13,宮木,SKD11-6.7X50X200,SKD11 6.7(±0.02)×50(±0.1)×200(±0.1) ,10,"2,380",2018/7/20,済,3315,京阪プレ－ト,"23,800",7/13植木殿メール,2018/7/13,E3124820,2018/7/24,,,,,
32,7/20,宮木,SKD11-9X256X180,SKD11 9(±0.02)×256(±0.1)×180(±0.1) ,40,"8,000",2018/7/30,済,3045,大同DMソリューション（株）,"320,000",7/20阪本殿メール,2018/7/20,E3134773,2018/7/31,,,,,
33,7/26,宮木,SKD11-6.4X50X200,SKD11 6.4(±0.02)×50(±0.1)×200(±0.1) ,100,"2,400",2018/8/6,済,3045,大同DMソリューション（株）,"240,000",7/26阪本殿メール,2018/7/26,E3139620,2018/8/2,,,,,
34,7/30,宮木,SKD11-6.4X50X200,SKD11 6.4(±0.02)×50(±0.1)×200(±0.1) ,150,"2,590",2018/8/20,済,3315,京阪プレ－ト,"388,500",7/30阪本殿メール,2018/7/30,E3141175,2018/8/21,,,,,
35,8/2,宮木,S50C-32X150X300,S50C 6F 32+-0.1X150+-0.1X300+-0.1,1,"4,810",2018/8/3,8/3着,3315,京阪プレ－ト,"4,810",8/2阪本殿メール,2018/8/2,E3145774,2018/8/8,,,,,
36,8/2,宮木,SKD11-7X50X200,SKD11 7(±0.02)×50(±0.1)×200(±0.1) ,64,"2,400",2018/8/8,8/10着,3045,大同DMソリューション（株）,"153,600",8/3植木殿メール,2018/8/3,E3147365,2018/8/9,,,,,
37,8/2,宮木,SKD11-7.9X50X200,SKD11 7.9(±0.02)×50(±0.1)×200(±0.1) ,115,"2,400",2018/8/8,8/23着,3045,大同DMソリューション（株）,"276,000",8/3植木殿メール,2018/8/3,E3147366,2018/8/9,,,,,
38,8/2,宮木,SKD11-8.2X50X200,SKD11 8.2(±0.02)×50(±0.1)×200(±0.1) ,55,"2,500",2018/8/8,8/27着,3045,大同DMソリューション（株）,"137,500",8/3植木殿メール,2018/8/3,E3147370,2018/8/9,,,,,
39,8/3,宮木,S50C-30X60X60,S50C 6F 30+-0.1X60+-0.1X60+-0.1,4,870,2018/8/6,8/6着,3315,京阪プレ－ト,"3,480",8/3阪本殿メール,2018/8/2,E3149313,2018/8/10,,,,,正）S50C-30X60X80
40,8/3,宮木,S50C-25X60X150,S50C 6F 25+-0.1X60+-0.1X150+-0.1,4,"1,160",2018/8/6,8/6着,3315,京阪プレ－ト,"4,640",8/3阪本殿メール,2018/8/2,E3149314,2018/8/10,,,,,
41,8/6,宮木,S50C-20X130X200,S50C 6F 20+-0.1X130+-0.1X200+-0.1,3,"1,970",2018/8/7,8/7着,3315,京阪プレ－ト,"5,910",8/6万代殿メール,2999/1/1,E-------,,,,,,正）E3149335
42,8/6,宮木,SKD11-6X50X200,SKD11 6.0(±0.02)×50(±0.1)×200(±0.1),61,"2,540",2018/8/17,8/24着,3315,京阪プレ－ト,"154,940",8/6植木殿メール,2018/8/7,E3151067,2018/8/28,,,,,
42,8/6,宮木,SKD11-7.9X50X200,SKD11 7.9(±0.02)×50(±0.1)×200(±0.1)  ,200,"2,530",2018/8/17,済,3315,京阪プレ－ト,"506,000",8/6植木殿メール,2018/8/7,E3151068,2018/9/8,,,,,
43,8/6,宮木,SKD11-9.8X256X180,SKD11 9.8(±0.02)×256(±0.1)×180(±0.1) ,45,"8,000",2018/8/30,済,3045,大同DMソリューション（株）,"360,000",8/6阪本（株）殿メール,2018/8/7,E3151100,2018/8/20,,,,,
44,8/6,宮木,SK3-8X50X390,SK3 4F 8(±0.1)X50(±0.1)X390,10,"2,690",2018/8/17,済,3315,京阪プレ－ト,"26,900",8/7万代殿メール,2018/8/8,E3152891,2018/8/21,,,,,
45,8/20,宮木,SS400-11X180X180,SS400-11X180X180 6F,5,"1,950",2018/8/22,済,3315,京阪プレ－ト,"9,750",8/20植木殿メール,2018/8/20,E3163167,2018/8/28,,,,,
46,8/21,宮木,SKD11-9X256X180,SKD11 9.0(±0.02)×256(±0.1)×180(±0.1),20,"8,400",2018/8/31,済,3315,京阪プレ－ト,"168,000",8/21阪本殿メール,2018/8/22,E3167609,2018/8/30,,,,,
47,8/21,宮木,SKD11-5.8X50X200,SKD11 5.8(±0.02)×50(±0.1)×200(±0.1) ,60,"2,400",2018/8/29,済,3045,大同DMソリューション（株）,"144,000",8/21植木殿メール,2018/8/22,E3167610,2018/9/19,,,,,
48,8/21,宮木,SKD11-6.0X50X200,SKD11 6.0(±0.02)×50(±0.1)×200(±0.1) ,50,"2,400",2018/8/29,済,3045,大同DMソリューション（株）,"120,000",8/21植木殿メール,2018/8/22,E3167611,2018/9/19,,,,,
49,8/21,宮木,SKD11-6.7X50X200,SKD11 6.7(±0.02)×50(±0.1)×200(±0.1) ,65,"2,400",2018/8/29,済,3045,大同DMソリューション（株）,"156,000",8/21植木殿メール,2018/8/22,E3167612,2018/8/30,,,,,
50,8/21,宮木,SKD11-7.9X50X200,SKD11 7.9(±0.02)×50(±0.1)×200(±0.1) ,60,"2,400",2018/8/29,済,3045,大同DMソリューション（株）,"144,000",8/21植木殿メール,2018/8/22,E3167613,2018/9/19,,,,,
51,8/21,宮木,S50C-3.5X220X380,S50C 4F 3.5+-0.1X220+-0.1X380+-0.1,4,"3,950",2018/8/23,済,3315,京阪プレ－ト,"15,800",8/21竹本殿メール,2018/8/22,E3167614,2018/8/28,,,,,
52,8/22,宮木,SKD11-4.8X50X200,SKD11 4.8(±0.02)×50(±0.1)×200(±0.1) ,110,"2,680",2018/9/20,済,3315,京阪プレ－ト,"294,800",8/22植木殿メール,2018/8/23,E3169419,2018/9/13,,,,,
53,8/22,宮木,SKD11-6X50X200,SKD11 6(±0.02)×50(±0.1)×200(±0.1) ,50,"2,690",2018/9/20,済,3315,京阪プレ－ト,"134,500",8/22植木殿メール,2018/8/23,E3169420,2018/9/13,,,,,
54,8/22,宮木,SKD11-7.9X50X200,SKD11 7.9(±0.02)×50(±0.1)×200(±0.1) ,60,"2,770",2018/9/20,済,3315,京阪プレ－ト,"166,200",8/22植木殿メール,2018/8/23,E3169421,2018/9/21,,,,,
55,8/23,宮木,S50C-32X150X300,S50C 6F 32+-0.1X150+-0.1X300+-0.1,2,"4,810",2018/8/27,済,3315,京阪プレ－ト,"9,620",8/23植木殿メール,2018/8/23,E3169434,2018/8/30,,,,,
56,8/23,宮木,S60C-40X106.9X20,S60C 4F 40+-0.1X106.9+-0.1X20+-0.05,4,"1,190",2018/8/28,済,3315,京阪プレ－ト,"4,760",8/23森野殿メール,2018/8/23,E3169444,2018/8/30,,,,,
57,8/23,宮木,S50C-300X300X35,S50C 6F 300+-0.1X300+-0.1X35+-0.1,1,"8,710",2018/8/27,済,3315,京阪プレ－ト,"8,710",8/23森野殿メール,2018/8/23,E3169445,2018/8/30,,,,,
58,8/31,宮木,FC250-30X50X100,FC250 6F  30+-0.1X50+-0.1X100+-0.1,2,"1,510",2018/9/3,済,3315,京阪プレ－ト,"3,020",8/31万代殿メール,2018/8/31,E3180833,2018/9/13,,,,,
59,9/10,宮木,SKD11-23X200X200,SKD11 23(±0.1)×200(±0.1)×200(±0.1) ,3,"9,420",2018/9/12,済,3315,京阪プレ－ト,"28,260",9/10阪本殿メール,2018/9/10,E3194255,2018/9/14,,,,,
60,9/14,宮木,SS400-12X44X65,SS400-12X44X65 6F,7,540,2018/9/19,済,3315,京阪プレ－ト,"3,780",9/14植木殿メール,2018/9/18,E3204780,2018/9/25,,,,,
61,9/19,宮木,S50C-32X150X300,S50C 6F 32+-0.1X150+-0.1X300+-0.1,2,"4,810",2018/9/21,済,3315,京阪プレ－ト,"9,620",9/19阪本殿メール,2018/9/19,E3206708,2018/9/25,,,,,
62,9/21,宮木,SK3-6.5X50X390,SK3 4F 6.5(±0.05)X50(±0.1)X390,3,"2,740",2018/9/25,済,3315,京阪プレ－ト,"8,220",9/21万代殿メール,2018/9/22,E3213669,2018/9/28,,,,,
63,10/2,宮木,SKD11-7.9X50X200,SKD11 6.15(±0.02)×50(±0.1)×200(±0.1) ,60,"2,400",2018/10/9,済,3045,大同DMソリューション（株）,"144,000",10/2植木殿メール,2018/10/3,E3227592,2018/10/17,,,,,
64,10/2,宮木,SKD11-6.7X50X200,SKD11 6.7(±0.02)×50(±0.1)×200(±0.1),50,"2,400",2018/10/9,済,3045,大同DMソリューション（株）,"120,000",10/2植木殿メール,2018/10/3,E3227593,2018/10/17,,,,,
65,10/2,宮木,SKD11-7.6X50X200,SKD11 7.6(±0.02)×50(±0.1)×200(±0.1) ,30,"2,400",2018/10/9,済,3045,大同DMソリューション（株）,"72,000",10/2植木殿メール,2018/10/3,E3227594,2018/10/17,,,,,
66,10/2,宮木,SKD11-6.15X50X200,SKD11 6.15(±0.02)×50(±0.1)×200(±0.1) ,50,"2,400",2018/10/9,済,3045,大同DMソリューション（株）,"120,000",10/2植木殿メール,2018/10/3,E3227595,2018/10/17,,,,,
67,10/2,宮木,SKD11-4.8X50X200,SKD11 4.8(±0.02)×50(±0.1)×200(±0.1) ,50,"2,790",2018/10/9,済,3315,京阪プレ－ト,"139,500",10/2植木殿メール,2018/10/3,E3227596,2018/10/17,,,,,
68,10/9,宮木,SK3-7.9X50X390,SK3 4F 7.9(±0.05)X50(±0.1)X390,2,"2,890",2018/10/11,済,3315,京阪プレ－ト,"5,780",10/9万代殿メール,2018/10/9,E3237487,2018/10/17,,,,,
69,10/9,宮木,SKH4-2.5X45X100,SKH4-2.5(-0.01～-0.03)X45X100,1,"9,350",2018/10/23,済,3315,京阪プレ－ト,"9,350",10/9植木殿メール,2018/10/9,E3237488,2018/10/30,,,,,
70,10/9,宮木,SKH55-2.5X50X100,SKH55-2.5(-0.01～-0.03)X50X100,1,"8,110",2018/10/22,済,3315,京阪プレ－ト,"8,110",10/9植木殿メール,2018/10/9,E3237489,2018/10/30,,,,,
71,10/9,宮木,SKH4-3.5X45X100,SKH4-3.5(±0.03)X45X100,1,"8,610",2018/10/23,済,3315,京阪プレ－ト,"8,610",10/9植木殿メール,2018/10/9,E3237490,2018/10/30,,,,,
72,10/9,宮木,SKH55-3.5X50X100,SKH55-3.5(±0.03)X50X100,1,"7,360",2018/10/22,済,3315,京阪プレ－ト,"7,360",10/9植木殿メール,2018/10/9,E3237491,2018/10/30,,,,,
73,10/11,宮木,S50C-32X120X200,S50C 6F 32+-0.1X120+-0.1X200+-0.1,2,"2,800",2018/10/15,済,3315,京阪プレ－ト,"5,600",10/11阪本殿メール,2018/10/12,E3244190,2018/10/17,,,,,
74,10/11,宮木,SKD11-20X30X40,SKD11 20(±0.1)X30(±0.1)X40(±0.1) ,6,"1,080",2018/10/15,済,3315,京阪プレ－ト,"6,480",10/11阪本殿メール,2018/10/12,E3244191,2018/10/17,,,,,
75,10/25,宮木,FC250-32X143X194.2,FC250-32X143X194.2,1,"4,360",2018/11/1,済,3315,京阪プレ－ト,"4,360",10/25植木殿メール,2018/10/25,E3263662,2018/11/8,,,,,
76,10/26,宮木,HAKU-PB-14X33X35,ﾘﾝ青銅　切板　14X33X35,1,"2,011",2018/10/30,済,1136,白銅（株）,"2,011",10/26植木殿メール,2018/10/29,E3268334,2018/11/7,,,,,
77,10/29,宮木,SKD11-9.8X50X200,SKD11 9.8(±0.02)×50(±0.1)×200(±0.1) ,100,"2,600",2018/11/2,済,3045,大同DMソリューション（株）,"260,000",10/29植木殿メール,2018/10/29,E3268333,2018/11/16,,,,,
78,10/30,宮木,SKD11-5.2X50X200,SKD11 5.2(±0.02)X50(±0.1)X200(±0.1) ,35,"2,840",2018/11/2,済,3315,京阪プレ－ト,"99,400",10/29植木殿メール,2018/10/30,E3270485,2018/11/12,,,,,
79,10/30,宮木,SKD11-6.0X50X200,SKD11 6.0(±0.02)X50(±0.1)X200(±0.1) ,50,"2,700",2018/11/2,済,3315,京阪プレ－ト,"135,000",10/29植木殿メール,2018/10/30,E3270486,2018/11/19,,,,,
80,10/30,宮木,SKD11-6.0X50X200,SKD11 6.0(±0.02)×50(±0.1)×200(±0.1) ,60,"2,400",2018/11/5,済,3045,大同DMソリューション（株）,"144,000",10/30植木殿メール,2018/10/30,E3270487,2018/11/16,,,,,
81,10/30,宮木,SKD11-8.0X50X200,SKD11 8.0(±0.02)×50(±0.1)×200(±0.1) ,15,"2,500",2018/11/5,済,3045,大同DMソリューション（株）,"37,500",10/30植木殿メール,2018/10/30,E3270488,2018/11/16,,,,,
82,10/30,宮木,SKD11-7.65X50X200,SKD11 7.65(±0.02)×50(±0.1)×200(±0.1) ,35,"2,400",2018/11/5,済,3045,大同DMソリューション（株）,"84,000",10/30植木殿メール,2018/10/30,E3270489,2018/11/16,,,,,
83,11/6,宮木,S45C-6X14.5X22,S45C 6F  6X14.5X22,65,540,2018/11/9,済,3315,京阪プレ－ト,"35,100",11/6植木殿メール,2018/11/7,E3286677,2018/11/19,,,,,
84,11/13,宮木,SCM440-21X70X250,SCM440 6F  21(±0.1)×70(±0.1)×250(±0.1) ,2,"3,550",2018/11/16,済,3315,京阪プレ－ト,"7,100",11/13阪本殿メール,2018/11/16,E3298617,2018/11/26,,,,,
85,11/13,宮木,SKD11-20X40X30,SKD11 6F  20(±0.1)×40(±0.1)×30(±0.1) ,2,"1,110",2018/11/16,済,3315,京阪プレ－ト,"2,220",11/13阪本殿メール,2018/11/16,E3298618,2018/11/26,,,,,
86,11/13,宮木,S50C-22X124X360,S50C 6F  22(±0.1)×124(±0.1)×360(±0.1) ,1,"4,060",2018/11/16,済,3315,京阪プレ－ト,"4,060",11/13阪本殿メール,2018/11/16,E3298619,2018/11/26,,,,,
87,11/13,宮木,SS400-12X18X32,SS400  6F  12(±0.1)×18(±0.1)×32(±0.1) ,20,510,2018/11/16,済,3315,京阪プレ－ト,"10,200",11/13阪本殿メール,2018/11/16,E3298620,2018/11/26,,,,,
88,11/13,宮木,SS400-16X78X129,SS400  6F  16(±0.1)×78(±0.1)×129(±0.1) ,10,960,2018/11/16,済,3315,京阪プレ－ト,"9,600",11/13阪本殿メール,2018/11/16,E3298621,2018/11/26,,,,,
89,11/28,宮木,SK3-6.5X50X390,SK3 4F 6.5(±0.05)X50(±0.1)X390,5,"2,680",2018/12/4,済,3315,京阪プレ－ト,"13,400",11/28万代殿メール,2018/11/29,E3317642,2018/12/6,,,,,
90,11/28,宮木,SK3-8X50X390,SK3 4F 8.0(±0.1)X50(±0.1)X390,25,"2,660",2018/12/4,済,3315,京阪プレ－ト,"66,500",11/28万代殿メール,2018/11/29,E3317643,2018/12/6,,,,,
91,11/28,宮木,SKD11-9.8X50X200,SKD11 4F  9.8(±0.02)×50(±0.1)×200(±0.1) ,25,"2,600",2018/12/5,済,3045,大同DMソリューション（株）,"65,000",11/28植木殿メール,2018/11/28,E3315868,2018/12/11,,,,,
92,11/29,宮木,SKD11-6.0X50X200,SKD11 4F  6.0(±0.02)×50(±0.1)×200(±0.1) ,36,"2,400",2018/12/10,済,3045,大同DMソリューション（株）,"86,400",11/29植木殿メール,2018/11/29,E3317646,2018/12/11,,,,,
93,11/30,宮木,SKD11-7.0X50X200,SKD11 4F  7.0(±0.02)×50(±0.1)×200(±0.1) ,24,"2,960",2018/12/5,済,3315,京阪プレ－ト,"71,040",12/1植木殿メール,2018/12/4,E3322756,2018/12/11,,,,,
94,11/30,宮木,S50C-13.2X40X400,S50C 6F  13.2(±0.1)×40(±0.1)×400(±0.1) ,13,"1,510",2018/12/5,済,3315,京阪プレ－ト,"19,630",12/1植木殿メール,2018/12/4,E3322757,2018/12/11,,,,,
95,11/30,宮木,S50C-7.5X40X400,S50C 6F  7.5(±0.1)×40(±0.1)×400(±0.1) ,10,"1,480",2018/12/5,済,3315,京阪プレ－ト,"14,800",12/1植木殿メール,2018/12/4,E3322758,2018/12/11,,,,,
96,12/4,宮木,S50C-32X150X300,S50C 6F  32(±0.1)×150(±0.1)×300(±0.1) ,2,"4,650",2018/12/6,済,3315,京阪プレ－ト,"9,300",12/4阪本殿メール,2018/12/5,E3325204,2018/12/17,,,,,
97,12/6,宮木,SKD11-5.8X50X200,SKD11 4F  5.8(±0.02)×50(±0.1)×200(±0.1) ,15,"2,960",2018/12/10,済,3315,京阪プレ－ト,"44,400",12/6植木殿メール,2018/12/6,E3327255,2018/12/26,,,,,
98,12/6,宮木,SKD11-4.8X50X200,SKD11 4F  4.8(±0.02)×50(±0.1)×200(±0.1) ,50,"2,790",2018/12/10,済,3315,京阪プレ－ト,"139,500",12/6植木殿メール,2018/12/6,E3327256,2018/12/26,,,,,
99,12/6,宮木,SKD11-7.0X50X200,SKD11 4F  7.0(±0.02)×50(±0.1)×200(±0.1) ,120,"2,710",2018/12/10,済,3315,京阪プレ－ト,"325,200",12/6植木殿メール,2018/12/6,E3327257,2018/12/28,,,,,
100,12/6,宮木,SKD11-6.0X50X200,SKD11 4F  6.0(±0.02)×50(±0.1)×200(±0.1) ,160,"2,400",2018/12/12,済,3045,大同DMソリューション（株）,"384,000",12/6植木殿メール,2018/12/6,E3327258,2018/12/13,,,,,
101,12/6,宮木,SKD11-6.7X50X200,SKD11 4F  6.7(±0.02)×50(±0.1)×200(±0.1) ,25,"2,400",2018/12/12,済,3045,大同DMソリューション（株）,"60,000",12/6植木殿メール,2018/12/6,E3327259,2018/12/13,,,,,
102,12/6,宮木,SKD11-9.0X50X200,SKD11 4F  9.0(±0.02)×50(±0.1)×200(±0.1) ,55,"2,600",2018/12/12,済,3045,大同DMソリューション（株）,"143,000",12/6植木殿メール,2018/12/6,E3327517,2018/12/13,,,,,
103,12/14,宮木,SKD11-23X200X200,SKD11 6F  23(±0.1)×200(±0.1)×200(±0.1) ,2,"9,320",2018/12/17,済,3315,京阪プレ－ト,"18,640",12/14阪本殿メール,2018/12/14,E3341394,2018/12/25,,,,,
104,12/26,宮木,SCM440-21X70X250,SCM440 6F  21(±0.1)×70(±0.1)×250(±0.1) ,4,"3,550",2019/1/8,済,3315,京阪プレ－ト,"14,200",12/26阪本殿メール,2018/12/27,E3364199,2019/1/18,,,,,
105,12/26,宮木,SS400-20X130X190,SS400-20X130X190 6F,4,"1,890",2019/1/8,済,3315,京阪プレ－ト,"7,560",12/26植木殿メール,2018/12/27,E3364200,2019/1/18,,,,,
106,12/26,宮木,SS400-25X65X91,SS400-25X65X91 6F,4,950,2019/1/8,済,3315,京阪プレ－ト,"3,800",12/26植木殿メール,2018/12/27,E3364201,2019/1/18,,,,,
107,12/26,宮木,SS400-9X19X85,SS400-9X19X85 6F,4,640,2019/1/8,済,3315,京阪プレ－ト,"2,560",12/26植木殿メール,2018/12/27,E3364202,2019/1/18,,,,,
108,12/26,宮木,SS400-12X44X130,SS400-12X44X130 6F,4,740,2019/1/8,済,3315,京阪プレ－ト,"2,960",12/26植木殿メール,2018/12/27,E3364203,2019/1/18,,,,,
109,12/26,宮木,SS400-16X16X34,SS400-16X16X34 6F,4,600,2019/1/8,済,3315,京阪プレ－ト,"2,400",12/26植木殿メール,2018/12/27,E3364204,2019/1/18,,,,,
110,12/26,宮木,SS400-14X24X28,SS400-14X24X28 6F,4,640,2019/1/8,済,3315,京阪プレ－ト,"2,560",12/26植木殿メール,2018/12/27,E3364205,2019/1/18,,,,,
111,12/26,宮木,SS400-12X75X110,SS400-12X75X110 6F,4,870,2019/1/8,済,3315,京阪プレ－ト,"3,480",12/26植木殿メール,2018/12/27,E3364206,2019/1/18,,,,,
112,12/26,宮木,FC250-42.5X30X61,FC250-42.5X30X61 6F,1,"1,150",2019/1/8,済,3315,京阪プレ－ト,"1,150",12/26植木殿メール,2018/12/27,E3364207,2019/1/18,,,,,
113,12/26,宮木,S45C-20X130X200,S45C 6F  20X130X200,3,"2,200",2019/1/8,済,3315,京阪プレ－ト,"6,600",12/26植木殿メール,2018/12/27,E3364209,2019/1/18,,,,,
114,12/27,宮木,FC250-50X50X105,FC250-50X50X105 6F,20,"2,000",2019/1/8,済,3315,京阪プレ－ト,"40,000",12/27植木殿メール,2019/1/7,E3370388,2019/1/18,,,,,
115,12/28,宮木,SK3-7.5X50X390,SK3 4F 7.5(±0.05)X50(±0.1)X390,10,"2,740",2019/1/8,済,3315,京阪プレ－ト,"27,400",12/28万代殿メール,2019/1/7,E3370390,2019/1/18,,,,,
116,1/8,宮木,SS400-9X120X127,SS400 6F  9(±0.1)×120(±0.1)×127(±0.1) ,2,970,2019/1/11,済,3315,京阪プレ－ト,"1,940",1/8植木殿メール,2019/1/9,E3376731,2019/1/18,,,,,
117,1/8,宮木,SS400-30X32X80,SS400 6F  30(±0.05)×32(±0.1)×80(±0.1) ,6,650,2019/1/11,済,3315,京阪プレ－ト,"3,900",1/8植木殿メール,2019/1/9,E3376736,2019/1/18,,,,,
118,1/8,宮木,SS400-12X18X32,SS400 6F  12(±0.1)×18(±0.1)×32(±0.1) ,20,510,2019/1/11,済,3315,京阪プレ－ト,"10,200",1/8植木殿メール,2019/1/9,E3376734,2019/1/18,,,,,
119,1/8,宮木,SS400-16X78X129,SS400 6F  16(±0.1)×78(±0.1)×129(±0.1) ,10,960,2019/1/11,済,3315,京阪プレ－ト,"9,600",1/8植木殿メール,2019/1/9,E3376735,2019/1/18,,,,,
120,1/17,宮木,S50C-7.5X20X390,S50C 4F  7.5(±0.05)×20(±0.1)×390,7,"1,410",2019/1/18,済,3315,京阪プレ－ト,"9,870",1/17万代殿メール,2019/1/17,E3391358,2019/1/25,,,,,
121,1/23,宮木,SS400-25X485X12,SS400 6F  25(±0.2)×485(±0.2)×12(±0.2) ,1,"1,600",2019/1/28,済,3315,京阪プレ－ト,"1,600",1/8森野殿メール,2019/1/24,E3404083,2019/1/31,,,,,
122,1/24,宮木,SK3-4.5X80X390,SK3 4F 4.5(±0.05)X80(±0.1)X390,10,"3,080",2019/1/29,済,3315,京阪プレ－ト,"30,800",1/24万代殿メール,2019/1/25,E3406464,2019/1/31,,,,,
123,1/24,宮木,SK3-4X80X390,SK3 2F 4(0-0.03)X80(±0.1)X390,2,"4,990",2019/1/29,済,3315,京阪プレ－ト,"9,980",1/24万代殿メール,2019/1/25,E3406465,2019/1/31,,,,,
124,1/28,宮木,SS400-9X40X190,SS400-9X40X190,1,850,2019/1/30,済,3315,京阪プレ－ト,850,1/28植木殿メール,2019/1/28,E3408558,2019/1/31,,,,,
125,1/28,宮木,SS400-12X12X38,SS400-12X12X38,1,580,2019/1/30,済,3315,京阪プレ－ト,580,1/28植木殿メール,2019/1/28,E3408559,2019/1/31,,,,,
126,1/28,宮木,SS400-12X25X38,SS400-12X25X38,1,480,2019/1/30,済,3315,京阪プレ－ト,480,1/28植木殿メール,2019/1/28,E3408560,2019/1/13,,,,,
127,1/28,宮木,SS400-9X50X76,SS400-9X50X76,1,620,2019/1/30,済,3315,京阪プレ－ト,620,1/28植木殿メール,2019/1/28,E3408561,2019/1/31,,,,,
128,2/4,宮木,SK3-4X80X390,SK3 2F 4(0-0.03)X80(±0.1)X390,7,"4,820",2019/2/7,済,3315,京阪プレ－ト,"33,740",2/4万代殿メール,2019/2/5,E3423389,2019/2/14,,,,,
129,2/13,宮木,SS400-100X400X36.7,SS400-100X400X36.7,1,"4,370",2019/2/15,済,3315,京阪プレ－ト,"4,370",2/13森野殿メール,2019/2/13,E3435475,2019/2/25,,,,,3/5次19DKC024 SS400 100-226CA　
130,2/14,宮木,SKD11-20X40X30,SKD11 6F  20(±0.1)×40(±0.1)×30(±0.1) ,6,"1,080",2019/2/18,済,3315,京阪プレ－ト,"6,480",2/14森野殿メール,2019/2/15,E3440624,2019/2/26,,,,,2月部品注文（注文番号PE-22405）
131,2/14,宮木,S50C-120X200X22,S50C 6F  120(±0.1)×200(±0.1)×22(±0.1) ,2,"2,250",2019/2/18,済,3315,京阪プレ－ト,"4,500",2/14森野殿メール,2019/2/15,E3440625,2019/2/26,,,,,2月部品注文（注文番号PE-22405）
132,2/15,宮木,SKD11-20X21X30,SKD11 6F  20(±0.1)×21(±0.1)×30(±0.1) ,2,"1,110",2019/2/19,済,3315,京阪プレ－ト,"2,220",2/15森野殿メール,2019/2/15,E3442796,2019/2/27,,,,,"3月6次　C101,C102"
133,2/15,宮木,S50C-90X40X27,S50C 6F  90(±0.1)×40(±0.1)×27(±0.1) ,1,790,2019/2/19,済,3315,京阪プレ－ト,790,2/15森野殿メール,2019/2/15,E3442797,2019/2/27,,,,,4月2次　19DKD034
134,3/1,宮木,SS400-19X100X130,SS400-19(±0.1)X100(±0.1)X130(±0.1),2,"1,180",2019/3/4,済,3315,京阪プレ－ト,"2,360",3/1万代殿メール,2019/3/4,E3463990,2019/3/13,,,,,製作依頼CMR-19035
135,3/12,宮木,S50C-3.5X220X380,S50C 4F  3.5(±0.1)×220(±0.1)×380(±0.1) ,3,"3,950",2019/3/15,済,3315,京阪プレ－ト,"11,850",3/12竹本殿メール,2019/3/13,E3477669,2019/3/25,,,,,5/6次E026E0275/7次E028E029 K-11611
136,3/14,宮木,SK3-6.5X50X390,SK3 4F 6.5(±0.05)X50(±0.1)X390,5,"2,680",2019/3/18,済,3315,京阪プレ－ト,"13,400",3/14万代殿メール,2019/3/15,E3480738,2019/3/27,,,,,PJ-0274606 YCF-127VA 
137,3/14,宮木,S50C-120X390X6.35,S50C 6F 2G 120X390X6.35(-0.005～-0.015),2,"4,630",2019/3/18,済,3315,京阪プレ－ト,"9,260",3/14森野殿メール,2019/3/15,E3480754,2019/3/27,,,,,CMR-19056
138,3/26,宮木,S50C-3.5X220X380,S50C 4F  3.5(±0.1)X220X380,2,"4,630",2019/4/1,済,3315,京阪プレ－ト,"9,260",3/26竹本殿メール,2019/3/27,E3497602,2019/4/5,,,,,Ｋ－１１６１１用のストック品 192個
139,4/11,宮木,SK3-16.7X55X120,SK3 6F 16.7(±0.01)X55(±0.1)X120(±0.01),3,"1,550",2019/4/13,済,3315,京阪プレ－ト,"4,650",4/11万代殿メール,2019/4/11,E3520558,2019/4/19,,,,,YCF-140DD
140,4/15,宮木,S50C-20X130X200,S50C 6F  20(±0.1)×130(±0.1)×200(±0.1) ,3,"1,970",2019/4/16,済,3315,京阪プレ－ト,"5,910",4/15万代殿メール,2019/4/15,E3523771,2019/4/24,,,,,E-26820EA38
141,4/17,宮木,SS400-16X78X129,SS400 6F  16(±0.1)×78(±0.1)×129(±0.1) ,10,960,2019/4/18,済,3315,京阪プレ－ト,"9,600",4/17阪本殿メール,2019/4/17,E3528549,2019/4/26,,,,,5月7次、KS91-00829CA6月5次、KF20-01312KD6月7次、KF20-01310DB
142,4/17,宮木,SS400-12X18X32,SS400 6F  12(±0.1)×18(±0.1)×32(±0.1) ,20,510,2019/4/18,済,3315,京阪プレ－ト,"10,200",4/17阪本殿メール,2019/4/17,E3528550,2019/4/26,,,,,5月7次、KS91-00829CA6月5次、KF20-01312KD6月7次、KF20-01310DB
143,4/17,宮木,S50C-32X150X300,S50C 6F  32(±0.1)×150(±0.1)×300(±0.1) ,2,"4,810",2019/4/18,済,3315,京阪プレ－ト,"9,620",4/17阪本殿メール,2019/4/17,E3528551,2019/4/26,,,,,5月7次、KS91-00829CA6月5次、KF20-01312KD6月7次、KF20-01310DB
144,4/19,宮木,SS400-14X14X155,SS400 6F  14(±0.1)×14(±0.1)×155(±0.1) ,2,810,2019/4/22,済,3315,京阪プレ－ト,"1,620",4/19阪本殿メール,2019/4/19,E3532268,2019/4/26,,,,,部品注文K-25046EA
145,4/19,宮木,SS400-14X30X52,SS400 6F  14(±0.1)×30(±0.1)×52(±0.1) ,2,600,2019/4/22,済,3315,京阪プレ－ト,"1,200",4/19阪本殿メール,2019/4/19,E3532269,2019/4/26,,,,,部品注文K-25046FA
146,4/22,宮木,SS400-44X92X6,SS400 6F  44(±0.1)×92(±0.1)×6(±0.1) ,2,630,2019/4/24,済,3315,京阪プレ－ト,"1,260",4/22森野殿メール,2019/4/23,E3535433,2019/4/26,,,,,CMR-19102
147,4/22,宮木,SS400-100X100X6,SS400 6F  100×100×6(±0.1) ,1,760,2019/4/24,済,3315,京阪プレ－ト,760,4/22森野殿メール,2019/4/23,E3535434,2019/4/26,,,,,CMR-19102
148,4/25,宮木,SS400-14X30X52,SS400? 14X30X52　6F 2-C4,2,600,2019/5/8,済,3315,京阪プレート,"1,200",4/25植木殿メール,2019/4/25,E3538802,2019/5/13,,,,,CMR-19102
149,4/25,宮木,SS400-14X14X155,SS400  14X14X155  6F 2-C4,2,820,2019/5/8,済,3315,京阪プレート,"1,640",4/25植木殿メール,2019/4/25,E3538803,2019/5/13,,,,,CMR-19102
150,4/25,宮木,SS400-6X44X92,SS400   6X44X92  6F,2,630,2019/5/8,済,3315,京阪プレート,"1,260",4/25植木殿メール,2019/4/25,E3538804,2019/5/13,,,,,CMR-19102
151,4/25,宮木,S45C-7.5X50X390,S45C  　7.5X50X390  6F,1,"1,670",2019/5/8,済,3315,京阪プレート,"1,670",4/25植木殿メール,2019/4/25,E3538805,2019/5/13,,,,,CMR-19105
152,4/25,宮木,SS400-9X60X44,SS400  9X60X44  6F,1,560,2019/5/8,済,3315,京阪プレート,560,4/25植木殿メール,2019/4/25,E3538806,2019/5/13,,,,,CMR-19105
153,4/25,宮木,SS400-9X22X25,SS400  9X22X25  6F,1,600,2019/5/8,済,3315,京阪プレート,600,4/25植木殿メール,2019/4/25,E3538807,2019/5/13,,,,,CMR-19105
154,4/25,宮木,SS400-12X14X14,SS400  12X14X14  6F,1,610,2019/5/8,済,3315,京阪プレート,610,4/25植木殿メール,2019/4/25,E3538808,2019/5/13,,,,,CMR-19105
155,4/25,宮木,S45C-13.2X40X390,S45C  　13.2X40X390  6F,1,"1,610",2019/5/8,済,3315,京阪プレート,"1,610",4/25植木殿メール,2019/4/25,E3538810,2019/5/13,,,,,CMR-19105
156,5/7,宮木,S45C-32X120X200,S45C-32X120X200 6F,2,"2,950",2019/5/13,済,3315,京阪プレート,"5,900",4/26植木殿メール,2019/5/13,E3550779,2019/5/24,,,,,部品注文PE-2250904 PE-2250905　　E3542217キャンセル
157,5/7,宮木,SKD11-20X30X40,SKD11-20X30X40 6F,6,"1,090",2019/5/7,済,3315,京阪プレート,"6,540",4/26植木殿メール,2019/5/7,E3542218,2019/5/13,,,,,部品注文PE-2250904 PE-2250905
158,5/7,宮木,SS400-12.5X14X70,SS400-12.5X14X70 6F,28,530,2019/5/7,済,3315,京阪プレート,"14,840",4/26植木殿メール,2019/5/7,E3542219,2019/5/13,,,,,部品注文E000039926
159,5/17,宮木,SS400-12.5X14X70 ,SS400-12.5X14X70 6F,28,530,2019/5/22,済,3315,京阪プレート,"14,840",5/17植木殿メール,2019/5/20,E3560802,2019/5/28,,,,,部品注文PE-2250505
160,5/17,宮木,FC250-10.2X110X310,FC250-10.2X110X310 2F,7,"3,870",2019/5/23,済,3315,京阪プレート,"27,090",5/17植木殿メール,2019/5/20,E3560803,2019/5/28,,,,,7/6次19SKG101
161,5/30,宮木,SS400-16X32X210,SS400-16X32X210 6F,1,810,2019/6/4,済,3315,京阪プレート,810,5/30植木殿メール,2019/6/4,E3577750,2019/6/14,,,,,部品注文E000039922
162,5/30,宮木,SS400-32X32X100,SS400-32X32X100 (±0.05)  6F,2,800,2019/6/3,済,3315,京阪プレート,"1,600",5/30植木殿メール,2019/6/4,E3577751,2019/6/14,,,,,部品注文E000039925
163,5/30,宮木,SS400-9X150X200,SS400-9X150X200 6F,1,"1,380",2019/6/3,済,3315,京阪プレート,"1,380",5/30植木殿メール,2019/6/4,E3577752,2019/6/14,,,,,部品注文CMR-19100
164,5/30,宮木,SS400-12X16X53,SS400-12X16X53 6F,2,590,2019/6/3,済,3315,京阪プレート,"1,180",5/30植木殿メール,2019/6/4,E3577753,2019/6/14,,,,,部品注文CMR-19100
165,6/6,宮木,S50C-22X124X360,S50C-22X124X360 6F,1,"3,890",2019/6/10,済,3315,京阪プレート,"3,890",6/6植木殿メール,2019/6/7,E3583121,2019/6/14,,,,,部品注文PM-4779906
166,6/6,宮木,SKD11-20X65X400,SKD11-20X65X400 6F,6,"7,140",2019/6/10,済,3315,京阪プレート,"42,840",6/6植木殿メール,2019/6/7,E3583122,2019/6/14,,,,,"7/7次　G047,G048,G049,G050"
167,6/6,宮木,S50C-20X30X40,S50C-20X30X40 6F,3,570,2019/6/10,済,3315,京阪プレート,"1,710",6/6植木殿メール,2019/6/7,E3583123,2019/6/14,,,,,部品注文：PM-4779906
168,6/6,宮木,FC250-30X50X100,FC250-30X50X100 6F,1,"1,510",2019/6/10,済,3315,京阪プレート,"1,510",6/6植木殿メール,2019/6/7,E3583124,2019/6/14,,,,,部品注文：PE-2256306
169,6/6,宮木,SS400-5X50X100,SS400-5X50X100 6F,4,670,2019/6/10,済,3315,京阪プレート,"2,680",6/6植木殿メール,2019/6/7,E3583125,2019/6/14,,,,,部品注文：CMR-19092
170,6/6,宮木,S55C-4X50X100,S55C-4X50X100 6F,7,660,2019/6/10,済,3315,京阪プレート,"4,620",6/6植木殿メール,2019/6/7,E3583126,2019/6/14,,,,,部品注文：CMR-19092
171,6/20,宮木,S50C-6.35X120X390,S50C-6.35(0.-0.01)X120X390  6F,1,"4,820",2019/6/24,済,3315,京阪プレート,"4,820",6/20植木殿メール,2019/6/20,E3599057,2019/6/26,,,,,部品注文：PM-4778820
172,6/20,宮木,FC250-30X50X100,FC250-30X50X100 6F,1,"1,580",2019/6/24,済,3315,京阪プレート,"1,580",6/20植木殿メール,2019/6/20,E3599058,2019/6/26,,,,,部品注文:PE-2257206
173,6/20,宮木,SS400-9X120X127,SS400-9X120X127 6F,2,"1,010",2019/6/24,済,3315,京阪プレート,"2,020",6/20植木殿メール,2019/6/20,E3599059,2019/6/26,,,,,8/6次
174,6/20,宮木,S45C-20X130X200,S45C-20X130X200 6F,3,"2,050",2019/6/24,済,3315,京阪プレート,"6,150",6/20植木殿メール,2019/6/20,E3599060,2019/6/26,,,,,8/3次　19DKH007
175,6/20,宮木,S45C-12.2X40X390,S45C-12.2X40X390 6F,1,"1,680",2019/6/24,済,3315,京阪プレート,"1,680",6/20植木殿メール,2019/6/20,E3599061,2019/6/26,,,,,部品注文:CMR-19139
176,6/28,宮木,SS400-14X30X52,SS400-14X30X52  6F,1,620,2019/7/2,済,3315,京阪プレート,620,6/28植木殿メール,2019/6/28,E3606151,2019/7/8,CMR-19158,K-25046EA,1 ,1 ,製作依頼
177,6/28,宮木,SS400-14X14X155,SS400-14X14X155 6F,1,850,2019/7/2,済,3315,京阪プレート,850,6/28植木殿メール,2019/6/28,E3606152,2019/7/8,CMR-19158,K-25046FA,1 ,1 ,製作依頼
178,6/28,宮木,SS400-6X44X92,SS400-6X44X92 6F,1,650,2019/7/2,済,3315,京阪プレート,650,6/28植木殿メール,2019/6/28,E3606153,2019/7/8,CMR-19158,K-25058AA,1 ,1 ,製作依頼
179,7/1,宮木,S50C-6.35X120X390,S50C-6.35(0.-0.01)X120X390  6F,1,"4,820",2019/7/4,済,3315,京阪プレート,"4,820",7/1植木殿メール,2019/7/1,E3607583,2019/7/11,PM-4778820,582-503C,1 ,1 ,部品注文
180,7/2,宮木,SK3-10X40X390,SK3-10(±0.1)X40(±0.1)X390 4F,3,"3,150",2019/7/4,済,3315,京阪プレート,"9,450",7/2万代殿メール,2019/7/3,E3610517,2019/7/11,PE-2261516,YS65-06601BB,1 ,1 ,部品注文
181,7/8,宮木,FC250-10.2X110X310,FC250-10.2(+0.1-0)X110X310 2F,7,"4,030",2019/7/12,済,3315,京阪プレート,"28,210",7/8植木殿メール,2019/7/9,E3615040,2019/7/19,19SKG101,3538-601EA14,7 ,1 ,ブロック　７個必要
182,7/16,植木,SS400-14X17X68.5,SS400-14X17X68.5 6F,43,500,2019/7/19,済,3315,京阪プレート,"21,500",7/16植木殿メール,2019/7/16,E3622092,2019/7/24,"19DKH014,19DKH015",K-30404VA34,1 ,1 ,製作依頼：４０個、予備：３個
183,7/24,阪本,A6063-60x200,A6063-Φ60x200,1,"2,068",2019/7/25,済,1136,白銅（株）,"2,068",7/24阪本殿メール,2019/7/25,E3633713,2019/7/30,DC-4001CA,DC-4001CA,3 ,1 ,試作
184,7/24,万代,SS400-12X14X68.5,SS400-12X14X68.5 6F,170,480,2019/7/29,済,3315,京阪プレート,"81,600",7/24万代殿メール,2019/7/25,E3633716,2019/7/30,,,,,
185,7/25,万代,SK3-5.2X45X390,SK3-5.2X45X390 4F,2,"2,460",2019/8/1,済,3315,京阪プレート,"4,920",7/26万代殿メール,2019/7/29,E3635394,2019/8/9,10/8次　19DKK001,YCF-154KC,14 ,1 ,
186,7/25,万代,SK3-6.5X40X390,SK3-6.5X40X390 4F,2,"2,680",2019/8/1,済,3315,京阪プレート,"5,360",7/26万代殿メール,2019/7/29,E3635395,2019/8/9,PJ-0301001,YCF-117C,17 ,1 ,部品注文
187,7/29,植木,SS400-16X78X129,SS400-16X78X129 6F,10,"1,000",2019/8/1,済,3315,京阪プレート,"10,000",7/29植木殿メール,2019/7/29,E3635444,2019/8/9,,KF20-01312KD,1 ,1 ,在庫分
188,8/9,阪本,S50C-32X150X300,S50C-32X150X300 6F,2,"5,010",2019/8/13,済,3315,京阪プレート,"10,020",8/9阪本殿メール,2019/8/9,E3651022,2019/8/26,"9/7次 19SKJ103～106、9/8次 19SKJ141,142",KS91-00829CA,2 ,1 ,
189,8/19,植木,SS400-12X38X38,SS400-12(-0.05-0.15)X38X38 6F,5,540,2019/8/22,済,3315,京阪プレート,"2,700",8/19植木殿メール,2019/8/19,E3659524,2019/8/27,PS-0005801,KD91-03102AA,1 ,1 ,
190,8/19,植木,SS400-13X75X32,SS400-13(-0.05-0.15)X75X32 6F,5,570,2019/8/22,済,3315,京阪プレート,"2,850",8/19植木殿メール,2019/8/19,E3659525,2019/8/27,PS-0005801,KD91-03103AA,1 ,1 ,
191,8/19,植木,SS400-12X75X75,SS400-12X75X75 6F,5,680,2019/8/22,済,3315,京阪プレート,"3,400",8/19植木殿メール,2019/8/19,E3659526,2019/8/27,PS-0005801,KD91-03101AA,1 ,1 ,
192,8/19,植木,SS400-10X50X110,SS400-10X50X110 6F,4,730,2019/8/22,済,3315,京阪プレート,"2,920",8/19植木殿メール,2019/8/19,E3659527,2019/8/27,9/4次　19DKJ003,SPL-2718EB,1 ,1 ,
193,8/19,植木,SS400-14X10X20,SS400-14X10X20 6F,4,630,2019/8/22,済,3315,京阪プレート,"2,520",8/19植木殿メール,2019/8/19,E3659528,2019/8/27,9/4次　19DKJ003,SPL-2718FB,1 ,1 ,
194,8/19,植木,FC250-30X50X100,FC250-30X50X100 6F,2,"1,580",2019/8/22,済,3315,京阪プレート,"3,160",8/19植木殿メール,2019/8/19,E3659529,2019/8/27,"9/8次　19SKJ141,142",KS91-03401DA,1 ,1 ,
195,8/19,植木,FC200-22X54X60,FC200-22X54X60 6F 3X4-C2,20,"1,190",2019/8/22,済,3315,京阪プレート,"23,800",8/19植木殿メール,2019/8/19,E3659530,2019/8/27,9/6次　19SKJ108，19SKJ109，9/8次19SKJ147　,2188-236AA,1 ,1 ,
196,8/21,植木,FC250-10.2X110X310,FC250-10.2(+0.1-0)X110X310 2F,18,"3,950",2019/8/27,済,3315,京阪プレート,"71,100",8/21植木殿メール,2019/8/22,E3664676,2019/8/27,"19SKJ125,126",4305-601EA14,7 ,1 ,2台分：ブロック14個、予備：4個
197,8/22,植木,SS400-38X65X182,SS400-38X65X182 6F,2,"1,890",2019/8/26,済,3315,京阪プレート,"3,780",8/22植木殿メール,2019/8/23,E3666516,2019/8/30,9/8次　19SKJ102　社内塗装有,SPL-2498AA,1 ,1 ,
198,8/23,万代,SK3-6X50X390,SK3-6X50X390 4F,5,"2,610",2019/8/26,済,3315,京阪プレート,"13,050",8/23万代殿メール,2019/8/23,E3666517,2019/8/30,CMR-19194,TS-5342AA,1 ,15 ,製作依頼：32個
199,8/23,万代,SK3-8X50X390,SK3-8X50X390 4F,5,"3,010",2019/8/26,済,3315,京阪プレート,"15,050",8/23万代殿メール,2019/8/23,E3666518,2019/8/30,PE-2267001,YCM-160FA,1 ,4 ,必要数：50個
200,8/26,植木,SS400-14X14X68,SS400-14X14X68 6F,10,560,2019/8/28,済,3315,京阪プレート,"5,600",8/26植木殿メール,2019/8/27,E3670180,2019/8/30,PJ-0305501,K-30404FA,1 ,1 ,
201,8/30,阪本,SKD11-23X200X200,SKD11 6F  23(±0.1)×200(±0.1)×200(±0.1) ,2,"9,870",2019/9/2,済,3315,京阪プレート,"19,740",8/30阪本殿メール,2019/8/30,E3676899,2019/9/9,"9/8次 KS64-01908JA,-01919MA,01920GA","KS64-01908JA,-01919MA,01920GA",5 ,1 ,必要数：各2個
202,8/30,植木,FC250-30X50X100,FC250-30X50X100 6F,2,"1,580",2019/9/2,済,3315,京阪プレート,"3,160",8/30植木殿メール,2019/8/30,E3676900,2019/9/9,PF-9308613,KS91-03401DA,1 ,1 ,
203,8/30,植木,S50C-10X180X200,S50C-10X180X200 6F 4-C5,1,"1,910",2019/9/2,済,3315,京阪プレート,"1,910",8/30植木殿メール,2019/8/30,E3676901,2019/9/9,PE-2268601,KD91-02801AB,1 ,1 ,
204,8/30,植木,S50C-3X46X180,S50C-3X46X180 6F,1,900,2019/9/2,済,3315,京阪プレート,900,8/30植木殿メール,2019/8/30,E3676902,2019/9/9,PE-2268601,KD91-02801BB38,1 ,1 ,
205,8/30,植木,SS400-12X29X36,"SS400-12X29(0,-0.2)X36 6F",1,590,2019/9/2,済,3315,京阪プレート,590,8/30植木殿メール,2019/8/30,E3676903,2019/9/9,CMR-19184,K-19226AA,1 ,1 ,
206,9/9,万代,SS400-14.5X24X44.5,SS400-14.5(±0.1)X24(±0.1)X44.5(±0.1),8,580,2019/9/10,済,3315,京阪プレート,"4,640",9/9万代殿メール,2019/9/9,E3688609,2019/9/18,PE-2270903 ,3139-643BA,1 ,1 ,
207,9/12,植木,SS400-16X32X150,SS400-16X32X150 6F 2-C5,2,780,2019/9/17,済,3315,京阪プレート,"1,560",9/13植木殿メール,2019/9/13,E3697783,2019/9/25,9/8次　19SKJ102,SPL-2405EC,1 ,1 ,
208,9/12,植木,SS400-16X50X57,SS400-16X50X57 6F 2-C5,2,660,2019/9/17,済,3315,京阪プレート,"1,320",9/13植木殿メール,2019/9/13,E3697784,2019/9/25,9/8次　19SKJ102,SPL-2405HA,1 ,1 ,
209,9/12,植木,SS400-16X40X75,SS400-16X40X75 6F 2-C3,2,660,2019/9/17,済,3315,京阪プレート,"1,320",9/13植木殿メール,2019/9/13,E3697785,2019/9/25,9/8次　19SKJ102,SPL-2405FC,1 ,1 ,
210,9/12,植木,S45C-22X50X63,S45C-22X50X63 6F 8-C0.5,1,740,2019/9/17,済,3315,京阪プレート,740,9/13植木殿メール,2019/9/13,E3697786,2019/9/25,PZ001510,TS-5309KA,1 ,1 ,
211,9/12,植木,S45C-8X41X50,S45C-8X41X50 6F,1,550,2019/9/17,済,3315,京阪プレート,550,9/13植木殿メール,2019/9/13,E3697787,2019/9/25,PZ001510,TS-5309LA,1 ,1 ,
212,9/12,植木,S45C-8X8X14,S45C-8X8X14 6F,2,850,2019/9/17,済,3315,京阪プレート,"1,700",9/13植木殿メール,2019/9/13,E3697791,2019/9/25,PZ001510,TS-5309NA,1 ,1 ,
213,9/13,万代,SS400-27X120X160,SS400-27(±0.05)X120X160,1,"1,710",2019/9/17,済,3315,京阪プレート,"1,710",9/13万代殿メール,2019/9/13,E3697789,2019/9/25,CMR-19184,100-226EA,1 ,2 ,製作依頼：1個
214,9/26,植木,SS400-12X38X38,SS400-12(-0.05-0.15)X38X38 6F,1,560,2019/10/1,済,3315,京阪プレート,560,9/26植木殿メール,2019/9/26,E3712360,2019/10/8,部品注文PE-2271321,KD91-03102AA,1 ,1 ,
215,9/26,植木,SS400-13X32X75,SS400-13(-0.05-0.15)X32X75 6F,1,590,2019/10/1,済,3315,京阪プレート,590,9/26植木殿メール,2019/9/26,E3712361,2019/10/8,部品注文PE-2271321,KD91-03103AA,1 ,1 ,
216,9/26,植木,SS400-12X75X75,SS400-12X75X75 6F,1,700,2019/10/1,済,3315,京阪プレート,700,9/26植木殿メール,2019/9/26,E3712362,2019/10/8,部品注文PE-2271321,KD91-03101AA,1 ,1 ,
217,9/26,植木,S50C-12.2X40X390,S50C-12.2X40X390 6F,6,"1,630",2019/10/1,済,3315,京阪プレート,"9,780",9/26植木殿メール,2019/9/26,E3712363,2019/10/8,10/8次　19DKK029,KD63-00502DA,1 ,15 ,製作依頼:85個　1枚で約15個どり
218,9/26,植木,S50C-7.5X50X390,S50C-7.5X50X390 6F,4,"1,740",2019/10/1,済,3315,京阪プレート,"6,960",9/26植木殿メール,2019/9/26,E3712364,2019/10/8,10/8次　19DKK029,KD65-00504AA,1 ,22 ,製作依頼:85個　1枚で約22個どり
219,9/26,植木,SS400-19X22X62.5,SS400-19X22X62.5 6F 1-C1,4,610,2019/10/1,済,3315,京阪プレート,"2,440",9/26植木殿メール,2019/9/26,E3712365,2019/10/8,10/8次　19DKK029,478-643BA,1 ,1 ,
220,9/26,植木,SKD11-20X65X400,SKD11-20X65X400 6F,5,"7,260",2019/10/1,済,3315,京阪プレート,"36,300",9/26植木殿メール,2019/9/26,E3712366,2019/10/8,"11/6次　19DKL009,010,011",1151-420AA48,1 ,5 ,製作依頼:18個　1枚で約4個どり
221,9/27,植木,FC250-30X50X100,FC250-30X50X100 6F,2,"1,580",2019/10/1,済,3315,京阪プレート,"3,160",9/27植木殿メール,2019/9/27,E3713805,2019/10/8,PF-9309210,KS91-03401DA,1 ,1 ,
222,9/27,植木,FC200-22X54X60,FC200-22X54X60 6F 3X4-C2,12,"1,210",2019/10/1,済,3315,京阪プレート,"14,520",9/27植木殿メール,2019/9/27,E3713806,2019/10/8,"10/7次19DKK019 19DKK020,CMR-19203",2188-236AA,1 ,1 ,
223,9/27,植木,S50C-20X130X170,S50C-20X130X170 6F,2,"1,870",2019/10/1,済,3315,京阪プレート,"3,740",9/27植木殿メール,2019/9/27,E3713807,2019/10/8,11/8次　19DKL032,E-26820DA38,1 ,1 ,
224,9/27,植木,SCM440-21X70X250,SCM440-21X70X250 6F,2,"3,700",2019/10/1,済,3315,京阪プレ－ト,"7,400",9/27植木殿メール,2019/9/27,E3713808,2019/10/8,11/8次　19DKL032,161-438AB,1 ,1 ,
225,9/30,植木,SS400-50X60X390,SS400-50X60X390 6F,1,"4,110",2019/10/2,済,3315,京阪プレ－ト,"4,110",9/30植木殿メール,2019/9/30,E3715565,2019/10/8,部品注文　PJ-0307102,K-28034KA,1 ,2 ,製作依頼:2個　2個どり
226,10/3,植木,FC200-22X54X60,FC200-22X54X60 6F 3X4-C2,3,"1,310",2019/10/8,済,3315,京阪プレ－ト,"3,930",10/3植木殿メール,2019/10/7,E3724853,2019/10/11,"10/7次19DKK019 19DKK020,CMR-19203",2188-236AA,1 ,1 ,作り直し分
227,10/8,植木,SKD11-15X31X48,SKD11-15X31X48 6F,23,"1,010",2019/10/10,済,3315,京阪プレート,"23,230",10/8植木殿メール,2019/10/8,E3727691,2019/10/15,11/8次　19DKL032,6207-507AC34,1 ,1 ,製作依頼：20個　予備：3個
228,10/9,阪本,S50C-32X150X300,S50C-32X150X300 6F,2,"5,000",2019/10/10,済,3315,京阪プレート,"10,000",10/9阪本殿メール,2019/10/9,E3730358,2019/10/23,"11月2,3次、L110,L111",KS91-00829CA,2 ,1 ,
229,10/10,万代,SK3-6.5X50X390,SK3-6.5X50X390 4F,3,"2,840",2019/10/15,済,3315,京阪プレート,"8,520",10/10万代殿メール,2019/10/10,E3732936,2019/10/23,12/4次 19DKM012,YCF-162AA,3 ,7 ,製作依頼：11個　7個取り
230,10/10,植木,SS400-19X21X78,SS400-19X21X78 6F,3,630,2019/10/16,済,3315,京阪プレート,"1,890",10/10植木殿メール,2019/10/10,E3732937,2019/10/23,11/5次　L001,DC-7124CA,1 ,1 ,
231,10/10,植木,SS400-23X48X98,SS400-23X48X98 6F,3,830,2019/10/16,済,3315,京阪プレート,"2,490",10/10植木殿メール,2019/10/10,E3732938,2019/10/23,11/5次　L001,DC-7124DA,1 ,1 ,
232,10/10,植木,S50C-22X120X200,S50C-22X120X200 6F 4-C1,1,"2,240",2019/10/16,済,3315,京阪プレート,"2,240",10/10植木殿メール,2019/10/10,E3732939,2019/10/23,PE-2278805,KS91-00301EA34,1 ,1 ,
233,10/10,植木,S50C-20X30X40,S50C-20X30X40 6F,3,590,2019/10/16,済,3315,京阪プレート,"1,770",10/10植木殿メール,2019/10/10,E3732940,2019/10/23,PE-2278805,"KS91-00302BA34,KS91-00302BB34,
KS91-00302BC34",1 ,1 ,3種類、製作依頼：各1個
234,10/10,植木,SS400-45X180X214 ,SS400-45X180X214 6F 4-C2,2,"5,230",2019/10/16,済,3315,京阪プレート,"10,460",10/10植木殿メール,2019/10/10,E3732941,2019/10/23,"19DKL043,L044",SPL-2357EA,1 ,1 ,
235,10/10,植木,SS400-12X55X60,SS400-12X55X60 6F,8,620,2019/10/16,済,3315,京阪プレート,"4,960",10/10植木殿メール,2019/10/10,E3732942,2019/10/23,"19DKL043,L044",SPL-2357DA,1 ,1 ,
236,10/10,植木,SS400-25X310X336,SS400-25X310X336 6F,2,"8,050",2019/10/16,済,3315,京阪プレート,"16,100",10/10植木殿メール,2019/10/10,E3732943,2019/10/23,"19DKL043,L044",SPL-2357AA,1 ,1 ,
237,10/11,植木,S50C-20X130X200,S50C-20X130X200 6F,1,"2,050",2019/10/15,済,3315,京阪プレート,"2,050",10/11植木殿メール,2019/10/11,E3735261,2019/10/23,"19DKK021,K022",E-26820EA38,1 ,2 ,
238,11/8,植木,SKD11-6X30X40,SKD11-6X30X40 6F 4-C1,32,"1,230",2019/11/11,済,3315,京阪プレート,"39,360",11/7植木殿メール,2019/11/7,E3765662,2019/11/15,PJ-0318307,K-25508AA,1 ,1 ,
239,11/8,植木,A5052-45X67X76,A5052-45X67X76 6F,5,"1,170",2019/11/11,済,3315,京阪プレート,"5,850",11/7植木殿メール,2019/11/7,E3765663,2019/11/15,PE-2264701,E-19001FB,1 ,1 ,
240,11/8,植木,SS400-4X18X25,SS400-4X18X25 6F,12,660,2019/11/11,済,3315,京阪プレート,"7,920",11/7植木殿メール,2019/11/7,E3765664,2019/11/15,12/7次　19SKM115　19SKM116,3242-653CA　,1 ,1 ,
241,11/8,植木,S45C-20X130X200,S45C-20X130X200 6F,1,"1,290",2019/11/11,済,3315,京阪プレート,"1,290",11/7植木殿メール,2019/11/7,E3765665,2019/11/15,12/7次　19DKM045　19DKM053,E-26820EA38,1 ,2 ,製作依頼:2個　1枚で2個どり
242,11/8,植木,S50C-40X70X90,S50C-40X70X90 4F2G,1,"1,790",2019/11/12,済,3315,京阪プレート,"1,790",11/7植木殿メール,2019/11/7,E3765666,2019/11/15,CMR-19236,TS-5353AA,1 ,1 ,
243,11/8,植木,S50C-19X40X125,S50C-19X40X125 6F,1,850,2019/11/11,済,3315,京阪プレート,850,11/7植木殿メール,2019/11/7,E3765667,2019/11/15,CMR-19236,TS-5353BA,1 ,1 ,
244,11/8,植木,S50C-16X125X125,S50C-16X125X125 4F2G,1,"1,770",2019/11/12,済,3315,京阪プレート,"1,770",11/7植木殿メール,2019/11/7,E3765668,2019/11/15,CMR-19236,TS-5353CA,1 ,1 ,
245,11/8,植木,S45C-11X20X25,"S45C-11(0,-0.05)X20X25 6F",6,730,2019/11/11,済,3315,京阪プレート,"4,380",11/7植木殿メール,2019/11/7,E3765669,2019/11/15,12/4次　19DKM012,KD65-00924BA,1 ,1 ,
246,11/8,植木,S45C-25X39X69,"S45C-25X39(0.1,0)X69 6F",5,700,2019/11/11,済,3315,京阪プレート,"3,500",11/7植木殿メール,2019/11/7,E3765670,2019/11/15,PE-2282209,435-551AA,1 ,1 ,
247,11/8,植木,S45C-7X7X16,"S45C-7(-0.03,-0.05)X7X16 6F2G　4-Ｃ0.5",5,"1,920",2019/11/12,済,3315,京阪プレート,"9,600",11/7植木殿メール,2019/11/7,E3765671,2019/11/15,PE-2282210,435-552AA,1 ,1 ,
248,11/8,植木,SCM440-21X70X250,SCM440-21X70X250 6F,2,"3,700",2019/11/12,済,3315,京阪プレート,"7,400",11/7植木殿メール,2019/11/7,E3765672,2019/11/15,12/4次　19DKM012,161-438AB,1 ,1 ,
249,11/8,植木,S55C-4X40X100,S55C-4(±0.05)X40X100 6F,9,670,2019/11/11,済,3315,京阪プレート,"6,030",11/7植木殿メール,2019/11/7,E3765673,2019/11/15,CMR-19250,TS-5344TA,1 ,4 ,製作依頼:32個　1枚で4個どり　予備:4個
250,11/8,植木,A2017-21X23.8X36,A2017-21X23.8X36 6F,15,540,2019/11/12,済,3315,京阪プレート,"8,100",11/8植木殿メール,2019/11/12,E3770290,2019/11/21,"PZ-0015201,PZ-0015701,PZ-0015202",TS-5314AB,1 ,1 ,
251,11/8,植木,A2017-4.8X19.2X23.2,A2017-4.8X19.2X23.2,15,679,2019/11/12,済,1136,白銅（株）,"10,185",11/8植木殿メール,2019/11/12,E3770291,2019/11/21,"PZ-0015201,PZ-0015701,PZ-0015202",TS-5314BB,1 ,1 ,
252,11/20,万代,SK3-8X50X390,SK3-8X50X390 4F,30,"2,590",2019/11/25,済,3315,京阪プレート,"77,700",11/20万代殿メール,2019/11/21,E3787556,2019/11/28,"PE-2279708,PJ-0320904,PE-2282701","YS65-03701AB,YCM-204C,YCM-135C",1 ,4 ,1枚で４個取り
253,11/22,植木,SKH51-2.5X50X100,"SKH51-2.5(-0.01,-0.03)X50X100 4F2G ",4,"7,000",2019/12/2,済,3315,京阪プレート,"28,000",11/22植木殿メール,2019/11/25,E3791495,2019/12/3,"PZ-0015201,PZ-0015701,PZ-0015202",TS-5314DA,1 ,20 ,1枚で約10個どり
254,11/25,植木,SKH51-2.5X130X140,SKH51-2.5X130X140,2,"3,000",2019/12/2,済,2829,寺内製作所,"6,000",11/25植木殿メール,2019/11/25,E3791628,2019/12/3,"PZ-0015201,PZ-0015701,PZ-0015202",TS-5314DA,1 ,30 ,予備
255,11/26,新谷,SK3-6.7X60X390,SK3-6.7X60X390 4F,4,"3,540",2019/12/2,済,3315,京阪プレート,"14,160",11/26新谷殿メール,2019/11/27,E3795710,2019/12/9,CMR-19249,TS-5258PB,1 ,16 ,製作依頼:49個　1枚で16個どり　予備:15個
256,11/28,植木,FC250-10.2X110X310,FC250-10.2(+0.1-0)X110X310 2F,15,"3,950",2019/12/2,済,3315,京阪プレート,"59,250",11/28植木殿メール,2019/12/2,E3803998,2019/12/9,"19SKL123,L124",4305-601EA14,7 ,1 ,2台分
257,12/5,万代,SK3-5.8X60X390,SK3-5.8X60X390 2G,5,"2,550",2019/12/6,済,3045,大同DMソリューション（株）,"12,750",12/5万代殿メール,2019/12/6,E3813606,2019/12/16,"PE-2287902,CMR-19263(TS-5345AA)","YCF-168AA,TS-5345AA",5 ,17 ,YCF-168AA 22個 TS-5345AA 20個　1枚で17個どり
258,12/23,植木,S50C-10X180X200,S50C-10X180X200 6F 4-C5,1,"1,910",2020/1/7,済,3315,京阪プレート,"1,910",12/23植木殿メール,2019/12/23,E3842073,2020/1/8,PE-2287909,KD91-02801AB,1 ,1 ,
259,12/23,植木,S50C-3X46X180,S50C-3X46X180 6F,1,900,2020/1/7,済,3315,京阪プレート,900,12/23植木殿メール,2019/12/23,E3842074,2020/1/8,PE-2287909,KD91-02801BB33,1 ,1 ,
260,12/23,植木,S45C-22X120X200,S50C-22X120X200 6F 4-C1,2,"2,180",2020/1/7,済,3315,京阪プレート,"4,360",12/23植木殿メール,2019/12/23,E3842075,2020/1/8,PE-2288604,KS90-00301EA34,1 ,1 ,
261,12/23,植木,SKD11-20X30X40,SKD11-20X30X40 6F,6,"1,120",2020/1/7,済,3315,京阪プレート,"6,720",12/23植木殿メール,2019/12/23,E3842076,2020/1/8,PE-2288604,"KS91-00302BA34,KS91-00302BB34,
KS91-00302BC34",1 ,1 ,製作依頼各2個づつ
262,12/23,植木,SKD11-6X30X40,SKD11-6X30X40 6F 4-C1,16,"1,270",2020/1/7,済,3315,京阪プレート,"20,320",12/23植木殿メール,2019/12/23,E3842077,2020/1/8,PJ-0326401,K-25508AA,1 ,1 ,
263,12/23,植木,SS400-25.5X45X70,SS400-25.5X45X70 6F,4,680,2020/1/7,済,3315,京阪プレート,"2,720",12/23植木殿メール,2019/12/24,E3845373,2020/1/8,CMR-19301,"SPL-2825CA,DA",1 ,1 ,
264,12/23,植木,SS400-32X34X40,SS400-32X34X40 6F 全周C1,4,720,2020/1/7,済,3315,京阪プレート,"2,880",12/23植木殿メール,2019/12/24,E3845374,2020/1/8,CMR-19301,SPL-2825BA,1 ,1 ,
265,12/26,阪本,SS400-25X310X336,SS400-25X310X336 6F,1,"8,050",2020/1/7,済,3315,京阪プレート,"8,050",12/26阪本殿メール,2019/12/26,E3851653,2020/1/10,20SKA137,SPL-2357AA,1 ,1 ,
266,12/26,阪本,SS400-12X55X60,SS400-12X55X60 6F,4,640,2020/1/7,済,3315,京阪プレート,"2,560",12/26阪本殿メール,2019/12/26,E3851654,2020/1/10,20SKA137,SPL-2357DA,1 ,1 ,
267,12/26,阪本,SS400-45X180X214 ,SS400-45X180X214 6F 4-C2,1,"5,230",2020/1/7,済,3315,京阪プレート,"5,230",12/26阪本殿メール,2019/12/26,E3851655,2020/1/10,20SKA137,SPL-2357EA,1 ,1 ,
268,1/6,植木,S50C-20X130X200,S50C-20X130X200 6F,1,"2,050",2020/1/8,済,3315,京阪プレート,"2,050",1/6植木殿メール,2020/1/6,E3859112,2020/1/14,20DKB013　20DKB014,E-26820EA38,1 ,2 ,1枚で2個どり
269,1/6,植木,FC250-30X50X100,FC250-30X50X100 6F,1,"1,580",2020/1/8,済,3315,京阪プレート,"1,580",1/6植木殿メール,2020/1/6,E3859113,2020/1/14,PE-2289017,KS91-03401DA,1 ,1 ,
270,1/6,植木,SS400-16X40X75,SS400-16X40X75 6F 2-C3,2,650,2020/1/8,済,3315,京阪プレート,"1,300",1/6植木殿メール,2020/1/6,E3859114,2020/1/14,2/4次　20SKB101,SPL-2405FC,1 ,1 ,
271,1/6,植木,SS400-4.5X40X75,SS400-4.5X40X75 6F,2,660,2020/1/8,済,3315,京阪プレート,"1,320",1/6植木殿メール,2020/1/6,E3859115,2020/1/14,2/4次　20SKB101,SPL-2405GA,1 ,1 ,
272,1/6,植木,SS400-16X50X57,SS400-16X50X57 6F 2-C5,2,660,2020/1/8,済,3315,京阪プレート,"1,320",1/6植木殿メール,2020/1/6,E3859116,2020/1/14,2/4次　20SKB101,SPL-2405HA,1 ,1 ,
273,1/6,植木,SS400-38X65X182,SS400-38X65X182 6F,2,"1,890",2020/1/8,済,3315,京阪プレート,"3,780",1/6植木殿メール,2020/1/6,E3859117,2020/1/14,2/4次　20SKB101,SPL-2498AA,1 ,1 ,
274,1/6,植木,SKD11-9.5X25X11.2,SKD11-9.5X25X11.2 6F,6,"1,130",2020/1/8,済,3315,京阪プレート,"6,780",1/6植木殿メール,2020/1/6,E3859118,2020/1/14,"3/3次　20SKC107,PE-2292426,PE-2292427","KS91-02301QA,KS91-02301RA",1 ,1 ,
275,1/8,万代,SK3-5.7X40X390,SK3-5.7X40X390 4F,4,"2,610",2020/1/9,済,3315,京阪プレート,"10,440",1/8万代殿メール,2020/1/8,E3865625,2020/1/17,CMR-19304,TS-5369AA,4 ,48 ,1枚で12個取り
276,1/8,万代,SKD11-4.8X60X390,SKD11-4.8X60X390 2F 2G,8,"6,580",2020/1/10,済,3315,京阪プレート,"52,640",1/8万代殿メール,2020/1/8,E3865626,2020/1/17,CMR-19285,"TS-5366AA30,BA30",8 ,56 ,1枚で7個取り
277,1/10,森野,S50C-64X120X6.35,S50C-64X120X6.35 6F 2G,1,"1,820",2020/1/11,済,3315,京阪プレート,"1,820",1/8森野殿メール,2020/1/15,E3868710,2020/1/21,CMR-19284,TS-5365BA30,1 ,5 ,1枚で5個取り
278,1/15,阪本,SS400-4.5X100X100,SS400-4.5X100X100 6F,1,840,2020/1/16,済,3315,京阪プレート,840,1/15阪本殿メール,2020/1/15,E3868711,2020/1/21,CMR-20013,KF20-06401DC,1 ,1 ,
279,1/15,阪本,SS400-4.5X41X45,SS400-4.5X41X45 6F 4-C1,1,610,2020/1/16,済,3315,京阪プレート,610,1/15阪本殿メール,2020/1/15,E3868712,2020/1/21,CMR-20013,KF20-06401EB,1 ,1 ,
280,1/15,森野,SK3-41X33X4 6F,SK3-41X33X4 6F,1,"1,070",2020/1/17,済,3315,京阪プレート,"1,070",1/15森野殿メール,2020/1/15,E3868732,2020/1/21,CMR-19303,TS-5361BA,1 ,1 ,
281,1/15,森野,SK3-41X80X4 6F,SK3-41X80X4 6F,36,940,2020/1/17,済,3315,京阪プレート,"33,840",1/15森野殿メール,2020/1/15,E3868733,2020/1/21,CMR-19303,TS-5361AA,1 ,1 ,
282,1/16,阪本,SKD11-23X200X200,SKD11-23X200X200 6F,2,"9,740",2020/1/20,済,3315,京阪プレート,"19,480",1/16阪本殿メール,2020/1/17,E3873965,2020/1/29,"2020年2月分 20SKB166,167,168,169",KS64-01919FA,6 ,1 ,
283,1/17,植木,FC250-30X50X100,FC250-30X50X100 6F,2,"1,580",2020/1/21,済,3315,京阪プレート,"3,160",1/17植木殿メール,2020/1/17,E3874163,2020/1/29,PE-2292431,KS91-03401DA,1 ,1 ,
284,1/17,植木,S45C-20X130X200,S45C-20X130X200 6F,4,"2,050",2020/1/21,済,3315,京阪プレート,"8,200",1/17植木殿メール,2020/1/17,E3874164,2020/1/29,20DKC011～C018　8台分,E-268820EA38,1 ,2 ,1枚で2個どり　
285,1/20,阪本,SKD11-13.9X200X200,SKD11-13.9X200X200 6F,8,"6,570",2020/1/22,済,3315,京阪プレート,"52,560",1/20阪本殿メール,2020/1/21,E3878291,2020/1/29,"2020年2月分 20SKB166,167,168,169","TS-4668TA-01AB,BB",1 ,1 ,
286,1/20,阪本,SKD11-10.9X200X200,SKD11-10.9X200X200 6F,10,"5,980",2020/1/22,済,3315,京阪プレート,"59,800",1/20阪本殿メール,2020/1/21,E3878292,2020/1/29,"2020年2月分 20SKB166,167,168,169","TS-4668ZA-01AB,BB",1 ,1 ,
287,1/20,阪本,TS-4668TA-01AB,TS-4668TA-01AB,6,"1,500",2020/2/10,済,1978,山村工作所,"9,000",1/20阪本殿メール,2020/1/21,E3878293,2020/1/31,"2020年2月分 20SKB166,167,168,169",KD64-01627DB,1 ,60 ,1枚で60個どり　
288,1/20,阪本,TS-4668TA-01BB,TS-4668TA-01BB,2,"2,400",2020/2/10,済,1978,山村工作所,"4,800",1/20阪本殿メール,2020/1/21,E3878294,2020/1/31,"2020年2月分 20SKB166,167,168,169",KD64-01627DB,1 ,60 ,1枚で60個どり　
289,1/20,阪本,TS-4668ZA-01AB,TS-4668ZA-01AB,8,"1,500",2020/2/10,済,1978,山村工作所,"12,000",1/20阪本殿メール,2020/1/21,E3878295,2020/1/31,"2020年2月分 20SKB166,167,168,169",KD64-01627AB,1 ,60 ,1枚で60個どり　
290,1/20,阪本,TS-4668ZA-01BB,TS-4668ZA-01BB,2,"2,400",2020/2/10,済,1978,山村工作所,"4,800",1/20阪本殿メール,2020/1/21,E3878296,2020/1/31,"2020年2月分 20SKB166,167,168,169",KD64-01627AB,1 ,60 ,1枚で60個どり　
291,2/5,植木,SCM440-12X25X69,SCM12X25X69 6F,2,"1,130",2020/2/7,済,3315,京阪プレート,"2,260",2/5植木殿メール,2020/2/5,E3901964,2020/2/13,PJ-0336601,12-211,1 ,1 ,製作依頼：1個　、1個予備
292,2/5,宮木,RE-KUT-224,NUMBER RING 77-532E 77-636E K-22403B,14,600,2020/2/7,済,3999,すいせい,"8,400",,2020/2/5,E3901973,2020/2/7,,,,, 
293,2/10,竹本,SKD11-6.0X50X200,SKD11-6.0X50X200 6F 2G,60,"2,700",2020/2/13,済,3315,京阪プレート,"162,000",2/10竹本殿メール,2020/2/10,E3907450,2020/2/21,3月4次,5541-505AB38,1 ,4 ,1枚で4個どり
294,2/12,竹本,SKD11-6.0X50X200,SKD11-6.0X50X200 6F 2G,60,"2,400",2020/2/15,済,3045,大同DMソリューション（株）,"144,000",2/10竹本殿メール,2020/2/13,E3911854,2020/2/25,3月4次,5541-505AB38,1 ,4 ,1枚で4個どり
295,2/19,植木,S45C-20X130X200,S45C-20X130X200 6F,1,"2,050",2020/2/21,済,3315,京阪プレート,"2,050",2/19植木殿メール,2020/2/19,E3919439,2020/2/28,4/1次　20DKD005,E-26820EA38,1 ,2 ,1枚で2個どり　
296,2/19,植木,FC250-58X90X100,FC250-58X90X100 6F,1,"3,450",2020/2/21,済,3315,京阪プレート,"3,450",2/19植木殿メール,2020/2/19,E3919440,2020/2/28,PF-9313909,5500-590DA,1 ,1 ,
297,2/25,万代,SK3-6.25X50X390,SK3-6.25X50X390 4F,5,"2,610",2020/2/27,済,3315,京阪プレート,"13,050",2/25万代殿メール,2020/2/26,E3927015,2020/2/28,4/3次 20SKD101,YS65-16801AB,5 ,12 ,1枚で12個どり　
298,2/25,万代,SK3-9.5X45X400,SK3-9.5X45X400 6F,3,"3,420",2020/2/27,済,3315,京阪プレート,"10,260",2/25万代殿メール,2020/2/26,E3927016,2020/2/28,PM-4828204,YS65-15801BA,3 ,42 ,1枚で42個どり　
299,3/5,阪本,S50C-22X120X200,S50C-22X120X200 6F 4-C1,3,"2,350",2020/3/9,済,3315,京阪プレート,"7,050",3/5阪本殿メール,2020/3/5,E3940968,2020/3/12,"PE-2302302, PE-2297613",KS91-00301EA34,1 ,1 ,
300,3/5,阪本,SKD11-20X30X40,SKD11-20X30X40 6F,10,"1,070",2020/3/9,済,3315,京阪プレート,"10,700",3/5阪本殿メール,2020/3/5,E3940969,2020/3/12,"PE-2302302, PE-2297613",KS-00302BA34,1 ,1 ,
301,3/5,宮木,RE-KUT-224,NUMBER RING 77-532E 77-636E K-22403B,7,600,2020/3/10,済,3999,すいせい,"4,200",,2020/3/5,E3940950,2020/3/9,,,,,
302,3/9,阪本,S50C-12X120X265,S50C-12X120X265 6F ,6,"2,200",2020/3/11,済,3315,京阪プレート,"13,200",3/9阪本殿メール,2020/3/10,E3948308,2020/3/17,CMR-20059,KF20-06702CA,1 ,1 ,
303,3/27,万代,SK3-5.8X60X390,SK3-5.8X60X390 4F 2G,2,"3,270",2020/4/2,済,3045,大同DMソリューション（株）,"6,540",3/27万代殿メール,2020/4/1,E3973023,2020/4/7,PE-2303902,YCF-168AA,1 ,17 ,1枚で17個どり　
304,4/6,宮木,RE-KUT-224,NUMBER RING 77-532E 77-636E K-22403B,13,600,2020/4/10,済,3999,すいせい,"7,800",,2020/4/6,E3977019,2020/4/8,,,,,
305,4/22,植木,SS400-9X50X100 ,SS400-9X50X100 6F,1,570,2020/5/1,済,3045,大同DMソリューション,570,4/22植木殿メール,2020/4/23,E3990247,2020/5/15,5/8次　20SKE115,DS61-03001TA,1 ,1 ,
306,4/22,植木,S45C-16X19.5X50,"S45C-16X19.5X50(0,-0.05) 6F 2-C2",1,600,2020/5/1,済,3045,大同DMソリューション,600,4/22植木殿メール,2020/4/23,E3990248,2020/5/15,5/8次　20SKE115,ES66-00208BA34,1 ,1 ,
307,4/22,植木,S45C-14X53X150,S45C-14X53X150 6F,1,730,2020/5/1,済,3045,大同DMソリューション,730,4/22植木殿メール,2020/4/23,E3990249,2020/5/15,5/8次　20SKE115,ES66-00209CA34,1 ,1 ,
308,5/8,植木,SS400-45X56X110,SS400-45X56X110 6F,3,830,2020/5/12,済,3045,大同DMソリューション,"2,490",5/8植木殿メール,2020/5/8,E3995436,2020/5/19,CMR-20094,KS91-04801BA,1 ,1 ,
309,5/8,植木,SS400-40X60X70,SS400-40X60X70 6F,3,680,2020/5/12,済,3045,大同DMソリューション,"2,040",5/8植木殿メール,2020/5/8,E3995437,2020/5/19,CMR-20094,KS91-04802CA,1 ,1 ,
310,5/8,植木,SS400-28X60X70,SS400-28X60X70 6F 4-C1,6,600,2020/5/12,済,3045,大同DMソリューション,"3,600",5/8植木殿メール,2020/5/8,E3995438,2020/5/19,6/7次　20SKF122,"1231-127AA,1231-127BA",1 ,1 ,各3個
311,5/8,植木,SS400-22X60X70,SS400-22X60X70 6F 4-C1,3,590,2020/5/12,済,3045,大同DMソリューション,"1,770",5/8植木殿メール,2020/5/8,E3995439,2020/5/19,6/7次　20SKF122,1231-127CA,1 ,1 ,
312,5/8,植木,SKD11-8X50X100,SKD11-8X50X100 6F,1,"1,340",2020/5/12,済,3045,大同DMソリューション,"1,340",5/8植木殿メール,2020/5/8,E3995441,2020/5/19,CMR-20096,KS91-00104CA,1 ,4 ,1枚で4個どり
313,5/8,植木,FC250-30X42.5X62,FC250-30X42.5X62 6F,2,"1,180",2020/5/11,済,3315,京阪プレート,"2,360",5/8植木殿メール,2020/5/8,E3995442,2020/5/19,"PM-4838902,PN-4838903","KD91-02102EA,KD91-02102CA",1 ,1 ,各1個
314,5/9,宮木,RE-KUT-224,NUMBER RING 77-532E 77-636E K-22403B,9,600,2020/5/12,済,3999,すいせい,"5,400",,2020/5/9,E3996388,2020/5/12,,,,,
315,5/18,阪本,C5191-14X33X35,C5191-14X33X35 6F,1,"1,983",2020/5/20,済,1136,白銅（株）,"1,983",5/18阪本殿メール,2020/5/19,E4001863,2020/5/22,PF-9315804,E-10401L24N,1 ,1 ,
316,5/19,阪本,S50C-22X120X200,S50C-22X120X200 6F 4-C1,1,"2,000",2020/5/21,済,3045,大同DMソリューション,"2,000",5/19阪本殿メール,2020/5/19,E4001901,2020/5/26,6/7次　20SKF121,KS91-00301BA38,1 ,1 ,
317,5/19,阪本,SKD11-20X30X40,SKD11-20X30X40 6F,3,"1,200",2020/5/21,済,3045,大同DMソリューション,"3,600",5/19阪本殿メール,2020/5/19,E4001902,2020/5/26,6/7次　20SKF121,"KS91-00302BA38,KS91-00302BB38,
KS91-00302BC38",1 ,1 ,
318,5/19,阪本,SKD11-20X21X30,SKD11-20X21X30 6F,2,"1,100",2020/5/21,済,3045,大同DMソリューション,"2,200",5/19阪本殿メール,2020/5/19,E4001904,2020/5/26,PM-4837401,K-11101B39,1 ,1 ,
319,5/19,西原,SKD11-6.35X205X50,SKD11-6.35X205X50,96,"2,400",2020/5/25,済,3045,大同DMソリューション,"230,400",,2020/5/19,E4001905,2020/5/26,5/5 SDR 5/6 SDR 6ER22 5/7 SDR 6ER22 5/8 6ER22,B331-603AA,,,
320,5/19,阪本,SK5-T0.46-102,SK5 HV520～560 T0.46-102 L97、1式,1,"3,000",2020/6/1,済,2829,寺内製作所,"3,000",5/19阪本殿メール,2020/5/20,E4003222,2020/5/27,CMR-20112,TS-5386DA,1 ,1 ,
321,5/21,森野,SKD11-6.35X50X250,SKD11-6.35X50X250,13,"2,900",2020/6/1,済,3045,大同DMソリューション,"37,700",5/21森野殿メール,2020/5/22,E4005683,2020/6/29,"7/2次 G010 , PM-4838705","5179-603AA,603-503B",,,"1枚で9個取れる , 1枚で4個取れる"
322,5/21,森野,SKD11-6.35X205X110,SKD11-6.35X205X110,12,"3,700",2020/6/1,済,3045,大同DMソリューション,"44,400",5/21森野殿メール,2020/5/22,E4005684,2020/6/29,7/2次 G010,5179-504AA,1 ,8 ,1枚で8個取れる
323,5/25,宮木,RE-KUT-224,NUMBER RING 77-532E 77-636E K-22403B,5,600,2020/5/26,済,3999,すいせい,"3,000",,2020/5/25,E4006737,2020/5/27,,,,,
324,5/29,阪本,C5191-14X33X35,C5191-14X33X35 6F,2,"1,983",2020/6/2,済,1136,白銅（株）,"3,966",5/29阪本殿メール,2020/6/1,E4010080,2020/6/10,PF-9315804,E-10401L24N,1 ,1 ,先日注文した分を製作失敗したため、再購入
325,6/3,植木,SS400-16X50X57,SS400-16X50X57 6F 2-C5,10,610,2020/6/4,済,3315,京阪プレート,"6,100",6/3植木殿メール,2020/6/3,E4013596,2020/6/17,"20SKF104,F105,F106,F107,F108",SPL-2405HA,1 ,1 ,
326,6/3,植木,SS400-16X40X75,SS400-16X40X75 6F 2-C3,10,610,2020/6/4,済,3315,京阪プレート,"6,100",6/3植木殿メール,2020/6/3,E4013597,2020/6/17,"20SKF104,F105,F106,F107,F108",SPL-2405FC,1 ,1 ,
327,6/3,植木,SS400-38X65X182,SS400-38X65X182 6F 2-C5,10,"1,910",2020/6/4,済,3315,京阪プレート,"19,100",6/5植木殿メール,2020/6/5,E4015958,2020/6/24,"20SKF104,F105,F106,F107,F108",SPL-2498AA,1 ,1 ,
328,6/9,森野,SKD11-6.35X205X110,SKD11-6.35X205X110,44,"3,700",2020/6/10,済,3045,大同DMソリューション,"162,800",6/10森野殿メール,2020/6/10,E4017789,2020/6/29,6ER,5165-504AB,1 ,10 ,1枚で10個取れる
329,6/9,森野,SKD11-6.35X205X110,SKD11-6.35X205X110,10,"3,700",2020/6/12,済,3045,大同DMソリューション,"37,000",6/10森野殿メール,2020/6/10,E4017788,2020/6/29,7/2次 G010,5179-504AA,1 ,8 ,寸法不良のものが出たため追加注文
330,6/10,万代,S50C-9X60X390,S50C-9X60X390 4F 2G,9,"3,270",2020/6/12,済,3315,京阪プレート,"29,430",6/10万代殿メール,2020/6/12,E4019621,2020/6/26,PM-4843101,KD65-00923AA,1 ,198 ,1枚で22個取り
331,6/10,万代,S50C-11X40X390,S50C-11X40X390 4F 2G,8,"2,360",2020/6/12,済,3315,京阪プレート,"18,880",6/10万代殿メール,2020/6/12,E4019622,2020/6/26,PM-4843101,KD65-00824AA,8 ,192 ,1枚で24個取り
332,6/10,万代,S50C-7X60X390,S50C-7X60X390 4F,10,"1,560",2020/6/12,済,3315,京阪プレート,"15,600",6/10万代殿メール,2020/6/12,E4019623,2020/6/26,PM-4843101,KD65-00925EA,10 ,200 ,1枚で20個取り
333,6/22,万代,SK3-8X50X390,SK3-8X50X390 4F,20,"2,600",2020/6/26,済,3045,大同DMソリューション,"52,000",6/26万代殿メール,2020/6/26,E4027157,2020/6/30,"PE-2311501,PE-2311502",YCM-160CC,20 ,100 ,1枚で5個取り
334,6/22,万代,S50C-21X22.5X30,S50C-21X22.5X30 6F,2,530,2020/6/26,済,3045,大同DMソリューション,"1,060",6/26万代殿メール,2020/6/26,E4027158,2020/6/30,PM-4840805,00-1146AA380,2 ,2 ,
335,7/2,万代,SK3-6X50X390,SK3-6X50X390 4F,8,"2,500",2020/7/6,済,3045,大同DMソリューション,"20,000",7/2万代殿メール,2020/7/2,E4035052,2020/7/15,CMR-20140,TS-5342BA,8 ,120 ,1枚で15個取り
336,7/2,万代,SK3-8.5X60X390,SK3-8.5X60X390 4F,3,"2,600",2020/7/6,済,3045,大同DMソリューション,"7,800",7/2万代殿メール,2020/7/2,E4035053,2020/7/15,20C08-01,YCF-169AA,3 ,42 ,1枚で14個取り
337,7/8,植木,SKD11-9.0X32X400,SKD11-9.0(±0.02)X32(+3/0)X400(+3/0) 2G,10,"3,900",2020/7/8,済,3045,大同DMソリューション,"39,000",7/8植木殿メール,2020/7/13,E4048327,2020/7/22,CMR-20149,"TS-5315YA,TS5315XA",1 ,7 ,
338,7/13,万代,SK3-2X80X390,SK3-2X80X390 4F,1,"3,670",2020/7/15,済,3315,京阪プレート,"3,670",7/13植木殿メール,2020/7/13,E4048412,2020/7/29,PM-4841901,YS65-12601GA,12 ,1 ,1枚で12個取り
339,7/13,万代,SS400-12X120X215,SS400-12X120X215 6F,1,"1,540",2020/7/14,済,3315,京阪プレート,"1,540",7/13植木殿メール,2020/7/13,E4048413,2020/7/29,CMR-20136,TS-5392AA,2 ,1 ,1枚で2個取り
340,7/13,森野,SKD11-4.8X60X390,SKD11-4.8X60X390 4F2G,3,"6,740",2020/7/15,済,3315,京阪プレート,"20,220",7/13森野殿メール,2020/7/13,E4048415,2020/7/29,CMR-20141,TS-5346JB30,1 ,7 ,1枚で7個取り
341,7/13,植木,A2017-21X24.3X36,A2017-21X24.3X36 6F,13,530,2020/7/15,済,3315,京阪プレート,"6,890",7/13植木殿メール,2020/7/13,E4048432,2020/7/29,CMR-20152,TS-5314AD,1 ,1 ,
342,7/13,植木,A2017-4.8X19.2X23.2,A2017-4.8X19.2X23.2 6F,13,687,2020/7/15,済,1136,白銅（株）,"8,931",7/13植木殿メール,2020/7/13,E4048433,2020/7/29,CMR-20152,TS-5314BC,1 ,1 ,
343,7/22,万代,SK3-7.5X70X390,SK3-7.5X70X390 4F,2,"3,570",2020/7/28,済,3315,京阪プレート,"7,140",7/22万代殿メール,2020/7/22,E4063156,2020/7/31,CMR-20150,TS-5341GB,1 ,14 ,1枚で14個取り
344,7/27,万代,SK3-5.5X60X120,SK3-5.5X60X120 4F,1,"1,440",2020/8/3,済,3315,京阪プレート,"1,440",7/28万代殿メール,2020/7/28,E4067406,2020/8/11,CMR-20166,TS-5340BA,1 ,14 ,1枚で14個取り
345,7/28,植木,SS400-12X19X62.5,SS400-12X19X62.5 6F,5,520,2020/8/3,済,3045,大同DMソリューション,"2,600",7/28植木殿メール,2020/7/28,E4067407,2020/8/13,20C08-01(7SP),5180-643AA,1 ,1 ,
346,7/28,植木,SKD11-20X65X400,SKD11-20X65X400 6F,4,"7,190",2020/8/3,済,3045,大同DMソリューション,"28,760",7/28植木殿メール,2020/7/28,E4067408,2020/8/13,10/1次　K001～K002,1151-420AA48,1 ,4 ,1枚で4個取り
347,8/3,荒井,SS400-30.5X400X40,SS４００　30.5X400X40 6F,5,"1,810",2020/8/6,済,3045,大同DMソリューション,"9,050",8/3荒井殿メール,2020/8/4,E4077080,2020/8/31,20C08-01(7SP),5180-634AA30,1 ,8 ,一枚で8個取り
348,8/17,阪本,S50C-22X120X200,S50C-22X120X200 6F 4-C1,2,"2,350",2020/8/18,済,3315,京阪プレート,"4,700",8/17阪本殿メール,2020/8/17,E4091792,2020/8/27,"PE-2315205, PJ-0367402","KS91-00301EA34, BA34",1 ,1 ,
349,8/17,阪本,SKD11-20X30X40,SKD11-20X30X40 6F,3,"1,140",2020/8/18,済,3315,京阪プレート,"3,420",8/17阪本殿メール,2020/8/17,E4091793,2020/8/26,PE-2315205,"KS91-00302BA34, BB34, BC34",1 ,1 ,
350,8/17,阪本,S50C-20X130X200,S50C-20X130X200 6F,8,"2,020",2020/8/18,済,3315,京阪プレート,"16,160",8/17阪本殿メール,2020/8/17,E4091794,2020/8/26,"10/1次 K001～K002, 10月 K045,046,047, 11月 L039,040,041,042","E-26820GA48, EA38",1 ,2 ,現場依頼で素材予備3個含む
351,8/17,万代,SK3-7.5X70X390,SK3-7.5X70X390 4F,2,"2,890",2020/8/19,済,3045,大同DMソリューション,"5,780",8/17万代殿メール,2020/8/19,E4097051,2020/8/31,PC-2010501,TS-5341GB,1 ,14 ,1枚で14個取り
352,8/17,万代,S50C-20X105X170,S50C-20X105X170 6F,1,"1,660",2020/8/20,済,3315,京阪プレート,"1,660",8/17万代殿メール,2020/8/19,E4097052,2020/8/26,10/1次　K001～K002,E-26820GA48,1 ,2 ,1枚で2個取り
353,8/19,阪本,SS400-12.5X19X60.3,SS400 12.5X19X60.3 6F,6,590,2020/8/21,済,3315,京阪プレート,"3,540",8/19阪本殿メール,2020/8/20,E4099663,2020/8/26,CMR-20175,TS-5403BA,1 ,1 ,
354,8/24,阪本,S50C-16X60X400,S50C 16X60X400 6F,5,"2,140",2020/8/25,済,3315,京阪プレート,"10,700",8/24阪本殿メール,2020/8/26,E4107613,2020/8/31,CMR-20173,TS-5350CA,1 ,10 ,
355,8/26,荒井,FC250-62X30X42.5,FC250-62X30X42.5 6F,1,"1,180",2020/9/2,済,3315,京阪プレート,"1,180",8/26荒井殿メール,2020/8/26,E4107677,2020/9/9,CMR-20180,KD91-02102KA,1 ,1 ,
356,8/26,荒井,FC250-25X60.5X100,FC250-25X60.5X100 6F,1,"1,630",2020/9/2,済,3315,京阪プレート,"1,630",8/26荒井殿メール,2020/8/26,E4107678,2020/9/9,CMR-20180,KD91-02101FA,1 ,1 ,
357,8/27,森野,SK3-35X46X3,SK3-35X46X3 6F,1,"1,150",2020/9/1,済,3315,京阪プレート,"1,150",8/27森野殿メール,2020/8/27,E4110497,2020/9/9,10/1次　K001,B336-504BA48,1 ,1 ,
358,9/2,万代,SK3-6X50X390,SK3-6X50X390 4F,20,"2,360",2020/9/4,済,3315,京阪プレート,"47,200",9/2万代殿メール,2020/9/2,E4119126,2020/9/9,"11/7次 L053,L054 11/8次 L055,L056",YCF-137YB,1 ,14 ,1枚で14個取り
359,9/23,万代,SK3-6.25X50X390,SK3-6.25X50X390 4F,5,"2,060",2020/9/28,済,3045,大同DMソリューション,"10,300",9/23万代殿メール,2020/9/24,E4164567,2020/9/30,12/2次 20SKM124,YS65-16801AB,1 ,12 ,1枚で12個取り
360,9/23,荒井,SKD11-21x30x22.5,SKD11 21x30x22.5 6F,3,"1,140",2020/9/28,済,3045,大同DMソリューション株式会社,"3,420",9/23荒井殿メール,2020/9/24,E4164568,2020/9/30,PM-4857404,00-1146AA380,3 ,3 ,六面フライス
361,9/28,森野,SK3-8.8X60X390,SK3-8.8X60X390 4F,3,"2,350",2020/10/2,済,3045,大同DMソリューション株式会社,"7,050",9/28森野殿メール,2020/9/28,E4168449,2020/10/7,CMR-20211,TS-5350DA,1 ,22 ,1枚で22個取り
362,9/29,荒井,A2017-21X24.3X36,A2017 21x24.3x36 6F,13,530,2020/10/2,済,3315,京阪プレート,"6,890",9/29荒井殿メール,2020/9/29,E4173026,2020/10/14,CMR-20198,TS-5314AE,13 ,13 ,
363,9/29,荒井,A2017-4.8X19.2X23.2,A2017 4.8x19.2x23.2 6F,13,687,2020/10/2,済,1136,白銅（株）,"8,931",9/29荒井殿メール,2020/9/29,E4173027,2020/10/9,CMR-20198,TS-5314BD,13 ,13 ,
364,9/28,森野,SKD11-7.5X60X390,SKD11-7.5X60X390 4F,11,"3,270",2020/10/7,済,3045,大同DMソリューション株式会社,"35,970",10/2森野殿メール,2020/10/5,E4192125,2020/10/14,CMR-20168,"3164-531AA30,532AA30,533AA30",1 ,10 ,1枚で10個取り(予備で1枚追加)
365,10/6,森野,SS400-25X240X440,SS400-25X240X440 4F,1,"6,040",2020/10/9,済,3045,大同DMソリューション株式会社,"6,040",10/7森野殿メール,2020/10/7,E4196639,2020/10/14,CMR-20213,TS-5411-211BA,1 ,1 ,
366,10/6,森野,SS400-26X163X227,SS400-26X163X227 4F,1,"2,340",2020/10/9,済,3045,大同DMソリューション株式会社,"2,340",10/7森野殿メール,2020/10/7,E4196640,2020/10/14,CMR-20213,TS-5411-210BA,1 ,1 ,
367,10/8,植木,SS400-40X75X225 ,SS400-40X75X225 6F 4-C3,2,"2,280",2020/10/14,済,3045,大同DMソリューション株式会社,"4,560",10/8植木殿メール,2020/10/8,E4202194,2020/10/20,CMR-20224,TS-5408DA08,1 ,1 ,
368,10/8,植木,STK400-48.6X3.2X605,STK400-φ48.6Xt3.2X605,1,630,2020/10/14,済,3412,まや鋼業,630,10/8植木殿メール,2020/10/8,E4202195,2020/10/16,CMR-20224,TS-5408DA05,1 ,1 ,
369,10/8,植木,STKM13A-31.8X6X605,STKM13A-φ31.8Xt6x605,1,610,2020/10/14,済,1130,阪神メタリックス,610,10/8植木殿メール,2020/10/8,E4202196,2020/10/16,CMR-20224,TS-5408DA04,1 ,1 ,
370,10/8,植木,STKM13A-40X3.5X605,STKM13A-φ40Xt3.5x605,1,610,2020/10/14,済,1130,阪神メタリックス,610,10/8植木殿メール,2020/10/8,E4202197,2020/10/16,CMR-20224,TS-5408DA03,1 ,1 ,
371,10/13,万代,SK3-4.9X60X390,SK3-4.9X60X390 4F,4,"2,010",2020/10/15,済,3045,大同DMソリューション,"8,040",10/13万代殿メール,2020/10/13,E4218807,2020/10/21,12/5次 M042,YCF-171AA,1 ,18 ,1枚で18個取り
372,10/27,万代,SK3-5.8X60X390,SK3-5.8X60X390 4F,2,"2,100",2020/10/27,済,3045,大同DMソリューション株式会社,"4,200",10/27万代殿メール,2020/10/28,E4281902,2020/10/30,PE-2323802,YCF-168AA,1 ,17 ,1枚で17個取り
373,10/30,万代,SS400-4.5X25X200,SS400-4.5X25X200 4F,1,690,2020/11/5,済,3999,双葉電子工業株式会社,690,10/30万代殿メール,2020/10/30,E4293895,2020/11/26,CMR-20236,TS-5414BA,1 ,1 ,
374,10/30,万代,SS400-26X74X16,SS400-26X74X16 6F,1,426,2020/11/5,済,3999,双葉電子工業株式会社,426,10/30万代殿メール,2020/10/30,E4293896,2020/11/26,CMR-20238,TS-5415BA,1 ,1 ,
375,10/30,万代,S50C-20X130X200,S50C-20X130X200 6F,6,"1,442",2020/11/5,済,3999,双葉電子工業株式会社,"8,652",10/30万代殿メール,2020/10/30,E4293897,2020/11/26,"12月計画 M030,M031,M032,M033",E-26820EA38,1 ,1 ,
376,10/30,万代,FC250-30X50X100,FC250-30X50X100 6F,2,"1,520",2020/11/5,済,3999,双葉電子工業株式会社,"3,040",10/30万代殿メール,2020/10/30,E4293898,2020/11/26,"PF-9319608,PF-9319616",KS91-03401DA,1 ,1 ,
377,10/30,万代,S50C-33X100X50.5,S50C-33X100X50.5 6F,1,810,2020/11/4,済,3045,大同DMソリューション株式会社,810,10/30万代殿メール,2020/10/30,E4293899,2020/11/12,CMR-20238,TS-5415AA,1 ,1 ,
378,10/30,万代,SK3-3X50X100,SK3-3X50X100 2F2G,10,"2,330",2020/11/4,済,3045,大同DMソリューション株式会社,"23,300",10/30万代殿メール,2020/10/30,E4293900,2020/11/12,"12/5次 M042,12/6次 M044","5181-506BA,5521-504BA20",1 ,1 ,
379,11/12,万代,SK3-5.5X50X120,SK3-5.5X50X120 4F,2,770,2020/11/16,済,3045,大同DMソリューション株式会社,"1,540",11/12万代殿メール,2020/11/12,E4345557,2020/11/20,CMR-20234,TS-5340CA,7 ,1 ,1枚で7個取り
380,11/12,万代,SK3-6X50X390,SK3-6X50X390 4F,12,"2,060",2020/11/16,済,3045,大同DMソリューション株式会社,"24,720",11/12万代殿メール,2020/11/12,E4345558,2020/11/20,"2/7次　21DKB049,50",YCF-137YB,14 ,1 ,1枚で14個取り
381,11/16,万代,SS400-9X60X240,SS400-9X60X240 4F,1,740,2020/11/18,済,3045,大同DMソリューション株式会社,740,11/16万代殿メール,2020/11/16,E4355987,2020/11/26,12/5次　20DKM042,KF12-01406AA,3 ,1 ,1枚で3個取り
382,11/17,植木,S50C-20X130X200,S50C-20X130X200 6F,3,"2,050",2020/11/19,済,3315,京阪プレート,"6,150",11/16植木殿メール,2020/11/17,E4360940,2020/11/26,"2/2,4,5,7次　B043,B044,B045,B046",E-26820EA38,1 ,2 ,1枚で2個取り　1枚予備
383,11/17,植木,SKD11-9X32X400,SKD11-9(±0.02)X32X400 4F2G,10,"4,790",2020/11/19,済,3315,京阪プレート,"47,900",11/16植木殿メール,2020/11/17,E4360941,2020/11/26,CMR-20248,"TS-5418AA,TS5418BA",1 ,7 ,1枚で7個取り
384,11/18,万代,SS400-21X50X50,SS400-21X50X50 6F,1,570,2020/11/20,済,3045,大同DMソリューション株式会社,570,11/17万代殿メール,2020/11/17,E4360942,2020/11/26,CMR-20247,KF20-08103AA,1 ,1 ,
385,11/18,万代,SS400-25X45X140,SS400-25X45X140 6F,1,710,2020/11/20,済,3045,大同DMソリューション株式会社,710,11/17万代殿メール,2020/11/17,E4360943,2020/11/26,CMR-20247,KF20-08006AA,1 ,1 ,
386,11/18,万代,S50C-12X20X26.5,S50C-12X20X26.5 6F,1,510,2020/11/20,済,3045,大同DMソリューション株式会社,510,11/17万代殿メール,2020/11/17,E4360944,2020/11/26,CMR-20238,KS91-00703CA,1 ,1 ,
387,11/26,植木,PT-POM-55X350,POM(ジュラコン)丸棒(白)-φ55x350,1,"3,079",2020/11/27,済,1136,白銅（株）,"3,079",11/26植木殿メール,2020/11/26,E4396705,2020/12/8,CMR-20257,KF20-08303BA,1 ,2 ,1個で2個取り　
388,11/27,阪本,PT-SS400-55X2000,SS400-Φ55X2000,1,"7,900",2020/12/2,済,3412,まや鋼業,"7,900",11/27阪本殿メール,2020/12/1,E4416889,2020/12/9,CMR-20257,KF20-08304AA,1 ,1 ,
389,12/1,植木,PT-S45C-100X25,S45C-Φ100x25,1,"1,739",2020/12/2,済,1136,白銅（株）,"1,739",12/1植木殿メール,2020/12/1,E4416890,2020/12/9,CMR-20239,TS-3813DA,1 ,1 ,
390,12/1,植木,PT-SK3-30.5X30X80,SK3-30.5X30X80 6F,1,"1,250",2020/12/3,済,3315,京阪プレート,"1,250",12/1植木殿メール,2020/12/1,E4416891,2020/12/14,CMR-20239,TS-3813JA,1 ,4 ,1枚で4個取り
391,12/1,植木,PT-S50C-32.8X100X150,S50C-32.8X100X150 6F2G 1-C1,1,"2,570",2020/12/3,済,3315,京阪プレート,"2,570",12/1植木殿メール,2020/12/1,E4416892,2020/12/14,CMR-20239,TS-3813NA,1 ,1 ,
392,12/1,新谷,PT-SK5-0.32X33X100,SK5(ダル材、熱処理済)-0.32X33X100,100,200,2020/12/15,済,2829,寺内製作所,"20,000",12/1新谷殿メール,2020/12/2,E4422019,2020/12/18,CMR-20239,"TS-3813KA,LA,MA",1 ,1 ,
393,12/8,植木,PT-SS400-9X50X100 ,SS400-9X50X100 6F,1,700,2020/12/10,済,3315,京阪プレート,700,12/8植木殿メール,2020/12/11,E4452309,2020/12/29,21SKB123,DS61-03001RB,1 ,1 ,
394,12/8,植木,PT-S50C-14X53X150,S50C-14X53X150 6F,1,950,2020/12/10,済,3315,京阪プレート,950,12/8植木殿メール,2020/12/11,E4452310,2020/12/29,21SKB123,ES66-00209CA34,1 ,1 ,
395,12/8,植木,PT-S50C-20X130X200,S50C-20X130X200 6F,6,"2,020",2020/12/10,済,3315,京阪プレート,"12,120",12/8植木殿メール,2020/12/11,E4452311,2020/12/29,"3月生産計画 C011,012,013,014,015",E-26820EA38,1 ,2 ,
396,12/9,万代,PT-SK3-6X50X390,SK3-6X50X390 4F,19,"2,060",2020/12/15,済,3045,大同DMソリューション株式会社,"39,140",12/8万代殿メール,2020/12/11,E4452312,2020/12/24,3/1次 21DKC016-018,YCF-137YB,14 ,1 ,1枚で14個取り
397,12/15,植木,PT-FC250-30X50X100,FC250-30X50X100 6F,2,"1,580",2020/12/16,済,3315,京阪プレート,"3,160",12/15植木殿メール,2020/12/16,E4468856,2020/12/29,PE-2330310,KS91-03401DA,1 ,1 ,
398,12/15,植木,PT-SKD11-20X30X40,SKD11-20X30X40 6F,3,"1,140",2020/12/16,済,3315,京阪プレート,"3,420",12/15植木殿メール,2020/12/16,E4468857,2020/12/29,PS-0009101,"KS91-00302BA30,BB30,BC30",1 ,1 ,
399,12/15,植木,PT-S50C-15X115X190,S50C-15X115X190,1,"1,760",2020/12/18,済,3045,大同DMソリューション株式会社,"1,760",12/15植木殿メール,2020/12/16,E4468858,2020/12/29,PS-0009101,KS-00301KA30,1 ,1 ,
400,12/21,植木,PT-SS400-6X100X120,SS400-6X100X120 6F 4-C5,10,840,2020/12/22,済,3315,京阪プレート,"8,400",12/21植木殿メール,2020/12/21,E4485130,2020/12/29,CMR-20280,SPL-2846BA,1 ,1 ,
401,12/21,植木,PT-SS400-9X50X100 ,SS400-9X50X100 6F,1,640,2020/12/24,済,3045,大同DMソリューション株式会社,640,12/21植木殿メール,2020/12/21,E4485121,2020/12/29,21C03-01,DS61-03001RB,1 ,1 ,
402,12/21,植木,PT-S50C-16X19.5X50,S50C-16X19.5X50 6F,1,600,2020/12/24,済,3045,大同DMソリューション株式会社,600,12/21植木殿メール,2020/12/21,E4485122,2020/12/29,21SKB123,ES66-00208BA34,1 ,1 ,
403,12/24,荒井,PT-POMX70X310,POM(ジュラコン)丸棒(白)-φ70x310,1,"4,105",2021/1/8,済,1136,白銅(株),"4,105",12/24荒井殿メール,2020/12/24,E4501757,2021/1/7,CMR-20288 EAD-2.4R ドッファー試作部品,KF20-08303BB-F1,1 ,2 ,工藤による実績あり、見積り番号32435617
404,12/24,阪本,PT-S50C-16X64X110,S50C-16X64X110,1,649,2021/1/6,済,3999,双葉電子工業株式会社,649,12/24阪本殿メール,2020/12/24,E4501758,2021/1/14,CMR-20295,TS-5413GA,1 ,1 ,
405,12/24,阪本,PT-S50C-16X120X200,S50C-16X120X200,1,"1,203",2021/1/6,済,3999,双葉電子工業株式会社,"1,203",12/24阪本殿メール,2020/12/24,E4501759,2021/1/14,CMR-20295,TS-5413FA,1 ,1 ,
406,1/8,万代,PT-SK3-4.9X60X390,SK3-4.9X60X390 4F,4,"2,010",2021/1/13,済,3045,大同DMソリューション株式会社,"8,040",1/8万代殿メール,2021/1/8,E4541626,2021/1/19,4/2次 21DKD022,YCF-171AA,18 ,1 ,1枚で18個取り
407,1/13,万代,PT-SK3-6.5X45X390,SK3-6.5X45X390 4F,2,"2,010",2021/1/18,済,3045,大同DMソリューション株式会社,"4,020",1/13万代殿メール,2021/1/13,E4554988,2021/1/27,PJ-0390613,YCF-116NAP,13 ,1 ,1枚で13個取り
408,1/13,万代,PT-SK3-7.5X45X390,SK3-7.5X45X390 4F,2,"2,070",2021/1/18,済,3045,大同DMソリューション株式会社,"4,140",1/13万代殿メール,2021/1/13,E4554989,2021/1/27,PJ-0390612,YCF-116MBP,16 ,1 ,1枚で16個取り
409,1/18,植木,PT-S50C-20X130X200,S50C-20X130X200 6F,6,"2,020",2021/1/20,済,3315,京阪プレート,"12,120",1/18植木殿メール,2021/1/19,E4578741,2021/1/27,"3月生産計画 C051 4月生産計画 D007,008,009,010 ",E-26820EA38,1 ,2 ,
410,1/18,植木,PT-SS400-40X51.5X86,SS400-40X51.5X86 6F,2,820,2021/1/21,済,3045,大同DMソリューション株式会社,"1,640",1/18植木殿メール,2021/1/19,E4578742,2021/1/27,CMR-20300,KD91-02601BA,1 ,1 ,
411,1/18,植木,PT-SS400-40X52X8,SS400-40X52X8,2,590,2021/1/21,済,3045,大同DMソリューション株式会社,"1,180",1/18植木殿メール,2021/1/19,E4578743,2021/1/27,CMR-20300,KD91-02602BA,1 ,1 ,
412,1/18,植木,PT-SS400-23.5X20X10,SS400-23.5X20X10,2,570,2021/1/21,済,3045,大同DMソリューション株式会社,"1,140",1/18植木殿メール,2021/1/19,E4578744,2021/1/27,CMR-20300,KD91-02603AB,1 ,1 ,
413,1/19,植木,PT-S50C-20X105X170,S50C-20X105X170 6F,2,"1,660",2021/1/25,済,3315,京阪プレート,"3,320",1/18植木殿メール,2021/1/21,E4590374,2021/1/27,4月計画 21DKD021,E-26820GA48,1 ,1 ,
414,1/19,植木,PT-SS400-40X52X12,SS400-40X52X12 6F,2,600,2021/1/25,済,3045,大同DMソリューション株式会社,"1,200",1/18植木殿メール,2021/1/21,E4590376,2021/1/29,CMR-21010,KD91-02602CA,1 ,1 ,
415,1/19,植木,PT-SS400-45X12X18.3,SS400-45X12X18.3 6F 4-C0.5,1,580,2021/1/25,済,3045,大同DMソリューション株式会社,580,1/18植木殿メール,2021/1/21,E4590378,2021/1/29,CMR-21013,TS-5424BA,1 ,1 ,
416,1/19,植木,PT-SS400-35X20X60,SS400-35X20X60 6F,1,660,2021/1/25,済,3045,大同DMソリューション株式会社,660,1/18植木殿メール,2021/1/21,E4590381,2021/1/29,CMR-21013,TS-5424EA,1 ,1 ,
417,1/20,万代,PT-SK3-8.0X70X390,SK3-8.0X70X390 4F,12,"2,750",2021/1/26,済,3045,大同DMソリューション株式会社,"33,000",1/18植木殿メール,2021/1/21,E4590375,2021/1/29,21C02-05,"YCM-141EB,YCM-142GA,YCM-143EA",5 ,1 ,1枚で5個取り
418,1/22,万代,PT-SK3-6.0X50X390,SK3-6.0X50X390 4F,6,"2,060",2021/1/28,済,3045,大同DMソリューション株式会社,"12,360",1/22万代殿メール,2021/1/25,E4602078,2021/1/29,4/2次 21DKD024,YCF-137YB,14 ,1 ,1枚で14個取り
419,1/22,阪本,PT-SKD11-23X200X200,SKD11-23X200X200 6F,2,"6,904",2021/1/26,済,3999,双葉電子工業株式会社,"13,808",1/22阪本殿メール,2021/1/25,E4602079,2021/1/29,"3月6,7,8次 Y付機",KS64-01919FA,6 ,1 ,
420,1/27,万代,PT-SK3-9.5X50X390,SK3-9.5X50X390 4F,6,"2,280",2021/2/2,済,3045,大同DMソリューション株式会社,"13,680",1/27万代殿メール,2021/1/27,E4612897,2021/2/4,PE-2334507,YS65-05401EB,22 ,1 ,1枚で22個取り
421,1/27,万代,PT-SK3-6.5X45X390,SK3-6.5X45X390 4F,1,"2,010",2021/1/29,済,3045,大同DMソリューション株式会社,"2,010",1/27万代殿メール,2021/1/27,E4612898,2021/1/29,PJ-0390613,YCF-116NAP,13 ,1 ,1枚で13個取り
422,1/29,万代,PT-SK3-6.5X80X390,SK3-6.5X80X390 4F,2,"3,100",2021/2/2,済,3045,大同DMソリューション株式会社,"6,200",1/29万代殿メール,2021/2/1,E4640668,2021/2/10,C02-01,YS65-13701BA,16 ,1 ,1枚で16個取り
423,2/2,植木,PT-SKD11-8.6X30X202,SKD11-8.6X30X202 両面研磨,50,"1,500",2021/2/3,済,3614,（株）ogaki works,"75,000",2/2植木殿メール,2021/2/2,E4647261,2021/2/10,,,,,カム素材の研磨加工代です。
424,2/2,宮木,RE-KUT-224,NUMBER RING 77-532E 77-636E K-22403B,8,600,2021/2/2,済,3745,すいせい,"4,800",,2021/2/2,E4647274,2021/2/5,,,,,
425,2/4,新谷,PT-EA725RG-20,ｴｽｺ　ﾌｨﾗｰｹﾞｰｼﾞ(0.2X12.7X1000),1,440,2021/2/10,済,3010,旭商工,440,2/4新谷殿メール,2021/2/4,E4661856,2021/2/16,CMR-21013,TS-5424DA,1 ,33 ,1枚で33個取り
426,2/4,新谷,PT-EA441VG-161,ｴｽｺ　みがき鋼板(1.6X100X300),1,670,2021/2/10,済,3010,旭商工,670,2/4新谷殿メール,2021/2/4,E4661857,2021/2/16,CMR-21012,"5545-574AB,5545-574BA",1 ,12 ,1枚で12個取り
427,2/15,植木,PT-S50C-20X130X200,S50C-20X130X200 6F,5,"2,020",2021/2/17,済,3315,京阪プレート,"10,100",2/15植木殿メール,2021/2/15,E4701424,2021/2/25,"E-006,E-007",E-26820EA38,1 ,2 ,
428,2/15,植木,PT-FC250-50X30X100,FC250-50X30X100 6F,3,"1,580",2021/2/17,済,3315,京阪プレート,"4,740",2/15植木殿メール,2021/2/15,E4701425,2021/2/25,PS-0009105,KS91-03401DA,1 ,1 ,
429,2/15,植木,PT-S50C-32X200X120,S50C-32X200X120 6F 4-C1,2,"2,530",2021/2/18,済,3045,大同DMソリューション株式会社,"5,060",2/15植木殿メール,2021/2/15,E4701426,2021/2/25,"PE-2333707,PE-2333708",KS91-00301FA30,1 ,1 ,
430,2/15,植木,PT-SKD11-30X40X20,SKD11-30X40X20 6F,6,"1,110",2021/2/17,済,3315,京阪プレート,"6,660",2/15植木殿メール,2021/2/15,E4701427,2021/2/25,PE-2333707,KS91-00302B$30,1 ,1 ,
431,3/3,宮木,RE-KUT-224,NUMBER RING 77-532E 77-636E K-22403B,12,600,2021/3/3,済,3745,すいせい,"7,200",,2021/3/3,E4771753,2021/3/5,,,,,
432,3/4,万代,PT-SK3-4X80X390,SK3-4X80X390 2G 2F,9,"4,850",2021/3/12,済,3045,大同DMソリューション株式会社,"43,650",3/4万代殿メール,2021/3/4,E4779814,2021/3/17,21C03-01,"YS65-26401AA34,YS65-26401BA34,YS65-26401CA34",6 ,1 ,1枚で6個取り
433,3/8,万代,PT-SK3-6X55X390,SK3-6X55X390 4F,4,"2,120",2021/3/12,済,3045,大同DMソリューション株式会社,"8,480",3/8万代殿メール,2021/3/8,E4795016,2021/3/17,21C04-15,YCF-116WA,12 ,1 ,1枚で12個取り
434,3/9,阪本,PT-SKD11-20X40X30,SKD11-20X40X30 6F,30,"1,380",2021/3/15,済,3045,大同DMソリューション株式会社,"41,400",3/9阪本殿メール,2021/3/9,E4803556,2021/3/17,PE-2333707,KS91-00302B$30,1 ,1 ,
435,3/10,阪本,PT-SS400-30X30X108,SS400-30X30X108 6F,8,710,2021/3/17,済,3045,大同DMソリューション株式会社,"5,680",3/10阪本殿メール,2021/3/11,E4822063,2021/3/17,21DKD043,G-2936AA,1 ,1 ,
436,3/12,万代,PT-SK3-4.5X80X390,SK3-4.5X80X390 4F,4,"3,370",2021/3/15,済,3315,京阪プレート,"13,480",3/12万代殿メール,2021/3/12,E4831846,2021/3/25,21C03-01,YS65-26401AA34,6 ,1 ,1枚で6個取り
437,3/22,植木,PT-SKD11-20X32X40,SKD11-20X32X40 6F,5,"1,400",2021/3/23,済,3045,大同DMソリューション株式会社,"7,000",3/22植木殿メール,2021/3/22,E4885102,2021/3/31,PE-2333708,KS91-00303FA30,1 ,1 ,
438,3/23,植木,PT-SKD11-6.35X205X50,SKD11-6.35X205X50 SG,300,"2,400",2021/3/30,済,3045,大同DMソリューション株式会社,"720,000",3/23植木殿メール,2021/3/23,E4885156,2021/3/31,5月計画　カムセットピース,,,,
439,3/24,万代,PT-YS65-26401AA34,PT-YS65-26401AA34,47,440,2021/3/25,済,3614,（株）ogaki works,"20,680",3/24万代殿メール,2021/3/24,E4902027,2021/3/31,21C03-01,YS65-26401AA34,,,加工済ヤーンキャリアの仕上研磨加工代です。
440,3/24,万代,PT-YS65-26401CA34,PT-YS65-26401CA34,4,440,2021/3/25,済,3614,（株）ogaki works,"1,760",3/24万代殿メール,2021/3/24,E4902028,2021/3/31,21C03-01,YS65-26401CA34,,,加工済ヤーンキャリアの仕上研磨加工代です。
441,4/5,宮木,RE-KUT-224,NUMBER RING 77-532E 77-636E K-22403B,14,600,2021/4/5,済,3745,すいせい,"8,400",,2021/4/5,E4958627,2021/4/7,,,,,
442,4/8,阪本,PT-SKD11-9.5X12X22,SKD11-9.5X12X22 6F,10,"1,150",2021/4/13,済,3045,大同DMソリューション株式会社,"11,500",4/9阪本殿メール,2021/4/12,E5000716,2021/4/22,KS91-02301LA,KS91-02301LA,,,宮木さん依頼、丸万工業で加工
443,4/8,阪本,PT-SKD11-9.5X10.7X25,SKD11-9.5X10.7X25 6F,30,"1,150",2021/4/13,済,3045,大同DMソリューション株式会社,"34,500",4/9阪本殿メール,2021/4/12,E5000717,2021/4/22,"KS91-02301KA,QA,RA","KS91-02301KA,QA,RA",,,宮木さん依頼、丸万工業で加工
444,4/19,植木,PT-SKD11-6.35X205X50,SKD11-6.35X205X50 SG,184,"2,400",2021/4/28,済,3045,大同DMソリューション株式会社,"441,600",4/19植木殿メール,2021/4/19,E5040397,2021/4/28,5月計画　カムセットピース,,,,稟議番号M65-085
445,5/6,宮木,RE-KUT-224,NUMBER RING 77-532E 77-636E K-22403B,3,600,2021/5/6,済,3745,すいせい,"1,800",,2021/5/6,E5107874,2021/5/10,,,,,
446,5/10,万代,PT-SK3-9.5X45X400,SK3-9.5X45X400 4F,3,"2,360",2021/5/14,済,3045,大同DMソリューション株式会社,"7,080",5/10万代殿メール,2021/5/11,E5142120,2021/5/20,PM-4895601,YS65-18001BA,40 ,1 ,1枚で40個取り
447,5/18,植木,PT-SKD11-6.35X205X50,SKD11-6.35X205X50 SG,108,"2,400",2021/5/13,済,3045,大同DMソリューション株式会社,"259,200",5/18植木殿メール,2021/5/18,E5180231,2021/5/25,5月計画　カムセットピース,,,,
448,5/18,植木,PT-SKD11-6.35X205X50,SKD11-6.35X205X50 SG,20,"2,400",2021/5/14,済,3045,大同DMソリューション株式会社,"48,000",5/18植木殿メール,2021/5/18,E5180232,2021/5/25,5月計画　カムセットピース,,,,
449,5/18,植木,PT-SKD11-6.35X205X50,SKD11-6.35X205X50 SG,20,"2,400",2021/5/15,済,3045,大同DMソリューション株式会社,"48,000",5/18植木殿メール,2021/5/18,E5180233,2021/5/25,5月計画　カムセットピース,,,,
450,6/8,万代,PT-SK3-6X50X390,SK3-6X50X390 4F,20,"2,080",2021/6/14,済,3045,大同DMソリューション株式会社,"41,600",6/8万代殿メール,2021/6/8,E5283686,2021/6/22,21ＤＫＪ031-21ＤＫＪ033,YCF-137YB,14 ,1 ,1枚で14個取り
451,6/8,荒井,PT-TS-5314BE,A2017　4.8X19.2X23.2　6F,45,619,2021/6/10,済,1136,白銅株式会社,"27,855",新谷殿依頼,2021/6/8,E5290082,2021/6/10,,,45 ,45 ,
452,6/8,荒井,PT-TS-5314AF,A2017　21X24.3X36　6F,45,490,2021/6/10,済,3315,京阪プレート,"22,050",新谷殿依頼,2021/6/8,E5290083,2021/6/22,,,45 ,45 ,
453,6/10,新谷,PT-TS-5314DD,"SKH51-2.5(-0.01,-0.03)X50X100 4F2G ",5,0,2021/6/14,,3315,京阪プレート,0,6/10新谷殿メール,,E-------,,CMR-21046,TS-5314DD,1 ,20 ,注文キャンセルしました（新谷）
454,6/14,新谷,PT-SKH51-2.5X130X140,SKH51-2.5X130X140,4,"3,000",2021/6/16,済,2829,寺内製作所,"12,000",6/14新谷殿メール,2021/6/15,E5315001,2021/6/17,CMR-21046,TS-5314DD,1 ,30 ,NO.254と同じ素材
455,6/23,阪本,PT-S45C-75X200,S45C-φ75X200,1,"3,100",2021/6/28,済,3315,京阪プレート,"3,100",6/23阪本殿メール,2021/6/24,E5345421,2021/6/30,CMR-21099,"KF20-01612CA01,-01612DA",4 ,1 ,
456,6/24,阪本,PT-S50C-20X130X200,S50C-20X130X200 6F,10,"2,190",2021/6/30,済,3045,大同DMソリューション株式会社,"21,900",6/24阪本殿メール,2021/6/24,E5345422,2021/6/30,"6月計画F045, 7月計画G061",E-26820EA38,1 ,1 ,
457,6/24,阪本,PT-S50C-50X19.5X16,S50C-50X19.5X16 6F,2,600,2021/6/30,済,3045,大同DMソリューション株式会社,"1,200",6/24阪本殿メール,2021/6/24,E5345423,2021/6/30,9月計画21SKJ134,ES66-00208BA34,1 ,1 ,
458,6/24,阪本,PT-SKD11-20X65X400,SKD11-20X65X400 6F,4,"7,400",2021/6/30,済,3045,大同DMソリューション株式会社,"29,600",6/24阪本殿メール,2021/6/24,E5345424,2021/6/30,"9月計画J032, J033",1151-420AA48,1 ,1 ,
459,6/28,阪本,PT-SKD11-20X40X30,SKD11-20X40X30 6F,33,"1,380",2021/7/5,済,3045,大同DMソリューション株式会社,"45,540",6/28阪本殿メール,2021/6/29,E5354888,2021/7/13,"PS-0010415,-0010416,-0010417","KS91-00302BA30,BB30,BC30",,,
460,7/12,阪本,PT-S45C-75X200,S45C-φ75X200,1,"3,110",2021/7/19,済,3315,京阪プレート,"3,110",7/12阪本殿メール,2021/7/13,E5407277,2021/7/30,CMR-21106,KF20-08304AC,,,
461,7/12,阪本,PT-POM-75X350,POM-φ75X350,1,"4,750",2021/7/19,済,3315,京阪プレート,"4,750",7/12阪本殿メール,2021/7/13,E5407279,2021/7/30,CMR-21106,KF20-08303BC,,,
462,7/19,阪本,PT-S50C-45X56X110,S50C-45X56X110 6F,1,"1,590",2021/7/21,済,3315,京阪プレート,"1,590",7/19阪本殿メール,2021/7/19,E5424869,2021/7/30,PC-2108401,KS91-04801AA,,,
463,7/19,阪本,PT-FC250-30X50X148,FC250-30X50X148 6F,1,"2,160",2021/7/21,済,3315,京阪プレート,"2,160",7/19阪本殿メール,2021/7/19,E5424870,2021/7/30,21DKJ032,K-6523HA,,,
464,7/28,阪本,PT-S50C-55X60X94,S50C-55X60X94 6F,1,"1,260",2021/8/3,済,3045,大同DMソリューション株式会社,"1,260",7/28阪本殿メール,2021/7/28,E5445814,2021/8/6,CMR-21116,KS91-00831AB,,,
465,7/28,阪本,PT-S50C-14X68X200,S50C-14X68X200 6F,1,"1,520",2021/8/3,済,3045,大同DMソリューション株式会社,"1,520",7/28阪本殿メール,2021/7/28,E5445815,2021/8/6,21SKJ134,ES66-00209DA30,,,
466,8/6,万代,PT-S50C-50X80X165,S50C-50X80X165 6F,1,"2,000",2021/8/18,済,3999,双葉電子工業株式会社,"2,000",8/6万代殿メール,2021/8/6,E5482096,2021/8/31,,,2 ,1 ,カム測定用治具
467,8/17,新谷,PT-S50C-50X90X160,S50C-50X90X160 4F2G,1,"3,360",2021/8/24,済,3045,大同DMソリューション株式会社,"3,360",8/17新谷殿メール,2021/8/18,E5509004,2021/8/31,"9月7次 , 21SKJ134 , M-SECPLT12",KS51-00101AC-JIG,1 ,1 ,治具
468,8/17,新谷,PT-S50C-22X35X100,S50C-22X35X100 6F,1,820,2021/8/19,済,3315,京阪プレート,820,8/17新谷殿メール,2021/8/18,E5509005,2021/8/31,"9月7次 , 21SKJ134 , M-SECPLT12",KS51-00101AC-JIG,1 ,1 ,治具
469,8/17,新谷,PT-S50C-13X16X47.5,S50C-13X16X47.5 6F,3,600,2021/8/19,済,3315,京阪プレート,"1,800",8/17新谷殿メール,2021/8/18,E5509006,2021/8/31,"9月7次 , 21SKJ134 , M-SECPLT12",KS51-00101AC-JIG,1 ,1 ,治具
470,8/17,新谷,PT-S50C-16X23X28,S50C-16X23X28 6F,4,640,2021/8/19,済,3315,京阪プレート,"2,560",8/17新谷殿メール,2021/8/18,E5509007,2021/8/31,"9月7次 , 21SKJ134 , M-SECPLT12",KS51-00101AC-JIG,1 ,1 ,治具
471,8/17,新谷,PT-S50C-13.5X16X100,S50C-13.5X16X100 4F2G,1,"1,270",2021/8/20,済,3315,京阪プレート,"1,270",8/17新谷殿メール,2021/8/18,E5509008,2021/8/31,"9月7次 , 21SKJ134 , M-SECPLT12",KS51-00101AC-JIG,1 ,1 ,治具
472,8/17,新谷,PT-S50C-10X16X100,S50C-10X16X100 4F2G,1,"1,320",2021/8/20,済,3315,京阪プレート,"1,320",8/17新谷殿メール,2021/8/18,E5509009,2021/8/31,"9月7次 , 21SKJ134 , M-SECPLT12",KS51-00101AC-JIG,1 ,1 ,治具
473,8/17,新谷,PT-S50C-29X40X81,S50C-29X40X81 6F,1,850,2021/8/19,済,3315,京阪プレート,850,8/17新谷殿メール,2021/8/18,E5509010,2021/8/31,"9月7次 , 21SKJ134 , M-SECPLT12",KS51-00101AC-JIG,1 ,1 ,治具
474,8/17,新谷,PT-S50C-20X43X81,S50C-20X43X81 4F2G,2,"1,340",2021/8/20,済,3315,京阪プレート,"2,680",8/17新谷殿メール,2021/8/18,E5509011,2021/8/31,"9月7次 , 21SKJ134 , M-SECPLT12",KS51-00101AC-JIG,1 ,1 ,治具
475,8/20,万代,PT-SK3-6X50X390,SK3-6X50X390 4F,80,"1,960",2021/8/31,済,3045,大同DMソリューション株式会社,"156,800",8/20万代殿メール,2021/8/20,E5520201,2021/8/31,"11月3次 21DKL031-L42 L57,L58",YCF-137YB,14 ,1 ,1枚で14個取り
476,8/27,新谷,PT-A2017-22.2X79.5X99,A2017-22.2X79.5X99,3,"1,530",2021/8/31,済,3315,京阪プレート,"4,590",8/27新谷殿メール,2021/8/27,E5543809,2021/9/13,CMR-21012,5545-502GA30,1 ,1 ,
477,8/27,新谷,PT-A2017-35.8X79.5X99,A2017-35.8X79.5X99,8,"1,770",2021/8/31,済,3315,京阪プレート,"14,160",8/27新谷殿メール,2021/8/27,E5543810,2021/9/13,CMR-21012,"5545-502BA30,JA30",1 ,1 ,
478,8/30,森野,PT-FC250-62X30X42.5,FC250-62X30X42.5 6F,1,"1,190",2021/9/4,済,3315,京阪プレート,"1,190",8/30森野殿メール,2021/8/31,E5552348,2021/9/13,CMR-21128,TS-5441TA,1 ,1 ,
479,8/31,阪本,PT-S50C-30X40X46,S50C-30X40X46 6F,5,800,2021/9/6,済,3045,大同DMソリューション株式会社,"4,000",8/31阪本殿メール,2021/8/31,E5552350,2021/9/9,"10月計画21SKK109, 11月計画21SKL115",SPL-2877EA,1 ,1 ,
480,8/31,阪本,PT-SCM435-46X300,SCM435-φ46X300,1,"2,870",2021/9/2,済,3315,京阪プレート,"2,870",8/31阪本殿メール,2021/8/31,E5552351,2021/9/13,"10月計画21SKK109, 11月計画21SKL115",SPL-2876BA,,,
481,9/2,森野,PT-S50C-42.5X13.5X17,S50C-42.5X13.5X17 6F,1,595,2021/9/7,済,3418,㈱ミスミ,595,9/2森野殿メール,2021/9/2,E5560491,2021/9/10,CMR-21128,TS-5441QA,1 ,1 ,
482,9/9,新谷,PT-A2017-35.8X79.5X99,A2017-35.8X79.5X99,3,"2,050",2021/9/10,済,3315,京阪プレート,"6,150",9/9新谷殿メール,2021/9/9,E5589438,2021/9/29,CMR-21012,5545-502BA30,1 ,1 ,
483,9/24,新谷,PT-SKD11-11X40X390,SKD11-11X40X390 4F,1,"3,880",2021/9/27,済,3315,京阪プレート,"3,880",9/24新谷殿メール,2021/9/24,E5619098,2021/9/30,CMR-21128,TS-5441FA30,1 ,24 ,
484,10/1,万代,PT-S50C-50X80X165,S50C-50X80X165 6F,2,"2,000",2021/10/4,済,3999,双葉電子工業株式会社,"4,000",10/1万代殿メール,2021/10/1,E5636267,2021/10/13,,,4 ,2 ,カム測定用治具
485,10/5,阪本,PT-FC250-30X50X148,FC250-30X50X148 6F,1,"2,200",2021/10/5,済,3315,京阪プレート,"2,200",10/5阪本殿メール,2021/10/5,E5648186,2021/10/19,21DKL058,K-6523HA,,,
486,10/14,万代,PT-S50C-50X80X165,S50C-50X80X165 6F,2,"2,100",2021/10/18,済,3999,双葉電子工業株式会社,"4,200",10/14万代殿メール,2021/10/14,E5671769,2021/10/26,,,4 ,2 ,カム測定用治具
487,10/22,万代,PT-SK3-8.8X50X390,SK3-88X50X390 4F,3,"3,000",2021/10/25,済,3999,双葉電子工業株式会社,"9,000",10/22万代殿メール,2021/10/22,E5693695,2021/10/29,CMR-21145,TS-5401DA,12 ,1 ,1枚で14個取り
488,10/22,阪本,PT-S50C-27X30X50,S50C-27X30X50 6F,15,720,2021/10/26,済,3045,大同DMソリューション株式会社,"10,800",10/22阪本殿メール,2021/10/22,E5693716,2021/10/29,CMR-21176,SPL-2888AA,,,
489,11/8,阪本,PT-SKD11-9.5X12X22,SKD11-9.5X12X22 6F,10,"1,230",2021/11/11,済,3045,大同DMソリューション株式会社,"12,300",11/8阪本殿メール,2021/11/9,E5733182,2021/11/19,22SKB151,KS91-02301LA,,,伊東さん依頼、丸万工業で加工
490,11/8,阪本,PT-SKD11-9.5X10.7X25,SKD11-9.5X10.7X25 6F,10,"1,230",2021/11/11,済,3045,大同DMソリューション株式会社,"12,300",11/8阪本殿メール,2021/11/9,E5733183,2021/11/19,22SKB151,KS91-02301LA,,,
491,11/9,万代,PT-SK3-5.8X60X390,SK3-5.8X60X390,4,"3,720",2021/11/17,済,3045,大同DMソリューション株式会社,"14,880",11/9万代殿メール,2021/11/10,E5737290,2021/11/19,"PE-2369702,PE-2369802",YCF-168AA,17 ,1 ,1枚で17個取り
492,11/9,万代,PT-SK3-6.5X50X390,SK3-6.5X50X390,3,"3,680",2021/11/17,済,3045,大同DMソリューション株式会社,"11,040",11/9万代殿メール,2021/11/10,E5737291,2021/11/19,1月5次22ＤＫA022・023,ＹＣＦ-157AB,10 ,1 ,1枚で10個取り
493,12/1,阪本,PT-SKD11-30X20X20.5,SKD11-30X20X20.5 6F,6,"1,410",2021/12/6,済,3045,大同DMソリューション株式会社,"8,460",12/1阪本殿メール,2021/12/1,E5779266,2021/12/9,PM-49331,"K-11101B13,B14",,,
494,12/1,阪本,PT-SKD11-20X65X400,SKD11-20X65X400 6F,10,"8,110",2021/12/6,済,3045,大同DMソリューション株式会社,"81,100",12/1阪本殿メール,2021/12/1,E5779267,2021/12/9,22DKB013,1151-420AA48,,,
495,12/1,阪本,PT-SKD11-9X50X500,SKD11-9X50X500 4F2G,20,"6,620",2021/12/6,済,3315,京阪プレート,"132,400",12/1阪本殿メール,2021/12/1,E5779268,2021/12/17,CMR-21182,"5546-566AA19,BA19,CA19",,,
496,12/2,阪本,PT-SKD11-20X40X30,SKD11-20X40X30 6F,3,"1,700",2021/12/7,済,3045,大同DMソリューション株式会社,"5,100",12/2阪本殿メール,2021/12/3,E5788058,2021/12/14,22SKA126,"KS91-00302BA41,BB41,BC41",,,
497,12/3,万代,PT-SK3-17X50X390,SK3-17X50X390 4F,13,"2,760",2021/12/8,済,3999,双葉電子工業株式会社,"35,880",12/6万代殿メール,2021/12/7,E5793793,2021/12/17,PM-4934721,YCF-121AB,12 ,1 ,1枚で12個取り
498,12/3,万代,PT-SKD11-10X42X390,SKD11-10X42X390 4F2G,3,"4,700",2021/12/8,済,3999,双葉電子工業株式会社,"14,100",12/6万代殿メール,2021/12/7,E5793794,2021/12/17,CMR-21180,TS-5448LA30,38 ,1 ,1枚で38個取り
499,12/17,植木,PT-A2017-21X24.3X36,A2017-21X24.3X36 6F,130,470,2021/12/24,済,3315,京阪プレート,"61,100",12/17植木殿メール,2021/12/20,E5831705,2021/12/27,CMR-21185,TS-5314AF,1 ,1 ,
500,12/17,植木,PT-A2017-4X19.2X23.2,A2017-4X19.2X23.2 6F,130,563,2021/12/24,済,1136,白銅,"73,190",12/17植木殿メール,2021/12/20,E5831706,2022/1/5,CMR-21185,TS-5314BE,1 ,1 ,
501,12/17,新谷,PT-SKH51-2.5X130X140,SKH51-2.5X130X140,5,"3,000",2021/12/21,済,2829,寺内製作所,"15,000",12/17新谷殿メール,2021/12/20,E5831707,2022/1/5,CMR-21185,TS-5314DD,1 ,30 ,NO.454と同じ素材
502,1/7,万代,PT-SK3-17X50X390,SK3-17X50X390 4F,2,"3,000",2022/1/12,済,3999,双葉電子工業株式会社,"6,000",1/7万代殿メール,2022/1/7,E5874484,2022/1/19,PM-4934721,YCF-121AB,12 ,1 ,1枚で12個取り
503,1/13,阪本,PT-PXA30-20X62X290,PXA30-20X62X290 4F,1,"4,420",2022/1/18,済,3315,京阪プレート,"4,420",,2022/1/17,E5917255,2022/1/31,CMR-22004,TS-5385BA,,,
504,1/27,万代,PT-SK3-8X50X390,SK3-8X50X390 4F,8,"2,500",2022/2/2,済,3999,双葉電子工業株式会社,"20,000",1/27万代殿メール,2022/1/28,E5956368,2022/2/9,"PE-2382201,C03-02","YCM-135C,YCM-141C,YCM-142E,YCM-143C",5 ,1 ,1枚で5個取り
505,1/27,万代,PT-SK3-8X70X390,SK3-8X70X390 4F,13,"3,000",2022/2/2,済,3999,双葉電子工業株式会社,"39,000",1/27万代殿メール,2022/1/28,E5956369,2022/2/9,22C03-01,"YCM-141EB,YCM-142GA,YCM-143EA",5 ,1 ,1枚で5個取り
506,2/9,阪本,PT-C5191-14X33X35,C5191-14X33X35 6F,2,"1,939",2022/2/14,済,1136,白銅,"3,878",,2022/2/10,E6006817,2022/2/25,PF-9337502,E-10401L28N,,,
507,2/14,阪本,PT-S50C-20X130X200,S50C-20X130X200 6F,10,"2,780",2022/2/17,済,3045,大同DMソリューション株式会社,"27,800",2/14阪本殿メール,2022/2/14,E6012290,2022/2/25,"4月計画 22DKD009,010",E-26820EA38,,,
508,2/14,阪本,PT-SKD11-20X65X400,SKD11-20X65X400 6F,10,"8,620",2022/2/17,済,3045,大同DMソリューション株式会社,"86,200",2/14阪本殿メール,2022/2/14,E6012291,2022/2/25,"5月計画 22DKE004,005",1151-420AA48,,,
509,2/18,阪本,PT-S50C-22X247.5X25,S50C-22X247.5X25 6F,9,"3,420",2022/2/25,済,3045,大同DMソリューション株式会社,"30,780",2/18阪本殿メール,2022/2/18,E6032471,2022/2/28,3/7-8次計画 C118/119/140/141,SPL-2892AA,,,
510,2/28,新谷,PT-RW-0025B-C100,Q7（380×69×24.9）,1,"210,300",2022/3/15,済,3999,（株）シルバーロイ,"210,300",2/28新谷殿メール,2022/2/28,E6059403,2022/3/16,,TS-5314EG,1 ,864 ,稟議番号M66-065
511,2/28,森野,PT-SKD11-11X40X390,SKD11-11X40X390 2F2G,1,"5,240",2022/3/8,済,3315,京阪プレート,"5,240",2/28森野殿メール,2022/3/1,E6066946,2022/3/28,CMR-22018,TS-5441FB30,26 ,1 ,1枚で26個取り
512,3/4,竹村,PT-S50C-10X40X140,S50C-10X40X140 6F,1,830,2022/3/9,済,3315,京阪プレート,830,3/4竹村殿メール,2022/3/4,E6080758,2022/3/28,CMR-22033,TS-5468AA34,1 ,1 ,
513,3/10,森野,PT-SKD11-9X38X97,PT-SKD11-9X38X97 4F,1,"1,270",2022/3/15,済,3315,京阪プレート,"1,270",3/10森野殿メール,2022/3/10,E6099879,2022/3/28,CMR-22033,TS-5468CA34,1 ,1 ,
514,3/10,森野,PT-SKD11-12X16X38,PT-SKD11-12X16X38 4F2G,1,"1,840",2022/3/17,済,3315,京阪プレート,"1,840",3/10森野殿メール,2022/3/10,E6099880,2022/3/28,CMR-22033,TS-5468BA34,1 ,1 ,
515,3/14,森野,PT-SKD11-8X50X390,SKD11-8X50X390 4F,1,"4,410",2022/3/17,済,3315,京阪プレート,"4,410",3/14森野殿メール,2022/3/14,E6112136,2022/3/28,CMR-21196,"3101-515AA30,BA30",12 ,1 ,1枚で12個取り
516,3/17,植木,PT-S50C-15.5X100X150,S50C-15.5(0.1/0)X100X150 2F,1,"1,230",2022/3/22,済,3315,京阪プレート,"1,230",3/17植木殿メール,2022/3/18,E6133785,2022/3/31,CMR-22047,TS-5314RA,1 ,1 ,
517,3/17,森野,PT-SKD11-30X20X20.5,SKD11-30X20X20.5 6F,4,"1,180",2022/3/22,済,3315,京阪プレート,"4,720",3/17森野殿メール,2022/3/18,E6133807,2022/3/31,6月計画 22SKF152,"K-11101B7,8,24",1 ,1 ,予備1個
518,3/18,阪本,PT-S50C-32.8X100X150,S50C-32.8X100X150 6F,1,"2,580",2022/3/24,済,3045,大同DMソリューション株式会社,"2,580",3/18阪本殿メール,2022/3/18,E6133808,2022/3/31,CMR-22041,TS-3813RA,,,
519,3/24,万代,PT-SK3-7.5X55X390,SK3-7.5X55X390 2F2G,4,"4,210",2022/3/30,済,3999,双葉電子工業株式会社,"16,840",3/24万代殿メール,2022/3/28,E6148642,2022/3/31,PF-9341403,YCF-127NA,16 ,1 ,1枚で16個取り
520,3/24,万代,PT-SK3-5.8X60X390,SK3-5.8X60X390 2F2G,2,"4,270",2022/3/30,済,3999,双葉電子工業株式会社,"8,540",3/24万代殿メール,2022/3/28,E6148643,2022/3/31,PE-2389402,YCF-168A,17 ,1 ,1枚で17個取り
521,3/24,万代,PT-SK3-5.2X45X390,SK3-5.2X45X390 2F2G,5,"3,090",2022/3/30,済,3999,双葉電子工業株式会社,"15,450",3/24万代殿メール,2022/3/28,E6148644,2022/3/31,PJ-0447901,YCF-117C,17 ,1 ,1枚で17個取り
522,3/30,森野,PT-SKD11-12X16X38,SKD11-12X16X38 4F2G,1,"1,840",2022/4/4,済,3315,京阪プレート,"1,840",3/30森野殿メール,2022/3/30,E6157862,2022/4/15,CMR-22033,TS-5468BA34,1 ,1 ,
523,4/13,万代,PT-SK3-6.5X55X390,SK3-6.5X55X390 2F2G,4,"4,060",2022/4/18,済,3999,双葉電子工業株式会社,"16,240",4/13万代殿メール,2022/4/14,E6227058,2022/4/28,PM-4960801,YCF-136RA,14 ,1 ,1枚で14個取り
524,4/13,万代,PT-SK3-6.25X50X390,SK3-6.25X50X390 2F2G,10,"3,060",2022/4/18,済,3999,双葉電子工業株式会社,"30,600",4/13万代殿メール,2022/4/14,E6227059,2022/4/28,"7月計画22SKG128,129",YS16801AB,12 ,1 ,1枚で12個取り
525,4/20,森野,PT-S50C-6.5X40X390,S50C-6.5(+0.15～+0.25)X40X390 2F,200,990,2022/4/20,済,3315,京阪プレート,"198,000",4/20森野殿メール,2022/4/20,E6246066,2022/4/28,5月計画 カムセットピース,,,,
526,4/22,森野,PT-SKD11-10X40X390,SKD11-10(-0.02～-0.05)X40X390 2F2G,1,"5,520",2022/4/28,済,3315,京阪プレート,"5,520",4/22森野殿メール,2022/4/22,E6254448,2022/4/28,CMR-22053,3542-545AA30,40 ,1 ,1枚で40個取り
527,4/25,万代,PT-SK3-7.5X50X390,SK3-7.5X50X390 2F2G,5,"3,500",2022/5/10,済,3999,双葉電子工業株式会社,"17,500",4/25万代殿メール,2022/4/26,E6262674,2022/5/20,PJ-0454801,YCF-116HA,16 ,1 ,1枚で16個取り
528,4/28,森野,PT-S50C-6.35X40X390,S50C-6.35(0～-0.01)X40X390,600,"2,230",2022/5/11,済,3315,京阪プレート,"1,338,000",4/28森野殿メール,2022/4/29,E6274319,2022/5/25,5月計画 カムセットピース,,,,
529,5/9,森野,PT-SK85-0.29X102X130,SK85-0.29X102X130,1,"3,000",2022/5/11,済,2829,寺内製作所,"3,000",5/9森野殿メール,2022/5/9,E6299521,2022/5/20,CMR-22041,"TS-3813PA,QA",,,
530,5/13,万代,PT-SK3-5.8X50X390,SK3-5.8X50X390 2F2G,3,"4,400",2022/5/20,済,3999,双葉電子工業株式会社,"13,200",5/13万代殿メール,2022/5/13,E6319321,2022/5/27,22DKH009,YCF-168AA,17 ,1 ,1枚で17個取り
531,5/13,万代,PT-SK3-7.5X45X390,SK3-7.5X45X390 2F2G,3,"3,600",2022/5/20,済,3999,双葉電子工業株式会社,"10,800",5/13万代殿メール,2022/5/13,E6319322,2022/5/27,PJ-0457407,YCF-134WA,17 ,1 ,1枚で17個取り
532,5/13,万代,PT-SK3-9.5X45X390,SK3-9.5X45X390 2F2G,2,"3,900",2022/5/20,済,3999,双葉電子工業株式会社,"7,800",5/13万代殿メール,2022/5/13,E6319323,2022/5/27,22DKH009,YS65-18001BA,40 ,1 ,1枚で40個取り
533,5/13,新谷,PT-S50C-40X48X100,S50C-40X48X100 6F,4,"1,420",2022/5/17,済,3315,京阪プレート,"5,680",5/13新谷殿メール,2022/5/13,E6319324,2022/5/25,6月計画　インナーガードカム,,1 ,1 ,加工用治具
534,5/13,新谷,PT-NAK55-8X14X19,NAK55-8X14X19 6F,12,"1,320",2022/5/17,済,3315,京阪プレート,"15,840",5/13新谷殿メール,2022/5/13,E6319325,2022/5/25,6月計画　インナーガードカム,,1 ,1 ,加工用治具
535,5/21,森野,PT-S50C-6.35X40X390,S50C-6.35(0～-0.01)X40X390,600,"2,230",2022/5/31,済,3315,京阪プレート,"1,338,000",5/21森野殿メール,2022/5/23,E6352819,2022/5/27,カムセットピース,,,,
536,6/3,万代,PT-SK3-5.2X45X390,SK3-5.8X60X390 2F2G,4,"3,270",2022/6/13,済,3999,双葉電子工業株式会社,"13,080",6/3万代殿メール,2022/6/3,E6391056,2022/6/27,PJ-0462304,YCF-117C,17 ,1 ,1枚で17個取り
537,6/10,森野,PT-S50C-6.35X40X390,S50C-6.35(0～-0.01)X40X390,600,"2,270",2022/6/17,済,3076,藤巻鋼材大阪株式会社,"1,362,000",6/10森野殿メール,2022/6/10,E6423878,2022/6/29,カムセットピース,,,,
538,6/23,竹村,PT-S50C-9.7X30X220,S50C-9.7(0～-0.03)X30X220,1,"1,620",2022/6/30,済,3315,京阪プレート,"1,620",6/23竹村殿メール,2022/6/23,E6466687,2022/6/30,7月7次 22SKG133-137,,,,
539,6/23,万代,PT-SK3-9.5X45X390,SK3-9.5X45X390 2F2G,7,"3,770",2022/7/4,済,3999,双葉電子工業株式会社,"26,390",6/23万代殿メール,2022/6/27,E6471188,2022/7/13,9月6次 22SKJ106-110,YS65-18001BA,40 ,1 ,1枚で40個取り
540,6/23,万代,PT-SK3-6.5X40X390,SK3-6.5X40X390 2F2G,2,"3,480",2022/7/4,済,3999,双葉電子工業株式会社,"6,960",6/23万代殿メール,2022/6/27,E6471189,2022/7/13,22C10-01,YCF-154KC,14 ,1 ,1枚で14個取り
541,6/23,万代,PT-SK3-10X40X390,SK3-10X40X390 4F,3,"2,780",2022/7/4,済,3999,双葉電子工業株式会社,"8,340",6/23万代殿メール,2022/6/27,E6471191,2022/7/13,PE-2400808,YS65-06601BB,5 ,1 ,1枚で5個取り
542,6/23,万代,PT-SK3-8X50X390,SK3-8X50X390 4F,12,"2,460",2022/7/4,済,3999,双葉電子工業株式会社,"29,520",6/23万代殿メール,2022/6/27,E6471192,2022/7/13,PE-2403101,YS65-03501BA,5 ,1 ,1枚で5個取り
543,6/27,森野,PT-S50C-6.35X40X390,S50C-6.35(0～-0.01)X40X390,380,"2,230",2022/6/30,済,3315,京阪プレート,"847,400",6/27森野殿メール,2022/6/28,E6471513,2022/6/30,カムセットピース,,,,
544,6/27,森野,PT-S50C-6.35X40X390,S50C-6.35(0～-0.01)X40X390,360,"2,120",2022/6/30,済,3315,京阪プレート,"763,200",6/27森野殿メール,2022/6/28,E6475736,2022/6/30,カムセットピース,,,,
545,7/11,森野,PT-S50C-9.7X30X220,S50C-9.7(0～-0.03)X30X220,1,"1,620",2022/7/13,済,3315,京阪プレート,"1,620",7/11森野殿メール,2022/7/12,E6520747,2022/7/27,7月7次 22SKG133-137,560-675FB,5 ,1 ,1枚で5個取り
546,7/11,阪本,PT-SS400-18X65X65,SS400-18X65X65 6F 4-C4,4,"1,430",2022/7/14,済,3045,大同DMソリューション,"5,720",7/11阪本殿メール,2022/7/12,E6520749,2022/7/27,CMR-22097,TS-5472GA,,,
547,7/13,万代,PT-SK3-9.5X45X390,SK3-9.5X45X390 2F2G,1,"3,870",2022/7/20,済,3999,双葉電子工業株式会社,"3,870",7/13万代殿メール,2022/7/13,E6526043,2022/7/27,10月3次　22SKK108,YS65-18001BA,40 ,1 ,1枚で40個取り
548,7/13,万代,PT-SK3-5.2X45X390,SK3-5.2X45X390 2F2G,5,"3,150",2022/7/20,済,3999,双葉電子工業株式会社,"15,750",7/13万代殿メール,2022/7/13,E6526044,2022/7/27,10月3次　22DKK009-012,YCF-117C,17 ,1 ,1枚で17個取り
549,7/13,万代,PT-SKD11-10X13X390,SKD11-10X13X390,5,"2,460",2022/7/20,済,3999,双葉電子工業株式会社,"12,300",7/13万代殿メール,2022/7/13,E6526045,2022/7/27,CMR-22078,TS-5469DA38,19 ,1 ,1枚で19個取り
550,7/29,阪本,PT-A2017-4.3X18.9X23.2,A2017-4.3X18.9X23.2 6F,300,330,2022/8/16,済,3076,藤巻鋼材大阪株式会社,"99,000",7/29阪本殿メール,2022/8/1,E6589022,2022/8/24,9/4次 22DKJ036,ES61-00602AA,,,
551,8/1,阪本,PT-SS400-14X16X26,SS400-14X16X26 6F,2,710,2022/8/4,済,3076,藤巻鋼材大阪株式会社,"1,420",8/1阪本殿メール,2022/8/1,E6589025,2022/8/10,CMR-22103,TS-5485AA,,,
552,8/1,阪本,PT-SS400-8X35X40,SS400-8X35X40 6F,2,790,2022/8/4,済,3076,藤巻鋼材大阪株式会社,"1,580",8/1阪本殿メール,2022/8/1,E6589026,2022/8/10,CMR-22103,TS-5485BA,,,
553,8/1,阪本,PT-SS400-9X50X100,SS400-9X50X100 6F,2,840,2022/8/4,済,3076,藤巻鋼材大阪株式会社,"1,680",8/1阪本殿メール,2022/8/1,E6589023,2022/8/10,10/8次 22SKK146,DS61-03001RB,,,
554,8/1,阪本,PT-S50C-16X19.5X50,S50C-16X19.5X50(0～0.05) 6F,10,660,2022/8/4,済,3076,藤巻鋼材大阪株式会社,"6,600",8/1阪本殿メール,2022/8/1,E6589024,2022/8/10,"9月計画 22SKJ138, 10月計画 22SKK146, 11月計画 22SKL112",ES66-00208BA34,,,
555,8/1,阪本,PT-A2017-10.7X180X256,A2017-10.7X180X256 6F,14,"4,450",2022/8/8,済,3076,藤巻鋼材大阪株式会社,"62,300",8/1阪本殿メール,2022/8/2,E6595985,2022/8/23,9/4次 22DKJ036,ES61-00601AA,,,
556,8/1,阪本,PT-S50C-14X53X150,S50C-14X53X150 6F,4,"1,080",2022/8/3,済,3315,京阪プレート,"4,320",8/1阪本殿メール,2022/8/2,E6595986,2022/8/19,"10月計画 22SKK146, 11月計画 22SKL112",ES66-00209CA34,,,
557,8/1,阪本,PT-S50C-14X90X200,S50C-14X90X200 6F,2,"1,710",2022/8/3,済,3315,京阪プレート,"3,420",8/1阪本殿メール,2022/8/2,E6595987,2022/8/19,9月計画 22SKJ138,ES66-00209CA30,,,
558,8/4,新谷,PT-S45C-12X10X98,S45C-12p7X10h9X98 平行キー材,6,200,2022/8/10,済,3253,梶原工業株式会社,"1,200",8/4新谷殿メール,2022/8/4,E6609863,2022/8/26,CMR-22100,TS-5477BB,1 ,1 ,
559,8/4,新谷,PT-S45C-12X10X300,S45C-12p7X10h9X300 平行キー材,3,350,2022/8/10,済,3253,梶原工業株式会社,"1,050",8/4新谷殿メール,2022/8/4,E6609864,2022/8/26,CMR-22100,TS-5477BA,1 ,3 ,
560,8/4,吉井,PT-FC-65X80X110,FC-65X80X110 6F,1,"3,800",2022/8/10,済,3999,双葉電子工業株式会社,"3,800",8/4吉井殿メール,2022/8/4,E6609957,2022/8/26,CMR-22100,TS-5477AA,1 ,1 ,
561,8/10,万代,PT-SK3-9.5X45X390,SK3-9.5X45X390 2F2G,7,"3,930",2022/8/19,済,3999,双葉電子工業株式会社,"27,510",8/10万代殿メール,2022/8/12,E6634220,2022/8/26,"11月１次 22SKL105,106  11月3次 22SKL101-104",YS65-18001BA,40 ,1 ,1枚で40個取り
562,8/10,万代,PT-SK3-7.5X70X390,SK3-7.5X70X390 2F2G,4,"4,680",2022/8/19,済,3999,双葉電子工業株式会社,"18,720",8/10万代殿メール,2022/8/12,E6634221,2022/8/26,11月8次 22DKL047 ,YCF-149AD,15 ,1 ,1枚で15個取り
563,8/10,植木,PT-S50C-6.35X40X390,S50C-6.35(0～-0.01)X40X390,200,"2,320",2022/8/22,済,3076,藤巻鋼材大阪株式会社,"464,000",8/10植木殿メール,2022/8/12,E6634222,2022/8/31,９月４次　５次計画分　カムセットピース,,,,
564,8/19,植木,PT-S50C-6.35X40X390,S50C-6.35(0～-0.01)X40X390,30,"2,320",2022/8/26,済,3076,藤巻鋼材大阪株式会社,"69,600",8/19植木殿メール,2022/8/12,E6653051,2022/8/31,カムセットピース,,,,
565,8/30,阪本,PT-S45C-Φ25X300,S4C-Φ25X300,1,450,2022/9/5,済,3412,まや鋼業,450,8/30阪本殿メール,2022/8/30,E6681443,2022/9/9,CMR-22113,TS-5489CA,,,
566,8/30,阪本,PT-S50C-19X24X45,S50C-19X24X45,1,630,2022/9/5,済,3315,京阪プレート,630,8/30阪本殿メール,2022/8/30,E6681444,2022/9/9,CMR-22113,TS-5489AA,,,
567,8/30,阪本,PT-S50C-30X55X55,S50C-30X55X55,1,930,2022/9/5,済,3315,京阪プレート,930,8/30阪本殿メール,2022/8/30,E6681445,2022/9/9,CMR-22113,TS-5489BA,,,
568,9/15,森野,PT-S50C-6.35X41X290,S50C-6.35X41X290 歪取り両面研磨(6.74→6.35),30,"3,000",2022/9/30,済,3614,（株）ogaki works,"90,000",9/15森野殿メール,2022/9/15,E6740711,2022/9/30,9/7次 8次 カムセットピース,,,,
569,9/15,森野,PT-S50C-6.35X40X390,S50C-6.35(0～-0.01)X40X390,75,"2,640",2022/9/17,済,3315,京阪プレート,"198,000",9/15森野殿メール,2022/9/15,E6740712,2022/9/30,9月計画 カムセットピース,,,,
570,9/15,万代,PT-SK3-7.9X50X390,SK3-7.9X50X390 2F2G,1,"3,800",2022/9/26,済,3999,双葉電子工業株式会社,"3,800",9/15万代殿メール,2022/9/16,E6745088,2022/9/29,PE-2413101,YCF-146AC,11 ,1 ,1枚で11個取り
571,9/20,森野,PT-S50C-6.35X40X390,S50C-6.35(0～-0.01)X40X390,500,"2,320",2022/10/3,済,3076,藤巻鋼材大阪株式会社,"1,160,000",9/20森野殿メール,2022/9/21,E6753630,2022/10/14,9月計画 カムセットピース,,,,
572,9/26,阪本,PT-S50C-7X12X25.5,S50C-7X12X25.5 6F,6,700,2022/9/28,済,3315,京阪プレート,"4,200",9/26阪本殿メール,2022/9/26,E6761395,2022/9/30,12/5次 22SKM113,E-524EA,,,
573,9/26,阪本,PT-SS400-34X35X50,SS400-34X35X50 6F,24,710,2022/9/28,済,3315,京阪プレート,"17,040",9/26阪本殿メール,2022/9/26,E6761396,2022/9/30,"12/6次 22SKM150, 12/7次 22SKM146～148",1044-423BA,,,
574,9/26,阪本,PT-SS400-16X37X52,SS400-16X37X52 6F 8-C1,4,690,2022/9/28,済,3315,京阪プレート,"2,760",9/26阪本殿メール,2022/9/26,E6761397,2022/9/30,"12/6次 22SKM150, 12/7次 22SKM146～148",4408-441AA,,,
575,10/4,阪本,PT-SS400-34X35X50,SS400-34X35X50 6F,3,770,2022/10/7,済,3315,京阪プレート,"2,310",10/4阪本殿メール,2022/10/4,E6783921,2022/10/19,"12/6次 22SKM150, 12/7次 22SKM146～148",1044-423BA,,,
576,10/14,万代,PT-SK3-4X85X390,SK3-4X85X390 2G 4F,5,"4,800",2022/10/21,済,3999,双葉電子工業株式会社,"24,000",10/14万代殿メール,2022/10/14,E6813371,2022/10/26,PJ-0479301,YS65-00101EA30,5 ,1 ,1枚で5個取り
577,10/14,万代,PT-SK3-7.5X70X390,SK3-7.5X70X390 2G 4F,8,"4,600",2022/10/21,済,3999,双葉電子工業株式会社,"36,800",10/14万代殿メール,2022/10/14,E6813372,2022/10/26,"1/4次 23DKA004,005",YCF-149AD,15 ,1 ,1枚で15個取り
578,10/25,万代,PT-SK3-4.5X80X390,SK3-4.5X80X390 2G 4F,14,"4,200",2022/11/2,済,3083,双葉電子工業株式会社,"58,800",10/25万代殿メール,2022/10/26,E6844850,2022/11/17,"22C12-03,23C01-03",YS65-26401AA34,6 ,1 ,1枚で6個取り
579,10/31,阪本,PT-SS400-9X50X100,SS400-9X50X100 6F,2,990,2022/11/4,済,3045,大同DMソリューション,"1,980",10/31阪本殿メール,2022/11/1,E6861447,2022/11/17,"22C12-02, 22C12-03, 23C01-03",DS61-03001RB,,,
580,10/31,阪本,PT-SS400-16X37X52,SS400-16X37X52 6F 8-C1,6,710,2022/11/4,済,3045,大同DMソリューション,"4,260",10/31阪本殿メール,2022/11/1,E6861448,2022/11/17,"23SKA125～127, 23SKA115, 23SKA137",4408-441AA,,,
581,11/2,阪本,PT-SS400-16X32X210,SS400-16X32X210 6F,1,"1,110",2022/11/8,済,3076,藤巻鋼材大阪株式会社,"1,110",11/2阪本殿メール,2022/11/4,E6872897,2022/11/25,E000075153,KS91-04401AB,,,
582,11/2,阪本,PT-SS400-20X30X11,SS400-20X30X11 6F,1,730,2022/11/8,済,3076,藤巻鋼材大阪株式会社,730,11/2阪本殿メール,2022/11/4,E6872898,2022/11/25,E000075154,KS91-04402AC,,,
583,11/2,阪本,PT-SS400-48X32X50,SS400-48X32X50 6F,1,790,2022/11/8,済,3076,藤巻鋼材大阪株式会社,790,11/2阪本殿メール,2022/11/4,E6872899,2022/11/25,E000075155,KS91-04403AA,,,
584,11/2,阪本,PT-SS400-32X32X100,SS400-32X32X100 6F,2,810,2022/11/8,済,3076,藤巻鋼材大阪株式会社,"1,620",11/2阪本殿メール,2022/11/4,E6872900,2022/11/25,E000075156,KS91-04404AA,,,
585,11/2,万代,PT-SK3-9.5X45X390,SK3-9.5X45X390 2F2G,3,"4,000",2022/11/9,済,3083,双葉電子工業株式会社,"12,000",11/2万代殿メール,2022/11/4,E6872901,2022/11/17,"2/4次 23SKB101,B106",YS65-18001BA,40 ,1 ,1枚で40個取り
586,11/8,万代,PT-SK3-4.5X80X390,SK3-4.5X80X390 2G 4F,20,"4,150",2022/11/11,済,3083,双葉電子工業株式会社,"83,000",11/2万代殿メール,2022/11/8,E6883186,2022/11/25,"22C12-03,23C01-03",YS65-26401AA34,6 ,1 ,1枚で6個取り
587,11/10,阪本,PT-SKD11-23X200X200,SKD11-23X200X200 6F,2,"8,510",2022/11/15,済,3045,大同DMソリューション,"17,020",11/10阪本殿メール,2022/11/11,E6897656,2022/11/25,"22SKM146,147,148,150, 23SKA115,125,126,127,137","KS64-01919GA,CA",,,
588,11/11,阪本,PT-SS400-16X32X210,SS400-16X32X210 6F,1,"1,110",2022/11/16,済,3076,藤巻鋼材大阪株式会社,"1,110",11/10阪本殿メール,2022/11/11,E6902049,2022/11/28,E000075153,KS91-04401AB,,,加工失敗したため
589,11/15,阪本,PT-SKD11-13.9X200X200,SKD11-13.9X200X200 6F,8,"6,000",2022/11/18,済,3045,大同DMソリューション,"48,000",11/16阪本殿メール,2022/11/16,E6906574,2022/11/28,"23SKB119,120,121,122",KD64-01627AB,,,
590,11/15,阪本,PT-SKD11-19.9X200X200,SKD11-10.9X200X200 6F,6,"7,690",2022/11/18,済,3045,大同DMソリューション,"46,140",11/16阪本殿メール,2022/11/16,E6906575,2022/11/28,"23SKA115,127",KD64-01627BB,,,
591,11/15,阪本,PT-TS-4668TA-01AB,TS-4668TA-01AB,6,"1,700",2022/12/15,済,1978,山村工作所,"10,200",11/16阪本殿メール,2022/11/16,E6906576,2022/12/20,"23SKB119,120,121,122",KD64-01627AB,,,
592,11/15,阪本,PT-TS-4668TA-01BB,TS-4668TA-01BB,2,"2,600",2022/12/15,済,1978,山村工作所,"5,200",11/16阪本殿メール,2022/11/16,E6906577,2022/12/20,"23SKB119,120,121,122",KD64-01627AB,,,
593,11/15,阪本,PT-TS-4668VA-01AB,TS-4668VA-01AB,4,"2,100",2022/12/15,済,1978,山村工作所,"8,400",11/16阪本殿メール,2022/11/16,E6906578,2022/11/28,"23SKA115,127",KD64-01627BB,,,
594,11/15,阪本,PT-TS-4668VA-01BB,TS-4668VA-01BB,2,"3,200",2022/12/15,済,1978,山村工作所,"6,400",11/16阪本殿メール,2022/11/16,E6906579,2022/11/28,"23SKA115,127",KD64-01627BB,,,
595,11/16,阪本,PT-FC250-10X80X120,FC250-10X80X120 6F,1,"1,630",2022/11/22,済,3076,藤巻鋼材大阪株式会社,"1,630",11/16阪本殿メール,2022/11/16,E6906580,2022/11/28,CMR-22138,TS-5497AA,,,
596,11/17,阪本,PT-SS400-16X37X52,SS400-16X37X52 6F 8-C1,4,470,2022/11/21,済,3083,双葉電子工業株式会社,"1,880",11/16阪本殿メール,2022/11/18,E6915544,2022/11/28,"23SKB121, 122, 119, 120",4408-441AA,,,
597,11/17,阪本,PT-SS400-25X32X32,SS400-25X32X32 6F,4,510,2022/11/21,済,3083,双葉電子工業株式会社,"2,040",11/16阪本殿メール,2022/11/18,E6915545,2022/11/28,CMR-22162,TS-5498BA,,,
598,11/17,阪本,PT-SS400-9X125X125,SS400-9X125X125 6F 4-C2,4,970,2022/11/21,済,3083,双葉電子工業株式会社,"3,880",11/16阪本殿メール,2022/11/18,E6915546,2022/11/28,CMR-22162,TS-5498CA,,,
599,11/17,阪本,PT-SS400-14X68X200,SS400-14X68X200 6F,1,"1,070",2022/11/21,済,3083,双葉電子工業株式会社,"1,070",11/16阪本殿メール,2022/11/18,E6915547,2022/11/28,22SKA139,ES66-00209DA30,,,
600,11/21,森野,PT-S50C-6.35X40X390,S50C-6.35(0～-0.01)X40X390,35,"2,320",2022/11/18,済,3076,藤巻鋼材大阪株式会社,"81,200",11/21森野殿メール,2022/11/22,E6923622,2022/11/29,カムセットピース,479-604AA,,,
601,11/22,森野,PT-S50C-6.35X40X390,S50C-6.35(0～-0.01)X40X390,189,"2,320",2022/12/5,済,3076,藤巻鋼材大阪株式会社,"438,480",11/22森野殿メール,2022/11/22,E6923623,2022/12/13,カムセットピース,479-604AA,,,
602,11/22,万代,PT-YS65-26401AA34,PT-YS65-26401AA34,90,400,2022/11/28,済,3614,（株）ogaki works,"36,000",11/22万代殿メール,2022/11/24,E6927229,2022/11/29,"22C12-03,23C01-03",YS65-26401AA34,,,加工済ヤーンキャリアの仕上研磨加工代です。
603,11/22,万代,PT-YS65-00101NA30,PT-YS65-00101NA30,37,400,2022/11/28,済,3614,（株）ogaki works,"14,800",11/22万代殿メール,2022/11/24,E6927230,2022/11/29,23SKA139,YS65-00101NA30,,,加工済ヤーンキャリアの仕上研磨加工代です。
604,12/9,森野,PT-S50C-6.35X40X390,S50C-6.35(0～-0.01)X40X390,21,"2,320",2022/12/15,済,3076,藤巻鋼材大阪株式会社,"48,720",12/9森野殿メール,2022/12/9,E6962533,2022/12/26,カムセットピース,,,,
605,12/13,万代,PT-SK3-9.5X45X390,SK3-9.5X45X390 2F2G,5,"3,850",2022/12/19,済,3083,双葉電子工業株式会社,"19,250",12/13万代殿メール,2022/12/14,E6977183,2022/12/28,23SKC101-C104,YS65-18001BA,40 ,1 ,1枚で40個取り
606,12/16,阪本,PT-S50C-12X20X50,S50C-12X20X50 6F,6,670,2022/12/21,済,3076,藤巻鋼材大阪株式会社,"4,020",12/16阪本殿メール,2022/12/16,E6986783,2022/12/28,1/6次 23DKA016,1355-423AA,,,
607,12/16,阪本,PT-FC250-30X42.5X61,FC250-30X42.5X61 6F,1,"1,300",2022/12/21,済,3076,藤巻鋼材大阪株式会社,"1,300",12/16阪本殿メール,2022/12/16,E6986784,2022/12/28,CMR-22169,KD91-02102MA,,,
608,12/21,森野,PT-S50C-3.5X50X390,S50C-3.5X50X390 4F2G,3,"2,500",2022/12/23,済,3083,双葉電子工業株式会社,"7,500",12/21森野殿メール,2022/12/21,E7000257,2023/12/28,1/8次23SKA139,3504-604BA,15 ,1 ,1枚で15個取り
609,12/21,森野,PT-S50C-5X50X390,S50C-5X50X390 4F2G,4,"2,900",2022/12/23,済,3083,双葉電子工業株式会社,"11,600",12/21森野殿メール,2022/12/21,E7000258,2023/12/28,1/8次23SKA139,3504-604AA,12 ,1 ,1枚で12個取り
610,12/23,森野,PT-S50C-6.35X40X390,S50C-6.35(0～-0.01)X40X390,10,"2,320",2022/12/23,済,3076,藤巻鋼材大阪株式会社,"23,200",12/23森野殿メール,2022/12/23,E7007265,2023/1/18,1/8次23SKA139,"3504-503AA,504BB",6 ,1 ,1枚で6個取り(503AA)、1枚で54個取り(504BB)、
611,1/5,万代,PT-YS65-00101NA30,PT-YS65-00101NA30,15,650,2023/1/7,済,3614,（株）ogaki works,"9,750",1/5万代殿メール,2023/1/5,E7020459,2023/1/24,23SKA139,YS65-00101NA30,,,加工済ヤーンキャリアの仕上研磨加工代です。
612,1/27,森野,PT-S50C-6.35X40X390,S50C-6.35(0～-0.01)X40X390,21,"2,440",2023/2/2,済,3083,双葉電子工業株式会社,"51,240",1/27森野殿メール,2023/1/27,E7088974,2023/2/9,カムセットピース,,,,
613,2/2,万代,PT-SK3-6X60X390,SK3-6X60X390,6,"4,200",2023/2/9,済,3083,双葉電子工業株式会社,"25,200",2/2万代殿メール,2023/2/2,E7103318,2023/2/20,PE-2433501,YCF-137YB,14 ,1 ,1枚で14個取り
614,2/3,万代,PT-S50C-14X90X200,S50C-14X90X200 6F,1,"1,280",2023/2/8,済,3083,双葉電子工業株式会社,"1,280",2/3万代殿メール,2023/2/6,E7110017,2023/2/20,3/2次　23SKC113,ES66-00209CA30,1 ,1 ,
615,2/8,阪本,PT-FC250-32X25X65,FC250-32X25X65 6F,1,"1,060",2023/2/13,済,3076,藤巻鋼材大阪株式会社,"1,060",2/8阪本殿メール,2023/2/9,E7120815,2023/2/27,CMR-22181,TS-5505AA38,,,
616,2/15,阪本,PT-SKD11-30X20X20.5,SKD11-30X20X20.5 6F,2,890,2023/2/21,済,3083,双葉電子工業株式会社,"1,780",2/15阪本殿メール,2023/2/15,E7138180,2023/2/28,PJ-0501901,K-11101B7,,,予備1個追加
617,2/15,阪本,PT-SKD11-30X20X20.5,SKD11-30X20X20.5 6F,1,890,2023/2/21,済,3083,双葉電子工業株式会社,890,2/15阪本殿メール,2023/2/15,E7138181,2023/2/28,PJ-0501902,K-11101B24,,,
618,2/17,阪本,PT-S50C-16X19.5X50,S50C-16X19.5X50(0～0.05) 6F,2,670,2023/2/22,済,3076,藤巻鋼材大阪株式会社,"1,340",2/17阪本殿メール,2023/2/17,E7145788,2023/2/28,3月計画 23SKC113,ES66-00208BA34,,,予備1個追加
619,2/20,森野,PT-S50C-6.35X40X390,S50C-6.35(0～-0.01)X40X390,700,"2,320",2023/2/28,済,3076,藤巻鋼材大阪株式会社,"1,624,000",2/20森野殿メール,2023/2/20,E7149923,2023/2/28,カムセットピース,,,,
620,2/20,万代,PT-SK3-7.9X50X390,SK3-7.9X50X390 2F2G,1,"3,910",2023/2/27,済,3083,双葉電子工業株式会社,"3,910",2/20阪本殿メール,2023/2/21,E7153372,2023/2/28,PC-2301601,YCF-146AC,11 ,1 ,
621,2/28,植木,PT-SS400-38X42X200,SS400-38X42X200 6F,1,"1,400",2023/3/3,済,3083,双葉電子工業株式会社,"1,400",2/28植木殿メール,2023/3/1,E7173970,2023/3/14,CMR-23014,TS-5259DC12-01,1 ,1 ,
622,2/28,植木,PT-SS400-30X30X190,SS400-30X30X190 6F,1,"1,000",2023/3/3,済,3083,双葉電子工業株式会社,"1,000",2/28植木殿メール,2023/3/1,E7173971,2023/3/14,CMR-23014,TS-5259DC12-02,1 ,1 ,
623,3/6,阪本,PT-S50C-20X130X200,S50C-20X130X200 6F,10,"2,410",2023/3/9,済,3076,藤巻鋼材大阪株式会社,"24,100",3/6阪本殿メール,2023/3/7,E7180743,2023/3/20,"3月計画 23DKC015,016,017,018  5月計画 23DKE002,003",E-26820EA38,,,
624,3/24,万代,PT-SK3-17X50X390,SK3-17X50X390 4F2G,5,"4,050",2023/3/31,済,"3,083",双葉電子工業株式会社,"20,250",3/24万代殿メール,2023/3/24,E7204550,2023/3/31,PJ-0501003,YCF-121UA,11,1,1枚で11個取り
625,3/24,阪本,PT-SKD11-23X200X200,PT-SKD11-23X200X200 6F,1,"8,690",2023/3/31,済,3076,藤巻鋼材大阪株式会社,"8,690",3/24阪本殿メール,2023/3/27,E7208065,2023/3/31,"5月計画 23SKE102,103",KS64-01908EA,,,
626,4/5,阪本,PT-S50C-35.5X36.5X75,PT-S50C-35.5X36.5X75 6F,1,770,2023/4/10,済,3076,藤巻鋼材大阪株式会社,770,4/5阪本殿メール,2023/4/5,E7227104,2023/4/26,PF-9356804,KS91-03402AA,,,
627,4/10,阪本,PT-S50C-14X68X200,PT-S50C-14X68X200 6F,1,"1,170",2023/4/13,済,3076,藤巻鋼材大阪株式会社,"1,170",4/10阪本殿メール,2023/4/11,E7237291,2023/4/26,6月計画 23SKF113,ES66-00209DA30,,,
628,4/10,阪本,PT-SS400-12X24X27.4,PT-SS400-12X24X27.4 6F,2,730,2023/4/13,済,3076,藤巻鋼材大阪株式会社,"1,460",4/10阪本殿メール,2023/4/11,E7237292,2023/4/26,6/6次 F113,DS61-00201AA00,,,
629,4/10,阪本,PT-SS400-19X43X65,PT-SS400-19X43X65 6F,6,730,2023/4/13,済,3076,藤巻鋼材大阪株式会社,"4,380",4/10阪本殿メール,2023/4/11,E7237293,2023/4/26,6/6次 F113,827-643BA,,,
630,4/28,万代,PT-SK3-17X50X390,SK3-17X50X390 4F2G,5,"4,100",2023/5/2,済,"3,083",双葉電子工業株式会社,"20,500",4/28万代殿メール,2023/5/1,E7267565,2023/5/19,PJ-0501003,YCF-121UA,11,1,1枚で11個取り
631,5/19,万代,PT-SK3-6.5X50X390,SK3-6.5X50X390 4F2G,3,"3,500",2023/5/26,済,3045,大同DMソリューション,"10,500",5/19万代殿メール,2023/5/19,E7290931,2023/5/29,PJ-0514604,YCF-136PC,13 ,1 ,1枚で13個取り
632,5/23,阪本,PT-FC250-27X40X90,FC250-27X40X90 6F,1,"1,490",2023/6/1,済,3076,藤巻鋼材大阪株式会社,"1,490",5/23阪本殿メール,2023/5/23,E7296098,2023/6/14,7/5次 23DKG001,K-6509EA24,,,
633,5/23,阪本,PT-S50C-45X50.5X63,S50C-45X50.5X63 6F,1,870,2023/6/1,済,3076,藤巻鋼材大阪株式会社,870,5/23阪本殿メール,2023/5/23,E7296099,2023/6/14,CMR-23054,KD91-00302JA38,,,
634,6/2,阪本,PT-S50C-35X50X63,S50C-35X50X63 6F,1,790,2023/6/7,済,3076,藤巻鋼材大阪株式会社,790,6/2阪本殿メール,2023/6/2,E7312820,2023/6/22,CMR-23065,TS-5487UA16,,,
635,6/19,阪本,PT-S50C-14X37X150,S50C-14X37X150 6F,2,850,2023/6/22,済,3076,藤巻鋼材大阪株式会社,"1,700",6/19阪本殿メール,2023/6/19,E7337698,2023/6/30,"23SKJ101, 102",ES66-00209CA34,,,
636,6/19,阪本,PT-SKD11-20X20.5X30,SKD11-20X20.5X30 6F,2,"1,390",2023/6/22,済,3076,藤巻鋼材大阪株式会社,"2,780",6/19阪本殿メール,2023/6/19,E7337700,2023/6/30,PE-2451202,K-11101B6,,,
637,6/19,阪本,PT-S50C-16X19.5X50,S50C-16X19.5X50 6F,2,670,2023/6/22,済,3076,藤巻鋼材大阪株式会社,"1,340",6/19阪本殿メール,2023/6/19,E7337699,2023/6/30,"23SKJ101, 102",ES66-00208BA34,,,
638,7/7,阪本,PT-A2017-10.7X180X256,A2017-10.7X180X256 6F,12,"4,170",2023/7/12,済,3076,藤巻鋼材大阪株式会社,"50,040",7/7阪本殿メール,2023/7/7,E7373638,2023/7/31,CMR-23077,TS-5530AA,,,
639,7/25,阪本,PT-SKD11-16.5X23.5X45,SKD11-16.5X23.5X45 6F,1,817,2023/7/28,済,3083,双葉電子工業株式会社,817,7/25阪本殿メール,2023/7/25,E7409267,2023/7/31,CMR-23077,TS-5489DA,,,
640,7/25,阪本,PT-S50C-45X50.5X63,S50C-45X50.5X63 6F,1,948,2023/7/28,済,3083,双葉電子工業株式会社,948,7/25阪本殿メール,2023/7/25,E7409268,2023/7/31,CMR-23054,KD91-00302JA38,,,加工失敗したため
641,7/28,阪本,PT-A2017-4.5X180X256,A2017-4.5X180X256 6F,12,"4,200",2023/8/4,済,3083,双葉電子工業株式会社,"50,400",7/28阪本殿メール,2023/7/28,E7418359,2023/8/18,CMR-23077,TS-5530BA,,,
642,7/31,万代,PT-SK3-7X50X390,SK3-7X50X390 4F2G,11,"3,470",2023/8/7,済,3083,双葉電子工業株式会社,"38,170",8/1万代殿メール,2023/8/1,E7425170,2023/8/18,"PE-2454201,PE-2454009",SPL-2937AA,14 ,1 ,1枚で14個取り
643,8/10,植木,PT-A2017-10.7X180X256,A2017-10.7X180X256 6F,4,"4,690",2023/8/18,済,3076,藤巻鋼材大阪株式会社,"18,760",8/10殿植木殿メール,2023/8/10,E7445630,2023/8/31,CMR-23077,TS-5530AA,,,
644,8/21,森野,PT-SKD11-30X20X20.5,SKD11-30X20X20.5 6F,2,"1,250",2023/8/23,済,3315,京阪プレート,"2,500",8/21森野殿メール,2023/8/21,E7460157,2023/8/31,PE-2457606,K-11101B24,,,予備1個
645,9/7,阪本,PT-S50C-19X40X45,S50C-19X40X45 6F,1,550,2023/9/12,済,3083,双葉電子工業株式会社,550,9/7阪本殿メール,2023/9/8,E7510101,2023/9/26,CMR-23102,TS-5543-02AA,,,
646,9/7,阪本,PT-S50C-20X130X200,S50C-20X130X200 6F,10,"1,920",2023/9/12,済,3083,双葉電子工業株式会社,"19,200",9/7阪本殿メール,2023/9/8,E7510102,2023/9/26,"11/7次 23DKL002, 11/8次 23DKL051",E-26820EA38,,,
647,9/15,万代,PT-SK3-6.5X50X390,SK3-6.5X50X390 4F2G,2,"3,800",2023/9/21,済,3083,双葉電子工業株式会社,"7,600",9/15万代殿メール,2023/9/15,E7523883,2023/9/28,23C12-01 ,YCF-157AB,10 ,1 ,1枚で10個取り
648,9/22,万代,PT-SKD11-10X55X390,SKD11-10X55X390 4F2G,1,"6,300",2023/10/2,済,3083,双葉電子工業株式会社,"6,300",9/22万代殿メール,2023/9/25,E7541334,2023/10/12,CMR-23101,TS-5542DA,50 ,1 ,1枚で50個取り
649,9/26,万代,PT-SK3-5.8X55X390,SK3-5.8X55X390 4F2G,4,"4,600",2023/10/3,済,3083,双葉電子工業株式会社,"18,400",9/26万代殿メール,2023/9/27,E7547821,2023/10/12,"PE-2461806,2464406",YCF-172AA,15 ,1 ,1枚で15個取り
650,9/26,万代,PT-SK3-4.5X80X390,SK3-4.5X80X390 4F2G,8,"4,830",2023/10/3,済,3083,双葉電子工業株式会社,"38,640",9/26万代殿メール,2023/9/27,E7547822,2023/10/12,12/3次 23SKM105,YS65-26401AA34,6 ,1 ,1枚で6個取り
651,9/29,阪本,PT-S50C-14X37X150,S50C-14X37X150 6F,1,645,2023/10/4,済,3083,双葉電子工業株式会社,645,9/29阪本殿メール,2023/10/2,E7561552,2023/10/12,12/3次 23SKM105,ES66-00209CA34,,,
652,10/3,阪本,PT-SS400-9X50X100,SS400-9X50X100 6F,1,634,2023/10/6,済,3083,双葉電子工業株式会社,634,10/3阪本殿メール,2023/10/3,E7567326,2023/10/17,12/3次 23SKM105,DS61-03001RB,,,
653,10/3,阪本,PT-SS400-9X9X67,SS400-9X9X67 6F,2,850,2023/10/6,済,3083,双葉電子工業株式会社,"1,700",10/3阪本殿メール,2023/10/3,E7567327,2023/10/17,10月コンバーション,E-524HA,,,
654,10/3,万代,PT-SK3-6.5X40X390,SK3-6.5X40X390 4F2G,7,"3,750",2023/10/12,済,3083,双葉電子工業株式会社,"26,250",10/4万代殿メール,2023/10/4,E7572440,2023/10/17,12/2次 23DKM032,YCF-154KC,14 ,1 ,1枚で14個取り
655,10/3,万代,PT-SK3-8X45X390,SK3-8X45X390 4F2G,3,"3,880",2023/10/12,済,3083,双葉電子工業株式会社,"11,640",10/4万代殿メール,2023/10/4,E7572441,2023/10/17,CMR-23101,"TS-5527CA,DA",16 ,1 ,1枚で16個取り
656,10/10,阪本,PT-A2017-10.7X180X256,A2017-10.7X180X256 6F,10,"4,900",2023/10/16,済,3083,双葉電子工業株式会社,"49,000",,2023/10/10,E7586359,2023/10/31,CMR-23119,TS-5530FA,,,
657,10/10,阪本,PT-A2017-4.5X180X256,A2017-4.5X180X256 6F,6,"4,890",2023/10/16,済,3083,双葉電子工業株式会社,"29,340",,2023/10/10,E7586360,2023/10/31,CMR-23119,TS-5530BA,,,
658,10/10,万代,PT-SK3-8X50X390,SK3-8X50X390 6F,5,"2,780",2023/10/16,済,3083,双葉電子工業株式会社,"13,900",,2023/10/10,E7586361,2023/10/31,PE-2464602,YS65-04301AB,5 ,1 ,1枚で5個取り
659,10/16,阪本,PT-SKD11-20X65X400,SKD11-20X65X400 6F,4,"6,750",2023/10/19,済,3083,双葉電子工業株式会社,"27,000",,2023/10/17,E7607835,2023/10/31,"1月計画 23DKA035, 036",1151-420AA48,,,
660,10/25,万代,PT-YS65-26401AA34,PT-YS65-26401AA34,48,400,2023/11/2,済,3614,（株）ogaki works,"19,200",,2023/10/25,E7628974,2023/11/10,23SKM105,YS65-26401AA34,,,加工済ヤーンキャリアの仕上研磨加工代です。
661,10/26,万代,PT-SK3-6.5X50X390,SK3-6.5X50X390 4F2G,2,"3,825",2023/11/2,済,3083,双葉電子工業株式会社,"7,650",,2023/10/27,E7633134,2023/11/10,23C12-01 ,YCF-157AB,10 ,1 ,1枚で10個取り
662,10/26,万代,PT-SK3-5.7X43X390,SK3-5.7X43X390 4F2G,7,"3,630",2023/11/2,済,3083,双葉電子工業株式会社,"25,410",,2023/10/27,E7633135,2023/11/10,PJ-0539401,YCF-116ZA,17 ,1 ,1枚で17個取り
663,11/1,阪本,PT-S50C-32X150X300,S50C-32X150X300 6F,1,"4,900",2023/11/7,済,3083,双葉電子工業株式会社,"4,900",,2023/11/2,E7652852,2023/11/15,CMR-23111,KS91-00823EA,,,
664,11/2,阪本,PT-NAK55-9X40X103,NAK55-9X40X103 6F,1,"1,490",2023/11/9,済,3045,大同DMソリューション,"1,490",,2023/11/2,E7653000,2023/11/15,CMR-23131,SPL-2946-01BA,,,
665,11/2,阪本,PT-NAK55-9X40X82,NAK55-9X40X82 6F,1,"1,280",2023/11/9,済,3045,大同DMソリューション,"1,280",,2023/11/2,E7653001,2023/11/15,CMR-23131,SPL-2946-01CA,,,
666,11/2,阪本,PT-NAK55-16X30X35,NAK55-16X30X35 6F,2,"1,000",2023/11/9,済,3045,大同DMソリューション,"2,000",,2023/11/2,E7653002,2023/11/15,CMR-23131,SPL-2946-02BA,,,
667,11/2,阪本,PT-SS400-9X12X30,SS400-9X12X30 6F,4,840,2023/11/9,済,3045,大同DMソリューション,"3,360",,2023/11/2,E7653003,2023/11/15,CMR-23131,SPL-2946-03BA,,,
668,11/2,阪本,PT-SS400-4.5X30X30,SS400-4.5X30X30 6F,2,980,2023/11/9,済,3045,大同DMソリューション,"1,960",,2023/11/2,E7653004,2023/11/15,CMR-23131,SPL-2946-04AA,,,
669,11/2,阪本,PT-SS400-6X30X35,SS400-6X30X35 6F,2,790,2023/11/9,済,3045,大同DMソリューション,"1,580",,2023/11/2,E7653005,2023/11/15,CMR-23131,SPL-2946-05AA,,,
670,11/2,阪本,PT-NAK55-9X100X160,NAK55-9X100X160 6F,2,"4,200",2023/11/9,済,3045,大同DMソリューション,"8,400",,2023/11/2,E7653006,2023/11/15,CMR-23131,SPL-2946-06AA,,,
671,11/7,阪本,PT-SS400-28X28X75,SS400-28X28X75 6F,2,630,2023/11/10,済,3083,双葉電子工業株式会社,"1,260",,2023/11/8,E7668634,2023/11/21,CMR-23115,"SPL-2249CA, CB",,,
672,11/7,阪本,PT-SKD11-10.9X200X200,SKD11-10.9X200X200 6F,10,"5,624",2023/11/10,済,3083,双葉電子工業株式会社,"56,240",,2023/11/8,E7668636,2023/11/21,"23SKM109, 24DKB011,012,033,034","KD64-01627CB,HA",,,
673,11/7,阪本,PT-SKD11-13.9X200X200,SKD11-13.9X200X200 6F,8,"6,148",2023/11/10,済,3083,双葉電子工業株式会社,"49,184",,2023/11/8,E7668637,2023/11/21,"23SKM109, 24DKB011,012,033,034","KD64-01627CB,HA",,,
674,11/7,阪本,PT-SKD11-19.9X200X200,SKD11-19.9X200X200 6F,6,"7,717",2023/11/10,済,3083,双葉電子工業株式会社,"46,302",,2023/11/8,E7668638,2023/11/21,"23SKM109, 24DKB011,012,033,034","KD64-01627CB,HA",,,
675,11/7,阪本,PT-TS-4668TA-01AB,TS-4668TA-01AB,6,"1,870",2023/12/8,済,1978,山村工作所,"11,220",,2023/11/8,E7668639,2023/12/12,"23SKM109, 24DKB011,012,033,034","KD64-01627CB,HA",,,
676,11/7,阪本,PT-TS-4668TA-01BB,TS-4668TA-01BB,2,"2,860",2023/12/8,済,1978,山村工作所,"5,720",,2023/11/8,E7668640,2023/12/12,"23SKM109, 24DKB011,012,033,034","KD64-01627CB,HA",,,
677,11/7,阪本,PT-TS-4668VA-01AB,TS-4668VA-01AB,4,"2,310",2023/12/8,済,1978,山村工作所,"9,240",,2023/11/8,E7668641,2023/12/12,"23SKM109, 24DKB011,012,033,034","KD64-01627CB,HA",,,
678,11/7,阪本,PT-TS-4668VA-01BB,TS-4668VA-01BB,2,"3,520",2023/12/8,済,1978,山村工作所,"7,040",,2023/11/8,E7668642,2023/12/12,"23SKM109, 24DKB011,012,033,034","KD64-01627CB,HA",,,
679,11/7,阪本,PT-TS-4668ZA-01AB,TS-4668ZA-01AB,8,"1,870",2023/12/8,済,1978,山村工作所,"14,960",,2023/11/8,E7668643,2023/12/12,"23SKM109, 24DKB011,012,033,034","KD64-01627CB,HA",,,
680,11/7,阪本,PT-TS-4668ZA-01BB,TS-4668ZA-01BB,2,"2,860",2023/12/8,済,1978,山村工作所,"5,720",,2023/11/8,E7668644,2023/12/12,"23SKM109, 24DKB011,012,033,034","KD64-01627CB,HA",,,
681,11/7,阪本,PT-SKD11-23X200X200,SKD11-23X200X200 6F,3,"9,300",2023/11/10,済,3083,双葉電子工業株式会社,"27,900",,2023/11/8,E7668645,2023/11/21,"23SKM109, 24DKB011,012,033,034",KS64-01308EA,,,
682,11/8,阪本,PT-SKD11-20X20.5X30,SKD11-20X20.5X30 6F,10,812,2023/11/13,済,3083,双葉電子工業株式会社,"8,120",,2023/11/8,E7668635,2023/11/21,PJ-0544608,K-11101B39,,,
683,11/15,阪本,PT-SS400-30X30X108,SS400-30X30X108 6F,2,750,2023/11/20,済,3083,双葉電子工業株式会社,"1,500",,2023/11/15,E7686813,2023/11/28,PE-2470902,G-2936AA,,,
684,12/4,万代,PT-SK3-8.5X60X390,SK3-8.5X60X390 4F2G,2,"6,330",2023/12/6,済,3315,京阪プレート,"12,660",,2023/12/4,E7733335,2023/12/21,PJ-0543504,YCF-175BA,16 ,1 ,1枚で16個取り
685,12/11,阪本,PT-A2017-10.7X180X256,A2017-10.7X180X256 6F,8,"4,610",2023/12/18,済,3083,双葉電子工業株式会社,"36,880",,2023/12/11,E7750359,2023/12/25,CMR-23156,TS-5530FA,,,
686,12/11,阪本,PT-A2017-4.5X180X256,A2017-4.5X180X256 6F,6,"4,600",2023/12/18,済,3083,双葉電子工業株式会社,"27,600",,2023/12/11,E7750360,2023/12/25,CMR-23156,TS-5530BA,,,
687,12/18,植木,PT-SS400-16X16X75,SS400-16X16X75 6F 4-C3,2,515,2023/12/20,済,3083,双葉電子工業株式会社,"1,030",,2023/12/18,E7776952,2023/12/28,PF-9363605,SPL-2955AA,,,
688,1/15,阪本,PT-SS400-12X18X74,SS400-12X18X74 6F,1,521,2024/1/18,済,3083,双葉電子工業株式会社,521,,2024/1/15,E7856444,2024/1/29,CMR-24005,TS-5553CA,,,
689,1/15,阪本,PT-SS400-16X36X53,SS400-16X36X53 6F,1,501,2024/1/18,済,3083,双葉電子工業株式会社,501,,2024/1/15,E7856445,2024/1/29,CMR-24005,TS-5553DA,,,
690,1/15,阪本,PT-SS400-6X6X9,SS400-6X6X9 6F,1,900,2024/1/18,済,3083,双葉電子工業株式会社,900,,2024/1/15,E7856446,2024/1/29,CMR-24005,TS-5553EA,,,
691,1/15,阪本,PT-SS400-3.2X18X42,SS400-3.2X18X42 6F,1,690,2024/1/18,済,3083,双葉電子工業株式会社,690,,2024/1/15,E7856447,2024/1/29,CMR-24005,TS-5553FA,,,
692,1/16,万代,PT-SK3-4X85X390,SK3-4X85X390 2G 4F,6,"5,080",2024/1/23,済,3083,双葉電子工業株式会社,"30,480",,2024/1/16,E7861597,2024/1/29,PJ-0551801,YS65-00101CC30,9 ,1 ,1枚で9個取り
693,1/23,万代,PT-SK3-8X50X390,SK3-8X50X390 6F,2,"2,900",2024/1/26,済,3083,双葉電子工業株式会社,"5,800",,2024/1/24,E7890849,2024/1/31,PE-2478203,YS65-04301AB,5 ,1 ,1枚で5個取り
694,2/19,阪本,PT-SS400-16X33X70,SS400-16X33X70 6F,1,680,2024/2/21,済,3315,京阪プレート,680,,2024/2/20,E7966440,2024/2/29,CMR-24027,TS-5553CB,,,
695,2/26,万代,PT-SK3-9X50X390,SK3-9X50X390 2G 4F,2,"4,520",2024/3/4,済,3083,双葉電子工業株式会社,"9,040",,2024/2/26,E7980711,2024/3/21,PF-9366636,YCF-175AA,11 ,1 ,1枚で11個取り
696,3/8,万代,PT-SK3-7X50X390,SK3-7X50X390 4F2G,5,"3,900",2024/3/14,済,3083,双葉電子工業株式会社,"19,500",,2024/3/8,E8011975,2024/3/27,PE-2482101,SPL-2937AA,14 ,1 ,1枚で14個取り
697,3/12,阪本,PT-SKD11-30X20X20.5,SKD11-30X20X20.5 6F,20,"1,130",2024/3/15,済,3315,京阪プレート,"22,600",,2024/3/12,E8021354,2024/3/27,"PE-2482705,-2482702,-2482704,-2482708","K-11101B9,B21,B22,B24",,,
698,3/12,万代,PT-SK3-4.5X80X390,SK3-4.5X80X390 2G 4F,14,"4,650",2024/3/14,済,3083,双葉電子工業株式会社,"65,100",,2024/3/13,E8021390,2024/3/27,CMR-24046,TS-5560AA34,6 ,1 ,1枚で6個取り
699,3/19,阪本,PT-FC200-20X40X165,FC200-20X40X165 6F,1,"1,910",2024/3/26,済,1130,（株）阪神メタリックス,"1,910",,2024/3/19,E8039986,2024/4/2,PE-2484504,00-1107EA,,,
700,3/28,万代,PT-SK3-5.7X43X390,SK3-5.7X43X390 4F2G,5,"3,700",2024/4/2,済,3083,双葉電子工業株式会社,"18,500",,2024/3/28,E8053482,2024/4/15,6/4次 24DKF034,YCF-116ZA,17 ,1 ,1枚で17個取り
701,3/28,阪本,PT-SKD11-19.9X200X200,SKD11-19.9X200X200 6F,6,"7,500",2024/4/2,済,3083,双葉電子工業株式会社,"45,000",,2024/3/28,E8053490,2024/4/15,"6月生産機 24SKF101,102,103,104","KD64-01627BB, GA",,,
702,3/28,阪本,PT-TS-4668VA-01AB,TS-4668VA-01AB,4,"2,310",2024/4/30,済,1978,山村工作所,"9,240",,2024/3/28,E8053494,2024/5/1,"6月生産機 24SKF101,102,103,104","KD64-01627BB, GA",,,
703,3/28,阪本,PT-TS-4668VA-01BB,TS-4668VA-01BB,2,"3,520",2024/4/30,済,1978,山村工作所,"7,040",,2024/3/28,E8053495,2024/5/1,"6月生産機 24SKF101,102,103,104","KD64-01627BB, GA",,,
704,4/2,万代,PT-TS-5560AA34,PT-TS-5560AA34,80,400,2024/4/17,済,3614,（株）ogaki works,"32,000",,2024/4/4,E8069681,2024/4/18,CMR-24046,TS-5560AA34,,,加工済ヤーンキャリアの仕上研磨加工代です。
705,4/4,阪本,PT-SS400-19X105X230,SS400-19X105X230 6F,4,"1,861",2024/4/9,済,3083,双葉電子工業株式会社,"7,444",,2024/4/4,E8069761,2024/4/18,5/5次 OD6C出荷用ブロック,1931-111FA,,,
706,4/9,万代,PT-SK3-6.5X50X390,SK3-6.5X50X390 4F2G,3,"4,000",2024/4/15,済,3083,双葉電子工業株式会社,"12,000",,2024/4/9,E8081242,2024/4/26,"7/7次 24DKG001,002",YCF-157AB,10 ,1 ,1枚で10個取り
707,4/10,万代,PT-SKD11-8.5X17X390,SKD11-8.5X17X390 両面研磨,3,"4,540",2024/4/15,済,3076,藤巻鋼材大阪株式会社,"13,620",,2024/4/10,E8081426,2024/4/22,CMR-24057,3562-516AB34,14 ,1 ,1枚で14個取り
708,4/10,阪本,PT-SS400-Φ30X1000,SS400-Φ30X1000,1,"3,180",2024/4/17,済,3412,まや鋼業,"3,180",,2024/4/11,E8085794,2024/4/26,CMR-24058,TS-5544-01AB,,,
709,4/10,阪本,PT-SS400-Φ20X1000,SS400-Φ20X1000,1,"1,490",2024/4/17,済,3412,まや鋼業,"1,490",,2024/4/11,E8085795,2024/4/26,CMR-24058,TS-5494RA,,,
710,4/10,阪本,PT-SUS303-Φ15X1000,SUS303-Φ15X1000,1,"3,010",2024/4/17,済,3412,まや鋼業,"3,010",,2024/4/11,E8085796,2024/4/26,CMR-24058,TS-5494LB,,,
711,4/15,万代,PT-SK3-5.2X45X390,SK3-5.2X45X390 4F2G,5,"3,600",2024/4/19,済,3083,双葉電子工業株式会社,"18,000",,2024/4/16,E8090147,2024/4/30,"6/8次 24DKF048,F049,F050,F051",YCF-117C,17 ,1 ,1枚で17個取り
712,4/17,万代,PT-SK3-6.5X50X390,SK3-6.5X50X390 4F2G,12,"3,700",2024/4/23,済,3083,双葉電子工業株式会社,"44,400",,2024/4/17,E8095072,2024/5/2,"24C06-06,07,08 24C07-04～10",YCF-137NA,12 ,1 ,1枚で12個取り
713,4/26,阪本,PT-SS400-16X284X945,SS400-16X284X945 6F,4,"16,100",2024/5/7,済,3083,双葉電子工業株式会社,"64,400",,2024/4/26,E8112964,2024/5/27,購買課寺山さん依頼,"1151-204BA,-205BA",,,
714,4/26,阪本,PT-SS400-19X284X334,SS400-19X284X334 6F,2,"5,800",2024/5/7,済,3083,双葉電子工業株式会社,"11,600",,2024/4/26,E8112965,2024/5/27,購買課寺山さん依頼,1151-208AA0280,,,
715,4/30,阪本,PT-S45C-Φ12X1000,S45C-Φ12X1000,1,610,2024/5/7,済,3412,まや鋼業,610,,2024/4/30,E8116670,2024/5/14,部品注文PE-2490119,"KD91-00105AA,BA",,,
716,5/1,阪本,PT-FC250-Φ80X150,FC250-Φ80X150,1,"3,230",2024/5/7,済,3076,藤巻鋼材大阪株式会社,"3,230",,2024/5/1,E8120128,2024/5/27,"7/7次 24DKG001,002",13-442AA12,,,
717,5/14,阪本,PT-SS400-12X71X76.5,SS400-12X71X76.5 6F 4-C1,1,830,2024/5/17,済,3315,京阪プレート,830,,2024/5/14,E8137309,2024/5/27,CMR-24079,KF20-10801AA,,,
718,5/14,阪本,PT-SS400-7.4X16X110,SS400-7.4X16X110 6F 4-C1,1,780,2024/5/17,済,3315,京阪プレート,780,,2024/5/14,E8137310,2024/5/27,CMR-24079,KF20-10804AA,,,
719,5/20,万代,PT-SK3-5.8X55X390,SK3-5.8X55X390 4F2G,4,"4,600",2024/5/23,済,3083,双葉電子工業株式会社,"18,400",,2024/5/22,E8141830,2024/5/29,PE-2492002,YCF-172AA,15 ,1 ,1枚で15個取り
720,5/30,万代,PT-SK3-8X50X390,SK3-8X50X390 6F,9,"2,900",2024/6/4,済,3083,双葉電子工業株式会社,"26,100",,2024/6/3,E8156714,2024/6/13,PE-2490601,YCM-258B,5 ,1 ,1枚で5個取り
721,5/30,万代,PT-SK3-9X50X390,SK3-9X50X390 2G 4F,3,"4,600",2024/6/4,済,3083,双葉電子工業株式会社,"13,800",,2024/6/3,E8156715,2024/6/13,PE-2492102,YCF-175AA,11 ,1 ,1枚で11個取り
722,6/3,阪本,PT-S50C-38X150X300,S50C-38X150X300 6F,1,"5,531",2024/6/5,済,3083,双葉電子工業株式会社,"5,531",,2024/6/3,E8156786,2024/6/13,7/8次 24SKG103,KS91-00823CB,,,
723,6/4,阪本,PT-FC250-90X56X51,FC250-90X56X51 6F,2,"2,390",2024/6/5,済,3076,藤巻鋼材大阪株式会社,"4,780",,2024/6/4,E8156872,2024/6/19,"8/6次 M-LEC6F 24""",1355-420AA,,,
724,6/5,吉井,PT-SK3-7X50X390,SK3-7X50X390 4F2G,6,"3,940",2024/6/7,済,3083,双葉電子工業株式会社,"23,640",,2024/6/6,E8163718,2024/6/19,PE-2493717-19,SPL-2937AA,14 ,1 ,1枚で14個取り
725,6/5,吉井,PT-SK3-8.5X60X390,SK3-8.5X60X390 4F2G,2,"5,590",2024/6/10,済,3076,藤巻鋼材大阪株式会社,"11,180",,2024/6/6,E8163717,2024/6/19,PJ-0570617,YCF-175BA,16 ,1 ,1枚で16個取り
726,6/6,森野,PT-SK3-5.8X55X390,SK3-5.8X55X390 4F2G,2,"4,600",2024/6/10,済,3083,双葉電子工業株式会社,"9,200",,2024/6/6,E8163716,2024/6/19,PE-2492209,YCF-172AA,15 ,1 ,1枚で15個取り
727,6/17,阪本,PT-S50C-32X150X300,S50C-32X150X300 6F,1,"6,570",2024/6/19,済,3315,京阪プレート,"6,570",,2024/6/17,E8184236,2024/6/28,PE-2495423,KS91-00823EA,,,
728,6/17,阪本,PT-SS400-8X36X53,SS400-8X36X53 6F,2,660,2024/6/19,済,3315,京阪プレート,"1,320",,2024/6/17,E8184237,2024/6/28,PE-2495422,KS91-03101DA,,,
729,6/17,阪本,PT-S50C-22X120X230,S50C-22X120X200 6F 4-C1,1,"3,270",2024/6/19,済,3315,京阪プレート,"3,270",,2024/6/17,E8184238,2024/6/28,9/3次　24SKJ108,KS91-00301EA30,,,
730,7/5,阪本,PT-S50C-35X50.5X63,S50C-35X50.5X63 6F,1,854,2024/7/10,済,3083,双葉電子工業株式会社,854,,2024/7/8,E8216724,2024/7/22,CMR-24105,KD91-00302KA30,,,
731,7/10,植木,PT-SKD11-20X20.5X30,SKD11-20X20.5X30 6F,10,901,2024/7/11,済,3083,双葉電子工業株式会社,"9,010",,2024/7/10,E8220615,2024/7/31,"PM-5085202,PM-5085203","K-11101B22,K-11101B23",,,
732,7/17,吉井,PT-SK3-8X50X390,SK3-8X50X390 6F,8,"3,050",2024/7/18,済,3083,双葉電子工業株式会社,"24,400",,2024/7/18,E8224414,2024/7/31,PE-2490601,YCM-258B,5 ,1 ,1枚で5個取り　加工失敗したため
733,8/2,阪本,PT-SS400-16X75X125,SS400-16X75X125 6F 4-C5,1,900,2024/8/5,済,3083,双葉電子工業株式会社,900,,2024/8/5,E8248425,2024/8/21,CMR-24122,KF44-00801AA,,,
734,8/6,吉井,PT-SK3-7.5X45X390,SK3-7.5X45X390 4F2G,3,"4,230",2024/8/7,済,3083,双葉電子工業株式会社,"12,690",,2024/8/6,E8248815,2024/8/21,10/7次 24DKK037,YCF-134WA,17 ,1 ,1枚で17個取り
735,8/20,阪本,PT-NAK55-9X40X103,NAK55-9X40X103 6F,1,"2,000",2024/8/23,済,3315,京阪プレート,"2,000",,2024/8/20,E8269385,2024/8/29,CMR-24125,SPL-2946-01BA,,,
736,8/20,阪本,PT-NAK55-9X40X82,NAK55-9X40X82 6F,2,"1,780",2024/8/23,済,3315,京阪プレート,"3,560",,2024/8/20,E8269386,2024/8/29,CMR-24125,SPL-2946-01CA,,,
737,8/28,吉井,PT-SKD11-14X38X97,SKD11-14X38X97 6F,2,"1,530",2024/8/28,済,3083,双葉電子工業株式会社,"3,060",,2024/8/28,E8284850,2024/8/30,CMR-24118,"KS91-05401AA26,KS91-05401AA30",2 ,1 ,1枚で2個取り
738,9/4,阪本,PT-SKD11-9.6X18.5X50,SKD11-9.6X18.5X50 6F,1,"1,070",2024/9/10,済,3083,双葉電子工業株式会社,"1,070",,2024/9/5,E8299231,2024/9/24,PF-9375308,00-1090EB34,,,
739,9/4,阪本,PT-SS400-16X26X74,SS400-16X26X74 6F,1,550,2024/9/10,済,3083,双葉電子工業株式会社,550,,2024/9/5,E8299232,2024/9/24,PJ-0581609,KD91-01103BA,,,
740,9/4,阪本,PT-S50C-12X20X26.5,S50C-12X20X26.5 6F,1,658,2024/9/10,済,3083,双葉電子工業株式会社,658,,2024/9/5,E8299233,2024/9/24,PJ-0581609,KS91-00703CA,,,
741,9/4,阪本,PT-SS400-6X25X34,SS400-6X25X34 6F,4,705,2024/9/10,済,3083,双葉電子工業株式会社,"2,820",,2024/9/5,E8299234,2024/9/24,CMR-24135,2172-276CA,,,
742,9/4,阪本,PT-SKD11-20X65X400,SKD11-20X65X400 6F,6,"7,121",2024/9/10,済,3083,双葉電子工業株式会社,"42,726",,2024/9/5,E8299235,2024/9/24,"24DKM024,025,026,027",1151-420AA48,,,
743,9/6,阪本,PT-S50C-12X158X310,S50C-12X158X310 6F 4-C2 4-C1,2,"2,771",2024/9/11,済,3083,双葉電子工業株式会社,"5,542",,2024/9/6,E8303680,2024/9/24,10/8次 24DKK038 MAD-6ER11,KF20-08501CA,,,
744,9/6,阪本,PT-S50C-12X115X158,S50C-12X115X158 6F 8-C1,4,"1,277",2024/9/11,済,3083,双葉電子工業株式会社,"5,108",,2024/9/6,E8303681,2024/9/24,10/8次 24DKK038 MAD-6ER11,KF20-08501DA,,,
745,9/6,阪本,PT-S50C-16X22X145,S50C-16X22X145 6F 4-C2 4-C1,8,658,2024/9/11,済,3083,双葉電子工業株式会社,"5,264",,2024/9/6,E8303682,2024/9/24,10/8次 24DKK038 MAD-6ER11,KF20-08514BA,,,
746,9/17,吉井,PT-SK3-8X45X390,SK3-8X45X390 4F2G,4,"4,120",2024/9/19,済,3083,双葉電子工業株式会社,"16,480",,2024/9/17,E8319651,2024/9/30,24C11-01,"YCF-135VA,YCF-135WA",16 ,1 ,1枚で16個取り
747,9/19,植木,PT-SLD-19X65X34,SLD-19X65X34,40,420,2024/9/24,済,3641,株式会社プロテリアル特殊鋼,"16,800",,2024/9/20,E8328544,2024/9/30,11/2 DKM007,6210-507AB34,,,
748,10/1,阪本,PT-FC250-19.5X62.6X121,FC250-19.5X62.6X121 6F,2,"2,180",2024/10/7,済,3076,藤巻鋼材大阪株式会社,"4,360",,2024/10/1,E8340979,2024/10/16,CMR-24114,TS-5477GCD,,,
749,10/1,阪本,PT-FC250-51X71X127,FC250-51X71X127 6F,2,"4,050",2024/10/7,済,3076,藤巻鋼材大阪株式会社,"8,100",,2024/10/1,E8340980,2024/10/16,CMR-24141,TS-5574BA30,,,
750,10/2,阪本,PT-SS400-12X78X87,SS400-12X78X87 6F 2-C5,1,684,2024/10/7,済,3083,双葉電子工業株式会社,684,,2024/10/3,E8345903,2024/10/24,10/7次　24DKK036,KF20-01305CB,,,
751,10/7,阪本,PT-S50C-22X44X400,S50C-22X44X400 6F,3,"2,351",2024/10/10,済,3083,双葉電子工業株式会社,"7,053",,2024/10/9,E8349593,2024/10/24,12/6次～4月計画 E2.4R,1355-417AA,,,
752,10/7,阪本,PT-S50C-13X30X400,S50C-13X30X400 6F,4,"1,597",2024/10/10,済,3083,双葉電子工業株式会社,"6,388",,2024/10/9,E8349594,2024/10/24,12/2次 24DKM007,ED51-00302AC,,,
753,10/7,阪本,PT-SS400-8X30X70,SS400-8X30X70 6F,22,590,2024/10/8,済,3083,双葉電子工業株式会社,"12,980",,2024/10/9,E8349595,2024/10/24,12/6次～4月計画 E2.4R,DC-1117PA,,,
754,10/18,阪本,PT-POM-4X40X100,POM-4X40X100 6F,1,"3,050",2024/10/28,済,3315,京阪プレート,"3,050",,2024/10/18,E8362968,2024/10/31,CMR-24150,KF12-02405AA,,,
755,10/28,阪本,PT-SS400-Φ12X1000,SS400-Φ12X1000,1,680,2024/11/5,済,3412,まや鋼業,680,,2024/10/28,E8374974,2024/11/11,"PM-5100603, 5100605","KD91-00105AA, BA",,,
756,10/28,阪本,PT-FC250-17X76X390,FC250-17X76X390 6F,11,"7,110",2024/11/5,済,3076,藤巻鋼材大阪株式会社,"78,210",,2024/10/28,E8374975,2024/11/13,12/6次～4月計画 E2.4R,5181-642AA,,,
757,10/31,阪本,PT-SS400-10X60X60,SS400-10X60X60 6F,1,668,2024/11/6,済,3083,双葉電子工業株式会社,668,,2024/11/5,E8389077,2024/11/15,(株)ハマダ支給分,KS91-05901AA,,,
758,10/31,阪本,PT-SS400-10X12X22.5,SS400-10X12X22.5 6F,1,659,2024/11/6,済,3083,双葉電子工業株式会社,659,,2024/11/5,E8389078,2024/11/15,(株)ハマダ支給分,KS91-05902AA,,,
759,10/31,阪本,PT-SS400-10X20X22.5,SS400-10X20X22.5 6F,1,673,2024/11/6,済,3083,双葉電子工業株式会社,673,,2024/11/5,E8389079,2024/11/15,(株)ハマダ支給分,KS91-05903AA,,,
760,11/11,阪本,PT-FC250-17X76X390,FC250-17X76X390 6F,2,"7,110",2024/11/15,済,3076,藤巻鋼材大阪株式会社,"14,220",,2024/11/11,E8401284,2024/11/25,12/6次～4月計画 E2.4R,5181-642AA,,,加工失敗したため
761,11/11,吉井,PT-SK3-5.8X55X390,SK3-5.8X55X390 4F2G,9,"4,710",2024/11/12,済,3083,双葉電子工業株式会社,"42,390",,2024/11/11,E8401353,2024/11/25,"25DKA010,PE-2515506,PE-2516701",YCF-172AA,15 ,1 ,1枚で15個取り
762,11/12,阪本,PT-FC250-22X81.2X162.5,FC250-22X81.2X162.5 6F,1,"3,760",2024/11/19,済,3076,藤巻鋼材大阪株式会社,"3,760",,2024/11/13,E8405760,2024/11/25,CMR-24163,KD91-00302LA,,,
763,12/2,阪本,PT-SS400-13X13X40,SS400-13X13X40 6F,6,531,2024/12/4,済,3083,双葉電子工業株式会社,"3,186",,2024/12/2,E8433555,2024/12/18,CMR-24166,K-30404XA34,,,
764,12/2,植木,PT-S50C-15X115X190,S50C-15X115X190,1,"1,588",2024/12/4,済,3083,双葉電子工業株式会社,"1,588",,2024/12/3,E8433639,2024/12/18,,PE-2522703,,,
765,12/10,阪本,PT-SS400-16X60.5X200,SS400-16X60.5X200 6F,1,"1,063",2024/12/12,済,3083,双葉電子工業株式会社,"1,063",,2024/12/10,E8447770,2024/12/19,CMR-24186,K-6503NA35,,,
766,12/10,阪本,PT-SS400-30X50X120,SS400-30X50X120 6F,1,985,2024/12/12,済,3083,双葉電子工業株式会社,985,,2024/12/10,E8447771,2024/12/19,CMR-24186,K-6504GA33,,,
767,12/11,阪本,PT-SKD11-20X65X400,SKD11-20X65X400 6F,3,"6,950",2024/12/16,済,3083,双葉電子工業株式会社,"20,850",,2024/12/11,E8453552,2024/12/26,"3/8次 25DKC009,010",1151-420AA48,,,
768,12/16,阪本,PT-SS400-9X50X100,SS400-9X50X100 6F,1,684,2024/12/19,済,3083,双葉電子工業株式会社,684,,2024/12/18,E8463312,2024/12/27,"25C02-03,04",DS61-03001RB,,,
769,12/16,阪本,PT-S50C-6.5X13X33.5,S50C-6.5X13X33.5 6F,25,674,2024/12/19,済,3083,双葉電子工業株式会社,"16,850",,2024/12/18,E8463313,2024/12/27,7SAテスト用設計課依頼,TS-5586EA,,,
770,1/7,阪本,PT-S50C-HRC30-16X24X237,S50C-HRC30-16X24X237 2F4G,6,"2,840",2025/1/17,済,3083,双葉電子工業株式会社,"17,040",,2025/1/7,E8486170,2025/1/30,2/6次25DKB003～ E-2.4R,KYJ-8B,,,
771,1/10,阪本,PT-SKD11-20X65X400,SKD11-20X65X400 6F,6,"7,302",2025/1/15,済,3083,双葉電子工業株式会社,"43,812",,2025/1/10,E8496971,2025/1/29,"4/7次　25DKD007,008、4/8次　25DKD005,006",1151-420AA48,,,
772,1/10,阪本,PT-SKD11-25X50.5X62,S50C-25X50.5X62 6F,1,691,2025/1/15,済,3083,双葉電子工業株式会社,691,,2025/1/10,E8496972,2025/1/29,CMR-24195,KD91-00302MA30,,,
773,1/22,阪本,PT-S50C-65X100X340,S50C-65X100X340 6F,1,"7,720",2025/1/27,済,3083,双葉電子工業株式会社,"7,720",,2025/1/22,E8521716,2025/1/31,CEC-25005,KS91-06001AA34,,,
774,1/22,阪本,PT-SS400-25X25X250,SS400-25X25X250 6F,2,982,2025/1/27,済,3083,双葉電子工業株式会社,"1,964",,2025/1/22,E8521717,2025/1/31,CEC-25005,KS91-06002AA,,,
775,1/22,阪本,PT-SS400-19X26X120,SS400-19X26X120,1,662,2025/1/27,済,3083,双葉電子工業株式会社,662,,2025/1/22,E8521718,2025/1/31,CEC-25005,KS91-05502BA34,,,
776,1/22,阪本,PT-SS400-19X60X120,SS400-19X60X120,1,813,2025/1/27,済,3083,双葉電子工業株式会社,813,,2025/1/22,E8521719,2025/1/31,CEC-25005,KS91-05501BA,,,
777,1/23,森野,PT-SK3-9.5X45X390,SK3-9.5X45X390 4F2G,5,"4,480",2025/1/27,済,3083,双葉電子工業株式会社,"22,400",,2025/1/23,E8521950,2025/1/31,4/7・4/8次 25SKD115-118,YS65-18001BA,40 ,1 ,1枚で40個取り
778,1/30,森野,PT-SK3-7.5X70X390,SK3-7.5X70X390 4F2G,4,"5,500",2025/2/4,済,3083,双葉電子工業株式会社,"22,000",,2025/1/31,E8532215,2025/2/14,4/7次 25DKD068,YCF-149AD,15 ,1 ,1枚で15個取り
779,1/31,阪本,PT-SKD11-30X20X20.5,SKD11-30X20X20.5 6F,12,909,2025/2/5,済,3083,双葉電子工業株式会社,"10,908",,2025/1/31,E8532385,2025/2/14,製作依頼分、25SKD110-112+スペア用,"K-11101B40,41,22",,,
780,1/31,森野,PT-SK3-8.8X60X390,SK3-8.8X60X390 4F2G,3,"6,100",2025/2/4,済,3083,双葉電子工業株式会社,"18,300",,2025/1/31,E8532386,2025/2/14,CMR-25015,TS-5592BA,22 ,1 ,1枚で22個取り
781,2/3,阪本,PT-SKD11-13.9X200X200,SKD11-13.9X200X200 6F,12,"6,358",2025/2/6,済,3083,双葉電子工業株式会社,"76,296",,2025/2/4,E8539578,2025/2/14,"25DKD067, 25SKD123, 25DKE042, 25DKE046",KD64-01627AB,,,
782,2/3,阪本,PT-SKD11-19.9X200X200,SKD11-19.9X200X200 6F,6,"7,984",2025/2/6,済,3083,双葉電子工業株式会社,"47,904",,2025/2/4,E8539579,2025/2/14,25DKD068,"KD64-01627CB,HA",,,
783,2/3,阪本,PT-SKD11-10.9X200X200,SKD11-10.9X200X200 6F,10,"5,853",2025/2/6,済,3083,双葉電子工業株式会社,"58,530",,2025/2/4,E8539580,2025/2/14,25DKC104,KD64-01627EB,,,
784,2/3,阪本,PT-TS-4668TA-01AB,TS-4668TA-01AB,9,"1,870",2025/2/28,済,1978,山村工作所,"16,830",,2025/2/4,E8539581,2025/2/27,"25DKD067, 25SKD123, 25DKE042, 25DKE046",KD64-01627AB,,,
785,2/3,阪本,PT-TS-4668TA-01BB,TS-4668TA-01BB,3,"2,860",2025/2/28,済,1978,山村工作所,"8,580",,2025/2/4,E8539582,2025/2/27,"25DKD067, 25SKD123, 25DKE042, 25DKE046",KD64-01627AB,,,
786,2/3,阪本,PT-TS-4668VA-01AB,TS-4668VA-01AB,4,"2,310",2025/3/7,済,1978,山村工作所,"9,240",,2025/2/4,E8539583,2025/3/6,25DKD068,"KD64-01627CB,HA",,,
787,2/3,阪本,PT-TS-4668VA-01BB,TS-4668VA-01BB,2,"3,520",2025/3/7,済,1978,山村工作所,"7,040",,2025/2/4,E8539584,2025/3/6,25DKD068,"KD64-01627CB,HA",,,
788,2/3,阪本,PT-TS-4668ZA-01AB,TS-4668ZA-01AB,8,"1,870",2025/3/7,済,1978,山村工作所,"14,960",,2025/2/4,E8539585,2025/3/6,25DKC104,KD64-01627EB,,,
789,2/3,阪本,PT-TS-4668ZA-01BB,TS-4668ZA-01BB,2,"2,860",2025/3/7,済,1978,山村工作所,"5,720",,2025/2/4,E8539586,2025/3/6,25DKC104,KD64-01627EB,,,
790,2/6,阪本,PT-SKD11-23X200X200,SKD11-23X200X200 6F,2,"9,894",2025/2/10,済,3083,双葉電子工業株式会社,"19,788",,2025/2/6,E8545954,2025/2/20,"25DKD066,067,068, 25DKE042,046",KD64-01808CB,,,
791,2/10,森野,PT-SK3-9X50X390,SK3-9X50X390 4F2G,3,"4,810",2025/2/13,済,3083,双葉電子工業株式会社,"14,430",,2025/2/12,E8562564,2025/2/27,5/1次 25DKE003,YCF-175AA,11 ,1 ,1枚で11個取り
792,2/12,阪本,PT-S50C-20X130X200,S50C-20X130X200 6F,10,"2,044",2025/2/17,済,3083,双葉電子工業株式会社,"20,440",,2025/2/13,E8562627,2025/2/27,5/5次 25DKE042,E-26820EA38,,,
793,2/12,阪本,PT-SKD11-20X65X400,SKD11-20X65X400 6F,3,"7,328",2025/2/17,済,3083,双葉電子工業株式会社,"21,984",,2025/2/13,E8562628,2025/2/27,"5/1次 25DKE001,002",1151-420AA48,,,
794,2/12,阪本,PT-SS400-12X14X68.5,SS400-12X14X68.5 6F,16,529,2025/2/17,済,3083,双葉電子工業株式会社,"8,464",,2025/2/13,E8562629,2025/2/27,5/1次 25DKE003,K-30404VA34,,,
795,2/12,阪本,PT-S50C-10X10X36.5,S50C-10X10X36.5 6F 4-C1,1,692,2025/2/17,済,3083,双葉電子工業株式会社,692,,2025/2/13,E8562630,2025/2/27,PE-2531816,KD91-01603AA,,,
796,2/12,阪本,PT-S50C-10X36.5X37.5,S50C-10X36.5X37.5 6F 4-C1,1,760,2025/2/17,済,3083,双葉電子工業株式会社,760,,2025/2/13,E8562631,2025/2/27,PE-2531816,KD91-01602AA,,,
797,2/12,阪本,PT-S50C-15X22X36.5,S50C-15X22X36.5 6F 4-C1,1,593,2025/2/17,済,3083,双葉電子工業株式会社,593,,2025/2/13,E8562632,2025/2/27,PE-2531816,KD91-01601AA,,,
798,2/13,森野,PT-SK3-6.5X50X390,SK3-6.5X50X390 4F2G,2,"4,260",2025/2/17,済,3083,双葉電子工業株式会社,"8,520",,2025/2/13,E8562693,2025/2/27,5/6次 25DKE046,YCF-162AA,7 ,1 ,1枚で7個取り
799,2/26,森野,PT-SK3-9X50X390,SK3-9X50X390 4F2G,3,"4,810",2025/3/3,済,3083,双葉電子工業株式会社,"14,430",,2025/2/26,E8583626,2025/3/19,5/2次 25DKE045,YCF-175AA,11 ,1 ,1枚で11個取り
800,3/3,阪本,PT-SKD11-20X30X40,SKD11-20X30X40 6F,5,919,2025/3/5,済,3083,双葉電子工業株式会社,"4,595",,2025/3/3,E8595204,2025/3/19,部品注文PE-2535904,"KS91-00302BA30,BB30",,,
801,3/3,阪本,PT-S50C-22X120X200,S50C-22X120X200 6F,2,"2,158",2025/3/5,済,3083,双葉電子工業株式会社,"4,316",,2025/3/3,E8595205,2025/3/19,部品注文PE-2535904,KS91-00301BA30,,,
802,3/3,阪本,PT-SS400-12X14X68.5,SS400-12X14X68.5 6F,65,488,2025/3/6,済,3083,双葉電子工業株式会社,"31,720",,2025/3/3,E8595206,2025/3/19,5/1次E003追加、5/2次E045 42P,K-30404VA34,,,
803,3/4,森野,PT-SK3-8X45X390,SK3-8X45X390 4F2G,3,"4,200",2025/3/7,済,3083,双葉電子工業株式会社,"12,600",,2025/3/4,E8595322,2025/3/19,CMR-25025,"TS-5594AA,BA",16 ,1 ,1枚で16個取り
804,3/10,阪本,PT-S50C-16X19.5X50,S50C-16X19X50 6F,2,634,2025/3/14,済,3083,双葉電子工業株式会社,"1,268",,2025/3/10,E8607873,2025/3/27,6/8次 25SKF120,ES66-00208BA34,,,
805,3/10,阪本,PT-S50C-14X37X150,S50C-14X37X150 6F,1,716,2025/3/14,済,3083,双葉電子工業株式会社,716,,2025/3/10,E8607874,2025/3/27,6/8次 25SKF120,ES66-00209CA34,,,
806,3/10,阪本,PT-SS400-16X26X79,SS400-16X26X79 6F,1,539,2025/3/14,済,3083,双葉電子工業株式会社,539,,2025/3/10,E8607875,2025/3/27,PJ-0605301,KD91-01103BB,,,
807,3/10,阪本,PT-SS400-10X34X65,SS400-10X34X65 6F,4,628,2025/3/14,済,3083,双葉電子工業株式会社,"2,512",,2025/3/10,E8607877,2025/3/27,CMR-25028,"TS-5595AA,BA",,,
808,3/11,阪本,PT-S50C-12X20X26.5,S50C-12X20X26.5 6F,1,638,2025/3/12,済,3083,双葉電子工業株式会社,638,,2025/3/11,E8607994,2025/3/27,PJ-0605301,KS91-00703CA,,,
809,3/13,阪本,PT-SS400-30X50X120,SS400-30X50X120 6F,2,985,2025/3/17,済,3083,双葉電子工業株式会社,"1,970",,2025/3/13,E8613670,2025/3/27,CMR-25030,TS-5575G-MA,,,
810,3/13,阪本,PT-SS400-13X45X75,SS400-13X45X75 6F,3,674,2025/3/17,済,3083,双葉電子工業株式会社,"2,022",,2025/3/13,E8613671,2025/3/27,CMR-25030,KD91-01502CA,,,
811,3/13,阪本,PT-SS400-20X27X50,SS400-20X27X50 6F,3,522,2025/3/17,済,3083,双葉電子工業株式会社,"1,566",,2025/3/13,E8613672,2025/3/27,CMR-25030,KD91-01503CA,,,
812,3/17,阪本,PT-SS400-13X45X75,SS400-13X45X75 6F,1,653,2025/3/19,済,3083,双葉電子工業株式会社,653,,2025/3/19,E8619918,2025/3/31,CMR-25030,KD91-01502CA,,,加工失敗したため
813,3/18,森野,PT-SK3-4.5X80X390,SK3-4.5X80X390 4F2G,8,"5,580",2025/3/21,済,3315,京阪プレート,"44,640",,2025/3/19,E8619919,2025/3/31,部品注文PE-2535301,YS65-26401EA34,6 ,1 ,1枚で6個取り
814,3/24,阪本,PT-SKD11-20X30X40,SKD11-20X30X40 6F,4,"1,300",2025/3/26,済,3315,京阪プレート,"5,200",,2025/3/24,E8630208,2025/3/31,PJ-0607301,"KS91-00302BA30,BB30,BC30",,,
815,3/31,阪本,PT-SKD11-23X200X200,SKD11-23X200X200 6F,2,"9,588",2025/4/3,済,3083,双葉電子工業株式会社,"19,176",,2025/3/31,E8644043,2025/4/18,"25SKF102,103",KS64-01908EA,,,
816,3/31,阪本,PT-SS400-3.2X30X42,SS400-3.2X30X42 6F,1,720,2025/4/3,済,3083,双葉電子工業株式会社,720,,2025/3/31,E8644044,2025/4/18,6/8次25SKF120,3561-665AB,,,
817,3/31,阪本,PT-SS400-24X45X57.2,SS400-24X45X57.2 6F,6,539,2025/4/3,済,3083,双葉電子工業株式会社,"3,234",,2025/3/31,E8644045,2025/4/18,6/8次25SKF120,3563-643AA,,,
818,3/31,阪本,PT-SS400-9X50X100,SS400-9X50X100 6F,1,662,2025/4/3,済,3083,双葉電子工業株式会社,662,,2025/3/31,E8644046,2025/4/18,6/8次25SKF120,DS61-03001UA,,,
819,3/31,阪本,PT-A6063-20X30X1276,A6063-20X30X1276 6F,2,"9,380",2025/4/7,済,3076,藤巻鋼材大阪株式会社,"18,760",,2025/4/1,E8651612,2025/4/18,PF-9381917,K-25501CC1333-1A,,,
820,4/1,阪本,PT-SS400-30X50X148,SS400-30X50X148 6F,1,"1,127",2025/4/4,済,3083,双葉電子工業株式会社,"1,127",,2025/4/1,E8652349,2025/4/18,4/1次　20DKD011,K-6523CA,,,
821,4/2,植木,PT-FC250-35X66.2X133,FC250-35X66.2X133 6F,3,"3,250",2025/4/3,済,3315,京阪プレート,"9,750",,2025/4/2,E8652443,2025/4/18,CMR-25042,TS-5575G-NA,,,
822,4/4,阪本,PT-SS400-24X45X57.2,SS400-24X45X57.2 6F,1,574,2025/4/8,済,3083,双葉電子工業株式会社,574,,2025/4/4,E8652646,2025/4/24,6/8次25SKF120,3563-643AA,,,加工失敗したため
823,4/4,阪本,PT-SS400-14X16X52,SS400-14X16X52 6F,1,567,2025/4/8,済,3083,双葉電子工業株式会社,567,,2025/4/4,E8652647,2025/4/24,CMR-25049,TS-5599AA,,,
824,4/4,阪本,PT-SS400-8X16X35,SS400-8X16X35 6F,1,643,2025/4/8,済,3083,双葉電子工業株式会社,643,,2025/4/4,E8652648,2025/4/24,CMR-25049,TS-5599BA,,,
825,4/4,阪本,PT-SS400-12X14X49.5,SS400-12X14X49.5 6F,1,565,2025/4/8,済,3083,双葉電子工業株式会社,565,,2025/4/4,E8652649,2025/4/24,CMR-25049,TS-5599DA,,,
826,4/7,森野,PT-SK3-5.2X45X390,SK3-4.5X80X390 4F2G,3,"3,900",2025/4/8,済,3083,双葉電子工業株式会社,"11,700",,2025/4/9,E8658278,2025/4/24,7/6次　25DKG044.045,YCF-117C,17 ,1 ,1枚で17個取り
827,4/11,阪本,PT-SS400-10X40X65,SS400-10X40X65 6F,3,641,2025/4/16,済,3083,双葉電子工業株式会社,"1,923",,2025/4/11,E8663562,2025/4/24,CMR-25055,"TS-5595AB,BB",,,
828,4/14,阪本,PT-SS400-10X38X64,SS400-10X38X64 6F,1,658,2025/4/16,済,3083,双葉電子工業株式会社,658,,2025/4/14,E8663656,2025/4/24,6月計画 25SKF120,TS-5600AA34,,,
829,4/15,阪本,PT-SKD11-20X30X40,SKD11-20X30X40 6F,3,945,2025/4/18,済,3083,双葉電子工業株式会社,"2,835",,2025/4/16,E8668802,2025/4/30,7/5次 25SKG101,"KS91-00302BA30,BB30",,,
830,4/23,阪本,PT-SKD11-20X20.5X30,SKD11-20X20.5X30 6F,10,907,2025/4/25,済,3083,双葉電子工業株式会社,"9,070",,2025/4/24,E8678631,2025/4/30,CMR-25058,K-11101B9,,,
831,4/23,阪本,PT-SKD11-20X30X40,SKD11-20X30X40 6F,10,902,2025/4/25,済,3083,双葉電子工業株式会社,"9,020",,2025/4/24,E8678632,2025/4/30,7/5次 25SKG101,"KS91-00302BA30,BB30",,,
832,4/30,阪本,PT-SKD11-4.8X52X390,SKD11-4.8X52X390 2G4F,5,"7,500",2025/5/8,済,3315,京阪プレート,"37,500",,2025/4/30,E8691259,2025/5/16,CMR-25057,TS-5575-611AA33,,,
833,4/30,阪本,PT-SKD11-6X52X390,SKD11-6X52X390 6F,5,"5,140",2025/5/8,済,3315,京阪プレート,"25,700",,2025/4/30,E8691260,2025/5/16,CMR-25057,TS-5575-511AA33,,,
834,5/7,阪本,PT-SS400-3.2X30X42,SS400-3.2X30X42 6F,1,760,2025/5/12,済,3083,双葉電子工業株式会社,760,,2025/5/7,E8704425,2025/5/23,25C07-02,3561-665AB,,,
835,5/7,阪本,PT-SS400-6X6X9,SS400-6X6X9 6F,1,"1,010",2025/5/12,済,3083,双葉電子工業株式会社,"1,010",,2025/5/7,E8704426,2025/5/23,25C07-02,3561-665BA,,,
836,5/7,阪本,PT-S50C-14X37X150,S50C-14X37X150 6F,1,760,2025/5/12,済,3083,双葉電子工業株式会社,760,,2025/5/7,E8704427,2025/5/23,7/8次25SKG110,ES66-00209CA34,,,
837,5/7,阪本,PT-SS400-8X10X19,SS400-8X10X19 6F,1,700,2025/5/12,済,3083,双葉電子工業株式会社,700,,2025/5/7,E8704428,2025/5/23,CMR-25067,TS-5575G-QA02,,,
838,5/7,阪本,PT-SS400-16X33X70,SS400-16X33X70 6F,1,570,2025/5/12,済,3083,双葉電子工業株式会社,570,,2025/5/7,E8704429,2025/5/23,PF-9383802,KS91-03102HA34,,,
839,5/7,阪本,PT-SS400-9X50X100,SS400-9X50X100 6F,2,710,2025/5/12,済,3083,双葉電子工業株式会社,"1,420",,2025/5/7,E8704430,2025/5/23,"25C07-02, 25C08-02,-03",DS61-03001RB,,,
840,5/13,森野,PT-SK3-4X85X390,SK3-4X85X390 4F2G,7,"5,770",2025/5/15,済,3083,双葉電子工業株式会社,"40,390",,2025/5/13,E8714203,2025/5/28,8/8次 25SKH106,YS65-01101BB,9 ,1 ,1枚で9個取り
841,5/15,阪本,PT-SS400-8.5X43X48,SS400-8.5X43X48 6F,1,650,2025/5/21,済,3315,京阪プレート,650,,2025/5/15,E8719135,2025/5/28,部品注文PC-25020,KD91-01802BA,,,
842,5/15,阪本,PT-POM-7X9.5X18,POM-7X9.5X18 6F,1,"3,500",2025/5/21,済,3315,京阪プレート,"3,500",,2025/5/15,E8719136,2025/5/28,部品注文PC-25020,KD91-01803BA,,,
843,5/20,阪本,PT-S50C-7X40X97,S50C-7X40X97 6F,4,830,2025/5/22,済,3315,京阪プレート,"3,320",,2025/5/20,E8728684,2025/5/28,"PM-5135701, CMR-25067","DC-753NA, TS-5575G-PA01",,,
844,5/20,阪本,PT-SS400-19X48X62.5,SS400-19X48X62.5 6F,1,840,2025/5/22,済,3315,京阪プレート,840,,2025/5/20,E8728686,2025/5/28,8/8次25SKH106,827-643DA,,,
845,5/20,阪本,PT-SS400-18X24X33,SS400-18X24X33 6F,1,710,2025/5/22,済,3315,京阪プレート,710,,2025/5/20,E8728688,2025/5/28,PE-2544805,KS91-03201CA,,,
846,5/20,阪本,PT-SS400-12X50X51,SS400-12X50X51 6F,1,740,2025/5/22,済,3315,京阪プレート,740,,2025/5/20,E8728689,2025/5/28,PE-2544806,KS91-03301DA,,,
847,5/23,阪本,PT-SS400-16X62X200,SS400-16X62X200 6F,1,"1,640",2025/5/26,済,3315,京阪プレート,"1,640",,2025/5/23,E8736989,2025/5/28,6/1次25DKF036,K-6503NA34,,,
848,5/30,森野,PT-SK3-4.5X80X390,SK3-4.5X80X390 4F2G,7,"5,400",2025/6/3,済,3083,双葉電子工業株式会社,"37,800",,2025/6/2,E8749514,2025/6/12,PE-2545141,YS65-26401EA34,6 ,1 ,1枚で6個取り
849,6/2,阪本,PT-SS400-19X48X62.5,SS400-19X48X62.5 6F,5,820,2025/6/3,済,3315,京阪プレート,"4,100",,2025/6/3,E8749602,2025/6/19,8/8次25SKH106,827-643DA,,,
850,6/2,阪本,PT-S50C-35.5X36.5X75,S50C-35.5X36.5X75 6F,3,920,2025/6/4,済,3083,双葉電子工業株式会社,"2,760",,2025/6/3,E8749603,2025/6/12,PM-5138206,KS91-03402AA,,,
851,6/2,阪本,PT-SS400-20X59X118,SS400-20X59X118 6F,1,830,2025/6/4,済,3083,双葉電子工業株式会社,830,,2025/6/3,E8749604,2025/6/12,PE-2544804,KS91-00809AA,,,
852,6/2,阪本,PT-SS400-16X32X210,SS400-16X32X210 6F,1,830,2025/6/4,済,3083,双葉電子工業株式会社,830,,2025/6/3,E8749605,2025/6/12,PE-2547002,KS91-04401AB,,,
853,6/2,阪本,PT-SS400-11X20X30,SS400-11X20X30 6F,1,730,2025/6/4,済,3083,双葉電子工業株式会社,730,,2025/6/3,E8749606,2025/6/12,PE-2547002,KS91-04402AC,,,
854,6/2,阪本,PT-SS400-32X48X50,SS400-32X48X50 6F,1,730,2025/6/4,済,3083,双葉電子工業株式会社,730,,2025/6/3,E8749607,2025/6/12,PE-2547002,KS91-04403AA,,,
855,6/5,森野,PT-SS400-16.5X50X90,SS400-16.5X50X90 6F,2,740,2025/6/9,済,3083,双葉電子工業株式会社,"1,480",,2025/6/5,E8756217,2025/6/27,CMR-25083,TS-5608BA,,,
856,6/6,阪本,PT-SS400-20X59X118,SS400-20X59X118 6F,1,830,2025/6/10,済,3083,双葉電子工業株式会社,830,,2025/6/6,E8756281,2025/6/27,PE-2544804,KS91-00809AA,,,加工失敗したため
857,6/9,森野,PT-SK3-7.5X70X390,SK3-7.5X70X390 4F2G,4,"5,700",2025/6/11,済,3083,双葉電子工業株式会社,"22,800",,2025/6/9,E8760597,2025/6/27,,YCF-149AD,15 ,1 ,1枚で15個取り
858,6/13,阪本,PT-SKD11-17X32X50,SKD11-17X32X50 6F,40,"1,050",2025/6/18,済,3083,双葉電子工業株式会社,"42,000",,2025/6/13,E8764924,2025/6/27,9月計画25DKJ001,6210-507AB34,,,
859,6/16,阪本,PT-A2017-10.7X180X256,A2017-10.7X180X256 6F,7,"5,180",2025/6/19,済,3076,藤巻鋼材大阪株式会社,"36,260",,2025/6/16,E8768979,2025/6/30,9月計画25DKJ015,TS-5530FA,,,
860,6/16,阪本,PT-A2017-4.5X180X256,A2017-4.5X180X256 6F,2,"4,710",2025/6/19,済,3076,藤巻鋼材大阪株式会社,"9,420",,2025/6/16,E8768980,2025/6/30,9月計画25DKJ015,TS-5530BA,,,
861,6/17,阪本,PT-S50C-13X30X400,S50C-13X30X400 6F,3,"1,760",2025/6/19,済,3083,双葉電子工業株式会社,"5,280",,2025/6/18,E8772694,2025/6/30,9/8次 25DKJ001,ED51-00302AC,,,
862,6/23,阪本,PT-SKD11-20X30X40,SKD11-20X30X40 6F,10,"1,260",2025/6/24,済,3315,京阪プレート,"12,600",,2025/6/23,E8776537,2025/6/30,PM-5143102,"KS91-00302BA30,BB30,BC30",,,
863,6/23,阪本,PT-S50C-32X120X200,S50C-32X120X300 6F,2,"4,210",2025/6/24,済,3315,京阪プレート,"8,420",,2025/6/23,E8776538,2025/6/30,PM-5143102,KS91-00301CB30,,,
864,6/25,阪本,PT-SS400-14X14X23,SS400-14X14X23 6F,45,650,2025/6/27,済,3315,京阪プレート,"29,250",,2025/6/25,E8779347,2025/6/30,PM-5139802,K-30404GA,,,
865,6/27,森野,PT-SK3-4.5X80X390,SK3-4.5X80X390 4F2G,8,"5,400",2025/7/1,済,3083,双葉電子工業株式会社,"43,200",,2025/6/27,E8779482,2025/7/14,25C07-02,YS65-26401FA34,6 ,1 ,1枚で6個取り
866,7/2,阪本,PT-A2017-4.5X180X256,A2017-4.5X180X256 6F,6,"5,210",2025/7/7,済,3083,双葉電子工業株式会社,"31,260",,2025/7/3,E8786435,2025/7/23,9月計画25DKJ015,TS-5530BA,,,加工失敗したため
867,7/7,新谷,PT-SK5-4X4.3X45.9X71.2,SK5-4X4.3X45.9X71.2,90,500,2025/7/25,済,3614,（株）ogaki works,"45,000",,2025/7/7,E8789706,2025/7/15,,,,,
868,7/17,阪本,PT-S45C-190X30,S45C-Φ190X30,1,"2,340",2025/7/22,済,1130,（株）阪神メタリックス,"2,340",,2025/7/18,E8806006,2025/8/8,CMR-25110,SPL-2843-499AA,,,
869,7/17,阪本,PT-S50C-7X40X97,S50C-7X40X97 6F,3,830,2025/7/18,済,3315,京阪プレート,"2,490",,2025/7/18,E8806007,2025/7/31,PM-5148201,DC-753NA,,,
870,7/17,阪本,PT-SS400-12X16X49.5,SS400-12X16X49.5 6F,1,610,2025/7/22,済,3083,双葉電子工業株式会社,610,,2025/7/18,E8806008,2025/7/31,CMR-25113,KS91-03101JA,,,
871,7/17,阪本,PT-SS400-4.5X13X51,SS400-4.5X13X51 6F,1,810,2025/7/22,済,3083,双葉電子工業株式会社,810,,2025/7/18,E8806009,2025/7/31,CMR-25113,KS91-03102JA,,,
872,8/1,森野,PT-SK3-5.5X55X390,SK3-5.5X55X390 4F2G,6,"4,920",2025/8/5,済,3083,双葉電子工業株式会社,"29,520",,2025/8/1,E8827311,2025/8/21,CMR-25120,YCF-177AA,17 ,1 ,1枚で17個取り
873,8/4,阪本,PT-SS400-Φ16X1000,SS400-Φ16X1000,1,"1,060",2025/8/12,済,3412,まや鋼業,"1,060",,2025/8/4,E8832049,2025/8/26,9/4次25DKJ010　9/8次25DKJ001,LU-2004BA,,,
874,8/18,阪本,PT-S45C-110X200,S45C-Φ110X200,1,"4,670",2025/8/20,済,3412,まや鋼業,"4,670",,2025/8/18,E8844095,2025/8/26,9/8次25DKJ015,SPL-2843-DC-6802AA,,,
875,8/18,阪本,PT-SS400-28X28X75,SS400-28X28X75 6F,4,650,2025/8/21,済,3083,双葉電子工業株式会社,"2,600",,2025/8/18,E8844096,2025/8/28,10/8次 25SKK124,"SPL-2249CA,CB",,,
876,8/18,阪本,PT-SS400-30X30X108,SS400-30X30X108 6F,6,730,2025/8/21,済,3083,双葉電子工業株式会社,"4,380",,2025/8/18,E8844097,2025/8/28,"10/8次、11月計画25SKL119,L120",G-2936AA,,,
877,8/18,阪本,PT-SKD11-13.9X200X200,SKD11-13.9X200X200 6F,8,"6,350",2025/8/21,済,3083,双葉電子工業株式会社,"50,800",,2025/8/18,E8844098,2025/8/28,"25DKL046,L047, 25SKL119,L120","TS-4668TA-01AB,BB",,,
878,8/18,阪本,PT-SKD11-19.9X200X200,SKD11-19.9X200X200 6F,9,"7,890",2025/8/21,済,3083,双葉電子工業株式会社,"71,010",,2025/8/18,E8844099,2025/8/28,"25DKL048, 25SKL115,L116","TS-4668VA-01AB,BB",,,
879,8/18,阪本,PT-SKD11-10.9X200X200,SKD11-10.9X200X200 6F,10,"5,830",2025/8/21,済,3083,双葉電子工業株式会社,"58,300",,2025/8/18,E8844100,2025/8/28,"25SKL117,L118","TS-4668ZA-01AB,BB",,,
880,8/18,阪本,PT-TS-4668TA-01AB,TS-4668TA-01AB,6,"1,694",2025/9/10,,1978,山村工作所,"10,164",,2025/8/18,E8844101,,"25DKL046,L047, 25SKL119,L120","KD64-01627AB,FB",,,
881,8/18,阪本,PT-TS-4668TA-01BB,TS-4668TA-01BB,2,"3,003",2025/9/10,済,1978,山村工作所,"6,006",,2025/8/18,E8844102,2025/9/5,"25DKL046,L047, 25SKL119,L120","KD64-01627AB,FB",,,
882,8/18,阪本,PT-TS-4668VA-01AB,TS-4668VA-01AB,6,"2,426",2025/9/10,済,1978,山村工作所,"14,556",,2025/8/18,E8844103,2025/9/5,"25DKL048, 25SKL115,L116",KD64-01627BB,,,
883,8/18,阪本,PT-TS-4668VA-01BB,TS-4668VA-01BB,3,"3,696",2025/9/10,済,1978,山村工作所,"11,088",,2025/8/18,E8844104,2025/9/5,"25DKL048, 25SKL115,L116",KD64-01627BB,,,
884,8/18,阪本,PT-TS-4668ZA-01AB,TS-4668ZA-01AB,8,"1,964",2025/9/10,済,1978,山村工作所,"15,712",,2025/8/18,E8844105,2025/9/5,"25SKL117,L118",KD64-01627DB,,,
885,8/18,阪本,PT-TS-4668ZA-01BB,TS-4668ZA-01BB,2,"3,003",2025/9/10,済,1978,山村工作所,"6,006",,2025/8/18,E8844106,2025/9/5,"25SKL117,L118",KD64-01627DB,,,
886,8/19,阪本,PT-SKD11-23X200X200,SKD11-23X200X200 6F,4,"9,588",2025/8/22,済,3083,双葉電子工業株式会社,"38,352",,2025/8/19,E8848736,2025/8/28,"25SKL117,L118,L119,L120, DKL046,L047,L048",KS64-01908DA,,,
887,8/25,阪本,PT-SS400-28X28X75,SS400-28X28X75 6F,8,840,2025/8/27,済,3315,京阪プレート,"6,720",,2025/8/25,E8861775,2025/8/29,11月計画,"SPL-2249CA,CB",,,
888,9/1,阪本,PT-SS400-28X28X75,SS400-28X28X75 6F,10,650,2025/9/3,,3083,双葉電子工業株式会社,"6,500",,2025/9/1,E8865615,,"10/8次25SKK124 11/7次25SKL119,120　12月　2台","SPL-2249CA,CB",,,
889,9/2,阪本,PT-SS400-20X30X11,SS400-20X30X11 6F,1,730,2025/9/4,,3083,双葉電子工業株式会社,730,,2025/9/2,E8868910,,PE-2560103,KS91-04402AC,,,
890,,,,,,,,,,,,,,,,,,,,
891,,,,,,,,,,,,,,,,,,,,
892,,,,,,,,,,,,,,,,,,,,
893,,,,,,,,,,,,,,,,,,,,
894,,,,,,,,,,,,,,,,,,,,
895,,,,,,,,,,,,,,,,,,,,
896,,,,,,,,,,,,,,,,,,,,
897,,,,,,,,,,,,,,,,,,,,
898,,,,,,,,,,,,,,,,,,,,
899,,,,,,,,,,,,,,,,,,,,
900,,,,,,,,,,,,,,,,,,,,
