HMCD,SEQ,KTSEQ,KTCD,SRCD,SGNCD,DDTIME,SGTIME,LDTIME,SRPRICE,CSBCD,SUPCLSCD,SUPCD,RCVTSTKBN,RCVCHKKBN,INSTID,INSTDT,UPDTID,UPDTDT
00-1153AA,1,10,PL,1973,仮,0,0,0,0,10,,,2,2,,,,
00-1157AA,1,10,MC,1042,仮,0,0,0,0,10,,,2,2,,,,
00-1160AA,1,10,MC,無し,仮,0,0,15,0,10,,,2,2,,,,
00-717U,1,10,PL,3297,仮,0,0,5,0,10,,,2,2,,,,
00-757B,1,10,PA,1515,仮,0,0,14,0,10,,,2,2,,,,
00-757C,1,10,PA,1515,仮,0,0,14,0,10,,,2,2,,,,
00-757E,1,10,PA,1515,仮,0,0,14,0,10,,,2,2,,,,
00-757FA,1,10,PA,1515,仮,0,0,14,0,10,,,2,2,,,,
01-702AA,1,10,PL,1973,仮,0,0,20,0,10,,,2,2,,,,
01-702AB,1,10,PL,1973,仮,0,0,0,0,10,,,2,2,,,,
01-707AA,1,10,PL,3861,仮,0,0,0,0,10,,,2,2,,,,
0105-12A01AA48,1,10,PA,3406,仮,0,0,0,0,10,,,2,2,,,,
0105-12A01AA56,1,10,PA,9999,仮,0,0,0,0,10,,,2,2,,,,
0105-12A01AB48,1,10,PA,3406,仮,0,0,0,0,10,,,2,2,,,,
0105-12A01AB56,1,10,PA,9999,仮,0,0,0,0,10,,,2,2,,,,
0105-12A01AC48,1,10,PA,3406,仮,0,0,0,0,10,,,2,2,,,,
0105-12A01BA48,1,10,PA,1515,仮,0,0,0,0,10,,,2,2,,,,
0105-12A01CC48,1,10,PA,3406,仮,0,0,0,0,10,,,2,2,,,,
0105-12A01DA56,1,10,PA,1515,仮,0,0,0,0,10,,,2,2,,,,
0105-12A01DB48,1,10,PA,1515,仮,0,0,0,0,10,,,2,2,,,,
0105-12A01DC48,1,10,PA,3406,仮,0,0,0,0,10,,,2,2,,,,
0105-12A03GA56,1,10,PA,無し,仮,0,0,0,0,10,,,2,2,,,,
0106-12A01CA20,1,10,PA,3406,仮,0,0,20,0,10,,,2,2,,,,
100-105-4ASB,1,10,PA,3406,仮,0,0,0,0,10,,,2,2,,,,
100-105-4DC,1,10,WE（無）,無し,仮,0,0,0,0,10,,,2,2,,,,
100-105-4EBS,1,10,WE（無）,無し,仮,0,0,0,0,10,,,2,2,,,,
100-105BA26,1,10,PA,1515,仮,0,0,30,0,10,,,2,2,,,,
100-105BA30,1,10,PA,1515,仮,0,0,40,0,10,,,2,2,,,,
100-105BA38,1,10,PA,1515,仮,0,0,40,0,10,,,2,2,,,,
100-105BB26,1,10,PA,1515,仮,0,0,30,0,10,,,2,2,,,,
100-105BB30,1,10,PA,1515,仮,0,0,40,0,10,,,2,2,,,,
100-105BB38,1,10,PA,1515,仮,0,0,40,0,10,,,2,2,,,,
100-110C,1,10,PA,無し,仮,0,0,0,0,10,,,2,2,,,,
100-12A01DA30,1,10,PA,3406,仮,0,0,0,0,10,,,2,2,,,,
100-201B0800,1,10,L,3254,仮,0,0,75,0,10,,,2,2,,,,
100-201B0800,2,20,AO（無）,3070,仮,0,0,75,0,10,,,2,2,,,,
100-201B0930,1,10,L,3254,仮,0,0,75,0,10,,,2,2,,,,
100-201B0930,2,20,AO（無）,3070,仮,0,0,75,0,10,,,2,2,,,,
100-201B1150,1,10,L,3254,仮,0,0,75,0,10,,,2,2,,,,
100-201B1150,2,20,AO（無）,3070,仮,0,0,75,0,10,,,2,2,,,,
100-201B1333,1,10,L,3254,仮,0,0,75,0,10,,,2,2,,,,
100-201B1333,2,20,AO（無）,3070,仮,0,0,75,0,10,,,2,2,,,,
100-201C1081,1,10,L,3254,仮,0,0,75,0,10,,,2,2,,,,
100-201C1081,2,20,AO（無）,3070,仮,0,0,75,0,10,,,2,2,,,,
100-201C1150,1,10,L,3254,仮,0,0,75,0,10,,,2,2,,,,
100-201C1150,2,20,AO（無）,3070,仮,0,0,75,0,10,,,2,2,,,,
100-201C1240,1,10,L,3254,仮,0,0,75,0,10,,,2,2,,,,
100-201C1240,2,20,AO（無）,3070,仮,0,0,75,0,10,,,2,2,,,,
100-201C1333,1,10,L,3254,仮,0,0,0,0,10,,,2,2,,,,
100-201C1333,2,20,AO（無）,3070,仮,0,0,0,0,10,,,2,2,,,,
100-201E1150,1,10,L,3254,仮,0,0,75,0,10,,,2,2,,,,
100-201E1150,2,20,AO（無）,3070,仮,0,0,75,0,10,,,2,2,,,,
100-201F1081,1,10,L,3254,仮,0,0,75,0,10,,,2,2,,,,
100-201F1081,2,20,AO（無）,3070,仮,0,0,75,0,10,,,2,2,,,,
100-201F1150,1,10,L,3254,仮,0,0,75,0,10,,,2,2,,,,
100-201F1150,2,20,AO（無）,3070,仮,0,0,75,0,10,,,2,2,,,,
100-201F1240,1,10,L,3254,仮,0,0,75,0,10,,,2,2,,,,
100-201F1240,2,20,AO（無）,3070,仮,0,0,75,0,10,,,2,2,,,,
100-201F1333,1,10,L,3254,仮,0,0,75,0,10,,,2,2,,,,
100-201F1333,2,20,AO（無）,3070,仮,0,0,75,0,10,,,2,2,,,,
100-201F1411,1,10,L,3254,仮,0,0,75,0,10,,,2,2,,,,
100-201F1411,2,20,AO（無）,3070,仮,0,0,75,0,10,,,2,2,,,,
100-201JA1333T,1,10,L,3254,仮,0,0,75,0,10,,,2,2,,,,
100-201JA1333T,2,20,AO（無）,3070,仮,0,0,75,0,10,,,2,2,,,,
100-202A0800,1,10,L,3254,仮,0,0,75,0,10,,,2,2,,,,
100-202A0800,2,20,AO（無）,3070,仮,0,0,75,0,10,,,2,2,,,,
100-202A0930,1,10,L,3254,仮,0,0,75,0,10,,,2,2,,,,
100-202A0930,2,20,AO（無）,3070,仮,0,0,75,0,10,,,2,2,,,,
100-202A1081,1,10,L,3254,仮,0,0,75,0,10,,,2,2,,,,
100-202A1081,2,20,AO（無）,3070,仮,0,0,75,0,10,,,2,2,,,,
100-202A1150,1,10,L,3254,仮,0,0,75,0,10,,,2,2,,,,
100-202A1150,2,20,AO（無）,3070,仮,0,0,75,0,10,,,2,2,,,,
100-202A1150S,1,10,L,3254,仮,0,0,75,0,10,,,2,2,,,,
100-202A1150S,2,20,AO（無）,3070,仮,0,0,75,0,10,,,2,2,,,,
100-202A1240,1,10,L,3254,仮,0,0,75,0,10,,,2,2,,,,
100-202A1240,2,20,AO（無）,3070,仮,0,0,75,0,10,,,2,2,,,,
100-202A1240S,1,10,L,無し,仮,0,0,75,0,10,,,2,2,,,,
100-202A1240S,2,20,AO（無）,無し,仮,0,0,75,0,10,,,2,2,,,,
100-202A1333,1,10,L,3254,仮,0,0,75,0,10,,,2,2,,,,
100-202A1333,2,20,AO（無）,3070,仮,0,0,75,0,10,,,2,2,,,,
100-202AB1240S,1,10,L,3254,仮,0,0,0,0,10,,,2,2,,,,
100-202AB1240S,2,20,AO（無）,3070,仮,0,0,0,0,10,,,2,2,,,,
100-202B0800,1,10,L,3254,仮,0,0,75,0,10,,,2,2,,,,
100-202B0800,2,20,AO（無）,3070,仮,0,0,75,0,10,,,2,2,,,,
100-202B0930,1,10,L,3254,仮,0,0,75,0,10,,,2,2,,,,
100-202B0930,2,20,AO（無）,3070,仮,0,0,75,0,10,,,2,2,,,,
100-202B1081,1,10,L,3254,仮,0,0,75,0,10,,,2,2,,,,
100-202B1081,2,20,AO（無）,3070,仮,0,0,75,0,10,,,2,2,,,,
100-202B1150,1,10,L,3254,仮,0,0,75,0,10,,,2,2,,,,
100-202B1150,2,20,AO（無）,3070,仮,0,0,75,0,10,,,2,2,,,,
100-202B1240,1,10,L,3254,仮,0,0,75,0,10,,,2,2,,,,
100-202B1240,2,20,AO（無）,3070,仮,0,0,75,0,10,,,2,2,,,,
100-202B1333,1,10,L,3254,仮,0,0,75,0,10,,,2,2,,,,
100-202B1333,2,20,AO（無）,3070,仮,0,0,75,0,10,,,2,2,,,,
100-202E1150,1,10,L,3254,仮,0,0,75,0,10,,,2,2,,,,
100-202E1150,2,20,AO（無）,3070,仮,0,0,75,0,10,,,2,2,,,,
100-202EB1081,1,10,L,3254,仮,0,0,75,0,10,,,2,2,,,,
100-202EB1081,2,20,AO（無）,3070,仮,0,0,75,0,10,,,2,2,,,,
100-202EB1150,1,10,L,3254,仮,0,0,75,0,10,,,2,2,,,,
100-202EB1150,2,20,AO（無）,3070,仮,0,0,75,0,10,,,2,2,,,,
100-202EB1240,1,10,L,3254,仮,0,0,75,0,10,,,2,2,,,,
100-202EB1240,2,20,AO（無）,3070,仮,0,0,75,0,10,,,2,2,,,,
100-202EB1240S,1,10,L,3254,仮,0,0,75,0,10,,,2,2,,,,
100-202EB1240S,2,20,AO（無）,3070,仮,0,0,75,0,10,,,2,2,,,,
100-202EB1333,1,10,L,3254,仮,0,0,75,0,10,,,2,2,,,,
100-202EB1333,2,20,AO（無）,3070,仮,0,0,75,0,10,,,2,2,,,,
100-202EB1333T,1,10,L,3254,仮,0,0,75,0,10,,,2,2,,,,
100-202EB1333T,2,20,AO（無）,3070,仮,0,0,75,0,10,,,2,2,,,,
100-202EB1411,1,10,L,3254,仮,0,0,75,0,10,,,2,2,,,,
100-202EB1411,2,20,AO（無）,3070,仮,0,0,75,0,10,,,2,2,,,,
100-202F1081,1,10,L,3254,仮,0,0,75,0,10,,,2,2,,,,
100-202F1081,2,20,AO（無）,3070,仮,0,0,75,0,10,,,2,2,,,,
100-202F1150,1,10,L,3254,仮,0,0,75,0,10,,,2,2,,,,
100-202F1150,2,20,AO（無）,3070,仮,0,0,75,0,10,,,2,2,,,,
100-202F1240,1,10,L,3254,仮,0,0,75,0,10,,,2,2,,,,
100-202F1240,2,20,AO（無）,3070,仮,0,0,75,0,10,,,2,2,,,,
100-202F1333,1,10,L,3254,仮,0,0,75,0,10,,,2,2,,,,
100-202F1333,2,20,AO（無）,3070,仮,0,0,75,0,10,,,2,2,,,,
100-202F1411,1,10,L,3254,仮,0,0,75,0,10,,,2,2,,,,
100-202F1411,2,20,AO（無）,3070,仮,0,0,75,0,10,,,2,2,,,,
100-204AA,1,10,MC,3399,仮,0,0,0,0,10,,,2,2,,,,
100-204BA,1,10,MC,3399,仮,0,0,0,0,10,,,2,2,,,,
100-204BA,2,20,PA,3399,仮,0,0,0,0,10,,,2,2,,,,
100-205AA,1,10,MC,3399,仮,0,0,0,0,10,,,2,2,,,,
100-205BA,1,10,MC,3399,仮,0,0,0,0,10,,,2,2,,,,
100-205BA,2,20,PA,3399,仮,0,0,0,0,10,,,2,2,,,,
100-205FA,1,10,MC,3399,仮,0,0,0,0,10,,,2,2,,,,
100-205FA,2,20,PA,3399,仮,0,0,0,0,10,,,2,2,,,,
100-206C1333,1,10,L,無し,仮,0,0,20,0,10,,,2,2,,,,
100-206D1150,1,10,L,3254,仮,0,0,75,0,10,,,2,2,,,,
100-206D1411,1,10,L,3254,仮,0,0,75,0,10,,,2,2,,,,
100-208-AA0490,1,10,PL,3861,仮,0,0,50,0,10,,,2,2,,,,
100-208-AA0700,1,10,PL,3861,仮,0,0,50,0,10,,,2,2,,,,
100-208-AA0800,1,10,PL,3158,仮,0,0,50,0,10,,,2,2,,,,
100-208-AA0930,1,10,PL,3158,仮,0,0,50,0,10,,,2,2,,,,
100-208-AA1081,1,10,PL,3158,仮,0,0,50,0,10,,,2,2,,,,
100-208-AA1150,1,10,PL,3861,仮,0,0,50,0,10,,,2,2,,,,
100-208-AA1240,1,10,PL,3861,仮,0,0,50,0,10,,,2,2,,,,
100-208-AA1333,1,10,PL,3861,仮,0,0,50,0,10,,,2,2,,,,
100-208-AA1531,1,10,PL,3861,仮,0,0,50,0,10,,,2,2,,,,
100-208-AA1680,1,10,PL,3861,仮,0,0,50,0,10,,,2,2,,,,
100-208-AA2200,1,10,PL,3861,仮,0,0,50,0,10,,,2,2,,,,
100-208-AA2300,1,10,PL,3861,仮,0,0,50,0,10,,,2,2,,,,
100-208-AA2350,1,10,PL,3861,仮,0,0,50,0,10,,,2,2,,,,
100-208-AA2500,1,10,PL,3861,仮,0,0,50,0,10,,,2,2,,,,
100-208-AA2650,1,10,PL,無し,仮,0,0,50,0,10,,,2,2,,,,
100-220QA1150,1,10,AO（無）,3994,仮,0,0,75,0,10,,,2,2,,,,
100-220QA1240,1,10,AO（無）,3994,仮,0,0,75,0,10,,,2,2,,,,
100-220QB1150,1,10,AO（無）,3994,仮,0,0,75,0,10,,,2,2,,,,
100-220QB1240,1,10,AO（無）,3994,仮,0,0,75,0,10,,,2,2,,,,
100-220TA0700,1,10,AO（無）,3994,仮,0,0,75,0,10,,,2,2,,,,
100-220TB0700,1,10,AO（無）,3994,仮,0,0,75,0,10,,,2,2,,,,
100-226,1,10,L2,3994,仮,0,0,0,0,10,,,2,2,,,,
100-226,2,20,PA,3994,仮,0,0,0,0,10,,,2,2,,,,
100-226BA,1,10,L2,3994,仮,0,0,0,0,10,,,2,2,,,,
100-226BA,2,20,PA,無し,仮,0,0,0,0,10,,,2,2,,,,
100-226BB,1,10,L2,3994,仮,0,0,20,0,10,,,2,2,,,,
100-226BB,2,20,PA,3994,仮,0,0,20,0,10,,,2,2,,,,
100-226DA,1,10,L,3994,仮,0,0,35,0,10,,,2,2,,,,
100-228CA1333,1,10,PA,無し,仮,0,0,75,0,10,,,2,2,,,,
100-229,1,10,PA,無し,仮,0,0,75,0,10,,,2,2,,,,
100-229CA,1,10,PA,無し,仮,0,0,75,0,10,,,2,2,,,,
100-236AB,1,10,TH,3052,仮,0,0,0,0,10,,,2,2,,,,
100-237,1,10,PA,1515,仮,0,0,75,0,10,,,2,2,,,,
100-241EA,1,10,PA,無し,仮,0,0,75,0,10,,,2,2,,,,
100-241JA,1,10,PA,無し,仮,0,0,27,0,10,,,2,2,,,,
100-271LA,1,10,PA,1515,仮,0,0,70,0,10,,,2,2,,,,
100-273,1,10,PA,無し,仮,0,0,75,0,10,,,2,2,,,,
100-276B,1,10,L,3990,仮,0,0,30,0,10,,,2,2,,,,
100-303AA071288N,1,10,PA,1515,仮,0,0,35,0,10,,,2,2,,,,
100-303AA080288N,1,10,PA,1515,仮,0,0,0,0,10,,,2,2,,,,
100-303AA0803810N,1,10,PA,1515,仮,0,0,30,0,10,,,2,2,,,,
100-303AA090288N,1,10,PA,1515,仮,0,0,0,0,10,,,2,2,,,,
100-303AA0903810N,1,10,PA,1515,仮,0,0,15,0,10,,,2,2,,,,
100-303AA100288N,1,10,PA,1515,仮,0,0,45,0,10,,,2,2,,,,
100-303AA1003810N,1,10,PA,1515,仮,0,0,15,0,10,,,2,2,,,,
100-303AA112288N,1,10,PA,1515,仮,0,0,0,0,10,,,2,2,,,,
100-303AA1253810N,1,10,PA,1515,仮,0,0,0,0,10,,,2,2,,,,
100-303AA1403810N,1,10,PA,1515,仮,0,0,30,0,10,,,2,2,,,,
100-304-200,1,10,PA,1515,仮,0,0,0,0,10,,,2,2,,,,
100-304-230,1,10,PA,1515,仮,0,0,45,0,10,,,2,2,,,,
100-444JB,1,10,MC,3523,仮,0,0,40,0,10,,,2,2,,,,
100-444JB,2,20,PA,CA,仮,0,0,40,0,10,,,2,2,,,,
100-444LA,1,10,MC,3399,仮,0,0,23,0,10,,,2,2,,,,
100-444LA,2,20,PA,3399,仮,0,0,23,0,10,,,2,2,,,,
100-444SA,1,10,PA,無し,仮,0,0,20,0,10,,,2,2,,,,
100-444TA,1,10,PA,無し,仮,0,0,23,0,10,,,2,2,,,,
100-454AC,1,10,PL,1973,仮,0,0,20,0,10,,,2,2,,,,
100-454AF,1,10,PL,1973,仮,0,0,0,0,10,,,2,2,,,,
100-609AB1,1,10,PA,1515,仮,0,0,0,0,10,,,2,2,,,,
100-609AB2,1,10,PA,1515,仮,0,0,0,0,10,,,2,2,,,,
100-609AB4,1,10,PA,1515,仮,0,0,0,0,10,,,2,2,,,,
100-609AB5,1,10,PA,1515,仮,0,0,0,0,10,,,2,2,,,,
100-609AB6,1,10,PA,1515,仮,0,0,0,0,10,,,2,2,,,,
100-609AB7,1,10,PA,1515,仮,0,0,0,0,10,,,2,2,,,,
100-609AB8,1,10,PA,1515,仮,0,0,0,0,10,,,2,2,,,,
100-609AC,1,10,PA,1515,仮,0,0,0,0,10,,,2,2,,,,
100-609FA,1,10,PA,1515,仮,0,0,0,0,10,,,2,2,,,,
100-609FE,1,10,PA,1515,仮,0,0,0,0,10,,,2,2,,,,
100-609JB1,1,10,PA,1515,仮,0,0,0,0,10,,,2,2,,,,
100-609JB2,1,10,PA,1515,仮,0,0,0,0,10,,,2,2,,,,
100-609JB3,1,10,PA,1515,仮,0,0,0,0,10,,,2,2,,,,
100-609JB4,1,10,PA,1515,仮,0,0,0,0,10,,,2,2,,,,
100-609JB5,1,10,PA,1515,仮,0,0,0,0,10,,,2,2,,,,
100-609JB7,1,10,PA,1515,仮,0,0,0,0,10,,,2,2,,,,
100-609JB8,1,10,PA,1515,仮,0,0,0,0,10,,,2,2,,,,
100-609KB3,1,10,PA,1515,仮,0,0,0,0,10,,,2,2,,,,
100-609MC,1,10,PA,1515,仮,0,0,0,0,10,,,2,2,,,,
100-609RE,1,10,PA,1515,仮,0,0,0,0,10,,,2,2,,,,
100-609TE,1,10,PA,1515,仮,0,0,0,0,10,,,2,2,,,,
100-609UE,1,10,PA,1515,仮,0,0,0,0,10,,,2,2,,,,
100-609W,1,10,PA,1515,仮,0,0,0,0,10,,,2,2,,,,
100-609WE,1,10,PA,1515,仮,0,0,0,0,10,,,2,2,,,,
100-609YE,1,10,PA,1515,仮,0,0,0,0,10,,,2,2,,,,
100-609YF,1,10,PA,1515,仮,0,0,0,0,10,,,2,2,,,,
100-619DD1,1,10,PA,1515,仮,0,0,0,0,10,,,2,2,,,,
100-619DD3,1,10,PA,1515,仮,0,0,0,0,10,,,2,2,,,,
100-619DD5,1,10,PA,1515,仮,0,0,0,0,10,,,2,2,,,,
100-619EC1,1,10,PA,1515,仮,0,0,0,0,10,,,2,2,,,,
100-619FB1,1,10,PA,1515,仮,0,0,0,0,10,,,2,2,,,,
100-619FB3,1,10,PA,1515,仮,0,0,0,0,10,,,2,2,,,,
100-619FB5,1,10,PA,1515,仮,0,0,0,0,10,,,2,2,,,,
100-619GB1,1,10,PA,1515,仮,0,0,0,0,10,,,2,2,,,,
100-702B,1,10,PL,1973,仮,0,0,30,0,10,,,2,2,,,,
100-702BB,1,10,PL,1973,仮,0,0,0,0,10,,,2,2,,,,
100-702BC,1,10,PL,1973,仮,0,0,0,0,10,,,2,2,,,,
100-704AA26,1,10,PA,9999,仮,0,0,0,0,10,,,2,2,,,,
100-704AA26Y,1,10,PA,1515,仮,0,0,0,0,10,,,2,2,,,,
100-704AA30,1,10,PA,9999,仮,0,0,0,0,10,,,2,2,,,,
100-704AA30P,1,10,PA,1515,仮,0,0,0,0,10,,,2,2,,,,
100-704AA30Y,1,10,PA,1515,仮,0,0,0,0,10,,,2,2,,,,
100-704AA38,1,10,PA,1515,仮,0,0,0,0,10,,,2,2,,,,
101-105-3ZCA,1,10,PL,1973,仮,0,0,0,0,10,,,2,2,,,,
101-105-5ZAA,1,10,PL,1973,仮,0,0,0,0,10,,,2,2,,,,
103-453,1,10,PA,1515,仮,0,0,25,0,10,,,2,2,,,,
1031-12A01AA38,1,10,PA,3406,仮,0,0,20,0,10,,,2,2,,,,
1031-12A01CA38,1,10,PA,3406,仮,0,0,0,0,10,,,2,2,,,,
1035-12A01AA30,1,10,PA,3406,仮,0,0,0,0,10,,,2,2,,,,
1035-12A01BA30,1,10,PA,無し,仮,0,0,0,0,10,,,2,2,,,,
1035-12A01CA30,1,10,PA,3406,仮,0,0,25,0,10,,,2,2,,,,
1035-12A02AA30,1,10,PA,3406,仮,0,0,0,0,10,,,2,2,,,,
1044-439AB,1,10,MC,3523,仮,0,0,30,0,10,,,2,2,,,,
1044-440DA26,1,10,L1,1800,仮,0,0,0,0,10,,,2,2,,,,
1044-440DA28,1,10,L1,1800,仮,0,0,0,0,10,,,2,2,,,,
1044-442AA,1,10,MC,3523,仮,0,0,40,0,10,,,2,2,,,,
1044-449AC,1,10,PA,1515,仮,0,0,0,0,10,,,2,2,,,,
1045-307AA,1,10,PA,3406,仮,0,0,0,0,10,,,2,2,,,,
1045-432AA,1,10,PL,1973,仮,0,0,30,0,10,,,2,2,,,,
1045-437AA,1,10,PL,1973,仮,0,0,5,0,10,,,2,2,,,,
1045-453AA,1,10,PA,1515,仮,0,0,15,0,10,,,2,2,,,,
1045-455AA,1,10,PL,1973,仮,0,0,20,0,10,,,2,2,,,,
1045-460AA,1,10,PL,1973,仮,0,0,20,0,10,,,2,2,,,,
1045-463AA,1,10,PL,1973,仮,0,0,20,0,10,,,2,2,,,,
105-12A01AB48,1,10,PA,9999,仮,0,0,10,0,10,,,2,2,,,,
105-201AA56,1,10,L,3254,仮,0,0,75,0,10,,,2,2,,,,
105-201AA56,2,20,AO（無）,3070,仮,0,0,75,0,10,,,2,2,,,,
105-201BA1333,1,10,L,3254,仮,0,0,75,0,10,,,2,2,,,,
105-201BA1333,2,20,AO（無）,3070,仮,0,0,75,0,10,,,2,2,,,,
105-201BA1531,1,10,L,3254,仮,0,0,75,0,10,,,2,2,,,,
105-201BA1531,2,20,AO（無）,3070,仮,0,0,75,0,10,,,2,2,,,,
105-201BA2000,1,10,L,3254,仮,0,0,75,0,10,,,2,2,,,,
105-201BA2000,2,20,AO（無）,3070,仮,0,0,75,0,10,,,2,2,,,,
105-202AB2300,1,10,L,3254,仮,0,0,75,0,10,,,2,2,,,,
105-202AB2300,2,20,AO（無）,3070,仮,0,0,75,0,10,,,2,2,,,,
105-202BA56,1,10,L,3254,仮,0,0,75,0,10,,,2,2,,,,
105-202BA56,2,20,AO（無）,3070,仮,0,0,75,0,10,,,2,2,,,,
105-202DA1333,1,10,L,3254,仮,0,0,75,0,10,,,2,2,,,,
105-202DA1333,2,20,AO（無）,3070,仮,0,0,75,0,10,,,2,2,,,,
105-202DA1531,1,10,L,3254,仮,0,0,75,0,10,,,2,2,,,,
105-202DA1531,2,20,AO（無）,3070,仮,0,0,75,0,10,,,2,2,,,,
105-202DA2000,1,10,L,3254,仮,0,0,75,0,10,,,2,2,,,,
105-202DA2000,2,20,AO（無）,3070,仮,0,0,75,0,10,,,2,2,,,,
105-202EA1333,1,10,L,3254,仮,0,0,75,0,10,,,2,2,,,,
105-202EA1333,2,20,AO（無）,3070,仮,0,0,75,0,10,,,2,2,,,,
105-202EA1531,1,10,L,3254,仮,0,0,75,0,10,,,2,2,,,,
105-202EA1531,2,20,AO（無）,3070,仮,0,0,75,0,10,,,2,2,,,,
105-202EA1531T,1,10,L,3254,仮,0,0,75,0,10,,,2,2,,,,
105-202EA1531T,2,20,AO（無）,3070,仮,0,0,75,0,10,,,2,2,,,,
105-202EA2000,1,10,L,3254,仮,0,0,75,0,10,,,2,2,,,,
105-202EA2000,2,20,AO（無）,3070,仮,0,0,75,0,10,,,2,2,,,,
105-206AA1333,1,10,L,3254,仮,0,0,75,0,10,,,2,2,,,,
105-206AA2000,1,10,L,3254,仮,0,0,75,0,10,,,2,2,,,,
105-207BA1333,1,10,PL,無し,仮,0,0,75,0,10,,,2,2,,,,
105-210BA,1,10,MC,3737,仮,0,0,75,0,10,,,2,2,,,,
105-211AA,1,10,MC,3737,仮,0,0,75,0,10,,,2,2,,,,
105-213BA,1,10,MC1,3994,仮,0,0,0,0,10,,,2,2,,,,
105-213BA,2,20,MC2,3994,仮,0,0,0,0,10,,,2,2,,,,
105-213BA,3,30,PA,無し,仮,0,0,0,0,10,,,2,2,,,,
105-220EA1333,1,10,L,3254,仮,0,0,75,0,10,,,2,2,,,,
105-220EA1333,2,20,AO（無）,3994,仮,0,0,75,0,10,,,2,2,,,,
105-220EA1531,1,10,L,3254,仮,0,0,75,0,10,,,2,2,,,,
105-220EA1531,2,20,AO（無）,3994,仮,0,0,75,0,10,,,2,2,,,,
105-220FA1333,1,10,L,3254,仮,0,0,75,0,10,,,2,2,,,,
105-220FA1333,2,20,AO（無）,3994,仮,0,0,75,0,10,,,2,2,,,,
105-220FA1531,1,10,L,3254,仮,0,0,75,0,10,,,2,2,,,,
105-220FA1531,2,20,AO（無）,3994,仮,0,0,75,0,10,,,2,2,,,,
105-228BA2200,1,10,PA,無し,仮,0,0,75,0,10,,,2,2,,,,
105-229AA,1,10,MC,3737,仮,0,0,75,0,10,,,2,2,,,,
105-232HA,1,10,PL,無し,仮,0,0,75,0,10,,,2,2,,,,
105-232HB,1,10,PL,無し,仮,0,0,75,0,10,,,2,2,,,,
105-232HC,1,10,PL,無し,仮,0,0,75,0,10,,,2,2,,,,
105-236AA,1,10,TH,3052,仮,0,0,0,0,10,,,2,2,,,,
105-260AA,1,10,PA,1515,仮,0,0,75,0,10,,,2,2,,,,
105-271A2300,1,10,PA,無し,仮,0,0,18,0,10,,,2,2,,,,
105-303BA09038,1,10,PA,1515,仮,0,0,0,0,10,,,2,2,,,,
105-306AA,1,10,PA,1515,仮,0,0,14,0,10,,,2,2,,,,
105-306BA,1,10,PA,1515,仮,0,0,0,0,10,,,2,2,,,,
105-307CA,1,10,PA,3406,仮,0,0,0,0,10,,,2,2,,,,
105-307DA,1,10,PA,3406,仮,0,0,0,0,10,,,2,2,,,,
105-405AA420,1,10,L1,3279,仮,0,0,0,0,10,,,2,2,,,,
105-405AA480,1,10,L1,3279,仮,0,0,0,0,10,,,2,2,,,,
105-444DC,1,10,MC,3523,仮,0,0,0,0,10,,,2,2,,,,
105-444DC,2,20,PA,3399,仮,0,0,0,0,10,,,2,2,,,,
105-609BB2,1,10,PA,1515,仮,0,0,0,0,10,,,2,2,,,,
105-609BB3,1,10,PA,1515,仮,0,0,0,0,10,,,2,2,,,,
105-609BB4,1,10,PA,1515,仮,0,0,0,0,10,,,2,2,,,,
105-609BB6,1,10,PA,1515,仮,0,0,0,0,10,,,2,2,,,,
105-609BB8,1,10,PA,1515,仮,0,0,0,0,10,,,2,2,,,,
105-701DA,1,10,PA,3406,仮,0,0,0,0,10,,,2,2,,,,
105-701EA,1,10,PA,3406,仮,0,0,20,0,10,,,2,2,,,,
105-701FA,1,10,PA,3406,仮,0,0,20,0,10,,,2,2,,,,
105-702AA,1,10,PL,1973,仮,0,0,0,0,10,,,2,2,,,,
1051-12A01AA38,1,10,PA,3406,仮,0,0,0,0,10,,,2,2,,,,
1051-12A01BA38,1,10,PA,3406,仮,0,0,20,0,10,,,2,2,,,,
1051-12A01CA30,1,10,PA,3406,仮,0,0,0,0,10,,,2,2,,,,
1051-12A01CA38,1,10,PA,1515,仮,0,0,0,0,10,,,2,2,,,,
1051-12T1238,1,10,PA,3406,仮,0,0,0,0,10,,,2,2,,,,
106-12A01BA20,1,10,PA,3406,仮,0,0,0,0,10,,,2,2,,,,
11-206,1,10,PL,無し,仮,0,0,75,0,10,,,2,2,,,,
11-206A,1,10,M,3253,仮,0,0,65,0,10,,,2,2,,,,
11-206A,2,20,HT,3653,仮,0,0,65,0,10,,,2,2,,,,
11-206B,1,10,M,3253,仮,0,0,25,0,10,,,2,2,,,,
11-206B,2,20,HT,3653,仮,0,0,25,0,10,,,2,2,,,,
11-206C,1,10,M,3253,仮,0,0,25,0,10,,,2,2,,,,
11-206C,2,20,HT,3653,仮,0,0,25,0,10,,,2,2,,,,
11-206D,1,10,M,3253,仮,0,0,0,0,10,,,2,2,,,,
11-206D,2,20,HT,3653,仮,0,0,0,0,10,,,2,2,,,,
11-206E,1,10,M,3253,仮,0,0,65,0,10,,,2,2,,,,
11-206E,2,20,HT,3653,仮,0,0,65,0,10,,,2,2,,,,
11-206F,1,10,M,3253,仮,0,0,65,0,10,,,2,2,,,,
11-206F,2,20,HT,3653,仮,0,0,65,0,10,,,2,2,,,,
11-206G,1,10,M,3253,仮,0,0,65,0,10,,,2,2,,,,
11-206G,2,20,HT,3653,仮,0,0,65,0,10,,,2,2,,,,
11-206H,1,10,M,3253,仮,0,0,65,0,10,,,2,2,,,,
11-206H,2,20,HT,3653,仮,0,0,65,0,10,,,2,2,,,,
11-206J,1,10,M,3253,仮,0,0,65,0,10,,,2,2,,,,
11-206J,2,20,HT,3653,仮,0,0,65,0,10,,,2,2,,,,
110-444,1,10,PL,1973,仮,0,0,5,0,10,,,2,2,,,,
110-453-30,1,10,PA,1515,仮,0,0,0,0,10,,,2,2,,,,
110-453-38,1,10,PA,1515,仮,0,0,20,0,10,,,2,2,,,,
110-710,1,10,PL,1973,仮,0,0,0,0,10,,,2,2,,,,
115-120BA38,1,10,PA,無し,仮,0,0,15,0,10,,,2,2,,,,
115-203-1,1,10,AO（無）,3994,仮,0,0,75,0,10,,,2,2,,,,
115-206AA1333,1,10,L,3254,仮,0,0,75,0,10,,,2,2,,,,
115-206AA1531,1,10,L,3254,仮,0,0,75,0,10,,,2,2,,,,
115-208AA1333,1,10,PL,無し,仮,0,0,75,0,10,,,2,2,,,,
115-227AA,1,10,PA,無し,仮,0,0,75,0,10,,,2,2,,,,
115-228AA,1,10,PA,無し,仮,0,0,75,0,10,,,2,2,,,,
115-232AA,1,10,PL,無し,仮,0,0,20,0,10,,,2,2,,,,
115-232BA,1,10,PL,無し,仮,0,0,20,0,10,,,2,2,,,,
115-232CA,1,10,PL,無し,仮,0,0,20,0,10,,,2,2,,,,
115-444BB,1,10,MC,3399,仮,0,0,0,0,10,,,2,2,,,,
115-444BB,2,20,PA,3399,仮,0,0,0,0,10,,,2,2,,,,
115-444CA,1,10,MC,3399,仮,0,0,0,0,10,,,2,2,,,,
115-444CA,2,20,PA,3399,仮,0,0,0,0,10,,,2,2,,,,
115-444DA,1,10,MC,3399,仮,0,0,0,0,10,,,2,2,,,,
115-444DA,2,20,PA,3399,仮,0,0,0,0,10,,,2,2,,,,
1151-12T0107,1,10,PA,3406,仮,0,0,0,0,10,,,2,2,,,,
1151-201AA-B,1,10,L,3254,仮,0,0,75,0,10,,,2,2,,,,
1151-201AA-B,2,20,MC,3737,仮,0,0,75,0,10,,,2,2,,,,
1151-202AA-B,1,10,L,3254,仮,0,0,75,0,10,,,2,2,,,,
1151-202AA-B,2,20,MC,3737,仮,0,0,75,0,10,,,2,2,,,,
1151-220AA0280,1,10,AO（無）,3994,仮,0,0,75,0,10,,,2,2,,,,
1151-220BA0280,1,10,AO（無）,3994,仮,0,0,75,0,10,,,2,2,,,,
1151-307AA48,1,10,PA,3406,仮,0,0,0,0,10,,,2,2,,,,
1151-307AB48,1,10,PA,3406,仮,0,0,0,0,10,,,2,2,,,,
1151-307BA48,1,10,PA,3406,仮,0,0,0,0,10,,,2,2,,,,
1151-307BB48,1,10,PA,3406,仮,0,0,0,0,10,,,2,2,,,,
1151-307CA48,1,10,PA,3406,仮,0,0,0,0,10,,,2,2,,,,
1151-444AA,1,10,PA,1515,仮,0,0,75,0,10,,,2,2,,,,
1151-444CA,1,10,PA,1515,仮,0,0,25,0,10,,,2,2,,,,
1151-448AA,1,10,L,3994,仮,0,0,75,0,10,,,2,2,,,,
1151-448AA,2,20,PL,3861,仮,0,0,75,0,10,,,2,2,,,,
1155-104AA,1,10,PA,3406,仮,0,0,30,0,10,,,2,2,,,,
1155-104BA,1,10,PA,3406,仮,0,0,30,0,10,,,2,2,,,,
1155-105AA38,1,10,AO（無）,1592,仮,0,0,0,0,10,,,2,2,,,,
1155-105AA38,2,20,PA,3406,仮,0,0,0,0,10,,,2,2,,,,
1155-105AA48,1,10,AO（無）,1592,仮,0,0,0,0,10,,,2,2,,,,
1155-105AA48,2,20,PA,3406,仮,0,0,0,0,10,,,2,2,,,,
1155-105AAL38,1,10,AO（無）,1592,仮,0,0,0,0,10,,,2,2,,,,
1155-105AAL38,2,20,PA,3406,仮,0,0,0,0,10,,,2,2,,,,
1155-105AAL48,1,10,AO（無）,1592,仮,0,0,0,0,10,,,2,2,,,,
1155-105AAL48,2,20,PA,3406,仮,0,0,0,0,10,,,2,2,,,,
1155-105AB48,1,10,AO（無）,1592,仮,0,0,0,0,10,,,2,2,,,,
1155-105AB48,2,20,PA,3406,仮,0,0,0,0,10,,,2,2,,,,
1155-105ABL48,1,10,AO（無）,1592,仮,0,0,0,0,10,,,2,2,,,,
1155-105ABL48,2,20,PA,3406,仮,0,0,0,0,10,,,2,2,,,,
1155-105BA48,1,10,AO（無）,1592,仮,0,0,0,0,10,,,2,2,,,,
1155-105BA48,2,20,PA,3406,仮,0,0,0,0,10,,,2,2,,,,
1155-105BAL38,1,10,AO（無）,1592,仮,0,0,0,0,10,,,2,2,,,,
1155-105BAL38,2,20,PA,3406,仮,0,0,0,0,10,,,2,2,,,,
1155-105BAL48,1,10,AO（無）,1592,仮,0,0,0,0,10,,,2,2,,,,
1155-105BAL48,2,20,PA,3406,仮,0,0,0,0,10,,,2,2,,,,
1155-105BB48,1,10,AO（無）,1592,仮,0,0,0,0,10,,,2,2,,,,
1155-105BB48,2,20,PA,3406,仮,0,0,0,0,10,,,2,2,,,,
1155-105BBL48,1,10,AO（無）,1592,仮,0,0,0,0,10,,,2,2,,,,
1155-105BBL48,2,20,PA,3406,仮,0,0,0,0,10,,,2,2,,,,
1155-105CA48,1,10,AO（無）,1592,仮,0,0,0,0,10,,,2,2,,,,
1155-105CA48,2,20,PA,3406,仮,0,0,0,0,10,,,2,2,,,,
1155-105CAL38,1,10,AO（無）,1592,仮,0,0,0,0,10,,,2,2,,,,
1155-105CAL38,2,20,PA,3406,仮,0,0,0,0,10,,,2,2,,,,
1155-105CAL48,1,10,AO（無）,1592,仮,0,0,0,0,10,,,2,2,,,,
1155-105CAL48,2,20,PA,3406,仮,0,0,0,0,10,,,2,2,,,,
1155-105CB48,1,10,AO（無）,1592,仮,0,0,0,0,10,,,2,2,,,,
1155-105CB48,2,20,PA,3406,仮,0,0,0,0,10,,,2,2,,,,
1155-105CBL48,1,10,AO（無）,1592,仮,0,0,0,0,10,,,2,2,,,,
1155-105CBL48,2,20,PA,3406,仮,0,0,0,0,10,,,2,2,,,,
1155-105CC48,1,10,AO（無）,1592,仮,0,0,0,0,10,,,2,2,,,,
1155-105CC48,2,20,PA,3406,仮,0,0,0,0,10,,,2,2,,,,
1155-105CCL48,1,10,AO（無）,1592,仮,0,0,0,0,10,,,2,2,,,,
1155-105CCL48,2,20,PA,3406,仮,0,0,0,0,10,,,2,2,,,,
1155-105DA48,1,10,AO（無）,1592,仮,0,0,0,0,10,,,2,2,,,,
1155-105DA48,2,20,PA,3406,仮,0,0,0,0,10,,,2,2,,,,
1155-105DAL38,1,10,AO（無）,1592,仮,0,0,0,0,10,,,2,2,,,,
1155-105DAL38,2,20,PA,3406,仮,0,0,0,0,10,,,2,2,,,,
1155-105DAL48,1,10,AO（無）,1592,仮,0,0,0,0,10,,,2,2,,,,
1155-105DAL48,2,20,PA,3406,仮,0,0,0,0,10,,,2,2,,,,
1155-105DB48,1,10,AO（無）,1592,仮,0,0,0,0,10,,,2,2,,,,
1155-105DB48,2,20,PA,3406,仮,0,0,0,0,10,,,2,2,,,,
1155-105DBL48,1,10,AO（無）,1592,仮,0,0,0,0,10,,,2,2,,,,
1155-105DBL48,2,20,PA,3406,仮,0,0,0,0,10,,,2,2,,,,
1155-105DC48,1,10,AO（無）,1592,仮,0,0,0,0,10,,,2,2,,,,
1155-105DC48,2,20,PA,3406,仮,0,0,0,0,10,,,2,2,,,,
1155-105DCL48,1,10,AO（無）,1592,仮,0,0,0,0,10,,,2,2,,,,
1155-105DCL48,2,20,PA,3406,仮,0,0,0,0,10,,,2,2,,,,
1155-131BA,1,10,PA,無し,仮,0,0,10,0,10,,,2,2,,,,
1155-131BB,1,10,PA,無し,仮,0,0,20,0,10,,,2,2,,,,
1155-201AA1900,1,10,L,3254,仮,0,0,75,0,10,,,2,2,,,,
1155-201AA1900,2,20,AO（無）,3070,仮,0,0,75,0,10,,,2,2,,,,
1155-202AA1900,1,10,L,3254,仮,0,0,75,0,10,,,2,2,,,,
1155-202AA1900,2,20,AO（無）,3070,仮,0,0,75,0,10,,,2,2,,,,
1155-202BA1900,1,10,L,3254,仮,0,0,75,0,10,,,2,2,,,,
1155-202BA1900,2,20,AO（無）,3070,仮,0,0,75,0,10,,,2,2,,,,
1155-206AA1900,1,10,L,3254,仮,0,0,75,0,10,,,2,2,,,,
1155-211AA,1,10,PA,無し,仮,0,0,23,0,10,,,2,2,,,,
1155-211BA,1,10,PA,無し,仮,0,0,5,0,10,,,2,2,,,,
1155-220AA1900,1,10,PA,CA,仮,0,0,75,0,10,,,2,2,,,,
1155-232AA1900,1,10,PA,3994,仮,0,0,75,0,10,,,2,2,,,,
1155-233AA,1,10,PA,3399,仮,0,0,0,0,10,,,2,2,,,,
1155-307AA48,1,10,PA,3406,仮,0,0,30,0,10,,,2,2,,,,
1155-307AB48,1,10,PA,3406,仮,0,0,0,0,10,,,2,2,,,,
1155-307BA48,1,10,PA,3406,仮,0,0,30,0,10,,,2,2,,,,
1155-307BB48,1,10,PA,3406,仮,0,0,0,0,10,,,2,2,,,,
1155-307CA48,1,10,PA,3406,仮,0,0,30,0,10,,,2,2,,,,
1155-307CB48,1,10,PA,3406,仮,0,0,0,0,10,,,2,2,,,,
1155-307DA48,1,10,PA,3406,仮,0,0,30,0,10,,,2,2,,,,
1155-307DB48,1,10,PA,3406,仮,0,0,0,0,10,,,2,2,,,,
1155-444AA,1,10,PA,1515,仮,0,0,30,0,10,,,2,2,,,,
1155-444BA,1,10,PA,1515,仮,0,0,30,0,10,,,2,2,,,,
12-201DB1133,1,10,L,無し,仮,0,0,40,0,10,,,2,2,,,,
12-201DB1133,2,20,AO（無）,無し,仮,0,0,40,0,10,,,2,2,,,,
12-201E-1133,1,10,L,3254,仮,0,0,75,0,10,,,2,2,,,,
12-201E-1133,2,20,AO（無）,3070,仮,0,0,75,0,10,,,2,2,,,,
12-201K1133,1,10,L,3254,仮,0,0,40,0,10,,,2,2,,,,
12-201K1133,2,20,AO（無）,3070,仮,0,0,40,0,10,,,2,2,,,,
12-201K1353,1,10,L,3254,仮,0,0,75,0,10,,,2,2,,,,
12-201K1353,2,20,AO（無）,3070,仮,0,0,75,0,10,,,2,2,,,,
12-201L1133,1,10,L,3254,仮,0,0,75,0,10,,,2,2,,,,
12-201L1133,2,20,AO（無）,3070,仮,0,0,75,0,10,,,2,2,,,,
12-201L1353,1,10,L,3254,仮,0,0,75,0,10,,,2,2,,,,
12-201L1353,2,20,AO（無）,3070,仮,0,0,75,0,10,,,2,2,,,,
12-201L1353J,1,10,L,3254,仮,0,0,75,0,10,,,2,2,,,,
12-201L1353J,2,20,AO（無）,3070,仮,0,0,75,0,10,,,2,2,,,,
12-201L1353S,1,10,L,3254,仮,0,0,75,0,10,,,2,2,,,,
12-201L1353S,2,20,AO（無）,3070,仮,0,0,75,0,10,,,2,2,,,,
12-205JS,1,10,MC,3399,仮,0,0,23,0,10,,,2,2,,,,
12-206D,1,10,MC,3523,仮,0,0,0,0,10,,,2,2,,,,
12-206D,2,20,PA,3399,仮,0,0,0,0,10,,,2,2,,,,
12-210,1,10,HT,3724,仮,0,0,0,0,10,,,2,2,,,,
12-218JS,1,10,MC,3399,仮,0,0,23,0,10,,,2,2,,,,
12-219C,1,10,MC,3523,仮,0,0,0,0,10,,,2,2,,,,
12-219C,2,20,PA,3399,仮,0,0,0,0,10,,,2,2,,,,
12-222A,1,10,HT,3653,仮,0,0,75,0,10,,,2,2,,,,
12-222B,1,10,HT,3653,仮,0,0,30,0,10,,,2,2,,,,
12-224C,1,10,PL,3861,仮,0,0,25,0,10,,,2,2,,,,
12-230,1,10,HT,3653,仮,0,0,75,0,10,,,2,2,,,,
12-231,1,10,PL,無し,仮,0,0,75,0,10,,,2,2,,,,
12-231C,1,10,HT,3653,仮,0,0,75,0,10,,,2,2,,,,
12-319L,1,10,MC,無し,仮,0,0,20,0,10,,,2,2,,,,
12-328G-1,1,10,PL,1973,仮,0,0,15,0,10,,,2,2,,,,
12-328G-2,1,10,PL,1973,仮,0,0,0,0,10,,,2,2,,,,
12-347,1,10,PL,1973,仮,0,0,0,0,10,,,2,2,,,,
12-347B,1,10,PL,1973,仮,0,0,0,0,10,,,2,2,,,,
12-347D,1,10,PL,1973,仮,0,0,0,0,10,,,2,2,,,,
12-420FB,1,10,PA,1515,仮,0,0,27,0,10,,,2,2,,,,
120-420CA,1,10,PA,3861,仮,0,0,0,0,10,,,2,2,,,,
120-451BA,1,10,PA,1515,仮,0,0,0,0,10,,,2,2,,,,
1231-12A03CA38,1,10,PA,3406,仮,0,0,0,0,10,,,2,2,,,,
1231-12A04AA30,1,10,PA,3406,仮,0,0,24,0,10,,,2,2,,,,
1231-12A04BA30,1,10,PA,1515,仮,0,0,0,0,10,,,2,2,,,,
1231-12A05AA38,1,10,PA,3406,仮,0,0,0,0,10,,,2,2,,,,
1231-12A05DA30,1,10,PA,1515,仮,0,0,0,0,10,,,2,2,,,,
12A-105EAL38,1,10,AO（無）,9999,仮,0,0,0,0,10,,,2,2,,,,
12A-105EAL38,2,20,PA,9999,仮,0,0,0,0,10,,,2,2,,,,
12Q-411BA32-JTEC,1,10,LA,3224,仮,0,0,0,0,10,,,2,2,,,,
12Q-411BA36-JTEC,1,10,LA,3224,仮,0,0,0,0,10,,,2,2,,,,
12Q-411BA40-JTEC,1,10,LA,3224,仮,0,0,0,0,10,,,2,2,,,,
12Q-411BAB42-JTEC,1,10,LA,3224,仮,0,0,0,0,10,,,2,2,,,,
12Q-411FB38-1,1,10,LA,3224,仮,0,0,0,0,10,,,2,2,,,,
12Q-411FB38-JTEC,1,10,LA,3224,仮,0,0,0,0,10,,,2,2,,,,
12Q-411GA31-JTEC,1,10,LA,3224,仮,0,0,0,0,10,,,2,2,,,,
12Q-411MB31-JTEC,1,10,LA,3224,仮,0,0,0,0,10,,,2,2,,,,
12Q-411NB31-JTEC,1,10,LA,3224,仮,0,0,0,0,10,,,2,2,,,,
13-365BA,1,10,PA,1515,仮,0,0,0,0,10,,,2,2,,,,
13-365BB,1,10,PA,1515,仮,0,0,0,0,10,,,2,2,,,,
13-450,1,10,PA,3861,仮,0,0,0,0,10,,,2,2,,,,
13-455,1,10,PA,1515,仮,0,0,20,0,10,,,2,2,,,,
13-456B,1,10,PA,1515,仮,0,0,0,0,10,,,2,2,,,,
13-458A,1,10,PA,1515,仮,0,0,0,0,10,,,2,2,,,,
13-458B,1,10,PA,1515,仮,0,0,0,0,10,,,2,2,,,,
130-202AA0670,1,10,L,3254,仮,0,0,75,0,10,,,2,2,,,,
130-202AA0670,2,20,AO（無）,3070,仮,0,0,75,0,10,,,2,2,,,,
130-305DA,1,10,PA,無し,仮,0,0,0,0,10,,,2,2,,,,
130-309AA,1,10,PA,無し,仮,0,0,0,0,10,,,2,2,,,,
130-312AA,1,10,PL,1973,仮,0,0,0,0,10,,,2,2,,,,
131-106AA,1,10,PA,3406,仮,0,0,20,0,10,,,2,2,,,,
131-111AA,1,10,PA,3406,仮,0,0,30,0,10,,,2,2,,,,
131-112AA,1,10,PA,3406,仮,0,0,30,0,10,,,2,2,,,,
131-113AA,1,10,PA,3406,仮,0,0,30,0,10,,,2,2,,,,
131-114AA,1,10,PA,3406,仮,0,0,30,0,10,,,2,2,,,,
131-115AA,1,10,PA,3406,仮,0,0,30,0,10,,,2,2,,,,
131-116AA,1,10,PA,3406,仮,0,0,30,0,10,,,2,2,,,,
131-117AA,1,10,PA,3406,仮,0,0,30,0,10,,,2,2,,,,
131-118AA,1,10,PA,3406,仮,0,0,30,0,10,,,2,2,,,,
131-119AA,1,10,PA,3406,仮,0,0,30,0,10,,,2,2,,,,
131-120AA,1,10,PA,3406,仮,0,0,30,0,10,,,2,2,,,,
131-121AA,1,10,PA,3406,仮,0,0,30,0,10,,,2,2,,,,
131-122AA,1,10,PA,3406,仮,0,0,30,0,10,,,2,2,,,,
131-123AA,1,10,PA,3406,仮,0,0,30,0,10,,,2,2,,,,
131-124AA,1,10,PA,3406,仮,0,0,30,0,10,,,2,2,,,,
131-125AA,1,10,PA,3406,仮,0,0,30,0,10,,,2,2,,,,
131-126AA,1,10,PA,3406,仮,0,0,30,0,10,,,2,2,,,,
131-126BA,1,10,PA,3406,仮,0,0,30,0,10,,,2,2,,,,
131-127AA,1,10,PA,3406,仮,0,0,30,0,10,,,2,2,,,,
131-127BA,1,10,PA,3406,仮,0,0,30,0,10,,,2,2,,,,
131-127CA,1,10,PA,3406,仮,0,0,30,0,10,,,2,2,,,,
131-127DA,1,10,PA,3406,仮,0,0,30,0,10,,,2,2,,,,
131-128AA,1,10,PA,3406,仮,0,0,30,0,10,,,2,2,,,,
131-128BA,1,10,PA,3406,仮,0,0,30,0,10,,,2,2,,,,
131-129AA,1,10,PA,3406,仮,0,0,30,0,10,,,2,2,,,,
131-130AA,1,10,PA,3406,仮,0,0,30,0,10,,,2,2,,,,
131-130BA,1,10,PA,3406,仮,0,0,30,0,10,,,2,2,,,,
131-131AA,1,10,PA,3406,仮,0,0,30,0,10,,,2,2,,,,
131-131BA,1,10,PA,3406,仮,0,0,30,0,10,,,2,2,,,,
131-132AA,1,10,PA,3406,仮,0,0,30,0,10,,,2,2,,,,
131-701AA,1,10,PA,3406,仮,0,0,30,0,10,,,2,2,,,,
1331-105-8AW30,1,10,PA,3406,仮,0,0,0,0,10,,,2,2,,,,
1331-105-8BW30,1,10,PA,3406,仮,0,0,0,0,10,,,2,2,,,,
1331-105-8CW30,1,10,PA,9999,仮,0,0,0,0,10,,,2,2,,,,
1331-105-8CW38,1,10,PA,9999,仮,0,0,0,0,10,,,2,2,,,,
1331-105-8DW30,1,10,PA,9999,仮,0,0,0,0,10,,,2,2,,,,
1331-105-8DW38,1,10,PA,9999,仮,0,0,0,0,10,,,2,2,,,,
1331-105-9ABW30,1,10,PA,3406,仮,0,0,0,0,10,,,2,2,,,,
1331-105-9ABW38,1,10,PA,3406,仮,0,0,0,0,10,,,2,2,,,,
1331-105-9AW30,1,10,PA,9999,仮,0,0,0,0,10,,,2,2,,,,
1331-105-9AW38,1,10,PA,9999,仮,0,0,0,0,10,,,2,2,,,,
1331-105-9BBW30,1,10,PA,3406,仮,0,0,0,0,10,,,2,2,,,,
1331-105-9BBW38,1,10,PA,3406,仮,0,0,0,0,10,,,2,2,,,,
1331-105-9BW30,1,10,PA,9999,仮,0,0,0,0,10,,,2,2,,,,
1331-105-9BW38,1,10,PA,9999,仮,0,0,0,0,10,,,2,2,,,,
1331-105-9DW30,1,10,PA,無し,仮,0,0,0,0,10,,,2,2,,,,
1331-105-9DW38,1,10,PA,無し,仮,0,0,0,0,10,,,2,2,,,,
1331-105-9GA30,1,10,PA,3406,仮,0,0,0,0,10,,,2,2,,,,
1331-105-9GA38,1,10,PA,3406,仮,0,0,0,0,10,,,2,2,,,,
1331-105-9HA30,1,10,PA,3406,仮,0,0,0,0,10,,,2,2,,,,
1331-105-9HA38,1,10,PA,3406,仮,0,0,0,0,10,,,2,2,,,,
1331-105-9JA30,1,10,PA,3406,仮,0,0,0,0,10,,,2,2,,,,
1331-105-9JA38,1,10,PA,3406,仮,0,0,0,0,10,,,2,2,,,,
1331-105-9KA30,1,10,PA,3406,仮,0,0,0,0,10,,,2,2,,,,
1331-105-9KA38,1,10,PA,3406,仮,0,0,0,0,10,,,2,2,,,,
1331-105-9LA38,1,10,PA,9999,仮,0,0,0,0,10,,,2,2,,,,
1331-105-9MA38,1,10,PA,9999,仮,0,0,0,0,10,,,2,2,,,,
1331-105-9NA38,1,10,PA,9999,仮,0,0,0,0,10,,,2,2,,,,
1331-105-9PA38,1,10,PA,9999,仮,0,0,0,0,10,,,2,2,,,,
1331-105-9QA38,1,10,PA,3406,仮,0,0,0,0,10,,,2,2,,,,
1331-105-9RA38,1,10,PA,3406,仮,0,0,0,0,10,,,2,2,,,,
1331-105-9SA38,1,10,PA,9999,仮,0,0,0,0,10,,,2,2,,,,
1331-105-9TA38,1,10,PA,3406,仮,0,0,0,0,10,,,2,2,,,,
1331-108AA,1,10,PL,3861,仮,0,0,0,0,10,,,2,2,,,,
1331-125AA,1,10,PA,3406,仮,0,0,30,0,10,,,2,2,,,,
1331-127AA,1,10,PA,3406,仮,0,0,30,0,10,,,2,2,,,,
1331-127CA,1,10,PA,3406,仮,0,0,30,0,10,,,2,2,,,,
1331-127CB,1,10,PA,3406,仮,0,0,0,0,10,,,2,2,,,,
1331-127CC,1,10,PA,3406,仮,0,0,30,0,10,,,2,2,,,,
1331-127DA,1,10,PA,3406,仮,0,0,30,0,10,,,2,2,,,,
1331-12A01AA30,1,10,PA,3406,仮,0,0,0,0,10,,,2,2,,,,
1331-12A01AA38,1,10,PA,3406,仮,0,0,0,0,10,,,2,2,,,,
1331-12A01CA38,1,10,PA,1515,仮,0,0,0,0,10,,,2,2,,,,
1331-12A01CB38,1,10,PA,3406,仮,0,0,0,0,10,,,2,2,,,,
1331-12A01DA30,1,10,PA,3406,仮,0,0,0,0,10,,,2,2,,,,
1331-12A01DA38,1,10,PA,3406,仮,0,0,0,0,10,,,2,2,,,,
1331-12A01DB30,1,10,PA,3406,仮,0,0,0,0,10,,,2,2,,,,
1331-12A01DB38,1,10,PA,3406,仮,0,0,0,0,10,,,2,2,,,,
1331-12A01DC30,1,10,PA,3406,仮,0,0,0,0,10,,,2,2,,,,
1331-12A01EA30,1,10,PA,3406,仮,0,0,0,0,10,,,2,2,,,,
1331-12A01EA38,1,10,PA,3406,仮,0,0,0,0,10,,,2,2,,,,
1331-12A02AA30,1,10,PA,3406,仮,0,0,0,0,10,,,2,2,,,,
1331-12A02BA30,1,10,PA,無し,仮,0,0,0,0,10,,,2,2,,,,
1331-12A02BA38,1,10,PA,無し,仮,0,0,0,0,10,,,2,2,,,,
1331-12A11AA30,1,10,PA,3406,仮,0,0,0,0,10,,,2,2,,,,
1331-12A11BA30,1,10,PA,3406,仮,0,0,0,0,10,,,2,2,,,,
1331-12A11BA38,1,10,PA,3406,仮,0,0,0,0,10,,,2,2,,,,
1331-12A11BB30,1,10,PA,3406,仮,0,0,0,0,10,,,2,2,,,,
1331-12A11BB38,1,10,PA,3406,仮,0,0,0,0,10,,,2,2,,,,
1331-12A11BC30,1,10,PA,3406,仮,0,0,0,0,10,,,2,2,,,,
1331-12A11BC38,1,10,PA,3406,仮,0,0,0,0,10,,,2,2,,,,
1331-12A11CA30,1,10,PA,3406,仮,0,0,0,0,10,,,2,2,,,,
1331-12A11CA38,1,10,PA,3406,仮,0,0,0,0,10,,,2,2,,,,
1331-12A11DA30,1,10,PA,3406,仮,0,0,0,0,10,,,2,2,,,,
1331-12A11DA38,1,10,PA,3406,仮,0,0,0,0,10,,,2,2,,,,
1331-12A11EA38,1,10,PA,3406,仮,0,0,0,0,10,,,2,2,,,,
1331-12A21AA30,1,10,PA,9999,仮,0,0,0,0,10,,,2,2,,,,
1331-12A21AA30SE,1,10,PA,9999,仮,0,0,0,0,10,,,2,2,,,,
1331-12A21AA38,1,10,PA,3406,仮,0,0,0,0,10,,,2,2,,,,
1331-12A22AA30,1,10,PA,3406,仮,0,0,0,0,10,,,2,2,,,,
1331-12A23AA30,1,10,PA,3406,仮,0,0,0,0,10,,,2,2,,,,
1331-12A23AA38,1,10,PA,3406,仮,0,0,0,0,10,,,2,2,,,,
1331-201EA2200,1,10,L,3254,仮,0,0,75,0,10,,,2,2,,,,
1331-201EA2200,2,20,AO（無）,3070,仮,0,0,75,0,10,,,2,2,,,,
1331-201EA2650,1,10,L,3254,仮,0,0,75,0,10,,,2,2,,,,
1331-201EA2650,2,20,AO（無）,3070,仮,0,0,75,0,10,,,2,2,,,,
1331-201GA2500-1,1,10,L,3254,仮,0,0,75,0,10,,,2,2,,,,
1331-201GA2500-1,2,20,AO（無）,3070,仮,0,0,75,0,10,,,2,2,,,,
1331-201HA2200,1,10,L,3254,仮,0,0,75,0,10,,,2,2,,,,
1331-201HA2200,2,20,AO（無）,3070,仮,0,0,75,0,10,,,2,2,,,,
1331-201HA2500,1,10,L,3254,仮,0,0,75,0,10,,,2,2,,,,
1331-201HA2500,2,20,AO（無）,3070,仮,0,0,75,0,10,,,2,2,,,,
1331-201HA2650,1,10,L,3254,仮,0,0,75,0,10,,,2,2,,,,
1331-201HA2650,2,20,AO（無）,3070,仮,0,0,75,0,10,,,2,2,,,,
1331-201HA2900,1,10,L,3254,仮,0,0,75,0,10,,,2,2,,,,
1331-201HA2900,2,20,AO（無）,3070,仮,0,0,75,0,10,,,2,2,,,,
1331-201JA2200-1,1,10,L,3254,仮,0,0,75,0,10,,,2,2,,,,
1331-201JA2200-1,2,20,AO（無）,3070,仮,0,0,75,0,10,,,2,2,,,,
1331-201JA2200S-1,1,10,L,3254,仮,0,0,75,0,10,,,2,2,,,,
1331-201JA2200S-1,2,20,AO（無）,3070,仮,0,0,75,0,10,,,2,2,,,,
1331-201JA2500-1,1,10,L,3254,仮,0,0,75,0,10,,,2,2,,,,
1331-201JA2500-1,2,20,AO（無）,3070,仮,0,0,75,0,10,,,2,2,,,,
1331-201JA2500S-1,1,10,L,3254,仮,0,0,75,0,10,,,2,2,,,,
1331-201JA2500S-1,2,20,AO（無）,3070,仮,0,0,75,0,10,,,2,2,,,,
1331-201JA2500T-1,1,10,L,3254,仮,0,0,75,0,10,,,2,2,,,,
1331-201JA2500T-1,2,20,AO（無）,3070,仮,0,0,75,0,10,,,2,2,,,,
1331-201JA2650-1,1,10,L,3254,仮,0,0,75,0,10,,,2,2,,,,
1331-201JA2650-1,2,20,AO（無）,3070,仮,0,0,75,0,10,,,2,2,,,,
1331-201KA2200,1,10,L,3254,仮,0,0,40,0,10,,,2,2,,,,
1331-201KA2200,2,20,AO（無）,3070,仮,0,0,40,0,10,,,2,2,,,,
1331-201KA2300,1,10,L,3254,仮,0,0,40,0,10,,,2,2,,,,
1331-201KA2300,2,20,AO（無）,3070,仮,0,0,40,0,10,,,2,2,,,,
1331-201KA2500,1,10,L,3254,仮,0,0,40,0,10,,,2,2,,,,
1331-201KA2500,2,20,AO（無）,3070,仮,0,0,40,0,10,,,2,2,,,,
1331-201LA2200,1,10,L,3254,仮,0,0,75,0,10,,,2,2,,,,
1331-201LA2200,2,20,AO（無）,3070,仮,0,0,75,0,10,,,2,2,,,,
1331-201LA2300,1,10,L,3254,仮,0,0,75,0,10,,,2,2,,,,
1331-201LA2300,2,20,AO（無）,無し,仮,0,0,75,0,10,,,2,2,,,,
1331-201LA2350,1,10,L,3254,仮,0,0,75,0,10,,,2,2,,,,
1331-201LA2350,2,20,AO（無）,3070,仮,0,0,75,0,10,,,2,2,,,,
1331-201LA2500,1,10,L,3254,仮,0,0,75,0,10,,,2,2,,,,
1331-201LA2500,2,20,AO（無）,3070,仮,0,0,75,0,10,,,2,2,,,,
1331-201LA2650,1,10,L,3254,仮,0,0,75,0,10,,,2,2,,,,
1331-201LA2650,2,20,AO（無）,3070,仮,0,0,75,0,10,,,2,2,,,,
1331-201MA2200-1,1,10,L,3254,仮,0,0,75,0,10,,,2,2,,,,
1331-201MA2200-1,2,20,AO（無）,3070,仮,0,0,75,0,10,,,2,2,,,,
1331-201MA2500-1,1,10,L,3254,仮,0,0,75,0,10,,,2,2,,,,
1331-201MA2500-1,2,20,AO（無）,3070,仮,0,0,75,0,10,,,2,2,,,,
1331-201MA2500T-1,1,10,L,3254,仮,0,0,75,0,10,,,2,2,,,,
1331-201MA2500T-1,2,20,AO（無）,3070,仮,0,0,75,0,10,,,2,2,,,,
1331-202AB2200,1,10,L,3254,仮,0,0,75,0,10,,,2,2,,,,
1331-202AB2200,2,20,AO（無）,3070,仮,0,0,75,0,10,,,2,2,,,,
1331-202AB2500,1,10,L,3254,仮,0,0,75,0,10,,,2,2,,,,
1331-202AB2500,2,20,AO（無）,3070,仮,0,0,75,0,10,,,2,2,,,,
1331-202CA2200,1,10,L,3254,仮,0,0,75,0,10,,,2,2,,,,
1331-202CA2200,2,20,AO（無）,3070,仮,0,0,75,0,10,,,2,2,,,,
1331-202CA2500,1,10,L,3254,仮,0,0,75,0,10,,,2,2,,,,
1331-202CA2500,2,20,AO（無）,3070,仮,0,0,75,0,10,,,2,2,,,,
1331-202CA2650,1,10,L,3254,仮,0,0,75,0,10,,,2,2,,,,
1331-202CA2650,2,20,AO（無）,3070,仮,0,0,75,0,10,,,2,2,,,,
1331-202DA2200,1,10,L,3254,仮,0,0,75,0,10,,,2,2,,,,
1331-202DA2200,2,20,AO（無）,3070,仮,0,0,75,0,10,,,2,2,,,,
1331-202DA2300,1,10,L,3254,仮,0,0,75,0,10,,,2,2,,,,
1331-202DA2300,2,20,AO（無）,無し,仮,0,0,75,0,10,,,2,2,,,,
1331-202DA2350,1,10,L,3254,仮,0,0,75,0,10,,,2,2,,,,
1331-202DA2350,2,20,AO（無）,3070,仮,0,0,75,0,10,,,2,2,,,,
1331-202DA2500,1,10,L,3254,仮,0,0,75,0,10,,,2,2,,,,
1331-202DA2500,2,20,AO（無）,3070,仮,0,0,75,0,10,,,2,2,,,,
1331-202DA2650,1,10,L,3254,仮,0,0,75,0,10,,,2,2,,,,
1331-202DA2650,2,20,AO（無）,3070,仮,0,0,75,0,10,,,2,2,,,,
1331-202DA2900,1,10,L,3254,仮,0,0,75,0,10,,,2,2,,,,
1331-202DA2900,2,20,AO（無）,3070,仮,0,0,75,0,10,,,2,2,,,,
1331-202EA2200,1,10,L,3254,仮,0,0,40,0,10,,,2,2,,,,
1331-202EA2200,2,20,AO（無）,3070,仮,0,0,40,0,10,,,2,2,,,,
1331-202EA2300,1,10,L,3254,仮,0,0,40,0,10,,,2,2,,,,
1331-202EA2300,2,20,AO（無）,3070,仮,0,0,40,0,10,,,2,2,,,,
1331-202EA2500,1,10,L,3254,仮,0,0,40,0,10,,,2,2,,,,
1331-202EA2500,2,20,AO（無）,3070,仮,0,0,40,0,10,,,2,2,,,,
1331-202FA2500-1,1,10,L,3254,仮,0,0,75,0,10,,,2,2,,,,
1331-202FA2500-1,2,20,AO（無）,3070,仮,0,0,75,0,10,,,2,2,,,,
1331-202FA2500S-1,1,10,L,3254,仮,0,0,75,0,10,,,2,2,,,,
1331-202FA2500S-1,2,20,AO（無）,3070,仮,0,0,75,0,10,,,2,2,,,,
1331-202FA2500T-1,1,10,L,3254,仮,0,0,75,0,10,,,2,2,,,,
1331-202FA2500T-1,2,20,AO（無）,3070,仮,0,0,75,0,10,,,2,2,,,,
1331-204FB2200,1,10,L,3254,仮,0,0,75,0,10,,,2,2,,,,
1331-204FB2200,2,20,AO（無）,3070,仮,0,0,75,0,10,,,2,2,,,,
1331-204FB2500,1,10,L,3254,仮,0,0,75,0,10,,,2,2,,,,
1331-204FB2500,2,20,AO（無）,3070,仮,0,0,75,0,10,,,2,2,,,,
1331-204FB2650,1,10,L,3254,仮,0,0,75,0,10,,,2,2,,,,
1331-204FB2650,2,20,AO（無）,3070,仮,0,0,75,0,10,,,2,2,,,,
1331-204GA2200,1,10,L,3254,仮,0,0,75,0,10,,,2,2,,,,
1331-204GA2500,1,10,L,3254,仮,0,0,75,0,10,,,2,2,,,,
1331-204GA2650,1,10,L,3254,仮,0,0,75,0,10,,,2,2,,,,
1331-204GA2900,1,10,L,3254,仮,0,0,40,0,10,,,2,2,,,,
1331-204HA2200,1,10,L,3254,仮,0,0,75,0,10,,,2,2,,,,
1331-204HA2200,2,20,AO（無）,3070,仮,0,0,75,0,10,,,2,2,,,,
1331-204HA2500,1,10,L,3254,仮,0,0,75,0,10,,,2,2,,,,
1331-204HA2500,2,20,AO（無）,3070,仮,0,0,75,0,10,,,2,2,,,,
1331-204HA2650,1,10,L,3254,仮,0,0,75,0,10,,,2,2,,,,
1331-204HA2650,2,20,AO（無）,3070,仮,0,0,75,0,10,,,2,2,,,,
1331-204HA2900,1,10,L,3254,仮,0,0,75,0,10,,,2,2,,,,
1331-204HA2900,2,20,AO（無）,3070,仮,0,0,75,0,10,,,2,2,,,,
1331-204JA2200,1,10,L,3254,仮,0,0,40,0,10,,,2,2,,,,
1331-204JA2200,2,20,AO（無）,3070,仮,0,0,40,0,10,,,2,2,,,,
1331-204JA2300,1,10,L,3254,仮,0,0,40,0,10,,,2,2,,,,
1331-204JA2300,2,20,AO（無）,3070,仮,0,0,40,0,10,,,2,2,,,,
1331-204KA2200,1,10,L,3254,仮,0,0,40,0,10,,,2,2,,,,
1331-204KA2200,2,20,AO（無）,3070,仮,0,0,40,0,10,,,2,2,,,,
1331-204KA2300,1,10,L,3254,仮,0,0,40,0,10,,,2,2,,,,
1331-204KA2300,2,20,AO（無）,3070,仮,0,0,40,0,10,,,2,2,,,,
1331-204LA2200,1,10,L,3254,仮,0,0,75,0,10,,,2,2,,,,
1331-204LA2200,2,20,AO（無）,3070,仮,0,0,75,0,10,,,2,2,,,,
1331-204LA2300,1,10,L,3254,仮,0,0,75,0,10,,,2,2,,,,
1331-204LA2300,2,20,AO（無）,無し,仮,0,0,75,0,10,,,2,2,,,,
1331-204LA2350,1,10,L,3254,仮,0,0,75,0,10,,,2,2,,,,
1331-204LA2350,2,20,AO（無）,3070,仮,0,0,75,0,10,,,2,2,,,,
1331-204LA2500,1,10,L,3254,仮,0,0,75,0,10,,,2,2,,,,
1331-204LA2500,2,20,AO（無）,3070,仮,0,0,75,0,10,,,2,2,,,,
1331-204LA2650,1,10,L,3254,仮,0,0,75,0,10,,,2,2,,,,
1331-204LA2650,2,20,AO（無）,3070,仮,0,0,75,0,10,,,2,2,,,,
1331-207HC2350,1,10,PA,3406,仮,0,0,0,0,10,,,2,2,,,,
1331-207HC2650,1,10,PA,3406,仮,0,0,0,0,10,,,2,2,,,,
1331-207HC2900,1,10,PA,3406,仮,0,0,0,0,10,,,2,2,,,,
1331-207JA2900,1,10,PA,3406,仮,0,0,0,0,10,,,2,2,,,,
1331-210FA,1,10,MC,3399,仮,0,0,0,0,10,,,2,2,,,,
1331-210FA,2,20,PA,3399,仮,0,0,0,0,10,,,2,2,,,,
1331-211FB,1,10,MC,3399,仮,0,0,0,0,10,,,2,2,,,,
1331-211FB,2,20,PA,3399,仮,0,0,0,0,10,,,2,2,,,,
1331-212CA,1,10,PA,9999,仮,0,0,0,0,10,,,2,2,,,,
1331-212GA,1,10,PA,9999,仮,0,0,0,0,10,,,2,2,,,,
1331-212HA,1,10,PA,9999,仮,0,0,0,0,10,,,2,2,,,,
1331-212MA,1,10,PA,3406,仮,0,0,5,0,10,,,2,2,,,,
1331-212QA,1,10,PA,3406,仮,0,0,0,0,10,,,2,2,,,,
1331-213GB,1,10,PA,9999,仮,0,0,5,0,10,,,2,2,,,,
1331-220DB,1,10,PA,3406,仮,0,0,75,0,10,,,2,2,,,,
1331-232EB,1,10,PA,無し,仮,0,0,75,0,10,,,2,2,,,,
1331-232FB,1,10,PA,無し,仮,0,0,75,0,10,,,2,2,,,,
1331-233BA,1,10,PA,3399,仮,0,0,0,0,10,,,2,2,,,,
1331-234BA,1,10,PL,無し,仮,0,0,75,0,10,,,2,2,,,,
1331-250AA-2A,1,10,PL,1973,仮,0,0,0,0,10,,,2,2,,,,
1331-250DC2200,1,10,PA,3406,仮,0,0,0,0,10,,,2,2,,,,
1331-250DC2500,1,10,PA,3406,仮,0,0,0,0,10,,,2,2,,,,
1331-250DC2650,1,10,PA,3406,仮,0,0,20,0,10,,,2,2,,,,
1331-250MA2200,1,10,PA,3406,仮,0,0,0,0,10,,,2,2,,,,
1331-250MB2200,1,10,PA,3406,仮,0,0,0,0,10,,,2,2,,,,
1331-250NA2200,1,10,PA,3406,仮,0,0,0,0,10,,,2,2,,,,
1331-250NA2300,1,10,PA,3406,仮,0,0,0,0,10,,,2,2,,,,
1331-250NA2500,1,10,PA,3406,仮,0,0,0,0,10,,,2,2,,,,
1331-251AA0765-1,1,10,L,3254,仮,0,0,10,0,10,,,2,2,,,,
1331-251AA1240-1,1,10,L,3254,仮,0,0,10,0,10,,,2,2,,,,
1331-251AA1240-TS,1,10,L,3254,仮,0,0,75,0,10,,,2,2,,,,
1331-251AA1298-1,1,10,L,3254,仮,0,0,10,0,10,,,2,2,,,,
1331-251AA1350-1,1,10,L,3254,仮,0,0,10,0,10,,,2,2,,,,
1331-251AA1438-1,1,10,L,3254,仮,0,0,10,0,10,,,2,2,,,,
1331-251AA1548-1,1,10,L,3254,仮,0,0,10,0,10,,,2,2,,,,
1331-251AA1587-1,1,10,L,3254,仮,0,0,10,0,10,,,2,2,,,,
1331-251AA1748-1,1,10,L,3254,仮,0,0,10,0,10,,,2,2,,,,
1331-251AA2220-1,1,10,L,3254,仮,0,0,10,0,10,,,2,2,,,,
1331-251AA2230-1,1,10,L,3254,仮,0,0,0,0,10,,,2,2,,,,
1331-251AA2330-1,1,10,L,無し,仮,0,0,10,0,10,,,2,2,,,,
1331-251AA2380-1,1,10,L,3254,仮,0,0,10,0,10,,,2,2,,,,
1331-251AA2520-1,1,10,L,3254,仮,0,0,10,0,10,,,2,2,,,,
1331-251AA2530-1,1,10,L,3254,仮,0,0,10,0,10,,,2,2,,,,
1331-251AA2670-1,1,10,L,3254,仮,0,0,10,0,10,,,2,2,,,,
1331-251AA2680-1,1,10,L,3254,仮,0,0,10,0,10,,,2,2,,,,
1331-253EA,1,10,PL,1973,仮,0,0,0,0,10,,,2,2,,,,
1331-253EB,1,10,PL,1973,仮,0,0,20,0,10,,,2,2,,,,
1331-253EC,1,10,PL,無し,仮,0,0,20,0,10,,,2,2,,,,
1331-257DB2200-1,1,10,L,3254,仮,0,0,0,0,10,,,2,2,,,,
1331-257DB2350-1,1,10,L,3254,仮,0,0,20,0,10,,,2,2,,,,
1331-257DB2500-1,1,10,L,3254,仮,0,0,20,0,10,,,2,2,,,,
1331-257DB2650-1,1,10,L,3254,仮,0,0,20,0,10,,,2,2,,,,
1331-259HA2200-1A,1,10,L,3254,仮,0,0,75,0,10,,,2,2,,,,
1331-259HA2500-1A,1,10,L,3254,仮,0,0,20,0,10,,,2,2,,,,
1331-259HA2650-1A,1,10,L,3254,仮,0,0,30,0,10,,,2,2,,,,
1331-259JA2200-1A,1,10,L,3254,仮,0,0,75,0,10,,,2,2,,,,
1331-259JA2300-1A,1,10,L,3254,仮,0,0,75,0,10,,,2,2,,,,
1331-259JA2500-1A,1,10,L,3254,仮,0,0,75,0,10,,,2,2,,,,
1331-259JA2650-1A,1,10,L,3254,仮,0,0,75,0,10,,,2,2,,,,
1331-259JA2900-1A,1,10,L,3254,仮,0,0,20,0,10,,,2,2,,,,
1331-259LA2200,1,10,L,3254,仮,0,0,75,0,10,,,2,2,,,,
1331-259LA2200,2,20,AO（無）,3070,仮,0,0,75,0,10,,,2,2,,,,
1331-259NA2200,1,10,L1,3254,仮,0,0,75,0,10,,,2,2,,,,
1331-259NA2200,2,20,L2,3254,仮,0,0,75,0,10,,,2,2,,,,
1331-259NA2200,3,30,PL,3999,仮,0,0,75,0,10,,,2,2,,,,
1331-259RA2200-1A,1,10,L,3254,仮,0,0,75,0,10,,,2,2,,,,
1331-259RA2500-1A,1,10,L,3254,仮,0,0,75,0,10,,,2,2,,,,
1331-259RA2650-1A,1,10,L,3254,仮,0,0,75,0,10,,,2,2,,,,
1331-261AA-RE,1,10,L,3994,仮,0,0,50,0,10,,,2,2,,,,
1331-270AA,1,10,PA,3406,仮,0,0,30,0,10,,,2,2,,,,
1331-270BA,1,10,PA,無し,仮,0,0,75,0,10,,,2,2,,,,
1331-270CA,1,10,PA,3406,仮,0,0,75,0,10,,,2,2,,,,
1331-270DA,1,10,PA,無し,仮,0,0,75,0,10,,,2,2,,,,
1331-274AA,1,10,PL,3861,仮,0,0,23,0,10,,,2,2,,,,
1331-274EA,1,10,PL,3861,仮,0,0,15,0,10,,,2,2,,,,
1331-290DA,1,10,MC,3399,仮,0,0,0,0,10,,,2,2,,,,
1331-290DA,2,20,PA,1800,仮,0,0,0,0,10,,,2,2,,,,
1331-290HA,1,10,MC,3399,仮,0,0,0,0,10,,,2,2,,,,
1331-290HA,2,20,PA,3399,仮,0,0,0,0,10,,,2,2,,,,
1331-290KA,1,10,MC,3523,仮,0,0,0,0,10,,,2,2,,,,
1331-290KA,2,20,PA,3399,仮,0,0,0,0,10,,,2,2,,,,
1331-290MA,1,10,MC,3523,仮,0,0,0,0,10,,,2,2,,,,
1331-290MA,2,20,PA,3399,仮,0,0,0,0,10,,,2,2,,,,
1331-290QB,1,10,MC,3523,仮,0,0,0,0,10,,,2,2,,,,
1331-290QB,2,20,PA,3399,仮,0,0,0,0,10,,,2,2,,,,
1331-290RA,1,10,MC,3523,仮,0,0,0,0,10,,,2,2,,,,
1331-290RA,2,20,PA,3399,仮,0,0,0,0,10,,,2,2,,,,
1331-290TA,1,10,MC,3523,仮,0,0,0,0,10,,,2,2,,,,
1331-290TA,2,20,PA,3399,仮,0,0,0,0,10,,,2,2,,,,
1331-290TB,1,10,PA,1515,仮,0,0,0,0,10,,,2,2,,,,
1331-290TC,1,10,PA,1515,仮,0,0,0,0,10,,,2,2,,,,
1331-290VA,1,10,MC,3399,仮,0,0,0,0,10,,,2,2,,,,
1331-290VA,2,20,PA,3399,仮,0,0,0,0,10,,,2,2,,,,
1331-293DA,1,10,PA,無し,仮,0,0,75,0,10,,,2,2,,,,
1331-307AA,1,10,PA,3406,仮,0,0,0,0,10,,,2,2,,,,
1331-307BA,1,10,PA,3406,仮,0,0,0,0,10,,,2,2,,,,
1331-307CA,1,10,PA,3406,仮,0,0,0,0,10,,,2,2,,,,
1331-307DA,1,10,PA,3406,仮,0,0,0,0,10,,,2,2,,,,
1331-307EA,1,10,PA,3406,仮,0,0,0,0,10,,,2,2,,,,
1331-307EB,1,10,PA,3406,仮,0,0,0,0,10,,,2,2,,,,
1331-307FA,1,10,PA,3406,仮,0,0,0,0,10,,,2,2,,,,
1331-307FB,1,10,PA,3406,仮,0,0,0,0,10,,,2,2,,,,
1331-307GA,1,10,PA,3406,仮,0,0,0,0,10,,,2,2,,,,
1331-307GB,1,10,PA,3406,仮,0,0,0,0,10,,,2,2,,,,
1331-307GC,1,10,PA,3406,仮,0,0,0,0,10,,,2,2,,,,
1331-307HA,1,10,PA,3406,仮,0,0,0,0,10,,,2,2,,,,
1331-307HB,1,10,PA,3406,仮,0,0,0,0,10,,,2,2,,,,
1331-307JA,1,10,PA,3406,仮,0,0,0,0,10,,,2,2,,,,
1331-307JB,1,10,PA,3406,仮,0,0,0,0,10,,,2,2,,,,
1331-307JC,1,10,PA,3406,仮,0,0,0,0,10,,,2,2,,,,
1331-307JD,1,10,PA,3406,仮,0,0,0,0,10,,,2,2,,,,
1332-221CA,1,10,PA,1515,仮,0,0,70,0,10,,,2,2,,,,
1332-702AA,1,10,PL,1973,仮,0,0,0,0,10,,,2,2,,,,
1351-12A01AA30,1,10,PA,3406,仮,0,0,0,0,10,,,2,2,,,,
1351-12A01AA38,1,10,PA,3406,仮,0,0,0,0,10,,,2,2,,,,
1351-12A01BA30,1,10,PA,3406,仮,0,0,0,0,10,,,2,2,,,,
1351-12A01BA38,1,10,PA,3406,仮,0,0,0,0,10,,,2,2,,,,
1351-12A01CA30,1,10,PA,3406,仮,0,0,0,0,10,,,2,2,,,,
1351-12A01CA38,1,10,PA,3406,仮,0,0,0,0,10,,,2,2,,,,
1351-12A01DA38,1,10,PA,3406,仮,0,0,0,0,10,,,2,2,,,,
1351-12A01EA38,1,10,PA,3406,仮,0,0,0,0,10,,,2,2,,,,
1351-12A01FA30,1,10,PA,3406,仮,0,0,0,0,10,,,2,2,,,,
1351-12A01FA38,1,10,PA,3406,仮,0,0,0,0,10,,,2,2,,,,
1351-12A01GA38,1,10,PA,3406,仮,0,0,0,0,10,,,2,2,,,,
1351-12A01HA38,1,10,PA,3406,仮,0,0,0,0,10,,,2,2,,,,
1351-12A01JA38,1,10,PA,3406,仮,0,0,0,0,10,,,2,2,,,,
1351-12A01KA38,1,10,PA,3406,仮,0,0,0,0,10,,,2,2,,,,
1351-12T1138,1,10,PA,3406,仮,0,0,0,0,10,,,2,2,,,,
1351-12T1230,1,10,PA,3406,仮,0,0,5,0,10,,,2,2,,,,
1351-12T1238,1,10,PA,3406,仮,0,0,0,0,10,,,2,2,,,,
1351-443AA30,1,10,PA,無し,仮,0,0,0,0,10,,,2,2,,,,
1351-443CA30,1,10,PA,3406,仮,0,0,0,0,10,,,2,2,,,,
1351-443CA30-2A,1,10,PA,3406,仮,0,0,0,0,10,,,2,2,,,,
1351-443CA38,1,10,PA,3406,仮,0,0,0,0,10,,,2,2,,,,
1351-443CB30,1,10,PA,3406,仮,0,0,0,0,10,,,2,2,,,,
1351-443CB38,1,10,PA,3406,仮,0,0,0,0,10,,,2,2,,,,
1351-443DA38,1,10,PA,3406,仮,0,0,0,0,10,,,2,2,,,,
1351-443DB38,1,10,PA,3406,仮,0,0,0,0,10,,,2,2,,,,
1351-443EA3138,1,10,PA,3406,仮,0,0,0,0,10,,,2,2,,,,
1351-443EA38,1,10,PA,3406,仮,0,0,0,0,10,,,2,2,,,,
1351-443FA38,1,10,PA,3406,仮,0,0,0,0,10,,,2,2,,,,
1351-444BA,1,10,MC,3523,仮,0,0,0,0,10,,,2,2,,,,
1351-444BA,2,20,PA,3399,仮,0,0,0,0,10,,,2,2,,,,
1351-444CA,1,10,MC,3399,仮,0,0,0,0,10,,,2,2,,,,
1351-444CA,2,20,PA,3399,仮,0,0,0,0,10,,,2,2,,,,
1351-444DA,1,10,MC,3523,仮,0,0,0,0,10,,,2,2,,,,
1351-444EA,1,10,MC,3399,仮,0,0,0,0,10,,,2,2,,,,
1351-444EA,2,20,PA,3994,仮,0,0,0,0,10,,,2,2,,,,
1351-444FA,1,10,MC,3523,仮,0,0,0,0,10,,,2,2,,,,
1351-456AA30,1,10,PA,3406,仮,0,0,0,0,10,,,2,2,,,,
1355-12A02AA24,1,10,PA,3406,仮,0,0,0,0,10,,,2,2,,,,
1355-12A02BA24,1,10,PA,3406,仮,0,0,0,0,10,,,2,2,,,,
1355-307BB,1,10,PA,3406,仮,0,0,0,0,10,,,2,2,,,,
1355-307BC,1,10,PA,3406,仮,0,0,0,0,10,,,2,2,,,,
1355-307BD,1,10,PA,3406,仮,0,0,0,0,10,,,2,2,,,,
1355-310BA,1,10,PA,無し,仮,0,0,18,0,10,,,2,2,,,,
1355-420AA,1,10,PA,1515,仮,0,0,0,0,10,,,2,2,,,,
1355-421DA,1,10,PA,3406,仮,0,0,0,0,10,,,2,2,,,,
1355-421EA,1,10,PA,3406,仮,0,0,0,0,10,,,2,2,,,,
1355-432AA,1,10,PA,3406,仮,0,0,0,0,10,,,2,2,,,,
1355-443BA24,1,10,PA,無し,仮,0,0,0,0,10,,,2,2,,,,
1355-443CA24,1,10,PA,3406,仮,0,0,0,0,10,,,2,2,,,,
150-233DC,1,10,PL,無し,仮,0,0,20,0,10,,,2,2,,,,
150-233EA,1,10,PL,無し,仮,0,0,75,0,10,,,2,2,,,,
150-233EB,1,10,PL,無し,仮,0,0,75,0,10,,,2,2,,,,
150-233EC,1,10,PL,無し,仮,0,0,75,0,10,,,2,2,,,,
150-233ED,1,10,PL,無し,仮,0,0,75,0,10,,,2,2,,,,
150-253BB,1,10,PA,無し,仮,0,0,75,0,10,,,2,2,,,,
1531-12A01AA30,1,10,PA,3406,仮,0,0,0,0,10,,,2,2,,,,
1531-12A01AA38,1,10,PA,3406,仮,0,0,0,0,10,,,2,2,,,,
1531-12A01BA30,1,10,PA,3406,仮,0,0,0,0,10,,,2,2,,,,
1531-12A01BA38,1,10,PA,3406,仮,0,0,0,0,10,,,2,2,,,,
1531-12A01CA30,1,10,PA,3406,仮,0,0,0,0,10,,,2,2,,,,
1531-12A01CA38,1,10,PA,3406,仮,0,0,0,0,10,,,2,2,,,,
1531-12A01CA38-P,1,10,PA,3406,仮,0,0,0,0,10,,,2,2,,,,
1531-12A01DA38,1,10,PA,3406,仮,0,0,0,0,10,,,2,2,,,,
1531-12A01GA30,1,10,PA,3406,仮,0,0,0,0,10,,,2,2,,,,
1531-12A01GA38,1,10,PA,3406,仮,0,0,0,0,10,,,2,2,,,,
1531-12A01HA38,1,10,PA,3406,仮,0,0,0,0,10,,,2,2,,,,
1531-12A01JA38,1,10,PA,3406,仮,0,0,0,0,10,,,2,2,,,,
1531-12A01KA38,1,10,PA,3406,仮,0,0,0,0,10,,,2,2,,,,
1531-307AA,1,10,PA,3406,仮,0,0,0,0,10,,,2,2,,,,
1531-307AB,1,10,PA,3406,仮,0,0,0,0,10,,,2,2,,,,
1531-307BA,1,10,PA,3406,仮,0,0,0,0,10,,,2,2,,,,
1531-307BB,1,10,PA,3406,仮,0,0,0,0,10,,,2,2,,,,
1531-307CA,1,10,PA,3406,仮,0,0,0,0,10,,,2,2,,,,
1531-307CB,1,10,PA,3406,仮,0,0,0,0,10,,,2,2,,,,
1531-307CC,1,10,PA,3406,仮,0,0,0,0,10,,,2,2,,,,
1531-307DB,1,10,PA,3406,仮,0,0,0,0,10,,,2,2,,,,
1531-307DC,1,10,PA,3406,仮,0,0,0,0,10,,,2,2,,,,
1531-307EA,1,10,PA,9999,仮,0,0,0,0,10,,,2,2,,,,
1531-307FA,1,10,PA,3406,仮,0,0,0,0,10,,,2,2,,,,
1531-310BA,1,10,PA,9999,仮,0,0,20,0,10,,,2,2,,,,
1531-310BB,1,10,PA,9999,仮,0,0,20,0,10,,,2,2,,,,
1531-310CA,1,10,PA,3406,仮,0,0,20,0,10,,,2,2,,,,
1531-702AA,1,10,PL,3861,仮,0,0,3,0,10,,,2,2,,,,
1531-702BA,1,10,PL,1973,仮,0,0,3,0,10,,,2,2,,,,
1531-702CA,1,10,PL,1973,仮,0,0,0,0,10,,,2,2,,,,
1531-702DA,1,10,PL,1973,仮,0,0,0,0,10,,,2,2,,,,
1531-702EA,1,10,PL,3861,仮,0,0,0,0,10,,,2,2,,,,
1531-702FA,1,10,PL,1973,仮,0,0,3,0,10,,,2,2,,,,
1531-702GA,1,10,PL,3861,仮,0,0,3,0,10,,,2,2,,,,
1531-702HA,1,10,PL,3861,仮,0,0,3,0,10,,,2,2,,,,
1531-702JA,1,10,PL,3861,仮,0,0,3,0,10,,,2,2,,,,
1531-702KA,1,10,PL,3861,仮,0,0,3,0,10,,,2,2,,,,
1531-702LA,1,10,PL,無し,仮,0,0,3,0,10,,,2,2,,,,
1531-702MA0726,1,10,PA,1515,仮,0,0,3,0,10,,,2,2,,,,
1531-702MA1078,1,10,PA,1515,仮,0,0,3,0,10,,,2,2,,,,
1532-440GA30,1,10,L1,1800,仮,0,0,0,0,10,,,2,2,,,,
1532-443AA30,1,10,PA,3406,仮,0,0,0,0,10,,,2,2,,,,
1532-443BA26,1,10,PA,3406,仮,0,0,0,0,10,,,2,2,,,,
1532-443BA30,1,10,PA,3406,仮,0,0,0,0,10,,,2,2,,,,
1532-443BB26,1,10,PA,3305,仮,0,0,0,0,10,,,2,2,,,,
1535-444BA,1,10,PA,無し,仮,0,0,20,0,10,,,2,2,,,,
1535-702AA,1,10,PL,3861,仮,0,0,3,0,10,,,2,2,,,,
1535-702BA,1,10,PL,3861,仮,0,0,3,0,10,,,2,2,,,,
1536-443AA30,1,10,PA,3406,仮,0,0,0,0,10,,,2,2,,,,
1551-401AC38-ISHIKAWA,1,10,LA,3199,仮,0,0,0,0,10,,,2,2,,,,
1551-401AC38-ISHIKAWA-1,1,10,LA,3199,仮,0,0,0,0,10,,,2,2,,,,
1551-401BB38-ISHIKAWA,1,10,LA,3199,仮,0,0,0,0,10,,,2,2,,,,
1551-401BB38-ISHIKAWA-1,1,10,LA,3199,仮,0,0,0,0,10,,,2,2,,,,
1551-401CC38-ISHIKAWA,1,10,LA,3199,仮,0,0,0,0,10,,,2,2,,,,
1551-401CC38-ISHIKAWA-1,1,10,LA,3199,仮,0,0,0,0,10,,,2,2,,,,
1551-401DB38-ISHIKAWA,1,10,LA,3199,仮,0,0,0,0,10,,,2,2,,,,
1551-401DB38-ISHIKAWA-1,1,10,LA,3199,仮,0,0,0,0,10,,,2,2,,,,
1551-401FA38-ISHIKAWA,1,10,LA,3199,仮,0,0,0,0,10,,,2,2,,,,
1551-401FA38-ISHIKAWA-1,1,10,LA,3199,仮,0,0,0,0,10,,,2,2,,,,
1555-307AA38,1,10,PA,3406,仮,0,0,0,0,10,,,2,2,,,,
1555-307AB38,1,10,PA,3406,仮,0,0,0,0,10,,,2,2,,,,
1555-307BA38,1,10,PA,3406,仮,0,0,0,0,10,,,2,2,,,,
1555-444AA,1,10,PA,1515,仮,0,0,30,0,10,,,2,2,,,,
161-105BD38,1,10,PA,3406,仮,0,0,0,0,10,,,2,2,,,,
161-105BEN30-1A,1,10,PA,3406,仮,0,0,0,0,10,,,2,2,,,,
161-105BEN30-2A,1,10,PA,3406,仮,0,0,0,0,10,,,2,2,,,,
161-105BEN30-3A,1,10,PA,3406,仮,0,0,0,0,10,,,2,2,,,,
161-105BEN30-6A,1,10,PL,3861,仮,0,0,0,0,10,,,2,2,,,,
161-105BEN30-7A,1,10,PL,3861,仮,0,0,0,0,10,,,2,2,,,,
161-105BEN30-8A,1,10,PL,3861,仮,0,0,0,0,10,,,2,2,,,,
161-105CD38,1,10,PA,3406,仮,0,0,0,0,10,,,2,2,,,,
161-120CA30,1,10,PA,3406,仮,0,0,5,0,10,,,2,2,,,,
161-120CA38,1,10,PA,3406,仮,0,0,0,0,10,,,2,2,,,,
161-312AA,1,10,MV,1797,仮,0,0,0,0,10,,,2,2,,,,
161-312AA,2,20,PA,無し,仮,0,0,0,0,10,,,2,2,,,,
161-312BA,1,10,MV,1797,仮,0,0,0,0,10,,,2,2,,,,
161-312BA,2,20,PA,1515,仮,0,0,0,0,10,,,2,2,,,,
161-402CA30-JTEC,1,10,MC,3224,仮,0,0,0,0,10,,,2,2,,,,
161-402CA38-JTEC,1,10,MC,3224,仮,0,0,0,0,10,,,2,2,,,,
161-402CA38-L1-JTEC,1,10,MC,3224,仮,0,0,0,0,10,,,2,2,,,,
161-403CB38-1,1,10,L1,1797,仮,0,0,0,0,10,,,2,2,,,,
161-403CB38-1,2,20,MC,1797,仮,0,0,0,0,10,,,2,2,,,,
161-406DF34-1,1,10,L1,1797,仮,0,0,0,0,10,,,2,2,,,,
161-406DF34-1,2,20,LA,1797,仮,0,0,0,0,10,,,2,2,,,,
161-406DF34-1,3,30,LA,3279,仮,0,0,0,0,10,,,2,2,,,,
161-406DG31-1,1,10,L1,1797,仮,0,0,0,0,10,,,2,2,,,,
161-406DG31-1,2,20,LA,1797,仮,0,0,0,0,10,,,2,2,,,,
161-406DG31-1,3,30,LA,無し,仮,0,0,0,0,10,,,2,2,,,,
161-406EF31,1,10,L1,3279,仮,0,0,0,0,10,,,2,2,,,,
161-406EF31,2,20,LA,3279,仮,0,0,0,0,10,,,2,2,,,,
161-406EF31,3,30,LA,1797,仮,0,0,0,0,10,,,2,2,,,,
161-406JB33-KYOUEI,1,10,LA,3279,仮,0,0,0,0,10,,,2,2,,,,
161-413NA,1,10,MC,3199,仮,0,0,70,0,10,,,2,2,,,,
161-420CA,1,10,MV,1797,仮,0,0,0,0,10,,,2,2,,,,
161-420CA,2,20,PA,3861,仮,0,0,0,0,10,,,2,2,,,,
161-420EA,1,10,PA,1515,仮,0,0,25,0,10,,,2,2,,,,
161-420FA,1,10,PA,1515,仮,0,0,0,0,10,,,2,2,,,,
161-420HA,1,10,MV,1797,仮,0,0,0,0,10,,,2,2,,,,
161-420HA,2,20,PA,3861,仮,0,0,0,0,10,,,2,2,,,,
161-420JA,1,10,MV,1797,仮,0,0,0,0,10,,,2,2,,,,
161-420JA,2,20,PA,1515,仮,0,0,0,0,10,,,2,2,,,,
161-420KA,1,10,MV,1797,仮,0,0,0,0,10,,,2,2,,,,
161-420KA,2,20,PA,1515,仮,0,0,0,0,10,,,2,2,,,,
161-444HA,1,10,MC,3399,仮,0,0,0,0,10,,,2,2,,,,
161-444HA,2,20,PA,3399,仮,0,0,0,0,10,,,2,2,,,,
161-444NA,1,10,L,3399,仮,0,0,40,0,10,,,2,2,,,,
161-444PA,1,10,L,3399,仮,0,0,40,0,10,,,2,2,,,,
161-444QA,1,10,L,3399,仮,0,0,40,0,10,,,2,2,,,,
161-453GA,1,10,PA,1515,仮,0,0,23,0,10,,,2,2,,,,
161-453HA,1,10,PA,1515,仮,0,0,23,0,10,,,2,2,,,,
161-454EB,1,10,PA,1515,仮,0,0,5,0,10,,,2,2,,,,
162-105-4BE,1,10,PA,無し,仮,0,0,0,0,10,,,2,2,,,,
162-105-4BF,1,10,PA,無し,仮,0,0,0,0,10,,,2,2,,,,
162-105-4CE,1,10,PA,無し,仮,0,0,0,0,10,,,2,2,,,,
162-105-4CF,1,10,PA,3406,仮,0,0,20,0,10,,,2,2,,,,
162-105-4CSF,1,10,PA,3406,仮,0,0,0,0,10,,,2,2,,,,
162-105-4DF,1,10,PA,3406,仮,0,0,0,0,10,,,2,2,,,,
162-105-4DSF,1,10,PA,3406,仮,0,0,0,0,10,,,2,2,,,,
162-105FC38,1,10,PA,1515,仮,0,0,25,0,10,,,2,2,,,,
162-105GC38,1,10,PA,1515,仮,0,0,25,0,10,,,2,2,,,,
162-116CC,1,10,PA,1515,仮,0,0,20,0,10,,,2,2,,,,
162-116EB,1,10,PA,1515,仮,0,0,25,0,10,,,2,2,,,,
162-120AA26,1,10,PA,3406,仮,0,0,30,0,10,,,2,2,,,,
162-120AA38,1,10,PA,3406,仮,0,0,30,0,10,,,2,2,,,,
162-120BA30,1,10,PA,3406,仮,0,0,0,0,10,,,2,2,,,,
162-120CA30,1,10,PA,無し,仮,0,0,20,0,10,,,2,2,,,,
162-120DA30,1,10,PA,3406,仮,0,0,0,0,10,,,2,2,,,,
162-120DB30,1,10,PA,3406,仮,0,0,0,0,10,,,2,2,,,,
162-120DB38,1,10,PA,3406,仮,0,0,0,0,10,,,2,2,,,,
162-304BA230,1,10,PA,1515,仮,0,0,0,0,10,,,2,2,,,,
162-304CA140,1,10,PA,1515,仮,0,0,0,0,10,,,2,2,,,,
162-304CA170,1,10,PA,1515,仮,0,0,0,0,10,,,2,2,,,,
162-307GA,1,10,PA,3406,仮,0,0,0,0,10,,,2,2,,,,
162-307GB,1,10,PA,3406,仮,0,0,0,0,10,,,2,2,,,,
162-307GC,1,10,PA,3406,仮,0,0,0,0,10,,,2,2,,,,
162-307GD,1,10,PA,3406,仮,0,0,0,0,10,,,2,2,,,,
162-307HA,1,10,PA,3406,仮,0,0,0,0,10,,,2,2,,,,
162-307HB,1,10,PA,3406,仮,0,0,0,0,10,,,2,2,,,,
162-307JA,1,10,PA,3406,仮,0,0,0,0,10,,,2,2,,,,
162-307JB,1,10,PA,3406,仮,0,0,0,0,10,,,2,2,,,,
162-307KB,1,10,PA,3406,仮,0,0,0,0,10,,,2,2,,,,
162-307LA,1,10,PA,3406,仮,0,0,0,0,10,,,2,2,,,,
162-444GA,1,10,MC,3399,仮,0,0,0,0,10,,,2,2,,,,
162-444GA,2,20,PA,3399,仮,0,0,0,0,10,,,2,2,,,,
162-444GD,1,10,MC,3399,仮,0,0,0,0,10,,,2,2,,,,
162-444GD,2,20,PA,3399,仮,0,0,0,0,10,,,2,2,,,,
162-444JC,1,10,MC,3399,仮,0,0,0,0,10,,,2,2,,,,
162-444JC,2,20,PA,3399,仮,0,0,0,0,10,,,2,2,,,,
162-444JD,1,10,MC,無し,仮,0,0,0,0,10,,,2,2,,,,
162-444JD,2,20,PA,無し,仮,0,0,0,0,10,,,2,2,,,,
162-444RA,1,10,MC,3399,仮,0,0,0,0,10,,,2,2,,,,
162-444RA,2,20,PA,3399,仮,0,0,0,0,10,,,2,2,,,,
162-702CD,1,10,PL,1973,仮,0,0,0,0,10,,,2,2,,,,
162-702CE,1,10,PL,1973,仮,0,0,0,0,10,,,2,2,,,,
162-702CF,1,10,PL,1973,仮,0,0,0,0,10,,,2,2,,,,
162-702CG,1,10,PL,1973,仮,0,0,0,0,10,,,2,2,,,,
1631-105-4BC,1,10,PA,3406,仮,0,0,0,0,10,,,2,2,,,,
1631-105-4BD,1,10,PA,3406,仮,0,0,0,0,10,,,2,2,,,,
1631-105-4BE,1,10,PA,3406,仮,0,0,0,0,10,,,2,2,,,,
1631-105-4BF,1,10,PA,3406,仮,0,0,0,0,10,,,2,2,,,,
1631-105-4CE,1,10,PA,3406,仮,0,0,0,0,10,,,2,2,,,,
1631-105-4CF,1,10,PA,3406,仮,0,0,0,0,10,,,2,2,,,,
1631-105-4DA,1,10,PA,3406,仮,0,0,0,0,10,,,2,2,,,,
1631-105AA30,1,10,AO（無）,1592,仮,0,0,0,0,10,,,2,2,,,,
1631-105AA30,2,20,PA,3406,仮,0,0,0,0,10,,,2,2,,,,
1631-105AA38,1,10,AO（無）,1592,仮,0,0,0,0,10,,,2,2,,,,
1631-105AA38,2,20,PA,3406,仮,0,0,0,0,10,,,2,2,,,,
1631-105AAL30,1,10,AO（無）,1592,仮,0,0,0,0,10,,,2,2,,,,
1631-105AAL30,2,20,PA,3406,仮,0,0,0,0,10,,,2,2,,,,
1631-105AAL38,1,10,AO（無）,1592,仮,0,0,0,0,10,,,2,2,,,,
1631-105AAL38,2,20,PA,3406,仮,0,0,0,0,10,,,2,2,,,,
1631-105AAM30,1,10,AO（無）,1592,仮,0,0,0,0,10,,,2,2,,,,
1631-105AAM30,2,20,PA,3406,仮,0,0,0,0,10,,,2,2,,,,
1631-105AAM38,1,10,AO（無）,1592,仮,0,0,0,0,10,,,2,2,,,,
1631-105AAM38,2,20,PA,3406,仮,0,0,0,0,10,,,2,2,,,,
1631-105AB30,1,10,AO（無）,1592,仮,0,0,0,0,10,,,2,2,,,,
1631-105AB30,2,20,PA,3406,仮,0,0,0,0,10,,,2,2,,,,
1631-105AB38,1,10,AO（無）,1592,仮,0,0,0,0,10,,,2,2,,,,
1631-105AB38,2,20,PA,3406,仮,0,0,0,0,10,,,2,2,,,,
1631-105ABL30,1,10,AO（無）,1592,仮,0,0,0,0,10,,,2,2,,,,
1631-105ABL30,2,20,PA,3406,仮,0,0,0,0,10,,,2,2,,,,
1631-105ABL38,1,10,AO（無）,1592,仮,0,0,0,0,10,,,2,2,,,,
1631-105ABL38,2,20,PA,3406,仮,0,0,0,0,10,,,2,2,,,,
1631-105ABM30,1,10,AO（無）,1592,仮,0,0,0,0,10,,,2,2,,,,
1631-105ABM30,2,20,PA,3406,仮,0,0,0,0,10,,,2,2,,,,
1631-105ABM38,1,10,AO（無）,1592,仮,0,0,0,0,10,,,2,2,,,,
1631-105ABM38,2,20,PA,3406,仮,0,0,0,0,10,,,2,2,,,,
1631-105AC30,1,10,AO（無）,1592,仮,0,0,0,0,10,,,2,2,,,,
1631-105AC30,2,20,PA,3406,仮,0,0,0,0,10,,,2,2,,,,
1631-105AC38,1,10,AO（無）,1592,仮,0,0,0,0,10,,,2,2,,,,
1631-105AC38,2,20,PA,3406,仮,0,0,0,0,10,,,2,2,,,,
1631-105ACL30,1,10,AO（無）,1592,仮,0,0,0,0,10,,,2,2,,,,
1631-105ACL30,2,20,PA,3406,仮,0,0,0,0,10,,,2,2,,,,
1631-105ACL38,1,10,AO（無）,1592,仮,0,0,0,0,10,,,2,2,,,,
1631-105ACL38,2,20,PA,3406,仮,0,0,0,0,10,,,2,2,,,,
1631-105ACM30,1,10,AO（無）,1592,仮,0,0,0,0,10,,,2,2,,,,
1631-105ACM30,2,20,PA,3406,仮,0,0,0,0,10,,,2,2,,,,
1631-105ACM38,1,10,AO（無）,1592,仮,0,0,0,0,10,,,2,2,,,,
1631-105ACM38,2,20,PA,3406,仮,0,0,0,0,10,,,2,2,,,,
1631-105AD30,1,10,AO（無）,1592,仮,0,0,0,0,10,,,2,2,,,,
1631-105AD30,2,20,PA,3406,仮,0,0,0,0,10,,,2,2,,,,
1631-105AD38,1,10,AO（無）,1592,仮,0,0,0,0,10,,,2,2,,,,
1631-105AD38,2,20,PA,3406,仮,0,0,0,0,10,,,2,2,,,,
1631-105ADL30,1,10,AO（無）,1592,仮,0,0,0,0,10,,,2,2,,,,
1631-105ADL30,2,20,PA,3406,仮,0,0,0,0,10,,,2,2,,,,
1631-105ADL38,1,10,AO（無）,1592,仮,0,0,0,0,10,,,2,2,,,,
1631-105ADL38,2,20,PA,3406,仮,0,0,0,0,10,,,2,2,,,,
1631-105ADM30,1,10,AO（無）,1592,仮,0,0,0,0,10,,,2,2,,,,
1631-105ADM30,2,20,PA,3406,仮,0,0,0,0,10,,,2,2,,,,
1631-105ADM38,1,10,AO（無）,1592,仮,0,0,0,0,10,,,2,2,,,,
1631-105ADM38,2,20,PA,3406,仮,0,0,0,0,10,,,2,2,,,,
1631-105BA30,1,10,AO（無）,1592,仮,0,0,0,0,10,,,2,2,,,,
1631-105BA30,2,20,PA,3406,仮,0,0,0,0,10,,,2,2,,,,
1631-105BA38,1,10,AO（無）,1592,仮,0,0,0,0,10,,,2,2,,,,
1631-105BA38,2,20,PA,3406,仮,0,0,0,0,10,,,2,2,,,,
1631-105BAL30,1,10,AO（無）,1592,仮,0,0,10,0,10,,,2,2,,,,
1631-105BAL30,2,20,PA,3406,仮,0,0,10,0,10,,,2,2,,,,
1631-105BAL38,1,10,AO（無）,1592,仮,0,0,0,0,10,,,2,2,,,,
1631-105BAL38,2,20,PA,3406,仮,0,0,0,0,10,,,2,2,,,,
1631-105BAM30,1,10,AO（無）,1592,仮,0,0,0,0,10,,,2,2,,,,
1631-105BAM30,2,20,PA,3406,仮,0,0,0,0,10,,,2,2,,,,
1631-105BAM38,1,10,AO（無）,1592,仮,0,0,0,0,10,,,2,2,,,,
1631-105BAM38,2,20,PA,3406,仮,0,0,0,0,10,,,2,2,,,,
1631-105BB30,1,10,AO（無）,1592,仮,0,0,0,0,10,,,2,2,,,,
1631-105BB30,2,20,PA,3406,仮,0,0,0,0,10,,,2,2,,,,
1631-105BB38,1,10,AO（無）,1592,仮,0,0,0,0,10,,,2,2,,,,
1631-105BB38,2,20,PA,3406,仮,0,0,0,0,10,,,2,2,,,,
1631-105BBL30,1,10,AO（無）,1592,仮,0,0,10,0,10,,,2,2,,,,
1631-105BBL30,2,20,PA,3406,仮,0,0,10,0,10,,,2,2,,,,
1631-105BBL38,1,10,AO（無）,1592,仮,0,0,0,0,10,,,2,2,,,,
1631-105BBL38,2,20,PA,3406,仮,0,0,0,0,10,,,2,2,,,,
1631-105BBM30,1,10,AO（無）,1592,仮,0,0,0,0,10,,,2,2,,,,
1631-105BBM30,2,20,PA,3406,仮,0,0,0,0,10,,,2,2,,,,
1631-105BBM38,1,10,AO（無）,1592,仮,0,0,0,0,10,,,2,2,,,,
1631-105BBM38,2,20,PA,3406,仮,0,0,0,0,10,,,2,2,,,,
1631-105BC30,1,10,AO（無）,1592,仮,0,0,0,0,10,,,2,2,,,,
1631-105BC30,2,20,PA,3406,仮,0,0,0,0,10,,,2,2,,,,
1631-105BC38,1,10,AO（無）,1592,仮,0,0,0,0,10,,,2,2,,,,
1631-105BC38,2,20,PA,3406,仮,0,0,0,0,10,,,2,2,,,,
1631-105BCL30,1,10,AO（無）,1592,仮,0,0,0,0,10,,,2,2,,,,
1631-105BCL30,2,20,PA,3406,仮,0,0,0,0,10,,,2,2,,,,
1631-105BCL38,1,10,AO（無）,1592,仮,0,0,0,0,10,,,2,2,,,,
1631-105BCL38,2,20,PA,3406,仮,0,0,0,0,10,,,2,2,,,,
1631-105BCM30,1,10,AO（無）,1592,仮,0,0,0,0,10,,,2,2,,,,
1631-105BCM30,2,20,PA,3406,仮,0,0,0,0,10,,,2,2,,,,
1631-105BCM38,1,10,AO（無）,1592,仮,0,0,0,0,10,,,2,2,,,,
1631-105BCM38,2,20,PA,3406,仮,0,0,0,0,10,,,2,2,,,,
1631-105CA30,1,10,AO（無）,1592,仮,0,0,0,0,10,,,2,2,,,,
1631-105CA30,2,20,PA,3406,仮,0,0,0,0,10,,,2,2,,,,
1631-105CA38,1,10,AO（無）,1592,仮,0,0,0,0,10,,,2,2,,,,
1631-105CA38,2,20,PA,3406,仮,0,0,0,0,10,,,2,2,,,,
1631-105CAL30,1,10,AO（無）,1592,仮,0,0,0,0,10,,,2,2,,,,
1631-105CAL30,2,20,PA,3406,仮,0,0,0,0,10,,,2,2,,,,
1631-105CAL38,1,10,AO（無）,1592,仮,0,0,0,0,10,,,2,2,,,,
1631-105CAL38,2,20,PA,3406,仮,0,0,0,0,10,,,2,2,,,,
1631-105CAM30,1,10,AO（無）,1592,仮,0,0,0,0,10,,,2,2,,,,
1631-105CAM30,2,20,PA,3406,仮,0,0,0,0,10,,,2,2,,,,
1631-105CAM38,1,10,AO（無）,1592,仮,0,0,0,0,10,,,2,2,,,,
1631-105CAM38,2,20,PA,3406,仮,0,0,0,0,10,,,2,2,,,,
1631-105CB30,1,10,AO（無）,1592,仮,0,0,0,0,10,,,2,2,,,,
1631-105CB30,2,20,PA,3406,仮,0,0,0,0,10,,,2,2,,,,
1631-105CB38,1,10,AO（無）,1592,仮,0,0,0,0,10,,,2,2,,,,
1631-105CB38,2,20,PA,3406,仮,0,0,0,0,10,,,2,2,,,,
1631-105CBL30,1,10,AO（無）,1592,仮,0,0,0,0,10,,,2,2,,,,
1631-105CBL30,2,20,PA,3406,仮,0,0,0,0,10,,,2,2,,,,
1631-105CBL38,1,10,AO（無）,1592,仮,0,0,0,0,10,,,2,2,,,,
1631-105CBL38,2,20,PA,3406,仮,0,0,0,0,10,,,2,2,,,,
1631-105CBM30,1,10,AO（無）,1592,仮,0,0,0,0,10,,,2,2,,,,
1631-105CBM30,2,20,PA,3406,仮,0,0,0,0,10,,,2,2,,,,
1631-105CBM38,1,10,AO（無）,1592,仮,0,0,0,0,10,,,2,2,,,,
1631-105CBM38,2,20,PA,3406,仮,0,0,0,0,10,,,2,2,,,,
1631-105CC30,1,10,AO（無）,1592,仮,0,0,0,0,10,,,2,2,,,,
1631-105CC30,2,20,PA,3406,仮,0,0,0,0,10,,,2,2,,,,
1631-105CC38,1,10,AO（無）,1592,仮,0,0,0,0,10,,,2,2,,,,
1631-105CC38,2,20,PA,3406,仮,0,0,0,0,10,,,2,2,,,,
1631-105CCL30,1,10,AO（無）,1592,仮,0,0,0,0,10,,,2,2,,,,
1631-105CCL30,2,20,PA,3406,仮,0,0,0,0,10,,,2,2,,,,
1631-105CCL38,1,10,AO（無）,1592,仮,0,0,0,0,10,,,2,2,,,,
1631-105CCL38,2,20,PA,3406,仮,0,0,0,0,10,,,2,2,,,,
1631-105CCM30,1,10,AO（無）,1592,仮,0,0,0,0,10,,,2,2,,,,
1631-105CCM30,2,20,PA,3406,仮,0,0,0,0,10,,,2,2,,,,
1631-105CCM38,1,10,AO（無）,1592,仮,0,0,0,0,10,,,2,2,,,,
1631-105CCM38,2,20,PA,3406,仮,0,0,0,0,10,,,2,2,,,,
1631-105CD30,1,10,AO（無）,1592,仮,0,0,0,0,10,,,2,2,,,,
1631-105CD30,2,20,PA,3406,仮,0,0,0,0,10,,,2,2,,,,
1631-105CD38,1,10,AO（無）,1592,仮,0,0,0,0,10,,,2,2,,,,
1631-105CD38,2,20,PA,3406,仮,0,0,0,0,10,,,2,2,,,,
1631-105CDL30,1,10,AO（無）,1592,仮,0,0,0,0,10,,,2,2,,,,
1631-105CDL30,2,20,PA,3406,仮,0,0,0,0,10,,,2,2,,,,
1631-105CDL38,1,10,AO（無）,1592,仮,0,0,0,0,10,,,2,2,,,,
1631-105CDL38,2,20,PA,3406,仮,0,0,0,0,10,,,2,2,,,,
1631-105CDM30,1,10,AO（無）,1592,仮,0,0,0,0,10,,,2,2,,,,
1631-105CDM30,2,20,PA,3406,仮,0,0,0,0,10,,,2,2,,,,
1631-105CDM38,1,10,AO（無）,1592,仮,0,0,0,0,10,,,2,2,,,,
1631-105CDM38,2,20,PA,3406,仮,0,0,0,0,10,,,2,2,,,,
1631-105DA30,1,10,AO（無）,1592,仮,0,0,0,0,10,,,2,2,,,,
1631-105DA30,2,20,PA,3406,仮,0,0,0,0,10,,,2,2,,,,
1631-105DA38,1,10,AO（無）,1592,仮,0,0,0,0,10,,,2,2,,,,
1631-105DA38,2,20,PA,9999,仮,0,0,0,0,10,,,2,2,,,,
1631-105DAL30,1,10,AO（無）,1592,仮,0,0,0,0,10,,,2,2,,,,
1631-105DAL30,2,20,PA,3406,仮,0,0,0,0,10,,,2,2,,,,
1631-105DAL38,1,10,AO（無）,1592,仮,0,0,10,0,10,,,2,2,,,,
1631-105DAL38,2,20,PA,3406,仮,0,0,10,0,10,,,2,2,,,,
1631-105DAM38,1,10,AO（無）,1592,仮,0,0,0,0,10,,,2,2,,,,
1631-105DAM38,2,20,PA,3406,仮,0,0,0,0,10,,,2,2,,,,
1631-105DB30,1,10,AO（無）,1592,仮,0,0,0,0,10,,,2,2,,,,
1631-105DB30,2,20,PA,3406,仮,0,0,0,0,10,,,2,2,,,,
1631-105DB38,1,10,AO（無）,1592,仮,0,0,0,0,10,,,2,2,,,,
1631-105DB38,2,20,PA,3406,仮,0,0,0,0,10,,,2,2,,,,
1631-105DBL30,1,10,AO（無）,1592,仮,0,0,0,0,10,,,2,2,,,,
1631-105DBL30,2,20,PA,3406,仮,0,0,0,0,10,,,2,2,,,,
1631-105DBL38,1,10,AO（無）,1592,仮,0,0,0,0,10,,,2,2,,,,
1631-105DBL38,2,20,PA,3406,仮,0,0,0,0,10,,,2,2,,,,
1631-105DBM30,1,10,AO（無）,1592,仮,0,0,0,0,10,,,2,2,,,,
1631-105DBM30,2,20,PA,3406,仮,0,0,0,0,10,,,2,2,,,,
1631-105DBM38,1,10,AO（無）,1592,仮,0,0,0,0,10,,,2,2,,,,
1631-105DBM38,2,20,PA,3406,仮,0,0,0,0,10,,,2,2,,,,
1631-105DC30,1,10,AO（無）,1592,仮,0,0,0,0,10,,,2,2,,,,
1631-105DC30,2,20,PA,3406,仮,0,0,0,0,10,,,2,2,,,,
1631-105DC38,1,10,AO（無）,1592,仮,0,0,0,0,10,,,2,2,,,,
1631-105DC38,2,20,PA,3406,仮,0,0,0,0,10,,,2,2,,,,
1631-105DCL30,1,10,AO（無）,1592,仮,0,0,0,0,10,,,2,2,,,,
1631-105DCL30,2,20,PA,3406,仮,0,0,0,0,10,,,2,2,,,,
1631-105DCL38,1,10,AO（無）,1592,仮,0,0,0,0,10,,,2,2,,,,
1631-105DCL38,2,20,PA,3406,仮,0,0,0,0,10,,,2,2,,,,
1631-105DCM30,1,10,AO（無）,1592,仮,0,0,0,0,10,,,2,2,,,,
1631-105DCM30,2,20,PA,3406,仮,0,0,0,0,10,,,2,2,,,,
1631-105EA30,1,10,AO（無）,1592,仮,0,0,0,0,10,,,2,2,,,,
1631-105EA30,2,20,PA,3406,仮,0,0,0,0,10,,,2,2,,,,
1631-105EA38,1,10,AO（無）,1592,仮,0,0,0,0,10,,,2,2,,,,
1631-105EA38,2,20,PA,9999,仮,0,0,0,0,10,,,2,2,,,,
1631-105EAL30,1,10,AO（無）,1592,仮,0,0,0,0,10,,,2,2,,,,
1631-105EAL30,2,20,PA,3406,仮,0,0,0,0,10,,,2,2,,,,
1631-105EAL38,1,10,AO（無）,1592,仮,0,0,10,0,10,,,2,2,,,,
1631-105EAL38,2,20,PA,3406,仮,0,0,10,0,10,,,2,2,,,,
1631-105EAM38,1,10,AO（無）,1592,仮,0,0,0,0,10,,,2,2,,,,
1631-105EAM38,2,20,PA,3406,仮,0,0,0,0,10,,,2,2,,,,
1631-105EB30,1,10,AO（無）,1592,仮,0,0,0,0,10,,,2,2,,,,
1631-105EB30,2,20,PA,3406,仮,0,0,0,0,10,,,2,2,,,,
1631-105EB38,1,10,AO（無）,1592,仮,0,0,0,0,10,,,2,2,,,,
1631-105EB38,2,20,PA,3406,仮,0,0,0,0,10,,,2,2,,,,
1631-105EBL30,1,10,AO（無）,1592,仮,0,0,0,0,10,,,2,2,,,,
1631-105EBL30,2,20,PA,3406,仮,0,0,0,0,10,,,2,2,,,,
1631-105EBL38,1,10,AO（無）,1592,仮,0,0,0,0,10,,,2,2,,,,
1631-105EBL38,2,20,PA,3406,仮,0,0,0,0,10,,,2,2,,,,
1631-105EBM30,1,10,AO（無）,1592,仮,0,0,0,0,10,,,2,2,,,,
1631-105EBM30,2,20,PA,3406,仮,0,0,0,0,10,,,2,2,,,,
1631-105EBM38,1,10,AO（無）,1592,仮,0,0,0,0,10,,,2,2,,,,
1631-105EBM38,2,20,PA,3406,仮,0,0,0,0,10,,,2,2,,,,
1631-105EC30,1,10,AO（無）,1592,仮,0,0,0,0,10,,,2,2,,,,
1631-105EC30,2,20,PA,3406,仮,0,0,0,0,10,,,2,2,,,,
1631-105EC38,1,10,AO（無）,1592,仮,0,0,0,0,10,,,2,2,,,,
1631-105EC38,2,20,PA,3406,仮,0,0,0,0,10,,,2,2,,,,
1631-105ECL30,1,10,AO（無）,1592,仮,0,0,0,0,10,,,2,2,,,,
1631-105ECL30,2,20,PA,3406,仮,0,0,0,0,10,,,2,2,,,,
1631-105ECL38,1,10,AO（無）,1592,仮,0,0,0,0,10,,,2,2,,,,
1631-105ECL38,2,20,PA,3406,仮,0,0,0,0,10,,,2,2,,,,
1631-105ECM30,1,10,AO（無）,1592,仮,0,0,0,0,10,,,2,2,,,,
1631-105ECM30,2,20,PA,3406,仮,0,0,0,0,10,,,2,2,,,,
1631-105FA30,1,10,AO（無）,1592,仮,0,0,0,0,10,,,2,2,,,,
1631-105FA30,2,20,PA,3406,仮,0,0,0,0,10,,,2,2,,,,
1631-105FA38,1,10,AO（無）,1592,仮,0,0,0,0,10,,,2,2,,,,
1631-105FA38,2,20,PA,3406,仮,0,0,0,0,10,,,2,2,,,,
1631-105FAL30,1,10,AO（無）,1592,仮,0,0,0,0,10,,,2,2,,,,
1631-105FAL30,2,20,PA,3406,仮,0,0,0,0,10,,,2,2,,,,
1631-105FAM38,1,10,AO（無）,1592,仮,0,0,0,0,10,,,2,2,,,,
1631-105FAM38,2,20,PA,3406,仮,0,0,0,0,10,,,2,2,,,,
1631-105FB30,1,10,AO（無）,1592,仮,0,0,0,0,10,,,2,2,,,,
1631-105FB30,2,20,PA,3406,仮,0,0,0,0,10,,,2,2,,,,
1631-105FB38,1,10,AO（無）,1592,仮,0,0,0,0,10,,,2,2,,,,
1631-105FB38,2,20,PA,3406,仮,0,0,0,0,10,,,2,2,,,,
1631-105FBL30,1,10,AO（無）,1592,仮,0,0,0,0,10,,,2,2,,,,
1631-105FBL30,2,20,PA,3406,仮,0,0,0,0,10,,,2,2,,,,
1631-105FBL38,1,10,AO（無）,1592,仮,0,0,0,0,10,,,2,2,,,,
1631-105FBL38,2,20,PA,3406,仮,0,0,0,0,10,,,2,2,,,,
1631-105FBM30,1,10,AO（無）,1592,仮,0,0,0,0,10,,,2,2,,,,
1631-105FBM30,2,20,PA,3406,仮,0,0,0,0,10,,,2,2,,,,
1631-105FBM38,1,10,AO（無）,1592,仮,0,0,0,0,10,,,2,2,,,,
1631-105FBM38,2,20,PA,3406,仮,0,0,0,0,10,,,2,2,,,,
1631-105FC30,1,10,AO（無）,1592,仮,0,0,0,0,10,,,2,2,,,,
1631-105FC30,2,20,PA,3406,仮,0,0,0,0,10,,,2,2,,,,
1631-105FC38,1,10,AO（無）,1592,仮,0,0,0,0,10,,,2,2,,,,
1631-105FC38,2,20,PA,3406,仮,0,0,0,0,10,,,2,2,,,,
1631-105FCL30,1,10,AO（無）,1592,仮,0,0,0,0,10,,,2,2,,,,
1631-105FCL30,2,20,PA,3406,仮,0,0,0,0,10,,,2,2,,,,
1631-105FCL38,1,10,AO（無）,1592,仮,0,0,0,0,10,,,2,2,,,,
1631-105FCL38,2,20,PA,3406,仮,0,0,0,0,10,,,2,2,,,,
1631-105FCM30,1,10,AO（無）,1592,仮,0,0,0,0,10,,,2,2,,,,
1631-105FCM30,2,20,PA,3406,仮,0,0,0,0,10,,,2,2,,,,
1631-105FD30,1,10,AO（無）,1592,仮,0,0,0,0,10,,,2,2,,,,
1631-105FD30,2,20,PA,3406,仮,0,0,0,0,10,,,2,2,,,,
1631-105FD38,1,10,AO（無）,1592,仮,0,0,0,0,10,,,2,2,,,,
1631-105FD38,2,20,PA,3406,仮,0,0,0,0,10,,,2,2,,,,
1631-105FDL30,1,10,AO（無）,1592,仮,0,0,0,0,10,,,2,2,,,,
1631-105FDL30,2,20,PA,3406,仮,0,0,0,0,10,,,2,2,,,,
1631-105FDL38,1,10,AO（無）,1592,仮,0,0,0,0,10,,,2,2,,,,
1631-105FDL38,2,20,PA,3406,仮,0,0,0,0,10,,,2,2,,,,
1631-105FDM30,1,10,AO（無）,1592,仮,0,0,0,0,10,,,2,2,,,,
1631-105FDM30,2,20,PA,3406,仮,0,0,0,0,10,,,2,2,,,,
1631-105GA30,1,10,AO（無）,1592,仮,0,0,0,0,10,,,2,2,,,,
1631-105GA30,2,20,PA,3406,仮,0,0,0,0,10,,,2,2,,,,
1631-105GA38,1,10,AO（無）,1592,仮,0,0,0,0,10,,,2,2,,,,
1631-105GA38,2,20,PA,3406,仮,0,0,0,0,10,,,2,2,,,,
1631-105GAL30,1,10,AO（無）,1592,仮,0,0,0,0,10,,,2,2,,,,
1631-105GAL30,2,20,PA,3406,仮,0,0,0,0,10,,,2,2,,,,
1631-105GAM38,1,10,AO（無）,1592,仮,0,0,0,0,10,,,2,2,,,,
1631-105GAM38,2,20,PA,3406,仮,0,0,0,0,10,,,2,2,,,,
1631-105GB30,1,10,AO（無）,1592,仮,0,0,0,0,10,,,2,2,,,,
1631-105GB30,2,20,PA,3406,仮,0,0,0,0,10,,,2,2,,,,
1631-105GB38,1,10,AO（無）,1592,仮,0,0,0,0,10,,,2,2,,,,
1631-105GB38,2,20,PA,3406,仮,0,0,0,0,10,,,2,2,,,,
1631-105GBL30,1,10,AO（無）,1592,仮,0,0,0,0,10,,,2,2,,,,
1631-105GBL30,2,20,PA,3406,仮,0,0,0,0,10,,,2,2,,,,
1631-105GBL38,1,10,AO（無）,1592,仮,0,0,0,0,10,,,2,2,,,,
1631-105GBL38,2,20,PA,3406,仮,0,0,0,0,10,,,2,2,,,,
1631-105GBM30,1,10,AO（無）,1592,仮,0,0,0,0,10,,,2,2,,,,
1631-105GBM30,2,20,PA,3406,仮,0,0,0,0,10,,,2,2,,,,
1631-105GBM38,1,10,AO（無）,1592,仮,0,0,0,0,10,,,2,2,,,,
1631-105GBM38,2,20,PA,3406,仮,0,0,0,0,10,,,2,2,,,,
1631-105GC30,1,10,AO（無）,1592,仮,0,0,0,0,10,,,2,2,,,,
1631-105GC30,2,20,PA,3406,仮,0,0,0,0,10,,,2,2,,,,
1631-105GC38,1,10,AO（無）,1592,仮,0,0,0,0,10,,,2,2,,,,
1631-105GC38,2,20,PA,3406,仮,0,0,0,0,10,,,2,2,,,,
1631-105GCL30,1,10,AO（無）,1592,仮,0,0,0,0,10,,,2,2,,,,
1631-105GCL30,2,20,PA,3406,仮,0,0,0,0,10,,,2,2,,,,
1631-105GCL38,1,10,AO（無）,1592,仮,0,0,0,0,10,,,2,2,,,,
1631-105GCL38,2,20,PA,3406,仮,0,0,0,0,10,,,2,2,,,,
1631-105GCM30,1,10,AO（無）,1592,仮,0,0,0,0,10,,,2,2,,,,
1631-105GCM30,2,20,PA,3406,仮,0,0,0,0,10,,,2,2,,,,
1631-105GD30,1,10,AO（無）,1592,仮,0,0,0,0,10,,,2,2,,,,
1631-105GD30,2,20,PA,3406,仮,0,0,0,0,10,,,2,2,,,,
1631-105GD38,1,10,AO（無）,1592,仮,0,0,0,0,10,,,2,2,,,,
1631-105GD38,2,20,PA,3406,仮,0,0,0,0,10,,,2,2,,,,
1631-105GDL30,1,10,AO（無）,1592,仮,0,0,0,0,10,,,2,2,,,,
1631-105GDL30,2,20,PA,3406,仮,0,0,0,0,10,,,2,2,,,,
1631-105GDL38,1,10,AO（無）,1592,仮,0,0,0,0,10,,,2,2,,,,
1631-105GDL38,2,20,PA,3406,仮,0,0,0,0,10,,,2,2,,,,
1631-105GDM30,1,10,AO（無）,1592,仮,0,0,0,0,10,,,2,2,,,,
1631-105GDM30,2,20,PA,3406,仮,0,0,0,0,10,,,2,2,,,,
1631-105HA30,1,10,AO（無）,1592,仮,0,0,0,0,10,,,2,2,,,,
1631-105HA30,2,20,PA,3406,仮,0,0,0,0,10,,,2,2,,,,
1631-105HAM30,1,10,AO（無）,1592,仮,0,0,0,0,10,,,2,2,,,,
1631-105HAM30,2,20,PA,3406,仮,0,0,0,0,10,,,2,2,,,,
1631-105HC30,1,10,AO（無）,1592,仮,0,0,0,0,10,,,2,2,,,,
1631-105HC30,2,20,PA,3406,仮,0,0,0,0,10,,,2,2,,,,
1631-105HD30,1,10,PA,3406,仮,0,0,0,0,10,,,2,2,,,,
1631-105HE30,1,10,AO（無）,1592,仮,0,0,0,0,10,,,2,2,,,,
1631-105HE30,2,20,PA,3406,仮,0,0,0,0,10,,,2,2,,,,
1631-105HGL30,1,10,AO（無）,1592,仮,0,0,0,0,10,,,2,2,,,,
1631-105HGL30,2,20,PA,3406,仮,0,0,0,0,10,,,2,2,,,,
1631-105HH30,1,10,AO（無）,1592,仮,0,0,0,0,10,,,2,2,,,,
1631-105HH30,2,20,PA,3406,仮,0,0,0,0,10,,,2,2,,,,
1631-105HJ30,1,10,PA,3406,仮,0,0,0,0,10,,,2,2,,,,
1631-105HK30,1,10,AO（無）,1592,仮,0,0,0,0,10,,,2,2,,,,
1631-105HK30,2,20,PA,3406,仮,0,0,0,0,10,,,2,2,,,,
1631-105HL30,1,10,AO（無）,1592,仮,0,0,0,0,10,,,2,2,,,,
1631-105HL30,2,20,PA,3406,仮,0,0,0,0,10,,,2,2,,,,
1631-105HLL30,1,10,AO（無）,1592,仮,0,0,0,0,10,,,2,2,,,,
1631-105HLL30,2,20,PA,3406,仮,0,0,0,0,10,,,2,2,,,,
1631-105JAM30,1,10,AO（無）,1592,仮,0,0,0,0,10,,,2,2,,,,
1631-105JAM30,2,20,PA,3406,仮,0,0,0,0,10,,,2,2,,,,
1631-105KAM30,1,10,AO（無）,1592,仮,0,0,0,0,10,,,2,2,,,,
1631-105KAM30,2,20,PA,3406,仮,0,0,0,0,10,,,2,2,,,,
1631-105LAM30,1,10,AO（無）,1592,仮,0,0,0,0,10,,,2,2,,,,
1631-105LAM30,2,20,PA,3406,仮,0,0,0,0,10,,,2,2,,,,
1631-105MA30,1,10,AO（無）,1592,仮,0,0,0,0,10,,,2,2,,,,
1631-105MA30,2,20,PA,3406,仮,0,0,0,0,10,,,2,2,,,,
1631-105MA38,1,10,AO（無）,1592,仮,0,0,0,0,10,,,2,2,,,,
1631-105MA38,2,20,PA,3406,仮,0,0,0,0,10,,,2,2,,,,
1631-105NA30,1,10,AO（無）,1592,仮,0,0,0,0,10,,,2,2,,,,
1631-105NA30,2,20,PA,3406,仮,0,0,0,0,10,,,2,2,,,,
1631-105NA38,1,10,AO（無）,1592,仮,0,0,0,0,10,,,2,2,,,,
1631-105NA38,2,20,PA,3406,仮,0,0,0,0,10,,,2,2,,,,
1631-105PAL24,1,10,AO（無）,1592,仮,0,0,0,0,10,,,2,2,,,,
1631-105PAL24,2,20,PA,3406,仮,0,0,0,0,10,,,2,2,,,,
1631-105QAL24,1,10,AO（無）,1592,仮,0,0,0,0,10,,,2,2,,,,
1631-105QAL24,2,20,PA,3406,仮,0,0,0,0,10,,,2,2,,,,
1631-105RAL24,1,10,AO（無）,1592,仮,0,0,0,0,10,,,2,2,,,,
1631-105RAL24,2,20,PA,3406,仮,0,0,0,0,10,,,2,2,,,,
1631-105SAL30,1,10,AO（無）,1592,仮,0,0,0,0,10,,,2,2,,,,
1631-105SAL30,2,20,PA,3406,仮,0,0,0,0,10,,,2,2,,,,
1631-105TAL30,1,10,AO（無）,1592,仮,0,0,0,0,10,,,2,2,,,,
1631-105TAL30,2,20,PA,3406,仮,0,0,0,0,10,,,2,2,,,,
1631-105UAL30,1,10,AO（無）,1592,仮,0,0,0,0,10,,,2,2,,,,
1631-105UAL30,2,20,PA,3406,仮,0,0,0,0,10,,,2,2,,,,
1631-106AA-1A,1,10,PA,3406,仮,0,0,0,0,10,,,2,2,,,,
1631-106AA-2A,1,10,PA,3406,仮,0,0,0,0,10,,,2,2,,,,
1631-106AA-3A,1,10,PA,3406,仮,0,0,0,0,10,,,2,2,,,,
1631-108AA,1,10,PA,3406,仮,0,0,0,0,10,,,2,2,,,,
1631-120AA30,1,10,PA,3406,仮,0,0,40,0,10,,,2,2,,,,
1631-120AA38,1,10,PA,3406,仮,0,0,40,0,10,,,2,2,,,,
1631-120BA30,1,10,PA,3406,仮,0,0,40,0,10,,,2,2,,,,
1631-120BA38,1,10,PA,3406,仮,0,0,40,0,10,,,2,2,,,,
1631-129AA0500,1,10,PA,3406,仮,0,0,30,0,10,,,2,2,,,,
1631-129AA0789,1,10,PA,3406,仮,0,0,30,0,10,,,2,2,,,,
1631-129AA0955,1,10,PA,3406,仮,0,0,30,0,10,,,2,2,,,,
1631-141BA,1,10,PA,1515,仮,0,0,15,0,10,,,2,2,,,,
1631-307AA,1,10,PA,1515,仮,0,0,0,0,10,,,2,2,,,,
1631-307BA,1,10,PA,3406,仮,0,0,0,0,10,,,2,2,,,,
1631-307CB,1,10,PA,3406,仮,0,0,0,0,10,,,2,2,,,,
1631-307CC,1,10,PA,3406,仮,0,0,0,0,10,,,2,2,,,,
1631-307CC30,1,10,PA,3406,仮,0,0,0,0,10,,,2,2,,,,
1631-307CC38,1,10,PA,3406,仮,0,0,0,0,10,,,2,2,,,,
1631-307CD30,1,10,PA,3406,仮,0,0,0,0,10,,,2,2,,,,
1631-307CD38,1,10,PA,3406,仮,0,0,0,0,10,,,2,2,,,,
1631-307DA,1,10,PA,3406,仮,0,0,0,0,10,,,2,2,,,,
1631-307EA,1,10,PA,3406,仮,0,0,0,0,10,,,2,2,,,,
1631-307EB30,1,10,PA,3406,仮,0,0,0,0,10,,,2,2,,,,
1631-307EB38,1,10,PA,3406,仮,0,0,0,0,10,,,2,2,,,,
1631-307EC30,1,10,PA,3406,仮,0,0,0,0,10,,,2,2,,,,
1631-307EC38,1,10,PA,3406,仮,0,0,0,0,10,,,2,2,,,,
1631-307FA,1,10,PA,3406,仮,0,0,0,0,10,,,2,2,,,,
1631-307GA,1,10,PA,3406,仮,0,0,0,0,10,,,2,2,,,,
1631-307HA,1,10,PA,3406,仮,0,0,0,0,10,,,2,2,,,,
1631-307HA30,1,10,PA,3406,仮,0,0,0,0,10,,,2,2,,,,
1631-307HA38,1,10,PA,3406,仮,0,0,0,0,10,,,2,2,,,,
1631-307HB30,1,10,PA,3406,仮,0,0,0,0,10,,,2,2,,,,
1631-307HB38,1,10,PA,3406,仮,0,0,0,0,10,,,2,2,,,,
1631-307JB38,1,10,PA,3406,仮,0,0,0,0,10,,,2,2,,,,
1631-307KA38,1,10,PA,3406,仮,0,0,0,0,10,,,2,2,,,,
1631-307KB38,1,10,PA,3406,仮,0,0,0,0,10,,,2,2,,,,
1631-307LA38,1,10,PA,3406,仮,0,0,0,0,10,,,2,2,,,,
1631-307LB38,1,10,PA,3406,仮,0,0,0,0,10,,,2,2,,,,
1631-307MA38,1,10,PA,3406,仮,0,0,0,0,10,,,2,2,,,,
1631-307MB38,1,10,PA,3406,仮,0,0,0,0,10,,,2,2,,,,
1631-307MC38,1,10,PA,3406,仮,0,0,0,0,10,,,2,2,,,,
1631-307NA38,1,10,PA,3406,仮,0,0,0,0,10,,,2,2,,,,
1631-307NB38,1,10,PA,3406,仮,0,0,0,0,10,,,2,2,,,,
1631-307PA20,1,10,PA,3406,仮,0,0,0,0,10,,,2,2,,,,
1631-307PA30,1,10,PA,3406,仮,0,0,0,0,10,,,2,2,,,,
1631-307PA38,1,10,PA,3406,仮,0,0,0,0,10,,,2,2,,,,
1631-307PB20,1,10,PA,3406,仮,0,0,0,0,10,,,2,2,,,,
1631-307PB30,1,10,PA,3406,仮,0,0,0,0,10,,,2,2,,,,
1631-307PB38,1,10,PA,3406,仮,0,0,0,0,10,,,2,2,,,,
1631-307QA38,1,10,PA,3406,仮,0,0,0,0,10,,,2,2,,,,
1631-307QB38,1,10,PA,3406,仮,0,0,0,0,10,,,2,2,,,,
1631-307RA38,1,10,PA,3406,仮,0,0,0,0,10,,,2,2,,,,
1631-307RB38,1,10,PA,3406,仮,0,0,0,0,10,,,2,2,,,,
1631-307SA30,1,10,PA,3406,仮,0,0,0,0,10,,,2,2,,,,
1631-307SB30,1,10,PA,3406,仮,0,0,0,0,10,,,2,2,,,,
1631-307TA30,1,10,PA,3406,仮,0,0,0,0,10,,,2,2,,,,
1631-307TB30,1,10,PA,3406,仮,0,0,0,0,10,,,2,2,,,,
1631-307UA30,1,10,PA,3406,仮,0,0,0,0,10,,,2,2,,,,
1631-307VA30,1,10,PA,3406,仮,0,0,0,0,10,,,2,2,,,,
1631-307VA38,1,10,PA,3406,仮,0,0,0,0,10,,,2,2,,,,
1631-307WA38,1,10,PA,3406,仮,0,0,0,0,10,,,2,2,,,,
1631-307XA38,1,10,PA,3406,仮,0,0,0,0,10,,,2,2,,,,
1631-307YA24,1,10,PA,3406,仮,0,0,0,0,10,,,2,2,,,,
1632-401CA30,1,10,L1,1800,仮,0,0,0,0,10,,,2,2,,,,
1632-401CA30,2,20,LA,1800,仮,0,0,0,0,10,,,2,2,,,,
1632-401CA30,3,30,LA,1800,仮,0,0,0,0,10,,,2,2,,,,
165-201AA-F,1,10,AO（無）,3070,仮,0,0,20,0,10,,,2,2,,,,
165-201AA1081,1,10,L,3254,仮,0,0,75,0,10,,,2,2,,,,
165-201AA1081,2,20,AO（無）,3070,仮,0,0,75,0,10,,,2,2,,,,
165-201AA1150,1,10,L,3254,仮,0,0,75,0,10,,,2,2,,,,
165-201AA1150,2,20,AO（無）,3070,仮,0,0,75,0,10,,,2,2,,,,
165-201AA1333,1,10,L,3254,仮,0,0,75,0,10,,,2,2,,,,
165-201AA1333,2,20,AO（無）,3070,仮,0,0,75,0,10,,,2,2,,,,
165-201AA1333T,1,10,L,3254,仮,0,0,75,0,10,,,2,2,,,,
165-201AA1333T,2,20,AO（無）,3070,仮,0,0,75,0,10,,,2,2,,,,
165-201AA1531,1,10,L,3254,仮,0,0,75,0,10,,,2,2,,,,
165-201AA1531,2,20,AO（無）,3070,仮,0,0,75,0,10,,,2,2,,,,
165-201AA1531S,1,10,L,3254,仮,0,0,75,0,10,,,2,2,,,,
165-201AA1531S,2,20,AO（無）,3070,仮,0,0,75,0,10,,,2,2,,,,
165-201AA1531T,1,10,L,3254,仮,0,0,75,0,10,,,2,2,,,,
165-201AA1531T,2,20,AO（無）,3070,仮,0,0,75,0,10,,,2,2,,,,
165-201CA0490,1,10,L,3254,仮,0,0,75,0,10,,,2,2,,,,
165-201CA0490,2,20,AO（無）,3070,仮,0,0,75,0,10,,,2,2,,,,
165-201CA0700,1,10,L,3254,仮,0,0,75,0,10,,,2,2,,,,
165-201CA0700,2,20,AO（無）,3070,仮,0,0,75,0,10,,,2,2,,,,
165-201CA0700S,1,10,L,3254,仮,0,0,75,0,10,,,2,2,,,,
165-201CA0700S,2,20,AO（無）,3070,仮,0,0,75,0,10,,,2,2,,,,
165-201CA0800,1,10,L,3254,仮,0,0,75,0,10,,,2,2,,,,
165-201CA0800,2,20,AO（無）,3070,仮,0,0,75,0,10,,,2,2,,,,
165-201CA0930,1,10,L,3254,仮,0,0,75,0,10,,,2,2,,,,
165-201CA0930,2,20,AO（無）,3070,仮,0,0,75,0,10,,,2,2,,,,
165-201CA0930S,1,10,L,3254,仮,0,0,40,0,10,,,2,2,,,,
165-201CA0930S,2,20,AO（無）,3070,仮,0,0,40,0,10,,,2,2,,,,
165-201CA1081,1,10,L,3254,仮,0,0,75,0,10,,,2,2,,,,
165-201CA1081,2,20,AO（無）,3070,仮,0,0,75,0,10,,,2,2,,,,
165-201CA1081T,1,10,L,3254,仮,0,0,75,0,10,,,2,2,,,,
165-201CA1081T,2,20,AO（無）,3070,仮,0,0,75,0,10,,,2,2,,,,
165-201CA1150,1,10,L,3254,仮,0,0,75,0,10,,,2,2,,,,
165-201CA1150,2,20,AO（無）,3070,仮,0,0,75,0,10,,,2,2,,,,
165-201CA1240,1,10,L,3254,仮,0,0,75,0,10,,,2,2,,,,
165-201CA1240,2,20,AO（無）,3070,仮,0,0,75,0,10,,,2,2,,,,
165-201CA1333,1,10,L,3254,仮,0,0,75,0,10,,,2,2,,,,
165-201CA1333,2,20,AO（無）,3070,仮,0,0,75,0,10,,,2,2,,,,
165-201CA1333S,1,10,L,3254,仮,0,0,75,0,10,,,2,2,,,,
165-201CA1333S,2,20,AO（無）,3070,仮,0,0,75,0,10,,,2,2,,,,
165-201CA1333T,1,10,L,3254,仮,0,0,75,0,10,,,2,2,,,,
165-201CA1333T,2,20,AO（無）,3070,仮,0,0,75,0,10,,,2,2,,,,
165-201CA1531,1,10,L,3254,仮,0,0,75,0,10,,,2,2,,,,
165-201CA1531,2,20,AO（無）,3070,仮,0,0,75,0,10,,,2,2,,,,
165-201CA1531S,1,10,L,3254,仮,0,0,75,0,10,,,2,2,,,,
165-201CA1531S,2,20,AO（無）,3070,仮,0,0,75,0,10,,,2,2,,,,
165-201CA1531T,1,10,L,3254,仮,0,0,75,0,10,,,2,2,,,,
165-201CA1531T,2,20,AO（無）,3070,仮,0,0,75,0,10,,,2,2,,,,
165-201CA1531U,1,10,L,3254,仮,0,0,75,0,10,,,2,2,,,,
165-201CA1531U,2,20,AO（無）,3070,仮,0,0,75,0,10,,,2,2,,,,
165-201CA1680,1,10,L,3254,仮,0,0,75,0,10,,,2,2,,,,
165-201CA1680,2,20,AO（無）,3070,仮,0,0,75,0,10,,,2,2,,,,
165-201CA1680T,1,10,L,3254,仮,0,0,75,0,10,,,2,2,,,,
165-201CA1680T,2,20,AO（無）,3070,仮,0,0,75,0,10,,,2,2,,,,
165-201FA-F,1,10,L,3254,仮,0,0,75,0,10,,,2,2,,,,
165-201FA-F,2,20,AO（無）,3737,仮,0,0,75,0,10,,,2,2,,,,
165-201FA1333,1,10,L,3254,仮,0,0,75,0,10,,,2,2,,,,
165-201FA1333T,1,10,L,3254,仮,0,0,75,0,10,,,2,2,,,,
165-201FA1531T,1,10,L,3254,仮,0,0,75,0,10,,,2,2,,,,
165-201LA0700,1,10,L,3254,仮,0,0,75,0,10,,,2,2,,,,
165-201MA0700,1,10,L,3254,仮,0,0,75,0,10,,,2,2,,,,
165-201MA0700,2,20,AO（無）,3070,仮,0,0,75,0,10,,,2,2,,,,
165-201MA0800,1,10,L,3254,仮,0,0,75,0,10,,,2,2,,,,
165-201MA0800,2,20,AO（無）,3070,仮,0,0,75,0,10,,,2,2,,,,
165-201MA0930,1,10,L,3254,仮,0,0,75,0,10,,,2,2,,,,
165-201MA0930,2,20,AO（無）,3070,仮,0,0,75,0,10,,,2,2,,,,
165-201MA1150,1,10,L,3254,仮,0,0,75,0,10,,,2,2,,,,
165-201MA1150,2,20,AO（無）,無し,仮,0,0,75,0,10,,,2,2,,,,
165-201MA1333,1,10,L,3254,仮,0,0,75,0,10,,,2,2,,,,
165-201MA1333,2,20,AO（無）,3070,仮,0,0,75,0,10,,,2,2,,,,
165-201MA1333T,1,10,L,3254,仮,0,0,75,0,10,,,2,2,,,,
165-201MA1333T,2,20,AO（無）,3070,仮,0,0,75,0,10,,,2,2,,,,
165-201MA1531,1,10,L,3254,仮,0,0,75,0,10,,,2,2,,,,
165-201MA1531,2,20,AO（無）,3070,仮,0,0,75,0,10,,,2,2,,,,
165-201MA1531T,1,10,L,3254,仮,0,0,75,0,10,,,2,2,,,,
165-201MA1531T,2,20,AO（無）,3070,仮,0,0,75,0,10,,,2,2,,,,
165-201MA1531U,1,10,L,3254,仮,0,0,75,0,10,,,2,2,,,,
165-201MA1531U,2,20,AO（無）,無し,仮,0,0,75,0,10,,,2,2,,,,
165-201MA1680,1,10,L,3254,仮,0,0,75,0,10,,,2,2,,,,
165-201MA1680,2,20,AO（無）,3070,仮,0,0,75,0,10,,,2,2,,,,
165-201NA1531,1,10,L,3254,仮,0,0,75,0,10,,,2,2,,,,
165-201NA1531,2,20,AO（無）,3070,仮,0,0,75,0,10,,,2,2,,,,
165-202AA0490,1,10,L,3254,仮,0,0,75,0,10,,,2,2,,,,
165-202AA0490,2,20,AO（無）,3070,仮,0,0,75,0,10,,,2,2,,,,
165-202AA0700,1,10,L,3254,仮,0,0,75,0,10,,,2,2,,,,
165-202AA0700,2,20,AO（無）,3070,仮,0,0,75,0,10,,,2,2,,,,
165-202AA0800,1,10,L,3254,仮,0,0,75,0,10,,,2,2,,,,
165-202AA0800,2,20,AO（無）,3070,仮,0,0,75,0,10,,,2,2,,,,
165-202AA0930,1,10,L,3254,仮,0,0,75,0,10,,,2,2,,,,
165-202AA0930,2,20,AO（無）,3070,仮,0,0,75,0,10,,,2,2,,,,
165-202AA1081,1,10,L,3254,仮,0,0,75,0,10,,,2,2,,,,
165-202AA1081,2,20,AO（無）,3070,仮,0,0,75,0,10,,,2,2,,,,
165-202AA1150,1,10,L,3254,仮,0,0,75,0,10,,,2,2,,,,
165-202AA1150,2,20,AO（無）,3070,仮,0,0,75,0,10,,,2,2,,,,
165-202AA1240,1,10,L,3254,仮,0,0,75,0,10,,,2,2,,,,
165-202AA1240,2,20,AO（無）,3070,仮,0,0,75,0,10,,,2,2,,,,
165-202AA1333,1,10,L,3254,仮,0,0,75,0,10,,,2,2,,,,
165-202AA1333,2,20,AO（無）,3070,仮,0,0,75,0,10,,,2,2,,,,
165-202AA1531,1,10,L,3254,仮,0,0,75,0,10,,,2,2,,,,
165-202AA1531,2,20,AO（無）,3070,仮,0,0,75,0,10,,,2,2,,,,
165-202AA1680,1,10,L,3254,仮,0,0,75,0,10,,,2,2,,,,
165-202AA1680,2,20,AO（無）,3070,仮,0,0,75,0,10,,,2,2,,,,
165-202CA0490,1,10,L,3254,仮,0,0,75,0,10,,,2,2,,,,
165-202CA0490,2,20,AO（無）,3070,仮,0,0,75,0,10,,,2,2,,,,
165-202CA0700,1,10,L,3254,仮,0,0,75,0,10,,,2,2,,,,
165-202CA0700,2,20,AO（無）,3070,仮,0,0,75,0,10,,,2,2,,,,
165-202CA0700S,1,10,L,3254,仮,0,0,75,0,10,,,2,2,,,,
165-202CA0700S,2,20,AO（無）,3070,仮,0,0,75,0,10,,,2,2,,,,
165-202CA0800,1,10,L,3254,仮,0,0,75,0,10,,,2,2,,,,
165-202CA0800,2,20,AO（無）,3070,仮,0,0,75,0,10,,,2,2,,,,
165-202CA0930,1,10,L,3254,仮,0,0,75,0,10,,,2,2,,,,
165-202CA0930,2,20,AO（無）,3070,仮,0,0,75,0,10,,,2,2,,,,
165-202CA0930S,1,10,L,3254,仮,0,0,40,0,10,,,2,2,,,,
165-202CA0930S,2,20,AO（無）,3070,仮,0,0,40,0,10,,,2,2,,,,
165-202CA1081,1,10,L,3254,仮,0,0,75,0,10,,,2,2,,,,
165-202CA1081,2,20,AO（無）,3070,仮,0,0,75,0,10,,,2,2,,,,
165-202CA1081T,1,10,L,3254,仮,0,0,75,0,10,,,2,2,,,,
165-202CA1081T,2,20,AO（無）,3070,仮,0,0,75,0,10,,,2,2,,,,
165-202CA1150,1,10,L,3254,仮,0,0,75,0,10,,,2,2,,,,
165-202CA1150,2,20,AO（無）,3070,仮,0,0,75,0,10,,,2,2,,,,
165-202CA1240,1,10,L,3254,仮,0,0,75,0,10,,,2,2,,,,
165-202CA1240,2,20,AO（無）,3070,仮,0,0,75,0,10,,,2,2,,,,
165-202CA1333,1,10,L,3254,仮,0,0,75,0,10,,,2,2,,,,
165-202CA1333,2,20,AO（無）,3070,仮,0,0,75,0,10,,,2,2,,,,
165-202CA1333S,1,10,L,3254,仮,0,0,75,0,10,,,2,2,,,,
165-202CA1333S,2,20,AO（無）,3070,仮,0,0,75,0,10,,,2,2,,,,
165-202CA1333T,1,10,L,3254,仮,0,0,75,0,10,,,2,2,,,,
165-202CA1333T,2,20,AO（無）,3070,仮,0,0,75,0,10,,,2,2,,,,
165-202CA1531,1,10,L,3254,仮,0,0,75,0,10,,,2,2,,,,
165-202CA1531,2,20,AO（無）,3070,仮,0,0,75,0,10,,,2,2,,,,
165-202CA1531S,1,10,L,3254,仮,0,0,75,0,10,,,2,2,,,,
165-202CA1531S,2,20,AO（無）,3070,仮,0,0,75,0,10,,,2,2,,,,
165-202CA1531T,1,10,L,3254,仮,0,0,75,0,10,,,2,2,,,,
165-202CA1531T,2,20,AO（無）,3070,仮,0,0,75,0,10,,,2,2,,,,
165-202CA1531U,1,10,L,3254,仮,0,0,75,0,10,,,2,2,,,,
165-202CA1531U,2,20,AO（無）,3070,仮,0,0,75,0,10,,,2,2,,,,
165-202CA1680,1,10,L,3254,仮,0,0,75,0,10,,,2,2,,,,
165-202CA1680,2,20,AO（無）,3070,仮,0,0,75,0,10,,,2,2,,,,
165-202CA1680T,1,10,L,3254,仮,0,0,75,0,10,,,2,2,,,,
165-202CA1680T,2,20,AO（無）,3070,仮,0,0,75,0,10,,,2,2,,,,
165-202KA1333,1,10,L,3254,仮,0,0,75,0,10,,,2,2,,,,
165-202KA1333T,1,10,L,3254,仮,0,0,75,0,10,,,2,2,,,,
165-202KA1531T,1,10,L,3254,仮,0,0,75,0,10,,,2,2,,,,
165-202MA0700,1,10,L,3254,仮,0,0,75,0,10,,,2,2,,,,
165-202NA-F,1,10,L,3254,仮,0,0,75,0,10,,,2,2,,,,
165-202NA-F,2,20,AO（無）,3737,仮,0,0,75,0,10,,,2,2,,,,
165-202NA0700,1,10,L,3254,仮,0,0,75,0,10,,,2,2,,,,
165-202PA0930,1,10,L,3254,仮,0,0,75,0,10,,,2,2,,,,
165-202PA0930,2,20,AO（無）,無し,仮,0,0,75,0,10,,,2,2,,,,
165-202PA1150,1,10,L,3254,仮,0,0,75,0,10,,,2,2,,,,
165-202PA1150,2,20,AO（無）,無し,仮,0,0,75,0,10,,,2,2,,,,
165-202PA1333,1,10,L,3254,仮,0,0,75,0,10,,,2,2,,,,
165-202PA1333,2,20,AO（無）,3070,仮,0,0,75,0,10,,,2,2,,,,
165-202PA1333T,1,10,L,3254,仮,0,0,75,0,10,,,2,2,,,,
165-202PA1333T,2,20,AO（無）,3070,仮,0,0,75,0,10,,,2,2,,,,
165-202PA1531,1,10,L,3254,仮,0,0,75,0,10,,,2,2,,,,
165-202PA1531,2,20,AO（無）,3070,仮,0,0,75,0,10,,,2,2,,,,
165-202PA1531T,1,10,L,3254,仮,0,0,75,0,10,,,2,2,,,,
165-202PA1531T,2,20,AO（無）,3070,仮,0,0,75,0,10,,,2,2,,,,
165-202PA1531U,1,10,L,3254,仮,0,0,75,0,10,,,2,2,,,,
165-202PA1531U,2,20,AO（無）,無し,仮,0,0,75,0,10,,,2,2,,,,
165-202PA1680,1,10,L,3254,仮,0,0,75,0,10,,,2,2,,,,
165-202PA1680,2,20,AO（無）,3070,仮,0,0,75,0,10,,,2,2,,,,
165-204EA-3A,1,10,PA,3406,仮,0,0,65,0,10,,,2,2,,,,
165-206BA,1,10,PA,無し,仮,0,0,75,0,10,,,2,2,,,,
165-207AB,1,10,L2,3994,仮,0,0,0,0,10,,,2,2,,,,
165-209AA,1,10,M,3253,仮,0,0,70,0,10,,,2,2,,,,
165-209BA,1,10,M,3253,仮,0,0,70,0,10,,,2,2,,,,
165-209CA,1,10,M,3253,仮,0,0,70,0,10,,,2,2,,,,
165-209DA,1,10,M,3253,仮,0,0,70,0,10,,,2,2,,,,
165-209EA,1,10,M,3253,仮,0,0,65,0,10,,,2,2,,,,
165-209EA,2,20,HT,3653,仮,0,0,65,0,10,,,2,2,,,,
165-209FA,1,10,M,3253,仮,0,0,65,0,10,,,2,2,,,,
165-209FA,2,20,HT,3653,仮,0,0,65,0,10,,,2,2,,,,
165-209GA,1,10,M,3253,仮,0,0,65,0,10,,,2,2,,,,
165-209GA,2,20,HT,3653,仮,0,0,65,0,10,,,2,2,,,,
165-209HA,1,10,M,3253,仮,0,0,65,0,10,,,2,2,,,,
165-209HA,2,20,HT,3653,仮,0,0,65,0,10,,,2,2,,,,
165-209JA,1,10,M,3253,仮,0,0,65,0,10,,,2,2,,,,
165-209JA,2,20,HT,3653,仮,0,0,65,0,10,,,2,2,,,,
165-209KA,1,10,M,3253,仮,0,0,65,0,10,,,2,2,,,,
165-209KA,2,20,HT,3653,仮,0,0,65,0,10,,,2,2,,,,
165-210AB,1,10,PA,1515,仮,0,0,23,0,10,,,2,2,,,,
165-210AC,1,10,PA,1515,仮,0,0,23,0,10,,,2,2,,,,
165-210AD,1,10,PA,1515,仮,0,0,23,0,10,,,2,2,,,,
165-210BB,1,10,PA,1515,仮,0,0,23,0,10,,,2,2,,,,
165-210BC,1,10,PA,1515,仮,0,0,23,0,10,,,2,2,,,,
165-210BD,1,10,PA,1515,仮,0,0,23,0,10,,,2,2,,,,
165-211AB,1,10,PA,1515,仮,0,0,23,0,10,,,2,2,,,,
165-211AC,1,10,PA,1515,仮,0,0,23,0,10,,,2,2,,,,
165-211AD,1,10,PA,1515,仮,0,0,23,0,10,,,2,2,,,,
165-211BB,1,10,PA,1515,仮,0,0,23,0,10,,,2,2,,,,
165-211BC,1,10,PA,1515,仮,0,0,23,0,10,,,2,2,,,,
165-211BD,1,10,PA,1515,仮,0,0,23,0,10,,,2,2,,,,
165-220HB0490,1,10,AO（無）,3994,仮,0,0,75,0,10,,,2,2,,,,
165-220HB0700,1,10,AO（無）,3994,仮,0,0,75,0,10,,,2,2,,,,
165-220HB0800,1,10,AO（無）,3994,仮,0,0,75,0,10,,,2,2,,,,
165-220HB0930,1,10,AO（無）,3994,仮,0,0,75,0,10,,,2,2,,,,
165-220HB1081,1,10,AO（無）,3994,仮,0,0,75,0,10,,,2,2,,,,
165-220HB1150,1,10,AO（無）,3994,仮,0,0,75,0,10,,,2,2,,,,
165-220HB1333,1,10,AO（無）,3994,仮,0,0,75,0,10,,,2,2,,,,
165-220HB1531,1,10,AO（無）,3994,仮,0,0,75,0,10,,,2,2,,,,
165-220HB1680,1,10,AO（無）,3994,仮,0,0,75,0,10,,,2,2,,,,
165-220HC0490,1,10,AO（無）,3994,仮,0,0,75,0,10,,,2,2,,,,
165-220HC0700,1,10,AO（無）,3994,仮,0,0,75,0,10,,,2,2,,,,
165-220HC0930,1,10,AO（無）,3994,仮,0,0,75,0,10,,,2,2,,,,
165-220HC1081,1,10,AO（無）,3994,仮,0,0,75,0,10,,,2,2,,,,
165-220HC1150,1,10,AO（無）,3994,仮,0,0,75,0,10,,,2,2,,,,
165-220HC1240,1,10,AO（無）,3994,仮,0,0,75,0,10,,,2,2,,,,
165-220HC1333,1,10,AO（無）,3994,仮,0,0,75,0,10,,,2,2,,,,
165-220HC1531,1,10,AO（無）,3994,仮,0,0,75,0,10,,,2,2,,,,
165-220HC1680,1,10,AO（無）,3994,仮,0,0,75,0,10,,,2,2,,,,
165-220HD0490,1,10,AO（無）,3994,仮,0,0,75,0,10,,,2,2,,,,
165-220HD0700,1,10,AO（無）,3994,仮,0,0,75,0,10,,,2,2,,,,
165-220HD0800,1,10,AO（無）,3994,仮,0,0,75,0,10,,,2,2,,,,
165-220HD0930,1,10,AO（無）,3994,仮,0,0,75,0,10,,,2,2,,,,
165-220HD1081,1,10,AO（無）,3994,仮,0,0,75,0,10,,,2,2,,,,
165-220HD1333,1,10,AO（無）,3994,仮,0,0,75,0,10,,,2,2,,,,
165-220HD1531,1,10,AO（無）,3994,仮,0,0,75,0,10,,,2,2,,,,
165-220HD1680,1,10,AO（無）,3994,仮,0,0,75,0,10,,,2,2,,,,
165-220JA0800,1,10,AO（無）,3994,仮,0,0,75,0,10,,,2,2,,,,
165-220JA0930,1,10,AO（無）,無し,仮,0,0,75,0,10,,,2,2,,,,
165-227BA,1,10,L,3994,仮,0,0,75,0,10,,,2,2,,,,
165-230EB1150,1,10,PA,無し,仮,0,0,75,0,10,,,2,2,,,,
165-230EB1333,1,10,PA,無し,仮,0,0,75,0,10,,,2,2,,,,
165-232AA0930,1,10,PL,3861,仮,0,0,75,0,10,,,2,2,,,,
165-232AB0490,1,10,PL,3861,仮,0,0,50,0,10,,,2,2,,,,
165-232AB0700,1,10,PL,3861,仮,0,0,50,0,10,,,2,2,,,,
165-232AB0800,1,10,PL,3861,仮,0,0,50,0,10,,,2,2,,,,
165-232AB0930,1,10,PL,3861,仮,0,0,50,0,10,,,2,2,,,,
165-232AB1081,1,10,PL,3861,仮,0,0,50,0,10,,,2,2,,,,
165-232AB1240,1,10,PL,3861,仮,0,0,50,0,10,,,2,2,,,,
165-232AB1333,1,10,PL,3861,仮,0,0,30,0,10,,,2,2,,,,
165-232AB1680,1,10,PL,3861,仮,0,0,50,0,10,,,2,2,,,,
165-232AC0490,1,10,PL,3861,仮,0,0,50,0,10,,,2,2,,,,
165-232AC0700,1,10,PL,3861,仮,0,0,50,0,10,,,2,2,,,,
165-232AC0800,1,10,PL,3158,仮,0,0,50,0,10,,,2,2,,,,
165-232AC0930,1,10,PL,3158,仮,0,0,50,0,10,,,2,2,,,,
165-232AC1081,1,10,PL,3158,仮,0,0,50,0,10,,,2,2,,,,
165-232AC1150,1,10,PL,3861,仮,0,0,50,0,10,,,2,2,,,,
165-232AC1680,1,10,PL,3861,仮,0,0,50,0,10,,,2,2,,,,
165-233AB,1,10,L2,3399,仮,0,0,20,0,10,,,2,2,,,,
165-233BA,1,10,L2,3399,仮,0,0,0,0,10,,,2,2,,,,
165-233BA,2,20,PA,無し,仮,0,0,0,0,10,,,2,2,,,,
165-233FA,1,10,L2,3399,仮,0,0,25,0,10,,,2,2,,,,
165-233FA,2,20,PA,無し,仮,0,0,25,0,10,,,2,2,,,,
165-240CD,1,10,PA,無し,仮,0,0,75,0,10,,,2,2,,,,
165-240QB,1,10,PA,無し,仮,0,0,75,0,10,,,2,2,,,,
165-241AB1150,1,10,PL,無し,仮,0,0,0,0,10,,,2,2,,,,
165-241AB1333,1,10,PL,無し,仮,0,0,20,0,10,,,2,2,,,,
165-241BC0490,1,10,L,3254,仮,0,0,75,0,10,,,2,2,,,,
165-241BC0490,2,20,AO（無）,3070,仮,0,0,75,0,10,,,2,2,,,,
165-241BC0700,1,10,L,3254,仮,0,0,75,0,10,,,2,2,,,,
165-241BC0700,2,20,AO（無）,3070,仮,0,0,75,0,10,,,2,2,,,,
165-241BC0800,1,10,L,3254,仮,0,0,75,0,10,,,2,2,,,,
165-241BC0800,2,20,AO（無）,3070,仮,0,0,75,0,10,,,2,2,,,,
165-241BC0930,1,10,L,3254,仮,0,0,75,0,10,,,2,2,,,,
165-241BC0930,2,20,AO（無）,3070,仮,0,0,75,0,10,,,2,2,,,,
165-241BC1081,1,10,L,3254,仮,0,0,75,0,10,,,2,2,,,,
165-241BC1081,2,20,AO（無）,3070,仮,0,0,75,0,10,,,2,2,,,,
165-241BC1150,1,10,L,3254,仮,0,0,75,0,10,,,2,2,,,,
165-241BC1150,2,20,AO（無）,3070,仮,0,0,75,0,10,,,2,2,,,,
165-241BC1240,1,10,L,3254,仮,0,0,75,0,10,,,2,2,,,,
165-241BC1240,2,20,AO（無）,3070,仮,0,0,75,0,10,,,2,2,,,,
165-241BC1333,1,10,L,3254,仮,0,0,75,0,10,,,2,2,,,,
165-241BC1333,2,20,AO（無）,3070,仮,0,0,75,0,10,,,2,2,,,,
165-241BC1411,1,10,L,3254,仮,0,0,75,0,10,,,2,2,,,,
165-241BC1411,2,20,AO（無）,3070,仮,0,0,75,0,10,,,2,2,,,,
165-241BC1438,1,10,L,3254,仮,0,0,75,0,10,,,2,2,,,,
165-241BC1438,2,20,AO（無）,3070,仮,0,0,75,0,10,,,2,2,,,,
165-241BC1531,1,10,L,3254,仮,0,0,75,0,10,,,2,2,,,,
165-241BC1531,2,20,AO（無）,3070,仮,0,0,75,0,10,,,2,2,,,,
165-241BC1587,1,10,L,3254,仮,0,0,75,0,10,,,2,2,,,,
165-241BC1587,2,20,AO（無）,3070,仮,0,0,75,0,10,,,2,2,,,,
165-241BC1680,1,10,L,3254,仮,0,0,75,0,10,,,2,2,,,,
165-241BC1680,2,20,AO（無）,3070,仮,0,0,75,0,10,,,2,2,,,,
165-241KA0800,1,10,L,3254,仮,0,0,75,0,10,,,2,2,,,,
165-241KA0800,2,20,AO（無）,3070,仮,0,0,75,0,10,,,2,2,,,,
165-241KA1333,1,10,L,3254,仮,0,0,75,0,10,,,2,2,,,,
165-241KA1333,2,20,AO（無）,3070,仮,0,0,75,0,10,,,2,2,,,,
165-250EA,1,10,PL,無し,仮,0,0,30,0,10,,,2,2,,,,
165-256AA1333,1,10,L,3254,仮,0,0,75,0,10,,,2,2,,,,
165-256AA1531,1,10,L,3254,仮,0,0,75,0,10,,,2,2,,,,
165-256BA0490,1,10,L,3254,仮,0,0,75,0,10,,,2,2,,,,
165-256BA0700,1,10,L,3254,仮,0,0,75,0,10,,,2,2,,,,
165-256BA0800,1,10,L,3254,仮,0,0,75,0,10,,,2,2,,,,
165-256BA0930,1,10,L,3254,仮,0,0,75,0,10,,,2,2,,,,
165-256BA1081,1,10,L,3254,仮,0,0,75,0,10,,,2,2,,,,
165-256BA1150,1,10,L,3254,仮,0,0,75,0,10,,,2,2,,,,
165-256BA1333,1,10,L,3254,仮,0,0,75,0,10,,,2,2,,,,
165-256BA1531,1,10,L,3254,仮,0,0,75,0,10,,,2,2,,,,
165-256BA1680,1,10,L,3254,仮,0,0,75,0,10,,,2,2,,,,
165-277CA,1,10,PA,1515,仮,0,0,40,0,10,,,2,2,,,,
165-277DA,1,10,PA,1515,仮,0,0,40,0,10,,,2,2,,,,
165-277EA,1,10,PA,1515,仮,0,0,20,0,10,,,2,2,,,,
165-444NB,1,10,MC,3399,仮,0,0,0,0,10,,,2,2,,,,
165-444NB,2,20,PA,3399,仮,0,0,0,0,10,,,2,2,,,,
165-444PD,1,10,MC,3523,仮,0,0,0,0,10,,,2,2,,,,
165-444PD,2,20,PA,3399,仮,0,0,0,0,10,,,2,2,,,,
165-444QC,1,10,MC,3523,仮,0,0,0,0,10,,,2,2,,,,
165-444QC,2,20,PA,3994,仮,0,0,0,0,10,,,2,2,,,,
165-444RC,1,10,MC,3399,仮,0,0,0,0,10,,,2,2,,,,
165-444SD,1,10,MC,3399,仮,0,0,20,0,10,,,2,2,,,,
165-444SD,2,20,PA,3399,仮,0,0,20,0,10,,,2,2,,,,
165-444UA,1,10,MC,3399,仮,0,0,20,0,10,,,2,2,,,,
165-444UA,2,20,PA,3399,仮,0,0,20,0,10,,,2,2,,,,
165-444UC,1,10,MC,3399,仮,0,0,20,0,10,,,2,2,,,,
165-444UC,2,20,PA,3399,仮,0,0,20,0,10,,,2,2,,,,
1651-201BA2200,1,10,L,3254,仮,0,0,75,0,10,,,2,2,,,,
1651-201BA2200,2,20,AO（無）,3070,仮,0,0,75,0,10,,,2,2,,,,
1651-201BA2500,1,10,L,3254,仮,0,0,75,0,10,,,2,2,,,,
1651-201BA2500,2,20,AO（無）,3070,仮,0,0,75,0,10,,,2,2,,,,
1651-201CA2500-1,1,10,L,3254,仮,0,0,75,0,10,,,2,2,,,,
1651-201CA2500-1,2,20,AO（無）,3070,仮,0,0,75,0,10,,,2,2,,,,
1651-210BC,1,10,MC,3399,仮,0,0,0,0,10,,,2,2,,,,
1651-210BC,2,20,PA,3399,仮,0,0,0,0,10,,,2,2,,,,
1651-211BB,1,10,MC,3399,仮,0,0,0,0,10,,,2,2,,,,
1651-211BB,2,20,PA,3399,仮,0,0,0,0,10,,,2,2,,,,
1651-232AB,1,10,PA,無し,仮,0,0,75,0,10,,,2,2,,,,
1651-232BB,1,10,PA,無し,仮,0,0,75,0,10,,,2,2,,,,
1651-236AA,1,10,MC,3281,仮,0,0,0,0,10,,,2,2,,,,
1651-290AA,1,10,PA,1515,仮,0,0,20,0,10,,,2,2,,,,
1651-290BA,1,10,PA,1515,仮,0,0,20,0,10,,,2,2,,,,
1651-290CA,1,10,PA,1515,仮,0,0,0,0,10,,,2,2,,,,
1651-290DA,1,10,PA,1515,仮,0,0,0,0,10,,,2,2,,,,
1651-290EA,1,10,PA,3865,仮,0,0,20,0,10,,,2,2,,,,
1651-290FA,1,10,PA,3865,仮,0,0,20,0,10,,,2,2,,,,
1651-290GA,1,10,PA,1515,仮,0,0,20,0,10,,,2,2,,,,
1651-290KA,1,10,PA,1515,仮,0,0,0,0,10,,,2,2,,,,
1651-290LA,1,10,PA,1515,仮,0,0,0,0,10,,,2,2,,,,
167-310DA,1,10,PA,3406,仮,0,0,0,0,10,,,2,2,,,,
167-703AA,1,10,PL,1973,仮,0,0,0,0,10,,,2,2,,,,
167-703BA,1,10,PL,1973,仮,0,0,0,0,10,,,2,2,,,,
167-703BB,1,10,PL,3861,仮,0,0,3,0,10,,,2,2,,,,
171-307BA,1,10,PA,3406,仮,0,0,0,0,10,,,2,2,,,,
171-307BB,1,10,PA,3406,仮,0,0,0,0,10,,,2,2,,,,
171-307CA,1,10,PA,3406,仮,0,0,0,0,10,,,2,2,,,,
171-307CB,1,10,PA,3406,仮,0,0,0,0,10,,,2,2,,,,
171-444FA,1,10,MC,3399,仮,0,0,0,0,10,,,2,2,,,,
171-444FA,2,20,PA,CA,仮,0,0,0,0,10,,,2,2,,,,
1731-105DA24,1,10,AO（無）,1592,仮,0,0,0,0,10,,,2,2,,,,
1731-105DA24,2,20,PA,9999,仮,0,0,0,0,10,,,2,2,,,,
1731-105DB24,1,10,AO（無）,1592,仮,0,0,0,0,10,,,2,2,,,,
1731-105DB24,2,20,PA,3406,仮,0,0,0,0,10,,,2,2,,,,
1731-105DC14,1,10,AO（無）,1592,仮,0,0,0,0,10,,,2,2,,,,
1731-105DC14,2,20,PA,3406,仮,0,0,0,0,10,,,2,2,,,,
1731-105DC18,1,10,AO（無）,1592,仮,0,0,0,0,10,,,2,2,,,,
1731-105DC18,2,20,PA,3406,仮,0,0,0,0,10,,,2,2,,,,
1731-105DC24,1,10,AO（無）,1592,仮,0,0,0,0,10,,,2,2,,,,
1731-105DC24,2,20,PA,3406,仮,0,0,0,0,10,,,2,2,,,,
1731-105EA24,1,10,AO（無）,1592,仮,0,0,0,0,10,,,2,2,,,,
1731-105EA24,2,20,PA,3406,仮,0,0,0,0,10,,,2,2,,,,
1731-105EB14,1,10,AO（無）,1592,仮,0,0,0,0,10,,,2,2,,,,
1731-105EB14,2,20,PA,3406,仮,0,0,0,0,10,,,2,2,,,,
1731-105EB18,1,10,AO（無）,1592,仮,0,0,0,0,10,,,2,2,,,,
1731-105EB18,2,20,PA,3406,仮,0,0,0,0,10,,,2,2,,,,
1731-105EB24,1,10,AO（無）,1592,仮,0,0,0,0,10,,,2,2,,,,
1731-105EB24,2,20,PA,3406,仮,0,0,0,0,10,,,2,2,,,,
1731-105FA24,1,10,AO（無）,1592,仮,0,0,0,0,10,,,2,2,,,,
1731-105FA24,2,20,PA,9999,仮,0,0,0,0,10,,,2,2,,,,
1731-105FB24,1,10,AO（無）,1592,仮,0,0,0,0,10,,,2,2,,,,
1731-105FB24,2,20,PA,3406,仮,0,0,0,0,10,,,2,2,,,,
1731-105FC14,1,10,AO（無）,1592,仮,0,0,0,0,10,,,2,2,,,,
1731-105FC14,2,20,PA,3406,仮,0,0,0,0,10,,,2,2,,,,
1731-105FC18,1,10,AO（無）,1592,仮,0,0,0,0,10,,,2,2,,,,
1731-105FC18,2,20,PA,3406,仮,0,0,0,0,10,,,2,2,,,,
1731-105FC24,1,10,AO（無）,1592,仮,0,0,0,0,10,,,2,2,,,,
1731-105FC24,2,20,PA,3406,仮,0,0,0,0,10,,,2,2,,,,
1731-105HA24,1,10,AO（無）,1592,仮,0,0,0,0,10,,,2,2,,,,
1731-105HA24,2,20,PA,3406,仮,0,0,0,0,10,,,2,2,,,,
1731-105HB24,1,10,AO（無）,1592,仮,0,0,0,0,10,,,2,2,,,,
1731-105HB24,2,20,PA,3406,仮,0,0,0,0,10,,,2,2,,,,
1731-105JA24,1,10,AO（無）,1592,仮,0,0,0,0,10,,,2,2,,,,
1731-105JA24,2,20,PA,3406,仮,0,0,0,0,10,,,2,2,,,,
1731-105JB24,1,10,AO（無）,1592,仮,0,0,0,0,10,,,2,2,,,,
1731-105JB24,2,20,PA,3406,仮,0,0,0,0,10,,,2,2,,,,
1731-105KA24,1,10,AO（無）,1592,仮,0,0,0,0,10,,,2,2,,,,
1731-105KA24,2,20,PA,3406,仮,0,0,0,0,10,,,2,2,,,,
1731-105KB24,1,10,AO（無）,1592,仮,0,0,0,0,10,,,2,2,,,,
1731-105KB24,2,20,PA,3406,仮,0,0,0,0,10,,,2,2,,,,
1731-125AB,1,10,PA,無し,仮,0,0,0,0,10,,,2,2,,,,
1731-125BA,1,10,PA,1515,仮,0,0,0,0,10,,,2,2,,,,
1731-127AA,1,10,PA,1515,仮,0,0,0,0,10,,,2,2,,,,
1731-127BA,1,10,PA,無し,仮,0,0,0,0,10,,,2,2,,,,
1731-12A01AA14,1,10,PA,3406,仮,0,0,0,0,10,,,2,2,,,,
1731-12A01AA18,1,10,PA,3406,仮,0,0,0,0,10,,,2,2,,,,
1731-12A01AA24,1,10,PA,3406,仮,0,0,0,0,10,,,2,2,,,,
1731-12A01BA24,1,10,PA,3406,仮,0,0,20,0,10,,,2,2,,,,
1731-307AA,1,10,PA,1515,仮,0,0,0,0,10,,,2,2,,,,
1731-307BA,1,10,PA,無し,仮,0,0,0,0,10,,,2,2,,,,
1731-307CA,1,10,PA,3406,仮,0,0,0,0,10,,,2,2,,,,
1731-307CB,1,10,PA,3406,仮,0,0,0,0,10,,,2,2,,,,
1731-307EA,1,10,PA,3406,仮,0,0,0,0,10,,,2,2,,,,
1731-307FA,1,10,PA,3406,仮,0,0,0,0,10,,,2,2,,,,
1731-307FB,1,10,PA,3406,仮,0,0,0,0,10,,,2,2,,,,
1731-311AA,1,10,PA,3406,仮,0,0,30,0,10,,,2,2,,,,
1731-406DA15-1,1,10,MC,3399,仮,0,0,0,0,10,,,2,2,,,,
1731-406DA16-1,1,10,MC,3399,仮,0,0,0,0,10,,,2,2,,,,
1731-406DA17-1,1,10,MC,3399,仮,0,0,0,0,10,,,2,2,,,,
1731-406DA18-1,1,10,MC,3399,仮,0,0,0,0,10,,,2,2,,,,
1731-501ZGD19,1,10,L1,1797,仮,0,0,0,0,10,,,2,2,,,,
1731-501ZGD21,1,10,L1,1797,仮,0,0,0,0,10,,,2,2,,,,
1731-501ZJA12,1,10,L1,1797,仮,0,0,0,0,10,,,2,2,,,,
1731-501ZJA13,1,10,L1,1797,仮,0,0,0,0,10,,,2,2,,,,
1731-501ZJA14,1,10,L1,1797,仮,0,0,0,0,10,,,2,2,,,,
1731-501ZJA15,1,10,L1,1797,仮,0,0,0,0,10,,,2,2,,,,
1731-501ZJA17,1,10,L1,1797,仮,0,0,0,0,10,,,2,2,,,,
1731-501ZJA21,1,10,L1,1797,仮,0,0,0,0,10,,,2,2,,,,
1731-501ZJA23,1,10,L1,1797,仮,0,0,0,0,10,,,2,2,,,,
1731-501ZJA24,1,10,L1,1797,仮,0,0,0,0,10,,,2,2,,,,
1751-12A01AA17,1,10,PA,3406,仮,0,0,0,0,10,,,2,2,,,,
1751-12A01AA24,1,10,PA,3406,仮,0,0,0,0,10,,,2,2,,,,
1751-12A01BA17,1,10,PA,3406,仮,0,0,0,0,10,,,2,2,,,,
1751-12A01BA24,1,10,PA,3406,仮,0,0,0,0,10,,,2,2,,,,
1751-12A01CA17,1,10,PA,3406,仮,0,0,0,0,10,,,2,2,,,,
1751-12A01CA24,1,10,PA,3406,仮,0,0,30,0,10,,,2,2,,,,
1751-411AA09-1,1,10,L2,1797,仮,0,0,0,0,10,,,2,2,,,,
1751-411AA09-1,2,20,LA,1797,仮,0,0,0,0,10,,,2,2,,,,
1751-413AB17,1,10,MC,3199,仮,0,0,70,0,10,,,2,2,,,,
1751-413AB24,1,10,MC,3199,仮,0,0,70,0,10,,,2,2,,,,
1751-420AA12,1,10,PA,1515,仮,0,0,0,0,10,,,2,2,,,,
1751-43A01BA,1,10,MC,3199,仮,0,0,70,0,10,,,2,2,,,,
1751-444CA,1,10,MC,3399,仮,0,0,0,0,10,,,2,2,,,,
1751-444CA,2,20,PA,3399,仮,0,0,0,0,10,,,2,2,,,,
1751-448AB,1,10,L,3994,仮,0,0,75,0,10,,,2,2,,,,
1751-448AB,2,20,PL,3861,仮,0,0,75,0,10,,,2,2,,,,
1831-105AAL30,1,10,PA,3406,仮,0,0,0,0,10,,,2,2,,,,
1831-105AAL36,1,10,PA,3406,仮,0,0,25,0,10,,,2,2,,,,
1831-105AAM30,1,10,PA,3406,仮,0,0,25,0,10,,,2,2,,,,
1831-105AB30,1,10,PA,無し,仮,0,0,0,0,10,,,2,2,,,,
1831-105BAL30,1,10,PA,3406,仮,0,0,0,0,10,,,2,2,,,,
1831-105BAL36,1,10,PA,3406,仮,0,0,25,0,10,,,2,2,,,,
1831-105BAM30,1,10,PA,3406,仮,0,0,25,0,10,,,2,2,,,,
1831-105BB30,1,10,PA,無し,仮,0,0,0,0,10,,,2,2,,,,
1831-105CAL30,1,10,PA,3406,仮,0,0,0,0,10,,,2,2,,,,
1831-105CAL36,1,10,PA,3406,仮,0,0,25,0,10,,,2,2,,,,
1831-105CAM30,1,10,PA,3406,仮,0,0,25,0,10,,,2,2,,,,
1831-105CC30,1,10,PA,3406,仮,0,0,0,0,10,,,2,2,,,,
1831-105DAL30,1,10,PA,3406,仮,0,0,0,0,10,,,2,2,,,,
1831-105DAL36,1,10,PA,3406,仮,0,0,25,0,10,,,2,2,,,,
1831-105DAM30,1,10,PA,3406,仮,0,0,25,0,10,,,2,2,,,,
1831-105EAL30,1,10,PA,3406,仮,0,0,0,0,10,,,2,2,,,,
1831-105EAL36,1,10,PA,3406,仮,0,0,25,0,10,,,2,2,,,,
1831-105EAM30,1,10,PA,3406,仮,0,0,25,0,10,,,2,2,,,,
1831-105FAL30,1,10,PA,3406,仮,0,0,0,0,10,,,2,2,,,,
1831-105FAL36,1,10,PA,3406,仮,0,0,25,0,10,,,2,2,,,,
1831-105FAM30,1,10,PA,3406,仮,0,0,25,0,10,,,2,2,,,,
1831-105FB30,1,10,PA,3406,仮,0,0,0,0,10,,,2,2,,,,
1831-444AA,1,10,PA,1515,仮,0,0,0,0,10,,,2,2,,,,
1831-444AB,1,10,PA,1515,仮,0,0,20,0,10,,,2,2,,,,
1831-444BA,1,10,PA,1515,仮,0,0,20,0,10,,,2,2,,,,
19-310,1,10,PA,1515,仮,0,0,0,0,10,,,2,2,,,,
1931-290AA,1,10,PA,1515,仮,0,0,25,0,10,,,2,2,,,,
1931-290BA,1,10,PA,3865,仮,0,0,25,0,10,,,2,2,,,,
1931-290CA,1,10,PA,3865,仮,0,0,25,0,10,,,2,2,,,,
1931-290DA,1,10,PA,3865,仮,0,0,25,0,10,,,2,2,,,,
1931-290EA,1,10,PA,3865,仮,0,0,20,0,10,,,2,2,,,,
1931-290FB,1,10,PA,無し,仮,0,0,20,0,10,,,2,2,,,,
19B-112,1,10,PL,1973,仮,0,0,0,0,10,,,2,2,,,,
19B-304-230,1,10,PA,1515,仮,0,0,40,0,10,,,2,2,,,,
19B-304B-160,1,10,PA,1515,仮,0,0,5,0,10,,,2,2,,,,
19B-304B-230,1,10,PA,1515,仮,0,0,40,0,10,,,2,2,,,,
20-207-1251,1,10,PA,無し,仮,0,0,30,0,10,,,2,2,,,,
20-226-1091,1,10,PL,3982,仮,0,0,75,0,10,,,2,2,,,,
20-236,1,10,PA,1515,仮,0,0,0,0,10,,,2,2,,,,
20-236AA,1,10,PA,1515,仮,0,0,0,0,10,,,2,2,,,,
20-236AB,1,10,PA,1515,仮,0,0,0,0,10,,,2,2,,,,
20-252,1,10,L,3052,仮,0,0,75,0,10,,,2,2,,,,
20-252,2,20,PL,3653,仮,0,0,75,0,10,,,2,2,,,,
20-252,3,30,PA,無し,仮,0,0,75,0,10,,,2,2,,,,
20-275AHS,1,10,PA,3399,仮,0,0,0,0,10,,,2,2,,,,
20-275AS,1,10,PA,3399,仮,0,0,0,0,10,,,2,2,,,,
20-275BHS,1,10,PA,3399,仮,0,0,0,0,10,,,2,2,,,,
20-275BS,1,10,PA,3399,仮,0,0,0,0,10,,,2,2,,,,
201-646BA,1,10,PL,1973,仮,0,0,0,0,10,,,2,2,,,,
2153-210AA,1,10,PA,3406,仮,0,0,30,0,10,,,2,2,,,,
2153-211AA,1,10,PA,3406,仮,0,0,30,0,10,,,2,2,,,,
2153-212AA,1,10,PA,3406,仮,0,0,30,0,10,,,2,2,,,,
2153-214AA,1,10,PA,3406,仮,0,0,30,0,10,,,2,2,,,,
2153-230AA0200,1,10,PA,3406,仮,0,0,30,0,10,,,2,2,,,,
2153-232AA,1,10,PA,3406,仮,0,0,30,0,10,,,2,2,,,,
2153-233AA,1,10,PA,3406,仮,0,0,10,0,10,,,2,2,,,,
2172-204AA,1,10,MC,3993,仮,0,0,0,0,10,,,2,2,,,,
2172-204AA,2,20,PA,3406,仮,0,0,0,0,10,,,2,2,,,,
2172-204AB,1,10,MC,3075,仮,0,0,0,0,10,,,2,2,,,,
2172-205AA,1,10,MC,3993,仮,0,0,0,0,10,,,2,2,,,,
2172-205AA,2,20,PA,3406,仮,0,0,0,0,10,,,2,2,,,,
2172-205AB,1,10,MC,無し,仮,0,0,0,0,10,,,2,2,,,,
2172-205AB,2,20,PA,3406,仮,0,0,0,0,10,,,2,2,,,,
2172-205AC,1,10,MC,3075,仮,0,0,0,0,10,,,2,2,,,,
2172-205AD,1,10,MC,無し,仮,0,0,0,0,10,,,2,2,,,,
2172-208AB1333,1,10,PL,3861,仮,0,0,75,0,10,,,2,2,,,,
2172-220AA1333,1,10,AO（無）,3994,仮,0,0,75,0,10,,,2,2,,,,
2172-220AB1333,1,10,AO（無）,3994,仮,0,0,75,0,10,,,2,2,,,,
2172-220AC1333,1,10,AO（無）,3994,仮,0,0,75,0,10,,,2,2,,,,
2172-232AA1333,1,10,PA,無し,仮,0,0,75,0,10,,,2,2,,,,
2172-232AB1333,1,10,PL,3861,仮,0,0,50,0,10,,,2,2,,,,
2172-276AA,1,10,PA,1515,仮,0,0,75,0,10,,,2,2,,,,
2172-276BA,1,10,PA,1515,仮,0,0,75,0,10,,,2,2,,,,
2172-277AA,1,10,PA,1515,仮,0,0,75,0,10,,,2,2,,,,
2185-250AB2200,1,10,PA,3406,仮,0,0,0,0,10,,,2,2,,,,
2185-250AB2500,1,10,PA,3406,仮,0,0,0,0,10,,,2,2,,,,
2185-250AB2650,1,10,PA,3406,仮,0,0,0,0,10,,,2,2,,,,
2185-250BA2200,1,10,PA,3406,仮,0,0,0,0,10,,,2,2,,,,
2185-250BA2500,1,10,PA,3406,仮,0,0,0,0,10,,,2,2,,,,
2185-250BA2650,1,10,PA,3406,仮,0,0,0,0,10,,,2,2,,,,
2185-250BB2200,1,10,PA,3406,仮,0,0,0,0,10,,,2,2,,,,
2185-250BB2500,1,10,PA,3406,仮,0,0,0,0,10,,,2,2,,,,
2185-250BB2650,1,10,PA,3406,仮,0,0,0,0,10,,,2,2,,,,
2185-259CA2200-1A,1,10,L,3254,仮,0,0,75,0,10,,,2,2,,,,
2185-259CA2500-1A,1,10,L,3254,仮,0,0,75,0,10,,,2,2,,,,
2185-259CA2650-1A,1,10,L,3254,仮,0,0,75,0,10,,,2,2,,,,
2190-250AA2350,1,10,PA,3406,仮,0,0,0,0,10,,,2,2,,,,
21A1-256AA1471,1,10,L,3254,仮,0,0,75,0,10,,,2,2,,,,
21A1-256AA1471,2,20,AO（無）,3070,仮,0,0,75,0,10,,,2,2,,,,
21A1-256BA1471,1,10,L,3254,仮,0,0,75,0,10,,,2,2,,,,
21A1-256BA1471,2,20,AO（無）,3070,仮,0,0,75,0,10,,,2,2,,,,
21A3-256AA1531,1,10,L,3254,仮,0,0,75,0,10,,,2,2,,,,
21A3-256AB1531,1,10,L,3254,仮,0,0,75,0,10,,,2,2,,,,
220-680-B,1,10,PL,3861,仮,0,0,20,0,10,,,2,2,,,,
225-539CA,1,10,PL,1973,仮,0,0,0,0,10,,,2,2,,,,
225-661,1,10,PA,1515,仮,0,0,0,0,10,,,2,2,,,,
225-680-A,1,10,PL,3861,仮,0,0,20,0,10,,,2,2,,,,
225-681-A,1,10,PL,3861,仮,0,0,20,0,10,,,2,2,,,,
225-681-B,1,10,PL,3861,仮,0,0,20,0,10,,,2,2,,,,
226-531A30,1,10,PL,9999,仮,0,0,0,0,10,,,2,2,,,,
226-531A33,1,10,PL,9999,仮,0,0,0,0,10,,,2,2,,,,
226-531AA36,1,10,PL,9999,仮,0,0,0,0,10,,,2,2,,,,
226-531B30,1,10,PL,1973,仮,0,0,0,0,10,,,2,2,,,,
226-531B33,1,10,PL,9999,仮,0,0,0,0,10,,,2,2,,,,
226-531BA36,1,10,PL,9999,仮,0,0,0,0,10,,,2,2,,,,
226-531C30,1,10,PL,1973,仮,0,0,0,0,10,,,2,2,,,,
226-531C33,1,10,PL,9999,仮,0,0,0,0,10,,,2,2,,,,
226-531CA36,1,10,PL,1973,仮,0,0,0,0,10,,,2,2,,,,
226-633A30,1,10,PL,1973,仮,0,0,0,0,10,,,2,2,,,,
226-633AA36,1,10,PL,9999,仮,0,0,0,0,10,,,2,2,,,,
226-633BA36,1,10,PL,無し,仮,0,0,0,0,10,,,2,2,,,,
226-633CA36,1,10,PL,無し,仮,0,0,0,0,10,,,2,2,,,,
226-633D30,1,10,PL,9999,仮,0,0,0,0,10,,,2,2,,,,
226-633DA36,1,10,PL,9999,仮,0,0,0,0,10,,,2,2,,,,
226-633E30,1,10,PL,9999,仮,0,0,0,0,10,,,2,2,,,,
226-633EA36,1,10,PL,1973,仮,0,0,25,0,10,,,2,2,,,,
226-633FA33,1,10,PL,9999,仮,0,0,0,0,10,,,2,2,,,,
226-633GA33,1,10,PL,無し,仮,0,0,0,0,10,,,2,2,,,,
226-633HA33,1,10,PL,無し,仮,0,0,0,0,10,,,2,2,,,,
226-633JA33,1,10,PL,9999,仮,0,0,0,0,10,,,2,2,,,,
226-633KA33,1,10,PL,無し,仮,0,0,0,0,10,,,2,2,,,,
266-633FA33,1,10,PL,3861,仮,0,0,25,0,10,,,2,2,,,,
266-633GA33,1,10,PL,無し,仮,0,0,25,0,10,,,2,2,,,,
266-633HA33,1,10,PL,無し,仮,0,0,25,0,10,,,2,2,,,,
266-633JA33,1,10,PL,1973,仮,0,0,25,0,10,,,2,2,,,,
266-633KA33,1,10,PL,無し,仮,0,0,25,0,10,,,2,2,,,,
266-633RA33,1,10,PL,無し,仮,0,0,25,0,10,,,2,2,,,,
269-661A30,1,10,PL,1973,仮,0,0,25,0,10,,,2,2,,,,
269-661A33,1,10,PL,1973,仮,0,0,0,0,10,,,2,2,,,,
278-609B,1,10,PL,1973,仮,0,0,0,0,10,,,2,2,,,,
278-609B33,1,10,PL,1973,仮,0,0,0,0,10,,,2,2,,,,
283-633AA33,1,10,PL,無し,仮,0,0,0,0,10,,,2,2,,,,
283-633BA33,1,10,PL,無し,仮,0,0,0,0,10,,,2,2,,,,
283-633CA33,1,10,PL,無し,仮,0,0,0,0,10,,,2,2,,,,
3142-601AA30,1,10,MC,1042,仮,0,0,0,0,10,,,2,2,,,,
3142-652AB30,1,10,L1,3279,仮,0,0,0,0,10,,,2,2,,,,
3144-609AA,1,10,PA,1515,仮,0,0,0,0,10,,,2,2,,,,
3144-609BA,1,10,PA,1515,仮,0,0,0,0,10,,,2,2,,,,
3144-609CA,1,10,PA,1515,仮,0,0,0,0,10,,,2,2,,,,
3147-502AA34,1,10,L1,1797,仮,0,0,0,0,10,,,2,2,,,,
3149-609AA,1,10,PA,1515,仮,0,0,0,0,10,,,2,2,,,,
3151-508AA30,1,10,PL,1973,仮,0,0,10,0,10,,,2,2,,,,
3151-508AA34,1,10,PL,1973,仮,0,0,10,0,10,,,2,2,,,,
3151-508BA30,1,10,PL,1973,仮,0,0,7,0,10,,,2,2,,,,
3151-508BA34,1,10,PL,1973,仮,0,0,10,0,10,,,2,2,,,,
3153-508AA30,1,10,PL,1973,仮,0,0,10,0,10,,,2,2,,,,
3153-608AA26-1,1,10,L1,1797,仮,0,0,0,0,10,,,2,2,,,,
3153-608AA32-1,1,10,L1,1797,仮,0,0,0,0,10,,,2,2,,,,
3153-608AA36-1,1,10,L1,1797,仮,0,0,0,0,10,,,2,2,,,,
3154-608AA14,1,10,L1,1797,仮,0,0,0,0,10,,,2,2,,,,
3154-608AA14,2,20,L2,1797,仮,0,0,0,0,10,,,2,2,,,,
3154-608AA26,1,10,L1,1797,仮,0,0,0,0,10,,,2,2,,,,
3154-608AA32,1,10,L1,1797,仮,0,0,0,0,10,,,2,2,,,,
3154-608AB30,1,10,L1,1797,仮,0,0,0,0,10,,,2,2,,,,
3154-609AA3,1,10,PA,1515,仮,0,0,0,0,10,,,2,2,,,,
3154-609AA7,1,10,PA,1515,仮,0,0,0,0,10,,,2,2,,,,
3154-609AB,1,10,PA,1515,仮,0,0,0,0,10,,,2,2,,,,
3154-609BA1,1,10,PA,1515,仮,0,0,0,0,10,,,2,2,,,,
3154-609BA2,1,10,PA,1515,仮,0,0,0,0,10,,,2,2,,,,
3154-609BA4,1,10,PA,1515,仮,0,0,0,0,10,,,2,2,,,,
3154-652AA12,1,10,L1,3279,仮,0,0,0,0,10,,,2,2,,,,
3154-652AA12,2,20,L2,無し,仮,0,0,0,0,10,,,2,2,,,,
3154-652AA13,1,10,L1,無し,仮,0,0,0,0,10,,,2,2,,,,
3154-652AA13,2,20,L2,無し,仮,0,0,0,0,10,,,2,2,,,,
3154-652AA14,1,10,L1,3044,仮,0,0,0,0,10,,,2,2,,,,
3154-652AA14,2,20,L2,無し,仮,0,0,0,0,10,,,2,2,,,,
3154-652AA15,1,10,L1,3994,仮,0,0,0,0,10,,,2,2,,,,
3154-652AA15,2,20,L2,3994,仮,0,0,0,0,10,,,2,2,,,,
3154-652AA17,1,10,L1,3994,仮,0,0,0,0,10,,,2,2,,,,
3154-652AA21,1,10,L1,3994,仮,0,0,0,0,10,,,2,2,,,,
3154-652AA23,1,10,L1,3994,仮,0,0,0,0,10,,,2,2,,,,
3154-652AA24,1,10,L1,3994,仮,0,0,0,0,10,,,2,2,,,,
3154-652AA25,1,10,L1,無し,仮,0,0,0,0,10,,,2,2,,,,
3154-652AA26,1,10,L1,3279,仮,0,0,0,0,10,,,2,2,,,,
3154-652AB30,1,10,L1,3279,仮,0,0,0,0,10,,,2,2,,,,
3164-608AA26-1,1,10,L1,3199,仮,0,0,0,0,10,,,2,2,,,,
3164-608AA28-1,1,10,L1,3199,仮,0,0,0,0,10,,,2,2,,,,
3164-608AA30-1,1,10,L1,3199,仮,0,0,0,0,10,,,2,2,,,,
3164-608AA32-1,1,10,L1,3199,仮,0,0,0,0,10,,,2,2,,,,
3164-608AA34-1,1,10,L1,3199,仮,0,0,0,0,10,,,2,2,,,,
3164-608AA36-1,1,10,L1,3199,仮,0,0,0,0,10,,,2,2,,,,
3164-608AA38-1,1,10,L1,3199,仮,0,0,0,0,10,,,2,2,,,,
3164-608AA40-1,1,10,L1,3199,仮,0,0,0,0,10,,,2,2,,,,
3164-608AA42-1,1,10,L1,3199,仮,0,0,0,0,10,,,2,2,,,,
3167-502BA34,1,10,L1,1800,仮,0,0,0,0,10,,,2,2,,,,
3167-502BA34,2,20,PL,無し,仮,0,0,0,0,10,,,2,2,,,,
3225-432AA36,1,10,L1,1797,仮,0,0,0,0,10,,,2,2,,,,
3225-432AA36,2,20,LA,1797,仮,0,0,0,0,10,,,2,2,,,,
3225-601EA36,1,10,L1,1797,仮,0,0,0,0,10,,,2,2,,,,
3225-608AA36,1,10,L1,3279,仮,0,0,0,0,10,,,2,2,,,,
3225-651AA36,1,10,L1,無し,仮,0,0,0,0,10,,,2,2,,,,
3236-651AB26,1,10,L1,3044,仮,0,0,0,0,10,,,2,2,,,,
3237-432AB34,1,10,L1,1800,仮,0,0,0,0,10,,,2,2,,,,
3237-601EA26,1,10,L1,1797,仮,0,0,0,0,10,,,2,2,,,,
3237-608AA26,1,10,L1,3279,仮,0,0,0,0,10,,,2,2,,,,
3237-651AA26,1,10,L1,3044,仮,0,0,0,0,10,,,2,2,,,,
3237-651AC26,1,10,L1,3044,仮,0,0,0,0,10,,,2,2,,,,
3238-651AC26,1,10,L1,3044,仮,0,0,0,0,10,,,2,2,,,,
3240-601EA26,1,10,L1,1797,仮,0,0,0,0,10,,,2,2,,,,
3240-608AA26,1,10,L1,3279,仮,0,0,0,0,10,,,2,2,,,,
3240-651AC26,1,10,L1,3044,仮,0,0,0,0,10,,,2,2,,,,
3241-432AB30,1,10,L1,1800,仮,0,0,0,0,10,,,2,2,,,,
3241-601EA34,1,10,L1,1797,仮,0,0,0,0,10,,,2,2,,,,
3241-608AB30,1,10,L1,1797,仮,0,0,0,0,10,,,2,2,,,,
3241-651AA34,1,10,L1,3279,仮,0,0,0,0,10,,,2,2,,,,
3242-609AA,1,10,PA,1515,仮,0,0,0,0,10,,,2,2,,,,
3242-609BA,1,10,PA,1515,仮,0,0,0,0,10,,,2,2,,,,
3243-432AB32,1,10,L1,1797,仮,0,0,0,0,10,,,2,2,,,,
3340-609AA3,1,10,PA,1515,仮,0,0,0,0,10,,,2,2,,,,
350-503,1,10,PA,1515,仮,0,0,0,0,10,,,2,2,,,,
3501-61051AA36,1,10,PA,1515,仮,0,0,0,0,10,,,2,2,,,,
3501-61051CA36,1,10,PA,1515,仮,0,0,0,0,10,,,2,2,,,,
3501-66002AA00,1,10,PA,1515,仮,0,0,25,0,10,,,2,2,,,,
3501-66002AC00,1,10,PA,1515,仮,0,0,0,0,10,,,2,2,,,,
3501-66002BC00,1,10,PA,1515,仮,0,0,0,0,10,,,2,2,,,,
3501-66002CA00,1,10,PA,1515,仮,0,0,0,0,10,,,2,2,,,,
3501-66002DA00,1,10,PA,1515,仮,0,0,0,0,10,,,2,2,,,,
3501-66052AA36,1,10,PA,1515,仮,0,0,20,0,10,,,2,2,,,,
3501-66052BA36,1,10,PA,1515,仮,0,0,20,0,10,,,2,2,,,,
3501-66053AA36,1,10,PA,1515,仮,0,0,0,0,10,,,2,2,,,,
3501-66053CA36,1,10,PA,1515,仮,0,0,0,0,10,,,2,2,,,,
3501-66053DA36,1,10,PA,1515,仮,0,0,0,0,10,,,2,2,,,,
3501-66053EB26,1,10,PA,1515,仮,0,0,23,0,10,,,2,2,,,,
3501-66053EB36,1,10,PA,1515,仮,0,0,0,0,10,,,2,2,,,,
3501-66053FA36,1,10,PA,1515,仮,0,0,0,0,10,,,2,2,,,,
3502-607AB,1,10,PA,1515,仮,0,0,0,0,10,,,2,2,,,,
3504-607AA,1,10,PA,1515,仮,0,0,0,0,10,,,2,2,,,,
3504-607AB,1,10,PA,1515,仮,0,0,0,0,10,,,2,2,,,,
3504-607AC,1,10,PA,1515,仮,0,0,0,0,10,,,2,2,,,,
352B-633BA33,1,10,PL,1973,仮,0,0,0,0,10,,,2,2,,,,
352B-633CA30,1,10,PL,1973,仮,0,0,15,0,10,,,2,2,,,,
352B-633CA33,1,10,PL,1973,仮,0,0,10,0,10,,,2,2,,,,
352B-633DA30,1,10,PL,1973,仮,0,0,20,0,10,,,2,2,,,,
352B-633DA34,1,10,PL,1973,仮,0,0,0,0,10,,,2,2,,,,
352B-651AA,1,10,PL,1973,仮,0,0,20,0,10,,,2,2,,,,
3538-502AB30,1,10,L1,1797,仮,0,0,0,0,10,,,2,2,,,,
3538-502AB34,1,10,L1,1800,仮,0,0,0,0,10,,,2,2,,,,
3549-502AA34,1,10,L1,1800,仮,0,0,0,0,10,,,2,2,,,,
3549-601AA34,1,10,L1,1797,仮,0,0,0,0,10,,,2,2,,,,
355-633FA30,1,10,PL,3861,仮,0,0,30,0,10,,,2,2,,,,
355-633GA30,1,10,PL,無し,仮,0,0,25,0,10,,,2,2,,,,
355-633HA30,1,10,PL,3861,仮,0,0,25,0,10,,,2,2,,,,
3550-601AB34,1,10,L1,1797,仮,0,0,0,0,10,,,2,2,,,,
3551-509AA,1,10,PA,1515,仮,0,0,0,0,10,,,2,2,,,,
3551-601AA34,1,10,L1,1797,仮,0,0,0,0,10,,,2,2,,,,
3551-609AA,1,10,PA,1515,仮,0,0,0,0,10,,,2,2,,,,
3551-609AB,1,10,PA,1515,仮,0,0,23,0,10,,,2,2,,,,
3561-601AA34,1,10,MC,1042,仮,0,0,0,0,10,,,2,2,,,,
3562-502AA34,1,10,L1,1800,仮,0,0,0,0,10,,,2,2,,,,
3609-545AA,1,10,PL,1973,仮,0,0,0,0,10,,,2,2,,,,
3644-502EA34,1,10,L1,1797,仮,0,0,0,0,10,,,2,2,,,,
3657-601AA34,1,10,L1,3279,仮,0,0,0,0,10,,,2,2,,,,
3709-502AA34,1,10,L1,1800,仮,0,0,0,0,10,,,2,2,,,,
3709-601AA34,1,10,L1,1797,仮,0,0,0,0,10,,,2,2,,,,
3922-601EA36,1,10,L1,1797,仮,0,0,0,0,10,,,2,2,,,,
4107-601EA30,1,10,L1,1797,仮,0,0,0,0,10,,,2,2,,,,
4107-608AA30,1,10,L1,3279,仮,0,0,0,0,10,,,2,2,,,,
4108-601EA26,1,10,L1,1797,仮,0,0,0,0,10,,,2,2,,,,
4109-601EA36,1,10,L1,1797,仮,0,0,0,0,10,,,2,2,,,,
4305-502DA18,1,10,PL,3734,仮,0,0,0,0,10,,,2,2,,,,
4305-502DA19,1,10,PL,3734,仮,0,0,0,0,10,,,2,2,,,,
4305-502DA20,1,10,PL,3734,仮,0,0,0,0,10,,,2,2,,,,
4305-502DA21,1,10,PL,3734,仮,0,0,0,0,10,,,2,2,,,,
4305-502DA22,1,10,PL,3734,仮,0,0,0,0,10,,,2,2,,,,
4307-501BA16,1,10,L1,1797,仮,0,0,0,0,10,,,2,2,,,,
4307-501BA17,1,10,L1,1797,仮,0,0,0,0,10,,,2,2,,,,
4307-501BA18,1,10,L1,1797,仮,0,0,0,0,10,,,2,2,,,,
4307-501BA19,1,10,L1,1797,仮,0,0,0,0,10,,,2,2,,,,
4307-501BA20,1,10,L1,1797,仮,0,0,0,0,10,,,2,2,,,,
4307-501BA21,1,10,L1,1797,仮,0,0,0,0,10,,,2,2,,,,
4307-501BA24,1,10,L1,1797,仮,0,0,0,0,10,,,2,2,,,,
4307-608AA13,1,10,L1,1797,仮,0,0,0,0,10,,,2,2,,,,
4307-608AA13,2,20,L2,1797,仮,0,0,0,0,10,,,2,2,,,,
4307-608AA14,1,10,L1,1797,仮,0,0,0,0,10,,,2,2,,,,
4307-608AA14,2,20,L2,1797,仮,0,0,0,0,10,,,2,2,,,,
4307-608AA16,1,10,L1,1797,仮,0,0,0,0,10,,,2,2,,,,
4307-608AA17,1,10,L1,1797,仮,0,0,0,0,10,,,2,2,,,,
4307-608AA18,1,10,L1,1797,仮,0,0,0,0,10,,,2,2,,,,
4307-608AA19,1,10,L1,1797,仮,0,0,0,0,10,,,2,2,,,,
4307-608AA20,1,10,L1,1797,仮,0,0,0,0,10,,,2,2,,,,
4307-608AA21,1,10,L1,1797,仮,0,0,0,0,10,,,2,2,,,,
4307-608AA22,1,10,L1,1797,仮,0,0,0,0,10,,,2,2,,,,
4307-608AA24,1,10,L1,1797,仮,0,0,0,0,10,,,2,2,,,,
4307-652AA13,1,10,L1,無し,仮,0,0,0,0,10,,,2,2,,,,
4307-652AA13,2,20,L2,1797,仮,0,0,0,0,10,,,2,2,,,,
4307-652AA14,1,10,L1,3044,仮,0,0,0,0,10,,,2,2,,,,
4307-652AA16,1,10,L1,3994,仮,0,0,0,0,10,,,2,2,,,,
4307-652AA17,1,10,L1,3994,仮,0,0,0,0,10,,,2,2,,,,
4307-652AA18,1,10,L1,3994,仮,0,0,0,0,10,,,2,2,,,,
4307-652AA18,2,20,L2,3994,仮,0,0,0,0,10,,,2,2,,,,
4307-652AA19,1,10,L1,3994,仮,0,0,0,0,10,,,2,2,,,,
4307-652AA20,1,10,L1,3994,仮,0,0,0,0,10,,,2,2,,,,
4307-652AA21,1,10,L1,3994,仮,0,0,0,0,10,,,2,2,,,,
4307-652AA24,1,10,L1,3994,仮,0,0,0,0,10,,,2,2,,,,
435-503AA,1,10,PA,1515,仮,0,0,0,0,10,,,2,2,,,,
435-503CA,1,10,PA,1515,仮,0,0,0,0,10,,,2,2,,,,
4406-604AB,1,10,PA,1515,仮,0,0,0,0,10,,,2,2,,,,
4412-435BA30,1,10,PA,9999,仮,0,0,0,0,10,,,2,2,,,,
4412-502AA30,1,10,L1,2787,仮,0,0,0,0,10,,,2,2,,,,
474-501AB34-1,1,10,L1,1800,仮,0,0,0,0,10,,,2,2,,,,
474-501AB34-2,1,10,LA,3755,仮,0,0,0,0,10,,,2,2,,,,
474-501AB34-3,1,10,LA,3279,仮,0,0,0,0,10,,,2,2,,,,
479-501AB3338,1,10,L1,1800,仮,0,0,0,0,10,,,2,2,,,,
479-501AB3338,2,20,LA,1800,仮,0,0,0,0,10,,,2,2,,,,
485-532AA30,1,10,PL,3861,仮,0,0,25,0,10,,,2,2,,,,
485-532AA34,1,10,PL,3861,仮,0,0,25,0,10,,,2,2,,,,
485-533AA33,1,10,PL,1973,仮,0,0,25,0,10,,,2,2,,,,
485-533AA34,1,10,PL,3861,仮,0,0,20,0,10,,,2,2,,,,
485-533AB30,1,10,PL,3861,仮,0,0,25,0,10,,,2,2,,,,
485-533BA33,1,10,PL,1973,仮,0,0,25,0,10,,,2,2,,,,
485-533BA34,1,10,PL,3861,仮,0,0,20,0,10,,,2,2,,,,
485-533BB30,1,10,PL,3861,仮,0,0,25,0,10,,,2,2,,,,
485-533CA33,1,10,PL,1973,仮,0,0,25,0,10,,,2,2,,,,
485-533CA34,1,10,PL,3861,仮,0,0,20,0,10,,,2,2,,,,
485-533CB30,1,10,PL,3861,仮,0,0,25,0,10,,,2,2,,,,
485-533DA33,1,10,PL,1973,仮,0,0,25,0,10,,,2,2,,,,
485-533DA34,1,10,PL,3861,仮,0,0,20,0,10,,,2,2,,,,
485-533DB30,1,10,PL,3861,仮,0,0,0,0,10,,,2,2,,,,
485-533EA33,1,10,PL,1973,仮,0,0,25,0,10,,,2,2,,,,
485-533EA34,1,10,PL,3861,仮,0,0,20,0,10,,,2,2,,,,
485-533EB30,1,10,PL,3861,仮,0,0,25,0,10,,,2,2,,,,
485-633BA36,1,10,PL,1973,仮,0,0,20,0,10,,,2,2,,,,
485-633DA34,1,10,PL,1973,仮,0,0,0,0,10,,,2,2,,,,
485-634AA,1,10,MV,無し,仮,0,0,0,0,10,,,2,2,,,,
485-651AA,1,10,PL,1973,仮,0,0,0,0,10,,,2,2,,,,
5121-502EA40,1,10,L1,1797,仮,0,0,0,0,10,,,2,2,,,,
5121-502EA42,1,10,L1,1797,仮,0,0,0,0,10,,,2,2,,,,
5121-601BB34,1,10,L1,1797,仮,0,0,0,0,10,,,2,2,,,,
5121-601BB34,2,20,LA,1797,仮,0,0,0,0,10,,,2,2,,,,
5121-601BB36,1,10,L1,1797,仮,0,0,0,0,10,,,2,2,,,,
5121-601BB36,2,20,LA,1797,仮,0,0,0,0,10,,,2,2,,,,
5131-641AB38,1,10,L1,3199,仮,0,0,0,0,10,,,2,2,,,,
5142-502EA34,1,10,L1,1800,仮,0,0,0,0,10,,,2,2,,,,
5142-502EA36,1,10,L1,1797,仮,0,0,0,0,10,,,2,2,,,,
5142-502EA38,1,10,L1,1800,仮,0,0,0,0,10,,,2,2,,,,
5142-601AA33-JTEC,1,10,LA,3224,仮,0,0,0,0,10,,,2,2,,,,
5143-502AA17,1,10,L1,1797,仮,0,0,0,0,10,,,2,2,,,,
5143-502EA15,1,10,L1,1797,仮,0,0,0,0,10,,,2,2,,,,
5143-502EA17,1,10,L1,1797,仮,0,0,0,0,10,,,2,2,,,,
5143-502EA19,1,10,L1,1797,仮,0,0,0,0,10,,,2,2,,,,
5143-502EA20,1,10,L1,1797,仮,0,0,0,0,10,,,2,2,,,,
5143-502EA24,1,10,L1,1797,仮,0,0,0,0,10,,,2,2,,,,
5143-502EB18,1,10,L1,1797,仮,0,0,0,0,10,,,2,2,,,,
5143-502JA18,1,10,L1,1797,仮,0,0,0,0,10,,,2,2,,,,
5145-502AA08,1,10,L1,1797,仮,0,0,0,0,10,,,2,2,,,,
5145-502EA20,1,10,L1,1797,仮,0,0,0,0,10,,,2,2,,,,
5145-502EA22,1,10,L1,1797,仮,0,0,0,0,10,,,2,2,,,,
5145-502EA24,1,10,L1,1797,仮,0,0,0,0,10,,,2,2,,,,
5145-502JA08,1,10,L1,1797,仮,0,0,0,0,10,,,2,2,,,,
5154-501AA34-1,1,10,LA,3279,仮,0,0,0,0,10,,,2,2,,,,
5154-601AA30-1,1,10,LA,3224,仮,0,0,0,0,10,,,2,2,,,,
5165-601AA30-1,1,10,LA,3224,仮,0,0,0,0,10,,,2,2,,,,
5172-601AA33-JTEC,1,10,LA,3224,仮,0,0,0,0,10,,,2,2,,,,
5202-531AA33,1,10,PL,1973,仮,0,0,0,0,10,,,2,2,,,,
5202-531AA36,1,10,PL,1973,仮,0,0,0,0,10,,,2,2,,,,
5202-531BA33,1,10,PL,1973,仮,0,0,0,0,10,,,2,2,,,,
5202-531BA36,1,10,PL,9999,仮,0,0,0,0,10,,,2,2,,,,
5202-531CA33,1,10,PL,1973,仮,0,0,0,0,10,,,2,2,,,,
5202-531CA36,1,10,PL,9999,仮,0,0,0,0,10,,,2,2,,,,
5202-545BA,1,10,PL,無し,仮,0,0,0,0,10,,,2,2,,,,
5202-633AA36,1,10,PL,9999,仮,0,0,0,0,10,,,2,2,,,,
5202-633BA33,1,10,PL,1973,仮,0,0,0,0,10,,,2,2,,,,
5202-633BA36,1,10,PL,無し,仮,0,0,0,0,10,,,2,2,,,,
5202-633CA33,1,10,PL,1973,仮,0,0,0,0,10,,,2,2,,,,
5202-633CA36,1,10,PL,無し,仮,0,0,0,0,10,,,2,2,,,,
5202-633DA36,1,10,PL,9999,仮,0,0,0,0,10,,,2,2,,,,
5202-633EA36,1,10,PL,9999,仮,0,0,0,0,10,,,2,2,,,,
5202-661AA,1,10,PA,1515,仮,0,0,0,0,10,,,2,2,,,,
5203-533AA33,1,10,PL,無し,仮,0,0,25,0,10,,,2,2,,,,
5203-533BA33,1,10,PL,無し,仮,0,0,25,0,10,,,2,2,,,,
5203-533CA33,1,10,PL,無し,仮,0,0,25,0,10,,,2,2,,,,
5203-533DA33,1,10,PL,無し,仮,0,0,25,0,10,,,2,2,,,,
5207-563AA34,1,10,PL,1973,仮,0,0,0,0,10,,,2,2,,,,
5207-633AA34,1,10,PL,無し,仮,0,0,0,0,10,,,2,2,,,,
5207-633AB34,1,10,PL,無し,仮,0,0,0,0,10,,,2,2,,,,
5207-633AC34,1,10,PL,9999,仮,0,0,0,0,10,,,2,2,,,,
5207-633BA34,1,10,PL,無し,仮,0,0,0,0,10,,,2,2,,,,
5207-633BB34,1,10,PL,無し,仮,0,0,0,0,10,,,2,2,,,,
5207-633CB34,1,10,PL,無し,仮,0,0,0,0,10,,,2,2,,,,
5208-501AA34-1,1,10,LA,3279,仮,0,0,0,0,10,,,2,2,,,,
5208-633AA34,1,10,PL,3861,仮,0,0,0,0,10,,,2,2,,,,
5208-633BA34,1,10,PL,1973,仮,0,0,0,0,10,,,2,2,,,,
5208-633CA34,1,10,PL,1973,仮,0,0,0,0,10,,,2,2,,,,
5211-501AA34-1,1,10,LA,3279,仮,0,0,0,0,10,,,2,2,,,,
5212-501AA34,1,10,L1,1797,仮,0,0,0,0,10,,,2,2,,,,
5212-501AA34,2,20,LA,1797,仮,0,0,0,0,10,,,2,2,,,,
5212-501AA34-1,1,10,LA,3279,仮,0,0,0,0,10,,,2,2,,,,
5212-502AA34,1,10,L1,1800,仮,0,0,0,0,10,,,2,2,,,,
5212-601AA34,1,10,L1,1797,仮,0,0,0,0,10,,,2,2,,,,
5212-601AA34,2,20,LA,1797,仮,0,0,0,0,10,,,2,2,,,,
522-652AB26,1,10,L1,3279,仮,0,0,0,0,10,,,2,2,,,,
522-652AB30,1,10,L1,3279,仮,0,0,0,0,10,,,2,2,,,,
523-601EA34,1,10,L1,1797,仮,0,0,0,0,10,,,2,2,,,,
523-608AA28,1,10,L1,1797,仮,0,0,0,0,10,,,2,2,,,,
523-652AB24,1,10,L1,3994,仮,0,0,0,0,10,,,2,2,,,,
5308-601AB38,1,10,L1,1797,仮,0,0,0,0,10,,,2,2,,,,
5308-601AB38,2,20,LA,1797,仮,0,0,0,0,10,,,2,2,,,,
5308-633AA30,1,10,PL,9999,仮,0,0,20,0,10,,,2,2,,,,
5308-633AA33,1,10,PL,9999,仮,0,0,20,0,10,,,2,2,,,,
5308-633BA30,1,10,PL,1973,仮,0,0,20,0,10,,,2,2,,,,
5308-633BA33,1,10,PL,1973,仮,0,0,20,0,10,,,2,2,,,,
5500-505CA,1,10,PA,1515,仮,0,0,0,0,10,,,2,2,,,,
5500-505DA,1,10,PA,1515,仮,0,0,0,0,10,,,2,2,,,,
5500-505EA,1,10,PA,1515,仮,0,0,0,0,10,,,2,2,,,,
5500-505FA,1,10,MC,3994,仮,0,0,0,0,10,,,2,2,,,,
5500-505FA,2,20,PA,1515,仮,0,0,0,0,10,,,2,2,,,,
5517-502EA30,1,10,L1,1797,仮,0,0,0,0,10,,,2,2,,,,
5520-573AA,1,10,PL,3861,仮,0,0,0,0,10,,,2,2,,,,
5528-633AA30,1,10,PL,3861,仮,0,0,0,0,10,,,2,2,,,,
5528-633BA30,1,10,PL,3861,仮,0,0,0,0,10,,,2,2,,,,
5536-601AA34,1,10,L1,1797,仮,0,0,0,0,10,,,2,2,,,,
5536-601AA34,2,20,LA,1797,仮,0,0,0,0,10,,,2,2,,,,
5536-641AA34,1,10,L1,3199,仮,0,0,0,0,10,,,2,2,,,,
5546-501AB38,1,10,L1,1797,仮,0,0,0,0,10,,,2,2,,,,
5546-501AB38,2,20,LA,1797,仮,0,0,0,0,10,,,2,2,,,,
560-607B,1,10,PA,1515,仮,0,0,0,0,10,,,2,2,,,,
560-609,1,10,PA,1515,仮,0,0,0,0,10,,,2,2,,,,
5604-633AA33,1,10,PL,無し,仮,0,0,0,0,10,,,2,2,,,,
5604-633BA33,1,10,PL,無し,仮,0,0,0,0,10,,,2,2,,,,
5606-633AA34,1,10,PL,9999,仮,0,0,0,0,10,,,2,2,,,,
5607-633AA34,1,10,PL,1973,仮,0,0,0,0,10,,,2,2,,,,
5609-502AA34,1,10,L1,1797,仮,0,0,0,0,10,,,2,2,,,,
5609-633AA34,1,10,PL,無し,仮,0,0,0,0,10,,,2,2,,,,
5610-633AA30,1,10,PL,3861,仮,0,0,0,0,10,,,2,2,,,,
5610-633AA34,1,10,PL,1973,仮,0,0,0,0,10,,,2,2,,,,
5610-633AB34,1,10,PL,3861,仮,0,0,0,0,10,,,2,2,,,,
5610-633BA30,1,10,PL,3861,仮,0,0,0,0,10,,,2,2,,,,
5610-633BA34,1,10,PL,1973,仮,0,0,0,0,10,,,2,2,,,,
5610-633BB34,1,10,PL,3861,仮,0,0,0,0,10,,,2,2,,,,
5612-633AA34,1,10,PL,3861,仮,0,0,0,0,10,,,2,2,,,,
5612-633BA34,1,10,PL,3861,仮,0,0,0,0,10,,,2,2,,,,
5612-633CA34,1,10,PL,3861,仮,0,0,0,0,10,,,2,2,,,,
5612-633CB34,1,10,PL,3861,仮,0,0,0,0,10,,,2,2,,,,
57-642CB,1,10,PA,3406,仮,0,0,3,0,10,,,2,2,,,,
57-642DA,1,10,PA,1515,仮,0,0,5,0,10,,,2,2,,,,
57-642DB,1,10,PA,1515,仮,0,0,0,0,10,,,2,2,,,,
57-642EA,1,10,PA,1515,仮,0,0,3,0,10,,,2,2,,,,
580-609CB,1,10,PA,1515,仮,0,0,0,0,10,,,2,2,,,,
580-609DC,1,10,PA,1515,仮,0,0,0,0,10,,,2,2,,,,
580-609DD,1,10,PA,1515,仮,0,0,0,0,10,,,2,2,,,,
603-605HA,1,10,MC,無し,仮,0,0,0,0,10,,,2,2,,,,
603-605HA,2,20,PA,3861,仮,0,0,0,0,10,,,2,2,,,,
603-609,1,10,PA,1515,仮,0,0,0,0,10,,,2,2,,,,
603-609AB,1,10,PA,1515,仮,0,0,0,0,10,,,2,2,,,,
603-609CB,1,10,PA,1515,仮,0,0,0,0,10,,,2,2,,,,
606-672B,1,10,HT,無し,仮,0,0,75,0,10,,,2,2,,,,
608-608AA28,1,10,L1,1797,仮,0,0,0,0,10,,,2,2,,,,
608-652AA26,1,10,L1,3279,仮,0,0,0,0,10,,,2,2,,,,
610-502AA30,1,10,L1,2787,仮,0,0,0,0,10,,,2,2,,,,
610-502AA34,1,10,L1,1797,仮,0,0,0,0,10,,,2,2,,,,
610-652AA26,1,10,L1,3279,仮,0,0,0,0,10,,,2,2,,,,
610-652AA30,1,10,L1,3279,仮,0,0,0,0,10,,,2,2,,,,
6102-633AA30,1,10,PL,9999,仮,0,0,0,0,10,,,2,2,,,,
6102-633AB30,1,10,PL,1973,仮,0,0,0,0,10,,,2,2,,,,
6102-633BA30,1,10,PL,無し,仮,0,0,0,0,10,,,2,2,,,,
6102-633BB30,1,10,PL,9999,仮,0,0,0,0,10,,,2,2,,,,
6102-633CA30,1,10,PL,無し,仮,0,0,0,0,10,,,2,2,,,,
612-601AA30,1,10,L1,3199,仮,0,0,0,0,10,,,2,2,,,,
612-601AA34,1,10,L1,1797,仮,0,0,0,0,10,,,2,2,,,,
620-536X,1,10,HT,無し,仮,0,0,25,0,10,,,2,2,,,,
6201-633AA34,1,10,PL,無し,仮,0,0,0,0,10,,,2,2,,,,
6201-633AB34,1,10,PL,3861,仮,0,0,0,0,10,,,2,2,,,,
6201-633CA34,1,10,PL,3861,仮,0,0,0,0,10,,,2,2,,,,
6201-633CB34,1,10,PL,3861,仮,0,0,0,0,10,,,2,2,,,,
6201-633DA34,1,10,PL,無し,仮,0,0,25,0,10,,,2,2,,,,
6201-633DB34,1,10,PL,無し,仮,0,0,0,0,10,,,2,2,,,,
6201-633EA34,1,10,PL,無し,仮,0,0,0,0,10,,,2,2,,,,
6201-633EB34,1,10,PL,3861,仮,0,0,0,0,10,,,2,2,,,,
6201-633FA34,1,10,PL,無し,仮,0,0,0,0,10,,,2,2,,,,
6201-633FB34,1,10,PL,3861,仮,0,0,0,0,10,,,2,2,,,,
6201-633GA34,1,10,PL,無し,仮,0,0,0,0,10,,,2,2,,,,
6201-633GB34,1,10,PL,3861,仮,0,0,0,0,10,,,2,2,,,,
6201-661AA,1,10,PA,1515,仮,0,0,0,0,10,,,2,2,,,,
6204-540BA,1,10,PL,1973,仮,0,0,0,0,10,,,2,2,,,,
6206-501BB34,1,10,L1,1800,仮,0,0,0,0,10,,,2,2,,,,
6206-501BB34,2,20,LA,1800,仮,0,0,0,0,10,,,2,2,,,,
6207-633AA34,1,10,PL,9999,仮,0,0,0,0,10,,,2,2,,,,
6207-633AB34,1,10,PL,1973,仮,0,0,0,0,10,,,2,2,,,,
6207-633AC34,1,10,PL,3861,仮,0,0,0,0,10,,,2,2,,,,
6207-633BA34,1,10,PL,9999,仮,0,0,0,0,10,,,2,2,,,,
6207-633BB34,1,10,PL,1973,仮,0,0,0,0,10,,,2,2,,,,
6207-633BC34,1,10,PL,1973,仮,0,0,0,0,10,,,2,2,,,,
6207-633CA34,1,10,PL,1973,仮,0,0,0,0,10,,,2,2,,,,
6207-633CB34,1,10,PL,3861,仮,0,0,0,0,10,,,2,2,,,,
6207-633DA34,1,10,PL,1973,仮,0,0,0,0,10,,,2,2,,,,
6207-648AB,1,10,PA,1973,仮,0,0,0,0,10,,,2,2,,,,
6209-633AA34,1,10,PL,3861,仮,0,0,0,0,10,,,2,2,,,,
6209-633BA34,1,10,PL,3861,仮,0,0,0,0,10,,,2,2,,,,
631-607AB,1,10,PA,1515,仮,0,0,35,0,10,,,2,2,,,,
631-607CA,1,10,PA,1515,仮,0,0,35,0,10,,,2,2,,,,
631-609AB,1,10,PA,1515,仮,0,0,40,0,10,,,2,2,,,,
631-609AC,1,10,PA,1515,仮,0,0,0,0,10,,,2,2,,,,
631-609BB,1,10,PA,1515,仮,0,0,0,0,10,,,2,2,,,,
631-609DA,1,10,PA,1515,仮,0,0,0,0,10,,,2,2,,,,
631-609DB,1,10,PA,1515,仮,0,0,0,0,10,,,2,2,,,,
631-609EB,1,10,PA,1515,仮,0,0,0,0,10,,,2,2,,,,
631-609FA,1,10,PA,1515,仮,0,0,0,0,10,,,2,2,,,,
65-568BX,1,10,HT,無し,仮,0,0,0,0,10,,,2,2,,,,
65-594,1,10,PL,無し,仮,0,0,0,0,10,,,2,2,,,,
65-595,1,10,PL,無し,仮,0,0,0,0,10,,,2,2,,,,
720-605D,1,10,PA,3861,仮,0,0,0,0,10,,,2,2,,,,
740-604A,1,10,PA,無し,仮,0,0,0,0,10,,,2,2,,,,
740-604B,1,10,PA,無し,仮,0,0,0,0,10,,,2,2,,,,
740-607,1,10,PA,無し,仮,0,0,0,0,10,,,2,2,,,,
77-641,1,10,AO（無）,1973,仮,0,0,0,0,10,,,2,2,,,,
77-641B,1,10,AO（無）,1042,仮,0,0,0,0,10,,,2,2,,,,
81-405LA260,1,10,L1,3279,仮,0,0,0,0,10,,,2,2,,,,
810-504,1,10,PA,1515,仮,0,0,0,0,10,,,2,2,,,,
810-504B,1,10,PA,無し,仮,0,0,0,0,10,,,2,2,,,,
814-605B,1,10,PA,3861,仮,0,0,0,0,10,,,2,2,,,,
816-609,1,10,PA,1515,仮,0,0,0,0,10,,,2,2,,,,
816-609AB,1,10,PA,1515,仮,0,0,0,0,10,,,2,2,,,,
850-604DB30,1,10,PA,1515,仮,0,0,0,0,10,,,2,2,,,,
850-604DBS30,1,10,PA,1515,仮,0,0,0,0,10,,,2,2,,,,
880-601EA36,1,10,L1,1797,仮,0,0,0,0,10,,,2,2,,,,
886-608AA32,1,10,L1,3279,仮,0,0,0,0,10,,,2,2,,,,
90-225A,1,10,MC,3994,仮,0,0,0,0,10,,,2,2,,,,
90-230DB,1,10,HT,3653,仮,0,0,75,0,10,,,2,2,,,,
90-230DB,2,20,G,無し,仮,0,0,75,0,10,,,2,2,,,,
90-231S,1,10,MC,3994,仮,0,0,0,0,10,,,2,2,,,,
90-231S,2,20,PA,3994,仮,0,0,0,0,10,,,2,2,,,,
90-308,1,10,PA,1515,仮,0,0,30,0,10,,,2,2,,,,
90-422,1,10,PA,無し,仮,0,0,0,0,10,,,2,2,,,,
90-467,1,10,PL,1973,仮,0,0,0,0,10,,,2,2,,,,
90-472B,1,10,MV,3994,仮,0,0,0,0,10,,,2,2,,,,
90-480BA,1,10,PL,1973,仮,0,0,20,0,10,,,2,2,,,,
90L-701A,1,10,PL,3861,仮,0,0,0,0,10,,,2,2,,,,
90L-701C,1,10,PL,3861,仮,0,0,0,0,10,,,2,2,,,,
953-509,1,10,PL,1973,仮,0,0,25,0,10,,,2,2,,,,
956-504,1,10,PA,1515,仮,0,0,0,0,10,,,2,2,,,,
956-604AB,1,10,PA,1515,仮,0,0,0,0,10,,,2,2,,,,
960-451AA,1,10,PA,1515,仮,0,0,0,0,10,,,2,2,,,,
960-545AA,1,10,PL,1973,仮,0,0,0,0,10,,,2,2,,,,
960-609CB,1,10,PA,1515,仮,0,0,0,0,10,,,2,2,,,,
960-609DB,1,10,PA,1515,仮,0,0,0,0,10,,,2,2,,,,
960-609EA,1,10,PA,1515,仮,0,0,0,0,10,,,2,2,,,,
96018CL4,1,10,GR（無）,3072,仮,0,0,48,0,10,,,2,2,,,,
96032CL5,1,10,GR（無）,3072,仮,0,0,48,0,10,,,2,2,,,,
962-653BA,1,10,PA,1515,仮,0,0,0,0,10,,,2,2,,,,
970-405FA340,1,10,L1,3801,仮,0,0,0,0,10,,,2,2,,,,
970-607AB,1,10,PA,1515,仮,0,0,0,0,10,,,2,2,,,,
971-652AD16,1,10,L1,3994,仮,0,0,0,0,10,,,2,2,,,,
971-652AD17,1,10,L1,3994,仮,0,0,0,0,10,,,2,2,,,,
971-652AD18,1,10,L1,3994,仮,0,0,0,0,10,,,2,2,,,,
971-652AD18,2,20,L2,3994,仮,0,0,0,0,10,,,2,2,,,,
971-652AD19,1,10,L1,3994,仮,0,0,0,0,10,,,2,2,,,,
971-652AD20,1,10,L1,3994,仮,0,0,0,0,10,,,2,2,,,,
971-652AD21,1,10,L1,3994,仮,0,0,0,0,10,,,2,2,,,,
971-652AD24,1,10,L1,3994,仮,0,0,0,0,10,,,2,2,,,,
971-652AD26,1,10,L1,3279,仮,0,0,0,0,10,,,2,2,,,,
971-652AD30,1,10,L1,3279,仮,0,0,0,0,10,,,2,2,,,,
972-607CA,1,10,PA,1515,仮,0,0,0,0,10,,,2,2,,,,
972-609CB,1,10,PA,1515,仮,0,0,0,0,10,,,2,2,,,,
972-609EB,1,10,PA,1515,仮,0,0,0,0,10,,,2,2,,,,
975-604AB,1,10,PA,1515,仮,0,0,0,0,10,,,2,2,,,,
980-304AA58,1,10,TH,1851,仮,0,0,3,0,10,,,2,2,,,,
980-454AA,1,10,PL,1973,仮,0,0,0,0,10,,,2,2,,,,
980-461CA,1,10,PA,1515,仮,0,0,25,0,10,,,2,2,,,,
980-475AB,1,10,PA,無し,仮,0,0,0,0,10,,,2,2,,,,
980-481BA,1,10,PL,1973,仮,0,0,0,0,10,,,2,2,,,,
980-609CB,1,10,PA,1515,仮,0,0,0,0,10,,,2,2,,,,
980-609DB,1,10,PA,無し,仮,0,0,0,0,10,,,2,2,,,,
B336-633AB33,1,10,PL,1973,仮,0,0,25,0,10,,,2,2,,,,
B336-633CA33,1,10,PL,1973,仮,0,0,25,0,10,,,2,2,,,,
B336-633DB34,1,10,PL,1973,仮,0,0,25,0,10,,,2,2,,,,
C335-503AA,1,10,PA,1515,仮,0,0,0,0,10,,,2,2,,,,
CMS-27CA,1,10,HT,3653,仮,0,0,75,0,10,,,2,2,,,,
CMS-27CA,2,20,PL,3982,仮,0,0,75,0,10,,,2,2,,,,
CR-330-0340,1,10,PL,3861,仮,0,0,20,0,10,,,2,2,,,,
CR-330-1010,1,10,PL,1973,仮,0,0,0,0,10,,,2,2,,,,
CR-330-1130,1,10,PL,1973,仮,0,0,15,0,10,,,2,2,,,,
CR-330-1930,1,10,PL,無し,仮,0,0,0,0,10,,,2,2,,,,
CR-331-0320,1,10,PL,3861,仮,0,0,20,0,10,,,2,2,,,,
CR-331-0376,1,10,PL,3861,仮,0,0,20,0,10,,,2,2,,,,
CR-331-1010,1,10,PL,1973,仮,0,0,20,0,10,,,2,2,,,,
CR-71,1,10,HT,無し,仮,0,0,75,0,10,,,2,2,,,,
DC-2405-3,1,10,PL,1973,仮,0,0,0,0,10,,,2,2,,,,
DC-2405A-7,1,10,F0（無）,1973,仮,0,0,0,0,10,,,2,2,,,,
DC-2405B-7,1,10,F0（無）,1973,仮,0,0,20,0,10,,,2,2,,,,
DC-2405D-1,1,10,PA,1515,仮,0,0,10,0,10,,,2,2,,,,
DC-2405J-3CB,1,10,PL,1973,仮,0,0,20,0,10,,,2,2,,,,
DC-2409A,1,10,PL,1973,仮,0,0,0,0,10,,,2,2,,,,
DC-2451A,1,10,F0（無）,1973,仮,0,0,0,0,10,,,2,2,,,,
DC-2451B,1,10,PL,1973,仮,0,0,0,0,10,,,2,2,,,,
DC-2451E,1,10,F0（無）,1973,仮,0,0,0,0,10,,,2,2,,,,
DC-2451F,1,10,F0（無）,1973,仮,0,0,15,0,10,,,2,2,,,,
DC-2453B,1,10,PL,1973,仮,0,0,0,0,10,,,2,2,,,,
DC-3607BD,1,10,PL,1973,仮,0,0,0,0,10,,,2,2,,,,
DC-3607BE,1,10,PL,1973,仮,0,0,0,0,10,,,2,2,,,,
DC-3607BF,1,10,PL,1973,仮,0,0,0,0,10,,,2,2,,,,
DC-3607DA,1,10,PL,1973,仮,0,0,0,0,10,,,2,2,,,,
DC-3607DB,1,10,PL,1973,仮,0,0,30,0,10,,,2,2,,,,
DC-3607DF,1,10,PL,1973,仮,0,0,0,0,10,,,2,2,,,,
DC-3607DG,1,10,PL,9999,仮,0,0,0,0,10,,,2,2,,,,
DC-3607DH,1,10,PL,1973,仮,0,0,0,0,10,,,2,2,,,,
DC-3607EB,1,10,PL,1973,仮,0,0,0,0,10,,,2,2,,,,
DC-3607MC0450,1,10,PL,3861,仮,0,0,30,0,10,,,2,2,,,,
DC-3607MC0750,1,10,PL,3861,仮,0,0,30,0,10,,,2,2,,,,
DC-3607MC1000,1,10,PL,3861,仮,0,0,30,0,10,,,2,2,,,,
DC-3607MD0450,1,10,PL,3861,仮,0,0,30,0,10,,,2,2,,,,
DC-3607MD0750,1,10,PL,3861,仮,0,0,30,0,10,,,2,2,,,,
DC-3607MD1000,1,10,PL,3861,仮,0,0,30,0,10,,,2,2,,,,
DC-3607PB0660,1,10,PL,3861,仮,0,0,30,0,10,,,2,2,,,,
DC-3607PB1000,1,10,PL,3861,仮,0,0,30,0,10,,,2,2,,,,
DC-3607RA0540,1,10,PL,3861,仮,0,0,30,0,10,,,2,2,,,,
DC-3607RA1000,1,10,PL,3861,仮,0,0,30,0,10,,,2,2,,,,
DC-3620AA,1,10,AO（無）,3994,仮,0,0,65,0,10,,,2,2,,,,
DC-3620AB,1,10,AO（無）,3994,仮,0,0,65,0,10,,,2,2,,,,
DC-3620AD,1,10,AO（無）,3994,仮,0,0,65,0,10,,,2,2,,,,
DC-3620BB,1,10,AO（無）,3994,仮,0,0,65,0,10,,,2,2,,,,
DC-3620BD,1,10,AO（無）,3994,仮,0,0,65,0,10,,,2,2,,,,
DC-3801,1,10,PL,3861,仮,0,0,5,0,10,,,2,2,,,,
DC-3801B,1,10,PL,無し,仮,0,0,20,0,10,,,2,2,,,,
DC-5103AA,1,10,PA,無し,仮,0,0,15,0,10,,,2,2,,,,
DC-5107BA,1,10,L,3994,仮,0,0,20,0,10,,,2,2,,,,
DC-6301DA,1,10,PA,1515,仮,0,0,15,0,10,,,2,2,,,,
DC-6804AA,1,10,AO（無）,無し,仮,0,0,15,0,10,,,2,2,,,,
DC-6806BA,1,10,AO（無）,無し,仮,0,0,22,0,10,,,2,2,,,,
DC-6806GA,1,10,L,3994,仮,0,0,75,0,10,,,2,2,,,,
DC-6808BB,1,10,PL,1973,仮,0,0,15,0,10,,,2,2,,,,
DC-6812AA,1,10,PL,1973,仮,0,0,0,0,10,,,2,2,,,,
DC-6900NA60,1,10,AO（無）,無し,仮,0,0,20,0,10,,,2,2,,,,
DC-7103AA,1,10,PL,3297,仮,0,0,0,0,10,,,2,2,,,,
DC-7103EA,1,10,PL,3297,仮,0,0,0,0,10,,,2,2,,,,
DC-7110FAA34,1,10,PA,無し,仮,0,0,0,0,10,,,2,2,,,,
DC-7110FBA30,1,10,PA,9999,仮,0,0,0,0,10,,,2,2,,,,
DC-7110JAA30,1,10,PL,3721,仮,0,0,0,0,10,,,2,2,,,,
DC-7110JAA32,1,10,PA,1973,仮,0,0,5,0,10,,,2,2,,,,
DC-7110JBA30,1,10,PA,1973,仮,0,0,15,0,10,,,2,2,,,,
DC-7110JBA32,1,10,PA,1973,仮,0,0,5,0,10,,,2,2,,,,
DC-7110KA30,1,10,PA,1973,仮,0,0,0,0,10,,,2,2,,,,
DC-7110KA38,1,10,PA,1973,仮,0,0,5,0,10,,,2,2,,,,
DC-7110LA34,1,10,PA,1973,仮,0,0,0,0,10,,,2,2,,,,
DC-7110LAA26,1,10,PA,1973,仮,0,0,5,0,10,,,2,2,,,,
DC-7110LAA30,1,10,PA,1973,仮,0,0,0,0,10,,,2,2,,,,
DC-7110LBA26,1,10,PA,1973,仮,0,0,5,0,10,,,2,2,,,,
DC-7110LBA30,1,10,PA,1973,仮,0,0,0,0,10,,,2,2,,,,
DC-7110MA34,1,10,PA,1973,仮,0,0,5,0,10,,,2,2,,,,
DC-7110NAA23,1,10,PA,1973,仮,0,0,0,0,10,,,2,2,,,,
DC-7110NBA23,1,10,PA,1973,仮,0,0,0,0,10,,,2,2,,,,
DC-7110PA34,1,10,PA,1973,仮,0,0,5,0,10,,,2,2,,,,
DC-742K,1,10,AO（無）,3994,仮,0,0,75,0,10,,,2,2,,,,
DC-742NA,1,10,AO（無）,3994,仮,0,0,75,0,10,,,2,2,,,,
DC-742PA,1,10,AO（無）,3994,仮,0,0,75,0,10,,,2,2,,,,
DC-742Q,1,10,AO（無）,3994,仮,0,0,0,0,10,,,2,2,,,,
DC-742RA,1,10,AO（無）,3994,仮,0,0,25,0,10,,,2,2,,,,
DC-742SA,1,10,AO（無）,3994,仮,0,0,0,0,10,,,2,2,,,,
DC-743,1,10,PL,1973,仮,0,0,20,0,10,,,2,2,,,,
DC-745B,1,10,PL,3861,仮,0,0,20,0,10,,,2,2,,,,
DC-745D,1,10,PL,3861,仮,0,0,20,0,10,,,2,2,,,,
DC-745F,1,10,PL,3861,仮,0,0,0,0,10,,,2,2,,,,
DC-753WA,1,10,PL,3982,仮,0,0,75,0,10,,,2,2,,,,
DC-754WB,1,10,AO（無）,1042,仮,0,0,0,0,10,,,2,2,,,,
DF46-00101AA,1,10,PA,1515,仮,0,0,20,0,10,,,2,2,,,,
DF86-00101AB,1,10,PA,1515,仮,0,0,20,0,10,,,2,2,,,,
DS61-00303AA,1,10,MC,1386,仮,0,0,15,0,10,,,2,2,,,,
E-15403BA,1,10,PL,1973,仮,0,0,0,0,10,,,2,2,,,,
E-16760B,1,10,PA,1515,仮,0,0,25,0,10,,,2,2,,,,
E-16773A,1,10,PL,3861,仮,0,0,0,0,10,,,2,2,,,,
E-16773BA,1,10,PL,1973,仮,0,0,0,0,10,,,2,2,,,,
E-17004YB,1,10,PL,3413,仮,0,0,23,0,10,,,2,2,,,,
E-17006,1,10,PL,1973,仮,0,0,0,0,10,,,2,2,,,,
E-17007PA26,1,10,PA,無し,仮,0,0,0,0,10,,,2,2,,,,
E-18605,1,10,PL,1973,仮,0,0,0,0,10,,,2,2,,,,
E-19001FB,1,10,PA,1515,仮,0,0,0,0,10,,,2,2,,,,
E-19001J,1,10,PA,1515,仮,0,0,0,0,10,,,2,2,,,,
E-20609B,1,10,PL,1973,仮,0,0,0,0,10,,,2,2,,,,
E-20609CA,1,10,PL,3861,仮,0,0,30,0,10,,,2,2,,,,
E-20609DA,1,10,PL,1973,仮,0,0,0,0,10,,,2,2,,,,
E-20614,1,10,PL,1973,仮,0,0,0,0,10,,,2,2,,,,
E-20614BA,1,10,PL,1973,仮,0,0,20,0,10,,,2,2,,,,
E-20901JG30,1,10,PA,1515,仮,0,0,3,0,10,,,2,2,,,,
E-20901JG38,1,10,PA,1515,仮,0,0,3,0,10,,,2,2,,,,
E-20901JH30,1,10,PA,9999,仮,0,0,0,0,10,,,2,2,,,,
E-20901JH38,1,10,PA,1515,仮,0,0,0,0,10,,,2,2,,,,
E-20901JJ38,1,10,A0（無）,1973,仮,0,0,0,0,10,,,2,2,,,,
E-20901JK30,1,10,PA,1515,仮,0,0,3,0,10,,,2,2,,,,
E-20901JK38,1,10,A0（無）,1973,仮,0,0,20,0,10,,,2,2,,,,
E-20901JN38,1,10,PA,1515,仮,0,0,0,0,10,,,2,2,,,,
E-20901PC24,1,10,PA,3406,仮,0,0,20,0,10,,,2,2,,,,
E-2203FA,1,10,PA,無し,仮,0,0,0,0,10,,,2,2,,,,
E-2203HA,1,10,PL,無し,仮,0,0,18,0,10,,,2,2,,,,
E-26464AA,1,10,PL,1973,仮,0,0,0,0,10,,,2,2,,,,
E-26804DA,1,10,PL,1973,仮,0,0,0,0,10,,,2,2,,,,
E-26809BA,1,10,PL,1973,仮,0,0,0,0,10,,,2,2,,,,
E-26809CA,1,10,PL,1973,仮,0,0,15,0,10,,,2,2,,,,
E-26809FA,1,10,PL,1973,仮,0,0,15,0,10,,,2,2,,,,
E-26816AA,1,10,PL,無し,仮,0,0,0,0,10,,,2,2,,,,
E-26816BA,1,10,PL,1973,仮,0,0,0,0,10,,,2,2,,,,
E-26816CA,1,10,PL,1973,仮,0,0,0,0,10,,,2,2,,,,
E-26820CA,1,10,LC,1797,仮,0,0,0,0,10,,,2,2,,,,
E-27503AA,1,10,PL,1973,仮,0,0,0,0,10,,,2,2,,,,
E-30254BA,1,10,PA,9999,仮,0,0,0,0,10,,,2,2,,,,
E-30255AA,1,10,PA,3406,仮,0,0,0,0,10,,,2,2,,,,
E-30257AA,1,10,PA,3406,仮,0,0,0,0,10,,,2,2,,,,
E-30258AA,1,10,PA,9999,仮,0,0,0,0,10,,,2,2,,,,
E-30259AA,1,10,PA,9999,仮,0,0,0,0,10,,,2,2,,,,
E-30260AA,1,10,PA,無し,仮,0,0,0,0,10,,,2,2,,,,
E-30262BA,1,10,PA,3406,仮,0,0,20,0,10,,,2,2,,,,
E-31901AA,1,10,PA,3406,仮,0,0,30,0,10,,,2,2,,,,
E-31902AA,1,10,PA,3406,仮,0,0,30,0,10,,,2,2,,,,
E-31903AA,1,10,PA,3406,仮,0,0,30,0,10,,,2,2,,,,
E-5206CA,1,10,MC,9999,仮,0,0,0,0,10,,,2,2,,,,
E-5206CA,2,20,PA,1515,仮,0,0,0,0,10,,,2,2,,,,
E-5302,1,10,PL,1973,仮,0,0,0,0,10,,,2,2,,,,
E-5304,1,10,MC,無し,仮,0,0,50,0,10,,,2,2,,,,
E-5306E,1,10,PL,1973,仮,0,0,0,0,10,,,2,2,,,,
E-5503CA,1,10,PL,3861,仮,0,0,0,0,10,,,2,2,,,,
E-5504CA,1,10,PL,3861,仮,0,0,0,0,10,,,2,2,,,,
E-5703,1,10,PL,1973,仮,0,0,25,0,10,,,2,2,,,,
E-6605AA,1,10,PL,1973,仮,0,0,0,0,10,,,2,2,,,,
E-6607AA,1,10,PL,1973,仮,0,0,0,0,10,,,2,2,,,,
E-6613AA,1,10,PA,3406,仮,0,0,30,0,10,,,2,2,,,,
E474-502AB34,1,10,L1,1797,仮,0,0,25,0,10,,,2,2,,,,
E474-502EB34,1,10,L1,1797,仮,0,0,0,0,10,,,2,2,,,,
E474-533AA30,1,10,PL,1973,仮,0,0,0,0,10,,,2,2,,,,
E474-533AA33,1,10,PL,1973,仮,0,0,35,0,10,,,2,2,,,,
E474-533AA34,1,10,PL,1973,仮,0,0,0,0,10,,,2,2,,,,
E474-533BA30,1,10,PL,1973,仮,0,0,25,0,10,,,2,2,,,,
E474-533BA33,1,10,PL,1973,仮,0,0,25,0,10,,,2,2,,,,
E474-533BA34,1,10,PL,1973,仮,0,0,25,0,10,,,2,2,,,,
E474-533CA30,1,10,PL,1973,仮,0,0,25,0,10,,,2,2,,,,
E474-533CA34,1,10,PL,1973,仮,0,0,25,0,10,,,2,2,,,,
E474-633DA34,1,10,PL,1973,仮,0,0,0,0,10,,,2,2,,,,
E474-633DA36,1,10,PL,1973,仮,0,0,0,0,10,,,2,2,,,,
ED51-00104AA,1,10,PL,1973,仮,0,0,0,0,10,,,2,2,,,,
ED64-00701AA,1,10,MC,3400,仮,0,0,25,0,10,,,2,2,,,,
ED66-00101CA,1,10,PA,1973,仮,0,0,0,0,10,,,2,2,,,,
ED66-00101DA,1,10,PA,3413,仮,0,0,0,0,10,,,2,2,,,,
ED66-00101FA,1,10,PA,無し,仮,0,0,0,0,10,,,2,2,,,,
ED66-00101FB,1,10,PA,1973,仮,0,0,0,0,10,,,2,2,,,,
EF74-00402AA,1,10,PL,3861,仮,0,0,0,0,10,,,2,2,,,,
EF80-02201AA,1,10,PA,3406,仮,0,0,0,0,10,,,2,2,,,,
EF80-02201BA,1,10,PA,3406,仮,0,0,30,0,10,,,2,2,,,,
EF80-02402AA,1,10,PA,3406,仮,0,0,20,0,10,,,2,2,,,,
EF80-02501AA,1,10,PA,3406,仮,0,0,20,0,10,,,2,2,,,,
EF80-02801AA,1,10,PA,3406,仮,0,0,20,0,10,,,2,2,,,,
EF80-02802AA,1,10,PA,3406,仮,0,0,30,0,10,,,2,2,,,,
EF82-00202AA,1,10,PL,3861,仮,0,0,30,0,10,,,2,2,,,,
EP-216C1,1,10,CO,無し,仮,0,0,0,0,10,,,2,2,,,,
EP-216C1,2,20,A0（無）,2959,仮,0,0,0,0,10,,,2,2,,,,
EP-271C1,1,10,MC,3990,仮,0,0,0,0,10,,,2,2,,,,
EP-271C1,2,20,CO,1788,仮,0,0,0,0,10,,,2,2,,,,
EP-271C1,3,30,A0（無）,2959,仮,0,0,0,0,10,,,2,2,,,,
EP-39B,1,10,PL,無し,仮,0,0,0,0,10,,,2,2,,,,
ES64-00112AB,1,10,HT,3653,仮,0,0,25,0,10,,,2,2,,,,
ES64-00113AB,1,10,HT,3653,仮,0,0,25,0,10,,,2,2,,,,
ES64-00113BA,1,10,HT,3653,仮,0,0,25,0,10,,,2,2,,,,
ES64-00701AA,1,10,MC,3400,仮,0,0,25,0,10,,,2,2,,,,
ES64-01002AA,1,10,HT,3653,仮,0,0,25,0,10,,,2,2,,,,
ES64-01002BA,1,10,HT,3653,仮,0,0,25,0,10,,,2,2,,,,
ES64-01002CA,1,10,HT,3653,仮,0,0,25,0,10,,,2,2,,,,
ES64-01002DA,1,10,HT,3653,仮,0,0,25,0,10,,,2,2,,,,
ES64-01002EA,1,10,HT,3653,仮,0,0,25,0,10,,,2,2,,,,
ES64-01003AA,1,10,HT,3653,仮,0,0,25,0,10,,,2,2,,,,
ES64-01003BA,1,10,HT,3653,仮,0,0,25,0,10,,,2,2,,,,
ES64-01003CA,1,10,HT,3653,仮,0,0,25,0,10,,,2,2,,,,
ES66-00206AA,1,10,MC,1798,仮,0,0,0,0,10,,,2,2,,,,
ES66-00206BA,1,10,MC,1977,仮,0,0,15,0,10,,,2,2,,,,
ES66-00207AA,1,10,MC,1978,仮,0,0,0,0,10,,,2,2,,,,
EUT-67ACL,1,10,A0（無）,2959,仮,0,0,37,0,10,,,2,2,,,,
EUT-67ADL,1,10,A0（無）,3225,仮,0,0,30,0,10,,,2,2,,,,
EUT-67AFL,1,10,A0（無）,2959,仮,0,0,23,0,10,,,2,2,,,,
EUT-67AKL,1,10,A0（無）,3225,仮,0,0,0,0,10,,,2,2,,,,
EUT-67ALL,1,10,A0（無）,2959,仮,0,0,30,0,10,,,2,2,,,,
EUT-67AML,1,10,A0（無）,無し,仮,0,0,33,0,10,,,2,2,,,,
EUT-67AQL,1,10,A0（無）,2959,仮,0,0,30,0,10,,,2,2,,,,
EUT-67XL,1,10,A0（無）,2959,仮,0,0,0,0,10,,,2,2,,,,
G-1111UA,1,10,PA,1515,仮,0,0,20,0,10,,,2,2,,,,
G-1111VA,1,10,PA,1515,仮,0,0,0,0,10,,,2,2,,,,
G-2102H,1,10,PA,無し,仮,0,0,75,0,10,,,2,2,,,,
G-2102LB,1,10,PA,無し,仮,0,0,75,0,10,,,2,2,,,,
G-2103HB,1,10,PA,無し,仮,0,0,75,0,10,,,2,2,,,,
G-2103LB,1,10,PA,無し,仮,0,0,75,0,10,,,2,2,,,,
G-2103NA,1,10,PA,無し,仮,0,0,75,0,10,,,2,2,,,,
G-2103PA,1,10,PA,無し,仮,0,0,75,0,10,,,2,2,,,,
G-2417AE,1,10,PL,1973,仮,0,0,0,0,10,,,2,2,,,,
G-2417J,1,10,PL,1973,仮,0,0,0,0,10,,,2,2,,,,
G-2417K,1,10,PL,1973,仮,0,0,0,0,10,,,2,2,,,,
G-2417L,1,10,PL,1973,仮,0,0,0,0,10,,,2,2,,,,
G-2418E,1,10,PL,1973,仮,0,0,0,0,10,,,2,2,,,,
G-2418F,1,10,PL,無し,仮,0,0,0,0,10,,,2,2,,,,
G-2912AB,1,10,PL,3297,仮,0,0,5,0,10,,,2,2,,,,
G-2912BB,1,10,PL,3297,仮,0,0,5,0,10,,,2,2,,,,
G-2912C,1,10,PL,3297,仮,0,0,5,0,10,,,2,2,,,,
G-2912DB,1,10,PL,3297,仮,0,0,5,0,10,,,2,2,,,,
G-2912EB,1,10,PL,3297,仮,0,0,5,0,10,,,2,2,,,,
G-2912FB,1,10,PL,3297,仮,0,0,0,0,10,,,2,2,,,,
G-2912G,1,10,PL,9999,仮,0,0,5,0,10,,,2,2,,,,
G-2912H,1,10,PL,3297,仮,0,0,5,0,10,,,2,2,,,,
G-2912HB,1,10,PL,3861,仮,0,0,5,0,10,,,2,2,,,,
G-2924AA,1,10,PA,1515,仮,0,0,20,0,10,,,2,2,,,,
G-2924BA,1,10,PA,1515,仮,0,0,23,0,10,,,2,2,,,,
G-3413B,1,10,MV,1797,仮,0,0,0,0,10,,,2,2,,,,
G-3413B,2,20,PA,1515,仮,0,0,0,0,10,,,2,2,,,,
G-3413N,1,10,MV,1797,仮,0,0,0,0,10,,,2,2,,,,
G-3413N,2,20,PA,1515,仮,0,0,0,0,10,,,2,2,,,,
G-3413P,1,10,MV,1797,仮,0,0,0,0,10,,,2,2,,,,
G-3413P,2,20,PA,1515,仮,0,0,0,0,10,,,2,2,,,,
G-3509AA,1,10,PA,1515,仮,0,0,25,0,10,,,2,2,,,,
G-3509B,1,10,PA,1515,仮,0,0,14,0,10,,,2,2,,,,
G-3509C,1,10,PA,1515,仮,0,0,28,0,10,,,2,2,,,,
G-3515,1,10,PA,1515,仮,0,0,0,0,10,,,2,2,,,,
G-3515D,1,10,PA,1515,仮,0,0,20,0,10,,,2,2,,,,
G-3515E,1,10,MC,無し,仮,0,0,0,0,10,,,2,2,,,,
G-3515H,1,10,PA,1515,仮,0,0,14,0,10,,,2,2,,,,
G-3515J,1,10,MC,1380,仮,0,0,0,0,10,,,2,2,,,,
G-3515K,1,10,PA,1515,仮,0,0,20,0,10,,,2,2,,,,
G-3801H,1,10,MC,1978,仮,0,0,5,0,10,,,2,2,,,,
G-3801H,2,20,PA,1515,仮,0,0,5,0,10,,,2,2,,,,
G-402A,1,10,MC,無し,仮,0,0,0,0,10,,,2,2,,,,
G-403B,1,10,PA,1515,仮,0,0,0,0,10,,,2,2,,,,
G-406E,1,10,MV,無し,仮,0,0,27,0,10,,,2,2,,,,
G-4209C,1,10,PA,1515,仮,0,0,15,0,10,,,2,2,,,,
G-5102FA,1,10,PA,1515,仮,0,0,0,0,10,,,2,2,,,,
G-5109,1,10,PA,1515,仮,0,0,23,0,10,,,2,2,,,,
G-5112AL,1,10,SL,1851,仮,0,0,30,0,10,,,2,2,,,,
G-512,1,10,MV,1380,仮,0,0,0,0,10,,,2,2,,,,
G-512,2,20,PA,1515,仮,0,0,0,0,10,,,2,2,,,,
G-513,1,10,MV,1380,仮,0,0,20,0,10,,,2,2,,,,
G-513,2,20,PA,1515,仮,0,0,20,0,10,,,2,2,,,,
G-5404C,1,10,PA,1515,仮,0,0,0,0,10,,,2,2,,,,
G-5404D,1,10,PA,1515,仮,0,0,0,0,10,,,2,2,,,,
G-5405A,1,10,PA,1515,仮,0,0,20,0,10,,,2,2,,,,
G-6403FA,1,10,PA,1515,仮,0,0,20,0,10,,,2,2,,,,
G-6403FB,1,10,PA,無し,仮,0,0,20,0,10,,,2,2,,,,
G-6501VCB,1,10,MC,無し,仮,0,0,2,0,10,,,2,2,,,,
G-6503DA,1,10,PA,1515,仮,0,0,30,0,10,,,2,2,,,,
G-6802,1,10,PL,3861,仮,0,0,25,0,10,,,2,2,,,,
G-7202,1,10,PA,1515,仮,0,0,0,0,10,,,2,2,,,,
G-7701B,1,10,PA,1515,仮,0,0,0,0,10,,,2,2,,,,
G-7701CA,1,10,PA,1515,仮,0,0,15,0,10,,,2,2,,,,
G-7702B,1,10,PA,1515,仮,0,0,0,0,10,,,2,2,,,,
G-8050,1,10,PL,無し,仮,0,0,0,0,10,,,2,2,,,,
G-8302BA,1,10,PA,1515,仮,0,0,20,0,10,,,2,2,,,,
G-9501AE,1,10,MC,1978,仮,0,0,0,0,10,,,2,2,,,,
G-9501AE,2,20,PA,1515,仮,0,0,0,0,10,,,2,2,,,,
G-9501BB,1,10,PA,1515,仮,0,0,25,0,10,,,2,2,,,,
G-9501BE,1,10,PA,1515,仮,0,0,25,0,10,,,2,2,,,,
G-9501CA,1,10,PA,1515,仮,0,0,15,0,10,,,2,2,,,,
G-9501CB,1,10,PA,1515,仮,0,0,15,0,10,,,2,2,,,,
G-9501CE,1,10,PA,1515,仮,0,0,15,0,10,,,2,2,,,,
G-9501DB,1,10,PA,1515,仮,0,0,0,0,10,,,2,2,,,,
G-9501DE,1,10,PA,1515,仮,0,0,0,0,10,,,2,2,,,,
G-9501EB,1,10,PA,1515,仮,0,0,5,0,10,,,2,2,,,,
G-9501EE,1,10,PA,1515,仮,0,0,5,0,10,,,2,2,,,,
G-9501HB,1,10,PA,1515,仮,0,0,15,0,10,,,2,2,,,,
G-9501JA,1,10,PA,1515,仮,0,0,15,0,10,,,2,2,,,,
G-9601CC,1,10,PA,1515,仮,0,0,14,0,10,,,2,2,,,,
G-9601DA,1,10,PA,1515,仮,0,0,0,0,10,,,2,2,,,,
G-9602EC,1,10,PA,1515,仮,0,0,20,0,10,,,2,2,,,,
G-9606AA,1,10,PA,1515,仮,0,0,20,0,10,,,2,2,,,,
G-9606BA,1,10,PA,1515,仮,0,0,14,0,10,,,2,2,,,,
GR-EF80-00202AA,1,10,L2,9999,仮,0,0,5,0,10,,,2,2,,,,
GR-EF80-00202AA,2,20,HT,9999,仮,0,0,5,0,10,,,2,2,,,,
GR-EF80-00202CA,1,10,L2,9999,仮,0,0,5,0,10,,,2,2,,,,
GR-EF80-00202CA,2,20,HT,9999,仮,0,0,5,0,10,,,2,2,,,,
GS-215AA,1,10,PA,3406,仮,0,0,20,0,10,,,2,2,,,,
GS-215BA,1,10,PA,3406,仮,0,0,20,0,10,,,2,2,,,,
GS-215CA,1,10,PA,3406,仮,0,0,20,0,10,,,2,2,,,,
GS-215DA,1,10,PA,3406,仮,0,0,20,0,10,,,2,2,,,,
GS-59,1,10,PL,1973,仮,0,0,30,0,10,,,2,2,,,,
GS-72AB,1,10,AO（無）,3994,仮,0,0,75,0,10,,,2,2,,,,
GS-72BB,1,10,AO（無）,3994,仮,0,0,75,0,10,,,2,2,,,,
GS-72DB,1,10,AO（無）,3994,仮,0,0,20,0,10,,,2,2,,,,
GS-72EB,1,10,AO（無）,3994,仮,0,0,75,0,10,,,2,2,,,,
GS-72FB,1,10,AO（無）,3994,仮,0,0,75,0,10,,,2,2,,,,
GS-72HB,1,10,AO（無）,3994,仮,0,0,75,0,10,,,2,2,,,,
GS-72Q,1,10,PA,無し,仮,0,0,20,0,10,,,2,2,,,,
GUT-30Q1B,1,10,PA,1515,仮,0,0,0,0,10,,,2,2,,,,
GUT-30Q2B,1,10,PA,1515,仮,0,0,0,0,10,,,2,2,,,,
GUT-30VC30,1,10,PA,無し,仮,0,0,0,0,10,,,2,2,,,,
GUT-30X1B,1,10,PA,1515,仮,0,0,0,0,10,,,2,2,,,,
GUT-30X2B,1,10,PA,1515,仮,0,0,0,0,10,,,2,2,,,,
GUT-99BB30,1,10,A0（無）,1973,仮,0,0,15,0,10,,,2,2,,,,
K-11801D,1,10,PL,無し,仮,0,0,20,0,10,,,2,2,,,,
K-12401,1,10,HT,1092,仮,0,0,0,0,10,,,2,2,,,,
K-12401,2,20,PL,3861,仮,0,0,0,0,10,,,2,2,,,,
K-12401HA,1,10,HT,1092,仮,0,0,0,0,10,,,2,2,,,,
K-12401HA,2,20,PL,3861,仮,0,0,0,0,10,,,2,2,,,,
K-12401HC,1,10,HT,1092,仮,0,0,0,0,10,,,2,2,,,,
K-12401HC,2,20,PL,3413,仮,0,0,0,0,10,,,2,2,,,,
K-12401HD,1,10,HT,無し,仮,0,0,0,0,10,,,2,2,,,,
K-12401HD,2,20,PL,9999,仮,0,0,0,0,10,,,2,2,,,,
K-12402,1,10,HT,1092,仮,0,0,0,0,10,,,2,2,,,,
K-12402,2,20,PL,3861,仮,0,0,0,0,10,,,2,2,,,,
K-12402HB,1,10,HT,1092,仮,0,0,0,0,10,,,2,2,,,,
K-12402HB,2,20,PL,3861,仮,0,0,0,0,10,,,2,2,,,,
K-12402HD,1,10,HT,1092,仮,0,0,0,0,10,,,2,2,,,,
K-12402HD,2,20,PL,1973,仮,0,0,0,0,10,,,2,2,,,,
K-12415,1,10,PL,1973,仮,0,0,0,0,10,,,2,2,,,,
K-12415,2,20,AO（無）,1042,仮,0,0,0,0,10,,,2,2,,,,
K-12415B,1,10,PL,1973,仮,0,0,0,0,10,,,2,2,,,,
K-12415C,1,10,PL,1973,仮,0,0,0,0,10,,,2,2,,,,
K-12419,1,10,PL,1973,仮,0,0,0,0,10,,,2,2,,,,
K-12419,2,20,AO（無）,1042,仮,0,0,0,0,10,,,2,2,,,,
K-12419B,1,10,PL,1973,仮,0,0,0,0,10,,,2,2,,,,
K-13215,1,10,PL,3422,仮,0,0,0,0,10,,,2,2,,,,
K-13215B,1,10,PL,3422,仮,0,0,0,0,10,,,2,2,,,,
K-13215C,1,10,PL,3422,仮,0,0,0,0,10,,,2,2,,,,
K-13215D,1,10,PL,3422,仮,0,0,0,0,10,,,2,2,,,,
K-13216,1,10,PL,3422,仮,0,0,0,0,10,,,2,2,,,,
K-13216D,1,10,PL,3422,仮,0,0,0,0,10,,,2,2,,,,
K-13216E,1,10,PL,3422,仮,0,0,0,0,10,,,2,2,,,,
K-13216F,1,10,PL,3861,仮,0,0,0,0,10,,,2,2,,,,
K-13216G,1,10,PL,3861,仮,0,0,0,0,10,,,2,2,,,,
K-13216H,1,10,PL,3861,仮,0,0,0,0,10,,,2,2,,,,
K-13216J,1,10,PL,3422,仮,0,0,0,0,10,,,2,2,,,,
K-13216K,1,10,PL,3422,仮,0,0,0,0,10,,,2,2,,,,
K-13216L,1,10,PL,3422,仮,0,0,0,0,10,,,2,2,,,,
K-13217C,1,10,PL,3422,仮,0,0,0,0,10,,,2,2,,,,
K-13217D,1,10,PL,3861,仮,0,0,0,0,10,,,2,2,,,,
K-13218,1,10,PL,3422,仮,0,0,0,0,10,,,2,2,,,,
K-13218B,1,10,PL,3422,仮,0,0,0,0,10,,,2,2,,,,
K-13218C,1,10,PL,3422,仮,0,0,0,0,10,,,2,2,,,,
K-13218E,1,10,PL,3422,仮,0,0,0,0,10,,,2,2,,,,
K-13218F,1,10,PL,3422,仮,0,0,0,0,10,,,2,2,,,,
K-13224LA,1,10,PL,3861,仮,0,0,20,0,10,,,2,2,,,,
K-13225C,1,10,PL,3861,仮,0,0,0,0,10,,,2,2,,,,
K-13225D,1,10,PL,3861,仮,0,0,0,0,10,,,2,2,,,,
K-13225E,1,10,PL,3861,仮,0,0,0,0,10,,,2,2,,,,
K-13225K,1,10,PL,3861,仮,0,0,0,0,10,,,2,2,,,,
K-13225L,1,10,PL,3861,仮,0,0,0,0,10,,,2,2,,,,
K-13226D,1,10,PL,1973,仮,0,0,0,0,10,,,2,2,,,,
K-13226DA,1,10,PL,3422,仮,0,0,0,0,10,,,2,2,,,,
K-13226E,1,10,PL,無し,仮,0,0,28,0,10,,,2,2,,,,
K-13226EA,1,10,PL,3422,仮,0,0,0,0,10,,,2,2,,,,
K-13226F,1,10,PL,1973,仮,0,0,28,0,10,,,2,2,,,,
K-13226FA,1,10,PL,3422,仮,0,0,0,0,10,,,2,2,,,,
K-13226HA,1,10,PL,3422,仮,0,0,0,0,10,,,2,2,,,,
K-13226JA,1,10,PL,3422,仮,0,0,0,0,10,,,2,2,,,,
K-13226KA,1,10,PL,3422,仮,0,0,0,0,10,,,2,2,,,,
K-13226MA,1,10,PL,3422,仮,0,0,0,0,10,,,2,2,,,,
K-13226N,1,10,PL,1973,仮,0,0,0,0,10,,,2,2,,,,
K-13226NA,1,10,PL,3422,仮,0,0,0,0,10,,,2,2,,,,
K-13226QA,1,10,PL,3422,仮,0,0,0,0,10,,,2,2,,,,
K-13226RA,1,10,PL,3422,仮,0,0,0,0,10,,,2,2,,,,
K-13230B,1,10,PL,3422,仮,0,0,5,0,10,,,2,2,,,,
K-13230C,1,10,PL,3861,仮,0,0,5,0,10,,,2,2,,,,
K-13231B,1,10,PL,1973,仮,0,0,28,0,10,,,2,2,,,,
K-13231D,1,10,PL,1973,仮,0,0,28,0,10,,,2,2,,,,
K-13239,1,10,PL,3422,仮,0,0,28,0,10,,,2,2,,,,
K-13240,1,10,PL,3422,仮,0,0,0,0,10,,,2,2,,,,
K-13240B,1,10,PL,3422,仮,0,0,0,0,10,,,2,2,,,,
K-13240C,1,10,PL,1973,仮,0,0,28,0,10,,,2,2,,,,
K-13240E,1,10,PL,3422,仮,0,0,0,0,10,,,2,2,,,,
K-13244AA,1,10,PL,1973,仮,0,0,0,0,10,,,2,2,,,,
K-13247AA,1,10,PL,3861,仮,0,0,0,0,10,,,2,2,,,,
K-13247BA,1,10,PL,3861,仮,0,0,0,0,10,,,2,2,,,,
K-13248AA,1,10,PL,3861,仮,0,0,0,0,10,,,2,2,,,,
K-13249AA,1,10,PL,3861,仮,0,0,0,0,10,,,2,2,,,,
K-13290A,1,10,PL,1973,仮,0,0,28,0,10,,,2,2,,,,
K-13304EA,1,10,MC,1977,仮,0,0,0,0,10,,,2,2,,,,
K-13304EA,2,20,PL,3861,仮,0,0,0,0,10,,,2,2,,,,
K-13825AA,1,10,PL,無し,仮,0,0,0,0,10,,,2,2,,,,
K-14402BA,1,10,PA,1515,仮,0,0,0,0,10,,,2,2,,,,
K-14606,1,10,MC,無し,仮,0,0,0,0,10,,,2,2,,,,
K-14801,1,10,HT,無し,仮,0,0,75,0,10,,,2,2,,,,
K-14901,1,10,MC,1205,仮,0,0,0,0,10,,,2,2,,,,
K-14901,2,20,PA,1515,仮,0,0,0,0,10,,,2,2,,,,
K-14902-3,1,10,HT,CA,仮,0,0,65,0,10,,,2,2,,,,
K-14902-3,2,20,PL,3861,仮,0,0,65,0,10,,,2,2,,,,
K-14903D,1,10,AO（無）,1042,仮,0,0,65,0,10,,,2,2,,,,
K-14903D,2,20,HT,CA,仮,0,0,65,0,10,,,2,2,,,,
K-14903D,3,30,G,1042,仮,0,0,65,0,10,,,2,2,,,,
K-14906A,1,10,PL,1973,仮,0,0,0,0,10,,,2,2,,,,
K-14906AM,1,10,PL,1973,仮,0,0,0,0,10,,,2,2,,,,
K-14906B,1,10,PL,1973,仮,0,0,0,0,10,,,2,2,,,,
K-14906BM,1,10,PL,1973,仮,0,0,0,0,10,,,2,2,,,,
K-14907A,1,10,PL,3861,仮,0,0,0,0,10,,,2,2,,,,
K-14907AM,1,10,HT,無し,仮,0,0,0,0,10,,,2,2,,,,
K-14907AM,2,20,PL,1973,仮,0,0,0,0,10,,,2,2,,,,
K-14907B,1,10,PL,3861,仮,0,0,0,0,10,,,2,2,,,,
K-14907BM,1,10,HT,無し,仮,0,0,0,0,10,,,2,2,,,,
K-14907BM,2,20,PL,1973,仮,0,0,0,0,10,,,2,2,,,,
K-14913JA,1,10,HT,CA,仮,0,0,65,0,10,,,2,2,,,,
K-14920,1,10,PL,無し,仮,0,0,75,0,10,,,2,2,,,,
K-14921,1,10,PL,3861,仮,0,0,0,0,10,,,2,2,,,,
K-15302A,1,10,PL,無し,仮,0,0,25,0,10,,,2,2,,,,
K-15302BB,1,10,PL,無し,仮,0,0,25,0,10,,,2,2,,,,
K-15607EB,1,10,PL,1973,仮,0,0,18,0,10,,,2,2,,,,
K-16302J,1,10,PL,1973,仮,0,0,0,0,10,,,2,2,,,,
K-16304,1,10,PL,1973,仮,0,0,0,0,10,,,2,2,,,,
K-16304GA,1,10,PL,1973,仮,0,0,13,0,10,,,2,2,,,,
K-16306GB,1,10,PL,1973,仮,0,0,0,0,10,,,2,2,,,,
K-17201FA,1,10,MV,3994,仮,0,0,25,0,10,,,2,2,,,,
K-17201GA,1,10,PA,1515,仮,0,0,0,0,10,,,2,2,,,,
K-17203B-CL,1,10,TH,9999,仮,0,0,25,0,10,,,2,2,,,,
K-17301GA,1,10,MC,3994,仮,0,0,25,0,10,,,2,2,,,,
K-17301GA,2,20,PA,1515,仮,0,0,25,0,10,,,2,2,,,,
K-17401NA,1,10,PL,3861,仮,0,0,0,0,10,,,2,2,,,,
K-17401NB,1,10,PL,3861,仮,0,0,0,0,10,,,2,2,,,,
K-17401NC,1,10,PL,3861,仮,0,0,20,0,10,,,2,2,,,,
K-17401ND,1,10,PL,3861,仮,0,0,20,0,10,,,2,2,,,,
K-17401NE,1,10,PL,3861,仮,0,0,0,0,10,,,2,2,,,,
K-17401NF,1,10,PL,3861,仮,0,0,20,0,10,,,2,2,,,,
K-17401NG,1,10,PL,1973,仮,0,0,20,0,10,,,2,2,,,,
K-17401NH,1,10,PL,3861,仮,0,0,20,0,10,,,2,2,,,,
K-17401NJ,1,10,PL,1973,仮,0,0,0,0,10,,,2,2,,,,
K-17401NK,1,10,PL,3861,仮,0,0,0,0,10,,,2,2,,,,
K-17401NL,1,10,PL,3861,仮,0,0,0,0,10,,,2,2,,,,
K-17402NA,1,10,PL,3861,仮,0,0,30,0,10,,,2,2,,,,
K-17402NB,1,10,PL,3861,仮,0,0,30,0,10,,,2,2,,,,
K-17402NC,1,10,PL,3861,仮,0,0,30,0,10,,,2,2,,,,
K-17402ND,1,10,PL,3861,仮,0,0,30,0,10,,,2,2,,,,
K-17402NE,1,10,PL,3861,仮,0,0,30,0,10,,,2,2,,,,
K-17402NF,1,10,PL,3861,仮,0,0,30,0,10,,,2,2,,,,
K-17402NG,1,10,PL,3861,仮,0,0,30,0,10,,,2,2,,,,
K-17402NH,1,10,PL,3861,仮,0,0,30,0,10,,,2,2,,,,
K-17402NJ,1,10,PL,3861,仮,0,0,30,0,10,,,2,2,,,,
K-17402NK,1,10,PL,3861,仮,0,0,0,0,10,,,2,2,,,,
K-17402NL,1,10,PL,3861,仮,0,0,30,0,10,,,2,2,,,,
K-17402PA,1,10,PL,1973,仮,0,0,0,0,10,,,2,2,,,,
K-17402PC,1,10,PL,1973,仮,0,0,0,0,10,,,2,2,,,,
K-17407A,1,10,PL,3861,仮,0,0,30,0,10,,,2,2,,,,
K-17407B,1,10,PL,3861,仮,0,0,30,0,10,,,2,2,,,,
K-17407C,1,10,PL,3861,仮,0,0,20,0,10,,,2,2,,,,
K-17408,1,10,PL,3861,仮,0,0,30,0,10,,,2,2,,,,
K-17408B,1,10,PL,3861,仮,0,0,30,0,10,,,2,2,,,,
K-17603BA,1,10,MC,3211,仮,0,0,75,0,10,,,2,2,,,,
K-17603BA,2,20,HT,無し,仮,0,0,75,0,10,,,2,2,,,,
K-17707KB,1,10,PL,無し,仮,0,0,60,0,10,,,2,2,,,,
K-17911B,1,10,HT,無し,仮,0,0,0,0,10,,,2,2,,,,
K-18305B,1,10,HT,3072,仮,0,0,0,0,10,,,2,2,,,,
K-18305C,1,10,HT,3072,仮,0,0,0,0,10,,,2,2,,,,
K-18305D,1,10,HT,3072,仮,0,0,0,0,10,,,2,2,,,,
K-18401A,1,10,PL,1973,仮,0,0,0,0,10,,,2,2,,,,
K-18401B,1,10,PL,1973,仮,0,0,0,0,10,,,2,2,,,,
K-18402B,1,10,HT,3072,仮,0,0,0,0,10,,,2,2,,,,
K-18402C,1,10,HT,3072,仮,0,0,0,0,10,,,2,2,,,,
K-18410,1,10,PL,1973,仮,0,0,0,0,10,,,2,2,,,,
K-18412,1,10,PL,1973,仮,0,0,0,0,10,,,2,2,,,,
K-18801A,1,10,PL,1973,仮,0,0,0,0,10,,,2,2,,,,
K-18801AB,1,10,PL,3861,仮,0,0,0,0,10,,,2,2,,,,
K-18801B,1,10,PL,3861,仮,0,0,0,0,10,,,2,2,,,,
K-18801BB,1,10,PL,3861,仮,0,0,0,0,10,,,2,2,,,,
K-18801C,1,10,PL,3861,仮,0,0,0,0,10,,,2,2,,,,
K-18801D,1,10,PL,1973,仮,0,0,0,0,10,,,2,2,,,,
K-18801EA,1,10,PL,1973,仮,0,0,0,0,10,,,2,2,,,,
K-18802A,1,10,PL,1973,仮,0,0,0,0,10,,,2,2,,,,
K-18802B,1,10,PL,3861,仮,0,0,0,0,10,,,2,2,,,,
K-18802C,1,10,PL,1973,仮,0,0,0,0,10,,,2,2,,,,
K-18802D,1,10,PL,3861,仮,0,0,0,0,10,,,2,2,,,,
K-18802G,1,10,PL,9999,仮,0,0,15,0,10,,,2,2,,,,
K-18803A,1,10,PL,3861,仮,0,0,0,0,10,,,2,2,,,,
K-18803B,1,10,PL,3861,仮,0,0,30,0,10,,,2,2,,,,
K-18803C,1,10,PL,1973,仮,0,0,30,0,10,,,2,2,,,,
K-18803D,1,10,PL,無し,仮,0,0,30,0,10,,,2,2,,,,
K-18804AA,1,10,PL,3861,仮,0,0,0,0,10,,,2,2,,,,
K-18804BA,1,10,PL,3861,仮,0,0,0,0,10,,,2,2,,,,
K-19001G,1,10,PL,3861,仮,0,0,75,0,10,,,2,2,,,,
K-19001GA,1,10,PL,無し,仮,0,0,75,0,10,,,2,2,,,,
K-19001H,1,10,PL,3861,仮,0,0,75,0,10,,,2,2,,,,
K-19002EB,1,10,PL,3861,仮,0,0,75,0,10,,,2,2,,,,
K-19002FB,1,10,PL,3861,仮,0,0,75,0,10,,,2,2,,,,
K-19012AG,1,10,MC,3281,仮,0,0,65,0,10,,,2,2,,,,
K-19012BG,1,10,MC,3281,仮,0,0,65,0,10,,,2,2,,,,
K-19221BA,1,10,HT,3653,仮,0,0,75,0,10,,,2,2,,,,
K-19221BA,2,20,PL,無し,仮,0,0,75,0,10,,,2,2,,,,
K-19301,1,10,PL,1973,仮,0,0,30,0,10,,,2,2,,,,
K-19301BA,1,10,PL,3861,仮,0,0,20,0,10,,,2,2,,,,
K-19601,1,10,PA,1515,仮,0,0,0,0,10,,,2,2,,,,
K-19710,1,10,PL,9999,仮,0,0,5,0,10,,,2,2,,,,
K-19711,1,10,PL,1973,仮,0,0,5,0,10,,,2,2,,,,
K-19714,1,10,PL,9999,仮,0,0,5,0,10,,,2,2,,,,
K-19720,1,10,PL,1973,仮,0,0,5,0,10,,,2,2,,,,
K-19725AA,1,10,PL,1973,仮,0,0,0,0,10,,,2,2,,,,
K-19913B,1,10,PL,1973,仮,0,0,0,0,10,,,2,2,,,,
K-2001D11,1,10,PL,3861,仮,0,0,0,0,10,,,2,2,,,,
K-2001D12,1,10,PL,3861,仮,0,0,0,0,10,,,2,2,,,,
K-2001D13,1,10,PL,3861,仮,0,0,0,0,10,,,2,2,,,,
K-2001D14,1,10,PL,3861,仮,0,0,0,0,10,,,2,2,,,,
K-2001D15,1,10,PL,3861,仮,0,0,0,0,10,,,2,2,,,,
K-2001D16,1,10,PL,3861,仮,0,0,0,0,10,,,2,2,,,,
K-2001D17,1,10,PL,3861,仮,0,0,18,0,10,,,2,2,,,,
K-2001D18,1,10,PL,3861,仮,0,0,0,0,10,,,2,2,,,,
K-2001D19,1,10,PL,3861,仮,0,0,0,0,10,,,2,2,,,,
K-2001D20,1,10,PL,3861,仮,0,0,30,0,10,,,2,2,,,,
K-2001D21,1,10,PL,3861,仮,0,0,0,0,10,,,2,2,,,,
K-2001D22,1,10,PL,3861,仮,0,0,0,0,10,,,2,2,,,,
K-2001D23,1,10,PL,3861,仮,0,0,0,0,10,,,2,2,,,,
K-2001D24,1,10,PL,3861,仮,0,0,0,0,10,,,2,2,,,,
K-2001D25,1,10,PL,3861,仮,0,0,0,0,10,,,2,2,,,,
K-2001D26,1,10,PL,3861,仮,0,0,0,0,10,,,2,2,,,,
K-2001D30,1,10,PL,3861,仮,0,0,0,0,10,,,2,2,,,,
K-2001D32,1,10,PL,3861,仮,0,0,0,0,10,,,2,2,,,,
K-2001D34,1,10,PL,3861,仮,0,0,0,0,10,,,2,2,,,,
K-2001D36,1,10,PL,3861,仮,0,0,0,0,10,,,2,2,,,,
K-2001D38,1,10,PL,3861,仮,0,0,0,0,10,,,2,2,,,,
K-2001F26,1,10,PL,3861,仮,0,0,30,0,10,,,2,2,,,,
K-2001F28,1,10,PL,3861,仮,0,0,30,0,10,,,2,2,,,,
K-2001F30,1,10,PL,3861,仮,0,0,30,0,10,,,2,2,,,,
K-2001F32,1,10,PL,3861,仮,0,0,30,0,10,,,2,2,,,,
K-2001F34,1,10,PL,3861,仮,0,0,30,0,10,,,2,2,,,,
K-2001F36,1,10,PL,3861,仮,0,0,30,0,10,,,2,2,,,,
K-2001F38,1,10,PL,3861,仮,0,0,30,0,10,,,2,2,,,,
K-2001F40,1,10,PL,3861,仮,0,0,30,0,10,,,2,2,,,,
K-2001F41,1,10,PL,3861,仮,0,0,30,0,10,,,2,2,,,,
K-2001G-30,1,10,PL,3861,仮,0,0,25,0,10,,,2,2,,,,
K-2001G-34,1,10,PL,1973,仮,0,0,25,0,10,,,2,2,,,,
K-2001G26,1,10,PL,3861,仮,0,0,0,0,10,,,2,2,,,,
K-2001G30,1,10,PL,3861,仮,0,0,30,0,10,,,2,2,,,,
K-2001G34,1,10,PL,3861,仮,0,0,30,0,10,,,2,2,,,,
K-2001HA42,1,10,PL,3861,仮,0,0,30,0,10,,,2,2,,,,
K-2001HA44,1,10,PL,3861,仮,0,0,30,0,10,,,2,2,,,,
K-2001HA46,1,10,PL,3861,仮,0,0,30,0,10,,,2,2,,,,
K-2001HA48,1,10,PL,3861,仮,0,0,0,0,10,,,2,2,,,,
K-2001HA52,1,10,PL,3861,仮,0,0,0,0,10,,,2,2,,,,
K-2001HA54,1,10,PL,3861,仮,0,0,30,0,10,,,2,2,,,,
K-2001HA56,1,10,PL,3861,仮,0,0,30,0,10,,,2,2,,,,
K-2001HA58,1,10,PL,3861,仮,0,0,30,0,10,,,2,2,,,,
K-2001HA60,1,10,PL,3861,仮,0,0,20,0,10,,,2,2,,,,
K-2001JA16,1,10,PL,3861,仮,0,0,30,0,10,,,2,2,,,,
K-2001JA24,1,10,PL,3861,仮,0,0,30,0,10,,,2,2,,,,
K-20601JA,1,10,PL,3861,仮,0,0,0,0,10,,,2,2,,,,
K-20601KA,1,10,PL,3861,仮,0,0,0,0,10,,,2,2,,,,
K-20601LA,1,10,PL,3861,仮,0,0,0,0,10,,,2,2,,,,
K-20604EA,1,10,PL,3861,仮,0,0,0,0,10,,,2,2,,,,
K-20604GA,1,10,PL,3861,仮,0,0,0,0,10,,,2,2,,,,
K-20604HA,1,10,PL,無し,仮,0,0,20,0,10,,,2,2,,,,
K-20604ＦA,1,10,PL,無し,仮,0,0,0,0,10,,,2,2,,,,
K-20608AA,1,10,PL,3861,仮,0,0,0,0,10,,,2,2,,,,
K-20608BA,1,10,PL,3861,仮,0,0,0,0,10,,,2,2,,,,
K-20608CA,1,10,PL,3861,仮,0,0,0,0,10,,,2,2,,,,
K-20609AA,1,10,PL,3861,仮,0,0,0,0,10,,,2,2,,,,
K-20609BA,1,10,PL,3861,仮,0,0,0,0,10,,,2,2,,,,
K-20609CA,1,10,PL,3861,仮,0,0,0,0,10,,,2,2,,,,
K-21201,1,10,PL,1973,仮,0,0,10,0,10,,,2,2,,,,
K-21208C,1,10,PL,1973,仮,0,0,17,0,10,,,2,2,,,,
K-21208D,1,10,PL,1973,仮,0,0,17,0,10,,,2,2,,,,
K-21603B,1,10,PL,3861,仮,0,0,0,0,10,,,2,2,,,,
K-21603CA,1,10,PL,3861,仮,0,0,0,0,10,,,2,2,,,,
K-22205,1,10,MC,3415,仮,0,0,74,0,10,,,2,2,,,,
K-22205,2,20,SL,3415,仮,0,0,74,0,10,,,2,2,,,,
K-22205,3,30,PL,3982,仮,0,0,74,0,10,,,2,2,,,,
K-22205A,1,10,MC,無し,仮,0,0,0,0,10,,,2,2,,,,
K-22205A,2,20,SL,無し,仮,0,0,0,0,10,,,2,2,,,,
K-22205A,3,30,PL,無し,仮,0,0,0,0,10,,,2,2,,,,
K-22205EA,1,10,MC,3415,仮,0,0,74,0,10,,,2,2,,,,
K-22205EA,2,20,SL,3415,仮,0,0,74,0,10,,,2,2,,,,
K-22205EA,3,30,PL,3982,仮,0,0,74,0,10,,,2,2,,,,
K-22206,1,10,PL,3982,仮,0,0,60,0,10,,,2,2,,,,
K-22207,1,10,PL,3982,仮,0,0,60,0,10,,,2,2,,,,
K-22208,1,10,PL,3982,仮,0,0,60,0,10,,,2,2,,,,
K-22209,1,10,PL,3982,仮,0,0,60,0,10,,,2,2,,,,
K-22210,1,10,SW,3253,仮,0,0,60,0,10,,,2,2,,,,
K-22210,2,20,NC,2829,仮,0,0,60,0,10,,,2,2,,,,
K-22401FA,1,10,HT,無し,仮,0,0,75,0,10,,,2,2,,,,
K-22801CB,1,10,PA1（無）,無し,仮,0,0,10,0,10,,,2,2,,,,
K-22801CB,2,20,PA2（無）,無し,仮,0,0,10,0,10,,,2,2,,,,
K-22802CA,1,10,PA1（無）,無し,仮,0,0,10,0,10,,,2,2,,,,
K-22802CA,2,20,PA2（無）,無し,仮,0,0,10,0,10,,,2,2,,,,
K-22901AA,1,10,PL,3861,仮,0,0,0,0,10,,,2,2,,,,
K-22901BA,1,10,PL,3861,仮,0,0,20,0,10,,,2,2,,,,
K-22901CA,1,10,PL,3861,仮,0,0,5,0,10,,,2,2,,,,
K-22901DA,1,10,PL,3861,仮,0,0,0,0,10,,,2,2,,,,
K-22902AA,1,10,PL,3861,仮,0,0,15,0,10,,,2,2,,,,
K-22902CA,1,10,PL,1973,仮,0,0,0,0,10,,,2,2,,,,
K-22902DA,1,10,PL,3861,仮,0,0,5,0,10,,,2,2,,,,
K-22902EA,1,10,PL,1973,仮,0,0,5,0,10,,,2,2,,,,
K-22902FA,1,10,PL,1973,仮,0,0,5,0,10,,,2,2,,,,
K-22902HA,1,10,PL,3422,仮,0,0,0,0,10,,,2,2,,,,
K-22903AA,1,10,PL,3861,仮,0,0,0,0,10,,,2,2,,,,
K-22903BA,1,10,PL,3861,仮,0,0,0,0,10,,,2,2,,,,
K-22903CA,1,10,PL,3861,仮,0,0,0,0,10,,,2,2,,,,
K-22903DA,1,10,PL,3861,仮,0,0,30,0,10,,,2,2,,,,
K-22903EA,1,10,PL,3861,仮,0,0,0,0,10,,,2,2,,,,
K-22903FA,1,10,PL,3861,仮,0,0,5,0,10,,,2,2,,,,
K-22903GA,1,10,PL,3861,仮,0,0,5,0,10,,,2,2,,,,
K-22903HA,1,10,PL,3861,仮,0,0,30,0,10,,,2,2,,,,
K-22903JA,1,10,PL,3861,仮,0,0,30,0,10,,,2,2,,,,
K-22903KA,1,10,PL,3861,仮,0,0,30,0,10,,,2,2,,,,
K-22903LA,1,10,PL,3861,仮,0,0,30,0,10,,,2,2,,,,
K-22903MA,1,10,PL,3861,仮,0,0,0,0,10,,,2,2,,,,
K-22903NA,1,10,PL,3861,仮,0,0,0,0,10,,,2,2,,,,
K-22903PA,1,10,PL,3861,仮,0,0,0,0,10,,,2,2,,,,
K-22903QA,1,10,PL,1973,仮,0,0,0,0,10,,,2,2,,,,
K-22903RA,1,10,PL,1973,仮,0,0,0,0,10,,,2,2,,,,
K-22904AA,1,10,PL,1973,仮,0,0,25,0,10,,,2,2,,,,
K-22904CA,1,10,PL,3861,仮,0,0,30,0,10,,,2,2,,,,
K-22904EA,1,10,PL,1973,仮,0,0,0,0,10,,,2,2,,,,
K-22904FA,1,10,PL,1973,仮,0,0,0,0,10,,,2,2,,,,
K-22904JA,1,10,PL,3861,仮,0,0,30,0,10,,,2,2,,,,
K-22904JB,1,10,PL,3861,仮,0,0,25,0,10,,,2,2,,,,
K-22905CA,1,10,PL,3861,仮,0,0,30,0,10,,,2,2,,,,
K-22905CB,1,10,PL,3861,仮,0,0,20,0,10,,,2,2,,,,
K-22906AA,1,10,PL,1973,仮,0,0,0,0,10,,,2,2,,,,
K-22907AA470,1,10,PL,1973,仮,0,0,0,0,10,,,2,2,,,,
K-22908AA1260,1,10,PL,1973,仮,0,0,0,0,10,,,2,2,,,,
K-22908AA960,1,10,PL,1973,仮,0,0,0,0,10,,,2,2,,,,
K-22911BA,1,10,PL,1973,仮,0,0,25,0,10,,,2,2,,,,
K-23205BA,1,10,PA,無し,仮,0,0,0,0,10,,,2,2,,,,
K-23205BA30,1,10,PA,3406,仮,0,0,0,0,10,,,2,2,,,,
K-23205BA38,1,10,PA,3406,仮,0,0,0,0,10,,,2,2,,,,
K-23205BB30,1,10,PA,3406,仮,0,0,0,0,10,,,2,2,,,,
K-23205BB38,1,10,PA,3406,仮,0,0,0,0,10,,,2,2,,,,
K-23205CA,1,10,PA,3406,仮,0,0,20,0,10,,,2,2,,,,
K-23205CB,1,10,PA,3406,仮,0,0,0,0,10,,,2,2,,,,
K-23205CC,1,10,PA,3406,仮,0,0,0,0,10,,,2,2,,,,
K-23205DA,1,10,PA,3406,仮,0,0,0,0,10,,,2,2,,,,
K-23205DB,1,10,PA,3406,仮,0,0,0,0,10,,,2,2,,,,
K-23205EA,1,10,PA,3406,仮,0,0,0,0,10,,,2,2,,,,
K-23215AA,1,10,PL,1973,仮,0,0,0,0,10,,,2,2,,,,
K-23215BA,1,10,PL,3861,仮,0,0,0,0,10,,,2,2,,,,
K-24001AA,1,10,MC,3399,仮,0,0,30,0,10,,,2,2,,,,
K-24002AA,1,10,MC,3399,仮,0,0,30,0,10,,,2,2,,,,
K-24913AB,1,10,MC,PT,仮,0,0,40,0,10,,,2,2,,,,
K-25015BA,1,10,PL,無し,仮,0,0,0,0,10,,,2,2,,,,
K-25046AA,1,10,PL,1973,仮,0,0,0,0,10,,,2,2,,,,
K-25057AA,1,10,PA,1515,仮,0,0,0,0,10,,,2,2,,,,
K-25101CA-2,1,10,PL,3861,仮,0,0,0,0,10,,,2,2,,,,
K-25101CA-3,1,10,PL,3861,仮,0,0,0,0,10,,,2,2,,,,
K-25101CA-5,1,10,PL,3861,仮,0,0,0,0,10,,,2,2,,,,
K-25102DA,1,10,WE（無）,1592,仮,0,0,0,0,10,,,2,2,,,,
K-25503EA-1,1,10,HT,無し,仮,0,0,75,0,10,,,2,2,,,,
K-25504CB,1,10,HT,無し,仮,0,0,75,0,10,,,2,2,,,,
K-25504CB,2,20,PA,3994,仮,0,0,75,0,10,,,2,2,,,,
K-25504DA,1,10,PA,3994,仮,0,0,75,0,10,,,2,2,,,,
K-26007BA,1,10,PL,1973,仮,0,0,14,0,10,,,2,2,,,,
K-26201AA38-3,1,10,PL,9999,仮,0,0,20,0,10,,,2,2,,,,
K-26203AA38,1,10,PL,1973,仮,0,0,20,0,10,,,2,2,,,,
K-26203BA38,1,10,PL,1973,仮,0,0,20,0,10,,,2,2,,,,
K-26208AB,1,10,PL,3861,仮,0,0,0,0,10,,,2,2,,,,
K-26719EA,1,10,PA,1515,仮,0,0,40,0,10,,,2,2,,,,
K-26719GA,1,10,PA,1515,仮,0,0,20,0,10,,,2,2,,,,
K-26737AA,1,10,PL,1973,仮,0,0,0,0,10,,,2,2,,,,
K-27101KA38-3,1,10,PA,無し,仮,0,0,0,0,10,,,2,2,,,,
K-27101MA30,1,10,AO（無）,1592,仮,0,0,0,0,10,,,2,2,,,,
K-27101MA30,2,20,PA,3406,仮,0,0,0,0,10,,,2,2,,,,
K-27101MA30-3,1,10,PL,3861,仮,0,0,0,0,10,,,2,2,,,,
K-27101MAL30,1,10,AO（無）,1592,仮,0,0,0,0,10,,,2,2,,,,
K-27101MAL30,2,20,PA,3406,仮,0,0,0,0,10,,,2,2,,,,
K-27101MB30,1,10,AO（無）,1592,仮,0,0,0,0,10,,,2,2,,,,
K-27101MB30,2,20,PA,3406,仮,0,0,0,0,10,,,2,2,,,,
K-27101MB30-7A,1,10,AO（無）,無し,仮,0,0,20,0,10,,,2,2,,,,
K-27101MB30-7A,2,20,PA,3406,仮,0,0,20,0,10,,,2,2,,,,
K-27101MB30-A1,1,10,AO（無）,無し,仮,0,0,0,0,10,,,2,2,,,,
K-27101MB30-A1,2,20,PA,3406,仮,0,0,0,0,10,,,2,2,,,,
K-27101MBL30-1,1,10,AO（無）,1592,仮,0,0,0,0,10,,,2,2,,,,
K-27101MBL30-1,2,20,PA,3406,仮,0,0,0,0,10,,,2,2,,,,
K-27103KA38,1,10,PA,無し,仮,0,0,0,0,10,,,2,2,,,,
K-27103KB38,1,10,PA,無し,仮,0,0,0,0,10,,,2,2,,,,
K-27103MA30,1,10,PL,3861,仮,0,0,0,0,10,,,2,2,,,,
K-27103MB30,1,10,PL,3861,仮,0,0,0,0,10,,,2,2,,,,
K-27104KA38,1,10,PA,無し,仮,0,0,0,0,10,,,2,2,,,,
K-27104MB30,1,10,PL,無し,仮,0,0,0,0,10,,,2,2,,,,
K-27106MA30,1,10,AO（無）,1592,仮,0,0,23,0,10,,,2,2,,,,
K-27106MA30,2,20,PL,3861,仮,0,0,23,0,10,,,2,2,,,,
K-29605BA,1,10,MC,3415,仮,0,0,60,0,10,,,2,2,,,,
K-29605BA,2,20,SL,3415,仮,0,0,60,0,10,,,2,2,,,,
K-29605BA,3,30,PL,3982,仮,0,0,60,0,10,,,2,2,,,,
K-29606AA,1,10,PL,3982,仮,0,0,90,0,10,,,2,2,,,,
K-29607AA,1,10,PL,3982,仮,0,0,90,0,10,,,2,2,,,,
K-29608AA,1,10,PL,3982,仮,0,0,90,0,10,,,2,2,,,,
K-29609AA,1,10,PL,3982,仮,0,0,90,0,10,,,2,2,,,,
K-29610AA,1,10,SW,3253,仮,0,0,70,0,10,,,2,2,,,,
K-29610AA,2,20,NC,2829,仮,0,0,70,0,10,,,2,2,,,,
K-29901DA,1,10,PA,1515,仮,0,0,0,0,10,,,2,2,,,,
K-29902DA,1,10,PA,無し,仮,0,0,15,0,10,,,2,2,,,,
K-29902EA,1,10,PA,無し,仮,0,0,15,0,10,,,2,2,,,,
K-29902EB,1,10,PA,1515,仮,0,0,0,0,10,,,2,2,,,,
K-30310DA,1,10,PA,無し,仮,0,0,75,0,10,,,2,2,,,,
K-303C,1,10,FI（無）,1973,仮,0,0,0,0,10,,,2,2,,,,
K-303D,1,10,FI（無）,1973,仮,0,0,0,0,10,,,2,2,,,,
K-303F,1,10,FI（無）,3861,仮,0,0,0,0,10,,,2,2,,,,
K-304R,1,10,PL,1973,仮,0,0,20,0,10,,,2,2,,,,
K-30601AA,1,10,HT,1092,仮,0,0,0,0,10,,,2,2,,,,
K-30601AA,2,20,PL,1973,仮,0,0,0,0,10,,,2,2,,,,
K-30601AB,1,10,HT,1092,仮,0,0,0,0,10,,,2,2,,,,
K-30601AB,2,20,PL,9999,仮,0,0,0,0,10,,,2,2,,,,
K-30602AA,1,10,HT,1092,仮,0,0,0,0,10,,,2,2,,,,
K-30602AA,2,20,PL,1973,仮,0,0,0,0,10,,,2,2,,,,
K-30602AB,1,10,HT,1092,仮,0,0,0,0,10,,,2,2,,,,
K-30602AB,2,20,PL,9999,仮,0,0,0,0,10,,,2,2,,,,
K-30614AA,1,10,PL,1973,仮,0,0,0,0,10,,,2,2,,,,
K-30614AB,1,10,PL,1973,仮,0,0,0,0,10,,,2,2,,,,
K-30614CA,1,10,PL,9999,仮,0,0,0,0,10,,,2,2,,,,
K-30614CB,1,10,PL,3861,仮,0,0,0,0,10,,,2,2,,,,
K-30614CB,2,20,AO（無）,1042,仮,0,0,0,0,10,,,2,2,,,,
K-30614DA,1,10,PL,1973,仮,0,0,0,0,10,,,2,2,,,,
K-30614DB,1,10,PL,9999,仮,0,0,0,0,10,,,2,2,,,,
K-30614DB,2,20,AO（無）,1042,仮,0,0,0,0,10,,,2,2,,,,
K-30614EA,1,10,PL,1973,仮,0,0,0,0,10,,,2,2,,,,
K-30614EB,1,10,PL,9999,仮,0,0,0,0,10,,,2,2,,,,
K-30614EC,1,10,PL,3861,仮,0,0,0,0,10,,,2,2,,,,
K-30614EC,2,20,AO（無）,1042,仮,0,0,0,0,10,,,2,2,,,,
K-30615AA,1,10,PL,1973,仮,0,0,0,0,10,,,2,2,,,,
K-30615AB,1,10,PL,1973,仮,0,0,0,0,10,,,2,2,,,,
K-30615CA,1,10,PL,1973,仮,0,0,0,0,10,,,2,2,,,,
K-30615CB,1,10,PL,3861,仮,0,0,0,0,10,,,2,2,,,,
K-30615CB,2,20,AO（無）,1042,仮,0,0,0,0,10,,,2,2,,,,
K-30615DA,1,10,PL,9999,仮,0,0,0,0,10,,,2,2,,,,
K-30615DB,1,10,PL,1973,仮,0,0,0,0,10,,,2,2,,,,
K-30615DC,1,10,PL,1973,仮,0,0,0,0,10,,,2,2,,,,
K-30615EA,1,10,PL,1973,仮,0,0,0,0,10,,,2,2,,,,
K-30615EB,1,10,PL,1973,仮,0,0,0,0,10,,,2,2,,,,
K-30615GB,1,10,PL,1973,仮,0,0,25,0,10,,,2,2,,,,
K-30615GC,1,10,PL,1973,仮,0,0,25,0,10,,,2,2,,,,
K-30615GC,2,20,AO（無）,1042,仮,0,0,25,0,10,,,2,2,,,,
K-30619CA,1,10,PL,1973,仮,0,0,22,0,10,,,2,2,,,,
K-30619DA,1,10,PL,1973,仮,0,0,22,0,10,,,2,2,,,,
K-30801AA,1,10,PA,1973,仮,0,0,20,0,10,,,2,2,,,,
K-30803CB,1,10,PL,9999,仮,0,0,0,0,10,,,2,2,,,,
K-30803CC,1,10,PL,1973,仮,0,0,0,0,10,,,2,2,,,,
K-30803CE,1,10,PL,1973,仮,0,0,0,0,10,,,2,2,,,,
K-30803CJ,1,10,PL,1973,仮,0,0,0,0,10,,,2,2,,,,
K-30803CL,1,10,PL,1973,仮,0,0,0,0,10,,,2,2,,,,
K-30803CM,1,10,PL,1973,仮,0,0,0,0,10,,,2,2,,,,
K-30803EA,1,10,PL,1973,仮,0,0,0,0,10,,,2,2,,,,
K-30803FA,1,10,PL,1973,仮,0,0,0,0,10,,,2,2,,,,
K-30803LA,1,10,PL,1973,仮,0,0,0,0,10,,,2,2,,,,
K-30803MA,1,10,PL,1973,仮,0,0,0,0,10,,,2,2,,,,
K-30803NA,1,10,PL,1973,仮,0,0,0,0,10,,,2,2,,,,
K-30803RA,1,10,PL,9999,仮,0,0,0,0,10,,,2,2,,,,
K-30803RB,1,10,PL,1973,仮,0,0,0,0,10,,,2,2,,,,
K-30804AA,1,10,PL,1973,仮,0,0,20,0,10,,,2,2,,,,
K-30804CA,1,10,PL,1973,仮,0,0,18,0,10,,,2,2,,,,
K-31301CA,1,10,DR（無）,2082,仮,0,0,40,0,10,,,2,2,,,,
K-31302BA2200,1,10,L,3254,仮,0,0,75,0,10,,,2,2,,,,
K-31302BA2200,2,20,AO（無）,3070,仮,0,0,75,0,10,,,2,2,,,,
K-31302BB1500-1A,1,10,L,3254,仮,0,0,40,0,10,,,2,2,,,,
K-31302BB1500-1A,2,20,AO（無）,3070,仮,0,0,40,0,10,,,2,2,,,,
K-31307AA,1,10,PA,1515,仮,0,0,0,0,10,,,2,2,,,,
K-31308AA,1,10,PA,1515,仮,0,0,0,0,10,,,2,2,,,,
K-31901BB,1,10,PA,1515,仮,0,0,0,0,10,,,2,2,,,,
K-31901CB,1,10,PA,1515,仮,0,0,0,0,10,,,2,2,,,,
K-3701C,1,10,PL,無し,仮,0,0,16,0,10,,,2,2,,,,
K-3708C,1,10,PL,1973,仮,0,0,25,0,10,,,2,2,,,,
K-3708D,1,10,PL,3861,仮,0,0,0,0,10,,,2,2,,,,
K-3708E,1,10,PL,3861,仮,0,0,0,0,10,,,2,2,,,,
K-3708G,1,10,PL,3861,仮,0,0,15,0,10,,,2,2,,,,
K-3708H,1,10,PL,1973,仮,0,0,0,0,10,,,2,2,,,,
K-3708J,1,10,PL,3861,仮,0,0,0,0,10,,,2,2,,,,
K-3708K,1,10,PL,1973,仮,0,0,20,0,10,,,2,2,,,,
K-3708L,1,10,PL,3861,仮,0,0,20,0,10,,,2,2,,,,
K-3709AA,1,10,PL,1973,仮,0,0,0,0,10,,,2,2,,,,
K-5701BB,1,10,DF,3075,仮,0,0,50,0,10,,,2,2,,,,
K-5701CB,1,10,DF,3253,仮,0,0,50,0,10,,,2,2,,,,
K-5703TAS,1,10,PL,1973,仮,0,0,0,0,10,,,2,2,,,,
K-5803,1,10,PL,1973,仮,0,0,0,0,10,,,2,2,,,,
K63-00105AA,1,10,PL,1973,仮,0,0,20,0,10,,,2,2,,,,
KA65-00101AA,1,10,AO（無）,3956,仮,0,0,23,0,10,,,2,2,,,,
KA65-00101AA,2,20,PL,3733,仮,0,0,23,0,10,,,2,2,,,,
KD50-00201AB,1,10,PL,1973,仮,0,0,0,0,10,,,2,2,,,,
KD50-00201AC,1,10,PL,1973,仮,0,0,0,0,10,,,2,2,,,,
KD50-00204AC,1,10,PL,1973,仮,0,0,0,0,10,,,2,2,,,,
KD53-00501AA,1,10,MC,3415,仮,0,0,60,0,10,,,2,2,,,,
KD53-00501AA,2,20,SL,3415,仮,0,0,60,0,10,,,2,2,,,,
KD53-00501AA,3,30,PL,3982,仮,0,0,60,0,10,,,2,2,,,,
KD60-00101AC,1,10,PL,1973,仮,0,0,0,0,10,,,2,2,,,,
KD60-00104AC,1,10,PL,1973,仮,0,0,0,0,10,,,2,2,,,,
KD63-00107AA,1,10,HT,無し,仮,0,0,75,0,10,,,2,2,,,,
KD63-00107AA,2,20,PL,無し,仮,0,0,75,0,10,,,2,2,,,,
KD64-00201AA,1,10,PL,1973,仮,0,0,0,0,10,,,2,2,,,,
KD64-00202BA,1,10,PL,1973,仮,0,0,0,0,10,,,2,2,,,,
KD64-00202BA,2,20,KD64（無）,無し,仮,0,0,0,0,10,,,2,2,,,,
KD64-00203AA,1,10,HT,3072,仮,0,0,22,0,10,,,2,2,,,,
KD64-00203AB,1,10,HT,3072,仮,0,0,0,0,10,,,2,2,,,,
KD64-00212AA,1,10,PL,1973,仮,0,0,0,0,10,,,2,2,,,,
KD64-00501AA,1,10,PL,1973,仮,0,0,0,0,10,,,2,2,,,,
KD64-00502AA,1,10,PL,1973,仮,0,0,0,0,10,,,2,2,,,,
KD64-00503AB,1,10,HT,3072,仮,0,0,0,0,10,,,2,2,,,,
KD64-00770AA,1,10,PL,1973,仮,0,0,0,0,10,,,2,2,,,,
KD64-00901AB,1,10,PL,1973,仮,0,0,0,0,10,,,2,2,,,,
KD64-00910AA,1,10,PL,無し,仮,0,0,0,0,10,,,2,2,,,,
KD64-00910AB,1,10,PL,1973,仮,0,0,0,0,10,,,2,2,,,,
KD64-00917AB,1,10,PL,1973,仮,0,0,0,0,10,,,2,2,,,,
KD64-01617AA,1,10,AO（無）,無し,仮,0,0,0,0,10,,,2,2,,,,
KD64-01617AB,1,10,AO（無）,無し,仮,0,0,0,0,10,,,2,2,,,,
KD64-01617AC,1,10,AO（無）,無し,仮,0,0,0,0,10,,,2,2,,,,
KD64-01617AD,1,10,AO（無）,1042,仮,0,0,0,0,10,,,2,2,,,,
KD64-01617AE,1,10,AO（無）,1042,仮,0,0,0,0,10,,,2,2,,,,
KD64-01617BA,1,10,AO（無）,無し,仮,0,0,0,0,10,,,2,2,,,,
KD64-01617BB,1,10,AO（無）,無し,仮,0,0,0,0,10,,,2,2,,,,
KD64-01617BC,1,10,AO（無）,無し,仮,0,0,0,0,10,,,2,2,,,,
KD64-01617BD,1,10,AO（無）,1042,仮,0,0,0,0,10,,,2,2,,,,
KD64-01617BE,1,10,AO（無）,1042,仮,0,0,0,0,10,,,2,2,,,,
KD64-01617CA,1,10,AO（無）,無し,仮,0,0,0,0,10,,,2,2,,,,
KD64-01617CB,1,10,AO（無）,1042,仮,0,0,25,0,10,,,2,2,,,,
KD64-01617CC,1,10,AO（無）,1042,仮,0,0,25,0,10,,,2,2,,,,
KD64-01617DA,1,10,AO（無）,1042,仮,0,0,0,0,10,,,2,2,,,,
KD64-01617DB,1,10,AO（無）,1042,仮,0,0,0,0,10,,,2,2,,,,
KD64-01617EA,1,10,AO（無）,1042,仮,0,0,0,0,10,,,2,2,,,,
KD64-01617EB,1,10,AO（無）,1042,仮,0,0,0,0,10,,,2,2,,,,
KD64-01617FA,1,10,AO（無）,1042,仮,0,0,0,0,10,,,2,2,,,,
KD64-01617GA,1,10,AO（無）,1042,仮,0,0,0,0,10,,,2,2,,,,
KD64-01704CC,1,10,PL,3999,仮,0,0,0,0,10,,,2,2,,,,
KD65-00901AB,1,10,HT,3830,仮,0,0,0,0,10,,,2,2,,,,
KF11-002AA,1,10,HT,1592,仮,0,0,0,0,10,,,2,2,,,,
KF11-003AA,1,10,HT,1592,仮,0,0,0,0,10,,,2,2,,,,
KF11-00401AA,1,10,PA,9999,仮,0,0,25,0,10,,,2,2,,,,
KF11-00401AB,1,10,PA,3406,仮,0,0,25,0,10,,,2,2,,,,
KF11-00401AC,1,10,PA,3406,仮,0,0,20,0,10,,,2,2,,,,
KF11-00403AA,1,10,PA,9999,仮,0,0,25,0,10,,,2,2,,,,
KF11-00403AB,1,10,PA,3406,仮,0,0,25,0,10,,,2,2,,,,
KF11-00403BA,1,10,PA,3406,仮,0,0,30,0,10,,,2,2,,,,
KF11-00403CA,1,10,PA,3406,仮,0,0,20,0,10,,,2,2,,,,
KF11-00405AA,1,10,PA,3406,仮,0,0,25,0,10,,,2,2,,,,
KF11-01101AA,1,10,MC,3224,仮,0,0,25,0,10,,,2,2,,,,
KF11-01101BA,1,10,MC,3224,仮,0,0,25,0,10,,,2,2,,,,
KF12-00201DA38,1,10,PA,9999,仮,0,0,0,0,10,,,2,2,,,,
KF12-00202DA38,1,10,PA,9999,仮,0,0,0,0,10,,,2,2,,,,
KF12-002AA38,1,10,PA,9999,仮,0,0,0,0,10,,,2,2,,,,
KF12-002BA38,1,10,PA,9999,仮,0,0,0,0,10,,,2,2,,,,
KF12-002CA38,1,10,PA,3406,仮,0,0,0,0,10,,,2,2,,,,
KF12-002DA30,1,10,PA,3406,仮,0,0,0,0,10,,,2,2,,,,
KF12-002DA38,1,10,PA,3406,仮,0,0,0,0,10,,,2,2,,,,
KF12-002EA30,1,10,PA,3406,仮,0,0,0,0,10,,,2,2,,,,
KF12-002EA38,1,10,PA,3406,仮,0,0,0,0,10,,,2,2,,,,
KF12-002EB30,1,10,PA,3406,仮,0,0,0,0,10,,,2,2,,,,
KF12-002EB38,1,10,PA,3406,仮,0,0,0,0,10,,,2,2,,,,
KF12-002FA38,1,10,PA,3406,仮,0,0,0,0,10,,,2,2,,,,
KF12-002FB38,1,10,PA,3406,仮,0,0,0,0,10,,,2,2,,,,
KF12-002GA38,1,10,PA,3406,仮,0,0,0,0,10,,,2,2,,,,
KF12-002HA30,1,10,PA,3406,仮,0,0,0,0,10,,,2,2,,,,
KF12-002JA30,1,10,PA,3406,仮,0,0,0,0,10,,,2,2,,,,
KF12-002JA38,1,10,PA,3406,仮,0,0,0,0,10,,,2,2,,,,
KF12-00301AA,1,10,PA,3406,仮,0,0,10,0,10,,,2,2,,,,
KF12-00301BA,1,10,PA,3406,仮,0,0,0,0,10,,,2,2,,,,
KF12-00302AA,1,10,PA,3406,仮,0,0,10,0,10,,,2,2,,,,
KF12-00302BA,1,10,PA,3406,仮,0,0,10,0,10,,,2,2,,,,
KF12-00305AA,1,10,PA,3406,仮,0,0,30,0,10,,,2,2,,,,
KF12-00306AA,1,10,PA,3406,仮,0,0,30,0,10,,,2,2,,,,
KF12-00306BA,1,10,PA,3406,仮,0,0,30,0,10,,,2,2,,,,
KF12-00401AA30,1,10,PA,3406,仮,0,0,0,0,10,,,2,2,,,,
KF12-00401AA38,1,10,PA,3406,仮,0,0,0,0,10,,,2,2,,,,
KF12-00401AB30,1,10,PA,3406,仮,0,0,0,0,10,,,2,2,,,,
KF12-00401AB38,1,10,PA,3406,仮,0,0,0,0,10,,,2,2,,,,
KF12-00401BA30,1,10,PA,3406,仮,0,0,0,0,10,,,2,2,,,,
KF12-00401BB30,1,10,PA,3406,仮,0,0,0,0,10,,,2,2,,,,
KF12-00401BB38,1,10,PA,3406,仮,0,0,0,0,10,,,2,2,,,,
KF12-00401BC30,1,10,PA,3406,仮,0,0,0,0,10,,,2,2,,,,
KF12-00401BC38,1,10,PA,3406,仮,0,0,0,0,10,,,2,2,,,,
KF12-00401CB30,1,10,PA,3406,仮,0,0,20,0,10,,,2,2,,,,
KF12-00401CB38,1,10,PA,3406,仮,0,0,20,0,10,,,2,2,,,,
KF12-00401CC30,1,10,PA,3406,仮,0,0,0,0,10,,,2,2,,,,
KF12-00401CC38,1,10,PA,3406,仮,0,0,0,0,10,,,2,2,,,,
KF12-00401CD30,1,10,PA,3406,仮,0,0,0,0,10,,,2,2,,,,
KF12-00401CD38,1,10,PA,3406,仮,0,0,0,0,10,,,2,2,,,,
KF12-00401DA38,1,10,PA,3406,仮,0,0,0,0,10,,,2,2,,,,
KF12-00401DB38,1,10,PA,3406,仮,0,0,0,0,10,,,2,2,,,,
KF12-00401EA38,1,10,PA,3406,仮,0,0,0,0,10,,,2,2,,,,
KF12-00401EB38,1,10,PA,3406,仮,0,0,0,0,10,,,2,2,,,,
KF12-00401FA38,1,10,PA,3406,仮,0,0,0,0,10,,,2,2,,,,
KF12-00401FB38,1,10,PA,3406,仮,0,0,0,0,10,,,2,2,,,,
KF12-00401GA30,1,10,PA,3406,仮,0,0,0,0,10,,,2,2,,,,
KF12-00401GA34,1,10,PA,3406,仮,0,0,0,0,10,,,2,2,,,,
KF12-00401GB30,1,10,PA,3406,仮,0,0,0,0,10,,,2,2,,,,
KF12-00401GB34,1,10,PA,3406,仮,0,0,0,0,10,,,2,2,,,,
KF12-00401GC30,1,10,PA,3406,仮,0,0,0,0,10,,,2,2,,,,
KF12-00401HA30,1,10,PA,3406,仮,0,0,0,0,10,,,2,2,,,,
KF12-00401HB30,1,10,PA,3406,仮,0,0,0,0,10,,,2,2,,,,
KF12-00401HC30,1,10,PA,3406,仮,0,0,0,0,10,,,2,2,,,,
KF12-00401JA30,1,10,PA,3406,仮,0,0,0,0,10,,,2,2,,,,
KF12-00401JB30,1,10,PA,3406,仮,0,0,0,0,10,,,2,2,,,,
KF12-00401KA30,1,10,PA,3406,仮,0,0,0,0,10,,,2,2,,,,
KF12-00401KA36,1,10,PA,3406,仮,0,0,0,0,10,,,2,2,,,,
KF12-00401KA42,1,10,PA,3406,仮,0,0,0,0,10,,,2,2,,,,
KF12-00401KB30,1,10,PA,3406,仮,0,0,0,0,10,,,2,2,,,,
KF12-00401KB36,1,10,PA,3406,仮,0,0,0,0,10,,,2,2,,,,
KF12-00401LA38,1,10,PA,3406,仮,0,0,0,0,10,,,2,2,,,,
KF12-00401MA38,1,10,PA,3406,仮,0,0,0,0,10,,,2,2,,,,
KF12-00402AA30,1,10,PA,3406,仮,0,0,0,0,10,,,2,2,,,,
KF12-00402AA38,1,10,PA,3406,仮,0,0,0,0,10,,,2,2,,,,
KF12-00402AB30,1,10,PA,3406,仮,0,0,0,0,10,,,2,2,,,,
KF12-00402AB38,1,10,PA,3406,仮,0,0,0,0,10,,,2,2,,,,
KF12-00402BA30,1,10,PA,3406,仮,0,0,0,0,10,,,2,2,,,,
KF12-00402BB30,1,10,PA,3406,仮,0,0,0,0,10,,,2,2,,,,
KF12-00402BB38,1,10,PA,3406,仮,0,0,0,0,10,,,2,2,,,,
KF12-00402BC30,1,10,PA,3406,仮,0,0,0,0,10,,,2,2,,,,
KF12-00402BC38,1,10,PA,3406,仮,0,0,0,0,10,,,2,2,,,,
KF12-00402CB30,1,10,PA,3406,仮,0,0,0,0,10,,,2,2,,,,
KF12-00402CB38,1,10,PA,3406,仮,0,0,0,0,10,,,2,2,,,,
KF12-00402CC30,1,10,PA,3406,仮,0,0,0,0,10,,,2,2,,,,
KF12-00402CC38,1,10,PA,3406,仮,0,0,0,0,10,,,2,2,,,,
KF12-00402CD30,1,10,PA,3406,仮,0,0,0,0,10,,,2,2,,,,
KF12-00402CD38,1,10,PA,3406,仮,0,0,0,0,10,,,2,2,,,,
KF12-00402DA38,1,10,PA,3406,仮,0,0,0,0,10,,,2,2,,,,
KF12-00402DB38,1,10,PA,3406,仮,0,0,0,0,10,,,2,2,,,,
KF12-00402EA38,1,10,PA,3406,仮,0,0,0,0,10,,,2,2,,,,
KF12-00402EB38,1,10,PA,3406,仮,0,0,0,0,10,,,2,2,,,,
KF12-00402FA38,1,10,PA,3406,仮,0,0,0,0,10,,,2,2,,,,
KF12-00402FB38,1,10,PA,3406,仮,0,0,0,0,10,,,2,2,,,,
KF12-00402GA30,1,10,PA,3406,仮,0,0,0,0,10,,,2,2,,,,
KF12-00402GA34,1,10,PA,3406,仮,0,0,0,0,10,,,2,2,,,,
KF12-00402GB30,1,10,PA,3406,仮,0,0,0,0,10,,,2,2,,,,
KF12-00402GB34,1,10,PA,3406,仮,0,0,0,0,10,,,2,2,,,,
KF12-00402GC30,1,10,PA,3406,仮,0,0,0,0,10,,,2,2,,,,
KF12-00402HA30,1,10,PA,3406,仮,0,0,0,0,10,,,2,2,,,,
KF12-00402HB30,1,10,PA,3406,仮,0,0,0,0,10,,,2,2,,,,
KF12-00402HC30,1,10,PA,3406,仮,0,0,0,0,10,,,2,2,,,,
KF12-00402JA30,1,10,PA,3406,仮,0,0,0,0,10,,,2,2,,,,
KF12-00402JB30,1,10,PA,3406,仮,0,0,0,0,10,,,2,2,,,,
KF12-00402KA30,1,10,PA,3406,仮,0,0,0,0,10,,,2,2,,,,
KF12-00402KA36,1,10,PA,3406,仮,0,0,0,0,10,,,2,2,,,,
KF12-00402KA42,1,10,PA,3406,仮,0,0,0,0,10,,,2,2,,,,
KF12-00402KB30,1,10,PA,3406,仮,0,0,0,0,10,,,2,2,,,,
KF12-00402KB36,1,10,PA,3406,仮,0,0,0,0,10,,,2,2,,,,
KF12-00402LA38,1,10,PA,3406,仮,0,0,0,0,10,,,2,2,,,,
KF12-00402MA38,1,10,PA,3406,仮,0,0,0,0,10,,,2,2,,,,
KF12-00403AA30,1,10,PA,3406,仮,0,0,0,0,10,,,2,2,,,,
KF12-00403AA38,1,10,PA,3406,仮,0,0,0,0,10,,,2,2,,,,
KF12-00403AB30,1,10,PA,3406,仮,0,0,0,0,10,,,2,2,,,,
KF12-00403AB38,1,10,PA,3406,仮,0,0,0,0,10,,,2,2,,,,
KF12-00403BA30,1,10,PA,3406,仮,0,0,0,0,10,,,2,2,,,,
KF12-00403BB30,1,10,PA,3406,仮,0,0,0,0,10,,,2,2,,,,
KF12-00403BB38,1,10,PA,3406,仮,0,0,0,0,10,,,2,2,,,,
KF12-00403BC30,1,10,PA,3406,仮,0,0,0,0,10,,,2,2,,,,
KF12-00403BC38,1,10,PA,3406,仮,0,0,0,0,10,,,2,2,,,,
KF12-00403CB30,1,10,PA,3406,仮,0,0,0,0,10,,,2,2,,,,
KF12-00403CB38,1,10,PA,3406,仮,0,0,0,0,10,,,2,2,,,,
KF12-00403CC30,1,10,PA,3406,仮,0,0,0,0,10,,,2,2,,,,
KF12-00403CC38,1,10,PA,3406,仮,0,0,0,0,10,,,2,2,,,,
KF12-00403CD30,1,10,PA,3406,仮,0,0,0,0,10,,,2,2,,,,
KF12-00403CD38,1,10,PA,3406,仮,0,0,0,0,10,,,2,2,,,,
KF12-00403DA38,1,10,PA,3406,仮,0,0,0,0,10,,,2,2,,,,
KF12-00403DB38,1,10,PA,3406,仮,0,0,0,0,10,,,2,2,,,,
KF12-00403EA38,1,10,PA,3406,仮,0,0,0,0,10,,,2,2,,,,
KF12-00403EB38,1,10,PA,3406,仮,0,0,0,0,10,,,2,2,,,,
KF12-00403FA38,1,10,PA,3406,仮,0,0,0,0,10,,,2,2,,,,
KF12-00403FB38,1,10,PA,3406,仮,0,0,0,0,10,,,2,2,,,,
KF12-00403GA30,1,10,PA,3406,仮,0,0,0,0,10,,,2,2,,,,
KF12-00403GA34,1,10,PA,3406,仮,0,0,0,0,10,,,2,2,,,,
KF12-00403GB30,1,10,PA,3406,仮,0,0,0,0,10,,,2,2,,,,
KF12-00403GB34,1,10,PA,3406,仮,0,0,0,0,10,,,2,2,,,,
KF12-00403GC30,1,10,PA,3406,仮,0,0,0,0,10,,,2,2,,,,
KF12-00403HA30,1,10,PA,3406,仮,0,0,0,0,10,,,2,2,,,,
KF12-00403HB30,1,10,PA,3406,仮,0,0,0,0,10,,,2,2,,,,
KF12-00403HC30,1,10,PA,3406,仮,0,0,0,0,10,,,2,2,,,,
KF12-00403JA30,1,10,PA,3406,仮,0,0,0,0,10,,,2,2,,,,
KF12-00403JB30,1,10,PA,3406,仮,0,0,0,0,10,,,2,2,,,,
KF12-00403KA30,1,10,PA,3406,仮,0,0,0,0,10,,,2,2,,,,
KF12-00403KA36,1,10,PA,3406,仮,0,0,0,0,10,,,2,2,,,,
KF12-00403KA42,1,10,PA,3406,仮,0,0,0,0,10,,,2,2,,,,
KF12-00403KB30,1,10,PA,3406,仮,0,0,0,0,10,,,2,2,,,,
KF12-00403KB36,1,10,PA,3406,仮,0,0,0,0,10,,,2,2,,,,
KF12-00403LA38,1,10,PA,3406,仮,0,0,0,0,10,,,2,2,,,,
KF12-00403MA38,1,10,PA,3406,仮,0,0,0,0,10,,,2,2,,,,
KF12-00404AA30,1,10,PA,3406,仮,0,0,0,0,10,,,2,2,,,,
KF12-00404AA38,1,10,PA,3406,仮,0,0,0,0,10,,,2,2,,,,
KF12-00404AB30,1,10,PA,3406,仮,0,0,0,0,10,,,2,2,,,,
KF12-00404AB38,1,10,PA,3406,仮,0,0,0,0,10,,,2,2,,,,
KF12-00404BA30,1,10,PA,3406,仮,0,0,0,0,10,,,2,2,,,,
KF12-00404BB30,1,10,PA,3406,仮,0,0,0,0,10,,,2,2,,,,
KF12-00404BB38,1,10,PA,3406,仮,0,0,0,0,10,,,2,2,,,,
KF12-00404BC30,1,10,PA,3406,仮,0,0,0,0,10,,,2,2,,,,
KF12-00404BC38,1,10,PA,3406,仮,0,0,0,0,10,,,2,2,,,,
KF12-00404CB30,1,10,PA,3406,仮,0,0,0,0,10,,,2,2,,,,
KF12-00404CB38,1,10,PA,3406,仮,0,0,0,0,10,,,2,2,,,,
KF12-00404CC30,1,10,PA,3406,仮,0,0,0,0,10,,,2,2,,,,
KF12-00404CC38,1,10,PA,3406,仮,0,0,0,0,10,,,2,2,,,,
KF12-00404CD30,1,10,PA,3406,仮,0,0,0,0,10,,,2,2,,,,
KF12-00404CD38,1,10,PA,3406,仮,0,0,0,0,10,,,2,2,,,,
KF12-00404DA38,1,10,PA,3406,仮,0,0,0,0,10,,,2,2,,,,
KF12-00404DB38,1,10,PA,3406,仮,0,0,0,0,10,,,2,2,,,,
KF12-00404EA38,1,10,PA,3406,仮,0,0,0,0,10,,,2,2,,,,
KF12-00404EB38,1,10,PA,3406,仮,0,0,0,0,10,,,2,2,,,,
KF12-00404FA38,1,10,PA,3406,仮,0,0,0,0,10,,,2,2,,,,
KF12-00404FB38,1,10,PA,3406,仮,0,0,0,0,10,,,2,2,,,,
KF12-00404GA30,1,10,PA,3406,仮,0,0,0,0,10,,,2,2,,,,
KF12-00404GA34,1,10,PA,3406,仮,0,0,0,0,10,,,2,2,,,,
KF12-00404GB30,1,10,PA,3406,仮,0,0,0,0,10,,,2,2,,,,
KF12-00404GB34,1,10,PA,3406,仮,0,0,0,0,10,,,2,2,,,,
KF12-00404GC30,1,10,PA,3406,仮,0,0,0,0,10,,,2,2,,,,
KF12-00404HA30,1,10,PA,3406,仮,0,0,0,0,10,,,2,2,,,,
KF12-00404HB30,1,10,PA,3406,仮,0,0,0,0,10,,,2,2,,,,
KF12-00404HC30,1,10,PA,3406,仮,0,0,0,0,10,,,2,2,,,,
KF12-00404JA30,1,10,PA,3406,仮,0,0,0,0,10,,,2,2,,,,
KF12-00404JB30,1,10,PA,3406,仮,0,0,0,0,10,,,2,2,,,,
KF12-00404KA30,1,10,PA,3406,仮,0,0,0,0,10,,,2,2,,,,
KF12-00404KA36,1,10,PA,3406,仮,0,0,0,0,10,,,2,2,,,,
KF12-00404KA42,1,10,PA,3406,仮,0,0,0,0,10,,,2,2,,,,
KF12-00404KB30,1,10,PA,3406,仮,0,0,0,0,10,,,2,2,,,,
KF12-00404KB36,1,10,PA,3406,仮,0,0,0,0,10,,,2,2,,,,
KF12-00404LA38,1,10,PA,3406,仮,0,0,0,0,10,,,2,2,,,,
KF12-00404MA38,1,10,PA,3406,仮,0,0,0,0,10,,,2,2,,,,
KF12-00405CA,1,10,PA,3406,仮,0,0,0,0,10,,,2,2,,,,
KF12-00405DA,1,10,PA,3406,仮,0,0,0,0,10,,,2,2,,,,
KF12-00405EA,1,10,PA,3406,仮,0,0,0,0,10,,,2,2,,,,
KF12-00405EB,1,10,PA,3406,仮,0,0,0,0,10,,,2,2,,,,
KF12-00501AAN38,1,10,AO（無）,1592,仮,0,0,0,0,10,,,2,2,,,,
KF12-00501AAN38,2,20,PA,3406,仮,0,0,0,0,10,,,2,2,,,,
KF12-00501AAP38,1,10,AO（無）,1592,仮,0,0,0,0,10,,,2,2,,,,
KF12-00501AAP38,2,20,PA,3406,仮,0,0,0,0,10,,,2,2,,,,
KF12-00501AAQ38,1,10,AO（無）,1592,仮,0,0,0,0,10,,,2,2,,,,
KF12-00501AAQ38,2,20,PA,3406,仮,0,0,0,0,10,,,2,2,,,,
KF12-00501ABN38,1,10,AO（無）,1592,仮,0,0,0,0,10,,,2,2,,,,
KF12-00501ABN38,2,20,PA,3406,仮,0,0,0,0,10,,,2,2,,,,
KF12-00501ABP38,1,10,AO（無）,1592,仮,0,0,0,0,10,,,2,2,,,,
KF12-00501ABP38,2,20,PA,3406,仮,0,0,0,0,10,,,2,2,,,,
KF12-00501ABQ38,1,10,AO（無）,1592,仮,0,0,0,0,10,,,2,2,,,,
KF12-00501ABQ38,2,20,PA,3406,仮,0,0,0,0,10,,,2,2,,,,
KF12-00501ABR38,1,10,AO（無）,1592,仮,0,0,0,0,10,,,2,2,,,,
KF12-00501ABR38,2,20,PA,3406,仮,0,0,0,0,10,,,2,2,,,,
KF12-00501ACN38,1,10,AO（無）,1592,仮,0,0,0,0,10,,,2,2,,,,
KF12-00501ACN38,2,20,PA,3406,仮,0,0,0,0,10,,,2,2,,,,
KF12-00501ACP38,1,10,AO（無）,1592,仮,0,0,0,0,10,,,2,2,,,,
KF12-00501ACP38,2,20,PA,3406,仮,0,0,0,0,10,,,2,2,,,,
KF12-00501ACQ38,1,10,AO（無）,1592,仮,0,0,0,0,10,,,2,2,,,,
KF12-00501ACQ38,2,20,PA,3406,仮,0,0,0,0,10,,,2,2,,,,
KF12-00501ACR38,1,10,AO（無）,1592,仮,0,0,0,0,10,,,2,2,,,,
KF12-00501ACR38,2,20,PA,3406,仮,0,0,0,0,10,,,2,2,,,,
KF12-00501BAN38,1,10,AO（無）,1592,仮,0,0,0,0,10,,,2,2,,,,
KF12-00501BAN38,2,20,PA,3406,仮,0,0,0,0,10,,,2,2,,,,
KF12-00501BAP38,1,10,AO（無）,1592,仮,0,0,0,0,10,,,2,2,,,,
KF12-00501BAP38,2,20,PA,3406,仮,0,0,0,0,10,,,2,2,,,,
KF12-00501BAQ38,1,10,AO（無）,1592,仮,0,0,0,0,10,,,2,2,,,,
KF12-00501BAQ38,2,20,PA,3406,仮,0,0,0,0,10,,,2,2,,,,
KF12-00501BAR38,1,10,AO（無）,1592,仮,0,0,0,0,10,,,2,2,,,,
KF12-00501BAR38,2,20,PA,3406,仮,0,0,0,0,10,,,2,2,,,,
KF12-00501BBN38,1,10,AO（無）,1592,仮,0,0,0,0,10,,,2,2,,,,
KF12-00501BBN38,2,20,PA,3406,仮,0,0,0,0,10,,,2,2,,,,
KF12-00501BBP38,1,10,AO（無）,1592,仮,0,0,0,0,10,,,2,2,,,,
KF12-00501BBP38,2,20,PA,3406,仮,0,0,0,0,10,,,2,2,,,,
KF12-00501BBQ38,1,10,AO（無）,1592,仮,0,0,0,0,10,,,2,2,,,,
KF12-00501BBQ38,2,20,PA,3406,仮,0,0,0,0,10,,,2,2,,,,
KF12-00501BBR38,1,10,AO（無）,1592,仮,0,0,0,0,10,,,2,2,,,,
KF12-00501BBR38,2,20,PA,3406,仮,0,0,0,0,10,,,2,2,,,,
KF12-00501CAN38,1,10,AO（無）,1592,仮,0,0,0,0,10,,,2,2,,,,
KF12-00501CAN38,2,20,PA,3406,仮,0,0,0,0,10,,,2,2,,,,
KF12-00501CAP38,1,10,AO（無）,1592,仮,0,0,0,0,10,,,2,2,,,,
KF12-00501CAP38,2,20,PA,3406,仮,0,0,0,0,10,,,2,2,,,,
KF12-00501CAQ38,1,10,AO（無）,1592,仮,0,0,0,0,10,,,2,2,,,,
KF12-00501CAQ38,2,20,PA,3406,仮,0,0,0,0,10,,,2,2,,,,
KF12-00501CAR38,1,10,AO（無）,1592,仮,0,0,0,0,10,,,2,2,,,,
KF12-00501CAR38,2,20,PA,3406,仮,0,0,0,0,10,,,2,2,,,,
KF12-00501CBN38,1,10,AO（無）,1592,仮,0,0,0,0,10,,,2,2,,,,
KF12-00501CBN38,2,20,PA,3406,仮,0,0,0,0,10,,,2,2,,,,
KF12-00501CBP38,1,10,AO（無）,1592,仮,0,0,0,0,10,,,2,2,,,,
KF12-00501CBP38,2,20,PA,3406,仮,0,0,0,0,10,,,2,2,,,,
KF12-00501CBQ38,1,10,AO（無）,1592,仮,0,0,0,0,10,,,2,2,,,,
KF12-00501CBQ38,2,20,PA,3406,仮,0,0,0,0,10,,,2,2,,,,
KF12-00501CBR38,1,10,AO（無）,1592,仮,0,0,0,0,10,,,2,2,,,,
KF12-00501CBR38,2,20,PA,3406,仮,0,0,0,0,10,,,2,2,,,,
KF12-00501DAN38,1,10,AO（無）,1592,仮,0,0,0,0,10,,,2,2,,,,
KF12-00501DAN38,2,20,PA,3406,仮,0,0,0,0,10,,,2,2,,,,
KF12-00501DAP38,1,10,AO（無）,1592,仮,0,0,0,0,10,,,2,2,,,,
KF12-00501DAP38,2,20,PA,3406,仮,0,0,0,0,10,,,2,2,,,,
KF12-00501DAQ38,1,10,AO（無）,1592,仮,0,0,0,0,10,,,2,2,,,,
KF12-00501DAQ38,2,20,PA,3406,仮,0,0,0,0,10,,,2,2,,,,
KF12-00501DBN38,1,10,AO（無）,1592,仮,0,0,0,0,10,,,2,2,,,,
KF12-00501DBN38,2,20,PA,3406,仮,0,0,0,0,10,,,2,2,,,,
KF12-00501DBP38,1,10,AO（無）,1592,仮,0,0,0,0,10,,,2,2,,,,
KF12-00501DBP38,2,20,PA,3406,仮,0,0,0,0,10,,,2,2,,,,
KF12-00501DBQ38,1,10,AO（無）,1592,仮,0,0,0,0,10,,,2,2,,,,
KF12-00501DBQ38,2,20,PA,3406,仮,0,0,0,0,10,,,2,2,,,,
KF12-00501DBR38,1,10,AO（無）,1592,仮,0,0,0,0,10,,,2,2,,,,
KF12-00501DBR38,2,20,PA,3406,仮,0,0,0,0,10,,,2,2,,,,
KF12-00501DCN38,1,10,AO（無）,1592,仮,0,0,0,0,10,,,2,2,,,,
KF12-00501DCN38,2,20,PA,3406,仮,0,0,0,0,10,,,2,2,,,,
KF12-00501DCP38,1,10,AO（無）,1592,仮,0,0,0,0,10,,,2,2,,,,
KF12-00501DCP38,2,20,PA,3406,仮,0,0,0,0,10,,,2,2,,,,
KF12-00501DCQ38,1,10,AO（無）,1592,仮,0,0,0,0,10,,,2,2,,,,
KF12-00501DCQ38,2,20,PA,3406,仮,0,0,0,0,10,,,2,2,,,,
KF12-00501DCR38,1,10,AO（無）,1592,仮,0,0,0,0,10,,,2,2,,,,
KF12-00501DCR38,2,20,PA,3406,仮,0,0,0,0,10,,,2,2,,,,
KF12-00501EA38,1,10,AO（無）,1592,仮,0,0,0,0,10,,,2,2,,,,
KF12-00501EA38,2,20,PA,3406,仮,0,0,0,0,10,,,2,2,,,,
KF12-00501EB38,1,10,AO（無）,1592,仮,0,0,0,0,10,,,2,2,,,,
KF12-00501EB38,2,20,PA,3406,仮,0,0,0,0,10,,,2,2,,,,
KF12-00501FA38,1,10,AO（無）,1592,仮,0,0,0,0,10,,,2,2,,,,
KF12-00501FA38,2,20,PA,3406,仮,0,0,0,0,10,,,2,2,,,,
KF12-00501FB38,1,10,AO（無）,1592,仮,0,0,0,0,10,,,2,2,,,,
KF12-00501FB38,2,20,PA,3406,仮,0,0,0,0,10,,,2,2,,,,
KF12-00501GA38,1,10,AO（無）,1592,仮,0,0,0,0,10,,,2,2,,,,
KF12-00501GA38,2,20,PA,3406,仮,0,0,0,0,10,,,2,2,,,,
KF12-00501GB38,1,10,AO（無）,1592,仮,0,0,0,0,10,,,2,2,,,,
KF12-00501GB38,2,20,PA,3406,仮,0,0,0,0,10,,,2,2,,,,
KF12-00501HA38,1,10,AO（無）,1592,仮,0,0,0,0,10,,,2,2,,,,
KF12-00501HA38,2,20,PA,3406,仮,0,0,0,0,10,,,2,2,,,,
KF12-00501HB38,1,10,AO（無）,1592,仮,0,0,0,0,10,,,2,2,,,,
KF12-00501HB38,2,20,PA,3406,仮,0,0,0,0,10,,,2,2,,,,
KF12-00502AA38,1,10,AO（無）,1592,仮,0,0,0,0,10,,,2,2,,,,
KF12-00502AA38,2,20,PA,3406,仮,0,0,0,0,10,,,2,2,,,,
KF12-00502AB38,1,10,AO（無）,1592,仮,0,0,0,0,10,,,2,2,,,,
KF12-00502AB38,2,20,PA,3406,仮,0,0,0,0,10,,,2,2,,,,
KF12-00502ABL38,1,10,AO（無）,1592,仮,0,0,0,0,10,,,2,2,,,,
KF12-00502ABL38,2,20,PA,3406,仮,0,0,0,0,10,,,2,2,,,,
KF12-00502BA38,1,10,AO（無）,1592,仮,0,0,0,0,10,,,2,2,,,,
KF12-00502BA38,2,20,PA,3406,仮,0,0,0,0,10,,,2,2,,,,
KF12-00502BB38,1,10,AO（無）,1592,仮,0,0,0,0,10,,,2,2,,,,
KF12-00502BB38,2,20,PA,3406,仮,0,0,0,0,10,,,2,2,,,,
KF12-00503AA38,1,10,AO（無）,1592,仮,0,0,0,0,10,,,2,2,,,,
KF12-00503AA38,2,20,PA,3406,仮,0,0,0,0,10,,,2,2,,,,
KF12-00503AAM38,1,10,AO（無）,1592,仮,0,0,0,0,10,,,2,2,,,,
KF12-00503AAM38,2,20,PA,3406,仮,0,0,0,0,10,,,2,2,,,,
KF12-00503AB38,1,10,AO（無）,1592,仮,0,0,0,0,10,,,2,2,,,,
KF12-00503AB38,2,20,PA,3406,仮,0,0,0,0,10,,,2,2,,,,
KF12-00503ABL38,1,10,AO（無）,1592,仮,0,0,0,0,10,,,2,2,,,,
KF12-00503ABL38,2,20,PA,3406,仮,0,0,0,0,10,,,2,2,,,,
KF12-00503ABM38,1,10,AO（無）,1592,仮,0,0,0,0,10,,,2,2,,,,
KF12-00503ABM38,2,20,PA,3406,仮,0,0,0,0,10,,,2,2,,,,
KF12-00504AA38,1,10,AO（無）,1592,仮,0,0,0,0,10,,,2,2,,,,
KF12-00504AA38,2,20,PA,3406,仮,0,0,0,0,10,,,2,2,,,,
KF12-00504AB38,1,10,AO（無）,1592,仮,0,0,0,0,10,,,2,2,,,,
KF12-00504AB38,2,20,PA,3406,仮,0,0,0,0,10,,,2,2,,,,
KF12-00504ABL38,1,10,AO（無）,1592,仮,0,0,0,0,10,,,2,2,,,,
KF12-00504ABL38,2,20,PA,3406,仮,0,0,0,0,10,,,2,2,,,,
KF12-00504BA38,1,10,AO（無）,1592,仮,0,0,0,0,10,,,2,2,,,,
KF12-00504BA38,2,20,PA,3406,仮,0,0,0,0,10,,,2,2,,,,
KF12-00504BB38,1,10,AO（無）,1592,仮,0,0,0,0,10,,,2,2,,,,
KF12-00504BB38,2,20,PA,3406,仮,0,0,0,0,10,,,2,2,,,,
KF12-00505AA38,1,10,AO（無）,1592,仮,0,0,0,0,10,,,2,2,,,,
KF12-00505AA38,2,20,PA,3406,仮,0,0,0,0,10,,,2,2,,,,
KF12-00505AAM38,1,10,AO（無）,1592,仮,0,0,0,0,10,,,2,2,,,,
KF12-00505AAM38,2,20,PA,3406,仮,0,0,0,0,10,,,2,2,,,,
KF12-00505AB38,1,10,AO（無）,1592,仮,0,0,0,0,10,,,2,2,,,,
KF12-00505AB38,2,20,PA,3406,仮,0,0,0,0,10,,,2,2,,,,
KF12-00505ABM38,1,10,AO（無）,1592,仮,0,0,0,0,10,,,2,2,,,,
KF12-00505ABM38,2,20,PA,3406,仮,0,0,0,0,10,,,2,2,,,,
KF12-00506AA38,1,10,AO（無）,1592,仮,0,0,0,0,10,,,2,2,,,,
KF12-00506AA38,2,20,PA,3406,仮,0,0,0,0,10,,,2,2,,,,
KF12-00506AAM38,1,10,AO（無）,1592,仮,0,0,0,0,10,,,2,2,,,,
KF12-00506AAM38,2,20,PA,3406,仮,0,0,0,0,10,,,2,2,,,,
KF12-00506AB38,1,10,AO（無）,1592,仮,0,0,0,0,10,,,2,2,,,,
KF12-00506AB38,2,20,PA,3406,仮,0,0,0,0,10,,,2,2,,,,
KF12-00506ABM38,1,10,AO（無）,1592,仮,0,0,0,0,10,,,2,2,,,,
KF12-00506ABM38,2,20,PA,3406,仮,0,0,0,0,10,,,2,2,,,,
KF12-00604JB30,1,10,PA,3406,仮,0,0,0,0,10,,,2,2,,,,
KF12-006BA30,1,10,PA,3406,仮,0,0,0,0,10,,,2,2,,,,
KF12-006DA30,1,10,PA,3406,仮,0,0,0,0,10,,,2,2,,,,
KF12-006DA38,1,10,PA,3406,仮,0,0,0,0,10,,,2,2,,,,
KF12-006DB30,1,10,PA,3406,仮,0,0,0,0,10,,,2,2,,,,
KF12-006DB38,1,10,PA,3406,仮,0,0,0,0,10,,,2,2,,,,
KF12-006DC30,1,10,PA,3406,仮,0,0,0,0,10,,,2,2,,,,
KF12-006EA30,1,10,PA,3406,仮,0,0,0,0,10,,,2,2,,,,
KF12-006EB30,1,10,PA,3406,仮,0,0,0,0,10,,,2,2,,,,
KF12-006FA38,1,10,PA,3406,仮,0,0,0,0,10,,,2,2,,,,
KF12-006FB38,1,10,PA,3406,仮,0,0,0,0,10,,,2,2,,,,
KF12-006GA30,1,10,PA,3406,仮,0,0,0,0,10,,,2,2,,,,
KF12-006GA38,1,10,PA,3406,仮,0,0,0,0,10,,,2,2,,,,
KF12-006GB30,1,10,PA,3406,仮,0,0,0,0,10,,,2,2,,,,
KF12-006GB38,1,10,PA,3406,仮,0,0,0,0,10,,,2,2,,,,
KF12-006HA38,1,10,PA,3406,仮,0,0,0,0,10,,,2,2,,,,
KF12-006HB38,1,10,PA,3406,仮,0,0,0,0,10,,,2,2,,,,
KF12-006JA30,1,10,PA,3406,仮,0,0,0,0,10,,,2,2,,,,
KF12-006JA38,1,10,PA,3406,仮,0,0,0,0,10,,,2,2,,,,
KF12-006JB30,1,10,PA,3406,仮,0,0,0,0,10,,,2,2,,,,
KF12-006JB38,1,10,PA,3406,仮,0,0,0,0,10,,,2,2,,,,
KF12-006KA30,1,10,PA,3406,仮,0,0,0,0,10,,,2,2,,,,
KF12-006KA38,1,10,PA,3406,仮,0,0,0,0,10,,,2,2,,,,
KF12-006KB38,1,10,PA,3406,仮,0,0,0,0,10,,,2,2,,,,
KF12-006LA30,1,10,PA,3406,仮,0,0,0,0,10,,,2,2,,,,
KF12-006LA38,1,10,PA,3406,仮,0,0,0,0,10,,,2,2,,,,
KF12-006LB30,1,10,PA,3406,仮,0,0,0,0,10,,,2,2,,,,
KF12-006MA38,1,10,PA,3406,仮,0,0,0,0,10,,,2,2,,,,
KF12-006NA38,1,10,PA,3406,仮,0,0,0,0,10,,,2,2,,,,
KF12-00701CA30,1,10,AO（無）,1592,仮,0,0,0,0,10,,,2,2,,,,
KF12-00701CA30,2,20,PA,3406,仮,0,0,0,0,10,,,2,2,,,,
KF12-00701CB30,1,10,AO（無）,1592,仮,0,0,0,0,10,,,2,2,,,,
KF12-00701CB30,2,20,PA,3406,仮,0,0,0,0,10,,,2,2,,,,
KF12-00701DA30,1,10,AO（無）,1592,仮,0,0,0,0,10,,,2,2,,,,
KF12-00701DA30,2,20,PA,3406,仮,0,0,0,0,10,,,2,2,,,,
KF12-00701DB30,1,10,AO（無）,1592,仮,0,0,0,0,10,,,2,2,,,,
KF12-00701DB30,2,20,PA,3406,仮,0,0,0,0,10,,,2,2,,,,
KF12-00701EA30,1,10,AO（無）,1592,仮,0,0,0,0,10,,,2,2,,,,
KF12-00701EA30,2,20,PA,3406,仮,0,0,0,0,10,,,2,2,,,,
KF12-00701EB30,1,10,AO（無）,1592,仮,0,0,0,0,10,,,2,2,,,,
KF12-00701EB30,2,20,PA,3406,仮,0,0,0,0,10,,,2,2,,,,
KF12-00701FA30,1,10,AO（無）,1592,仮,0,0,0,0,10,,,2,2,,,,
KF12-00701FA30,2,20,PA,3406,仮,0,0,0,0,10,,,2,2,,,,
KF12-00701FB30,1,10,AO（無）,1592,仮,0,0,0,0,10,,,2,2,,,,
KF12-00701FB30,2,20,PA,3406,仮,0,0,0,0,10,,,2,2,,,,
KF12-00701GA30,1,10,AO（無）,1592,仮,0,0,0,0,10,,,2,2,,,,
KF12-00701GA30,2,20,PA,3406,仮,0,0,0,0,10,,,2,2,,,,
KF12-00701GB30,1,10,AO（無）,1592,仮,0,0,0,0,10,,,2,2,,,,
KF12-00701GB30,2,20,PA,3406,仮,0,0,0,0,10,,,2,2,,,,
KF12-00801AA30,1,10,AO（無）,1592,仮,0,0,0,0,10,,,2,2,,,,
KF12-00801AA30,2,20,PA,3406,仮,0,0,0,0,10,,,2,2,,,,
KF12-00801AA34,1,10,AO（無）,1592,仮,0,0,0,0,10,,,2,2,,,,
KF12-00801AA34,2,20,PA,3406,仮,0,0,0,0,10,,,2,2,,,,
KF12-00801AA38,1,10,AO（無）,3784,仮,0,0,0,0,10,,,2,2,,,,
KF12-00801AA38,2,20,PA,3406,仮,0,0,0,0,10,,,2,2,,,,
KF12-00801AB30,1,10,AO（無）,1592,仮,0,0,0,0,10,,,2,2,,,,
KF12-00801AB30,2,20,PA,3406,仮,0,0,0,0,10,,,2,2,,,,
KF12-00801AB34,1,10,AO（無）,3784,仮,0,0,0,0,10,,,2,2,,,,
KF12-00801AB34,2,20,PA,3406,仮,0,0,0,0,10,,,2,2,,,,
KF12-00801AC30,1,10,AO（無）,1592,仮,0,0,0,0,10,,,2,2,,,,
KF12-00801AC30,2,20,PA,3406,仮,0,0,0,0,10,,,2,2,,,,
KF12-00801AD30,1,10,AO（無）,3784,仮,0,0,0,0,10,,,2,2,,,,
KF12-00801AD30,2,20,PA,3406,仮,0,0,0,0,10,,,2,2,,,,
KF12-00801BA30,1,10,AO（無）,1592,仮,0,0,0,0,10,,,2,2,,,,
KF12-00801BA30,2,20,PA,3406,仮,0,0,0,0,10,,,2,2,,,,
KF12-00801BB30,1,10,AO（無）,1592,仮,0,0,0,0,10,,,2,2,,,,
KF12-00801BB30,2,20,PA,3406,仮,0,0,0,0,10,,,2,2,,,,
KF12-00801CA30,1,10,AO（無）,1592,仮,0,0,0,0,10,,,2,2,,,,
KF12-00801CA30,2,20,PA,3406,仮,0,0,0,0,10,,,2,2,,,,
KF12-00801CB30,1,10,AO（無）,1592,仮,0,0,0,0,10,,,2,2,,,,
KF12-00801CB30,2,20,PA,3406,仮,0,0,0,0,10,,,2,2,,,,
KF12-00801DA30,1,10,AO（無）,1592,仮,0,0,0,0,10,,,2,2,,,,
KF12-00801DA30,2,20,PA,3406,仮,0,0,0,0,10,,,2,2,,,,
KF12-00801DB30,1,10,AO（無）,1592,仮,0,0,0,0,10,,,2,2,,,,
KF12-00801DB30,2,20,PA,3406,仮,0,0,0,0,10,,,2,2,,,,
KF12-00802AA30,1,10,AO（無）,1592,仮,0,0,0,0,10,,,2,2,,,,
KF12-00802AA30,2,20,PA,3406,仮,0,0,0,0,10,,,2,2,,,,
KF12-00802AA34,1,10,AO（無）,1592,仮,0,0,0,0,10,,,2,2,,,,
KF12-00802AA34,2,20,PA,3406,仮,0,0,0,0,10,,,2,2,,,,
KF12-00802AA38,1,10,AO（無）,3784,仮,0,0,0,0,10,,,2,2,,,,
KF12-00802AA38,2,20,PA,3406,仮,0,0,0,0,10,,,2,2,,,,
KF12-00802AB30,1,10,AO（無）,1592,仮,0,0,0,0,10,,,2,2,,,,
KF12-00802AB30,2,20,PA,3406,仮,0,0,0,0,10,,,2,2,,,,
KF12-00802AB34,1,10,AO（無）,3784,仮,0,0,0,0,10,,,2,2,,,,
KF12-00802AB34,2,20,PA,3406,仮,0,0,0,0,10,,,2,2,,,,
KF12-00802AC30,1,10,AO（無）,1592,仮,0,0,0,0,10,,,2,2,,,,
KF12-00802AC30,2,20,PA,3406,仮,0,0,0,0,10,,,2,2,,,,
KF12-00802AD30,1,10,AO（無）,3784,仮,0,0,0,0,10,,,2,2,,,,
KF12-00802AD30,2,20,PA,3406,仮,0,0,0,0,10,,,2,2,,,,
KF12-00802BA30,1,10,AO（無）,1592,仮,0,0,0,0,10,,,2,2,,,,
KF12-00802BA30,2,20,PA,3406,仮,0,0,0,0,10,,,2,2,,,,
KF12-00802BB30,1,10,AO（無）,1592,仮,0,0,0,0,10,,,2,2,,,,
KF12-00802BB30,2,20,PA,3406,仮,0,0,0,0,10,,,2,2,,,,
KF12-00802CA30,1,10,AO（無）,1592,仮,0,0,0,0,10,,,2,2,,,,
KF12-00802CA30,2,20,PA,3406,仮,0,0,0,0,10,,,2,2,,,,
KF12-00802CB30,1,10,AO（無）,1592,仮,0,0,0,0,10,,,2,2,,,,
KF12-00802CB30,2,20,PA,3406,仮,0,0,0,0,10,,,2,2,,,,
KF12-00802DA30,1,10,AO（無）,1592,仮,0,0,0,0,10,,,2,2,,,,
KF12-00802DA30,2,20,PA,3406,仮,0,0,0,0,10,,,2,2,,,,
KF12-00802DB30,1,10,AO（無）,1592,仮,0,0,0,0,10,,,2,2,,,,
KF12-00802DB30,2,20,PA,3406,仮,0,0,0,0,10,,,2,2,,,,
KF12-00803AA30,1,10,AO（無）,1592,仮,0,0,0,0,10,,,2,2,,,,
KF12-00803AA30,2,20,PA,3406,仮,0,0,0,0,10,,,2,2,,,,
KF12-00803AA34,1,10,AO（無）,1592,仮,0,0,0,0,10,,,2,2,,,,
KF12-00803AA34,2,20,PA,3406,仮,0,0,0,0,10,,,2,2,,,,
KF12-00803AA38,1,10,AO（無）,3784,仮,0,0,0,0,10,,,2,2,,,,
KF12-00803AA38,2,20,PA,3406,仮,0,0,0,0,10,,,2,2,,,,
KF12-00803AB30,1,10,AO（無）,1592,仮,0,0,0,0,10,,,2,2,,,,
KF12-00803AB30,2,20,PA,3406,仮,0,0,0,0,10,,,2,2,,,,
KF12-00803AB34,1,10,AO（無）,3784,仮,0,0,0,0,10,,,2,2,,,,
KF12-00803AB34,2,20,PA,3406,仮,0,0,0,0,10,,,2,2,,,,
KF12-00803AC30,1,10,AO（無）,1592,仮,0,0,0,0,10,,,2,2,,,,
KF12-00803AC30,2,20,PA,3406,仮,0,0,0,0,10,,,2,2,,,,
KF12-00803AD30,1,10,AO（無）,3784,仮,0,0,0,0,10,,,2,2,,,,
KF12-00803AD30,2,20,PA,3406,仮,0,0,0,0,10,,,2,2,,,,
KF12-00803BA30,1,10,AO（無）,1592,仮,0,0,0,0,10,,,2,2,,,,
KF12-00803BA30,2,20,PA,3406,仮,0,0,0,0,10,,,2,2,,,,
KF12-00803BB30,1,10,AO（無）,1592,仮,0,0,0,0,10,,,2,2,,,,
KF12-00803BB30,2,20,PA,3406,仮,0,0,0,0,10,,,2,2,,,,
KF12-00803CA30,1,10,AO（無）,1592,仮,0,0,0,0,10,,,2,2,,,,
KF12-00803CA30,2,20,PA,3406,仮,0,0,0,0,10,,,2,2,,,,
KF12-00803CB30,1,10,AO（無）,1592,仮,0,0,0,0,10,,,2,2,,,,
KF12-00803CB30,2,20,PA,3406,仮,0,0,0,0,10,,,2,2,,,,
KF12-00803DA30,1,10,AO（無）,1592,仮,0,0,0,0,10,,,2,2,,,,
KF12-00803DA30,2,20,PA,3406,仮,0,0,0,0,10,,,2,2,,,,
KF12-00803DB30,1,10,AO（無）,1592,仮,0,0,0,0,10,,,2,2,,,,
KF12-00803DB30,2,20,PA,3406,仮,0,0,0,0,10,,,2,2,,,,
KF12-00804AA30,1,10,AO（無）,1592,仮,0,0,0,0,10,,,2,2,,,,
KF12-00804AA30,2,20,PA,3406,仮,0,0,0,0,10,,,2,2,,,,
KF12-00804AA34,1,10,AO（無）,1592,仮,0,0,0,0,10,,,2,2,,,,
KF12-00804AA34,2,20,PA,3406,仮,0,0,0,0,10,,,2,2,,,,
KF12-00804AA38,1,10,AO（無）,3784,仮,0,0,0,0,10,,,2,2,,,,
KF12-00804AA38,2,20,PA,3406,仮,0,0,0,0,10,,,2,2,,,,
KF12-00804AB30,1,10,AO（無）,1592,仮,0,0,0,0,10,,,2,2,,,,
KF12-00804AB30,2,20,PA,3406,仮,0,0,0,0,10,,,2,2,,,,
KF12-00804AB34,1,10,AO（無）,3784,仮,0,0,0,0,10,,,2,2,,,,
KF12-00804AB34,2,20,PA,3406,仮,0,0,0,0,10,,,2,2,,,,
KF12-00804AC30,1,10,AO（無）,1592,仮,0,0,0,0,10,,,2,2,,,,
KF12-00804AC30,2,20,PA,3406,仮,0,0,0,0,10,,,2,2,,,,
KF12-00804AD30,1,10,AO（無）,3784,仮,0,0,0,0,10,,,2,2,,,,
KF12-00804AD30,2,20,PA,3406,仮,0,0,0,0,10,,,2,2,,,,
KF12-00804BA30,1,10,AO（無）,1592,仮,0,0,0,0,10,,,2,2,,,,
KF12-00804BA30,2,20,PA,3406,仮,0,0,0,0,10,,,2,2,,,,
KF12-00804BB30,1,10,AO（無）,1592,仮,0,0,0,0,10,,,2,2,,,,
KF12-00804BB30,2,20,PA,3406,仮,0,0,0,0,10,,,2,2,,,,
KF12-00804CA30,1,10,AO（無）,1592,仮,0,0,0,0,10,,,2,2,,,,
KF12-00804CA30,2,20,PA,3406,仮,0,0,0,0,10,,,2,2,,,,
KF12-00804CB30,1,10,AO（無）,1592,仮,0,0,0,0,10,,,2,2,,,,
KF12-00804CB30,2,20,PA,3406,仮,0,0,0,0,10,,,2,2,,,,
KF12-00804DA30,1,10,AO（無）,1592,仮,0,0,0,0,10,,,2,2,,,,
KF12-00804DA30,2,20,PA,3406,仮,0,0,0,0,10,,,2,2,,,,
KF12-00804DB30,1,10,AO（無）,1592,仮,0,0,0,0,10,,,2,2,,,,
KF12-00804DB30,2,20,PA,3406,仮,0,0,0,0,10,,,2,2,,,,
KF12-00809AA,1,10,PA,3406,仮,0,0,20,0,10,,,2,2,,,,
KF12-00901AB30,1,10,PA,3406,仮,0,0,25,0,10,,,2,2,,,,
KF12-00901AB36,1,10,PA,3406,仮,0,0,20,0,10,,,2,2,,,,
KF12-00901AB42,1,10,PA,3406,仮,0,0,20,0,10,,,2,2,,,,
KF12-00901BAL30,1,10,AO（無）,1592,仮,0,0,0,0,10,,,2,2,,,,
KF12-00901BAL30,2,20,PA,3406,仮,0,0,0,0,10,,,2,2,,,,
KF12-00901BAL36,1,10,AO（無）,1592,仮,0,0,0,0,10,,,2,2,,,,
KF12-00901BAL36,2,20,PA,3406,仮,0,0,0,0,10,,,2,2,,,,
KF12-00901BBL36,1,10,AO（無）,3784,仮,0,0,0,0,10,,,2,2,,,,
KF12-00901BBL36,2,20,PA,1592,仮,0,0,0,0,10,,,2,2,,,,
KF12-00902AB30,1,10,PA,3406,仮,0,0,25,0,10,,,2,2,,,,
KF12-00902AB36,1,10,PA,3406,仮,0,0,20,0,10,,,2,2,,,,
KF12-00902AB42,1,10,PA,3406,仮,0,0,20,0,10,,,2,2,,,,
KF12-00902BAL30,1,10,AO（無）,1592,仮,0,0,0,0,10,,,2,2,,,,
KF12-00902BAL30,2,20,PA,3406,仮,0,0,0,0,10,,,2,2,,,,
KF12-00902BAL36,1,10,AO（無）,1592,仮,0,0,0,0,10,,,2,2,,,,
KF12-00902BAL36,2,20,PA,3406,仮,0,0,0,0,10,,,2,2,,,,
KF12-00902BBL36,1,10,AO（無）,3784,仮,0,0,0,0,10,,,2,2,,,,
KF12-00902BBL36,2,20,PA,1592,仮,0,0,0,0,10,,,2,2,,,,
KF12-00903AB30,1,10,PA,3406,仮,0,0,25,0,10,,,2,2,,,,
KF12-00903AB36,1,10,PA,3406,仮,0,0,20,0,10,,,2,2,,,,
KF12-00903AB42,1,10,PA,3406,仮,0,0,20,0,10,,,2,2,,,,
KF12-00903BAL30,1,10,AO（無）,1592,仮,0,0,0,0,10,,,2,2,,,,
KF12-00903BAL30,2,20,PA,3406,仮,0,0,0,0,10,,,2,2,,,,
KF12-00903BAL36,1,10,AO（無）,1592,仮,0,0,0,0,10,,,2,2,,,,
KF12-00903BAL36,2,20,PA,3406,仮,0,0,0,0,10,,,2,2,,,,
KF12-00903BBL36,1,10,AO（無）,3784,仮,0,0,0,0,10,,,2,2,,,,
KF12-00903BBL36,2,20,PA,1592,仮,0,0,0,0,10,,,2,2,,,,
KF12-00904AB30,1,10,PA,3406,仮,0,0,25,0,10,,,2,2,,,,
KF12-00904AB36,1,10,PA,3406,仮,0,0,20,0,10,,,2,2,,,,
KF12-00904AB42,1,10,PA,3406,仮,0,0,20,0,10,,,2,2,,,,
KF12-00904BAL30,1,10,AO（無）,1592,仮,0,0,0,0,10,,,2,2,,,,
KF12-00904BAL30,2,20,PA,3406,仮,0,0,0,0,10,,,2,2,,,,
KF12-00904BAL36,1,10,AO（無）,1592,仮,0,0,0,0,10,,,2,2,,,,
KF12-00904BAL36,2,20,PA,3406,仮,0,0,0,0,10,,,2,2,,,,
KF12-00904BBL36,1,10,AO（無）,3784,仮,0,0,0,0,10,,,2,2,,,,
KF12-00904BBL36,2,20,PA,1592,仮,0,0,0,0,10,,,2,2,,,,
KF12-01001AA30,1,10,AO（無）,3784,仮,0,0,0,0,10,,,2,2,,,,
KF12-01001AA30,2,20,PA,3406,仮,0,0,0,0,10,,,2,2,,,,
KF12-01001AA36,1,10,AO（無）,3784,仮,0,0,0,0,10,,,2,2,,,,
KF12-01001AA36,2,20,PA,3406,仮,0,0,0,0,10,,,2,2,,,,
KF12-01002AA30,1,10,AO（無）,3784,仮,0,0,0,0,10,,,2,2,,,,
KF12-01002AA30,2,20,PA,3406,仮,0,0,0,0,10,,,2,2,,,,
KF12-01002AA36,1,10,AO（無）,3784,仮,0,0,0,0,10,,,2,2,,,,
KF12-01002AA36,2,20,PA,3406,仮,0,0,0,0,10,,,2,2,,,,
KF12-01003AA30,1,10,AO（無）,3784,仮,0,0,0,0,10,,,2,2,,,,
KF12-01003AA30,2,20,PA,3406,仮,0,0,0,0,10,,,2,2,,,,
KF12-01003AA36,1,10,AO（無）,3784,仮,0,0,0,0,10,,,2,2,,,,
KF12-01003AA36,2,20,PA,3406,仮,0,0,0,0,10,,,2,2,,,,
KF12-01004AA30,1,10,AO（無）,3784,仮,0,0,0,0,10,,,2,2,,,,
KF12-01004AA30,2,20,PA,3406,仮,0,0,0,0,10,,,2,2,,,,
KF12-01004AA36,1,10,AO（無）,3784,仮,0,0,0,0,10,,,2,2,,,,
KF12-01004AA36,2,20,PA,3406,仮,0,0,0,0,10,,,2,2,,,,
KF12-01101EA30,1,10,PA,3406,仮,0,0,0,0,10,,,2,2,,,,
KF12-01101FA30,1,10,PA,3406,仮,0,0,0,0,10,,,2,2,,,,
KF12-01101GA30,1,10,PA,3406,仮,0,0,0,0,10,,,2,2,,,,
KF12-01601AA38,1,10,AO（無）,1592,仮,0,0,0,0,10,,,2,2,,,,
KF12-01601AA38,2,20,PA,3406,仮,0,0,0,0,10,,,2,2,,,,
KF12-01602AA38,1,10,AO（無）,1592,仮,0,0,0,0,10,,,2,2,,,,
KF12-01602AA38,2,20,PA,3406,仮,0,0,0,0,10,,,2,2,,,,
KF12-01603AA38,1,10,AO（無）,1592,仮,0,0,0,0,10,,,2,2,,,,
KF12-01603AA38,2,20,PA,3406,仮,0,0,0,0,10,,,2,2,,,,
KF12-01604AA38,1,10,AO（無）,1592,仮,0,0,0,0,10,,,2,2,,,,
KF12-01604AA38,2,20,PA,3406,仮,0,0,0,0,10,,,2,2,,,,
KF12-01701AA,1,10,PA,3406,仮,0,0,0,0,10,,,2,2,,,,
KF12-02301AA30,1,10,AO（無）,3784,仮,0,0,0,0,10,,,2,2,,,,
KF12-02301AA30,2,20,PA,3406,仮,0,0,0,0,10,,,2,2,,,,
KF12-02301AA30-5B,1,10,PA,3406,仮,0,0,20,0,10,,,2,2,,,,
KF12-02301AA36,1,10,AO（無）,3784,仮,0,0,0,0,10,,,2,2,,,,
KF12-02301AA36,2,20,PA,3406,仮,0,0,0,0,10,,,2,2,,,,
KF12-02301AA36-5B,1,10,PA,3406,仮,0,0,20,0,10,,,2,2,,,,
KF12-02301AA42,1,10,AO（無）,無し,仮,0,0,0,0,10,,,2,2,,,,
KF12-02301AA42,2,20,PA,無し,仮,0,0,0,0,10,,,2,2,,,,
KF12-02302AA30,1,10,AO（無）,3784,仮,0,0,0,0,10,,,2,2,,,,
KF12-02302AA30,2,20,PA,3406,仮,0,0,0,0,10,,,2,2,,,,
KF12-02302AA30-5B,1,10,PA,3406,仮,0,0,20,0,10,,,2,2,,,,
KF12-02302AA36,1,10,AO（無）,3784,仮,0,0,0,0,10,,,2,2,,,,
KF12-02302AA36,2,20,PA,3406,仮,0,0,0,0,10,,,2,2,,,,
KF12-02302AA36-5B,1,10,PA,3406,仮,0,0,20,0,10,,,2,2,,,,
KF12-02302AA42,1,10,AO（無）,無し,仮,0,0,0,0,10,,,2,2,,,,
KF12-02302AA42,2,20,PA,無し,仮,0,0,0,0,10,,,2,2,,,,
KF12-02303AA30,1,10,AO（無）,3784,仮,0,0,0,0,10,,,2,2,,,,
KF12-02303AA30,2,20,PA,3406,仮,0,0,0,0,10,,,2,2,,,,
KF12-02303AA36,1,10,AO（無）,3784,仮,0,0,0,0,10,,,2,2,,,,
KF12-02303AA36,2,20,PA,3406,仮,0,0,0,0,10,,,2,2,,,,
KF12-02303AA42,1,10,AO（無）,無し,仮,0,0,0,0,10,,,2,2,,,,
KF12-02303AA42,2,20,PA,無し,仮,0,0,0,0,10,,,2,2,,,,
KF12-02304AA30,1,10,AO（無）,3784,仮,0,0,0,0,10,,,2,2,,,,
KF12-02304AA30,2,20,PA,3406,仮,0,0,0,0,10,,,2,2,,,,
KF12-02304AA36,1,10,AO（無）,3784,仮,0,0,0,0,10,,,2,2,,,,
KF12-02304AA36,2,20,PA,3406,仮,0,0,0,0,10,,,2,2,,,,
KF12-02304AA42,1,10,AO（無）,無し,仮,0,0,0,0,10,,,2,2,,,,
KF12-02304AA42,2,20,PA,無し,仮,0,0,0,0,10,,,2,2,,,,
KF15-00107AA,1,10,PA,3406,仮,0,0,30,0,10,,,2,2,,,,
KF15-00109AA,1,10,PA,3406,仮,0,0,30,0,10,,,2,2,,,,
KF15-00110AA,1,10,PA,3406,仮,0,0,30,0,10,,,2,2,,,,
KF20-00203AA1333,1,10,PA,無し,仮,0,0,0,0,10,,,2,2,,,,
KF20-01313EA1240,1,10,L,3254,仮,0,0,30,0,10,,,2,2,,,,
KF20-01313EA1240,2,20,AO（無）,3070,仮,0,0,30,0,10,,,2,2,,,,
KF20-01313EA1333,1,10,L,3254,仮,0,0,40,0,10,,,2,2,,,,
KF20-01313EA1333,2,20,AO（無）,3070,仮,0,0,40,0,10,,,2,2,,,,
KF20-01313EA1531,1,10,L,3254,仮,0,0,30,0,10,,,2,2,,,,
KF20-01313EA1531,2,20,AO（無）,3070,仮,0,0,30,0,10,,,2,2,,,,
KF20-01313EA1680,1,10,L,3254,仮,0,0,30,0,10,,,2,2,,,,
KF20-01313EA1680,2,20,AO（無）,3070,仮,0,0,30,0,10,,,2,2,,,,
KF20-01313EB1333,1,10,L,3254,仮,0,0,40,0,10,,,2,2,,,,
KF20-01313EB1333,2,20,AO（無）,3070,仮,0,0,40,0,10,,,2,2,,,,
KF20-01313EB1531,1,10,L,3254,仮,0,0,30,0,10,,,2,2,,,,
KF20-01313EB1531,2,20,AO（無）,3070,仮,0,0,30,0,10,,,2,2,,,,
KF20-01323CA1240,1,10,PA,1515,仮,0,0,20,0,10,,,2,2,,,,
KF20-01323CA1333,1,10,PA,1515,仮,0,0,10,0,10,,,2,2,,,,
KF20-01323CA1531,1,10,PA,1515,仮,0,0,20,0,10,,,2,2,,,,
KF20-01323CA1680,1,10,PA,1515,仮,0,0,10,0,10,,,2,2,,,,
KF20-01606AA,1,10,PA,1515,仮,0,0,20,0,10,,,2,2,,,,
KF20-01607AA0510,1,10,L,3994,仮,0,0,20,0,10,,,2,2,,,,
KF20-01607AA0550,1,10,L,3994,仮,0,0,20,0,10,,,2,2,,,,
KF20-01607AA0700,1,10,L,3994,仮,0,0,20,0,10,,,2,2,,,,
KF20-01607AA1000,1,10,L,3994,仮,0,0,20,0,10,,,2,2,,,,
KF20-01703DA,1,10,PA,1515,仮,0,0,60,0,10,,,2,2,,,,
KF20-02221DB,1,10,PA,3406,仮,0,0,75,0,10,,,2,2,,,,
KF20-02221FA,1,10,PA,3406,仮,0,0,75,0,10,,,2,2,,,,
KF20-02223AA,1,10,L2,3994,仮,0,0,75,0,10,,,2,2,,,,
KF20-02223BA,1,10,L2,3994,仮,0,0,0,0,10,,,2,2,,,,
KF20-02223BC,1,10,L2,3994,仮,0,0,40,0,10,,,2,2,,,,
KF20-02223BD,1,10,L2,3994,仮,0,0,40,0,10,,,2,2,,,,
KF20-02224BA,1,10,PA,3994,仮,0,0,45,0,10,,,2,2,,,,
KF20-02224DB,1,10,L2,3319,仮,0,0,0,0,10,,,2,2,,,,
KF20-02224DB,2,20,PA,無し,仮,0,0,0,0,10,,,2,2,,,,
KF20-02224DD,1,10,L2,3319,仮,0,0,0,0,10,,,2,2,,,,
KF20-02224DD,2,20,PA,無し,仮,0,0,0,0,10,,,2,2,,,,
KF20-02224DE,1,10,MC,3212,仮,0,0,0,0,10,,,2,2,,,,
KF20-02224DE,2,20,PA,3319,仮,0,0,0,0,10,,,2,2,,,,
KF20-02224DF,1,10,L2,1797,仮,0,0,0,0,10,,,2,2,,,,
KF20-02224DF,2,20,MC,1797,仮,0,0,0,0,10,,,2,2,,,,
KF20-02224DF,3,30,PA,1515,仮,0,0,0,0,10,,,2,2,,,,
KF20-02224DG,1,10,L2,無し,仮,0,0,0,0,10,,,2,2,,,,
KF20-02224DG,2,20,MC,無し,仮,0,0,0,0,10,,,2,2,,,,
KF20-02224DG,3,30,PA,無し,仮,0,0,0,0,10,,,2,2,,,,
KF20-02224DH,1,10,L2,無し,仮,0,0,0,0,10,,,2,2,,,,
KF20-02224DH,2,20,MC,無し,仮,0,0,0,0,10,,,2,2,,,,
KF20-02224DH,3,30,PA,無し,仮,0,0,0,0,10,,,2,2,,,,
KF20-02224DJ,1,10,L2,無し,仮,0,0,0,0,10,,,2,2,,,,
KF20-02224DJ,2,20,MC,無し,仮,0,0,0,0,10,,,2,2,,,,
KF20-02224DJ,3,30,PA,無し,仮,0,0,0,0,10,,,2,2,,,,
KF20-02224DK,1,10,L2,3319,仮,0,0,0,0,10,,,2,2,,,,
KF20-02224DK,2,20,MC,3319,仮,0,0,0,0,10,,,2,2,,,,
KF20-02224DK,3,30,PA,3319,仮,0,0,0,0,10,,,2,2,,,,
KF20-02224DN,1,10,MC,無し,仮,0,0,0,0,10,,,2,2,,,,
KF20-02224DN,2,20,PA,無し,仮,0,0,0,0,10,,,2,2,,,,
KF20-02224DP,1,10,L2,3319,仮,0,0,0,0,10,,,2,2,,,,
KF20-02224DP,2,20,MC,3319,仮,0,0,0,0,10,,,2,2,,,,
KF20-02224DP,3,30,PA,1515,仮,0,0,0,0,10,,,2,2,,,,
KF20-02229AA,1,10,PL,3861,仮,0,0,20,0,10,,,2,2,,,,
KF20-02230BC,1,10,PA,3406,仮,0,0,75,0,10,,,2,2,,,,
KF20-03501AB,1,10,MC,3992,仮,0,0,0,0,10,,,2,2,,,,
KF20-03501AB,2,20,PA,1515,仮,0,0,0,0,10,,,2,2,,,,
KF20-03501AD,1,10,MC,3992,仮,0,0,0,0,10,,,2,2,,,,
KF20-03501AD,2,20,PA,1515,仮,0,0,0,0,10,,,2,2,,,,
KF20-03501AE,1,10,MC,3399,仮,0,0,0,0,10,,,2,2,,,,
KF20-03501AE,2,20,PA,1515,仮,0,0,0,0,10,,,2,2,,,,
KF20-03502AB,1,10,MC,3992,仮,0,0,0,0,10,,,2,2,,,,
KF20-03502AB,2,20,PA,1515,仮,0,0,0,0,10,,,2,2,,,,
KF20-03502AD,1,10,MC,3992,仮,0,0,0,0,10,,,2,2,,,,
KF20-03502AD,2,20,PA,1515,仮,0,0,0,0,10,,,2,2,,,,
KF20-03502AE,1,10,MC,3399,仮,0,0,0,0,10,,,2,2,,,,
KF20-03502AE,2,20,PA,1515,仮,0,0,0,0,10,,,2,2,,,,
KF20-03601AB0580,1,10,PA,3406,仮,0,0,75,0,10,,,2,2,,,,
KF20-03601BC0850,1,10,PA,3406,仮,0,0,75,0,10,,,2,2,,,,
KF20-03601BC1000,1,10,PA,3406,仮,0,0,75,0,10,,,2,2,,,,
KF20-03601CB0850,1,10,PA,3406,仮,0,0,75,0,10,,,2,2,,,,
KF20-03601CB1000,1,10,PA,3406,仮,0,0,75,0,10,,,2,2,,,,
KF20-03601CC1300,1,10,PA,3406,仮,0,0,20,0,10,,,2,2,,,,
KF20-03601DB0580,1,10,PA,3406,仮,0,0,75,0,10,,,2,2,,,,
KF20-03602AB0580,1,10,PA,3406,仮,0,0,75,0,10,,,2,2,,,,
KF20-03602BC0850,1,10,PA,3406,仮,0,0,75,0,10,,,2,2,,,,
KF20-03602BC1000,1,10,PA,3406,仮,0,0,75,0,10,,,2,2,,,,
KF20-03602BD1300,1,10,PA,3406,仮,0,0,20,0,10,,,2,2,,,,
KF20-03603AB0580,1,10,PA,3406,仮,0,0,75,0,10,,,2,2,,,,
KF20-03603AC0580,1,10,PA,3406,仮,0,0,75,0,10,,,2,2,,,,
KF20-03603BB1000,1,10,PA,無し,仮,0,0,75,0,10,,,2,2,,,,
KF20-03604AA,1,10,PA,無し,仮,0,0,75,0,10,,,2,2,,,,
KF20-03607AB,1,10,PA,3406,仮,0,0,75,0,10,,,2,2,,,,
KF20-03608AB,1,10,PA,3406,仮,0,0,75,0,10,,,2,2,,,,
KF20-03901AA,1,10,L2,3319,仮,0,0,0,0,10,,,2,2,,,,
KF20-03901AA,2,20,PA,無し,仮,0,0,0,0,10,,,2,2,,,,
KF20-03901AB,1,10,L2,3319,仮,0,0,0,0,10,,,2,2,,,,
KF20-03901AB,2,20,PA,3319,仮,0,0,0,0,10,,,2,2,,,,
KF20-03901AC,1,10,L2,無し,仮,0,0,0,0,10,,,2,2,,,,
KF20-03901AC,2,20,PA,無し,仮,0,0,0,0,10,,,2,2,,,,
KF20-03901AD,1,10,L2,3319,仮,0,0,0,0,10,,,2,2,,,,
KF20-03901AD,2,20,PA,3319,仮,0,0,0,0,10,,,2,2,,,,
KF20-03901AE,1,10,L2,3319,仮,0,0,0,0,10,,,2,2,,,,
KF20-03901AE,2,20,PA,3319,仮,0,0,0,0,10,,,2,2,,,,
KF20-03901AF,1,10,L2,3319,仮,0,0,0,0,10,,,2,2,,,,
KF20-03901AF,2,20,PA,3319,仮,0,0,0,0,10,,,2,2,,,,
KF20-03901AG,1,10,L2,3319,仮,0,0,0,0,10,,,2,2,,,,
KF20-03901AG,2,20,PA,1515,仮,0,0,0,0,10,,,2,2,,,,
KF20-03902AA,1,10,TH,3052,仮,0,0,0,0,10,,,2,2,,,,
KF20-03902AB,1,10,TH,3052,仮,0,0,50,0,10,,,2,2,,,,
KF20-04501AA,1,10,MC,3992,仮,0,0,0,0,10,,,2,2,,,,
KF20-04501AA,2,20,PA,3399,仮,0,0,0,0,10,,,2,2,,,,
KF20-04502AA,1,10,MC,3992,仮,0,0,0,0,10,,,2,2,,,,
KF20-04502AA,2,20,PA,1515,仮,0,0,0,0,10,,,2,2,,,,
KF20-04601AA,1,10,MC,3992,仮,0,0,0,0,10,,,2,2,,,,
KF20-04601AA,2,20,PA,3399,仮,0,0,0,0,10,,,2,2,,,,
KF20-04602AA,1,10,MC,3992,仮,0,0,0,0,10,,,2,2,,,,
KF20-04602AA,2,20,PA,3399,仮,0,0,0,0,10,,,2,2,,,,
KF20-04701AA0850,1,10,PA,3406,仮,0,0,75,0,10,,,2,2,,,,
KF20-04702AA0850,1,10,PA,3406,仮,0,0,75,0,10,,,2,2,,,,
KF20-04703AA0850,1,10,PA,3406,仮,0,0,75,0,10,,,2,2,,,,
KF20-04703BA0850,1,10,PA,3406,仮,0,0,75,0,10,,,2,2,,,,
KF20-05003AA,1,10,PL,3861,仮,0,0,0,0,10,,,2,2,,,,
KF20-05003BA,1,10,PL,3861,仮,0,0,0,0,10,,,2,2,,,,
KF20-05404BA,1,10,HT,1092,仮,0,0,0,0,10,,,2,2,,,,
KF20-06001AA2200,1,10,L,3254,仮,0,0,40,0,10,,,2,2,,,,
KF20-06001AA2200,2,20,AO（無）,3070,仮,0,0,40,0,10,,,2,2,,,,
KF20-06001AA2300,1,10,L,3254,仮,0,0,40,0,10,,,2,2,,,,
KF20-06001AA2300,2,20,AO（無）,3070,仮,0,0,40,0,10,,,2,2,,,,
KF20-06001AA2500,1,10,L,3254,仮,0,0,40,0,10,,,2,2,,,,
KF20-06001AA2500,2,20,AO（無）,3070,仮,0,0,40,0,10,,,2,2,,,,
KF20-08003AA0930,1,10,PL,3861,仮,0,0,20,0,10,,,2,2,,,,
KF20-08301AA0930,1,10,L,無し,仮,0,0,0,0,10,,,2,2,,,,
KF20-08301AA0930,2,20,PL,無し,仮,0,0,0,0,10,,,2,2,,,,
KF20-08301AB0930,1,10,L,無し,仮,0,0,0,0,10,,,2,2,,,,
KF20-08301AB0930,2,20,PL,無し,仮,0,0,0,0,10,,,2,2,,,,
KF20-08301AC0800,1,10,L,3254,仮,0,0,0,0,10,,,2,2,,,,
KF20-08301AC0800,2,20,PL,3861,仮,0,0,0,0,10,,,2,2,,,,
KF20-08301AD0800,1,10,L,3254,仮,0,0,0,0,10,,,2,2,,,,
KF20-08301AD0800,2,20,PL,3861,仮,0,0,0,0,10,,,2,2,,,,
KF20-08301AD1333,1,10,L,3254,仮,0,0,0,0,10,,,2,2,,,,
KF20-08301AD1333,2,20,PL,3861,仮,0,0,0,0,10,,,2,2,,,,
KF20-08301BA0930,1,10,L,無し,仮,0,0,0,0,10,,,2,2,,,,
KF20-08301BA0930,2,20,PL,無し,仮,0,0,0,0,10,,,2,2,,,,
KF20-08301BB0930,1,10,L,無し,仮,0,0,0,0,10,,,2,2,,,,
KF20-08301BB0930,2,20,PL,無し,仮,0,0,0,0,10,,,2,2,,,,
KF20-08301BC0800,1,10,L,3254,仮,0,0,0,0,10,,,2,2,,,,
KF20-08301BC0800,2,20,PL,3861,仮,0,0,0,0,10,,,2,2,,,,
KF20-08301BD0800,1,10,L,3254,仮,0,0,0,0,10,,,2,2,,,,
KF20-08301BD0800,2,20,PL,3861,仮,0,0,0,0,10,,,2,2,,,,
KF20-08301BD1333,1,10,L,3254,仮,0,0,0,0,10,,,2,2,,,,
KF20-08301BD1333,2,20,PL,3861,仮,0,0,0,0,10,,,2,2,,,,
KF20-08304AC,1,10,PL,3861,仮,0,0,40,0,10,,,2,2,,,,
KF20-08503AA0800,1,10,PL,3861,仮,0,0,0,0,10,,,2,2,,,,
KF20-08503AB0800,1,10,PL,3861,仮,0,0,0,0,10,,,2,2,,,,
KF20-08604AB,1,10,PA,1515,仮,0,0,0,0,10,,,2,2,,,,
KF22-002EA,1,10,AO（無）,1042,仮,0,0,0,0,10,,,2,2,,,,
KF22-002FA,1,10,AO（無）,1042,仮,0,0,20,0,10,,,2,2,,,,
KF30-01201AA,1,10,PA,1515,仮,0,0,55,0,10,,,2,2,,,,
KF43-00101AA,1,10,HT,1092,仮,0,0,0,0,10,,,2,2,,,,
KF43-00101AA,2,20,GA（無）,3400,仮,0,0,0,0,10,,,2,2,,,,
KF43-00101AA,3,30,PA,3406,仮,0,0,0,0,10,,,2,2,,,,
KF43-00102AA,1,10,PA,3406,仮,0,0,20,0,10,,,2,2,,,,
KF43-00103AA,1,10,PA,3406,仮,0,0,20,0,10,,,2,2,,,,
KF43-00103BA,1,10,PA,3406,仮,0,0,0,0,10,,,2,2,,,,
KF43-00104AA,1,10,PA,3406,仮,0,0,20,0,10,,,2,2,,,,
KF43-00201AA,1,10,PA,3406,仮,0,0,20,0,10,,,2,2,,,,
KF43-00202AA,1,10,PA,3406,仮,0,0,20,0,10,,,2,2,,,,
KF44-00202AA,1,10,PL,3861,仮,0,0,0,0,10,,,2,2,,,,
KF44-00204AA,1,10,PL,3861,仮,0,0,0,0,10,,,2,2,,,,
KF44-00604AA,1,10,PA,3406,仮,0,0,20,0,10,,,2,2,,,,
KF70-00104AA,1,10,PA,1515,仮,0,0,3,0,10,,,2,2,,,,
KF70-00104BA,1,10,PL,無し,仮,0,0,3,0,10,,,2,2,,,,
KF74-00101AA,1,10,PL,無し,仮,0,0,20,0,10,,,2,2,,,,
KF74-00122AA,1,10,PL,1973,仮,0,0,0,0,10,,,2,2,,,,
KF74-00137AA-2,1,10,PL,無し,仮,0,0,0,0,10,,,2,2,,,,
KF77-00302AA,1,10,PL,1973,仮,0,0,0,0,10,,,2,2,,,,
KF77-00303AA,1,10,PL,1973,仮,0,0,10,0,10,,,2,2,,,,
KF77-00401AA,1,10,PL,1973,仮,0,0,0,0,10,,,2,2,,,,
KF77-00402AA,1,10,PL,1973,仮,0,0,20,0,10,,,2,2,,,,
KF77-00402BA,1,10,PL,9999,仮,0,0,0,0,10,,,2,2,,,,
KF77-00501AA,1,10,PL,1973,仮,0,0,0,0,10,,,2,2,,,,
KF77-00602AA,1,10,PL,1973,仮,0,0,10,0,10,,,2,2,,,,
KS60-00102AB,1,10,L2,無し,仮,0,0,0,0,10,,,2,2,,,,
KS60-00102AB,2,20,DF,無し,仮,0,0,0,0,10,,,2,2,,,,
KS60-00102AB,3,30,TH,無し,仮,0,0,0,0,10,,,2,2,,,,
KS60-00102AB,4,40,HT,無し,仮,0,0,0,0,10,,,2,2,,,,
KS64-00501BA,1,10,HT,1092,仮,0,0,0,0,10,,,2,2,,,,
KS64-00501BA,2,20,PL,1973,仮,0,0,0,0,10,,,2,2,,,,
KS64-00501BB,1,10,HT,1092,仮,0,0,0,0,10,,,2,2,,,,
KS64-00501BB,2,20,PL,1973,仮,0,0,0,0,10,,,2,2,,,,
KS64-00501BC,1,10,HT,1092,仮,0,0,0,0,10,,,2,2,,,,
KS64-00501BC,2,20,PL,3861,仮,0,0,0,0,10,,,2,2,,,,
KS64-00501CA,1,10,HT,1092,仮,0,0,0,0,10,,,2,2,,,,
KS64-00501CA,2,20,PL,1973,仮,0,0,0,0,10,,,2,2,,,,
KS64-00501CB,1,10,HT,1092,仮,0,0,0,0,10,,,2,2,,,,
KS64-00501CB,2,20,PL,1973,仮,0,0,0,0,10,,,2,2,,,,
KS64-00501CC,1,10,HT,1092,仮,0,0,0,0,10,,,2,2,,,,
KS64-00501CC,2,20,PL,1973,仮,0,0,0,0,10,,,2,2,,,,
KS64-00501DA,1,10,HT,1092,仮,0,0,0,0,10,,,2,2,,,,
KS64-00501DA,2,20,PL,1973,仮,0,0,0,0,10,,,2,2,,,,
KS64-00501DB,1,10,HT,1092,仮,0,0,0,0,10,,,2,2,,,,
KS64-00501DB,2,20,PL,1973,仮,0,0,0,0,10,,,2,2,,,,
KS64-00501DC,1,10,HT,無し,仮,0,0,0,0,10,,,2,2,,,,
KS64-00501DC,2,20,PL,1973,仮,0,0,0,0,10,,,2,2,,,,
KS64-00501EA,1,10,HT,9999,仮,0,0,0,0,10,,,2,2,,,,
KS64-00501EA,2,20,PL,1973,仮,0,0,0,0,10,,,2,2,,,,
KS64-00502BA,1,10,HT,1092,仮,0,0,0,0,10,,,2,2,,,,
KS64-00502BA,2,20,PL,1973,仮,0,0,0,0,10,,,2,2,,,,
KS64-00502BB,1,10,HT,1092,仮,0,0,0,0,10,,,2,2,,,,
KS64-00502BB,2,20,PL,3861,仮,0,0,0,0,10,,,2,2,,,,
KS64-00502CA,1,10,HT,1092,仮,0,0,0,0,10,,,2,2,,,,
KS64-00502CA,2,20,PL,1973,仮,0,0,0,0,10,,,2,2,,,,
KS64-00502CB,1,10,HT,1092,仮,0,0,0,0,10,,,2,2,,,,
KS64-00502CB,2,20,PL,1973,仮,0,0,0,0,10,,,2,2,,,,
KS64-00502DA,1,10,HT,9999,仮,0,0,0,0,10,,,2,2,,,,
KS64-00502DA,2,20,PL,1973,仮,0,0,0,0,10,,,2,2,,,,
KS64-00515BA,1,10,PL,無し,仮,0,0,0,0,10,,,2,2,,,,
KS64-00515DA,1,10,PL,1973,仮,0,0,0,0,10,,,2,2,,,,
KS64-00515FA,1,10,PL,1973,仮,0,0,0,0,10,,,2,2,,,,
KS64-00515GA,1,10,PL,1973,仮,0,0,0,0,10,,,2,2,,,,
KS64-00901AA,1,10,PL,1973,仮,0,0,0,0,10,,,2,2,,,,
KS64-00901BB,1,10,PL,1973,仮,0,0,0,0,10,,,2,2,,,,
KS64-00903AA,1,10,PL,1973,仮,0,0,0,0,10,,,2,2,,,,
KS64-00903AB,1,10,PL,無し,仮,0,0,0,0,10,,,2,2,,,,
KS64-01617AA,1,10,AO（無）,1042,仮,0,0,20,0,10,,,2,2,,,,
KS64-01617AB,1,10,AO（無）,1042,仮,0,0,20,0,10,,,2,2,,,,
KS64-01617CB,1,10,AO（無）,無し,仮,0,0,25,0,10,,,2,2,,,,
KS64-01801AA,1,10,PL,1973,仮,0,0,0,0,10,,,2,2,,,,
KS64-01801BA,1,10,PL,1973,仮,0,0,0,0,10,,,2,2,,,,
KS64-01803AA,1,10,PL,1973,仮,0,0,0,0,10,,,2,2,,,,
KS64-03701AA,1,10,PL,3861,仮,0,0,15,0,10,,,2,2,,,,
KS64-03701BA,1,10,PL,3861,仮,0,0,20,0,10,,,2,2,,,,
KS64-03701CA,1,10,PL,1973,仮,0,0,20,0,10,,,2,2,,,,
KS65-02602CA,1,10,PL,3861,仮,0,0,15,0,10,,,2,2,,,,
KS65-02602CB,1,10,PL,3861,仮,0,0,15,0,10,,,2,2,,,,
KS91-03006AA,1,10,L2,無し,仮,0,0,0,0,10,,,2,2,,,,
KS91-03006AA,2,20,DF,無し,仮,0,0,0,0,10,,,2,2,,,,
KS91-03006AA,3,30,TH,3990,仮,0,0,0,0,10,,,2,2,,,,
KS91-03006BA,1,10,L2,無し,仮,0,0,0,0,10,,,2,2,,,,
KS91-03006BA,2,20,DF,無し,仮,0,0,0,0,10,,,2,2,,,,
KS91-03006BA,3,30,TH,3990,仮,0,0,0,0,10,,,2,2,,,,
KS91-03006BA,4,40,HT,無し,仮,0,0,0,0,10,,,2,2,,,,
KS91-03006BA,5,50,KS60（無）,無し,仮,0,0,0,0,10,,,2,2,,,,
KUT-302CB,1,10,PA,3406,仮,0,0,20,0,10,,,2,2,,,,
LU-2004BA,1,10,PL,3861,仮,0,0,15,0,10,,,2,2,,,,
LU-2601BA,1,10,PA,1515,仮,0,0,25,0,10,,,2,2,,,,
LU-690DF,1,10,MC,1042,仮,0,0,15,0,10,,,2,2,,,,
LU-690DGB,1,10,MC,3153,仮,0,0,15,0,10,,,2,2,,,,
SN-98B,1,10,HT,3861,仮,0,0,75,0,10,,,2,2,,,,
SPL-1260A,1,10,PA,無し,仮,0,0,14,0,10,,,2,2,,,,
SPL-1260B,1,10,PA,無し,仮,0,0,14,0,10,,,2,2,,,,
SPL-1479B,1,10,PL,1973,仮,0,0,0,0,10,,,2,2,,,,
SPL-1479D,1,10,PL,1973,仮,0,0,0,0,10,,,2,2,,,,
SPL-1479E,1,10,PL,1973,仮,0,0,0,0,10,,,2,2,,,,
SPL-1555RA,1,10,PA,1515,仮,0,0,0,0,10,,,2,2,,,,
SPL-1555RB,1,10,PA,1515,仮,0,0,14,0,10,,,2,2,,,,
SPL-1719CC,1,10,PA,3406,仮,0,0,0,0,10,,,2,2,,,,
SPL-1844EB,1,10,PL,無し,仮,0,0,0,0,10,,,2,2,,,,
SPL-1887NA,1,10,PA,1515,仮,0,0,30,0,10,,,2,2,,,,
SPL-1987AA,1,10,PL,3861,仮,0,0,30,0,10,,,2,2,,,,
SPL-1987EB0800,1,10,L,3254,仮,0,0,75,0,10,,,2,2,,,,
SPL-1987EB0800,2,20,AO（無）,3070,仮,0,0,75,0,10,,,2,2,,,,
SPL-1987EB0930,1,10,L,3254,仮,0,0,75,0,10,,,2,2,,,,
SPL-1987EB0930,2,20,AO（無）,3070,仮,0,0,75,0,10,,,2,2,,,,
SPL-1987EB1150,1,10,L,3254,仮,0,0,75,0,10,,,2,2,,,,
SPL-1987EB1150,2,20,AO（無）,無し,仮,0,0,75,0,10,,,2,2,,,,
SPL-1987EB1333,1,10,L,3254,仮,0,0,75,0,10,,,2,2,,,,
SPL-1987EB1333,2,20,AO（無）,3070,仮,0,0,75,0,10,,,2,2,,,,
SPL-1987EB1333T,1,10,L,3254,仮,0,0,75,0,10,,,2,2,,,,
SPL-1987EB1333T,2,20,AO（無）,3070,仮,0,0,75,0,10,,,2,2,,,,
SPL-1987EB1531,1,10,L,3254,仮,0,0,75,0,10,,,2,2,,,,
SPL-1987EB1531,2,20,AO（無）,3070,仮,0,0,75,0,10,,,2,2,,,,
SPL-1987EB1531T,1,10,L,3254,仮,0,0,30,0,10,,,2,2,,,,
SPL-1987EB1531T,2,20,AO（無）,3070,仮,0,0,30,0,10,,,2,2,,,,
SPL-1987EB1531U,1,10,L,3254,仮,0,0,75,0,10,,,2,2,,,,
SPL-1987EB1531U,2,20,AO（無）,無し,仮,0,0,75,0,10,,,2,2,,,,
SPL-1987FA0930,1,10,L,3254,仮,0,0,75,0,10,,,2,2,,,,
SPL-1987FA0930,2,20,AO（無）,3070,仮,0,0,75,0,10,,,2,2,,,,
SPL-1987FA1150,1,10,L,3254,仮,0,0,75,0,10,,,2,2,,,,
SPL-1987FA1150,2,20,AO（無）,無し,仮,0,0,75,0,10,,,2,2,,,,
SPL-1987FA1333,1,10,L,3254,仮,0,0,75,0,10,,,2,2,,,,
SPL-1987FA1333,2,20,AO（無）,3070,仮,0,0,75,0,10,,,2,2,,,,
SPL-1987FA1333T,1,10,L,3254,仮,0,0,75,0,10,,,2,2,,,,
SPL-1987FA1333T,2,20,AO（無）,3070,仮,0,0,75,0,10,,,2,2,,,,
SPL-1987FA1531,1,10,L,3254,仮,0,0,75,0,10,,,2,2,,,,
SPL-1987FA1531,2,20,AO（無）,3070,仮,0,0,75,0,10,,,2,2,,,,
SPL-1987FA1531T,1,10,L,3254,仮,0,0,75,0,10,,,2,2,,,,
SPL-1987FA1531T,2,20,AO（無）,3070,仮,0,0,75,0,10,,,2,2,,,,
SPL-1987FA1531U,1,10,L,3254,仮,0,0,75,0,10,,,2,2,,,,
SPL-1987FA1531U,2,20,AO（無）,無し,仮,0,0,75,0,10,,,2,2,,,,
SPL-1987MA,1,10,PL,3861,仮,0,0,30,0,10,,,2,2,,,,
SPL-1987PA1133,1,10,L,3254,仮,0,0,50,0,10,,,2,2,,,,
SPL-1987PA1133,2,20,AO（無）,3070,仮,0,0,50,0,10,,,2,2,,,,
SPL-1987QA1133,1,10,L,3254,仮,0,0,50,0,10,,,2,2,,,,
SPL-1987QA1133,2,20,AO（無）,3070,仮,0,0,50,0,10,,,2,2,,,,
SPL-2167AA26,1,10,PL,1973,仮,0,0,0,0,10,,,2,2,,,,
SPL-2167BA26,1,10,PL,1973,仮,0,0,5,0,10,,,2,2,,,,
SPL-2167CA26,1,10,PL,1973,仮,0,0,0,0,10,,,2,2,,,,
SPL-2184BA-B30,1,10,PA,3406,仮,0,0,0,0,10,,,2,2,,,,
SPL-2184BA30,1,10,PA,3406,仮,0,0,0,0,10,,,2,2,,,,
SPL-2236AA,1,10,PA,3406,仮,0,0,0,0,10,,,2,2,,,,
SPL-2236BA,1,10,PA,9999,仮,0,0,0,0,10,,,2,2,,,,
SPL-2236CA,1,10,PA,3406,仮,0,0,0,0,10,,,2,2,,,,
SPL-2249BA,1,10,PL,3297,仮,0,0,5,0,10,,,2,2,,,,
SPL-2288AA,1,10,PL,1973,仮,0,0,20,0,10,,,2,2,,,,
SPL-2297AA1040,1,10,PL,1973,仮,0,0,0,0,10,,,2,2,,,,
SPL-2297AA1090,1,10,PL,1973,仮,0,0,0,0,10,,,2,2,,,,
SPL-2306BA,1,10,PA,1515,仮,0,0,14,0,10,,,2,2,,,,
SPL-2310DA0700,1,10,L,3254,仮,0,0,0,0,10,,,2,2,,,,
SPL-2310DA0700,2,20,AO（無）,3070,仮,0,0,0,0,10,,,2,2,,,,
SPL-2310EA0700,1,10,L,3254,仮,0,0,0,0,10,,,2,2,,,,
SPL-2310EA0700,2,20,AO（無）,3070,仮,0,0,0,0,10,,,2,2,,,,
SPL-2312AA,1,10,PL,1973,仮,0,0,0,0,10,,,2,2,,,,
SPL-2312BA,1,10,PL,1973,仮,0,0,0,0,10,,,2,2,,,,
SPL-2312CA,1,10,PL,1973,仮,0,0,0,0,10,,,2,2,,,,
SPL-2312EA,1,10,PL,1973,仮,0,0,0,0,10,,,2,2,,,,
SPL-2312GA,1,10,PL,1973,仮,0,0,0,0,10,,,2,2,,,,
SPL-2357AA,1,10,PL,3861,仮,0,0,20,0,10,,,2,2,,,,
SPL-2357DA,1,10,PL,3861,仮,0,0,20,0,10,,,2,2,,,,
SPL-2359GA0856,1,10,PL,1973,仮,0,0,5,0,10,,,2,2,,,,
SPL-2359GA1028,1,10,PL,3861,仮,0,0,0,0,10,,,2,2,,,,
SPL-2359GA1407,1,10,PL,3861,仮,0,0,0,0,10,,,2,2,,,,
SPL-2388BA,1,10,PL,1973,仮,0,0,0,0,10,,,2,2,,,,
SPL-2388BB,1,10,PL,1973,仮,0,0,0,0,10,,,2,2,,,,
SPL-2398AA38,1,10,PA,3406,仮,0,0,0,0,10,,,2,2,,,,
SPL-2405CA1300,1,10,PL,1973,仮,0,0,20,0,10,,,2,2,,,,
SPL-2405CC1300,1,10,PL,3861,仮,0,0,30,0,10,,,2,2,,,,
SPL-2405CD1300,1,10,PL,3861,仮,0,0,30,0,10,,,2,2,,,,
SPL-2405JA1300,1,10,L,3994,仮,0,0,30,0,10,,,2,2,,,,
SPL-2406WB,1,10,PA,3406,仮,0,0,0,0,10,,,2,2,,,,
SPL-2408AA01,1,10,AO（無）,1042,仮,0,0,23,0,10,,,2,2,,,,
SPL-2408AA02,1,10,AO（無）,1042,仮,0,0,23,0,10,,,2,2,,,,
SPL-2408AA03,1,10,AO（無）,1042,仮,0,0,23,0,10,,,2,2,,,,
SPL-2408BA01,1,10,AO（無）,1042,仮,0,0,23,0,10,,,2,2,,,,
SPL-2408BA02,1,10,AO（無）,1042,仮,0,0,23,0,10,,,2,2,,,,
SPL-2408BA03,1,10,AO（無）,1042,仮,0,0,23,0,10,,,2,2,,,,
SPL-2408CA01,1,10,AO（無）,1042,仮,0,0,23,0,10,,,2,2,,,,
SPL-2408CA02,1,10,AO（無）,1042,仮,0,0,23,0,10,,,2,2,,,,
SPL-2408DA,1,10,PL,1042,仮,0,0,20,0,10,,,2,2,,,,
SPL-2409BA,1,10,PA,9999,仮,0,0,0,0,10,,,2,2,,,,
SPL-2409CA,1,10,PA,9999,仮,0,0,15,0,10,,,2,2,,,,
SPL-2409CB,1,10,PA,3406,仮,0,0,15,0,10,,,2,2,,,,
SPL-2409EA,1,10,PA,3406,仮,0,0,30,0,10,,,2,2,,,,
SPL-2409FA,1,10,PA,3406,仮,0,0,30,0,10,,,2,2,,,,
SPL-2409GA,1,10,PA,3406,仮,0,0,30,0,10,,,2,2,,,,
SPL-2409WA,1,10,PA,3406,仮,0,0,0,0,10,,,2,2,,,,
SPL-2414BA30,1,10,PA,3406,仮,0,0,30,0,10,,,2,2,,,,
SPL-2414CA,1,10,PA,3406,仮,0,0,30,0,10,,,2,2,,,,
SPL-2414DA,1,10,PA,3406,仮,0,0,30,0,10,,,2,2,,,,
SPL-2429AA1531,1,10,PL,3982,仮,0,0,75,0,10,,,2,2,,,,
SPL-2430AA1531,1,10,PL,3982,仮,0,0,75,0,10,,,2,2,,,,
SPL-2434BA30,1,10,PA,無し,仮,0,0,0,0,10,,,2,2,,,,
SPL-2434BA38,1,10,PA,無し,仮,0,0,0,0,10,,,2,2,,,,
SPL-2434CA30,1,10,PA,無し,仮,0,0,0,0,10,,,2,2,,,,
SPL-2434CA38,1,10,PA,無し,仮,0,0,0,0,10,,,2,2,,,,
SPL-2440AA,1,10,PA,3406,仮,0,0,0,0,10,,,2,2,,,,
SPL-2440BA,1,10,PA,3406,仮,0,0,25,0,10,,,2,2,,,,
SPL-2452AA,1,10,PL,無し,仮,0,0,0,0,10,,,2,2,,,,
SPL-2452BA,1,10,PL,1973,仮,0,0,0,0,10,,,2,2,,,,
SPL-2452CA,1,10,PL,無し,仮,0,0,0,0,10,,,2,2,,,,
SPL-2452DA,1,10,PL,9999,仮,0,0,0,0,10,,,2,2,,,,
SPL-2456BB1081,1,10,AO（無）,3994,仮,0,0,75,0,10,,,2,2,,,,
SPL-2456CB,1,10,L2,3994,仮,0,0,50,0,10,,,2,2,,,,
SPL-2456CB,2,20,TH,3052,仮,0,0,50,0,10,,,2,2,,,,
SPL-2463CA,1,10,PA,3406,仮,0,0,0,0,10,,,2,2,,,,
SPL-2463DA,1,10,PA,3406,仮,0,0,0,0,10,,,2,2,,,,
SPL-2508EB1333-2A,1,10,AO（無）,3254,仮,0,0,75,0,10,,,2,2,,,,
SPL-2513AA,1,10,PL,3982,仮,0,0,75,0,10,,,2,2,,,,
SPL-2513BA,1,10,PL,3982,仮,0,0,75,0,10,,,2,2,,,,
SPL-2521QA,1,10,PA,3406,仮,0,0,0,0,10,,,2,2,,,,
SPL-2529AA,1,10,PA,無し,仮,0,0,75,0,10,,,2,2,,,,
SPL-2529BA,1,10,PA,無し,仮,0,0,75,0,10,,,2,2,,,,
SPL-2539BAL,1,10,PA,無し,仮,0,0,75,0,10,,,2,2,,,,
SPL-2539BAR,1,10,PA,無し,仮,0,0,75,0,10,,,2,2,,,,
SPL-2539BBL,1,10,PA,無し,仮,0,0,75,0,10,,,2,2,,,,
SPL-2539BBL,2,20,AO（無）,無し,仮,0,0,75,0,10,,,2,2,,,,
SPL-2539BBR,1,10,PA,3406,仮,0,0,75,0,10,,,2,2,,,,
SPL-2539BBR,2,20,AO（無）,無し,仮,0,0,75,0,10,,,2,2,,,,
SPL-2539DAL,1,10,PA,無し,仮,0,0,75,0,10,,,2,2,,,,
SPL-2539DAR,1,10,PA,無し,仮,0,0,75,0,10,,,2,2,,,,
SPL-2539GA2200,1,10,PA,3406,仮,0,0,0,0,10,,,2,2,,,,
SPL-2539GA2500,1,10,PA,3406,仮,0,0,0,0,10,,,2,2,,,,
SPL-2539GA2650,1,10,PA,3406,仮,0,0,0,0,10,,,2,2,,,,
SPL-2540BA2200,1,10,PA,3406,仮,0,0,0,0,10,,,2,2,,,,
SPL-2540BA2500,1,10,PA,3406,仮,0,0,0,0,10,,,2,2,,,,
SPL-2540CA2200,1,10,L,3254,仮,0,0,75,0,10,,,2,2,,,,
SPL-2540CA2200,2,20,AO（無）,3070,仮,0,0,75,0,10,,,2,2,,,,
SPL-2540CA2500,1,10,L,3254,仮,0,0,75,0,10,,,2,2,,,,
SPL-2540CA2500,2,20,AO（無）,3070,仮,0,0,75,0,10,,,2,2,,,,
SPL-2540DA2200-1,1,10,L,3254,仮,0,0,75,0,10,,,2,2,,,,
SPL-2540DA2200-1,2,20,AO（無）,3070,仮,0,0,75,0,10,,,2,2,,,,
SPL-2540DA2500-1,1,10,L,3254,仮,0,0,75,0,10,,,2,2,,,,
SPL-2540DA2500-1,2,20,AO（無）,3070,仮,0,0,75,0,10,,,2,2,,,,
SPL-2540DA2650-1,1,10,L,無し,仮,0,0,75,0,10,,,2,2,,,,
SPL-2540DA2650-1,2,20,AO（無）,無し,仮,0,0,75,0,10,,,2,2,,,,
SPL-2540DA2900-1,1,10,L,3254,仮,0,0,75,0,10,,,2,2,,,,
SPL-2540DA2900-1,2,20,AO（無）,3070,仮,0,0,75,0,10,,,2,2,,,,
SPL-2540RA2200,1,10,PA,3406,仮,0,0,0,0,10,,,2,2,,,,
SPL-2545EB1531T-1A,1,10,AO（無）,3070,仮,0,0,75,0,10,,,2,2,,,,
SPL-2546CA,1,10,PA,3724,仮,0,0,0,0,10,,,2,2,,,,
SPL-2546DA,1,10,PA,3724,仮,0,0,0,0,10,,,2,2,,,,
SPL-2552AA,1,10,MC,3399,仮,0,0,0,0,10,,,2,2,,,,
SPL-2552AA,2,20,PA,3399,仮,0,0,0,0,10,,,2,2,,,,
SPL-2557EA,1,10,PA,1515,仮,0,0,75,0,10,,,2,2,,,,
SPL-2559BA,1,10,PL,3861,仮,0,0,0,0,10,,,2,2,,,,
SPL-2559BC,1,10,PL,3861,仮,0,0,0,0,10,,,2,2,,,,
SPL-2574BA30,1,10,PA,3406,仮,0,0,0,0,10,,,2,2,,,,
SPL-2574BA38,1,10,PA,3406,仮,0,0,0,0,10,,,2,2,,,,
SPL-2574CA30,1,10,PA,3406,仮,0,0,0,0,10,,,2,2,,,,
SPL-2574CA38,1,10,PA,3406,仮,0,0,0,0,10,,,2,2,,,,
SPL-2582AA,1,10,PL,3861,仮,0,0,0,0,10,,,2,2,,,,
SPL-2588CA30,1,10,PA,3406,仮,0,0,0,0,10,,,2,2,,,,
SPL-2590AA2200,1,10,L,3254,仮,0,0,75,0,10,,,2,2,,,,
SPL-2590AA2200,2,20,AO（無）,3070,仮,0,0,75,0,10,,,2,2,,,,
SPL-2593FA,1,10,PL,3861,仮,0,0,0,0,10,,,2,2,,,,
SPL-2600AA,1,10,PL,3861,仮,0,0,0,0,10,,,2,2,,,,
SPL-2603BA2900,1,10,PA,3406,仮,0,0,0,0,10,,,2,2,,,,
SPL-2603GA,1,10,PA,3406,仮,0,0,0,0,10,,,2,2,,,,
SPL-2603GB,1,10,PA,3406,仮,0,0,0,0,10,,,2,2,,,,
SPL-2607AA,1,10,MC,3399,仮,0,0,30,0,10,,,2,2,,,,
SPL-2607AA,2,20,PA,3399,仮,0,0,30,0,10,,,2,2,,,,
SPL-2691BA350,1,10,PL,3422,仮,0,0,0,0,10,,,2,2,,,,
SPL-2691BA450,1,10,PL,3422,仮,0,0,0,0,10,,,2,2,,,,
SPL-2691BA550,1,10,PL,3422,仮,0,0,0,0,10,,,2,2,,,,
SPL-2691BA650,1,10,PL,3422,仮,0,0,0,0,10,,,2,2,,,,
SPL-2691BA750,1,10,PL,3422,仮,0,0,0,0,10,,,2,2,,,,
SPL-2691CA350,1,10,PL,3422,仮,0,0,0,0,10,,,2,2,,,,
SPL-2691CA450,1,10,PL,3422,仮,0,0,0,0,10,,,2,2,,,,
SPL-2691CA550,1,10,PL,3422,仮,0,0,0,0,10,,,2,2,,,,
SPL-2691CA650,1,10,PL,3422,仮,0,0,0,0,10,,,2,2,,,,
SPL-2691CA750,1,10,PL,3422,仮,0,0,0,0,10,,,2,2,,,,
SPL-2693AA-1B26,1,10,PA,3406,仮,0,0,0,0,10,,,2,2,,,,
SPL-2693AA-1C26,1,10,PA,3406,仮,0,0,0,0,10,,,2,2,,,,
SPL-2693AA-1D26,1,10,PA,3406,仮,0,0,0,0,10,,,2,2,,,,
SPL-2693AB-1D26,1,10,PA,3406,仮,0,0,0,0,10,,,2,2,,,,
SPL-2703BA2200-1A,1,10,L,3254,仮,0,0,20,0,10,,,2,2,,,,
SPL-2703BA2500-1A,1,10,L,3254,仮,0,0,20,0,10,,,2,2,,,,
SPL-2703BA2650-1A,1,10,L,無し,仮,0,0,0,0,10,,,2,2,,,,
SPL-2703BA2900-1A,1,10,L,無し,仮,0,0,0,0,10,,,2,2,,,,
SPL-2722BA,1,10,PL,3861,仮,0,0,0,0,10,,,2,2,,,,
SPL-2724AA-1B30,1,10,PA,3406,仮,0,0,0,0,10,,,2,2,,,,
SPL-2724AA-1C30,1,10,PA,3406,仮,0,0,0,0,10,,,2,2,,,,
SPL-2729BA2200,1,10,L,無し,仮,0,0,20,0,10,,,2,2,,,,
SPL-2729BA2500,1,10,L,3254,仮,0,0,20,0,10,,,2,2,,,,
SPL-2729HA,1,10,PL,3861,仮,0,0,0,0,10,,,2,2,,,,
SPL-2738CA550,1,10,PL,3861,仮,0,0,0,0,10,,,2,2,,,,
SPL-2738CA650,1,10,PL,3861,仮,0,0,0,0,10,,,2,2,,,,
SPL-2738DA450,1,10,PL,3861,仮,0,0,0,0,10,,,2,2,,,,
SPL-2738DA550,1,10,PL,3861,仮,0,0,0,0,10,,,2,2,,,,
SPL-2738DA650,1,10,PL,3861,仮,0,0,0,0,10,,,2,2,,,,
SPL-2742CA0930,1,10,L,3254,仮,0,0,75,0,10,,,2,2,,,,
SPL-2742CA0930,2,20,AO（無）,3070,仮,0,0,75,0,10,,,2,2,,,,
SPL-2742DA0930,1,10,L,3254,仮,0,0,75,0,10,,,2,2,,,,
SPL-2742DA0930,2,20,AO（無）,3070,仮,0,0,75,0,10,,,2,2,,,,
SPL-2747CA2300,1,10,PA,3406,仮,0,0,0,0,10,,,2,2,,,,
SPL-2747CA2500,1,10,PA,3406,仮,0,0,0,0,10,,,2,2,,,,
SPL-2777BA2200,1,10,L,3254,仮,0,0,10,0,10,,,2,2,,,,
SPL-2779AA2200,1,10,L1,3254,仮,0,0,75,0,10,,,2,2,,,,
SPL-2779AA2200,2,20,L2,3254,仮,0,0,75,0,10,,,2,2,,,,
SPL-2779AA2200,3,30,PL,無し,仮,0,0,75,0,10,,,2,2,,,,
SPL-2779AA2500,1,10,L1,3254,仮,0,0,75,0,10,,,2,2,,,,
SPL-2779AA2500,2,20,L2,3254,仮,0,0,75,0,10,,,2,2,,,,
SPL-2779AA2500,3,30,PL,無し,仮,0,0,75,0,10,,,2,2,,,,
SPL-2779BA2200,1,10,L1,3254,仮,0,0,75,0,10,,,2,2,,,,
SPL-2779BA2200,2,20,L2,3254,仮,0,0,75,0,10,,,2,2,,,,
SPL-2779BA2200,3,30,PL,無し,仮,0,0,75,0,10,,,2,2,,,,
SPL-2779BA2500,1,10,L1,3254,仮,0,0,75,0,10,,,2,2,,,,
SPL-2779BA2500,2,20,L2,3254,仮,0,0,75,0,10,,,2,2,,,,
SPL-2779BA2500,3,30,PL,無し,仮,0,0,75,0,10,,,2,2,,,,
SPL-2782BA1531T,1,10,L,3254,仮,0,0,75,0,10,,,2,2,,,,
SPL-2782BA1531T,2,20,AO（無）,3070,仮,0,0,75,0,10,,,2,2,,,,
SPL-2782CA1531T,1,10,L,3254,仮,0,0,75,0,10,,,2,2,,,,
SPL-2782CA1531T,2,20,AO（無）,3070,仮,0,0,75,0,10,,,2,2,,,,
SPL-2782DA1531T,1,10,L,3254,仮,0,0,75,0,10,,,2,2,,,,
SPL-2782DA1531T,2,20,AO（無）,3070,仮,0,0,75,0,10,,,2,2,,,,
SPL-2783BA1333-2A,1,10,L,3254,仮,0,0,75,0,10,,,2,2,,,,
SPL-2784AA04,1,10,MC,3994,仮,0,0,30,0,10,,,2,2,,,,
SPL-2784DA2200,1,10,L,3254,仮,0,0,40,0,10,,,2,2,,,,
SPL-2784DA2200,2,20,AO（無）,3070,仮,0,0,40,0,10,,,2,2,,,,
SPL-2784EA2200,1,10,L,3254,仮,0,0,40,0,10,,,2,2,,,,
SPL-2784EA2200,2,20,AO（無）,3070,仮,0,0,40,0,10,,,2,2,,,,
SPL-2788AA2200,1,10,L,3254,仮,0,0,75,0,10,,,2,2,,,,
SPL-2788AA2200,2,20,AO（無）,3070,仮,0,0,75,0,10,,,2,2,,,,
SPL-2788AA2500,1,10,L,3254,仮,0,0,75,0,10,,,2,2,,,,
SPL-2788AA2500,2,20,AO（無）,3070,仮,0,0,75,0,10,,,2,2,,,,
SPL-2814CA,1,10,PA,3406,仮,0,0,0,0,10,,,2,2,,,,
SPL-2819AA1310,1,10,PL,3861,仮,0,0,0,0,10,,,2,2,,,,
SPL-2819AA1500,1,10,PL,3422,仮,0,0,0,0,10,,,2,2,,,,
SPL-2819BA,1,10,PL,3861,仮,0,0,0,0,10,,,2,2,,,,
SPL-2843-307AA38,1,10,PA,無し,仮,0,0,0,0,10,,,2,2,,,,
SPL-2890-00801AA30,1,10,AO（無）,1592,仮,0,0,0,0,10,,,2,2,,,,
SPL-2890-00801AA30,2,20,PA,3406,仮,0,0,0,0,10,,,2,2,,,,
SPL-2890-00802AA30,1,10,AO（無）,1592,仮,0,0,0,0,10,,,2,2,,,,
SPL-2890-00802AA30,2,20,PA,3406,仮,0,0,0,0,10,,,2,2,,,,
SPL-2925-201AA0930A,1,10,L,3254,仮,0,0,75,0,10,,,2,2,,,,
SPL-2925-202AA0930A,1,10,L,3254,仮,0,0,75,0,10,,,2,2,,,,
SPL-2925-202BA0930A,1,10,L,3254,仮,0,0,75,0,10,,,2,2,,,,
SPL-2930-111AA,1,10,MC,3224,仮,0,0,25,0,10,,,2,2,,,,
SPL-2930-111BA,1,10,MC,3224,仮,0,0,25,0,10,,,2,2,,,,
SPL-2930-111CA,1,10,MC,3224,仮,0,0,25,0,10,,,2,2,,,,
SPL-2930-111DA,1,10,MC,3224,仮,0,0,25,0,10,,,2,2,,,,
SPL-2963CA01,1,10,MV,3994,仮,0,0,0,0,10,,,2,2,,,,
SPL-2965AA1333,1,10,L,3254,仮,0,0,75,0,10,,,2,2,,,,
SPL-2965AA1333,2,20,AO（無）,3070,仮,0,0,75,0,10,,,2,2,,,,
SPL-2965AA1333T,1,10,L,3254,仮,0,0,75,0,10,,,2,2,,,,
SPL-2965AA1333T,2,20,AO（無）,3070,仮,0,0,75,0,10,,,2,2,,,,
SPS-17A,1,10,HT,3830,仮,0,0,0,0,10,,,2,2,,,,
SPS-19B,1,10,HT,3830,仮,0,0,0,0,10,,,2,2,,,,
SPS-68AA,1,10,HT,3830,仮,0,0,0,0,10,,,2,2,,,,
SUT-01AA,1,10,PA,1515,仮,0,0,20,0,10,,,2,2,,,,
SUT-02C,1,10,PA,無し,仮,0,0,11,0,10,,,2,2,,,,
SUT-02D,1,10,PA,1515,仮,0,0,11,0,10,,,2,2,,,,
SUT-02F,1,10,PA,無し,仮,0,0,11,0,10,,,2,2,,,,
SUT-02G,1,10,PA,無し,仮,0,0,11,0,10,,,2,2,,,,
SUT-02H,1,10,PA,無し,仮,0,0,11,0,10,,,2,2,,,,
SUT-05BJ,1,10,PA,無し,仮,0,0,20,0,10,,,2,2,,,,
SUT-08A,1,10,PA,1515,仮,0,0,14,0,10,,,2,2,,,,
SUT-08D,1,10,PA,1515,仮,0,0,0,0,10,,,2,2,,,,
SUT-10BB,1,10,PA,1515,仮,0,0,18,0,10,,,2,2,,,,
SUT-10BF,1,10,PA,1515,仮,0,0,0,0,10,,,2,2,,,,
SUT-10DB,1,10,PA,1515,仮,0,0,0,0,10,,,2,2,,,,
SUT-10DD,1,10,PA,1515,仮,0,0,20,0,10,,,2,2,,,,
SUT-10DT,1,10,PA,1515,仮,0,0,0,0,10,,,2,2,,,,
SUT-10DV,1,10,PA,1515,仮,0,0,20,0,10,,,2,2,,,,
SUT-10DW,1,10,PA,1515,仮,0,0,0,0,10,,,2,2,,,,
SUT-10DX,1,10,PA,1515,仮,0,0,25,0,10,,,2,2,,,,
SUT-16BA,1,10,HT,無し,仮,0,0,25,0,10,,,2,2,,,,
TS-3569EA,1,10,PA,1515,仮,0,0,20,0,10,,,2,2,,,,
TS-3569FA,1,10,PA,1515,仮,0,0,20,0,10,,,2,2,,,,
TS-4333HA,1,10,L1,1797,仮,0,0,0,0,10,,,2,2,,,,
TS-4337BA,1,10,PL,1973,仮,0,0,0,0,10,,,2,2,,,,
TS-4376HA,1,10,L1,1797,仮,0,0,0,0,10,,,2,2,,,,
TS-4602GA,1,10,MV,1797,仮,0,0,0,0,10,,,2,2,,,,
TS-4602GA,2,20,PA,1515,仮,0,0,0,0,10,,,2,2,,,,
TS-4655EA,1,10,L1,1797,仮,0,0,0,0,10,,,2,2,,,,
TS-4655KA,1,10,L1,3994,仮,0,0,0,0,10,,,2,2,,,,
TS-4655KA,2,20,L2,3994,仮,0,0,0,0,10,,,2,2,,,,
TS-4740AA34,1,10,PA,1973,仮,0,0,0,0,10,,,2,2,,,,
TS-4770BA30,1,10,PA,1973,仮,0,0,0,0,10,,,2,2,,,,
TS-4770CA30,1,10,PA,1973,仮,0,0,0,0,10,,,2,2,,,,
TS-4770DA,1,10,PA,9999,仮,0,0,0,0,10,,,2,2,,,,
TS-4770EA,1,10,PA,9999,仮,0,0,0,0,10,,,2,2,,,,
TS-4919BB,1,10,PL,1973,仮,0,0,0,0,10,,,2,2,,,,
TS-4948AA,1,10,PL,1973,仮,0,0,35,0,10,,,2,2,,,,
TS-4967DB,1,10,PL,1973,仮,0,0,20,0,10,,,2,2,,,,
TS-5072BA2650,1,10,PA,3406,仮,0,0,0,0,10,,,2,2,,,,
TS-5072EA,1,10,PA,1515,仮,0,0,0,0,10,,,2,2,,,,
TS-5174LA30,1,10,PA,3406,仮,0,0,0,0,10,,,2,2,,,,
TS-5241AA2200,1,10,L,3254,仮,0,0,0,0,10,,,2,2,,,,
TS-5241AA2200,2,20,AO（無）,無し,仮,0,0,0,0,10,,,2,2,,,,
TS-5241BA2200,1,10,L,3254,仮,0,0,0,0,10,,,2,2,,,,
TS-5241BA2200,2,20,AO（無）,無し,仮,0,0,0,0,10,,,2,2,,,,
TS-5242AA2200,1,10,L,3254,仮,0,0,0,0,10,,,2,2,,,,
TS-5242AA2200,2,20,AO（無）,無し,仮,0,0,0,0,10,,,2,2,,,,
TS-5242BA2200,1,10,L,3254,仮,0,0,0,0,10,,,2,2,,,,
TS-5242BA2200,2,20,AO（無）,無し,仮,0,0,0,0,10,,,2,2,,,,
TS-5243CA1333,1,10,AO（無）,無し,仮,0,0,0,0,10,,,2,2,,,,
TS-5243DA1333,1,10,AO（無）,無し,仮,0,0,0,0,10,,,2,2,,,,
TS-5243EA1333,1,10,AO（無）,無し,仮,0,0,0,0,10,,,2,2,,,,
TS-5243FA1333,1,10,AO（無）,無し,仮,0,0,0,0,10,,,2,2,,,,
TS-5259-444AA,1,10,PA,無し,仮,0,0,25,0,10,,,2,2,,,,
TS-5259-444BA,1,10,PA,1515,仮,0,0,25,0,10,,,2,2,,,,
TS-5259FA02,1,10,PA,3406,仮,0,0,20,0,10,,,2,2,,,,
TS-5273AA1333,1,10,PL,3861,仮,0,0,50,0,10,,,2,2,,,,
TS-5308AA2200,1,10,L,3254,仮,0,0,75,0,10,,,2,2,,,,
TS-5308AA2200,2,20,AO（無）,1592,仮,0,0,75,0,10,,,2,2,,,,
TS-5308BA2200,1,10,L,3254,仮,0,0,75,0,10,,,2,2,,,,
TS-5308BA2200,2,20,AO（無）,1592,仮,0,0,75,0,10,,,2,2,,,,
TS-5308CA2200,1,10,L,3254,仮,0,0,75,0,10,,,2,2,,,,
TS-5308CA2200,2,20,AO（無）,1592,仮,0,0,75,0,10,,,2,2,,,,
TS-5465EB-25A,1,10,PL,3861,仮,0,0,30,0,10,,,2,2,,,,
TS-5465EB-25B,1,10,PL,3861,仮,0,0,30,0,10,,,2,2,,,,
TS-5465EB-25C,1,10,PL,3861,仮,0,0,30,0,10,,,2,2,,,,
TS-5465EB-50A,1,10,PL,3861,仮,0,0,30,0,10,,,2,2,,,,
TS-5465FB-25A,1,10,PL,3861,仮,0,0,30,0,10,,,2,2,,,,
TS-5465FB-25B,1,10,PL,3861,仮,0,0,30,0,10,,,2,2,,,,
TS-5465FB-25C,1,10,PL,3861,仮,0,0,30,0,10,,,2,2,,,,
TS-5465GA-25C,1,10,PL,3861,仮,0,0,30,0,10,,,2,2,,,,
TS-5470AA,1,10,PL,3861,仮,0,0,23,0,10,,,2,2,,,,
TS-5479AA,1,10,L,3254,仮,0,0,0,0,10,,,2,2,,,,
TS-5479AA,2,20,PL,3861,仮,0,0,0,0,10,,,2,2,,,,
TS-5479BA,1,10,L,3254,仮,0,0,0,0,10,,,2,2,,,,
TS-5479BA,2,20,PL,3861,仮,0,0,0,0,10,,,2,2,,,,
TS-5493AA1333,1,10,L,3254,仮,0,0,40,0,10,,,2,2,,,,
TS-5493AA1333,2,20,AO（無）,3070,仮,0,0,40,0,10,,,2,2,,,,
TS-5493JA,1,10,PL,3861,仮,0,0,30,0,10,,,2,2,,,,
TS-5532AA0800,1,10,L,3254,仮,0,0,0,0,10,,,2,2,,,,
TS-5532AA0800,2,20,PL,3861,仮,0,0,0,0,10,,,2,2,,,,
TS-5536AA-201AA1333,1,10,L,3254,仮,0,0,75,0,10,,,2,2,,,,
TS-5536AA-202AA1333,1,10,L,3254,仮,0,0,75,0,10,,,2,2,,,,
TS-5536BA-201AA1333,1,10,L,3254,仮,0,0,75,0,10,,,2,2,,,,
TS-5536BA-202AA1333,1,10,L,3254,仮,0,0,75,0,10,,,2,2,,,,
TS-5536CA-201AA1333,1,10,L,3254,仮,0,0,75,0,10,,,2,2,,,,
TS-5536CA-202AA1333,1,10,L,3254,仮,0,0,75,0,10,,,2,2,,,,
TS-5536CA-256BA1333,1,10,L,3254,仮,0,0,75,0,10,,,2,2,,,,
TS-5593AA1333,1,10,PL,3861,仮,0,0,50,0,10,,,2,2,,,,
TS-5596AA,1,10,L,3994,仮,0,0,75,0,10,,,2,2,,,,
TS-5596AA,2,20,PL,3861,仮,0,0,75,0,10,,,2,2,,,,
TS-SPL-2405JA1300,1,10,L,3994,仮,0,0,30,0,10,,,2,2,,,,
UTS-5526AA30,1,10,AO（無）,1592,仮,0,0,0,0,10,,,2,2,,,,
UTS-5526AA30,2,20,PA,3406,仮,0,0,0,0,10,,,2,2,,,,
UTS-5526BA30,1,10,AO（無）,1592,仮,0,0,0,0,10,,,2,2,,,,
UTS-5526BA30,2,20,PA,3406,仮,0,0,0,0,10,,,2,2,,,,
UTS-5526CA30,1,10,AO（無）,1592,仮,0,0,0,0,10,,,2,2,,,,
UTS-5526CA30,2,20,PA,3406,仮,0,0,0,0,10,,,2,2,,,,
UY-70,1,10,PL,3861,仮,0,0,22,0,10,,,2,2,,,,
UY-76,1,10,PL,1973,仮,0,0,0,0,10,,,2,2,,,,
V103-103520,1,10,PL,1973,仮,0,0,20,0,10,,,2,2,,,,
V103-103521,1,10,PL,1973,仮,0,0,0,0,10,,,2,2,,,,
WMS-7,1,10,PL,3861,仮,0,0,20,0,10,,,2,2,,,,
WMS-89B,1,10,PL,1973,仮,0,0,0,0,10,,,2,2,,,,
YD65-13402AA,1,10,PL,3861,仮,0,0,0,0,10,,,2,2,,,,
YD65-13402HA,1,10,PL,3861,仮,0,0,0,0,10,,,2,2,,,,
YD65-17602AA,1,10,PL,3861,仮,0,0,20,0,10,,,2,2,,,,
YS65-07906CB,1,10,PL,3861,仮,0,0,90,0,10,,,2,2,,,,
YS65-13804CA,1,10,PL,3861,仮,0,0,90,0,10,,,2,2,,,,
YS65-14402AA,1,10,PL,3861,仮,0,0,0,0,10,,,2,2,,,,
YS65-15302AA,1,10,PL,1973,仮,0,0,0,0,10,,,2,2,,,,
YS65-15302BA,1,10,PL,1973,仮,0,0,20,0,10,,,2,2,,,,
