ç´ïÔäJénì˙,î≠çsì˙,ëgóßäJénì˙,ê∂éYåééü,ì`ï[ÇmÇè,â¡çHïîî‘,ïîïiñº,ïKóvêî,ñ¢à¯ìñç›å…êî,éËéùÇøç›å…êî,ìæà”êÊíçï∂î‘çÜ,èoå…çœêî
2025/11/26,2025/11/22,2025/11/26,,E000097060,21-511H,3 POSITION GUARD CAM,64,8,8,PE-2555501,
2025/11/26,2025/11/22,2025/11/26,,E000097061,21-513K,STITCH CAM,64,14,14,PE-2555502,
2026/01/15,2025/11/22,2025/12/24,2026014,E000098882,278-625A30,WELT CAM (H),86,55,55,,0
2026/01/29,2025/11/22,2026/01/15,2026018,E000098905,278-625A30,WELT CAM (H),116,0,0,,0
2026/01/15,2025/11/22,2025/12/24,2026014,E000098883,278-626A30,WELT CAM (L),86,86,102,,0
2026/01/29,2025/11/22,2026/01/15,2026018,E000098906,278-626A30,WELT CAM (L),116,16,16,,0
2026/01/15,2025/11/22,2025/12/24,2026014,E000098884,278-633A30,WELT CAM (H),6,6,26,,0
2026/01/29,2025/11/22,2026/01/15,2026018,E000098907,278-633A30,WELT CAM (H),4,4,20,,0
2026/01/15,2025/11/22,2025/12/24,2026014,E000098885,278-634A30,WELT CAM (L),6,6,30,,0
2026/01/29,2025/11/22,2026/01/15,2026018,E000098908,278-634A30,WELT CAM (L),4,4,24,,0
2026/01/22,2025/11/22,2026/01/07,2026016,E000098493,279-508A30,NEEDLE GUARD,30,30,58,,0
2026/01/19,2025/11/22,2026/01/19,202601,E000098836,279-508A30,NEEDLE GUARD,30,28,28,,
2026/01/22,2025/11/22,2026/01/07,2026016,E000098660,279-511T33,STITCH CAM,61,17,17,,0
2026/01/22,2025/11/22,2026/01/07,2026016,E000098661,279-512A33,RAISING CAM,61,61,80,,0
2025/12/26,2025/11/22,2025/12/26,,E000098568,279-513A30,WELT CAM,106,7,7,PF-9388013,
2026/01/22,2025/11/22,2026/01/07,2026016,E000098662,279-513A30,WELT CAM,4,0,0,,0
2026/01/22,2025/11/22,2026/01/07,2026016,E000098663,279-514D30,WELT CAM,60,13,13,,0
2025/12/26,2025/11/22,2025/12/26,,E000098579,279-581AA33,STITCH CAM,8,4,4,PF-9388018,
2025/12/26,2025/11/22,2025/12/26,,E000098580,279-581BA33,STITCH CAM,8,0,0,PF-9388019,
2025/12/26,2025/11/22,2025/12/26,,E000098567,279-582AA33,RAISING CAM,16,5,5,PF-9388012,
2026/01/22,2025/11/22,2026/01/07,2026016,E000098664,279-611T33,STITCH CAM (B),32,14,14,,0
2026/01/22,2025/11/22,2026/01/07,2026016,E000098665,279-612T33,STITCH CAM (C),32,16,16,,0
2026/01/22,2025/11/22,2026/01/07,2026016,E000098666,279-613T33,STITCH CAM (D),32,14,14,,0
2026/01/22,2025/11/22,2026/01/07,2026016,E000098667,279-614T33,STITCH CAM (E),32,32,36,,0
2026/01/22,2025/11/22,2026/01/07,2026016,E000098668,279-615A30,RAISING CAM (B),32,16,16,,0
2025/11/14,2025/11/22,2025/11/14,,E000099098,279-615A38,RAISING CAM (B),3,3,13,PJ-0637901,
2026/01/22,2025/11/22,2026/01/07,2026016,E000098669,279-616A30,RAISING CAM (C),32,25,25,,0
2026/01/22,2025/11/22,2026/01/07,2026016,E000098670,279-617A30,RAISING CAM (D),32,0,0,,0
2026/01/22,2025/11/22,2026/01/07,2026016,E000098671,279-618A30,RAISING CAM (E),32,8,8,,0
2026/01/22,2025/11/22,2026/01/07,2026016,E000098672,279-619A30,WELT CAM (B),51,12,12,,0
2026/01/22,2025/11/22,2026/01/07,2026016,E000098673,279-620A30,WELT CAM (C),51,19,19,,0
2026/01/22,2025/11/22,2026/01/07,2026016,E000098674,279-621A30,WELT CAM (D),51,0,0,,0
2026/01/22,2025/11/22,2026/01/07,2026016,E000098675,279-622A30,WELT CAM (E),51,0,0,,0
2025/12/26,2025/11/22,2025/12/26,,E000098569,279-623A30,WELT CAM (B),5,4,4,PF-9388014,
2026/01/22,2025/11/22,2026/01/07,2026016,E000098676,279-623A30,WELT CAM (B),20,0,0,,0
2025/12/02,2025/11/22,2025/12/02,,E000098178,279-623A33,WELT CAM (B),18,18,126,PJ-0630301,
2025/12/02,2025/11/22,2025/12/02,,E000098182,279-623A33,WELT CAM (B),18,18,108,PJ-0630305,
2025/12/02,2025/11/22,2025/12/02,,E000098186,279-623A33,WELT CAM (B),18,18,90,PJ-0630309,
2025/12/02,2025/11/22,2025/12/02,,E000098184,279-623A33,WELT CAM (B),18,18,72,PJ-0630307,
2025/12/02,2025/11/22,2025/12/02,,E000098180,279-623A33,WELT CAM (B),18,18,54,PJ-0630303,
2025/12/26,2025/11/22,2025/12/26,,E000098570,279-624A30,WELT CAM (C),5,2,2,PF-9388015,
2026/01/22,2025/11/22,2026/01/07,2026016,E000098677,279-624A30,WELT CAM (C),20,0,0,,0
2025/12/02,2025/11/22,2025/12/02,,E000098181,279-624A33,WELT CAM (C),18,18,314,PJ-0630304,
2025/12/02,2025/11/22,2025/12/02,,E000098179,279-624A33,WELT CAM (C),18,18,296,PJ-0630302,
2025/12/02,2025/11/22,2025/12/02,,E000098187,279-624A33,WELT CAM (C),18,18,278,PJ-0630310,
2025/12/02,2025/11/22,2025/12/02,,E000098185,279-624A33,WELT CAM (C),18,18,260,PJ-0630308,
2025/12/02,2025/11/22,2025/12/02,,E000098183,279-624A33,WELT CAM (C),18,18,242,PJ-0630306,
2025/12/26,2025/11/22,2025/12/26,,E000098571,279-625A30,WELT CAM (D),5,5,10,PF-9388016,
2026/01/22,2025/11/22,2026/01/07,2026016,E000098678,279-625A30,WELT CAM (D),20,5,5,,0
2025/12/26,2025/11/22,2025/12/26,,E000098572,279-626A30,WELT CAM (E),5,4,4,PF-9388017,
2026/01/22,2025/11/22,2026/01/07,2026016,E000098679,279-626A30,WELT CAM (E),20,0,0,,0
2026/01/22,2025/11/22,2026/01/07,2026016,E000098680,279-627A30,TUCKING CAM (B),20,0,0,,0
2026/01/22,2025/11/22,2026/01/07,2026016,E000098681,279-628A30,TUCKING CAM (C),20,17,17,,0
2026/01/22,2025/11/22,2026/01/07,2026016,E000098682,279-629A30,TUCKING CAM (D),20,0,0,,0
2026/01/22,2025/11/22,2026/01/07,2026016,E000098683,279-630A30,TUCKING CAM (E),20,16,16,,0
2026/01/22,2025/11/22,2026/01/07,2026016,E000098684,279-631A33,TUCK STITCH CAM (B),20,15,15,,0
2026/01/22,2025/11/22,2026/01/07,2026016,E000098685,279-632A33,TUCK STITCH CAM (C),20,15,15,,0
2026/01/22,2025/11/22,2026/01/07,2026016,E000098686,279-633A33,TUCK STITCH CAM (D),20,14,14,,0
2026/01/22,2025/11/22,2026/01/07,2026016,E000098687,279-634A33,TUCK STITCH CAM (E),20,4,4,,0
2026/02/02,2025/11/22,2026/01/19,2026021,E000098956,3106-511BB30,KK CAM,91,30,30,,0
2026/02/02,2025/11/22,2026/01/19,2026021,E000098957,3106-512BB30,KT CAM,1,1,24,,0
2026/02/02,2025/11/22,2026/01/19,2026021,E000098958,3106-514BB30,TK CAM,30,25,25,,0
2026/02/02,2025/11/22,2026/01/19,2026021,E000098959,3106-517BB30,WK CAM,15,12,12,,0
2026/02/02,2025/11/22,2026/01/19,2026021,E000098960,3106-518BB30,WT CAM,15,5,5,,0
2026/02/02,2025/11/22,2026/01/19,2026021,E000098961,3139-612AA30,SINKER GATE CAM A,2,2,6,,0
2026/02/06,2025/11/22,2026/02/06,,E000099093,3139-612AA30,SINKER GATE CAM A,1,1,4,PM-5167101,
2025/11/04,2025/11/22,2025/10/20,2025111,E000097093,3139-612AA32,SINKER GATE CAM A,4,0,17,,4
2025/11/06,2025/11/22,2025/10/22,2025112,E000097101,3139-612AA32,SINKER GATE CAM A,4,0,17,,4
2025/11/11,2025/11/22,2025/10/27,2025113,E000097196,3139-612AA32,SINKER GATE CAM A,2,0,17,,2
2026/02/04,2025/11/22,2026/01/21,2026022,E000099099,3139-612AA32,SINKER GATE CAM A,3,3,17,,0
2025/11/20,2025/11/22,2025/11/06,2025116,E000097560,3139-612AA34,SINKER GATE CAM A,2,0,12,,2
2026/02/24,2025/11/22,2026/02/06,2026027,E000099254,3139-612AA42,SINKER GATE CAM A,1,1,5,,0
2026/02/02,2025/11/22,2026/01/19,2026021,E000098962,3139-612BA30,SINKER GATE CAM B,2,2,13,,0
2026/02/06,2025/11/22,2026/02/06,,E000099094,3139-612BA30,SINKER GATE CAM B,1,1,11,PM-5167102,
2025/11/04,2025/11/22,2025/10/20,2025111,E000097094,3139-612BA32,SINKER GATE CAM B,4,0,16,,4
2025/11/06,2025/11/22,2025/10/22,2025112,E000097102,3139-612BA32,SINKER GATE CAM B,4,0,16,,4
2025/11/11,2025/11/22,2025/10/27,2025113,E000097197,3139-612BA32,SINKER GATE CAM B,2,0,16,,2
2026/02/04,2025/11/22,2026/01/21,2026022,E000099100,3139-612BA32,SINKER GATE CAM B,3,3,16,,0
2025/11/20,2025/11/22,2025/11/06,2025116,E000097561,3139-612BA34,SINKER GATE CAM B,2,0,17,,2
2026/02/24,2025/11/22,2026/02/06,2026027,E000099255,3139-612BA42,SINKER GATE CAM B,1,1,6,,0
2025/12/10,2025/11/22,2025/11/26,2025124,E000098119,3145-511AA30,KNIT CAM,360,85,85,,0
2025/12/10,2025/11/22,2025/11/26,2025124,E000098120,3145-512AA30,TUCK CAM,192,105,105,,0
2025/12/10,2025/11/22,2025/11/26,2025124,E000098121,3145-513AA30,WELT CAM,192,31,31,,0
2025/12/10,2025/11/22,2025/11/26,2025124,E000098122,3145-515AA30,GATE CAM A,6,0,9,,6
2025/12/10,2025/11/22,2025/11/26,2025124,E000098123,3145-515BA30,GATE CAM B,6,0,13,,6
2025/12/01,2025/11/22,2025/11/14,2025121,E000098110,3145-531AA30,KK CAM,97,97,125,,0
2025/12/10,2025/11/22,2025/11/26,2025124,E000098124,3145-531AA30,KK CAM,98,28,28,,0
2025/11/14,2025/11/22,2025/11/14,,E000098160,3145-532AA30,KT CAM,20,2,2,PJ-0629901,
2025/12/01,2025/11/22,2025/11/14,2025121,E000098111,3145-532AA30,KT CAM,49,0,0,,0
2025/12/10,2025/11/22,2025/11/26,2025124,E000098125,3145-532AA30,KT CAM,102,0,0,,0
2025/12/01,2025/11/22,2025/11/14,2025121,E000098112,3145-533AA30,WW CAM,2,2,20,,0
2025/12/10,2025/11/22,2025/11/26,2025124,E000098126,3145-533AA30,WW CAM,104,18,18,,0
2025/12/01,2025/11/22,2025/11/14,2025121,E000098113,3145-534AA30,TK CAM,48,48,48,,0
2025/12/10,2025/11/22,2025/11/26,2025124,E000098127,3145-534AA30,TK CAM,100,0,0,,0
2025/12/10,2025/11/22,2025/11/26,2025124,E000098128,3145-536AA30,KW CAM,148,35,35,,0
2025/12/10,2025/11/22,2025/11/26,2025124,E000098129,3145-537AA30,WK CAM,148,48,48,,0
2025/12/10,2025/11/22,2025/11/26,2025124,E000098130,3145-538AA30,TW CAM,40,14,14,,0
2025/12/10,2025/11/22,2025/11/26,2025124,E000098131,3145-539AA30,WT CAM,40,15,15,,0
2025/12/01,2025/11/22,2025/11/14,2025121,E000098114,3145-551AA30,TT CAM,1,1,7,,0
2025/12/10,2025/11/22,2025/11/26,2025124,E000098132,3145-551AA30,TT CAM,20,6,6,,0
2025/12/01,2025/11/22,2025/11/14,2025121,E000098115,3145-611AA30,SINKER CAM,93,93,166,,0
2025/12/10,2025/11/22,2025/11/26,2025124,E000098133,3145-611AA30,SINKER CAM,186,73,73,,0
2025/12/01,2025/11/22,2025/11/14,2025121,E000098116,3145-611BA30,SINKER CAM,4,4,5,,0
2025/12/10,2025/11/22,2025/11/26,2025124,E000098134,3145-611BA30,SINKER CAM,8,1,1,,0
2025/12/01,2025/11/22,2025/11/14,2025121,E000098117,3145-612AA30,SINKER GATE CAM A,1,0,8,,1
2025/12/10,2025/11/22,2025/11/26,2025124,E000098135,3145-612AA30,SINKER GATE CAM A,2,0,8,,2
2025/12/01,2025/11/22,2025/11/14,2025121,E000098118,3145-612BA30,SINKER GATE CAM B,1,0,9,,1
2025/12/10,2025/11/22,2025/11/26,2025124,E000098136,3145-612BA30,SINKER GATE CAM B,2,0,9,,2
2025/12/03,2025/11/22,2025/12/03,,E000098379,3147-511AA38,KNIT CAM,208,37,37,PJ-0631801,
2026/02/02,2025/11/22,2026/01/19,2026021,E000098963,3147-522AA30,GATE WW CAM,1,1,4,,0
2025/11/25,2025/11/22,2025/11/10,2025117,E000097571,3147-531AA30,KNIT CAM,232,232,273,,0
2025/11/25,2025/11/22,2025/11/10,2025117,E000097572,3147-533AA30,WELT CAM,232,232,287,,0
2025/11/25,2025/11/22,2025/11/10,2025117,E000097573,3147-535AA30,GATE CAM,4,0,7,,4
2025/12/24,2025/11/22,2025/12/24,,E000098576,3151-621AA30,SINKER CAM,144,48,48,PE-2564408,
2025/12/24,2025/11/22,2025/12/24,,E000098573,3151-621AA30,SINKER CAM,144,0,0,PE-2564308,
2025/12/24,2025/11/22,2025/12/24,,E000098577,3151-621BA30,SINKER CAM,6,6,11,PE-2564409,
2025/12/24,2025/11/22,2025/12/24,,E000098574,3151-621BA30,SINKER CAM,6,5,5,PE-2564309,
2025/12/24,2025/11/22,2025/12/24,,E000098578,3151-622AB30,SINKER GATE CAM,2,2,4,PE-2564410,
2025/12/24,2025/11/22,2025/12/24,,E000098575,3151-622AB30,SINKER GATE CAM,2,2,2,PE-2564310,
2025/12/03,2025/11/22,2025/11/18,2025122,E000098188,3153-511AA30,KK CAM,290,184,184,,0
2026/01/20,2025/11/22,2026/01/05,2026015,E000098649,3153-511AA30,KK CAM,290,0,0,,0
2025/12/03,2025/11/22,2025/11/18,2025122,E000098189,3153-512AA30,KT CAM,96,36,36,,0
2025/12/17,2025/11/22,2025/12/17,,E000098380,3153-512AA30,KT CAM,500,0,0,PM-5160201,
2026/01/20,2025/11/22,2026/01/05,2026015,E000098650,3153-512AA30,KT CAM,96,0,0,,0
2025/12/03,2025/11/22,2025/11/18,2025122,E000098190,3153-512BA30,TK CAM,144,68,68,,0
2026/01/20,2025/11/22,2026/01/05,2026015,E000098651,3153-512BA30,TK CAM,144,0,0,,0
2025/12/03,2025/11/22,2025/11/18,2025122,E000098191,3153-513AA30,TW CAM,48,0,58,,48
2026/01/20,2025/11/22,2026/01/05,2026015,E000098652,3153-513AA30,TW CAM,48,48,58,,0
2025/12/03,2025/11/22,2025/11/18,2025122,E000098192,3153-513BA30,WT CAM,48,0,87,,48
2026/01/20,2025/11/22,2026/01/05,2026015,E000098653,3153-513BA30,WT CAM,48,48,87,,0
2025/12/03,2025/11/22,2025/11/18,2025122,E000098193,3153-513CA30,WW CAM,48,0,61,,48
2026/01/20,2025/11/22,2026/01/05,2026015,E000098654,3153-513CA30,WW CAM,48,48,61,,0
2025/12/03,2025/11/22,2025/11/18,2025122,E000098194,3153-515AA30,GATE CAM A,4,0,33,,4
2026/01/20,2025/11/22,2026/01/05,2026015,E000098655,3153-515AA30,GATE CAM A,4,4,33,,0
2025/12/03,2025/11/22,2025/11/18,2025122,E000098195,3153-515BA30,GATE CAM B,4,0,28,,4
2026/01/20,2025/11/22,2026/01/05,2026015,E000098656,3153-515BA30,GATE CAM B,4,4,28,,0
2025/12/03,2025/11/22,2025/11/18,2025122,E000098196,3153-611AA30,SINKER CAM,194,100,100,,0
2026/01/20,2025/11/22,2026/01/05,2026015,E000098657,3153-611AA30,SINKER CAM,194,0,0,,0
2025/12/03,2025/11/22,2025/11/18,2025122,E000098197,3153-612AA30,SINKER GATE CAM A,2,0,2,,2
2026/01/20,2025/11/22,2026/01/05,2026015,E000098658,3153-612AA30,SINKER GATE CAM A,2,2,2,,0
2025/12/03,2025/11/22,2025/11/18,2025122,E000098198,3153-612BA30,SINKER GATE CAM B,2,0,3,,2
2026/01/20,2025/11/22,2026/01/05,2026015,E000098659,3153-612BA30,SINKER GATE CAM B,2,2,3,,0
2026/01/30,2025/11/22,2026/01/30,,E000099145,3154-511AC22,KNIT CAM,100,13,13,PM-5168101,
2026/01/30,2025/11/22,2026/01/30,,E000099146,3154-611ZA22,SINKER CAM,100,4,4,PM-5168102,
2025/11/04,2025/11/22,2025/10/20,2025111,E000097095,3164-511AA32,KNIT CAM,1668,0,64,,1668
2025/11/06,2025/11/22,2025/10/22,2025112,E000097103,3164-511AA32,KNIT CAM,1668,0,64,,1668
2025/11/11,2025/11/22,2025/10/27,2025113,E000097198,3164-511AA32,KNIT CAM,834,0,64,,834
2026/02/04,2025/11/22,2026/01/21,2026022,E000099101,3164-511AA32,KNIT CAM,1251,64,64,,0
2025/11/20,2025/11/22,2025/11/06,2025116,E000097562,3164-511AA34,KNIT CAM,650,650,698,,0
2026/02/24,2025/11/22,2026/02/06,2026027,E000099256,3164-511AA42,KNIT CAM,411,16,16,,0
2026/02/02,2025/11/22,2026/01/19,2026021,E000098964,3164-511AB30,KNIT CAM,386,221,221,,0
2026/01/13,2025/11/22,2026/01/13,,E000098874,3164-511ZA34,KNIT CAM,220,20,20,PE-2569001,
2025/11/04,2025/11/22,2025/10/20,2025111,E000097096,3164-512AA32,TUCK CAM,832,0,25,,832
2025/11/06,2025/11/22,2025/10/22,2025112,E000097104,3164-512AA32,TUCK CAM,832,0,25,,832
2025/11/11,2025/11/22,2025/10/27,2025113,E000097199,3164-512AA32,TUCK CAM,416,0,25,,416
2026/02/04,2025/11/22,2026/01/21,2026022,E000099102,3164-512AA32,TUCK CAM,624,25,25,,0
2025/11/20,2025/11/22,2025/11/06,2025116,E000097563,3164-512AA34,TUCK CAM,324,324,409,,0
2026/02/24,2025/11/22,2026/02/06,2026027,E000099257,3164-512AA42,TUCK CAM,210,6,6,,0
2026/02/02,2025/11/22,2026/01/19,2026021,E000098965,3164-512AB30,TUCK CAM,192,81,81,,0
2025/11/04,2025/11/22,2025/10/20,2025111,E000097097,3164-513AA32,WELT CAM,624,0,47,,624
2025/11/06,2025/11/22,2025/10/22,2025112,E000097105,3164-513AA32,WELT CAM,624,0,47,,624
2025/11/11,2025/11/22,2025/10/27,2025113,E000097200,3164-513AA32,WELT CAM,312,0,47,,312
2025/12/15,2025/11/22,2025/12/15,,E000098584,3164-513AA32,WELT CAM,16,16,47,PM-5162204,
2026/02/04,2025/11/22,2026/01/21,2026022,E000099103,3164-513AA32,WELT CAM,468,31,31,,0
2025/11/20,2025/11/22,2025/11/06,2025116,E000097564,3164-513AA34,WELT CAM,324,324,437,,0
2026/02/24,2025/11/22,2026/02/06,2026027,E000099258,3164-513AA42,WELT CAM,140,4,4,,0
2026/02/02,2025/11/22,2026/01/19,2026021,E000098966,3164-513AB30,WELT CAM,192,96,96,,0
2026/02/06,2025/11/22,2026/02/06,,E000099096,3164-514AB30,WELT CAM,4,4,11,PM-5167104,
2025/11/04,2025/11/22,2025/10/20,2025111,E000097098,3164-515AA32,GATE CAM A,16,0,55,,16
2025/11/06,2025/11/22,2025/10/22,2025112,E000097106,3164-515AA32,GATE CAM A,16,0,55,,16
2025/11/11,2025/11/22,2025/10/27,2025113,E000097201,3164-515AA32,GATE CAM A,8,0,55,,8
2026/02/04,2025/11/22,2026/01/21,2026022,E000099104,3164-515AA32,GATE CAM A,12,12,55,,0
2025/11/20,2025/11/22,2025/11/06,2025116,E000097565,3164-515AA34,GATE CAM A,8,0,24,,8
2026/02/24,2025/11/22,2026/02/06,2026027,E000099259,3164-515AA42,GATE CAM A,4,3,3,,0
2026/02/02,2025/11/22,2026/01/19,2026021,E000098967,3164-515AB30,GATE CAM A,8,8,48,,0
2025/11/04,2025/11/22,2025/10/20,2025111,E000097099,3164-515BA32,GATE CAM B,16,0,67,,16
2025/11/06,2025/11/22,2025/10/22,2025112,E000097107,3164-515BA32,GATE CAM B,16,0,67,,16
2025/11/11,2025/11/22,2025/10/27,2025113,E000097202,3164-515BA32,GATE CAM B,8,0,67,,8
2026/02/04,2025/11/22,2026/01/21,2026022,E000099105,3164-515BA32,GATE CAM B,12,12,67,,0
2025/11/20,2025/11/22,2025/11/06,2025116,E000097566,3164-515BA34,GATE CAM B,8,0,29,,8
2026/02/24,2025/11/22,2026/02/06,2026027,E000099260,3164-515BA42,GATE CAM B,4,2,2,,0
2026/02/02,2025/11/22,2026/01/19,2026021,E000098968,3164-515BB30,GATE CAM B,8,8,48,,0
2026/02/06,2025/11/22,2026/02/06,,E000099097,3164-521AA30,KNIT CAM,192,12,12,PM-5167105,
2026/02/02,2025/11/22,2026/01/19,2026021,E000098969,3164-611AA30,SINKER CAM,194,194,200,,0
2026/02/06,2025/11/22,2026/02/06,,E000099095,3164-611AA30,SINKER CAM,96,6,6,PM-5167103,
2025/11/04,2025/11/22,2025/10/20,2025111,E000097100,3164-611AA32,SINKER CAM,420,0,81,,420
2025/11/06,2025/11/22,2025/10/22,2025112,E000097108,3164-611AA32,SINKER CAM,420,0,81,,420
2025/11/11,2025/11/22,2025/10/27,2025113,E000097203,3164-611AA32,SINKER CAM,210,0,81,,210
2026/02/04,2025/11/22,2026/01/21,2026022,E000099106,3164-611AA32,SINKER CAM,315,81,81,,0
2025/11/20,2025/11/22,2025/11/06,2025116,E000097567,3164-611AA34,SINKER CAM,218,218,343,,0
2026/02/24,2025/11/22,2026/02/06,2026027,E000099261,3164-611AA42,SINKER CAM,137,8,8,,0
2025/11/04,2025/11/22,2025/11/04,,E000096879,3166-511AA18,KNIT CAM,200,59,59,PM-5151202,
2025/11/04,2025/11/22,2025/11/04,,E000096880,3166-511AA22,KNIT CAM,200,68,68,PM-5151204,
2026/01/22,2025/11/22,2026/01/07,2026016,E000098688,3167-521AA34,KNIT CAM,813,44,44,,0
2026/01/27,2025/11/22,2026/01/13,2026017,E000098707,3167-521AA34,KNIT CAM,813,0,0,,0
2026/01/29,2025/11/22,2026/01/15,2026018,E000098713,3167-521AA34,KNIT CAM,1084,0,0,,0
2026/02/09,2025/11/22,2026/01/26,2026023,E000099031,3167-521AA34,KNIT CAM,1355,0,0,,0
2026/01/22,2025/11/22,2026/01/07,2026016,E000098689,3167-522AA34,TUCK CAM,270,20,20,,0
2026/01/27,2025/11/22,2026/01/13,2026017,E000098708,3167-522AA34,TUCK CAM,270,0,0,,0
2026/01/29,2025/11/22,2026/01/15,2026018,E000098714,3167-522AA34,TUCK CAM,360,0,0,,0
2026/02/09,2025/11/22,2026/01/26,2026023,E000099032,3167-522AA34,TUCK CAM,450,0,0,,0
2026/01/22,2025/11/22,2026/01/07,2026016,E000098690,3167-523AA34,WELT CAM,270,43,43,,0
2026/01/27,2025/11/22,2026/01/13,2026017,E000098709,3167-523AA34,WELT CAM,270,0,0,,0
2026/01/29,2025/11/22,2026/01/15,2026018,E000098715,3167-523AA34,WELT CAM,360,0,0,,0
2026/02/09,2025/11/22,2026/01/26,2026023,E000099033,3167-523AA34,WELT CAM,450,0,0,,0
2026/01/22,2025/11/22,2026/01/07,2026016,E000098691,3167-525AA30,GATE CAM,12,9,9,,0
2026/01/27,2025/11/22,2026/01/13,2026017,E000098710,3167-525AA30,GATE CAM,12,0,0,,0
2026/01/29,2025/11/22,2026/01/15,2026018,E000098716,3167-525AA30,GATE CAM,16,0,0,,0
2026/02/09,2025/11/22,2026/01/26,2026023,E000099034,3167-525AA30,GATE CAM,20,0,0,,0
2026/01/22,2025/11/22,2026/01/07,2026016,E000098692,3167-611AA34,SINKER CAM,273,14,14,,0
2026/01/27,2025/11/22,2026/01/13,2026017,E000098711,3167-611AA34,SINKER CAM,273,0,0,,0
2026/01/29,2025/11/22,2026/01/15,2026018,E000098717,3167-611AA34,SINKER CAM,364,0,0,,0
2026/02/09,2025/11/22,2026/01/26,2026023,E000099035,3167-611AA34,SINKER CAM,455,0,0,,0
2026/01/22,2025/11/22,2026/01/07,2026016,E000098693,3167-612AA34,SINKER GATE CAM,3,3,17,,0
2026/01/27,2025/11/22,2026/01/13,2026017,E000098712,3167-612AA34,SINKER GATE CAM,3,3,14,,0
2026/01/29,2025/11/22,2026/01/15,2026018,E000098718,3167-612AA34,SINKER GATE CAM,4,4,11,,0
2026/02/09,2025/11/22,2026/01/26,2026023,E000099036,3167-612AA34,SINKER GATE CAM,5,5,7,,0
2025/11/28,2025/11/22,2025/11/28,202511,E000098103,3237-511BA,STITCH CAM,434,434,474,,
2025/11/28,2025/11/22,2025/11/28,202511,E000098104,3237-512AB34,KNIT CAM,434,434,444,,
2025/11/28,2025/11/22,2025/11/28,202511,E000098105,3237-513AB34,TUCK CAM,216,216,234,,
2025/11/28,2025/11/22,2025/11/28,202511,E000098378,3237-514AC34,WELT CAM,216,216,224,,
2025/11/28,2025/11/22,2025/11/28,202511,E000098107,3237-515AA34,SEGMENT CAM,8,8,19,,
2025/11/28,2025/11/22,2025/11/28,202511,E000098108,3237-611AB34,SINKER CAM,110,110,121,,
2025/11/28,2025/11/22,2025/11/28,202511,E000098109,3237-612AB34,SINKER GATE CAM,2,2,7,,
2026/01/13,2025/11/22,2025/12/22,2026013,E000098786,3238-511BA,STITCH CAM,485,65,65,,0
2026/01/15,2025/11/22,2025/12/24,2026014,E000098811,3238-511BA,STITCH CAM,255,0,0,,0
2026/01/20,2025/11/22,2026/01/05,2026015,E000098843,3238-511BA,STITCH CAM,170,0,0,,0
2026/02/09,2025/11/22,2026/01/26,2026023,E000099154,3238-511BA,STITCH CAM,194,0,0,,0
2026/02/12,2025/11/22,2026/01/28,2026024,E000099179,3238-511BA,STITCH CAM,291,0,0,,0
2026/02/17,2025/11/22,2026/02/02,2026025,E000099204,3238-511BA,STITCH CAM,170,0,0,,0
2026/02/19,2025/11/22,2026/02/04,2026026,E000099229,3238-511BA,STITCH CAM,255,0,0,,0
2026/01/13,2025/11/22,2025/12/22,2026013,E000098787,3238-521AA,STITCH CAM,240,33,33,,0
2026/01/15,2025/11/22,2025/12/24,2026014,E000098812,3238-521AA,STITCH CAM,126,0,0,,0
2026/01/20,2025/11/22,2026/01/05,2026015,E000098844,3238-521AA,STITCH CAM,84,0,0,,0
2026/02/09,2025/11/22,2026/01/26,2026023,E000099155,3238-521AA,STITCH CAM,96,0,0,,0
2026/02/12,2025/11/22,2026/01/28,2026024,E000099180,3238-521AA,STITCH CAM,144,0,0,,0
2026/02/17,2025/11/22,2026/02/02,2026025,E000099205,3238-521AA,STITCH CAM,84,0,0,,0
2026/02/19,2025/11/22,2026/02/04,2026026,E000099230,3238-521AA,STITCH CAM,126,0,0,,0
2026/01/15,2025/11/22,2025/12/24,2026014,E000098813,3239-512AA26,KNIT CAM,255,17,17,,0
2026/01/20,2025/11/22,2026/01/05,2026015,E000098845,3239-512AA26,KNIT CAM,170,0,0,,0
2026/02/17,2025/11/22,2026/02/02,2026025,E000099206,3239-512AA26,KNIT CAM,170,0,0,,0
2026/02/19,2025/11/22,2026/02/04,2026026,E000099231,3239-512AA26,KNIT CAM,255,0,0,,0
2026/01/13,2025/11/22,2025/12/22,2026013,E000098788,3239-512AB30,KNIT CAM,485,87,87,,0
2026/02/09,2025/11/22,2026/01/26,2026023,E000099156,3239-512AB30,KNIT CAM,194,0,0,,0
2026/02/12,2025/11/22,2026/01/28,2026024,E000099181,3239-512AB30,KNIT CAM,291,0,0,,0
2026/01/15,2025/11/22,2025/12/24,2026014,E000098814,3239-513AA26,TUCK CAM,126,9,9,,0
2026/01/20,2025/11/22,2026/01/05,2026015,E000098846,3239-513AA26,TUCK CAM,84,0,0,,0
2026/02/17,2025/11/22,2026/02/02,2026025,E000099207,3239-513AA26,TUCK CAM,84,0,0,,0
2026/02/19,2025/11/22,2026/02/04,2026026,E000099232,3239-513AA26,TUCK CAM,126,0,0,,0
2026/01/13,2025/11/22,2025/12/22,2026013,E000098789,3239-513AB30,TUCK CAM,240,74,74,,0
2026/02/09,2025/11/22,2026/01/26,2026023,E000099157,3239-513AB30,TUCK CAM,96,0,0,,0
2026/02/12,2025/11/22,2026/01/28,2026024,E000099182,3239-513AB30,TUCK CAM,144,0,0,,0
2026/01/15,2025/11/22,2025/12/24,2026014,E000098815,3239-514AB26,WELT CAM,126,0,0,,0
2026/01/20,2025/11/22,2026/01/05,2026015,E000098847,3239-514AB26,WELT CAM,84,0,0,,0
2026/02/17,2025/11/22,2026/02/02,2026025,E000099208,3239-514AB26,WELT CAM,84,0,0,,0
2026/02/19,2025/11/22,2026/02/04,2026026,E000099233,3239-514AB26,WELT CAM,126,0,0,,0
2026/01/13,2025/11/22,2025/12/22,2026013,E000098790,3239-514AC30,WELT CAM,240,45,45,,0
2026/02/09,2025/11/22,2026/01/26,2026023,E000099158,3239-514AC30,WELT CAM,96,0,0,,0
2026/02/12,2025/11/22,2026/01/28,2026024,E000099183,3239-514AC30,WELT CAM,144,0,0,,0
2026/01/15,2025/11/22,2025/12/24,2026014,E000098816,3239-515AA26,SEGMENT CAM,12,7,7,,0
2026/01/20,2025/11/22,2026/01/05,2026015,E000098848,3239-515AA26,SEGMENT CAM,8,0,0,,0
2026/02/17,2025/11/22,2026/02/02,2026025,E000099209,3239-515AA26,SEGMENT CAM,8,0,0,,0
2026/02/19,2025/11/22,2026/02/04,2026026,E000099234,3239-515AA26,SEGMENT CAM,12,0,0,,0
2026/01/13,2025/11/22,2025/12/22,2026013,E000098791,3239-515AB30,SEGMENT CAM,20,4,4,,0
2026/02/09,2025/11/22,2026/01/26,2026023,E000099159,3239-515AB30,SEGMENT CAM,8,0,0,,0
2026/02/12,2025/11/22,2026/01/28,2026024,E000099184,3239-515AB30,SEGMENT CAM,12,0,0,,0
2026/01/15,2025/11/22,2025/12/24,2026014,E000098817,3239-611AA26,SINKER CAM,129,38,38,,0
2026/01/20,2025/11/22,2026/01/05,2026015,E000098849,3239-611AA26,SINKER CAM,86,0,0,,0
2026/02/17,2025/11/22,2026/02/02,2026025,E000099210,3239-611AA26,SINKER CAM,86,0,0,,0
2026/02/19,2025/11/22,2026/02/04,2026026,E000099235,3239-611AA26,SINKER CAM,129,0,0,,0
2026/01/13,2025/11/22,2025/12/22,2026013,E000098792,3239-611AB34,SINKER CAM,245,4,4,,0
2026/02/09,2025/11/22,2026/01/26,2026023,E000099160,3239-611AB34,SINKER CAM,98,0,0,,0
2026/02/12,2025/11/22,2026/01/28,2026024,E000099185,3239-611AB34,SINKER CAM,147,0,0,,0
2026/01/15,2025/11/22,2025/12/24,2026014,E000098818,3239-612AA26,SINKER GATE CAM,3,3,6,,0
2026/01/20,2025/11/22,2026/01/05,2026015,E000098850,3239-612AA26,SINKER GATE CAM,2,2,3,,0
2026/02/17,2025/11/22,2026/02/02,2026025,E000099211,3239-612AA26,SINKER GATE CAM,2,1,1,,0
2026/02/19,2025/11/22,2026/02/04,2026026,E000099236,3239-612AA26,SINKER GATE CAM,3,0,0,,0
2026/01/13,2025/11/22,2025/12/22,2026013,E000098793,3239-612AB34,SINKER GATE CAM,5,5,9,,0
2026/02/09,2025/11/22,2026/01/26,2026023,E000099161,3239-612AB34,SINKER GATE CAM,2,2,4,,0
2026/02/12,2025/11/22,2026/01/28,2026024,E000099186,3239-612AB34,SINKER GATE CAM,3,2,2,,0
2025/11/20,2025/11/22,2025/11/06,2025116,E000097348,335-515AA33,DROPLESS GUARD CAM,108,108,169,,0
2026/01/07,2025/11/22,2025/12/17,2026012,E000098586,335-515AA33,DROPLESS GUARD CAM,42,42,61,,0
2026/01/07,2025/11/22,2025/12/17,2026012,E000098587,335-611BB33,STITCH CAM,43,43,52,,0
2025/12/01,2025/11/22,2025/11/14,2025121,E000098049,352-575AA30,DROPLESS GUARD CAM,76,76,99,,0
2026/01/07,2025/11/22,2025/12/17,2026012,E000098588,352-575AA30,DROPLESS GUARD CAM,42,23,23,,0
2026/01/09,2025/11/22,2026/01/09,,E000098371,352B-505CA30,PRESSER PLATE,1,1,7,PM-5159107,
2025/11/27,2025/11/22,2025/11/12,2025118,E000097589,352B-506AA38,NEEDLE GUARD,84,84,133,,0
2025/11/27,2025/11/22,2025/11/12,2025118,E000097590,352B-506BA38,NEEDLE GUARD,2,0,8,,2
2026/01/30,2025/11/22,2026/01/30,,E000099091,352B-513AB30,JACK GUARD CAM,2,2,82,PE-2571001,
2025/11/27,2025/11/22,2025/11/12,2025118,E000097591,352B-517AC38,GATE CAM,2,0,5,,2
2025/12/12,2025/11/22,2025/12/12,,E000099088,352B-518AA30,GATE CAM,10,7,7,PM-5166803,
2026/01/30,2025/11/22,2026/01/30,,E000099092,352B-518AA30,GATE CAM,1,0,0,PE-2571002,
2025/11/27,2025/11/22,2025/11/12,2025118,E000097592,352B-518AA38,GATE CAM,2,0,17,,2
2025/12/01,2025/11/22,2025/11/14,2025121,E000098050,352B-611CA33,STITCH CAM,77,77,118,,0
2025/12/01,2025/11/22,2025/11/14,2025121,E000098051,352B-613BA34,KNIT CAM (H),76,76,79,,0
2025/12/01,2025/11/22,2025/11/14,2025121,E000098052,352B-614BA34,TUCK CAM (H),76,76,79,,0
2025/12/01,2025/11/22,2025/11/14,2025121,E000098053,352B-615BA34,WELT GUARD CAM (H),76,76,80,,0
2025/12/01,2025/11/22,2025/11/14,2025121,E000098054,352B-616BA34,WELT CAM (H),76,76,80,,0
2025/12/01,2025/11/22,2025/11/14,2025121,E000098055,352B-617BA34,KNIT CAM (L),76,76,79,,0
2025/12/01,2025/11/22,2025/11/14,2025121,E000098056,352B-618BA34,TUCK CAM (L),76,76,80,,0
2025/12/01,2025/11/22,2025/11/14,2025121,E000098057,352B-619BA34,WELT GUARD CAM (L),76,76,80,,0
2025/12/01,2025/11/22,2025/11/14,2025121,E000098058,352B-620BA34,WELT CAM (L),76,76,80,,0
2025/11/11,2025/11/22,2025/10/27,2025113,E000097208,3538-505AA30,PIECE SET PLATE,36,0,27,,36
2025/11/11,2025/11/22,2025/10/27,2025113,E000097209,3538-505AA34,PIECE SET PLATE,42,0,33,,42
2025/12/08,2025/11/22,2025/11/21,2025123,E000097783,3538-505AA34,PIECE SET PLATE,42,33,33,,0
2026/02/19,2025/11/22,2026/02/04,2026026,E000099283,3538-505AA34,PIECE SET PLATE,84,0,0,,0
2025/11/11,2025/11/22,2025/10/27,2025113,E000097210,3538-505BA30,PIECE SET PLATE,1,0,10,,1
2025/11/11,2025/11/22,2025/10/27,2025113,E000097211,3538-505BA34,PIECE SET PLATE,1,0,18,,1
2025/12/08,2025/11/22,2025/11/21,2025123,E000097784,3538-505BA34,PIECE SET PLATE,1,0,18,,1
2026/02/19,2025/11/22,2026/02/04,2026026,E000099284,3538-505BA34,PIECE SET PLATE,2,2,18,,0
2025/11/11,2025/11/22,2025/10/27,2025113,E000097212,3538-511AA30,STITCH CAM,158,0,36,,158
2025/11/20,2025/11/22,2025/11/20,,E000098742,3538-511AA30,STITCH CAM,72,36,36,PE-2566801,
2025/12/08,2025/11/22,2025/11/21,2025123,E000097785,3538-511AA30,STITCH CAM,84,0,0,,0
2025/12/08,2025/11/22,2025/11/21,2025123,E000097786,3538-512CA34,NEEDLE GUARD CAM,84,0,0,,0
2025/12/08,2025/11/22,2025/11/21,2025123,E000097787,3538-513CA34,JACK GUARD CAM,84,0,0,,0
2025/12/08,2025/11/22,2025/11/21,2025123,E000097788,3538-514CA34,JACK RAISING CAM,85,0,0,,0
2025/11/11,2025/11/22,2025/10/27,2025113,E000097213,3538-515AA30,DROPLESS GUARD CAM,72,0,82,,72
2025/11/11,2025/11/22,2025/10/27,2025113,E000097214,3538-515AA34,DROPLESS GUARD CAM,84,0,36,,84
2025/12/08,2025/11/22,2025/11/21,2025123,E000097789,3538-515AA34,DROPLESS GUARD CAM,84,36,36,,0
2025/12/08,2025/11/22,2025/11/21,2025123,E000097790,3538-516AA34,GATE CAM,1,0,3,,1
2025/12/08,2025/11/22,2025/11/21,2025123,E000097791,3538-517AA34,GATE CAM,1,0,6,,1
2025/12/08,2025/11/22,2025/11/21,2025123,E000097792,3538-518AB34,GATE CAM,1,0,5,,1
2025/11/11,2025/11/22,2025/10/27,2025113,E000097215,3538-522AA30,NEEDLE GUARD CAM,10,0,11,,10
2025/11/11,2025/11/22,2025/10/27,2025113,E000097216,3538-522AA34,NEEDLE GUARD CAM,12,0,3,,12
2025/11/11,2025/11/22,2025/10/27,2025113,E000097217,3538-523AA30,JACK GUARD CAM,10,0,10,,10
2025/11/11,2025/11/22,2025/10/27,2025113,E000097218,3538-523AA34,JACK GUARD CAM,12,0,33,,12
2025/11/11,2025/11/22,2025/10/27,2025113,E000097219,3538-524AA30,JACK RAISING CAM,10,0,10,,10
2025/11/11,2025/11/22,2025/10/27,2025113,E000097220,3538-524AA34,JACK RAISING CAM,12,0,8,,12
2025/11/11,2025/11/22,2025/10/27,2025113,E000097221,3538-541AB30,JACK GUARD ARC CAM,36,0,29,,36
2025/11/11,2025/11/22,2025/10/27,2025113,E000097222,3538-541AB34,JACK GUARD ARC CAM,42,0,28,,42
2025/12/08,2025/11/22,2025/11/21,2025123,E000097793,3538-541AB34,JACK GUARD ARC CAM,42,28,28,,0
2026/02/19,2025/11/22,2026/02/04,2026026,E000099285,3538-541AB34,JACK GUARD ARC CAM,84,0,0,,0
2025/11/11,2025/11/22,2025/10/27,2025113,E000097223,3538-542AA30,JACK GUARD ARC CAM,1,0,0,,1
2025/11/11,2025/11/22,2025/10/27,2025113,E000097224,3538-542AA34,JACK GUARD ARC CAM,1,0,29,,1
2025/12/08,2025/11/22,2025/11/21,2025123,E000097794,3538-542AA34,JACK GUARD ARC CAM,1,0,29,,1
2026/02/19,2025/11/22,2026/02/04,2026026,E000099286,3538-542AA34,JACK GUARD ARC CAM,2,2,29,,0
2025/11/11,2025/11/22,2025/10/27,2025113,E000097225,3538-566AB30,JACK GUARD CAM,72,0,40,,72
2025/11/11,2025/11/22,2025/10/27,2025113,E000097226,3538-566AB34,JACK GUARD CAM,84,0,16,,84
2025/12/08,2025/11/22,2025/11/21,2025123,E000097795,3538-566AB34,JACK GUARD CAM,84,16,16,,0
2026/02/19,2025/11/22,2026/02/04,2026026,E000099287,3538-566AB34,JACK GUARD CAM,168,0,0,,0
2025/11/11,2025/11/22,2025/10/27,2025113,E000097227,3538-566BA30,JACK GUARD CAM,72,0,31,,72
2025/11/11,2025/11/22,2025/10/27,2025113,E000097228,3538-566BA34,JACK GUARD CAM,84,0,46,,84
2025/12/08,2025/11/22,2025/11/21,2025123,E000097796,3538-566BA34,JACK GUARD CAM,84,46,46,,0
2026/02/19,2025/11/22,2026/02/04,2026026,E000099288,3538-566BA34,JACK GUARD CAM,168,0,0,,0
2025/11/11,2025/11/22,2025/10/27,2025113,E000097229,3538-566CA30,JACK GUARD CAM,1,0,4,,1
2025/11/11,2025/11/22,2025/10/27,2025113,E000097230,3538-566CA34,JACK GUARD CAM,1,0,4,,1
2025/12/08,2025/11/22,2025/11/21,2025123,E000097797,3538-566CA34,JACK GUARD CAM,1,0,4,,1
2026/02/19,2025/11/22,2026/02/04,2026026,E000099289,3538-566CA34,JACK GUARD CAM,2,2,4,,0
2025/11/11,2025/11/22,2025/10/27,2025113,E000097231,3538-566DA30,JACK GUARD CAM,1,0,18,,1
2025/11/11,2025/11/22,2025/10/27,2025113,E000097232,3538-566DA34,JACK GUARD CAM,1,0,5,,1
2025/12/08,2025/11/22,2025/11/21,2025123,E000097798,3538-566DA34,JACK GUARD CAM,1,0,5,,1
2026/02/19,2025/11/22,2026/02/04,2026026,E000099290,3538-566DA34,JACK GUARD CAM,2,2,5,,0
2025/11/11,2025/11/22,2025/10/27,2025113,E000097233,3538-569AB30,CANCELLING CAM,73,0,32,,73
2025/11/11,2025/11/22,2025/10/27,2025113,E000097234,3538-569AB34,CANCELLING CAM,85,0,83,,85
2025/12/08,2025/11/22,2025/11/21,2025123,E000097799,3538-569AB34,CANCELLING CAM,85,83,83,,0
2026/02/19,2025/11/22,2026/02/04,2026026,E000099291,3538-569AB34,CANCELLING CAM,170,0,0,,0
2025/11/11,2025/11/22,2025/10/27,2025113,E000097235,3538-569BA30,CANCELLING CAM,73,0,45,,73
2025/11/11,2025/11/22,2025/10/27,2025113,E000097236,3538-569BA34,CANCELLING CAM,85,0,36,,85
2025/12/08,2025/11/22,2025/11/21,2025123,E000097800,3538-569BA34,CANCELLING CAM,85,36,36,,0
2026/02/19,2025/11/22,2026/02/04,2026026,E000099292,3538-569BA34,CANCELLING CAM,170,0,0,,0
2025/11/11,2025/11/22,2025/10/27,2025113,E000097237,3538-570AC30,RAISING CAM,72,0,18,,72
2025/11/11,2025/11/22,2025/10/27,2025113,E000097238,3538-570AC34,RAISING CAM,84,0,73,,84
2025/12/08,2025/11/22,2025/11/21,2025123,E000097801,3538-570AC34,RAISING CAM,84,73,73,,0
2026/02/19,2025/11/22,2026/02/04,2026026,E000099293,3538-570AC34,RAISING CAM,168,0,0,,0
2025/11/11,2025/11/22,2025/10/27,2025113,E000097239,3538-570BD30,RAISING CAM,72,0,18,,72
2025/11/11,2025/11/22,2025/10/27,2025113,E000097240,3538-570BD34,RAISING CAM,84,0,81,,84
2025/12/08,2025/11/22,2025/11/21,2025123,E000097802,3538-570BD34,RAISING CAM,84,81,81,,0
2026/02/19,2025/11/22,2026/02/04,2026026,E000099294,3538-570BD34,RAISING CAM,168,0,0,,0
2025/11/11,2025/11/22,2025/10/27,2025113,E000097241,3538-570CB30,GATE CAM,2,0,3,,2
2025/11/11,2025/11/22,2025/10/27,2025113,E000097242,3538-570CB34,GATE CAM,2,0,2,,2
2025/12/08,2025/11/22,2025/11/21,2025123,E000097803,3538-570CB34,GATE CAM,2,0,2,,2
2026/02/19,2025/11/22,2026/02/04,2026026,E000099295,3538-570CB34,GATE CAM,4,2,2,,0
2025/11/11,2025/11/22,2025/10/27,2025113,E000097243,3538-591BA30,NEEDLE ARRANGE CAM,1,0,3,,1
2025/11/11,2025/11/22,2025/10/27,2025113,E000097244,3538-591BA34,NEEDLE ARRANGE CAM,1,0,2,,1
2025/12/08,2025/11/22,2025/11/21,2025123,E000097804,3538-591BA34,NEEDLE ARRANGE CAM,1,0,2,,1
2025/11/11,2025/11/22,2025/10/27,2025113,E000097245,3538-592AB30,JACK ARRANGE CAM,1,0,6,,1
2025/11/11,2025/11/22,2025/10/27,2025113,E000097246,3538-592AB34,JACK ARRANGE CAM,1,0,3,,1
2025/12/08,2025/11/22,2025/11/21,2025123,E000097805,3538-592AB34,JACK ARRANGE CAM,1,0,3,,1
2025/11/11,2025/11/22,2025/10/27,2025113,E000097247,3538-593AA30,JACK ARRANGE CAM,1,0,2,,1
2025/11/11,2025/11/22,2025/10/27,2025113,E000097248,3538-593AA34,JACK ARRANGE CAM,1,0,3,,1
2025/12/08,2025/11/22,2025/11/21,2025123,E000097806,3538-593AA34,JACK ARRANGE CAM,1,0,3,,1
2025/12/08,2025/11/22,2025/11/21,2025123,E000097807,3538-611AB34,SINKER CAM,81,8,8,,0
2025/12/08,2025/11/22,2025/11/21,2025123,E000097808,3538-611BB34,SINKER CAM,3,0,0,,3
2025/12/08,2025/11/22,2025/11/21,2025123,E000097809,3538-612AB34,SINKER GATE CAM,2,0,1,,2
2025/11/11,2025/11/22,2025/10/27,2025113,E000097249,3542-511AA30,STITCH CAM,78,0,33,,78
2025/12/08,2025/11/22,2025/11/21,2025123,E000097810,3542-511AA30,STITCH CAM,43,33,33,,0
2026/01/20,2025/11/22,2026/01/20,,E000098871,3542-511AA30,STITCH CAM,3,0,0,PJ-0635901,
2025/11/11,2025/11/22,2025/10/27,2025113,E000097250,3542-511BA30,STITCH CAM,78,0,13,,78
2025/12/08,2025/11/22,2025/11/21,2025123,E000097811,3542-511BA30,STITCH CAM,43,13,13,,0
2025/12/08,2025/11/22,2025/11/21,2025123,E000097812,3542-512CA34,NEEDLE GUARD CAM,42,13,13,,0
2025/11/11,2025/11/22,2025/10/27,2025113,E000097251,3542-513AA30,JACK GUARD CAM,1,0,4,,1
2025/11/11,2025/11/22,2025/10/27,2025113,E000097252,3542-513AA34,JACK GUARD CAM,1,0,7,,1
2025/11/11,2025/11/22,2025/10/27,2025113,E000097253,3542-515AA30,DROPLESS GUARD CAM,36,0,13,,36
2025/11/11,2025/11/22,2025/10/27,2025113,E000097254,3542-515AA34,DROPLESS GUARD CAM,42,0,28,,42
2025/12/08,2025/11/22,2025/11/21,2025123,E000097813,3542-515AA34,DROPLESS GUARD CAM,42,28,28,,0
2026/01/20,2025/11/22,2026/01/20,,E000098872,3542-611AB30,SINKER CAM,3,0,0,PJ-0635902,
2025/12/08,2025/11/22,2025/11/21,2025123,E000097814,3542-611AB34,SINKER CAM,41,4,4,,0
2025/12/08,2025/11/22,2025/11/21,2025123,E000097815,3542-611BB34,SINKER CAM,2,0,2,,2
2025/12/08,2025/11/22,2025/11/21,2025123,E000097816,3542-612AB34,SINKER CAM,41,4,4,,0
2025/12/08,2025/11/22,2025/11/21,2025123,E000097817,3542-612BB34,SINKER CAM,2,0,2,,2
2026/02/19,2025/11/22,2026/02/04,2026026,E000099296,3550-511AA30,STITCH CAM,170,89,89,,0
2026/02/19,2025/11/22,2026/02/04,2026026,E000099297,3550-512AA34,NEEDLE GUARD CAM,168,112,112,,0
2026/02/19,2025/11/22,2026/02/04,2026026,E000099298,3550-513AA34,JACK GUARD CAM,168,99,99,,0
2026/02/19,2025/11/22,2026/02/04,2026026,E000099299,3550-514AA34,JACK RAISING CAM,170,64,64,,0
2026/02/19,2025/11/22,2026/02/04,2026026,E000099300,3550-516AA34,GATE CAM,2,2,3,,0
2026/02/19,2025/11/22,2026/02/04,2026026,E000099301,3550-517AA34,GATE CAM,2,2,10,,0
2026/02/19,2025/11/22,2026/02/04,2026026,E000099302,3550-518AB34,GATE CAM,2,2,3,,0
2026/02/19,2025/11/22,2026/02/04,2026026,E000099303,3550-591AA34,NEEDLE ARRANGE CAM,2,1,1,,0
2026/02/19,2025/11/22,2026/02/04,2026026,E000099304,3550-592AB34,JACK ARRANGE CAM,2,2,5,,0
2026/02/19,2025/11/22,2026/02/04,2026026,E000099305,3550-593AA34,JACK ARRANGE CAM,2,2,3,,0
2026/02/19,2025/11/22,2026/02/04,2026026,E000099306,3550-611AB34,SINKER CAM,164,34,34,,0
2026/02/19,2025/11/22,2026/02/04,2026026,E000099307,3550-611PB34,SINKER CAM,4,2,2,,0
2026/02/19,2025/11/22,2026/02/04,2026026,E000099308,3550-612AB34,SINKER CAM,2,2,5,,0
2026/02/19,2025/11/22,2026/02/04,2026026,E000099309,3550-613AB34,SINKER CAM,2,2,5,,0
2025/12/03,2025/11/22,2025/11/18,2025122,E000097734,3557-511BB34,STITCH CAM,193,109,109,,0
2025/12/03,2025/11/22,2025/11/18,2025122,E000097735,3557-511CA34,STITCH CAM,48,23,23,,0
2025/12/03,2025/11/22,2025/11/18,2025122,E000097736,3557-512AA34,KNIT CAM,192,35,35,,0
2025/12/03,2025/11/22,2025/11/18,2025122,E000097737,3557-513AA34,TUCK CAM,24,0,3,,24
2025/12/03,2025/11/22,2025/11/18,2025122,E000097738,3557-514AB34,WELT CAM,72,23,23,,0
2025/12/03,2025/11/22,2025/11/18,2025122,E000097739,3557-515AA34,RAISING CAM,192,26,26,,0
2025/12/03,2025/11/22,2025/11/18,2025122,E000097740,3557-515BA34,RAISING CAM,24,7,7,,0
2025/12/03,2025/11/22,2025/11/18,2025122,E000097741,3557-516AA34,GATE CAM,4,0,1,,4
2025/12/03,2025/11/22,2025/11/18,2025122,E000097742,3557-522AA34,GUARD CAM,96,29,29,,0
2025/12/03,2025/11/22,2025/11/18,2025122,E000097743,3557-525AA34,GUARD CAM,48,27,27,,0
2025/12/03,2025/11/22,2025/11/18,2025122,E000097744,3557-611AB34,SINKER CAM,49,7,7,,0
2025/12/03,2025/11/22,2025/11/18,2025122,E000097745,3557-612AC34,SINKER CAM,49,13,13,,0
2025/12/03,2025/11/22,2025/11/18,2025122,E000097746,3557-614AA34,SINKER GATE CAM,1,0,2,,1
2025/12/03,2025/11/22,2025/11/18,2025122,E000097747,3557-621AB34,JACK GUARD CAM,48,9,9,,0
2025/12/03,2025/11/22,2025/11/18,2025122,E000097748,3557-621BA34,JACK GATE CAM,1,0,2,,1
2025/12/03,2025/11/22,2025/11/18,2025122,E000097749,3557-631AA34,SELECT CAM,48,13,13,,0
2025/12/03,2025/11/22,2025/11/18,2025122,E000097750,3557-632AA34,SELECT GATE CAM,1,0,1,,1
2025/12/03,2025/11/22,2025/11/18,2025122,E000097751,3557-641AB34,GUARD CAM,48,37,37,,0
2025/11/25,2025/11/22,2025/11/10,2025117,E000097515,3636-518AB30,GATE CAM,2,0,6,,2
2025/12/17,2025/11/22,2025/12/03,2025126,E000097969,3636-518AB30,GATE CAM,2,0,6,,2
2025/11/25,2025/11/22,2025/11/10,2025117,E000097516,3636-541AA30,JACK GUARD ARC CAM,98,98,123,,0
2025/12/17,2025/11/22,2025/12/03,2025126,E000097970,3636-541AA30,JACK GUARD ARC CAM,98,25,25,,0
2025/11/25,2025/11/22,2025/11/10,2025117,E000097517,3636-566AC30,GUARD CAM,194,194,244,,0
2025/12/17,2025/11/22,2025/12/03,2025126,E000097971,3636-566AC30,GUARD CAM,194,50,50,,0
2025/11/25,2025/11/22,2025/11/10,2025117,E000097518,3636-566PC30,GUARD CAM,2,2,6,,0
2025/12/17,2025/11/22,2025/12/03,2025126,E000097972,3636-566PC30,GUARD CAM,2,2,4,,0
2025/11/25,2025/11/22,2025/11/10,2025117,E000097519,3636-569AC30,CANCELLING CAM,98,98,106,,0
2025/12/17,2025/11/22,2025/12/03,2025126,E000097973,3636-569AC30,CANCELLING CAM,98,8,8,,0
2025/11/25,2025/11/22,2025/11/10,2025117,E000097520,3636-569BC30,CANCELLING CAM,98,98,122,,0
2025/12/17,2025/11/22,2025/12/03,2025126,E000097974,3636-569BC30,CANCELLING CAM,98,24,24,,0
2025/11/25,2025/11/22,2025/11/10,2025117,E000097521,3636-570BD30,RAISING CAM,192,192,197,,0
2025/12/17,2025/11/22,2025/12/03,2025126,E000097975,3636-570BD30,RAISING CAM,192,5,5,,0
2025/11/25,2025/11/22,2025/11/10,2025117,E000097522,3636-570DD30,RAISING CAM,4,0,0,,4
2025/12/17,2025/11/22,2025/12/03,2025126,E000097976,3636-570DD30,RAISING CAM,4,0,0,,4
2025/11/11,2025/11/22,2025/10/27,2025113,E000097255,3638-516AA30,GATE CAM,1,0,3,,1
2025/11/11,2025/11/22,2025/10/27,2025113,E000097256,3638-516AA34,GATE CAM,1,1,7,,0
2025/11/11,2025/11/22,2025/10/27,2025113,E000097257,3638-518AC30,GATE CAM,1,0,6,,1
2025/11/11,2025/11/22,2025/10/27,2025113,E000097258,3638-518AC34,GATE CAM,1,0,4,,1
2025/11/11,2025/11/22,2025/10/27,2025113,E000097259,3638-611AB30,SINKER CAM,73,0,21,,73
2025/11/11,2025/11/22,2025/10/27,2025113,E000097260,3638-611AB34,SINKER CAM,85,0,21,,85
2025/11/11,2025/11/22,2025/10/27,2025113,E000097261,3638-612AB30,SINKER CAM,2,0,2,,2
2025/11/11,2025/11/22,2025/10/27,2025113,E000097262,3638-612AB34,SINKER GATE CAM,2,0,0,,2
2025/11/11,2025/11/22,2025/10/27,2025113,E000097263,3642-611AB30,SINKER CAM,36,0,21,,36
2025/11/11,2025/11/22,2025/10/27,2025113,E000097264,3642-611AB34,SINKER CAM,42,0,26,,42
2025/11/11,2025/11/22,2025/10/27,2025113,E000097265,3642-612AC30,SINKER CAM,36,0,20,,36
2025/11/11,2025/11/22,2025/10/27,2025113,E000097266,3642-612AC34,SINKER CAM,42,0,29,,42
2025/11/25,2025/11/22,2025/11/10,2025117,E000097523,3649-515AA30,DROPLESS GUARD CAM,96,96,111,,0
2025/12/17,2025/11/22,2025/12/03,2025126,E000097977,3649-515AA30,DROPLESS GUARD CAM,96,15,15,,0
2025/11/25,2025/11/22,2025/11/10,2025117,E000097524,3650-511AA30,STITCH CAM,98,98,108,,0
2025/12/17,2025/11/22,2025/12/03,2025126,E000097978,3650-511AA30,STITCH CAM,98,10,10,,0
2025/11/25,2025/11/22,2025/11/10,2025117,E000097525,3650-512AB30,NEEDLE GUARD CAM,96,96,122,,0
2025/12/17,2025/11/22,2025/12/03,2025126,E000097979,3650-512AB30,NEEDLE GUARD CAM,96,26,26,,0
2025/11/25,2025/11/22,2025/11/10,2025117,E000097526,3650-513AB30,JACK GUARD CAM,96,96,105,,0
2025/12/17,2025/11/22,2025/12/03,2025126,E000097980,3650-513AB30,JACK GUARD CAM,96,9,9,,0
2025/11/25,2025/11/22,2025/11/10,2025117,E000097527,3650-514AC30,JACK RAISING CAM,98,98,120,,0
2025/12/17,2025/11/22,2025/12/03,2025126,E000097981,3650-514AC30,JACK RAISING CAM,98,22,22,,0
2025/11/25,2025/11/22,2025/11/10,2025117,E000097528,3650-591BA34,NEEDLE ARRANGE CAM,2,2,7,,0
2025/12/17,2025/11/22,2025/12/03,2025126,E000097982,3650-591BA34,NEEDLE ARRANGE CAM,2,2,5,,0
2025/11/25,2025/11/22,2025/11/10,2025117,E000097529,3650-592AB30,JACK ARRANGE CAM,2,2,5,,0
2025/12/17,2025/11/22,2025/12/03,2025126,E000097983,3650-592AB30,JACK ARRANGE CAM,2,2,3,,0
2025/11/25,2025/11/22,2025/11/10,2025117,E000097530,3650-593AA30,JACK ARRANGE CAM,2,0,9,,2
2025/12/17,2025/11/22,2025/12/03,2025126,E000097984,3650-593AA30,JACK ARRANGE CAM,2,2,9,,0
2025/11/25,2025/11/22,2025/11/10,2025117,E000097531,3650-611AB30,SINKER CAM,98,98,109,,0
2025/12/17,2025/11/22,2025/12/03,2025126,E000097985,3650-611AB30,SINKER CAM,98,11,11,,0
2025/11/25,2025/11/22,2025/11/10,2025117,E000097532,3650-612AB30,SINKER GATE CAM,2,0,0,,0
2025/12/17,2025/11/22,2025/12/03,2025126,E000097986,3650-612AB30,SINKER GATE CAM,2,0,0,,0
2025/11/25,2025/11/22,2025/11/10,2025117,E000097533,3651-511AA30,STITCH CAM,48,48,53,,0
2025/12/17,2025/11/22,2025/12/03,2025126,E000097987,3651-511AA30,STITCH CAM,48,5,5,,0
2025/11/25,2025/11/22,2025/11/10,2025117,E000097534,3651-511DA30,STITCH CAM,48,48,71,,0
2025/12/17,2025/11/22,2025/12/03,2025126,E000097988,3651-511DA30,STITCH CAM,48,23,23,,0
2025/11/25,2025/11/22,2025/11/10,2025117,E000097535,3651-512AB30,NEEDLE GUARD CAM,48,48,74,,0
2025/12/17,2025/11/22,2025/12/03,2025126,E000097989,3651-512AB30,NEEDLE GUARD CAM,48,26,26,,0
2025/11/25,2025/11/22,2025/11/10,2025117,E000097536,3651-611AB30,SINKER CAM,48,48,59,,0
2025/12/17,2025/11/22,2025/12/03,2025126,E000097990,3651-611AB30,SINKER CAM,48,11,11,,0
2025/11/25,2025/11/22,2025/11/10,2025117,E000097537,3651-612AB30,SINKER CAM,48,48,58,,0
2025/12/17,2025/11/22,2025/12/03,2025126,E000097991,3651-612AB30,SINKER CAM,48,10,10,,0
2025/11/25,2025/11/22,2025/11/10,2025117,E000097538,3653-515AA30,DROPLESS GUARD CAM,48,48,82,,0
2025/12/17,2025/11/22,2025/12/03,2025126,E000097992,3653-515AA30,DROPLESS GUARD CAM,48,34,34,,0
2025/11/11,2025/11/22,2025/10/27,2025113,E000097267,3654-512AA30,NEEDLE GUARD CAM,72,0,40,,72
2025/11/11,2025/11/22,2025/10/27,2025113,E000097268,3654-512AA34,NEEDLE GUARD CAM,84,0,58,,84
2025/11/11,2025/11/22,2025/10/27,2025113,E000097269,3654-513AA30,JACK GUARD CAM,72,0,33,,72
2025/11/11,2025/11/22,2025/10/27,2025113,E000097270,3654-513AA34,JACK GUARD CAM,84,0,37,,84
2025/11/11,2025/11/22,2025/10/27,2025113,E000097271,3654-514AA30,JACK RAISING CAM,73,0,17,,73
2025/11/11,2025/11/22,2025/10/27,2025113,E000097272,3654-514AA34,JACK RAISING CAM,85,0,35,,85
2025/11/11,2025/11/22,2025/10/27,2025113,E000097273,3654-522AA30,NEEDLE GUARD CAM,10,0,7,,10
2025/11/11,2025/11/22,2025/10/27,2025113,E000097274,3654-522AA34,NEEDLE GUARD CAM,12,0,12,,12
2025/11/11,2025/11/22,2025/10/27,2025113,E000097275,3654-523AA30,JACK GUARD CAM,10,0,15,,10
2025/11/11,2025/11/22,2025/10/27,2025113,E000097276,3654-523AA34,JACK GUARD CAM,12,0,10,,12
2025/11/11,2025/11/22,2025/10/27,2025113,E000097277,3654-524AA30,JACK RAISING CAM,10,0,10,,10
2025/11/11,2025/11/22,2025/10/27,2025113,E000097278,3654-524AA34,JACK RAISING CAM,12,0,11,,12
2025/11/11,2025/11/22,2025/10/27,2025113,E000097279,3655-512AA30,NEEDLE GUARD CAM,36,0,11,,36
2025/11/11,2025/11/22,2025/10/27,2025113,E000097280,3655-512AA34,NEEDLE GUARD CAM,42,0,21,,42
2025/11/27,2025/11/22,2025/11/12,2025118,E000097593,4115-511AA34,KNIT CAM,516,516,546,,0
2025/11/27,2025/11/22,2025/11/12,2025118,E000097594,4115-512AA30,TIE IN CAM,192,192,267,,0
2025/11/27,2025/11/22,2025/11/12,2025118,E000097595,4115-513AA30,TIE IN CAM,384,384,452,,0
2025/11/27,2025/11/22,2025/11/12,2025118,E000097596,4115-514AA30,SELECT CAM,192,192,213,,0
2026/01/09,2025/11/22,2026/01/09,,E000098785,4115-514AA30,SELECT CAM,100,21,21,PM-5165104,
2025/11/27,2025/11/22,2025/11/12,2025118,E000097597,4115-515AA30,SELECT CAM,384,384,477,,0
2025/11/27,2025/11/22,2025/11/12,2025118,E000097598,4115-516AA30,BLANK OUT CAM,96,96,115,,0
2026/01/30,2025/11/22,2026/01/30,,E000099147,4115-518AA30,KNIT CAM,50,5,5,PM-5168103,
2026/01/30,2025/11/22,2026/01/30,,E000099148,4115-519AA30,TUCK CAM,50,3,3,PM-5168104,
2026/01/30,2025/11/22,2026/01/30,,E000099149,4115-520AA30,RAISING CAM,50,31,31,PM-5168105,
2026/01/30,2025/11/22,2026/01/30,,E000099150,4115-521AA34,STITCH CAM,32,10,10,PM-5168106,
2026/01/30,2025/11/22,2026/01/30,,E000099151,4115-522AA30,WELT CAM,50,17,17,PM-5168107,
2025/11/27,2025/11/22,2025/11/12,2025118,E000097599,4115-611AA30,SINKER CAM,132,132,179,,0
2025/11/27,2025/11/22,2025/11/12,2025118,E000097600,4115-612AA30,SINKER PUSHING CAM,124,124,165,,0
2025/11/27,2025/11/22,2025/11/12,2025118,E000097601,4115-612BA30,SINKER PUSHING CAM,8,0,1,,8
2025/11/27,2025/11/22,2025/11/12,2025118,E000097602,4115-613AA30,SINKER PUSHING CAM,132,132,179,,0
2025/11/27,2025/11/22,2025/11/12,2025118,E000097603,4115-614AA30,SINKER BLANK OUT CAM,8,8,12,,0
2025/11/27,2025/11/22,2025/11/12,2025118,E000097604,4115-615AA30,SINKER BLANK OUT CAM,8,8,17,,0
2025/11/27,2025/11/22,2025/11/12,2025118,E000097605,4115-616AA30,SINKER GATE CAM,4,4,7,,0
2026/01/30,2025/11/22,2026/01/30,,E000099152,4115-617AA30,SINKER CAM,20,8,8,PM-5168108,
2026/01/30,2025/11/22,2026/01/30,,E000099153,4115-618AA30,SINKER CAM,20,10,10,PM-5168109,
2025/11/11,2025/11/22,2025/10/27,2025113,E000096962,4117-531AB34,KNIT CAM,274,0,478,,274
2025/11/28,2025/11/22,2025/11/28,202511,E000098137,4117-531AB34,KNIT CAM,274,274,478,,
2025/12/17,2025/11/22,2025/12/03,2025126,E000098255,4117-531AB34,KNIT CAM,548,204,204,,0
2026/01/22,2025/11/22,2026/01/07,2026016,E000098745,4117-531AB34,KNIT CAM,274,0,0,,0
2026/01/27,2025/11/22,2026/01/13,2026017,E000098758,4117-531AB34,KNIT CAM,274,0,0,,0
2026/02/09,2025/11/22,2026/01/26,2026023,E000099107,4117-531AB34,KNIT CAM,274,0,0,,0
2025/11/11,2025/11/22,2025/10/27,2025113,E000096963,4117-532AA32,TIE IN CAM,60,0,11,,60
2025/12/17,2025/11/22,2025/12/03,2025126,E000098256,4117-532AA32,TIE IN CAM,188,11,11,,0
2026/01/22,2025/11/22,2026/01/07,2026016,E000098746,4117-532AA32,TIE IN CAM,94,0,0,,0
2026/01/27,2025/11/22,2026/01/13,2026017,E000098759,4117-532AA32,TIE IN CAM,94,0,0,,0
2026/02/09,2025/11/22,2026/01/26,2026023,E000099108,4117-532AA32,TIE IN CAM,128,0,0,,0
2025/11/28,2025/11/22,2025/11/28,202511,E000098138,4117-532AA34,TIE IN CAM,30,30,43,,
2025/11/28,2025/11/22,2025/11/28,202511,E000098139,4117-532AB30,TIE IN CAM,27,27,48,,
2025/11/11,2025/11/22,2025/10/27,2025113,E000096964,4117-532BA32,TIE IN CAM,8,0,11,,8
2025/12/17,2025/11/22,2025/12/03,2025126,E000098257,4117-532BA32,TIE IN CAM,16,11,11,,0
2026/01/22,2025/11/22,2026/01/07,2026016,E000098747,4117-532BA32,TIE IN CAM,8,0,0,,0
2026/01/27,2025/11/22,2026/01/13,2026017,E000098760,4117-532BA32,TIE IN CAM,8,0,0,,0
2026/02/09,2025/11/22,2026/01/26,2026023,E000099109,4117-532BA32,TIE IN CAM,8,0,0,,0
2025/11/28,2025/11/22,2025/11/28,202511,E000098140,4117-532BA34,TIE IN CAM,6,6,12,,
2025/11/28,2025/11/22,2025/11/28,202511,E000098141,4117-532BB30,TIE IN CAM,5,5,9,,
2025/11/11,2025/11/22,2025/10/27,2025113,E000096965,4117-533AA32,TIE IN CAM,190,0,10,,190
2025/12/17,2025/11/22,2025/12/03,2025126,E000098258,4117-533AA32,TIE IN CAM,380,10,10,,0
2026/01/22,2025/11/22,2026/01/07,2026016,E000098748,4117-533AA32,TIE IN CAM,190,0,0,,0
2026/01/27,2025/11/22,2026/01/13,2026017,E000098761,4117-533AA32,TIE IN CAM,190,0,0,,0
2026/02/09,2025/11/22,2026/01/26,2026023,E000099110,4117-533AA32,TIE IN CAM,190,0,0,,0
2025/11/28,2025/11/22,2025/11/28,202511,E000098142,4117-533AA34,TIE IN CAM,101,101,167,,
2025/11/28,2025/11/22,2025/11/28,202511,E000098143,4117-533AB30,TIE IN CAM,89,89,138,,
2025/11/11,2025/11/22,2025/10/27,2025113,E000096966,4117-533BA32,TIE IN CAM,14,0,6,,14
2025/12/17,2025/11/22,2025/12/03,2025126,E000098259,4117-533BA32,TIE IN CAM,28,6,6,,0
2026/01/22,2025/11/22,2026/01/07,2026016,E000098749,4117-533BA32,TIE IN CAM,14,0,0,,0
2026/01/27,2025/11/22,2026/01/13,2026017,E000098762,4117-533BA32,TIE IN CAM,14,0,0,,0
2026/02/09,2025/11/22,2026/01/26,2026023,E000099111,4117-533BA32,TIE IN CAM,14,0,0,,0
2025/11/28,2025/11/22,2025/11/28,202511,E000098144,4117-533BA34,TIE IN CAM,7,7,9,,
2025/11/28,2025/11/22,2025/11/28,202511,E000098145,4117-533BB30,TIE IN CAM,7,7,13,,
2025/11/28,2025/11/22,2025/11/28,202511,E000098146,4117-534AA30,SELECT CAM,32,32,107,,
2025/11/11,2025/11/22,2025/10/27,2025113,E000096967,4117-534AA32,SELECT CAM,68,0,52,,68
2025/12/17,2025/11/22,2025/12/03,2025126,E000098260,4117-534AA32,SELECT CAM,204,52,52,,0
2026/01/22,2025/11/22,2026/01/07,2026016,E000098750,4117-534AA32,SELECT CAM,102,0,0,,0
2026/01/27,2025/11/22,2026/01/13,2026017,E000098763,4117-534AA32,SELECT CAM,102,0,0,,0
2026/02/09,2025/11/22,2026/01/26,2026023,E000099112,4117-534AA32,SELECT CAM,136,0,0,,0
2025/11/28,2025/11/22,2025/11/28,202511,E000098147,4117-534AA34,SELECT CAM,36,36,81,,
2025/11/28,2025/11/22,2025/11/28,202511,E000098148,4117-535AA30,SELECT CAM,96,96,157,,
2025/11/11,2025/11/22,2025/10/27,2025113,E000096968,4117-535AA32,SELECT CAM,204,0,63,,204
2025/12/17,2025/11/22,2025/12/03,2025126,E000098261,4117-535AA32,SELECT CAM,408,63,63,,0
2026/01/22,2025/11/22,2026/01/07,2026016,E000098751,4117-535AA32,SELECT CAM,204,0,0,,0
2026/01/27,2025/11/22,2026/01/13,2026017,E000098764,4117-535AA32,SELECT CAM,204,0,0,,0
2026/02/09,2025/11/22,2026/01/26,2026023,E000099113,4117-535AA32,SELECT CAM,204,0,0,,0
2025/11/28,2025/11/22,2025/11/28,202511,E000098149,4117-535AA34,SELECT CAM,108,108,170,,
2025/11/28,2025/11/22,2025/11/28,202511,E000098150,4117-536AA30,BLANK OUT CAM,24,24,63,,
2025/11/11,2025/11/22,2025/10/27,2025113,E000096969,4117-536AA32,BLANK OUT CAM,80,0,9,,80
2025/12/17,2025/11/22,2025/12/03,2025126,E000098262,4117-536AA32,BLANK OUT CAM,92,9,9,,0
2026/01/22,2025/11/22,2026/01/07,2026016,E000098752,4117-536AA32,BLANK OUT CAM,46,0,0,,0
2026/01/27,2025/11/22,2026/01/13,2026017,E000098765,4117-536AA32,BLANK OUT CAM,46,0,0,,0
2026/02/09,2025/11/22,2026/01/26,2026023,E000099114,4117-536AA32,BLANK OUT CAM,80,0,0,,0
2025/11/28,2025/11/22,2025/11/28,202511,E000098151,4117-536AA34,BLANK OUT CAM,8,8,32,,
2025/11/14,2025/11/22,2025/11/14,,E000097647,4117-594AA30,NEEDLE ARRANGE CAM,1,1,3,PF-9387011,
2025/11/14,2025/11/22,2025/11/14,,E000097649,4117-594AB34,NEEDLE ARRANGE CAM,1,1,1,PF-9387018,
2025/11/14,2025/11/22,2025/11/14,,E000097648,4117-595AA30,NEEDLE ARRANGE CAM,3,0,0,PF-9387012,
2025/11/14,2025/11/22,2025/11/14,,E000097650,4117-595AB34,NEEDLE ARRANGE CAM,3,3,5,PF-9387019,
2025/11/28,2025/11/22,2025/11/28,202511,E000098152,4117-616AA30,SINKER GATE CAM,1,1,4,,
2025/11/11,2025/11/22,2025/10/27,2025113,E000096970,4117-616AA32,SINKER GATE CAM,4,0,0,,4
2025/12/17,2025/11/22,2025/12/03,2025126,E000098263,4117-616AA32,SINKER GATE CAM,8,0,0,,8
2026/01/22,2025/11/22,2026/01/07,2026016,E000098753,4117-616AA32,SINKER GATE CAM,4,0,0,,0
2026/01/27,2025/11/22,2026/01/13,2026017,E000098766,4117-616AA32,SINKER GATE CAM,4,0,0,,0
2026/02/09,2025/11/22,2026/01/26,2026023,E000099115,4117-616AA32,SINKER GATE CAM,4,0,0,,0
2025/11/28,2025/11/22,2025/11/28,202511,E000098153,4117-616AA34,SINKER GATE CAM,1,1,4,,
2025/11/11,2025/11/22,2025/10/27,2025113,E000096971,4117-631AA30,SINKER PUSHING CAM,70,0,188,,70
2025/11/28,2025/11/22,2025/11/28,202511,E000098154,4117-631AA30,SINKER PUSHING CAM,70,70,188,,
2025/12/17,2025/11/22,2025/12/03,2025126,E000098264,4117-631AA30,SINKER PUSHING CAM,140,118,118,,0
2026/01/22,2025/11/22,2026/01/07,2026016,E000098754,4117-631AA30,SINKER PUSHING CAM,70,0,0,,0
2026/01/27,2025/11/22,2026/01/13,2026017,E000098767,4117-631AA30,SINKER PUSHING CAM,70,0,0,,0
2026/02/09,2025/11/22,2026/01/26,2026023,E000099116,4117-631AA30,SINKER PUSHING CAM,70,0,0,,0
2025/11/11,2025/11/22,2025/10/27,2025113,E000096972,4117-632AA32,SINKER PUSHING CAM,70,0,62,,70
2025/12/17,2025/11/22,2025/12/03,2025126,E000098265,4117-632AA32,SINKER PUSHING CAM,140,62,62,,0
2026/01/22,2025/11/22,2026/01/07,2026016,E000098755,4117-632AA32,SINKER PUSHING CAM,70,0,0,,0
2026/01/27,2025/11/22,2026/01/13,2026017,E000098768,4117-632AA32,SINKER PUSHING CAM,70,0,0,,0
2026/02/09,2025/11/22,2026/01/26,2026023,E000099117,4117-632AA32,SINKER PUSHING CAM,70,0,0,,0
2025/11/28,2025/11/22,2025/11/28,202511,E000098155,4117-632AA34,SINKER PUSHING CAM,37,37,60,,
2025/11/28,2025/11/22,2025/11/28,202511,E000098156,4117-632AB30,SINKER PUSHING CAM,33,33,108,,
2025/11/28,2025/11/22,2025/11/28,202511,E000098157,4117-633BA30,SINKER PUSHING CAM,33,33,88,,
2025/11/11,2025/11/22,2025/10/27,2025113,E000096973,4117-633BA32,SINKER PUSHING CAM,70,0,54,,70
2025/12/17,2025/11/22,2025/12/03,2025126,E000098266,4117-633BA32,SINKER PUSHING CAM,140,54,54,,0
2026/01/22,2025/11/22,2026/01/07,2026016,E000098756,4117-633BA32,SINKER PUSHING CAM,70,0,0,,0
2026/01/27,2025/11/22,2026/01/13,2026017,E000098769,4117-633BA32,SINKER PUSHING CAM,70,0,0,,0
2026/02/09,2025/11/22,2026/01/26,2026023,E000099118,4117-633BA32,SINKER PUSHING CAM,70,0,0,,0
2025/11/28,2025/11/22,2025/11/28,202511,E000098158,4117-633BA34,SINKER PUSHING CAM,37,37,48,,
2025/11/11,2025/11/22,2025/10/27,2025113,E000096974,4117-634AA32,SINKER BLANK OUT CAM,12,0,3,,12
2025/12/17,2025/11/22,2025/12/03,2025126,E000098267,4117-634AA32,SINKER BLANK OUT CAM,12,3,3,,0
2026/01/22,2025/11/22,2026/01/07,2026016,E000098757,4117-634AA32,SINKER BLANK OUT CAM,6,0,0,,0
2026/01/27,2025/11/22,2026/01/13,2026017,E000098770,4117-634AA32,SINKER BLANK OUT CAM,6,0,0,,0
2026/02/09,2025/11/22,2026/01/26,2026023,E000099119,4117-634AA32,SINKER BLANK OUT CAM,12,0,0,,0
2025/11/28,2025/11/22,2025/11/28,202511,E000098159,4117-634AB30,SINKER BLANK OUT CAM,6,6,10,,
2025/11/18,2025/11/22,2025/11/04,2025115,E000097419,4207-511AA34,STITCH CAM,146,146,172,,0
2025/11/18,2025/11/22,2025/11/04,2025115,E000097420,4207-512AB34,RAISING CAM,144,144,163,,0
2025/11/18,2025/11/22,2025/11/04,2025115,E000097421,4207-513AB34,STITCH CAM,146,146,160,,0
2025/11/18,2025/11/22,2025/11/04,2025115,E000097422,4207-514AB34,RAISING CAM,144,144,160,,0
2025/11/18,2025/11/22,2025/11/04,2025115,E000097423,4207-515AA34,SELECT CAM,72,72,129,,0
2025/11/18,2025/11/22,2025/11/04,2025115,E000097424,4207-516AA34,SELECT CAM,112,112,133,,0
2025/11/18,2025/11/22,2025/11/04,2025115,E000097425,4207-517AA34,GATE CAM,8,8,13,,0
2025/11/18,2025/11/22,2025/11/04,2025115,E000097426,4207-521AB34,STITCH CAM,64,64,67,,0
2025/11/18,2025/11/22,2025/11/04,2025115,E000097427,4207-522AB34,KNIT CAM,40,40,40,,0
2025/11/18,2025/11/22,2025/11/04,2025115,E000097428,4207-523AB34,TUCK CAM,24,24,28,,0
2025/11/18,2025/11/22,2025/11/04,2025115,E000097429,4207-524AA34,WELT CAM,64,64,68,,0
2025/11/18,2025/11/22,2025/11/04,2025115,E000097430,4207-525AA34,WELT CAM,80,80,80,,0
2025/11/18,2025/11/22,2025/11/04,2025115,E000097431,4207-526AA34,WELT CAM,16,16,20,,0
2025/11/18,2025/11/22,2025/11/04,2025115,E000097432,4207-527AA34,WELT CAM,16,16,24,,0
2025/11/18,2025/11/22,2025/11/04,2025115,E000097433,4207-531AA34,STITCH CAM,36,36,38,,0
2025/11/18,2025/11/22,2025/11/04,2025115,E000097434,4207-532AA34,RAISING CAM,36,36,36,,0
2025/11/18,2025/11/22,2025/11/04,2025115,E000097435,4207-611AA34,SINKER CAM,38,38,55,,0
2025/11/18,2025/11/22,2025/11/04,2025115,E000097436,4207-612AB34,SINKER PUSHING CAM,38,38,47,,0
2025/11/18,2025/11/22,2025/11/04,2025115,E000097437,4207-613AC34,SINKER CAM,38,38,49,,0
2025/11/18,2025/11/22,2025/11/04,2025115,E000097438,4207-614AA34,SINKER PUSHING CAM,38,38,54,,0
2025/11/18,2025/11/22,2025/11/04,2025115,E000097439,4207-615AB34,SINKER CAM,38,38,50,,0
2025/11/18,2025/11/22,2025/11/04,2025115,E000097440,4207-616AA34,SINKER GATE CAM,2,0,13,,2
2025/11/18,2025/11/22,2025/11/04,2025115,E000097441,4207-621AA34,SINKER CAM,20,20,24,,0
2025/11/18,2025/11/22,2025/11/04,2025115,E000097442,4207-622AB34,SINKER CAM,16,16,19,,0
2025/11/18,2025/11/22,2025/11/04,2025115,E000097443,4207-623AA34,SINKER CAM,20,20,25,,0
2025/11/18,2025/11/22,2025/11/04,2025115,E000097444,4207-624AA34,SINKER CAM,4,4,7,,0
2025/11/06,2025/11/22,2025/10/22,2025112,E000096894,474-506AA30,NEEDLE GUARD,180,0,38,,180
2025/11/13,2025/11/22,2025/10/29,2025114,E000096983,474-506AA30,NEEDLE GUARD,180,0,38,,180
2025/12/10,2025/11/22,2025/11/26,2025124,E000097877,474-506AA30,NEEDLE GUARD,180,38,38,,0
2025/12/22,2025/11/22,2025/12/08,2025127,E000098018,474-506AA30,NEEDLE GUARD,180,0,0,,0
2026/01/05,2025/11/22,2025/12/15,2026011,E000098381,474-506AA30,NEEDLE GUARD,180,0,0,,0
2026/01/13,2025/11/22,2025/12/22,2026013,E000098411,474-506AA30,NEEDLE GUARD,180,0,0,,0
2026/02/19,2025/11/22,2026/02/04,2026026,E000099037,474-506AA30,NEEDLE GUARD,180,0,0,,0
2026/02/24,2025/11/22,2026/02/06,2026027,E000099062,474-506AA30,NEEDLE GUARD,180,0,0,,0
2026/01/15,2025/11/22,2025/12/24,2026014,E000098436,474-506AA34,NEEDLE GUARD,190,44,44,,0
2026/01/20,2025/11/22,2026/01/05,2026015,E000098467,474-506AA34,NEEDLE GUARD,190,0,0,,0
2026/02/17,2025/11/22,2026/02/02,2026025,E000099128,474-506AA42,NEEDLE GUARD,72,5,5,,0
2025/11/06,2025/11/22,2025/10/22,2025112,E000096895,474-506BA30,NEEDLE GUARD,5,5,13,,0
2025/11/13,2025/11/22,2025/10/29,2025114,E000096984,474-506BA30,NEEDLE GUARD,5,5,8,,0
2025/12/10,2025/11/22,2025/11/26,2025124,E000097878,474-506BA30,NEEDLE GUARD,5,3,3,,0
2025/12/22,2025/11/22,2025/12/08,2025127,E000098019,474-506BA30,NEEDLE GUARD,5,0,0,,0
2026/01/05,2025/11/22,2025/12/15,2026011,E000098382,474-506BA30,NEEDLE GUARD,5,0,0,,0
2026/01/13,2025/11/22,2025/12/22,2026013,E000098412,474-506BA30,NEEDLE GUARD,5,0,0,,0
2026/01/09,2025/11/22,2026/01/09,,E000098372,474-506BA30,NEEDLE GUARD,1,0,0,PM-5159109,
2026/02/19,2025/11/22,2026/02/04,2026026,E000099038,474-506BA30,NEEDLE GUARD,5,0,0,,0
2026/02/24,2025/11/22,2026/02/06,2026027,E000099063,474-506BA30,NEEDLE GUARD,5,0,0,,0
2026/01/15,2025/11/22,2025/12/24,2026014,E000098437,474-506BA34,NEEDLE GUARD,5,5,31,,0
2026/01/20,2025/11/22,2026/01/05,2026015,E000098468,474-506BA34,NEEDLE GUARD,5,5,26,,0
2026/02/17,2025/11/22,2026/02/02,2026025,E000099129,474-506BA42,NEEDLE GUARD,2,2,2,,0
2025/11/06,2025/11/22,2025/10/22,2025112,E000096896,474-511AA30,STITCH CAM,545,0,95,,545
2025/11/13,2025/11/22,2025/10/29,2025114,E000096985,474-511AA30,STITCH CAM,545,0,95,,545
2025/12/10,2025/11/22,2025/11/26,2025124,E000097879,474-511AA30,STITCH CAM,545,95,95,,0
2025/12/22,2025/11/22,2025/12/08,2025127,E000098020,474-511AA30,STITCH CAM,545,0,0,,0
2026/01/05,2025/11/22,2025/12/15,2026011,E000098383,474-511AA30,STITCH CAM,545,0,0,,0
2026/01/13,2025/11/22,2025/12/22,2026013,E000098413,474-511AA30,STITCH CAM,545,0,0,,0
2026/02/19,2025/11/22,2026/02/04,2026026,E000099039,474-511AA30,STITCH CAM,545,0,0,,0
2026/02/24,2025/11/22,2026/02/06,2026027,E000099064,474-511AA30,STITCH CAM,545,0,0,,0
2026/01/15,2025/11/22,2025/12/24,2026014,E000098438,474-511AA34,STITCH CAM,575,116,116,,0
2026/01/20,2025/11/22,2026/01/05,2026015,E000098469,474-511AA34,STITCH CAM,575,0,0,,0
2025/11/06,2025/11/22,2025/10/22,2025112,E000096897,474-512DA30,RAISING CAM,545,0,40,,545
2025/11/13,2025/11/22,2025/10/29,2025114,E000096986,474-512DA30,RAISING CAM,545,0,40,,545
2025/12/10,2025/11/22,2025/11/26,2025124,E000097880,474-512DA30,RAISING CAM,545,40,40,,0
2025/12/22,2025/11/22,2025/12/08,2025127,E000098021,474-512DA30,RAISING CAM,545,0,0,,0
2026/01/05,2025/11/22,2025/12/15,2026011,E000098384,474-512DA30,RAISING CAM,545,0,0,,0
2026/01/13,2025/11/22,2025/12/22,2026013,E000098414,474-512DA30,RAISING CAM,545,0,0,,0
2026/02/19,2025/11/22,2026/02/04,2026026,E000099040,474-512DA30,RAISING CAM,545,0,0,,0
2026/02/24,2025/11/22,2026/02/06,2026027,E000099065,474-512DA30,RAISING CAM,545,0,0,,0
2026/01/15,2025/11/22,2025/12/24,2026014,E000098439,474-512DA33,RAISING CAM,575,70,70,,0
2026/01/20,2025/11/22,2026/01/05,2026015,E000098470,474-512DA33,RAISING CAM,575,0,0,,0
2025/11/06,2025/11/22,2025/10/22,2025112,E000096898,474-513AA30,GATE CAM,20,0,36,,20
2025/11/13,2025/11/22,2025/10/29,2025114,E000096987,474-513AA30,GATE CAM,20,0,36,,20
2025/12/10,2025/11/22,2025/11/26,2025124,E000097881,474-513AA30,GATE CAM,20,20,36,,0
2025/12/22,2025/11/22,2025/12/08,2025127,E000098022,474-513AA30,GATE CAM,20,16,16,,0
2026/01/05,2025/11/22,2025/12/15,2026011,E000098385,474-513AA30,GATE CAM,20,0,0,,0
2026/01/13,2025/11/22,2025/12/22,2026013,E000098415,474-513AA30,GATE CAM,20,0,0,,0
2026/02/19,2025/11/22,2026/02/04,2026026,E000099041,474-513AA30,GATE CAM,20,0,0,,0
2026/02/24,2025/11/22,2026/02/06,2026027,E000099066,474-513AA30,GATE CAM,20,0,0,,0
2026/01/15,2025/11/22,2025/12/24,2026014,E000098440,474-513AA34,GATE CAM,20,20,60,,0
2026/01/20,2025/11/22,2026/01/05,2026015,E000098471,474-513AA34,GATE CAM,20,20,40,,0
2026/01/15,2025/11/22,2025/12/24,2026014,E000098441,474-514AA34,WELT CAM,570,42,42,,0
2026/01/20,2025/11/22,2026/01/05,2026015,E000098472,474-514AA34,WELT CAM,570,0,0,,0
2025/11/06,2025/11/22,2025/10/22,2025112,E000096899,474-515DA30,TUCKING CAM,240,0,49,,240
2025/11/13,2025/11/22,2025/10/29,2025114,E000096988,474-515DA30,TUCKING CAM,240,0,49,,240
2025/12/10,2025/11/22,2025/11/26,2025124,E000097882,474-515DA30,TUCKING CAM,240,49,49,,0
2025/12/22,2025/11/22,2025/12/08,2025127,E000098023,474-515DA30,TUCKING CAM,240,0,0,,0
2026/01/05,2025/11/22,2025/12/15,2026011,E000098386,474-515DA30,TUCKING CAM,240,0,0,,0
2026/01/13,2025/11/22,2025/12/22,2026013,E000098416,474-515DA30,TUCKING CAM,240,0,0,,0
2026/02/19,2025/11/22,2026/02/04,2026026,E000099042,474-515DA30,TUCKING CAM,240,0,0,,0
2026/02/24,2025/11/22,2026/02/06,2026027,E000099067,474-515DA30,TUCKING CAM,240,0,0,,0
2026/01/15,2025/11/22,2025/12/24,2026014,E000098442,474-515DA33,TUCKING CAM,250,61,61,,0
2026/01/20,2025/11/22,2026/01/05,2026015,E000098473,474-515DA33,TUCKING CAM,250,0,0,,0
2025/11/06,2025/11/22,2025/10/22,2025112,E000096900,474-516AA30,TUCK STITCH CAM,360,0,193,,360
2025/11/13,2025/11/22,2025/10/29,2025114,E000096989,474-516AA30,TUCK STITCH CAM,360,0,193,,360
2025/12/10,2025/11/22,2025/11/26,2025124,E000097883,474-516AA30,TUCK STITCH CAM,360,193,193,,0
2025/12/22,2025/11/22,2025/12/08,2025127,E000098024,474-516AA30,TUCK STITCH CAM,360,0,0,,0
2026/01/05,2025/11/22,2025/12/15,2026011,E000098387,474-516AA30,TUCK STITCH CAM,360,0,0,,0
2026/01/13,2025/11/22,2025/12/22,2026013,E000098417,474-516AA30,TUCK STITCH CAM,360,0,0,,0
2026/02/19,2025/11/22,2026/02/04,2026026,E000099043,474-516AA30,TUCK STITCH CAM,360,0,0,,0
2026/02/24,2025/11/22,2026/02/06,2026027,E000099068,474-516AA30,TUCK STITCH CAM,360,0,0,,0
2026/01/15,2025/11/22,2025/12/24,2026014,E000098443,474-516AA34,TUCK STITCH CAM,380,157,157,,0
2026/01/20,2025/11/22,2026/01/05,2026015,E000098474,474-516AA34,TUCK STITCH CAM,380,0,0,,0
2025/11/06,2025/11/22,2025/10/22,2025112,E000096901,474-518AA30,WELT CAM,540,0,49,,540
2025/11/13,2025/11/22,2025/10/29,2025114,E000096990,474-518AA30,WELT CAM,540,0,49,,540
2025/12/10,2025/11/22,2025/11/26,2025124,E000097884,474-518AA30,WELT CAM,540,49,49,,0
2025/12/22,2025/11/22,2025/12/08,2025127,E000098025,474-518AA30,WELT CAM,540,0,0,,0
2026/01/05,2025/11/22,2025/12/15,2026011,E000098388,474-518AA30,WELT CAM,540,0,0,,0
2026/01/13,2025/11/22,2025/12/22,2026013,E000098418,474-518AA30,WELT CAM,540,0,0,,0
2026/02/19,2025/11/22,2026/02/04,2026026,E000099044,474-518AA30,WELT CAM,540,0,0,,0
2026/02/24,2025/11/22,2026/02/06,2026027,E000099069,474-518AA30,WELT CAM,540,0,0,,0
2026/01/15,2025/11/22,2025/12/24,2026014,E000098444,474-518AA34,WELT CAM,40,40,73,,0
2026/01/20,2025/11/22,2026/01/05,2026015,E000098475,474-518AA34,WELT CAM,40,33,33,,0
2025/11/06,2025/11/22,2025/10/22,2025112,E000096902,474-608AA30,NEEDLE GUARD,5,5,10,,0
2025/11/13,2025/11/22,2025/10/29,2025114,E000096991,474-608AA30,NEEDLE GUARD,5,5,5,,0
2025/12/10,2025/11/22,2025/11/26,2025124,E000097885,474-608AA30,NEEDLE GUARD,5,0,0,,0
2025/12/22,2025/11/22,2025/12/08,2025127,E000098026,474-608AA30,NEEDLE GUARD,5,0,0,,0
2026/01/05,2025/11/22,2025/12/15,2026011,E000098389,474-608AA30,NEEDLE GUARD,5,0,0,,0
2026/01/13,2025/11/22,2025/12/22,2026013,E000098419,474-608AA30,NEEDLE GUARD,5,0,0,,0
2026/02/19,2025/11/22,2026/02/04,2026026,E000099045,474-608AA30,NEEDLE GUARD,5,0,0,,0
2026/02/24,2025/11/22,2026/02/06,2026027,E000099070,474-608AA30,NEEDLE GUARD,5,0,0,,0
2026/01/15,2025/11/22,2025/12/24,2026014,E000098445,474-608AA34,NEEDLE GUARD,5,5,15,,0
2026/01/20,2025/11/22,2026/01/05,2026015,E000098476,474-608AA34,NEEDLE GUARD,5,5,10,,0
2025/11/27,2025/11/22,2025/11/12,2025118,E000097574,474-608AA38,NEEDLE GUARD,2,2,26,,0
2025/11/27,2025/11/22,2025/11/12,2025118,E000097575,474-611BA38,STITCH CAM (B),128,128,235,,0
2025/11/27,2025/11/22,2025/11/12,2025118,E000097576,474-612BA38,STITCH CAM (C),128,128,209,,0
2025/12/26,2025/11/22,2025/12/26,,E000099266,474-614AA33,STITCH CAM (E),24,24,24,PJ-0638301,
2026/01/27,2025/11/22,2026/01/27,,E000099276,474-614AA33,STITCH CAM (E),24,0,0,PJ-0638302,
2025/11/06,2025/11/22,2025/10/22,2025112,E000096903,474-615AA30,RAISING CAM (B),245,0,97,,245
2025/11/13,2025/11/22,2025/10/29,2025114,E000096992,474-615AA30,RAISING CAM (B),245,0,97,,245
2025/12/10,2025/11/22,2025/11/26,2025124,E000097886,474-615AA30,RAISING CAM (B),245,97,97,,0
2025/12/22,2025/11/22,2025/12/08,2025127,E000098027,474-615AA30,RAISING CAM (B),245,0,0,,0
2026/01/05,2025/11/22,2025/12/15,2026011,E000098390,474-615AA30,RAISING CAM (B),245,0,0,,0
2026/01/13,2025/11/22,2025/12/22,2026013,E000098420,474-615AA30,RAISING CAM (B),245,0,0,,0
2026/02/19,2025/11/22,2026/02/04,2026026,E000099046,474-615AA30,RAISING CAM (B),245,0,0,,0
2026/02/24,2025/11/22,2026/02/06,2026027,E000099071,474-615AA30,RAISING CAM (B),245,0,0,,0
2026/01/15,2025/11/22,2025/12/24,2026014,E000098446,474-615AA34,RAISING CAM (B),260,40,40,,0
2026/01/20,2025/11/22,2026/01/05,2026015,E000098477,474-615AA34,RAISING CAM (B),260,0,0,,0
2025/11/27,2025/11/22,2025/11/12,2025118,E000097577,474-615AA38,RAISING CAM (B),128,128,177,,0
2025/11/06,2025/11/22,2025/10/22,2025112,E000096904,474-616AA30,RAISING CAM (C),245,0,80,,245
2025/11/13,2025/11/22,2025/10/29,2025114,E000096993,474-616AA30,RAISING CAM (C),245,0,80,,245
2025/12/10,2025/11/22,2025/11/26,2025124,E000097887,474-616AA30,RAISING CAM (C),245,80,80,,0
2025/12/22,2025/11/22,2025/12/08,2025127,E000098028,474-616AA30,RAISING CAM (C),245,0,0,,0
2026/01/05,2025/11/22,2025/12/15,2026011,E000098391,474-616AA30,RAISING CAM (C),245,0,0,,0
2026/01/13,2025/11/22,2025/12/22,2026013,E000098421,474-616AA30,RAISING CAM (C),245,0,0,,0
2026/02/19,2025/11/22,2026/02/04,2026026,E000099047,474-616AA30,RAISING CAM (C),245,0,0,,0
2026/02/24,2025/11/22,2026/02/06,2026027,E000099072,474-616AA30,RAISING CAM (C),245,0,0,,0
2026/01/15,2025/11/22,2025/12/24,2026014,E000098447,474-616AA34,RAISING CAM (C),260,57,57,,0
2026/01/20,2025/11/22,2026/01/05,2026015,E000098478,474-616AA34,RAISING CAM (C),260,0,0,,0
2025/11/27,2025/11/22,2025/11/12,2025118,E000097578,474-616AA38,RAISING CAM (C),128,128,171,,0
2025/12/26,2025/11/22,2025/12/26,,E000099267,474-618AA33,RAISING CAM (E),24,16,16,PJ-0638303,
2026/01/27,2025/11/22,2026/01/27,,E000099277,474-618AA33,RAISING CAM (E),24,0,0,PJ-0638304,
2025/11/06,2025/11/22,2025/10/22,2025112,E000096905,474-619AA30,WELT CAM (B),240,0,120,,240
2025/11/13,2025/11/22,2025/10/29,2025114,E000096994,474-619AA30,WELT CAM (B),240,0,120,,240
2025/12/10,2025/11/22,2025/11/26,2025124,E000097888,474-619AA30,WELT CAM (B),240,120,120,,0
2025/12/22,2025/11/22,2025/12/08,2025127,E000098029,474-619AA30,WELT CAM (B),240,0,0,,0
2026/01/05,2025/11/22,2025/12/15,2026011,E000098392,474-619AA30,WELT CAM (B),240,0,0,,0
2026/01/13,2025/11/22,2025/12/22,2026013,E000098422,474-619AA30,WELT CAM (B),240,0,0,,0
2026/02/19,2025/11/22,2026/02/04,2026026,E000099048,474-619AA30,WELT CAM (B),240,0,0,,0
2026/02/24,2025/11/22,2026/02/06,2026027,E000099073,474-619AA30,WELT CAM (B),240,0,0,,0
2026/01/15,2025/11/22,2025/12/24,2026014,E000098448,474-619AA34,WELT CAM (B),265,37,37,,0
2026/01/20,2025/11/22,2026/01/05,2026015,E000098479,474-619AA34,WELT CAM (B),265,0,0,,0
2025/11/06,2025/11/22,2025/10/22,2025112,E000096906,474-620AA30,WELT CAM (C),240,0,189,,240
2025/11/13,2025/11/22,2025/10/29,2025114,E000096995,474-620AA30,WELT CAM (C),240,0,189,,240
2025/12/10,2025/11/22,2025/11/26,2025124,E000097889,474-620AA30,WELT CAM (C),240,189,189,,0
2025/12/22,2025/11/22,2025/12/08,2025127,E000098030,474-620AA30,WELT CAM (C),240,0,0,,0
2026/01/05,2025/11/22,2025/12/15,2026011,E000098393,474-620AA30,WELT CAM (C),240,0,0,,0
2026/01/13,2025/11/22,2025/12/22,2026013,E000098423,474-620AA30,WELT CAM (C),240,0,0,,0
2026/02/19,2025/11/22,2026/02/04,2026026,E000099049,474-620AA30,WELT CAM (C),240,0,0,,0
2026/02/24,2025/11/22,2026/02/06,2026027,E000099074,474-620AA30,WELT CAM (C),240,0,0,,0
2026/01/15,2025/11/22,2025/12/24,2026014,E000098449,474-620AA34,WELT CAM (C),265,73,73,,0
2026/01/20,2025/11/22,2026/01/05,2026015,E000098480,474-620AA34,WELT CAM (C),265,0,0,,0
2025/12/26,2025/11/22,2025/12/26,,E000099268,474-622AA33,WELT CAM (E),36,13,13,PJ-0638305,
2026/01/27,2025/11/22,2026/01/27,,E000099278,474-622AA33,WELT CAM (E),36,0,0,PJ-0638306,
2025/11/06,2025/11/22,2025/10/22,2025112,E000096907,474-623AA30,WELT CAM (B),90,0,14,,90
2025/11/13,2025/11/22,2025/10/29,2025114,E000096996,474-623AA30,WELT CAM (B),90,0,14,,90
2025/12/10,2025/11/22,2025/11/26,2025124,E000097890,474-623AA30,WELT CAM (B),90,14,14,,0
2025/12/22,2025/11/22,2025/12/08,2025127,E000098031,474-623AA30,WELT CAM (B),90,0,0,,0
2026/01/05,2025/11/22,2025/12/15,2026011,E000098394,474-623AA30,WELT CAM (B),90,0,0,,0
2026/01/13,2025/11/22,2025/12/22,2026013,E000098424,474-623AA30,WELT CAM (B),90,0,0,,0
2026/02/19,2025/11/22,2026/02/04,2026026,E000099050,474-623AA30,WELT CAM (B),90,0,0,,0
2026/02/24,2025/11/22,2026/02/06,2026027,E000099075,474-623AA30,WELT CAM (B),90,0,0,,0
2026/01/15,2025/11/22,2025/12/24,2026014,E000098450,474-623AA34,WELT CAM (B),95,44,44,,0
2026/01/20,2025/11/22,2026/01/05,2026015,E000098481,474-623AA34,WELT CAM (B),95,0,0,,0
2025/11/27,2025/11/22,2025/11/12,2025118,E000097579,474-623AA38,WELT CAM (B),70,70,82,,0
2025/12/26,2025/11/22,2025/12/26,,E000098776,474-623DA38,WELT CAM (H),14,0,0,PJ-0635701,
2025/11/06,2025/11/22,2025/10/22,2025112,E000096908,474-624AA30,WELT CAM (C),90,0,58,,90
2025/11/13,2025/11/22,2025/10/29,2025114,E000096997,474-624AA30,WELT CAM (C),90,0,58,,90
2025/12/10,2025/11/22,2025/11/26,2025124,E000097891,474-624AA30,WELT CAM (C),90,58,58,,0
2025/12/22,2025/11/22,2025/12/08,2025127,E000098032,474-624AA30,WELT CAM (C),90,0,0,,0
2026/01/05,2025/11/22,2025/12/15,2026011,E000098395,474-624AA30,WELT CAM (C),90,0,0,,0
2026/01/13,2025/11/22,2025/12/22,2026013,E000098425,474-624AA30,WELT CAM (C),90,0,0,,0
2026/02/19,2025/11/22,2026/02/04,2026026,E000099051,474-624AA30,WELT CAM (C),90,0,0,,0
2026/02/24,2025/11/22,2026/02/06,2026027,E000099076,474-624AA30,WELT CAM (C),90,0,0,,0
2026/01/15,2025/11/22,2025/12/24,2026014,E000098451,474-624AA34,WELT CAM (C),95,45,45,,0
2026/01/20,2025/11/22,2026/01/05,2026015,E000098482,474-624AA34,WELT CAM (C),95,0,0,,0
2025/11/27,2025/11/22,2025/11/12,2025118,E000097580,474-624AA38,WELT CAM (C),70,70,83,,0
2025/12/26,2025/11/22,2025/12/26,,E000098777,474-624DA38,WELT CAM (L),14,0,0,PJ-0635702,
2025/12/26,2025/11/22,2025/12/26,,E000099269,474-626AA33,WELT CAM (E),36,7,7,PJ-0638307,
2026/01/27,2025/11/22,2026/01/27,,E000099279,474-626AA33,WELT CAM (E),36,0,0,PJ-0638308,
2025/11/06,2025/11/22,2025/10/22,2025112,E000096909,474-627AA30,TUCKING CAM (B),120,0,170,,120
2025/11/13,2025/11/22,2025/10/29,2025114,E000096998,474-627AA30,TUCKING CAM (B),120,0,170,,120
2025/12/10,2025/11/22,2025/11/26,2025124,E000097892,474-627AA30,TUCKING CAM (B),120,120,170,,0
2025/12/22,2025/11/22,2025/12/08,2025127,E000098033,474-627AA30,TUCKING CAM (B),120,50,50,,0
2026/01/05,2025/11/22,2025/12/15,2026011,E000098396,474-627AA30,TUCKING CAM (B),120,0,0,,0
2026/01/13,2025/11/22,2025/12/22,2026013,E000098426,474-627AA30,TUCKING CAM (B),120,0,0,,0
2026/02/19,2025/11/22,2026/02/04,2026026,E000099052,474-627AA30,TUCKING CAM (B),120,0,0,,0
2026/02/24,2025/11/22,2026/02/06,2026027,E000099077,474-627AA30,TUCKING CAM (B),120,0,0,,0
2026/01/15,2025/11/22,2025/12/24,2026014,E000098452,474-627AA34,TUCKING CAM (B),125,68,68,,0
2026/01/20,2025/11/22,2026/01/05,2026015,E000098483,474-627AA34,TUCKING CAM (B),125,0,0,,0
2025/11/27,2025/11/22,2025/11/12,2025118,E000097581,474-627AA38,TUCKING CAM (B),42,42,77,,0
2025/11/06,2025/11/22,2025/10/22,2025112,E000096910,474-628AA30,TUCKING CAM (C),120,0,164,,120
2025/11/13,2025/11/22,2025/10/29,2025114,E000096999,474-628AA30,TUCKING CAM (C),120,0,164,,120
2025/12/10,2025/11/22,2025/11/26,2025124,E000097893,474-628AA30,TUCKING CAM (C),120,120,164,,0
2025/12/22,2025/11/22,2025/12/08,2025127,E000098034,474-628AA30,TUCKING CAM (C),120,44,44,,0
2026/01/05,2025/11/22,2025/12/15,2026011,E000098397,474-628AA30,TUCKING CAM (C),120,0,0,,0
2026/01/13,2025/11/22,2025/12/22,2026013,E000098427,474-628AA30,TUCKING CAM (C),120,0,0,,0
2026/02/19,2025/11/22,2026/02/04,2026026,E000099053,474-628AA30,TUCKING CAM (C),120,0,0,,0
2026/02/24,2025/11/22,2026/02/06,2026027,E000099078,474-628AA30,TUCKING CAM (C),120,0,0,,0
2026/01/15,2025/11/22,2025/12/24,2026014,E000098453,474-628AA34,TUCKING CAM (C),125,92,92,,0
2026/01/20,2025/11/22,2026/01/05,2026015,E000098484,474-628AA34,TUCKING CAM (C),125,0,0,,0
2025/11/27,2025/11/22,2025/11/12,2025118,E000097582,474-628AA38,TUCKING CAM (C),42,42,68,,0
2025/12/26,2025/11/22,2025/12/26,,E000099270,474-630AA33,TUCKING CAM (E),12,12,13,PJ-0638309,
2026/01/27,2025/11/22,2026/01/27,,E000099280,474-630AA33,TUCKING CAM (E),12,1,1,PJ-0638310,
2026/01/15,2025/11/22,2025/12/24,2026014,E000098454,474-631AA34,TUCK STITCH CAM (B),125,22,22,,0
2026/01/20,2025/11/22,2026/01/05,2026015,E000098485,474-631AA34,TUCK STITCH CAM (B),125,0,0,,0
2025/11/27,2025/11/22,2025/11/12,2025118,E000097583,474-631AA38,TUCK STITCH CAM (B),42,42,81,,0
2026/01/15,2025/11/22,2025/12/24,2026014,E000098455,474-632AA34,TUCK STITCH CAM (C),125,15,15,,0
2026/01/20,2025/11/22,2026/01/05,2026015,E000098486,474-632AA34,TUCK STITCH CAM (C),125,0,0,,0
2025/11/27,2025/11/22,2025/11/12,2025118,E000097584,474-632AA38,TUCK STITCH CAM (C),42,42,80,,0
2025/12/26,2025/11/22,2025/12/26,,E000099271,474-634AA33,TUCK STITCH CAM (E),12,3,3,PJ-0638311,
2026/01/27,2025/11/22,2026/01/27,,E000099281,474-634AA33,TUCK STITCH CAM (E),12,0,0,PJ-0638312,
2025/11/06,2025/11/22,2025/10/22,2025112,E000096911,474-651AA30,GATE CAM (B),5,0,6,,5
2025/11/13,2025/11/22,2025/10/29,2025114,E000097000,474-651AA30,GATE CAM (B),5,0,6,,5
2025/12/10,2025/11/22,2025/11/26,2025124,E000097894,474-651AA30,GATE CAM (B),5,5,6,,0
2025/12/22,2025/11/22,2025/12/08,2025127,E000098035,474-651AA30,GATE CAM (B),5,1,1,,0
2026/01/05,2025/11/22,2025/12/15,2026011,E000098398,474-651AA30,GATE CAM (B),5,0,0,,0
2026/01/13,2025/11/22,2025/12/22,2026013,E000098428,474-651AA30,GATE CAM (B),5,0,0,,0
2026/02/19,2025/11/22,2026/02/04,2026026,E000099054,474-651AA30,GATE CAM (B),5,0,0,,0
2026/02/24,2025/11/22,2026/02/06,2026027,E000099079,474-651AA30,GATE CAM (B),5,0,0,,0
2026/01/15,2025/11/22,2025/12/24,2026014,E000098456,474-651AA34,GATE CAM (B),5,5,16,,0
2026/01/20,2025/11/22,2026/01/05,2026015,E000098487,474-651AA34,GATE CAM (B),5,5,11,,0
2025/11/27,2025/11/22,2025/11/12,2025118,E000097585,474-651AB38,GATE CAM (B),2,0,6,,2
2025/11/06,2025/11/22,2025/10/22,2025112,E000096912,474-652AA30,GATE CAM (C),5,0,11,,5
2025/11/13,2025/11/22,2025/10/29,2025114,E000097001,474-652AA30,GATE CAM (C),5,0,11,,5
2025/12/10,2025/11/22,2025/11/26,2025124,E000097895,474-652AA30,GATE CAM (C),5,0,11,,5
2025/12/22,2025/11/22,2025/12/08,2025127,E000098036,474-652AA30,GATE CAM (C),5,0,11,,5
2026/01/05,2025/11/22,2025/12/15,2026011,E000098399,474-652AA30,GATE CAM (C),5,5,11,,0
2026/01/13,2025/11/22,2025/12/22,2026013,E000098429,474-652AA30,GATE CAM (C),5,5,6,,0
2026/02/19,2025/11/22,2026/02/04,2026026,E000099055,474-652AA30,GATE CAM (C),5,1,1,,0
2026/02/24,2025/11/22,2026/02/06,2026027,E000099080,474-652AA30,GATE CAM (C),5,0,0,,0
2026/01/15,2025/11/22,2025/12/24,2026014,E000098457,474-652AA34,GATE CAM (C),5,5,22,,0
2026/01/20,2025/11/22,2026/01/05,2026015,E000098488,474-652AA34,GATE CAM (C),5,5,17,,0
2025/11/27,2025/11/22,2025/11/12,2025118,E000097586,474-652AB38,GATE CAM (C),2,0,9,,2
2025/12/26,2025/11/22,2025/12/26,,E000099272,474-654AA33,GATE CAM (E),1,0,0,PJ-0638313,
2026/01/27,2025/11/22,2026/01/27,,E000099282,474-654AA33,GATE CAM (E),1,0,0,PJ-0638314,
2025/11/27,2025/11/22,2025/11/12,2025118,E000097587,474-655BA38,GUARD CAM (B),84,84,95,,0
2025/11/27,2025/11/22,2025/11/12,2025118,E000097588,474-656BA38,GUARD CAM (C),84,84,127,,0
2026/01/23,2025/11/22,2026/01/23,,E000098700,474-671AA33,STITCH CAM (B),12,4,4,PJ-0632904,
2026/01/23,2025/11/22,2026/01/23,,E000098704,474-672AA33,STITCH CAM (C),12,5,5,PJ-0632908,
2026/01/23,2025/11/22,2026/01/23,,E000098699,474-675AA33,RAISING CAM (B),12,1,1,PJ-0632903,
2026/01/23,2025/11/22,2026/01/23,,E000098703,474-676AA33,RAISING CAM (C),12,4,4,PJ-0632907,
2026/01/23,2025/11/22,2026/01/23,,E000098701,474-679AA33,TUCKING CAM (B),12,4,4,PJ-0632905,
2026/01/23,2025/11/22,2026/01/23,,E000098705,474-680AA33,TUCKING CAM (C),12,4,4,PJ-0632909,
2026/01/23,2025/11/22,2026/01/23,,E000098702,474-683BA33,TUCK STITCH CAM (B),12,4,4,PJ-0632906,
2026/01/23,2025/11/22,2026/01/23,,E000098706,474-684BA33,TUCK STITCH CAM (C),12,12,13,PJ-0632910,
2026/01/15,2025/11/22,2025/12/24,2026014,E000098886,478-511AB30,KNIT CAM,96,0,0,,0
2026/01/29,2025/11/22,2026/01/15,2026018,E000098909,478-511AB30,KNIT CAM,78,0,0,,0
2026/01/15,2025/11/22,2025/12/24,2026014,E000098887,478-521AB30,KNIT CAM,168,71,71,,0
2026/01/29,2025/11/22,2026/01/15,2026018,E000098910,478-521AB30,KNIT CAM,168,0,0,,0
2026/01/07,2025/11/22,2025/12/17,2026012,E000098589,478-521AB33,KNIT CAM,182,31,31,,0
2025/11/20,2025/11/22,2025/11/06,2025116,E000097113,478-521EA34,KNIT CAM,475,475,1067,,0
2025/11/25,2025/11/22,2025/11/10,2025117,E000097126,478-521EA34,KNIT CAM,475,475,592,,0
2026/01/27,2025/11/22,2026/01/13,2026017,E000098530,478-521EA34,KNIT CAM,475,117,117,,0
2026/01/29,2025/11/22,2026/01/15,2026018,E000098548,478-521EA34,KNIT CAM,475,0,0,,0
2025/11/05,2025/11/22,2025/11/05,,E000096881,478-521EB30,KNIT CAM,672,103,103,PE-2553303,
2026/01/15,2025/11/22,2025/12/24,2026014,E000098888,478-522AB30,WELT CAM,8,8,18,,0
2026/01/29,2025/11/22,2026/01/15,2026018,E000098911,478-522AB30,WELT CAM,8,8,10,,0
2026/01/07,2025/11/22,2025/12/17,2026012,E000098590,478-522AB33,WELT CAM,4,4,18,,0
2025/11/05,2025/11/22,2025/11/05,,E000096882,478-522EB30,WELT CAM,688,42,42,PE-2553306,
2025/11/20,2025/11/22,2025/11/06,2025116,E000097114,478-522EB34,WELT CAM,640,640,1362,,0
2025/11/25,2025/11/22,2025/11/10,2025117,E000097127,478-522EB34,WELT CAM,640,640,722,,0
2026/01/27,2025/11/22,2026/01/13,2026017,E000098531,478-522EB34,WELT CAM,640,82,82,,0
2026/01/29,2025/11/22,2026/01/15,2026018,E000098549,478-522EB34,WELT CAM,640,0,0,,0
2025/11/20,2025/11/22,2025/11/06,2025116,E000097115,478-522GA34,GATE CAM,20,0,76,,20
2025/11/25,2025/11/22,2025/11/10,2025117,E000097128,478-522GA34,GATE CAM,20,20,76,,0
2026/01/27,2025/11/22,2026/01/13,2026017,E000098532,478-522GA34,GATE CAM,20,20,56,,0
2026/01/29,2025/11/22,2026/01/15,2026018,E000098550,478-522GA34,GATE CAM,20,20,36,,0
2025/11/05,2025/11/22,2025/11/05,,E000096884,478-522GB30,GATE CAM,16,4,4,PE-2553312,
2026/01/15,2025/11/22,2025/12/24,2026014,E000098889,478-523AB30,TUCK CAM,114,102,102,,0
2026/01/29,2025/11/22,2026/01/15,2026018,E000098912,478-523AB30,TUCK CAM,110,0,0,,0
2026/01/15,2025/11/22,2025/12/24,2026014,E000098890,478-524AB30,WELT CAM,236,180,180,,0
2026/01/29,2025/11/22,2026/01/15,2026018,E000098913,478-524AB30,WELT CAM,232,0,0,,0
2026/01/07,2025/11/22,2025/12/17,2026012,E000098591,478-524AB33,WELT CAM,120,26,26,,0
2025/11/20,2025/11/22,2025/11/06,2025116,E000097116,478-524EA34,WELT CAM,150,150,341,,0
2025/11/25,2025/11/22,2025/11/10,2025117,E000097129,478-524EA34,WELT CAM,150,150,191,,0
2026/01/27,2025/11/22,2026/01/13,2026017,E000098533,478-524EA34,WELT CAM,150,41,41,,0
2026/01/29,2025/11/22,2026/01/15,2026018,E000098551,478-524EA34,WELT CAM,150,0,0,,0
2025/11/05,2025/11/22,2025/11/05,,E000096885,478-524EB30,WELT CAM,336,17,17,PE-2553315,
2026/01/15,2025/11/22,2025/12/24,2026014,E000098891,478-525AB30,WELT CAM,6,6,40,,0
2026/01/29,2025/11/22,2026/01/15,2026018,E000098914,478-525AB30,WELT CAM,4,4,34,,0
2026/01/15,2025/11/22,2025/12/24,2026014,E000098892,478-531AB30,KNIT CAM,68,33,33,,0
2026/01/29,2025/11/22,2026/01/15,2026018,E000098915,478-531AB30,KNIT CAM,35,0,0,,0
2026/01/07,2025/11/22,2025/12/17,2026012,E000098592,478-533AB33,TUCK CAM,60,34,34,,0
2025/11/20,2025/11/22,2025/11/06,2025116,E000097117,478-533EA34,TUCK CAM,150,150,361,,0
2025/11/25,2025/11/22,2025/11/10,2025117,E000097130,478-533EA34,TUCK CAM,150,150,211,,0
2026/01/27,2025/11/22,2026/01/13,2026017,E000098534,478-533EA34,TUCK CAM,150,61,61,,0
2026/01/29,2025/11/22,2026/01/15,2026018,E000098552,478-533EA34,TUCK CAM,150,0,0,,0
2025/11/05,2025/11/22,2025/11/05,,E000096883,478-533EB30,TUCK CAM,448,25,25,PE-2553309,
2026/01/29,2025/11/22,2026/01/15,2026018,E000098929,478-535BB30,KNIT CAM,31,27,27,,0
2026/01/15,2025/11/22,2025/12/24,2026014,E000098458,478-607AA30,NEEDLE GUARD,54,54,68,,0
2026/01/29,2025/11/22,2026/01/15,2026018,E000098771,478-607AA30,NEEDLE GUARD,54,14,14,,0
2026/01/07,2025/11/22,2025/12/17,2026012,E000098406,478-607AA33,NEEDLE GUARD,58,21,21,,0
2026/01/15,2025/11/22,2025/12/24,2026014,E000098459,478-607BA30,NEEDLE GUARD,2,2,26,,0
2026/01/29,2025/11/22,2026/01/15,2026018,E000098772,478-607BA30,NEEDLE GUARD,2,2,24,,0
2026/01/07,2025/11/22,2025/12/17,2026012,E000098407,478-607BA33,NEEDLE GUARD,2,2,2,,0
2026/01/15,2025/11/22,2025/12/24,2026014,E000098460,478-608AA30,NEEDLE GUARD,2,2,27,,0
2026/01/29,2025/11/22,2026/01/15,2026018,E000098773,478-608AA30,NEEDLE GUARD,2,2,25,,0
2026/01/07,2025/11/22,2025/12/17,2026012,E000098408,478-608AA33,NEEDLE GUARD,2,2,4,,0
2025/11/20,2025/11/22,2025/11/06,2025116,E000097050,478-608AA34,NEEDLE GUARD,5,0,20,,5
2025/11/25,2025/11/22,2025/11/10,2025117,E000097055,478-608AA34,NEEDLE GUARD,5,0,20,,5
2026/01/27,2025/11/22,2026/01/13,2026017,E000098535,478-608AA34,NEEDLE GUARD,5,5,20,,0
2026/01/29,2025/11/22,2026/01/15,2026018,E000098553,478-608AA34,NEEDLE GUARD,5,5,15,,0
2026/01/15,2025/11/22,2025/12/24,2026014,E000098893,478-611AA30,KNIT CAM (H),4,4,38,,0
2026/01/29,2025/11/22,2026/01/15,2026018,E000098916,478-611AA30,KNIT CAM (H),42,34,34,,0
2026/01/15,2025/11/22,2025/12/24,2026014,E000098894,478-612AA30,KNIT CAM (L),4,4,34,,0
2026/01/29,2025/11/22,2026/01/15,2026018,E000098917,478-612AA30,KNIT CAM (L),42,30,30,,0
2025/12/12,2025/11/22,2025/12/12,,E000098369,478-623AA33,KNIT CAM (H),22,22,40,PF-9388209,
2025/12/12,2025/11/22,2025/12/12,,E000098367,478-623AA33,KNIT CAM (H),22,18,18,PF-9388204,
2026/01/15,2025/11/22,2025/12/24,2026014,E000098895,478-623AB30,KNIT CAM (H),86,6,6,,0
2026/01/29,2025/11/22,2026/01/15,2026018,E000098918,478-623AB30,KNIT CAM (H),85,0,0,,0
2025/11/05,2025/11/22,2025/11/05,,E000096886,478-623DA30,KNIT CAM (H),168,54,54,PE-2553318,
2026/01/07,2025/11/22,2025/12/17,2026012,E000098593,478-623DA33,KNIT CAM (H),30,10,10,,0
2026/01/15,2025/11/22,2025/12/24,2026014,E000098896,478-623LB30,KNIT CAM (H),68,0,0,,0
2026/01/29,2025/11/22,2026/01/15,2026018,E000098919,478-623LB30,KNIT CAM (H),35,0,0,,0
2025/12/12,2025/11/22,2025/12/12,,E000098370,478-624AA33,KNIT CAM (L),22,22,24,PF-9388210,
2025/12/12,2025/11/22,2025/12/12,,E000098368,478-624AA33,KNIT CAM (L),22,2,2,PF-9388205,
2026/01/15,2025/11/22,2025/12/24,2026014,E000098897,478-624AB30,KNIT CAM (L),86,14,14,,0
2026/01/29,2025/11/22,2026/01/15,2026018,E000098920,478-624AB30,KNIT CAM (L),85,0,0,,0
2025/11/05,2025/11/22,2025/11/05,,E000096887,478-624DA30,KNIT CAM (L),168,64,64,PE-2553321,
2026/01/07,2025/11/22,2025/12/17,2026012,E000098594,478-624DA33,KNIT CAM (L),30,15,15,,0
2026/01/15,2025/11/22,2025/12/24,2026014,E000098898,478-624LB30,KNIT CAM (L),68,0,0,,0
2026/01/29,2025/11/22,2026/01/15,2026018,E000098921,478-624LB30,KNIT CAM (L),35,0,0,,0
2025/11/05,2025/11/22,2025/11/05,,E000096888,478-625DA30,WELT CAM (H),172,56,56,PE-2553324,
2026/01/07,2025/11/22,2025/12/17,2026012,E000098595,478-625DA33,WELT CAM (H),152,11,11,,0
2025/11/20,2025/11/22,2025/11/06,2025116,E000097118,478-625DA34,WELT CAM (H),325,325,693,,0
2025/11/25,2025/11/22,2025/11/10,2025117,E000097131,478-625DA34,WELT CAM (H),325,325,368,,0
2026/01/27,2025/11/22,2026/01/13,2026017,E000098536,478-625DA34,WELT CAM (H),325,43,43,,0
2026/01/29,2025/11/22,2026/01/15,2026018,E000098554,478-625DA34,WELT CAM (H),325,0,0,,0
2025/11/05,2025/11/22,2025/11/05,,E000096889,478-626DA30,WELT CAM (L),172,33,33,PE-2553327,
2026/01/07,2025/11/22,2025/12/17,2026012,E000098596,478-626DA33,WELT CAM (L),152,63,63,,0
2025/11/20,2025/11/22,2025/11/06,2025116,E000097119,478-626DA34,WELT CAM (L),325,325,691,,0
2025/11/25,2025/11/22,2025/11/10,2025117,E000097132,478-626DA34,WELT CAM (L),325,325,366,,0
2026/01/27,2025/11/22,2026/01/13,2026017,E000098537,478-626DA34,WELT CAM (L),325,41,41,,0
2026/01/29,2025/11/22,2026/01/15,2026018,E000098555,478-626DA34,WELT CAM (L),325,0,0,,0
2026/01/07,2025/11/22,2025/12/17,2026012,E000098597,478-627AA33,TUCK CAM (H),22,16,16,,0
2026/01/15,2025/11/22,2025/12/24,2026014,E000098899,478-627AB30,TUCK CAM (H),20,0,0,,0
2026/01/29,2025/11/22,2026/01/15,2026018,E000098922,478-627AB30,TUCK CAM (H),10,0,0,,0
2026/01/07,2025/11/22,2025/12/17,2026012,E000098598,478-628AA33,TUCK CAM (L),22,21,21,,0
2026/01/15,2025/11/22,2025/12/24,2026014,E000098900,478-628AB30,TUCK CAM (L),20,0,0,,0
2026/01/29,2025/11/22,2026/01/15,2026018,E000098923,478-628AB30,TUCK CAM (L),10,0,0,,0
2026/01/15,2025/11/22,2025/12/24,2026014,E000098901,478-629AB30,TUCK CAM (H),56,12,12,,0
2026/01/29,2025/11/22,2026/01/15,2026018,E000098924,478-629AB30,TUCK CAM (H),56,0,0,,0
2025/11/05,2025/11/22,2025/11/05,,E000096890,478-629DA30,TUCK CAM (H),112,47,47,PE-2553330,
2026/01/15,2025/11/22,2025/12/24,2026014,E000098902,478-630AB30,TUCK CAM (L),56,2,2,,0
2026/01/29,2025/11/22,2026/01/15,2026018,E000098925,478-630AB30,TUCK CAM (L),56,0,0,,0
2025/11/05,2025/11/22,2025/11/05,,E000096891,478-630DA30,TUCK CAM (L),112,31,31,PE-2553333,
2026/01/15,2025/11/22,2025/12/24,2026014,E000098903,478-631AA30,WELT CAM (H),56,9,9,,0
2026/01/29,2025/11/22,2026/01/15,2026018,E000098926,478-631AA30,WELT CAM (H),48,0,0,,0
2025/11/05,2025/11/22,2025/11/05,,E000096892,478-631DA30,WELT CAM (H),84,13,13,PE-2553336,
2025/11/20,2025/11/22,2025/11/06,2025116,E000097120,478-631DA34,WELT CAM (H),75,0,110,,75
2025/11/25,2025/11/22,2025/11/10,2025117,E000097133,478-631DA34,WELT CAM (H),75,75,110,,0
2026/01/27,2025/11/22,2026/01/13,2026017,E000098538,478-631DA34,WELT CAM (H),75,35,35,,0
2026/01/29,2025/11/22,2026/01/15,2026018,E000098556,478-631DA34,WELT CAM (H),75,0,0,,0
2026/01/15,2025/11/22,2025/12/24,2026014,E000098904,478-632AA30,WELT CAM (L),56,15,15,,0
2026/01/29,2025/11/22,2026/01/15,2026018,E000098927,478-632AA30,WELT CAM (L),48,0,0,,0
2025/11/05,2025/11/22,2025/11/05,,E000096893,478-632DA30,WELT CAM (L),84,27,27,PE-2553339,
2025/11/20,2025/11/22,2025/11/06,2025116,E000097121,478-632DA34,WELT CAM (L),75,0,91,,75
2025/11/25,2025/11/22,2025/11/10,2025117,E000097134,478-632DA34,WELT CAM (L),75,75,91,,0
2026/01/27,2025/11/22,2026/01/13,2026017,E000098539,478-632DA34,WELT CAM (L),75,16,16,,0
2026/01/29,2025/11/22,2026/01/15,2026018,E000098557,478-632DA34,WELT CAM (L),75,0,0,,0
2025/11/11,2025/11/22,2025/10/27,2025113,E000096939,479-506AA30,NEEDLE GUARD,140,0,233,,140
2025/11/18,2025/11/22,2025/11/04,2025115,E000097019,479-506AA30,NEEDLE GUARD,140,140,233,,0
2025/12/03,2025/11/22,2025/11/18,2025122,E000097711,479-506AA30,NEEDLE GUARD,140,93,93,,0
2025/12/08,2025/11/22,2025/11/21,2025123,E000097760,479-506AA30,NEEDLE GUARD,140,0,0,,0
2025/12/15,2025/11/22,2025/12/01,2025125,E000097912,479-506AA30,NEEDLE GUARD,140,0,0,,0
2025/12/17,2025/11/22,2025/12/03,2025126,E000097943,479-506AA30,NEEDLE GUARD,140,0,0,,0
2026/01/15,2025/11/22,2025/12/24,2026014,E000098461,479-506AA30,NEEDLE GUARD,56,0,0,,0
2026/01/29,2025/11/22,2026/01/15,2026018,E000098774,479-506AA30,NEEDLE GUARD,56,0,0,,0
2026/01/07,2025/11/22,2025/12/17,2026012,E000098409,479-506AA33,NEEDLE GUARD,60,60,65,,0
2025/11/20,2025/11/22,2025/11/06,2025116,E000097051,479-506AA34,NEEDLE GUARD,150,150,397,,0
2025/11/25,2025/11/22,2025/11/10,2025117,E000097056,479-506AA34,NEEDLE GUARD,150,150,247,,0
2026/01/27,2025/11/22,2026/01/13,2026017,E000098540,479-506AA34,NEEDLE GUARD,150,97,97,,0
2026/01/29,2025/11/22,2026/01/15,2026018,E000098558,479-506AA34,NEEDLE GUARD,150,0,0,,0
2026/02/02,2025/11/22,2026/01/19,2026021,E000098933,479-506AA34,NEEDLE GUARD,150,0,0,,0
2026/02/04,2025/11/22,2026/01/21,2026022,E000098978,479-506AA34,NEEDLE GUARD,150,0,0,,0
2026/01/22,2025/11/22,2026/01/07,2026016,E000098495,479-506AA38,NEEDLE GUARD,160,24,24,,0
2025/11/11,2025/11/22,2025/10/27,2025113,E000096940,479-506BA30,NEEDLE GUARD,5,0,18,,5
2025/11/18,2025/11/22,2025/11/04,2025115,E000097020,479-506BA30,NEEDLE GUARD,5,5,18,,0
2025/12/03,2025/11/22,2025/11/18,2025122,E000097712,479-506BA30,NEEDLE GUARD,5,5,13,,0
2025/12/08,2025/11/22,2025/11/21,2025123,E000097761,479-506BA30,NEEDLE GUARD,5,5,8,,0
2025/12/15,2025/11/22,2025/12/01,2025125,E000097913,479-506BA30,NEEDLE GUARD,5,3,3,,0
2025/12/17,2025/11/22,2025/12/03,2025126,E000097944,479-506BA30,NEEDLE GUARD,5,0,0,,0
2026/01/15,2025/11/22,2025/12/24,2026014,E000098462,479-506BA30,NEEDLE GUARD,2,0,0,,0
2026/01/29,2025/11/22,2026/01/15,2026018,E000098775,479-506BA30,NEEDLE GUARD,2,0,0,,0
2026/01/07,2025/11/22,2025/12/17,2026012,E000098410,479-506BA33,NEEDLE GUARD,2,2,13,,0
2025/11/20,2025/11/22,2025/11/06,2025116,E000097052,479-506BA34,NEEDLE GUARD,5,0,34,,5
2025/11/25,2025/11/22,2025/11/10,2025117,E000097057,479-506BA34,NEEDLE GUARD,5,0,34,,5
2026/01/27,2025/11/22,2026/01/13,2026017,E000098541,479-506BA34,NEEDLE GUARD,5,5,34,,0
2026/01/29,2025/11/22,2026/01/15,2026018,E000098559,479-506BA34,NEEDLE GUARD,5,5,29,,0
2026/02/02,2025/11/22,2026/01/19,2026021,E000098934,479-506BA34,NEEDLE GUARD,5,5,24,,0
2026/02/04,2025/11/22,2026/01/21,2026022,E000098979,479-506BA34,NEEDLE GUARD,5,5,19,,0
2026/01/22,2025/11/22,2026/01/07,2026016,E000098496,479-506BA38,NEEDLE GUARD,10,10,18,,0
2025/11/11,2025/11/22,2025/10/27,2025113,E000096941,479-511AA30,STITCH CAM,285,0,241,,285
2025/11/18,2025/11/22,2025/11/04,2025115,E000097021,479-511AA30,STITCH CAM,285,0,241,,285
2025/12/03,2025/11/22,2025/11/18,2025122,E000097713,479-511AA30,STITCH CAM,285,241,241,,0
2025/12/08,2025/11/22,2025/11/21,2025123,E000097762,479-511AA30,STITCH CAM,285,0,0,,0
2025/12/15,2025/11/22,2025/12/01,2025125,E000097914,479-511AA30,STITCH CAM,285,0,0,,0
2025/12/17,2025/11/22,2025/12/03,2025126,E000097945,479-511AA30,STITCH CAM,285,0,0,,0
2026/02/02,2025/11/22,2026/01/19,2026021,E000098935,479-511AA30,STITCH CAM,305,0,0,,0
2026/02/04,2025/11/22,2026/01/21,2026022,E000098980,479-511AA30,STITCH CAM,305,0,0,,0
2026/01/22,2025/11/22,2026/01/07,2026016,E000098497,479-511AA36,STITCH CAM,320,57,57,,0
2025/11/11,2025/11/22,2025/10/27,2025113,E000096942,479-511BA30,STITCH CAM,560,0,669,,560
2025/11/18,2025/11/22,2025/11/04,2025115,E000097022,479-511BA30,STITCH CAM,560,560,669,,0
2025/12/03,2025/11/22,2025/11/18,2025122,E000097714,479-511BA30,STITCH CAM,560,109,109,,0
2025/12/08,2025/11/22,2025/11/21,2025123,E000097763,479-511BA30,STITCH CAM,560,0,0,,0
2025/12/15,2025/11/22,2025/12/01,2025125,E000097915,479-511BA30,STITCH CAM,560,0,0,,0
2025/12/17,2025/11/22,2025/12/03,2025126,E000097946,479-511BA30,STITCH CAM,560,0,0,,0
2026/02/02,2025/11/22,2026/01/19,2026021,E000098936,479-511BA30,STITCH CAM,600,0,0,,0
2026/02/04,2025/11/22,2026/01/21,2026022,E000098981,479-511BA30,STITCH CAM,600,0,0,,0
2026/01/22,2025/11/22,2026/01/07,2026016,E000098498,479-511BA36,STITCH CAM,645,112,112,,0
2025/11/11,2025/11/22,2025/10/27,2025113,E000096943,479-512AA30,RAISING CAM,565,0,920,,565
2025/11/18,2025/11/22,2025/11/04,2025115,E000097023,479-512AA30,RAISING CAM,565,565,920,,0
2025/12/03,2025/11/22,2025/11/18,2025122,E000097715,479-512AA30,RAISING CAM,565,355,355,,0
2025/12/08,2025/11/22,2025/11/21,2025123,E000097764,479-512AA30,RAISING CAM,565,0,0,,0
2025/12/15,2025/11/22,2025/12/01,2025125,E000097916,479-512AA30,RAISING CAM,565,0,0,,0
2025/12/17,2025/11/22,2025/12/03,2025126,E000097947,479-512AA30,RAISING CAM,565,0,0,,0
2026/02/02,2025/11/22,2026/01/19,2026021,E000098937,479-512AA34,RAISING CAM,605,263,263,,0
2026/02/04,2025/11/22,2026/01/21,2026022,E000098982,479-512AA34,RAISING CAM,605,0,0,,0
2026/01/22,2025/11/22,2026/01/07,2026016,E000098499,479-512AA38,RAISING CAM,645,60,60,,0
2025/11/11,2025/11/22,2025/10/27,2025113,E000096944,479-513AB30,GATE CAM,10,0,32,,10
2025/11/18,2025/11/22,2025/11/04,2025115,E000097024,479-513AB30,GATE CAM,10,0,32,,10
2025/12/03,2025/11/22,2025/11/18,2025122,E000097716,479-513AB30,GATE CAM,10,10,32,,0
2025/12/08,2025/11/22,2025/11/21,2025123,E000097765,479-513AB30,GATE CAM,10,10,22,,0
2025/12/15,2025/11/22,2025/12/01,2025125,E000097917,479-513AB30,GATE CAM,10,10,12,,0
2025/12/17,2025/11/22,2025/12/03,2025126,E000097948,479-513AB30,GATE CAM,10,2,2,,0
2026/02/02,2025/11/22,2026/01/19,2026021,E000098938,479-513AB34,GATE CAM,10,10,12,,0
2026/02/04,2025/11/22,2026/01/21,2026022,E000098983,479-513AB34,GATE CAM,10,2,2,,0
2026/01/22,2025/11/22,2026/01/07,2026016,E000098500,479-513AB38,GATE CAM,20,14,14,,0
2025/11/11,2025/11/22,2025/10/27,2025113,E000096945,479-513BB30,GATE CAM,10,0,32,,10
2025/11/18,2025/11/22,2025/11/04,2025115,E000097025,479-513BB30,GATE CAM,10,0,32,,10
2025/12/03,2025/11/22,2025/11/18,2025122,E000097717,479-513BB30,GATE CAM,10,10,32,,0
2025/12/08,2025/11/22,2025/11/21,2025123,E000097766,479-513BB30,GATE CAM,10,10,22,,0
2025/12/15,2025/11/22,2025/12/01,2025125,E000097918,479-513BB30,GATE CAM,10,10,12,,0
2025/12/17,2025/11/22,2025/12/03,2025126,E000097949,479-513BB30,GATE CAM,10,2,2,,0
2026/02/02,2025/11/22,2026/01/19,2026021,E000098939,479-513BB34,GATE CAM,10,10,36,,0
2026/02/04,2025/11/22,2026/01/21,2026022,E000098984,479-513BB34,GATE CAM,10,10,26,,0
2026/01/22,2025/11/22,2026/01/07,2026016,E000098501,479-513BB38,GATE CAM,20,19,19,,0
2025/11/11,2025/11/22,2025/10/27,2025113,E000096946,479-514AA30,WELT CAM,80,0,10,,80
2025/11/18,2025/11/22,2025/11/04,2025115,E000097026,479-514AA30,WELT CAM,80,0,10,,80
2025/12/03,2025/11/22,2025/11/18,2025122,E000097718,479-514AA30,WELT CAM,80,10,10,,0
2025/12/08,2025/11/22,2025/11/21,2025123,E000097767,479-514AA30,WELT CAM,80,0,0,,0
2025/12/15,2025/11/22,2025/12/01,2025125,E000097919,479-514AA30,WELT CAM,80,0,0,,0
2025/12/17,2025/11/22,2025/12/03,2025126,E000097950,479-514AA30,WELT CAM,80,0,0,,0
2026/02/02,2025/11/22,2026/01/19,2026021,E000098940,479-514AA34,WELT CAM,150,150,215,,0
2026/02/04,2025/11/22,2026/01/21,2026022,E000098985,479-514AA34,WELT CAM,150,65,65,,0
2026/01/22,2025/11/22,2026/01/07,2026016,E000098502,479-514AA38,WELT CAM,160,76,76,,0
2025/11/11,2025/11/22,2025/10/27,2025113,E000096947,479-515AA30,TUCKING CAM,280,0,570,,280
2025/11/18,2025/11/22,2025/11/04,2025115,E000097027,479-515AA30,TUCKING CAM,280,0,570,,280
2025/12/03,2025/11/22,2025/11/18,2025122,E000097719,479-515AA30,TUCKING CAM,280,280,570,,0
2025/12/08,2025/11/22,2025/11/21,2025123,E000097768,479-515AA30,TUCKING CAM,280,280,290,,0
2025/12/15,2025/11/22,2025/12/01,2025125,E000097920,479-515AA30,TUCKING CAM,280,10,10,,0
2025/12/17,2025/11/22,2025/12/03,2025126,E000097951,479-515AA30,TUCKING CAM,280,0,0,,0
2026/02/02,2025/11/22,2026/01/19,2026021,E000098941,479-515AA34,TUCKING CAM,300,110,110,,0
2026/02/04,2025/11/22,2026/01/21,2026022,E000098986,479-515AA34,TUCKING CAM,300,0,0,,0
2026/01/22,2025/11/22,2026/01/07,2026016,E000098503,479-515AA38,TUCKING CAM,320,62,62,,0
2025/11/11,2025/11/22,2025/10/27,2025113,E000096948,479-516AA30,TUCK STITCH CAM,280,0,443,,280
2025/11/18,2025/11/22,2025/11/04,2025115,E000097028,479-516AA30,TUCK STITCH CAM,280,280,443,,0
2025/12/03,2025/11/22,2025/11/18,2025122,E000097720,479-516AA30,TUCK STITCH CAM,280,163,163,,0
2025/12/08,2025/11/22,2025/11/21,2025123,E000097769,479-516AA30,TUCK STITCH CAM,280,0,0,,0
2025/12/15,2025/11/22,2025/12/01,2025125,E000097921,479-516AA30,TUCK STITCH CAM,280,0,0,,0
2025/12/17,2025/11/22,2025/12/03,2025126,E000097952,479-516AA30,TUCK STITCH CAM,280,0,0,,0
2026/02/02,2025/11/22,2026/01/19,2026021,E000098942,479-516AA30,TUCK STITCH CAM,300,0,0,,0
2026/02/04,2025/11/22,2026/01/21,2026022,E000098987,479-516AA30,TUCK STITCH CAM,300,0,0,,0
2026/01/22,2025/11/22,2026/01/07,2026016,E000098504,479-516AA36,TUCK STITCH CAM,320,52,52,,0
2025/11/11,2025/11/22,2025/10/27,2025113,E000096949,479-518AA30,WELT CAM,280,0,440,,280
2025/11/18,2025/11/22,2025/11/04,2025115,E000097029,479-518AA30,WELT CAM,280,280,440,,0
2025/12/03,2025/11/22,2025/11/18,2025122,E000097721,479-518AA30,WELT CAM,280,160,160,,0
2025/12/08,2025/11/22,2025/11/21,2025123,E000097770,479-518AA30,WELT CAM,280,0,0,,0
2025/12/15,2025/11/22,2025/12/01,2025125,E000097922,479-518AA30,WELT CAM,280,0,0,,0
2025/12/17,2025/11/22,2025/12/03,2025126,E000097953,479-518AA30,WELT CAM,280,0,0,,0
2026/02/02,2025/11/22,2026/01/19,2026021,E000098943,479-518AA34,WELT CAM,300,255,255,,0
2026/02/04,2025/11/22,2026/01/21,2026022,E000098988,479-518AA34,WELT CAM,300,0,0,,0
2026/01/22,2025/11/22,2026/01/07,2026016,E000098505,479-518AA38,WELT CAM,320,31,31,,0
2025/11/11,2025/11/22,2025/10/27,2025113,E000096950,479-518HA30,WELT CAM,300,300,697,,0
2025/11/18,2025/11/22,2025/11/04,2025115,E000097030,479-518HA30,WELT CAM,300,300,397,,0
2025/12/03,2025/11/22,2025/11/18,2025122,E000097722,479-518HA30,WELT CAM,300,97,97,,0
2025/12/08,2025/11/22,2025/11/21,2025123,E000097771,479-518HA30,WELT CAM,300,0,0,,0
2025/12/15,2025/11/22,2025/12/01,2025125,E000097923,479-518HA30,WELT CAM,300,0,0,,0
2025/12/17,2025/11/22,2025/12/03,2025126,E000097954,479-518HA30,WELT CAM,300,0,0,,0
2026/02/02,2025/11/22,2026/01/19,2026021,E000098944,479-518HA34,WELT CAM,250,133,133,,0
2026/02/04,2025/11/22,2026/01/21,2026022,E000098989,479-518HA34,WELT CAM,250,0,0,,0
2026/01/22,2025/11/22,2026/01/07,2026016,E000098506,479-518HA38,WELT CAM,320,19,19,,0
2025/11/11,2025/11/22,2025/10/27,2025113,E000096951,479-608AA30,NEEDLE GUARD,5,0,10,,5
2025/11/18,2025/11/22,2025/11/04,2025115,E000097031,479-608AA30,NEEDLE GUARD,5,0,10,,5
2025/12/03,2025/11/22,2025/11/18,2025122,E000097723,479-608AA30,NEEDLE GUARD,5,5,10,,0
2025/12/08,2025/11/22,2025/11/21,2025123,E000097772,479-608AA30,NEEDLE GUARD,5,5,5,,0
2025/12/15,2025/11/22,2025/12/01,2025125,E000097924,479-608AA30,NEEDLE GUARD,5,0,0,,0
2025/12/17,2025/11/22,2025/12/03,2025126,E000097955,479-608AA30,NEEDLE GUARD,5,0,0,,0
2026/02/02,2025/11/22,2026/01/19,2026021,E000098945,479-608AA34,NEEDLE GUARD,5,5,8,,0
2026/02/04,2025/11/22,2026/01/21,2026022,E000098990,479-608AA34,NEEDLE GUARD,5,3,3,,0
2026/01/22,2025/11/22,2026/01/07,2026016,E000098507,479-608AA38,NEEDLE GUARD,5,5,6,,0
2026/01/22,2025/11/22,2026/01/07,2026016,E000098508,479-608BA38,NEEDLE GUARD,5,5,8,,0
2025/11/11,2025/11/22,2025/10/27,2025113,E000096952,479-615AA30,RAISING CAM (B),285,0,245,,285
2025/11/18,2025/11/22,2025/11/04,2025115,E000097032,479-615AA30,RAISING CAM (B),285,0,245,,285
2025/12/03,2025/11/22,2025/11/18,2025122,E000097724,479-615AA30,RAISING CAM (B),285,245,245,,0
2025/12/08,2025/11/22,2025/11/21,2025123,E000097773,479-615AA30,RAISING CAM (B),285,0,0,,0
2025/12/15,2025/11/22,2025/12/01,2025125,E000097925,479-615AA30,RAISING CAM (B),285,0,0,,0
2025/12/17,2025/11/22,2025/12/03,2025126,E000097956,479-615AA30,RAISING CAM (B),285,0,0,,0
2026/02/02,2025/11/22,2026/01/19,2026021,E000098946,479-615AA34,RAISING CAM (B),305,150,150,,0
2026/02/04,2025/11/22,2026/01/21,2026022,E000098991,479-615AA34,RAISING CAM (B),305,0,0,,0
2026/01/22,2025/11/22,2026/01/07,2026016,E000098509,479-615AA38,RAISING CAM (B),325,58,58,,0
2025/11/11,2025/11/22,2025/10/27,2025113,E000096953,479-616AA30,RAISING CAM (C),285,0,285,,285
2025/11/18,2025/11/22,2025/11/04,2025115,E000097033,479-616AA30,RAISING CAM (C),285,0,285,,285
2025/12/03,2025/11/22,2025/11/18,2025122,E000097725,479-616AA30,RAISING CAM (C),285,285,285,,0
2025/12/08,2025/11/22,2025/11/21,2025123,E000097774,479-616AA30,RAISING CAM (C),285,0,0,,0
2025/12/15,2025/11/22,2025/12/01,2025125,E000097926,479-616AA30,RAISING CAM (C),285,0,0,,0
2025/12/17,2025/11/22,2025/12/03,2025126,E000097957,479-616AA30,RAISING CAM (C),285,0,0,,0
2026/02/02,2025/11/22,2026/01/19,2026021,E000098947,479-616AA34,RAISING CAM (C),305,187,187,,0
2026/02/04,2025/11/22,2026/01/21,2026022,E000098992,479-616AA34,RAISING CAM (C),305,0,0,,0
2026/01/22,2025/11/22,2026/01/07,2026016,E000098510,479-616AA38,RAISING CAM (C),325,54,54,,0
2025/11/11,2025/11/22,2025/10/27,2025113,E000096954,479-619AA30,WELT CAM (B),195,0,307,,195
2025/11/18,2025/11/22,2025/11/04,2025115,E000097034,479-619AA30,WELT CAM (B),195,195,307,,0
2025/12/03,2025/11/22,2025/11/18,2025122,E000097726,479-619AA30,WELT CAM (B),195,112,112,,0
2025/12/08,2025/11/22,2025/11/21,2025123,E000097775,479-619AA30,WELT CAM (B),195,0,0,,0
2025/12/15,2025/11/22,2025/12/01,2025125,E000097927,479-619AA30,WELT CAM (B),195,0,0,,0
2025/12/17,2025/11/22,2025/12/03,2025126,E000097958,479-619AA30,WELT CAM (B),195,0,0,,0
2026/02/02,2025/11/22,2026/01/19,2026021,E000098948,479-619AA34,WELT CAM (B),200,150,150,,0
2026/02/04,2025/11/22,2026/01/21,2026022,E000098993,479-619AA34,WELT CAM (B),200,0,0,,0
2026/01/22,2025/11/22,2026/01/07,2026016,E000098511,479-619AA38,WELT CAM (B),215,48,48,,0
2025/11/11,2025/11/22,2025/10/27,2025113,E000096955,479-620AA30,WELT CAM (C),195,0,589,,195
2025/11/18,2025/11/22,2025/11/04,2025115,E000097035,479-620AA30,WELT CAM (C),195,0,589,,195
2025/12/03,2025/11/22,2025/11/18,2025122,E000097727,479-620AA30,WELT CAM (C),195,195,589,,0
2025/12/08,2025/11/22,2025/11/21,2025123,E000097776,479-620AA30,WELT CAM (C),195,195,394,,0
2025/12/15,2025/11/22,2025/12/01,2025125,E000097928,479-620AA30,WELT CAM (C),195,195,199,,0
2025/12/17,2025/11/22,2025/12/03,2025126,E000097959,479-620AA30,WELT CAM (C),195,4,4,,0
2026/02/02,2025/11/22,2026/01/19,2026021,E000098949,479-620AA34,WELT CAM (C),200,188,188,,0
2026/02/04,2025/11/22,2026/01/21,2026022,E000098994,479-620AA34,WELT CAM (C),200,0,0,,0
2026/01/22,2025/11/22,2026/01/07,2026016,E000098512,479-620AA38,WELT CAM (C),215,39,39,,0
2025/11/11,2025/11/22,2025/10/27,2025113,E000096956,479-623AA30,WELT CAM (B),90,0,269,,90
2025/11/18,2025/11/22,2025/11/04,2025115,E000097036,479-623AA30,WELT CAM (B),90,0,269,,90
2025/12/03,2025/11/22,2025/11/18,2025122,E000097728,479-623AA30,WELT CAM (B),90,90,269,,0
2025/12/08,2025/11/22,2025/11/21,2025123,E000097777,479-623AA30,WELT CAM (B),90,90,179,,0
2025/12/15,2025/11/22,2025/12/01,2025125,E000097929,479-623AA30,WELT CAM (B),90,89,89,,0
2025/12/17,2025/11/22,2025/12/03,2025126,E000097960,479-623AA30,WELT CAM (B),90,0,0,,0
2026/02/02,2025/11/22,2026/01/19,2026021,E000098950,479-623AA34,WELT CAM (B),105,105,241,,0
2026/02/04,2025/11/22,2026/01/21,2026022,E000098995,479-623AA34,WELT CAM (B),105,105,136,,0
2026/01/22,2025/11/22,2026/01/07,2026016,E000098513,479-623AA38,WELT CAM (B),110,52,52,,0
2025/11/11,2025/11/22,2025/10/27,2025113,E000096957,479-624AA30,WELT CAM (C),90,0,198,,90
2025/11/18,2025/11/22,2025/11/04,2025115,E000097037,479-624AA30,WELT CAM (C),90,0,198,,90
2025/12/03,2025/11/22,2025/11/18,2025122,E000097729,479-624AA30,WELT CAM (C),90,90,198,,0
2025/12/08,2025/11/22,2025/11/21,2025123,E000097778,479-624AA30,WELT CAM (C),90,90,108,,0
2025/12/15,2025/11/22,2025/12/01,2025125,E000097930,479-624AA30,WELT CAM (C),90,18,18,,0
2025/12/17,2025/11/22,2025/12/03,2025126,E000097961,479-624AA30,WELT CAM (C),90,0,0,,0
2026/02/02,2025/11/22,2026/01/19,2026021,E000098951,479-624AA34,WELT CAM (C),105,105,124,,0
2026/02/04,2025/11/22,2026/01/21,2026022,E000098996,479-624AA34,WELT CAM (C),105,19,19,,0
2026/01/22,2025/11/22,2026/01/07,2026016,E000098514,479-624AA38,WELT CAM (C),110,61,61,,0
2025/11/11,2025/11/22,2025/10/27,2025113,E000096958,479-627AA30,TUCKING CAM (B),140,0,256,,140
2025/11/18,2025/11/22,2025/11/04,2025115,E000097038,479-627AA30,TUCKING CAM (B),140,140,256,,0
2025/12/03,2025/11/22,2025/11/18,2025122,E000097730,479-627AA30,TUCKING CAM (B),140,116,116,,0
2025/12/08,2025/11/22,2025/11/21,2025123,E000097779,479-627AA30,TUCKING CAM (B),140,0,0,,0
2025/12/15,2025/11/22,2025/12/01,2025125,E000097931,479-627AA30,TUCKING CAM (B),140,0,0,,0
2025/12/17,2025/11/22,2025/12/03,2025126,E000097962,479-627AA30,TUCKING CAM (B),140,0,0,,0
2026/02/02,2025/11/22,2026/01/19,2026021,E000098952,479-627AA34,TUCKING CAM (B),150,108,108,,0
2026/02/04,2025/11/22,2026/01/21,2026022,E000098997,479-627AA34,TUCKING CAM (B),150,0,0,,0
2026/01/22,2025/11/22,2026/01/07,2026016,E000098515,479-627AA38,TUCKING CAM (B),160,43,43,,0
2025/11/11,2025/11/22,2025/10/27,2025113,E000096959,479-628AA30,TUCKING CAM (C),140,0,79,,140
2025/11/18,2025/11/22,2025/11/04,2025115,E000097039,479-628AA30,TUCKING CAM (C),140,0,79,,140
2025/12/03,2025/11/22,2025/11/18,2025122,E000097731,479-628AA30,TUCKING CAM (C),140,79,79,,0
2025/12/08,2025/11/22,2025/11/21,2025123,E000097780,479-628AA30,TUCKING CAM (C),140,0,0,,0
2025/12/15,2025/11/22,2025/12/01,2025125,E000097932,479-628AA30,TUCKING CAM (C),140,0,0,,0
2025/12/17,2025/11/22,2025/12/03,2025126,E000097963,479-628AA30,TUCKING CAM (C),140,0,0,,0
2026/02/02,2025/11/22,2026/01/19,2026021,E000098953,479-628AA34,TUCKING CAM (C),150,126,126,,0
2026/02/04,2025/11/22,2026/01/21,2026022,E000098998,479-628AA34,TUCKING CAM (C),150,0,0,,0
2026/01/22,2025/11/22,2026/01/07,2026016,E000098516,479-628AA38,TUCKING CAM (C),160,54,54,,0
2025/11/11,2025/11/22,2025/10/27,2025113,E000096960,479-651AB30,GATE CAM (B),5,0,20,,5
2025/11/18,2025/11/22,2025/11/04,2025115,E000097040,479-651AB30,GATE CAM (B),5,0,20,,5
2025/12/03,2025/11/22,2025/11/18,2025122,E000097732,479-651AB30,GATE CAM (B),5,0,20,,5
2025/12/08,2025/11/22,2025/11/21,2025123,E000097781,479-651AB30,GATE CAM (B),5,0,20,,5
2025/12/15,2025/11/22,2025/12/01,2025125,E000097933,479-651AB30,GATE CAM (B),5,0,20,,5
2025/12/17,2025/11/22,2025/12/03,2025126,E000097964,479-651AB30,GATE CAM (B),5,0,20,,5
2026/02/02,2025/11/22,2026/01/19,2026021,E000098954,479-651AB34,GATE CAM (B),5,5,19,,0
2026/02/04,2025/11/22,2026/01/21,2026022,E000098999,479-651AB34,GATE CAM (B),5,5,14,,0
2026/01/22,2025/11/22,2026/01/07,2026016,E000098517,479-651AB38,GATE CAM (B),10,10,15,,0
2025/11/11,2025/11/22,2025/10/27,2025113,E000096961,479-652AB30,GATE CAM (C),5,0,27,,5
2025/11/18,2025/11/22,2025/11/04,2025115,E000097041,479-652AB30,GATE CAM (C),5,0,27,,5
2025/12/03,2025/11/22,2025/11/18,2025122,E000097733,479-652AB30,GATE CAM (C),5,0,27,,5
2025/12/08,2025/11/22,2025/11/21,2025123,E000097782,479-652AB30,GATE CAM (C),5,0,27,,5
2025/12/15,2025/11/22,2025/12/01,2025125,E000097934,479-652AB30,GATE CAM (C),5,0,27,,5
2025/12/17,2025/11/22,2025/12/03,2025126,E000097965,479-652AB30,GATE CAM (C),5,0,27,,5
2026/02/02,2025/11/22,2026/01/19,2026021,E000098955,479-652AB34,GATE CAM (C),5,5,24,,0
2026/02/04,2025/11/22,2026/01/21,2026022,E000099000,479-652AB34,GATE CAM (C),5,5,19,,0
2026/01/22,2025/11/22,2026/01/07,2026016,E000098518,479-652AB38,GATE CAM (C),10,10,18,,0
2026/02/17,2025/11/22,2026/02/02,2026025,E000099130,5108-511DA42,KNIT CAM,290,10,10,,0
2026/02/17,2025/11/22,2026/02/02,2026025,E000099131,5108-512BA42,WELT CAM,286,33,33,,0
2026/02/17,2025/11/22,2026/02/02,2026025,E000099132,5108-515CA42,GATE CAM,2,2,2,,0
2026/02/17,2025/11/22,2026/02/02,2026025,E000099133,5108-515DA42,GATE CAM,2,2,2,,0
2026/02/17,2025/11/22,2026/02/02,2026025,E000099134,5108-517BA42,WELT CAM,2,1,1,,0
2026/02/17,2025/11/22,2026/02/02,2026025,E000099135,5108-607AA42,NEEDLE GUARD,70,31,31,,0
2026/02/17,2025/11/22,2026/02/02,2026025,E000099136,5108-607BA42,NEEDLE GUARD,2,2,3,,0
2026/02/17,2025/11/22,2026/02/02,2026025,E000099137,5108-608AA42,NEEDLE GUARD,2,2,2,,0
2026/02/17,2025/11/22,2026/02/02,2026025,E000099138,5108-615AA42,WELT CAM (H),142,23,23,,0
2026/02/17,2025/11/22,2026/02/02,2026025,E000099139,5108-616AA42,WELT CAM (L),144,20,20,,0
2026/02/17,2025/11/22,2026/02/02,2026025,E000099140,5108-617AA42,WELT CAM (H),2,2,2,,0
2026/02/17,2025/11/22,2026/02/02,2026025,E000099141,5108-617BA42,WELT CAM (H),2,2,2,,0
2026/02/17,2025/11/22,2026/02/02,2026025,E000099142,5108-618AA42,WELT CAM (L),2,2,2,,0
2026/01/22,2025/11/22,2026/01/07,2026016,E000098519,5128-607AA30,NEEDLE GUARD,29,29,55,,0
2026/01/22,2025/11/22,2026/01/07,2026016,E000098520,5128-607BA30,NEEDLE GUARD,1,1,31,,0
2026/01/22,2025/11/22,2026/01/07,2026016,E000098521,5128-608AA30,NEEDLE GUARD,1,1,36,,0
2025/12/10,2025/11/22,2025/11/26,2025124,E000098199,5142-506AA34,NEEDLE GUARD,140,56,56,,0
2025/12/15,2025/11/22,2025/12/01,2025125,E000098227,5142-506AA34,NEEDLE GUARD,105,0,0,,0
2025/12/22,2025/11/22,2025/12/08,2025127,E000098268,5142-506AA34,NEEDLE GUARD,210,0,0,,0
2025/12/24,2025/11/22,2025/12/10,2025128,E000098309,5142-506AA34,NEEDLE GUARD,210,0,0,,0
2025/11/18,2025/11/22,2025/11/04,2025115,E000097317,5142-506AA38,NEEDLE GUARD,78,78,89,,0
2025/12/10,2025/11/22,2025/11/26,2025124,E000098200,5142-507AA34,NEEDLE GUARD,4,4,19,,0
2025/12/15,2025/11/22,2025/12/01,2025125,E000098228,5142-507AA34,NEEDLE GUARD,3,3,15,,0
2025/12/22,2025/11/22,2025/12/08,2025127,E000098269,5142-507AA34,NEEDLE GUARD,6,6,12,,0
2025/12/24,2025/11/22,2025/12/10,2025128,E000098310,5142-507AA34,NEEDLE GUARD,6,6,6,,0
2025/11/18,2025/11/22,2025/11/04,2025115,E000097318,5142-507AA38,NEEDLE GUARD,2,0,4,,2
2025/12/10,2025/11/22,2025/11/26,2025124,E000098201,5142-511AA34,KNIT CAM,400,65,65,,0
2025/12/15,2025/11/22,2025/12/01,2025125,E000098229,5142-511AA34,KNIT CAM,300,0,0,,0
2025/12/22,2025/11/22,2025/12/08,2025127,E000098270,5142-511AA34,KNIT CAM,962,0,0,,0
2025/12/24,2025/11/22,2025/12/10,2025128,E000098311,5142-511AA34,KNIT CAM,600,0,0,,0
2025/11/18,2025/11/22,2025/11/04,2025115,E000097319,5142-511AA38,KNIT CAM,624,624,674,,0
2025/11/18,2025/11/22,2025/11/04,2025115,E000097320,5142-511SC38,KNIT CAM,312,312,334,,0
2025/12/10,2025/11/22,2025/11/26,2025124,E000098202,5142-512AB34,WELT CAM,224,7,7,,0
2025/12/15,2025/11/22,2025/12/01,2025125,E000098230,5142-512AB34,WELT CAM,168,0,0,,0
2025/12/22,2025/11/22,2025/12/08,2025127,E000098271,5142-512AB34,WELT CAM,504,0,0,,0
2025/12/24,2025/11/22,2025/12/10,2025128,E000098312,5142-512AB34,WELT CAM,336,0,0,,0
2025/11/18,2025/11/22,2025/11/04,2025115,E000098376,5142-512AB38,WELT CAM,390,390,412,,0
2025/12/10,2025/11/22,2025/11/26,2025124,E000098203,5142-514AA34,TUCK CAM,224,42,42,,0
2025/12/15,2025/11/22,2025/12/01,2025125,E000098231,5142-514AA34,TUCK CAM,168,0,0,,0
2025/12/22,2025/11/22,2025/12/08,2025127,E000098272,5142-514AA34,TUCK CAM,504,0,0,,0
2025/12/24,2025/11/22,2025/12/10,2025128,E000098313,5142-514AA34,TUCK CAM,336,0,0,,0
2025/11/18,2025/11/22,2025/11/04,2025115,E000097322,5142-514AA38,TUCK CAM,312,312,384,,0
2025/12/10,2025/11/22,2025/11/26,2025124,E000098204,5142-516AB34,SEGMENT WELT CAM,32,6,6,,0
2025/12/15,2025/11/22,2025/12/01,2025125,E000098232,5142-516AB34,SEGMENT WELT CAM,24,0,0,,0
2025/12/22,2025/11/22,2025/12/08,2025127,E000098273,5142-516AB34,SEGMENT WELT CAM,88,0,0,,0
2025/12/24,2025/11/22,2025/12/10,2025128,E000098314,5142-516AB34,SEGMENT WELT CAM,48,0,0,,0
2025/11/18,2025/11/22,2025/11/04,2025115,E000098377,5142-516AB38,SEGMENT WELT CAM,44,44,72,,0
2025/12/10,2025/11/22,2025/11/26,2025124,E000098205,5142-521AA34,KNIT CAM,564,36,36,,0
2025/12/15,2025/11/22,2025/12/01,2025125,E000098233,5142-521AA34,KNIT CAM,423,0,0,,0
2025/12/22,2025/11/22,2025/12/08,2025127,E000098274,5142-521AA34,KNIT CAM,704,0,0,,0
2025/12/24,2025/11/22,2025/12/10,2025128,E000098315,5142-521AA34,KNIT CAM,846,0,0,,0
2025/11/18,2025/11/22,2025/11/04,2025115,E000097324,5142-521AA38,KNIT CAM,392,392,526,,0
2025/12/10,2025/11/22,2025/11/26,2025124,E000098206,5142-522AB34,WELT CAM,80,12,12,,0
2025/12/15,2025/11/22,2025/12/01,2025125,E000098234,5142-522AB34,WELT CAM,60,0,0,,0
2025/12/22,2025/11/22,2025/12/08,2025127,E000098275,5142-522AB34,WELT CAM,100,0,0,,0
2025/12/24,2025/11/22,2025/12/10,2025128,E000098316,5142-522AB34,WELT CAM,120,0,0,,0
2025/11/18,2025/11/22,2025/11/04,2025115,E000097325,5142-522AB38,WELT CAM,24,0,24,,24
2025/12/10,2025/11/22,2025/11/26,2025124,E000098207,5142-524AA34,TUCK CAM,368,52,52,,0
2025/12/15,2025/11/22,2025/12/01,2025125,E000098235,5142-524AA34,TUCK CAM,276,0,0,,0
2025/12/22,2025/11/22,2025/12/08,2025127,E000098276,5142-524AA34,TUCK CAM,414,0,0,,0
2025/12/24,2025/11/22,2025/12/10,2025128,E000098317,5142-524AA34,TUCK CAM,552,0,0,,0
2025/11/18,2025/11/22,2025/11/04,2025115,E000097326,5142-524AA38,TUCK CAM,234,234,346,,0
2025/12/10,2025/11/22,2025/11/26,2025124,E000098208,5142-524BA34,TUCK CAM,88,10,10,,0
2025/12/15,2025/11/22,2025/12/01,2025125,E000098236,5142-524BA34,TUCK CAM,66,0,0,,0
2025/12/22,2025/11/22,2025/12/08,2025127,E000098277,5142-524BA34,TUCK CAM,132,0,0,,0
2025/12/24,2025/11/22,2025/12/10,2025128,E000098318,5142-524BA34,TUCK CAM,132,0,0,,0
2025/11/18,2025/11/22,2025/11/04,2025115,E000097327,5142-524BA38,TUCK CAM,52,52,65,,0
2025/12/10,2025/11/22,2025/11/26,2025124,E000098209,5142-525AB34,WELT CAM,704,15,15,,0
2025/12/15,2025/11/22,2025/12/01,2025125,E000098237,5142-525AB34,WELT CAM,528,0,0,,0
2025/12/22,2025/11/22,2025/12/08,2025127,E000098278,5142-525AB34,WELT CAM,844,0,0,,0
2025/12/24,2025/11/22,2025/12/10,2025128,E000098319,5142-525AB34,WELT CAM,1056,0,0,,0
2025/11/18,2025/11/22,2025/11/04,2025115,E000097328,5142-525AB38,WELT CAM,390,390,413,,0
2025/12/10,2025/11/22,2025/11/26,2025124,E000098210,5142-529AA34,WW CAM,88,22,22,,0
2025/12/15,2025/11/22,2025/12/01,2025125,E000098238,5142-529AA34,WW CAM,66,0,0,,0
2025/12/22,2025/11/22,2025/12/08,2025127,E000098279,5142-529AA34,WW CAM,132,0,0,,0
2025/12/24,2025/11/22,2025/12/10,2025128,E000098320,5142-529AA34,WW CAM,132,0,0,,0
2025/11/18,2025/11/22,2025/11/04,2025115,E000097329,5142-529AA38,WW CAM,52,52,69,,0
2025/12/22,2025/11/22,2025/12/08,2025127,E000098280,5142-531BA34,KNIT CAM,280,14,14,,0
2025/12/22,2025/11/22,2025/12/08,2025127,E000098281,5142-532AA34,WELT CAM,304,4,4,,0
2025/12/22,2025/11/22,2025/12/08,2025127,E000098282,5142-534AA34,TUCK CAM,96,9,9,,0
2025/12/22,2025/11/22,2025/12/08,2025127,E000098283,5142-535AB34,WELT CAM,96,0,0,,0
2025/12/10,2025/11/22,2025/11/26,2025124,E000098211,5142-606AA34,NEEDLE GUARD,136,40,40,,0
2025/12/15,2025/11/22,2025/12/01,2025125,E000098239,5142-606AA34,NEEDLE GUARD,102,0,0,,0
2025/12/22,2025/11/22,2025/12/08,2025127,E000098284,5142-606AA34,NEEDLE GUARD,204,0,0,,0
2025/12/24,2025/11/22,2025/12/10,2025128,E000098321,5142-606AA34,NEEDLE GUARD,204,0,0,,0
2025/11/18,2025/11/22,2025/11/04,2025115,E000097330,5142-606AA38,NEEDLE GUARD,76,76,99,,0
2025/12/10,2025/11/22,2025/11/26,2025124,E000098212,5142-606BA34,NEEDLE GUARD,4,4,18,,0
2025/12/15,2025/11/22,2025/12/01,2025125,E000098240,5142-606BA34,NEEDLE GUARD,3,3,14,,0
2025/12/22,2025/11/22,2025/12/08,2025127,E000098285,5142-606BA34,NEEDLE GUARD,6,6,11,,0
2025/12/24,2025/11/22,2025/12/10,2025128,E000098322,5142-606BA34,NEEDLE GUARD,6,5,5,,0
2025/11/18,2025/11/22,2025/11/04,2025115,E000097331,5142-606BA38,NEEDLE GUARD,2,0,10,,2
2025/12/10,2025/11/22,2025/11/26,2025124,E000098213,5142-607AA34,NEEDLE GUARD,4,1,1,,0
2025/12/15,2025/11/22,2025/12/01,2025125,E000098241,5142-607AA34,NEEDLE GUARD,3,0,0,,0
2025/12/22,2025/11/22,2025/12/08,2025127,E000098286,5142-607AA34,NEEDLE GUARD,6,0,0,,0
2025/12/24,2025/11/22,2025/12/10,2025128,E000098323,5142-607AA34,NEEDLE GUARD,6,0,0,,0
2025/11/18,2025/11/22,2025/11/04,2025115,E000097332,5142-607AA38,NEEDLE GUARD,2,0,7,,2
2025/12/10,2025/11/22,2025/11/26,2025124,E000098214,5142-611AA33,STITCH CAM H,284,127,127,,0
2025/12/15,2025/11/22,2025/12/01,2025125,E000098242,5142-611AA33,STITCH CAM H,213,0,0,,0
2025/12/22,2025/11/22,2025/12/08,2025127,E000098287,5142-611AA33,STITCH CAM H,426,0,0,,0
2025/12/24,2025/11/22,2025/12/10,2025128,E000098324,5142-611AA33,STITCH CAM H,426,0,0,,0
2025/11/18,2025/11/22,2025/11/04,2025115,E000097333,5142-611AA36,STITCH CAM (H),158,158,199,,0
2025/12/10,2025/11/22,2025/11/26,2025124,E000098215,5142-612AA33,STITCH CAM L,284,96,96,,0
2025/12/15,2025/11/22,2025/12/01,2025125,E000098243,5142-612AA33,STITCH CAM L,213,0,0,,0
2025/12/22,2025/11/22,2025/12/08,2025127,E000098288,5142-612AA33,STITCH CAM L,426,0,0,,0
2025/12/24,2025/11/22,2025/12/10,2025128,E000098325,5142-612AA33,STITCH CAM L,426,0,0,,0
2025/11/18,2025/11/22,2025/11/04,2025115,E000097334,5142-612AA36,STITCH CAM (L),158,158,196,,0
2025/12/10,2025/11/22,2025/11/26,2025124,E000098216,5142-613AA34,RAISING CAM H,284,81,81,,0
2025/12/15,2025/11/22,2025/12/01,2025125,E000098244,5142-613AA34,RAISING CAM H,213,0,0,,0
2025/12/22,2025/11/22,2025/12/08,2025127,E000098289,5142-613AA34,RAISING CAM H,426,0,0,,0
2025/12/24,2025/11/22,2025/12/10,2025128,E000098326,5142-613AA34,RAISING CAM H,426,0,0,,0
2025/11/18,2025/11/22,2025/11/04,2025115,E000097335,5142-613AA38,RAISING CAM (H),158,0,71,,158
2025/12/22,2025/11/22,2025/12/08,2025127,E000098290,5142-613BA34,RAISING CAM (H),70,16,16,,0
2025/12/10,2025/11/22,2025/11/26,2025124,E000098217,5142-614AA34,RAISING CAM L,284,109,109,,0
2025/12/15,2025/11/22,2025/12/01,2025125,E000098245,5142-614AA34,RAISING CAM L,213,0,0,,0
2025/12/22,2025/11/22,2025/12/08,2025127,E000098291,5142-614AA34,RAISING CAM L,426,0,0,,0
2025/12/24,2025/11/22,2025/12/10,2025128,E000098327,5142-614AA34,RAISING CAM L,426,0,0,,0
2025/11/18,2025/11/22,2025/11/04,2025115,E000097336,5142-614AA38,RAISING CAM (L),158,0,124,,158
2025/12/22,2025/11/22,2025/12/08,2025127,E000098292,5142-614BA34,RAISING CAM (L),70,15,15,,0
2025/12/10,2025/11/22,2025/11/26,2025124,E000098218,5142-615AA34,WELT CAM H,148,44,44,,0
2025/12/15,2025/11/22,2025/12/01,2025125,E000098246,5142-615AA34,WELT CAM H,111,0,0,,0
2025/12/22,2025/11/22,2025/12/08,2025127,E000098293,5142-615AA34,WELT CAM H,222,0,0,,0
2025/12/24,2025/11/22,2025/12/10,2025128,E000098328,5142-615AA34,WELT CAM H,222,0,0,,0
2025/11/18,2025/11/22,2025/11/04,2025115,E000097337,5142-615AA38,WELT CAM (H),120,0,47,,120
2025/12/22,2025/11/22,2025/12/08,2025127,E000098294,5142-615BA34,WELT CAM (H),74,13,13,,0
2025/12/10,2025/11/22,2025/11/26,2025124,E000098219,5142-615LA34,WELT CAM H,4,4,8,,0
2025/12/15,2025/11/22,2025/12/01,2025125,E000098247,5142-615LA34,WELT CAM H,3,3,4,,0
2025/12/22,2025/11/22,2025/12/08,2025127,E000098295,5142-615LA34,WELT CAM H,6,1,1,,0
2025/12/24,2025/11/22,2025/12/10,2025128,E000098329,5142-615LA34,WELT CAM H,6,0,0,,0
2025/11/18,2025/11/22,2025/11/04,2025115,E000097338,5142-615LA38,WELT CAM (H),2,0,31,,2
2025/12/22,2025/11/22,2025/12/08,2025127,E000098296,5142-615MA34,WELT CAM (H),2,0,2,,2
2025/12/10,2025/11/22,2025/11/26,2025124,E000098220,5142-616AA34,WELT CAM L,152,49,49,,0
2025/12/15,2025/11/22,2025/12/01,2025125,E000098248,5142-616AA34,WELT CAM L,114,0,0,,0
2025/12/22,2025/11/22,2025/12/08,2025127,E000098297,5142-616AA34,WELT CAM L,228,0,0,,0
2025/12/24,2025/11/22,2025/12/10,2025128,E000098330,5142-616AA34,WELT CAM L,228,0,0,,0
2025/11/18,2025/11/22,2025/11/04,2025115,E000097339,5142-616AA38,WELT CAM (L),122,122,169,,0
2025/12/22,2025/11/22,2025/12/08,2025127,E000098298,5142-616BA34,WELT CAM (L),76,10,10,,0
2025/12/10,2025/11/22,2025/11/26,2025124,E000098221,5142-617AA34,WELT CAM H,136,32,32,,0
2025/12/15,2025/11/22,2025/12/01,2025125,E000098249,5142-617AA34,WELT CAM H,102,0,0,,0
2025/12/22,2025/11/22,2025/12/08,2025127,E000098299,5142-617AA34,WELT CAM H,170,0,0,,0
2025/12/24,2025/11/22,2025/12/10,2025128,E000098331,5142-617AA34,WELT CAM H,204,0,0,,0
2025/11/18,2025/11/22,2025/11/04,2025115,E000097340,5142-617AA38,WELT CAM (H),38,38,48,,0
2025/12/22,2025/11/22,2025/12/08,2025127,E000098300,5142-617BA34,WELT CAM (H),24,13,13,,0
2025/12/10,2025/11/22,2025/11/26,2025124,E000098222,5142-618AA34,WELT CAM L,136,45,45,,0
2025/12/15,2025/11/22,2025/12/01,2025125,E000098250,5142-618AA34,WELT CAM L,102,0,0,,0
2025/12/22,2025/11/22,2025/12/08,2025127,E000098301,5142-618AA34,WELT CAM L,170,0,0,,0
2025/12/24,2025/11/22,2025/12/10,2025128,E000098332,5142-618AA34,WELT CAM L,204,0,0,,0
2025/11/18,2025/11/22,2025/11/04,2025115,E000097341,5142-618AA38,WELT CAM (L),38,38,51,,0
2025/12/22,2025/11/22,2025/12/08,2025127,E000098302,5142-618BA34,WELT CAM (L),24,9,9,,0
2025/12/10,2025/11/22,2025/11/26,2025124,E000098223,5142-619AA34,TUCKING CAM H,140,47,47,,0
2025/12/15,2025/11/22,2025/12/01,2025125,E000098251,5142-619AA34,TUCKING CAM H,105,0,0,,0
2025/12/22,2025/11/22,2025/12/08,2025127,E000098303,5142-619AA34,TUCKING CAM H,210,0,0,,0
2025/12/24,2025/11/22,2025/12/10,2025128,E000098333,5142-619AA34,TUCKING CAM H,210,0,0,,0
2025/11/18,2025/11/22,2025/11/04,2025115,E000097342,5142-619AA38,TUCKING CAM (H),120,120,205,,0
2025/12/10,2025/11/22,2025/11/26,2025124,E000098224,5142-620AA34,TUCKING CAM L,140,33,33,,0
2025/12/15,2025/11/22,2025/12/01,2025125,E000098252,5142-620AA34,TUCKING CAM L,105,0,0,,0
2025/12/22,2025/11/22,2025/12/08,2025127,E000098304,5142-620AA34,TUCKING CAM L,210,0,0,,0
2025/12/24,2025/11/22,2025/12/10,2025128,E000098334,5142-620AA34,TUCKING CAM L,210,0,0,,0
2025/11/18,2025/11/22,2025/11/04,2025115,E000097343,5142-620AA38,TUCKING CAM (L),120,120,206,,0
2025/12/10,2025/11/22,2025/11/26,2025124,E000098225,5142-621AA33,TUCK STITCH CAM H,140,111,111,,0
2025/12/15,2025/11/22,2025/12/01,2025125,E000098253,5142-621AA33,TUCK STITCH CAM H,105,0,0,,0
2025/12/22,2025/11/22,2025/12/08,2025127,E000098305,5142-621AA33,TUCK STITCH CAM H,210,0,0,,0
2025/12/24,2025/11/22,2025/12/10,2025128,E000098335,5142-621AA33,TUCK STITCH CAM H,210,0,0,,0
2025/11/18,2025/11/22,2025/11/04,2025115,E000097344,5142-621AA36,TUCK STITCH CAM (H),120,120,228,,0
2025/12/22,2025/11/22,2025/12/08,2025127,E000098306,5142-621BA33,TUCK STITCH CAM (H),24,16,16,,0
2025/12/10,2025/11/22,2025/11/26,2025124,E000098226,5142-622AA33,TUCK STITCH CAM L,140,64,64,,0
2025/12/15,2025/11/22,2025/12/01,2025125,E000098254,5142-622AA33,TUCK STITCH CAM L,105,0,0,,0
2025/12/22,2025/11/22,2025/12/08,2025127,E000098307,5142-622AA33,TUCK STITCH CAM L,210,0,0,,0
2025/12/24,2025/11/22,2025/12/10,2025128,E000098336,5142-622AA33,TUCK STITCH CAM L,210,0,0,,0
2025/11/18,2025/11/22,2025/11/04,2025115,E000097345,5142-622AA36,TUCK STITCH CAM (L),120,120,143,,0
2025/12/22,2025/11/22,2025/12/08,2025127,E000098308,5142-622BA33,TUCK STITCH CAM (L),24,18,18,,0
2025/11/13,2025/11/22,2025/10/29,2025114,E000097002,5154-506AA30,NEEDLE GUARD,168,0,284,,168
2025/12/01,2025/11/22,2025/11/14,2025121,E000097655,5154-506AA30,NEEDLE GUARD,24,24,284,,0
2025/11/04,2025/11/22,2025/10/20,2025111,E000096862,5154-506AA34,NEEDLE GUARD,108,0,151,,108
2025/11/27,2025/11/22,2025/11/12,2025118,E000097606,5154-506AA34,NEEDLE GUARD,54,54,151,,0
2025/12/01,2025/11/22,2025/11/14,2025121,E000097656,5154-506AA34,NEEDLE GUARD,54,54,97,,0
2025/12/24,2025/11/22,2025/12/10,2025128,E000098339,5154-506AA34,NEEDLE GUARD,54,43,43,,0
2025/11/13,2025/11/22,2025/10/29,2025114,E000097003,5154-506BB30,NEEDLE GUARD,7,0,38,,7
2025/12/01,2025/11/22,2025/11/14,2025121,E000097657,5154-506BB30,NEEDLE GUARD,1,0,38,,1
2025/11/04,2025/11/22,2025/10/20,2025111,E000096863,5154-506BB34,NEEDLE GUARD,4,0,15,,4
2025/11/27,2025/11/22,2025/11/12,2025118,E000097607,5154-506BB34,NEEDLE GUARD,2,0,15,,2
2025/12/01,2025/11/22,2025/11/14,2025121,E000097658,5154-506BB34,NEEDLE GUARD,2,0,15,,2
2025/12/24,2025/11/22,2025/12/10,2025128,E000098340,5154-506BB34,NEEDLE GUARD,2,2,15,,0
2025/11/13,2025/11/22,2025/10/29,2025114,E000097004,5154-511AA30,KNIT CAM,1379,0,210,,1379
2025/12/01,2025/11/22,2025/11/14,2025121,E000097659,5154-511AA30,KNIT CAM,97,0,210,,97
2025/11/04,2025/11/22,2025/10/20,2025111,E000096864,5154-511AA34,KNIT CAM,1732,0,484,,1732
2025/11/27,2025/11/22,2025/11/12,2025118,E000097608,5154-511AA34,KNIT CAM,218,218,484,,0
2025/12/01,2025/11/22,2025/11/14,2025121,E000097660,5154-511AA34,KNIT CAM,218,218,266,,0
2025/12/24,2025/11/22,2025/12/10,2025128,E000098341,5154-511AA34,KNIT CAM,218,48,48,,0
2025/12/02,2025/11/22,2025/12/02,,E000098868,5154-511DA30,KNIT CAM,64,64,69,PM-5164901,
2025/12/01,2025/11/22,2025/11/14,2025121,E000097661,5154-512AA30,TUCK CAM,64,0,146,,64
2025/11/04,2025/11/22,2025/10/20,2025111,E000096865,5154-512AA34,TUCK CAM,576,0,319,,576
2025/11/27,2025/11/22,2025/11/12,2025118,E000097609,5154-512AA34,TUCK CAM,80,0,319,,80
2025/12/01,2025/11/22,2025/11/14,2025121,E000097662,5154-512AA34,TUCK CAM,144,144,319,,0
2025/12/24,2025/11/22,2025/12/10,2025128,E000098342,5154-512AA34,TUCK CAM,80,80,175,,0
2025/11/13,2025/11/22,2025/10/29,2025114,E000097005,5154-513AA30,WELT CAM,686,686,742,,0
2025/12/01,2025/11/22,2025/11/14,2025121,E000097663,5154-513AA30,WELT CAM,98,56,56,,0
2025/11/04,2025/11/22,2025/10/20,2025111,E000096866,5154-513AA34,WELT CAM,880,0,497,,880
2025/11/27,2025/11/22,2025/11/12,2025118,E000097610,5154-513AA34,WELT CAM,260,260,497,,0
2025/12/01,2025/11/22,2025/11/14,2025121,E000097664,5154-513AA34,WELT CAM,220,220,237,,0
2025/12/24,2025/11/22,2025/12/10,2025128,E000098343,5154-513AA34,WELT CAM,260,17,17,,0
2025/12/01,2025/11/22,2025/11/14,2025121,E000097665,5154-514AA30,WELT CAM,64,64,130,,0
2025/11/04,2025/11/22,2025/10/20,2025111,E000096867,5154-514AA34,WELT CAM,288,0,166,,288
2025/12/01,2025/11/22,2025/11/14,2025121,E000097666,5154-514AA34,WELT CAM,144,144,166,,0
2025/12/01,2025/11/22,2025/11/14,2025121,E000097667,5154-515AA30,GUARD CAM,32,32,58,,0
2025/12/01,2025/11/22,2025/11/14,2025121,E000097668,5154-515AA34,GUARD CAM,72,72,99,,0
2025/11/13,2025/11/22,2025/10/29,2025114,E000097006,5154-607AA30,NEEDLE GUARD,161,161,207,,0
2025/12/01,2025/11/22,2025/11/14,2025121,E000097669,5154-607AA30,NEEDLE GUARD,23,23,46,,0
2025/11/04,2025/11/22,2025/10/20,2025111,E000096868,5154-607AA34,NEEDLE GUARD,104,0,143,,104
2025/11/27,2025/11/22,2025/11/12,2025118,E000097611,5154-607AA34,NEEDLE GUARD,52,52,143,,0
2025/12/01,2025/11/22,2025/11/14,2025121,E000097670,5154-607AA34,NEEDLE GUARD,52,52,91,,0
2025/12/24,2025/11/22,2025/12/10,2025128,E000098344,5154-607AA34,NEEDLE GUARD,52,39,39,,0
2025/11/13,2025/11/22,2025/10/29,2025114,E000097007,5154-607BA30,NEEDLE GUARD,7,0,12,,7
2025/12/01,2025/11/22,2025/11/14,2025121,E000097671,5154-607BA30,NEEDLE GUARD,1,0,12,,1
2025/11/04,2025/11/22,2025/10/20,2025111,E000096869,5154-607BA34,NEEDLE GUARD,4,0,17,,4
2025/11/27,2025/11/22,2025/11/12,2025118,E000097612,5154-607BA34,NEEDLE GUARD,2,0,17,,2
2025/12/01,2025/11/22,2025/11/14,2025121,E000097672,5154-607BA34,NEEDLE GUARD,2,0,17,,2
2025/12/24,2025/11/22,2025/12/10,2025128,E000098345,5154-607BA34,NEEDLE GUARD,2,2,17,,0
2025/11/13,2025/11/22,2025/10/29,2025114,E000097008,5154-608AA30,NEEDLE GUARD,7,0,14,,7
2025/12/01,2025/11/22,2025/11/14,2025121,E000097673,5154-608AA30,NEEDLE GUARD,1,0,14,,1
2025/11/04,2025/11/22,2025/10/20,2025111,E000096870,5154-608AA34,NEEDLE GUARD,4,0,13,,4
2025/11/27,2025/11/22,2025/11/12,2025118,E000097613,5154-608AA34,NEEDLE GUARD,2,0,13,,2
2025/12/01,2025/11/22,2025/11/14,2025121,E000097674,5154-608AA34,NEEDLE GUARD,2,2,13,,0
2025/12/24,2025/11/22,2025/12/10,2025128,E000098346,5154-608AA34,NEEDLE GUARD,2,2,11,,0
2025/11/13,2025/11/22,2025/10/29,2025114,E000097009,5154-611AA30,KNIT CAM (H),721,0,140,,721
2025/12/01,2025/11/22,2025/11/14,2025121,E000097675,5154-611AA30,KNIT CAM (H),49,0,140,,49
2025/11/04,2025/11/22,2025/10/20,2025111,E000096871,5154-611AA34,KNIT CAM (H),436,0,278,,436
2025/11/27,2025/11/22,2025/11/12,2025118,E000097614,5154-611AA34,KNIT CAM (H),110,110,278,,0
2025/12/01,2025/11/22,2025/11/14,2025121,E000097676,5154-611AA34,KNIT CAM (H),110,110,168,,0
2025/12/24,2025/11/22,2025/12/10,2025128,E000098347,5154-611AA34,KNIT CAM (H),110,58,58,,0
2025/12/02,2025/11/22,2025/12/02,,E000098869,5154-611DA30,KNIT CAM (H),32,3,3,PM-5164902,
2025/11/13,2025/11/22,2025/10/29,2025114,E000097010,5154-612AA30,KNIT CAM (L),721,121,121,,0
2025/12/01,2025/11/22,2025/11/14,2025121,E000097677,5154-612AA30,KNIT CAM (L),49,0,0,,0
2026/01/27,2025/11/22,2026/01/27,,E000099275,5154-612AA30,KNIT CAM (L),48,0,0,PE-2572203,
2025/11/04,2025/11/22,2025/10/20,2025111,E000096872,5154-612AA34,KNIT CAM (L),436,0,291,,436
2025/11/27,2025/11/22,2025/11/12,2025118,E000097615,5154-612AA34,KNIT CAM (L),110,110,291,,0
2025/12/01,2025/11/22,2025/11/14,2025121,E000097678,5154-612AA34,KNIT CAM (L),110,110,181,,0
2025/12/24,2025/11/22,2025/12/10,2025128,E000098348,5154-612AA34,KNIT CAM (L),110,71,71,,0
2025/12/02,2025/11/22,2025/12/02,,E000098870,5154-612DA30,KNIT CAM (L),32,1,1,PM-5164903,
2025/12/01,2025/11/22,2025/11/14,2025121,E000097679,5154-613AB30,TUCK CAM (H),16,0,49,,16
2025/11/04,2025/11/22,2025/10/20,2025111,E000096873,5154-613AB34,TUCK CAM (H),144,0,61,,144
2025/11/27,2025/11/22,2025/11/12,2025118,E000097616,5154-613AB34,TUCK CAM (H),40,0,61,,40
2025/12/01,2025/11/22,2025/11/14,2025121,E000097680,5154-613AB34,TUCK CAM (H),36,36,61,,0
2025/12/24,2025/11/22,2025/12/10,2025128,E000098349,5154-613AB34,TUCK CAM (H),40,25,25,,0
2025/12/01,2025/11/22,2025/11/14,2025121,E000097681,5154-614AB30,TUCK CAM (L),16,16,32,,0
2025/11/04,2025/11/22,2025/10/20,2025111,E000096874,5154-614AB34,TUCK CAM (L),144,0,62,,144
2025/11/27,2025/11/22,2025/11/12,2025118,E000097617,5154-614AB34,TUCK CAM (L),40,0,62,,40
2025/12/01,2025/11/22,2025/11/14,2025121,E000097682,5154-614AB34,TUCK CAM (L),36,36,62,,0
2025/12/24,2025/11/22,2025/12/10,2025128,E000098350,5154-614AB34,TUCK CAM (L),40,26,26,,0
2025/11/13,2025/11/22,2025/10/29,2025114,E000097011,5154-615AA30,WELT CAM (H),343,0,64,,343
2025/12/01,2025/11/22,2025/11/14,2025121,E000097683,5154-615AA30,WELT CAM (H),49,0,64,,49
2026/01/27,2025/11/22,2026/01/27,,E000099273,5154-615AA30,WELT CAM (H),48,48,64,PE-2572201,
2025/11/04,2025/11/22,2025/10/20,2025111,E000096875,5154-615AA34,WELT CAM (H),328,0,322,,328
2025/11/27,2025/11/22,2025/11/12,2025118,E000097618,5154-615AA34,WELT CAM (H),134,134,322,,0
2025/12/01,2025/11/22,2025/11/14,2025121,E000097684,5154-615AA34,WELT CAM (H),110,110,188,,0
2025/12/24,2025/11/22,2025/12/10,2025128,E000098351,5154-615AA34,WELT CAM (H),134,78,78,,0
2025/11/13,2025/11/22,2025/10/29,2025114,E000097012,5154-616AA30,WELT CAM (L),343,0,52,,343
2025/12/01,2025/11/22,2025/11/14,2025121,E000097685,5154-616AA30,WELT CAM (L),49,0,52,,49
2026/01/27,2025/11/22,2026/01/27,,E000099274,5154-616AA30,WELT CAM (L),48,48,52,PE-2572202,
2025/11/04,2025/11/22,2025/10/20,2025111,E000096876,5154-616AA34,WELT CAM (L),328,0,307,,328
2025/11/27,2025/11/22,2025/11/12,2025118,E000097619,5154-616AA34,WELT CAM (L),134,134,307,,0
2025/12/01,2025/11/22,2025/11/14,2025121,E000097686,5154-616AA34,WELT CAM (L),110,110,173,,0
2025/12/24,2025/11/22,2025/12/10,2025128,E000098352,5154-616AA34,WELT CAM (L),134,63,63,,0
2025/12/01,2025/11/22,2025/11/14,2025121,E000097687,5154-617AA30,WELT CAM (H),16,0,62,,16
2025/11/04,2025/11/22,2025/10/20,2025111,E000096877,5154-617AA34,WELT CAM (H),108,0,15,,108
2025/12/01,2025/11/22,2025/11/14,2025121,E000097688,5154-617AA34,WELT CAM (H),36,0,15,,36
2025/12/01,2025/11/22,2025/11/14,2025121,E000097689,5154-618AA30,WELT CAM (L),16,0,30,,16
2025/11/04,2025/11/22,2025/10/20,2025111,E000096878,5154-618AA34,WELT CAM (L),108,0,75,,108
2025/12/01,2025/11/22,2025/11/14,2025121,E000097690,5154-618AA34,WELT CAM (L),36,36,75,,0
2025/12/01,2025/11/22,2025/11/14,2025121,E000097691,5154-619AA30,GUARD CAM (H),16,0,19,,16
2025/12/01,2025/11/22,2025/11/14,2025121,E000097692,5154-619AA34,GUARD CAM (H),36,36,59,,0
2025/12/01,2025/11/22,2025/11/14,2025121,E000097693,5154-620AA30,GUARD CAM (L),16,0,19,,16
2025/12/01,2025/11/22,2025/11/14,2025121,E000097694,5154-620AA34,GUARD CAM (L),36,0,1,,36
2025/11/27,2025/11/22,2025/11/12,2025118,E000097620,5154-625AA34,GATE CAM (H),4,4,11,,0
2025/12/24,2025/11/22,2025/12/10,2025128,E000098353,5154-625AA34,GATE CAM (H),4,4,7,,0
2025/11/27,2025/11/22,2025/11/12,2025118,E000097621,5154-626AA34,GATE CAM (L),4,4,10,,0
2025/12/24,2025/11/22,2025/12/10,2025128,E000098354,5154-626AA34,GATE CAM (L),4,4,6,,0
2026/01/19,2025/11/22,2026/01/19,202601,E000098838,5163-511AA33,STITCH CAM,11,11,81,,
2026/01/19,2025/11/22,2026/01/19,202601,E000098839,5163-512AA30,RAISING CAM,11,0,0,,
2026/01/19,2025/11/22,2026/01/19,202601,E000098840,5163-513AA30,WELT CAM,90,0,0,,
2026/01/19,2025/11/22,2026/01/19,202601,E000098841,5163-515AA30,TUCKING CAM,10,0,0,,
2026/01/19,2025/11/22,2026/01/19,202601,E000098842,5163-516AA33,TUCK STITCH CAM,10,10,13,,
2026/02/02,2025/11/22,2026/01/19,2026021,E000099011,5165-506AA34,NEEDLE GUARD,34,34,86,,0
2025/11/06,2025/11/22,2025/10/22,2025112,E000096913,5165-506AA36,NEEDLE GUARD,72,0,63,,72
2026/01/20,2025/11/22,2026/01/05,2026015,E000098726,5165-506AB30,NEEDLE GUARD,60,60,74,,0
2026/02/02,2025/11/22,2026/01/19,2026021,E000099012,5165-506BA34,NEEDLE GUARD,1,1,6,,0
2025/11/06,2025/11/22,2025/10/22,2025112,E000096914,5165-506BA36,NEEDLE GUARD,2,0,27,,2
2026/01/20,2025/11/22,2026/01/05,2026015,E000098727,5165-506BB30,NEEDLE GUARD,2,2,18,,0
2026/02/02,2025/11/22,2026/01/19,2026021,E000099013,5165-511AA34,KNIT CAM,137,137,205,,0
2025/11/06,2025/11/22,2025/10/22,2025112,E000096915,5165-511AA38,KNIT CAM,578,0,137,,578
2026/01/20,2025/11/22,2026/01/05,2026015,E000098728,5165-511AE30,KNIT CAM,122,122,125,,0
2025/12/25,2025/11/22,2025/12/25,,E000099263,5165-512AA30,WELT CAM,25,25,43,PM-5168111,
2026/02/02,2025/11/22,2026/01/19,2026021,E000099014,5165-512AA34,WELT CAM,44,44,93,,0
2025/11/06,2025/11/22,2025/10/22,2025112,E000096916,5165-512AA38,WELT CAM,192,0,27,,192
2026/02/02,2025/11/22,2026/01/19,2026021,E000099015,5165-514AA34,TUCK CAM,68,68,109,,0
2025/11/06,2025/11/22,2025/10/22,2025112,E000096917,5165-514AA38,TUCK CAM,288,0,107,,288
2025/12/25,2025/11/22,2025/12/25,,E000099264,5165-514AC30,TUCK CAM,25,25,43,PM-5168112,
2026/02/02,2025/11/22,2026/01/19,2026021,E000099016,5165-516AA34,SEGMENT WELT CAM,10,10,65,,0
2025/11/06,2025/11/22,2025/10/22,2025112,E000096918,5165-516AA38,SEGMENT WELT CAM,8,0,58,,8
2026/01/20,2025/11/22,2026/01/05,2026015,E000098729,5165-516AB30,SEGMENT WELT CAM,2,2,29,,0
2025/12/01,2025/11/22,2025/12/01,,E000098361,5165-521AA34,KNIT CAM,68,68,125,PE-2563701,
2025/12/01,2025/11/22,2025/12/01,,E000098363,5165-521AA38,KNIT CAM,152,152,192,PE-2563703,
2025/12/01,2025/11/22,2025/12/01,,E000098365,5165-521AA42,KNIT CAM,80,21,21,PE-2563705,
2025/12/05,2025/11/22,2025/12/05,,E000098875,5165-521AC30,KNIT CAM,40,40,65,PE-2569201,
2025/12/05,2025/11/22,2025/12/05,,E000098876,5165-522AA30,WELT CAM,2,2,20,PE-2569202,
2025/12/05,2025/11/22,2025/12/05,,E000098877,5165-524AB30,TUCK CAM,40,18,18,PE-2569203,
2025/12/05,2025/11/22,2025/12/05,,E000098878,5165-525AA30,WELT CAM,30,16,16,PE-2569204,
2025/12/01,2025/11/22,2025/12/01,,E000098362,5165-525AA34,WELT CAM,68,68,111,PE-2563702,
2025/12/01,2025/11/22,2025/12/01,,E000098364,5165-525AA38,WELT CAM,152,152,209,PE-2563704,
2025/12/01,2025/11/22,2025/12/01,,E000098366,5165-525AA42,WELT CAM,80,80,181,PE-2563706,
2025/12/05,2025/11/22,2025/12/05,,E000098879,5165-529AA30,WELT CAM,40,5,5,PE-2569205,
2026/01/20,2025/11/22,2026/01/05,2026015,E000098730,5165-606AA30,NEEDLE GUARD,58,58,97,,0
2026/02/02,2025/11/22,2026/01/19,2026021,E000099017,5165-606AA34,NEEDLE GUARD,33,33,156,,0
2025/11/06,2025/11/22,2025/10/22,2025112,E000096919,5165-606AA36,NEEDLE GUARD,70,0,73,,70
2026/01/20,2025/11/22,2026/01/05,2026015,E000098731,5165-606BA30,NEEDLE GUARD,2,2,21,,0
2026/02/02,2025/11/22,2026/01/19,2026021,E000099018,5165-606BA34,NEEDLE GUARD,1,1,17,,0
2025/11/06,2025/11/22,2025/10/22,2025112,E000096920,5165-606BA36,NEEDLE GUARD,2,0,19,,2
2026/01/20,2025/11/22,2026/01/05,2026015,E000098732,5165-607AA30,NEEDLE GUARD,2,2,18,,0
2026/02/02,2025/11/22,2026/01/19,2026021,E000099019,5165-607AA34,NEEDLE GUARD,1,1,16,,0
2025/11/06,2025/11/22,2025/10/22,2025112,E000096921,5165-607AA36,NEEDLE GUARD,2,0,17,,2
2026/01/20,2025/11/22,2026/01/05,2026015,E000098733,5165-611AA30,STITCH CAM (H),122,75,75,,0
2025/11/06,2025/11/22,2025/10/22,2025112,E000096922,5165-611AA36,STITCH CAM (H),146,0,80,,146
2026/02/02,2025/11/22,2026/01/19,2026021,E000099020,5165-611AA36,STITCH CAM (H),69,69,80,,0
2025/11/06,2025/11/22,2025/10/22,2025112,E000096923,5165-612AA36,STITCH CAM (L),146,0,114,,146
2026/02/02,2025/11/22,2026/01/19,2026021,E000099021,5165-612AA36,STITCH CAM (L),69,69,114,,0
2026/01/20,2025/11/22,2026/01/05,2026015,E000098734,5165-613AA30,RAISING CAM (H),122,53,53,,0
2026/02/02,2025/11/22,2026/01/19,2026021,E000099022,5165-613AA34,RAISING CAM (H),69,48,48,,0
2025/11/06,2025/11/22,2025/10/22,2025112,E000096924,5165-613AA36,RAISING CAM (H),146,0,118,,146
2026/02/02,2025/11/22,2026/01/19,2026021,E000099023,5165-614AA34,RAISING CAM (L),69,59,59,,0
2025/11/06,2025/11/22,2025/10/22,2025112,E000096925,5165-614AA36,RAISING CAM (L),146,0,93,,146
2025/12/25,2025/11/22,2025/12/25,,E000099265,5165-615AA30,WELT CAM (H),25,25,31,PM-5168113,
2026/02/02,2025/11/22,2026/01/19,2026021,E000099024,5165-615AA34,WELT CAM (H),34,34,35,,0
2025/11/06,2025/11/22,2025/10/22,2025112,E000096926,5165-615AA36,WELT CAM (H),72,0,76,,72
2026/01/20,2025/11/22,2026/01/05,2026015,E000098735,5165-615LA30,WELT CAM (H),2,2,2,,0
2026/02/02,2025/11/22,2026/01/19,2026021,E000099025,5165-615LA34,WELT CAM (H),1,1,16,,0
2025/11/06,2025/11/22,2025/10/22,2025112,E000096927,5165-615LA36,WELT CAM (H),2,0,10,,2
2026/02/02,2025/11/22,2026/01/19,2026021,E000099026,5165-616AA34,WELT CAM (L),35,28,28,,0
2025/11/06,2025/11/22,2025/10/22,2025112,E000096928,5165-616AA36,WELT CAM (L),74,0,16,,74
2026/02/02,2025/11/22,2026/01/19,2026021,E000099027,5165-619AA34,TUCKING CAM (H),34,22,22,,0
2025/11/06,2025/11/22,2025/10/22,2025112,E000096929,5165-619AA36,TUCKING CAM (H),72,0,74,,72
2026/02/02,2025/11/22,2026/01/19,2026021,E000099028,5165-620AA34,TUCKING CAM (L),34,25,25,,0
2025/11/06,2025/11/22,2025/10/22,2025112,E000096930,5165-620AA36,TUCKING CAM (L),72,0,60,,72
2025/11/06,2025/11/22,2025/10/22,2025112,E000096931,5165-621AA36,TUCK STITCH CAM (H),72,0,65,,72
2026/02/02,2025/11/22,2026/01/19,2026021,E000099029,5165-621AA36,TUCK STITCH CAM (H),34,34,65,,0
2025/11/06,2025/11/22,2025/10/22,2025112,E000096932,5165-622AA36,TUCK STITCH CAM (L),72,0,4,,72
2026/02/02,2025/11/22,2026/01/19,2026021,E000099030,5165-622AA36,TUCK STITCH CAM (L),34,4,4,,0
2025/11/11,2025/11/22,2025/10/27,2025113,E000096975,5173-607AA30,NEEDLE GUARD,135,0,149,,135
2025/11/18,2025/11/22,2025/11/04,2025115,E000097042,5173-607AA30,NEEDLE GUARD,135,135,149,,0
2025/12/03,2025/11/22,2025/11/18,2025122,E000097752,5173-607AA30,NEEDLE GUARD,135,14,14,,0
2025/12/08,2025/11/22,2025/11/21,2025123,E000097818,5173-607AA30,NEEDLE GUARD,135,0,0,,0
2025/12/15,2025/11/22,2025/12/01,2025125,E000097935,5173-607AA30,NEEDLE GUARD,135,0,0,,0
2025/12/17,2025/11/22,2025/12/03,2025126,E000097993,5173-607AA30,NEEDLE GUARD,135,0,0,,0
2026/02/02,2025/11/22,2026/01/19,2026021,E000098970,5173-607AA34,NEEDLE GUARD,145,22,22,,0
2026/02/04,2025/11/22,2026/01/21,2026022,E000099001,5173-607AA34,NEEDLE GUARD,145,0,0,,0
2026/01/22,2025/11/22,2026/01/07,2026016,E000098522,5173-607AA38,NEEDLE GUARD,155,6,6,,0
2025/11/11,2025/11/22,2025/10/27,2025113,E000096976,5173-607BA30,NEEDLE GUARD,5,0,4,,5
2025/11/18,2025/11/22,2025/11/04,2025115,E000097043,5173-607BA30,NEEDLE GUARD,5,0,4,,5
2025/12/03,2025/11/22,2025/11/18,2025122,E000097753,5173-607BA30,NEEDLE GUARD,5,4,4,,0
2025/12/08,2025/11/22,2025/11/21,2025123,E000097819,5173-607BA30,NEEDLE GUARD,5,0,0,,0
2025/12/15,2025/11/22,2025/12/01,2025125,E000097936,5173-607BA30,NEEDLE GUARD,5,0,0,,0
2025/12/17,2025/11/22,2025/12/03,2025126,E000097994,5173-607BA30,NEEDLE GUARD,5,0,0,,0
2026/02/02,2025/11/22,2026/01/19,2026021,E000098971,5173-607BA34,NEEDLE GUARD,5,5,9,,0
2026/02/04,2025/11/22,2026/01/21,2026022,E000099002,5173-607BA34,NEEDLE GUARD,5,4,4,,0
2026/01/22,2025/11/22,2026/01/07,2026016,E000098523,5173-607BA38,NEEDLE GUARD,5,5,5,,0
2025/11/11,2025/11/22,2025/10/27,2025113,E000096977,5173-611AA30,STITCH CAM (B),145,0,288,,145
2025/11/18,2025/11/22,2025/11/04,2025115,E000097044,5173-611AA30,STITCH CAM (B),145,145,288,,0
2025/12/03,2025/11/22,2025/11/18,2025122,E000097754,5173-611AA30,STITCH CAM (B),145,143,143,,0
2025/12/08,2025/11/22,2025/11/21,2025123,E000097820,5173-611AA30,STITCH CAM (B),145,0,0,,0
2025/12/15,2025/11/22,2025/12/01,2025125,E000097937,5173-611AA30,STITCH CAM (B),145,0,0,,0
2025/12/17,2025/11/22,2025/12/03,2025126,E000097995,5173-611AA30,STITCH CAM (B),145,0,0,,0
2025/11/18,2025/11/22,2025/11/04,2025115,E000097445,5173-611AA34,STITCH CAM (B),49,0,13,,49
2025/12/08,2025/11/22,2025/11/21,2025123,E000097821,5173-611AA34,STITCH CAM (B),102,13,13,,0
2026/02/02,2025/11/22,2026/01/19,2026021,E000098972,5173-611AA34,STITCH CAM (B),155,0,0,,0
2026/02/04,2025/11/22,2026/01/21,2026022,E000099003,5173-611AA34,STITCH CAM (B),155,0,0,,0
2026/01/22,2025/11/22,2026/01/07,2026016,E000098524,5173-611AA36,STITCH CAM (B),160,12,12,,0
2025/11/11,2025/11/22,2025/10/27,2025113,E000096978,5173-611BA30,STITCH CAM (B),280,0,34,,280
2025/11/18,2025/11/22,2025/11/04,2025115,E000097045,5173-611BA30,STITCH CAM (B),280,0,34,,280
2025/12/03,2025/11/22,2025/11/18,2025122,E000097755,5173-611BA30,STITCH CAM (B),280,34,34,,0
2025/12/08,2025/11/22,2025/11/21,2025123,E000097822,5173-611BA30,STITCH CAM (B),280,0,0,,0
2025/12/15,2025/11/22,2025/12/01,2025125,E000097938,5173-611BA30,STITCH CAM (B),280,0,0,,0
2025/12/17,2025/11/22,2025/12/03,2025126,E000097996,5173-611BA30,STITCH CAM (B),280,0,0,,0
2026/02/02,2025/11/22,2026/01/19,2026021,E000098973,5173-611BA34,STITCH CAM (B),300,271,271,,0
2026/02/04,2025/11/22,2026/01/21,2026022,E000099004,5173-611BA34,STITCH CAM (B),300,0,0,,0
2026/01/22,2025/11/22,2026/01/07,2026016,E000098525,5173-611BA36,STITCH CAM (B),325,26,26,,0
2025/11/11,2025/11/22,2025/10/27,2025113,E000096979,5173-612AA30,STITCH CAM (C),145,0,25,,145
2025/11/18,2025/11/22,2025/11/04,2025115,E000097046,5173-612AA30,STITCH CAM (C),145,0,25,,145
2025/12/03,2025/11/22,2025/11/18,2025122,E000097756,5173-612AA30,STITCH CAM (C),145,25,25,,0
2025/12/08,2025/11/22,2025/11/21,2025123,E000097823,5173-612AA30,STITCH CAM (C),145,0,0,,0
2025/12/15,2025/11/22,2025/12/01,2025125,E000097939,5173-612AA30,STITCH CAM (C),145,0,0,,0
2025/12/17,2025/11/22,2025/12/03,2025126,E000097997,5173-612AA30,STITCH CAM (C),145,0,0,,0
2026/02/02,2025/11/22,2026/01/19,2026021,E000098974,5173-612AA34,STITCH CAM (C),155,155,194,,0
2026/02/04,2025/11/22,2026/01/21,2026022,E000099005,5173-612AA34,STITCH CAM (C),155,39,39,,0
2026/01/22,2025/11/22,2026/01/07,2026016,E000098526,5173-612AA36,STITCH CAM (C),160,23,23,,0
2025/11/11,2025/11/22,2025/10/27,2025113,E000096980,5173-612BA30,STITCH CAM (C),280,0,54,,280
2025/11/18,2025/11/22,2025/11/04,2025115,E000097047,5173-612BA30,STITCH CAM (C),280,0,54,,280
2025/12/03,2025/11/22,2025/11/18,2025122,E000097757,5173-612BA30,STITCH CAM (C),280,54,54,,0
2025/12/08,2025/11/22,2025/11/21,2025123,E000097824,5173-612BA30,STITCH CAM (C),280,0,0,,0
2025/12/15,2025/11/22,2025/12/01,2025125,E000097940,5173-612BA30,STITCH CAM (C),280,0,0,,0
2025/12/17,2025/11/22,2025/12/03,2025126,E000097998,5173-612BA30,STITCH CAM (C),280,0,0,,0
2026/02/02,2025/11/22,2026/01/19,2026021,E000098975,5173-612BA34,STITCH CAM (C),300,254,254,,0
2026/02/04,2025/11/22,2026/01/21,2026022,E000099006,5173-612BA34,STITCH CAM (C),300,0,0,,0
2026/01/22,2025/11/22,2026/01/07,2026016,E000098527,5173-612BA36,STITCH CAM (C),325,16,16,,0
2025/11/11,2025/11/22,2025/10/27,2025113,E000096981,5173-631AA30,TUCK STITCH CAM (B),140,0,146,,140
2025/11/18,2025/11/22,2025/11/04,2025115,E000097048,5173-631AA30,TUCK STITCH CAM (B),140,0,146,,140
2025/12/03,2025/11/22,2025/11/18,2025122,E000097758,5173-631AA30,TUCK STITCH CAM (B),140,140,146,,0
2025/12/08,2025/11/22,2025/11/21,2025123,E000097825,5173-631AA30,TUCK STITCH CAM (B),140,6,6,,0
2025/12/15,2025/11/22,2025/12/01,2025125,E000097941,5173-631AA30,TUCK STITCH CAM (B),140,0,0,,0
2025/12/17,2025/11/22,2025/12/03,2025126,E000097999,5173-631AA30,TUCK STITCH CAM (B),140,0,0,,0
2025/11/18,2025/11/22,2025/11/04,2025115,E000097446,5173-631AA34,TUCK STITCH CAM (B),16,0,22,,16
2025/12/08,2025/11/22,2025/11/21,2025123,E000097826,5173-631AA34,TUCK STITCH CAM (B),36,0,22,,36
2026/02/02,2025/11/22,2026/01/19,2026021,E000098976,5173-631AA34,TUCK STITCH CAM (B),150,22,22,,0
2026/02/04,2025/11/22,2026/01/21,2026022,E000099007,5173-631AA34,TUCK STITCH CAM (B),150,0,0,,0
2026/01/22,2025/11/22,2026/01/07,2026016,E000098528,5173-631AA36,TUCK STITCH CAM (B),160,25,25,,0
2025/11/11,2025/11/22,2025/10/27,2025113,E000096982,5173-632AA30,TUCK STITCH CAM (C),140,0,89,,140
2025/11/18,2025/11/22,2025/11/04,2025115,E000097049,5173-632AA30,TUCK STITCH CAM (C),140,89,89,,0
2025/12/03,2025/11/22,2025/11/18,2025122,E000097759,5173-632AA30,TUCK STITCH CAM (C),140,0,0,,0
2025/12/08,2025/11/22,2025/11/21,2025123,E000097827,5173-632AA30,TUCK STITCH CAM (C),140,0,0,,0
2025/12/15,2025/11/22,2025/12/01,2025125,E000097942,5173-632AA30,TUCK STITCH CAM (C),140,0,0,,0
2025/12/17,2025/11/22,2025/12/03,2025126,E000098000,5173-632AA30,TUCK STITCH CAM (C),140,0,0,,0
2026/02/02,2025/11/22,2026/01/19,2026021,E000098977,5173-632AA34,TUCK STITCH CAM (C),150,150,160,,0
2026/02/04,2025/11/22,2026/01/21,2026022,E000099008,5173-632AA34,TUCK STITCH CAM (C),150,10,10,,0
2026/01/22,2025/11/22,2026/01/07,2026016,E000098529,5173-632AA36,TUCK STITCH CAM (C),160,31,31,,0
2025/11/06,2025/11/22,2025/10/22,2025112,E000096933,5176-611AA30,STITCH CAM (B),245,0,205,,245
2025/11/13,2025/11/22,2025/10/29,2025114,E000097013,5176-611AA30,STITCH CAM (B),245,0,205,,245
2025/12/10,2025/11/22,2025/11/26,2025124,E000097896,5176-611AA30,STITCH CAM (B),245,205,205,,0
2025/12/22,2025/11/22,2025/12/08,2025127,E000098037,5176-611AA30,STITCH CAM (B),245,0,0,,0
2026/01/05,2025/11/22,2025/12/15,2026011,E000098400,5176-611AA30,STITCH CAM (B),245,0,0,,0
2026/01/13,2025/11/22,2025/12/22,2026013,E000098430,5176-611AA30,STITCH CAM (B),245,0,0,,0
2026/02/19,2025/11/22,2026/02/04,2026026,E000099056,5176-611AA30,STITCH CAM (B),245,0,0,,0
2026/02/24,2025/11/22,2026/02/06,2026027,E000099081,5176-611AA30,STITCH CAM (B),245,0,0,,0
2026/01/15,2025/11/22,2025/12/24,2026014,E000098463,5176-611AA34,STITCH CAM (B),260,95,95,,0
2026/01/20,2025/11/22,2026/01/05,2026015,E000098489,5176-611AA34,STITCH CAM (B),260,0,0,,0
2025/11/06,2025/11/22,2025/10/22,2025112,E000096934,5176-612AA30,STITCH CAM (C),245,0,7,,245
2025/11/13,2025/11/22,2025/10/29,2025114,E000097014,5176-612AA30,STITCH CAM (C),245,0,7,,245
2025/12/10,2025/11/22,2025/11/26,2025124,E000097897,5176-612AA30,STITCH CAM (C),245,7,7,,0
2025/12/22,2025/11/22,2025/12/08,2025127,E000098038,5176-612AA30,STITCH CAM (C),245,0,0,,0
2026/01/05,2025/11/22,2025/12/15,2026011,E000098401,5176-612AA30,STITCH CAM (C),245,0,0,,0
2026/01/13,2025/11/22,2025/12/22,2026013,E000098431,5176-612AA30,STITCH CAM (C),245,0,0,,0
2026/02/19,2025/11/22,2026/02/04,2026026,E000099057,5176-612AA30,STITCH CAM (C),245,0,0,,0
2026/02/24,2025/11/22,2026/02/06,2026027,E000099082,5176-612AA30,STITCH CAM (C),245,0,0,,0
2026/01/15,2025/11/22,2025/12/24,2026014,E000098464,5176-612AA34,STITCH CAM (C),260,126,126,,0
2026/01/20,2025/11/22,2026/01/05,2026015,E000098490,5176-612AA34,STITCH CAM (C),260,0,0,,0
2025/11/06,2025/11/22,2025/10/22,2025112,E000096935,5176-631BA30,TUCK STITCH CAM (B),120,0,133,,120
2025/11/13,2025/11/22,2025/10/29,2025114,E000097015,5176-631BA30,TUCK STITCH CAM (B),120,0,133,,120
2025/12/10,2025/11/22,2025/11/26,2025124,E000097898,5176-631BA30,TUCK STITCH CAM (B),120,120,133,,0
2025/12/22,2025/11/22,2025/12/08,2025127,E000098039,5176-631BA30,TUCK STITCH CAM (B),120,13,13,,0
2026/01/05,2025/11/22,2025/12/15,2026011,E000098402,5176-631BA30,TUCK STITCH CAM (B),120,0,0,,0
2026/01/13,2025/11/22,2025/12/22,2026013,E000098432,5176-631BA30,TUCK STITCH CAM (B),120,0,0,,0
2026/02/19,2025/11/22,2026/02/04,2026026,E000099058,5176-631BA30,TUCK STITCH CAM (B),120,0,0,,0
2026/02/24,2025/11/22,2026/02/06,2026027,E000099083,5176-631BA30,TUCK STITCH CAM (B),120,0,0,,0
2025/11/06,2025/11/22,2025/10/22,2025112,E000096936,5176-632BA30,TUCK STITCH CAM (C),120,0,24,,120
2025/11/13,2025/11/22,2025/10/29,2025114,E000097016,5176-632BA30,TUCK STITCH CAM (C),120,0,24,,120
2025/12/10,2025/11/22,2025/11/26,2025124,E000097899,5176-632BA30,TUCK STITCH CAM (C),120,24,24,,0
2025/12/22,2025/11/22,2025/12/08,2025127,E000098040,5176-632BA30,TUCK STITCH CAM (C),120,0,0,,0
2026/01/05,2025/11/22,2025/12/15,2026011,E000098403,5176-632BA30,TUCK STITCH CAM (C),120,0,0,,0
2026/01/13,2025/11/22,2025/12/22,2026013,E000098433,5176-632BA30,TUCK STITCH CAM (C),120,0,0,,0
2026/02/19,2025/11/22,2026/02/04,2026026,E000099059,5176-632BA30,TUCK STITCH CAM (C),120,0,0,,0
2026/02/24,2025/11/22,2026/02/06,2026027,E000099084,5176-632BA30,TUCK STITCH CAM (C),120,0,0,,0
2025/11/20,2025/11/22,2025/11/06,2025116,E000097053,5179-607AA34,NEEDLE GUARD,145,145,314,,0
2025/11/25,2025/11/22,2025/11/10,2025117,E000097058,5179-607AA34,NEEDLE GUARD,145,145,169,,0
2026/01/27,2025/11/22,2026/01/13,2026017,E000098542,5179-607AA34,NEEDLE GUARD,145,24,24,,0
2026/01/29,2025/11/22,2026/01/15,2026018,E000098560,5179-607AA34,NEEDLE GUARD,145,0,0,,0
2025/11/20,2025/11/22,2025/11/06,2025116,E000097054,5179-607BA34,NEEDLE GUARD,5,5,15,,0
2025/11/25,2025/11/22,2025/11/10,2025117,E000097059,5179-607BA34,NEEDLE GUARD,5,5,10,,0
2026/01/27,2025/11/22,2026/01/13,2026017,E000098543,5179-607BA34,NEEDLE GUARD,5,5,5,,0
2026/01/29,2025/11/22,2026/01/15,2026018,E000098561,5179-607BA34,NEEDLE GUARD,5,0,0,,0
2025/11/20,2025/11/22,2025/11/06,2025116,E000097122,5179-623DA34,KNIT CAM (H),240,240,629,,0
2025/11/25,2025/11/22,2025/11/10,2025117,E000097135,5179-623DA34,KNIT CAM (H),240,240,389,,0
2026/01/27,2025/11/22,2026/01/13,2026017,E000098544,5179-623DA34,KNIT CAM (H),240,149,149,,0
2026/01/29,2025/11/22,2026/01/15,2026018,E000098562,5179-623DA34,KNIT CAM (H),240,0,0,,0
2025/11/20,2025/11/22,2025/11/06,2025116,E000097123,5179-624DA34,KNIT CAM (L),240,240,632,,0
2025/11/25,2025/11/22,2025/11/10,2025117,E000097136,5179-624DA34,KNIT CAM (L),240,240,392,,0
2026/01/27,2025/11/22,2026/01/13,2026017,E000098545,5179-624DA34,KNIT CAM (L),240,152,152,,0
2026/01/29,2025/11/22,2026/01/15,2026018,E000098563,5179-624DA34,KNIT CAM (L),240,0,0,,0
2025/11/20,2025/11/22,2025/11/06,2025116,E000097124,5179-629DA34,TUCK CAM (H),75,75,215,,0
2025/11/25,2025/11/22,2025/11/10,2025117,E000097137,5179-629DA34,TUCK CAM (H),75,75,140,,0
2026/01/27,2025/11/22,2026/01/13,2026017,E000098546,5179-629DA34,TUCK CAM (H),75,65,65,,0
2026/01/29,2025/11/22,2026/01/15,2026018,E000098564,5179-629DA34,TUCK CAM (H),75,0,0,,0
2025/11/20,2025/11/22,2025/11/06,2025116,E000097125,5179-630DA34,TUCK CAM (L),75,0,95,,75
2025/11/25,2025/11/22,2025/11/10,2025117,E000097138,5179-630DA34,TUCK CAM (L),75,75,95,,0
2026/01/27,2025/11/22,2026/01/13,2026017,E000098547,5179-630DA34,TUCK CAM (L),75,20,20,,0
2026/01/29,2025/11/22,2026/01/15,2026018,E000098565,5179-630DA34,TUCK CAM (L),75,0,0,,0
2026/01/23,2025/11/22,2026/01/23,,E000098697,5180-512AA33,RAISING CAM,36,6,6,PJ-0632901,
2026/01/23,2025/11/22,2026/01/23,,E000098698,5180-515AA33,TUCKING CAM,36,2,2,PJ-0632902,
2026/01/15,2025/11/22,2026/01/15,,E000098778,5181-513AA18,WELT CAM,2,1,1,PJ-0632601,
2026/01/23,2025/11/22,2026/01/23,,E000098781,5181-513AA19,WELT CAM,1,1,3,PJ-0632604,
2026/01/23,2025/11/22,2026/01/23,,E000098694,5181-513AA21,WELT CAM,2,2,11,PJ-0632608,
2026/01/15,2025/11/22,2026/01/15,,E000098780,5181-613AA18,TUCK CAM,14,0,0,PJ-0632603,
2026/01/23,2025/11/22,2026/01/23,,E000098783,5181-613AA19,TUCK CAM,15,0,0,PJ-0632606,
2026/01/23,2025/11/22,2026/01/23,,E000098784,5181-613AA20,TUCK CAM,16,0,0,PJ-0632607,
2026/01/23,2025/11/22,2026/01/23,,E000098696,5181-613AA21,TUCK CAM,16,4,4,PJ-0632610,
2026/01/15,2025/11/22,2026/01/15,,E000098779,5181-615AA18,WELT CAM,2,1,1,PJ-0632602,
2026/01/23,2025/11/22,2026/01/23,,E000098782,5181-615AA19,WELT CAM,1,1,8,PJ-0632605,
2026/01/23,2025/11/22,2026/01/23,,E000098695,5181-615AA21,WELT CAM,2,2,5,PJ-0632609,
2025/01/29,2025/11/22,2025/01/16,2025018,E000091357,5183-506AA33,NEEDLE GUARD,36,0,4,,36
2025/01/29,2025/11/22,2025/01/16,2025018,E000091358,5183-506BA33,NEEDLE GUARD,1,0,0,,1
2025/01/29,2025/11/22,2025/01/16,2025018,E000091321,5183-511AA33,KNIT CAM,145,0,4,,145
2025/01/29,2025/11/22,2025/01/16,2025018,E000091322,5183-511BA33,KNIT CAM,96,0,5,,96
2025/01/29,2025/11/22,2025/01/16,2025018,E000091323,5183-511CA33,KNIT CAM,288,0,2,,288
2025/01/29,2025/11/22,2025/01/16,2025018,E000091324,5183-512AA33,TUCK CAM,96,0,2,,96
2025/01/29,2025/11/22,2025/01/16,2025018,E000091325,5183-513AA33,WELT CAM,196,0,7,,196
2025/01/29,2025/11/22,2025/01/16,2025018,E000091326,5183-514AA33,WELT CAM,56,0,6,,56
2025/01/29,2025/11/22,2025/01/16,2025018,E000091327,5183-515AA33,GUARD CAM,48,0,32,,48
2025/01/29,2025/11/22,2025/01/16,2025018,E000091359,5183-607AA33,NEEDLE GUARD,35,0,5,,35
2025/01/29,2025/11/22,2025/01/16,2025018,E000091360,5183-607BA33,NEEDLE GUARD,1,0,1,,1
2025/01/29,2025/11/22,2025/01/16,2025018,E000091361,5183-608AA33,NEEDLE GUARD,1,0,2,,1
2025/01/29,2025/11/22,2025/01/16,2025018,E000091328,5183-611AA33,KNIT CAM (H),73,0,29,,73
2025/01/29,2025/11/22,2025/01/16,2025018,E000091329,5183-612AA33,KNIT CAM (L),73,0,35,,73
2025/01/29,2025/11/22,2025/01/16,2025018,E000091330,5183-613AA33,TUCK CAM (H),24,0,4,,24
2025/01/29,2025/11/22,2025/01/16,2025018,E000091331,5183-614AA33,TUCK CAM (L),24,0,0,,24
2025/01/29,2025/11/22,2025/01/16,2025018,E000091332,5183-615AA33,WELT CAM (H),37,0,3,,37
2025/01/29,2025/11/22,2025/01/16,2025018,E000091333,5183-616AA33,WELT CAM (L),37,0,0,,37
2025/01/29,2025/11/22,2025/01/16,2025018,E000091334,5183-617AA33,WELT CAM (H),28,0,31,,28
2025/01/29,2025/11/22,2025/01/16,2025018,E000091335,5183-618AA33,WELT CAM (L),28,0,0,,28
2025/01/29,2025/11/22,2025/01/16,2025018,E000091336,5183-619AA33,GUARD CAM (H),24,0,3,,24
2025/01/29,2025/11/22,2025/01/16,2025018,E000091337,5183-620AA33,GUARD CAM (L),24,0,0,,24
2025/11/18,2025/11/22,2025/11/04,2025115,E000097447,5211-511CA34,STITCH CAM,145,0,67,,145
2025/12/08,2025/11/22,2025/11/21,2025123,E000097828,5211-511CA34,STITCH CAM,302,67,67,,0
2025/11/18,2025/11/22,2025/11/04,2025115,E000097448,5211-516AA34,TUCK STITCH CAM,32,0,5,,32
2025/12/08,2025/11/22,2025/11/21,2025123,E000097829,5211-516AA34,TUCK STITCH CAM,72,5,5,,0
2025/11/18,2025/11/22,2025/11/04,2025115,E000097449,5211-521AB34,STITCH CAM,48,0,102,,48
2025/12/08,2025/11/22,2025/11/21,2025123,E000097830,5211-521AB34,STITCH CAM,100,100,102,,0
2025/11/18,2025/11/22,2025/11/04,2025115,E000098740,5213-506AA34,NEEDLE GUARD,24,24,33,,0
2025/12/08,2025/11/22,2025/11/21,2025123,E000098743,5213-506AA36,NEEDLE GUARD,50,35,35,,0
2025/11/18,2025/11/22,2025/11/04,2025115,E000098741,5213-506BA34,NEEDLE GUARD,1,0,14,,1
2025/12/08,2025/11/22,2025/11/21,2025123,E000098744,5213-506BA36,NEEDLE GUARD,2,2,6,,0
2025/11/18,2025/11/22,2025/11/04,2025115,E000097452,5213-512AA34,RAISING CAM,145,145,189,,0
2025/12/08,2025/11/22,2025/11/21,2025123,E000097833,5213-512AA36,RAISING CAM,302,34,34,,0
2025/11/18,2025/11/22,2025/11/04,2025115,E000097453,5213-514AA34,WELT CAM,72,72,137,,0
2025/12/08,2025/11/22,2025/11/21,2025123,E000097834,5213-514AA36,WELT CAM,152,19,19,,0
2025/11/18,2025/11/22,2025/11/04,2025115,E000097454,5213-515AA34,TUCKING CAM,32,32,38,,0
2025/12/08,2025/11/22,2025/11/21,2025123,E000097835,5213-515AA36,TUCKING CAM,72,39,39,,0
2025/11/18,2025/11/22,2025/11/04,2025115,E000097455,5213-518AA34,WELT CAM,4,0,13,,4
2025/12/08,2025/11/22,2025/11/21,2025123,E000097836,5213-518AA36,WELT CAM,8,0,2,,8
2025/11/18,2025/11/22,2025/11/04,2025115,E000097456,5213-607CA34,NEEDLE GUARD,1,0,2,,1
2025/12/08,2025/11/22,2025/11/21,2025123,E000098880,5213-607CA36,NEEDLE GUARD,2,2,8,,0
2025/11/18,2025/11/22,2025/11/04,2025115,E000097457,5213-607DA34,NEEDLE GUARD,1,0,1,,1
2025/12/08,2025/11/22,2025/11/21,2025123,E000098881,5213-607DA36,NEEDLE GUARD,2,2,8,,0
2025/11/18,2025/11/22,2025/11/04,2025115,E000097458,5213-615AB34,RAISING CAM (B),49,0,29,,49
2025/12/08,2025/11/22,2025/11/21,2025123,E000097840,5213-615AB36,RAISING CAM (B),102,11,11,,0
2025/11/18,2025/11/22,2025/11/04,2025115,E000097459,5213-616AB34,RAISING CAM (C),49,0,12,,49
2025/12/08,2025/11/22,2025/11/21,2025123,E000097841,5213-616AB36,RAISING CAM (C),102,7,7,,0
2025/11/18,2025/11/22,2025/11/04,2025115,E000097460,5213-617AB34,RAISING CAM (D),24,24,44,,0
2025/12/08,2025/11/22,2025/11/21,2025123,E000097842,5213-617AB36,RAISING CAM (D),52,0,0,,0
2025/11/18,2025/11/22,2025/11/04,2025115,E000097461,5213-618AB34,RAISING CAM (E),24,24,32,,0
2025/12/08,2025/11/22,2025/11/21,2025123,E000097843,5213-618AB36,RAISING CAM (E),52,0,0,,0
2025/11/18,2025/11/22,2025/11/04,2025115,E000097462,5213-619AA34,WELT CAM (B),25,0,46,,25
2025/12/08,2025/11/22,2025/11/21,2025123,E000097844,5213-619AA36,WELT CAM (B),52,19,19,,0
2025/11/18,2025/11/22,2025/11/04,2025115,E000097463,5213-620AA34,WELT CAM (C),25,25,55,,0
2025/12/08,2025/11/22,2025/11/21,2025123,E000097845,5213-620AA36,WELT CAM (C),52,22,22,,0
2025/11/18,2025/11/22,2025/11/04,2025115,E000097464,5213-621AA34,WELT CAM (D),24,24,53,,0
2025/12/08,2025/11/22,2025/11/21,2025123,E000097846,5213-621AA36,WELT CAM (D),52,0,0,,0
2025/11/18,2025/11/22,2025/11/04,2025115,E000097465,5213-622AA34,WELT CAM (E),24,24,32,,0
2025/12/08,2025/11/22,2025/11/21,2025123,E000097847,5213-622AA36,WELT CAM (E),52,0,0,,0
2025/11/18,2025/11/22,2025/11/04,2025115,E000097466,5213-627AB34,TUCKING CAM (B),16,0,35,,16
2025/12/08,2025/11/22,2025/11/21,2025123,E000097848,5213-627AB36,TUCKING CAM (B),36,16,16,,0
2025/11/18,2025/11/22,2025/11/04,2025115,E000097467,5213-628AB34,TUCKING CAM (C),16,16,27,,0
2025/12/08,2025/11/22,2025/11/21,2025123,E000097849,5213-628AB36,TUCKING CAM (C),36,17,17,,0
2025/11/18,2025/11/22,2025/11/04,2025115,E000097468,5213-651AA34,GATE CAM (B),3,0,2,,3
2025/12/08,2025/11/22,2025/11/21,2025123,E000097850,5213-651AA36,GATE CAM (B),6,5,5,,0
2025/11/18,2025/11/22,2025/11/04,2025115,E000097469,5213-652AA34,GATE CAM (C),3,0,3,,3
2025/12/08,2025/11/22,2025/11/21,2025123,E000097851,5213-652AA36,GATE CAM (C),6,5,5,,0
2025/11/18,2025/11/22,2025/11/04,2025115,E000097470,5213-653AA34,GATE CAM (D),2,0,10,,2
2025/12/08,2025/11/22,2025/11/21,2025123,E000097852,5213-653AA36,GATE CAM (D),4,0,0,,0
2025/11/18,2025/11/22,2025/11/04,2025115,E000097471,5213-654AA34,GATE CAM (E),2,0,3,,2
2025/12/08,2025/11/22,2025/11/21,2025123,E000097853,5213-654AA36,GATE CAM (E),4,0,0,,0
2025/11/18,2025/11/22,2025/11/04,2025115,E000097472,5218-607AA34,NEEDLE GUARD,47,47,56,,0
2025/12/08,2025/11/22,2025/11/21,2025123,E000097854,5218-607AA36,NEEDLE GUARD,98,0,0,,0
2025/11/18,2025/11/22,2025/11/04,2025115,E000097473,5218-607BA34,NEEDLE GUARD,1,0,8,,1
2025/12/08,2025/11/22,2025/11/21,2025123,E000097855,5218-607BA36,NEEDLE GUARD,2,0,0,,0
2025/11/18,2025/11/22,2025/11/04,2025115,E000097474,5218-612AA34,STITCH CAM (C),49,0,18,,49
2025/12/08,2025/11/22,2025/11/21,2025123,E000097856,5218-612AA34,STITCH CAM (C),102,18,18,,0
2025/11/18,2025/11/22,2025/11/04,2025115,E000097475,5218-613AA34,STITCH CAM (D),24,24,38,,0
2025/12/08,2025/11/22,2025/11/21,2025123,E000097857,5218-613AA34,STITCH CAM (D),52,14,14,,0
2025/11/18,2025/11/22,2025/11/04,2025115,E000097476,5218-614AA34,STITCH CAM (E),24,24,39,,0
2025/12/08,2025/11/22,2025/11/21,2025123,E000097858,5218-614AA34,STITCH CAM (E),52,15,15,,0
2025/11/18,2025/11/22,2025/11/04,2025115,E000097477,5218-632AA34,TUCK STITCH CAM (C),16,16,25,,0
2025/12/08,2025/11/22,2025/11/21,2025123,E000097859,5218-632AA34,TUCK STITCH CAM (C),36,9,9,,0
2025/12/01,2025/11/22,2025/11/14,2025121,E000097695,5301-591AA36,NEEDLE ARRANGE CAM,1,1,4,,0
2025/11/27,2025/11/22,2025/11/12,2025118,E000097622,5301-591AA38,NEEDLE ARRANGE CAM,2,0,14,,2
2025/12/01,2025/11/22,2025/11/14,2025121,E000097696,5301-592AA36,JACK ARRANGE CAM,1,0,10,,1
2025/11/27,2025/11/22,2025/11/12,2025118,E000097623,5301-592AA38,JACK ARRANGE CAM,2,0,6,,2
2025/12/01,2025/11/22,2025/11/14,2025121,E000097697,5301-593AA36,JACK ARRANGE CAM,1,0,4,,1
2025/11/27,2025/11/22,2025/11/12,2025118,E000097624,5301-593AA38,JACK ARRANGE CAM,2,0,7,,2
2025/11/20,2025/11/22,2025/11/06,2025116,E000097349,5308-615AB30,TUCKING CAM (B),144,144,150,,0
2025/11/28,2025/11/22,2025/11/28,202511,E000098164,5308-615AB30,TUCKING CAM (B),72,6,6,,
2025/11/20,2025/11/22,2025/11/06,2025116,E000097350,5308-617AB30,TUCKING CAM (D),144,144,146,,0
2025/11/28,2025/11/22,2025/11/28,202511,E000098165,5308-617AB30,TUCKING CAM (D),72,2,2,,
2025/11/20,2025/11/22,2025/11/06,2025116,E000097351,5513-619AB30,KNITTING CAM (B),144,144,159,,0
2025/11/28,2025/11/22,2025/11/28,202511,E000098166,5513-619AB30,KNITTING CAM (B),72,15,15,,
2025/11/20,2025/11/22,2025/11/06,2025116,E000097352,5513-621AB30,KNITTING CAM (D),144,144,151,,0
2025/11/28,2025/11/22,2025/11/28,202511,E000098167,5513-621AB30,KNITTING CAM (D),72,7,7,,
2025/11/20,2025/11/22,2025/11/06,2025116,E000097353,5517-504AA34,NEEDLE GUARD,110,110,156,,0
2025/11/14,2025/11/22,2025/11/14,,E000097651,5517-504BA34,NEEDLE GUARD,37,20,20,PF-9387023,
2025/11/14,2025/11/22,2025/11/14,,E000097652,5517-504BA34,NEEDLE GUARD,37,0,0,PF-9387026,
2025/11/28,2025/11/22,2025/11/28,202511,E000098168,5517-504BA34,NEEDLE GUARD,36,0,0,,
2025/11/20,2025/11/22,2025/11/06,2025116,E000097354,5517-505AA34,PRESSER PLATE,72,0,41,,72
2025/11/28,2025/11/22,2025/11/28,202511,E000098169,5517-505AA34,PRESSER PLATE,36,36,41,,
2025/11/20,2025/11/22,2025/11/06,2025116,E000097355,5517-505BA34,PRESSER PLATE,2,0,4,,2
2025/11/20,2025/11/22,2025/11/06,2025116,E000097356,5517-511CA34,STITCH CAM,74,74,157,,0
2025/11/28,2025/11/22,2025/11/28,202511,E000098170,5517-511CA34,STITCH CAM,38,38,83,,
2025/11/20,2025/11/22,2025/11/06,2025116,E000097357,5517-515AA34,DROPLESS GUARD CAM,72,72,90,,0
2025/11/28,2025/11/22,2025/11/28,202511,E000098171,5517-515AA34,DROPLESS GUARD CAM,36,18,18,,
2025/11/20,2025/11/22,2025/11/06,2025116,E000097358,5517-516AA34,GATE CAM,2,0,18,,2
2025/11/20,2025/11/22,2025/11/06,2025116,E000097359,5517-517AA34,GATE CAM,2,0,3,,2
2025/11/20,2025/11/22,2025/11/06,2025116,E000097360,5517-518AA34,GATE CAM,2,0,2,,2
2025/11/20,2025/11/22,2025/11/06,2025116,E000097361,5517-531AA34,STITCH CAM,108,108,135,,0
2025/11/20,2025/11/22,2025/11/06,2025116,E000097362,5517-566FA34,JACK GUARD CAM,108,108,161,,0
2025/11/20,2025/11/22,2025/11/06,2025116,E000097363,5517-566HA34,JACK GUARD CAM,2,0,4,,2
2025/11/20,2025/11/22,2025/11/06,2025116,E000097364,5517-569AA34,CANCELLING CAM,110,110,157,,0
2025/11/20,2025/11/22,2025/11/06,2025116,E000097365,5517-570AC34,RAISING CAM,108,108,182,,0
2025/11/20,2025/11/22,2025/11/06,2025116,E000097366,5517-570BA34,GATE CAM,2,0,4,,2
2025/11/20,2025/11/22,2025/11/06,2025116,E000097367,5517-591AA34,NEEDLE ARRANGE CAM,2,2,10,,0
2025/11/20,2025/11/22,2025/11/06,2025116,E000097368,5517-592AA34,JACK ARRANGE CAM,2,0,0,,2
2025/11/20,2025/11/22,2025/11/06,2025116,E000097369,5517-593AA34,JACK ARRANGE CAM,2,2,10,,0
2025/11/20,2025/11/22,2025/11/06,2025116,E000097370,5517-622AA34,INNER GUARD CAM,38,38,93,,0
2025/11/28,2025/11/22,2025/11/28,202511,E000098172,5517-622AA34,INNER GUARD CAM,36,36,55,,
2025/11/20,2025/11/22,2025/11/06,2025116,E000097371,5518-505AA34,PRESSER PLATE,36,0,16,,36
2025/11/20,2025/11/22,2025/11/06,2025116,E000097372,5518-521AA34,TRANSFER CAM,36,36,60,,0
2025/11/20,2025/11/22,2025/11/06,2025116,E000097373,5518-522AA34,RAISING CAM,36,0,62,,36
2025/11/20,2025/11/22,2025/11/06,2025116,E000097374,5518-523AA34,NEEDLE GUARD CAM,36,36,59,,0
2025/11/20,2025/11/22,2025/11/06,2025116,E000097375,5518-524AA34,NEEDLE GUARD CAM,36,36,46,,0
2025/11/20,2025/11/22,2025/11/06,2025116,E000097376,5518-525AA34,JACK GUARD CAM,36,36,71,,0
2025/11/20,2025/11/22,2025/11/06,2025116,E000097377,5518-526AA34,JACK RAISING CAM,36,0,6,,36
2025/11/20,2025/11/22,2025/11/06,2025116,E000097378,5518-531AB34,STITCH CAM,72,72,101,,0
2025/11/20,2025/11/22,2025/11/06,2025116,E000097346,5520-515AA,RAISING CAM,108,108,169,,0
2025/11/20,2025/11/22,2025/11/06,2025116,E000097347,5520-515BA,RAISING CAM,108,108,164,,0
2025/11/20,2025/11/22,2025/11/06,2025116,E000097379,5528-614AA30,INNER GUARD CAM,36,36,90,,0
2025/12/01,2025/11/22,2025/11/14,2025121,E000097698,5529-505AA34,PRESSER PLATE,38,38,60,,0
2025/12/01,2025/11/22,2025/11/14,2025121,E000097699,5529-505BA34,PRESSER PLATE,1,0,14,,1
2025/12/01,2025/11/22,2025/11/14,2025121,E000097700,5529-506AA34,NEEDLE GUARD,38,0,10,,38
2025/12/01,2025/11/22,2025/11/14,2025121,E000097701,5529-506BA34,NEEDLE GUARD,1,0,0,,1
2025/12/01,2025/11/22,2025/11/14,2025121,E000098059,5529-513AA34,JACK GUARD CAM,76,0,20,,76
2025/12/01,2025/11/22,2025/11/14,2025121,E000098060,5529-514AB34,JACK RAISING CAM,77,0,55,,77
2025/12/01,2025/11/22,2025/11/14,2025121,E000098061,5529-516AB34,GATE CAM,1,0,0,,1
2025/12/01,2025/11/22,2025/11/14,2025121,E000098062,5529-517AA34,GATE CAM,1,0,0,,1
2025/12/01,2025/11/22,2025/11/14,2025121,E000098063,5529-518AA34,GATE CAM,1,0,1,,1
2025/11/27,2025/11/22,2025/11/12,2025118,E000097625,5529-566BA38,JACK GUARD CAM,2,0,6,,2
2025/11/27,2025/11/22,2025/11/12,2025118,E000097626,5529-566CA38,JACK GUARD CAM,2,0,3,,2
2025/11/27,2025/11/22,2025/11/12,2025118,E000097627,5529-569CA38,CANCELLING CAM,2,0,8,,2
2025/11/27,2025/11/22,2025/11/12,2025118,E000097628,5529-570BA38,RAISING CAM,2,0,3,,2
2025/11/27,2025/11/22,2025/11/12,2025118,E000097629,5529-570CA38,RAISING CAM,2,0,9,,2
2026/01/15,2025/11/22,2025/12/24,2026014,E000098465,5529-607AA34,NEEDLE GUARD,185,90,90,,0
2026/01/20,2025/11/22,2026/01/05,2026015,E000098491,5529-607AA34,NEEDLE GUARD,185,0,0,,0
2025/11/27,2025/11/22,2025/11/12,2025118,E000097630,5529-607AA38,NEEDLE GUARD,82,82,140,,0
2026/01/15,2025/11/22,2025/12/24,2026014,E000098466,5529-607BA34,NEEDLE GUARD,5,5,21,,0
2026/01/20,2025/11/22,2026/01/05,2026015,E000098492,5529-607BA34,NEEDLE GUARD,5,5,16,,0
2025/11/27,2025/11/22,2025/11/12,2025118,E000097631,5529-607BA38,NEEDLE GUARD,2,0,19,,2
2025/12/01,2025/11/22,2025/11/14,2025121,E000098064,5530-572AA34,NEEDLE GUARD CAM,76,76,158,,0
2025/12/01,2025/11/22,2025/11/14,2025121,E000097653,5532-515AA,RAISING CAM,76,76,106,,0
2025/12/01,2025/11/22,2025/11/14,2025121,E000097654,5532-515BA,RAISING CAM,76,76,79,,0
2025/12/01,2025/11/22,2025/11/14,2025121,E000098065,5532-531AA38,STITCH CAM,73,73,90,,0
2025/12/01,2025/11/22,2025/11/14,2025121,E000098066,5532-531BA38,STITCH CAM,4,0,1,,4
2025/12/01,2025/11/22,2025/11/14,2025121,E000097702,5532-566AA30,JACK GUARD CAM,76,76,107,,0
2025/12/01,2025/11/22,2025/11/14,2025121,E000097703,5532-566BA34,JACK GUARD CAM,76,76,134,,0
2025/12/01,2025/11/22,2025/11/14,2025121,E000097704,5532-566CA34,JACK GUARD CAM,1,0,0,,1
2025/12/01,2025/11/22,2025/11/14,2025121,E000097705,5532-569AA34,CANCELLING CAM,76,0,11,,76
2025/12/01,2025/11/22,2025/11/14,2025121,E000097706,5532-569BA30,CANCELLING CAM,76,0,14,,76
2025/12/01,2025/11/22,2025/11/14,2025121,E000097707,5532-569CA34,CANCELLING CAM,1,0,2,,1
2025/12/01,2025/11/22,2025/11/14,2025121,E000097708,5532-570AA30,RAISING CAM,76,76,101,,0
2025/12/01,2025/11/22,2025/11/14,2025121,E000097709,5532-570BA34,RAISING CAM,76,0,8,,76
2025/12/01,2025/11/22,2025/11/14,2025121,E000097710,5532-570CA34,GATE CAM,1,0,5,,1
2025/11/06,2025/11/22,2025/10/22,2025112,E000096937,5532-607AA30,NEEDLE GUARD,175,0,57,,175
2025/11/13,2025/11/22,2025/10/29,2025114,E000097017,5532-607AA30,NEEDLE GUARD,175,0,57,,175
2025/12/10,2025/11/22,2025/11/26,2025124,E000097900,5532-607AA30,NEEDLE GUARD,175,57,57,,0
2025/12/22,2025/11/22,2025/12/08,2025127,E000098041,5532-607AA30,NEEDLE GUARD,175,0,0,,0
2026/01/05,2025/11/22,2025/12/15,2026011,E000098404,5532-607AA30,NEEDLE GUARD,175,0,0,,0
2026/01/13,2025/11/22,2025/12/22,2026013,E000098434,5532-607AA30,NEEDLE GUARD,175,0,0,,0
2026/02/19,2025/11/22,2026/02/04,2026026,E000099060,5532-607AA30,NEEDLE GUARD,175,0,0,,0
2026/02/24,2025/11/22,2026/02/06,2026027,E000099085,5532-607AA30,NEEDLE GUARD,175,0,0,,0
2025/11/06,2025/11/22,2025/10/22,2025112,E000096938,5532-607BA30,NEEDLE GUARD,5,5,16,,0
2025/11/13,2025/11/22,2025/10/29,2025114,E000097018,5532-607BA30,NEEDLE GUARD,5,5,11,,0
2025/12/10,2025/11/22,2025/11/26,2025124,E000097901,5532-607BA30,NEEDLE GUARD,5,5,6,,0
2025/12/22,2025/11/22,2025/12/08,2025127,E000098042,5532-607BA30,NEEDLE GUARD,5,1,1,,0
2026/01/05,2025/11/22,2025/12/15,2026011,E000098405,5532-607BA30,NEEDLE GUARD,5,0,0,,0
2026/01/13,2025/11/22,2025/12/22,2026013,E000098435,5532-607BA30,NEEDLE GUARD,5,0,0,,0
2026/02/19,2025/11/22,2026/02/04,2026026,E000099061,5532-607BA30,NEEDLE GUARD,5,0,0,,0
2026/02/24,2025/11/22,2026/02/06,2026027,E000099086,5532-607BA30,NEEDLE GUARD,5,0,0,,0
2025/11/27,2025/11/22,2025/11/27,,E000099262,5534-627AA38,GATE CAM (H),1,1,21,PM-5168801,
2025/11/11,2025/11/22,2025/11/11,,E000098873,5534-628AA38,GATE CAM (L),1,1,21,PM-5165501,
2025/11/27,2025/11/22,2025/11/12,2025118,E000097632,5540-541AA38,JACK GUARD ARC CAM,120,0,261,,120
2025/11/27,2025/11/22,2025/11/12,2025118,E000097633,5541-505AB38,PRESSER PLATE,168,168,197,,0
2025/11/27,2025/11/22,2025/11/12,2025118,E000097634,5541-505BA38,PRESSER PLATE,2,0,33,,2
2025/11/27,2025/11/22,2025/11/12,2025118,E000097635,5541-511AA38,STITCH CAM,170,170,236,,0
2025/11/27,2025/11/22,2025/11/12,2025118,E000097636,5541-512AA38,NEEDLE GUARD CAM,168,168,239,,0
2025/11/27,2025/11/22,2025/11/12,2025118,E000097637,5541-513AA38,JACK GUARD CAM,168,168,237,,0
2025/11/27,2025/11/22,2025/11/12,2025118,E000097638,5541-514AA38,JACK RAISING CAM,170,170,268,,0
2025/11/27,2025/11/22,2025/11/12,2025118,E000097639,5541-516AA38,GATE CAM,2,2,4,,0
2025/11/27,2025/11/22,2025/11/12,2025118,E000097640,5541-519AA38,JACK RAISING CAM,84,84,111,,0
2025/11/27,2025/11/22,2025/11/12,2025118,E000097641,5541-566AA38,JACK GUARD CAM,168,168,234,,0
2025/11/27,2025/11/22,2025/11/12,2025118,E000097642,5541-569AA38,CANCELLING CAM,168,168,198,,0
2025/11/27,2025/11/22,2025/11/12,2025118,E000097643,5541-569BA38,CANCELLING CAM,2,0,3,,2
2025/11/27,2025/11/22,2025/11/12,2025118,E000097644,5541-570AB38,RAISING CAM,168,168,204,,0
2026/01/07,2025/11/22,2025/12/17,2026012,E000098599,5548-505AA34,PRESSER PLATE,44,0,0,,0
2026/01/07,2025/11/22,2025/12/17,2026012,E000098600,5548-505BA34,PRESSER PLATE,21,0,0,,0
2026/01/07,2025/11/22,2025/12/17,2026012,E000098601,5548-506AA34,NEEDLE GUARD,65,0,0,,0
2026/01/07,2025/11/22,2025/12/17,2026012,E000098602,5548-511CA34,STITCH CAM,43,0,0,,0
2026/01/07,2025/11/22,2025/12/17,2026012,E000098603,5548-511DA34,STITCH CAM,42,0,0,,0
2026/01/07,2025/11/22,2025/12/17,2026012,E000098604,5548-511EA34,STITCH CAM,42,0,0,,0
2026/01/07,2025/11/22,2025/12/17,2026012,E000098605,5548-511FA34,STITCH CAM,42,0,0,,0
2026/01/07,2025/11/22,2025/12/17,2026012,E000098606,5548-512AA33,NEEDLE GUARD CAM,42,0,0,,0
2026/01/07,2025/11/22,2025/12/17,2026012,E000098607,5548-512BA33,NEEDLE GUARD CAM,42,0,0,,0
2026/01/07,2025/11/22,2025/12/17,2026012,E000098608,5548-514AA34,JACK RAISING CAM,43,0,0,,0
2026/01/07,2025/11/22,2025/12/17,2026012,E000098609,5548-514BA34,JACK RAISING CAM,42,0,0,,0
2026/01/07,2025/11/22,2025/12/17,2026012,E000098610,5548-516AA34,GATE CAM,2,0,0,,0
2026/01/07,2025/11/22,2025/12/17,2026012,E000098611,5548-517AA34,GATE CAM,2,0,0,,0
2026/01/07,2025/11/22,2025/12/17,2026012,E000098612,5548-521AA34,TRANSFER CAM,21,0,0,,0
2026/01/07,2025/11/22,2025/12/17,2026012,E000098613,5548-521BA34,TRANSFER CAM,21,0,0,,0
2026/01/07,2025/11/22,2025/12/17,2026012,E000098614,5548-522AA34,RAISING CAM,21,0,0,,0
2026/01/07,2025/11/22,2025/12/17,2026012,E000098615,5548-523AA34,NEEDLE GUARD CAM,21,0,0,,0
2026/01/07,2025/11/22,2025/12/17,2026012,E000098616,5548-526AA34,JACK RAISING CAM,21,0,0,,0
2026/01/07,2025/11/22,2025/12/17,2026012,E000098617,5548-531AA34,STITCH CAM,42,0,0,,0
2026/01/07,2025/11/22,2025/12/17,2026012,E000098618,5548-532AA33,NEEDLE GUARD CAM,42,0,0,,0
2026/01/07,2025/11/22,2025/12/17,2026012,E000098619,5548-532BA33,NEEDLE GUARD CAM,42,0,0,,0
2026/01/07,2025/11/22,2025/12/17,2026012,E000098620,5548-566AA34,JACK GUARD CAM,64,0,0,,0
2026/01/07,2025/11/22,2025/12/17,2026012,E000098621,5548-566BA34,JACK GUARD CAM,1,0,0,,0
2026/01/07,2025/11/22,2025/12/17,2026012,E000098622,5548-569AA34,CANCELLING CAM,65,0,0,,0
2026/01/07,2025/11/22,2025/12/17,2026012,E000098623,5548-570AA34,RAISING CAM,64,0,0,,0
2026/01/07,2025/11/22,2025/12/17,2026012,E000098624,5548-570BA34,RAISING CAM,64,0,0,,0
2026/01/07,2025/11/22,2025/12/17,2026012,E000098625,5548-570CA34,GATE CAM,1,0,0,,0
2026/01/07,2025/11/22,2025/12/17,2026012,E000098626,5548-570DA34,GATE CAM,1,0,0,,0
2026/01/07,2025/11/22,2025/12/17,2026012,E000098627,5548-591AA34,NEEDLE ARRANGE CAM,1,0,0,,0
2026/01/07,2025/11/22,2025/12/17,2026012,E000098628,5548-592AA34,JACK ARRANGE CAM,1,0,0,,0
2026/01/07,2025/11/22,2025/12/17,2026012,E000098629,5548-593AA34,SELECT JACK ARRANGE CAM,1,0,0,,0
2026/01/07,2025/11/22,2025/12/17,2026012,E000098630,5548-594AA34,SELECT JACK ARRANGE CAM,1,0,0,,0
2026/01/07,2025/11/22,2025/12/17,2026012,E000098631,5548-624AA34,RECEIVE CAM (B),21,0,0,,0
2026/01/07,2025/11/22,2025/12/17,2026012,E000098632,5548-625AA34,RECEIVE CAM (A),21,0,0,,0
2026/01/07,2025/11/22,2025/12/17,2026012,E000098633,5548-625BA34,RECEIVE CAM,21,0,0,,0
2026/01/07,2025/11/22,2025/12/17,2026012,E000098634,5548-626AA34,BLANK OUT CAM,1,0,0,,0
2026/01/07,2025/11/22,2025/12/17,2026012,E000098635,5548-627AA34,BLANK OUT CAM,1,0,0,,0
2025/11/20,2025/11/22,2025/11/06,2025116,E000097380,5612-611BA34,STITCH CAM,74,74,148,,0
2025/11/28,2025/11/22,2025/11/28,202511,E000098173,5612-611BA34,STITCH CAM,38,38,74,,
2025/11/20,2025/11/22,2025/11/06,2025116,E000097381,5612-612AA34,OUTER GUARD CAM,68,68,133,,0
2025/11/28,2025/11/22,2025/11/28,202511,E000098174,5612-612AA34,OUTER GUARD CAM,36,36,65,,
2025/11/20,2025/11/22,2025/11/06,2025116,E000097382,5612-612BA34,OUTER GUARD CAM,6,0,9,,6
2025/11/20,2025/11/22,2025/11/06,2025116,E000097383,5612-613AA34,GATE CAM,2,2,6,,0
2025/11/20,2025/11/22,2025/11/06,2025116,E000097384,5612-614AA34,GATE CAM,2,2,5,,0
2025/11/20,2025/11/22,2025/11/06,2025116,E000097385,5612-615AA34,RECEIVE CAM,36,36,74,,0
2025/12/15,2025/11/22,2025/12/01,2025125,E000097902,59-506E24,NEEDLE GUARD,48,33,33,,0
2025/12/15,2025/11/22,2025/12/01,2025125,E000097903,59-506F24,NEEDLE GUARD,2,2,7,,0
2025/12/15,2025/11/22,2025/12/01,2025125,E000097904,59-511A24,KNIT CAM,98,38,38,,0
2025/12/15,2025/11/22,2025/12/01,2025125,E000097905,59-512R24,WELT CAM,2,0,2,,2
2025/12/15,2025/11/22,2025/12/01,2025125,E000097909,59-607AC24,NEEDLE GUARD,46,8,8,,0
2025/12/15,2025/11/22,2025/12/01,2025125,E000097910,59-607BC24,NEEDLE GUARD,2,2,3,,0
2025/12/15,2025/11/22,2025/12/01,2025125,E000097911,59-608AC24,NEEDLE GUARD,2,2,2,,0
2025/12/15,2025/11/22,2025/12/01,2025125,E000097906,59-611D24,KNIT CAM (H),98,17,17,,0
2025/12/15,2025/11/22,2025/12/01,2025125,E000097907,59-611S24,KNIT CAM (H),96,34,34,,0
2025/12/15,2025/11/22,2025/12/01,2025125,E000097908,59-615A24,WELT CAM (H),2,0,22,,2
2026/02/20,2025/11/22,2026/02/20,,E000099009,59-619S26,TUCK CAM (H),15,7,7,PJ-0633409,
2026/02/20,2025/11/22,2026/02/20,,E000099010,59-620S26,TUCK CAM (L),15,0,0,PJ-0633410,
2025/11/11,2025/11/22,2025/11/11,,E000098102,600-51930,GUARD CAM,4,1,1,PJ-0629703,
2025/11/11,2025/11/22,2025/11/11,,E000098100,600-53130S2,KNIT CAM,10,3,3,PJ-0629701,
2025/11/11,2025/11/22,2025/11/11,,E000098101,600-53230S2,TUCK CAM,100,22,22,PJ-0629702,
2025/11/25,2025/11/22,2025/11/10,2025117,E000097568,603-643AA,SINKER CAM,162,162,180,,0
2026/02/02,2025/11/22,2026/01/19,2026021,E000098930,603-643AA,SINKER CAM,81,18,18,,0
2025/11/25,2025/11/22,2025/11/10,2025117,E000097569,603-643PA,SINKER CAM,20,20,33,,0
2026/02/02,2025/11/22,2026/01/19,2026021,E000098931,603-643PA,SINKER CAM,10,10,13,,0
2025/11/25,2025/11/22,2025/11/10,2025117,E000097570,603-644AA,SINKER GATE CAM,2,0,1,,2
2026/02/02,2025/11/22,2026/01/19,2026021,E000098932,603-644AA,SINKER GATE CAM,1,1,1,,0
2025/09/26,2025/11/22,2025/09/10,2025098,E000097063,6105-605AC42,NEEDLE GUARD,72,0,54,,72
2025/09/26,2025/11/22,2025/09/10,2025098,E000097064,6105-605BB38,NEEDLE GUARD,1,0,10,,1
2025/12/19,2025/11/22,2025/12/19,,E000098585,6105-626CA38,INNER GUARD CAM,72,48,48,PM-5161801,
2025/09/26,2025/11/22,2025/09/10,2025098,E000097065,6110-505AA38,PRESSER PLATE,73,0,5,,73
2025/09/26,2025/11/22,2025/09/10,2025098,E000097066,6110-506AA38,NEEDLE GUARD,73,0,6,,73
2025/09/26,2025/11/22,2025/09/10,2025098,E000097067,6110-511AA38,STITCH CAM,69,0,25,,69
2025/09/26,2025/11/22,2025/09/10,2025098,E000097068,6110-511BA38,STITCH CAM,4,0,3,,4
2025/09/26,2025/11/22,2025/09/10,2025098,E000097069,6110-512AB38,NEEDLE GUARD CAM,72,0,11,,72
2025/09/26,2025/11/22,2025/09/10,2025098,E000097062,6110-513AA,DROPLESS GUARD CAM,72,0,12,,72
2025/09/26,2025/11/22,2025/09/10,2025098,E000097070,6110-514AC38,JACK RAISING CAM,73,0,6,,73
2025/09/26,2025/11/22,2025/09/10,2025098,E000097071,6110-516AB38,GATE CAM,1,0,1,,1
2025/09/26,2025/11/22,2025/09/10,2025098,E000097072,6110-516BB38,GATE CAM,1,0,1,,1
2025/09/26,2025/11/22,2025/09/10,2025098,E000097073,6110-517AC38,GATE CAM,1,0,8,,1
2025/09/26,2025/11/22,2025/09/10,2025098,E000097204,6110-566AB38,JACK GUARD CAM,72,0,15,,72
2025/09/26,2025/11/22,2025/09/10,2025098,E000097075,6110-566BA38,JACK GUARD CAM,1,0,1,,1
2025/09/26,2025/11/22,2025/09/10,2025098,E000097076,6110-569AA38,CANCELLING CAM,73,0,9,,73
2025/09/26,2025/11/22,2025/09/10,2025098,E000097205,6110-570AB38,RAISING CAM,72,0,2,,72
2025/09/26,2025/11/22,2025/09/10,2025098,E000097206,6110-570BB38,RAISING CAM,72,0,1,,72
2025/09/26,2025/11/22,2025/09/10,2025098,E000097207,6110-570CB38,GATE CAM,1,0,4,,1
2025/09/26,2025/11/22,2025/09/10,2025098,E000097080,6110-570DA38,GATE CAM,1,0,2,,1
2025/09/26,2025/11/22,2025/09/10,2025098,E000097081,6110-611AA38,STITCH CAM,73,0,92,,73
2025/09/26,2025/11/22,2025/09/10,2025098,E000097082,6110-612AA38,OUTER GUARD CAM,69,0,21,,69
2025/09/26,2025/11/22,2025/09/10,2025098,E000097083,6110-612BA38,OUTER GUARD CAM,4,0,0,,4
2025/09/26,2025/11/22,2025/09/10,2025098,E000097084,6110-613AA38,DROPLESS GUARD CAM,72,0,10,,72
2025/09/26,2025/11/22,2025/09/10,2025098,E000097085,6110-615AA38,GATE CAM,1,0,4,,1
2025/09/26,2025/11/22,2025/09/10,2025098,E000097086,6110-615GA38,GATE CAM,1,0,4,,1
2025/09/26,2025/11/22,2025/09/10,2025098,E000097087,6110-621AC38,JACK SELECT CAM,69,0,10,,69
2025/09/26,2025/11/22,2025/09/10,2025098,E000097088,6110-621BC38,JACK SELECT CAM,2,0,1,,2
2025/09/26,2025/11/22,2025/09/10,2025098,E000097089,6110-622AB38,JACK SELECT CAM,1,0,0,,1
2025/09/26,2025/11/22,2025/09/10,2025098,E000097090,6110-623AC38,JACK SELECT CAM,1,0,5,,1
2025/09/26,2025/11/22,2025/09/10,2025098,E000097091,6110-626AD38,INNER GUARD CAM,72,0,7,,72
2025/09/26,2025/11/22,2025/09/10,2025098,E000097092,6110-626BB38,INNER GUARD CAM,1,0,19,,1
2025/11/20,2025/11/22,2025/11/06,2025116,E000097386,6202-566FA34,GUARD CAM,108,108,160,,0
2025/11/20,2025/11/22,2025/11/06,2025116,E000097387,6202-566HA34,GUARD CAM,2,0,9,,2
2025/11/20,2025/11/22,2025/11/06,2025116,E000097388,6202-569AB34,CANCELLING CAM,110,110,166,,0
2025/11/20,2025/11/22,2025/11/06,2025116,E000097389,6202-570AA34,RAISING CAM,108,108,167,,0
2025/11/20,2025/11/22,2025/11/06,2025116,E000097390,6202-570CA34,GATE CAM,2,0,9,,2
2025/11/20,2025/11/22,2025/11/06,2025116,E000097391,6214-512AA34,NEEDLE GUARD CAM,66,66,136,,0
2025/11/28,2025/11/22,2025/11/28,202511,E000098175,6214-512AA34,NEEDLE GUARD CAM,36,36,70,,
2025/11/20,2025/11/22,2025/11/06,2025116,E000097392,6214-512BA34,NEEDLE GUARD CAM,6,0,18,,6
2025/11/20,2025/11/22,2025/11/06,2025116,E000097393,6214-513AA34,JACK GUARD CAM,64,64,71,,0
2025/11/28,2025/11/22,2025/11/28,202511,E000098176,6214-513AA34,JACK GUARD CAM,36,7,7,,
2025/11/20,2025/11/22,2025/11/06,2025116,E000097394,6214-513BA34,JACK GUARD CAM,8,0,3,,8
2025/11/20,2025/11/22,2025/11/06,2025116,E000097395,6214-514AA34,JACK RAISING CAM,60,60,71,,0
2025/11/28,2025/11/22,2025/11/28,202511,E000098177,6214-514AA34,JACK RAISING CAM,36,11,11,,
2025/11/20,2025/11/22,2025/11/06,2025116,E000097396,6214-514BA34,JACK RAISING CAM,14,0,1,,14
2025/11/20,2025/11/22,2025/11/06,2025116,E000097397,6214-522AA34,NEEDLE GUARD CAM,66,66,89,,0
2025/11/20,2025/11/22,2025/11/06,2025116,E000097398,6214-522BA34,NEEDLE GUARD CAM,6,0,3,,6
2025/12/19,2025/11/22,2025/12/19,202512,E000098081,631-512C30,RAISING CAM,25,7,7,,
2025/12/19,2025/11/22,2025/12/19,202512,E000098082,631-514N26,UPPER GUARD CAM,21,15,15,,
2025/12/19,2025/11/22,2025/12/19,202512,E000098088,631-514NL26,UPPER GUARD CAM,3,3,11,,
2025/12/19,2025/11/22,2025/12/19,202512,E000098076,631-51526,LOWER GUARD CAM,26,6,6,,
2025/12/19,2025/11/22,2025/12/19,202512,E000098083,631-516G26,SELECT CAM,21,13,13,,
2025/12/19,2025/11/22,2025/12/19,202512,E000098089,631-516GL26,SELECT CAM,3,3,11,,
2025/12/19,2025/11/22,2025/12/19,202512,E000098084,631-516H26,SELECT CAM,13,5,5,,
2025/12/19,2025/11/22,2025/12/19,202512,E000098090,631-516HL26,SELECT CAM,3,3,7,,
2025/12/19,2025/11/22,2025/12/19,202512,E000098085,631-516I26,SELECT CAM,5,5,8,,
2025/12/19,2025/11/22,2025/12/19,202512,E000098091,631-516IL26,SELECT CAM,3,3,9,,
2025/12/19,2025/11/22,2025/12/19,202512,E000098077,631-51726,WELT CAM,2,0,0,,
2025/12/19,2025/11/22,2025/12/19,202512,E000098092,631-518AA26,WELT CAM,2,2,3,,
2025/12/19,2025/11/22,2025/12/19,202512,E000098078,631-51926,LOWER GUARD CAM,2,2,2,,
2025/12/19,2025/11/22,2025/12/19,202512,E000098079,631-54130,STITCH CAM,25,10,10,,
2025/12/19,2025/11/22,2025/12/19,202512,E000098075,631-543,STITCH CAM,25,19,19,,
2025/12/17,2025/11/22,2025/12/17,,E000099090,631-553AA26,SELECT CAM,6,3,3,PJ-0637402,
2025/12/17,2025/11/22,2025/12/17,,E000099089,631-553DA26,SELECT CAM,6,3,3,PJ-0637401,
2025/12/19,2025/11/22,2025/12/19,202512,E000098086,631-634B26,SINKER CAM,2,2,2,,
2025/12/19,2025/11/22,2025/12/19,202512,E000098080,631-65126,SINKER PUSING CAM,24,17,17,,
2025/12/19,2025/11/22,2025/12/19,202512,E000098087,631-651L26,SINKER PUSING CAM,1,1,11,,
2025/12/19,2025/11/22,2025/12/19,202512,E000098093,631-682AA26,SINKER CAM,19,3,3,,
2025/12/19,2025/11/22,2025/12/19,202512,E000098094,631-682BA26,SINKER CAM,5,3,3,,
2025/12/19,2025/11/22,2025/12/19,202512,E000098095,631-682CA26,SINKER CAM,1,1,3,,
2025/12/19,2025/11/22,2025/12/19,202512,E000098096,631-685AA26,SINKER PUSHING CAM,23,4,4,,
2025/12/19,2025/11/22,2025/12/19,202512,E000098097,631-685BA26,SINKER PUSHING CAM,2,2,3,,
2026/01/22,2025/11/22,2026/01/07,2026016,E000098494,76-507AB30,NEEDLE GUARD,1,1,2,,0
2026/01/19,2025/11/22,2026/01/19,202601,E000098837,76-507AB30,NEEDLE GUARD,1,1,1,,
2026/01/28,2025/11/22,2026/01/28,,E000098736,77-607,NEEDLE GUARD,10,0,0,PM-5163108,
2026/02/12,2025/11/22,2026/01/28,2026024,E000099120,790-511S2,STITCH CAM,472,44,44,,0
2026/02/12,2025/11/22,2026/01/28,2026024,E000099121,790-511WS2,STITCH CAM,52,33,33,,0
2026/02/12,2025/11/22,2026/01/28,2026024,E000099123,790-51230S2,KNIT CAM,316,1,1,,0
2026/02/12,2025/11/22,2026/01/28,2026024,E000099124,790-51330S2,TUCK CAM,104,70,70,,0
2026/02/12,2025/11/22,2026/01/28,2026024,E000099122,790-514B26,WELT CAM,52,11,11,,0
2026/02/12,2025/11/22,2026/01/28,2026024,E000099125,790-611H30S2,SINKER CAM,184,2,2,,0
2026/02/12,2025/11/22,2026/01/28,2026024,E000099126,790-611HB30S2,SINKER CAM,12,5,5,,0
2026/02/12,2025/11/22,2026/01/28,2026024,E000099127,790-611HL30S2,SINKER CAM,16,4,4,,0
2025/11/25,2025/11/22,2025/11/10,2025117,E000097512,960-505AA30,PIECE SET PLATE,98,98,111,,0
2025/12/17,2025/11/22,2025/12/03,2025126,E000097966,960-505AA30,PIECE SET PLATE,98,13,13,,0
2025/11/25,2025/11/22,2025/11/10,2025117,E000097513,960-516AB30,GATE CAM,2,0,3,,2
2025/12/17,2025/11/22,2025/12/03,2025126,E000097967,960-516AB30,GATE CAM,2,0,3,,2
2025/11/25,2025/11/22,2025/11/10,2025117,E000097514,960-517AA30,GATE CAM,2,0,0,,0
2025/12/17,2025/11/22,2025/12/03,2025126,E000097968,960-517AA30,GATE CAM,2,0,0,,0
2025/11/20,2025/11/22,2025/11/06,2025116,E000097399,B336-541AA34,JACK GUARD ARC CAM,108,0,149,,108
2025/12/01,2025/11/22,2025/11/14,2025121,E000098067,B336-541AA34,JACK GUARD ARC CAM,54,54,149,,0
2026/01/07,2025/11/22,2025/12/17,2026012,E000098636,B336-612CA34,OUTER GUARD CAM,39,0,0,,0
2026/01/07,2025/11/22,2025/12/17,2026012,E000098637,B336-612DA34,OUTER GUARD CAM,3,0,0,,0
2026/01/07,2025/11/22,2025/12/17,2026012,E000098638,B336-613BA34,KNIT CAM (H),42,0,0,,0
2026/01/07,2025/11/22,2025/12/17,2026012,E000098639,B336-614BA34,TUCK CAM (H),42,0,0,,0
2026/01/07,2025/11/22,2025/12/17,2026012,E000098640,B336-615AA34,WELT GUARD CAM H,42,42,67,,0
2026/01/07,2025/11/22,2025/12/17,2026012,E000098641,B336-616AA34,WELT CAM H,42,42,48,,0
2026/01/07,2025/11/22,2025/12/17,2026012,E000098642,B336-617BA34,KNIT CAM (L),42,0,0,,0
2026/01/07,2025/11/22,2025/12/17,2026012,E000098643,B336-618BA34,TUCK CAM (L),42,0,0,,0
2026/01/07,2025/11/22,2025/12/17,2026012,E000098644,B336-619AA34,WELT GUARD CAM L,42,42,53,,0
2026/01/07,2025/11/22,2025/12/17,2026012,E000098645,B336-620AA34,WELT CAM L,42,42,70,,0
2026/01/07,2025/11/22,2025/12/17,2026012,E000098646,B336-621AA34,GATE CAM,1,1,3,,0
2026/01/07,2025/11/22,2025/12/17,2026012,E000098647,B336-622AA34,INNER GUARD CAM,32,19,19,,0
2026/01/07,2025/11/22,2025/12/17,2026012,E000098648,B336-623AA34,INNER GUARD CAM,1,1,15,,0
2025/12/01,2025/11/22,2025/11/14,2025121,E000098068,E474-612CA34,OUTER GUARD CAM,75,75,78,,0
2025/12/01,2025/11/22,2025/11/14,2025121,E000098069,E474-612DA34,OUTER GUARD CAM,2,2,6,,0
2025/12/01,2025/11/22,2025/11/14,2025121,E000098070,E474-621BA34,GATE CAM,1,1,5,,0
2025/12/01,2025/11/22,2025/11/14,2025121,E000098071,E474-622AA34,INNER GUARD CAM,38,38,53,,0
2025/12/01,2025/11/22,2025/11/14,2025121,E000098072,E474-623AA34,INNER GUARD CAM,1,0,21,,1
2025/11/18,2025/11/22,2025/11/04,2025115,E000097478,KD64-01101CC,FINGER SET CAM,1,1,3,,0
2025/11/20,2025/11/22,2025/11/06,2025116,E000097400,KD64-01101CC,FINGER SET CAM,2,2,2,,0
2025/12/08,2025/11/22,2025/11/21,2025123,E000097860,KD64-01101DA,FINGER SET CAM,2,0,0,,0
2025/11/18,2025/11/22,2025/11/04,2025115,E000097479,KD64-01102CC,FINGER SET CAM,1,1,1,,0
2025/11/20,2025/11/22,2025/11/06,2025116,E000097401,KD64-01102CC,FINGER SET CAM,2,0,0,,0
2025/12/08,2025/11/22,2025/11/21,2025123,E000097861,KD64-01102DA,FINGER SET CAM,2,0,0,,0
2025/11/18,2025/11/22,2025/11/04,2025115,E000097480,KD64-01103CC,FINGER SET CAM,1,1,3,,0
2025/11/20,2025/11/22,2025/11/06,2025116,E000097402,KD64-01103CC,FINGER SET CAM,2,2,2,,0
2025/12/08,2025/11/22,2025/11/21,2025123,E000097862,KD64-01103DA,FINGER SET CAM,2,0,0,,0
2025/11/18,2025/11/22,2025/11/04,2025115,E000097481,KD64-01104CC,FINGER SET CAM,2,2,6,,0
2025/11/20,2025/11/22,2025/11/06,2025116,E000097403,KD64-01104CC,FINGER SET CAM,4,4,4,,0
2025/12/08,2025/11/22,2025/11/21,2025123,E000097863,KD64-01104DA,FINGER SET CAM,4,0,0,,0
2025/11/18,2025/11/22,2025/11/04,2025115,E000097482,KD64-01106CC,FINGER GUARD CAM,1,1,3,,0
2025/11/20,2025/11/22,2025/11/06,2025116,E000097404,KD64-01106CC,FINGER GUARD CAM,2,2,2,,0
2025/12/08,2025/11/22,2025/11/21,2025123,E000097864,KD64-01106DA,FINGER GUARD CAM,2,0,0,,0
2025/11/18,2025/11/22,2025/11/04,2025115,E000097483,KD64-01107CC,GUARD CAM,5,5,7,,0
2025/11/20,2025/11/22,2025/11/06,2025116,E000097405,KD64-01107CC,GUARD CAM,10,2,2,,0
2025/12/08,2025/11/22,2025/11/21,2025123,E000097865,KD64-01107DA,GUARD CAM,10,0,0,,0
2025/11/18,2025/11/22,2025/11/04,2025115,E000097484,KD64-01110CC,FINGER RESET CAM,1,1,5,,0
2025/11/20,2025/11/22,2025/11/06,2025116,E000097406,KD64-01110CC,FINGER RESET CAM,2,2,4,,0
2025/12/08,2025/11/22,2025/11/21,2025123,E000097866,KD64-01110DA,FINGER RESET CAM,2,0,0,,0
2025/11/18,2025/11/22,2025/11/04,2025115,E000097485,KD64-01111CC,FINGER ARRANGE CAM,1,1,3,,0
2025/11/20,2025/11/22,2025/11/06,2025116,E000097407,KD64-01111CC,FINGER ARRANGE CAM,2,2,2,,0
2025/12/08,2025/11/22,2025/11/21,2025123,E000097867,KD64-01111DA,FINGER ARRANGE CAM,2,0,0,,0
2025/11/18,2025/11/22,2025/11/04,2025115,E000097486,KD64-01112CC,ARRANGE CAM,1,1,30,,0
2025/11/20,2025/11/22,2025/11/06,2025116,E000097408,KD64-01112CC,ARRANGE CAM,2,2,29,,0
2025/12/08,2025/11/22,2025/11/21,2025123,E000097868,KD64-01112CC,ARRANGE CAM,2,2,27,,0
2025/11/18,2025/11/22,2025/11/04,2025115,E000097487,KD64-01113CC,PLATE,5,5,15,,0
2025/11/20,2025/11/22,2025/11/06,2025116,E000097409,KD64-01113CC,PLATE,10,10,10,,0
2025/12/08,2025/11/22,2025/11/21,2025123,E000097869,KD64-01113DA,PLATE,10,0,0,,0
2025/11/18,2025/11/22,2025/11/04,2025115,E000097488,KD64-01115CC,PLATE,1,1,3,,0
2025/11/20,2025/11/22,2025/11/06,2025116,E000097410,KD64-01115CC,PLATE,2,2,2,,0
2025/12/08,2025/11/22,2025/11/21,2025123,E000097870,KD64-01115DA,PLATE,2,0,0,,0
2025/11/18,2025/11/22,2025/11/04,2025115,E000097489,KD64-01121CA,PLATE,1,1,3,,0
2025/11/20,2025/11/22,2025/11/06,2025116,E000097411,KD64-01121CA,PLATE,2,2,2,,0
2025/12/08,2025/11/22,2025/11/21,2025123,E000097871,KD64-01121DA,PLATE,2,0,0,,0
2025/11/20,2025/11/22,2025/11/06,2025116,E000097412,KD64-01627AB,SWITCH CAM,108,108,358,,0
2025/11/25,2025/11/22,2025/11/10,2025117,E000097539,KD64-01627AB,SWITCH CAM,48,48,250,,0
2025/12/17,2025/11/22,2025/12/03,2025126,E000098001,KD64-01627AB,SWITCH CAM,48,48,202,,0
2025/11/18,2025/11/22,2025/11/04,2025115,E000097490,KD64-01627BB,SWITCH CAM,48,48,114,,0
2025/12/08,2025/11/22,2025/11/21,2025123,E000097872,KD64-01627BB,SWITCH CAM,100,66,66,,0
2026/01/13,2025/11/22,2025/12/22,2026013,E000098794,KD64-01627BB,SWITCH CAM,120,0,0,,0
2026/01/15,2025/11/22,2025/12/24,2026014,E000098819,KD64-01627BB,SWITCH CAM,63,0,0,,0
2026/01/20,2025/11/22,2026/01/05,2026015,E000098851,KD64-01627BB,SWITCH CAM,42,0,0,,0
2026/02/09,2025/11/22,2026/01/26,2026023,E000099162,KD64-01627BB,SWITCH CAM,48,0,0,,0
2026/02/12,2025/11/22,2026/01/28,2026024,E000099187,KD64-01627BB,SWITCH CAM,72,0,0,,0
2026/02/17,2025/11/22,2026/02/02,2026025,E000099212,KD64-01627BB,SWITCH CAM,42,0,0,,0
2026/02/03,2025/11/22,2026/02/03,,E000098928,KD64-01627BB,SWITCH CAM,3,0,0,PE-2569101,
2026/02/19,2025/11/22,2026/02/04,2026026,E000099237,KD64-01627BB,SWITCH CAM,63,0,0,,0
2025/11/11,2025/11/22,2025/10/27,2025113,E000097281,KD64-01627DB,SWITCH CAM,78,78,252,,0
2025/11/11,2025/11/22,2025/10/27,2025113,E000097282,KD64-01627EB,SWITCH CAM,78,78,234,,0
2025/11/25,2025/11/22,2025/11/10,2025117,E000097540,KD64-01627FB,SWITCH CAM,48,48,83,,0
2025/12/17,2025/11/22,2025/12/03,2025126,E000098002,KD64-01627FB,SWITCH CAM,48,35,35,,0
2026/01/13,2025/11/22,2025/12/22,2026013,E000098795,KD64-01627GA,SWITCH CAM,120,30,30,,0
2026/01/15,2025/11/22,2025/12/24,2026014,E000098820,KD64-01627GA,SWITCH CAM,63,0,0,,0
2026/01/20,2025/11/22,2026/01/05,2026015,E000098852,KD64-01627GA,SWITCH CAM,42,0,0,,0
2026/02/09,2025/11/22,2026/01/26,2026023,E000099163,KD64-01627GA,SWITCH CAM,48,0,0,,0
2026/02/12,2025/11/22,2026/01/28,2026024,E000099188,KD64-01627GA,SWITCH CAM,72,0,0,,0
2026/02/17,2025/11/22,2026/02/02,2026025,E000099213,KD64-01627GA,SWITCH CAM,42,0,0,,0
2026/02/19,2025/11/22,2026/02/04,2026026,E000099238,KD64-01627GA,SWITCH CAM,63,0,0,,0
2025/11/18,2025/11/22,2025/11/04,2025115,E000097491,KD64-01805CB,FINGER GUARD CAM,1,1,3,,0
2025/11/20,2025/11/22,2025/11/06,2025116,E000097413,KD64-01805CB,FINGER GUARD CAM,2,2,2,,0
2025/12/08,2025/11/22,2025/11/21,2025123,E000097873,KD64-01805DA,FINGER GUARD CAM,2,0,0,,0
2025/11/18,2025/11/22,2025/11/04,2025115,E000097492,KD64-01808CB,CUTTER CAM,1,1,3,,0
2025/11/20,2025/11/22,2025/11/06,2025116,E000097414,KD64-01808CB,CUTTER CAM,2,2,2,,0
2025/12/08,2025/11/22,2025/11/21,2025123,E000097874,KD64-01808DA,CUTTER CAM,2,0,0,,0
2025/11/18,2025/11/22,2025/11/04,2025115,E000097493,KD64-01809CB,FINGER RESET CAM,1,1,3,,0
2025/11/20,2025/11/22,2025/11/06,2025116,E000097415,KD64-01809CB,FINGER RESET CAM,2,2,2,,0
2025/12/08,2025/11/22,2025/11/21,2025123,E000097875,KD64-01809DA,FINGER RESET CAM,2,0,0,,0
2025/11/18,2025/11/22,2025/11/04,2025115,E000097494,KD64-01814CC,PLATE,1,1,3,,0
2025/11/20,2025/11/22,2025/11/06,2025116,E000097416,KD64-01814CC,PLATE,2,2,2,,0
2025/12/08,2025/11/22,2025/11/21,2025123,E000097876,KD64-01814DA,PLATE,2,0,0,,0
2025/11/18,2025/11/22,2025/11/04,2025115,E000097495,KS64-01301CB,FINGER SET CAM,2,2,2,,0
2025/11/18,2025/11/22,2025/11/04,2025115,E000097496,KS64-01302CB,FINGER SET CAM,2,2,2,,0
2025/11/18,2025/11/22,2025/11/04,2025115,E000097497,KS64-01303CB,FINGER SET CAM,2,2,2,,0
2025/11/18,2025/11/22,2025/11/04,2025115,E000097498,KS64-01304CB,FINGER SET CAM,4,4,4,,0
2025/11/18,2025/11/22,2025/11/04,2025115,E000097499,KS64-01305CB,FINGER GUARD CAM,2,2,2,,0
2025/11/18,2025/11/22,2025/11/04,2025115,E000097500,KS64-01306CB,FINGER GUARD CAM,2,2,2,,0
2025/11/18,2025/11/22,2025/11/04,2025115,E000097501,KS64-01307CB,GUARD CAM,10,10,10,,0
2025/11/18,2025/11/22,2025/11/04,2025115,E000097502,KS64-01308DA,CUTTER CAM,2,2,2,,0
2025/11/18,2025/11/22,2025/11/04,2025115,E000097503,KS64-01309CB,FINGER RESET CAM,2,2,2,,0
2025/11/18,2025/11/22,2025/11/04,2025115,E000097504,KS64-01310CC,FINGER RESET CAM,2,2,2,,0
2025/11/18,2025/11/22,2025/11/04,2025115,E000097505,KS64-01311CC,FINGER ARRANGE CAM,2,2,2,,0
2025/11/18,2025/11/22,2025/11/04,2025115,E000097506,KS64-01312CB,ARRANGE CAM,2,2,6,,0
2026/01/15,2025/11/22,2025/12/24,2026014,E000098821,KS64-01313AB,PLATE,15,0,0,,0
2026/01/20,2025/11/22,2026/01/05,2026015,E000098853,KS64-01313AB,PLATE,10,0,0,,0
2026/02/17,2025/11/22,2026/02/02,2026025,E000099214,KS64-01313AB,PLATE,10,0,0,,0
2026/02/19,2025/11/22,2026/02/04,2026026,E000099239,KS64-01313AB,PLATE,15,0,0,,0
2025/11/11,2025/11/22,2025/10/27,2025113,E000097283,KS64-01313BB,PLATE,6,6,18,,0
2025/11/25,2025/11/22,2025/11/10,2025117,E000097541,KS64-01313BB,PLATE,12,12,12,,0
2025/12/17,2025/11/22,2025/12/03,2025126,E000098003,KS64-01313BB,PLATE,12,0,0,,0
2026/01/13,2025/11/22,2025/12/22,2026013,E000098796,KS64-01313BB,PLATE,30,0,0,,0
2026/02/09,2025/11/22,2026/01/26,2026023,E000099164,KS64-01313BB,PLATE,12,0,0,,0
2026/02/12,2025/11/22,2026/01/28,2026024,E000099189,KS64-01313BB,PLATE,18,0,0,,0
2025/11/11,2025/11/22,2025/10/27,2025113,E000097284,KS64-01313CB,PLATE,6,6,18,,0
2025/11/18,2025/11/22,2025/11/04,2025115,E000097507,KS64-01313CB,PLATE,12,12,12,,0
2025/11/18,2025/11/22,2025/11/04,2025115,E000097508,KS64-01314FA,PLATE,2,2,2,,0
2025/11/18,2025/11/22,2025/11/04,2025115,E000097509,KS64-01315CB,PLATE,2,2,2,,0
2025/11/18,2025/11/22,2025/11/04,2025115,E000097510,KS64-01627AB,SWITCH CAM,54,54,77,,0
2025/11/18,2025/11/22,2025/11/04,2025115,E000097511,KS64-01627BA,SWITCH CAM,54,54,87,,0
2026/01/15,2025/11/22,2025/12/24,2026014,E000098822,KS64-01901AB,FINGER SET CAM,3,0,0,,0
2026/01/20,2025/11/22,2026/01/05,2026015,E000098854,KS64-01901AB,FINGER SET CAM,2,0,0,,0
2026/02/17,2025/11/22,2026/02/02,2026025,E000099215,KS64-01901AB,FINGER SET CAM,2,0,0,,0
2026/02/19,2025/11/22,2026/02/04,2026026,E000099240,KS64-01901AB,FINGER SET CAM,3,0,0,,0
2025/11/11,2025/11/22,2025/10/27,2025113,E000097285,KS64-01901BB,FINGER SET CAM,1,1,3,,0
2025/11/25,2025/11/22,2025/11/10,2025117,E000097542,KS64-01901BB,FINGER SET CAM,2,2,2,,0
2025/12/17,2025/11/22,2025/12/03,2025126,E000098004,KS64-01901BB,FINGER SET CAM,2,0,0,,0
2026/01/13,2025/11/22,2025/12/22,2026013,E000098797,KS64-01901BB,FINGER SET CAM,5,0,0,,0
2026/02/09,2025/11/22,2026/01/26,2026023,E000099165,KS64-01901BB,FINGER SET CAM,2,0,0,,0
2026/02/12,2025/11/22,2026/01/28,2026024,E000099190,KS64-01901BB,FINGER SET CAM,3,0,0,,0
2025/11/11,2025/11/22,2025/10/27,2025113,E000097286,KS64-01901CB,FINGER SET CAM,1,1,1,,0
2026/01/15,2025/11/22,2025/12/24,2026014,E000098823,KS64-01902AB,FINGER SET CAM,3,0,0,,0
2026/01/20,2025/11/22,2026/01/05,2026015,E000098855,KS64-01902AB,FINGER SET CAM,2,0,0,,0
2026/02/17,2025/11/22,2026/02/02,2026025,E000099216,KS64-01902AB,FINGER SET CAM,2,0,0,,0
2026/02/19,2025/11/22,2026/02/04,2026026,E000099241,KS64-01902AB,FINGER SET CAM,3,0,0,,0
2025/11/11,2025/11/22,2025/10/27,2025113,E000097287,KS64-01902BB,FINGER SET CAM,1,1,3,,0
2025/11/25,2025/11/22,2025/11/10,2025117,E000097543,KS64-01902BB,FINGER SET CAM,2,2,2,,0
2025/12/17,2025/11/22,2025/12/03,2025126,E000098005,KS64-01902BB,FINGER SET CAM,2,0,0,,0
2026/01/13,2025/11/22,2025/12/22,2026013,E000098798,KS64-01902BB,FINGER SET CAM,5,0,0,,0
2026/02/09,2025/11/22,2026/01/26,2026023,E000099166,KS64-01902BB,FINGER SET CAM,2,0,0,,0
2026/02/12,2025/11/22,2026/01/28,2026024,E000099191,KS64-01902BB,FINGER SET CAM,3,0,0,,0
2025/11/11,2025/11/22,2025/10/27,2025113,E000097288,KS64-01902CB,FINGER SET CAM,1,1,1,,0
2026/01/15,2025/11/22,2025/12/24,2026014,E000098824,KS64-01903AB,FINGER SET CAM,3,0,0,,0
2026/01/20,2025/11/22,2026/01/05,2026015,E000098856,KS64-01903AB,FINGER SET CAM,2,0,0,,0
2026/02/17,2025/11/22,2026/02/02,2026025,E000099217,KS64-01903AB,FINGER SET CAM,2,0,0,,0
2026/02/19,2025/11/22,2026/02/04,2026026,E000099242,KS64-01903AB,FINGER SET CAM,3,0,0,,0
2025/11/11,2025/11/22,2025/10/27,2025113,E000097289,KS64-01903BB,FINGER SET CAM,1,1,15,,0
2025/11/25,2025/11/22,2025/11/10,2025117,E000097544,KS64-01903BB,FINGER SET CAM,2,2,14,,0
2025/12/17,2025/11/22,2025/12/03,2025126,E000098006,KS64-01903BB,FINGER SET CAM,2,2,12,,0
2026/01/13,2025/11/22,2025/12/22,2026013,E000098799,KS64-01903BB,FINGER SET CAM,5,5,10,,0
2026/02/09,2025/11/22,2026/01/26,2026023,E000099167,KS64-01903BB,FINGER SET CAM,2,2,5,,0
2026/02/12,2025/11/22,2026/01/28,2026024,E000099192,KS64-01903BB,FINGER SET CAM,3,3,3,,0
2025/11/11,2025/11/22,2025/10/27,2025113,E000097290,KS64-01903CB,FINGER SET CAM,1,1,1,,0
2026/01/15,2025/11/22,2025/12/24,2026014,E000098825,KS64-01904AB,FINGER SET CAM,3,0,0,,0
2026/01/20,2025/11/22,2026/01/05,2026015,E000098857,KS64-01904AB,FINGER SET CAM,2,0,0,,0
2026/02/17,2025/11/22,2026/02/02,2026025,E000099218,KS64-01904AB,FINGER SET CAM,2,0,0,,0
2026/02/19,2025/11/22,2026/02/04,2026026,E000099243,KS64-01904AB,FINGER SET CAM,3,0,0,,0
2025/11/11,2025/11/22,2025/10/27,2025113,E000097291,KS64-01904BB,FINGER SET CAM,2,2,6,,0
2025/11/25,2025/11/22,2025/11/10,2025117,E000097545,KS64-01904BB,FINGER SET CAM,4,4,4,,0
2025/12/17,2025/11/22,2025/12/03,2025126,E000098007,KS64-01904BB,FINGER SET CAM,4,0,0,,0
2026/01/13,2025/11/22,2025/12/22,2026013,E000098800,KS64-01904BB,FINGER SET CAM,10,0,0,,0
2026/02/09,2025/11/22,2026/01/26,2026023,E000099168,KS64-01904BB,FINGER SET CAM,4,0,0,,0
2026/02/12,2025/11/22,2026/01/28,2026024,E000099193,KS64-01904BB,FINGER SET CAM,6,0,0,,0
2025/11/11,2025/11/22,2025/10/27,2025113,E000097292,KS64-01904CB,FINGER SET CAM,2,2,2,,0
2026/01/15,2025/11/22,2025/12/24,2026014,E000098826,KS64-01905AB,FINGER GUARD CAM,3,0,0,,0
2026/01/20,2025/11/22,2026/01/05,2026015,E000098858,KS64-01905AB,FINGER GUARD CAM,2,0,0,,0
2026/02/17,2025/11/22,2026/02/02,2026025,E000099219,KS64-01905AB,FINGER GUARD CAM,2,0,0,,0
2026/02/19,2025/11/22,2026/02/04,2026026,E000099244,KS64-01905AB,FINGER GUARD CAM,3,0,0,,0
2025/11/11,2025/11/22,2025/10/27,2025113,E000097293,KS64-01905BB,FINGER GUARD CAM,1,1,3,,0
2025/11/25,2025/11/22,2025/11/10,2025117,E000097546,KS64-01905BB,FINGER GUARD CAM,2,2,2,,0
2025/12/17,2025/11/22,2025/12/03,2025126,E000098008,KS64-01905BB,FINGER GUARD CAM,2,0,0,,0
2026/01/13,2025/11/22,2025/12/22,2026013,E000098801,KS64-01905BB,FINGER GUARD CAM,5,0,0,,0
2026/02/09,2025/11/22,2026/01/26,2026023,E000099169,KS64-01905BB,FINGER GUARD CAM,2,0,0,,0
2026/02/12,2025/11/22,2026/01/28,2026024,E000099194,KS64-01905BB,FINGER GUARD CAM,3,0,0,,0
2025/11/11,2025/11/22,2025/10/27,2025113,E000097294,KS64-01905CB,FINGER GUARD CAM,1,1,2,,0
2026/01/15,2025/11/22,2025/12/24,2026014,E000098827,KS64-01906AB,FINGER GUARD CAM,3,0,0,,0
2026/01/20,2025/11/22,2026/01/05,2026015,E000098859,KS64-01906AB,FINGER GUARD CAM,2,0,0,,0
2026/02/17,2025/11/22,2026/02/02,2026025,E000099220,KS64-01906AB,FINGER GUARD CAM,2,0,0,,0
2026/02/19,2025/11/22,2026/02/04,2026026,E000099245,KS64-01906AB,FINGER GUARD CAM,3,0,0,,0
2025/11/11,2025/11/22,2025/10/27,2025113,E000097295,KS64-01906BB,FINGER GUARD CAM,1,1,3,,0
2025/11/25,2025/11/22,2025/11/10,2025117,E000097547,KS64-01906BB,FINGER GUARD CAM,2,2,2,,0
2025/12/17,2025/11/22,2025/12/03,2025126,E000098009,KS64-01906BB,FINGER GUARD CAM,2,0,0,,0
2026/01/13,2025/11/22,2025/12/22,2026013,E000098802,KS64-01906BB,FINGER GUARD CAM,5,0,0,,0
2026/02/09,2025/11/22,2026/01/26,2026023,E000099170,KS64-01906BB,FINGER GUARD CAM,2,0,0,,0
2026/02/12,2025/11/22,2026/01/28,2026024,E000099195,KS64-01906BB,FINGER GUARD CAM,3,0,0,,0
2025/11/11,2025/11/22,2025/10/27,2025113,E000097296,KS64-01906CB,FINGER GUARD CAM,1,1,1,,0
2026/01/15,2025/11/22,2025/12/24,2026014,E000098828,KS64-01907AB,GUARD CAM,12,0,0,,0
2026/01/20,2025/11/22,2026/01/05,2026015,E000098860,KS64-01907AB,GUARD CAM,8,0,0,,0
2026/02/17,2025/11/22,2026/02/02,2026025,E000099221,KS64-01907AB,GUARD CAM,8,0,0,,0
2026/02/19,2025/11/22,2026/02/04,2026026,E000099246,KS64-01907AB,GUARD CAM,12,0,0,,0
2025/11/11,2025/11/22,2025/10/27,2025113,E000097297,KS64-01907BB,GUARD CAM,5,5,15,,0
2025/11/25,2025/11/22,2025/11/10,2025117,E000097548,KS64-01907BB,GUARD CAM,10,10,10,,0
2025/12/17,2025/11/22,2025/12/03,2025126,E000098010,KS64-01907BB,GUARD CAM,10,0,0,,0
2026/01/13,2025/11/22,2025/12/22,2026013,E000098803,KS64-01907BB,GUARD CAM,25,0,0,,0
2026/02/09,2025/11/22,2026/01/26,2026023,E000099171,KS64-01907BB,GUARD CAM,10,0,0,,0
2026/02/12,2025/11/22,2026/01/28,2026024,E000099196,KS64-01907BB,GUARD CAM,15,0,0,,0
2025/11/11,2025/11/22,2025/10/27,2025113,E000097298,KS64-01907CB,GUARD CAM,5,5,5,,0
2025/11/11,2025/11/22,2025/10/27,2025113,E000097299,KS64-01908DA,CUTTER CAM,1,1,3,,0
2025/11/25,2025/11/22,2025/11/10,2025117,E000097549,KS64-01908DA,CUTTER CAM,2,2,2,,0
2025/11/14,2025/11/22,2025/11/14,,E000099087,KS64-01908DA,CUTTER CAM,1,0,0,PM-5166601,
2025/12/17,2025/11/22,2025/12/03,2025126,E000098011,KS64-01908DA,CUTTER CAM,2,0,0,,0
2026/01/13,2025/11/22,2025/12/22,2026013,E000098804,KS64-01908DA,CUTTER CAM,5,0,0,,0
2026/02/09,2025/11/22,2026/01/26,2026023,E000099172,KS64-01908DA,CUTTER CAM,2,0,0,,0
2026/02/12,2025/11/22,2026/01/28,2026024,E000099197,KS64-01908DA,CUTTER CAM,3,0,0,,0
2025/11/11,2025/11/22,2025/10/27,2025113,E000097300,KS64-01908EA,CUTTER CAM,1,1,1,,0
2026/01/15,2025/11/22,2025/12/24,2026014,E000098829,KS64-01908FA,CUTTER CAM,3,0,0,,0
2026/01/20,2025/11/22,2026/01/05,2026015,E000098861,KS64-01908FA,CUTTER CAM,2,0,0,,0
2026/02/17,2025/11/22,2026/02/02,2026025,E000099222,KS64-01908FA,CUTTER CAM,2,0,0,,0
2026/02/19,2025/11/22,2026/02/04,2026026,E000099247,KS64-01908FA,CUTTER CAM,3,0,0,,0
2026/01/15,2025/11/22,2025/12/24,2026014,E000098830,KS64-01909AB,FINGER RESET CAM,3,0,0,,0
2026/01/20,2025/11/22,2026/01/05,2026015,E000098862,KS64-01909AB,FINGER RESET CAM,2,0,0,,0
2026/02/17,2025/11/22,2026/02/02,2026025,E000099223,KS64-01909AB,FINGER RESET CAM,2,0,0,,0
2026/02/19,2025/11/22,2026/02/04,2026026,E000099248,KS64-01909AB,FINGER RESET CAM,3,0,0,,0
2025/11/11,2025/11/22,2025/10/27,2025113,E000097301,KS64-01909BB,FINGER RESET CAM,1,1,3,,0
2025/11/25,2025/11/22,2025/11/10,2025117,E000097550,KS64-01909BB,FINGER RESET CAM,2,2,2,,0
2025/12/17,2025/11/22,2025/12/03,2025126,E000098012,KS64-01909BB,FINGER RESET CAM,2,0,0,,0
2026/01/13,2025/11/22,2025/12/22,2026013,E000098805,KS64-01909BB,FINGER RESET CAM,5,0,0,,0
2026/02/09,2025/11/22,2026/01/26,2026023,E000099173,KS64-01909BB,FINGER RESET CAM,2,0,0,,0
2026/02/12,2025/11/22,2026/01/28,2026024,E000099198,KS64-01909BB,FINGER RESET CAM,3,0,0,,0
2025/11/11,2025/11/22,2025/10/27,2025113,E000097302,KS64-01909CB,FINGER RESET CAM,1,1,1,,0
2026/01/15,2025/11/22,2025/12/24,2026014,E000098831,KS64-01910AC,FINGER RESET CAM,3,0,0,,0
2026/01/20,2025/11/22,2026/01/05,2026015,E000098863,KS64-01910AC,FINGER RESET CAM,2,0,0,,0
2026/02/17,2025/11/22,2026/02/02,2026025,E000099224,KS64-01910AC,FINGER RESET CAM,2,0,0,,0
2026/02/19,2025/11/22,2026/02/04,2026026,E000099249,KS64-01910AC,FINGER RESET CAM,3,0,0,,0
2025/11/11,2025/11/22,2025/10/27,2025113,E000097303,KS64-01910BC,FINGER RESET CAM,1,1,3,,0
2025/11/25,2025/11/22,2025/11/10,2025117,E000097551,KS64-01910BC,FINGER RESET CAM,2,2,2,,0
2025/12/17,2025/11/22,2025/12/03,2025126,E000098013,KS64-01910BC,FINGER RESET CAM,2,0,0,,0
2026/01/13,2025/11/22,2025/12/22,2026013,E000098806,KS64-01910BC,FINGER RESET CAM,5,0,0,,0
2026/02/09,2025/11/22,2026/01/26,2026023,E000099174,KS64-01910BC,FINGER RESET CAM,2,0,0,,0
2026/02/12,2025/11/22,2026/01/28,2026024,E000099199,KS64-01910BC,FINGER RESET CAM,3,0,0,,0
2025/11/11,2025/11/22,2025/10/27,2025113,E000097304,KS64-01910CC,FINGER RESET CAM,1,1,1,,0
2026/01/15,2025/11/22,2025/12/24,2026014,E000098832,KS64-01911AC,FINGER ARRANGE CAM,3,0,0,,0
2026/01/20,2025/11/22,2026/01/05,2026015,E000098864,KS64-01911AC,FINGER ARRANGE CAM,2,0,0,,0
2026/02/17,2025/11/22,2026/02/02,2026025,E000099225,KS64-01911AC,FINGER ARRANGE CAM,2,0,0,,0
2026/02/19,2025/11/22,2026/02/04,2026026,E000099250,KS64-01911AC,FINGER ARRANGE CAM,3,0,0,,0
2025/11/11,2025/11/22,2025/10/27,2025113,E000097305,KS64-01911BC,FINGER ARRANGE CAM,1,1,3,,0
2025/11/25,2025/11/22,2025/11/10,2025117,E000097552,KS64-01911BC,FINGER ARRANGE CAM,2,2,2,,0
2025/12/17,2025/11/22,2025/12/03,2025126,E000098014,KS64-01911BC,FINGER ARRANGE CAM,2,0,0,,0
2026/01/13,2025/11/22,2025/12/22,2026013,E000098807,KS64-01911BC,FINGER ARRANGE CAM,5,0,0,,0
2026/02/09,2025/11/22,2026/01/26,2026023,E000099175,KS64-01911BC,FINGER ARRANGE CAM,2,0,0,,0
2026/02/12,2025/11/22,2026/01/28,2026024,E000099200,KS64-01911BC,FINGER ARRANGE CAM,3,0,0,,0
2025/11/11,2025/11/22,2025/10/27,2025113,E000097306,KS64-01911CC,FINGER ARRANGE CAM,1,1,1,,0
2026/01/15,2025/11/22,2025/12/24,2026014,E000098833,KS64-01912AB,ARRANGE CAM,3,3,10,,0
2026/01/20,2025/11/22,2026/01/05,2026015,E000098865,KS64-01912AB,ARRANGE CAM,2,2,7,,0
2026/02/17,2025/11/22,2026/02/02,2026025,E000099226,KS64-01912AB,ARRANGE CAM,2,2,5,,0
2026/02/19,2025/11/22,2026/02/04,2026026,E000099251,KS64-01912AB,ARRANGE CAM,3,3,3,,0
2025/11/11,2025/11/22,2025/10/27,2025113,E000097307,KS64-01912BB,ARRANGE CAM,1,1,16,,0
2025/11/25,2025/11/22,2025/11/10,2025117,E000097553,KS64-01912BB,ARRANGE CAM,2,2,15,,0
2025/12/17,2025/11/22,2025/12/03,2025126,E000098015,KS64-01912BB,ARRANGE CAM,2,2,13,,0
2026/01/13,2025/11/22,2025/12/22,2026013,E000098808,KS64-01912BB,ARRANGE CAM,5,5,11,,0
2026/02/09,2025/11/22,2026/01/26,2026023,E000099176,KS64-01912BB,ARRANGE CAM,2,2,6,,0
2026/02/12,2025/11/22,2026/01/28,2026024,E000099201,KS64-01912BB,ARRANGE CAM,3,3,4,,0
2025/11/11,2025/11/22,2025/10/27,2025113,E000097308,KS64-01912CB,ARRANGE CAM,1,1,9,,0
2025/11/11,2025/11/22,2025/10/27,2025113,E000097309,KS64-01914BB,PLATE,1,1,3,,0
2025/11/25,2025/11/22,2025/11/10,2025117,E000097554,KS64-01914BB,PLATE,2,2,2,,0
2025/12/17,2025/11/22,2025/12/03,2025126,E000098016,KS64-01914BB,PLATE,2,0,0,,0
2025/11/11,2025/11/22,2025/10/27,2025113,E000097310,KS64-01914CB,PLATE,1,1,1,,0
2026/01/13,2025/11/22,2025/12/22,2026013,E000098809,KS64-01914DA,PLATE,5,0,0,,0
2026/02/09,2025/11/22,2026/01/26,2026023,E000099177,KS64-01914DA,PLATE,2,0,0,,0
2026/02/12,2025/11/22,2026/01/28,2026024,E000099202,KS64-01914DA,PLATE,3,0,0,,0
2026/01/15,2025/11/22,2025/12/24,2026014,E000098834,KS64-01914JA,PLATE,3,0,0,,0
2026/01/20,2025/11/22,2026/01/05,2026015,E000098866,KS64-01914JA,PLATE,2,0,0,,0
2026/02/17,2025/11/22,2026/02/02,2026025,E000099227,KS64-01914JA,PLATE,2,0,0,,0
2026/02/19,2025/11/22,2026/02/04,2026026,E000099252,KS64-01914JA,PLATE,3,0,0,,0
2026/01/15,2025/11/22,2025/12/24,2026014,E000098835,KS64-01915AB,PLATE,3,0,0,,0
2026/01/20,2025/11/22,2026/01/05,2026015,E000098867,KS64-01915AB,PLATE,2,0,0,,0
2026/02/17,2025/11/22,2026/02/02,2026025,E000099228,KS64-01915AB,PLATE,2,0,0,,0
2026/02/19,2025/11/22,2026/02/04,2026026,E000099253,KS64-01915AB,PLATE,3,0,0,,0
2025/11/11,2025/11/22,2025/10/27,2025113,E000097311,KS64-01915BB,PLATE,1,1,3,,0
2025/11/25,2025/11/22,2025/11/10,2025117,E000097555,KS64-01915BB,PLATE,2,2,2,,0
2025/12/17,2025/11/22,2025/12/03,2025126,E000098017,KS64-01915BB,PLATE,2,0,0,,0
2026/01/13,2025/11/22,2025/12/22,2026013,E000098810,KS64-01915BB,PLATE,5,0,0,,0
2026/02/09,2025/11/22,2026/01/26,2026023,E000099178,KS64-01915BB,PLATE,2,0,0,,0
2026/02/12,2025/11/22,2026/01/28,2026024,E000099203,KS64-01915BB,PLATE,3,0,0,,0
2025/11/11,2025/11/22,2025/10/27,2025113,E000097312,KS64-01915CB,PLATE,1,1,1,,0
2025/11/11,2025/11/22,2025/10/27,2025113,E000097313,KS64-01919AA,CUTTER CAM A,1,1,1,,0
2025/11/11,2025/11/22,2025/10/27,2025113,E000097314,KS64-01919CA,CUTTER CAM A,1,1,1,,0
2025/11/11,2025/11/22,2025/10/27,2025113,E000097315,KS64-01920AB,CUTTER CAM B,1,1,1,,0
2025/11/11,2025/11/22,2025/10/27,2025113,E000097316,KS64-01920CB,CUTTER CAM B,1,1,1,,0
2026/02/17,2025/11/22,2026/02/02,2026025,E000099143,SPL-2542BA42,KNIT CAM (H),146,28,28,,0
2026/02/17,2025/11/22,2026/02/02,2026025,E000099144,SPL-2542CA42,KNIT CAM (L),146,29,29,,0
