No,完成部番,単位数分子,単位数分母,前工程
1,1331-210HB,0.0,0.0,
2,1331-210HB,0.0,0.0,
3,1331-210HB,0.0,0.0,
4,1331-210HB,0.0,0.0,
5,1331-210HB,0.0,0.0,
6,1331-210HB,1.0,1,MA-1331-210HA
1,1331-210JB,0.0,0.0,
2,1331-210JB,0.0,0.0,
3,1331-210JB,0.0,0.0,
4,1331-210JB,0.0,0.0,
5,1331-210JB,0.0,0.0,
6,1331-210JB,1.0,1,MA-1331-210JB
1,1331-211HA,0.0,0.0,
2,1331-211HA,0.0,0.0,
3,1331-211HA,0.0,0.0,
4,1331-211HA,0.0,0.0,
5,1331-211HA,0.0,0.0,
6,1331-211HA,1.0,1,MA-1331-211HA
1,1331-211HB,0.0,0.0,
2,1331-211HB,0.0,0.0,
3,1331-211HB,0.0,0.0,
4,1331-211HB,0.0,0.0,
5,1331-211HB,0.0,0.0,
6,1331-211HB,1.0,1,MA-1331-211HA
1,1331-211JB,0.0,0.0,
2,1331-211JB,0.0,0.0,
3,1331-211JB,0.0,0.0,
4,1331-211JB,0.0,0.0,
5,1331-211JB,0.0,0.0,
6,1331-211JB,1.0,1,MA-1331-211JB
1,1331-259PA2200,0.0,0.0,
2,1331-259PA2200,0.0,0.0,
3,1331-259PA2200,1.0,1.0,MA-SPL-2779AA/BA-2224ROLL
4,1331-259PA2200,1.0,1.0,L1-1331-259NA/PA2200
5,1331-259PA2200,1.0,1.0,L2-1331-259PA2200
6,1331-259PA2200,1.0,1,PL-1331-259PA2200
1,1651-237BA,0.0,0.0,
2,1651-237BA,0.0,0.0,
3,1651-237BA,0.0,0.0,
4,1651-237BA,0.0,0.0,
5,1651-237BA,1.0,1.0,MA-1651-237BA
6,1651-237BA,1.0,1,L1-1651-237BA
1,2185-210AA,0.0,0.0,
2,2185-210AA,0.0,0.0,
3,2185-210AA,0.0,0.0,
4,2185-210AA,0.0,0.0,
5,2185-210AA,0.0,0.0,
6,2185-210AA,1.0,1,MA-2185-210AA
1,2185-210AB,0.0,0.0,
2,2185-210AB,0.0,0.0,
3,2185-210AB,0.0,0.0,
4,2185-210AB,0.0,0.0,
5,2185-210AB,0.0,0.0,
6,2185-210AB,1.0,1,MA-2185-210AB
1,2185-210AC,0.0,0.0,
2,2185-210AC,0.0,0.0,
3,2185-210AC,0.0,0.0,
4,2185-210AC,0.0,0.0,
5,2185-210AC,0.0,0.0,
6,2185-210AC,1.0,1,MA-2185-210AB
1,2185-210BA,0.0,0.0,
2,2185-210BA,0.0,0.0,
3,2185-210BA,0.0,0.0,
4,2185-210BA,0.0,0.0,
5,2185-210BA,0.0,0.0,
6,2185-210BA,1.0,1,MA-2185-210BA
1,2185-210CA,0.0,0.0,
2,2185-210CA,0.0,0.0,
3,2185-210CA,0.0,0.0,
4,2185-210CA,0.0,0.0,
5,2185-210CA,0.0,0.0,
6,2185-210CA,1.0,1,MA-2185-210AB
1,2185-211AA,0.0,0.0,
2,2185-211AA,0.0,0.0,
3,2185-211AA,0.0,0.0,
4,2185-211AA,0.0,0.0,
5,2185-211AA,0.0,0.0,
6,2185-211AA,1.0,1,MA-2185-211AA
1,2185-211AB,0.0,0.0,
2,2185-211AB,0.0,0.0,
3,2185-211AB,0.0,0.0,
4,2185-211AB,0.0,0.0,
5,2185-211AB,0.0,0.0,
6,2185-211AB,1.0,1,MA-2185-211AB
1,2185-211AC,0.0,0.0,
2,2185-211AC,0.0,0.0,
3,2185-211AC,0.0,0.0,
4,2185-211AC,0.0,0.0,
5,2185-211AC,0.0,0.0,
6,2185-211AC,1.0,1,MA-2185-211AB
1,2185-211BA,0.0,0.0,
2,2185-211BA,0.0,0.0,
3,2185-211BA,0.0,0.0,
4,2185-211BA,0.0,0.0,
5,2185-211BA,0.0,0.0,
6,2185-211BA,1.0,1,MA-2185-211BA
1,2185-211CA,0.0,0.0,
2,2185-211CA,0.0,0.0,
3,2185-211CA,0.0,0.0,
4,2185-211CA,0.0,0.0,
5,2185-211CA,0.0,0.0,
6,2185-211CA,1.0,1,MA-2185-211AB
1,2185-233AA,0.0,0.0,
2,2185-233AA,0.0,0.0,
3,2185-233AA,0.0,0.0,
4,2185-233AA,0.0,0.0,
5,2185-233AA,0.0,0.0,
6,2185-233AA,1.0,1,MA-2185-233AA
1,2185-233AB,0.0,0.0,
2,2185-233AB,0.0,0.0,
3,2185-233AB,0.0,0.0,
4,2185-233AB,0.0,0.0,
5,2185-233AB,0.0,0.0,
6,2185-233AB,1.0,1,MA-2185-233AA
1,2190-210AA,0.0,0.0,
2,2190-210AA,0.0,0.0,
3,2190-210AA,0.0,0.0,
4,2190-210AA,0.0,0.0,
5,2190-210AA,0.0,0.0,
6,2190-210AA,1.0,1,MA-2190-210AA
1,2190-210AB,0.0,0.0,
2,2190-210AB,0.0,0.0,
3,2190-210AB,0.0,0.0,
4,2190-210AB,0.0,0.0,
5,2190-210AB,0.0,0.0,
6,2190-210AB,1.0,1,MA-2190-210AA
1,2190-211AA,0.0,0.0,
2,2190-211AA,0.0,0.0,
3,2190-211AA,0.0,0.0,
4,2190-211AA,0.0,0.0,
5,2190-211AA,0.0,0.0,
6,2190-211AA,1.0,1,MA-2190-211AA
1,2190-211AB,0.0,0.0,
2,2190-211AB,0.0,0.0,
3,2190-211AB,0.0,0.0,
4,2190-211AB,0.0,0.0,
5,2190-211AB,0.0,0.0,
6,2190-211AB,1.0,1,MA-2190-211AA
1,2190-259BA2200-1A,0.0,0.0,
2,2190-259BA2200-1A,0.0,0.0,
3,2190-259BA2200-1A,0.0,0.0,
4,2190-259BA2200-1A,0.0,0.0,
5,2190-259BA2200-1A,1.0,1.0,MA-SPL-2779AA/BA-2224ROLL
6,2190-259BA2200-1A,1.0,1,L1-1331-259NA/PA2200
1,2190-259BA2300-1A,0.0,0.0,
2,2190-259BA2300-1A,0.0,0.0,
3,2190-259BA2300-1A,0.0,0.0,
4,2190-259BA2300-1A,0.0,0.0,
5,2190-259BA2300-1A,1.0,1.0,MA-SPL-2779AA/BA-2324ROLL
6,2190-259BA2300-1A,1.0,1,L1-2190-259BA2300
1,2190-259BA2350-1A,0.0,0.0,
2,2190-259BA2350-1A,0.0,0.0,
3,2190-259BA2350-1A,0.0,0.0,
4,2190-259BA2350-1A,0.0,0.0,
5,2190-259BA2350-1A,1.0,1.0,MA-SPL-2779AA/BA-ROLL
6,2190-259BA2350-1A,1.0,1,L1-2190-259BA2350
1,2190-259BA2500-1A,0.0,0.0,
2,2190-259BA2500-1A,0.0,0.0,
3,2190-259BA2500-1A,0.0,0.0,
4,2190-259BA2500-1A,0.0,0.0,
5,2190-259BA2500-1A,1.0,1.0,MA-SPL-2779AA/BA-ROLL
6,2190-259BA2500-1A,1.0,1,L1-1331-259NA/PA2500
1,2190-259BA2650-1A,0.0,0.0,
2,2190-259BA2650-1A,0.0,0.0,
3,2190-259BA2650-1A,0.0,0.0,
4,2190-259BA2650-1A,0.0,0.0,
5,2190-259BA2650-1A,1.0,1.0,MA-SPL-2779AA/BA-ROLL
6,2190-259BA2650-1A,1.0,1,L1-1331-259NA/PA2650
1,2190-259CA2200-1A,0.0,0.0,
2,2190-259CA2200-1A,0.0,0.0,
3,2190-259CA2200-1A,0.0,0.0,
4,2190-259CA2200-1A,0.0,0.0,
5,2190-259CA2200-1A,1.0,1.0,MA-SPL-2779AA/BA-2224ROLL
6,2190-259CA2200-1A,1.0,1,L1-2190-259CA2200
1,2190-259CA2500-1A,0.0,0.0,
2,2190-259CA2500-1A,0.0,0.0,
3,2190-259CA2500-1A,0.0,0.0,
4,2190-259CA2500-1A,0.0,0.0,
5,2190-259CA2500-1A,1.0,1.0,MA-SPL-2779AA/BA-ROLL
6,2190-259CA2500-1A,1.0,1,L1-2190-259CA2500
1,2190-259CA2650-1A,0.0,0.0,
2,2190-259CA2650-1A,0.0,0.0,
3,2190-259CA2650-1A,0.0,0.0,
4,2190-259CA2650-1A,0.0,0.0,
5,2190-259CA2650-1A,1.0,1.0,MA-SPL-2779AA/BA-ROLL
6,2190-259CA2650-1A,1.0,1,L1-2190-259CA2650
1,21A1-259AA1471-1A,0.0,0.0,
2,21A1-259AA1471-1A,0.0,0.0,
3,21A1-259AA1471-1A,0.0,0.0,
4,21A1-259AA1471-1A,0.0,0.0,
5,21A1-259AA1471-1A,1.0,1.0,MA-SPL-2779AA/BA-ROLL
6,21A1-259AA1471-1A,1.0,1,L-21A1-259AA1471
1,ES61-00101FA,0.0,0.0,
2,ES61-00101FA,0.0,0.0,
3,ES61-00101FA,0.0,0.0,
4,ES61-00101FA,0.0,0.0,
5,ES61-00101FA,0.0,0.0,
6,ES61-00101FA,1.0,1,MA-ES61-00301AC
1,ES61-00301AB,0.0,0.0,
2,ES61-00301AB,0.0,0.0,
3,ES61-00301AB,0.0,0.0,
4,ES61-00301AB,0.0,0.0,
5,ES61-00301AB,0.0,0.0,
6,ES61-00301AB,1.0,1,MA-ES61-00301AC
1,ES61-00301AC,0.0,0.0,
2,ES61-00301AC,0.0,0.0,
3,ES61-00301AC,0.0,0.0,
4,ES61-00301AC,0.0,0.0,
5,ES61-00301AC,0.0,0.0,
6,ES61-00301AC,1.0,1,MA-ES61-00301AC
1,ES61-00301BC,0.0,0.0,
2,ES61-00301BC,0.0,0.0,
3,ES61-00301BC,0.0,0.0,
4,ES61-00301BC,0.0,0.0,
5,ES61-00301BC,1.0,1.0,MA-ES61-00301AC
6,ES61-00301BC,1.0,1,PEFIN-ES61-00301BC
1,ES61-00301BD,0.0,0.0,
2,ES61-00301BD,0.0,0.0,
3,ES61-00301BD,0.0,0.0,
4,ES61-00301BD,0.0,0.0,
5,ES61-00301BD,0.0,0.0,
6,ES61-00301BD,1.0,1,MA-ES61-00301AC
1,ES61-00301EA,0.0,0.0,
2,ES61-00301EA,0.0,0.0,
3,ES61-00301EA,0.0,0.0,
4,ES61-00301EA,0.0,0.0,
5,ES61-00301EA,0.0,0.0,
6,ES61-00301EA,1.0,1,MA-ES61-00301AC
1,ES61-00301FA,0.0,0.0,
2,ES61-00301FA,0.0,0.0,
3,ES61-00301FA,0.0,0.0,
4,ES61-00301FA,0.0,0.0,
5,ES61-00301FA,0.0,0.0,
6,ES61-00301FA,1.0,1,MA-ES61-00301AC
1,ES61-00301FC,0.0,0.0,
2,ES61-00301FC,0.0,0.0,
3,ES61-00301FC,0.0,0.0,
4,ES61-00301FC,0.0,0.0,
5,ES61-00301FC,0.0,0.0,
6,ES61-00301FC,1.0,1,MA-ES61-00301AC
1,ES61-00601AA,0.0,0.0,
2,ES61-00601AA,0.0,0.0,
3,ES61-00601AA,0.0,0.0,
4,ES61-00601AA,0.0,0.0,
5,ES61-00601AA,1.0,1.0,MA-ES61-00601AA
6,ES61-00601AA,1.0,1,PEFIN-ES61-00601AA
1,ES61-00601BA,0.0,0.0,
2,ES61-00601BA,0.0,0.0,
3,ES61-00601BA,0.0,0.0,
4,ES61-00601BA,0.0,0.0,
5,ES61-00601BA,1.0,1.0,MA-ES61-00601BA
6,ES61-00601BA,1.0,1,PEFIN-ES61-00601BA
1,G-6503GD,0.0,0.0,
2,G-6503GD,0.0,0.0,
3,G-6503GD,0.0,0.0,
4,G-6503GD,0.0,0.0,
5,G-6503GD,1.0,0.0,
6,G-6503GD,1.0,1,MA-G-6503GD
1,G-6503HB,0.0,0.0,
2,G-6503HB,0.0,0.0,
3,G-6503HB,0.0,0.0,
4,G-6503HB,0.0,0.0,
5,G-6503HB,1.0,0.0,
6,G-6503HB,1.0,1,MA-G-6503HA
1,G-6503KA,0.0,0.0,
2,G-6503KA,0.0,0.0,
3,G-6503KA,0.0,0.0,
4,G-6503KA,0.0,0.0,
5,G-6503KA,1.0,0.0,
6,G-6503KA,1.0,1,MA-G-6503KA
1,G-6503KD,0.0,0.0,
2,G-6503KD,0.0,0.0,
3,G-6503KD,0.0,0.0,
4,G-6503KD,0.0,0.0,
5,G-6503KD,1.0,0.0,
6,G-6503KD,1.0,1,MA-G-6503KC
1,KF20-03601EA0560,0.0,0.0,
2,KF20-03601EA0560,0.0,0.0,
3,KF20-03601EA0560,0.0,0.0,
4,KF20-03601EA0560,0.0,0.0,
5,KF20-03601EA0560,0.0,0.0,
6,KF20-03601EA0560,1.0,1,MA-KF20-03601EA0560
1,KF20-03601EB0560,0.0,0.0,
2,KF20-03601EB0560,0.0,0.0,
3,KF20-03601EB0560,0.0,0.0,
4,KF20-03601EB0560,0.0,0.0,
5,KF20-03601EB0560,0.0,0.0,
6,KF20-03601EB0560,1.0,1,MA-KF20-03601EB0800
1,KF20-03601EB0800,0.0,0.0,
2,KF20-03601EB0800,0.0,0.0,
3,KF20-03601EB0800,0.0,0.0,
4,KF20-03601EB0800,0.0,0.0,
5,KF20-03601EB0800,0.0,0.0,
6,KF20-03601EB0800,1.0,1,MA-KF20-03601EB0800
1,KF20-03601EB0850,0.0,0.0,
2,KF20-03601EB0850,0.0,0.0,
3,KF20-03601EB0850,0.0,0.0,
4,KF20-03601EB0850,0.0,0.0,
5,KF20-03601EB0850,0.0,0.0,
6,KF20-03601EB0850,1.0,1,MA-KF20-03601EB0800
1,KF20-03602EA0560,0.0,0.0,
2,KF20-03602EA0560,0.0,0.0,
3,KF20-03602EA0560,0.0,0.0,
4,KF20-03602EA0560,0.0,0.0,
5,KF20-03602EA0560,0.0,0.0,
6,KF20-03602EA0560,1.0,1,MA-KF20-03602EA0560
1,KF20-03602EB0560,0.0,0.0,
2,KF20-03602EB0560,0.0,0.0,
3,KF20-03602EB0560,0.0,0.0,
4,KF20-03602EB0560,0.0,0.0,
5,KF20-03602EB0560,0.0,0.0,
6,KF20-03602EB0560,1.0,1,MA-KF20-03602EB0800
1,KF20-03602EB0800,0.0,0.0,
2,KF20-03602EB0800,0.0,0.0,
3,KF20-03602EB0800,0.0,0.0,
4,KF20-03602EB0800,0.0,0.0,
5,KF20-03602EB0800,0.0,0.0,
6,KF20-03602EB0800,1.0,1,MA-KF20-03602EB0800
1,KF20-03602EB0850,0.0,0.0,
2,KF20-03602EB0850,0.0,0.0,
3,KF20-03602EB0850,0.0,0.0,
4,KF20-03602EB0850,0.0,0.0,
5,KF20-03602EB0850,0.0,0.0,
6,KF20-03602EB0850,1.0,1,MA-KF20-03602EB0800
1,ES61-00101FB,0.0,0.0,
2,ES61-00101FB,0.0,0.0,
3,ES61-00101FB,0.0,0.0,
4,ES61-00101FB,0.0,0.0,
5,ES61-00101FB,0.0,0.0,
6,ES61-00101FB,1.0,1,MA-ES61-00301AC
1,ES61-00301FD,0.0,0.0,
2,ES61-00301FD,0.0,0.0,
3,ES61-00301FD,0.0,0.0,
4,ES61-00301FD,0.0,0.0,
5,ES61-00301FD,0.0,0.0,
6,ES61-00301FD,1.0,1,MA-ES61-00301AC
1,5181-501AA18,0.0,0.0,
2,5181-501AA18,0.0,0.0,
3,5181-501AA18,0.0,0.0,
4,5181-501AA18,0.0,0.0,
5,5181-501AA18,1.0,1.0,MA-1751-501AA18
6,5181-501AA18,1.0,1,L1-1751-501CA18
1,5529-502EA30,0.0,0.0,
2,5529-502EA30,0.0,0.0,
3,5529-502EA30,0.0,0.0,
4,5529-502EA30,0.0,0.0,
5,5529-502EA30,1.0,1.0,MA-5517-502AA30
6,5529-502EA30,1.0,1,L1-5517-502AA30
1,3153-502FB26,0.0,0.0,
2,3153-502FB26,0.0,0.0,
3,3153-502FB26,0.0,0.0,
4,3153-502FB26,1.0,1.0,MA-600-502AA26
5,3153-502FB26,1.0,1.0,L1-3153-502AC26
6,3153-502FB26,1.0,1,PL-3153-502FB26
1,3153-502JC26,0.0,0.0,
2,3153-502JC26,0.0,0.0,
3,3153-502JC26,0.0,0.0,
4,3153-502JC26,1.0,1.0,MA-600-502AA26
5,3153-502JC26,1.0,1.0,L1-3153-502AC26
6,3153-502JC26,1.0,1,PL-3153-502JC26
1,3153-502FB28,0.0,0.0,
2,3153-502FB28,0.0,0.0,
3,3153-502FB28,0.0,0.0,
4,3153-502FB28,1.0,1.0,MA-600-502AA28
5,3153-502FB28,1.0,1.0,L1-3153-502AC28
6,3153-502FB28,1.0,1,PL-3153-502FB28
1,3153-502KB26,0.0,0.0,
2,3153-502KB26,0.0,0.0,
3,3153-502KB26,0.0,0.0,
4,3153-502KB26,1.0,1.0,MA-600-502AA26
5,3153-502KB26,1.0,1.0,L1-3153-502AC26
6,3153-502KB26,1.0,1,PL-3153-502KB26
1,3557-409AA300,0.0,0.0,
2,3557-409AA300,0.0,0.0,
3,3557-409AA300,0.0,0.0,
4,3557-409AA300,1.0,1.0,MA-3557-409AA30-S
5,3557-409AA300,1.0,1.0,L1-3557-409AA30-S
6,3557-409AA300,1.0,1,3557-409AA30-SR
1,3557-501AA30,0.0,0.0,
2,3557-501AA30,0.0,0.0,
3,3557-501AA30,0.0,0.0,
4,3557-501AA30,1.0,1.0,MA-171-501AA30
5,3557-501AA30,1.0,1.0,L1-3557-501AA30
6,3557-501AA30,1.0,1,LA-3557-501AA30-DF
1,171-406RA30,0.0,0.0,
2,171-406RA30,0.0,0.0,
3,171-406RA30,1.0,1.0,MA-171-406RA30
4,171-406RA30,1.0,1.0,L1-171-406RA30
5,171-406RA30,1.0,1.0,LA-171-406RA30-D
6,171-406RA30,1.0,1,LA-171-406RA30-MC
1,1635-401CA38,0.0,0.0,
2,1635-401CA38,0.0,0.0,
3,1635-401CA38,1.0,1.0,MA-1635-401AA38
4,1635-401CA38,1.0,1.0,L1-1635-401AA38
5,1635-401CA38,1.0,1.0,LA-1635-401AA38-D
6,1635-401CA38,1.0,1,LA-1635-401AA38-DF
1,3166-652AA19,0.0,0.0,
2,3166-652AA19,0.0,0.0,
3,3166-652AA19,0.0,0.0,
4,3166-652AA19,0.0,0.0,
5,3166-652AA19,1.0,1.0,MA-720-65219-DRUM
6,3166-652AA19,1.0,4,L1-720-65219-DRUM
1,3557-608AA30,0.0,0.0,
2,3557-608AA30,0.0,0.0,
3,3557-608AA30,0.0,0.0,
4,3557-608AA30,0.0,0.0,
5,3557-608AA30,1.0,1.0,MA-3501-66001AA30
6,3557-608AA30,1.0,1,L1-3501-66001AA30
1,3166-652AA24,0.0,0.0,
2,3166-652AA24,0.0,0.0,
3,3166-652AA24,0.0,0.0,
4,3166-652AA24,0.0,0.0,
5,3166-652AA24,1.0,1.0,MA-720-65224-DRUM
6,3166-652AA24,1.0,4,L1-720-65224-DRUM
1,6110-501AA38,0.0,0.0,
2,6110-501AA38,0.0,0.0,
3,6110-501AA38,0.0,0.0,
4,6110-501AA38,1.0,1.0,MA-5500-501GA38
5,6110-501AA38,1.0,1.0,L1-5500-501GA38
6,6110-501AA38,1.0,1,LA-5500-501GA38-DF
1,6110-641AA38,0.0,0.0,
2,6110-641AA38,0.0,0.0,
3,6110-641AA38,0.0,0.0,
4,6110-641AA38,0.0,0.0,
5,6110-641AA38,1.0,1.0,MA-485-641BA38-DRUM
6,6110-641AA38,1.0,4,L1-485-641BA38-DRUM
1,6110-601AA38,0.0,0.0,
2,6110-601AA38,0.0,0.0,
3,6110-601AA38,0.0,0.0,
4,6110-601AA38,1.0,1.0,MA-6104-601AA38
5,6110-601AA38,1.0,1.0,L1-6104-601BA38
6,6110-601AA38,1.0,1,LA-6104-601BA38-L2
1,6110-502BA38,0.0,0.0,
2,6110-502BA38,0.0,0.0,
3,6110-502BA38,0.0,0.0,
4,6110-502BA38,0.0,0.0,
5,6110-502BA38,1.0,52.0,MA-RH-0207D-01AA
6,6110-502BA38,1.0,1,MC-RH-0207D-01AA50
1,6110-502GA38,0.0,0.0,
2,6110-502GA38,0.0,0.0,
3,6110-502GA38,0.0,0.0,
4,6110-502GA38,0.0,0.0,
5,6110-502GA38,1.0,52.0,MA-RH-0207D-01AA
6,6110-502GA38,1.0,1,MC-RH-0207D-01AA50
1,6110-502JA38,0.0,0.0,
2,6110-502JA38,0.0,0.0,
3,6110-502JA38,0.0,0.0,
4,6110-502JA38,0.0,0.0,
5,6110-502JA38,1.0,52.0,MA-RH-0207D-01AA
6,6110-502JA38,1.0,1,MC-RH-0207D-01AA50
1,6110-502EA38,0.0,0.0,
2,6110-502EA38,0.0,0.0,
3,6110-502EA38,0.0,0.0,
4,6110-502EA38,1.0,1.0,MA-5546-502AA38
5,6110-502EA38,1.0,1.0,L1-5546-502AA38
6,6110-502EA38,1.0,1,PL-6110-502EA38
1,3153-502FA36,0.0,0.0,
2,3153-502FA36,0.0,0.0,
3,3153-502FA36,0.0,0.0,
4,3153-502FA36,0.0,0.0,
5,3153-502FA36,1.0,1.0,MA-600-502AA36
6,3153-502FA36,1.0,1,L1-3153-502AC36
1,6110-602AA38,0.0,0.0,
2,6110-602AA38,0.0,0.0,
3,6110-602AA38,0.0,0.0,
4,6110-602AA38,0.0,0.0,
5,6110-602AA38,0.0,0.0,
6,6110-602AA38,1.0,1,MA-RH-0031K-06SA
1,6110-602CA38,0.0,0.0,
2,6110-602CA38,0.0,0.0,
3,6110-602CA38,0.0,0.0,
4,6110-602CA38,0.0,0.0,
5,6110-602CA38,0.0,0.0,
6,6110-602CA38,1.0,1,MA-RH-0031K-06SA
1,6110-602DA38,0.0,0.0,
2,6110-602DA38,0.0,0.0,
3,6110-602DA38,0.0,0.0,
4,6110-602DA38,0.0,0.0,
5,6110-602DA38,0.0,0.0,
6,6110-602DA38,1.0,1,MA-RH-0031K-06SA
1,6110-602EA38,0.0,0.0,
2,6110-602EA38,0.0,0.0,
3,6110-602EA38,0.0,0.0,
4,6110-602EA38,0.0,0.0,
5,6110-602EA38,0.0,0.0,
6,6110-602EA38,1.0,1,MA-RH-0031K-06SA
1,3139-608BA36,0.0,0.0,
2,3139-608BA36,0.0,0.0,
3,3139-608BA36,0.0,0.0,
4,3139-608BA36,0.0,0.0,
5,3139-608BA36,1.0,3.0,MA-973-608AA36-DRUM
6,3139-608BA36,1.0,1,L1-3139-60836
1,5181-601AA17,0.0,0.0,
2,5181-601AA17,0.0,0.0,
3,5181-601AA17,0.0,0.0,
4,5181-601AA17,1.0,1.0,MA-1751-601AA17
5,5181-601AA17,1.0,1.0,L1-1751-601AA17
6,5181-601AA17,1.0,1,LA-1751-601AA17-L2
1,5181-601AA18,0.0,0.0,
2,5181-601AA18,0.0,0.0,
3,5181-601AA18,0.0,0.0,
4,5181-601AA18,1.0,1.0,MA-1751-601AA18
5,5181-601AA18,1.0,1.0,L1-1751-601AA18
6,5181-601AA18,1.0,1,LA-1751-601AA18-L2
1,3139-608BA38,0.0,0.0,
2,3139-608BA38,0.0,0.0,
3,3139-608BA38,0.0,0.0,
4,3139-608BA38,0.0,0.0,
5,3139-608BA38,1.0,3.0,MA-973-608AA38-DRUM
6,3139-608BA38,1.0,1,L1-3139-60838
1,1831-501CA36,0.0,0.0,
2,1831-501CA36,0.0,0.0,
3,1831-501CA36,0.0,0.0,
4,1831-501CA36,1.0,1.0,MA-1831-501BA36
5,1831-501CA36,1.0,1.0,L1-1831-501BA36
6,1831-501CA36,1.0,1,LA-1831-501BA36-DF
1,1831-501CA38,0.0,0.0,
2,1831-501CA38,0.0,0.0,
3,1831-501CA38,0.0,0.0,
4,1831-501CA38,1.0,1.0,MA-1831-501BA38
5,1831-501CA38,1.0,1.0,L1-1831-501BA38
6,1831-501CA38,1.0,1,LA-1831-501BA38-DF
1,3139-652CA38,0.0,0.0,
2,3139-652CA38,0.0,0.0,
3,3139-652CA38,0.0,0.0,
4,3139-652CA38,0.0,0.0,
5,3139-652CA38,1.0,1.0,MA-720-65238-DRUM
6,3139-652CA38,1.0,4,L1-720-65238-DRUM
1,5181-501AA17,0.0,0.0,
2,5181-501AA17,0.0,0.0,
3,5181-501AA17,0.0,0.0,
4,5181-501AA17,0.0,0.0,
5,5181-501AA17,1.0,1.0,MA-1751-501AA17
6,5181-501AA17,1.0,1,L1-1751-501CA17
1,5181-502AA17,0.0,0.0,
2,5181-502AA17,0.0,0.0,
3,5181-502AA17,0.0,0.0,
4,5181-502AA17,0.0,0.0,
5,5181-502AA17,1.0,1.0,MA-59-502B17
6,5181-502AA17,1.0,1,L1-59-502B17
1,5181-602AA17,0.0,0.0,
2,5181-602AA17,0.0,0.0,
3,5181-602AA17,0.0,0.0,
4,5181-602AA17,0.0,0.0,
5,5181-602AA17,0.0,0.0,
6,5181-602AA17,1.0,1,MA-RH-0031A-06E
1,5181-602GA17,0.0,0.0,
2,5181-602GA17,0.0,0.0,
3,5181-602GA17,0.0,0.0,
4,5181-602GA17,0.0,0.0,
5,5181-602GA17,0.0,0.0,
6,5181-602GA17,1.0,1,MA-RH-0031A-07E
1,5181-641AA17,0.0,0.0,
2,5181-641AA17,0.0,0.0,
3,5181-641AA17,0.0,0.0,
4,5181-641AA17,1.0,1.0,MA-720-65216-DRUM
5,5181-641AA17,1.0,4.0,L1-720-65216-DRUM
6,5181-641AA17,1.0,1,L2-5181-641AA17
1,5181-502AA18,0.0,0.0,
2,5181-502AA18,0.0,0.0,
3,5181-502AA18,0.0,0.0,
4,5181-502AA18,0.0,0.0,
5,5181-502AA18,1.0,1.0,MA-59-502B18
6,5181-502AA18,1.0,1,L1-59-502B18
1,5181-602AA18,0.0,0.0,
2,5181-602AA18,0.0,0.0,
3,5181-602AA18,0.0,0.0,
4,5181-602AA18,0.0,0.0,
5,5181-602AA18,0.0,0.0,
6,5181-602AA18,1.0,1,MA-RH-0031A-06E
1,5181-602GA18,0.0,0.0,
2,5181-602GA18,0.0,0.0,
3,5181-602GA18,0.0,0.0,
4,5181-602GA18,0.0,0.0,
5,5181-602GA18,0.0,0.0,
6,5181-602GA18,1.0,1,MA-RH-0031A-07E
1,3557-502BA34,0.0,0.0,
2,3557-502BA34,0.0,0.0,
3,3557-502BA34,0.0,0.0,
4,3557-502BA34,1.0,1.0,MA-600-502AA34
5,3557-502BA34,1.0,1.0,L1-4109-502AA34
6,3557-502BA34,1.0,1,PL-3557-502BA34
1,5108-602EC33,0.0,0.0,
2,5108-602EC33,0.0,0.0,
3,5108-602EC33,0.0,0.0,
4,5108-602EC33,0.0,0.0,
5,5108-602EC33,0.0,0.0,
6,5108-602EC33,1.0,1,MA-RH-0031A-05E
1,5108-502EB33,0.0,0.0,
2,5108-502EB33,0.0,0.0,
3,5108-502EB33,0.0,0.0,
4,5108-502EB33,0.0,0.0,
5,5108-502EB33,1.0,1.0,MA-5108-502AA33
6,5108-502EB33,1.0,1,L1-5108-502AA33
1,5108-602BB33,0.0,0.0,
2,5108-602BB33,0.0,0.0,
3,5108-602BB33,0.0,0.0,
4,5108-602BB33,0.0,0.0,
5,5108-602BB33,0.0,0.0,
6,5108-602BB33,1.0,1,MA-RH-0031A-05C
1,1751-406CB17,0.0,0.0,
2,1751-406CB17,0.0,0.0,
3,1751-406CB17,0.0,0.0,
4,1751-406CB17,1.0,1.0,MA-1751-406CB17
5,1751-406CB17,1.0,1.0,L1-1751-406CB17
6,1751-406CB17,1.0,1,LA-1751-406CB17-MC
1,1751-406CB20,0.0,0.0,
2,1751-406CB20,0.0,0.0,
3,1751-406CB20,0.0,0.0,
4,1751-406CB20,1.0,1.0,MA-1751-406CB20
5,1751-406CB20,1.0,1.0,L1-1751-406CB20
6,1751-406CB20,1.0,1,LA-1751-406CB20-MC
1,1751-406CB18,0.0,0.0,
2,1751-406CB18,0.0,0.0,
3,1751-406CB18,0.0,0.0,
4,1751-406CB18,1.0,1.0,MA-1751-406CB18
5,1751-406CB18,1.0,1.0,L1-1751-406CB18
6,1751-406CB18,1.0,1,LA-1751-406CB18-MC
1,1751-406CB21,0.0,0.0,
2,1751-406CB21,0.0,0.0,
3,1751-406CB21,0.0,0.0,
4,1751-406CB21,1.0,1.0,MA-1751-406CB21
5,1751-406CB21,1.0,1.0,L1-1751-406CB21
6,1751-406CB21,1.0,1,LA-1751-406CB21-MC
1,6211-409AA340,0.0,0.0,
2,6211-409AA340,0.0,0.0,
3,6211-409AA340,0.0,0.0,
4,6211-409AA340,0.0,0.0,
5,6211-409AA340,1.0,1.0,MA-5516-409AA34-S
6,6211-409AA340,1.0,1,L1-5516-409AA34-S
1,130-407AA13,0.0,0.0,
2,130-407AA13,0.0,0.0,
3,130-407AA13,0.0,0.0,
4,130-407AA13,1.0,1.0,MA-130-407AA13
5,130-407AA13,1.0,1.0,L1-130-407AA13
6,130-407AA13,1.0,1,L2-130-407AA13
1,1355-414AA,0.0,0.0,
2,1355-414AA,0.0,0.0,
3,1355-414AA,0.0,0.0,
4,1355-414AA,1.0,1.0,MA-1355-414AA
5,1355-414AA,1.0,1.0,L1-1355-414AA
6,1355-414AA,1.0,1,L2-1355-414AA
1,1355-417AB24,0.0,0.0,
2,1355-417AB24,0.0,0.0,
3,1355-417AB24,0.0,0.0,
4,1355-417AB24,0.0,0.0,
5,1355-417AB24,0.0,0.0,
6,1355-417AB24,1.0,3,MA-1355-417AB24-DRUM
1,5521-601AB19,0.0,0.0,
2,5521-601AB19,0.0,0.0,
3,5521-601AB19,0.0,0.0,
4,5521-601AB19,1.0,1.0,MA-1355-601BA19
5,5521-601AB19,1.0,1.0,L1-1355-601BA19
6,5521-601AB19,1.0,1,LA-1355-601BA19-L2
1,12Q-411KA36,0.0,0.0,
2,12Q-411KA36,0.0,0.0,
3,12Q-411KA36,1.0,1.0,MA-12Q-411BA36
4,12Q-411KA36,1.0,1.0,L1-12Q-411BA36
5,12Q-411KA36,1.0,1.0,LA-12Q-411BA36-L2
6,12Q-411KA36,1.0,1,LA-12Q-411KA36-MC
1,130-501BA14,0.0,0.0,
2,130-501BA14,0.0,0.0,
3,130-501BA14,0.0,0.0,
4,130-501BA14,0.0,0.0,
5,130-501BA14,1.0,1.0,MA-130-501BA14
6,130-501BA14,1.0,1,L1-130-501BA14
1,1355-402AA24,0.0,0.0,
2,1355-402AA24,0.0,0.0,
3,1355-402AA24,0.0,0.0,
4,1355-402AA24,0.0,0.0,
5,1355-402AA24,1.0,1.0,MA-1355-402AA24
6,1355-402AA24,1.0,1,L1-1355-402AA24
1,1355-403CB24,0.0,0.0,
2,1355-403CB24,0.0,0.0,
3,1355-403CB24,0.0,0.0,
4,1355-403CB24,0.0,0.0,
5,1355-403CB24,1.0,1.0,MA-1355-403CB24
6,1355-403CB24,1.0,1,L1-1355-403CB24
1,1355-440AA24,0.0,0.0,
2,1355-440AA24,0.0,0.0,
3,1355-440AA24,0.0,0.0,
4,1355-440AA24,0.0,0.0,
5,1355-440AA24,1.0,1.0,MA-1355-440AA24
6,1355-440AA24,1.0,1,L1-1355-440AA24
1,201-502BA13,0.0,0.0,
2,201-502BA13,0.0,0.0,
3,201-502BA13,0.0,0.0,
4,201-502BA13,0.0,0.0,
5,201-502BA13,1.0,1.0,MA-201-502BA13
6,201-502BA13,1.0,1,L1-201-502BA13
1,3154-409AB190,0.0,0.0,
2,3154-409AB190,0.0,0.0,
3,3154-409AB190,0.0,0.0,
4,3154-409AB190,0.0,0.0,
5,3154-409AB190,1.0,4.0,MA-3154-409AA19-S
6,3154-409AB190,1.0,1,L1-3154-409AA19-S
1,3154-409AB220,0.0,0.0,
2,3154-409AB220,0.0,0.0,
3,3154-409AB220,0.0,0.0,
4,3154-409AB220,0.0,0.0,
5,3154-409AB220,1.0,4.0,MA-3154-409AA22-S
6,3154-409AB220,1.0,1,L1-3154-409AA22-S
1,335-409EA300,0.0,0.0,
2,335-409EA300,0.0,0.0,
3,335-409EA300,0.0,0.0,
4,335-409EA300,0.0,0.0,
5,335-409EA300,1.0,1.0,MA-478-409BA30-S
6,335-409EA300,1.0,1,L1-478-409BA30-S
1,3154-405AA190,0.0,0.0,
2,3154-405AA190,0.0,0.0,
3,3154-405AA190,0.0,0.0,
4,3154-405AA190,0.0,0.0,
5,3154-405AA190,1.0,1.0,MA-81-405FA19
6,3154-405AA190,1.0,1,L1-81-405FA19
1,3154-405AA220,0.0,0.0,
2,3154-405AA220,0.0,0.0,
3,3154-405AA220,0.0,0.0,
4,3154-405AA220,0.0,0.0,
5,3154-405AA220,1.0,1.0,MA-81-405FA22
6,3154-405AA220,1.0,1,L1-81-405FA22
1,3154-410AA190,0.0,0.0,
2,3154-410AA190,0.0,0.0,
3,3154-410AA190,0.0,0.0,
4,3154-410AA190,0.0,0.0,
5,3154-410AA190,1.0,1.0,MA-970-41019-S
6,3154-410AA190,1.0,3,LC-970-41019-S
1,3154-410AA220,0.0,0.0,
2,3154-410AA220,0.0,0.0,
3,3154-410AA220,0.0,0.0,
4,3154-410AA220,0.0,0.0,
5,3154-410AA220,1.0,1.0,MA-970-41022-S
6,3154-410AA220,1.0,3,LC-970-41022-S
1,1531-103BA24,0.0,0.0,
2,1531-103BA24,0.0,0.0,
3,1531-103BA24,0.0,0.0,
4,1531-103BA24,0.0,0.0,
5,1531-103BA24,0.0,0.0,
6,1531-103BA24,1.0,1,MA-1531-103BA24
1,1531-102DA,0.0,0.0,
2,1531-102DA,0.0,0.0,
3,1531-102DA,0.0,0.0,
4,1531-102DA,0.0,0.0,
5,1531-102DA,0.0,0.0,
6,1531-102DA,1.0,1,MA-1531-102AA
1,1531-102EB,0.0,0.0,
2,1531-102EB,0.0,0.0,
3,1531-102EB,0.0,0.0,
4,1531-102EB,0.0,0.0,
5,1531-102EB,0.0,0.0,
6,1531-102EB,1.0,1,MA-1531-102BA
1,KF30-00901AA,0.0,0.0,
2,KF30-00901AA,0.0,0.0,
3,KF30-00901AA,0.0,0.0,
4,KF30-00901AA,0.0,0.0,
5,KF30-00901AA,0.0,0.0,
6,KF30-00901AA,1.0,1,MA-KF30-00901AA
1,1355-404BA,0.0,0.0,
2,1355-404BA,0.0,0.0,
3,1355-404BA,0.0,0.0,
4,1355-404BA,0.0,0.0,
5,1355-404BA,0.0,0.0,
6,1355-404BA,1.0,1,MA-1355-404BA
1,K-13801D,0.0,0.0,
2,K-13801D,0.0,0.0,
3,K-13801D,0.0,0.0,
4,K-13801D,0.0,0.0,
5,K-13801D,1.0,1.0,MA-K-13801D
6,K-13801D,1.0,1,MC-K-13801D
1,5154-501AA36,0.0,0.0,
2,5154-501AA36,0.0,0.0,
3,5154-501AA36,0.0,0.0,
4,5154-501AA36,1.0,1.0,MA-161-501QA36
5,5154-501AA36,1.0,1.0,L1-161-501QA36
6,5154-501AA36,1.0,1,LA-161-501QA36-DF
1,474-601AB34,0.0,0.0,
2,474-601AB34,0.0,0.0,
3,474-601AB34,0.0,0.0,
4,474-601AB34,1.0,1.0,MA-165-601BA34
5,474-601AB34,1.0,1.0,L1-165-601BA34
6,474-601AB34,1.0,1,LA-165-601BA34-L2
1,5154-601AA36,0.0,0.0,
2,5154-601AA36,0.0,0.0,
3,5154-601AA36,0.0,0.0,
4,5154-601AA36,1.0,1.0,MA-165-601BA38
5,5154-601AA36,1.0,1.0,L1-165-601BA38
6,5154-601AA36,1.0,1,LA-165-601HA36-L2
1,6214-501BA34,0.0,0.0,
2,6214-501BA34,0.0,0.0,
3,6214-501BA34,0.0,0.0,
4,6214-501BA34,1.0,1.0,MA-5500-501EB34
5,6214-501BA34,1.0,1.0,L1-5500-501EB34
6,6214-501BA34,1.0,1,LA-5500-501EB34-DF
1,5533-501AA34,0.0,0.0,
2,5533-501AA34,0.0,0.0,
3,5533-501AA34,0.0,0.0,
4,5533-501AA34,1.0,1.0,MA-5529-501CA34
5,5533-501AA34,1.0,1.0,L1-5529-501CA34
6,5533-501AA34,1.0,1,LA-5529-501CA34-DF
1,5517-501CA34,0.0,0.0,
2,5517-501CA34,0.0,0.0,
3,5517-501CA34,0.0,0.0,
4,5517-501CA34,1.0,1.0,MA-5529-501CA34
5,5517-501CA34,1.0,1.0,L1-5529-501CA34
6,5517-501CA34,1.0,1,LA-5529-501CA34-DF
1,6104-601AA34,0.0,0.0,
2,6104-601AA34,0.0,0.0,
3,6104-601AA34,0.0,0.0,
4,6104-601AA34,1.0,1.0,MA-6104-601AA34
5,6104-601AA34,1.0,1.0,L1-6104-601AA34
6,6104-601AA34,1.0,1,L2-6104-601AA34
1,161-406RE34,0.0,0.0,
2,161-406RE34,0.0,0.0,
3,161-406RE34,1.0,1.0,MA-161-406RE34
4,161-406RE34,1.0,1.0,L1-161-406RE34
5,161-406RE34,1.0,1.0,LA-161-406RE34-D
6,161-406RE34,1.0,1,LA-161-406RE34-MC
1,SPL-1522GAA,0.0,0.0,
2,SPL-1522GAA,0.0,0.0,
3,SPL-1522GAA,0.0,0.0,
4,SPL-1522GAA,0.0,0.0,
5,SPL-1522GAA,1.0,1.0,MA-1751-404AA
6,SPL-1522GAA,1.0,1,MC-SPL-1522GAA
1,265-409330,0.0,0.0,
2,265-409330,0.0,0.0,
3,265-409330,0.0,0.0,
4,265-409330,0.0,0.0,
5,265-409330,1.0,1.0,MA-220-40933-S
6,265-409330,1.0,1,L1-220-40933-S
1,259-405A260,0.0,0.0,
2,259-405A260,0.0,0.0,
3,259-405A260,0.0,0.0,
4,259-405A260,0.0,0.0,
5,259-405A260,1.0,1.0,MA-259-405A26-S
6,259-405A260,1.0,1,L1-259-405A26-S
1,78-405GA420,0.0,0.0,
2,78-405GA420,0.0,0.0,
3,78-405GA420,0.0,0.0,
4,78-405GA420,0.0,0.0,
5,78-405GA420,1.0,1.0,MA-328-405AA42-S
6,78-405GA420,1.0,1,L1-328-405AA42-S
1,274-405AB300,0.0,0.0,
2,274-405AB300,0.0,0.0,
3,274-405AB300,0.0,0.0,
4,274-405AB300,0.0,0.0,
5,274-405AB300,1.0,1.0,MA-335-405AA30-S
6,274-405AB300,1.0,1,L1-335-405AA30-S
1,335-405AA330,0.0,0.0,
2,335-405AA330,0.0,0.0,
3,335-405AA330,0.0,0.0,
4,335-405AA330,0.0,0.0,
5,335-405AA330,1.0,1.0,MA-335-405AA33-S
6,335-405AA330,1.0,1,L1-335-405AA33-S
1,335-405BA330,0.0,0.0,
2,335-405BA330,0.0,0.0,
3,335-405BA330,0.0,0.0,
4,335-405BA330,0.0,0.0,
5,335-405BA330,1.0,1.0,MA-335-405AA33-S
6,335-405BA330,1.0,1,L1-335-405AA33-S
1,355-405330,0.0,0.0,
2,355-405330,0.0,0.0,
3,355-405330,0.0,0.0,
4,355-405330,0.0,0.0,
5,355-405330,1.0,1.0,MA-335-405AA33-S
6,355-405330,1.0,1,L1-335-405AA33-S
1,274-405AB340,0.0,0.0,
2,274-405AB340,0.0,0.0,
3,274-405AB340,0.0,0.0,
4,274-405AB340,0.0,0.0,
5,274-405AB340,1.0,1.0,MA-335-405AA34-S
6,274-405AB340,1.0,1,L1-335-405AA34-S
1,6207-405AA340,0.0,0.0,
2,6207-405AA340,0.0,0.0,
3,6207-405AA340,0.0,0.0,
4,6207-405AA340,0.0,0.0,
5,6207-405AA340,1.0,1.0,MA-335-405AA34-S
6,6207-405AA340,1.0,1,L1-335-405AA34-S
1,274-405AB380,0.0,0.0,
2,274-405AB380,0.0,0.0,
3,274-405AB380,0.0,0.0,
4,274-405AB380,0.0,0.0,
5,274-405AB380,1.0,1.0,MA-335-405AA38-S
6,274-405AB380,1.0,1,L1-335-405AA38-S
1,274-405BA380,0.0,0.0,
2,274-405BA380,0.0,0.0,
3,274-405BA380,0.0,0.0,
4,274-405BA380,0.0,0.0,
5,274-405BA380,1.0,1.0,MA-335-405AA38-S
6,274-405BA380,1.0,1,L1-335-405AA38-S
1,274-405CA420,0.0,0.0,
2,274-405CA420,0.0,0.0,
3,274-405CA420,0.0,0.0,
4,274-405CA420,0.0,0.0,
5,274-405CA420,1.0,1.0,MA-335-405AA42-S
6,274-405CA420,1.0,1,L1-335-405AA42-S
1,478-409KA420,0.0,0.0,
2,478-409KA420,0.0,0.0,
3,478-409KA420,0.0,0.0,
4,478-409KA420,0.0,0.0,
5,478-409KA420,1.0,1.0,MA-339-409AA42-S
6,478-409KA420,1.0,1,L1-339-409AA42-S
1,5157-502EA30,0.0,0.0,
2,5157-502EA30,0.0,0.0,
3,5157-502EA30,0.0,0.0,
4,5157-502EA30,0.0,0.0,
5,5157-502EA30,1.0,1.0,MA-474-502AA30
6,5157-502EA30,1.0,1,L1-474-502AA30
1,335-409AA340,0.0,0.0,
2,335-409AA340,0.0,0.0,
3,335-409AA340,0.0,0.0,
4,335-409AA340,0.0,0.0,
5,335-409AA340,1.0,1.0,MA-478-409AA34-S
6,335-409AA340,1.0,1,L1-478-409AA34-S
1,478-409AA340,0.0,0.0,
2,478-409AA340,0.0,0.0,
3,478-409AA340,0.0,0.0,
4,478-409AA340,0.0,0.0,
5,478-409AA340,1.0,1.0,MA-478-409AA34-S
6,478-409AA340,1.0,1,L1-478-409AA34-S
1,5610-409AA340,0.0,0.0,
2,5610-409AA340,0.0,0.0,
3,5610-409AA340,0.0,0.0,
4,5610-409AA340,0.0,0.0,
5,5610-409AA340,1.0,1.0,MA-478-409AA34-S
6,5610-409AA340,1.0,1,L1-478-409AA34-S
1,478-409AA360,0.0,0.0,
2,478-409AA360,0.0,0.0,
3,478-409AA360,0.0,0.0,
4,478-409AA360,0.0,0.0,
5,478-409AA360,1.0,1.0,MA-478-409AA36-S
6,478-409AA360,1.0,1,L1-478-409AA36-S
1,478-409AA400,0.0,0.0,
2,478-409AA400,0.0,0.0,
3,478-409AA400,0.0,0.0,
4,478-409AA400,0.0,0.0,
5,478-409AA400,1.0,1.0,MA-478-409AA40-S
6,478-409AA400,1.0,1,L1-478-409AA40-S
1,5121-409CA400,0.0,0.0,
2,5121-409CA400,0.0,0.0,
3,5121-409CA400,0.0,0.0,
4,5121-409CA400,0.0,0.0,
5,5121-409CA400,1.0,1.0,MA-478-409AA40-S
6,5121-409CA400,1.0,1,L1-478-409AA40-S
1,478-409EA330,0.0,0.0,
2,478-409EA330,0.0,0.0,
3,478-409EA330,0.0,0.0,
4,478-409EA330,0.0,0.0,
5,478-409EA330,1.0,1.0,MA-478-409BA33-S
6,478-409EA330,1.0,1,L1-478-409BA33-S
1,478-409EA340,0.0,0.0,
2,478-409EA340,0.0,0.0,
3,478-409EA340,0.0,0.0,
4,478-409EA340,0.0,0.0,
5,478-409EA340,1.0,1.0,MA-478-409BA34-S
6,478-409EA340,1.0,1,L1-478-409BA34-S
1,478-409EA380,0.0,0.0,
2,478-409EA380,0.0,0.0,
3,478-409EA380,0.0,0.0,
4,478-409EA380,0.0,0.0,
5,478-409EA380,1.0,1.0,MA-478-409BA38-S
6,478-409EA380,1.0,1,L1-478-409BA38-S
1,5168-502AA33,0.0,0.0,
2,5168-502AA33,0.0,0.0,
3,5168-502AA33,0.0,0.0,
4,5168-502AA33,0.0,0.0,
5,5168-502AA33,1.0,1.0,MA-5163-502AA33
6,5168-502AA33,1.0,1,L1-5163-502AA33
1,6104-409AA300,0.0,0.0,
2,6104-409AA300,0.0,0.0,
3,6104-409AA300,0.0,0.0,
4,6104-409AA300,0.0,0.0,
5,6104-409AA300,1.0,1.0,MA-5516-409AA30-S
6,6104-409AA300,1.0,1,L1-5516-409AA30-S
1,6207-409AA340,0.0,0.0,
2,6207-409AA340,0.0,0.0,
3,6207-409AA340,0.0,0.0,
4,6207-409AA340,0.0,0.0,
5,6207-409AA340,1.0,1.0,MA-5516-409AA34-S
6,6207-409AA340,1.0,1,L1-5516-409AA34-S
1,6104-409AA380,0.0,0.0,
2,6104-409AA380,0.0,0.0,
3,6104-409AA380,0.0,0.0,
4,6104-409AA380,0.0,0.0,
5,6104-409AA380,1.0,1.0,MA-5516-409AA38-S
6,6104-409AA380,1.0,1,L1-5516-409AA38-S
1,5541-502AB38,0.0,0.0,
2,5541-502AB38,0.0,0.0,
3,5541-502AB38,0.0,0.0,
4,5541-502AB38,0.0,0.0,
5,5541-502AB38,1.0,1.0,MA-5517-502AA38
6,5541-502AB38,1.0,1,L1-5517-502AA38
1,57-405B300,0.0,0.0,
2,57-405B300,0.0,0.0,
3,57-405B300,0.0,0.0,
4,57-405B300,0.0,0.0,
5,57-405B300,1.0,1.0,MA-57-40530-S
6,57-405B300,1.0,1,L1-57-40530-S
1,57-405B360,0.0,0.0,
2,57-405B360,0.0,0.0,
3,57-405B360,0.0,0.0,
4,57-405B360,0.0,0.0,
5,57-405B360,1.0,1.0,MA-57-40536-S
6,57-405B360,1.0,1,L1-57-40536-S
1,57-405B400,0.0,0.0,
2,57-405B400,0.0,0.0,
3,57-405B400,0.0,0.0,
4,57-405B400,0.0,0.0,
5,57-405B400,1.0,1.0,MA-57-40540-S
6,57-405B400,1.0,1,L1-57-40540-S
1,57-409D300,0.0,0.0,
2,57-409D300,0.0,0.0,
3,57-409D300,0.0,0.0,
4,57-409D300,0.0,0.0,
5,57-409D300,1.0,1.0,MA-57-40930-S
6,57-409D300,1.0,1,L1-57-40930-S
1,76-409E330,0.0,0.0,
2,76-409E330,0.0,0.0,
3,76-409E330,0.0,0.0,
4,76-409E330,0.0,0.0,
5,76-409E330,1.0,1.0,MA-57-40933-S
6,76-409E330,1.0,1,L1-57-40933-S
1,57-409D360,0.0,0.0,
2,57-409D360,0.0,0.0,
3,57-409D360,0.0,0.0,
4,57-409D360,0.0,0.0,
5,57-409D360,1.0,1.0,MA-57-40936-S
6,57-409D360,1.0,1,L1-57-40936-S
1,59-409DA260,0.0,0.0,
2,59-409DA260,0.0,0.0,
3,59-409DA260,0.0,0.0,
4,59-409DA260,0.0,0.0,
5,59-409DA260,1.0,1.0,MA-59-40926-S
6,59-409DA260,1.0,1,L1-59-40926-S
1,6104-409CA380,0.0,0.0,
2,6104-409CA380,0.0,0.0,
3,6104-409CA380,0.0,0.0,
4,6104-409CA380,0.0,0.0,
5,6104-409CA380,1.0,1.0,MA-6104-409CA38-S
6,6104-409CA380,1.0,1,L1-6104-409CA38-S
1,3538-652AA34,0.0,0.0,
2,3538-652AA34,0.0,0.0,
3,3538-652AA34,0.0,0.0,
4,3538-652AA34,0.0,0.0,
5,3538-652AA34,1.0,1.0,MA-720-65234-DRUM
6,3538-652AA34,1.0,4,L1-720-65234-DRUM
1,3550-652AA34,0.0,0.0,
2,3550-652AA34,0.0,0.0,
3,3550-652AA34,0.0,0.0,
4,3550-652AA34,0.0,0.0,
5,3550-652AA34,1.0,1.0,MA-720-65234-DRUM
6,3550-652AA34,1.0,4,L1-720-65234-DRUM
1,73-409E300,0.0,0.0,
2,73-409E300,0.0,0.0,
3,73-409E300,0.0,0.0,
4,73-409E300,0.0,0.0,
5,73-409E300,1.0,1.0,MA-73-40930-S
6,73-409E300,1.0,1,L1-73-40930-S
1,740-409FA260,0.0,0.0,
2,740-409FA260,0.0,0.0,
3,740-409FA260,0.0,0.0,
4,740-409FA260,0.0,0.0,
5,740-409FA260,1.0,5.0,MA-740-40926-S
6,740-409FA260,1.0,1,L1-740-40926-S
1,81-409B260,0.0,0.0,
2,81-409B260,0.0,0.0,
3,81-409B260,0.0,0.0,
4,81-409B260,0.0,0.0,
5,81-409B260,1.0,5.0,MA-740-40926-S
6,81-409B260,1.0,1,L1-740-40926-S
1,740-409FA300,0.0,0.0,
2,740-409FA300,0.0,0.0,
3,740-409FA300,0.0,0.0,
4,740-409FA300,0.0,0.0,
5,740-409FA300,1.0,5.0,MA-740-40930-S
6,740-409FA300,1.0,1,L1-740-40930-S
1,740-409HA300,0.0,0.0,
2,740-409HA300,0.0,0.0,
3,740-409HA300,0.0,0.0,
4,740-409HA300,0.0,0.0,
5,740-409HA300,1.0,5.0,MA-740-40930-S
6,740-409HA300,1.0,1,L1-740-40930-S
1,740-409FA320,0.0,0.0,
2,740-409FA320,0.0,0.0,
3,740-409FA320,0.0,0.0,
4,740-409FA320,0.0,0.0,
5,740-409FA320,1.0,5.0,MA-740-40932-S
6,740-409FA320,1.0,1,L1-740-40932-S
1,740-409FA340,0.0,0.0,
2,740-409FA340,0.0,0.0,
3,740-409FA340,0.0,0.0,
4,740-409FA340,0.0,0.0,
5,740-409FA340,1.0,5.0,MA-740-40934-S
6,740-409FA340,1.0,1,L1-740-40934-S
1,740-409FA380,0.0,0.0,
2,740-409FA380,0.0,0.0,
3,740-409FA380,0.0,0.0,
4,740-409FA380,0.0,0.0,
5,740-409FA380,1.0,5.0,MA-740-40938-S
6,740-409FA380,1.0,1,L1-740-40938-S
1,78-405300,0.0,0.0,
2,78-405300,0.0,0.0,
3,78-405300,0.0,0.0,
4,78-405300,0.0,0.0,
5,78-405300,1.0,1.0,MA-78-40531-S
6,78-405300,1.0,1,L1-78-40531-S
1,78-405A300,0.0,0.0,
2,78-405A300,0.0,0.0,
3,78-405A300,0.0,0.0,
4,78-405A300,0.0,0.0,
5,78-405A300,1.0,1.0,MA-78-40531-S
6,78-405A300,1.0,1,L1-78-40531-S
1,78-405330,0.0,0.0,
2,78-405330,0.0,0.0,
3,78-405330,0.0,0.0,
4,78-405330,0.0,0.0,
5,78-405330,1.0,1.0,MA-78-40533-S
6,78-405330,1.0,1,L1-78-40533-S
1,78-405A330,0.0,0.0,
2,78-405A330,0.0,0.0,
3,78-405A330,0.0,0.0,
4,78-405A330,0.0,0.0,
5,78-405A330,1.0,1.0,MA-78-40533-S
6,78-405A330,1.0,1,L1-78-40533-S
1,78-405EA330,0.0,0.0,
2,78-405EA330,0.0,0.0,
3,78-405EA330,0.0,0.0,
4,78-405EA330,0.0,0.0,
5,78-405EA330,1.0,1.0,MA-78-40533-S
6,78-405EA330,1.0,1,L1-78-40533-S
1,78-405A340,0.0,0.0,
2,78-405A340,0.0,0.0,
3,78-405A340,0.0,0.0,
4,78-405A340,0.0,0.0,
5,78-405A340,1.0,1.0,MA-78-40534-S
6,78-405A340,1.0,1,L1-78-40534-S
1,78-405EA340,0.0,0.0,
2,78-405EA340,0.0,0.0,
3,78-405EA340,0.0,0.0,
4,78-405EA340,0.0,0.0,
5,78-405EA340,1.0,1.0,MA-78-40534-S
6,78-405EA340,1.0,1,L1-78-40534-S
1,78-405A360,0.0,0.0,
2,78-405A360,0.0,0.0,
3,78-405A360,0.0,0.0,
4,78-405A360,0.0,0.0,
5,78-405A360,1.0,1.0,MA-78-40536-S
6,78-405A360,1.0,1,L1-78-40536-S
1,78-405A380,0.0,0.0,
2,78-405A380,0.0,0.0,
3,78-405A380,0.0,0.0,
4,78-405A380,0.0,0.0,
5,78-405A380,1.0,1.0,MA-78-40538-S
6,78-405A380,1.0,1,L1-78-40538-S
1,78-405EA380,0.0,0.0,
2,78-405EA380,0.0,0.0,
3,78-405EA380,0.0,0.0,
4,78-405EA380,0.0,0.0,
5,78-405EA380,1.0,1.0,MA-78-40538-S
6,78-405EA380,1.0,1,L1-78-40538-S
1,78-405A400,0.0,0.0,
2,78-405A400,0.0,0.0,
3,78-405A400,0.0,0.0,
4,78-405A400,0.0,0.0,
5,78-405A400,1.0,1.0,MA-78-40540-S
6,78-405A400,1.0,1,L1-78-40540-S
1,335-409AA300,0.0,0.0,
2,335-409AA300,0.0,0.0,
3,335-409AA300,0.0,0.0,
4,335-409AA300,0.0,0.0,
5,335-409AA300,1.0,1.0,MA-79-409B30-S
6,335-409AA300,1.0,1,L1-79-409B30-S
1,478-409AA300,0.0,0.0,
2,478-409AA300,0.0,0.0,
3,478-409AA300,0.0,0.0,
4,478-409AA300,0.0,0.0,
5,478-409AA300,1.0,1.0,MA-79-409B30-S
6,478-409AA300,1.0,1,L1-79-409B30-S
1,279-409A330,0.0,0.0,
2,279-409A330,0.0,0.0,
3,279-409A330,0.0,0.0,
4,279-409A330,0.0,0.0,
5,279-409A330,1.0,1.0,MA-79-409B33-S
6,279-409A330,1.0,1,L1-79-409B33-S
1,279-409BA330,0.0,0.0,
2,279-409BA330,0.0,0.0,
3,279-409BA330,0.0,0.0,
4,279-409BA330,0.0,0.0,
5,279-409BA330,1.0,1.0,MA-79-409B33-S
6,279-409BA330,1.0,1,L1-79-409B33-S
1,335-409AA330,0.0,0.0,
2,335-409AA330,0.0,0.0,
3,335-409AA330,0.0,0.0,
4,335-409AA330,0.0,0.0,
5,335-409AA330,1.0,1.0,MA-79-409B33-S
6,335-409AA330,1.0,1,L1-79-409B33-S
1,335-409AA380,0.0,0.0,
2,335-409AA380,0.0,0.0,
3,335-409AA380,0.0,0.0,
4,335-409AA380,0.0,0.0,
5,335-409AA380,1.0,1.0,MA-79-409B38-S
6,335-409AA380,1.0,1,L1-79-409B38-S
1,810-410CA300,0.0,0.0,
2,810-410CA300,0.0,0.0,
3,810-410CA300,0.0,0.0,
4,810-410CA300,0.0,0.0,
5,810-410CA300,1.0,1.0,MA-810-410CA30-S
6,810-410CA300,1.0,4,LC-810-410CA30-S
1,810-410CA340,0.0,0.0,
2,810-410CA340,0.0,0.0,
3,810-410CA340,0.0,0.0,
4,810-410CA340,0.0,0.0,
5,810-410CA340,1.0,1.0,MA-810-410CA34-S
6,810-410CA340,1.0,4,LC-810-410CA34-S
1,81-405EA140,0.0,0.0,
2,81-405EA140,0.0,0.0,
3,81-405EA140,0.0,0.0,
4,81-405EA140,0.0,0.0,
5,81-405EA140,1.0,1.0,MA-81-40514
6,81-405EA140,1.0,1,L1-81-405EA14
1,81-405EA150,0.0,0.0,
2,81-405EA150,0.0,0.0,
3,81-405EA150,0.0,0.0,
4,81-405EA150,0.0,0.0,
5,81-405EA150,1.0,1.0,MA-81-40515
6,81-405EA150,1.0,1,L1-81-405EA15
1,81-405EA160,0.0,0.0,
2,81-405EA160,0.0,0.0,
3,81-405EA160,0.0,0.0,
4,81-405EA160,0.0,0.0,
5,81-405EA160,1.0,1.0,MA-81-40516
6,81-405EA160,1.0,1,L1-81-405EA16
1,81-405EA170,0.0,0.0,
2,81-405EA170,0.0,0.0,
3,81-405EA170,0.0,0.0,
4,81-405EA170,0.0,0.0,
5,81-405EA170,1.0,1.0,MA-81-40517
6,81-405EA170,1.0,1,L1-81-405EA17
1,81-405EA200,0.0,0.0,
2,81-405EA200,0.0,0.0,
3,81-405EA200,0.0,0.0,
4,81-405EA200,0.0,0.0,
5,81-405EA200,1.0,1.0,MA-81-40520
6,81-405EA200,1.0,1,L1-81-405EA20
1,81-405EA260,0.0,0.0,
2,81-405EA260,0.0,0.0,
3,81-405EA260,0.0,0.0,
4,81-405EA260,0.0,0.0,
5,81-405EA260,1.0,1.0,MA-81-40526
6,81-405EA260,1.0,1,L1-81-405EA26
1,81-405GA260,0.0,0.0,
2,81-405GA260,0.0,0.0,
3,81-405GA260,0.0,0.0,
4,81-405GA260,0.0,0.0,
5,81-405GA260,1.0,1.0,MA-81-40526
6,81-405GA260,1.0,1,L1-81-405EA26
1,81-405EA280,0.0,0.0,
2,81-405EA280,0.0,0.0,
3,81-405EA280,0.0,0.0,
4,81-405EA280,0.0,0.0,
5,81-405EA280,1.0,1.0,MA-81-40528
6,81-405EA280,1.0,1,L1-81-405EA28
1,816-405DA300,0.0,0.0,
2,816-405DA300,0.0,0.0,
3,816-405DA300,0.0,0.0,
4,816-405DA300,0.0,0.0,
5,816-405DA300,1.0,1.0,MA-816-405CA30-S
6,816-405DA300,1.0,1,L1-816-405CA30-S
1,816-405EA300,0.0,0.0,
2,816-405EA300,0.0,0.0,
3,816-405EA300,0.0,0.0,
4,816-405EA300,0.0,0.0,
5,816-405EA300,1.0,1.0,MA-816-405CA30-S
6,816-405EA300,1.0,1,L1-816-405CA30-S
1,816-405FA300,0.0,0.0,
2,816-405FA300,0.0,0.0,
3,816-405FA300,0.0,0.0,
4,816-405FA300,0.0,0.0,
5,816-405FA300,1.0,1.0,MA-816-405CA30-S
6,816-405FA300,1.0,1,L1-816-405CA30-S
1,816-405DA340,0.0,0.0,
2,816-405DA340,0.0,0.0,
3,816-405DA340,0.0,0.0,
4,816-405DA340,0.0,0.0,
5,816-405DA340,1.0,1.0,MA-816-405CA34-S
6,816-405DA340,1.0,1,L1-816-405CA34-S
1,816-405EA340,0.0,0.0,
2,816-405EA340,0.0,0.0,
3,816-405EA340,0.0,0.0,
4,816-405EA340,0.0,0.0,
5,816-405EA340,1.0,1.0,MA-816-405CA34-S
6,816-405EA340,1.0,1,L1-816-405CA34-S
1,816-405FA340,0.0,0.0,
2,816-405FA340,0.0,0.0,
3,816-405FA340,0.0,0.0,
4,816-405FA340,0.0,0.0,
5,816-405FA340,1.0,1.0,MA-816-405CA34-S
6,816-405FA340,1.0,1,L1-816-405CA34-S
1,87-405GA300,0.0,0.0,
2,87-405GA300,0.0,0.0,
3,87-405GA300,0.0,0.0,
4,87-405GA300,0.0,0.0,
5,87-405GA300,1.0,1.0,MA-87-40530
6,87-405GA300,1.0,1,L1-87-405EA30
1,87-405EA320,0.0,0.0,
2,87-405EA320,0.0,0.0,
3,87-405EA320,0.0,0.0,
4,87-405EA320,0.0,0.0,
5,87-405EA320,1.0,1.0,MA-87-40532
6,87-405EA320,1.0,1,L1-87-405EA32
1,87-405GA320,0.0,0.0,
2,87-405GA320,0.0,0.0,
3,87-405GA320,0.0,0.0,
4,87-405GA320,0.0,0.0,
5,87-405GA320,1.0,1.0,MA-87-40532
6,87-405GA320,1.0,1,L1-87-405EA32
1,87-405GA340,0.0,0.0,
2,87-405GA340,0.0,0.0,
3,87-405GA340,0.0,0.0,
4,87-405GA340,0.0,0.0,
5,87-405GA340,1.0,1.0,MA-87-40534
6,87-405GA340,1.0,1,L1-87-405EA34
1,87-405EA360,0.0,0.0,
2,87-405EA360,0.0,0.0,
3,87-405EA360,0.0,0.0,
4,87-405EA360,0.0,0.0,
5,87-405EA360,1.0,1.0,MA-87-40536
6,87-405EA360,1.0,1,L1-87-405EA36
1,87-405EA380,0.0,0.0,
2,87-405EA380,0.0,0.0,
3,87-405EA380,0.0,0.0,
4,87-405EA380,0.0,0.0,
5,87-405EA380,1.0,1.0,MA-87-40538
6,87-405EA380,1.0,1,L1-87-405EA38
1,87-405EA400,0.0,0.0,
2,87-405EA400,0.0,0.0,
3,87-405EA400,0.0,0.0,
4,87-405EA400,0.0,0.0,
5,87-405EA400,1.0,1.0,MA-87-40540
6,87-405EA400,1.0,1,L1-87-405EA40
1,87-409B300,0.0,0.0,
2,87-409B300,0.0,0.0,
3,87-409B300,0.0,0.0,
4,87-409B300,0.0,0.0,
5,87-409B300,1.0,4.0,MA-740-40930-S
6,87-409B300,1.0,1,L1-740-40930-S
1,740-410EA140,0.0,0.0,
2,740-410EA140,0.0,0.0,
3,740-410EA140,0.0,0.0,
4,740-410EA140,0.0,0.0,
5,740-410EA140,1.0,1.0,MA-970-41014-S
6,740-410EA140,1.0,4,LC-970-41014-S
1,740-410EA150,0.0,0.0,
2,740-410EA150,0.0,0.0,
3,740-410EA150,0.0,0.0,
4,740-410EA150,0.0,0.0,
5,740-410EA150,1.0,1.0,MA-970-41015-S
6,740-410EA150,1.0,4,LC-970-41015-S
1,740-410EA160,0.0,0.0,
2,740-410EA160,0.0,0.0,
3,740-410EA160,0.0,0.0,
4,740-410EA160,0.0,0.0,
5,740-410EA160,1.0,1.0,MA-970-41016-S
6,740-410EA160,1.0,4,LC-970-41016-S
1,740-410EA170,0.0,0.0,
2,740-410EA170,0.0,0.0,
3,740-410EA170,0.0,0.0,
4,740-410EA170,0.0,0.0,
5,740-410EA170,1.0,1.0,MA-970-41017-S
6,740-410EA170,1.0,4,LC-970-41017-S
1,740-410EA200,0.0,0.0,
2,740-410EA200,0.0,0.0,
3,740-410EA200,0.0,0.0,
4,740-410EA200,0.0,0.0,
5,740-410EA200,1.0,1.0,MA-970-41020-S
6,740-410EA200,1.0,4,LC-970-41020-S
1,740-410EA260,0.0,0.0,
2,740-410EA260,0.0,0.0,
3,740-410EA260,0.0,0.0,
4,740-410EA260,0.0,0.0,
5,740-410EA260,1.0,1.0,MA-970-41026-S
6,740-410EA260,1.0,4,LC-970-41026-S
1,740-410FA260,0.0,0.0,
2,740-410FA260,0.0,0.0,
3,740-410FA260,0.0,0.0,
4,740-410FA260,0.0,0.0,
5,740-410FA260,1.0,1.0,MA-970-41026-S
6,740-410FA260,1.0,4,LC-970-41026-S
1,740-410KA260,0.0,0.0,
2,740-410KA260,0.0,0.0,
3,740-410KA260,0.0,0.0,
4,740-410KA260,0.0,0.0,
5,740-410KA260,1.0,1.0,MA-970-41026-S
6,740-410KA260,1.0,4,LC-970-41026-S
1,740-410EA280,0.0,0.0,
2,740-410EA280,0.0,0.0,
3,740-410EA280,0.0,0.0,
4,740-410EA280,0.0,0.0,
5,740-410EA280,1.0,1.0,MA-970-41028-S
6,740-410EA280,1.0,4,LC-970-41028-S
1,740-410EA30,0.0,0.0,
2,740-410EA30,0.0,0.0,
3,740-410EA30,0.0,0.0,
4,740-410EA30,0.0,0.0,
5,740-410EA30,1.0,1.0,MA-970-41030-S
6,740-410EA30,1.0,4,LC-970-41030-S
1,740-410FA300,0.0,0.0,
2,740-410FA300,0.0,0.0,
3,740-410FA300,0.0,0.0,
4,740-410FA300,0.0,0.0,
5,740-410FA300,1.0,1.0,MA-970-41030-S
6,740-410FA300,1.0,4,LC-970-41030-S
1,740-410KA300,0.0,0.0,
2,740-410KA300,0.0,0.0,
3,740-410KA300,0.0,0.0,
4,740-410KA300,0.0,0.0,
5,740-410KA300,1.0,1.0,MA-970-41030-S
6,740-410KA300,1.0,4,LC-970-41030-S
1,740-410NA300,0.0,0.0,
2,740-410NA300,0.0,0.0,
3,740-410NA300,0.0,0.0,
4,740-410NA300,0.0,0.0,
5,740-410NA300,1.0,1.0,MA-970-41030-S
6,740-410NA300,1.0,4,LC-970-41030-S
1,740-410EA320,0.0,0.0,
2,740-410EA320,0.0,0.0,
3,740-410EA320,0.0,0.0,
4,740-410EA320,0.0,0.0,
5,740-410EA320,1.0,1.0,MA-970-41032-S
6,740-410EA320,1.0,4,LC-970-41032-S
1,740-410KA320,0.0,0.0,
2,740-410KA320,0.0,0.0,
3,740-410KA320,0.0,0.0,
4,740-410KA320,0.0,0.0,
5,740-410KA320,1.0,1.0,MA-970-41032-S
6,740-410KA320,1.0,4,LC-970-41032-S
1,740-410EA340,0.0,0.0,
2,740-410EA340,0.0,0.0,
3,740-410EA340,0.0,0.0,
4,740-410EA340,0.0,0.0,
5,740-410EA340,1.0,1.0,MA-970-41034-S
6,740-410EA340,1.0,4,LC-970-41034-S
1,740-410KA340,0.0,0.0,
2,740-410KA340,0.0,0.0,
3,740-410KA340,0.0,0.0,
4,740-410KA340,0.0,0.0,
5,740-410KA340,1.0,1.0,MA-970-41034-S
6,740-410KA340,1.0,4,LC-970-41034-S
1,740-410EA360,0.0,0.0,
2,740-410EA360,0.0,0.0,
3,740-410EA360,0.0,0.0,
4,740-410EA360,0.0,0.0,
5,740-410EA360,1.0,1.0,MA-970-41036-S
6,740-410EA360,1.0,4,LC-970-41036-S
1,740-410EA380,0.0,0.0,
2,740-410EA380,0.0,0.0,
3,740-410EA380,0.0,0.0,
4,740-410EA380,0.0,0.0,
5,740-410EA380,1.0,1.0,MA-970-41038-S
6,740-410EA380,1.0,4,LC-970-41038-S
1,740-410KA380,0.0,0.0,
2,740-410KA380,0.0,0.0,
3,740-410KA380,0.0,0.0,
4,740-410KA380,0.0,0.0,
5,740-410KA380,1.0,1.0,MA-970-41038-S
6,740-410KA380,1.0,4,LC-970-41038-S
1,740-410EA400,0.0,0.0,
2,740-410EA400,0.0,0.0,
3,740-410EA400,0.0,0.0,
4,740-410EA400,0.0,0.0,
5,740-410EA400,1.0,1.0,MA-970-41040-S
6,740-410EA400,1.0,4,LC-970-41040-S
1,3139-608AC30,0.0,0.0,
2,3139-608AC30,0.0,0.0,
3,3139-608AC30,0.0,0.0,
4,3139-608AC30,0.0,0.0,
5,3139-608AC30,1.0,3.0,MA-973-608AA30-DRUM
6,3139-608AC30,1.0,1,L1-631-60830
1,3139-608AB34,0.0,0.0,
2,3139-608AB34,0.0,0.0,
3,3139-608AB34,0.0,0.0,
4,3139-608AB34,0.0,0.0,
5,3139-608AB34,1.0,3.0,MA-973-608AA34-DRUM
6,3139-608AB34,1.0,1,L1-631-60834
1,6105-606AD36,0.0,0.0,
2,6105-606AD36,0.0,0.0,
3,6105-606AD36,0.0,0.0,
4,6105-606AD36,0.0,0.0,
5,6105-606AD36,0.0,0.0,
6,6105-606AD36,1.0,1,MA-RH-0031A-05C
1,6105-606AD38,0.0,0.0,
2,6105-606AD38,0.0,0.0,
3,6105-606AD38,0.0,0.0,
4,6105-606AD38,0.0,0.0,
5,6105-606AD38,0.0,0.0,
6,6105-606AD38,1.0,1,MA-RH-0031A-05C
1,6105-606AD42,0.0,0.0,
2,6105-606AD42,0.0,0.0,
3,6105-606AD42,0.0,0.0,
4,6105-606AD42,0.0,0.0,
5,6105-606AD42,0.0,0.0,
6,6105-606AD42,1.0,1,MA-RH-0031A-05C
1,6104-606AD34,0.0,0.0,
2,6104-606AD34,0.0,0.0,
3,6104-606AD34,0.0,0.0,
4,6104-606AD34,0.0,0.0,
5,6104-606AD34,0.0,0.0,
6,6104-606AD34,1.0,1,MA-RH-0031A-05C
1,5157-602AA34,0.0,0.0,
2,5157-602AA34,0.0,0.0,
3,5157-602AA34,0.0,0.0,
4,5157-602AA34,0.0,0.0,
5,5157-602AA34,0.0,0.0,
6,5157-602AA34,1.0,1,MA-RH-0031K-06B
1,5157-602BA34,0.0,0.0,
2,5157-602BA34,0.0,0.0,
3,5157-602BA34,0.0,0.0,
4,5157-602BA34,0.0,0.0,
5,5157-602BA34,0.0,0.0,
6,5157-602BA34,1.0,1,MA-RH-0031A-05C
1,5157-602EA30,0.0,0.0,
2,5157-602EA30,0.0,0.0,
3,5157-602EA30,0.0,0.0,
4,5157-602EA30,0.0,0.0,
5,5157-602EA30,0.0,0.0,
6,5157-602EA30,1.0,1,MA-RH-0031A-05D
1,3153-502JB30,0.0,0.0,
2,3153-502JB30,0.0,0.0,
3,3153-502JB30,0.0,0.0,
4,3153-502JB30,0.0,0.0,
5,3153-502JB30,0.0,0.0,
6,3153-502JB30,33.0,1,MA-RH-0175KD-21AA
1,3153-502JB34,0.0,0.0,
2,3153-502JB34,0.0,0.0,
3,3153-502JB34,0.0,0.0,
4,3153-502JB34,0.0,0.0,
5,3153-502JB34,0.0,0.0,
6,3153-502JB34,37.0,1,MA-RH-0175KD-21AA
1,3153-502EB30,0.0,0.0,
2,3153-502EB30,0.0,0.0,
3,3153-502EB30,0.0,0.0,
4,3153-502EB30,0.0,0.0,
5,3153-502EB30,0.0,0.0,
6,3153-502EB30,33.0,1,MA-RH-0175KD-21AA
1,603-601EA26,0.0,0.0,
2,603-601EA26,0.0,0.0,
3,603-601EA26,0.0,0.0,
4,603-601EA26,0.0,0.0,
5,603-601EA26,1.0,1.0,MA-603-601-BLOCK
6,603-601EA26,15.0,1,MC-603-601-BLOCK
1,3153-601EB30,0.0,0.0,
2,3153-601EB30,0.0,0.0,
3,3153-601EB30,0.0,0.0,
4,3153-601EB30,0.0,0.0,
5,3153-601EB30,1.0,1.0,MA-603-601-BLOCK
6,3153-601EB30,17.0,1,MC-603-601-BLOCK
1,3153-502JB26,0.0,0.0,
2,3153-502JB26,0.0,0.0,
3,3153-502JB26,0.0,0.0,
4,3153-502JB26,0.0,0.0,
5,3153-502JB26,0.0,0.0,
6,3153-502JB26,29.0,1,MA-RH-0175KD-21AA
1,3153-502JB32,0.0,0.0,
2,3153-502JB32,0.0,0.0,
3,3153-502JB32,0.0,0.0,
4,3153-502JB32,0.0,0.0,
5,3153-502JB32,0.0,0.0,
6,3153-502JB32,36.0,1,MA-RH-0175KD-21AA
1,3153-601EB26,0.0,0.0,
2,3153-601EB26,0.0,0.0,
3,3153-601EB26,0.0,0.0,
4,3153-601EB26,1.0,1.0,MA-603-601-BLOCK
5,3153-601EB26,15.0,1.0,MC-603-601-BLOCK
6,3153-601EB26,1.0,1,PL-3153-601EB26
1,3153-601EB32,0.0,0.0,
2,3153-601EB32,0.0,0.0,
3,3153-601EB32,0.0,0.0,
4,3153-601EB32,0.0,0.0,
5,3153-601EB32,1.0,1.0,MA-603-601-BLOCK
6,3153-601EB32,19.0,1,MC-603-601-BLOCK
1,478-409BA330,0.0,0.0,
2,478-409BA330,0.0,0.0,
3,478-409BA330,0.0,0.0,
4,478-409BA330,0.0,0.0,
5,478-409BA330,1.0,1.0,MA-478-409BA33-S
6,478-409BA330,1.0,1,L1-478-409BA33-S
1,3153-601FA28,0.0,0.0,
2,3153-601FA28,0.0,0.0,
3,3153-601FA28,0.0,0.0,
4,3153-601FA28,1.0,1.0,MA-603-601-BLOCK
5,3153-601FA28,16.0,1.0,MC-603-601-BLOCK
6,3153-601FA28,1.0,1,PL-3153-601FA28
1,5157-502AA34,0.0,0.0,
2,5157-502AA34,0.0,0.0,
3,5157-502AA34,0.0,0.0,
4,5157-502AA34,1.0,1.0,MA-474-502AA34
5,5157-502AA34,1.0,1.0,L1-474-502AA34
6,5157-502AA34,1.0,1,PL-5157-502AA34
1,3153-601EB34,0.0,0.0,
2,3153-601EB34,0.0,0.0,
3,3153-601EB34,0.0,0.0,
4,3153-601EB34,1.0,1.0,MA-603-601-BLOCK
5,3153-601EB34,19.0,1.0,MC-603-601-BLOCK
6,3153-601EB34,1.0,1,PL-3153-601EB34
1,478-409AA330,,,
2,478-409AA330,,,
3,478-409AA330,,,
4,478-409AA330,,,
5,478-409AA330,1.0,1.0,MA-79-409B33-S
6,478-409AA330,1.0,1,L1-79-409B33-S
1,478-409AA380,,,
2,478-409AA380,,,
3,478-409AA380,,,
4,478-409AA380,,,
5,478-409AA380,1.0,1.0,MA-79-409B38-S
6,478-409AA380,1.0,1,L1-79-409B38-S
1,274-405BA300,0.0,0.0,
2,274-405BA300,0.0,0.0,
3,274-405BA300,0.0,0.0,
4,274-405BA300,0.0,0.0,
5,274-405BA300,1.0,1.0,MA-335-405AA30-S
6,274-405BA300,1.0,1,L1-335-405AA30-S
1,274-405BA340,0.0,0.0,
2,274-405BA340,0.0,0.0,
3,274-405BA340,0.0,0.0,
4,274-405BA340,0.0,0.0,
5,274-405BA340,1.0,1.0,MA-335-405AA34-S
6,274-405BA340,1.0,1,L1-335-405AA34-S
1,5121-409AA420,0.0,0.0,
2,5121-409AA420,0.0,0.0,
3,5121-409AA420,0.0,0.0,
4,5121-409AA420,0.0,0.0,
5,5121-409AA420,1.0,1.0,MA-339-409AA42-S
6,5121-409AA420,1.0,1,L1-339-409AA42-S
1,5121-405AA420,0.0,0.0,
2,5121-405AA420,0.0,0.0,
3,5121-405AA420,0.0,0.0,
4,5121-405AA420,0.0,0.0,
5,5121-405AA420,1.0,1.0,MA-5121-405AA42-S
6,5121-405AA420,1.0,1,L1-5121-405AA42-S
1,3504-409AA260,0.0,0.0,
2,3504-409AA260,0.0,0.0,
3,3504-409AA260,0.0,0.0,
4,3504-409AA260,1.0,1.0,MA-3504-409AA26-S
5,3504-409AA260,1.0,1.0,L1-3504-409AA26-S
6,3504-409AA260,1.0,1,3504-409AA26-SR
1,3504-409AA300,0.0,0.0,
2,3504-409AA300,0.0,0.0,
3,3504-409AA300,0.0,0.0,
4,3504-409AA300,1.0,1.0,MA-3504-409AA30-S
5,3504-409AA300,1.0,1.0,L1-3504-409AA30-S
6,3504-409AA300,1.0,1,3504-409AA30-SR
1,5208-409AB340,0.0,0.0,
2,5208-409AB340,0.0,0.0,
3,5208-409AB340,0.0,0.0,
4,5208-409AB340,0.0,0.0,
5,5208-409AB340,1.0,1.0,MA-220-40934-S
6,5208-409AB340,1.0,1,L1-220-40934-S
1,478-409JA440,0.0,0.0,
2,478-409JA440,0.0,0.0,
3,478-409JA440,0.0,0.0,
4,478-409JA440,0.0,0.0,
5,478-409JA440,1.0,1.0,MA-329-409AA44-S
6,478-409JA440,1.0,1,L1-329-409AA44-S
1,478-409EA300,0.0,0.0,
2,478-409EA300,0.0,0.0,
3,478-409EA300,0.0,0.0,
4,478-409EA300,0.0,0.0,
5,478-409EA300,1.0,1.0,MA-478-409BA30-S
6,478-409EA300,1.0,1,L1-478-409BA30-S
1,5163-405AA330,0.0,0.0,
2,5163-405AA330,0.0,0.0,
3,5163-405AA330,0.0,0.0,
4,5163-405AA330,0.0,0.0,
5,5163-405AA330,1.0,1.0,MA-5163-40533-S
6,5163-405AA330,1.0,1,L1-5163-40533-S
1,6211-409AA380,0.0,0.0,
2,6211-409AA380,0.0,0.0,
3,6211-409AA380,0.0,0.0,
4,6211-409AA380,0.0,0.0,
5,6211-409AA380,1.0,1.0,MA-5516-409AA38-S
6,6211-409AA380,1.0,1,L1-5516-409AA38-S
1,740-409HA260,0.0,0.0,
2,740-409HA260,0.0,0.0,
3,740-409HA260,0.0,0.0,
4,740-409HA260,0.0,0.0,
5,740-409HA260,1.0,5.0,MA-740-40926-S
6,740-409HA260,1.0,1,L1-740-40926-S
1,740-409HA280,0.0,0.0,
2,740-409HA280,0.0,0.0,
3,740-409HA280,0.0,0.0,
4,740-409HA280,0.0,0.0,
5,740-409HA280,1.0,5.0,MA-740-40928-S
6,740-409HA280,1.0,1,L1-740-40928-S
1,740-409CA300,0.0,0.0,
2,740-409CA300,0.0,0.0,
3,740-409CA300,0.0,0.0,
4,740-409CA300,0.0,0.0,
5,740-409CA300,1.0,5.0,MA-740-40930-S
6,740-409CA300,1.0,1,L1-740-40930-S
1,740-409DA300,0.0,0.0,
2,740-409DA300,0.0,0.0,
3,740-409DA300,0.0,0.0,
4,740-409DA300,0.0,0.0,
5,740-409DA300,1.0,5.0,MA-740-40930-S
6,740-409DA300,1.0,1,L1-740-40930-S
1,740-409HA320,0.0,0.0,
2,740-409HA320,0.0,0.0,
3,740-409HA320,0.0,0.0,
4,740-409HA320,0.0,0.0,
5,740-409HA320,1.0,5.0,MA-740-40932-S
6,740-409HA320,1.0,1,L1-740-40932-S
1,740-409HA340,0.0,0.0,
2,740-409HA340,0.0,0.0,
3,740-409HA340,0.0,0.0,
4,740-409HA340,0.0,0.0,
5,740-409HA340,1.0,5.0,MA-740-40934-S
6,740-409HA340,1.0,1,L1-740-40934-S
1,740-409FA360,0.0,0.0,
2,740-409FA360,0.0,0.0,
3,740-409FA360,0.0,0.0,
4,740-409FA360,0.0,0.0,
5,740-409FA360,1.0,5.0,MA-740-40936-S
6,740-409FA360,1.0,1,L1-740-40936-S
1,740-409HA360,0.0,0.0,
2,740-409HA360,0.0,0.0,
3,740-409HA360,0.0,0.0,
4,740-409HA360,0.0,0.0,
5,740-409HA360,1.0,5.0,MA-740-40936-S
6,740-409HA360,1.0,1,L1-740-40936-S
1,740-409HA380,0.0,0.0,
2,740-409HA380,0.0,0.0,
3,740-409HA380,0.0,0.0,
4,740-409HA380,0.0,0.0,
5,740-409HA380,1.0,5.0,MA-740-40938-S
6,740-409HA380,1.0,1,L1-740-40938-S
1,740-409HA400,0.0,0.0,
2,740-409HA400,0.0,0.0,
3,740-409HA400,0.0,0.0,
4,740-409HA400,0.0,0.0,
5,740-409HA400,1.0,5.0,MA-740-40940-S
6,740-409HA400,1.0,1,L1-740-40940-S
1,740-409FA420,0.0,0.0,
2,740-409FA420,0.0,0.0,
3,740-409FA420,0.0,0.0,
4,740-409FA420,0.0,0.0,
5,740-409FA420,1.0,1.0,MA-740-40942-S
6,740-409FA420,1.0,4,LC-740-40942-S
1,740-409HA076,0.0,0.0,
2,740-409HA076,0.0,0.0,
3,740-409HA076,0.0,0.0,
4,740-409HA076,0.0,0.0,
5,740-409HA076,1.0,5.0,MA-740-4097.6-S
6,740-409HA076,1.0,1,L1-740-4097.6-S
1,5208-405AC340,0.0,0.0,
2,5208-405AC340,0.0,0.0,
3,5208-405AC340,0.0,0.0,
4,5208-405AC340,0.0,0.0,
5,5208-405AC340,1.0,1.0,MA-78-40534-S
6,5208-405AC340,1.0,1,L1-78-40534-S
1,279-409BA380,0.0,0.0,
2,279-409BA380,0.0,0.0,
3,279-409BA380,0.0,0.0,
4,279-409BA380,0.0,0.0,
5,279-409BA380,1.0,1.0,MA-79-409B38-S
6,279-409BA380,1.0,1,L1-79-409B38-S
1,817-410AA300,0.0,0.0,
2,817-410AA300,0.0,0.0,
3,817-410AA300,0.0,0.0,
4,817-410AA300,0.0,0.0,
5,817-410AA300,1.0,1.0,MA-810-410CA30-S
6,817-410AA300,1.0,4,LC-810-410CA30-S
1,816-405LA300,0.0,0.0,
2,816-405LA300,0.0,0.0,
3,816-405LA300,0.0,0.0,
4,816-405LA300,0.0,0.0,
5,816-405LA300,1.0,1.0,MA-816-405CA30-S
6,816-405LA300,1.0,1,L1-816-405CA30-S
1,740-410EA190,0.0,0.0,
2,740-410EA190,0.0,0.0,
3,740-410EA190,0.0,0.0,
4,740-410EA190,0.0,0.0,
5,740-410EA190,1.0,1.0,MA-970-41019-S
6,740-410EA190,1.0,4,LC-970-41019-S
1,740-410GA300,0.0,0.0,
2,740-410GA300,0.0,0.0,
3,740-410GA300,0.0,0.0,
4,740-410GA300,0.0,0.0,
5,740-410GA300,1.0,1.0,MA-970-41030-S
6,740-410GA300,1.0,4,LC-970-41030-S
1,740-410HA300,0.0,0.0,
2,740-410HA300,0.0,0.0,
3,740-410HA300,0.0,0.0,
4,740-410HA300,0.0,0.0,
5,740-410HA300,1.0,1.0,MA-970-41030-S
6,740-410HA300,1.0,4,LC-970-41030-S
1,740-410FA340,0.0,0.0,
2,740-410FA340,0.0,0.0,
3,740-410FA340,0.0,0.0,
4,740-410FA340,0.0,0.0,
5,740-410FA340,1.0,1.0,MA-970-41034-S
6,740-410FA340,1.0,4,LC-970-41034-S
1,970-410CA340,0.0,0.0,
2,970-410CA340,0.0,0.0,
3,970-410CA340,0.0,0.0,
4,970-410CA340,0.0,0.0,
5,970-410CA340,1.0,1.0,MA-970-41034-S
6,970-410CA340,1.0,1,LC-970-41034-S
1,740-410KA360,0.0,0.0,
2,740-410KA360,0.0,0.0,
3,740-410KA360,0.0,0.0,
4,740-410KA360,0.0,0.0,
5,740-410KA360,1.0,1.0,MA-970-41036-S
6,740-410KA360,1.0,4,LC-970-41036-S
1,740-410EA420,0.0,0.0,
2,740-410EA420,0.0,0.0,
3,740-410EA420,0.0,0.0,
4,740-410EA420,0.0,0.0,
5,740-410EA420,1.0,1.0,MA-970-41042-S
6,740-410EA420,1.0,4,LC-970-41042-S
1,740-410KA420,0.0,0.0,
2,740-410KA420,0.0,0.0,
3,740-410KA420,0.0,0.0,
4,740-410KA420,0.0,0.0,
5,740-410KA420,1.0,1.0,MA-970-41042-S
6,740-410KA420,1.0,4,LC-970-41042-S
1,78-405GA440,0.0,0.0,
2,78-405GA440,0.0,0.0,
3,78-405GA440,0.0,0.0,
4,78-405GA440,0.0,0.0,
5,78-405GA440,1.0,1.0,MA-328-405AA44-S
6,78-405GA440,1.0,1,L1-328-405AA44-S
1,57-405B220,0.0,0.0,
2,57-405B220,0.0,0.0,
3,57-405B220,0.0,0.0,
4,57-405B220,0.0,0.0,
5,57-405B220,1.0,1.0,MA-57-40522-S
6,57-405B220,1.0,1,L1-57-40522-S
1,41-405H300,0.0,0.0,
2,41-405H300,0.0,0.0,
3,41-405H300,0.0,0.0,
4,41-405H300,0.0,0.0,
5,41-405H300,1.0,1.0,MA-57-40531-S
6,41-405H300,1.0,1,L1-57-40531-S
1,59-409DA220,0.0,0.0,
2,59-409DA220,0.0,0.0,
3,59-409DA220,0.0,0.0,
4,59-409DA220,0.0,0.0,
5,59-409DA220,1.0,1.0,MA-59-40922-S
6,59-409DA220,1.0,1,L1-59-40922-S
1,73-409D300,0.0,0.0,
2,73-409D300,0.0,0.0,
3,73-409D300,0.0,0.0,
4,73-409D300,0.0,0.0,
5,73-409D300,1.0,1.0,MA-73-40930-S
6,73-409D300,1.0,1,L1-73-40930-S
1,78-405EA300,0.0,0.0,
2,78-405EA300,0.0,0.0,
3,78-405EA300,0.0,0.0,
4,78-405EA300,0.0,0.0,
5,78-405EA300,1.0,1.0,MA-78-40531-S
6,78-405EA300,1.0,1,L1-78-40531-S
1,81-405EA190,0.0,0.0,
2,81-405EA190,0.0,0.0,
3,81-405EA190,0.0,0.0,
4,81-405EA190,0.0,0.0,
5,81-405EA190,1.0,1.0,MA-81-40519
6,81-405EA190,1.0,1,L1-81-405EA19
1,87-405GA360,0.0,0.0,
2,87-405GA360,0.0,0.0,
3,87-405GA360,0.0,0.0,
4,87-405GA360,0.0,0.0,
5,87-405GA360,1.0,1.0,MA-87-40536
6,87-405GA360,1.0,1,L1-87-405EA36
1,87-405JA420,0.0,0.0,
2,87-405JA420,0.0,0.0,
3,87-405JA420,0.0,0.0,
4,87-405JA420,0.0,0.0,
5,87-405JA420,1.0,1.0,MA-87-40542
6,87-405JA420,1.0,1,L1-87-405JA42
1,100-501AB30,0.0,0.0,
2,100-501AB30,0.0,0.0,
3,100-501AB30,0.0,0.0,
4,100-501AB30,1.0,1.0,MA-100-501AB30
5,100-501AB30,1.0,1.0,L1-100-501AB30
6,100-501AB30,1.0,1,LA-100-501AB30-DF
1,101-440BB38,0.0,0.0,
2,101-440BB38,0.0,0.0,
3,101-440BB38,0.0,0.0,
4,101-440BB38,1.0,1.0,MA-101-440BB38
5,101-440BB38,1.0,1.0,L1-101-440BB38
6,101-440BB38,1.0,1,MC-101-440BB38
1,101-440DA38,0.0,0.0,
2,101-440DA38,0.0,0.0,
3,101-440DA38,0.0,0.0,
4,101-440DA38,1.0,1.0,MA-101-440DA38
5,101-440DA38,1.0,1.0,L1-101-440DA38
6,101-440DA38,1.0,1,MC-101-440DA38
1,101-440EA38,0.0,0.0,
2,101-440EA38,0.0,0.0,
3,101-440EA38,0.0,0.0,
4,101-440EA38,1.0,1.0,MA-101-440EA38
5,101-440EA38,1.0,1.0,L1-101-440EA38
6,101-440EA38,1.0,1,MC-101-440EA38
1,1035-417AA26,0.0,0.0,
2,1035-417AA26,0.0,0.0,
3,1035-417AA26,0.0,0.0,
4,1035-417AA26,0.0,0.0,
5,1035-417AA26,0.0,0.0,
6,1035-417AA26,1.0,3,MA-1035-417AA26-DRUM
1,1035-418AA26,0.0,0.0,
2,1035-418AA26,0.0,0.0,
3,1035-418AA26,0.0,0.0,
4,1035-418AA26,0.0,0.0,
5,1035-418AA26,0.0,0.0,
6,1035-418AA26,1.0,4,MA-1035-418AA26-DRUM
1,1531-501EA26,0.0,0.0,
2,1531-501EA26,0.0,0.0,
3,1531-501EA26,0.0,0.0,
4,1531-501EA26,1.0,1.0,MA-1531-501AA26
5,1531-501EA26,1.0,1.0,L1-1531-501AA26
6,1531-501EA26,1.0,1,LA-1531-501AA26-DF
1,1531-501EA30,0.0,0.0,
2,1531-501EA30,0.0,0.0,
3,1531-501EA30,0.0,0.0,
4,1531-501EA30,1.0,1.0,MA-1531-501AA30
5,1531-501EA30,1.0,1.0,L1-1531-501AA30
6,1531-501EA30,1.0,1,LA-1531-501AA30-DF
1,815-501BA30,0.0,0.0,
2,815-501BA30,0.0,0.0,
3,815-501BA30,0.0,0.0,
4,815-501BA30,1.0,1.0,MA-1531-501CA30
5,815-501BA30,1.0,1.0,L1-1531-501CA30
6,815-501BA30,1.0,1,LA-1531-501CA30-DF
1,975-501CA30,0.0,0.0,
2,975-501CA30,0.0,0.0,
3,975-501CA30,0.0,0.0,
4,975-501CA30,1.0,1.0,MA-1531-501CA30
5,975-501CA30,1.0,1.0,L1-1531-501CA30
6,975-501CA30,1.0,1,LA-1531-501CA30-DF
1,815-501BA34,0.0,0.0,
2,815-501BA34,0.0,0.0,
3,815-501BA34,0.0,0.0,
4,815-501BA34,1.0,1.0,MA-1531-501CA34
5,815-501BA34,1.0,1.0,L1-1531-501CA34
6,815-501BA34,1.0,1,LA-1531-501CA34-DF
1,1531-501ZQA28,0.0,0.0,
2,1531-501ZQA28,0.0,0.0,
3,1531-501ZQA28,0.0,0.0,
4,1531-501ZQA28,1.0,1.0,MA-1531-501ZKA30
5,1531-501ZQA28,1.0,1.0,L1-1531-501ZKA30
6,1531-501ZQA28,1.0,1,LA-1531-501ZKA30-DF
1,1531-501ZQA30,0.0,0.0,
2,1531-501ZQA30,0.0,0.0,
3,1531-501ZQA30,0.0,0.0,
4,1531-501ZQA30,1.0,1.0,MA-1531-501ZKA30
5,1531-501ZQA30,1.0,1.0,L1-1531-501ZKA30
6,1531-501ZQA30,1.0,1,LA-1531-501ZKA30-DF
1,161-402CA30,0.0,0.0,
2,161-402CA30,0.0,0.0,
3,161-402CA30,0.0,0.0,
4,161-402CA30,1.0,1.0,MA-161-402CA30
5,161-402CA30,1.0,1.0,L1-161-402CA30
6,161-402CA30,1.0,1,MC-161-402CA30
1,161-402CA38,0.0,0.0,
2,161-402CA38,0.0,0.0,
3,161-402CA38,0.0,0.0,
4,161-402CA38,1.0,1.0,MA-161-402CA38
5,161-402CA38,1.0,1.0,L1-161-402CA38
6,161-402CA38,1.0,1,MC-161-402CA38
1,479-501AB30,0.0,0.0,
2,479-501AB30,0.0,0.0,
3,479-501AB30,0.0,0.0,
4,479-501AB30,1.0,1.0,MA-161-501AA30
5,479-501AB30,1.0,1.0,L1-161-501AA30
6,479-501AB30,1.0,1,LA-161-501AA30-DF
1,5128-501AA30,0.0,0.0,
2,5128-501AA30,0.0,0.0,
3,5128-501AA30,0.0,0.0,
4,5128-501AA30,1.0,1.0,MA-161-501AA30
5,5128-501AA30,1.0,1.0,L1-161-501AA30
6,5128-501AA30,1.0,1,LA-161-501AA30-DF
1,5154-501AA30,0.0,0.0,
2,5154-501AA30,0.0,0.0,
3,5154-501AA30,0.0,0.0,
4,5154-501AA30,1.0,1.0,MA-161-501AA30
5,5154-501AA30,1.0,1.0,L1-161-501AA30
6,5154-501AA30,1.0,1,LA-161-501AA30-DF
1,5213-501AA30,0.0,0.0,
2,5213-501AA30,0.0,0.0,
3,5213-501AA30,0.0,0.0,
4,5213-501AA30,1.0,1.0,MA-161-501AA3038
5,5213-501AA30,1.0,1.0,L1-161-501AA3038
6,5213-501AA30,1.0,1,LA-161-501AA3038-DF
1,474-501AB33,0.0,0.0,
2,474-501AB33,0.0,0.0,
3,474-501AB33,0.0,0.0,
4,474-501AB33,1.0,1.0,MA-161-501AA33
5,474-501AB33,1.0,1.0,L1-161-501AA33
6,474-501AB33,1.0,1,LA-161-501AA33-DF
1,479-501AB33,0.0,0.0,
2,479-501AB33,0.0,0.0,
3,479-501AB33,0.0,0.0,
4,479-501AB33,1.0,1.0,MA-161-501AA33
5,479-501AB33,1.0,1.0,L1-161-501AA33
6,479-501AB33,1.0,1,LA-161-501AA33-DF
1,5128-501AA33,0.0,0.0,
2,5128-501AA33,0.0,0.0,
3,5128-501AA33,0.0,0.0,
4,5128-501AA33,1.0,1.0,MA-161-501AA33
5,5128-501AA33,1.0,1.0,L1-161-501AA33
6,5128-501AA33,1.0,1,LA-161-501AA33-DF
1,5154-501AA33,0.0,0.0,
2,5154-501AA33,0.0,0.0,
3,5154-501AA33,0.0,0.0,
4,5154-501AA33,1.0,1.0,MA-161-501AA33
5,5154-501AA33,1.0,1.0,L1-161-501AA33
6,5154-501AA33,1.0,1,LA-161-501AA33-DF
1,474-501AB34,0.0,0.0,
2,474-501AB34,0.0,0.0,
3,474-501AB34,0.0,0.0,
4,474-501AB34,1.0,1.0,MA-161-501AA34
5,474-501AB34,1.0,1.0,L1-161-501QA34
6,474-501AB34,1.0,1,LA-161-501QA34-DF
1,479-501AB34,0.0,0.0,
2,479-501AB34,0.0,0.0,
3,479-501AB34,0.0,0.0,
4,479-501AB34,1.0,1.0,MA-161-501AA34
5,479-501AB34,1.0,1.0,L1-161-501QA34
6,479-501AB34,1.0,1,LA-161-501QA34-DF
1,5154-501AA34,0.0,0.0,
2,5154-501AA34,0.0,0.0,
3,5154-501AA34,0.0,0.0,
4,5154-501AA34,1.0,1.0,MA-161-501AA34
5,5154-501AA34,1.0,1.0,L1-161-501AA34
6,5154-501AA34,1.0,1,LA-161-501AA34-DF
1,5208-501AA34,0.0,0.0,
2,5208-501AA34,0.0,0.0,
3,5208-501AA34,0.0,0.0,
4,5208-501AA34,1.0,1.0,MA-161-501AA34
5,5208-501AA34,1.0,1.0,L1-161-501AA34
6,5208-501AA34,1.0,1,LA-161-501AA34-DF
1,474-501AB36,0.0,0.0,
2,474-501AB36,0.0,0.0,
3,474-501AB36,0.0,0.0,
4,474-501AB36,1.0,1.0,MA-161-501AA36
5,474-501AB36,1.0,1.0,L1-161-501AA36
6,474-501AB36,1.0,1,LA-161-501AA36-DF
1,5213-501AA36,0.0,0.0,
2,5213-501AA36,0.0,0.0,
3,5213-501AA36,0.0,0.0,
4,5213-501AA36,1.0,1.0,MA-161-501AA36
5,5213-501AA36,1.0,1.0,L1-161-501AA36
6,5213-501AA36,1.0,1,LA-161-501AA36-DF
1,5128-501AA38,0.0,0.0,
2,5128-501AA38,0.0,0.0,
3,5128-501AA38,0.0,0.0,
4,5128-501AA38,1.0,1.0,MA-161-501AA38
5,5128-501AA38,1.0,1.0,L1-161-501AA38
6,5128-501AA38,1.0,1,LA-161-501AA38-DF
1,5142-501BA40,0.0,0.0,
2,5142-501BA40,0.0,0.0,
3,5142-501BA40,0.0,0.0,
4,5142-501BA40,1.0,1.0,MA-161-501AA40
5,5142-501BA40,1.0,1.0,L1-161-501AA40
6,5142-501BA40,1.0,1,LA-161-501AA40-DF
1,5142-501BA42,0.0,0.0,
2,5142-501BA42,0.0,0.0,
3,5142-501BA42,0.0,0.0,
4,5142-501BA42,1.0,1.0,MA-161-501AA42
5,5142-501BA42,1.0,1.0,L1-161-501AA42
6,5142-501BA42,1.0,1,LA-161-501AA42-DF
1,5121-501AA30,0.0,0.0,
2,5121-501AA30,0.0,0.0,
3,5121-501AA30,0.0,0.0,
4,5121-501AA30,1.0,1.0,MA-161-501CA30
5,5121-501AA30,1.0,1.0,L1-161-501CA30
6,5121-501AA30,1.0,1,LA-161-501CA30-DF
1,5121-501AA36,0.0,0.0,
2,5121-501AA36,0.0,0.0,
3,5121-501AA36,0.0,0.0,
4,5121-501AA36,1.0,1.0,MA-161-501CA36
5,5121-501AA36,1.0,1.0,L1-161-501CA36
6,5121-501AA36,1.0,1,LA-161-501CA36-DF
1,5121-501AA38,0.0,0.0,
2,5121-501AA38,0.0,0.0,
3,5121-501AA38,0.0,0.0,
4,5121-501AA38,1.0,1.0,MA-161-501CA38
5,5121-501AA38,1.0,1.0,L1-161-501CA38
6,5121-501AA38,1.0,1,LA-161-501CA38-DF
1,5121-501AA40,0.0,0.0,
2,5121-501AA40,0.0,0.0,
3,5121-501AA40,0.0,0.0,
4,5121-501AA40,1.0,1.0,MA-161-501CA40
5,5121-501AA40,1.0,1.0,L1-161-501CA40
6,5121-501AA40,1.0,1,LA-161-501CA40-DF
1,5121-501AA42,0.0,0.0,
2,5121-501AA42,0.0,0.0,
3,5121-501AA42,0.0,0.0,
4,5121-501AA42,1.0,1.0,MA-161-501CA42
5,5121-501AA42,1.0,1.0,L1-161-501CA42
6,5121-501AA42,1.0,1,LA-161-501CA42-DF
1,5126-501AA26,0.0,0.0,
2,5126-501AA26,0.0,0.0,
3,5126-501AA26,0.0,0.0,
4,5126-501AA26,1.0,1.0,MA-161-501DA26
5,5126-501AA26,1.0,1.0,L1-161-501DA26
6,5126-501AA26,1.0,1,LA-161-501DA26-DF
1,5142-501NA34,0.0,0.0,
2,5142-501NA34,0.0,0.0,
3,5142-501NA34,0.0,0.0,
4,5142-501NA34,1.0,1.0,MA-161-501HA34
5,5142-501NA34,1.0,1.0,L1-161-501HA34
6,5142-501NA34,1.0,1,LA-161-501HA34-DF
1,5142-501NA36,0.0,0.0,
2,5142-501NA36,0.0,0.0,
3,5142-501NA36,0.0,0.0,
4,5142-501NA36,1.0,1.0,MA-161-501HA36
5,5142-501NA36,1.0,1.0,L1-161-501HA36
6,5142-501NA36,1.0,1,LA-161-501HA36-DF
1,5142-501NA38,0.0,0.0,
2,5142-501NA38,0.0,0.0,
3,5142-501NA38,0.0,0.0,
4,5142-501NA38,1.0,1.0,MA-161-501HA38
5,5142-501NA38,1.0,1.0,L1-161-501HA38
6,5142-501NA38,1.0,1,LA-161-501HA38-DF
1,335-501DA30,0.0,0.0,
2,335-501DA30,0.0,0.0,
3,335-501DA30,0.0,0.0,
4,335-501DA30,1.0,1.0,MA-161-501PA30
5,335-501DA30,1.0,1.0,L1-161-501PA30
6,335-501DA30,1.0,1,LA-161-501PA30-DF
1,C352-501AA30,0.0,0.0,
2,C352-501AA30,0.0,0.0,
3,C352-501AA30,0.0,0.0,
4,C352-501AA30,1.0,1.0,MA-161-501PA30
5,C352-501AA30,1.0,1.0,L1-161-501PA30
6,C352-501AA30,1.0,1,LA-161-501PA30-DF
1,335-501DA33,0.0,0.0,
2,335-501DA33,0.0,0.0,
3,335-501DA33,0.0,0.0,
4,335-501DA33,1.0,1.0,MA-161-501PA33
5,335-501DA33,1.0,1.0,L1-161-501PA33
6,335-501DA33,1.0,1,LA-161-501PA33-DF
1,C352-501AA33,0.0,0.0,
2,C352-501AA33,0.0,0.0,
3,C352-501AA33,0.0,0.0,
4,C352-501AA33,1.0,1.0,MA-161-501PA33
5,C352-501AA33,1.0,1.0,L1-161-501PA33
6,C352-501AA33,1.0,1,LA-161-501PA33-DF
1,C352-501AA34,0.0,0.0,
2,C352-501AA34,0.0,0.0,
3,C352-501AA34,0.0,0.0,
4,C352-501AA34,1.0,1.0,MA-161-501PA34
5,C352-501AA34,1.0,1.0,L1-161-501PA34
6,C352-501AA34,1.0,1,LA-161-501PA34-DF
1,474-501AB38,0.0,0.0,
2,474-501AB38,0.0,0.0,
3,474-501AB38,0.0,0.0,
4,474-501AB38,1.0,1.0,MA-161-501QA38
5,474-501AB38,1.0,1.0,L1-161-501QA38
6,474-501AB38,1.0,1,LA-161-501QA38-DF
1,479-501AB38,0.0,0.0,
2,479-501AB38,0.0,0.0,
3,479-501AB38,0.0,0.0,
4,479-501AB38,1.0,1.0,MA-161-501QA38
5,479-501AB38,1.0,1.0,L1-161-501QA38
6,479-501AB38,1.0,1,LA-161-501QA38-DF
1,5154-501AA38,0.0,0.0,
2,5154-501AA38,0.0,0.0,
3,5154-501AA38,0.0,0.0,
4,5154-501AA38,1.0,1.0,MA-161-501QA38
5,5154-501AA38,1.0,1.0,L1-161-501QA38
6,5154-501AA38,1.0,1,LA-161-501QA38-DF
1,5308-601AA33,0.0,0.0,
2,5308-601AA33,0.0,0.0,
3,5308-601AA33,0.0,0.0,
4,5308-601AA33,1.0,1.0,MA-161-601BA33
5,5308-601AA33,1.0,1.0,L1-161-601BA33
6,5308-601AA33,1.0,1,LA-161-601BB33-L2
1,5310-601AA33,0.0,0.0,
2,5310-601AA33,0.0,0.0,
3,5310-601AA33,0.0,0.0,
4,5310-601AA33,1.0,1.0,MA-161-601BA33
5,5310-601AA33,1.0,1.0,L1-161-601BA33
6,5310-601AA33,1.0,1,LA-161-601BB33-L2
1,C352-601AA33,0.0,0.0,
2,C352-601AA33,0.0,0.0,
3,C352-601AA33,0.0,0.0,
4,C352-601AA33,1.0,1.0,MA-161-601BA33
5,C352-601AA33,1.0,1.0,L1-161-601BA33
6,C352-601AA33,1.0,1,LA-161-601BB33-L2
1,C352-601AA34,0.0,0.0,
2,C352-601AA34,0.0,0.0,
3,C352-601AA34,0.0,0.0,
4,C352-601AA34,1.0,1.0,MA-161-601BA34
5,C352-601AA34,1.0,1.0,L1-161-601BA34
6,C352-601AA34,1.0,1,LA-161-601BB34-L2
1,5517-601AB34,0.0,0.0,
2,5517-601AB34,0.0,0.0,
3,5517-601AB34,0.0,0.0,
4,5517-601AB34,1.0,1.0,MA-161-601HA34
5,5517-601AB34,1.0,1.0,L1-161-601HA34
6,5517-601AB34,1.0,1,LA-5517-601AB34-L2
1,5520-601AA34,0.0,0.0,
2,5520-601AA34,0.0,0.0,
3,5520-601AA34,0.0,0.0,
4,5520-601AA34,1.0,1.0,MA-161-601HA34
5,5520-601AA34,1.0,1.0,L1-161-601HA34
6,5520-601AA34,1.0,1,LA-161-601HA34-L2
1,5529-601AA34,0.0,0.0,
2,5529-601AA34,0.0,0.0,
3,5529-601AA34,0.0,0.0,
4,5529-601AA34,1.0,1.0,MA-161-601HA34
5,5529-601AA34,1.0,1.0,L1-161-601HA34
6,5529-601AA34,1.0,1,LA-161-601HA34-L2
1,474-601AB30,0.0,0.0,
2,474-601AB30,0.0,0.0,
3,474-601AB30,0.0,0.0,
4,474-601AB30,1.0,1.0,MA-165-601AB30
5,474-601AB30,1.0,1.0,L1-165-601AB30
6,474-601AB30,1.0,1,LA-165-601BA30-L2
1,479-601AA30,0.0,0.0,
2,479-601AA30,0.0,0.0,
3,479-601AA30,0.0,0.0,
4,479-601AA30,1.0,1.0,MA-165-601AB30
5,479-601AA30,1.0,1.0,L1-165-601AB30
6,479-601AA30,1.0,1,LA-165-601BA30-L2
1,5128-601AA30,0.0,0.0,
2,5128-601AA30,0.0,0.0,
3,5128-601AA30,0.0,0.0,
4,5128-601AA30,1.0,1.0,MA-165-601AB30
5,5128-601AA30,1.0,1.0,L1-165-601AB30
6,5128-601AA30,1.0,1,LA-165-601BA30-L2
1,5154-601AA33,0.0,0.0,
2,5154-601AA33,0.0,0.0,
3,5154-601AA33,0.0,0.0,
4,5154-601AA33,1.0,1.0,MA-165-601BA35
5,5154-601AA33,1.0,1.0,L1-165-601BA35
6,5154-601AA33,1.0,1,LA-165-601HA33-L2
1,5142-601BA40,0.0,0.0,
2,5142-601BA40,0.0,0.0,
3,5142-601BA40,0.0,0.0,
4,5142-601BA40,1.0,1.0,MA-165-601BA40
5,5142-601BA40,1.0,1.0,L1-165-601BA40
6,5142-601BA40,1.0,1,LA-165-601BA40-L2
1,5154-601AA38,0.0,0.0,
2,5154-601AA38,0.0,0.0,
3,5154-601AA38,0.0,0.0,
4,5154-601AA38,1.0,1.0,MA-165-601BA40
5,5154-601AA38,1.0,1.0,L1-165-601BA40
6,5154-601AA38,1.0,1,LA-165-601HA38-L2
1,5121-601AA40,0.0,0.0,
2,5121-601AA40,0.0,0.0,
3,5121-601AA40,0.0,0.0,
4,5121-601AA40,1.0,1.0,MA-165-601BAB40
5,5121-601AA40,1.0,1.0,L1-165-601BAB40
6,5121-601AA40,1.0,1,LA-165-601BAB40-L2
1,474-601AA42,0.0,0.0,
2,474-601AA42,0.0,0.0,
3,474-601AA42,0.0,0.0,
4,474-601AA42,1.0,1.0,MA-165-601BAB42
5,474-601AA42,1.0,1.0,L1-165-601BAB42
6,474-601AA42,1.0,1,LA-165-601BAB42-L2
1,5121-601AA42,0.0,0.0,
2,5121-601AA42,0.0,0.0,
3,5121-601AA42,0.0,0.0,
4,5121-601AA42,1.0,1.0,MA-165-601BAB42
5,5121-601AA42,1.0,1.0,L1-165-601BAB42
6,5121-601AA42,1.0,1,LA-165-601BAB42-L2
1,5142-601BA42,0.0,0.0,
2,5142-601BA42,0.0,0.0,
3,5142-601BA42,0.0,0.0,
4,5142-601BA42,1.0,1.0,MA-165-601BAB42
5,5142-601BA42,1.0,1.0,L1-165-601BAB42
6,5142-601BA42,1.0,1,LA-165-601BAB42-L2
1,5121-601AB30,0.0,0.0,
2,5121-601AB30,0.0,0.0,
3,5121-601AB30,0.0,0.0,
4,5121-601AB30,1.0,1.0,MA-165-601EA30
5,5121-601AB30,1.0,1.0,L1-165-601EA30
6,5121-601AB30,1.0,1,LA-165-601EA30-L2
1,SPL-1635-401AA38,0.0,0.0,
2,SPL-1635-401AA38,0.0,0.0,
3,SPL-1635-401AA38,1.0,1.0,MA-1635-401AA38
4,SPL-1635-401AA38,1.0,1.0,L1-1635-401AA38
5,SPL-1635-401AA38,1.0,1.0,LA-1635-401AA38-D
6,SPL-1635-401AA38,1.0,1,LA-1635-401AA38-DF
1,SPL-1881AA30,0.0,0.0,
2,SPL-1881AA30,0.0,0.0,
3,SPL-1881AA30,0.0,0.0,
4,SPL-1881AA30,0.0,0.0,
5,SPL-1881AA30,0.0,0.0,
6,SPL-1881AA30,1.0,1,MA-RH-0031K-06A
1,5121-601AB36,0.0,0.0,
2,5121-601AB36,0.0,0.0,
3,5121-601AB36,0.0,0.0,
4,5121-601AB36,1.0,1.0,MA-165-601EA36
5,5121-601AB36,1.0,1.0,L1-165-601EA36
6,5121-601AB36,1.0,1,LA-165-601EA36-L2
1,5121-601AB38,0.0,0.0,
2,5121-601AB38,0.0,0.0,
3,5121-601AB38,0.0,0.0,
4,5121-601AB38,1.0,1.0,MA-165-601EA38
5,5121-601AB38,1.0,1.0,L1-165-601EA38
6,5121-601AB38,1.0,1,LA-165-601EA38-L2
1,5126-601AA26,0.0,0.0,
2,5126-601AA26,0.0,0.0,
3,5126-601AA26,0.0,0.0,
4,5126-601AA26,1.0,1.0,MA-165-601FA26
5,5126-601AA26,1.0,1.0,L1-165-601FA26
6,5126-601AA26,1.0,1,LA-165-601FA26-L2
1,5142-601AA34,0.0,0.0,
2,5142-601AA34,0.0,0.0,
3,5142-601AA34,0.0,0.0,
4,5142-601AA34,1.0,1.0,MA-165-601GA36
5,5142-601AA34,1.0,1.0,L1-165-601GA36
6,5142-601AA34,1.0,1,LA-165-601GA36-L2
1,5142-601AA36,0.0,0.0,
2,5142-601AA36,0.0,0.0,
3,5142-601AA36,0.0,0.0,
4,5142-601AA36,1.0,1.0,MA-165-601GA38
5,5142-601AA36,1.0,1.0,L1-165-601GA38
6,5142-601AA36,1.0,1,LA-165-601GA38-L2
1,5142-601AB38,0.0,0.0,
2,5142-601AB38,0.0,0.0,
3,5142-601AB38,0.0,0.0,
4,5142-601AB38,1.0,1.0,MA-165-601GA40
5,5142-601AB38,1.0,1.0,L1-165-601GA40
6,5142-601AB38,1.0,1,LA-165-601GA40-L2
1,3242-501AA34,0.0,0.0,
2,3242-501AA34,0.0,0.0,
3,3242-501AA34,0.0,0.0,
4,3242-501AA34,1.0,1.0,MA-171-501AA34
5,3242-501AA34,1.0,1.0,L1-171-501AA34
6,3242-501AA34,1.0,1,LA-171-501AA34-DF
1,882-501BA34,0.0,0.0,
2,882-501BA34,0.0,0.0,
3,882-501BA34,0.0,0.0,
4,882-501BA34,1.0,1.0,MA-171-501AA34
5,882-501BA34,1.0,1.0,L1-171-501AA34
6,882-501BA34,1.0,1,LA-171-501AA34-DF
1,3242-501AA36,0.0,0.0,
2,3242-501AA36,0.0,0.0,
3,3242-501AA36,0.0,0.0,
4,3242-501AA36,1.0,1.0,MA-171-501AA36
5,3242-501AA36,1.0,1.0,L1-171-501AA36
6,3242-501AA36,1.0,1,LA-171-501AA36-DF
1,3242-501AA30,0.0,0.0,
2,3242-501AA30,0.0,0.0,
3,3242-501AA30,0.0,0.0,
4,3242-501AA30,1.0,1.0,MA-171-501DA3026
5,3242-501AA30,1.0,1.0,L1-171-501DA3026
6,3242-501AA30,1.0,1,LA-171-501DA3026-DF
1,3662-501AA34,0.0,0.0,
2,3662-501AA34,0.0,0.0,
3,3662-501AA34,0.0,0.0,
4,3662-501AA34,1.0,1.0,MA-171-501GA34
5,3662-501AA34,1.0,1.0,L1-171-501GA34
6,3662-501AA34,1.0,1,LA-171-501GA34-DF
1,1731-401BA14,0.0,0.0,
2,1731-401BA14,0.0,0.0,
3,1731-401BA14,0.0,0.0,
4,1731-401BA14,1.0,1.0,MA-1731-401BA14
5,1731-401BA14,1.0,1.0,L1-1731-401BA14
6,1731-401BA14,1.0,1,LA-1731-401BA14-D
1,1731-401BA18,0.0,0.0,
2,1731-401BA18,0.0,0.0,
3,1731-401BA18,0.0,0.0,
4,1731-401BA18,1.0,1.0,MA-1731-401BA18
5,1731-401BA18,1.0,1.0,L1-1731-401BA18
6,1731-401BA18,1.0,1,LA-1731-401BA18-D
1,1731-401BA24,0.0,0.0,
2,1731-401BA24,0.0,0.0,
3,1731-401BA24,0.0,0.0,
4,1731-401BA24,1.0,1.0,MA-1731-401BA24
5,1731-401BA24,1.0,1.0,L1-1731-401BA24
6,1731-401BA24,1.0,1,LA-1731-401BA24-D
1,1731-406BA14,0.0,0.0,
2,1731-406BA14,0.0,0.0,
3,1731-406BA14,0.0,0.0,
4,1731-406BA14,1.0,1.0,MA-1731-406BA14
5,1731-406BA14,1.0,1.0,L1-1731-406BA14
6,1731-406BA14,1.0,1,LA-1731-406BA14-MC
1,1731-406BA15,0.0,0.0,
2,1731-406BA15,0.0,0.0,
3,1731-406BA15,0.0,0.0,
4,1731-406BA15,1.0,1.0,MA-1731-406BA15
5,1731-406BA15,1.0,1.0,L1-1731-406BA15
6,1731-406BA15,1.0,1,LA-1731-406BA15-MC
1,1731-406BA16,0.0,0.0,
2,1731-406BA16,0.0,0.0,
3,1731-406BA16,0.0,0.0,
4,1731-406BA16,1.0,1.0,MA-1731-406BA16
5,1731-406BA16,1.0,1.0,L1-1731-406BA16
6,1731-406BA16,1.0,1,LA-1731-406BA16-MC
1,1731-406BA17,0.0,0.0,
2,1731-406BA17,0.0,0.0,
3,1731-406BA17,0.0,0.0,
4,1731-406BA17,1.0,1.0,MA-1731-406BA17
5,1731-406BA17,1.0,1.0,L1-1731-406BA17
6,1731-406BA17,1.0,1,LA-1731-406BA17-MC
1,1731-406BA18,0.0,0.0,
2,1731-406BA18,0.0,0.0,
3,1731-406BA18,0.0,0.0,
4,1731-406BA18,1.0,1.0,MA-1731-406BA18
5,1731-406BA18,1.0,1.0,L1-1731-406BA18
6,1731-406BA18,1.0,1,LA-1731-406BA18-MC
1,1731-406BA19,0.0,0.0,
2,1731-406BA19,0.0,0.0,
3,1731-406BA19,0.0,0.0,
4,1731-406BA19,1.0,1.0,MA-1731-406BA19
5,1731-406BA19,1.0,1.0,L1-1731-406BA19
6,1731-406BA19,1.0,1,LA-1731-406BA19-MC
1,1731-406BA20,0.0,0.0,
2,1731-406BA20,0.0,0.0,
3,1731-406BA20,0.0,0.0,
4,1731-406BA20,1.0,1.0,MA-1731-406BA20
5,1731-406BA20,1.0,1.0,L1-1731-406BA20
6,1731-406BA20,1.0,1,LA-1731-406BA20-MC
1,1731-406BA21,0.0,0.0,
2,1731-406BA21,0.0,0.0,
3,1731-406BA21,0.0,0.0,
4,1731-406BA21,1.0,1.0,MA-1731-406BA21
5,1731-406BA21,1.0,1.0,L1-1731-406BA21
6,1731-406BA21,1.0,1,LA-1731-406BA21-MC
1,1731-417BA24,0.0,0.0,
2,1731-417BA24,0.0,0.0,
3,1731-417BA24,0.0,0.0,
4,1731-417BA24,0.0,0.0,
5,1731-417BA24,0.0,0.0,
6,1731-417BA24,1.0,3,MA-1731-417BA24-DRUM
1,1731-418AA24,0.0,0.0,
2,1731-418AA24,0.0,0.0,
3,1731-418AA24,0.0,0.0,
4,1731-418AA24,0.0,0.0,
5,1731-418AA24,0.0,0.0,
6,1731-418AA24,1.0,4,MA-1731-418AA24-DRUM
1,1751-401BB17,0.0,0.0,
2,1751-401BB17,0.0,0.0,
3,1751-401BB17,0.0,0.0,
4,1751-401BB17,1.0,1.0,MA-1751-401BB17
5,1751-401BB17,1.0,1.0,L1-1751-401BB17
6,1751-401BB17,1.0,1,LA-1751-401BB17-D
1,1751-401BB24,0.0,0.0,
2,1751-401BB24,0.0,0.0,
3,1751-401BB24,0.0,0.0,
4,1751-401BB24,1.0,1.0,MA-1751-401BB24
5,1751-401BB24,1.0,1.0,L1-1751-401BB24
6,1751-401BB24,1.0,1,LA-1751-401BB24-D
1,1751-402BA12,0.0,0.0,
2,1751-402BA12,0.0,0.0,
3,1751-402BA12,0.0,0.0,
4,1751-402BA12,1.0,1.0,MA-1751-402BA12
5,1751-402BA12,1.0,1.0,L1-1751-402BA12
6,1751-402BA12,1.0,1,MC-1751-402BA12
1,1751-402BA17,0.0,0.0,
2,1751-402BA17,0.0,0.0,
3,1751-402BA17,1.0,1.0,MA-1751-402BA17
4,1751-402BA17,1.0,1.0,L1-1751-402BA17
5,1751-402BA17,1.0,1.0,MC-1751-402BA17
6,1751-402BA17,1.0,1,PEFIN-1751-402BA17
1,1751-402BA24,0.0,0.0,
2,1751-402BA24,0.0,0.0,
3,1751-402BA24,1.0,1.0,MA-1751-402BA24
4,1751-402BA24,1.0,1.0,L1-1751-402BA24
5,1751-402BA24,1.0,1.0,MC-1751-402BA24
6,1751-402BA24,1.0,1,PEFIN-1751-402BA24
1,1751-403AA17,0.0,0.0,
2,1751-403AA17,0.0,0.0,
3,1751-403AA17,0.0,0.0,
4,1751-403AA17,1.0,1.0,MA-1751-403AA17
5,1751-403AA17,1.0,1.0,L1-1751-403AA17
6,1751-403AA17,1.0,1,MC-1751-403AA17
1,1751-403AA24,0.0,0.0,
2,1751-403AA24,0.0,0.0,
3,1751-403AA24,0.0,0.0,
4,1751-403AA24,1.0,1.0,MA-1751-403AA24
5,1751-403AA24,1.0,1.0,L1-1751-403AA24
6,1751-403AA24,1.0,1,MC-1751-403AA24
1,1751-406BC08,0.0,0.0,
2,1751-406BC08,0.0,0.0,
3,1751-406BC08,0.0,0.0,
4,1751-406BC08,1.0,1.0,MA-1751-406BC08
5,1751-406BC08,1.0,1.0,L1-1751-406BC08
6,1751-406BC08,1.0,1,LA-1751-406BC08-MC
1,1751-406BC10,0.0,0.0,
2,1751-406BC10,0.0,0.0,
3,1751-406BC10,0.0,0.0,
4,1751-406BC10,1.0,1.0,MA-1751-406BC10
5,1751-406BC10,1.0,1.0,L1-1751-406BC10
6,1751-406BC10,1.0,1,LA-1751-406BC10-MC
1,1751-406BC11,0.0,0.0,
2,1751-406BC11,0.0,0.0,
3,1751-406BC11,0.0,0.0,
4,1751-406BC11,1.0,1.0,MA-1751-406BC11
5,1751-406BC11,1.0,1.0,L1-1751-406BC11
6,1751-406BC11,1.0,1,LA-1751-406BC11-MC
1,1751-406BC12,0.0,0.0,
2,1751-406BC12,0.0,0.0,
3,1751-406BC12,0.0,0.0,
4,1751-406BC12,1.0,1.0,MA-1751-406BC12
5,1751-406BC12,1.0,1.0,L1-1751-406BC12
6,1751-406BC12,1.0,1,LA-1751-406BC12-MC
1,1751-406BC13,0.0,0.0,
2,1751-406BC13,0.0,0.0,
3,1751-406BC13,0.0,0.0,
4,1751-406BC13,1.0,1.0,MA-1751-406BC13
5,1751-406BC13,1.0,1.0,L1-1751-406BC13
6,1751-406BC13,1.0,1,LA-1751-406BC13-MC
1,1751-406BC14,0.0,0.0,
2,1751-406BC14,0.0,0.0,
3,1751-406BC14,0.0,0.0,
4,1751-406BC14,1.0,1.0,MA-1751-406BC14
5,1751-406BC14,1.0,1.0,L1-1751-406BC14
6,1751-406BC14,1.0,1,LA-1751-406BC14-MC
1,1751-406BC15,0.0,0.0,
2,1751-406BC15,0.0,0.0,
3,1751-406BC15,0.0,0.0,
4,1751-406BC15,1.0,1.0,MA-1751-406BC15
5,1751-406BC15,1.0,1.0,L1-1751-406BC15
6,1751-406BC15,1.0,1,LA-1751-406BC15-MC
1,1751-406BC16,0.0,0.0,
2,1751-406BC16,0.0,0.0,
3,1751-406BC16,0.0,0.0,
4,1751-406BC16,1.0,1.0,MA-1751-406BC16
5,1751-406BC16,1.0,1.0,L1-1751-406BC16
6,1751-406BC16,1.0,1,LA-1751-406BC16-MC
1,1751-406BC17,0.0,0.0,
2,1751-406BC17,0.0,0.0,
3,1751-406BC17,0.0,0.0,
4,1751-406BC17,1.0,1.0,MA-1751-406BC17
5,1751-406BC17,1.0,1.0,L1-1751-406BC17
6,1751-406BC17,1.0,1,LA-1751-406BC17-MC
1,1751-406BD18,0.0,0.0,
2,1751-406BD18,0.0,0.0,
3,1751-406BD18,0.0,0.0,
4,1751-406BD18,1.0,1.0,MA-1751-406BC18
5,1751-406BD18,1.0,1.0,L1-1751-406BC18
6,1751-406BD18,1.0,1,LA-1751-406BD18-MC
1,1751-406BD19,0.0,0.0,
2,1751-406BD19,0.0,0.0,
3,1751-406BD19,0.0,0.0,
4,1751-406BD19,1.0,1.0,MA-1751-406BC19
5,1751-406BD19,1.0,1.0,L1-1751-406BC19
6,1751-406BD19,1.0,1,LA-1751-406BD19-MC
1,1751-406BD20,0.0,0.0,
2,1751-406BD20,0.0,0.0,
3,1751-406BD20,0.0,0.0,
4,1751-406BD20,1.0,1.0,MA-1751-406BC20
5,1751-406BD20,1.0,1.0,L1-1751-406BC20
6,1751-406BD20,1.0,1,LA-1751-406BD20-MC
1,1751-406BC24,0.0,0.0,
2,1751-406BC24,0.0,0.0,
3,1751-406BC24,0.0,0.0,
4,1751-406BC24,1.0,1.0,MA-1751-406BC24
5,1751-406BC24,1.0,1.0,L1-1751-406BC24
6,1751-406BC24,1.0,1,LA-1751-406BC24-MC
1,5143-601AA20,0.0,0.0,
2,5143-601AA20,0.0,0.0,
3,5143-601AA20,0.0,0.0,
4,5143-601AA20,1.0,1.0,MA-1751-601AA20
5,5143-601AA20,1.0,1.0,L1-1751-601AA20
6,5143-601AA20,1.0,1,LA-1751-601AA20-L2
1,5143-601AA24,0.0,0.0,
2,5143-601AA24,0.0,0.0,
3,5143-601AA24,0.0,0.0,
4,5143-601AA24,1.0,1.0,MA-1751-601AA24
5,5143-601AA24,1.0,1.0,L1-1751-601AA24
6,5143-601AA24,1.0,1,LA-1751-601AA24-L2
1,5145-601AA08,0.0,0.0,
2,5145-601AA08,0.0,0.0,
3,5145-601AA08,0.0,0.0,
4,5145-601AA08,0.0,0.0,
5,5145-601AA08,0.0,0.0,
6,5145-601AA08,1.0,1,MA-1751-601AA08
1,5145-601AA10,0.0,0.0,
2,5145-601AA10,0.0,0.0,
3,5145-601AA10,0.0,0.0,
4,5145-601AA10,0.0,0.0,
5,5145-601AA10,0.0,0.0,
6,5145-601AA10,1.0,1,MA-1751-601AA11
1,5145-601AA11,0.0,0.0,
2,5145-601AA11,0.0,0.0,
3,5145-601AA11,0.0,0.0,
4,5145-601AA11,0.0,0.0,
5,5145-601AA11,0.0,0.0,
6,5145-601AA11,1.0,1,MA-1751-601AA11
1,5145-601AA12,0.0,0.0,
2,5145-601AA12,0.0,0.0,
3,5145-601AA12,0.0,0.0,
4,5145-601AA12,0.0,0.0,
5,5145-601AA12,0.0,0.0,
6,5145-601AA12,1.0,1,MA-1751-601AA12
1,5145-601AA13,0.0,0.0,
2,5145-601AA13,0.0,0.0,
3,5145-601AA13,0.0,0.0,
4,5145-601AA13,0.0,0.0,
5,5145-601AA13,0.0,0.0,
6,5145-601AA13,1.0,1,MA-1751-601AA14
1,5145-601AA14,0.0,0.0,
2,5145-601AA14,0.0,0.0,
3,5145-601AA14,0.0,0.0,
4,5145-601AA14,1.0,1.0,MA-1751-601AA14
5,5145-601AA14,1.0,1.0,L1-1751-601AA14
6,5145-601AA14,1.0,1,LA-1751-601AA14-L2
1,5145-601AA15,0.0,0.0,
2,5145-601AA15,0.0,0.0,
3,5145-601AA15,0.0,0.0,
4,5145-601AA15,1.0,1.0,MA-1751-601AA15
5,5145-601AA15,1.0,1.0,L1-1751-601AA15
6,5145-601AA15,1.0,1,LA-1751-601AA15-L2
1,5145-601AA16,0.0,0.0,
2,5145-601AA16,0.0,0.0,
3,5145-601AA16,0.0,0.0,
4,5145-601AA16,1.0,1.0,MA-1751-601AA16
5,5145-601AA16,1.0,1.0,L1-1751-601AA16
6,5145-601AA16,1.0,1,LA-1751-601AA16-L2
1,1731-501ZEA14,0.0,0.0,
2,1731-501ZEA14,0.0,0.0,
3,1731-501ZEA14,0.0,0.0,
4,1731-501ZEA14,1.0,1.0,MA-19B-501ZEA14
5,1731-501ZEA14,1.0,1.0,L1-19B-501ZEA14
6,1731-501ZEA14,1.0,1,L2-19B-501ZEA14
1,1731-501ZEA15,0.0,0.0,
2,1731-501ZEA15,0.0,0.0,
3,1731-501ZEA15,0.0,0.0,
4,1731-501ZEA15,0.0,0.0,
5,1731-501ZEA15,1.0,1.0,MA-19B-501ZEA18
6,1731-501ZEA15,1.0,1,L1-19B-501ZEA18
1,1731-501ZEA16,0.0,0.0,
2,1731-501ZEA16,0.0,0.0,
3,1731-501ZEA16,0.0,0.0,
4,1731-501ZEA16,0.0,0.0,
5,1731-501ZEA16,1.0,1.0,MA-19B-501ZEA18
6,1731-501ZEA16,1.0,1,L1-19B-501ZEA18
1,1731-501ZEA17,0.0,0.0,
2,1731-501ZEA17,0.0,0.0,
3,1731-501ZEA17,0.0,0.0,
4,1731-501ZEA17,0.0,0.0,
5,1731-501ZEA17,1.0,1.0,MA-19B-501ZEA18
6,1731-501ZEA17,1.0,1,L1-19B-501ZEA18
1,1731-501ZEA18,0.0,0.0,
2,1731-501ZEA18,0.0,0.0,
3,1731-501ZEA18,0.0,0.0,
4,1731-501ZEA18,0.0,0.0,
5,1731-501ZEA18,1.0,1.0,MA-19B-501ZEA18
6,1731-501ZEA18,1.0,1,L1-19B-501ZEA18
1,1731-501ZEA19,0.0,0.0,
2,1731-501ZEA19,0.0,0.0,
3,1731-501ZEA19,0.0,0.0,
4,1731-501ZEA19,0.0,0.0,
5,1731-501ZEA19,1.0,1.0,MA-19B-501ZEA22
6,1731-501ZEA19,1.0,1,L1-19B-501ZEA22
1,1731-501ZEA20,0.0,0.0,
2,1731-501ZEA20,0.0,0.0,
3,1731-501ZEA20,0.0,0.0,
4,1731-501ZEA20,0.0,0.0,
5,1731-501ZEA20,1.0,1.0,MA-19B-501ZEA22
6,1731-501ZEA20,1.0,1,L1-19B-501ZEA22
1,1731-501ZEA21,0.0,0.0,
2,1731-501ZEA21,0.0,0.0,
3,1731-501ZEA21,0.0,0.0,
4,1731-501ZEA21,0.0,0.0,
5,1731-501ZEA21,1.0,1.0,MA-19B-501ZEA22
6,1731-501ZEA21,1.0,1,L1-19B-501ZEA22
1,1731-501ZEA22,0.0,0.0,
2,1731-501ZEA22,0.0,0.0,
3,1731-501ZEA22,0.0,0.0,
4,1731-501ZEA22,0.0,0.0,
5,1731-501ZEA22,1.0,1.0,MA-19B-501ZEA22
6,1731-501ZEA22,1.0,1,L1-19B-501ZEA22
1,5202-498AA36,0.0,0.0,
2,5202-498AA36,0.0,0.0,
3,5202-498AA36,0.0,0.0,
4,5202-498AA36,0.0,0.0,
5,5202-498AA36,1.0,1.0,MA-720-65242-DRUM
6,5202-498AA36,1.0,3,L1-720-65242-DRUM
1,5213-498AA30,0.0,0.0,
2,5213-498AA30,0.0,0.0,
3,5213-498AA30,0.0,0.0,
4,5213-498AA30,0.0,0.0,
5,5213-498AA30,1.0,1.0,MA-720-65242-DRUM
6,5213-498AA30,1.0,3,L1-720-65242-DRUM
1,5213-498AA36,0.0,0.0,
2,5213-498AA36,0.0,0.0,
3,5213-498AA36,0.0,0.0,
4,5213-498AA36,0.0,0.0,
5,5213-498AA36,1.0,1.0,MA-720-65242-DRUM
6,5213-498AA36,1.0,3,L1-720-65242-DRUM
1,3239-501AA30,0.0,0.0,
2,3239-501AA30,0.0,0.0,
3,3239-501AA30,0.0,0.0,
4,3239-501AA30,1.0,1.0,MA-3239-501AA30
5,3239-501AA30,1.0,1.0,L1-3239-501AA30
6,3239-501AA30,1.0,1,LA-3239-501AA30-DF
1,3242-432AA30,0.0,0.0,
2,3242-432AA30,0.0,0.0,
3,3242-432AA30,0.0,0.0,
4,3242-432AA30,1.0,1.0,MA-3242-432AA30
5,3242-432AA30,1.0,1.0,L1-3242-432AA30
6,3242-432AA30,1.0,1,L2-3242-432AA30
1,3242-432AA34,0.0,0.0,
2,3242-432AA34,0.0,0.0,
3,3242-432AA34,0.0,0.0,
4,3242-432AA34,0.0,0.0,
5,3242-432AA34,1.0,1.0,MA-3242-432AA34
6,3242-432AA34,1.0,1,L1-3242-432AA34
1,335-501EB33,0.0,0.0,
2,335-501EB33,0.0,0.0,
3,335-501EB33,0.0,0.0,
4,335-501EB33,1.0,1.0,MA-335-501BA33
5,335-501EB33,1.0,1.0,L1-335-501BA33
6,335-501EB33,1.0,1,LA-335-501BA33-DF
1,C352-501BA33,0.0,0.0,
2,C352-501BA33,0.0,0.0,
3,C352-501BA33,0.0,0.0,
4,C352-501BA33,1.0,1.0,MA-335-501BA33
5,C352-501BA33,1.0,1.0,L1-335-501BA33
6,C352-501BA33,1.0,1,LA-335-501BA33-DF
1,3538-608AA30,0.0,0.0,
2,3538-608AA30,0.0,0.0,
3,3538-608AA30,0.0,0.0,
4,3538-608AA30,0.0,0.0,
5,3538-608AA30,1.0,4.0,MA-603-608AA30-DRUM
6,3538-608AA30,1.0,1,L1-3538-608AA30
1,3538-608AA34,0.0,0.0,
2,3538-608AA34,0.0,0.0,
3,3538-608AA34,0.0,0.0,
4,3538-608AA34,0.0,0.0,
5,3538-608AA34,1.0,4.0,MA-954-60136-DRUM
6,3538-608AA34,1.0,1,L1-3538-608AA34
1,5310-501BA33,0.0,0.0,
2,5310-501BA33,0.0,0.0,
3,5310-501BA33,0.0,0.0,
4,5310-501BA33,1.0,1.0,MA-358-501B33
5,5310-501BA33,1.0,1.0,L1-358-501B33
6,5310-501BA33,1.0,1,LA-358-501B33-DF
1,3650-501BA30,0.0,0.0,
2,3650-501BA30,0.0,0.0,
3,3650-501BA30,0.0,0.0,
4,3650-501BA30,1.0,1.0,MA-3636-501BC30
5,3650-501BA30,1.0,1.0,L1-3636-501BC30
6,3650-501BA30,1.0,1,LA-3636-501BC30-DF
1,3538-501BB34,0.0,0.0,
2,3538-501BB34,0.0,0.0,
3,3538-501BB34,0.0,0.0,
4,3538-501BB34,1.0,1.0,MA-3636-501BC34
5,3538-501BB34,1.0,1.0,L1-3636-501BC34
6,3538-501BB34,1.0,1,LA-3636-501BC34-DF
1,3636-501BB34,0.0,0.0,
2,3636-501BB34,0.0,0.0,
3,3636-501BB34,0.0,0.0,
4,3636-501BB34,1.0,1.0,MA-3636-501BC34
5,3636-501BB34,1.0,1.0,L1-3636-501BC34
6,3636-501BB34,1.0,1,LA-3636-501BC34-DF
1,3650-501BA34,0.0,0.0,
2,3650-501BA34,0.0,0.0,
3,3650-501BA34,0.0,0.0,
4,3650-501BA34,1.0,1.0,MA-3636-501BC34
5,3650-501BA34,1.0,1.0,L1-3636-501BC34
6,3650-501BA34,1.0,1,LA-3636-501BC34-DF
1,3652-501BA34,0.0,0.0,
2,3652-501BA34,0.0,0.0,
3,3652-501BA34,0.0,0.0,
4,3652-501BA34,1.0,1.0,MA-3636-501BC34
5,3652-501BA34,1.0,1.0,L1-3636-501BC34
6,3652-501BA34,1.0,1,LA-3636-501BC34-DF
1,3652-608AA30,0.0,0.0,
2,3652-608AA30,0.0,0.0,
3,3652-608AA30,0.0,0.0,
4,3652-608AA30,0.0,0.0,
5,3652-608AA30,1.0,3.0,MA-814-60830-DRUM
6,3652-608AA30,1.0,1,L1-3650-608AA30
1,3654-608AA30,0.0,0.0,
2,3654-608AA30,0.0,0.0,
3,3654-608AA30,0.0,0.0,
4,3654-608AA30,0.0,0.0,
5,3654-608AA30,1.0,3.0,MA-814-60830-DRUM
6,3654-608AA30,1.0,1,L1-3650-608AA30
1,3660-608AB30,0.0,0.0,
2,3660-608AB30,0.0,0.0,
3,3660-608AB30,0.0,0.0,
4,3660-608AB30,0.0,0.0,
5,3660-608AB30,1.0,3.0,MA-814-60830-DRUM
6,3660-608AB30,1.0,1,L1-3650-608AA30
1,3650-608AA34,0.0,0.0,
2,3650-608AA34,0.0,0.0,
3,3650-608AA34,0.0,0.0,
4,3650-608AA34,0.0,0.0,
5,3650-608AA34,1.0,3.0,MA-814-60834-DRUM
6,3650-608AA34,1.0,1,L1-3650-608AA34
1,3652-608AA34,0.0,0.0,
2,3652-608AA34,0.0,0.0,
3,3652-608AA34,0.0,0.0,
4,3652-608AA34,0.0,0.0,
5,3652-608AA34,1.0,3.0,MA-814-60834-DRUM
6,3652-608AA34,1.0,1,L1-3650-608AA34
1,3906-601EA20,0.0,0.0,
2,3906-601EA20,0.0,0.0,
3,3906-601EA20,0.0,0.0,
4,3906-601EA20,1.0,1.0,MA-3906-601AA20
5,3906-601EA20,1.0,1.0,L1-3906-601AA20
6,3906-601EA20,1.0,1,L2-3906-601AA20
1,6210-601AA34,0.0,0.0,
2,6210-601AA34,0.0,0.0,
3,6210-601AA34,0.0,0.0,
4,6210-601AA34,1.0,1.0,MA-5207-601DA34
5,6210-601AA34,1.0,1.0,L1-5207-601DA34
6,6210-601AA34,1.0,1,LA-5207-601DA34-L2
1,5213-601AA30,0.0,0.0,
2,5213-601AA30,0.0,0.0,
3,5213-601AA30,0.0,0.0,
4,5213-601AA30,1.0,1.0,MA-5211-601AA30
5,5213-601AA30,1.0,1.0,L1-5211-601AA30
6,5213-601AA30,1.0,1,LA-5211-601AA30-L2
1,5213-601AA34,0.0,0.0,
2,5213-601AA34,0.0,0.0,
3,5213-601AA34,0.0,0.0,
4,5213-601AA34,1.0,1.0,MA-5211-601AA34
5,5213-601AA34,1.0,1.0,L1-5211-601AA34
6,5213-601AA34,1.0,1,LA-5211-601AA34-L2
1,5610-601AB34,0.0,0.0,
2,5610-601AB34,0.0,0.0,
3,5610-601AB34,0.0,0.0,
4,5610-601AB34,1.0,1.0,MA-5211-601AA34
5,5610-601AB34,1.0,1.0,L1-5211-601AA34
6,5610-601AB34,1.0,1,LA-5610-601AA34-L2
1,5213-601AA36,0.0,0.0,
2,5213-601AA36,0.0,0.0,
3,5213-601AA36,0.0,0.0,
4,5213-601AA36,1.0,1.0,MA-5211-601AA36
5,5213-601AA36,1.0,1.0,L1-5211-601AA36
6,5213-601AA36,1.0,1,LA-5211-601AA36-L2
1,5310-501AA33,0.0,0.0,
2,5310-501AA33,0.0,0.0,
3,5310-501AA33,0.0,0.0,
4,5310-501AA33,1.0,1.0,MA-5310-501AA33
5,5310-501AA33,1.0,1.0,L1-5310-501AA33
6,5310-501AA33,1.0,1,LA-5310-501AA33-DF
1,5517-501AA30,0.0,0.0,
2,5517-501AA30,0.0,0.0,
3,5517-501AA30,0.0,0.0,
4,5517-501AA30,1.0,1.0,MA-5500-501DB30
5,5517-501AA30,1.0,1.0,L1-5500-501DB30
6,5517-501AA30,1.0,1,LA-5500-501DB30-DF
1,5520-501AB30,0.0,0.0,
2,5520-501AB30,0.0,0.0,
3,5520-501AB30,0.0,0.0,
4,5520-501AB30,1.0,1.0,MA-5500-501DB30
5,5520-501AB30,1.0,1.0,L1-5500-501DB30
6,5520-501AB30,1.0,1,LA-5500-501DB30-DF
1,5532-501AA30,0.0,0.0,
2,5532-501AA30,0.0,0.0,
3,5532-501AA30,0.0,0.0,
4,5532-501AA30,1.0,1.0,MA-5500-501DB30
5,5532-501AA30,1.0,1.0,L1-5500-501DB30
6,5532-501AA30,1.0,1,LA-5500-501DB30-DF
1,6210-501AA34,0.0,0.0,
2,6210-501AA34,0.0,0.0,
3,6210-501AA34,0.0,0.0,
4,6210-501AA34,1.0,1.0,MA-5500-501DB34
5,6210-501AA34,1.0,1.0,L1-5500-501DB34
6,6210-501AA34,1.0,1,LA-5500-501DB34-DF
1,5517-501BB30,0.0,0.0,
2,5517-501BB30,0.0,0.0,
3,5517-501BB30,0.0,0.0,
4,5517-501BB30,1.0,1.0,MA-5500-501EA30
5,5517-501BB30,1.0,1.0,L1-5500-501EA30
6,5517-501BB30,1.0,1,LA-5500-501EA30-DF
1,5520-501BB30,0.0,0.0,
2,5520-501BB30,0.0,0.0,
3,5520-501BB30,0.0,0.0,
4,5520-501BB30,1.0,1.0,MA-5500-501EA30
5,5520-501BB30,1.0,1.0,L1-5500-501EA30
6,5520-501BB30,1.0,1,LA-5500-501EA30-DF
1,5532-501BA30,0.0,0.0,
2,5532-501BA30,0.0,0.0,
3,5532-501BA30,0.0,0.0,
4,5532-501BA30,1.0,1.0,MA-5500-501EA30
5,5532-501BA30,1.0,1.0,L1-5500-501EA30
6,5532-501BA30,1.0,1,LA-5500-501EA30-DF
1,5517-501BB34,0.0,0.0,
2,5517-501BB34,0.0,0.0,
3,5517-501BB34,0.0,0.0,
4,5517-501BB34,1.0,1.0,MA-5500-501EB34
5,5517-501BB34,1.0,1.0,L1-5500-501EB34
6,5517-501BB34,1.0,1,LA-5500-501EB34-DF
1,5520-501BA34,0.0,0.0,
2,5520-501BA34,0.0,0.0,
3,5520-501BA34,0.0,0.0,
4,5520-501BA34,1.0,1.0,MA-5500-501EB34
5,5520-501BA34,1.0,1.0,L1-5500-501EB34
6,5520-501BA34,1.0,1,LA-5500-501EB34-DF
1,5529-501BA34,0.0,0.0,
2,5529-501BA34,0.0,0.0,
3,5529-501BA34,0.0,0.0,
4,5529-501BA34,1.0,1.0,MA-5500-501EB34
5,5529-501BA34,1.0,1.0,L1-5500-501EB34
6,5529-501BA34,1.0,1,LA-5500-501EB34-DF
1,5530-501BA34,0.0,0.0,
2,5530-501BA34,0.0,0.0,
3,5530-501BA34,0.0,0.0,
4,5530-501BA34,1.0,1.0,MA-5500-501EB34
5,5530-501BA34,1.0,1.0,L1-5500-501EB34
6,5530-501BA34,1.0,1,LA-5500-501EB34-DF
1,6207-501BB34,0.0,0.0,
2,6207-501BB34,0.0,0.0,
3,6207-501BB34,0.0,0.0,
4,6207-501BB34,1.0,1.0,MA-5500-501EB34
5,6207-501BB34,1.0,1.0,L1-5500-501EB34
6,6207-501BB34,1.0,1,LA-5500-501EB34-DF
1,6210-501BA34,0.0,0.0,
2,6210-501BA34,0.0,0.0,
3,6210-501BA34,0.0,0.0,
4,6210-501BA34,1.0,1.0,MA-5500-501EB34
5,6210-501BA34,1.0,1.0,L1-5500-501EB34
6,6210-501BA34,1.0,1,LA-5500-501EB34-DF
1,5517-501BA38,0.0,0.0,
2,5517-501BA38,0.0,0.0,
3,5517-501BA38,0.0,0.0,
4,5517-501BA38,1.0,1.0,MA-5500-501EB38
5,5517-501BA38,1.0,1.0,L1-5500-501EB38
6,5517-501BA38,1.0,1,LA-5500-501EB38-DF
1,5520-501BB38,0.0,0.0,
2,5520-501BB38,0.0,0.0,
3,5520-501BB38,0.0,0.0,
4,5520-501BB38,1.0,1.0,MA-5500-501EB38
5,5520-501BB38,1.0,1.0,L1-5500-501EB38
6,5520-501BB38,1.0,1,LA-5500-501EB38-DF
1,5529-501BA38,0.0,0.0,
2,5529-501BA38,0.0,0.0,
3,5529-501BA38,0.0,0.0,
4,5529-501BA38,1.0,1.0,MA-5500-501EB38
5,5529-501BA38,1.0,1.0,L1-5500-501EB38
6,5529-501BA38,1.0,1,LA-5500-501EB38-DF
1,5530-501BA38,0.0,0.0,
2,5530-501BA38,0.0,0.0,
3,5530-501BA38,0.0,0.0,
4,5530-501BA38,1.0,1.0,MA-5500-501EB38
5,5530-501BA38,1.0,1.0,L1-5500-501EB38
6,5530-501BA38,1.0,1,LA-5500-501EB38-DF
1,5534-501BA38,0.0,0.0,
2,5534-501BA38,0.0,0.0,
3,5534-501BA38,0.0,0.0,
4,5534-501BA38,1.0,1.0,MA-5500-501EB38
5,5534-501BA38,1.0,1.0,L1-5500-501EB38
6,5534-501BA38,1.0,1,LA-5500-501EB38-DF
1,5541-501BA38,0.0,0.0,
2,5541-501BA38,0.0,0.0,
3,5541-501BA38,0.0,0.0,
4,5541-501BA38,1.0,1.0,MA-5500-501EB38
5,5541-501BA38,1.0,1.0,L1-5500-501EB38
6,5541-501BA38,1.0,1,LA-5500-501EB38-DF
1,6105-501BA38,0.0,0.0,
2,6105-501BA38,0.0,0.0,
3,6105-501BA38,0.0,0.0,
4,6105-501BA38,1.0,1.0,MA-5500-501EB38
5,6105-501BA38,1.0,1.0,L1-5500-501EB38
6,6105-501BA38,1.0,1,LA-5500-501EB38-DF
1,6213-501BA38,0.0,0.0,
2,6213-501BA38,0.0,0.0,
3,6213-501BA38,0.0,0.0,
4,6213-501BA38,1.0,1.0,MA-5500-501EB38
5,6213-501BA38,1.0,1.0,L1-5500-501EB38
6,6213-501BA38,1.0,1,LA-5500-501EB38-DF
1,5533-501AA38,0.0,0.0,
2,5533-501AA38,0.0,0.0,
3,5533-501AA38,0.0,0.0,
4,5533-501AA38,1.0,1.0,MA-5529-501CA38
5,5533-501AA38,1.0,1.0,L1-5529-501CA38
6,5533-501AA38,1.0,1,LA-5529-501CA38-DF
1,5540-501AA38,0.0,0.0,
2,5540-501AA38,0.0,0.0,
3,5540-501AA38,0.0,0.0,
4,5540-501AA38,1.0,1.0,MA-5529-501CA38
5,5540-501AA38,1.0,1.0,L1-5529-501CA38
6,5540-501AA38,1.0,1,LA-5529-501CA38-DF
1,5541-501AA38,0.0,0.0,
2,5541-501AA38,0.0,0.0,
3,5541-501AA38,0.0,0.0,
4,5541-501AA38,1.0,1.0,MA-5529-501CA38
5,5541-501AA38,1.0,1.0,L1-5529-501CA38
6,5541-501AA38,1.0,1,LA-5529-501CA38-DF
1,6213-501AA38,0.0,0.0,
2,6213-501AA38,0.0,0.0,
3,6213-501AA38,0.0,0.0,
4,6213-501AA38,1.0,1.0,MA-5529-501CA38
5,6213-501AA38,1.0,1.0,L1-5529-501CA38
6,6213-501AA38,1.0,1,LA-5529-501CA38-DF
1,748-666AA20,0.0,0.0,
2,748-666AA20,0.0,0.0,
3,748-666AA20,0.0,0.0,
4,748-666AA20,1.0,1.0,MA-560-66620-DRUM
5,748-666AA20,1.0,4.0,L1-560-66620-DRUM
6,748-666AA20,1.0,1,L2-560-66620
1,4305-608AA16,0.0,0.0,
2,4305-608AA16,0.0,0.0,
3,4305-608AA16,0.0,0.0,
4,4305-608AA16,0.0,0.0,
5,4305-608AA16,1.0,4.0,MA-603-608AA16-DRUM
6,4305-608AA16,1.0,1,L1-603-608AA16
1,4305-608AA20,0.0,0.0,
2,4305-608AA20,0.0,0.0,
3,4305-608AA20,0.0,0.0,
4,4305-608AA20,0.0,0.0,
5,4305-608AA20,1.0,4.0,MA-603-608AA20-DRUM
6,4305-608AA20,1.0,1,L1-603-608AA20
1,4305-608AA17,0.0,0.0,
2,4305-608AA17,0.0,0.0,
3,4305-608AA17,0.0,0.0,
4,4305-608AA17,0.0,0.0,
5,4305-608AA17,1.0,4.0,MA-603-608AA17-DRUM
6,4305-608AA17,1.0,1,L1-603-608AA17
1,3154-608AA18,0.0,0.0,
2,3154-608AA18,0.0,0.0,
3,3154-608AA18,0.0,0.0,
4,3154-608AA18,0.0,0.0,
5,3154-608AA18,1.0,4.0,MA-603-608AA18-DRUM
6,3154-608AA18,1.0,1,L1-603-608AA18
1,4305-608AA18,0.0,0.0,
2,4305-608AA18,0.0,0.0,
3,4305-608AA18,0.0,0.0,
4,4305-608AA18,0.0,0.0,
5,4305-608AA18,1.0,4.0,MA-603-608AA18-DRUM
6,4305-608AA18,1.0,1,L1-603-608AA18
1,4305-608AA19,0.0,0.0,
2,4305-608AA19,0.0,0.0,
3,4305-608AA19,0.0,0.0,
4,4305-608AA19,0.0,0.0,
5,4305-608AA19,1.0,4.0,MA-603-608AA19-DRUM
6,4305-608AA19,1.0,1,L1-603-608AA19
1,4305-608AA21,0.0,0.0,
2,4305-608AA21,0.0,0.0,
3,4305-608AA21,0.0,0.0,
4,4305-608AA21,0.0,0.0,
5,4305-608AA21,1.0,4.0,MA-603-608AA21-DRUM
6,4305-608AA21,1.0,1,L1-603-608AA21
1,3154-608AB22,0.0,0.0,
2,3154-608AB22,0.0,0.0,
3,3154-608AB22,0.0,0.0,
4,3154-608AB22,0.0,0.0,
5,3154-608AB22,1.0,4.0,MA-603-608AA22-DRUM
6,3154-608AB22,1.0,1,L1-603-608AA22
1,4305-608AA22,0.0,0.0,
2,4305-608AA22,0.0,0.0,
3,4305-608AA22,0.0,0.0,
4,4305-608AA22,0.0,0.0,
5,4305-608AA22,1.0,4.0,MA-603-608AA22-DRUM
6,4305-608AA22,1.0,1,L1-603-608AA22
1,3153-608AA26,0.0,0.0,
2,3153-608AA26,0.0,0.0,
3,3153-608AA26,0.0,0.0,
4,3153-608AA26,0.0,0.0,
5,3153-608AA26,1.0,4.0,MA-603-608AA26-DRUM
6,3153-608AA26,1.0,1,L1-603-608AA26
1,603-608B26,0.0,0.0,
2,603-608B26,0.0,0.0,
3,603-608B26,0.0,0.0,
4,603-608B26,0.0,0.0,
5,603-608B26,1.0,4.0,MA-603-608AA26-DRUM
6,603-608B26,1.0,1,L1-603-608AA26
1,3153-608AA28,0.0,0.0,
2,3153-608AA28,0.0,0.0,
3,3153-608AA28,0.0,0.0,
4,3153-608AA28,0.0,0.0,
5,3153-608AA28,1.0,4.0,MA-603-608AA28-DRUM
6,3153-608AA28,1.0,1,L1-603-608AA28
1,3151-608AA30,0.0,0.0,
2,3151-608AA30,0.0,0.0,
3,3151-608AA30,0.0,0.0,
4,3151-608AA30,0.0,0.0,
5,3151-608AA30,1.0,4.0,MA-603-608AA30-DRUM
6,3151-608AA30,1.0,1,L1-603-608AA30
1,3153-608AA30,0.0,0.0,
2,3153-608AA30,0.0,0.0,
3,3153-608AA30,0.0,0.0,
4,3153-608AA30,0.0,0.0,
5,3153-608AA30,1.0,4.0,MA-603-608AA30-DRUM
6,3153-608AA30,1.0,1,L1-603-608AA30
1,603-608B30,0.0,0.0,
2,603-608B30,0.0,0.0,
3,603-608B30,0.0,0.0,
4,603-608B30,0.0,0.0,
5,603-608B30,1.0,4.0,MA-603-608AA30-DRUM
6,603-608B30,1.0,1,L1-603-608AA30
1,608-608B30,0.0,0.0,
2,608-608B30,0.0,0.0,
3,608-608B30,0.0,0.0,
4,608-608B30,0.0,0.0,
5,608-608B30,1.0,4.0,MA-603-608AA30-DRUM
6,608-608B30,1.0,1,L1-603-608AA30
1,3153-608AA32,0.0,0.0,
2,3153-608AA32,0.0,0.0,
3,3153-608AA32,0.0,0.0,
4,3153-608AA32,0.0,0.0,
5,3153-608AA32,1.0,4.0,MA-603-608AA32-DRUM
6,3153-608AA32,1.0,1,L1-603-608AA32
1,3153-608AA34,0.0,0.0,
2,3153-608AA34,0.0,0.0,
3,3153-608AA34,0.0,0.0,
4,3153-608AA34,0.0,0.0,
5,3153-608AA34,1.0,4.0,MA-603-608AA34-DRUM
6,3153-608AA34,1.0,1,L1-603-608AA34
1,603-60834,0.0,0.0,
2,603-60834,0.0,0.0,
3,603-60834,0.0,0.0,
4,603-60834,0.0,0.0,
5,603-60834,1.0,4.0,MA-603-608AA34-DRUM
6,603-60834,1.0,1,L1-603-608AA34
1,6104-601AA30,0.0,0.0,
2,6104-601AA30,0.0,0.0,
3,6104-601AA30,0.0,0.0,
4,6104-601AA30,1.0,1.0,MA-6104-601AA30
5,6104-601AA30,1.0,1.0,L1-6104-601AA30
6,6104-601AA30,1.0,1,L2-6104-601AA30
1,6105-601AA38,0.0,0.0,
2,6105-601AA38,0.0,0.0,
3,6105-601AA38,0.0,0.0,
4,6105-601AA38,1.0,1.0,MA-6104-601AA38
5,6105-601AA38,1.0,1.0,L1-6104-601AA38
6,6105-601AA38,1.0,1,LA-6104-601AA38-L2
1,600-652AA18,0.0,0.0,
2,600-652AA18,0.0,0.0,
3,600-652AA18,0.0,0.0,
4,600-652AA18,1.0,1.0,MA-720-65218-DRUM
5,600-652AA18,1.0,4.0,L1-720-65218-DRUM
6,600-652AA18,1.0,1,L2-720-65218
1,600-652AA19,0.0,0.0,
2,600-652AA19,0.0,0.0,
3,600-652AA19,0.0,0.0,
4,600-652AA19,0.0,0.0,
5,600-652AA19,1.0,1.0,MA-720-65219-DRUM
6,600-652AA19,1.0,4,L1-720-65219-DRUM
1,3154-652AA16,0.0,0.0,
2,3154-652AA16,0.0,0.0,
3,3154-652AA16,0.0,0.0,
4,3154-652AA16,0.0,0.0,
5,3154-652AA16,1.0,1.0,MA-720-65216-DRUM
6,3154-652AA16,1.0,4,L1-720-65216-DRUM
1,600-652AA20,0.0,0.0,
2,600-652AA20,0.0,0.0,
3,600-652AA20,0.0,0.0,
4,600-652AA20,1.0,1.0,MA-720-65220-DRUM
5,600-652AA20,1.0,4.0,L1-720-65220-DRUM
6,600-652AA20,1.0,1,L2-720-65220
1,815-60830,0.0,0.0,
2,815-60830,0.0,0.0,
3,815-60830,0.0,0.0,
4,815-60830,0.0,0.0,
5,815-60830,1.0,3.0,MA-814-60830-DRUM
6,815-60830,1.0,1,L1-814-60830
1,815-60834,0.0,0.0,
2,815-60834,0.0,0.0,
3,815-60834,0.0,0.0,
4,815-60834,0.0,0.0,
5,815-60834,1.0,3.0,MA-814-60834-DRUM
6,815-60834,1.0,1,L1-814-60834
1,954-501B30,0.0,0.0,
2,954-501B30,0.0,0.0,
3,954-501B30,0.0,0.0,
4,954-501B30,1.0,1.0,MA-816-501B30
5,954-501B30,1.0,1.0,L1-816-501B30
6,954-501B30,1.0,1,LA-816-501B30-DF
1,975-501BA30,0.0,0.0,
2,975-501BA30,0.0,0.0,
3,975-501BA30,0.0,0.0,
4,975-501BA30,1.0,1.0,MA-816-501B30
5,975-501BA30,1.0,1.0,L1-816-501B30
6,975-501BA30,1.0,1,LA-816-501B30-DF
1,954-501BA34,0.0,0.0,
2,954-501BA34,0.0,0.0,
3,954-501BA34,0.0,0.0,
4,954-501BA34,1.0,1.0,MA-816-501B34
5,954-501BA34,1.0,1.0,L1-816-501B34
6,954-501BA34,1.0,1,LA-816-501B34-DF
1,3538-601JA30,0.0,0.0,
2,3538-601JA30,0.0,0.0,
3,3538-601JA30,0.0,0.0,
4,3538-601JA30,0.0,0.0,
5,3538-601JA30,1.0,6.0,MA-603-60130-DRUM
6,3538-601JA30,1.0,1,L1-943-601AA30
1,3538-601JA34,0.0,0.0,
2,3538-601JA34,0.0,0.0,
3,3538-601JA34,0.0,0.0,
4,3538-601JA34,0.0,0.0,
5,3538-601JA34,1.0,6.0,MA-603-60134-DRUM
6,3538-601JA34,1.0,1,L1-943-601AA34
1,C352-501BA34,0.0,0.0,
2,C352-501BA34,0.0,0.0,
3,C352-501BA34,0.0,0.0,
4,C352-501BA34,1.0,1.0,MA-B336-501BA34
5,C352-501BA34,1.0,1.0,L1-B336-501BA34
6,C352-501BA34,1.0,1,LA-B336-501BA34-DF
1,335-501EB30,0.0,0.0,
2,335-501EB30,0.0,0.0,
3,335-501EB30,0.0,0.0,
4,335-501EB30,1.0,1.0,MA-C352-501BA30
5,335-501EB30,1.0,1.0,L1-C352-501BA30
6,335-501EB30,1.0,1,LA-C352-501BA30-DF
1,C352-501BA30,0.0,0.0,
2,C352-501BA30,0.0,0.0,
3,C352-501BA30,0.0,0.0,
4,C352-501BA30,1.0,1.0,MA-C352-501BA30
5,C352-501BA30,1.0,1.0,L1-C352-501BA30
6,C352-501BA30,1.0,1,LA-C352-501BA30-DF
1,5154-502EA33,0.0,0.0,
2,5154-502EA33,0.0,0.0,
3,5154-502EA33,0.0,0.0,
4,5154-502EA33,1.0,1.0,MA-RF-0014-07
5,5154-502EA33,1.0,1.0,L1-RF-0014-07
6,5154-502EA33,1.0,1,L2-RF-0014-07
1,162-417AA38,0.0,0.0,
2,162-417AA38,0.0,0.0,
3,162-417AA38,1.0,1.0,MA-162-417AA38
4,162-417AA38,1.0,1.0,L1-162-417AA38
5,162-417AA38,1.0,1.0,L2-162-417AA38
6,162-417AA38,1.0,1,LA-162-417AA38-MC
1,162-418AA38,0.0,0.0,
2,162-418AA38,0.0,0.0,
3,162-418AA38,1.0,1.0,MA-162-418AA38
4,162-418AA38,1.0,1.0,L1-162-418AA38
5,162-418AA38,1.0,1.0,L2-162-418AA38
6,162-418AA38,1.0,1,LA-162-418AA38-MC
1,1751-411AA08,0.0,0.0,
2,1751-411AA08,0.0,0.0,
3,1751-411AA08,0.0,0.0,
4,1751-411AA08,1.0,1.0,MA-1751-411AA08
5,1751-411AA08,1.0,1.0,L2-1751-411AA08
6,1751-411AA08,1.0,1,LA-1751-411AA08-MC
1,1751-411AA10,0.0,0.0,
2,1751-411AA10,0.0,0.0,
3,1751-411AA10,1.0,1.0,MA-1751-411AA10
4,1751-411AA10,1.0,1.0,L1-1751-411AA10
5,1751-411AA10,1.0,1.0,L2-1751-411AA10
6,1751-411AA10,1.0,1,LA-1751-411AA10-MC
1,1751-411AA11,0.0,0.0,
2,1751-411AA11,0.0,0.0,
3,1751-411AA11,1.0,1.0,MA-1751-411AA11
4,1751-411AA11,1.0,1.0,L1-1751-411AA11
5,1751-411AA11,1.0,1.0,L2-1751-411AA11
6,1751-411AA11,1.0,1,LA-1751-411AA11-MC
1,1751-411AA12,0.0,0.0,
2,1751-411AA12,0.0,0.0,
3,1751-411AA12,1.0,1.0,MA-1751-411AA12
4,1751-411AA12,1.0,1.0,L1-1751-411AA12
5,1751-411AA12,1.0,1.0,L2-1751-411AA12
6,1751-411AA12,1.0,1,LA-1751-411AA12-MC
1,1751-411AA13,0.0,0.0,
2,1751-411AA13,0.0,0.0,
3,1751-411AA13,1.0,1.0,MA-1751-411AA13
4,1751-411AA13,1.0,1.0,L1-1751-411AA13
5,1751-411AA13,1.0,1.0,L2-1751-411AA13
6,1751-411AA13,1.0,1,LA-1751-411AA13-MC
1,1751-411AA14,0.0,0.0,
2,1751-411AA14,0.0,0.0,
3,1751-411AA14,1.0,1.0,MA-1751-411AA14
4,1751-411AA14,1.0,1.0,L1-1751-411AA14
5,1751-411AA14,1.0,1.0,L2-1751-411AA14
6,1751-411AA14,1.0,1,LA-1751-411AA14-MC
1,1751-411AA15,0.0,0.0,
2,1751-411AA15,1.0,1.0,MA-1751-411AA15
3,1751-411AA15,1.0,1.0,L1-1751-411AA15
4,1751-411AA15,1.0,1.0,L2-1751-411AA15
5,1751-411AA15,1.0,1.0,LA-1751-411AA15-MC
6,1751-411AA15,1.0,1,PEFIN-1751-411AA15
1,1751-411AA16,0.0,0.0,
2,1751-411AA16,1.0,1.0,MA-1751-411AA16
3,1751-411AA16,1.0,1.0,L1-1751-411AA16
4,1751-411AA16,1.0,1.0,L2-1751-411AA16
5,1751-411AA16,1.0,1.0,LA-1751-411AA16-MC
6,1751-411AA16,1.0,1,PEFIN-1751-411AA16
1,1751-411AA17,0.0,0.0,
2,1751-411AA17,0.0,0.0,
3,1751-411AA17,1.0,1.0,MA-1751-411AA17
4,1751-411AA17,1.0,1.0,L1-1751-411AA17
5,1751-411AA17,1.0,1.0,L2-1751-411AA17
6,1751-411AA17,1.0,1,LA-1751-411AA17-MC
1,1751-411AA18,0.0,0.0,
2,1751-411AA18,0.0,0.0,
3,1751-411AA18,1.0,1.0,MA-1751-411AA18
4,1751-411AA18,1.0,1.0,L1-1751-411AA18
5,1751-411AA18,1.0,1.0,L2-1751-411AA18
6,1751-411AA18,1.0,1,LA-1751-411AA18-MC
1,1751-411AA19,0.0,0.0,
2,1751-411AA19,1.0,1.0,MA-1751-411AA19
3,1751-411AA19,1.0,1.0,L1-1751-411AA19
4,1751-411AA19,1.0,1.0,L2-1751-411AA19
5,1751-411AA19,1.0,1.0,LA-1751-411AA19-MC
6,1751-411AA19,1.0,1,PEFIN-1751-411AA19
1,1751-411AA20,0.0,0.0,
2,1751-411AA20,1.0,1.0,MA-1751-411AA20
3,1751-411AA20,1.0,1.0,L1-1751-411AA20
4,1751-411AA20,1.0,1.0,L2-1751-411AA20
5,1751-411AA20,1.0,1.0,LA-1751-411AA20-MC
6,1751-411AA20,1.0,1,PEFIN-1751-411AA20
1,1751-411AA22,0.0,0.0,
2,1751-411AA22,1.0,1.0,MA-1751-411AA22
3,1751-411AA22,1.0,1.0,L1-1751-411AA22
4,1751-411AA22,1.0,1.0,L2-1751-411AA22
5,1751-411AA22,1.0,1.0,LA-1751-411AA22-MC
6,1751-411AA22,1.0,1,PEFIN-1751-411AA22
1,1751-411AA24,0.0,0.0,
2,1751-411AA24,0.0,0.0,
3,1751-411AA24,1.0,1.0,MA-1751-411AA24
4,1751-411AA24,1.0,1.0,L1-1751-411AA24
5,1751-411AA24,1.0,1.0,L2-1751-411AA24
6,1751-411AA24,1.0,1,LA-1751-411AA24-MC
1,1751-414AA12,0.0,0.0,
2,1751-414AA12,0.0,0.0,
3,1751-414AA12,1.0,1.0,MA-1751-414AA12
4,1751-414AA12,1.0,1.0,L1-1751-414AA12
5,1751-414AA12,1.0,1.0,L2-1751-414AA12
6,1751-414AA12,1.0,1,MC-1751-414AA12
1,1751-414AA17,0.0,0.0,
2,1751-414AA17,0.0,0.0,
3,1751-414AA17,0.0,0.0,
4,1751-414AA17,1.0,1.0,MA-1751-414AA17
5,1751-414AA17,1.0,1.0,L2-1751-414AA17
6,1751-414AA17,1.0,1,MC-1751-414AA17
1,1751-414AA24,0.0,0.0,
2,1751-414AA24,0.0,0.0,
3,1751-414AA24,0.0,0.0,
4,1751-414AA24,1.0,1.0,MA-1751-414AA24
5,1751-414AA24,1.0,1.0,L2-1751-414AA24
6,1751-414AA24,1.0,1,MC-1751-414AA24
1,100-406DA30,0.0,0.0,
2,100-406DA30,0.0,0.0,
3,100-406DA30,1.0,1.0,MA-100-406DA30
4,100-406DA30,1.0,1.0,L1-100-406DA30
5,100-406DA30,1.0,1.0,LA-100-406DA30-D
6,100-406DA30,1.0,1,LA-100-406DA30-MC
1,12Q-411AA26,0.0,0.0,
2,12Q-411AA26,0.0,0.0,
3,12Q-411AA26,1.0,1.0,MA-12Q-411AA26
4,12Q-411AA26,1.0,1.0,L1-12Q-411AA26
5,12Q-411AA26,1.0,1.0,LA-12Q-411AA26-L2
6,12Q-411AA26,1.0,1,LA-12Q-411AA26-MC
1,12Q-411AA30,0.0,0.0,
2,12Q-411AA30,0.0,0.0,
3,12Q-411AA30,1.0,1.0,MA-12Q-411AA30
4,12Q-411AA30,1.0,1.0,L1-12Q-411AA30
5,12Q-411AA30,1.0,1.0,LA-12Q-411AA30-L2
6,12Q-411AA30,1.0,1,LA-12Q-411AA30-MC
1,12Q-411AA36,0.0,0.0,
2,12Q-411AA36,0.0,0.0,
3,12Q-411AA36,1.0,1.0,MA-12Q-411AA36
4,12Q-411AA36,1.0,1.0,L1-12Q-411AA36
5,12Q-411AA36,1.0,1.0,LA-12Q-411AA36-L2
6,12Q-411AA36,1.0,1,LA-12Q-411AA36-MC
1,12Q-411AA38,0.0,0.0,
2,12Q-411AA38,0.0,0.0,
3,12Q-411AA38,1.0,1.0,MA-12Q-411AA38
4,12Q-411AA38,1.0,1.0,L1-12Q-411AA38
5,12Q-411AA38,1.0,1.0,LA-12Q-411AA38-L2
6,12Q-411AA38,1.0,1,LA-12Q-411AA38-MC
1,12Q-411BA32,0.0,0.0,
2,12Q-411BA32,0.0,0.0,
3,12Q-411BA32,1.0,1.0,MA-12Q-411BA32
4,12Q-411BA32,1.0,1.0,L1-12Q-411BA32
5,12Q-411BA32,1.0,1.0,LA-12Q-411BA32-L2
6,12Q-411BA32,1.0,1,LA-12Q-411BA32-MC
1,12Q-411BA33,0.0,0.0,
2,12Q-411BA33,0.0,0.0,
3,12Q-411BA33,1.0,1.0,MA-12Q-411BA33
4,12Q-411BA33,1.0,1.0,L1-12Q-411BA33
5,12Q-411BA33,1.0,1.0,LA-12Q-411BA33-L2
6,12Q-411BA33,1.0,1,LA-12Q-411BA33-MC
1,12Q-411BA38,0.0,0.0,
2,12Q-411BA38,0.0,0.0,
3,12Q-411BA38,1.0,1.0,MA-12Q-411BA38
4,12Q-411BA38,1.0,1.0,L1-12Q-411BA38
5,12Q-411BA38,1.0,1.0,LA-12Q-411BA38-L2
6,12Q-411BA38,1.0,1,LA-12Q-411BA38-MC
1,12Q-411BA40,0.0,0.0,
2,12Q-411BA40,0.0,0.0,
3,12Q-411BA40,1.0,1.0,MA-12Q-411BA40
4,12Q-411BA40,1.0,1.0,L1-12Q-411BA40
5,12Q-411BA40,1.0,1.0,LA-12Q-411BA40-L2
6,12Q-411BA40,1.0,1,LA-12Q-411BA40-MC
1,12Q-411BAB42,0.0,0.0,
2,12Q-411BAB42,0.0,0.0,
3,12Q-411BAB42,1.0,1.0,MA-12Q-411BAC42
4,12Q-411BAB42,1.0,1.0,L1-12Q-411BAC42
5,12Q-411BAB42,1.0,1.0,LA-12Q-411BAC42-L2
6,12Q-411BAB42,1.0,1,LA-12Q-411BAC42-MC
1,12Q-411FA34,0.0,0.0,
2,12Q-411FA34,0.0,0.0,
3,12Q-411FA34,1.0,1.0,MA-12Q-411FA33
4,12Q-411FA34,1.0,1.0,L1-12Q-411FA33
5,12Q-411FA34,1.0,1.0,LA-12Q-411FA33-L2
6,12Q-411FA34,1.0,1,LA-12Q-411FA34-MC
1,6207-411AA34,0.0,0.0,
2,6207-411AA34,0.0,0.0,
3,6207-411AA34,1.0,1.0,MA-12Q-411FA33
4,6207-411AA34,1.0,1.0,L1-12Q-411FA33
5,6207-411AA34,1.0,1.0,LA-12Q-411FA33-L2
6,6207-411AA34,1.0,1,LA-6207-411AA34-MC
1,12Q-411FA38,0.0,0.0,
2,12Q-411FA38,0.0,0.0,
3,12Q-411FA38,1.0,1.0,MA-12Q-411FA38
4,12Q-411FA38,1.0,1.0,L1-12Q-411FA38
5,12Q-411FA38,1.0,1.0,LA-12Q-411FA38-L2
6,12Q-411FA38,1.0,1,LA-12Q-411FA38-MC
1,12Q-411GA31,0.0,0.0,
2,12Q-411GA31,1.0,1.0,MA-12Q-411GA31
3,12Q-411GA31,1.0,1.0,L1-12Q-411GA31
4,12Q-411GA31,1.0,1.0,LA-12Q-411GA31-L2
5,12Q-411GA31,1.0,1.0,LA-12Q-411GA31-MC
6,12Q-411GA31,1.0,1,PEFIN-12Q-411GA31
1,12Q-411GA33,0.0,0.0,
2,12Q-411GA33,1.0,1.0,MA-12Q-411GA33
3,12Q-411GA33,1.0,1.0,L1-12Q-411GA33
4,12Q-411GA33,1.0,1.0,LA-12Q-411GA33-L2
5,12Q-411GA33,1.0,1.0,LA-12Q-411GA33-MC
6,12Q-411GA33,1.0,1,PEFIN-12Q-411GA33
1,12Q-411GA34,0.0,0.0,
2,12Q-411GA34,0.0,0.0,
3,12Q-411GA34,1.0,1.0,MA-12Q-411GA34
4,12Q-411GA34,1.0,1.0,L1-12Q-411GA34
5,12Q-411GA34,1.0,1.0,LA-12Q-411GA34-L2
6,12Q-411GA34,1.0,1,LA-12Q-411GA34-MC
1,12Q-411GA36,0.0,0.0,
2,12Q-411GA36,0.0,0.0,
3,12Q-411GA36,1.0,1.0,MA-12Q-411GA36
4,12Q-411GA36,1.0,1.0,L1-12Q-411GA36
5,12Q-411GA36,1.0,1.0,LA-12Q-411GA36-L2
6,12Q-411GA36,1.0,1,LA-12Q-411GA36-MC
1,12Q-411GA38,0.0,0.0,
2,12Q-411GA38,0.0,0.0,
3,12Q-411GA38,1.0,1.0,MA-12Q-411GA38
4,12Q-411GA38,1.0,1.0,L1-12Q-411GA38
5,12Q-411GA38,1.0,1.0,LA-12Q-411GA38-L2
6,12Q-411GA38,1.0,1,LA-12Q-411GA38-MC
1,12Q-411HA33,0.0,0.0,
2,12Q-411HA33,0.0,0.0,
3,12Q-411HA33,1.0,1.0,MA-12Q-411HA33
4,12Q-411HA33,1.0,1.0,L1-12Q-411HA33
5,12Q-411HA33,1.0,1.0,LA-12Q-411HA33-L2
6,12Q-411HA33,1.0,1,LA-12Q-411HA33-MC
1,12Q-411JA34,0.0,0.0,
2,12Q-411JA34,0.0,0.0,
3,12Q-411JA34,1.0,1.0,MA-12Q-411JA34
4,12Q-411JA34,1.0,1.0,L1-12Q-411JA34
5,12Q-411JA34,1.0,1.0,LA-12Q-411JA34-L2
6,12Q-411JA34,1.0,1,LA-12Q-411JA34-MC
1,1531-406AA26,0.0,0.0,
2,1531-406AA26,1.0,1.0,MA-1531-406AA26
3,1531-406AA26,1.0,1.0,L1-1531-406AA26
4,1531-406AA26,1.0,1.0,LA-1531-406AA26-D
5,1531-406AA26,1.0,1.0,LA-1531-406AA26-MC
6,1531-406AA26,1.0,1,PEFIN-1531-406AA26
1,1531-406AA28,0.0,0.0,
2,1531-406AA28,0.0,0.0,
3,1531-406AA28,1.0,1.0,MA-1531-406AA28
4,1531-406AA28,1.0,1.0,L1-1531-406AA28
5,1531-406AA28,1.0,1.0,LA-1531-406AA28-D
6,1531-406AA28,1.0,1,LA-1531-406AA28-MC
1,1531-406AA3038,0.0,0.0,
2,1531-406AA3038,0.0,0.0,
3,1531-406AA3038,1.0,1.0,MA-1531-406AA3038
4,1531-406AA3038,1.0,1.0,L1-1531-406AA3038
5,1531-406AA3038,1.0,1.0,LA-1531-406AA3038-D
6,1531-406AA3038,1.0,1,LA-1531-406AA3038-MC
1,1531-406AA30,0.0,0.0,
2,1531-406AA30,0.0,0.0,
3,1531-406AA30,1.0,1.0,MA-1531-406AA30
4,1531-406AA30,1.0,1.0,L1-1531-406AA30
5,1531-406AA30,1.0,1.0,LA-1531-406AA30-D
6,1531-406AA30,1.0,1,LA-1531-406AA30-MC
1,1531-406AA3238,0.0,0.0,
2,1531-406AA3238,0.0,0.0,
3,1531-406AA3238,1.0,1.0,MA-1531-406AA3238
4,1531-406AA3238,1.0,1.0,L1-1531-406AA3238
5,1531-406AA3238,1.0,1.0,LA-1531-406AA3238-D
6,1531-406AA3238,1.0,1,LA-1531-406AA3238-MC
1,1531-406AA32,0.0,0.0,
2,1531-406AA32,0.0,0.0,
3,1531-406AA32,1.0,1.0,MA-1531-406AA32
4,1531-406AA32,1.0,1.0,L1-1531-406AA32
5,1531-406AA32,1.0,1.0,LA-1531-406AA32-D
6,1531-406AA32,1.0,1,LA-1531-406AA32-MC
1,1531-406AA34,0.0,0.0,
2,1531-406AA34,0.0,0.0,
3,1531-406AA34,1.0,1.0,MA-1531-406AA34
4,1531-406AA34,1.0,1.0,L1-1531-406AA34
5,1531-406AA34,1.0,1.0,LA-1531-406AA34-D
6,1531-406AA34,1.0,1,LA-1531-406AA34-MC
1,1531-406AA36,0.0,0.0,
2,1531-406AA36,0.0,0.0,
3,1531-406AA36,1.0,1.0,MA-1531-406AA36
4,1531-406AA36,1.0,1.0,L1-1531-406AA36
5,1531-406AA36,1.0,1.0,LA-1531-406AA36-D
6,1531-406AA36,1.0,1,LA-1531-406AA36-MC
1,1531-406AA38,0.0,0.0,
2,1531-406AA38,0.0,0.0,
3,1531-406AA38,1.0,1.0,MA-1531-406AA38
4,1531-406AA38,1.0,1.0,L1-1531-406AA38
5,1531-406AA38,1.0,1.0,LA-1531-406AA38-D
6,1531-406AA38,1.0,1,LA-1531-406AA38-MC
1,1531-406AA40,0.0,0.0,
2,1531-406AA40,0.0,0.0,
3,1531-406AA40,1.0,1.0,MA-1531-406AA40
4,1531-406AA40,1.0,1.0,L1-1531-406AA40
5,1531-406AA40,1.0,1.0,LA-1531-406AA40-D
6,1531-406AA40,1.0,1,LA-1531-406AA40-MC
1,1531-406AA42,0.0,0.0,
2,1531-406AA42,0.0,0.0,
3,1531-406AA42,1.0,1.0,MA-1531-406AA42
4,1531-406AA42,1.0,1.0,L1-1531-406AA42
5,1531-406AA42,1.0,1.0,LA-1531-406AA42-D
6,1531-406AA42,1.0,1,LA-1531-406AA42-MC
1,1551-401AA30,0.0,0.0,
2,1551-401AA30,0.0,0.0,
3,1551-401AA30,1.0,1.0,MA-1551-401AA30
4,1551-401AA30,1.0,1.0,L1-1551-401AA30
5,1551-401AA30,1.0,1.0,LA-1551-401AA30-D
6,1551-401AA30,1.0,1,LA-1551-401AA30-DF
1,1551-401AA38,0.0,0.0,
2,1551-401AA38,0.0,0.0,
3,1551-401AA38,1.0,1.0,MA-1551-401AA38
4,1551-401AA38,1.0,1.0,L1-1551-401AA38
5,1551-401AA38,1.0,1.0,LA-1551-401AA38-D
6,1551-401AA38,1.0,1,LA-1551-401AA38-DF
1,1551-401BA38,0.0,0.0,
2,1551-401BA38,0.0,0.0,
3,1551-401BA38,1.0,1.0,MA-1551-401AA38
4,1551-401BA38,1.0,1.0,L1-1551-401AA38
5,1551-401BA38,1.0,1.0,LA-1551-401AA38-D
6,1551-401BA38,1.0,1,LA-1551-401AA38-DF
1,1551-401CA38,0.0,0.0,
2,1551-401CA38,0.0,0.0,
3,1551-401CA38,1.0,1.0,MA-1551-401AA38
4,1551-401CA38,1.0,1.0,L1-1551-401AA38
5,1551-401CA38,1.0,1.0,LA-1551-401AA38-D
6,1551-401CA38,1.0,1,LA-1551-401AA38-DF
1,161-406CEB26,0.0,0.0,
2,161-406CEB26,0.0,0.0,
3,161-406CEB26,1.0,1.0,MA-161-406CE26
4,161-406CEB26,1.0,1.0,L1-161-406CE26
5,161-406CEB26,1.0,1.0,LA-161-406CE26-D
6,161-406CEB26,1.0,1,LA-161-406CEB26-MC
1,161-406CF30,0.0,0.0,
2,161-406CF30,0.0,0.0,
3,161-406CF30,1.0,1.0,MA-161-406CE30
4,161-406CF30,1.0,1.0,L1-161-406CE30
5,161-406CF30,1.0,1.0,LA-161-406CE30-D
6,161-406CF30,1.0,1,LA-161-406CF30-MC
1,161-406CF36,0.0,0.0,
2,161-406CF36,0.0,0.0,
3,161-406CF36,1.0,1.0,MA-161-406CE36
4,161-406CF36,1.0,1.0,L1-161-406CE36
5,161-406CF36,1.0,1.0,LA-161-406CE36-D
6,161-406CF36,1.0,1,LA-161-406CF36-MC
1,161-406CF38,0.0,0.0,
2,161-406CF38,0.0,0.0,
3,161-406CF38,1.0,1.0,MA-161-406CE38
4,161-406CF38,1.0,1.0,L1-161-406CE38
5,161-406CF38,1.0,1.0,LA-161-406CE38-D
6,161-406CF38,1.0,1,LA-161-406CF38-MC
1,161-406CF40,0.0,0.0,
2,161-406CF40,0.0,0.0,
3,161-406CF40,1.0,1.0,MA-161-406CE40
4,161-406CF40,1.0,1.0,L1-161-406CE40
5,161-406CF40,1.0,1.0,LA-161-406CE40-D
6,161-406CF40,1.0,1,LA-161-406CF40-MC
1,161-406CF42,0.0,0.0,
2,161-406CF42,0.0,0.0,
3,161-406CF42,1.0,1.0,MA-161-406CE42
4,161-406CF42,1.0,1.0,L1-161-406CE42
5,161-406CF42,1.0,1.0,LA-161-406CE42-D
6,161-406CF42,1.0,1,LA-161-406CF42-MC
1,161-406SB3138,0.0,0.0,
2,161-406SB3138,0.0,0.0,
3,161-406SB3138,1.0,1.0,MA-161-406DE3138
4,161-406SB3138,1.0,1.0,L1-161-406DE3138
5,161-406SB3138,1.0,1.0,LA-161-406DE3138-D
6,161-406SB3138,1.0,1,LA-161-406SB3138-MC
1,161-406DF31,0.0,0.0,
2,161-406DF31,0.0,0.0,
3,161-406DF31,1.0,1.0,MA-161-406DE31
4,161-406DF31,1.0,1.0,L1-161-406DE31
5,161-406DF31,1.0,1.0,LA-161-406DE31-D
6,161-406DF31,1.0,1,LA-161-406DF31-MC
1,161-406DF32,0.0,0.0,
2,161-406DF32,0.0,0.0,
3,161-406DF32,1.0,1.0,MA-161-406DE32
4,161-406DF32,1.0,1.0,L1-161-406DE32
5,161-406DF32,1.0,1.0,LA-161-406DE32-D
6,161-406DF32,1.0,1,LA-161-406DF32-MC
1,161-406DF36,0.0,0.0,
2,161-406DF36,0.0,0.0,
3,161-406DF36,1.0,1.0,MA-161-406DE36
4,161-406DF36,1.0,1.0,L1-161-406DE36
5,161-406DF36,1.0,1.0,LA-161-406DE36-D
6,161-406DF36,1.0,1,LA-161-406DF36-MC
1,161-406SB36,0.0,0.0,
2,161-406SB36,0.0,0.0,
3,161-406SB36,1.0,1.0,MA-161-406DE36
4,161-406SB36,1.0,1.0,L1-161-406DE36
5,161-406SB36,1.0,1.0,LA-161-406DE36-D
6,161-406SB36,1.0,1,LA-161-406SB36-MC
1,161-406DF38,0.0,0.0,
2,161-406DF38,0.0,0.0,
3,161-406DF38,1.0,1.0,MA-161-406DE38
4,161-406DF38,1.0,1.0,L1-161-406DE38
5,161-406DF38,1.0,1.0,LA-161-406DE38-D
6,161-406DF38,1.0,1,LA-161-406DF38-MC
1,161-406DF40,0.0,0.0,
2,161-406DF40,0.0,0.0,
3,161-406DF40,1.0,1.0,MA-161-406DE40
4,161-406DF40,1.0,1.0,L1-161-406DE40
5,161-406DF40,1.0,1.0,LA-161-406DE40-D
6,161-406DF40,1.0,1,LA-161-406DF40-MC
1,161-406DF42,0.0,0.0,
2,161-406DF42,0.0,0.0,
3,161-406DF42,1.0,1.0,MA-161-406DE42
4,161-406DF42,1.0,1.0,L1-161-406DE42
5,161-406DF42,1.0,1.0,LA-161-406DE42-D
6,161-406DF42,1.0,1,LA-161-406DF42-MC
1,161-406JB34,0.0,0.0,
2,161-406JB34,0.0,0.0,
3,161-406JB34,1.0,1.0,MA-161-406JA34
4,161-406JB34,1.0,1.0,L1-161-406JA34
5,161-406JB34,1.0,1.0,LA-161-406JA34-D
6,161-406JB34,1.0,1,LA-161-406JB34-MC
1,161-406JB36,0.0,0.0,
2,161-406JB36,0.0,0.0,
3,161-406JB36,1.0,1.0,MA-161-406JA36
4,161-406JB36,1.0,1.0,L1-161-406JA36
5,161-406JB36,1.0,1.0,LA-161-406JA36-D
6,161-406JB36,1.0,1,LA-161-406JB36-MC
1,161-406JB38,0.0,0.0,
2,161-406JB38,0.0,0.0,
3,161-406JB38,1.0,1.0,MA-161-406JA38
4,161-406JB38,1.0,1.0,L1-161-406JA38
5,161-406JB38,1.0,1.0,LA-161-406JA38-D
6,161-406JB38,1.0,1,LA-161-406JB38-MC
1,161-406PE30,0.0,0.0,
2,161-406PE30,0.0,0.0,
3,161-406PE30,1.0,1.0,MA-161-406PE30
4,161-406PE30,1.0,1.0,L1-161-406PE30
5,161-406PE30,1.0,1.0,LA-161-406PE30-D
6,161-406PE30,1.0,1,LA-161-406PE30-MC
1,161-406PE33,0.0,0.0,
2,161-406PE33,0.0,0.0,
3,161-406PE33,1.0,1.0,MA-161-406PE33
4,161-406PE33,1.0,1.0,L1-161-406PE33
5,161-406PE33,1.0,1.0,LA-161-406PE33-D
6,161-406PE33,1.0,1,LA-161-406PE33-MC
1,161-406PE34,0.0,0.0,
2,161-406PE34,0.0,0.0,
3,161-406PE34,1.0,1.0,MA-161-406PE34
4,161-406PE34,1.0,1.0,L1-161-406PE34
5,161-406PE34,1.0,1.0,LA-161-406PE34-D
6,161-406PE34,1.0,1,LA-161-406PE34-MC
1,161-406QE30,0.0,0.0,
2,161-406QE30,0.0,0.0,
3,161-406QE30,1.0,1.0,MA-161-406QE30
4,161-406QE30,1.0,1.0,L1-161-406QE30
5,161-406QE30,1.0,1.0,LA-161-406QE30-D
6,161-406QE30,1.0,1,LA-161-406QE30-MC
1,161-406RE38,0.0,0.0,
2,161-406RE38,0.0,0.0,
3,161-406RE38,1.0,1.0,MA-161-406RE38
4,161-406RE38,1.0,1.0,L1-161-406RE38
5,161-406RE38,1.0,1.0,LA-161-406RE38-D
6,161-406RE38,1.0,1,LA-161-406RE38-MC
1,6207-406BA38,0.0,0.0,
2,6207-406BA38,0.0,0.0,
3,6207-406BA38,1.0,1.0,MA-161-406RE38
4,6207-406BA38,1.0,1.0,L1-161-406RE38
5,6207-406BA38,1.0,1.0,LA-161-406RE38-D
6,6207-406BA38,1.0,1,LA-6207-406BA38-MC
1,161-406SB34,0.0,0.0,
2,161-406SB34,0.0,0.0,
3,161-406SB34,1.0,1.0,MA-161-406SA34
4,161-406SB34,1.0,1.0,L1-161-406SA34
5,161-406SB34,1.0,1.0,LA-161-406SA34-D
6,161-406SB34,1.0,1,LA-161-406SB34-MC
1,1331-401FB30,0.0,0.0,
2,1331-401FB30,0.0,0.0,
3,1331-401FB30,1.0,1.0,MA-1631-401AB30
4,1331-401FB30,1.0,1.0,L1-1631-401AB30
5,1331-401FB30,1.0,1.0,LA-1631-401AB30-D
6,1331-401FB30,1.0,1,LA-1631-401AB30-DF
1,1631-401AB30,0.0,0.0,
2,1631-401AB30,0.0,0.0,
3,1631-401AB30,1.0,1.0,MA-1631-401AB30
4,1631-401AB30,1.0,1.0,L1-1631-401AB30
5,1631-401AB30,1.0,1.0,LA-1631-401AB30-D
6,1631-401AB30,1.0,1,LA-1631-401AB30-DF
1,1331-401FB38,0.0,0.0,
2,1331-401FB38,0.0,0.0,
3,1331-401FB38,1.0,1.0,MA-1631-401AB38
4,1331-401FB38,1.0,1.0,L1-1631-401AB38
5,1331-401FB38,1.0,1.0,LA-1631-401AB38-D
6,1331-401FB38,1.0,1,LA-1631-401AB38-DF
1,1631-401AB38,0.0,0.0,
2,1631-401AB38,0.0,0.0,
3,1631-401AB38,1.0,1.0,MA-1631-401AB38
4,1631-401AB38,1.0,1.0,L1-1631-401AB38
5,1631-401AB38,1.0,1.0,LA-1631-401AB38-D
6,1631-401AB38,1.0,1,LA-1631-401AB38-DF
1,1632-401AA26,0.0,0.0,
2,1632-401AA26,0.0,0.0,
3,1632-401AA26,1.0,1.0,MA-1632-401AA26
4,1632-401AA26,1.0,1.0,L1-1632-401AA26
5,1632-401AA26,1.0,1.0,LA-1632-401AA26-D
6,1632-401AA26,1.0,1,LA-1632-401AA26-DF
1,1632-401AA30,0.0,0.0,
2,1632-401AA30,0.0,0.0,
3,1632-401AA30,1.0,1.0,MA-1632-401AA30
4,1632-401AA30,1.0,1.0,L1-1632-401AA30
5,1632-401AA30,1.0,1.0,LA-1632-401AA30-D
6,1632-401AA30,1.0,1,LA-1632-401AA30-DF
1,1632-406AA30,0.0,0.0,
2,1632-406AA30,0.0,0.0,
3,1632-406AA30,1.0,1.0,MA-1632-406AA30
4,1632-406AA30,1.0,1.0,L1-1632-406AA30
5,1632-406AA30,1.0,1.0,LA-1632-406AA30-D
6,1632-406AA30,1.0,1,LA-1632-406AA30-MC
1,1636-401BA30,0.0,0.0,
2,1636-401BA30,0.0,0.0,
3,1636-401BA30,1.0,1.0,MA-1636-401AA30
4,1636-401BA30,1.0,1.0,L1-1636-401AA30
5,1636-401BA30,1.0,1.0,LA-1636-401AA30-D
6,1636-401BA30,1.0,1,LA-1636-401AA30-DF
1,171-406PA34,0.0,0.0,
2,171-406PA34,0.0,0.0,
3,171-406PA34,1.0,1.0,MA-171-406PA34
4,171-406PA34,1.0,1.0,L1-171-406PA34
5,171-406PA34,1.0,1.0,LA-171-406PA34-D
6,171-406PA34,1.0,1,LA-171-406PA34-MC
1,1731-406DA19,0.0,0.0,
2,1731-406DA19,0.0,0.0,
3,1731-406DA19,1.0,1.0,MA-1731-406DA19
4,1731-406DA19,1.0,1.0,L1-1731-406DA19
5,1731-406DA19,1.0,1.0,LA-1731-406DA19-D
6,1731-406DA19,1.0,1,LA-1731-406DA19-MC
1,1731-406DA22,0.0,0.0,
2,1731-406DA22,0.0,0.0,
3,1731-406DA22,1.0,1.0,MA-1731-406DA22
4,1731-406DA22,1.0,1.0,L1-1731-406DA22
5,1731-406DA22,1.0,1.0,LA-1731-406DA22-D
6,1731-406DA22,1.0,1,LA-1731-406DA22-MC
1,C815-406CA30,0.0,0.0,
2,C815-406CA30,0.0,0.0,
3,C815-406CA30,1.0,1.0,MA-C815-406CA30
4,C815-406CA30,1.0,1.0,L1-C815-406CA30
5,C815-406CA30,1.0,1.0,LA-C815-406CA30-D
6,C815-406CA30,1.0,1,LA-C815-406CA30-MC
1,C815-406CA34,0.0,0.0,
2,C815-406CA34,0.0,0.0,
3,C815-406CA34,1.0,1.0,MA-C815-406CA34
4,C815-406CA34,1.0,1.0,L1-C815-406CA34
5,C815-406CA34,1.0,1.0,LA-C815-406CA34-D
6,C815-406CA34,1.0,1,LA-C815-406CA34-MC
1,1035-417AA30,0.0,0.0,
2,1035-417AA30,0.0,0.0,
3,1035-417AA30,0.0,0.0,
4,1035-417AA30,0.0,0.0,
5,1035-417AA30,1.0,1.0,MA-1035-417AA30-DRUM
6,1035-417AA30,1.0,3,L1-1035-417AA30-DRUM
1,1035-418AA30,0.0,0.0,
2,1035-418AA30,0.0,0.0,
3,1035-418AA30,0.0,0.0,
4,1035-418AA30,0.0,0.0,
5,1035-418AA30,1.0,1.0,MA-1035-418AA30-DRUM
6,1035-418AA30,1.0,3,L1-1035-418AA30-DRUM
1,1051-501BA38,0.0,0.0,
2,1051-501BA38,0.0,0.0,
3,1051-501BA38,0.0,0.0,
4,1051-501BA38,0.0,0.0,
5,1051-501BA38,1.0,1.0,MA-1051-501BA38
6,1051-501BA38,1.0,1,L1-1051-501BA38
1,1531-501ZQA3038,0.0,0.0,
2,1531-501ZQA3038,0.0,0.0,
3,1531-501ZQA3038,0.0,0.0,
4,1531-501ZQA3038,0.0,0.0,
5,1531-501ZQA3038,1.0,1.0,MA-1531-501ZKA34
6,1531-501ZQA3038,1.0,1,L1-1531-501ZKA34
1,1531-501ZQA3238,0.0,0.0,
2,1531-501ZQA3238,0.0,0.0,
3,1531-501ZQA3238,0.0,0.0,
4,1531-501ZQA3238,0.0,0.0,
5,1531-501ZQA3238,1.0,1.0,MA-1531-501ZKA34
6,1531-501ZQA3238,1.0,1,L1-1531-501ZKA34
1,1531-501ZQA34,0.0,0.0,
2,1531-501ZQA34,0.0,0.0,
3,1531-501ZQA34,0.0,0.0,
4,1531-501ZQA34,0.0,0.0,
5,1531-501ZQA34,1.0,1.0,MA-1531-501ZKA34
6,1531-501ZQA34,1.0,1,L1-1531-501ZKA34
1,1532-431BA30,0.0,0.0,
2,1532-431BA30,0.0,0.0,
3,1532-431BA30,0.0,0.0,
4,1532-431BA30,0.0,0.0,
5,1532-431BA30,1.0,1.0,MA-1532-431BA30
6,1532-431BA30,1.0,1,L1-1532-431BA30
1,1532-440AA30,0.0,0.0,
2,1532-440AA30,0.0,0.0,
3,1532-440AA30,0.0,0.0,
4,1532-440AA30,0.0,0.0,
5,1532-440AA30,1.0,1.0,MA-1532-440AA30
6,1532-440AA30,1.0,1,L1-1532-440AA30
1,1532-440CA30,0.0,0.0,
2,1532-440CA30,0.0,0.0,
3,1532-440CA30,0.0,0.0,
4,1532-440CA30,0.0,0.0,
5,1532-440CA30,1.0,1.0,MA-1532-440AA30
6,1532-440CA30,1.0,1,L1-1532-440AA30
1,1532-440DA30,0.0,0.0,
2,1532-440DA30,0.0,0.0,
3,1532-440DA30,0.0,0.0,
4,1532-440DA30,0.0,0.0,
5,1532-440DA30,1.0,1.0,MA-1532-440AA30
6,1532-440DA30,1.0,1,L1-1532-440AA30
1,1532-440FA30,0.0,0.0,
2,1532-440FA30,0.0,0.0,
3,1532-440FA30,0.0,0.0,
4,1532-440FA30,0.0,0.0,
5,1532-440FA30,1.0,1.0,MA-1532-440AA30
6,1532-440FA30,1.0,1,L1-1532-440AA30
1,1532-440AA34,0.0,0.0,
2,1532-440AA34,0.0,0.0,
3,1532-440AA34,0.0,0.0,
4,1532-440AA34,0.0,0.0,
5,1532-440AA34,1.0,1.0,MA-1532-440AA34
6,1532-440AA34,1.0,1,L1-1532-440AA34
1,1532-440CA34,0.0,0.0,
2,1532-440CA34,0.0,0.0,
3,1532-440CA34,0.0,0.0,
4,1532-440CA34,0.0,0.0,
5,1532-440CA34,1.0,1.0,MA-1532-440AA34
6,1532-440CA34,1.0,1,L1-1532-440AA34
1,1532-440FA34,0.0,0.0,
2,1532-440FA34,0.0,0.0,
3,1532-440FA34,0.0,0.0,
4,1532-440FA34,0.0,0.0,
5,1532-440FA34,1.0,1.0,MA-1532-440AA34
6,1532-440FA34,1.0,1,L1-1532-440AA34
1,1532-440AA36,0.0,0.0,
2,1532-440AA36,0.0,0.0,
3,1532-440AA36,0.0,0.0,
4,1532-440AA36,0.0,0.0,
5,1532-440AA36,1.0,1.0,MA-1532-440AA36
6,1532-440AA36,1.0,1,L1-1532-440AA36
1,161-402FC34,0.0,0.0,
2,161-402FC34,0.0,0.0,
3,161-402FC34,0.0,0.0,
4,161-402FC34,0.0,0.0,
5,161-402FC34,1.0,1.0,MA-161-402FC34
6,161-402FC34,1.0,1,L1-161-402FC34
1,161-402EC34,0.0,0.0,
2,161-402EC34,0.0,0.0,
3,161-402EC34,0.0,0.0,
4,161-402EC34,0.0,0.0,
5,161-402EC34,1.0,1.0,MA-161-402GA34
6,161-402EC34,1.0,1,L1-161-402GA34
1,161-402JA36,0.0,0.0,
2,161-402JA36,0.0,0.0,
3,161-402JA36,0.0,0.0,
4,161-402JA36,0.0,0.0,
5,161-402JA36,1.0,1.0,MA-161-402GA36
6,161-402JA36,1.0,1,L1-161-402GA36
1,161-402JA31,0.0,0.0,
2,161-402JA31,0.0,0.0,
3,161-402JA31,0.0,0.0,
4,161-402JA31,0.0,0.0,
5,161-402JA31,1.0,1.0,MA-161-402JA31
6,161-402JA31,1.0,1,L1-161-402JA31
1,161-403DA38,0.0,0.0,
2,161-403DA38,0.0,0.0,
3,161-403DA38,0.0,0.0,
4,161-403DA38,0.0,0.0,
5,161-403DA38,1.0,1.0,MA-161-403DA38
6,161-403DA38,1.0,1,L1-161-403DA38
1,161-404AAC,0.0,0.0,
2,161-404AAC,0.0,0.0,
3,161-404AAC,0.0,0.0,
4,161-404AAC,0.0,0.0,
5,161-404AAC,0.0,0.0,MA-161-404AAC
6,161-404AAC,1.0,1,MC-161-404AAC
1,161-441AD34,0.0,0.0,
2,161-441AD34,0.0,0.0,
3,161-441AD34,0.0,0.0,
4,161-441AD34,0.0,0.0,
5,161-441AD34,1.0,1.0,MA-161-441AB34
6,161-441AD34,1.0,1,L1-161-441AB34
1,161-441AC36,0.0,0.0,
2,161-441AC36,0.0,0.0,
3,161-441AC36,0.0,0.0,
4,161-441AC36,0.0,0.0,
5,161-441AC36,1.0,1.0,MA-161-441AB36
6,161-441AC36,1.0,1,L1-161-441AB36
1,161-441AD31,0.0,0.0,
2,161-441AD31,0.0,0.0,
3,161-441AD31,0.0,0.0,
4,161-441AD31,0.0,0.0,
5,161-441AD31,1.0,1.0,MA-161-441AD31
6,161-441AD31,1.0,1,L1-161-441AD31
1,1636-431AA30,0.0,0.0,
2,1636-431AA30,0.0,0.0,
3,1636-431AA30,0.0,0.0,
4,1636-431AA30,0.0,0.0,
5,1636-431AA30,1.0,1.0,MA-1636-431AA30
6,1636-431AA30,1.0,1,L1-1636-431AA30
1,1731-401CA24,0.0,0.0,
2,1731-401CA24,0.0,0.0,
3,1731-401CA24,0.0,0.0,
4,1731-401CA24,0.0,0.0,
5,1731-401CA24,1.0,1.0,MA-1731-401CA24
6,1731-401CA24,1.0,1,L1-1731-401CA24
1,1731-501ZKB22,0.0,0.0,
2,1731-501ZKB22,0.0,0.0,
3,1731-501ZKB22,0.0,0.0,
4,1731-501ZKB22,0.0,0.0,
5,1731-501ZKB22,1.0,1.0,MA-1731-501ZKA22
6,1731-501ZKB22,1.0,1,L1-1731-501ZKA22
1,1751-440AC12,0.0,0.0,
2,1751-440AC12,0.0,0.0,
3,1751-440AC12,0.0,0.0,
4,1751-440AC12,0.0,0.0,
5,1751-440AC12,1.0,1.0,MA-1751-440AC12
6,1751-440AC12,1.0,1,L1-1751-440AC12
1,1751-440AC17,0.0,0.0,
2,1751-440AC17,0.0,0.0,
3,1751-440AC17,0.0,0.0,
4,1751-440AC17,0.0,0.0,
5,1751-440AC17,1.0,1.0,MA-1751-440AC17
6,1751-440AC17,1.0,1,L1-1751-440AC17
1,1751-440AC24,0.0,0.0,
2,1751-440AC24,0.0,0.0,
3,1751-440AC24,0.0,0.0,
4,1751-440AC24,0.0,0.0,
5,1751-440AC24,1.0,1.0,MA-1751-440AC24
6,1751-440AC24,1.0,1,L1-1751-440AC24
1,5145-501AA08,0.0,0.0,
2,5145-501AA08,0.0,0.0,
3,5145-501AA08,0.0,0.0,
4,5145-501AA08,0.0,0.0,
5,5145-501AA08,1.0,1.0,MA-1751-501AA08
6,5145-501AA08,1.0,1,L1-1751-501AA08
1,5145-501AA10,0.0,0.0,
2,5145-501AA10,0.0,0.0,
3,5145-501AA10,0.0,0.0,
4,5145-501AA10,0.0,0.0,
5,5145-501AA10,1.0,1.0,MA-1751-501AA10
6,5145-501AA10,1.0,1,L1-1751-501AA10
1,5145-501AA11,0.0,0.0,
2,5145-501AA11,0.0,0.0,
3,5145-501AA11,0.0,0.0,
4,5145-501AA11,0.0,0.0,
5,5145-501AA11,1.0,1.0,MA-1751-501AA11
6,5145-501AA11,1.0,1,L1-1751-501AA11
1,5145-501AA12,0.0,0.0,
2,5145-501AA12,0.0,0.0,
3,5145-501AA12,0.0,0.0,
4,5145-501AA12,0.0,0.0,
5,5145-501AA12,1.0,1.0,MA-1751-501AA12
6,5145-501AA12,1.0,1,L1-1751-501AA12
1,5145-501AA13,0.0,0.0,
2,5145-501AA13,0.0,0.0,
3,5145-501AA13,0.0,0.0,
4,5145-501AA13,0.0,0.0,
5,5145-501AA13,1.0,1.0,MA-1751-501AA13
6,5145-501AA13,1.0,1,L1-1751-501AA13
1,5145-501AA14,0.0,0.0,
2,5145-501AA14,0.0,0.0,
3,5145-501AA14,0.0,0.0,
4,5145-501AA14,0.0,0.0,
5,5145-501AA14,1.0,1.0,MA-1751-501AA14
6,5145-501AA14,1.0,1,L1-1751-501AA14
1,5145-501AA15,0.0,0.0,
2,5145-501AA15,0.0,0.0,
3,5145-501AA15,0.0,0.0,
4,5145-501AA15,0.0,0.0,
5,5145-501AA15,1.0,1.0,MA-1751-501AA15
6,5145-501AA15,1.0,1,L1-1751-501AA15
1,5145-501AA17,0.0,0.0,
2,5145-501AA17,0.0,0.0,
3,5145-501AA17,0.0,0.0,
4,5145-501AA17,0.0,0.0,
5,5145-501AA17,1.0,1.0,MA-1751-501AA17
6,5145-501AA17,1.0,1,L1-1751-501AA17
1,5145-501AA18,0.0,0.0,
2,5145-501AA18,0.0,0.0,
3,5145-501AA18,0.0,0.0,
4,5145-501AA18,0.0,0.0,
5,5145-501AA18,1.0,1.0,MA-1751-501AA18
6,5145-501AA18,1.0,1,L1-1751-501AA18
1,5145-501AA19,0.0,0.0,
2,5145-501AA19,0.0,0.0,
3,5145-501AA19,0.0,0.0,
4,5145-501AA19,0.0,0.0,
5,5145-501AA19,1.0,1.0,MA-1751-501AA19
6,5145-501AA19,1.0,1,L1-1751-501AA19
1,5143-501AA20,0.0,0.0,
2,5143-501AA20,0.0,0.0,
3,5143-501AA20,0.0,0.0,
4,5143-501AA20,0.0,0.0,
5,5143-501AA20,1.0,1.0,MA-1751-501AA20
6,5143-501AA20,1.0,1,L1-1751-501AA20
1,5145-501AA20,0.0,0.0,
2,5145-501AA20,0.0,0.0,
3,5145-501AA20,0.0,0.0,
4,5145-501AA20,0.0,0.0,
5,5145-501AA20,1.0,1.0,MA-1751-501AA20
6,5145-501AA20,1.0,1,L1-1751-501AA20
1,5143-501AA24,0.0,0.0,
2,5143-501AA24,0.0,0.0,
3,5143-501AA24,0.0,0.0,
4,5143-501AA24,0.0,0.0,
5,5143-501AA24,1.0,1.0,MA-1751-501AA24
6,5143-501AA24,1.0,1,L1-1751-501AA24
1,3906-501AA20,0.0,0.0,
2,3906-501AA20,0.0,0.0,
3,3906-501AA20,0.0,0.0,
4,3906-501AA20,0.0,0.0,
5,3906-501AA20,1.0,1.0,MA-19B-501AB20
6,3906-501AA20,1.0,1,L1-19B-501AB20
1,1731-501AA7.6,0.0,0.0,
2,1731-501AA7.6,0.0,0.0,
3,1731-501AA7.6,0.0,0.0,
4,1731-501AA7.6,0.0,0.0,
5,1731-501AA7.6,1.0,1.0,MA-19B-501AB7.6
6,1731-501AA7.6,1.0,1,L1-19B-501AB7.6
1,1731-501ZGA14,0.0,0.0,
2,1731-501ZGA14,0.0,0.0,
3,1731-501ZGA14,0.0,0.0,
4,1731-501ZGA14,0.0,0.0,
5,1731-501ZGA14,1.0,1.0,MA-19B-501ZGA14
6,1731-501ZGA14,1.0,1,L1-19B-501ZGA14
1,1731-501ZJA16,0.0,0.0,
2,1731-501ZJA16,0.0,0.0,
3,1731-501ZJA16,0.0,0.0,
4,1731-501ZJA16,0.0,0.0,
5,1731-501ZJA16,1.0,1.0,MA-19B-501ZGA16
6,1731-501ZJA16,1.0,1,L1-19B-501ZGA16
1,1731-501ZGA18,0.0,0.0,
2,1731-501ZGA18,0.0,0.0,
3,1731-501ZGA18,0.0,0.0,
4,1731-501ZGA18,0.0,0.0,
5,1731-501ZGA18,1.0,1.0,MA-19B-501ZGA18
6,1731-501ZGA18,1.0,1,L1-19B-501ZGA18
1,1731-501ZJA18,0.0,0.0,
2,1731-501ZJA18,0.0,0.0,
3,1731-501ZJA18,0.0,0.0,
4,1731-501ZJA18,0.0,0.0,
5,1731-501ZJA18,1.0,1.0,MA-19B-501ZGA18
6,1731-501ZJA18,1.0,1,L1-19B-501ZGA18
1,1731-501ZGA19,0.0,0.0,
2,1731-501ZGA19,0.0,0.0,
3,1731-501ZGA19,0.0,0.0,
4,1731-501ZGA19,0.0,0.0,
5,1731-501ZGA19,1.0,1.0,MA-19B-501ZGA19
6,1731-501ZGA19,1.0,1,L1-19B-501ZGA19
1,1731-501ZJA19,0.0,0.0,
2,1731-501ZJA19,0.0,0.0,
3,1731-501ZJA19,0.0,0.0,
4,1731-501ZJA19,0.0,0.0,
5,1731-501ZJA19,1.0,1.0,MA-19B-501ZGA19
6,1731-501ZJA19,1.0,1,L1-19B-501ZGA19
1,1731-501ZGA20,0.0,0.0,
2,1731-501ZGA20,0.0,0.0,
3,1731-501ZGA20,0.0,0.0,
4,1731-501ZGA20,0.0,0.0,
5,1731-501ZGA20,1.0,1.0,MA-19B-501ZGA20
6,1731-501ZGA20,1.0,1,L1-19B-501ZGA20
1,1731-501ZJA20,0.0,0.0,
2,1731-501ZJA20,0.0,0.0,
3,1731-501ZJA20,0.0,0.0,
4,1731-501ZJA20,0.0,0.0,
5,1731-501ZJA20,1.0,1.0,MA-19B-501ZGA20
6,1731-501ZJA20,1.0,1,L1-19B-501ZGA20
1,1731-501ZGA21,0.0,0.0,
2,1731-501ZGA21,0.0,0.0,
3,1731-501ZGA21,0.0,0.0,
4,1731-501ZGA21,0.0,0.0,
5,1731-501ZGA21,1.0,1.0,MA-19B-501ZGA21
6,1731-501ZGA21,1.0,1,L1-19B-501ZGA21
1,3151-502JB34,0.0,0.0,
2,3151-502JB34,0.0,0.0,
3,3151-502JB34,0.0,0.0,
4,3151-502JB34,0.0,0.0,
5,3151-502JB34,1.0,1.0,MA-3151-502AA34
6,3151-502JB34,1.0,1,L1-3151-502AA34
1,3154-601EA19,0.0,0.0,
2,3154-601EA19,0.0,0.0,
3,3154-601EA19,0.0,0.0,
4,3154-601EA19,0.0,0.0,
5,3154-601EA19,1.0,1.0,MA-3154-601AA19
6,3154-601EA19,1.0,1,L1-3154-601AA19
1,3154-601EB22,0.0,0.0,
2,3154-601EB22,0.0,0.0,
3,3154-601EB22,0.0,0.0,
4,3154-601EB22,0.0,0.0,
5,3154-601EB22,1.0,1.0,MA-3154-601AA22
6,3154-601EB22,1.0,1,L1-3154-601AA22
1,3650-432AA30,0.0,0.0,
2,3650-432AA30,0.0,0.0,
3,3650-432AA30,0.0,0.0,
4,3650-432AA30,0.0,0.0,
5,3650-432AA30,1.0,1.0,MA-3237-432AA30
6,3650-432AA30,1.0,1,L1-3237-432AA30
1,3652-432AA30,0.0,0.0,
2,3652-432AA30,0.0,0.0,
3,3652-432AA30,0.0,0.0,
4,3652-432AA30,0.0,0.0,
5,3652-432AA30,1.0,1.0,MA-3237-432AA30
6,3652-432AA30,1.0,1,L1-3237-432AA30
1,3654-432AA30,0.0,0.0,
2,3654-432AA30,0.0,0.0,
3,3654-432AA30,0.0,0.0,
4,3654-432AA30,0.0,0.0,
5,3654-432AA30,1.0,1.0,MA-3237-432AA30
6,3654-432AA30,1.0,1,L1-3237-432AA30
1,3661-432AA30,0.0,0.0,
2,3661-432AA30,0.0,0.0,
3,3661-432AA30,0.0,0.0,
4,3661-432AA30,0.0,0.0,
5,3661-432AA30,1.0,1.0,MA-3237-432AA30
6,3661-432AA30,1.0,1,L1-3237-432AA30
1,3650-432AB34,0.0,0.0,
2,3650-432AB34,0.0,0.0,
3,3650-432AB34,0.0,0.0,
4,3650-432AB34,0.0,0.0,
5,3650-432AB34,1.0,1.0,MA-3237-432AA34
6,3650-432AB34,1.0,1,L1-3237-432AA34
1,3652-432AA34,0.0,0.0,
2,3652-432AA34,0.0,0.0,
3,3652-432AA34,0.0,0.0,
4,3652-432AA34,0.0,0.0,
5,3652-432AA34,1.0,1.0,MA-3237-432AA34
6,3652-432AA34,1.0,1,L1-3237-432AA34
1,3659-432AA34,0.0,0.0,
2,3659-432AA34,0.0,0.0,
3,3659-432AA34,0.0,0.0,
4,3659-432AA34,0.0,0.0,
5,3659-432AA34,1.0,1.0,MA-3237-432AA34
6,3659-432AA34,1.0,1,L1-3237-432AA34
1,3662-432AA34,0.0,0.0,
2,3662-432AA34,0.0,0.0,
3,3662-432AA34,0.0,0.0,
4,3662-432AA34,0.0,0.0,
5,3662-432AA34,1.0,1.0,MA-3237-432AA34
6,3662-432AA34,1.0,1,L1-3237-432AA34
1,3237-432AB30,0.0,0.0,
2,3237-432AB30,0.0,0.0,
3,3237-432AB30,0.0,0.0,
4,3237-432AB30,0.0,0.0,
5,3237-432AB30,1.0,1.0,MA-3237-432BA30
6,3237-432AB30,1.0,1,L1-3237-432BA30
1,3238-432AB30,0.0,0.0,
2,3238-432AB30,0.0,0.0,
3,3238-432AB30,0.0,0.0,
4,3238-432AB30,0.0,0.0,
5,3238-432AB30,1.0,1.0,MA-3237-432BA30
6,3238-432AB30,1.0,1,L1-3237-432BA30
1,3239-432AB30,0.0,0.0,
2,3239-432AB30,0.0,0.0,
3,3239-432AB30,0.0,0.0,
4,3239-432AB30,0.0,0.0,
5,3239-432AB30,1.0,1.0,MA-3237-432BA30
6,3239-432AB30,1.0,1,L1-3237-432BA30
1,3238-432AB34,0.0,0.0,
2,3238-432AB34,0.0,0.0,
3,3238-432AB34,0.0,0.0,
4,3238-432AB34,0.0,0.0,
5,3238-432AB34,1.0,1.0,MA-3237-432BA34
6,3238-432AB34,1.0,1,L1-3237-432BA34
1,3238-608AB30,0.0,0.0,
2,3238-608AB30,0.0,0.0,
3,3238-608AB30,0.0,0.0,
4,3238-608AB30,0.0,0.0,
5,3238-608AB30,1.0,4.0,MA-973-608AA30-DRUM
6,3238-608AB30,1.0,1,L1-3239-608BA30
1,3239-608AB30,0.0,0.0,
2,3239-608AB30,0.0,0.0,
3,3239-608AB30,0.0,0.0,
4,3239-608AB30,0.0,0.0,
5,3239-608AB30,1.0,4.0,MA-973-608AA30-DRUM
6,3239-608AB30,1.0,1,L1-3239-608BA30
1,3242-432AA36,0.0,0.0,
2,3242-432AA36,0.0,0.0,
3,3242-432AA36,0.0,0.0,
4,3242-432AA36,0.0,0.0,
5,3242-432AA36,1.0,1.0,MA-3242-432AA36
6,3242-432AA36,1.0,1,L1-3242-432AA36
1,3504-502JB30,0.0,0.0,
2,3504-502JB30,0.0,0.0,
3,3504-502JB30,0.0,0.0,
4,3504-502JB30,0.0,0.0,
5,3504-502JB30,1.0,1.0,MA-3504-502AA30
6,3504-502JB30,1.0,1,L1-3504-502AA30
1,3504-601AB30,0.0,0.0,
2,3504-601AB30,0.0,0.0,
3,3504-601AB30,0.0,0.0,
4,3504-601AB30,0.0,0.0,
5,3504-601AB30,1.0,1.0,MA-3504-601AB30
6,3504-601AB30,1.0,1,L1-3504-601AB30
1,4305-608AA14,0.0,0.0,
2,4305-608AA14,0.0,0.0,
3,4305-608AA14,0.0,0.0,
4,4305-608AA14,0.0,0.0,
5,4305-608AA14,1.0,3.0,MA-3538-608AA14-DRUM
6,4305-608AA14,1.0,1,L1-3538-608AA14
1,5310-502EA33,0.0,0.0,
2,5310-502EA33,0.0,0.0,
3,5310-502EA33,0.0,0.0,
4,5310-502EA33,0.0,0.0,
5,5310-502EA33,1.0,1.0,MA-355-50233
6,5310-502EA33,1.0,1,L1-355-50233
1,3636-502JA34,0.0,0.0,
2,3636-502JA34,0.0,0.0,
3,3636-502JA34,0.0,0.0,
4,3636-502JA34,0.0,0.0,
5,3636-502JA34,1.0,1.0,MA-3636-502BA34
6,3636-502JA34,1.0,1,L1-3636-502BA34
1,3652-651AA30,0.0,0.0,
2,3652-651AA30,0.0,0.0,
3,3652-651AA30,0.0,0.0,
4,3652-651AA30,0.0,0.0,
5,3652-651AA30,1.0,1.0,MA-3650-651AA30-DRUM
6,3652-651AA30,1.0,3,L1-3650-651AA30-DRUM
1,3654-651AA30,0.0,0.0,
2,3654-651AA30,0.0,0.0,
3,3654-651AA30,0.0,0.0,
4,3654-651AA30,0.0,0.0,
5,3654-651AA30,1.0,1.0,MA-3650-651AA30-DRUM
6,3654-651AA30,1.0,3,L1-3650-651AA30-DRUM
1,3660-651AA30,0.0,0.0,
2,3660-651AA30,0.0,0.0,
3,3660-651AA30,0.0,0.0,
4,3660-651AA30,0.0,0.0,
5,3660-651AA30,1.0,1.0,MA-3650-651AA30-DRUM
6,3660-651AA30,1.0,3,L1-3650-651AA30-DRUM
1,3652-651AA34,0.0,0.0,
2,3652-651AA34,0.0,0.0,
3,3652-651AA34,0.0,0.0,
4,3652-651AA34,0.0,0.0,
5,3652-651AA34,1.0,1.0,MA-3650-651AA34-DRUM
6,3652-651AA34,1.0,3,L1-3650-651AA34-DRUM
1,3654-651AA34,0.0,0.0,
2,3654-651AA34,0.0,0.0,
3,3654-651AA34,0.0,0.0,
4,3654-651AA34,0.0,0.0,
5,3654-651AA34,1.0,1.0,MA-3650-651AA34-DRUM
6,3654-651AA34,1.0,3,L1-3650-651AA34-DRUM
1,3662-601AA34,0.0,0.0,
2,3662-601AA34,0.0,0.0,
3,3662-601AA34,0.0,0.0,
4,3662-601AA34,0.0,0.0,
5,3662-601AA34,1.0,1.0,MA-3662-601AA34
6,3662-601AA34,1.0,1,L1-3662-601AA34
1,3662-652AA34,0.0,0.0,
2,3662-652AA34,0.0,0.0,
3,3662-652AA34,0.0,0.0,
4,3662-652AA34,0.0,0.0,
5,3662-652AA34,1.0,1.0,MA-560-66634-DRUM
6,3662-652AA34,1.0,4,L1-560-66634-DRUM
1,3554-608AA34,0.0,0.0,
2,3554-608AA34,0.0,0.0,
3,3554-608AA34,0.0,0.0,
4,3554-608AA34,0.0,0.0,
5,3554-608AA34,1.0,1.0,MA-3709-608AA34
6,3554-608AA34,1.0,1,L1-3709-608AA34
1,3906-502JA20,0.0,0.0,
2,3906-502JA20,0.0,0.0,
3,3906-502JA20,0.0,0.0,
4,3906-502JA20,0.0,0.0,
5,3906-502JA20,1.0,1.0,MA-3906-502AA20
6,3906-502JA20,1.0,1,L1-3906-502AA20
1,3237-502AA30,0.0,0.0,
2,3237-502AA30,0.0,0.0,
3,3237-502AA30,0.0,0.0,
4,3237-502AA30,0.0,0.0,
5,3237-502AA30,1.0,1.0,MA-4109-502AA30
6,3237-502AA30,1.0,1,L1-4109-502AA30
1,4109-502JA26,0.0,0.0,
2,4109-502JA26,0.0,0.0,
3,4109-502JA26,0.0,0.0,
4,4109-502JA26,0.0,0.0,
5,4109-502JA26,1.0,1.0,MA-4109-502AA30
6,4109-502JA26,1.0,1,L1-4109-502AA30
1,4109-502JA30,0.0,0.0,
2,4109-502JA30,0.0,0.0,
3,4109-502JA30,0.0,0.0,
4,4109-502JA30,0.0,0.0,
5,4109-502JA30,1.0,1.0,MA-4109-502AA30
6,4109-502JA30,1.0,1,L1-4109-502AA30
1,474-502AB30,0.0,0.0,
2,474-502AB30,0.0,0.0,
3,474-502AB30,0.0,0.0,
4,474-502AB30,0.0,0.0,
5,474-502AB30,1.0,1.0,MA-474-502AA30
6,474-502AB30,1.0,1,L1-474-502AA30
1,474-502EA30,0.0,0.0,
2,474-502EA30,0.0,0.0,
3,474-502EA30,0.0,0.0,
4,474-502EA30,0.0,0.0,
5,474-502EA30,1.0,1.0,MA-474-502AA30
6,474-502EA30,1.0,1,L1-474-502AA30
1,5128-502AA30,0.0,0.0,
2,5128-502AA30,0.0,0.0,
3,5128-502AA30,0.0,0.0,
4,5128-502AA30,0.0,0.0,
5,5128-502AA30,1.0,1.0,MA-474-502AA30
6,5128-502AA30,1.0,1,L1-474-502AA30
1,5142-502AA30,0.0,0.0,
2,5142-502AA30,0.0,0.0,
3,5142-502AA30,0.0,0.0,
4,5142-502AA30,0.0,0.0,
5,5142-502AA30,1.0,1.0,MA-474-502AA30
6,5142-502AA30,1.0,1,L1-474-502AA30
1,474-502AB33,0.0,0.0,
2,474-502AB33,0.0,0.0,
3,474-502AB33,0.0,0.0,
4,474-502AB33,0.0,0.0,
5,474-502AB33,1.0,1.0,MA-474-502AA33
6,474-502AB33,1.0,1,L1-474-502AA33
1,5128-502AA33,0.0,0.0,
2,5128-502AA33,0.0,0.0,
3,5128-502AA33,0.0,0.0,
4,5128-502AA33,0.0,0.0,
5,5128-502AA33,1.0,1.0,MA-474-502AA33
6,5128-502AA33,1.0,1,L1-474-502AA33
1,5128-502EA33,0.0,0.0,
2,5128-502EA33,0.0,0.0,
3,5128-502EA33,0.0,0.0,
4,5128-502EA33,0.0,0.0,
5,5128-502EA33,1.0,1.0,MA-474-502AA33
6,5128-502EA33,1.0,1,L1-474-502AA33
1,474-502AA34,0.0,0.0,
2,474-502AA34,0.0,0.0,
3,474-502AA34,0.0,0.0,
4,474-502AA34,0.0,0.0,
5,474-502AA34,1.0,1.0,MA-474-502AA34
6,474-502AA34,1.0,1,L1-474-502AA34
1,479-502AA34,0.0,0.0,
2,479-502AA34,0.0,0.0,
3,479-502AA34,0.0,0.0,
4,479-502AA34,0.0,0.0,
5,479-502AA34,1.0,1.0,MA-474-502AA34
6,479-502AA34,1.0,1,L1-474-502AA34
1,5142-502AA34,0.0,0.0,
2,5142-502AA34,0.0,0.0,
3,5142-502AA34,0.0,0.0,
4,5142-502AA34,0.0,0.0,
5,5142-502AA34,1.0,1.0,MA-474-502AA34
6,5142-502AA34,1.0,1,L1-474-502AA34
1,5213-502AA34,0.0,0.0,
2,5213-502AA34,0.0,0.0,
3,5213-502AA34,0.0,0.0,
4,5213-502AA34,0.0,0.0,
5,5213-502AA34,1.0,1.0,MA-474-502AA34
6,5213-502AA34,1.0,1,L1-474-502AA34
1,474-502AA36,0.0,0.0,
2,474-502AA36,0.0,0.0,
3,474-502AA36,0.0,0.0,
4,474-502AA36,0.0,0.0,
5,474-502AA36,1.0,1.0,MA-474-502AA36
6,474-502AA36,1.0,1,L1-474-502AA36
1,5142-502AA36,0.0,0.0,
2,5142-502AA36,0.0,0.0,
3,5142-502AA36,0.0,0.0,
4,5142-502AA36,0.0,0.0,
5,5142-502AA36,1.0,1.0,MA-474-502AA36
6,5142-502AA36,1.0,1,L1-474-502AA36
1,5213-502AA36,0.0,0.0,
2,5213-502AA36,0.0,0.0,
3,5213-502AA36,0.0,0.0,
4,5213-502AA36,0.0,0.0,
5,5213-502AA36,1.0,1.0,MA-474-502AA36
6,5213-502AA36,1.0,1,L1-474-502AA36
1,474-502AB38,0.0,0.0,
2,474-502AB38,0.0,0.0,
3,474-502AB38,0.0,0.0,
4,474-502AB38,0.0,0.0,
5,474-502AB38,1.0,1.0,MA-474-502AA38
6,474-502AB38,1.0,1,L1-474-502AA38
1,474-502EA38,0.0,0.0,
2,474-502EA38,0.0,0.0,
3,474-502EA38,0.0,0.0,
4,474-502EA38,0.0,0.0,
5,474-502EA38,1.0,1.0,MA-474-502AA38
6,474-502EA38,1.0,1,L1-474-502AA38
1,5128-502AA38,0.0,0.0,
2,5128-502AA38,0.0,0.0,
3,5128-502AA38,0.0,0.0,
4,5128-502AA38,0.0,0.0,
5,5128-502AA38,1.0,1.0,MA-474-502AA38
6,5128-502AA38,1.0,1,L1-474-502AA38
1,5128-502EA38,0.0,0.0,
2,5128-502EA38,0.0,0.0,
3,5128-502EA38,0.0,0.0,
4,5128-502EA38,0.0,0.0,
5,5128-502EA38,1.0,1.0,MA-474-502AA38
6,5128-502EA38,1.0,1,L1-474-502AA38
1,5142-502AA38,0.0,0.0,
2,5142-502AA38,0.0,0.0,
3,5142-502AA38,0.0,0.0,
4,5142-502AA38,0.0,0.0,
5,5142-502AA38,1.0,1.0,MA-474-502AA38
6,5142-502AA38,1.0,1,L1-474-502AA38
1,485-502JA34,0.0,0.0,
2,485-502JA34,0.0,0.0,
3,485-502JA34,0.0,0.0,
4,485-502JA34,0.0,0.0,
5,485-502JA34,1.0,1.0,MA-485-502AA34
6,485-502JA34,1.0,1,L1-485-502AA34
1,E474-502JB34,0.0,0.0,
2,E474-502JB34,0.0,0.0,
3,E474-502JB34,0.0,0.0,
4,E474-502JB34,0.0,0.0,
5,E474-502JB34,1.0,1.0,MA-485-502AA34
6,E474-502JB34,1.0,1,L1-485-502AA34
1,474-641AB30,0.0,0.0,
2,474-641AB30,0.0,0.0,
3,474-641AB30,0.0,0.0,
4,474-641AB30,0.0,0.0,
5,474-641AB30,1.0,1.0,MA-485-641BA30-DRUM
6,474-641AB30,1.0,4,L1-485-641BA30-DRUM
1,478-641AB30,0.0,0.0,
2,478-641AB30,0.0,0.0,
3,478-641AB30,0.0,0.0,
4,478-641AB30,0.0,0.0,
5,478-641AB30,1.0,1.0,MA-485-641BA30-DRUM
6,478-641AB30,1.0,4,L1-485-641BA30-DRUM
1,479-641AB30,0.0,0.0,
2,479-641AB30,0.0,0.0,
3,479-641AB30,0.0,0.0,
4,479-641AB30,0.0,0.0,
5,479-641AB30,1.0,1.0,MA-485-641BA30-DRUM
6,479-641AB30,1.0,4,L1-485-641BA30-DRUM
1,485-641BB30,0.0,0.0,
2,485-641BB30,0.0,0.0,
3,485-641BB30,0.0,0.0,
4,485-641BB30,0.0,0.0,
5,485-641BB30,1.0,1.0,MA-485-641BA30-DRUM
6,485-641BB30,1.0,4,L1-485-641BA30-DRUM
1,5108-641AB30,0.0,0.0,
2,5108-641AB30,0.0,0.0,
3,5108-641AB30,0.0,0.0,
4,5108-641AB30,0.0,0.0,
5,5108-641AB30,1.0,1.0,MA-485-641BA30-DRUM
6,5108-641AB30,1.0,4,L1-485-641BA30-DRUM
1,5142-641AA30,0.0,0.0,
2,5142-641AA30,0.0,0.0,
3,5142-641AA30,0.0,0.0,
4,5142-641AA30,0.0,0.0,
5,5142-641AA30,1.0,1.0,MA-485-641BA30-DRUM
6,5142-641AA30,1.0,4,L1-485-641BA30-DRUM
1,5154-641AA30,0.0,0.0,
2,5154-641AA30,0.0,0.0,
3,5154-641AA30,0.0,0.0,
4,5154-641AA30,0.0,0.0,
5,5154-641AA30,1.0,1.0,MA-485-641BA30-DRUM
6,5154-641AA30,1.0,4,L1-485-641BA30-DRUM
1,5165-641AA30,0.0,0.0,
2,5165-641AA30,0.0,0.0,
3,5165-641AA30,0.0,0.0,
4,5165-641AA30,0.0,0.0,
5,5165-641AA30,1.0,1.0,MA-485-641BA30-DRUM
6,5165-641AA30,1.0,4,L1-485-641BA30-DRUM
1,B336-641AB30,0.0,0.0,
2,B336-641AB30,0.0,0.0,
3,B336-641AB30,0.0,0.0,
4,B336-641AB30,0.0,0.0,
5,B336-641AB30,1.0,1.0,MA-485-641BA30-DRUM
6,B336-641AB30,1.0,4,L1-485-641BA30-DRUM
1,5142-641AA32,0.0,0.0,
2,5142-641AA32,0.0,0.0,
3,5142-641AA32,0.0,0.0,
4,5142-641AA32,0.0,0.0,
5,5142-641AA32,1.0,1.0,MA-485-641BA32-DRUM
6,5142-641AA32,1.0,4,L1-485-641BA32-DRUM
1,5154-641AA32,0.0,0.0,
2,5154-641AA32,0.0,0.0,
3,5154-641AA32,0.0,0.0,
4,5154-641AA32,0.0,0.0,
5,5154-641AA32,1.0,1.0,MA-485-641BA32-DRUM
6,5154-641AA32,1.0,4,L1-485-641BA32-DRUM
1,478-641AB33,0.0,0.0,
2,478-641AB33,0.0,0.0,
3,478-641AB33,0.0,0.0,
4,478-641AB33,0.0,0.0,
5,478-641AB33,1.0,1.0,MA-485-641BA33-DRUM
6,478-641AB33,1.0,4,L1-485-641BA33-DRUM
1,479-641AB33,0.0,0.0,
2,479-641AB33,0.0,0.0,
3,479-641AB33,0.0,0.0,
4,479-641AB33,0.0,0.0,
5,479-641AB33,1.0,1.0,MA-485-641BA33-DRUM
6,479-641AB33,1.0,4,L1-485-641BA33-DRUM
1,5108-641AA33,0.0,0.0,
2,5108-641AA33,0.0,0.0,
3,5108-641AA33,0.0,0.0,
4,5108-641AA33,0.0,0.0,
5,5108-641AA33,1.0,1.0,MA-485-641BA33-DRUM
6,5108-641AA33,1.0,4,L1-485-641BA33-DRUM
1,5142-641AA33,0.0,0.0,
2,5142-641AA33,0.0,0.0,
3,5142-641AA33,0.0,0.0,
4,5142-641AA33,0.0,0.0,
5,5142-641AA33,1.0,1.0,MA-485-641BA33-DRUM
6,5142-641AA33,1.0,4,L1-485-641BA33-DRUM
1,5154-641AA33,0.0,0.0,
2,5154-641AA33,0.0,0.0,
3,5154-641AA33,0.0,0.0,
4,5154-641AA33,0.0,0.0,
5,5154-641AA33,1.0,1.0,MA-485-641BA33-DRUM
6,5154-641AA33,1.0,4,L1-485-641BA33-DRUM
1,B336-641AB33,0.0,0.0,
2,B336-641AB33,0.0,0.0,
3,B336-641AB33,0.0,0.0,
4,B336-641AB33,0.0,0.0,
5,B336-641AB33,1.0,1.0,MA-485-641BA33-DRUM
6,B336-641AB33,1.0,4,L1-485-641BA33-DRUM
1,352B-641AB34,0.0,0.0,
2,352B-641AB34,0.0,0.0,
3,352B-641AB34,0.0,0.0,
4,352B-641AB34,0.0,0.0,
5,352B-641AB34,1.0,1.0,MA-485-641BA34-DRUM
6,352B-641AB34,1.0,4,L1-485-641BA34-DRUM
1,474-641AC34,0.0,0.0,
2,474-641AC34,0.0,0.0,
3,474-641AC34,0.0,0.0,
4,474-641AC34,0.0,0.0,
5,474-641AC34,1.0,1.0,MA-485-641BA34-DRUM
6,474-641AC34,1.0,4,L1-485-641BA34-DRUM
1,478-641AC34,0.0,0.0,
2,478-641AC34,0.0,0.0,
3,478-641AC34,0.0,0.0,
4,478-641AC34,0.0,0.0,
5,478-641AC34,1.0,1.0,MA-485-641BA34-DRUM
6,478-641AC34,1.0,4,L1-485-641BA34-DRUM
1,479-641AC34,0.0,0.0,
2,479-641AC34,0.0,0.0,
3,479-641AC34,0.0,0.0,
4,479-641AC34,0.0,0.0,
5,479-641AC34,1.0,1.0,MA-485-641BA34-DRUM
6,479-641AC34,1.0,4,L1-485-641BA34-DRUM
1,485-641AC34,0.0,0.0,
2,485-641AC34,0.0,0.0,
3,485-641AC34,0.0,0.0,
4,485-641AC34,0.0,0.0,
5,485-641AC34,1.0,1.0,MA-485-641BA34-DRUM
6,485-641AC34,1.0,4,L1-485-641BA34-DRUM
1,5142-641AA34,0.0,0.0,
2,5142-641AA34,0.0,0.0,
3,5142-641AA34,0.0,0.0,
4,5142-641AA34,0.0,0.0,
5,5142-641AA34,1.0,1.0,MA-485-641BA34-DRUM
6,5142-641AA34,1.0,4,L1-485-641BA34-DRUM
1,5154-641AA34,0.0,0.0,
2,5154-641AA34,0.0,0.0,
3,5154-641AA34,0.0,0.0,
4,5154-641AA34,0.0,0.0,
5,5154-641AA34,1.0,1.0,MA-485-641BA34-DRUM
6,5154-641AA34,1.0,4,L1-485-641BA34-DRUM
1,5517-641AA34,0.0,0.0,
2,5517-641AA34,0.0,0.0,
3,5517-641AA34,0.0,0.0,
4,5517-641AA34,0.0,0.0,
5,5517-641AA34,1.0,1.0,MA-485-641BA34-DRUM
6,5517-641AA34,1.0,4,L1-485-641BA34-DRUM
1,B336-641AC34,0.0,0.0,
2,B336-641AC34,0.0,0.0,
3,B336-641AC34,0.0,0.0,
4,B336-641AC34,0.0,0.0,
5,B336-641AC34,1.0,1.0,MA-485-641BA34-DRUM
6,B336-641AC34,1.0,4,L1-485-641BA34-DRUM
1,474-641AC36,0.0,0.0,
2,474-641AC36,0.0,0.0,
3,474-641AC36,0.0,0.0,
4,474-641AC36,0.0,0.0,
5,474-641AC36,1.0,1.0,MA-485-641BA36-DRUM
6,474-641AC36,1.0,3,L1-485-641BA36-DRUM
1,478-641BA36,0.0,0.0,
2,478-641BA36,0.0,0.0,
3,478-641BA36,0.0,0.0,
4,478-641BA36,0.0,0.0,
5,478-641BA36,1.0,1.0,MA-485-641BA36-DRUM
6,478-641BA36,1.0,3,L1-485-641BA36-DRUM
1,479-641BA36,0.0,0.0,
2,479-641BA36,0.0,0.0,
3,479-641BA36,0.0,0.0,
4,479-641BA36,0.0,0.0,
5,479-641BA36,1.0,1.0,MA-485-641BA36-DRUM
6,479-641BA36,1.0,3,L1-485-641BA36-DRUM
1,485-641AB36,0.0,0.0,
2,485-641AB36,0.0,0.0,
3,485-641AB36,0.0,0.0,
4,485-641AB36,0.0,0.0,
5,485-641AB36,1.0,1.0,MA-485-641BA36-DRUM
6,485-641AB36,1.0,3,L1-485-641BA36-DRUM
1,5121-641AB36,0.0,0.0,
2,5121-641AB36,0.0,0.0,
3,5121-641AB36,0.0,0.0,
4,5121-641AB36,0.0,0.0,
5,5121-641AB36,1.0,1.0,MA-485-641BA36-DRUM
6,5121-641AB36,1.0,3,L1-485-641BA36-DRUM
1,5142-641AA36,0.0,0.0,
2,5142-641AA36,0.0,0.0,
3,5142-641AA36,0.0,0.0,
4,5142-641AA36,0.0,0.0,
5,5142-641AA36,1.0,1.0,MA-485-641BA36-DRUM
6,5142-641AA36,1.0,3,L1-485-641BA36-DRUM
1,5154-641AA36,0.0,0.0,
2,5154-641AA36,0.0,0.0,
3,5154-641AA36,0.0,0.0,
4,5154-641AA36,0.0,0.0,
5,5154-641AA36,1.0,1.0,MA-485-641BA36-DRUM
6,5154-641AA36,1.0,3,L1-485-641BA36-DRUM
1,6105-641AA36,0.0,0.0,
2,6105-641AA36,0.0,0.0,
3,6105-641AA36,0.0,0.0,
4,6105-641AA36,0.0,0.0,
5,6105-641AA36,1.0,1.0,MA-485-641BA36-DRUM
6,6105-641AA36,1.0,3,L1-485-641BA36-DRUM
1,474-641AC38,0.0,0.0,
2,474-641AC38,0.0,0.0,
3,474-641AC38,0.0,0.0,
4,474-641AC38,0.0,0.0,
5,474-641AC38,1.0,1.0,MA-485-641BA38-DRUM
6,474-641AC38,1.0,3,L1-485-641BA38-DRUM
1,478-641AC38,0.0,0.0,
2,478-641AC38,0.0,0.0,
3,478-641AC38,0.0,0.0,
4,478-641AC38,0.0,0.0,
5,478-641AC38,1.0,1.0,MA-485-641BA38-DRUM
6,478-641AC38,1.0,3,L1-485-641BA38-DRUM
1,479-641AC38,0.0,0.0,
2,479-641AC38,0.0,0.0,
3,479-641AC38,0.0,0.0,
4,479-641AC38,0.0,0.0,
5,479-641AC38,1.0,1.0,MA-485-641BA38-DRUM
6,479-641AC38,1.0,3,L1-485-641BA38-DRUM
1,5108-641AB38,0.0,0.0,
2,5108-641AB38,0.0,0.0,
3,5108-641AB38,0.0,0.0,
4,5108-641AB38,0.0,0.0,
5,5108-641AB38,1.0,1.0,MA-485-641BA38-DRUM
6,5108-641AB38,1.0,3,L1-485-641BA38-DRUM
1,5121-641AB38,0.0,0.0,
2,5121-641AB38,0.0,0.0,
3,5121-641AB38,0.0,0.0,
4,5121-641AB38,0.0,0.0,
5,5121-641AB38,1.0,1.0,MA-485-641BA38-DRUM
6,5121-641AB38,1.0,3,L1-485-641BA38-DRUM
1,5142-641AB38,0.0,0.0,
2,5142-641AB38,0.0,0.0,
3,5142-641AB38,0.0,0.0,
4,5142-641AB38,0.0,0.0,
5,5142-641AB38,1.0,1.0,MA-485-641BA38-DRUM
6,5142-641AB38,1.0,3,L1-485-641BA38-DRUM
1,5154-641AA38,0.0,0.0,
2,5154-641AA38,0.0,0.0,
3,5154-641AA38,0.0,0.0,
4,5154-641AA38,0.0,0.0,
5,5154-641AA38,1.0,1.0,MA-485-641BA38-DRUM
6,5154-641AA38,1.0,3,L1-485-641BA38-DRUM
1,5534-641AA38,0.0,0.0,
2,5534-641AA38,0.0,0.0,
3,5534-641AA38,0.0,0.0,
4,5534-641AA38,0.0,0.0,
5,5534-641AA38,1.0,1.0,MA-485-641BA38-DRUM
6,5534-641AA38,1.0,3,L1-485-641BA38-DRUM
1,6105-641AA38,0.0,0.0,
2,6105-641AA38,0.0,0.0,
3,6105-641AA38,0.0,0.0,
4,6105-641AA38,0.0,0.0,
5,6105-641AA38,1.0,1.0,MA-485-641BA38-DRUM
6,6105-641AA38,1.0,3,L1-485-641BA38-DRUM
1,B336-641BA38,0.0,0.0,
2,B336-641BA38,0.0,0.0,
3,B336-641BA38,0.0,0.0,
4,B336-641BA38,0.0,0.0,
5,B336-641BA38,1.0,1.0,MA-485-641BA38-DRUM
6,B336-641BA38,1.0,3,L1-485-641BA38-DRUM
1,5121-641AA40,0.0,0.0,
2,5121-641AA40,0.0,0.0,
3,5121-641AA40,0.0,0.0,
4,5121-641AA40,0.0,0.0,
5,5121-641AA40,1.0,1.0,MA-485-641BA40-DRUM
6,5121-641AA40,1.0,3,L1-485-641BA40-DRUM
1,5142-641AA40,0.0,0.0,
2,5142-641AA40,0.0,0.0,
3,5142-641AA40,0.0,0.0,
4,5142-641AA40,0.0,0.0,
5,5142-641AA40,1.0,1.0,MA-485-641BA40-DRUM
6,5142-641AA40,1.0,3,L1-485-641BA40-DRUM
1,5108-641AA42,0.0,0.0,
2,5108-641AA42,0.0,0.0,
3,5108-641AA42,0.0,0.0,
4,5108-641AA42,0.0,0.0,
5,5108-641AA42,1.0,1.0,MA-485-641BA42-DRUM
6,5108-641AA42,1.0,3,L1-485-641BA42-DRUM
1,5121-641AA42,0.0,0.0,
2,5121-641AA42,0.0,0.0,
3,5121-641AA42,0.0,0.0,
4,5121-641AA42,0.0,0.0,
5,5121-641AA42,1.0,1.0,MA-485-641BA42-DRUM
6,5121-641AA42,1.0,3,L1-485-641BA42-DRUM
1,5142-641AA42,0.0,0.0,
2,5142-641AA42,0.0,0.0,
3,5142-641AA42,0.0,0.0,
4,5142-641AA42,0.0,0.0,
5,5142-641AA42,1.0,1.0,MA-485-641BA42-DRUM
6,5142-641AA42,1.0,3,L1-485-641BA42-DRUM
1,6105-641AA42,0.0,0.0,
2,6105-641AA42,0.0,0.0,
3,6105-641AA42,0.0,0.0,
4,6105-641AA42,0.0,0.0,
5,6105-641AA42,1.0,1.0,MA-485-641BA42-DRUM
6,6105-641AA42,1.0,3,L1-485-641BA42-DRUM
1,5121-641AA48,0.0,0.0,
2,5121-641AA48,0.0,0.0,
3,5121-641AA48,0.0,0.0,
4,5121-641AA48,0.0,0.0,
5,5121-641AA48,1.0,1.0,MA-485-641BA48-DRUM
6,5121-641AA48,1.0,3,L1-485-641BA48-DRUM
1,5121-502JA48,0.0,0.0,
2,5121-502JA48,0.0,0.0,
3,5121-502JA48,0.0,0.0,
4,5121-502JA48,0.0,0.0,
5,5121-502JA48,1.0,1.0,MA-5121-502AA48
6,5121-502JA48,1.0,1,L1-5121-502AA48
1,5208-502JB34,0.0,0.0,
2,5208-502JB34,0.0,0.0,
3,5208-502JB34,0.0,0.0,
4,5208-502JB34,0.0,0.0,
5,5208-502JB34,1.0,1.0,MA-5208-502AA34
6,5208-502JB34,1.0,1,L1-5208-502AA34
1,352B-502AA30,0.0,0.0,
2,352B-502AA30,0.0,0.0,
3,352B-502AA30,0.0,0.0,
4,352B-502AA30,0.0,0.0,
5,352B-502AA30,1.0,1.0,MA-5517-502AA30
6,352B-502AA30,1.0,1,L1-5517-502AA30
1,5517-502AA30,0.0,0.0,
2,5517-502AA30,0.0,0.0,
3,5517-502AA30,0.0,0.0,
4,5517-502AA30,0.0,0.0,
5,5517-502AA30,1.0,1.0,MA-5517-502AA30
6,5517-502AA30,1.0,1,L1-5517-502AA30
1,5520-502AA30,0.0,0.0,
2,5520-502AA30,0.0,0.0,
3,5520-502AA30,0.0,0.0,
4,5520-502AA30,0.0,0.0,
5,5520-502AA30,1.0,1.0,MA-5517-502AA30
6,5520-502AA30,1.0,1,L1-5517-502AA30
1,5529-502AA30,0.0,0.0,
2,5529-502AA30,0.0,0.0,
3,5529-502AA30,0.0,0.0,
4,5529-502AA30,0.0,0.0,
5,5529-502AA30,1.0,1.0,MA-5517-502AA30
6,5529-502AA30,1.0,1,L1-5517-502AA30
1,B336-502EB30,0.0,0.0,
2,B336-502EB30,0.0,0.0,
3,B336-502EB30,0.0,0.0,
4,B336-502EB30,0.0,0.0,
5,B336-502EB30,1.0,1.0,MA-5517-502AA30
6,B336-502EB30,1.0,1,L1-5517-502AA30
1,352B-502AA33,0.0,0.0,
2,352B-502AA33,0.0,0.0,
3,352B-502AA33,0.0,0.0,
4,352B-502AA33,0.0,0.0,
5,352B-502AA33,1.0,1.0,MA-5517-502AA33
6,352B-502AA33,1.0,1,L1-5517-502AA33
1,B336-502AB33,0.0,0.0,
2,B336-502AB33,0.0,0.0,
3,B336-502AB33,0.0,0.0,
4,B336-502AB33,0.0,0.0,
5,B336-502AB33,1.0,1.0,MA-5517-502AA33
6,B336-502AB33,1.0,1,L1-5517-502AA33
1,B336-502EB33,0.0,0.0,
2,B336-502EB33,0.0,0.0,
3,B336-502EB33,0.0,0.0,
4,B336-502EB33,0.0,0.0,
5,B336-502EB33,1.0,1.0,MA-5517-502AA33
6,B336-502EB33,1.0,1,L1-5517-502AA33
1,352B-502AA34,0.0,0.0,
2,352B-502AA34,0.0,0.0,
3,352B-502AA34,0.0,0.0,
4,352B-502AA34,0.0,0.0,
5,352B-502AA34,1.0,1.0,MA-5517-502AA34
6,352B-502AA34,1.0,1,L1-5517-502AA34
1,352B-502EA34,0.0,0.0,
2,352B-502EA34,0.0,0.0,
3,352B-502EA34,0.0,0.0,
4,352B-502EA34,0.0,0.0,
5,352B-502EA34,1.0,1.0,MA-5517-502AA34
6,352B-502EA34,1.0,1,L1-5517-502AA34
1,5518-502AA34,0.0,0.0,
2,5518-502AA34,0.0,0.0,
3,5518-502AA34,0.0,0.0,
4,5518-502AA34,0.0,0.0,
5,5518-502AA34,1.0,1.0,MA-5517-502AA34
6,5518-502AA34,1.0,1,L1-5517-502AA34
1,5520-502AA34,0.0,0.0,
2,5520-502AA34,0.0,0.0,
3,5520-502AA34,0.0,0.0,
4,5520-502AA34,0.0,0.0,
5,5520-502AA34,1.0,1.0,MA-5517-502AA34
6,5520-502AA34,1.0,1,L1-5517-502AA34
1,5520-502EA34,0.0,0.0,
2,5520-502EA34,0.0,0.0,
3,5520-502EA34,0.0,0.0,
4,5520-502EA34,0.0,0.0,
5,5520-502EA34,1.0,1.0,MA-5517-502AA34
6,5520-502EA34,1.0,1,L1-5517-502AA34
1,5529-502AA34,0.0,0.0,
2,5529-502AA34,0.0,0.0,
3,5529-502AA34,0.0,0.0,
4,5529-502AA34,0.0,0.0,
5,5529-502AA34,1.0,1.0,MA-5517-502AA34
6,5529-502AA34,1.0,1,L1-5517-502AA34
1,5530-502AA34,0.0,0.0,
2,5530-502AA34,0.0,0.0,
3,5530-502AA34,0.0,0.0,
4,5530-502AA34,0.0,0.0,
5,5530-502AA34,1.0,1.0,MA-5517-502AA34
6,5530-502AA34,1.0,1,L1-5517-502AA34
1,6210-502EA34,0.0,0.0,
2,6210-502EA34,0.0,0.0,
3,6210-502EA34,0.0,0.0,
4,6210-502EA34,0.0,0.0,
5,6210-502EA34,1.0,1.0,MA-5517-502AA34
6,6210-502EA34,1.0,1,L1-5517-502AA34
1,5520-502AA38,0.0,0.0,
2,5520-502AA38,0.0,0.0,
3,5520-502AA38,0.0,0.0,
4,5520-502AA38,0.0,0.0,
5,5520-502AA38,1.0,1.0,MA-5517-502AA38
6,5520-502AA38,1.0,1,L1-5517-502AA38
1,5520-502EA38,0.0,0.0,
2,5520-502EA38,0.0,0.0,
3,5520-502EA38,0.0,0.0,
4,5520-502EA38,0.0,0.0,
5,5520-502EA38,1.0,1.0,MA-5517-502AA38
6,5520-502EA38,1.0,1,L1-5517-502AA38
1,5530-502AA38,0.0,0.0,
2,5530-502AA38,0.0,0.0,
3,5530-502AA38,0.0,0.0,
4,5530-502AA38,0.0,0.0,
5,5530-502AA38,1.0,1.0,MA-5517-502AA38
6,5530-502AA38,1.0,1,L1-5517-502AA38
1,560-601AA26,0.0,0.0,
2,560-601AA26,0.0,0.0,
3,560-601AA26,0.0,0.0,
4,560-601AA26,0.0,0.0,
5,560-601AA26,1.0,1.0,MA-560-601AA26
6,560-601AA26,1.0,1,L1-560-601AA26
1,560-60826,0.0,0.0,
2,560-60826,0.0,0.0,
3,560-60826,0.0,0.0,
4,560-60826,0.0,0.0,
5,560-60826,1.0,1.0,MA-560-60826
6,560-60826,1.0,1,L1-560-60826
1,3114-6301AB26,0.0,0.0,
2,3114-6301AB26,0.0,0.0,
3,3114-6301AB26,0.0,0.0,
4,3114-6301AB26,0.0,0.0,
5,3114-6301AB26,1.0,1.0,MA-560-66626-DRUM
6,3114-6301AB26,1.0,4,L1-560-66626-DRUM
1,560-66626,0.0,0.0,
2,560-66626,0.0,0.0,
3,560-66626,0.0,0.0,
4,560-66626,0.0,0.0,
5,560-66626,1.0,1.0,MA-560-66626-DRUM
6,560-66626,1.0,4,L1-560-66626-DRUM
1,631-666B26,0.0,0.0,
2,631-666B26,0.0,0.0,
3,631-666B26,0.0,0.0,
4,631-666B26,0.0,0.0,
5,631-666B26,1.0,1.0,MA-560-66626-DRUM
6,631-666B26,1.0,4,L1-560-66626-DRUM
1,5121-502AA30,0.0,0.0,
2,5121-502AA30,0.0,0.0,
3,5121-502AA30,0.0,0.0,
4,5121-502AA30,0.0,0.0,
5,5121-502AA30,1.0,1.0,MA-57-50230
6,5121-502AA30,1.0,1,L1-57-50230
1,5121-502EA30,0.0,0.0,
2,5121-502EA30,0.0,0.0,
3,5121-502EA30,0.0,0.0,
4,5121-502EA30,0.0,0.0,
5,5121-502EA30,1.0,1.0,MA-57-50230
6,5121-502EA30,1.0,1,L1-57-50230
1,5121-502AA36,0.0,0.0,
2,5121-502AA36,0.0,0.0,
3,5121-502AA36,0.0,0.0,
4,5121-502AA36,0.0,0.0,
5,5121-502AA36,1.0,1.0,MA-57-50236
6,5121-502AA36,1.0,1,L1-57-50236
1,5121-502EA36,0.0,0.0,
2,5121-502EA36,0.0,0.0,
3,5121-502EA36,0.0,0.0,
4,5121-502EA36,0.0,0.0,
5,5121-502EA36,1.0,1.0,MA-57-50236
6,5121-502EA36,1.0,1,L1-57-50236
1,5121-502AA38,0.0,0.0,
2,5121-502AA38,0.0,0.0,
3,5121-502AA38,0.0,0.0,
4,5121-502AA38,0.0,0.0,
5,5121-502AA38,1.0,1.0,MA-57-50238
6,5121-502AA38,1.0,1,L1-57-50238
1,5121-502AA40,0.0,0.0,
2,5121-502AA40,0.0,0.0,
3,5121-502AA40,0.0,0.0,
4,5121-502AA40,0.0,0.0,
5,5121-502AA40,1.0,1.0,MA-57-50240
6,5121-502AA40,1.0,1,L1-57-50240
1,5121-502AA42,0.0,0.0,
2,5121-502AA42,0.0,0.0,
3,5121-502AA42,0.0,0.0,
4,5121-502AA42,0.0,0.0,
5,5121-502AA42,1.0,1.0,MA-57-50242
6,5121-502AA42,1.0,1,L1-57-50242
1,5121-641AB30,0.0,0.0,
2,5121-641AB30,0.0,0.0,
3,5121-641AB30,0.0,0.0,
4,5121-641AB30,0.0,0.0,
5,5121-641AB30,1.0,1.0,MA-57-64130-DRUM
6,5121-641AB30,1.0,4,L1-57-64130-DRUM
1,3147-502JA30,0.0,0.0,
2,3147-502JA30,0.0,0.0,
3,3147-502JA30,0.0,0.0,
4,3147-502JA30,0.0,0.0,
5,3147-502JA30,1.0,1.0,MA-582-502AA30
6,3147-502JA30,1.0,1,L1-582-502AA30
1,3147-502JA34,0.0,0.0,
2,3147-502JA34,0.0,0.0,
3,3147-502JA34,0.0,0.0,
4,3147-502JA34,0.0,0.0,
5,3147-502JA34,1.0,1.0,MA-582-502AA34
6,3147-502JA34,1.0,1,L1-582-502AA34
1,5145-502EA08,0.0,0.0,
2,5145-502EA08,0.0,0.0,
3,5145-502EA08,0.0,0.0,
4,5145-502EA08,0.0,0.0,
5,5145-502EA08,1.0,1.0,MA-59-502B08
6,5145-502EA08,1.0,1,L1-59-502B08
1,5145-502JA10,0.0,0.0,
2,5145-502JA10,0.0,0.0,
3,5145-502JA10,0.0,0.0,
4,5145-502JA10,0.0,0.0,
5,5145-502JA10,1.0,1.0,MA-59-502B10
6,5145-502JA10,1.0,1,L1-59-502B10
1,5145-502JA11,0.0,0.0,
2,5145-502JA11,0.0,0.0,
3,5145-502JA11,0.0,0.0,
4,5145-502JA11,0.0,0.0,
5,5145-502JA11,1.0,1.0,MA-59-502B11
6,5145-502JA11,1.0,1,L1-59-502B11
1,5145-502JA12,0.0,0.0,
2,5145-502JA12,0.0,0.0,
3,5145-502JA12,0.0,0.0,
4,5145-502JA12,0.0,0.0,
5,5145-502JA12,1.0,1.0,MA-59-502B12
6,5145-502JA12,1.0,1,L1-59-502B12
1,5145-502JA13,0.0,0.0,
2,5145-502JA13,0.0,0.0,
3,5145-502JA13,0.0,0.0,
4,5145-502JA13,0.0,0.0,
5,5145-502JA13,1.0,1.0,MA-59-502B13
6,5145-502JA13,1.0,1,L1-59-502B13
1,5145-502JA14,0.0,0.0,
2,5145-502JA14,0.0,0.0,
3,5145-502JA14,0.0,0.0,
4,5145-502JA14,0.0,0.0,
5,5145-502JA14,1.0,1.0,MA-59-502B14
6,5145-502JA14,1.0,1,L1-59-502B14
1,5145-502JA15,0.0,0.0,
2,5145-502JA15,0.0,0.0,
3,5145-502JA15,0.0,0.0,
4,5145-502JA15,0.0,0.0,
5,5145-502JA15,1.0,1.0,MA-59-502B15
6,5145-502JA15,1.0,1,L1-59-502B15
1,5145-502JA16,0.0,0.0,
2,5145-502JA16,0.0,0.0,
3,5145-502JA16,0.0,0.0,
4,5145-502JA16,0.0,0.0,
5,5145-502JA16,1.0,1.0,MA-59-502B16
6,5145-502JA16,1.0,1,L1-59-502B16
1,5145-502JA17,0.0,0.0,
2,5145-502JA17,0.0,0.0,
3,5145-502JA17,0.0,0.0,
4,5145-502JA17,0.0,0.0,
5,5145-502JA17,1.0,1.0,MA-59-502B17
6,5145-502JA17,1.0,1,L1-59-502B17
1,5145-502JA18,0.0,0.0,
2,5145-502JA18,0.0,0.0,
3,5145-502JA18,0.0,0.0,
4,5145-502JA18,0.0,0.0,
5,5145-502JA18,1.0,1.0,MA-59-502B18
6,5145-502JA18,1.0,1,L1-59-502B18
1,5145-502EA19,0.0,0.0,
2,5145-502EA19,0.0,0.0,
3,5145-502EA19,0.0,0.0,
4,5145-502EA19,0.0,0.0,
5,5145-502EA19,1.0,1.0,MA-59-502B19
6,5145-502EA19,1.0,1,L1-59-502B19
1,5145-502JA19,0.0,0.0,
2,5145-502JA19,0.0,0.0,
3,5145-502JA19,0.0,0.0,
4,5145-502JA19,0.0,0.0,
5,5145-502JA19,1.0,1.0,MA-59-502B19
6,5145-502JA19,1.0,1,L1-59-502B19
1,5143-502JA20,0.0,0.0,
2,5143-502JA20,0.0,0.0,
3,5143-502JA20,0.0,0.0,
4,5143-502JA20,0.0,0.0,
5,5143-502JA20,1.0,1.0,MA-59-502B20
6,5143-502JA20,1.0,1,L1-59-502B20
1,5145-502JA20,0.0,0.0,
2,5145-502JA20,0.0,0.0,
3,5145-502JA20,0.0,0.0,
4,5145-502JA20,0.0,0.0,
5,5145-502JA20,1.0,1.0,MA-59-502B20
6,5145-502JA20,1.0,1,L1-59-502B20
1,5143-502JA24,0.0,0.0,
2,5143-502JA24,0.0,0.0,
3,5143-502JA24,0.0,0.0,
4,5143-502JA24,0.0,0.0,
5,5143-502JA24,1.0,1.0,MA-59-502B24
6,5143-502JA24,1.0,1,L1-59-502B24
1,5145-502JA26,0.0,0.0,
2,5145-502JA26,0.0,0.0,
3,5145-502JA26,0.0,0.0,
4,5145-502JA26,0.0,0.0,
5,5145-502JA26,1.0,1.0,MA-59-502B26
6,5145-502JA26,1.0,1,L1-59-502B26
1,600-502AD26,0.0,0.0,
2,600-502AD26,0.0,0.0,
3,600-502AD26,0.0,0.0,
4,600-502AD26,0.0,0.0,
5,600-502AD26,1.0,1.0,MA-600-502AA26
6,600-502AD26,1.0,1,L1-600-502AA26
1,600-502AD30,0.0,0.0,
2,600-502AD30,0.0,0.0,
3,600-502AD30,0.0,0.0,
4,600-502AD30,0.0,0.0,
5,600-502AD30,1.0,1.0,MA-600-502AA30
6,600-502AD30,1.0,1,L1-600-502AA30
1,600-502MA30,0.0,0.0,
2,600-502MA30,0.0,0.0,
3,600-502MA30,0.0,0.0,
4,600-502MA30,0.0,0.0,
5,600-502MA30,1.0,1.0,MA-600-502AA30
6,600-502MA30,1.0,1,L1-600-502AA30
1,600-502AD34,0.0,0.0,
2,600-502AD34,0.0,0.0,
3,600-502AD34,0.0,0.0,
4,600-502AD34,0.0,0.0,
5,600-502AD34,1.0,1.0,MA-600-502AA34
6,600-502AD34,1.0,1,L1-600-502AA34
1,3153-608AA36,0.0,0.0,
2,3153-608AA36,0.0,0.0,
3,3153-608AA36,0.0,0.0,
4,3153-608AA36,0.0,0.0,
5,3153-608AA36,1.0,4.0,MA-603-608AA36-DRUM
6,3153-608AA36,1.0,1,L1-603-608AA36
1,3237-651AC34,0.0,0.0,
2,3237-651AC34,0.0,0.0,
3,3237-651AC34,0.0,0.0,
4,3237-651AC34,0.0,0.0,
5,3237-651AC34,1.0,1.0,MA-625-65134-DRUM
6,3237-651AC34,1.0,4,L1-625-65134-DRUM
1,3238-651AC34,0.0,0.0,
2,3238-651AC34,0.0,0.0,
3,3238-651AC34,0.0,0.0,
4,3238-651AC34,0.0,0.0,
5,3238-651AC34,1.0,1.0,MA-625-65134-DRUM
6,3238-651AC34,1.0,4,L1-625-65134-DRUM
1,3239-651AC34,0.0,0.0,
2,3239-651AC34,0.0,0.0,
3,3239-651AC34,0.0,0.0,
4,3239-651AC34,0.0,0.0,
5,3239-651AC34,1.0,1.0,MA-625-65134-DRUM
6,3239-651AC34,1.0,4,L1-625-65134-DRUM
1,748-608AA20,0.0,0.0,
2,748-608AA20,0.0,0.0,
3,748-608AA20,0.0,0.0,
4,748-608AA20,0.0,0.0,
5,748-608AA20,1.0,1.0,MA-631-60820
6,748-608AA20,1.0,1,L1-631-60820
1,3114-6601AA26,0.0,0.0,
2,3114-6601AA26,0.0,0.0,
3,3114-6601AA26,0.0,0.0,
4,3114-6601AA26,0.0,0.0,
5,3114-6601AA26,1.0,1.0,MA-560-60826
6,3114-6601AA26,1.0,1,L1-631-60826
1,3139-608AA26,0.0,0.0,
2,3139-608AA26,0.0,0.0,
3,3139-608AA26,0.0,0.0,
4,3139-608AA26,0.0,0.0,
5,3139-608AA26,1.0,1.0,MA-560-60826
6,3139-608AA26,1.0,1,L1-631-60826
1,631-60826,0.0,0.0,
2,631-60826,0.0,0.0,
3,631-60826,0.0,0.0,
4,631-60826,0.0,0.0,
5,631-60826,1.0,1.0,MA-560-60826
6,631-60826,1.0,1,L1-631-60826
1,600-652AA14,0.0,0.0,
2,600-652AA14,0.0,0.0,
3,600-652AA14,0.0,0.0,
4,600-652AA14,0.0,0.0,
5,600-652AA14,1.0,1.0,MA-720-65214-DRUM
6,600-652AA14,1.0,3,L1-720-65214-DRUM
1,3145-652AA26,0.0,0.0,
2,3145-652AA26,0.0,0.0,
3,3145-652AA26,0.0,0.0,
4,3145-652AA26,0.0,0.0,
5,3145-652AA26,1.0,1.0,MA-720-65226-DRUM
6,3145-652AA26,1.0,4,L1-720-65226-DRUM
1,3153-652AB26,0.0,0.0,
2,3153-652AB26,0.0,0.0,
3,3153-652AB26,0.0,0.0,
4,3153-652AB26,0.0,0.0,
5,3153-652AB26,1.0,1.0,MA-720-65226-DRUM
6,3153-652AB26,1.0,4,L1-720-65226-DRUM
1,4109-652AA26,0.0,0.0,
2,4109-652AA26,0.0,0.0,
3,4109-652AA26,0.0,0.0,
4,4109-652AA26,0.0,0.0,
5,4109-652AA26,1.0,1.0,MA-720-65226-DRUM
6,4109-652AA26,1.0,4,L1-720-65226-DRUM
1,600-652AA26,0.0,0.0,
2,600-652AA26,0.0,0.0,
3,600-652AA26,0.0,0.0,
4,600-652AA26,0.0,0.0,
5,600-652AA26,1.0,1.0,MA-720-65226-DRUM
6,600-652AA26,1.0,4,L1-720-65226-DRUM
1,810-652B26,0.0,0.0,
2,810-652B26,0.0,0.0,
3,810-652B26,0.0,0.0,
4,810-652B26,0.0,0.0,
5,810-652B26,1.0,1.0,MA-720-65226-DRUM
6,810-652B26,1.0,4,L1-720-65226-DRUM
1,3145-652AB30,0.0,0.0,
2,3145-652AB30,0.0,0.0,
3,3145-652AB30,0.0,0.0,
4,3145-652AB30,0.0,0.0,
5,3145-652AB30,1.0,1.0,MA-720-65230-DRUM
6,3145-652AB30,1.0,4,L1-720-65230-DRUM
1,3151-652AC30,0.0,0.0,
2,3151-652AC30,0.0,0.0,
3,3151-652AC30,0.0,0.0,
4,3151-652AC30,0.0,0.0,
5,3151-652AC30,1.0,1.0,MA-720-65230-DRUM
6,3151-652AC30,1.0,4,L1-720-65230-DRUM
1,3153-652AB30,0.0,0.0,
2,3153-652AB30,0.0,0.0,
3,3153-652AB30,0.0,0.0,
4,3153-652AB30,0.0,0.0,
5,3153-652AB30,1.0,1.0,MA-720-65230-DRUM
6,3153-652AB30,1.0,4,L1-720-65230-DRUM
1,3538-652AA30,0.0,0.0,
2,3538-652AA30,0.0,0.0,
3,3538-652AA30,0.0,0.0,
4,3538-652AA30,0.0,0.0,
5,3538-652AA30,1.0,1.0,MA-720-65230-DRUM
6,3538-652AA30,1.0,4,L1-720-65230-DRUM
1,4109-652AA30,0.0,0.0,
2,4109-652AA30,0.0,0.0,
3,4109-652AA30,0.0,0.0,
4,4109-652AA30,0.0,0.0,
5,4109-652AA30,1.0,1.0,MA-720-65230-DRUM
6,4109-652AA30,1.0,4,L1-720-65230-DRUM
1,580-65230,0.0,0.0,
2,580-65230,0.0,0.0,
3,580-65230,0.0,0.0,
4,580-65230,0.0,0.0,
5,580-65230,1.0,1.0,MA-720-65230-DRUM
6,580-65230,1.0,4,L1-720-65230-DRUM
1,580-652AA30,0.0,0.0,
2,580-652AA30,0.0,0.0,
3,580-652AA30,0.0,0.0,
4,580-652AA30,0.0,0.0,
5,580-652AA30,1.0,1.0,MA-720-65230-DRUM
6,580-652AA30,1.0,4,L1-720-65230-DRUM
1,600-652AA30,0.0,0.0,
2,600-652AA30,0.0,0.0,
3,600-652AA30,0.0,0.0,
4,600-652AA30,0.0,0.0,
5,600-652AA30,1.0,1.0,MA-720-65230-DRUM
6,600-652AA30,1.0,4,L1-720-65230-DRUM
1,608-652AC30,0.0,0.0,
2,608-652AC30,0.0,0.0,
3,608-652AC30,0.0,0.0,
4,608-652AC30,0.0,0.0,
5,608-652AC30,1.0,1.0,MA-720-65230-DRUM
6,608-652AC30,1.0,4,L1-720-65230-DRUM
1,810-65230,0.0,0.0,
2,810-65230,0.0,0.0,
3,810-65230,0.0,0.0,
4,810-65230,0.0,0.0,
5,810-65230,1.0,1.0,MA-720-65230-DRUM
6,810-65230,1.0,4,L1-720-65230-DRUM
1,975-652AA30,0.0,0.0,
2,975-652AA30,0.0,0.0,
3,975-652AA30,0.0,0.0,
4,975-652AA30,0.0,0.0,
5,975-652AA30,1.0,1.0,MA-720-65230-DRUM
6,975-652AA30,1.0,4,L1-720-65230-DRUM
1,3153-652AA42,0.0,0.0,
2,3153-652AA42,0.0,0.0,
3,3153-652AA42,0.0,0.0,
4,3153-652AA42,0.0,0.0,
5,3153-652AA42,1.0,1.0,MA-720-65242-DRUM
6,3153-652AA42,1.0,4,L1-720-65242-DRUM
1,3922-601EA26,0.0,0.0,
2,3922-601EA26,0.0,0.0,
3,3922-601EA26,0.0,0.0,
4,3922-601EA26,0.0,0.0,
5,3922-601EA26,1.0,1.0,MA-748-601AA26
6,3922-601EA26,1.0,1,L1-748-601AA26
1,4109-601EA26,0.0,0.0,
2,4109-601EA26,0.0,0.0,
3,4109-601EA26,0.0,0.0,
4,4109-601EA26,0.0,0.0,
5,4109-601EA26,1.0,1.0,MA-748-601AA26
6,4109-601EA26,1.0,1,L1-748-601AA26
1,3922-601EA30,0.0,0.0,
2,3922-601EA30,0.0,0.0,
3,3922-601EA30,0.0,0.0,
4,3922-601EA30,0.0,0.0,
5,3922-601EA30,1.0,1.0,MA-748-601AA30
6,3922-601EA30,1.0,1,L1-748-601AA30
1,4108-601EB30,0.0,0.0,
2,4108-601EB30,0.0,0.0,
3,4108-601EB30,0.0,0.0,
4,4108-601EB30,0.0,0.0,
5,4108-601EB30,1.0,1.0,MA-748-601AA30
6,4108-601EB30,1.0,1,L1-748-601AA30
1,4109-601EA30,0.0,0.0,
2,4109-601EA30,0.0,0.0,
3,4109-601EA30,0.0,0.0,
4,4109-601EA30,0.0,0.0,
5,4109-601EA30,1.0,1.0,MA-748-601AA30
6,4109-601EA30,1.0,1,L1-748-601AA30
1,4115-601EA30,0.0,0.0,
2,4115-601EA30,0.0,0.0,
3,4115-601EA30,0.0,0.0,
4,4115-601EA30,0.0,0.0,
5,4115-601EA30,1.0,1.0,MA-748-601AA30
6,4115-601EA30,1.0,1,L1-748-601AA30
1,4207-601EA30,0.0,0.0,
2,4207-601EA30,0.0,0.0,
3,4207-601EA30,0.0,0.0,
4,4207-601EA30,0.0,0.0,
5,4207-601EA30,1.0,1.0,MA-748-601AA30
6,4207-601EA30,1.0,1,L1-748-601AA30
1,4115-601EA32,0.0,0.0,
2,4115-601EA32,0.0,0.0,
3,4115-601EA32,0.0,0.0,
4,4115-601EA32,0.0,0.0,
5,4115-601EA32,1.0,2.0,MA-631-60132-DRUM
6,4115-601EA32,1.0,1,L1-748-601AA32
1,3554-601EA34,0.0,0.0,
2,3554-601EA34,0.0,0.0,
3,3554-601EA34,0.0,0.0,
4,3554-601EA34,0.0,0.0,
5,3554-601EA34,1.0,1.0,MA-748-601AA34
6,3554-601EA34,1.0,1,L1-748-601AA34
1,4115-601EA34,0.0,0.0,
2,4115-601EA34,0.0,0.0,
3,4115-601EA34,0.0,0.0,
4,4115-601EA34,0.0,0.0,
5,4115-601EA34,1.0,1.0,MA-748-601AA34
6,4115-601EA34,1.0,1,L1-748-601AA34
1,4207-601EA34,0.0,0.0,
2,4207-601EA34,0.0,0.0,
3,4207-601EA34,0.0,0.0,
4,4207-601EA34,0.0,0.0,
5,4207-601EA34,1.0,1.0,MA-748-601AA34
6,4207-601EA34,1.0,1,L1-748-601AA34
1,790-502AA26,0.0,0.0,
2,790-502AA26,0.0,0.0,
3,790-502AA26,0.0,0.0,
4,790-502AA26,0.0,0.0,
5,790-502AA26,1.0,1.0,MA-790-502AA26
6,790-502AA26,1.0,1,L1-790-502AA26
1,3237-601EA30,0.0,0.0,
2,3237-601EA30,0.0,0.0,
3,3237-601EA30,0.0,0.0,
4,3237-601EA30,0.0,0.0,
5,3237-601EA30,1.0,1.0,MA-880-601AA30
6,3237-601EA30,1.0,1,L1-880-601AA30
1,3238-601EA30,0.0,0.0,
2,3238-601EA30,0.0,0.0,
3,3238-601EA30,0.0,0.0,
4,3238-601EA30,0.0,0.0,
5,3238-601EA30,1.0,1.0,MA-880-601AA30
6,3238-601EA30,1.0,1,L1-880-601AA30
1,3239-601EA30,0.0,0.0,
2,3239-601EA30,0.0,0.0,
3,3239-601EA30,0.0,0.0,
4,3239-601EA30,0.0,0.0,
5,3239-601EA30,1.0,1.0,MA-880-601AA30
6,3239-601EA30,1.0,1,L1-880-601AA30
1,3242-601EB30,0.0,0.0,
2,3242-601EB30,0.0,0.0,
3,3242-601EB30,0.0,0.0,
4,3242-601EB30,0.0,0.0,
5,3242-601EB30,1.0,1.0,MA-880-601AA30
6,3242-601EB30,1.0,1,L1-880-601AA30
1,3237-601EA34,0.0,0.0,
2,3237-601EA34,0.0,0.0,
3,3237-601EA34,0.0,0.0,
4,3237-601EA34,0.0,0.0,
5,3237-601EA34,1.0,1.0,MA-880-601AA34
6,3237-601EA34,1.0,1,L1-880-601AA34
1,3239-601EA34,0.0,0.0,
2,3239-601EA34,0.0,0.0,
3,3239-601EA34,0.0,0.0,
4,3239-601EA34,0.0,0.0,
5,3239-601EA34,1.0,1.0,MA-880-601AA34
6,3239-601EA34,1.0,1,L1-880-601AA34
1,3242-601EA34,0.0,0.0,
2,3242-601EA34,0.0,0.0,
3,3242-601EA34,0.0,0.0,
4,3242-601EA34,0.0,0.0,
5,3242-601EA34,1.0,1.0,MA-880-601AA34
6,3242-601EA34,1.0,1,L1-880-601AA34
1,3242-601EA36,0.0,0.0,
2,3242-601EA36,0.0,0.0,
3,3242-601EA36,0.0,0.0,
4,3242-601EA36,0.0,0.0,
5,3242-601EA36,1.0,1.0,MA-880-601AA36
6,3242-601EA36,1.0,1,L1-880-601AA36
1,3650-601AA26,0.0,0.0,
2,3650-601AA26,0.0,0.0,
3,3650-601AA26,0.0,0.0,
4,3650-601AA26,0.0,0.0,
5,3650-601AA26,1.0,1.0,MA-931-601AA26
6,3650-601AA26,1.0,1,L1-931-601AA26
1,3650-601AA30,0.0,0.0,
2,3650-601AA30,0.0,0.0,
3,3650-601AA30,0.0,0.0,
4,3650-601AA30,0.0,0.0,
5,3650-601AA30,1.0,3.0,MA-954-60130-DRUM
6,3650-601AA30,1.0,1,L1-931-601AA30
1,3652-601AA30,0.0,0.0,
2,3652-601AA30,0.0,0.0,
3,3652-601AA30,0.0,0.0,
4,3652-601AA30,0.0,0.0,
5,3652-601AA30,1.0,3.0,MA-954-60130-DRUM
6,3652-601AA30,1.0,1,L1-931-601AA30
1,3654-601AA30,0.0,0.0,
2,3654-601AA30,0.0,0.0,
3,3654-601AA30,0.0,0.0,
4,3654-601AA30,0.0,0.0,
5,3654-601AA30,1.0,3.0,MA-954-60130-DRUM
6,3654-601AA30,1.0,1,L1-931-601AA30
1,3660-601AA30,0.0,0.0,
2,3660-601AA30,0.0,0.0,
3,3660-601AA30,0.0,0.0,
4,3660-601AA30,0.0,0.0,
5,3660-601AA30,1.0,3.0,MA-954-60130-DRUM
6,3660-601AA30,1.0,1,L1-931-601AA30
1,3650-601AA34,0.0,0.0,
2,3650-601AA34,0.0,0.0,
3,3650-601AA34,0.0,0.0,
4,3650-601AA34,0.0,0.0,
5,3650-601AA34,1.0,3.0,MA-814-60830-DRUM
6,3650-601AA34,1.0,1,L1-931-601AA34
1,3652-601AA34,0.0,0.0,
2,3652-601AA34,0.0,0.0,
3,3652-601AA34,0.0,0.0,
4,3652-601AA34,0.0,0.0,
5,3652-601AA34,1.0,3.0,MA-814-60830-DRUM
6,3652-601AA34,1.0,1,L1-931-601AA34
1,3654-601AA34,0.0,0.0,
2,3654-601AA34,0.0,0.0,
3,3654-601AA34,0.0,0.0,
4,3654-601AA34,0.0,0.0,
5,3654-601AA34,1.0,3.0,MA-814-60830-DRUM
6,3654-601AA34,1.0,1,L1-931-601AA34
1,3538-502EA30,0.0,0.0,
2,3538-502EA30,0.0,0.0,
3,3538-502EA30,0.0,0.0,
4,3538-502EA30,0.0,0.0,
5,3538-502EA30,1.0,1.0,MA-954-50230
6,3538-502EA30,1.0,1,L1-954-50230
1,3538-502JB30,0.0,0.0,
2,3538-502JB30,0.0,0.0,
3,3538-502JB30,0.0,0.0,
4,3538-502JB30,0.0,0.0,
5,3538-502JB30,1.0,1.0,MA-954-50230
6,3538-502JB30,1.0,1,L1-954-50230
1,3650-502JB30,0.0,0.0,
2,3650-502JB30,0.0,0.0,
3,3650-502JB30,0.0,0.0,
4,3650-502JB30,0.0,0.0,
5,3650-502JB30,1.0,1.0,MA-954-50230
6,3650-502JB30,1.0,1,L1-954-50230
1,3660-502AA30,0.0,0.0,
2,3660-502AA30,0.0,0.0,
3,3660-502AA30,0.0,0.0,
4,3660-502AA30,0.0,0.0,
5,3660-502AA30,1.0,1.0,MA-954-50230
6,3660-502AA30,1.0,1,L1-954-50230
1,826-502JA30,0.0,0.0,
2,826-502JA30,0.0,0.0,
3,826-502JA30,0.0,0.0,
4,826-502JA30,0.0,0.0,
5,826-502JA30,1.0,1.0,MA-954-50230
6,826-502JA30,1.0,1,L1-954-50230
1,954-502EA30,0.0,0.0,
2,954-502EA30,0.0,0.0,
3,954-502EA30,0.0,0.0,
4,954-502EA30,0.0,0.0,
5,954-502EA30,1.0,1.0,MA-954-50230
6,954-502EA30,1.0,1,L1-954-50230
1,954-502JA30,0.0,0.0,
2,954-502JA30,0.0,0.0,
3,954-502JA30,0.0,0.0,
4,954-502JA30,0.0,0.0,
5,954-502JA30,1.0,1.0,MA-954-50230
6,954-502JA30,1.0,1,L1-954-50230
1,975-502JA30,0.0,0.0,
2,975-502JA30,0.0,0.0,
3,975-502JA30,0.0,0.0,
4,975-502JA30,0.0,0.0,
5,975-502JA30,1.0,1.0,MA-954-50230
6,975-502JA30,1.0,1,L1-954-50230
1,3538-502JB34,0.0,0.0,
2,3538-502JB34,0.0,0.0,
3,3538-502JB34,0.0,0.0,
4,3538-502JB34,0.0,0.0,
5,3538-502JB34,1.0,1.0,MA-954-50234
6,3538-502JB34,1.0,1,L1-954-50234
1,3550-502BA34,0.0,0.0,
2,3550-502BA34,0.0,0.0,
3,3550-502BA34,0.0,0.0,
4,3550-502BA34,0.0,0.0,
5,3550-502BA34,1.0,1.0,MA-954-50234
6,3550-502BA34,1.0,1,L1-954-50234
1,3650-502JA34,0.0,0.0,
2,3650-502JA34,0.0,0.0,
3,3650-502JA34,0.0,0.0,
4,3650-502JA34,0.0,0.0,
5,3650-502JA34,1.0,1.0,MA-954-50234
6,3650-502JA34,1.0,1,L1-954-50234
1,3652-502JA34,0.0,0.0,
2,3652-502JA34,0.0,0.0,
3,3652-502JA34,0.0,0.0,
4,3652-502JA34,0.0,0.0,
5,3652-502JA34,1.0,1.0,MA-954-50234
6,3652-502JA34,1.0,1,L1-954-50234
1,954-502JA34,0.0,0.0,
2,954-502JA34,0.0,0.0,
3,954-502JA34,0.0,0.0,
4,954-502JA34,0.0,0.0,
5,954-502JA34,1.0,1.0,MA-954-50234
6,954-502JA34,1.0,1,L1-954-50234
1,954-601EA30,0.0,0.0,
2,954-601EA30,0.0,0.0,
3,954-601EA30,0.0,0.0,
4,954-601EA30,0.0,0.0,
5,954-601EA30,1.0,1.0,MA-954-60130
6,954-601EA30,1.0,1,L1-954-60130
1,954-601JA30,0.0,0.0,
2,954-601JA30,0.0,0.0,
3,954-601JA30,0.0,0.0,
4,954-601JA30,0.0,0.0,
5,954-601JA30,1.0,1.0,MA-954-60130
6,954-601JA30,1.0,1,L1-954-60130
1,954-601JA34,0.0,0.0,
2,954-601JA34,0.0,0.0,
3,954-601JA34,0.0,0.0,
4,954-601JA34,0.0,0.0,
5,954-601JA34,1.0,1.0,MA-954-60134
6,954-601JA34,1.0,1,L1-954-60134
1,4207-608AB30,0.0,0.0,
2,4207-608AB30,0.0,0.0,
3,4207-608AB30,0.0,0.0,
4,4207-608AB30,0.0,0.0,
5,4207-608AB30,1.0,3.0,MA-973-608AA30-DRUM
6,4207-608AB30,1.0,1,L1-4207-608BA30
1,631-60830,0.0,0.0,
2,631-60830,0.0,0.0,
3,631-60830,0.0,0.0,
4,631-60830,0.0,0.0,
5,631-60830,1.0,3.0,MA-973-608AA30-DRUM
6,631-60830,1.0,1,L1-631-60830
1,3242-608AD30,0.0,0.0,
2,3242-608AD30,0.0,0.0,
3,3242-608AD30,0.0,0.0,
4,3242-608AD30,0.0,0.0,
5,3242-608AD30,1.0,3.0,MA-973-608AA30-DRUM
6,3242-608AD30,1.0,1,L1-3242-608AA30
1,3237-608AB30,0.0,0.0,
2,3237-608AB30,0.0,0.0,
3,3237-608AB30,0.0,0.0,
4,3237-608AB30,0.0,0.0,
5,3237-608AB30,1.0,3.0,MA-973-608AA30-DRUM
6,3237-608AB30,1.0,1,L1-882-608AA30
1,4207-608AA34,0.0,0.0,
2,4207-608AA34,0.0,0.0,
3,4207-608AA34,0.0,0.0,
4,4207-608AA34,0.0,0.0,
5,4207-608AA34,1.0,3.0,MA-973-608AA34-DRUM
6,4207-608AA34,1.0,1,L1-631-60834
1,3139-608AB36,0.0,0.0,
2,3139-608AB36,0.0,0.0,
3,3139-608AB36,0.0,0.0,
4,3139-608AB36,0.0,0.0,
5,3139-608AB36,1.0,3.0,MA-973-608AA36-DRUM
6,3139-608AB36,1.0,1,L1-631-60836
1,K-28801EB,0.0,0.0,
2,K-28801EB,0.0,0.0,
3,K-28801EB,0.0,0.0,
4,K-28801EB,0.0,0.0,
5,K-28801EB,1.0,1.0,MA-K-28801EA
6,K-28801EB,1.0,1,MC-K-28801EB
1,3242-651AD30,0.0,0.0,
2,3242-651AD30,0.0,0.0,
3,3242-651AD30,0.0,0.0,
4,3242-651AD30,0.0,0.0,
5,3242-651AD30,1.0,1.0,MA-RH-0156
6,3242-651AD30,1.0,1,LA-RH-0156-MC
1,5520-502DA,0.0,0.0,
2,5520-502DA,0.0,0.0,
3,5520-502DA,0.0,0.0,
4,5520-502DA,0.0,0.0,
5,5520-502DA,1.0,1.0,MA-RP-0145N
6,5520-502DA,1.0,1,MC-RP-0145N
1,5520-502FA,0.0,0.0,
2,5520-502FA,0.0,0.0,
3,5520-502FA,0.0,0.0,
4,5520-502FA,0.0,0.0,
5,5520-502FA,1.0,1.0,MA-RP-0145N
6,5520-502FA,1.0,1,MC-RP-0145N
1,5520-502GA,0.0,0.0,
2,5520-502GA,0.0,0.0,
3,5520-502GA,0.0,0.0,
4,5520-502GA,0.0,0.0,
5,5520-502GA,1.0,1.0,MA-RP-0145N
6,5520-502GA,1.0,1,MC-RP-0145N
1,5520-502HA,0.0,0.0,
2,5520-502HA,0.0,0.0,
3,5520-502HA,0.0,0.0,
4,5520-502HA,0.0,0.0,
5,5520-502HA,1.0,1.0,MA-RP-0145N
6,5520-502HA,1.0,1,MC-RP-0145N
1,5520-502LA,0.0,0.0,
2,5520-502LA,0.0,0.0,
3,5520-502LA,0.0,0.0,
4,5520-502LA,0.0,0.0,
5,5520-502LA,1.0,1.0,MA-RP-0145N
6,5520-502LA,1.0,1,MC-RP-0145N
1,5520-502PA,0.0,0.0,
2,5520-502PA,0.0,0.0,
3,5520-502PA,0.0,0.0,
4,5520-502PA,0.0,0.0,
5,5520-502PA,1.0,1.0,MA-RP-0145N
6,5520-502PA,1.0,1,MC-RP-0145N
1,5520-502SA,0.0,0.0,
2,5520-502SA,0.0,0.0,
3,5520-502SA,0.0,0.0,
4,5520-502SA,0.0,0.0,
5,5520-502SA,1.0,1.0,MA-RP-0145N
6,5520-502SA,1.0,1,MC-RP-0145N
1,5520-502BC,0.0,0.0,
2,5520-502BC,0.0,0.0,
3,5520-502BC,0.0,0.0,
4,5520-502BC,0.0,0.0,
5,5520-502BC,1.0,1.0,MA-RP-0359-01AD
6,5520-502BC,1.0,1,MC-RP-0359-01AD
1,5520-502CC,0.0,0.0,
2,5520-502CC,0.0,0.0,
3,5520-502CC,0.0,0.0,
4,5520-502CC,0.0,0.0,
5,5520-502CC,1.0,1.0,MA-RP-0359-01AD
6,5520-502CC,1.0,1,MC-RP-0359-01AD
1,5520-502KC,0.0,0.0,
2,5520-502KC,0.0,0.0,
3,5520-502KC,0.0,0.0,
4,5520-502KC,0.0,0.0,
5,5520-502KC,1.0,1.0,MA-RP-0359-01AD
6,5520-502KC,1.0,1,MC-RP-0359-01AD
1,5520-502RA,0.0,0.0,
2,5520-502RA,0.0,0.0,
3,5520-502RA,0.0,0.0,
4,5520-502RA,0.0,0.0,
5,5520-502RA,1.0,1.0,MA-RP-0359-01AD
6,5520-502RA,1.0,1,MC-RP-0359-01AD
1,5520-502JD,0.0,0.0,
2,5520-502JD,0.0,0.0,
3,5520-502JD,0.0,0.0,
4,5520-502JD,1.0,1.0,MA-RP-0359-01AD
5,5520-502JD,1.0,1.0,MC-RP-0359-01AD
6,5520-502JD,1.0,1,PEFIN-5520-502JD
1,3139-502BA30,0.0,0.0,
2,3139-502BA30,0.0,0.0,
3,3139-502BA30,0.0,0.0,
4,3139-502BA30,0.0,0.0,
5,3139-502BA30,0.0,0.0,
6,3139-502BA30,33.0,1,MA-RH-0175KD-21AA
1,3139-502BA32,0.0,0.0,
2,3139-502BA32,0.0,0.0,
3,3139-502BA32,0.0,0.0,
4,3139-502BA32,0.0,0.0,
5,3139-502BA32,0.0,0.0,
6,3139-502BA32,36.0,1,MA-RH-0175KD-21AA
1,3145-502BA30,0.0,0.0,
2,3145-502BA30,0.0,0.0,
3,3145-502BA30,0.0,0.0,
4,3145-502BA30,0.0,0.0,
5,3145-502BA30,1.0,1.0,MA-600-502AA30
6,3145-502BA30,1.0,1,L1-3153-502AC30
1,1731-417BA14,0.0,0.0,
2,1731-417BA14,0.0,0.0,
3,1731-417BA14,0.0,0.0,
4,1731-417BA14,0.0,0.0,
5,1731-417BA14,0.0,0.0,
6,1731-417BA14,1.0,3,MA-1731-417BA14-DRUM
1,1731-417BA18,0.0,0.0,
2,1731-417BA18,0.0,0.0,
3,1731-417BA18,0.0,0.0,
4,1731-417BA18,0.0,0.0,
5,1731-417BA18,0.0,0.0,
6,1731-417BA18,1.0,3,MA-1731-417BA18-DRUM
1,1731-418AA14,0.0,0.0,
2,1731-418AA14,0.0,0.0,
3,1731-418AA14,0.0,0.0,
4,1731-418AA14,0.0,0.0,
5,1731-418AA14,0.0,0.0,
6,1731-418AA14,1.0,3,MA-1731-418AA14-DRUM
1,1731-418AA18,0.0,0.0,
2,1731-418AA18,0.0,0.0,
3,1731-418AA18,0.0,0.0,
4,1731-418AA18,0.0,0.0,
5,1731-418AA18,0.0,0.0,
6,1731-418AA18,1.0,3,MA-1731-418AA18-DRUM
1,1531-309CA,0.0,0.0,
2,1531-309CA,0.0,0.0,
3,1531-309CA,0.0,0.0,
4,1531-309CA,0.0,0.0,
5,1531-309CA,0.0,0.0,
6,1531-309CA,1.0,1,MA-1531-309BA
1,1331-102RA,0.0,0.0,
2,1331-102RA,0.0,0.0,
3,1331-102RA,0.0,0.0,
4,1331-102RA,0.0,0.0,
5,1331-102RA,0.0,0.0,
6,1331-102RA,1.0,1,MA-1631-102DB
1,5145-601AA17,0.0,0.0,
2,5145-601AA17,0.0,0.0,
3,5145-601AA17,0.0,0.0,
4,5145-601AA17,1.0,1.0,MA-1751-601AA17
5,5145-601AA17,1.0,1.0,L1-1751-601AA17
6,5145-601AA17,1.0,1,LA-1751-601AA17-L2
1,5145-601AA18,0.0,0.0,
2,5145-601AA18,0.0,0.0,
3,5145-601AA18,0.0,0.0,
4,5145-601AA18,1.0,1.0,MA-1751-601AA18
5,5145-601AA18,1.0,1.0,L1-1751-601AA18
6,5145-601AA18,1.0,1,LA-1751-601AA18-L2
1,5145-601AA19,0.0,0.0,
2,5145-601AA19,0.0,0.0,
3,5145-601AA19,0.0,0.0,
4,5145-601AA19,1.0,1.0,MA-1751-601AA19
5,5145-601AA19,1.0,1.0,L1-1751-601AA19
6,5145-601AA19,1.0,1,LA-1751-601AA19-L2
1,5145-601AA20,0.0,0.0,
2,5145-601AA20,0.0,0.0,
3,5145-601AA20,0.0,0.0,
4,5145-601AA20,1.0,1.0,MA-1751-601AA20
5,5145-601AA20,1.0,1.0,L1-1751-601AA20
6,5145-601AA20,1.0,1,LA-1751-601AA20-L2
1,3157-601EA30,0.0,0.0,
2,3157-601EA30,0.0,0.0,
3,3157-601EA30,0.0,0.0,
4,3157-601EA30,0.0,0.0,
5,3157-601EA30,1.0,1.0,MA-603-601-BLOCK
6,3157-601EA30,17.0,1,MC-603-601-BLOCK
1,888-601JA30,0.0,0.0,
2,888-601JA30,0.0,0.0,
3,888-601JA30,0.0,0.0,
4,888-601JA30,0.0,0.0,
5,888-601JA30,1.0,1.0,MA-4206-601AA30
6,888-601JA30,1.0,1,L1-888-601AA30
1,KS51-00101AC,0.0,0.0,
2,KS51-00101AC,0.0,0.0,
3,KS51-00101AC,0.0,0.0,
4,KS51-00101AC,0.0,0.0,
5,KS51-00101AC,1.0,1.0,MA-RD-0004-01
6,KS51-00101AC,1.0,1,MC-KS51-00101AC
1,201-602GA13,0.0,0.0,
2,201-602GA13,0.0,0.0,
3,201-602GA13,0.0,0.0,
4,201-602GA13,0.0,0.0,
5,201-602GA13,0.0,0.0,
6,201-602GA13,1.0,1,MA-RH-0031A-05C
1,352B-602BB30,0.0,0.0,
2,352B-602BB30,0.0,0.0,
3,352B-602BB30,0.0,0.0,
4,352B-602BB30,0.0,0.0,
5,352B-602BB30,0.0,0.0,
6,352B-602BB30,1.0,1,MA-RH-0031A-05C
1,352B-602BB33,0.0,0.0,
2,352B-602BB33,0.0,0.0,
3,352B-602BB33,0.0,0.0,
4,352B-602BB33,0.0,0.0,
5,352B-602BB33,0.0,0.0,
6,352B-602BB33,1.0,1,MA-RH-0031A-05C
1,474-602BA34,0.0,0.0,
2,474-602BA34,0.0,0.0,
3,474-602BA34,0.0,0.0,
4,474-602BA34,0.0,0.0,
5,474-602BA34,0.0,0.0,
6,474-602BA34,1.0,1,MA-RH-0031A-05C
1,474-602BA36,0.0,0.0,
2,474-602BA36,0.0,0.0,
3,474-602BA36,0.0,0.0,
4,474-602BA36,0.0,0.0,
5,474-602BA36,0.0,0.0,
6,474-602BA36,1.0,1,MA-RH-0031A-05C
1,474-602BB30,0.0,0.0,
2,474-602BB30,0.0,0.0,
3,474-602BB30,0.0,0.0,
4,474-602BB30,0.0,0.0,
5,474-602BB30,0.0,0.0,
6,474-602BB30,1.0,1,MA-RH-0031A-05C
1,474-602BB33,0.0,0.0,
2,474-602BB33,0.0,0.0,
3,474-602BB33,0.0,0.0,
4,474-602BB33,0.0,0.0,
5,474-602BB33,0.0,0.0,
6,474-602BB33,1.0,1,MA-RH-0031A-05C
1,474-602BB38,0.0,0.0,
2,474-602BB38,0.0,0.0,
3,474-602BB38,0.0,0.0,
4,474-602BB38,0.0,0.0,
5,474-602BB38,0.0,0.0,
6,474-602BB38,1.0,1,MA-RH-0031A-05C
1,478-602EC34,0.0,0.0,
2,478-602EC34,0.0,0.0,
3,478-602EC34,0.0,0.0,
4,478-602EC34,0.0,0.0,
5,478-602EC34,0.0,0.0,
6,478-602EC34,1.0,1,MA-RH-0031K-06A
1,478-602EC38,0.0,0.0,
2,478-602EC38,0.0,0.0,
3,478-602EC38,0.0,0.0,
4,478-602EC38,0.0,0.0,
5,478-602EC38,0.0,0.0,
6,478-602EC38,1.0,1,MA-RH-0031A-05C
1,479-602AB30,0.0,0.0,
2,479-602AB30,0.0,0.0,
3,479-602AB30,0.0,0.0,
4,479-602AB30,0.0,0.0,
5,479-602AB30,1.0,1.0,MA-RH-0031A-05C
6,479-602AB30,1.0,1,PEFIN-479-602AB30
1,479-602AB33,0.0,0.0,
2,479-602AB33,0.0,0.0,
3,479-602AB33,0.0,0.0,
4,479-602AB33,0.0,0.0,
5,479-602AB33,0.0,0.0,
6,479-602AB33,1.0,1,MA-RH-0031A-05C
1,479-602AB34,0.0,0.0,
2,479-602AB34,0.0,0.0,
3,479-602AB34,0.0,0.0,
4,479-602AB34,0.0,0.0,
5,479-602AB34,0.0,0.0,
6,479-602AB34,1.0,1,MA-RH-0031K-06A
1,479-602AB36,0.0,0.0,
2,479-602AB36,0.0,0.0,
3,479-602AB36,0.0,0.0,
4,479-602AB36,0.0,0.0,
5,479-602AB36,0.0,0.0,
6,479-602AB36,1.0,1,MA-RH-0031A-05C
1,479-602AB38,0.0,0.0,
2,479-602AB38,0.0,0.0,
3,479-602AB38,0.0,0.0,
4,479-602AB38,0.0,0.0,
5,479-602AB38,0.0,0.0,
6,479-602AB38,1.0,1,MA-RH-0031A-05C
1,479-602BB34,0.0,0.0,
2,479-602BB34,0.0,0.0,
3,479-602BB34,0.0,0.0,
4,479-602BB34,0.0,0.0,
5,479-602BB34,0.0,0.0,
6,479-602BB34,1.0,1,MA-RH-0031A-05C
1,479-602EB30,0.0,0.0,
2,479-602EB30,0.0,0.0,
3,479-602EB30,0.0,0.0,
4,479-602EB30,0.0,0.0,
5,479-602EB30,0.0,0.0,
6,479-602EB30,1.0,1,MA-RH-0031K-06A
1,479-602EB33,0.0,0.0,
2,479-602EB33,0.0,0.0,
3,479-602EB33,0.0,0.0,
4,479-602EB33,0.0,0.0,
5,479-602EB33,0.0,0.0,
6,479-602EB33,1.0,1,MA-RH-0031A-05C
1,479-602EB34,0.0,0.0,
2,479-602EB34,0.0,0.0,
3,479-602EB34,0.0,0.0,
4,479-602EB34,0.0,0.0,
5,479-602EB34,0.0,0.0,
6,479-602EB34,1.0,1,MA-RH-0031K-06A
1,485-602BA34,0.0,0.0,
2,485-602BA34,0.0,0.0,
3,485-602BA34,0.0,0.0,
4,485-602BA34,0.0,0.0,
5,485-602BA34,0.0,0.0,
6,485-602BA34,1.0,1,MA-RH-0031A-05C
1,485-602BA36,0.0,0.0,
2,485-602BA36,0.0,0.0,
3,485-602BA36,0.0,0.0,
4,485-602BA36,0.0,0.0,
5,485-602BA36,0.0,0.0,
6,485-602BA36,1.0,1,MA-RH-0031A-05C
1,5121-602BA36,0.0,0.0,
2,5121-602BA36,0.0,0.0,
3,5121-602BA36,0.0,0.0,
4,5121-602BA36,0.0,0.0,
5,5121-602BA36,0.0,0.0,
6,5121-602BA36,1.0,1,MA-RH-0031A-05C
1,5121-602BA38,0.0,0.0,
2,5121-602BA38,0.0,0.0,
3,5121-602BA38,0.0,0.0,
4,5121-602BA38,0.0,0.0,
5,5121-602BA38,0.0,0.0,
6,5121-602BA38,1.0,1,MA-RH-0031A-05C
1,5121-602BA40,0.0,0.0,
2,5121-602BA40,0.0,0.0,
3,5121-602BA40,0.0,0.0,
4,5121-602BA40,0.0,0.0,
5,5121-602BA40,0.0,0.0,
6,5121-602BA40,1.0,1,MA-RH-0031A-05C
1,5121-602BA42,0.0,0.0,
2,5121-602BA42,0.0,0.0,
3,5121-602BA42,0.0,0.0,
4,5121-602BA42,0.0,0.0,
5,5121-602BA42,0.0,0.0,
6,5121-602BA42,1.0,1,MA-RH-0031A-05C
1,5121-602BA44,0.0,0.0,
2,5121-602BA44,0.0,0.0,
3,5121-602BA44,0.0,0.0,
4,5121-602BA44,0.0,0.0,
5,5121-602BA44,0.0,0.0,
6,5121-602BA44,1.0,1,MA-RH-0031A-05C
1,5121-602BA48,0.0,0.0,
2,5121-602BA48,0.0,0.0,
3,5121-602BA48,0.0,0.0,
4,5121-602BA48,0.0,0.0,
5,5121-602BA48,0.0,0.0,
6,5121-602BA48,1.0,1,MA-RH-0031A-05C
1,5121-602BB30,0.0,0.0,
2,5121-602BB30,0.0,0.0,
3,5121-602BB30,0.0,0.0,
4,5121-602BB30,0.0,0.0,
5,5121-602BB30,0.0,0.0,
6,5121-602BB30,1.0,1,MA-RH-0031A-05C
1,5121-602CA44,0.0,0.0,
2,5121-602CA44,0.0,0.0,
3,5121-602CA44,0.0,0.0,
4,5121-602CA44,0.0,0.0,
5,5121-602CA44,0.0,0.0,
6,5121-602CA44,1.0,1,MA-RH-0031A-05C
1,5121-602CA48,0.0,0.0,
2,5121-602CA48,0.0,0.0,
3,5121-602CA48,0.0,0.0,
4,5121-602CA48,0.0,0.0,
5,5121-602CA48,0.0,0.0,
6,5121-602CA48,1.0,1,MA-RH-0031A-05C
1,5121-602LA30,0.0,0.0,
2,5121-602LA30,0.0,0.0,
3,5121-602LA30,0.0,0.0,
4,5121-602LA30,0.0,0.0,
5,5121-602LA30,0.0,0.0,
6,5121-602LA30,1.0,1,MA-RH-0031A-05C
1,5121-602LA36,0.0,0.0,
2,5121-602LA36,0.0,0.0,
3,5121-602LA36,0.0,0.0,
4,5121-602LA36,0.0,0.0,
5,5121-602LA36,0.0,0.0,
6,5121-602LA36,1.0,1,MA-RH-0031A-05C
1,5128-602AA38,0.0,0.0,
2,5128-602AA38,0.0,0.0,
3,5128-602AA38,0.0,0.0,
4,5128-602AA38,0.0,0.0,
5,5128-602AA38,0.0,0.0,
6,5128-602AA38,1.0,1,MA-RH-0031K-06A
1,5128-602AB30,0.0,0.0,
2,5128-602AB30,0.0,0.0,
3,5128-602AB30,0.0,0.0,
4,5128-602AB30,0.0,0.0,
5,5128-602AB30,0.0,0.0,
6,5128-602AB30,1.0,1,MA-RH-0031A-05C
1,5128-602AB33,0.0,0.0,
2,5128-602AB33,0.0,0.0,
3,5128-602AB33,0.0,0.0,
4,5128-602AB33,0.0,0.0,
5,5128-602AB33,0.0,0.0,
6,5128-602AB33,1.0,1,MA-RH-0031A-05C
1,5128-602BB30,0.0,0.0,
2,5128-602BB30,0.0,0.0,
3,5128-602BB30,0.0,0.0,
4,5128-602BB30,0.0,0.0,
5,5128-602BB30,0.0,0.0,
6,5128-602BB30,1.0,1,MA-RH-0031A-05C
1,5128-602BB33,0.0,0.0,
2,5128-602BB33,0.0,0.0,
3,5128-602BB33,0.0,0.0,
4,5128-602BB33,0.0,0.0,
5,5128-602BB33,0.0,0.0,
6,5128-602BB33,1.0,1,MA-RH-0031A-05C
1,5128-602EA38,0.0,0.0,
2,5128-602EA38,0.0,0.0,
3,5128-602EA38,0.0,0.0,
4,5128-602EA38,0.0,0.0,
5,5128-602EA38,0.0,0.0,
6,5128-602EA38,1.0,1,MA-RH-0031K-06A
1,5128-602EB33,0.0,0.0,
2,5128-602EB33,0.0,0.0,
3,5128-602EB33,0.0,0.0,
4,5128-602EB33,0.0,0.0,
5,5128-602EB33,0.0,0.0,
6,5128-602EB33,1.0,1,MA-RH-0031A-05C
1,5142-602AA30,0.0,0.0,
2,5142-602AA30,0.0,0.0,
3,5142-602AA30,0.0,0.0,
4,5142-602AA30,0.0,0.0,
5,5142-602AA30,0.0,0.0,
6,5142-602AA30,1.0,1,MA-RH-0031A-05C
1,5142-602AA32,0.0,0.0,
2,5142-602AA32,0.0,0.0,
3,5142-602AA32,0.0,0.0,
4,5142-602AA32,0.0,0.0,
5,5142-602AA32,0.0,0.0,
6,5142-602AA32,1.0,1,MA-RH-0031K-06A
1,5142-602AA33,0.0,0.0,
2,5142-602AA33,0.0,0.0,
3,5142-602AA33,0.0,0.0,
4,5142-602AA33,0.0,0.0,
5,5142-602AA33,1.0,1.0,MA-RH-0031K-06A
6,5142-602AA33,1.0,1,PEFIN-5142-602AA33
1,5142-602AA36,0.0,0.0,
2,5142-602AA36,0.0,0.0,
3,5142-602AA36,0.0,0.0,
4,5142-602AA36,0.0,0.0,
5,5142-602AA36,0.0,0.0,
6,5142-602AA36,1.0,1,MA-RH-0031A-05C
1,5142-602AA38,0.0,0.0,
2,5142-602AA38,0.0,0.0,
3,5142-602AA38,0.0,0.0,
4,5142-602AA38,0.0,0.0,
5,5142-602AA38,1.0,1.0,MA-RH-0031A-05C
6,5142-602AA38,1.0,1,PEFIN-5142-602AA38
1,5142-602AA40,0.0,0.0,
2,5142-602AA40,0.0,0.0,
3,5142-602AA40,0.0,0.0,
4,5142-602AA40,0.0,0.0,
5,5142-602AA40,0.0,0.0,
6,5142-602AA40,1.0,1,MA-RH-0031K-06A
1,5142-602AA42,0.0,0.0,
2,5142-602AA42,0.0,0.0,
3,5142-602AA42,0.0,0.0,
4,5142-602AA42,0.0,0.0,
5,5142-602AA42,0.0,0.0,
6,5142-602AA42,1.0,1,MA-RH-0031A-05C
1,5142-602BA36,0.0,0.0,
2,5142-602BA36,0.0,0.0,
3,5142-602BA36,0.0,0.0,
4,5142-602BA36,0.0,0.0,
5,5142-602BA36,0.0,0.0,
6,5142-602BA36,1.0,1,MA-RH-0031A-05C
1,5142-602BA40,0.0,0.0,
2,5142-602BA40,0.0,0.0,
3,5142-602BA40,0.0,0.0,
4,5142-602BA40,0.0,0.0,
5,5142-602BA40,0.0,0.0,
6,5142-602BA40,1.0,1,MA-RH-0031A-05C
1,5142-602BA42,0.0,0.0,
2,5142-602BA42,0.0,0.0,
3,5142-602BA42,0.0,0.0,
4,5142-602BA42,0.0,0.0,
5,5142-602BA42,0.0,0.0,
6,5142-602BA42,1.0,1,MA-RH-0031A-05C
1,5142-602BB30,0.0,0.0,
2,5142-602BB30,0.0,0.0,
3,5142-602BB30,0.0,0.0,
4,5142-602BB30,0.0,0.0,
5,5142-602BB30,0.0,0.0,
6,5142-602BB30,1.0,1,MA-RH-0031A-05C
1,5142-602BB33,0.0,0.0,
2,5142-602BB33,0.0,0.0,
3,5142-602BB33,0.0,0.0,
4,5142-602BB33,0.0,0.0,
5,5142-602BB33,0.0,0.0,
6,5142-602BB33,1.0,1,MA-RH-0031A-05C
1,5142-602BB34,0.0,0.0,
2,5142-602BB34,0.0,0.0,
3,5142-602BB34,0.0,0.0,
4,5142-602BB34,0.0,0.0,
5,5142-602BB34,0.0,0.0,
6,5142-602BB34,1.0,1,MA-RH-0031A-05C
1,5142-602BB38,0.0,0.0,
2,5142-602BB38,0.0,0.0,
3,5142-602BB38,0.0,0.0,
4,5142-602BB38,0.0,0.0,
5,5142-602BB38,0.0,0.0,
6,5142-602BB38,1.0,1,MA-RH-0031A-05C
1,5143-602CA24,0.0,0.0,
2,5143-602CA24,0.0,0.0,
3,5143-602CA24,0.0,0.0,
4,5143-602CA24,0.0,0.0,
5,5143-602CA24,0.0,0.0,
6,5143-602CA24,1.0,1,MA-RH-0031A-05C
1,5143-602CB20,0.0,0.0,
2,5143-602CB20,0.0,0.0,
3,5143-602CB20,0.0,0.0,
4,5143-602CB20,0.0,0.0,
5,5143-602CB20,0.0,0.0,
6,5143-602CB20,1.0,1,MA-RH-0031A-05C
1,5145-602AA08,0.0,0.0,
2,5145-602AA08,0.0,0.0,
3,5145-602AA08,0.0,0.0,
4,5145-602AA08,0.0,0.0,
5,5145-602AA08,0.0,0.0,
6,5145-602AA08,2.0,1,MA-RH-0031A-05C
1,5145-602AA09,0.0,0.0,
2,5145-602AA09,0.0,0.0,
3,5145-602AA09,0.0,0.0,
4,5145-602AA09,0.0,0.0,
5,5145-602AA09,0.0,0.0,
6,5145-602AA09,2.0,1,MA-RH-0031A-05C
1,5145-602AA10,0.0,0.0,
2,5145-602AA10,0.0,0.0,
3,5145-602AA10,0.0,0.0,
4,5145-602AA10,0.0,0.0,
5,5145-602AA10,0.0,0.0,
6,5145-602AA10,2.0,1,MA-RH-0031A-05C
1,5145-602AA11,0.0,0.0,
2,5145-602AA11,0.0,0.0,
3,5145-602AA11,0.0,0.0,
4,5145-602AA11,0.0,0.0,
5,5145-602AA11,0.0,0.0,
6,5145-602AA11,2.0,1,MA-RH-0031A-05C
1,5145-602AA12,0.0,0.0,
2,5145-602AA12,0.0,0.0,
3,5145-602AA12,0.0,0.0,
4,5145-602AA12,0.0,0.0,
5,5145-602AA12,0.0,0.0,
6,5145-602AA12,2.0,1,MA-RH-0031A-05C
1,5145-602BA09,0.0,0.0,
2,5145-602BA09,0.0,0.0,
3,5145-602BA09,0.0,0.0,
4,5145-602BA09,0.0,0.0,
5,5145-602BA09,0.0,0.0,
6,5145-602BA09,2.0,1,MA-RH-0031A-05C
1,5145-602BA10,0.0,0.0,
2,5145-602BA10,0.0,0.0,
3,5145-602BA10,0.0,0.0,
4,5145-602BA10,0.0,0.0,
5,5145-602BA10,0.0,0.0,
6,5145-602BA10,2.0,1,MA-RH-0031A-05C
1,5145-602BA11,0.0,0.0,
2,5145-602BA11,0.0,0.0,
3,5145-602BA11,0.0,0.0,
4,5145-602BA11,0.0,0.0,
5,5145-602BA11,0.0,0.0,
6,5145-602BA11,2.0,1,MA-RH-0031A-05C
1,5145-602BA12,0.0,0.0,
2,5145-602BA12,0.0,0.0,
3,5145-602BA12,0.0,0.0,
4,5145-602BA12,0.0,0.0,
5,5145-602BA12,0.0,0.0,
6,5145-602BA12,2.0,1,MA-RH-0031A-05C
1,5145-602BA14,0.0,0.0,
2,5145-602BA14,0.0,0.0,
3,5145-602BA14,0.0,0.0,
4,5145-602BA14,0.0,0.0,
5,5145-602BA14,0.0,0.0,
6,5145-602BA14,1.0,1,MA-RH-0031A-05C
1,5145-602CA08,0.0,0.0,
2,5145-602CA08,0.0,0.0,
3,5145-602CA08,0.0,0.0,
4,5145-602CA08,0.0,0.0,
5,5145-602CA08,0.0,0.0,
6,5145-602CA08,2.0,1,MA-RH-0031A-05C
1,5145-602CA09,0.0,0.0,
2,5145-602CA09,0.0,0.0,
3,5145-602CA09,0.0,0.0,
4,5145-602CA09,0.0,0.0,
5,5145-602CA09,0.0,0.0,
6,5145-602CA09,2.0,1,MA-RH-0031A-05C
1,5145-602CA10,0.0,0.0,
2,5145-602CA10,0.0,0.0,
3,5145-602CA10,0.0,0.0,
4,5145-602CA10,0.0,0.0,
5,5145-602CA10,0.0,0.0,
6,5145-602CA10,2.0,1,MA-RH-0031A-05C
1,5145-602CA11,0.0,0.0,
2,5145-602CA11,0.0,0.0,
3,5145-602CA11,0.0,0.0,
4,5145-602CA11,0.0,0.0,
5,5145-602CA11,0.0,0.0,
6,5145-602CA11,2.0,1,MA-RH-0031A-05C
1,5145-602CA12,0.0,0.0,
2,5145-602CA12,0.0,0.0,
3,5145-602CA12,0.0,0.0,
4,5145-602CA12,0.0,0.0,
5,5145-602CA12,0.0,0.0,
6,5145-602CA12,2.0,1,MA-RH-0031A-05C
1,5145-602EA08,0.0,0.0,
2,5145-602EA08,0.0,0.0,
3,5145-602EA08,0.0,0.0,
4,5145-602EA08,0.0,0.0,
5,5145-602EA08,0.0,0.0,
6,5145-602EA08,2.0,1,MA-RH-0031A-05C
1,5145-602GA08,0.0,0.0,
2,5145-602GA08,0.0,0.0,
3,5145-602GA08,0.0,0.0,
4,5145-602GA08,0.0,0.0,
5,5145-602GA08,0.0,0.0,
6,5145-602GA08,2.0,1,MA-RH-0031A-05C
1,5145-602GA09,0.0,0.0,
2,5145-602GA09,0.0,0.0,
3,5145-602GA09,0.0,0.0,
4,5145-602GA09,0.0,0.0,
5,5145-602GA09,0.0,0.0,
6,5145-602GA09,2.0,1,MA-RH-0031A-05C
1,5145-602GA10,0.0,0.0,
2,5145-602GA10,0.0,0.0,
3,5145-602GA10,0.0,0.0,
4,5145-602GA10,0.0,0.0,
5,5145-602GA10,0.0,0.0,
6,5145-602GA10,2.0,1,MA-RH-0031A-05C
1,5145-602GA11,0.0,0.0,
2,5145-602GA11,0.0,0.0,
3,5145-602GA11,0.0,0.0,
4,5145-602GA11,0.0,0.0,
5,5145-602GA11,0.0,0.0,
6,5145-602GA11,2.0,1,MA-RH-0031A-05C
1,5145-602GA12,0.0,0.0,
2,5145-602GA12,0.0,0.0,
3,5145-602GA12,0.0,0.0,
4,5145-602GA12,0.0,0.0,
5,5145-602GA12,0.0,0.0,
6,5145-602GA12,2.0,1,MA-RH-0031A-05C
1,5147-602GA26,0.0,0.0,
2,5147-602GA26,0.0,0.0,
3,5147-602GA26,0.0,0.0,
4,5147-602GA26,0.0,0.0,
5,5147-602GA26,0.0,0.0,
6,5147-602GA26,1.0,1,MA-RH-0031A-05C
1,5154-602BA32,0.0,0.0,
2,5154-602BA32,0.0,0.0,
3,5154-602BA32,0.0,0.0,
4,5154-602BA32,0.0,0.0,
5,5154-602BA32,0.0,0.0,
6,5154-602BA32,1.0,1,MA-RH-0031A-05C
1,5154-602BA33,0.0,0.0,
2,5154-602BA33,0.0,0.0,
3,5154-602BA33,0.0,0.0,
4,5154-602BA33,0.0,0.0,
5,5154-602BA33,0.0,0.0,
6,5154-602BA33,1.0,1,MA-RH-0031A-05C
1,5154-602BA34,0.0,0.0,
2,5154-602BA34,0.0,0.0,
3,5154-602BA34,0.0,0.0,
4,5154-602BA34,0.0,0.0,
5,5154-602BA34,0.0,0.0,
6,5154-602BA34,1.0,1,MA-RH-0031A-05C
1,5154-602BA36,0.0,0.0,
2,5154-602BA36,0.0,0.0,
3,5154-602BA36,0.0,0.0,
4,5154-602BA36,0.0,0.0,
5,5154-602BA36,0.0,0.0,
6,5154-602BA36,1.0,1,MA-RH-0031A-05C
1,5154-602BB30,0.0,0.0,
2,5154-602BB30,0.0,0.0,
3,5154-602BB30,0.0,0.0,
4,5154-602BB30,0.0,0.0,
5,5154-602BB30,0.0,0.0,
6,5154-602BB30,1.0,1,MA-RH-0031A-05C
1,5154-602CA36,0.0,0.0,
2,5154-602CA36,0.0,0.0,
3,5154-602CA36,0.0,0.0,
4,5154-602CA36,0.0,0.0,
5,5154-602CA36,0.0,0.0,
6,5154-602CA36,1.0,1,MA-RH-0031A-05C
1,5157-602BA30,0.0,0.0,
2,5157-602BA30,0.0,0.0,
3,5157-602BA30,0.0,0.0,
4,5157-602BA30,0.0,0.0,
5,5157-602BA30,0.0,0.0,
6,5157-602BA30,1.0,1,MA-RH-0031A-05C
1,5208-602BB34,0.0,0.0,
2,5208-602BB34,0.0,0.0,
3,5208-602BB34,0.0,0.0,
4,5208-602BB34,0.0,0.0,
5,5208-602BB34,0.0,0.0,
6,5208-602BB34,1.0,1,MA-RH-0031A-05C
1,5208-602CA34,0.0,0.0,
2,5208-602CA34,0.0,0.0,
3,5208-602CA34,0.0,0.0,
4,5208-602CA34,0.0,0.0,
5,5208-602CA34,0.0,0.0,
6,5208-602CA34,1.0,1,MA-RH-0031A-05C
1,5213-602BA30,0.0,0.0,
2,5213-602BA30,0.0,0.0,
3,5213-602BA30,0.0,0.0,
4,5213-602BA30,0.0,0.0,
5,5213-602BA30,0.0,0.0,
6,5213-602BA30,1.0,1,MA-RH-0031A-05C
1,5213-602BA34,0.0,0.0,
2,5213-602BA34,0.0,0.0,
3,5213-602BA34,0.0,0.0,
4,5213-602BA34,0.0,0.0,
5,5213-602BA34,0.0,0.0,
6,5213-602BA34,1.0,1,MA-RH-0031A-05C
1,5213-602BA36,0.0,0.0,
2,5213-602BA36,0.0,0.0,
3,5213-602BA36,0.0,0.0,
4,5213-602BA36,0.0,0.0,
5,5213-602BA36,0.0,0.0,
6,5213-602BA36,1.0,1,MA-RH-0031A-05C
1,5213-602CA30,0.0,0.0,
2,5213-602CA30,0.0,0.0,
3,5213-602CA30,0.0,0.0,
4,5213-602CA30,0.0,0.0,
5,5213-602CA30,0.0,0.0,
6,5213-602CA30,1.0,1,MA-RH-0031A-05C
1,5213-602CA34,0.0,0.0,
2,5213-602CA34,0.0,0.0,
3,5213-602CA34,0.0,0.0,
4,5213-602CA34,0.0,0.0,
5,5213-602CA34,0.0,0.0,
6,5213-602CA34,1.0,1,MA-RH-0031A-05C
1,5213-602CA36,0.0,0.0,
2,5213-602CA36,0.0,0.0,
3,5213-602CA36,0.0,0.0,
4,5213-602CA36,0.0,0.0,
5,5213-602CA36,0.0,0.0,
6,5213-602CA36,1.0,1,MA-RH-0031A-05C
1,5521-602BB17,0.0,0.0,
2,5521-602BB17,0.0,0.0,
3,5521-602BB17,0.0,0.0,
4,5521-602BB17,0.0,0.0,
5,5521-602BB17,0.0,0.0,
6,5521-602BB17,1.0,1,MA-RH-0031A-05C
1,5521-602BB18,0.0,0.0,
2,5521-602BB18,0.0,0.0,
3,5521-602BB18,0.0,0.0,
4,5521-602BB18,0.0,0.0,
5,5521-602BB18,0.0,0.0,
6,5521-602BB18,1.0,1,MA-RH-0031A-05C
1,5529-602BA34,0.0,0.0,
2,5529-602BA34,0.0,0.0,
3,5529-602BA34,0.0,0.0,
4,5529-602BA34,0.0,0.0,
5,5529-602BA34,0.0,0.0,
6,5529-602BA34,1.0,1,MA-RH-0031A-05C
1,5529-602BA38,0.0,0.0,
2,5529-602BA38,0.0,0.0,
3,5529-602BA38,0.0,0.0,
4,5529-602BA38,0.0,0.0,
5,5529-602BA38,0.0,0.0,
6,5529-602BA38,1.0,1,MA-RH-0031A-05C
1,5530-602BA30,0.0,0.0,
2,5530-602BA30,0.0,0.0,
3,5530-602BA30,0.0,0.0,
4,5530-602BA30,0.0,0.0,
5,5530-602BA30,0.0,0.0,
6,5530-602BA30,1.0,1,MA-RH-0031A-05C
1,5530-602BA34,0.0,0.0,
2,5530-602BA34,0.0,0.0,
3,5530-602BA34,0.0,0.0,
4,5530-602BA34,0.0,0.0,
5,5530-602BA34,0.0,0.0,
6,5530-602BA34,1.0,1,MA-RH-0031A-05C
1,5532-602BA30,0.0,0.0,
2,5532-602BA30,0.0,0.0,
3,5532-602BA30,0.0,0.0,
4,5532-602BA30,0.0,0.0,
5,5532-602BA30,0.0,0.0,
6,5532-602BA30,1.0,1,MA-RH-0031A-05C
1,5533-602BA34,0.0,0.0,
2,5533-602BA34,0.0,0.0,
3,5533-602BA34,0.0,0.0,
4,5533-602BA34,0.0,0.0,
5,5533-602BA34,0.0,0.0,
6,5533-602BA34,1.0,1,MA-RH-0031A-05C
1,5534-602BA38,0.0,0.0,
2,5534-602BA38,0.0,0.0,
3,5534-602BA38,0.0,0.0,
4,5534-602BA38,0.0,0.0,
5,5534-602BA38,0.0,0.0,
6,5534-602BA38,1.0,1,MA-RH-0031A-05C
1,5539-602BA38,0.0,0.0,
2,5539-602BA38,0.0,0.0,
3,5539-602BA38,0.0,0.0,
4,5539-602BA38,0.0,0.0,
5,5539-602BA38,0.0,0.0,
6,5539-602BA38,1.0,1,MA-RH-0031A-05C
1,5610-602BB34,0.0,0.0,
2,5610-602BB34,0.0,0.0,
3,5610-602BB34,0.0,0.0,
4,5610-602BB34,0.0,0.0,
5,5610-602BB34,0.0,0.0,
6,5610-602BB34,1.0,1,MA-RH-0031A-05C
1,5610-602CB34,0.0,0.0,
2,5610-602CB34,0.0,0.0,
3,5610-602CB34,0.0,0.0,
4,5610-602CB34,0.0,0.0,
5,5610-602CB34,0.0,0.0,
6,5610-602CB34,1.0,1,MA-RH-0031A-05C
1,59-602GB16,0.0,0.0,
2,59-602GB16,0.0,0.0,
3,59-602GB16,0.0,0.0,
4,59-602GB16,0.0,0.0,
5,59-602GB16,0.0,0.0,
6,59-602GB16,1.0,1,MA-RH-0031A-05C
1,59-602GB18,0.0,0.0,
2,59-602GB18,0.0,0.0,
3,59-602GB18,0.0,0.0,
4,59-602GB18,0.0,0.0,
5,59-602GB18,0.0,0.0,
6,59-602GB18,1.0,1,MA-RH-0031A-05C
1,59-602GB20,0.0,0.0,
2,59-602GB20,0.0,0.0,
3,59-602GB20,0.0,0.0,
4,59-602GB20,0.0,0.0,
5,59-602GB20,0.0,0.0,
6,59-602GB20,1.0,1,MA-RH-0031A-05C
1,6210-606AA34,0.0,0.0,
2,6210-606AA34,0.0,0.0,
3,6210-606AA34,0.0,0.0,
4,6210-606AA34,0.0,0.0,
5,6210-606AA34,0.0,0.0,
6,6210-606AA34,1.0,1,MA-RH-0031A-05C
1,B336-602BB30,0.0,0.0,
2,B336-602BB30,0.0,0.0,
3,B336-602BB30,0.0,0.0,
4,B336-602BB30,0.0,0.0,
5,B336-602BB30,0.0,0.0,
6,B336-602BB30,1.0,1,MA-RH-0031A-05C
1,B336-602BB33,0.0,0.0,
2,B336-602BB33,0.0,0.0,
3,B336-602BB33,0.0,0.0,
4,B336-602BB33,0.0,0.0,
5,B336-602BB33,0.0,0.0,
6,B336-602BB33,1.0,1,MA-RH-0031A-05C
1,B336-602BB34,0.0,0.0,
2,B336-602BB34,0.0,0.0,
3,B336-602BB34,0.0,0.0,
4,B336-602BB34,0.0,0.0,
5,B336-602BB34,0.0,0.0,
6,B336-602BB34,1.0,1,MA-RH-0031A-05C
1,B336-602BB38,0.0,0.0,
2,B336-602BB38,0.0,0.0,
3,B336-602BB38,0.0,0.0,
4,B336-602BB38,0.0,0.0,
5,B336-602BB38,0.0,0.0,
6,B336-602BB38,1.0,1,MA-RH-0031A-05C
1,C479-602AB34,0.0,0.0,
2,C479-602AB34,0.0,0.0,
3,C479-602AB34,0.0,0.0,
4,C479-602AB34,0.0,0.0,
5,C479-602AB34,0.0,0.0,
6,C479-602AB34,1.0,1,MA-RH-0031A-05C
1,E474-602BB34,0.0,0.0,
2,E474-602BB34,0.0,0.0,
3,E474-602BB34,0.0,0.0,
4,E474-602BB34,0.0,0.0,
5,E474-602BB34,0.0,0.0,
6,E474-602BB34,1.0,1,MA-RH-0031A-05C
1,SPL-1881AB33,0.0,0.0,
2,SPL-1881AB33,0.0,0.0,
3,SPL-1881AB33,0.0,0.0,
4,SPL-1881AB33,0.0,0.0,
5,SPL-1881AB33,0.0,0.0,
6,SPL-1881AB33,1.0,1,MA-RH-0031A-05C
1,SPL-1881AB38,0.0,0.0,
2,SPL-1881AB38,0.0,0.0,
3,SPL-1881AB38,0.0,0.0,
4,SPL-1881AB38,0.0,0.0,
5,SPL-1881AB38,0.0,0.0,
6,SPL-1881AB38,1.0,1,MA-RH-0031A-05C
1,SPL-1881EB33,0.0,0.0,
2,SPL-1881EB33,0.0,0.0,
3,SPL-1881EB33,0.0,0.0,
4,SPL-1881EB33,0.0,0.0,
5,SPL-1881EB33,0.0,0.0,
6,SPL-1881EB33,1.0,1,MA-RH-0031A-05C
1,SPL-1881EB38,0.0,0.0,
2,SPL-1881EB38,0.0,0.0,
3,SPL-1881EB38,0.0,0.0,
4,SPL-1881EB38,0.0,0.0,
5,SPL-1881EB38,0.0,0.0,
6,SPL-1881EB38,1.0,1,MA-RH-0031A-05C
1,352B-602EC30,0.0,0.0,
2,352B-602EC30,0.0,0.0,
3,352B-602EC30,0.0,0.0,
4,352B-602EC30,0.0,0.0,
5,352B-602EC30,0.0,0.0,
6,352B-602EC30,1.0,1,MA-RH-0031A-05D
1,352B-602JC30,0.0,0.0,
2,352B-602JC30,0.0,0.0,
3,352B-602JC30,0.0,0.0,
4,352B-602JC30,0.0,0.0,
5,352B-602JC30,0.0,0.0,
6,352B-602JC30,1.0,1,MA-RH-0031A-05D
1,474-602CC30,0.0,0.0,
2,474-602CC30,0.0,0.0,
3,474-602CC30,0.0,0.0,
4,474-602CC30,0.0,0.0,
5,474-602CC30,0.0,0.0,
6,474-602CC30,1.0,1,MA-RH-0031A-05D
1,474-602CC34,0.0,0.0,
2,474-602CC34,0.0,0.0,
3,474-602CC34,0.0,0.0,
4,474-602CC34,0.0,0.0,
5,474-602CC34,0.0,0.0,
6,474-602CC34,1.0,1,MA-RH-0031A-05D
1,474-602CC36,0.0,0.0,
2,474-602CC36,0.0,0.0,
3,474-602CC36,0.0,0.0,
4,474-602CC36,0.0,0.0,
5,474-602CC36,0.0,0.0,
6,474-602CC36,1.0,1,MA-RH-0031A-05D
1,474-602EB30,0.0,0.0,
2,474-602EB30,0.0,0.0,
3,474-602EB30,0.0,0.0,
4,474-602EB30,0.0,0.0,
5,474-602EB30,0.0,0.0,
6,474-602EB30,1.0,1,MA-RH-0031A-05D
1,485-602EB30,0.0,0.0,
2,485-602EB30,0.0,0.0,
3,485-602EB30,0.0,0.0,
4,485-602EB30,0.0,0.0,
5,485-602EB30,0.0,0.0,
6,485-602EB30,1.0,1,MA-RH-0031A-05D
1,485-602EB34,0.0,0.0,
2,485-602EB34,0.0,0.0,
3,485-602EB34,0.0,0.0,
4,485-602EB34,0.0,0.0,
5,485-602EB34,0.0,0.0,
6,485-602EB34,1.0,1,MA-RH-0031A-05D
1,485-602EB36,0.0,0.0,
2,485-602EB36,0.0,0.0,
3,485-602EB36,0.0,0.0,
4,485-602EB36,0.0,0.0,
5,485-602EB36,0.0,0.0,
6,485-602EB36,1.0,1,MA-RH-0031A-05D
1,5121-602AA42,0.0,0.0,
2,5121-602AA42,0.0,0.0,
3,5121-602AA42,0.0,0.0,
4,5121-602AA42,0.0,0.0,
5,5121-602AA42,0.0,0.0,
6,5121-602AA42,1.0,1,MA-RH-0031A-05D
1,5128-602BB38,0.0,0.0,
2,5128-602BB38,0.0,0.0,
3,5128-602BB38,0.0,0.0,
4,5128-602BB38,0.0,0.0,
5,5128-602BB38,0.0,0.0,
6,5128-602BB38,1.0,1,MA-RH-0031A-05D
1,5128-602CB38,0.0,0.0,
2,5128-602CB38,0.0,0.0,
3,5128-602CB38,0.0,0.0,
4,5128-602CB38,0.0,0.0,
5,5128-602CB38,0.0,0.0,
6,5128-602CB38,1.0,1,MA-RH-0031A-05D
1,5208-602AA34,0.0,0.0,
2,5208-602AA34,0.0,0.0,
3,5208-602AA34,0.0,0.0,
4,5208-602AA34,0.0,0.0,
5,5208-602AA34,0.0,0.0,
6,5208-602AA34,1.0,1,MA-RH-0031A-05D
1,5213-602AA34,0.0,0.0,
2,5213-602AA34,0.0,0.0,
3,5213-602AA34,0.0,0.0,
4,5213-602AA34,0.0,0.0,
5,5213-602AA34,0.0,0.0,
6,5213-602AA34,1.0,1,MA-RH-0031A-05D
1,5213-602AA36,0.0,0.0,
2,5213-602AA36,0.0,0.0,
3,5213-602AA36,0.0,0.0,
4,5213-602AA36,0.0,0.0,
5,5213-602AA36,0.0,0.0,
6,5213-602AA36,1.0,1,MA-RH-0031A-05D
1,5310-602EA33,0.0,0.0,
2,5310-602EA33,0.0,0.0,
3,5310-602EA33,0.0,0.0,
4,5310-602EA33,0.0,0.0,
5,5310-602EA33,0.0,0.0,
6,5310-602EA33,1.0,2,MA-RH-0031A-05D
1,5310-602GA33,0.0,0.0,
2,5310-602GA33,0.0,0.0,
3,5310-602GA33,0.0,0.0,
4,5310-602GA33,0.0,0.0,
5,5310-602GA33,0.0,0.0,
6,5310-602GA33,1.0,2,MA-RH-0031A-05D
1,5310-602HA33,0.0,0.0,
2,5310-602HA33,0.0,0.0,
3,5310-602HA33,0.0,0.0,
4,5310-602HA33,0.0,0.0,
5,5310-602HA33,0.0,0.0,
6,5310-602HA33,1.0,2,MA-RH-0031A-05D
1,5517-602AA30,0.0,0.0,
2,5517-602AA30,0.0,0.0,
3,5517-602AA30,0.0,0.0,
4,5517-602AA30,0.0,0.0,
5,5517-602AA30,0.0,0.0,
6,5517-602AA30,1.0,1,MA-RH-0031A-05D
1,5517-602AB34,0.0,0.0,
2,5517-602AB34,0.0,0.0,
3,5517-602AB34,0.0,0.0,
4,5517-602AB34,0.0,0.0,
5,5517-602AB34,0.0,0.0,
6,5517-602AB34,1.0,1,MA-RH-0031A-05D
1,5517-602BA30,0.0,0.0,
2,5517-602BA30,0.0,0.0,
3,5517-602BA30,0.0,0.0,
4,5517-602BA30,0.0,0.0,
5,5517-602BA30,0.0,0.0,
6,5517-602BA30,1.0,1,MA-RH-0031A-05D
1,5517-602BB34,0.0,0.0,
2,5517-602BB34,0.0,0.0,
3,5517-602BB34,0.0,0.0,
4,5517-602BB34,0.0,0.0,
5,5517-602BB34,0.0,0.0,
6,5517-602BB34,1.0,1,MA-RH-0031A-05D
1,5517-602EA30,0.0,0.0,
2,5517-602EA30,0.0,0.0,
3,5517-602EA30,0.0,0.0,
4,5517-602EA30,0.0,0.0,
5,5517-602EA30,0.0,0.0,
6,5517-602EA30,1.0,1,MA-RH-0031A-05D
1,5517-602EB34,0.0,0.0,
2,5517-602EB34,0.0,0.0,
3,5517-602EB34,0.0,0.0,
4,5517-602EB34,0.0,0.0,
5,5517-602EB34,0.0,0.0,
6,5517-602EB34,1.0,1,MA-RH-0031A-05D
1,5517-602FA30,0.0,0.0,
2,5517-602FA30,0.0,0.0,
3,5517-602FA30,0.0,0.0,
4,5517-602FA30,0.0,0.0,
5,5517-602FA30,0.0,0.0,
6,5517-602FA30,1.0,1,MA-RH-0031A-05D
1,5517-602FB34,0.0,0.0,
2,5517-602FB34,0.0,0.0,
3,5517-602FB34,0.0,0.0,
4,5517-602FB34,0.0,0.0,
5,5517-602FB34,0.0,0.0,
6,5517-602FB34,1.0,1,MA-RH-0031A-05D
1,5517-602GB30,0.0,0.0,
2,5517-602GB30,0.0,0.0,
3,5517-602GB30,0.0,0.0,
4,5517-602GB30,0.0,0.0,
5,5517-602GB30,0.0,0.0,
6,5517-602GB30,1.0,1,MA-RH-0031A-05D
1,5517-602GB34,0.0,0.0,
2,5517-602GB34,0.0,0.0,
3,5517-602GB34,0.0,0.0,
4,5517-602GB34,0.0,0.0,
5,5517-602GB34,0.0,0.0,
6,5517-602GB34,1.0,1,MA-RH-0031A-05D
1,5517-602HB34,0.0,0.0,
2,5517-602HB34,0.0,0.0,
3,5517-602HB34,0.0,0.0,
4,5517-602HB34,0.0,0.0,
5,5517-602HB34,0.0,0.0,
6,5517-602HB34,1.0,1,MA-RH-0031A-05D
1,5532-602AA30,0.0,0.0,
2,5532-602AA30,0.0,0.0,
3,5532-602AA30,0.0,0.0,
4,5532-602AA30,0.0,0.0,
5,5532-602AA30,0.0,0.0,
6,5532-602AA30,1.0,1,MA-RH-0031A-05D
1,5610-602AB34,0.0,0.0,
2,5610-602AB34,0.0,0.0,
3,5610-602AB34,0.0,0.0,
4,5610-602AB34,0.0,0.0,
5,5610-602AB34,0.0,0.0,
6,5610-602AB34,1.0,1,MA-RH-0031A-05D
1,E474-602EC34,0.0,0.0,
2,E474-602EC34,0.0,0.0,
3,E474-602EC34,0.0,0.0,
4,E474-602EC34,0.0,0.0,
5,E474-602EC34,0.0,0.0,
6,E474-602EC34,1.0,1,MA-RH-0031A-05D
1,352B-602EC33,0.0,0.0,
2,352B-602EC33,0.0,0.0,
3,352B-602EC33,0.0,0.0,
4,352B-602EC33,0.0,0.0,
5,352B-602EC33,0.0,0.0,
6,352B-602EC33,1.0,1,MA-RH-0031A-05E
1,352B-602EC34,0.0,0.0,
2,352B-602EC34,0.0,0.0,
3,352B-602EC34,0.0,0.0,
4,352B-602EC34,0.0,0.0,
5,352B-602EC34,0.0,0.0,
6,352B-602EC34,1.0,1,MA-RH-0031A-05E
1,352B-602EC38,0.0,0.0,
2,352B-602EC38,0.0,0.0,
3,352B-602EC38,0.0,0.0,
4,352B-602EC38,0.0,0.0,
5,352B-602EC38,0.0,0.0,
6,352B-602EC38,1.0,1,MA-RH-0031A-05E
1,474-602CC33,0.0,0.0,
2,474-602CC33,0.0,0.0,
3,474-602CC33,0.0,0.0,
4,474-602CC33,0.0,0.0,
5,474-602CC33,0.0,0.0,
6,474-602CC33,1.0,1,MA-RH-0031A-05E
1,474-602CC38,0.0,0.0,
2,474-602CC38,0.0,0.0,
3,474-602CC38,0.0,0.0,
4,474-602CC38,0.0,0.0,
5,474-602CC38,0.0,0.0,
6,474-602CC38,1.0,1,MA-RH-0031A-05E
1,474-602EB38,0.0,0.0,
2,474-602EB38,0.0,0.0,
3,474-602EB38,0.0,0.0,
4,474-602EB38,0.0,0.0,
5,474-602EB38,0.0,0.0,
6,474-602EB38,1.0,1,MA-RH-0031A-05E
1,5529-602AA34,0.0,0.0,
2,5529-602AA34,0.0,0.0,
3,5529-602AA34,0.0,0.0,
4,5529-602AA34,0.0,0.0,
5,5529-602AA34,0.0,0.0,
6,5529-602AA34,1.0,1,MA-RH-0031A-05E
1,5529-602AB38,0.0,0.0,
2,5529-602AB38,0.0,0.0,
3,5529-602AB38,0.0,0.0,
4,5529-602AB38,0.0,0.0,
5,5529-602AB38,0.0,0.0,
6,5529-602AB38,1.0,1,MA-RH-0031A-05E
1,B336-602EC30,0.0,0.0,
2,B336-602EC30,0.0,0.0,
3,B336-602EC30,0.0,0.0,
4,B336-602EC30,0.0,0.0,
5,B336-602EC30,0.0,0.0,
6,B336-602EC30,1.0,1,MA-RH-0031A-05E
1,B336-602EC33,0.0,0.0,
2,B336-602EC33,0.0,0.0,
3,B336-602EC33,0.0,0.0,
4,B336-602EC33,0.0,0.0,
5,B336-602EC33,0.0,0.0,
6,B336-602EC33,1.0,1,MA-RH-0031A-05E
1,5121-602AA40,0.0,0.0,
2,5121-602AA40,0.0,0.0,
3,5121-602AA40,0.0,0.0,
4,5121-602AA40,0.0,0.0,
5,5121-602AA40,0.0,0.0,
6,5121-602AA40,1.0,1,MA-RH-0031A-05F
1,5121-602AA44,0.0,0.0,
2,5121-602AA44,0.0,0.0,
3,5121-602AA44,0.0,0.0,
4,5121-602AA44,0.0,0.0,
5,5121-602AA44,0.0,0.0,
6,5121-602AA44,1.0,1,MA-RH-0031A-05F
1,5121-602AB36,0.0,0.0,
2,5121-602AB36,0.0,0.0,
3,5121-602AB36,0.0,0.0,
4,5121-602AB36,0.0,0.0,
5,5121-602AB36,0.0,0.0,
6,5121-602AB36,1.0,1,MA-RH-0031A-05F
1,5121-602AB38,0.0,0.0,
2,5121-602AB38,0.0,0.0,
3,5121-602AB38,0.0,0.0,
4,5121-602AB38,0.0,0.0,
5,5121-602AB38,0.0,0.0,
6,5121-602AB38,1.0,1,MA-RH-0031A-05F
1,5521-602AC18,0.0,0.0,
2,5521-602AC18,0.0,0.0,
3,5521-602AC18,0.0,0.0,
4,5521-602AC18,0.0,0.0,
5,5521-602AC18,0.0,0.0,
6,5521-602AC18,1.0,1,MA-RH-0031A-05F
1,5533-602AA34,0.0,0.0,
2,5533-602AA34,0.0,0.0,
3,5533-602AA34,0.0,0.0,
4,5533-602AA34,0.0,0.0,
5,5533-602AA34,0.0,0.0,
6,5533-602AA34,1.0,1,MA-RH-0031A-05F
1,B336-602EC34,0.0,0.0,
2,B336-602EC34,0.0,0.0,
3,B336-602EC34,0.0,0.0,
4,B336-602EC34,0.0,0.0,
5,B336-602EC34,0.0,0.0,
6,B336-602EC34,1.0,1,MA-RH-0031A-05F
1,B336-602EC38,0.0,0.0,
2,B336-602EC38,0.0,0.0,
3,B336-602EC38,0.0,0.0,
4,B336-602EC38,0.0,0.0,
5,B336-602EC38,0.0,0.0,
6,B336-602EC38,1.0,1,MA-RH-0031A-05F
1,6104-602AA30,0.0,0.0,
2,6104-602AA30,0.0,0.0,
3,6104-602AA30,0.0,0.0,
4,6104-602AA30,0.0,0.0,
5,6104-602AA30,0.0,0.0,
6,6104-602AA30,1.0,1,MA-RH-0031K-06G
1,6104-602AA34,0.0,0.0,
2,6104-602AA34,0.0,0.0,
3,6104-602AA34,0.0,0.0,
4,6104-602AA34,0.0,0.0,
5,6104-602AA34,0.0,0.0,
6,6104-602AA34,1.0,1,MA-RH-0031K-06G
1,6104-602DA34,0.0,0.0,
2,6104-602DA34,0.0,0.0,
3,6104-602DA34,0.0,0.0,
4,6104-602DA34,0.0,0.0,
5,6104-602DA34,0.0,0.0,
6,6104-602DA34,1.0,1,MA-RH-0031A-05H
1,6105-602AA36,0.0,0.0,
2,6105-602AA36,0.0,0.0,
3,6105-602AA36,0.0,0.0,
4,6105-602AA36,0.0,0.0,
5,6105-602AA36,0.0,0.0,
6,6105-602AA36,1.0,1,MA-RH-0031K-06G
1,6105-602AB38,0.0,0.0,
2,6105-602AB38,0.0,0.0,
3,6105-602AB38,0.0,0.0,
4,6105-602AB38,0.0,0.0,
5,6105-602AB38,0.0,0.0,
6,6105-602AB38,1.0,1,MA-RH-0031K-06TA
1,6105-602AB42,0.0,0.0,
2,6105-602AB42,0.0,0.0,
3,6105-602AB42,0.0,0.0,
4,6105-602AB42,0.0,0.0,
5,6105-602AB42,0.0,0.0,
6,6105-602AB42,1.0,1,MA-RH-0031A-05H
1,6105-602DA36,0.0,0.0,
2,6105-602DA36,0.0,0.0,
3,6105-602DA36,0.0,0.0,
4,6105-602DA36,0.0,0.0,
5,6105-602DA36,0.0,0.0,
6,6105-602DA36,1.0,1,MA-RH-0031A-05H
1,6105-602DB38,0.0,0.0,
2,6105-602DB38,0.0,0.0,
3,6105-602DB38,0.0,0.0,
4,6105-602DB38,0.0,0.0,
5,6105-602DB38,0.0,0.0,
6,6105-602DB38,1.0,1,MA-RH-0031A-05H
1,6105-602EA36,0.0,0.0,
2,6105-602EA36,0.0,0.0,
3,6105-602EA36,0.0,0.0,
4,6105-602EA36,0.0,0.0,
5,6105-602EA36,0.0,0.0,
6,6105-602EA36,1.0,1,MA-RH-0031K-06G
1,6105-602EB38,0.0,0.0,
2,6105-602EB38,0.0,0.0,
3,6105-602EB38,0.0,0.0,
4,6105-602EB38,0.0,0.0,
5,6105-602EB38,0.0,0.0,
6,6105-602EB38,1.0,1,MA-RH-0031K-06G
1,6105-602EB42,0.0,0.0,
2,6105-602EB42,0.0,0.0,
3,6105-602EB42,0.0,0.0,
4,6105-602EB42,0.0,0.0,
5,6105-602EB42,0.0,0.0,
6,6105-602EB42,1.0,1,MA-RH-0031A-05H
1,6207-602AD34,0.0,0.0,
2,6207-602AD34,0.0,0.0,
3,6207-602AD34,0.0,0.0,
4,6207-602AD34,0.0,0.0,
5,6207-602AD34,0.0,0.0,
6,6207-602AD34,1.0,1,MA-RH-0031A-05H
1,6207-602BC34,0.0,0.0,
2,6207-602BC34,0.0,0.0,
3,6207-602BC34,0.0,0.0,
4,6207-602BC34,0.0,0.0,
5,6207-602BC34,0.0,0.0,
6,6207-602BC34,1.0,1,MA-RH-0031A-05H
1,6207-602DC34,0.0,0.0,
2,6207-602DC34,0.0,0.0,
3,6207-602DC34,0.0,0.0,
4,6207-602DC34,0.0,0.0,
5,6207-602DC34,0.0,0.0,
6,6207-602DC34,1.0,1,MA-RH-0031A-05H
1,6207-602KB34,0.0,0.0,
2,6207-602KB34,0.0,0.0,
3,6207-602KB34,0.0,0.0,
4,6207-602KB34,0.0,0.0,
5,6207-602KB34,0.0,0.0,
6,6207-602KB34,1.0,1,MA-RH-0031A-05H
1,6210-602AC34,0.0,0.0,
2,6210-602AC34,0.0,0.0,
3,6210-602AC34,0.0,0.0,
4,6210-602AC34,0.0,0.0,
5,6210-602AC34,0.0,0.0,
6,6210-602AC34,1.0,1,MA-RH-0031K-06G
1,6210-602BC34,0.0,0.0,
2,6210-602BC34,0.0,0.0,
3,6210-602BC34,0.0,0.0,
4,6210-602BC34,0.0,0.0,
5,6210-602BC34,0.0,0.0,
6,6210-602BC34,1.0,1,MA-RH-0031K-06G
1,6210-602CB34,0.0,0.0,
2,6210-602CB34,0.0,0.0,
3,6210-602CB34,0.0,0.0,
4,6210-602CB34,0.0,0.0,
5,6210-602CB34,0.0,0.0,
6,6210-602CB34,1.0,1,MA-RH-0031K-06G
1,6210-602FB34,0.0,0.0,
2,6210-602FB34,0.0,0.0,
3,6210-602FB34,0.0,0.0,
4,6210-602FB34,0.0,0.0,
5,6210-602FB34,0.0,0.0,
6,6210-602FB34,1.0,1,MA-RH-0031A-05H
1,6210-602GA34,0.0,0.0,
2,6210-602GA34,0.0,0.0,
3,6210-602GA34,0.0,0.0,
4,6210-602GA34,0.0,0.0,
5,6210-602GA34,0.0,0.0,
6,6210-602GA34,1.0,1,MA-RH-0031A-05H
1,6210-602HB34,0.0,0.0,
2,6210-602HB34,0.0,0.0,
3,6210-602HB34,0.0,0.0,
4,6210-602HB34,0.0,0.0,
5,6210-602HB34,0.0,0.0,
6,6210-602HB34,1.0,1,MA-RH-0031A-05H
1,6210-602JB34,0.0,0.0,
2,6210-602JB34,0.0,0.0,
3,6210-602JB34,0.0,0.0,
4,6210-602JB34,0.0,0.0,
5,6210-602JB34,0.0,0.0,
6,6210-602JB34,1.0,1,MA-RH-0031A-05H
1,5121-602AB30,0.0,0.0,
2,5121-602AB30,0.0,0.0,
3,5121-602AB30,0.0,0.0,
4,5121-602AB30,0.0,0.0,
5,5121-602AB30,0.0,0.0,
6,5121-602AB30,1.0,1,MA-RH-0031A-06E
1,5121-602EB30,0.0,0.0,
2,5121-602EB30,0.0,0.0,
3,5121-602EB30,0.0,0.0,
4,5121-602EB30,0.0,0.0,
5,5121-602EB30,0.0,0.0,
6,5121-602EB30,1.0,1,MA-RH-0031A-06E
1,5165-602AA30,0.0,0.0,
2,5165-602AA30,0.0,0.0,
3,5165-602AA30,0.0,0.0,
4,5165-602AA30,0.0,0.0,
5,5165-602AA30,0.0,0.0,
6,5165-602AA30,1.0,1,MA-RH-0031A-06E
1,5521-602AC17,0.0,0.0,
2,5521-602AC17,0.0,0.0,
3,5521-602AC17,0.0,0.0,
4,5521-602AC17,0.0,0.0,
5,5521-602AC17,0.0,0.0,
6,5521-602AC17,1.0,1,MA-RH-0031A-06E
1,201-602AA13,0.0,0.0,
2,201-602AA13,0.0,0.0,
3,201-602AA13,0.0,0.0,
4,201-602AA13,0.0,0.0,
5,201-602AA13,0.0,0.0,
6,201-602AA13,1.0,1,MA-RH-0031A-07E
1,201-602BA13,0.0,0.0,
2,201-602BA13,0.0,0.0,
3,201-602BA13,0.0,0.0,
4,201-602BA13,0.0,0.0,
5,201-602BA13,0.0,0.0,
6,201-602BA13,1.0,1,MA-RH-0031A-07E
1,201-602CA13,0.0,0.0,
2,201-602CA13,0.0,0.0,
3,201-602CA13,0.0,0.0,
4,201-602CA13,0.0,0.0,
5,201-602CA13,0.0,0.0,
6,201-602CA13,1.0,1,MA-RH-0031A-07E
1,201-602DA13,0.0,0.0,
2,201-602DA13,0.0,0.0,
3,201-602DA13,0.0,0.0,
4,201-602DA13,0.0,0.0,
5,201-602DA13,0.0,0.0,
6,201-602DA13,1.0,1,MA-RH-0031A-07E
1,201-602EA13,0.0,0.0,
2,201-602EA13,0.0,0.0,
3,201-602EA13,0.0,0.0,
4,201-602EA13,0.0,0.0,
5,201-602EA13,0.0,0.0,
6,201-602EA13,1.0,1,MA-RH-0031A-07E
1,201-602FA13,0.0,0.0,
2,201-602FA13,0.0,0.0,
3,201-602FA13,0.0,0.0,
4,201-602FA13,0.0,0.0,
5,201-602FA13,0.0,0.0,
6,201-602FA13,1.0,1,MA-RH-0031A-07E
1,5143-602AA20,0.0,0.0,
2,5143-602AA20,0.0,0.0,
3,5143-602AA20,0.0,0.0,
4,5143-602AA20,0.0,0.0,
5,5143-602AA20,0.0,0.0,
6,5143-602AA20,1.0,1,MA-RH-0031A-07E
1,5143-602AA24,0.0,0.0,
2,5143-602AA24,0.0,0.0,
3,5143-602AA24,0.0,0.0,
4,5143-602AA24,0.0,0.0,
5,5143-602AA24,0.0,0.0,
6,5143-602AA24,1.0,1,MA-RH-0031A-07E
1,5143-602BA20,0.0,0.0,
2,5143-602BA20,0.0,0.0,
3,5143-602BA20,0.0,0.0,
4,5143-602BA20,0.0,0.0,
5,5143-602BA20,0.0,0.0,
6,5143-602BA20,1.0,1,MA-RH-0031A-07E
1,5143-602BA24,0.0,0.0,
2,5143-602BA24,0.0,0.0,
3,5143-602BA24,0.0,0.0,
4,5143-602BA24,0.0,0.0,
5,5143-602BA24,0.0,0.0,
6,5143-602BA24,1.0,1,MA-RH-0031A-07E
1,5145-602AA13,0.0,0.0,
2,5145-602AA13,0.0,0.0,
3,5145-602AA13,0.0,0.0,
4,5145-602AA13,0.0,0.0,
5,5145-602AA13,0.0,0.0,
6,5145-602AA13,1.0,1,MA-RH-0031A-07E
1,5145-602AA14,0.0,0.0,
2,5145-602AA14,0.0,0.0,
3,5145-602AA14,0.0,0.0,
4,5145-602AA14,0.0,0.0,
5,5145-602AA14,0.0,0.0,
6,5145-602AA14,1.0,1,MA-RH-0031A-07E
1,5145-602AA15,0.0,0.0,
2,5145-602AA15,0.0,0.0,
3,5145-602AA15,0.0,0.0,
4,5145-602AA15,0.0,0.0,
5,5145-602AA15,0.0,0.0,
6,5145-602AA15,1.0,1,MA-RH-0031A-07E
1,5145-602AA16,0.0,0.0,
2,5145-602AA16,0.0,0.0,
3,5145-602AA16,0.0,0.0,
4,5145-602AA16,0.0,0.0,
5,5145-602AA16,0.0,0.0,
6,5145-602AA16,1.0,1,MA-RH-0031A-07E
1,5145-602AA17,0.0,0.0,
2,5145-602AA17,0.0,0.0,
3,5145-602AA17,0.0,0.0,
4,5145-602AA17,0.0,0.0,
5,5145-602AA17,0.0,0.0,
6,5145-602AA17,1.0,1,MA-RH-0031A-07E
1,5145-602AA18,0.0,0.0,
2,5145-602AA18,0.0,0.0,
3,5145-602AA18,0.0,0.0,
4,5145-602AA18,0.0,0.0,
5,5145-602AA18,0.0,0.0,
6,5145-602AA18,1.0,1,MA-RH-0031A-07E
1,5145-602AA19,0.0,0.0,
2,5145-602AA19,0.0,0.0,
3,5145-602AA19,0.0,0.0,
4,5145-602AA19,0.0,0.0,
5,5145-602AA19,0.0,0.0,
6,5145-602AA19,1.0,1,MA-RH-0031A-07E
1,5145-602AA20,0.0,0.0,
2,5145-602AA20,0.0,0.0,
3,5145-602AA20,0.0,0.0,
4,5145-602AA20,0.0,0.0,
5,5145-602AA20,0.0,0.0,
6,5145-602AA20,1.0,1,MA-RH-0031A-07E
1,5145-602EA19,0.0,0.0,
2,5145-602EA19,0.0,0.0,
3,5145-602EA19,0.0,0.0,
4,5145-602EA19,0.0,0.0,
5,5145-602EA19,0.0,0.0,
6,5145-602EA19,1.0,1,MA-RH-0031A-07E
1,5147-602AA26,0.0,0.0,
2,5147-602AA26,0.0,0.0,
3,5147-602AA26,0.0,0.0,
4,5147-602AA26,0.0,0.0,
5,5147-602AA26,0.0,0.0,
6,5147-602AA26,1.0,1,MA-RH-0031A-07E
1,59-602DA13,0.0,0.0,
2,59-602DA13,0.0,0.0,
3,59-602DA13,0.0,0.0,
4,59-602DA13,0.0,0.0,
5,59-602DA13,0.0,0.0,
6,59-602DA13,1.0,1,MA-RH-0031A-07E
1,59-602DA15,0.0,0.0,
2,59-602DA15,0.0,0.0,
3,59-602DA15,0.0,0.0,
4,59-602DA15,0.0,0.0,
5,59-602DA15,0.0,0.0,
6,59-602DA15,1.0,1,MA-RH-0031A-07E
1,59-602DA17,0.0,0.0,
2,59-602DA17,0.0,0.0,
3,59-602DA17,0.0,0.0,
4,59-602DA17,0.0,0.0,
5,59-602DA17,0.0,0.0,
6,59-602DA17,1.0,1,MA-RH-0031A-07E
1,59-602DA19,0.0,0.0,
2,59-602DA19,0.0,0.0,
3,59-602DA19,0.0,0.0,
4,59-602DA19,0.0,0.0,
5,59-602DA19,0.0,0.0,
6,59-602DA19,1.0,1,MA-RH-0031A-07E
1,59-602GA13,0.0,0.0,
2,59-602GA13,0.0,0.0,
3,59-602GA13,0.0,0.0,
4,59-602GA13,0.0,0.0,
5,59-602GA13,0.0,0.0,
6,59-602GA13,1.0,1,MA-RH-0031A-07E
1,59-602GB15,0.0,0.0,
2,59-602GB15,0.0,0.0,
3,59-602GB15,0.0,0.0,
4,59-602GB15,0.0,0.0,
5,59-602GB15,0.0,0.0,
6,59-602GB15,1.0,1,MA-RH-0031A-07E
1,59-602GB17,0.0,0.0,
2,59-602GB17,0.0,0.0,
3,59-602GB17,0.0,0.0,
4,59-602GB17,0.0,0.0,
5,59-602GB17,0.0,0.0,
6,59-602GB17,1.0,1,MA-RH-0031A-07E
1,59-602GB19,0.0,0.0,
2,59-602GB19,0.0,0.0,
3,59-602GB19,0.0,0.0,
4,59-602GB19,0.0,0.0,
5,59-602GB19,0.0,0.0,
6,59-602GB19,1.0,1,MA-RH-0031A-07E
1,478-602AC30,0.0,0.0,
2,478-602AC30,0.0,0.0,
3,478-602AC30,0.0,0.0,
4,478-602AC30,0.0,0.0,
5,478-602AC30,0.0,0.0,
6,478-602AC30,1.0,1,MA-RH-0031K-06A
1,478-602AC33,0.0,0.0,
2,478-602AC33,0.0,0.0,
3,478-602AC33,0.0,0.0,
4,478-602AC33,0.0,0.0,
5,478-602AC33,0.0,0.0,
6,478-602AC33,1.0,1,MA-RH-0031K-06A
1,478-602AC34,0.0,0.0,
2,478-602AC34,0.0,0.0,
3,478-602AC34,0.0,0.0,
4,478-602AC34,0.0,0.0,
5,478-602AC34,0.0,0.0,
6,478-602AC34,1.0,1,MA-RH-0031A-05C
1,478-602AC36,0.0,0.0,
2,478-602AC36,0.0,0.0,
3,478-602AC36,0.0,0.0,
4,478-602AC36,0.0,0.0,
5,478-602AC36,0.0,0.0,
6,478-602AC36,1.0,1,MA-RH-0031K-06A
1,478-602AC38,0.0,0.0,
2,478-602AC38,0.0,0.0,
3,478-602AC38,0.0,0.0,
4,478-602AC38,0.0,0.0,
5,478-602AC38,0.0,0.0,
6,478-602AC38,1.0,1,MA-RH-0031K-06A
1,5121-602AA48,0.0,0.0,
2,5121-602AA48,0.0,0.0,
3,5121-602AA48,0.0,0.0,
4,5121-602AA48,0.0,0.0,
5,5121-602AA48,0.0,0.0,
6,5121-602AA48,1.0,1,MA-RH-0031K-06A
1,5142-602AA34,0.0,0.0,
2,5142-602AA34,0.0,0.0,
3,5142-602AA34,0.0,0.0,
4,5142-602AA34,0.0,0.0,
5,5142-602AA34,0.0,0.0,
6,5142-602AA34,1.0,1,MA-RH-0031K-06A
1,5154-602AA30,0.0,0.0,
2,5154-602AA30,0.0,0.0,
3,5154-602AA30,0.0,0.0,
4,5154-602AA30,0.0,0.0,
5,5154-602AA30,0.0,0.0,
6,5154-602AA30,1.0,1,MA-RH-0031K-06B
1,5154-602AA32,0.0,0.0,
2,5154-602AA32,0.0,0.0,
3,5154-602AA32,0.0,0.0,
4,5154-602AA32,0.0,0.0,
5,5154-602AA32,0.0,0.0,
6,5154-602AA32,1.0,1,MA-RH-0031K-06B
1,5154-602AA34,0.0,0.0,
2,5154-602AA34,0.0,0.0,
3,5154-602AA34,0.0,0.0,
4,5154-602AA34,0.0,0.0,
5,5154-602AA34,0.0,0.0,
6,5154-602AA34,1.0,1,MA-RH-0031K-06B
1,5154-602AA36,0.0,0.0,
2,5154-602AA36,0.0,0.0,
3,5154-602AA36,0.0,0.0,
4,5154-602AA36,0.0,0.0,
5,5154-602AA36,0.0,0.0,
6,5154-602AA36,1.0,1,MA-RH-0031K-06B
1,5154-602EA30,0.0,0.0,
2,5154-602EA30,0.0,0.0,
3,5154-602EA30,0.0,0.0,
4,5154-602EA30,0.0,0.0,
5,5154-602EA30,0.0,0.0,
6,5154-602EA30,1.0,1,MA-RH-0031K-06B
1,5154-602EA34,0.0,0.0,
2,5154-602EA34,0.0,0.0,
3,5154-602EA34,0.0,0.0,
4,5154-602EA34,0.0,0.0,
5,5154-602EA34,0.0,0.0,
6,5154-602EA34,1.0,1,MA-RH-0031K-06B
1,5156-601AB5.5,0.0,0.0,
2,5156-601AB5.5,0.0,0.0,
3,5156-601AB5.5,0.0,0.0,
4,5156-601AB5.5,0.0,0.0,
5,5156-601AB5.5,0.0,0.0,
6,5156-601AB5.5,1.0,1,MA-RH-0142A-601AA5.5
1,5156-602AA07,0.0,0.0,
2,5156-602AA07,0.0,0.0,
3,5156-602AA07,0.0,0.0,
4,5156-602AA07,0.0,0.0,
5,5156-602AA07,0.0,0.0,
6,5156-602AA07,1.0,1,MA-RH-0142A-602AA07
1,5156-602EA07,0.0,0.0,
2,5156-602EA07,0.0,0.0,
3,5156-602EA07,0.0,0.0,
4,5156-602EA07,0.0,0.0,
5,5156-602EA07,0.0,0.0,
6,5156-602EA07,1.0,1,MA-RH-0142A-602AA07
1,5156-602AA5.5,0.0,0.0,
2,5156-602AA5.5,0.0,0.0,
3,5156-602AA5.5,0.0,0.0,
4,5156-602AA5.5,0.0,0.0,
5,5156-602AA5.5,0.0,0.0,
6,5156-602AA5.5,1.0,1,MA-RH-0142A-602AA5.5
1,3139-601EA26,0.0,0.0,
2,3139-601EA26,0.0,0.0,
3,3139-601EA26,0.0,0.0,
4,3139-601EA26,0.0,0.0,
5,3139-601EA26,0.0,0.0,
6,3139-601EA26,15.0,1,MA-RV-0173
1,3139-601EA28,0.0,0.0,
2,3139-601EA28,0.0,0.0,
3,3139-601EA28,0.0,0.0,
4,3139-601EA28,0.0,0.0,
5,3139-601EA28,0.0,0.0,
6,3139-601EA28,16.0,1,MA-RV-0173
1,3139-601EA32,0.0,0.0,
2,3139-601EA32,0.0,0.0,
3,3139-601EA32,0.0,0.0,
4,3139-601EA32,0.0,0.0,
5,3139-601EA32,0.0,0.0,
6,3139-601EA32,19.0,1,MA-RV-0173
1,3139-601EA36,0.0,0.0,
2,3139-601EA36,0.0,0.0,
3,3139-601EA36,0.0,0.0,
4,3139-601EA36,0.0,0.0,
5,3139-601EA36,0.0,0.0,
6,3139-601EA36,21.0,1,MA-RV-0173
1,3139-601EA38,0.0,0.0,
2,3139-601EA38,0.0,0.0,
3,3139-601EA38,0.0,0.0,
4,3139-601EA38,0.0,0.0,
5,3139-601EA38,0.0,0.0,
6,3139-601EA38,21.0,1,MA-RV-0173
1,3139-601EA40,0.0,0.0,
2,3139-601EA40,0.0,0.0,
3,3139-601EA40,0.0,0.0,
4,3139-601EA40,0.0,0.0,
5,3139-601EA40,0.0,0.0,
6,3139-601EA40,23.0,1,MA-RV-0173
1,161-404ABC,0.0,0.0,
2,161-404ABC,0.0,0.0,
3,161-404ABC,0.0,0.0,
4,161-404ABC,0.0,0.0,
5,161-404ABC,0.0,0.0,
6,161-404ABC,1.0,1,MA-161-404ABC
1,161-404ACC,0.0,0.0,
2,161-404ACC,0.0,0.0,
3,161-404ACC,0.0,0.0,
4,161-404ACC,0.0,0.0,
5,161-404ACC,0.0,0.0,
6,161-404ACC,1.0,1,MA-161-404ACC
1,3145-502BA32,0.0,0.0,
2,3145-502BA32,0.0,0.0,
3,3145-502BA32,0.0,0.0,
4,3145-502BA32,0.0,0.0,
5,3145-502BA32,1.0,1.0,MA-600-502AA32
6,3145-502BA32,1.0,1,L1-3153-502AC32
1,5154-501AA32,0.0,0.0,
2,5154-501AA32,0.0,0.0,
3,5154-501AA32,0.0,0.0,
4,5154-501AA32,1.0,1.0,MA-161-501QA32
5,5154-501AA32,1.0,1.0,L1-161-501QA32
6,5154-501AA32,1.0,1,LA-161-501QA32-DF
1,5521-602AC20,0.0,0.0,
2,5521-602AC20,0.0,0.0,
3,5521-602AC20,0.0,0.0,
4,5521-602AC20,0.0,0.0,
5,5521-602AC20,0.0,0.0,
6,5521-602AC20,1.0,1,MA-RH-0031A-05C
1,5521-602BB20,0.0,0.0,
2,5521-602BB20,0.0,0.0,
3,5521-602BB20,0.0,0.0,
4,5521-602BB20,0.0,0.0,
5,5521-602BB20,0.0,0.0,
6,5521-602BB20,1.0,1,MA-RH-0031A-05C
1,5165-641AA42,0.0,0.0,
2,5165-641AA42,0.0,0.0,
3,5165-641AA42,0.0,0.0,
4,5165-641AA42,0.0,0.0,
5,5165-641AA42,1.0,1.0,MA-485-641BA42-DRUM
6,5165-641AA42,1.0,4,L1-485-641BA42-DRUM
1,3154-652AA18,0.0,0.0,
2,3154-652AA18,0.0,0.0,
3,3154-652AA18,0.0,0.0,
4,3154-652AA18,1.0,1.0,MA-720-65218-DRUM
5,3154-652AA18,1.0,4.0,L1-720-65218-DRUM
6,3154-652AA18,1.0,1,L2-3151-652AB18
1,3154-652AA19,0.0,0.0,
2,3154-652AA19,0.0,0.0,
3,3154-652AA19,0.0,0.0,
4,3154-652AA19,0.0,0.0,
5,3154-652AA19,1.0,1.0,MA-720-65219-DRUM
6,3154-652AA19,1.0,4,L1-720-65219-DRUM
1,3154-652AA20,0.0,0.0,
2,3154-652AA20,0.0,0.0,
3,3154-652AA20,0.0,0.0,
4,3154-652AA20,0.0,0.0,
5,3154-652AA20,1.0,1.0,MA-720-65220-DRUM
6,3154-652AA20,1.0,4,L1-720-65220-DRUM
1,3153-608AA38,0.0,0.0,
2,3153-608AA38,0.0,0.0,
3,3153-608AA38,0.0,0.0,
4,3153-608AA38,0.0,0.0,
5,3153-608AA38,1.0,4.0,MA-603-608AA38-DRUM
6,3153-608AA38,1.0,1,L1-603-608AA38
1,5128-602EB30,0.0,0.0,
2,5128-602EB30,0.0,0.0,
3,5128-602EB30,0.0,0.0,
4,5128-602EB30,0.0,0.0,
5,5128-602EB30,0.0,0.0,
6,5128-602EB30,1.0,1,MA-RH-0031A-05C
1,603-60838,0.0,0.0,
2,603-60838,0.0,0.0,
3,603-60838,0.0,0.0,
4,603-60838,0.0,0.0,
5,603-60838,1.0,4.0,MA-603-608AA38-DRUM
6,603-60838,1.0,1,L1-603-608AA38
1,3139-608AA40,0.0,0.0,
2,3139-608AA40,0.0,0.0,
3,3139-608AA40,0.0,0.0,
4,3139-608AA40,0.0,0.0,
5,3139-608AA40,1.0,3.0,MA-973-608AA40-DRUM
6,3139-608AA40,1.0,1,L1-631-60840
1,3153-608AA42,0.0,0.0,
2,3153-608AA42,0.0,0.0,
3,3153-608AA42,0.0,0.0,
4,3153-608AA42,0.0,0.0,
5,3153-608AA42,1.0,4.0,MA-603-608AA42-DRUM
6,3153-608AA42,1.0,1,L1-603-608AA42
1,3237-502AA34,0.0,0.0,
2,3237-502AA34,0.0,0.0,
3,3237-502AA34,0.0,0.0,
4,3237-502AA34,1.0,1.0,MA-600-502AA34
5,3237-502AA34,1.0,1.0,L1-4109-502AA34
6,3237-502AA34,1.0,1,PL-3237-502AA34
1,3238-502AA30,0.0,0.0,
2,3238-502AA30,0.0,0.0,
3,3238-502AA30,0.0,0.0,
4,3238-502AA30,1.0,1.0,MA-4109-502AA30
5,3238-502AA30,1.0,1.0,L1-4109-502AA30
6,3238-502AA30,1.0,1,PL-3238-502AA30
1,3238-502AA34,0.0,0.0,
2,3238-502AA34,0.0,0.0,
3,3238-502AA34,0.0,0.0,
4,3238-502AA34,1.0,1.0,MA-600-502AA34
5,3238-502AA34,1.0,1.0,L1-4109-502AA34
6,3238-502AA34,1.0,1,PL-3238-502AA34
1,4207-502AA30,0.0,0.0,
2,4207-502AA30,0.0,0.0,
3,4207-502AA30,0.0,0.0,
4,4207-502AA30,1.0,1.0,MA-4109-502AA30
5,4207-502AA30,1.0,1.0,L1-4109-502AA30
6,4207-502AA30,1.0,1,PL-4207-502AA30
1,4207-502AA34,0.0,0.0,
2,4207-502AA34,0.0,0.0,
3,4207-502AA34,0.0,0.0,
4,4207-502AA34,1.0,1.0,MA-600-502AA34
5,4207-502AA34,1.0,1.0,L1-4109-502AA34
6,4207-502AA34,1.0,1,PL-4207-502AA34
1,5154-502AA30,0.0,0.0,
2,5154-502AA30,0.0,0.0,
3,5154-502AA30,0.0,0.0,
4,5154-502AA30,1.0,1.0,MA-474-502AA30
5,5154-502AA30,1.0,1.0,L1-474-502AA30
6,5154-502AA30,1.0,1,PL-5154-502AA30
1,5154-502AA32,0.0,0.0,
2,5154-502AA32,0.0,0.0,
3,5154-502AA32,0.0,0.0,
4,5154-502AA32,1.0,1.0,MA-474-502AA34
5,5154-502AA32,1.0,1.0,L1-474-502AA34
6,5154-502AA32,1.0,1,PL-5154-502AA32
1,5154-502AA34,0.0,0.0,
2,5154-502AA34,0.0,0.0,
3,5154-502AA34,0.0,0.0,
4,5154-502AA34,1.0,1.0,MA-474-502AA34
5,5154-502AA34,1.0,1.0,L1-474-502AA34
6,5154-502AA34,1.0,1,PL-5154-502AA34
1,5154-502AA36,0.0,0.0,
2,5154-502AA36,0.0,0.0,
3,5154-502AA36,0.0,0.0,
4,5154-502AA36,1.0,1.0,MA-474-502AA34
5,5154-502AA36,1.0,1.0,L1-474-502AA34
6,5154-502AA36,1.3,1,PL-5154-502AA36
1,5154-502EA30,0.0,0.0,
2,5154-502EA30,0.0,0.0,
3,5154-502EA30,0.0,0.0,
4,5154-502EA30,1.0,1.0,MA-474-502AA30
5,5154-502EA30,1.0,1.0,L1-474-502AA30
6,5154-502EA30,1.0,1,PL-5154-502EA30
1,5154-502EA34,0.0,0.0,
2,5154-502EA34,0.0,0.0,
3,5154-502EA34,0.0,0.0,
4,5154-502EA34,1.0,1.0,MA-474-502AA34
5,5154-502EA34,1.0,1.0,L1-474-502AA34
6,5154-502EA34,1.0,1,PL-5154-502EA34
1,3139-601EA34,0.0,0.0,
2,3139-601EA34,0.0,0.0,
3,3139-601EA34,0.0,0.0,
4,3139-601EA34,0.0,0.0,
5,3139-601EA34,19.0,1.0,MA-RV-0173
6,3139-601EA34,1.0,1,PL-3139-601EA34
1,3139-601EB30,0.0,0.0,
2,3139-601EB30,0.0,0.0,
3,3139-601EB30,0.0,0.0,
4,3139-601EB30,0.0,0.0,
5,3139-601EB30,17.0,1.0,MA-RV-0173
6,3139-601EB30,1.0,1,PL-3139-601EB30
1,K-22601AA,0.0,0.0,
2,K-22601AA,0.0,0.0,
3,K-22601AA,0.0,0.0,
4,K-22601AA,0.0,0.0,
5,K-22601AA,1.0,1.0,MA-K-22601AA
6,K-22601AA,1.0,1,MC-K-22601AA
1,115-103CA38,0.0,0.0,
2,115-103CA38,0.0,0.0,
3,115-103CA38,0.0,0.0,
4,115-103CA38,0.0,0.0,
5,115-103CA38,0.0,0.0,
6,115-103CA38,1.0,1,MA-115-103BA38
1,12Q-411BA31,0.0,0.0,
2,12Q-411BA31,0.0,0.0,
3,12Q-411BA31,0.0,0.0,
4,12Q-411BA31,1.0,1.0,MA-12Q-411BA31
5,12Q-411BA31,1.0,1.0,L1-12Q-411BA31
6,12Q-411BA31,1.0,1,L2-12Q-411BA31-NAKAMURA
1,1231-103GB38,0.0,0.0,
2,1231-103GB38,0.0,0.0,
3,1231-103GB38,0.0,0.0,
4,1231-103GB38,0.0,0.0,
5,1231-103GB38,1.0,1.0,MA-1231-103GB38
6,1231-103GB38,1.0,1,MC-1231-103GB38
1,1231-142CA,0.0,0.0,
2,1231-142CA,0.0,0.0,
3,1231-142CA,0.0,0.0,
4,1231-142CA,0.0,0.0,
5,1231-142CA,1.0,1.0,MA-1231-142CA
6,1231-142CA,1.0,1,MC-1231-142CA
1,1631-103AB30,0.0,0.0,
2,1631-103AB30,0.0,0.0,
3,1631-103AB30,0.0,0.0,
4,1631-103AB30,0.0,0.0,
5,1631-103AB30,0.0,0.0,
6,1631-103AB30,1.0,1,MA-1631-103AB30
1,1631-103AB38,0.0,0.0,
2,1631-103AB38,0.0,0.0,
3,1631-103AB38,0.0,0.0,
4,1631-103AB38,0.0,0.0,
5,1631-103AB38,0.0,0.0,
6,1631-103AB38,1.0,1,MA-1631-103AB38
1,1631-103BA38,0.0,0.0,
2,1631-103BA38,0.0,0.0,
3,1631-103BA38,0.0,0.0,
4,1631-103BA38,0.0,0.0,
5,1631-103BA38,0.0,0.0,
6,1631-103BA38,1.0,1,MA-1631-103AB38
1,101-440FA38,0.0,0.0,
2,101-440FA38,0.0,0.0,
3,101-440FA38,0.0,0.0,
4,101-440FA38,1.0,1.0,MA-101-440FA38
5,101-440FA38,1.0,1.0,L1-101-440FA38
6,101-440FA38,1.0,1,MC-101-440FA38
1,1151-443AA,0.0,0.0,
2,1151-443AA,0.0,0.0,
3,1151-443AA,0.0,0.0,
4,1151-443AA,1.0,1.0,MA-1151-443AA
5,1151-443AA,1.0,1.0,L1-1151-443AA
6,1151-443AA,1.0,1,MC-1151-443AA
1,170-414AA,0.0,0.0,
2,170-414AA,0.0,0.0,
3,170-414AA,0.0,0.0,
4,170-414AA,1.0,1.0,MA-170-414AA
5,170-414AA,1.0,1.0,L1-170-414AA
6,170-414AA,1.0,1,MC-170-414AA
1,1731-406BA7.6,0.0,0.0,
2,1731-406BA7.6,0.0,0.0,
3,1731-406BA7.6,0.0,0.0,
4,1731-406BA7.6,1.0,1.0,MA-1731-406BA7.6
5,1731-406BA7.6,1.0,1.0,L1-1731-406BA7.6
6,1731-406BA7.6,1.0,1,LA-1731-406BA7.6-MC
1,3654-608AA34,0.0,0.0,
2,3654-608AA34,0.0,0.0,
3,3654-608AA34,0.0,0.0,
4,3654-608AA34,0.0,0.0,
5,3654-608AA34,1.0,3.0,MA-814-60834-DRUM
6,3654-608AA34,1.0,1,L1-3650-608AA34
1,6105-501CA38,0.0,0.0,
2,6105-501CA38,0.0,0.0,
3,6105-501CA38,0.0,0.0,
4,6105-501CA38,1.0,1.0,MA-5529-501CA38
5,6105-501CA38,1.0,1.0,L1-5529-501CA38
6,6105-501CA38,1.0,1,LA-5529-501CA38-DF
1,12Q-411BA34,0.0,0.0,
2,12Q-411BA34,0.0,0.0,
3,12Q-411BA34,1.0,1.0,MA-12Q-411BA34
4,12Q-411BA34,1.0,1.0,L1-12Q-411BA34
5,12Q-411BA34,1.0,1.0,LA-12Q-411BA34-L2
6,12Q-411BA34,1.0,1,LA-12Q-411BA34-MC
1,6207-411AB38,0.0,0.0,
2,6207-411AB38,0.0,0.0,
3,6207-411AB38,1.0,1.0,MA-12Q-411FA38
4,6207-411AB38,1.0,1.0,L1-12Q-411FA38
5,6207-411AB38,1.0,1.0,LA-12Q-411FA38-L2
6,6207-411AB38,1.0,1,LA-6207-411AB38-MC
1,161-406DF33,0.0,0.0,
2,161-406DF33,0.0,0.0,
3,161-406DF33,1.0,1.0,MA-161-406DE33
4,161-406DF33,1.0,1.0,L1-161-406DE33
5,161-406DF33,1.0,1.0,LA-161-406DE33-D
6,161-406DF33,1.0,1,LA-161-406DF33-MC
1,161-406DF34,0.0,0.0,
2,161-406DF34,0.0,0.0,
3,161-406DF34,1.0,1.0,MA-161-406DE34
4,161-406DF34,1.0,1.0,L1-161-406DE34
5,161-406DF34,1.0,1.0,LA-161-406DE34-D
6,161-406DF34,1.0,1,LA-161-406DF34-MC
1,171-406LA34,0.0,0.0,
2,171-406LA34,0.0,0.0,
3,171-406LA34,1.0,1.0,MA-171-406AA34
4,171-406LA34,1.0,1.0,L1-171-406AA34
5,171-406LA34,1.0,1.0,LA-171-406AA34-D
6,171-406LA34,1.0,1,LA-171-406LA34-MC
1,1151-414AA,0.0,0.0,
2,1151-414AA,0.0,0.0,
3,1151-414AA,0.0,0.0,
4,1151-414AA,0.0,0.0,
5,1151-414AA,1.0,1.0,MA-1151-414AA
6,1151-414AA,1.0,1,L1-1151-414AA
1,1231-142DA,0.0,0.0,
2,1231-142DA,0.0,0.0,
3,1231-142DA,0.0,0.0,
4,1231-142DA,0.0,0.0,
5,1231-142DA,1.0,1.0,MA-1231-142DA
6,1231-142DA,1.0,1,MC-1231-142DA
1,161-403GA38,0.0,0.0,
2,161-403GA38,0.0,0.0,
3,161-403GA38,0.0,0.0,
4,161-403GA38,0.0,0.0,
5,161-403GA38,1.0,1.0,MA-161-403GA38
6,161-403GA38,1.0,1,L1-161-403GA38
1,161-441BA38,0.0,0.0,
2,161-441BA38,0.0,0.0,
3,161-441BA38,0.0,0.0,
4,161-441BA38,0.0,0.0,
5,161-441BA38,1.0,1.0,MA-161-441BA38
6,161-441BA38,1.0,1,L1-161-441BA38
1,1751-404AB,0.0,0.0,
2,1751-404AB,0.0,0.0,
3,1751-404AB,0.0,0.0,
4,1751-404AB,0.0,0.0,
5,1751-404AB,1.0,1.0,MA-1751-404AA
6,1751-404AB,1.0,1,MC-1751-404AB
1,1751-404BA,0.0,0.0,
2,1751-404BA,0.0,0.0,
3,1751-404BA,0.0,0.0,
4,1751-404BA,0.0,0.0,
5,1751-404BA,1.0,1.0,MA-1751-404BA
6,1751-404BA,1.0,1,MC-1751-404BA
1,3145-502BA26,0.0,0.0,
2,3145-502BA26,0.0,0.0,
3,3145-502BA26,0.0,0.0,
4,3145-502BA26,0.0,0.0,
5,3145-502BA26,1.0,1.0,MA-600-502AA26
6,3145-502BA26,1.0,1,L1-3153-502AC26
1,3659-432AA30,0.0,0.0,
2,3659-432AA30,0.0,0.0,
3,3659-432AA30,0.0,0.0,
4,3659-432AA30,0.0,0.0,
5,3659-432AA30,1.0,1.0,MA-3237-432AA30
6,3659-432AA30,1.0,1,L1-3237-432AA30
1,3654-432AA34,0.0,0.0,
2,3654-432AA34,0.0,0.0,
3,3654-432AA34,0.0,0.0,
4,3654-432AA34,0.0,0.0,
5,3654-432AA34,1.0,1.0,MA-3237-432AA34
6,3654-432AA34,1.0,1,L1-3237-432AA34
1,5142-502AA42,0.0,0.0,
2,5142-502AA42,0.0,0.0,
3,5142-502AA42,0.0,0.0,
4,5142-502AA42,0.0,0.0,
5,5142-502AA42,1.0,1.0,MA-474-502AA34
6,5142-502AA42,1.3,1,L1-474-502AA34
1,5142-641AA44,0.0,0.0,
2,5142-641AA44,0.0,0.0,
3,5142-641AA44,0.0,0.0,
4,5142-641AA44,0.0,0.0,
5,5142-641AA44,1.0,1.0,MA-485-641BA44-DRUM
6,5142-641AA44,1.0,4,L1-485-641BA44-DRUM
1,3501-63001BA30,0.0,0.0,
2,3501-63001BA30,0.0,0.0,
3,3501-63001BA30,0.0,0.0,
4,3501-63001BA30,0.0,0.0,
5,3501-63001BA30,1.0,1.0,MA-560-66630-DRUM
6,3501-63001BA30,1.0,4,L1-560-66630-DRUM
1,3237-651AC30,0.0,0.0,
2,3237-651AC30,0.0,0.0,
3,3237-651AC30,0.0,0.0,
4,3237-651AC30,0.0,0.0,
5,3237-651AC30,1.0,1.0,MA-625-65130-DRUM
6,3237-651AC30,1.0,4,L1-625-65130-DRUM
1,3239-651AC30,0.0,0.0,
2,3239-651AC30,0.0,0.0,
3,3239-651AC30,0.0,0.0,
4,3239-651AC30,0.0,0.0,
5,3239-651AC30,1.0,1.0,MA-625-65130-DRUM
6,3239-651AC30,1.0,4,L1-625-65130-DRUM
1,3101-601EA7.6,0.0,0.0,
2,3101-601EA7.6,0.0,0.0,
3,3101-601EA7.6,0.0,0.0,
4,3101-601EA7.6,0.0,0.0,
5,3101-601EA7.6,1.0,1.0,MA-720-601B7.6
6,3101-601EA7.6,1.0,1,L1-720-601B7.6
1,4109-652AA32,0.0,0.0,
2,4109-652AA32,0.0,0.0,
3,4109-652AA32,0.0,0.0,
4,4109-652AA32,0.0,0.0,
5,4109-652AA32,1.0,1.0,MA-720-65232-DRUM
6,4109-652AA32,1.0,4,L1-720-65232-DRUM
1,3238-601EA34,0.0,0.0,
2,3238-601EA34,0.0,0.0,
3,3238-601EA34,0.0,0.0,
4,3238-601EA34,0.0,0.0,
5,3238-601EA34,1.0,1.0,MA-880-601AA34
6,3238-601EA34,1.0,1,L1-880-601AA34
1,3139-608AA28,0.0,0.0,
2,3139-608AA28,0.0,0.0,
3,3139-608AA28,0.0,0.0,
4,3139-608AA28,0.0,0.0,
5,3139-608AA28,1.0,3.0,MA-973-608AA28-DRUM
6,3139-608AA28,1.0,1,L1-631-60828
1,3139-608AA38,0.0,0.0,
2,3139-608AA38,0.0,0.0,
3,3139-608AA38,0.0,0.0,
4,3139-608AA38,0.0,0.0,
5,3139-608AA38,1.0,3.0,MA-973-608AA38-DRUM
6,3139-608AA38,1.0,1,L1-631-60838
1,K-13801JA,0.0,0.0,
2,K-13801JA,0.0,0.0,
3,K-13801JA,0.0,0.0,
4,K-13801JA,0.0,0.0,
5,K-13801JA,0.0,0.0,
6,K-13801JA,1.0,1,MA-K-13801JA
1,K-29901GA,0.0,0.0,
2,K-29901GA,0.0,0.0,
3,K-29901GA,0.0,0.0,
4,K-29901GA,0.0,0.0,
5,K-29901GA,1.0,1.0,MA-K-29901GA
6,K-29901GA,1.0,1,MC-K-29901GA
1,1531-417BA30,0.0,0.0,
2,1531-417BA30,0.0,0.0,
3,1531-417BA30,0.0,0.0,
4,1531-417BA30,0.0,0.0,
5,1531-417BA30,1.0,1.0,MA-RL-0088-41730
6,1531-417BA30,1.0,6,L1-RL-0088-41730
1,1531-417BA38,0.0,0.0,
2,1531-417BA38,0.0,0.0,
3,1531-417BA38,0.0,0.0,
4,1531-417BA38,0.0,0.0,
5,1531-417BA38,1.0,1.0,MA-RL-0088-41738
6,1531-417BA38,1.0,6,L1-RL-0088-41738
1,1531-418AA30,0.0,0.0,
2,1531-418AA30,0.0,0.0,
3,1531-418AA30,0.0,0.0,
4,1531-418AA30,0.0,0.0,
5,1531-418AA30,1.0,1.0,MA-RL-0088-41830
6,1531-418AA30,1.0,5,L1-RL-0088-41830
1,1531-418AA38,0.0,0.0,
2,1531-418AA38,0.0,0.0,
3,1531-418AA38,0.0,0.0,
4,1531-418AA38,0.0,0.0,
5,1531-418AA38,1.0,1.0,MA-RL-0088-41838
6,1531-418AA38,1.0,6,L1-RL-0088-41838
1,1631-102DB,0.0,0.0,
2,1631-102DB,0.0,0.0,
3,1631-102DB,0.0,0.0,
4,1631-102DB,0.0,0.0,
5,1631-102DB,0.0,0.0,
6,1631-102DB,1.0,1,MA-1631-102DB
1,1731-102AB,0.0,0.0,
2,1731-102AB,0.0,0.0,
3,1731-102AB,0.0,0.0,
4,1731-102AB,0.0,0.0,
5,1731-102AB,0.0,0.0,
6,1731-102AB,1.0,1,MA-1731-102AA
1,1731-102BB,0.0,0.0,
2,1731-102BB,0.0,0.0,
3,1731-102BB,0.0,0.0,
4,1731-102BB,0.0,0.0,
5,1731-102BB,0.0,0.0,
6,1731-102BB,1.0,1,MA-1731-102BA
1,1731-111AA,0.0,0.0,
2,1731-111AA,0.0,0.0,
3,1731-111AA,0.0,0.0,
4,1731-111AA,0.0,0.0,
5,1731-111AA,0.0,0.0,
6,1731-111AA,1.0,1,MA-1731-111AA
1,1731-111BA,0.0,0.0,
2,1731-111BA,0.0,0.0,
3,1731-111BA,0.0,0.0,
4,1731-111BA,0.0,0.0,
5,1731-111BA,0.0,0.0,
6,1731-111BA,1.0,1,MA-1731-111BA
1,5142-602AA44,0.0,0.0,
2,5142-602AA44,0.0,0.0,
3,5142-602AA44,0.0,0.0,
4,5142-602AA44,0.0,0.0,
5,5142-602AA44,0.0,0.0,
6,5142-602AA44,1.0,1,MA-RH-0031K-06A
1,5142-602BA44,0.0,0.0,
2,5142-602BA44,0.0,0.0,
3,5142-602BA44,0.0,0.0,
4,5142-602BA44,0.0,0.0,
5,5142-602BA44,0.0,0.0,
6,5142-602BA44,1.0,1,MA-RH-0031A-05C
1,1151-103AA,0.0,0.0,
2,1151-103AA,0.0,0.0,
3,1151-103AA,0.0,0.0,
4,1151-103AA,0.0,0.0,
5,1151-103AA,0.0,0.0,
6,1151-103AA,1.0,1,MA-1151-103AA
1,1151-102AA,0.0,0.0,
2,1151-102AA,0.0,0.0,
3,1151-102AA,0.0,0.0,
4,1151-102AA,0.0,0.0,
5,1151-102AA,0.0,0.0,
6,1151-102AA,1.0,1,MA-1731-102AA
1,1151-102BA,0.0,0.0,
2,1151-102BA,0.0,0.0,
3,1151-102BA,0.0,0.0,
4,1151-102BA,0.0,0.0,
5,1151-102BA,0.0,0.0,
6,1151-102BA,1.0,1,MA-1731-102BA
1,1231-103HA38,0.0,0.0,
2,1231-103HA38,0.0,0.0,
3,1231-103HA38,0.0,0.0,
4,1231-103HA38,0.0,0.0,
5,1231-103HA38,0.0,0.0,
6,1231-103HA38,1.0,1,MA-1231-103HA38
1,1331-140BA30,0.0,0.0,
2,1331-140BA30,0.0,0.0,
3,1331-140BA30,0.0,0.0,
4,1331-140BA30,0.0,0.0,
5,1331-140BA30,0.0,0.0,
6,1331-140BA30,1.0,1,MA-1331-140BA30
1,1331-102LA02,0.0,0.0,
2,1331-102LA02,0.0,0.0,
3,1331-102LA02,0.0,0.0,
4,1331-102LA02,0.0,0.0,
5,1331-102LA02,0.0,0.0,
6,1331-102LA02,1.0,1,MA-1331-102LA02
1,1331-102MA02,0.0,0.0,
2,1331-102MA02,0.0,0.0,
3,1331-102MA02,0.0,0.0,
4,1331-102MA02,0.0,0.0,
5,1331-102MA02,0.0,0.0,
6,1331-102MA02,1.0,1,MA-1331-102MA02
1,G-6501VDB,0.0,0.0,
2,G-6501VDB,0.0,0.0,
3,G-6501VDB,0.0,0.0,
4,G-6501VDB,0.0,0.0,
5,G-6501VDB,0.0,0.0,
6,G-6501VDB,1.0,1,MA-G-6501VDB
1,3101-652AA7.6,0.0,0.0,
2,3101-652AA7.6,0.0,0.0,
3,3101-652AA7.6,0.0,0.0,
4,3101-652AA7.6,0.0,0.0,
5,3101-652AA7.6,1.0,1.0,MA-720-6527.6-DRUM
6,3101-652AA7.6,1.0,4,L1-720-6527.6-DRUM
1,603-601EA30,0.0,0.0,
2,603-601EA30,0.0,0.0,
3,603-601EA30,0.0,0.0,
4,603-601EA30,1.0,1.0,MA-603-601-BLOCK
5,603-601EA30,17.0,1.0,MC-603-601-BLOCK
6,603-601EA30,1.0,1,PL-603-601EA30
1,G-6501GA,0.0,0.0,
2,G-6501GA,0.0,0.0,
3,G-6501GA,0.0,0.0,
4,G-6501GA,0.0,0.0,
5,G-6501GA,1.0,1.0,MA-G-6501GA
6,G-6501GA,1.0,1,MC-G-6501GA
1,1044-404AD,0.0,0.0,
2,1044-404AD,0.0,0.0,
3,1044-404AD,0.0,0.0,
4,1044-404AD,0.0,0.0,
5,1044-404AD,0.0,0.0,
6,1044-404AD,1.0,1,MA-1044-404AD
1,1044-430EA,0.0,0.0,
2,1044-430EA,0.0,0.0,
3,1044-430EA,0.0,0.0,
4,1044-430EA,0.0,0.0,
5,1044-430EA,0.0,0.0,
6,1044-430EA,1.0,1,MA-1044-430EA
1,1631-111AA,0.0,0.0,
2,1631-111AA,0.0,0.0,
3,1631-111AA,0.0,0.0,
4,1631-111AA,0.0,0.0,
5,1631-111AA,1.0,1.0,MA-1631-111AA
6,1631-111AA,1.0,1,MC-1631-111AA
1,1631-111BA,0.0,0.0,
2,1631-111BA,0.0,0.0,
3,1631-111BA,0.0,0.0,
4,1631-111BA,0.0,0.0,
5,1631-111BA,1.0,1.0,MA-1631-111BA
6,1631-111BA,1.0,1,MC-1631-111BA
1,1631-111CA,0.0,0.0,
2,1631-111CA,0.0,0.0,
3,1631-111CA,0.0,0.0,
4,1631-111CA,0.0,0.0,
5,1631-111CA,1.0,1.0,MA-1631-111CA
6,1631-111CA,1.0,1,MC-1631-111CA
1,1631-111DA,0.0,0.0,
2,1631-111DA,0.0,0.0,
3,1631-111DA,0.0,0.0,
4,1631-111DA,0.0,0.0,
5,1631-111DA,1.0,1.0,MA-1631-111DA
6,1631-111DA,1.0,1,MC-1631-111DA
1,1631-111EA,0.0,0.0,
2,1631-111EA,0.0,0.0,
3,1631-111EA,0.0,0.0,
4,1631-111EA,0.0,0.0,
5,1631-111EA,1.0,1.0,MA-1631-111EA
6,1631-111EA,1.0,1,MC-1631-111EA
1,G-6501HA,0.0,0.0,
2,G-6501HA,0.0,0.0,
3,G-6501HA,0.0,0.0,
4,G-6501HA,0.0,0.0,
5,G-6501HA,1.0,1.0,MA-G-6501GA
6,G-6501HA,1.0,1,MC-G-6501HA
1,G-6501GB,0.0,0.0,
2,G-6501GB,0.0,0.0,
3,G-6501GB,0.0,0.0,
4,G-6501GB,0.0,0.0,
5,G-6501GB,1.0,1.0,MA-G-6501GB
6,G-6501GB,1.0,1,MC-G-6501GB
1,G-6501HB,0.0,0.0,
2,G-6501HB,0.0,0.0,
3,G-6501HB,0.0,0.0,
4,G-6501HB,0.0,0.0,
5,G-6501HB,1.0,1.0,MA-G-6501GB
6,G-6501HB,1.0,1,MC-G-6501HB
1,G-6501HC,0.0,0.0,
2,G-6501HC,0.0,0.0,
3,G-6501HC,0.0,0.0,
4,G-6501HC,0.0,0.0,
5,G-6501HC,0.0,0.0,
6,G-6501HC,1.0,1,MA-G-6501GC
1,1631-102AD,0.0,0.0,
2,1631-102AD,0.0,0.0,
3,1631-102AD,0.0,0.0,
4,1631-102AD,0.0,0.0,
5,1631-102AD,0.0,0.0,
6,1631-102AD,1.0,1,MA-1631-102AD
1,1631-102BD,0.0,0.0,
2,1631-102BD,0.0,0.0,
3,1631-102BD,0.0,0.0,
4,1631-102BD,0.0,0.0,
5,1631-102BD,0.0,0.0,
6,1631-102BD,1.0,1,MA-1631-102BD
1,1631-111FA,0.0,0.0,
2,1631-111FA,0.0,0.0,
3,1631-111FA,0.0,0.0,
4,1631-111FA,0.0,0.0,
5,1631-111FA,1.0,1.0,MA-1631-111FA
6,1631-111FA,1.0,1,MC-1631-111FA
1,1631-111GA,0.0,0.0,
2,1631-111GA,0.0,0.0,
3,1631-111GA,0.0,0.0,
4,1631-111GA,0.0,0.0,
5,1631-111GA,0.0,0.0,
6,1631-111GA,1.0,1,MA-1631-111GA
1,1631-111HB,0.0,0.0,
2,1631-111HB,0.0,0.0,
3,1631-111HB,0.0,0.0,
4,1631-111HB,0.0,0.0,
5,1631-111HB,0.0,0.0,
6,1631-111HB,1.0,1,MA-1631-111HB
1,1631-111KA,0.0,0.0,
2,1631-111KA,0.0,0.0,
3,1631-111KA,0.0,0.0,
4,1631-111KA,0.0,0.0,
5,1631-111KA,0.0,0.0,
6,1631-111KA,1.0,1,MA-1631-111KA
1,1631-111LA,0.0,0.0,
2,1631-111LA,0.0,0.0,
3,1631-111LA,0.0,0.0,
4,1631-111LA,0.0,0.0,
5,1631-111LA,0.0,0.0,
6,1631-111LA,1.0,1,MA-1631-111LA
1,1631-111MA,0.0,0.0,
2,1631-111MA,0.0,0.0,
3,1631-111MA,0.0,0.0,
4,1631-111MA,0.0,0.0,
5,1631-111MA,1.0,1.0,MA-1631-111MA
6,1631-111MA,1.0,1,MC-1631-111MA
1,1631-111NA,0.0,0.0,
2,1631-111NA,0.0,0.0,
3,1631-111NA,0.0,0.0,
4,1631-111NA,0.0,0.0,
5,1631-111NA,1.0,1.0,MA-1631-111AA
6,1631-111NA,1.0,1,MC-1631-111NA
1,C352-601AB30,0.0,0.0,
2,C352-601AB30,0.0,0.0,
3,C352-601AB30,0.0,0.0,
4,C352-601AB30,1.0,1.0,MA-161-601BA30
5,C352-601AB30,1.0,1.0,L1-161-601BA30
6,C352-601AB30,1.0,1,LA-161-601BB30-L2
1,5517-601AA30,0.0,0.0,
2,5517-601AA30,0.0,0.0,
3,5517-601AA30,0.0,0.0,
4,5517-601AA30,1.0,1.0,MA-161-601HA30
5,5517-601AA30,1.0,1.0,L1-161-601HA30
6,5517-601AA30,1.0,1,LA-5517-601AA30-L2
1,5532-601AA30,0.0,0.0,
2,5532-601AA30,0.0,0.0,
3,5532-601AA30,0.0,0.0,
4,5532-601AA30,1.0,1.0,MA-161-601HA30
5,5532-601AA30,1.0,1.0,L1-161-601HA30
6,5532-601AA30,1.0,1,LA-161-601HA30-L2
1,5529-601AA38,0.0,0.0,
2,5529-601AA38,0.0,0.0,
3,5529-601AA38,0.0,0.0,
4,5529-601AA38,1.0,1.0,MA-161-601HA38
5,5529-601AA38,1.0,1.0,L1-161-601HA38
6,5529-601AA38,1.0,1,LA-161-601HA38-L2
1,5534-601AA38,0.0,0.0,
2,5534-601AA38,0.0,0.0,
3,5534-601AA38,0.0,0.0,
4,5534-601AA38,1.0,1.0,MA-161-601HA38
5,5534-601AA38,1.0,1.0,L1-161-601HA38
6,5534-601AA38,1.0,1,LA-161-601JA38-L2
1,479-601AA33,0.0,0.0,
2,479-601AA33,0.0,0.0,
3,479-601AA33,0.0,0.0,
4,479-601AA33,1.0,1.0,MA-165-601AB33
5,479-601AA33,1.0,1.0,L1-165-601AB33
6,479-601AA33,1.0,1,LA-165-601BA33-L2
1,5154-601AA30,0.0,0.0,
2,5154-601AA30,0.0,0.0,
3,5154-601AA30,0.0,0.0,
4,5154-601AA30,1.0,1.0,MA-165-601AB33
5,5154-601AA30,1.0,1.0,L1-165-601AB33
6,5154-601AA30,1.0,1,LA-165-601HA30-L2
1,5154-601AA34,0.0,0.0,
2,5154-601AA34,0.0,0.0,
3,5154-601AA34,0.0,0.0,
4,5154-601AA34,1.0,1.0,MA-165-601BA36
5,5154-601AA34,1.0,1.0,L1-165-601BA36
6,5154-601AA34,1.0,1,LA-165-601HA34-L2
1,474-601AB38,0.0,0.0,
2,474-601AB38,0.0,0.0,
3,474-601AB38,0.0,0.0,
4,474-601AB38,1.0,1.0,MA-165-601BA38
5,474-601AB38,1.0,1.0,L1-165-601BA38
6,474-601AB38,1.0,1,LA-165-601BA38-L2
1,479-601AB38,0.0,0.0,
2,479-601AB38,0.0,0.0,
3,479-601AB38,0.0,0.0,
4,479-601AB38,1.0,1.0,MA-165-601BA38
5,479-601AB38,1.0,1.0,L1-165-601BA38
6,479-601AB38,1.0,1,LA-165-601BA38-L2
1,1751-443AA17,0.0,0.0,
2,1751-443AA17,0.0,0.0,
3,1751-443AA17,0.0,0.0,
4,1751-443AA17,1.0,1.0,MA-1751-443AA17
5,1751-443AA17,1.0,1.0,L1-1751-443AA17
6,1751-443AA17,1.0,1,MC-1751-443AA17
1,1751-443AA24,0.0,0.0,
2,1751-443AA24,0.0,0.0,
3,1751-443AA24,0.0,0.0,
4,1751-443AA24,1.0,1.0,MA-1751-443AA24
5,1751-443AA24,1.0,1.0,L1-1751-443AA24
6,1751-443AA24,1.0,1,MC-1751-443AA24
1,6213-601AA38,0.0,0.0,
2,6213-601AA38,0.0,0.0,
3,6213-601AA38,0.0,0.0,
4,6213-601AA38,1.0,1.0,MA-5207-601DA38
5,6213-601AA38,1.0,1.0,L1-5207-601DA38
6,6213-601AA38,1.0,1,LA-5207-601DA38-L2
1,3238-651AC30,0.0,0.0,
2,3238-651AC30,0.0,0.0,
3,3238-651AC30,0.0,0.0,
4,3238-651AC30,0.0,0.0,
5,3238-651AC30,1.0,1.0,MA-625-65130-DRUM
6,3238-651AC30,1.0,4,L1-625-65130-DRUM
1,3139-652AC30,0.0,0.0,
2,3139-652AC30,0.0,0.0,
3,3139-652AC30,0.0,0.0,
4,3139-652AC30,0.0,0.0,
5,3139-652AC30,1.0,1.0,MA-720-65230-DRUM
6,3139-652AC30,1.0,4,L1-720-65230-DRUM
1,3139-652AC32,0.0,0.0,
2,3139-652AC32,0.0,0.0,
3,3139-652AC32,0.0,0.0,
4,3139-652AC32,0.0,0.0,
5,3139-652AC32,1.0,1.0,MA-720-65232-DRUM
6,3139-652AC32,1.0,4,L1-720-65232-DRUM
1,3153-652AB32,0.0,0.0,
2,3153-652AB32,0.0,0.0,
3,3153-652AB32,0.0,0.0,
4,3153-652AB32,0.0,0.0,
5,3153-652AB32,1.0,1.0,MA-720-65232-DRUM
6,3153-652AB32,1.0,4,L1-720-65232-DRUM
1,3139-652AC34,0.0,0.0,
2,3139-652AC34,0.0,0.0,
3,3139-652AC34,0.0,0.0,
4,3139-652AC34,0.0,0.0,
5,3139-652AC34,1.0,1.0,MA-720-65234-DRUM
6,3139-652AC34,1.0,4,L1-720-65234-DRUM
1,3153-652AB34,0.0,0.0,
2,3153-652AB34,0.0,0.0,
3,3153-652AB34,0.0,0.0,
4,3153-652AB34,0.0,0.0,
5,3153-652AB34,1.0,1.0,MA-720-65234-DRUM
6,3153-652AB34,1.0,4,L1-720-65234-DRUM
1,3139-652AC36,0.0,0.0,
2,3139-652AC36,0.0,0.0,
3,3139-652AC36,0.0,0.0,
4,3139-652AC36,0.0,0.0,
5,3139-652AC36,1.0,1.0,MA-720-65236-DRUM
6,3139-652AC36,1.0,4,L1-720-65236-DRUM
1,3139-652AC38,0.0,0.0,
2,3139-652AC38,0.0,0.0,
3,3139-652AC38,0.0,0.0,
4,3139-652AC38,0.0,0.0,
5,3139-652AC38,1.0,1.0,MA-720-65238-DRUM
6,3139-652AC38,1.0,4,L1-720-65238-DRUM
1,3238-608AA34,0.0,0.0,
2,3238-608AA34,0.0,0.0,
3,3238-608AA34,0.0,0.0,
4,3238-608AA34,0.0,0.0,
5,3238-608AA34,1.0,3.0,MA-973-608AA34-DRUM
6,3238-608AA34,1.0,1,L1-882-608AA34
1,1044-430DA,0.0,0.0,
2,1044-430DA,0.0,0.0,
3,1044-430DA,0.0,0.0,
4,1044-430DA,0.0,0.0,
5,1044-430DA,0.0,0.0,
6,1044-430DA,1.0,1,MA-1044-430DA
1,1044-404CA,0.0,0.0,
2,1044-404CA,0.0,0.0,
3,1044-404CA,0.0,0.0,
4,1044-404CA,0.0,0.0,
5,1044-404CA,0.0,0.0,
6,1044-404CA,1.0,1,MA-1044-404CA
1,G-6501GC,0.0,0.0,
2,G-6501GC,0.0,0.0,
3,G-6501GC,0.0,0.0,
4,G-6501GC,0.0,0.0,
5,G-6501GC,0.0,0.0,
6,G-6501GC,1.0,1,MA-G-6501GC
1,1751-103AA17,0.0,0.0,
2,1751-103AA17,0.0,0.0,
3,1751-103AA17,0.0,0.0,
4,1751-103AA17,0.0,0.0,
5,1751-103AA17,0.0,0.0,
6,1751-103AA17,1.0,1,MA-1751-103AA17
1,1751-103AA24,0.0,0.0,
2,1751-103AA24,0.0,0.0,
3,1751-103AA24,0.0,0.0,
4,1751-103AA24,0.0,0.0,
5,1751-103AA24,0.0,0.0,
6,1751-103AA24,1.0,1,MA-1751-103AA24
1,5143-601AA13,0.0,0.0,
2,5143-601AA13,0.0,0.0,
3,5143-601AA13,0.0,0.0,
4,5143-601AA13,1.0,1.0,MA-1751-601AA13
5,5143-601AA13,1.0,1.0,L1-1751-601AA13
6,5143-601AA13,1.0,1,LA-1751-601AA13-L2
1,5143-501AA13,0.0,0.0,
2,5143-501AA13,0.0,0.0,
3,5143-501AA13,0.0,0.0,
4,5143-501AA13,0.0,0.0,
5,5143-501AA13,1.0,1.0,MA-1751-501AA13
6,5143-501AA13,1.0,1,L1-1751-501AA13
1,5143-502JA13,0.0,0.0,
2,5143-502JA13,0.0,0.0,
3,5143-502JA13,0.0,0.0,
4,5143-502JA13,0.0,0.0,
5,5143-502JA13,1.0,1.0,MA-59-502B13
6,5143-502JA13,1.0,1,L1-59-502B13
1,5156-405AA055,0.0,0.0,
2,5156-405AA055,0.0,0.0,
3,5156-405AA055,1.0,1.0,MA-5156-405AA5.5-S
4,5156-405AA055,1.0,1.0,L1-5156-405AA5.5
5,5156-405AA055,1.0,1.0,L2-5156-405AA5.5
6,5156-405AA055,1.0,1,5156-405AA5.5-NV
1,5156-409AA055,0.0,0.0,
2,5156-409AA055,0.0,0.0,
3,5156-409AA055,1.0,1.0,MA-5156-409AA5.5-S
4,5156-409AA055,1.0,1.0,L1-5156-409AA5.5
5,5156-409AA055,1.0,1.0,L2-5156-409AA5.5
6,5156-409AA055,1.0,1,5156-409AA5.5-NV
1,4305-502DA,0.0,0.0,
2,4305-502DA,0.0,0.0,
3,4305-502DA,0.0,0.0,
4,4305-502DA,0.0,0.0,
5,4305-502DA,0.0,0.0,
6,4305-502DA,1.0,1,MA-4305-502DA
1,4305-502EA,0.0,0.0,
2,4305-502EA,0.0,0.0,
3,4305-502EA,0.0,0.0,
4,4305-502EA,0.0,0.0,
5,4305-502EA,0.0,0.0,
6,4305-502EA,1.0,1,MA-4305-502DA
1,4305-502FA,0.0,0.0,
2,4305-502FA,0.0,0.0,
3,4305-502FA,0.0,0.0,
4,4305-502FA,0.0,0.0,
5,4305-502FA,0.0,0.0,
6,4305-502FA,1.0,1,MA-4305-502DA
1,4305-502HA,0.0,0.0,
2,4305-502HA,0.0,0.0,
3,4305-502HA,0.0,0.0,
4,4305-502HA,0.0,0.0,
5,4305-502HA,0.0,0.0,
6,4305-502HA,1.0,1,MA-4305-502DA
1,1751-443BA17,0.0,0.0,
2,1751-443BA17,0.0,0.0,
3,1751-443BA17,0.0,0.0,
4,1751-443BA17,1.0,1.0,MA-1751-443BA17
5,1751-443BA17,1.0,1.0,L1-1751-443BA17
6,1751-443BA17,1.0,1,MC-1751-443BA17
1,5540-405AA380,0.0,0.0,
2,5540-405AA380,0.0,0.0,
3,5540-405AA380,0.0,0.0,
4,5540-405AA380,0.0,0.0,
5,5540-405AA380,1.0,1.0,MA-335-405AA38-S
6,5540-405AA380,1.0,1,L1-335-405AA38-S
1,279-409A300,0.0,0.0,
2,279-409A300,0.0,0.0,
3,279-409A300,0.0,0.0,
4,279-409A300,0.0,0.0,
5,279-409A300,1.0,1.0,MA-79-409B30-S
6,279-409A300,1.0,1,L1-79-409B30-S
1,5143-602AA13,0.0,0.0,
2,5143-602AA13,0.0,0.0,
3,5143-602AA13,0.0,0.0,
4,5143-602AA13,0.0,0.0,
5,5143-602AA13,0.0,0.0,
6,5143-602AA13,1.0,1,MA-RH-0031A-07E
1,5143-602CA13,0.0,0.0,
2,5143-602CA13,0.0,0.0,
3,5143-602CA13,0.0,0.0,
4,5143-602CA13,0.0,0.0,
5,5143-602CA13,0.0,0.0,
6,5143-602CA13,1.0,1,MA-RH-0031A-05C
1,1231-103DB38,0.0,0.0,
2,1231-103DB38,0.0,0.0,
3,1231-103DB38,0.0,0.0,
4,1231-103DB38,0.0,0.0,
5,1231-103DB38,1.0,1.0,MA-1231-103DB38
6,1231-103DB38,1.0,1,MC-1231-103DB38
1,81-405EA210,0.0,0.0,
2,81-405EA210,0.0,0.0,
3,81-405EA210,0.0,0.0,
4,81-405EA210,0.0,0.0,
5,81-405EA210,1.0,1.0,MA-81-40521
6,81-405EA210,1.0,1,L1-81-405EA21
1,740-410EA210,0.0,0.0,
2,740-410EA210,0.0,0.0,
3,740-410EA210,0.0,0.0,
4,740-410EA210,0.0,0.0,
5,740-410EA210,1.0,1.0,MA-970-41021-S
6,740-410EA210,1.0,4,LC-970-41021-S
1,740-409HA210,0.0,0.0,
2,740-409HA210,0.0,0.0,
3,740-409HA210,0.0,0.0,
4,740-409HA210,0.0,0.0,
5,740-409HA210,1.0,5.0,MA-740-40921-S
6,740-409HA210,1.0,1,L1-740-40921-S
1,81-405076,0.0,0.0,
2,81-405076,0.0,0.0,
3,81-405076,0.0,0.0,
4,81-405076,0.0,0.0,
5,81-405076,1.0,1.0,MA-81-4057.6-S
6,81-405076,1.0,1,L1-81-4057.6-S
1,1231-142AB,0.0,0.0,
2,1231-142AB,0.0,0.0,
3,1231-142AB,0.0,0.0,
4,1231-142AB,0.0,0.0,
5,1231-142AB,1.0,1.0,MA-1231-142AB
6,1231-142AB,1.0,1,MC-1231-142AB
1,57-409E300,0.0,0.0,
2,57-409E300,0.0,0.0,
3,57-409E300,0.0,0.0,
4,57-409E300,0.0,0.0,
5,57-409E300,1.0,1.0,MA-57-40930-S
6,57-409E300,1.0,1,L1-57-40930-S
1,740-409HA160,0.0,0.0,
2,740-409HA160,0.0,0.0,
3,740-409HA160,0.0,0.0,
4,740-409HA160,0.0,0.0,
5,740-409HA160,1.0,5.0,MA-740-40916-S
6,740-409HA160,1.0,1,L1-740-40916-S
1,740-409HA170,0.0,0.0,
2,740-409HA170,0.0,0.0,
3,740-409HA170,0.0,0.0,
4,740-409HA170,0.0,0.0,
5,740-409HA170,1.0,5.0,MA-740-40917-S
6,740-409HA170,1.0,1,L1-740-40917-S
1,1331-102EA,0.0,0.0,
2,1331-102EA,0.0,0.0,
3,1331-102EA,0.0,0.0,
4,1331-102EA,0.0,0.0,
5,1331-102EA,0.0,0.0,
6,1331-102EA,1.0,1,MA-1531-102AA
1,1331-102GA,0.0,0.0,
2,1331-102GA,0.0,0.0,
3,1331-102GA,0.0,0.0,
4,1331-102GA,0.0,0.0,
5,1331-102GA,0.0,0.0,
6,1331-102GA,1.0,1,MA-1531-102BA
1,5520-601AB30,0.0,0.0,
2,5520-601AB30,0.0,0.0,
3,5520-601AB30,0.0,0.0,
4,5520-601AB30,1.0,1.0,MA-161-601HA30
5,5520-601AB30,1.0,1.0,L1-161-601HA30
6,5520-601AB30,1.0,1,LA-161-601HA30-L2
1,1155-111AA,0.0,0.0,
2,1155-111AA,0.0,0.0,
3,1155-111AA,0.0,0.0,
4,1155-111AA,0.0,0.0,
5,1155-111AA,1.0,1.0,MA-1155-111AA
6,1155-111AA,1.0,1,MC-1155-111AA
1,KF30-01101AA,0.0,0.0,
2,KF30-01101AA,0.0,0.0,
3,KF30-01101AA,0.0,0.0,
4,KF30-01101AA,0.0,0.0,
5,KF30-01101AA,0.0,0.0,
6,KF30-01101AA,1.0,1,MA-KF30-01101AA
1,1155-141AA48,0.0,0.0,
2,1155-141AA48,0.0,0.0,
3,1155-141AA48,0.0,0.0,
4,1155-141AA48,0.0,0.0,
5,1155-141AA48,0.0,0.0,
6,1155-141AA48,1.0,1,MA-1155-141AA48
1,1155-141BA48,0.0,0.0,
2,1155-141BA48,0.0,0.0,
3,1155-141BA48,0.0,0.0,
4,1155-141BA48,0.0,0.0,
5,1155-141BA48,0.0,0.0,
6,1155-141BA48,1.0,1,MA-1155-141BA48
1,1155-141CA48,0.0,0.0,
2,1155-141CA48,0.0,0.0,
3,1155-141CA48,0.0,0.0,
4,1155-141CA48,0.0,0.0,
5,1155-141CA48,0.0,0.0,
6,1155-141CA48,1.0,1,MA-1155-141CA48
1,272-405AA300,0.0,0.0,
2,272-405AA300,0.0,0.0,
3,272-405AA300,0.0,0.0,
4,272-405AA300,0.0,0.0,
5,272-405AA300,1.0,1.0,MA-272-405AA31-S
6,272-405AA300,1.0,1,L1-272-405AA31-S
1,5121-405BA440,0.0,0.0,
2,5121-405BA440,0.0,0.0,
3,5121-405BA440,0.0,0.0,
4,5121-405BA440,0.0,0.0,
5,5121-405BA440,1.0,1.0,MA-328-405AA44-S
6,5121-405BA440,1.0,1,L1-328-405AA44-S
1,5121-409EA440,0.0,0.0,
2,5121-409EA440,0.0,0.0,
3,5121-409EA440,0.0,0.0,
4,5121-409EA440,0.0,0.0,
5,5121-409EA440,1.0,1.0,MA-329-409AA44-S
6,5121-409EA440,1.0,1,L1-329-409AA44-S
1,1155-402AA48,0.0,0.0,
2,1155-402AA48,0.0,0.0,
3,1155-402AA48,0.0,0.0,
4,1155-402AA48,0.0,0.0,
5,1155-402AA48,1.0,1.0,MA-1155-402AA48
6,1155-402AA48,1.0,1,L1-1155-402AA48
1,1155-403AA48,0.0,0.0,
2,1155-403AA48,0.0,0.0,
3,1155-403AA48,0.0,0.0,
4,1155-403AA48,0.0,0.0,
5,1155-403AA48,1.0,1.0,MA-1155-403AA48
6,1155-403AA48,1.0,1,L1-1155-403AA48
1,1155-440AA48,0.0,0.0,
2,1155-440AA48,0.0,0.0,
3,1155-440AA48,0.0,0.0,
4,1155-440AA48,1.0,1.0,MA-1155-440AA48
5,1155-440AA48,1.0,1.0,L1-1155-440AA48
6,1155-440AA48,1.0,1,LA-1155-440AA48-DF
1,1155-413AA48,0.0,0.0,
2,1155-413AA48,0.0,0.0,
3,1155-413AA48,0.0,0.0,
4,1155-413AA48,1.0,1.0,MA-1155-413AA48
5,1155-413AA48,1.0,1.0,L2-1155-413AA48
6,1155-413AA48,1.0,1,MC-1155-413AA48
1,1155-414AA48,0.0,0.0,
2,1155-414AA48,0.0,0.0,
3,1155-414AA48,0.0,0.0,
4,1155-414AA48,0.0,0.0,
5,1155-414AA48,1.0,1.0,MA-1155-414AA48
6,1155-414AA48,1.0,1,L1-1155-414AA48
1,120-404CA,0.0,0.0,
2,120-404CA,0.0,0.0,
3,120-404CA,0.0,0.0,
4,120-404CA,0.0,0.0,
5,120-404CA,1.0,1.0,MA-120-404DA
6,120-404CA,1.0,1,MC-120-404CA
1,5121-409DA400,0.0,0.0,
2,5121-409DA400,0.0,0.0,
3,5121-409DA400,0.0,0.0,
4,5121-409DA400,0.0,0.0,
5,5121-409DA400,1.0,1.0,MA-478-409AA40-S
6,5121-409DA400,1.0,1,L1-478-409AA40-S
1,57-405B380,0.0,0.0,
2,57-405B380,0.0,0.0,
3,57-405B380,0.0,0.0,
4,57-405B380,0.0,0.0,
5,57-405B380,1.0,1.0,MA-57-40538-S
6,57-405B380,1.0,1,L1-57-40538-S
1,57-409D380,0.0,0.0,
2,57-409D380,0.0,0.0,
3,57-409D380,0.0,0.0,
4,57-409D380,0.0,0.0,
5,57-409D380,1.0,1.0,MA-57-40938-S
6,57-409D380,1.0,1,L1-57-40938-S
1,57-409E380,0.0,0.0,
2,57-409E380,0.0,0.0,
3,57-409E380,0.0,0.0,
4,57-409E380,0.0,0.0,
5,57-409E380,1.0,1.0,MA-57-40938-S
6,57-409E380,1.0,1,L1-57-40938-S
1,6104-409CA300,0.0,0.0,
2,6104-409CA300,0.0,0.0,
3,6104-409CA300,0.0,0.0,
4,6104-409CA300,0.0,0.0,
5,6104-409CA300,1.0,1.0,MA-6104-409CA30-S
6,6104-409CA300,1.0,1,L1-6104-409CA30-S
1,810-410CA260,0.0,0.0,
2,810-410CA260,0.0,0.0,
3,810-410CA260,0.0,0.0,
4,810-410CA260,0.0,0.0,
5,810-410CA260,1.0,1.0,MA-810-410CA26-S
6,810-410CA260,1.0,4,LC-810-410CA26-S
1,816-405EA260,0.0,0.0,
2,816-405EA260,0.0,0.0,
3,816-405EA260,0.0,0.0,
4,816-405EA260,0.0,0.0,
5,816-405EA260,1.0,1.0,MA-816-405CA26-S
6,816-405EA260,1.0,1,L1-816-405CA26-S
1,1151-401BA48,0.0,0.0,
2,1151-401BA48,0.0,0.0,
3,1151-401BA48,0.0,0.0,
4,1151-401BA48,1.0,1.0,MA-1151-401BA48
5,1151-401BA48,1.0,1.0,L1-1151-401BA48
6,1151-401BA48,1.0,1,LA-1151-401BA48-DF
1,5142-601BA44,0.0,0.0,
2,5142-601BA44,0.0,0.0,
3,5142-601BA44,0.0,0.0,
4,5142-601BA44,1.0,1.0,MA-1155-601AA44
5,5142-601BA44,1.0,1.0,L1-1155-601AA44
6,5142-601BA44,1.0,1,LA-1155-601AA44-DF
1,1151-406CA44,0.0,0.0,
2,1151-406CA44,0.0,0.0,
3,1151-406CA44,0.0,0.0,
4,1151-406CA44,0.0,0.0,
5,1151-406CA44,1.0,1.0,MA-1151-406CA44
6,1151-406CA44,1.0,1,L1-1151-406CA44
1,120-404DA,0.0,0.0,
2,120-404DA,0.0,0.0,
3,120-404DA,0.0,0.0,
4,120-404DA,0.0,0.0,
5,120-404DA,1.0,1.0,MA-120-404DA
6,120-404DA,1.0,1,MC-120-404DA
1,120-404KA,0.0,0.0,
2,120-404KA,0.0,0.0,
3,120-404KA,0.0,0.0,
4,120-404KA,0.0,0.0,
5,120-404KA,1.0,1.0,MA-120-404DA
6,120-404KA,1.0,1,MC-120-404KA
1,5142-502AA44,0.0,0.0,
2,5142-502AA44,0.0,0.0,
3,5142-502AA44,0.0,0.0,
4,5142-502AA44,0.0,0.0,
5,5142-502AA44,1.0,1.0,MA-474-502AA34
6,5142-502AA44,1.3,1,L1-474-502AA34
1,3239-608AA34,0.0,0.0,
2,3239-608AA34,0.0,0.0,
3,3239-608AA34,0.0,0.0,
4,3239-608AA34,0.0,0.0,
5,3239-608AA34,1.0,3.0,MA-973-608AA34-DRUM
6,3239-608AA34,1.0,1,L1-882-608AA34
1,K-13801E,0.0,0.0,
2,K-13801E,0.0,0.0,
3,K-13801E,0.0,0.0,
4,K-13801E,0.0,0.0,
5,K-13801E,1.0,1.0,MA-K-13801E
6,K-13801E,1.0,1,MC-K-13801E
1,5163-405BA330,0.0,0.0,
2,5163-405BA330,0.0,0.0,
3,5163-405BA330,0.0,0.0,
4,5163-405BA330,0.0,0.0,
5,5163-405BA330,1.0,1.0,MA-5163-405BA33-S
6,5163-405BA330,1.0,1,L1-5163-405BA33-S
1,3239-432AC34,0.0,0.0,
2,3239-432AC34,0.0,0.0,
3,3239-432AC34,0.0,0.0,
4,3239-432AC34,0.0,0.0,
5,3239-432AC34,1.0,1.0,MA-3237-432BA34
6,3239-432AC34,1.0,1,L1-3237-432BA34
1,740-409HA190,0.0,0.0,
2,740-409HA190,0.0,0.0,
3,740-409HA190,0.0,0.0,
4,740-409HA190,0.0,0.0,
5,740-409HA190,1.0,5.0,MA-740-40919-S
6,740-409HA190,1.0,1,L1-740-40919-S
1,479-601AB34,0.0,0.0,
2,479-601AB34,0.0,0.0,
3,479-601AB34,0.0,0.0,
4,479-601AB34,1.0,1.0,MA-165-601BA34
5,479-601AB34,1.0,1.0,L1-165-601BA34
6,479-601AB34,1.0,1,LA-165-601BA34-L2
1,12Q-411BA36,0.0,0.0,
2,12Q-411BA36,0.0,0.0,
3,12Q-411BA36,1.0,1.0,MA-12Q-411BA36
4,12Q-411BA36,1.0,1.0,L1-12Q-411BA36
5,12Q-411BA36,1.0,1.0,LA-12Q-411BA36-L2
6,12Q-411BA36,1.0,1,LA-12Q-411BA36-MC
1,121-411BA44,0.0,0.0,
2,121-411BA44,0.0,0.0,
3,121-411BA44,0.0,0.0,
4,121-411BA44,0.0,0.0,
5,121-411BA44,1.0,1.0,MA-121-411AA44
6,121-411BA44,1.0,1,L1-121-411AA44
1,5142-502AA33,0.0,0.0,
2,5142-502AA33,0.0,0.0,
3,5142-502AA33,0.0,0.0,
4,5142-502AA33,1.0,1.0,MA-5135-502AA33
5,5142-502AA33,1.0,1.0,L1-5135-502AA33
6,5142-502AA33,1.0,1,PEFIN-5142-502AA33
1,G-6402FC,0.0,0.0,
2,G-6402FC,0.0,0.0,
3,G-6402FC,0.0,0.0,
4,G-6402FC,0.0,0.0,
5,G-6402FC,1.0,1.0,MA-G-6402FC
6,G-6402FC,1.0,1,PA-G-6402FC
1,1731-103AA24,0.0,0.0,
2,1731-103AA24,0.0,0.0,
3,1731-103AA24,0.0,0.0,
4,1731-103AA24,0.0,0.0,
5,1731-103AA24,0.0,0.0,
6,1731-103AA24,1.0,1,MA-1731-103AA24
1,1731-102AA,0.0,0.0,
2,1731-102AA,0.0,0.0,
3,1731-102AA,0.0,0.0,
4,1731-102AA,0.0,0.0,
5,1731-102AA,0.0,0.0,
6,1731-102AA,1.0,1,MA-1731-102AA
1,1731-102BA,0.0,0.0,
2,1731-102BA,0.0,0.0,
3,1731-102BA,0.0,0.0,
4,1731-102BA,0.0,0.0,
5,1731-102BA,0.0,0.0,
6,1731-102BA,1.0,1,MA-1731-102BA
1,355-405300,0.0,0.0,
2,355-405300,0.0,0.0,
3,355-405300,0.0,0.0,
4,355-405300,0.0,0.0,
5,355-405300,1.0,1.0,MA-335-405AA30-S
6,355-405300,1.0,1,L1-335-405AA30-S
1,5542-405AA300,0.0,0.0,
2,5542-405AA300,0.0,0.0,
3,5542-405AA300,0.0,0.0,
4,5542-405AA300,0.0,0.0,
5,5542-405AA300,1.0,1.0,MA-335-405AA30-S
6,5542-405AA300,1.0,1,L1-335-405AA30-S
1,355-409300,0.0,0.0,
2,355-409300,0.0,0.0,
3,355-409300,0.0,0.0,
4,355-409300,0.0,0.0,
5,355-409300,1.0,1.0,MA-355-40930-S
6,355-409300,1.0,1,L1-355-40930-S
1,5142-501BA44,0.0,0.0,
2,5142-501BA44,0.0,0.0,
3,5142-501BA44,0.0,0.0,
4,5142-501BA44,1.0,1.0,MA-1151-501CA44
5,5142-501BA44,1.0,1.0,L1-1151-501CA44
6,5142-501BA44,1.0,1,LA-5142-501BA44-DF
1,5121-501BA44,0.0,0.0,
2,5121-501BA44,0.0,0.0,
3,5121-501BA44,0.0,0.0,
4,5121-501BA44,0.0,0.0,MA-1151-501DA44
5,5121-501BA44,1.0,1.0,L1-1151-501DA44
6,5121-501BA44,1.0,1,LA-1151-501DA44-DF
1,5121-601BA44,0.0,0.0,
2,5121-601BA44,0.0,0.0,
3,5121-601BA44,0.0,0.0,
4,5121-601BA44,1.0,1.0,MA-1155-601AA44
5,5121-601BA44,1.0,1.0,L1-1155-601AA44
6,5121-601BA44,1.0,1,LA-1155-601AA44-DF
1,474-601AA33,0.0,0.0,
2,474-601AA33,0.0,0.0,
3,474-601AA33,0.0,0.0,
4,474-601AA33,1.0,1.0,MA-165-601AB33
5,474-601AA33,1.0,1.0,L1-165-601AB33
6,474-601AA33,1.0,1,LA-165-601BA33-L2
1,5142-601AA33,0.0,0.0,
2,5142-601AA33,0.0,0.0,
3,5142-601AA33,0.0,0.0,
4,5142-601AA33,1.0,1.0,MA-165-601GA35
5,5142-601AA33,1.0,1.0,L1-165-601GA35
6,5142-601AA33,1.0,1,LA-165-601GA35-L2
1,600-652AA21,0.0,0.0,
2,600-652AA21,0.0,0.0,
3,600-652AA21,0.0,0.0,
4,600-652AA21,0.0,0.0,
5,600-652AA21,1.0,1.0,MA-720-65221-DRUM
6,600-652AA21,1.0,4,L1-720-65221-DRUM
1,161-406JB33,0.0,0.0,
2,161-406JB33,0.0,0.0,
3,161-406JB33,1.0,1.0,MA-161-406JA33
4,161-406JB33,1.0,1.0,L1-161-406JA33
5,161-406JB33,1.0,1.0,LA-161-406JA33-D
6,161-406JB33,1.0,1,LA-161-406JB33-MC
1,6207-406CA34,0.0,0.0,
2,6207-406CA34,0.0,0.0,
3,6207-406CA34,1.0,1.0,MA-161-406RE34
4,6207-406CA34,1.0,1.0,L1-161-406RE34
5,6207-406CA34,1.0,1.0,LA-161-406RE34-D
6,6207-406CA34,1.0,1,LA-6207-406CA34-MC
1,1051-501BB33,0.0,0.0,
2,1051-501BB33,0.0,0.0,
3,1051-501BB33,0.0,0.0,
4,1051-501BB33,0.0,0.0,
5,1051-501BB33,1.0,1.0,MA-1051-501BB33
6,1051-501BB33,1.0,1,L1-1051-501BB33
1,5142-501AB33,0.0,0.0,
2,5142-501AB33,0.0,0.0,
3,5142-501AB33,0.0,0.0,
4,5142-501AB33,0.0,0.0,
5,5142-501AB33,1.0,1.0,MA-1051-501CA33
6,5142-501AB33,1.0,1,L1-1051-501CA33
1,5121-641AA44,0.0,0.0,
2,5121-641AA44,0.0,0.0,
3,5121-641AA44,0.0,0.0,
4,5121-641AA44,0.0,0.0,
5,5121-641AA44,1.0,1.0,MA-485-641BA44-DRUM
6,5121-641AA44,1.0,4,L1-485-641BA44-DRUM
1,5121-502JA44,0.0,0.0,
2,5121-502JA44,0.0,0.0,
3,5121-502JA44,0.0,0.0,
4,5121-502JA44,0.0,0.0,
5,5121-502JA44,1.0,1.0,MA-5121-502AA44
6,5121-502JA44,1.0,1,L1-5121-502AA44
1,3139-652AA28,0.0,0.0,
2,3139-652AA28,0.0,0.0,
3,3139-652AA28,0.0,0.0,
4,3139-652AA28,0.0,0.0,
5,3139-652AA28,1.0,1.0,MA-560-66632-DRUM
6,3139-652AA28,1.0,4,L1-720-65228-DRUM
1,3153-652AB36,0.0,0.0,
2,3153-652AB36,0.0,0.0,
3,3153-652AB36,0.0,0.0,
4,3153-652AB36,0.0,0.0,
5,3153-652AB36,1.0,1.0,MA-720-65236-DRUM
6,3153-652AB36,1.0,4,L1-720-65236-DRUM
1,3139-652AA40,0.0,0.0,
2,3139-652AA40,0.0,0.0,
3,3139-652AA40,0.0,0.0,
4,3139-652AA40,0.0,0.0,
5,3139-652AA40,1.0,1.0,MA-720-65240-DRUM
6,3139-652AA40,1.0,4,L1-720-65240-DRUM
1,161-404BEB,0.0,0.0,
2,161-404BEB,0.0,0.0,
3,161-404BEB,0.0,0.0,
4,161-404BEB,0.0,0.0,
5,161-404BEB,0.0,0.0,
6,161-404BEB,1.0,1,MA-161-404BEB
1,582-601EA30,0.0,0.0,
2,582-601EA30,0.0,0.0,
3,582-601EA30,0.0,0.0,
4,582-601EA30,0.0,0.0,
5,582-601EA30,1.0,1.0,MA-603-601-BLOCK
6,582-601EA30,16.0,1,MC-603-601-BLOCK
1,100-501NA28,0.0,0.0,
2,100-501NA28,0.0,0.0,
3,100-501NA28,0.0,0.0,
4,100-501NA28,1.0,1.0,MA-100-501KA28
5,100-501NA28,1.0,1.0,L1-100-501KA28
6,100-501NA28,1.0,1,LA-100-501KA28-DF
1,100-501NA30,0.0,0.0,
2,100-501NA30,0.0,0.0,
3,100-501NA30,0.0,0.0,
4,100-501NA30,1.0,1.0,MA-100-501KA30
5,100-501NA30,1.0,1.0,L1-100-501KA30
6,100-501NA30,1.0,1,LA-100-501KA30-DF
1,100-501PA30,0.0,0.0,
2,100-501PA30,0.0,0.0,
3,100-501PA30,0.0,0.0,
4,100-501PA30,1.0,1.0,MA-100-501KA30
5,100-501PA30,1.0,1.0,L1-100-501KA30
6,100-501PA30,1.0,1,LA-100-501KA30-DF
1,100-501NA34,0.0,0.0,
2,100-501NA34,0.0,0.0,
3,100-501NA34,0.0,0.0,
4,100-501NA34,1.0,1.0,MA-100-501KA34
5,100-501NA34,1.0,1.0,L1-100-501KA34
6,100-501NA34,1.0,1,LA-100-501KA34-DF
1,100-501QA34,0.0,0.0,
2,100-501QA34,0.0,0.0,
3,100-501QA34,0.0,0.0,
4,100-501QA34,1.0,1.0,MA-100-501KA34
5,100-501QA34,1.0,1.0,L1-100-501KA34
6,100-501QA34,1.0,1,LA-100-501KA34-DF
1,100-501NA36,0.0,0.0,
2,100-501NA36,0.0,0.0,
3,100-501NA36,0.0,0.0,
4,100-501NA36,1.0,1.0,MA-100-501KA36
5,100-501NA36,1.0,1.0,L1-100-501KA36
6,100-501NA36,1.0,1,LA-100-501KA36-DF
1,100-501NA38,0.0,0.0,
2,100-501NA38,0.0,0.0,
3,100-501NA38,0.0,0.0,
4,100-501NA38,1.0,1.0,MA-100-501KA38
5,100-501NA38,1.0,1.0,L1-100-501KA38
6,100-501NA38,1.0,1,LA-100-501KA38-DF
1,100-501NA26,0.0,0.0,
2,100-501NA26,0.0,0.0,
3,100-501NA26,0.0,0.0,
4,100-501NA26,1.0,1.0,MA-1531-501ZHA26
5,100-501NA26,1.0,1.0,L1-1531-501ZHA26
6,100-501NA26,1.0,1,LA-1531-501ZHA26-DF
1,100-501NA32,0.0,0.0,
2,100-501NA32,0.0,0.0,
3,100-501NA32,0.0,0.0,
4,100-501NA32,1.0,1.0,MA-1531-501ZHA32
5,100-501NA32,1.0,1.0,L1-1531-501ZHA32
6,100-501NA32,1.0,1,LA-1531-501ZHA32-DF
1,100-501NA3234,0.0,0.0,
2,100-501NA3234,0.0,0.0,
3,100-501NA3234,0.0,0.0,
4,100-501NA3234,1.0,1.0,MA-1531-501ZHA3234
5,100-501NA3234,1.0,1.0,L1-1531-501ZHA3234
6,100-501NA3234,1.0,1,LA-1531-501ZHA3234-DF
1,100-501NA42,0.0,0.0,
2,100-501NA42,0.0,0.0,
3,100-501NA42,0.0,0.0,
4,100-501NA42,1.0,1.0,MA-1531-501ZHA42
5,100-501NA42,1.0,1.0,L1-1531-501ZHA42
6,100-501NA42,1.0,1,LA-1531-501ZHA42-DF
1,1531-501ZQA32,0.0,0.0,
2,1531-501ZQA32,0.0,0.0,
3,1531-501ZQA32,0.0,0.0,
4,1531-501ZQA32,1.0,1.0,MA-1531-501ZLA30
5,1531-501ZQA32,1.0,1.0,L1-1531-501ZLA30
6,1531-501ZQA32,1.0,1,LA-1531-501ZLA30-DF
1,100-501NA3038,0.0,0.0,
2,100-501NA3038,0.0,0.0,
3,100-501NA3038,0.0,0.0,
4,100-501NA3038,0.0,0.0,
5,100-501NA3038,1.0,1.0,MA-100-501KA3034
6,100-501NA3038,1.0,1,L1-100-501KA3034
1,101-440B30,0.0,0.0,
2,101-440B30,0.0,0.0,
3,101-440B30,0.0,0.0,
4,101-440B30,0.0,0.0,
5,101-440B30,1.0,1.0,MA-101-44030
6,101-440B30,1.0,1,L1-101-44030
1,1044-440EA30,0.0,0.0,
2,1044-440EA30,0.0,0.0,
3,1044-440EA30,0.0,0.0,
4,1044-440EA30,0.0,0.0,
5,1044-440EA30,1.0,1.0,MA-1044-440EA30
6,1044-440EA30,1.0,1,L1-1044-440EA30
1,1151-401AA,0.0,0.0,
2,1151-401AA,0.0,0.0,
3,1151-401AA,0.0,0.0,
4,1151-401AA,0.0,0.0,
5,1151-401AA,1.0,1.0,MA-1151-401AA
6,1151-401AA,1.0,1,L1-1151-401AA
1,1151-402AA,0.0,0.0,
2,1151-402AA,0.0,0.0,
3,1151-402AA,0.0,0.0,
4,1151-402AA,0.0,0.0,
5,1151-402AA,1.0,1.0,MA-1151-402AA
6,1151-402AA,1.0,1,L1-1151-402AA
1,1151-406AA,0.0,0.0,
2,1151-406AA,0.0,0.0,
3,1151-406AA,0.0,0.0,
4,1151-406AA,0.0,0.0,
5,1151-406AA,1.0,1.0,MA-1151-406AA
6,1151-406AA,1.0,1,L1-1151-406AA
1,1151-406BA07,0.0,0.0,
2,1151-406BA07,0.0,0.0,
3,1151-406BA07,0.0,0.0,
4,1151-406BA07,0.0,0.0,
5,1151-406BA07,1.0,1.0,MA-1151-406BA07
6,1151-406BA07,1.0,1,L1-1151-406BA07
1,1151-406BA5.5,0.0,0.0,
2,1151-406BA5.5,0.0,0.0,
3,1151-406BA5.5,0.0,0.0,
4,1151-406BA5.5,0.0,0.0,
5,1151-406BA5.5,1.0,1.0,MA-1151-406BA5.5
6,1151-406BA5.5,1.0,1,L1-1151-406BA5.5
1,1151-440AA,0.0,0.0,
2,1151-440AA,0.0,0.0,
3,1151-440AA,0.0,0.0,
4,1151-440AA,0.0,0.0,
5,1151-440AA,1.0,1.0,MA-1151-440AA
6,1151-440AA,1.0,1,L1-1151-440AA
1,1151-501AA,0.0,0.0,
2,1151-501AA,0.0,0.0,
3,1151-501AA,0.0,0.0,
4,1151-501AA,0.0,0.0,
5,1151-501AA,1.0,1.0,MA-1151-501AA
6,1151-501AA,1.0,1,L1-1151-501AA
1,1151-501BA07,0.0,0.0,
2,1151-501BA07,0.0,0.0,
3,1151-501BA07,0.0,0.0,
4,1151-501BA07,0.0,0.0,
5,1151-501BA07,1.0,1.0,MA-1151-501BA07
6,1151-501BA07,1.0,1,L1-1151-501BA07
1,1151-501BA5.5,0.0,0.0,
2,1151-501BA5.5,0.0,0.0,
3,1151-501BA5.5,0.0,0.0,
4,1151-501BA5.5,0.0,0.0,
5,1151-501BA5.5,1.0,1.0,MA-1151-501BA5.5
6,1151-501BA5.5,1.0,1,L1-1151-501BA5.5
1,121-411BA48,0.0,0.0,
2,121-411BA48,0.0,0.0,
3,121-411BA48,0.0,0.0,
4,121-411BA48,0.0,0.0,
5,121-411BA48,1.0,1.0,MA-121-411BA48
6,121-411BA48,1.0,1,L1-121-411BA48
1,1531-501ZQA36,0.0,0.0,
2,1531-501ZQA36,0.0,0.0,
3,1531-501ZQA36,0.0,0.0,
4,1531-501ZQA36,0.0,0.0,
5,1531-501ZQA36,1.0,1.0,MA-1531-501ZKA38
6,1531-501ZQA36,1.0,1,L1-1531-501ZKA38
1,1531-501ZQA38,0.0,0.0,
2,1531-501ZQA38,0.0,0.0,
3,1531-501ZQA38,0.0,0.0,
4,1531-501ZQA38,0.0,0.0,
5,1531-501ZQA38,1.0,1.0,MA-1531-501ZKA38
6,1531-501ZQA38,1.0,1,L1-1531-501ZKA38
1,1531-501ZQA26,0.0,0.0,
2,1531-501ZQA26,0.0,0.0,
3,1531-501ZQA26,0.0,0.0,
4,1531-501ZQA26,0.0,0.0,
5,1531-501ZQA26,1.0,1.0,MA-1531-501ZLA26
6,1531-501ZQA26,1.0,1,L1-1531-501ZLA26
1,1531-501ZQA40,0.0,0.0,
2,1531-501ZQA40,0.0,0.0,
3,1531-501ZQA40,0.0,0.0,
4,1531-501ZQA40,0.0,0.0,
5,1531-501ZQA40,1.0,1.0,MA-1531-501ZQA40
6,1531-501ZQA40,1.0,1,L1-1531-501ZQA40
1,1531-501ZQA42,0.0,0.0,
2,1531-501ZQA42,0.0,0.0,
3,1531-501ZQA42,0.0,0.0,
4,1531-501ZQA42,0.0,0.0,
5,1531-501ZQA42,1.0,1.0,MA-1531-501ZQA40
6,1531-501ZQA42,1.0,1,L1-1531-501ZQA40
1,161-403CA38,0.0,0.0,
2,161-403CA38,0.0,0.0,
3,161-403CA38,0.0,0.0,
4,161-403CA38,1.0,1.0,MA-161-403CA38
5,161-403CA38,1.0,1.0,L1-161-403CA38
6,161-403CA38,1.0,1,MC-161-403CA38
1,5306-405AB340,0.0,0.0,
2,5306-405AB340,0.0,0.0,
3,5306-405AB340,0.0,0.0,
4,5306-405AB340,0.0,0.0,
5,5306-405AB340,1.0,1.0,MA-335-405AA34-S
6,5306-405AB340,1.0,1,L1-335-405AA34-S
1,582-502RA30,0.0,0.0,
2,582-502RA30,0.0,0.0,
3,582-502RA30,0.0,0.0,
4,582-502RA30,0.0,0.0,
5,582-502RA30,1.0,1.0,MA-582-502AA30
6,582-502RA30,1.0,1,L1-582-502AA30
1,4109-652AA34,0.0,0.0,
2,4109-652AA34,0.0,0.0,
3,4109-652AA34,0.0,0.0,
4,4109-652AA34,0.0,0.0,
5,4109-652AA34,1.0,1.0,MA-720-65234-DRUM
6,4109-652AA34,1.0,4,L1-720-65234-DRUM
1,3139-502BA34,0.0,0.0,
2,3139-502BA34,0.0,0.0,
3,3139-502BA34,0.0,0.0,
4,3139-502BA34,0.0,0.0,
5,3139-502BA34,0.0,0.0,
6,3139-502BA34,37.0,1,MA-RH-0175KD-21AA
1,3145-502BA34,0.0,0.0,
2,3145-502BA34,0.0,0.0,
3,3145-502BA34,0.0,0.0,
4,3145-502BA34,0.0,0.0,
5,3145-502BA34,1.0,1.0,MA-3153-502AC34
6,3145-502BA34,1.0,1,L1-3153-502AC34
1,3139-502BA28,0.0,0.0,
2,3139-502BA28,0.0,0.0,
3,3139-502BA28,0.0,0.0,
4,3139-502BA28,0.0,0.0,
5,3139-502BA28,0.0,0.0,
6,3139-502BA28,31.0,1,MA-RH-0175KD-21AA
1,1531-501ZRA34,0.0,0.0,
2,1531-501ZRA34,0.0,0.0,
3,1531-501ZRA34,0.0,0.0,
4,1531-501ZRA34,0.0,0.0,
5,1531-501ZRA34,1.0,1.0,MA-1531-501ZRA34
6,1531-501ZRA34,1.0,1,L1-1531-501ZRA34
1,3139-502BA36,0.0,0.0,
2,3139-502BA36,0.0,0.0,
3,3139-502BA36,0.0,0.0,
4,3139-502BA36,0.0,0.0,
5,3139-502BA36,0.0,0.0,
6,3139-502BA36,40.0,1,MA-RH-0175KD-21AA
1,3139-502BA38,0.0,0.0,
2,3139-502BA38,0.0,0.0,
3,3139-502BA38,0.0,0.0,
4,3139-502BA38,0.0,0.0,
5,3139-502BA38,0.0,0.0,
6,3139-502BA38,41.0,1,MA-RH-0175KD-21AA
1,6214-501AA34,0.0,0.0,
2,6214-501AA34,0.0,0.0,
3,6214-501AA34,0.0,0.0,
4,6214-501AA34,1.0,1.0,MA-5529-501CA34
5,6214-501AA34,1.0,1.0,L1-5529-501CA34
6,6214-501AA34,1.0,1,LA-5529-501CA34-DF
1,6214-502AA34,0.0,0.0,
2,6214-502AA34,0.0,0.0,
3,6214-502AA34,0.0,0.0,
4,6214-502AA34,0.0,0.0,
5,6214-502AA34,1.0,1.0,MA-5517-502AA34
6,6214-502AA34,1.0,1,L1-5517-502AA34
1,6214-601AA34,0.0,0.0,
2,6214-601AA34,0.0,0.0,
3,6214-601AA34,0.0,0.0,
4,6214-601AA34,1.0,1.0,MA-5207-601DA34
5,6214-601AA34,1.0,1.0,L1-5207-601DA34
6,6214-601AA34,1.0,1,LA-5207-601DA34-L2
1,SPL-2521CA30,0.0,0.0,
2,SPL-2521CA30,0.0,0.0,
3,SPL-2521CA30,0.0,0.0,
4,SPL-2521CA30,0.0,0.0,
5,SPL-2521CA30,0.0,0.0,
6,SPL-2521CA30,1.0,1,MA-1631-103AB30
1,478-409FA340,0.0,0.0,
2,478-409FA340,0.0,0.0,
3,478-409FA340,0.0,0.0,
4,478-409FA340,0.0,0.0,
5,478-409FA340,1.0,1.0,MA-478-409BA34-S
6,478-409FA340,1.0,1,L1-478-409BA34-S
1,6104-409CA340,0.0,0.0,
2,6104-409CA340,0.0,0.0,
3,6104-409CA340,0.0,0.0,
4,6104-409CA340,0.0,0.0,
5,6104-409CA340,1.0,1.0,MA-6104-409CA34-S
6,6104-409CA340,1.0,1,L1-6104-409CA34-S
1,161-403CA30,0.0,0.0,
2,161-403CA30,0.0,0.0,
3,161-403CA30,0.0,0.0,
4,161-403CA30,1.0,1.0,MA-161-403CA30
5,161-403CA30,1.0,1.0,L1-161-403CA30
6,161-403CA30,1.0,1,MC-161-403CA30
1,6207-501CA34,0.0,0.0,
2,6207-501CA34,0.0,0.0,
3,6207-501CA34,0.0,0.0,
4,6207-501CA34,1.0,1.0,MA-5529-501CA34
5,6207-501CA34,1.0,1.0,L1-5529-501CA34
6,6207-501CA34,1.0,1,LA-5529-501CA34-DF
1,1551-401DA38,0.0,0.0,
2,1551-401DA38,0.0,0.0,
3,1551-401DA38,1.0,1.0,MA-1551-401AA38
4,1551-401DA38,1.0,1.0,L1-1551-401AA38
5,1551-401DA38,1.0,1.0,LA-1551-401AA38-D
6,1551-401DA38,1.0,1,LA-1551-401AA38-DF
1,161-403HA38,0.0,0.0,
2,161-403HA38,0.0,0.0,
3,161-403HA38,0.0,0.0,
4,161-403HA38,0.0,0.0,
5,161-403HA38,1.0,1.0,MA-161-403DA38
6,161-403HA38,1.0,1,L1-161-403DA38
1,4305-601EA14,0.0,0.0,
2,4305-601EA14,0.0,0.0,
3,4305-601EA14,0.0,0.0,
4,4305-601EA14,0.0,0.0,
5,4305-601EA14,0.0,0.0,
6,4305-601EA14,8.0,1,MA-3538-601EA
1,335-409AA360,0.0,0.0,
2,335-409AA360,0.0,0.0,
3,335-409AA360,0.0,0.0,
4,335-409AA360,0.0,0.0,
5,335-409AA360,1.0,1.0,MA-478-409AA36-S
6,335-409AA360,1.0,1,L1-478-409AA36-S
1,1532-431BA26,0.0,0.0,
2,1532-431BA26,0.0,0.0,
3,1532-431BA26,0.0,0.0,
4,1532-431BA26,0.0,0.0,
5,1532-431BA26,1.0,1.0,MA-1532-431BA26
6,1532-431BA26,1.0,1,L1-1532-431BA26
1,4305-601EA21,0.0,0.0,
2,4305-601EA21,0.0,0.0,
3,4305-601EA21,0.0,0.0,
4,4305-601EA21,1.0,1.0,MA-4305-601AA
5,4305-601EA21,11.0,1.0,MC-4305-601AA
6,4305-601EA21,1.0,1,PL-4305-601EA21
1,4305-601EA22,0.0,0.0,
2,4305-601EA22,0.0,0.0,
3,4305-601EA22,0.0,0.0,
4,4305-601EA22,1.0,1.0,MA-4305-601AA
5,4305-601EA22,12.0,1.0,MC-4305-601AA
6,4305-601EA22,1.0,1,PL-4305-601EA22
1,4305-601EA18,0.0,0.0,
2,4305-601EA18,0.0,0.0,
3,4305-601EA18,0.0,0.0,
4,4305-601EA18,1.0,1.0,MA-4305-601AA
5,4305-601EA18,10.0,1.0,MC-4305-601AA
6,4305-601EA18,1.0,1,PL-4305-601EA18
1,4305-601EA19,0.0,0.0,
2,4305-601EA19,0.0,0.0,
3,4305-601EA19,0.0,0.0,
4,4305-601EA19,1.0,1.0,MA-4305-601AA
5,4305-601EA19,10.0,1.0,MC-4305-601AA
6,4305-601EA19,1.0,1,PL-4305-601EA19
1,4305-601EA20,0.0,0.0,
2,4305-601EA20,0.0,0.0,
3,4305-601EA20,0.0,0.0,
4,4305-601EA20,1.0,1.0,MA-4305-601AA
5,4305-601EA20,11.0,1.0,MC-4305-601AA
6,4305-601EA20,1.0,1,PL-4305-601EA20
1,5215-502AA34,0.0,0.0,
2,5215-502AA34,0.0,0.0,
3,5215-502AA34,0.0,0.0,
4,5215-502AA34,0.0,0.0,
5,5215-502AA34,1.0,1.0,MA-5163-502AA34
6,5215-502AA34,1.0,1,L1-5163-502AA34
1,3550-601JB34,0.0,0.0,
2,3550-601JB34,0.0,0.0,
3,3550-601JB34,0.0,0.0,
4,3550-601JB34,0.0,0.0,
5,3550-601JB34,1.0,6.0,MA-603-60134-DRUM
6,3550-601JB34,1.0,1,L1-943-601AA34
1,335-409EA330,0.0,0.0,
2,335-409EA330,0.0,0.0,
3,335-409EA330,0.0,0.0,
4,335-409EA330,0.0,0.0,
5,335-409EA330,1.0,1.0,MA-478-409BA33-S
6,335-409EA330,1.0,1,L1-478-409BA33-S
1,740-409HA200,0.0,0.0,
2,740-409HA200,0.0,0.0,
3,740-409HA200,0.0,0.0,
4,740-409HA200,0.0,0.0,
5,740-409HA200,1.0,5.0,MA-740-40920-S
6,740-409HA200,1.0,1,L1-740-40920-S
1,3538-501CA34,0.0,0.0,
2,3538-501CA34,0.0,0.0,
3,3538-501CA34,0.0,0.0,
4,3538-501CA34,1.0,1.0,MA-171-501GA34
5,3538-501CA34,1.0,1.0,L1-171-501GA34
6,3538-501CA34,1.0,1,LA-171-501GA34-DF
1,1635-401AA38,0.0,0.0,
2,1635-401AA38,0.0,0.0,
3,1635-401AA38,1.0,1.0,MA-1635-401AA38
4,1635-401AA38,1.0,1.0,L1-1635-401AA38
5,1635-401AA38,1.0,1.0,LA-1635-401AA38-D
6,1635-401AA38,1.0,1,LA-1635-401AA38-DF
1,73-409E380,0.0,0.0,
2,73-409E380,0.0,0.0,
3,73-409E380,0.0,0.0,
4,73-409E380,0.0,0.0,
5,73-409E380,1.0,1.0,MA-57-40938-S
6,73-409E380,1.0,1,L1-57-40938-S
1,78-405380,0.0,0.0,
2,78-405380,0.0,0.0,
3,78-405380,0.0,0.0,
4,78-405380,0.0,0.0,
5,78-405380,1.0,1.0,MA-78-40538-S
6,78-405380,1.0,1,L1-78-40538-S
1,K-13801KA,0.0,0.0,
2,K-13801KA,0.0,0.0,
3,K-13801KA,0.0,0.0,
4,K-13801KA,0.0,0.0,
5,K-13801KA,0.0,0.0,
6,K-13801KA,1.0,1,MA-K-13801KA
1,3504-501AA30,0.0,0.0,
2,3504-501AA30,0.0,0.0,
3,3504-501AA30,0.0,0.0,
4,3504-501AA30,0.0,0.0,
5,3504-501AA30,1.0,1.0,MA-3504-501AA30
6,3504-501AA30,1.0,1,L1-3504-501AA30
1,1035-406BA30,0.0,0.0,
2,1035-406BA30,0.0,0.0,
3,1035-406BA30,1.0,1.0,MA-1035-406BA30
4,1035-406BA30,1.0,1.0,L1-1035-406BA30
5,1035-406BA30,1.0,1.0,LA-1035-406BA30-D
6,1035-406BA30,1.0,1,LA-1035-406BA30-MC
1,161-406RE42,0.0,0.0,
2,161-406RE42,0.0,0.0,
3,161-406RE42,1.0,1.0,MA-161-406RE42
4,161-406RE42,1.0,1.0,L1-161-406RE42
5,161-406RE42,1.0,1.0,LA-161-406RE42-D
6,161-406RE42,1.0,1,LA-161-406RE42-MC
1,1635-401BA38,0.0,0.0,
2,1635-401BA38,0.0,0.0,
3,1635-401BA38,1.0,1.0,MA-1635-401AA38
4,1635-401BA38,1.0,1.0,L1-1635-401AA38
5,1635-401BA38,1.0,1.0,LA-1635-401AA38-D
6,1635-401BA38,1.0,1,LA-1635-401AA38-DF
1,3504-608BA30,0.0,0.0,
2,3504-608BA30,0.0,0.0,
3,3504-608BA30,0.0,0.0,
4,3504-608BA30,0.0,0.0,
5,3504-608BA30,1.0,1.0,MA-3504-608AA30
6,3504-608BA30,1.0,1,L1-3504-608AA30
1,161-404ACG,0.0,0.0,
2,161-404ACG,0.0,0.0,
3,161-404ACG,0.0,0.0,
4,161-404ACG,0.0,0.0,
5,161-404ACG,0.0,0.0,
6,161-404ACG,1.0,1,MA-161-404ACC
1,1155-102AB,0.0,0.0,
2,1155-102AB,0.0,0.0,
3,1155-102AB,0.0,0.0,
4,1155-102AB,0.0,0.0,
5,1155-102AB,0.0,0.0,
6,1155-102AB,1.0,1,MA-1155-102AB
1,1331-102UA,0.0,0.0,
2,1331-102UA,0.0,0.0,
3,1331-102UA,0.0,0.0,
4,1331-102UA,0.0,0.0,
5,1331-102UA,0.0,0.0,
6,1331-102UA,1.0,1,MA-1331-102UA
1,87-405EA30,0.0,0.0,
2,87-405EA30,0.0,0.0,
3,87-405EA30,0.0,0.0,
4,87-405EA30,0.0,0.0,
5,87-405EA30,1.0,1.0,MA-87-40530
6,87-405EA30,1.0,1,L1-87-405EA30
1,3153-502EB34,0.0,0.0,
2,3153-502EB34,0.0,0.0,
3,3153-502EB34,0.0,0.0,
4,3153-502EB34,0.0,0.0,
5,3153-502EB34,0.0,0.0,
6,3153-502EB34,37.0,1,MA-RH-0175KD-21AA
1,5145-502EA09,0.0,0.0,
2,5145-502EA09,0.0,0.0,
3,5145-502EA09,0.0,0.0,
4,5145-502EA09,0.0,0.0,
5,5145-502EA09,1.0,1.0,MA-59-502B09
6,5145-502EA09,1.0,1,L1-59-502B09
1,1751-406BC09,0.0,0.0,
2,1751-406BC09,0.0,0.0,
3,1751-406BC09,0.0,0.0,
4,1751-406BC09,1.0,1.0,MA-1751-406BC09
5,1751-406BC09,1.0,1.0,L1-1751-406BC09
6,1751-406BC09,1.0,1,LA-1751-406BC09-MC
1,5145-601AA09,0.0,0.0,
2,5145-601AA09,0.0,0.0,
3,5145-601AA09,0.0,0.0,
4,5145-601AA09,0.0,0.0,
5,5145-601AA09,0.0,0.0,
6,5145-601AA09,1.0,1,MA-1751-601AA09
1,12Q-411KA34,0.0,0.0,
2,12Q-411KA34,0.0,0.0,
3,12Q-411KA34,1.0,1.0,MA-12Q-411BA34
4,12Q-411KA34,1.0,1.0,L1-12Q-411BA34
5,12Q-411KA34,1.0,1.0,LA-12Q-411BA34-L2
6,12Q-411KA34,1.0,1,LA-12Q-411KA34-MC
1,5145-501AA09,0.0,0.0,
2,5145-501AA09,0.0,0.0,
3,5145-501AA09,0.0,0.0,
4,5145-501AA09,0.0,0.0,
5,5145-501AA09,1.0,1.0,MA-1751-501AA09
6,5145-501AA09,1.0,1,L1-1751-501AA09
1,3554-652AA34,0.0,0.0,
2,3554-652AA34,0.0,0.0,
3,3554-652AA34,0.0,0.0,
4,3554-652AA34,0.0,0.0,
5,3554-652AA34,1.0,1.0,MA-720-65234-DRUM
6,3554-652AA34,1.0,4,L1-720-65234-DRUM
1,161-404BFA,0.0,0.0,
2,161-404BFA,0.0,0.0,
3,161-404BFA,0.0,0.0,
4,161-404BFA,0.0,0.0,
5,161-404BFA,0.0,0.0,
6,161-404BFA,1.0,1,MA-161-404BFA
1,5145-602EA09,0.0,0.0,
2,5145-602EA09,0.0,0.0,
3,5145-602EA09,0.0,0.0,
4,5145-602EA09,0.0,0.0,
5,5145-602EA09,0.0,0.0,
6,5145-602EA09,2.0,1,MA-RH-0031A-05C
1,1751-411AA09,0.0,0.0,
2,1751-411AA09,0.0,0.0,
3,1751-411AA09,0.0,0.0,
4,1751-411AA09,0.0,0.0,
5,1751-411AA09,0.0,0.0,
6,1751-411AA09,1.0,1,MA-1751-411AA09
1,3139-502BA40,0.0,0.0,
2,3139-502BA40,0.0,0.0,
3,3139-502BA40,0.0,0.0,
4,3139-502BA40,0.0,0.0,
5,3139-502BA40,0.0,0.0,
6,3139-502BA40,44.0,1,MA-RH-0175KD-21AA
1,3139-502FA34,0.0,0.0,
2,3139-502FA34,0.0,0.0,
3,3139-502FA34,0.0,0.0,
4,3139-502FA34,0.0,0.0,
5,3139-502FA34,0.0,0.0,
6,3139-502FA34,37.0,1,MA-RH-0175KD-21AA
1,5211-409AA340,0.0,0.0,
2,5211-409AA340,0.0,0.0,
3,5211-409AA340,0.0,0.0,
4,5211-409AA340,0.0,0.0,
5,5211-409AA340,1.0,1.0,MA-478-409AA34-S
6,5211-409AA340,1.0,1,L1-478-409AA34-S
1,5215-405AA340,0.0,0.0,
2,5215-405AA340,0.0,0.0,
3,5215-405AA340,0.0,0.0,
4,5215-405AA340,0.0,0.0,
5,5215-405AA340,1.0,1.0,MA-5163-40534-S
6,5215-405AA340,1.0,1,L1-5163-40534-S
1,740-409HA420,0.0,0.0,
2,740-409HA420,0.0,0.0,
3,740-409HA420,0.0,0.0,
4,740-409HA420,0.0,0.0,
5,740-409HA420,1.0,1.0,MA-740-40942-S
6,740-409HA420,1.0,4,LC-740-40942-S
1,201-409BB200,0.0,0.0,
2,201-409BB200,0.0,0.0,
3,201-409BB200,0.0,0.0,
4,201-409BB200,0.0,0.0,
5,201-409BB200,1.0,1.0,MA-201-40920-S
6,201-409BB200,1.0,1,L1-201-409BA20-S
1,220-409330,0.0,0.0,
2,220-409330,0.0,0.0,
3,220-409330,0.0,0.0,
4,220-409330,0.0,0.0,
5,220-409330,1.0,1.0,MA-220-40933-S
6,220-409330,1.0,1,L1-220-40933-S
1,5201-405BA330,0.0,0.0,
2,5201-405BA330,0.0,0.0,
3,5201-405BA330,0.0,0.0,
4,5201-405BA330,0.0,0.0,
5,5201-405BA330,1.0,1.0,MA-225-40533-S
6,5201-405BA330,1.0,1,L1-225-40533-S
1,478-409JA480,0.0,0.0,
2,478-409JA480,0.0,0.0,
3,478-409JA480,0.0,0.0,
4,478-409JA480,0.0,0.0,
5,478-409JA480,1.0,1.0,MA-329-409AA48-S
6,478-409JA480,1.0,1,L1-329-409AA48-S
1,274-405CA480,0.0,0.0,
2,274-405CA480,0.0,0.0,
3,274-405CA480,0.0,0.0,
4,274-405CA480,0.0,0.0,
5,274-405CA480,1.0,1.0,MA-335-405AA48-S
6,274-405CA480,1.0,1,L1-335-405AA48-S
1,201-405AA200,0.0,0.0,
2,201-405AA200,0.0,0.0,
3,201-405AA200,0.0,0.0,
4,201-405AA200,0.0,0.0,
5,201-405AA200,1.0,1.0,MA-57-40520-S
6,201-405AA200,1.0,1,L1-57-40520-S
1,603-502JA34,0.0,0.0,
2,603-502JA34,0.0,0.0,
3,603-502JA34,0.0,0.0,
4,603-502JA34,0.0,0.0,
5,603-502JA34,1.0,1.0,MA-582-502AA34
6,603-502JA34,1.0,1,L1-582-502AA34
1,600-652AA34,0.0,0.0,
2,600-652AA34,0.0,0.0,
3,600-652AA34,0.0,0.0,
4,600-652AA34,0.0,0.0,
5,600-652AA34,1.0,1.0,MA-720-65234-DRUM
6,600-652AA34,1.0,4,L1-720-65234-DRUM
1,603-601EA34,0.0,0.0,
2,603-601EA34,0.0,0.0,
3,603-601EA34,0.0,0.0,
4,603-601EA34,0.0,0.0,
5,603-601EA34,1.0,1.0,MA-603-601-BLOCK
6,603-601EA34,19.0,1,MC-603-601-BLOCK
1,1151-406DA48,0.0,0.0,
2,1151-406DA48,0.0,0.0,
3,1151-406DA48,0.0,0.0,
4,1151-406DA48,0.0,0.0,
5,1151-406DA48,1.0,1.0,MA-1151-406DA48
6,1151-406DA48,1.0,1,L1-1151-406DA48
1,120-404HA,0.0,0.0,
2,120-404HA,0.0,0.0,
3,120-404HA,0.0,0.0,
4,120-404HA,0.0,0.0,
5,120-404HA,1.0,1.0,MA-120-404HA
6,120-404HA,1.0,1,MC-120-404HA
1,120-404JA,0.0,0.0,
2,120-404JA,0.0,0.0,
3,120-404JA,0.0,0.0,
4,120-404JA,0.0,0.0,
5,120-404JA,1.0,1.0,MA-120-404HA
6,120-404JA,1.0,1,MC-120-404JA
1,G-6501GD,0.0,0.0,
2,G-6501GD,0.0,0.0,
3,G-6501GD,0.0,0.0,
4,G-6501GD,0.0,0.0,
5,G-6501GD,0.0,0.0,
6,G-6501GD,1.0,1,MA-G-6501GD
1,87-405EA300,0.0,0.0,
2,87-405EA300,0.0,0.0,
3,87-405EA300,0.0,0.0,
4,87-405EA300,0.0,0.0,
5,87-405EA300,1.0,1.0,MA-87-40530
6,87-405EA300,1.0,1,L1-87-405EA30
1,740-410EA300,0.0,0.0,
2,740-410EA300,0.0,0.0,
3,740-410EA300,0.0,0.0,
4,740-410EA300,0.0,0.0,
5,740-410EA300,1.0,1.0,MA-970-41030-S
6,740-410EA300,1.0,4,LC-970-41030-S
1,1631-111PA,0.0,0.0,
2,1631-111PA,0.0,0.0,
3,1631-111PA,0.0,0.0,
4,1631-111PA,0.0,0.0,
5,1631-111PA,1.0,1.0,MA-1631-111PA
6,1631-111PA,1.0,1,MC-1631-111PA
1,57-405B200,0.0,0.0,
2,57-405B200,0.0,0.0,
3,57-405B200,0.0,0.0,
4,57-405B200,0.0,0.0,
5,57-405B200,1.0,1.0,MA-57-40520-S
6,57-405B200,1.0,1,L1-57-40520-S
1,59-409DA200,0.0,0.0,
2,59-409DA200,0.0,0.0,
3,59-409DA200,0.0,0.0,
4,59-409DA200,0.0,0.0,
5,59-409DA200,1.0,1.0,MA-59-40920-S
6,59-409DA200,1.0,1,L1-59-40920-S
1,279-409A380,0.0,0.0,
2,279-409A380,0.0,0.0,
3,279-409A380,0.0,0.0,
4,279-409A380,0.0,0.0,
5,279-409A380,1.0,1.0,MA-79-409B38-S
6,279-409A380,1.0,1,L1-79-409B38-S
1,5128-601AA38,0.0,0.0,
2,5128-601AA38,0.0,0.0,
3,5128-601AA38,0.0,0.0,
4,5128-601AA38,1.0,1.0,MA-165-601BA38
5,5128-601AA38,1.0,1.0,L1-165-601BA38
6,5128-601AA38,1.0,1,LA-165-601BA38-L2
1,5520-601AB38,0.0,0.0,
2,5520-601AB38,0.0,0.0,
3,5520-601AB38,0.0,0.0,
4,5520-601AB38,1.0,1.0,MA-161-601HA38
5,5520-601AB38,1.0,1.0,L1-161-601HA38
6,5520-601AB38,1.0,1,LA-161-601HA38-L2
1,100-406DA26,0.0,0.0,
2,100-406DA26,0.0,0.0,
3,100-406DA26,1.0,1.0,MA-100-406DA26
4,100-406DA26,1.0,1.0,L1-100-406DA26
5,100-406DA26,1.0,1.0,LA-100-406DA26-D
6,100-406DA26,1.0,1,LA-100-406DA26-MC
1,3326-501AA30,0.0,0.0,
2,3326-501AA30,0.0,0.0,
3,3326-501AA30,0.0,0.0,
4,3326-501AA30,1.0,1.0,MA-1531-501CA30
5,3326-501AA30,1.0,1.0,L1-1531-501CA30
6,3326-501AA30,1.0,1,LA-1531-501CA30-DF
1,3652-501CA34,0.0,0.0,
2,3652-501CA34,0.0,0.0,
3,3652-501CA34,0.0,0.0,
4,3652-501CA34,1.0,1.0,MA-171-501GA34
5,3652-501CA34,1.0,1.0,L1-171-501GA34
6,3652-501CA34,1.0,1,LA-171-501GA34-DF
1,3555-652AA34,0.0,0.0,
2,3555-652AA34,0.0,0.0,
3,3555-652AA34,0.0,0.0,
4,3555-652AA34,0.0,0.0,
5,3555-652AA34,1.0,1.0,MA-720-65234-DRUM
6,3555-652AA34,1.0,4,L1-720-65234-DRUM
1,3326-601EA30,0.0,0.0,
2,3326-601EA30,0.0,0.0,
3,3326-601EA30,0.0,0.0,
4,3326-601EA30,0.0,0.0,
5,3326-601EA30,1.0,1.0,MA-748-601AA30
6,3326-601EA30,1.0,1,L1-748-601AA30
1,810-410DA300,0.0,0.0,
2,810-410DA300,0.0,0.0,
3,810-410DA300,0.0,0.0,
4,810-410DA300,0.0,0.0,
5,810-410DA300,1.0,1.0,MA-810-410CA30-S
6,810-410DA300,1.0,4,LC-810-410CA30-S
1,5520-502XA,0.0,0.0,
2,5520-502XA,0.0,0.0,
3,5520-502XA,0.0,0.0,
4,5520-502XA,0.0,0.0,
5,5520-502XA,1.0,1.0,MA-RP-0145N
6,5520-502XA,1.0,1,MC-RP-0145N
1,65-405300,0.0,0.0,
2,65-405300,0.0,0.0,
3,65-405300,0.0,0.0,
4,65-405300,0.0,0.0,
5,65-405300,1.0,1.0,MA-65-40531-S
6,65-405300,1.0,1,L1-65-40531-S
1,3326-405AA300,0.0,0.0,
2,3326-405AA300,0.0,0.0,
3,3326-405AA300,0.0,0.0,
4,3326-405AA300,0.0,0.0,
5,3326-405AA300,1.0,1.0,MA-816-405CA30-S
6,3326-405AA300,1.0,1,L1-816-405CA30-S
1,3636-501CA30,0.0,0.0,
2,3636-501CA30,0.0,0.0,
3,3636-501CA30,0.0,0.0,
4,3636-501CA30,1.0,1.0,MA-171-501HA30
5,3636-501CA30,1.0,1.0,L1-171-501HA30
6,3636-501CA30,1.0,1,LA-171-501HA30-DF
1,171-406PA30,0.0,0.0,
2,171-406PA30,0.0,0.0,
3,171-406PA30,1.0,1.0,MA-171-406PA30
4,171-406PA30,1.0,1.0,L1-171-406PA30
5,171-406PA30,1.0,1.0,LA-171-406PA30-D
6,171-406PA30,1.0,1,LA-171-406PA30-MC
1,274-405BA360,0.0,0.0,
2,274-405BA360,0.0,0.0,
3,274-405BA360,0.0,0.0,
4,274-405BA360,0.0,0.0,
5,274-405BA360,1.0,1.0,MA-335-405AA36-S
6,274-405BA360,1.0,1,L1-335-405AA36-S
1,6104-409CA360,0.0,0.0,
2,6104-409CA360,0.0,0.0,
3,6104-409CA360,0.0,0.0,
4,6104-409CA360,0.0,0.0,
5,6104-409CA360,1.0,1.0,MA-6104-409CA36-S
6,6104-409CA360,1.0,1,L1-6104-409CA36-S
1,5520-501BB36,0.0,0.0,
2,5520-501BB36,0.0,0.0,
3,5520-501BB36,0.0,0.0,
4,5520-501BB36,1.0,1.0,MA-5500-501EB36
5,5520-501BB36,1.0,1.0,L1-5500-501EB36
6,5520-501BB36,1.0,1,LA-5500-501EB36-DF
1,5533-501AA36,0.0,0.0,
2,5533-501AA36,0.0,0.0,
3,5533-501AA36,0.0,0.0,
4,5533-501AA36,1.0,1.0,MA-5529-501CA36
5,5533-501AA36,1.0,1.0,L1-5529-501CA36
6,5533-501AA36,1.0,1,LA-5529-501CA36-DF
1,6105-601AA36,0.0,0.0,
2,6105-601AA36,0.0,0.0,
3,6105-601AA36,0.0,0.0,
4,6105-601AA36,1.0,1.0,MA-6104-601AA36
5,6105-601AA36,1.0,1.0,L1-6104-601AA36
6,6105-601AA36,1.0,1,LA-6104-601AA36-L2
1,161-406RE36,0.0,0.0,
2,161-406RE36,0.0,0.0,
3,161-406RE36,1.0,1.0,MA-161-406RE36
4,161-406RE36,1.0,1.0,L1-161-406RE36
5,161-406RE36,1.0,1.0,LA-161-406RE36-D
6,161-406RE36,1.0,1,LA-161-406RE36-MC
1,1631-141AA,0.0,0.0,
2,1631-141AA,0.0,0.0,
3,1631-141AA,0.0,0.0,
4,1631-141AA,0.0,0.0,
5,1631-141AA,1.0,1.0,MA-1631-141AA
6,1631-141AA,1.0,1,MC-1631-141AA
1,SPL-2521DA,0.0,0.0,
2,SPL-2521DA,0.0,0.0,
3,SPL-2521DA,0.0,0.0,
4,SPL-2521DA,0.0,0.0,
5,SPL-2521DA,0.0,0.0,
6,SPL-2521DA,1.0,1,MA-1631-102BD
1,810-410CA160,0.0,0.0,
2,810-410CA160,0.0,0.0,
3,810-410CA160,0.0,0.0,
4,810-410CA160,0.0,0.0,
5,810-410CA160,1.0,1.0,MA-810-410CA16-S
6,810-410CA160,1.0,3,LC-810-410CA16-S
1,960-409AA160,0.0,0.0,
2,960-409AA160,0.0,0.0,
3,960-409AA160,0.0,0.0,
4,960-409AA160,0.0,0.0,
5,960-409AA160,1.0,4.0,MA-740-40916-S
6,960-409AA160,1.0,1,L1-960-409AA16-S
1,3145-652AA34,0.0,0.0,
2,3145-652AA34,0.0,0.0,
3,3145-652AA34,0.0,0.0,
4,3145-652AA34,0.0,0.0,
5,3145-652AA34,1.0,1.0,MA-720-65234-DRUM
6,3145-652AA34,1.0,4,L1-720-65234-DRUM
1,3662-501AA30,0.0,0.0,
2,3662-501AA30,0.0,0.0,
3,3662-501AA30,0.0,0.0,
4,3662-501AA30,1.0,1.0,MA-171-501HA30
5,3662-501AA30,1.0,1.0,L1-171-501HA30
6,3662-501AA30,1.0,1,LA-171-501HA30-DF
1,355-405BA330,0.0,0.0,
2,355-405BA330,0.0,0.0,
3,355-405BA330,0.0,0.0,
4,355-405BA330,0.0,0.0,
5,355-405BA330,1.0,1.0,MA-335-405AA33-S
6,355-405BA330,1.0,1,L1-335-405AA33-S
1,78-409E330,0.0,0.0,
2,78-409E330,0.0,0.0,
3,78-409E330,0.0,0.0,
4,78-409E330,0.0,0.0,
5,78-409E330,1.0,1.0,MA-79-409B33-S
6,78-409E330,1.0,1,L1-79-409B33-S
1,1731-417CA18,0.0,0.0,
2,1731-417CA18,0.0,0.0,
3,1731-417CA18,0.0,0.0,
4,1731-417CA18,0.0,0.0,
5,1731-417CA18,0.0,0.0,
6,1731-417CA18,1.0,3,MA-1731-417BA18-DRUM
1,3326-501BA30,0.0,0.0,
2,3326-501BA30,0.0,0.0,
3,3326-501BA30,0.0,0.0,
4,3326-501BA30,1.0,1.0,MA-3326-501BA30
5,3326-501BA30,1.0,1.0,L1-3326-501BA30
6,3326-501BA30,1.0,1,LA-3326-501BA30-DF
1,1231-103JA38,0.0,0.0,
2,1231-103JA38,0.0,0.0,
3,1231-103JA38,0.0,0.0,
4,1231-103JA38,0.0,0.0,
5,1231-103JA38,0.0,0.0,
6,1231-103JA38,1.0,1,MA-1231-103JA38
1,6104-602CB34,0.0,0.0,
2,6104-602CB34,0.0,0.0,
3,6104-602CB34,0.0,0.0,
4,6104-602CB34,0.0,0.0,
5,6104-602CB34,0.0,0.0,
6,6104-602CB34,1.0,1,MA-RH-0031A-05H
1,6207-602FE34,0.0,0.0,
2,6207-602FE34,0.0,0.0,
3,6207-602FE34,0.0,0.0,
4,6207-602FE34,0.0,0.0,
5,6207-602FE34,0.0,0.0,
6,6207-602FE34,1.0,1,MA-RH-0031A-05H
1,6207-602GD34,0.0,0.0,
2,6207-602GD34,0.0,0.0,
3,6207-602GD34,0.0,0.0,
4,6207-602GD34,0.0,0.0,
5,6207-602GD34,0.0,0.0,
6,6207-602GD34,1.0,1,MA-RH-0031A-05H
1,6207-602HD34,0.0,0.0,
2,6207-602HD34,0.0,0.0,
3,6207-602HD34,0.0,0.0,
4,6207-602HD34,0.0,0.0,
5,6207-602HD34,0.0,0.0,
6,6207-602HD34,1.0,1,MA-RH-0031A-05H
1,6207-602JD34,0.0,0.0,
2,6207-602JD34,0.0,0.0,
3,6207-602JD34,0.0,0.0,
4,6207-602JD34,0.0,0.0,
5,6207-602JD34,0.0,0.0,
6,6207-602JD34,1.0,1,MA-RH-0031A-05H
1,1331-102VA,0.0,0.0,
2,1331-102VA,0.0,0.0,
3,1331-102VA,0.0,0.0,
4,1331-102VA,0.0,0.0,
5,1331-102VA,0.0,0.0,
6,1331-102VA,1.0,1,MA-1631-102DB
1,12Q-411MB31,0.0,0.0,
2,12Q-411MB31,0.0,0.0,
3,12Q-411MB31,1.0,1.0,MA-12Q-411MA31
4,12Q-411MB31,1.0,1.0,L1-12Q-411MA31
5,12Q-411MB31,1.0,1.0,LA-12Q-411MA31-L2
6,12Q-411MB31,1.0,1,LA-12Q-411MB31-MC
1,5517-641AA30,0.0,0.0,
2,5517-641AA30,0.0,0.0,
3,5517-641AA30,0.0,0.0,
4,5517-641AA30,0.0,0.0,
5,5517-641AA30,1.0,1.0,MA-485-641BA30-DRUM
6,5517-641AA30,1.0,4,L1-485-641BA30-DRUM
1,5520-502YA,0.0,0.0,
2,5520-502YA,0.0,0.0,
3,5520-502YA,0.0,0.0,
4,5520-502YA,0.0,0.0,
5,5520-502YA,1.0,1.0,MA-RP-0145N
6,5520-502YA,1.0,1,MC-RP-0145N
1,12Q-411MB38,0.0,0.0,
2,12Q-411MB38,0.0,0.0,
3,12Q-411MB38,1.0,1.0,MA-12Q-411MA38
4,12Q-411MB38,1.0,1.0,L1-12Q-411MA38
5,12Q-411MB38,1.0,1.0,LA-12Q-411MA38-L2
6,12Q-411MB38,1.0,1,LA-12Q-411MB38-MC
1,161-406JB31,0.0,0.0,
2,161-406JB31,0.0,0.0,
3,161-406JB31,1.0,1.0,MA-161-406JA31
4,161-406JB31,1.0,1.0,L1-161-406JA31
5,161-406JB31,1.0,1.0,LA-161-406JA31-D
6,161-406JB31,1.0,1,LA-161-406JB31-MC
1,3538-501CA30,0.0,0.0,
2,3538-501CA30,0.0,0.0,
3,3538-501CA30,0.0,0.0,
4,3538-501CA30,1.0,1.0,MA-3538-501CA30
5,3538-501CA30,1.0,1.0,L1-3538-501CA30
6,3538-501CA30,1.0,1,LA-3538-501CA30-DF
1,3538-501DA30,0.0,0.0,
2,3538-501DA30,0.0,0.0,
3,3538-501DA30,0.0,0.0,
4,3538-501DA30,1.0,1.0,MA-3538-501DA30
5,3538-501DA30,1.0,1.0,L1-3538-501DA30
6,3538-501DA30,1.0,1,LA-3538-501DA30-DF
1,1635-406AA30,0.0,0.0,
2,1635-406AA30,0.0,0.0,
3,1635-406AA30,1.0,1.0,MA-1635-406AA30
4,1635-406AA30,1.0,1.0,L1-1635-406AA30
5,1635-406AA30,1.0,1.0,LA-1635-406AA30-D
6,1635-406AA30,1.0,1,LA-1635-406AA30-MC
1,631-666B30,0.0,0.0,
2,631-666B30,0.0,0.0,
3,631-666B30,0.0,0.0,
4,631-666B30,0.0,0.0,
5,631-666B30,1.0,1.0,MA-560-66630-DRUM
6,631-666B30,1.0,4,L1-560-66630-DRUM
1,1731-501ZJA22,0.0,0.0,
2,1731-501ZJA22,0.0,0.0,
3,1731-501ZJA22,0.0,0.0,
4,1731-501ZJA22,0.0,0.0,
5,1731-501ZJA22,1.0,1.0,MA-19B-501ZGA22
6,1731-501ZJA22,1.0,1,L1-19B-501ZGA22
1,3662-409AB340,0.0,0.0,
2,3662-409AB340,0.0,0.0,
3,3662-409AB340,0.0,0.0,
4,3662-409AB340,1.0,1.0,MA-3662-409AB34-S
5,3662-409AB340,1.0,1.0,L1-3662-409AB34-S
6,3662-409AB340,1.0,1,3662-409AB34-SR
1,5172-641AA30,0.0,0.0,
2,5172-641AA30,0.0,0.0,
3,5172-641AA30,0.0,0.0,
4,5172-641AA30,0.0,0.0,
5,5172-641AA30,1.0,1.0,MA-485-641BA30-DRUM
6,5172-641AA30,1.0,4,L1-485-641BA30-DRUM
1,3154-652AB22,0.0,0.0,
2,3154-652AB22,0.0,0.0,
3,3154-652AB22,0.0,0.0,
4,3154-652AB22,0.0,0.0,
5,3154-652AB22,1.0,1.0,MA-720-65222-DRUM
6,3154-652AB22,1.0,4,L1-720-65222-DRUM
1,740-409CA340,0.0,0.0,
2,740-409CA340,0.0,0.0,
3,740-409CA340,0.0,0.0,
4,740-409CA340,0.0,0.0,
5,740-409CA340,1.0,5.0,MA-740-40934-S
6,740-409CA340,1.0,1,L1-740-40934-S
1,740-410GA340,0.0,0.0,
2,740-410GA340,0.0,0.0,
3,740-410GA340,0.0,0.0,
4,740-410GA340,0.0,0.0,
5,740-410GA340,1.0,1.0,MA-970-41034-S
6,740-410GA340,1.0,4,LC-970-41034-S
1,5172-602AA30,0.0,0.0,
2,5172-602AA30,0.0,0.0,
3,5172-602AA30,0.0,0.0,
4,5172-602AA30,0.0,0.0,
5,5172-602AA30,0.0,0.0,
6,5172-602AA30,1.0,1,MA-RH-0031A-06E
1,5172-602BA30,0.0,0.0,
2,5172-602BA30,0.0,0.0,
3,5172-602BA30,0.0,0.0,
4,5172-602BA30,0.0,0.0,
5,5172-602BA30,0.0,0.0,
6,5172-602BA30,1.0,1,MA-RH-0031A-05C
1,80-406B26,0.0,0.0,
2,80-406B26,0.0,0.0,
3,80-406B26,0.0,0.0,
4,80-406B26,0.0,0.0,
5,80-406B26,1.0,1.0,MA-80-406B26
6,80-406B26,1.0,1,L1-80-406B26
1,631-502NA30,0.0,0.0,
2,631-502NA30,0.0,0.0,
3,631-502NA30,0.0,0.0,
4,631-502NA30,0.0,0.0,
5,631-502NA30,1.0,1.0,MA-631-50230
6,631-502NA30,1.0,1,L1-631-50230
1,5172-601AA30,0.0,0.0,
2,5172-601AA30,0.0,0.0,
3,5172-601AA30,0.0,0.0,
4,5172-601AA30,1.0,1.0,MA-165-601GA33
5,5172-601AA30,1.0,1.0,L1-165-601GA33
6,5172-601AA30,1.0,1,LA-165-601GA33-L2
1,1331-210JA,0.0,0.0,
2,1331-210JA,0.0,0.0,
3,1331-210JA,0.0,0.0,
4,1331-210JA,0.0,0.0,
5,1331-210JA,1.0,1.0,MA-1331-210JA
6,1331-210JA,1.0,1,MC-1331-210JA
1,1331-211JA,0.0,0.0,
2,1331-211JA,0.0,0.0,
3,1331-211JA,0.0,0.0,
4,1331-211JA,0.0,0.0,
5,1331-211JA,1.0,1.0,MA-1331-211JA
6,1331-211JA,1.0,1,MC-1331-211JA
1,740-409DA340,0.0,0.0,
2,740-409DA340,0.0,0.0,
3,740-409DA340,0.0,0.0,
4,740-409DA340,0.0,0.0,
5,740-409DA340,1.0,5.0,MA-740-40934-S
6,740-409DA340,1.0,1,L1-740-40934-S
1,1631-111QA,0.0,0.0,
2,1631-111QA,0.0,0.0,
3,1631-111QA,0.0,0.0,
4,1631-111QA,0.0,0.0,
5,1631-111QA,1.0,1.0,MA-1631-111QA
6,1631-111QA,1.0,1,MC-1631-111QA
1,1631-111RA,0.0,0.0,
2,1631-111RA,0.0,0.0,
3,1631-111RA,0.0,0.0,
4,1631-111RA,0.0,0.0,
5,1631-111RA,1.0,1.0,MA-1631-111RA
6,1631-111RA,1.0,1,MC-1631-111RA
1,87-405FA340,0.0,0.0,
2,87-405FA340,0.0,0.0,
3,87-405FA340,0.0,0.0,
4,87-405FA340,0.0,0.0,
5,87-405FA340,1.0,1.0,MA-87-40534-S
6,87-405FA340,1.0,1,L1-87-405EA34-S
1,5172-501AA30,0.0,0.0,
2,5172-501AA30,0.0,0.0,
3,5172-501AA30,0.0,0.0,
4,5172-501AA30,0.0,0.0,
5,5172-501AA30,1.0,1.0,MA-1051-501CA30
6,5172-501AA30,1.0,1,L1-1051-501CA30
1,5172-501BA33,0.0,0.0,
2,5172-501BA33,0.0,0.0,
3,5172-501BA33,0.0,0.0,
4,5172-501BA33,0.0,0.0,
5,5172-501BA33,1.0,1.0,MA-1051-501BB33
6,5172-501BA33,1.0,1,L1-1051-501GA33
1,3650-651AB30,0.0,0.0,
2,3650-651AB30,0.0,0.0,
3,3650-651AB30,0.0,0.0,
4,3650-651AB30,0.0,0.0,
5,3650-651AB30,1.0,1.0,MA-3650-651AA30-DRUM
6,3650-651AB30,1.0,3,L1-3650-651AA30-DRUM
1,3650-651AA34,0.0,0.0,
2,3650-651AA34,0.0,0.0,
3,3650-651AA34,0.0,0.0,
4,3650-651AA34,0.0,0.0,
5,3650-651AA34,1.0,1.0,MA-3650-651AA34-DRUM
6,3650-651AA34,1.0,3,L1-3650-651AA34-DRUM
1,3153-652AB28,0.0,0.0,
2,3153-652AB28,0.0,0.0,
3,3153-652AB28,0.0,0.0,
4,3153-652AB28,0.0,0.0,
5,3153-652AB28,1.0,1.0,MA-560-66632-DRUM
6,3153-652AB28,1.0,4,L1-720-65228-DRUM
1,740-409FA280,0.0,0.0,
2,740-409FA280,0.0,0.0,
3,740-409FA280,0.0,0.0,
4,740-409FA280,0.0,0.0,
5,740-409FA280,1.0,5.0,MA-740-40928-S
6,740-409FA280,1.0,1,L1-740-40928-S
1,81-405GA280,0.0,0.0,
2,81-405GA280,0.0,0.0,
3,81-405GA280,0.0,0.0,
4,81-405GA280,0.0,0.0,
5,81-405GA280,1.0,1.0,MA-81-40528
6,81-405GA280,1.0,1,L1-81-405EA28
1,740-410KA280,0.0,0.0,
2,740-410KA280,0.0,0.0,
3,740-410KA280,0.0,0.0,
4,740-410KA280,0.0,0.0,
5,740-410KA280,1.0,1.0,MA-970-41028-S
6,740-410KA280,1.0,4,LC-970-41028-S
1,4117-652AA30,0.0,0.0,
2,4117-652AA30,0.0,0.0,
3,4117-652AA30,0.0,0.0,
4,4117-652AA30,0.0,0.0,
5,4117-652AA30,1.0,1.0,MA-720-65230-DRUM
6,4117-652AA30,1.0,4,L1-720-65230-DRUM
1,5142-501AA38,0.0,0.0,
2,5142-501AA38,0.0,0.0,
3,5142-501AA38,0.0,0.0,
4,5142-501AA38,0.0,0.0,
5,5142-501AA38,1.0,1.0,MA-1051-501CA38
6,5142-501AA38,1.0,1,L1-1051-501CA38
1,1731-501ZGA22,0.0,0.0,
2,1731-501ZGA22,0.0,0.0,
3,1731-501ZGA22,0.0,0.0,
4,1731-501ZGA22,0.0,0.0,
5,1731-501ZGA22,1.0,1.0,MA-19B-501ZGA22
6,1731-501ZGA22,1.0,1,L1-19B-501ZGA22
1,1531-501ZQA2230,0.0,0.0,
2,1531-501ZQA2230,0.0,0.0,
3,1531-501ZQA2230,0.0,0.0,
4,1531-501ZQA2230,1.0,1.0,MA-1531-501ZKA2230
5,1531-501ZQA2230,1.0,1.0,L1-1531-501ZKA2230
6,1531-501ZQA2230,1.0,1,LA-1531-501ZKA2230-DF
1,3650-501CA34,0.0,0.0,
2,3650-501CA34,0.0,0.0,
3,3650-501CA34,0.0,0.0,
4,3650-501CA34,1.0,1.0,MA-171-501GA34
5,3650-501CA34,1.0,1.0,L1-171-501GA34
6,3650-501CA34,1.0,1,LA-171-501GA34-DF
1,1531-406AA2230,0.0,0.0,
2,1531-406AA2230,0.0,0.0,
3,1531-406AA2230,1.0,1.0,MA-1531-406AA2230
4,1531-406AA2230,1.0,1.0,L1-1531-406AA2230
5,1531-406AA2230,1.0,1.0,LA-1531-406AA2230-D
6,1531-406AA2230,1.0,1,LA-1531-406AA2230-MC
1,600-652AA22,0.0,0.0,
2,600-652AA22,0.0,0.0,
3,600-652AA22,0.0,0.0,
4,600-652AA22,0.0,0.0,
5,600-652AA22,1.0,1.0,MA-720-65222-DRUM
6,600-652AA22,1.0,4,L1-720-65222-DRUM
1,740-409HA220,0.0,0.0,
2,740-409HA220,0.0,0.0,
3,740-409HA220,0.0,0.0,
4,740-409HA220,0.0,0.0,
5,740-409HA220,1.0,5.0,MA-740-40922-S
6,740-409HA220,1.0,1,L1-740-40922-S
1,81-405EA220,0.0,0.0,
2,81-405EA220,0.0,0.0,
3,81-405EA220,0.0,0.0,
4,81-405EA220,0.0,0.0,
5,81-405EA220,1.0,1.0,MA-81-40522
6,81-405EA220,1.0,1,L1-81-405EA22
1,740-410EA220,0.0,0.0,
2,740-410EA220,0.0,0.0,
3,740-410EA220,0.0,0.0,
4,740-410EA220,0.0,0.0,
5,740-410EA220,1.0,1.0,MA-970-41022-S
6,740-410EA220,1.0,4,LC-970-41022-S
1,740-409HA150,0.0,0.0,
2,740-409HA150,0.0,0.0,
3,740-409HA150,0.0,0.0,
4,740-409HA150,0.0,0.0,
5,740-409HA150,1.0,5.0,MA-740-40915-S
6,740-409HA150,1.0,1,L1-740-40915-S
1,1355-401EA24,0.0,0.0,
2,1355-401EA24,0.0,0.0,
3,1355-401EA24,0.0,0.0,
4,1355-401EA24,1.0,1.0,MA-1355-401DA24
5,1355-401EA24,1.0,1.0,L1-1355-401DA24
6,1355-401EA24,1.0,1,LA-1355-401DA24-D
1,6108-601AA38,0.0,0.0,
2,6108-601AA38,0.0,0.0,
3,6108-601AA38,0.0,0.0,
4,6108-601AA38,1.0,1.0,MA-6104-601AA38
5,6108-601AA38,1.0,1.0,L1-6104-601AA38
6,6108-601AA38,1.0,1,LA-6104-601AA38-L2
1,6108-641AA38,0.0,0.0,
2,6108-641AA38,0.0,0.0,
3,6108-641AA38,0.0,0.0,
4,6108-641AA38,0.0,0.0,
5,6108-641AA38,1.0,1.0,MA-485-641BA38-DRUM
6,6108-641AA38,1.0,4,L1-485-641BA38-DRUM
1,6108-502AA38,0.0,0.0,
2,6108-502AA38,0.0,0.0,
3,6108-502AA38,0.0,0.0,
4,6108-502AA38,0.0,0.0,
5,6108-502AA38,1.0,1.0,MA-5517-502AA38
6,6108-502AA38,1.0,1,L1-5517-502AA38
1,4207-651AB34,0.0,0.0,
2,4207-651AB34,0.0,0.0,
3,4207-651AB34,0.0,0.0,
4,4207-651AB34,0.0,0.0,
5,4207-651AB34,1.0,1.0,MA-625-65134-DRUM
6,4207-651AB34,1.0,4,L1-625-65134-DRUM
1,6108-602AA38,0.0,0.0,
2,6108-602AA38,0.0,0.0,
3,6108-602AA38,0.0,0.0,
4,6108-602AA38,0.0,0.0,
5,6108-602AA38,0.0,0.0,
6,6108-602AA38,1.0,1,MA-RH-0031K-06SA
1,6108-602BA38,0.0,0.0,
2,6108-602BA38,0.0,0.0,
3,6108-602BA38,0.0,0.0,
4,6108-602BA38,0.0,0.0,
5,6108-602BA38,0.0,0.0,
6,6108-602BA38,1.0,1,MA-RH-0031K-06SA
1,6108-602CA38,0.0,0.0,
2,6108-602CA38,0.0,0.0,
3,6108-602CA38,0.0,0.0,
4,6108-602CA38,0.0,0.0,
5,6108-602CA38,0.0,0.0,
6,6108-602CA38,1.0,1,MA-RH-0031K-06SA
1,6108-602DA38,0.0,0.0,
2,6108-602DA38,0.0,0.0,
3,6108-602DA38,0.0,0.0,
4,6108-602DA38,0.0,0.0,
5,6108-602DA38,0.0,0.0,
6,6108-602DA38,1.0,1,MA-RH-0031K-06RA
1,6108-606AA38,0.0,0.0,
2,6108-606AA38,0.0,0.0,
3,6108-606AA38,0.0,0.0,
4,6108-606AA38,0.0,0.0,
5,6108-606AA38,0.0,0.0,
6,6108-606AA38,1.0,1,MA-RH-0031A-05C
1,6108-602EA38,0.0,0.0,
2,6108-602EA38,0.0,0.0,
3,6108-602EA38,0.0,0.0,
4,6108-602EA38,0.0,0.0,
5,6108-602EA38,0.0,0.0,
6,6108-602EA38,1.0,1,MA-RH-0031K-06SA
1,1532-440DA34,0.0,0.0,
2,1532-440DA34,0.0,0.0,
3,1532-440DA34,0.0,0.0,
4,1532-440DA34,0.0,0.0,
5,1532-440DA34,1.0,1.0,MA-1532-440AA34
6,1532-440DA34,1.0,1,L1-1532-440AA34
1,3237-432AC34,0.0,0.0,
2,3237-432AC34,0.0,0.0,
3,3237-432AC34,0.0,0.0,
4,3237-432AC34,0.0,0.0,
5,3237-432AC34,1.0,1.0,MA-3237-432BA34
6,3237-432AC34,1.0,1,L1-3237-432BA34
1,5211-409AA360,0.0,0.0,
2,5211-409AA360,0.0,0.0,
3,5211-409AA360,0.0,0.0,
4,5211-409AA360,0.0,0.0,
5,5211-409AA360,1.0,1.0,MA-478-409AA36-S
6,5211-409AA360,1.0,1,L1-478-409AA36-S
1,5211-405AB360,0.0,0.0,
2,5211-405AB360,0.0,0.0,
3,5211-405AB360,0.0,0.0,
4,5211-405AB360,0.0,0.0,
5,5211-405AB360,1.0,1.0,MA-78-40536-S
6,5211-405AB360,1.0,1,L1-78-40536-S
1,3660-501CA30,0.0,0.0,
2,3660-501CA30,0.0,0.0,
3,3660-501CA30,0.0,0.0,
4,3660-501CA30,1.0,1.0,MA-171-501HA30
5,3660-501CA30,1.0,1.0,L1-171-501HA30
6,3660-501CA30,1.0,1,LA-171-501HA30-DF
1,4207-651AB30,0.0,0.0,
2,4207-651AB30,0.0,0.0,
3,4207-651AB30,0.0,0.0,
4,4207-651AB30,0.0,0.0,
5,4207-651AB30,1.0,1.0,MA-625-65130-DRUM
6,4207-651AB30,1.0,4,L1-625-65130-DRUM
1,5211-405AB340,0.0,0.0,
2,5211-405AB340,0.0,0.0,
3,5211-405AB340,0.0,0.0,
4,5211-405AB340,0.0,0.0,
5,5211-405AB340,1.0,1.0,MA-78-40534-S
6,5211-405AB340,1.0,1,L1-78-40534-S
1,6207-601AC34,0.0,0.0,
2,6207-601AC34,0.0,0.0,
3,6207-601AC34,0.0,0.0,
4,6207-601AC34,1.0,1.0,MA-5207-601BB34
5,6207-601AC34,1.0,1.0,L1-5207-601BB34
6,6207-601AC34,1.0,1,LA-5207-601BB34-L2
1,3650-608AB30,0.0,0.0,
2,3650-608AB30,0.0,0.0,
3,3650-608AB30,0.0,0.0,
4,3650-608AB30,0.0,0.0,
5,3650-608AB30,1.0,3.0,MA-814-60830-DRUM
6,3650-608AB30,1.0,1,L1-3650-608AA30
1,4117-601EB30,0.0,0.0,
2,4117-601EB30,0.0,0.0,
3,4117-601EB30,0.0,0.0,
4,4117-601EB30,0.0,0.0,
5,4117-601EB30,1.0,1.0,MA-748-601AA30
6,4117-601EB30,1.0,1,L1-748-601AA30
1,5165-501AB30,0.0,0.0,
2,5165-501AB30,0.0,0.0,
3,5165-501AB30,0.0,0.0,
4,5165-501AB30,1.0,1.0,MA-161-501AA30
5,5165-501AB30,1.0,1.0,L1-161-501AA30
6,5165-501AB30,1.0,1,LA-161-501AA30-DF
1,5165-601AA30,0.0,0.0,
2,5165-601AA30,0.0,0.0,
3,5165-601AA30,0.0,0.0,
4,5165-601AA30,1.0,1.0,MA-165-601AB33
5,5165-601AA30,1.0,1.0,L1-165-601AB33
6,5165-601AA30,1.0,1,LA-165-601BA33-L2
1,5529-501CA38,0.0,0.0,
2,5529-501CA38,0.0,0.0,
3,5529-501CA38,0.0,0.0,
4,5529-501CA38,1.0,1.0,MA-5529-501CA38
5,5529-501CA38,1.0,1.0,L1-5529-501CA38
6,5529-501CA38,1.0,1,LA-5529-501CA38-DF
1,279-409DA330,0.0,0.0,
2,279-409DA330,0.0,0.0,
3,279-409DA330,0.0,0.0,
4,279-409DA330,0.0,0.0,
5,279-409DA330,1.0,1.0,MA-478-409BA33-S
6,279-409DA330,1.0,1,L1-478-409BA33-S
1,3922-502JB26,0.0,0.0,
2,3922-502JB26,0.0,0.0,
3,3922-502JB26,0.0,0.0,
4,3922-502JB26,0.0,0.0,
5,3922-502JB26,1.0,1.0,MA-3922-502AC26
6,3922-502JB26,1.0,1,L1-3922-502AC26
1,3153-502JB36,0.0,0.0,
2,3153-502JB36,0.0,0.0,
3,3153-502JB36,0.0,0.0,
4,3153-502JB36,0.0,0.0,
5,3153-502JB36,0.0,0.0,
6,3153-502JB36,40.0,1,MA-RH-0175KD-21AA
1,5308-601AA30,0.0,0.0,
2,5308-601AA30,0.0,0.0,
3,5308-601AA30,0.0,0.0,
4,5308-601AA30,1.0,1.0,MA-161-601BA30
5,5308-601AA30,1.0,1.0,L1-161-601BA30
6,5308-601AA30,1.0,1,LA-161-601BB30-L2
1,3922-502JD30,0.0,0.0,
2,3922-502JD30,0.0,0.0,
3,3922-502JD30,0.0,0.0,
4,3922-502JD30,0.0,0.0,
5,3922-502JD30,1.0,1.0,MA-600-502AA30
6,3922-502JD30,1.0,1,L1-3922-502AC30
1,3922-502EB26,0.0,0.0,
2,3922-502EB26,0.0,0.0,
3,3922-502EB26,0.0,0.0,
4,3922-502EB26,1.0,1.0,MA-3922-502AC26
5,3922-502EB26,1.0,1.0,L1-3922-502AC26
6,3922-502EB26,1.0,1,PL-3922-502EB26
1,4105-409AA300,0.0,0.0,
2,4105-409AA300,0.0,0.0,
3,4105-409AA300,0.0,0.0,
4,4105-409AA300,0.0,0.0,
5,4105-409AA300,1.0,4.0,MA-4105-409AA30-S
6,4105-409AA300,1.0,1,L1-4105-409AA30-S
1,5154-502AA38,0.0,0.0,
2,5154-502AA38,0.0,0.0,
3,5154-502AA38,0.0,0.0,
4,5154-502AA38,0.0,0.0,
5,5154-502AA38,1.0,1.0,MA-474-502AA34
6,5154-502AA38,1.3,1,L1-474-502AA34
1,5154-602BA38,0.0,0.0,
2,5154-602BA38,0.0,0.0,
3,5154-602BA38,0.0,0.0,
4,5154-602BA38,0.0,0.0,
5,5154-602BA38,0.0,0.0,
6,5154-602BA38,1.0,1,MA-RH-0031A-05C
1,5154-602AA38,0.0,0.0,
2,5154-602AA38,0.0,0.0,
3,5154-602AA38,0.0,0.0,
4,5154-602AA38,0.0,0.0,
5,5154-602AA38,0.0,0.0,
6,5154-602AA38,1.0,1,MA-RH-0031K-06B
1,5172-641AA33,0.0,0.0,
2,5172-641AA33,0.0,0.0,
3,5172-641AA33,0.0,0.0,
4,5172-641AA33,0.0,0.0,
5,5172-641AA33,1.0,1.0,MA-485-641BA33-DRUM
6,5172-641AA33,1.0,4,L1-485-641BA33-DRUM
1,4117-652AA34,0.0,0.0,
2,4117-652AA34,0.0,0.0,
3,4117-652AA34,0.0,0.0,
4,4117-652AA34,0.0,0.0,
5,4117-652AA34,1.0,1.0,MA-720-65234-DRUM
6,4117-652AA34,1.0,4,L1-720-65234-DRUM
1,5172-501AA33,0.0,0.0,
2,5172-501AA33,0.0,0.0,
3,5172-501AA33,0.0,0.0,
4,5172-501AA33,1.0,1.0,MA-5172-501AA33
5,5172-501AA33,1.0,1.0,L1-5172-501AA33
6,5172-501AA33,1.0,1,LA-5172-501AA33-DF
1,3153-601EB36,0.0,0.0,
2,3153-601EB36,0.0,0.0,
3,3153-601EB36,0.0,0.0,
4,3153-601EB36,0.0,0.0,
5,3153-601EB36,1.0,1.0,MA-603-601-BLOCK
6,3153-601EB36,21.0,1,MC-603-601-BLOCK
1,5172-601AA33,0.0,0.0,
2,5172-601AA33,0.0,0.0,
3,5172-601AA33,0.0,0.0,
4,5172-601AA33,1.0,1.0,MA-165-601GA35
5,5172-601AA33,1.0,1.0,L1-165-601GA35
6,5172-601AA33,1.0,1,LA-165-601GA35-L2
1,5208-601AA34,0.0,0.0,
2,5208-601AA34,0.0,0.0,
3,5208-601AA34,0.0,0.0,
4,5208-601AA34,1.0,1.0,MA-5207-601CA34
5,5208-601AA34,1.0,1.0,L1-5207-601CA34
6,5208-601AA34,1.0,1,LA-5207-601CA34-L2
1,5172-602AA33,0.0,0.0,
2,5172-602AA33,0.0,0.0,
3,5172-602AA33,0.0,0.0,
4,5172-602AA33,0.0,0.0,
5,5172-602AA33,0.0,0.0,
6,5172-602AA33,1.0,1,MA-RH-0031A-06E
1,5172-602BA33,0.0,0.0,
2,5172-602BA33,0.0,0.0,
3,5172-602BA33,0.0,0.0,
4,5172-602BA33,0.0,0.0,
5,5172-602BA33,0.0,0.0,
6,5172-602BA33,1.0,1,MA-RH-0031A-05C
1,5172-602CA33,0.0,0.0,
2,5172-602CA33,0.0,0.0,
3,5172-602CA33,0.0,0.0,
4,5172-602CA33,0.0,0.0,
5,5172-602CA33,0.0,0.0,
6,5172-602CA33,1.0,1,MA-RH-0031A-05C
1,3139-502FA32,0.0,0.0,
2,3139-502FA32,0.0,0.0,
3,3139-502FA32,0.0,0.0,
4,3139-502FA32,0.0,0.0,
5,3139-502FA32,0.0,0.0,
6,3139-502FA32,36.0,1,MA-RH-0175KD-21AA
1,3145-502EA32,0.0,0.0,
2,3145-502EA32,0.0,0.0,
3,3145-502EA32,0.0,0.0,
4,3145-502EA32,0.0,0.0,
5,3145-502EA32,1.0,1.0,MA-600-502AA32
6,3145-502EA32,1.0,1,L1-3153-502AC32
1,5540-405BA380,0.0,0.0,
2,5540-405BA380,0.0,0.0,
3,5540-405BA380,0.0,0.0,
4,5540-405BA380,0.0,0.0,
5,5540-405BA380,1.0,1.0,MA-335-405AA38-S
6,5540-405BA380,1.0,1,L1-335-405AA38-S
1,5172-502AA33,0.0,0.0,
2,5172-502AA33,0.0,0.0,
3,5172-502AA33,0.0,0.0,
4,5172-502AA33,0.0,0.0,
5,5172-502AA33,1.0,1.0,MA-5172-502AA33
6,5172-502AA33,1.0,1,L1-5172-502AA33
1,3638-501CA30,0.0,0.0,
2,3638-501CA30,0.0,0.0,
3,3638-501CA30,0.0,0.0,
4,3638-501CA30,1.0,1.0,MA-171-501HA30
5,3638-501CA30,1.0,1.0,L1-171-501HA30
6,3638-501CA30,1.0,1,LA-171-501HA30-DF
1,3248-432AA30,0.0,0.0,
2,3248-432AA30,0.0,0.0,
3,3248-432AA30,0.0,0.0,
4,3248-432AA30,0.0,0.0,
5,3248-432AA30,1.0,1.0,MA-3237-432BA30
6,3248-432AA30,1.0,1,L1-3237-432BA30
1,12Q-411LA34,0.0,0.0,
2,12Q-411LA34,0.0,0.0,
3,12Q-411LA34,1.0,1.0,MA-12Q-411BA34
4,12Q-411LA34,1.0,1.0,L1-12Q-411BA34
5,12Q-411LA34,1.0,1.0,LA-12Q-411BA34-L2
6,12Q-411LA34,1.0,1,LA-12Q-411LA34-MC
1,1551-401CA30,0.0,0.0,
2,1551-401CA30,0.0,0.0,
3,1551-401CA30,1.0,1.0,MA-1551-401CA30
4,1551-401CA30,1.0,1.0,L1-1551-401CA30
5,1551-401CA30,1.0,1.0,LA-1551-401CA30-D
6,1551-401CA30,1.0,1,LA-1551-401CA30-DF
1,57-405B130,0.0,0.0,
2,57-405B130,0.0,0.0,
3,57-405B130,0.0,0.0,
4,57-405B130,0.0,0.0,
5,57-405B130,1.0,1.0,MA-57-40513-S
6,57-405B130,1.0,1,L1-57-40513-S
1,59-409DA130,0.0,0.0,
2,59-409DA130,0.0,0.0,
3,59-409DA130,0.0,0.0,
4,59-409DA130,0.0,0.0,
5,59-409DA130,1.0,1.0,MA-59-40913-S
6,59-409DA130,1.0,1,L1-59-40913-S
1,5612-602AA34,0.0,0.0,
2,5612-602AA34,0.0,0.0,
3,5612-602AA34,0.0,0.0,
4,5612-602AA34,0.0,0.0,
5,5612-602AA34,0.0,0.0,
6,5612-602AA34,1.0,1,MA-RH-0031A-05C
1,5612-602BA34,0.0,0.0,
2,5612-602BA34,0.0,0.0,
3,5612-602BA34,0.0,0.0,
4,5612-602BA34,0.0,0.0,
5,5612-602BA34,0.0,0.0,
6,5612-602BA34,1.0,1,MA-RH-0031A-05C
1,5612-602CA34,0.0,0.0,
2,5612-602CA34,0.0,0.0,
3,5612-602CA34,0.0,0.0,
4,5612-602CA34,0.0,0.0,
5,5612-602CA34,0.0,0.0,
6,5612-602CA34,1.0,1,MA-RH-0031A-05C
1,5612-602DA34,0.0,0.0,
2,5612-602DA34,0.0,0.0,
3,5612-602DA34,0.0,0.0,
4,5612-602DA34,0.0,0.0,
5,5612-602DA34,0.0,0.0,
6,5612-602DA34,1.0,1,MA-RH-0031A-05C
1,5128-601AA33,0.0,0.0,
2,5128-601AA33,0.0,0.0,
3,5128-601AA33,0.0,0.0,
4,5128-601AA33,1.0,1.0,MA-165-601AB33
5,5128-601AA33,1.0,1.0,L1-165-601AB33
6,5128-601AA33,1.0,1,LA-165-601BA33-L2
1,474-601AB36,0.0,0.0,
2,474-601AB36,0.0,0.0,
3,474-601AB36,0.0,0.0,
4,474-601AB36,1.0,1.0,MA-165-601BA36
5,474-601AB36,1.0,1.0,L1-165-601BA36
6,474-601AB36,1.0,1,LA-165-601BA36-L2
1,5612-601AA34,0.0,0.0,
2,5612-601AA34,0.0,0.0,
3,5612-601AA34,0.0,0.0,
4,5612-601AA34,1.0,1.0,MA-5211-601AA34
5,5612-601AA34,1.0,1.0,L1-5211-601AA34
6,5612-601AA34,1.0,1,LA-5610-601AA34-L2
1,1635-401AA30,0.0,0.0,
2,1635-401AA30,0.0,0.0,
3,1635-401AA30,1.0,1.0,MA-1635-401AA30
4,1635-401AA30,1.0,1.0,L1-1635-401AA30
5,1635-401AA30,1.0,1.0,LA-1635-401AA30-D
6,1635-401AA30,1.0,1,LA-1635-401AA30-DF
1,6214-502CA34,0.0,0.0,
2,6214-502CA34,0.0,0.0,
3,6214-502CA34,0.0,0.0,
4,6214-502CA34,0.0,0.0,
5,6214-502CA34,1.0,1.0,MA-5517-502AA34
6,6214-502CA34,1.0,1,L1-5517-502AA34
1,12Q-411MB36,0.0,0.0,
2,12Q-411MB36,0.0,0.0,
3,12Q-411MB36,1.0,1.0,MA-12Q-411MA36
4,12Q-411MB36,1.0,1.0,L1-12Q-411MA36
5,12Q-411MB36,1.0,1.0,LA-12Q-411MA36-L2
6,12Q-411MB36,1.0,1,LA-12Q-411MB36-MC
1,12Q-411MB34,0.0,0.0,
2,12Q-411MB34,0.0,0.0,
3,12Q-411MB34,1.0,1.0,MA-12Q-411MA34
4,12Q-411MB34,1.0,1.0,L1-12Q-411MA34
5,12Q-411MB34,1.0,1.0,LA-12Q-411MA34-L2
6,12Q-411MB34,1.0,1,LA-12Q-411MB34-MC
1,4117-601EA32,0.0,0.0,
2,4117-601EA32,0.0,0.0,
3,4117-601EA32,0.0,0.0,
4,4117-601EA32,0.0,0.0,
5,4117-601EA32,1.0,2.0,MA-631-60132-DRUM
6,4117-601EA32,1.0,1,L1-748-601AA32
1,3139-608AC32,0.0,0.0,
2,3139-608AC32,0.0,0.0,
3,3139-608AC32,0.0,0.0,
4,3139-608AC32,0.0,0.0,
5,3139-608AC32,1.0,3.0,MA-973-608AA32-DRUM
6,3139-608AC32,1.0,1,L1-631-60832
1,201-409DA130,0.0,0.0,
2,201-409DA130,0.0,0.0,
3,201-409DA130,0.0,0.0,
4,201-409DA130,0.0,0.0,
5,201-409DA130,1.0,1.0,MA-201-40913-S
6,201-409DA130,1.0,1,L1-201-409DA13-S
1,6105-502AA36,0.0,0.0,
2,6105-502AA36,0.0,0.0,
3,6105-502AA36,0.0,0.0,
4,6105-502AA36,0.0,0.0,
5,6105-502AA36,1.0,1.0,MA-5517-502AA36
6,6105-502AA36,1.0,1,L1-5517-502AA36
1,6105-502AA38,0.0,0.0,
2,6105-502AA38,0.0,0.0,
3,6105-502AA38,0.0,0.0,
4,6105-502AA38,0.0,0.0,
5,6105-502AA38,1.0,1.0,MA-5517-502AA38
6,6105-502AA38,1.0,1,L1-5517-502AA38
1,201-405AA130,0.0,0.0,
2,201-405AA130,0.0,0.0,
3,201-405AA130,0.0,0.0,
4,201-405AA130,0.0,0.0,
5,201-405AA130,1.0,1.0,MA-57-40513-S
6,201-405AA130,1.0,1,L1-57-40513-S
1,6104-602EA34,0.0,0.0,
2,6104-602EA34,0.0,0.0,
3,6104-602EA34,0.0,0.0,
4,6104-602EA34,0.0,0.0,
5,6104-602EA34,0.0,0.0,
6,6104-602EA34,1.0,1,MA-RH-0031K-06G
1,6105-602CC38,0.0,0.0,
2,6105-602CC38,0.0,0.0,
3,6105-602CC38,0.0,0.0,
4,6105-602CC38,0.0,0.0,
5,6105-602CC38,0.0,0.0,
6,6105-602CC38,1.0,1,MA-RH-0031A-05H
1,6105-602CB36,0.0,0.0,
2,6105-602CB36,0.0,0.0,
3,6105-602CB36,0.0,0.0,
4,6105-602CB36,0.0,0.0,
5,6105-602CB36,0.0,0.0,
6,6105-602CB36,1.0,1,MA-RH-0031A-05H
1,474-502ZA38,0.0,0.0,
2,474-502ZA38,0.0,0.0,
3,474-502ZA38,0.0,0.0,
4,474-502ZA38,0.0,0.0,
5,474-502ZA38,1.0,1.0,MA-474-502AA38
6,474-502ZA38,1.0,1,L1-474-502AA38
1,81-405EA180,0.0,0.0,
2,81-405EA180,0.0,0.0,
3,81-405EA180,0.0,0.0,
4,81-405EA180,0.0,0.0,
5,81-405EA180,1.0,1.0,MA-81-40518
6,81-405EA180,1.0,1,L1-81-405EA18
1,740-410EA180,0.0,0.0,
2,740-410EA180,0.0,0.0,
3,740-410EA180,0.0,0.0,
4,740-410EA180,0.0,0.0,
5,740-410EA180,1.0,1.0,MA-970-41018-S
6,740-410EA180,1.0,4,LC-970-41018-S
1,740-409HA180,0.0,0.0,
2,740-409HA180,0.0,0.0,
3,740-409HA180,0.0,0.0,
4,740-409HA180,0.0,0.0,
5,740-409HA180,1.0,5.0,MA-740-40918-S
6,740-409HA180,1.0,1,L1-740-40918-S
1,5172-502AB30,0.0,0.0,
2,5172-502AB30,0.0,0.0,
3,5172-502AB30,0.0,0.0,
4,5172-502AB30,0.0,0.0,
5,5172-502AB30,1.0,1.0,MA-5172-502AA30
6,5172-502AB30,1.0,1,L1-5172-502AA30
1,474-602XA38,0.0,0.0,
2,474-602XA38,0.0,0.0,
3,474-602XA38,0.0,0.0,
4,474-602XA38,0.0,0.0,
5,474-602XA38,0.0,0.0,
6,474-602XA38,1.0,1,MA-RH-0031A-05C
1,5530-501CA34,0.0,0.0,
2,5530-501CA34,0.0,0.0,
3,5530-501CA34,0.0,0.0,
4,5530-501CA34,1.0,1.0,MA-5529-501CA34
5,5530-501CA34,1.0,1.0,L1-5529-501CA34
6,5530-501CA34,1.0,1,LA-5529-501CA34-DF
1,6104-502AB34,0.0,0.0,
2,6104-502AB34,0.0,0.0,
3,6104-502AB34,0.0,0.0,
4,6104-502AB34,0.0,0.0,
5,6104-502AB34,1.0,1.0,MA-5517-502AA34
6,6104-502AB34,1.0,1,L1-5517-502AA34
1,6207-502SB34,0.0,0.0,
2,6207-502SB34,0.0,0.0,
3,6207-502SB34,0.0,0.0,
4,6207-502SB34,0.0,0.0,
5,6207-502SB34,1.0,1.0,MA-5517-502AA34
6,6207-502SB34,1.0,1,L1-5517-502AA34
1,740-410FA320,0.0,0.0,
2,740-410FA320,0.0,0.0,
3,740-410FA320,0.0,0.0,
4,740-410FA320,0.0,0.0,
5,740-410FA320,1.0,1.0,MA-970-41032-S
6,740-410FA320,1.0,4,LC-970-41032-S
1,478-409NA340,0.0,0.0,
2,478-409NA340,0.0,0.0,
3,478-409NA340,0.0,0.0,
4,478-409NA340,0.0,0.0,
5,478-409NA340,1.0,1.0,MA-478-409AA34-S
6,478-409NA340,1.0,1,L1-478-409AA34-S
1,100-501NA40,0.0,0.0,
2,100-501NA40,0.0,0.0,
3,100-501NA40,0.0,0.0,
4,100-501NA40,1.0,1.0,MA-1531-501ZHA40
5,100-501NA40,1.0,1.0,L1-1531-501ZHA40
6,100-501NA40,1.0,1,LA-1531-501ZHA40-DF
1,485-502JA30,0.0,0.0,
2,485-502JA30,0.0,0.0,
3,485-502JA30,0.0,0.0,
4,485-502JA30,0.0,0.0,
5,485-502JA30,1.0,1.0,MA-485-502AA30
6,485-502JA30,1.0,1,L1-485-502AA30
1,970-405FA300,0.0,0.0,
2,970-405FA300,0.0,0.0,
3,970-405FA300,0.0,0.0,
4,970-405FA300,0.0,0.0,
5,970-405FA300,1.0,1.0,MA-87-40530
6,970-405FA300,1.0,1,L1-970-405DA30
1,970-409300,0.0,0.0,
2,970-409300,0.0,0.0,
3,970-409300,0.0,0.0,
4,970-409300,0.0,0.0,
5,970-409300,1.0,3.0,MA-970-40930-S
6,970-409300,1.0,1,L1-970-40930-S
1,970-410CA300,0.0,0.0,
2,970-410CA300,0.0,0.0,
3,970-410CA300,0.0,0.0,
4,970-410CA300,0.0,0.0,
5,970-410CA300,1.0,1.0,MA-970-41030-S
6,970-410CA300,1.0,4,LC-970-41030-S
1,3638-501CA34,0.0,0.0,
2,3638-501CA34,0.0,0.0,
3,3638-501CA34,0.0,0.0,
4,3638-501CA34,1.0,1.0,MA-171-501GA34
5,3638-501CA34,1.0,1.0,L1-171-501GA34
6,3638-501CA34,1.0,1,LA-171-501GA34-DF
1,478-502AC30,0.0,0.0,
2,478-502AC30,0.0,0.0,
3,478-502AC30,0.0,0.0,
4,478-502AC30,0.0,0.0,
5,478-502AC30,1.0,1.0,MA-474-502AA30
6,478-502AC30,1.0,1,L1-474-502AA30
1,478-602BC30,0.0,0.0,
2,478-602BC30,0.0,0.0,
3,478-602BC30,0.0,0.0,
4,478-602BC30,0.0,0.0,
5,478-602BC30,0.0,0.0,
6,478-602BC30,1.0,1,MA-RH-0031A-05C
1,5612-602EB34,0.0,0.0,
2,5612-602EB34,0.0,0.0,
3,5612-602EB34,0.0,0.0,
4,5612-602EB34,0.0,0.0,
5,5612-602EB34,0.0,0.0,
6,5612-602EB34,1.0,1,MA-RH-0031A-05C
1,478-502EC38,0.0,0.0,
2,478-502EC38,0.0,0.0,
3,478-502EC38,0.0,0.0,
4,478-502EC38,0.0,0.0,
5,478-502EC38,1.0,1.0,MA-474-502AA38
6,478-502EC38,1.0,1,L1-474-502AA38
1,478-602BC38,0.0,0.0,
2,478-602BC38,0.0,0.0,
3,478-602BC38,0.0,0.0,
4,478-602BC38,0.0,0.0,
5,478-602BC38,0.0,0.0,
6,478-602BC38,1.0,1,MA-RH-0031A-05C
1,5165-502AC30,0.0,0.0,
2,5165-502AC30,0.0,0.0,
3,5165-502AC30,0.0,0.0,
4,5165-502AC30,1.0,1.0,MA-474-502AA30
5,5165-502AC30,1.0,1.0,L1-474-502AA30
6,5165-502AC30,1.0,1,PL-5165-502AC30
1,4117-652AA32,0.0,0.0,
2,4117-652AA32,0.0,0.0,
3,4117-652AA32,0.0,0.0,
4,4117-652AA32,0.0,0.0,
5,4117-652AA32,1.0,1.0,MA-720-65232-DRUM
6,4117-652AA32,1.0,4,L1-720-65232-DRUM
1,5142-501NA30,0.0,0.0,
2,5142-501NA30,0.0,0.0,
3,5142-501NA30,0.0,0.0,
4,5142-501NA30,1.0,1.0,MA-161-501HA30
5,5142-501NA30,1.0,1.0,L1-161-501HA30
6,5142-501NA30,1.0,1,LA-161-501HA30-DF
1,5142-601AA30,0.0,0.0,
2,5142-601AA30,0.0,0.0,
3,5142-601AA30,0.0,0.0,
4,5142-601AA30,1.0,1.0,MA-165-601GA33
5,5142-601AA30,1.0,1.0,L1-165-601GA33
6,5142-601AA30,1.0,1,LA-165-601GA33-L2
1,3923-502AA26,0.0,0.0,
2,3923-502AA26,0.0,0.0,
3,3923-502AA26,0.0,0.0,
4,3923-502AA26,0.0,0.0,
5,3923-502AA26,1.0,1.0,MA-3922-502AC26
6,3923-502AA26,1.0,1,L1-3922-502AC26
1,3923-652AA26,0.0,0.0,
2,3923-652AA26,0.0,0.0,
3,3923-652AA26,0.0,0.0,
4,3923-652AA26,0.0,0.0,
5,3923-652AA26,1.0,1.0,MA-3922-652AA26-DRUM
6,3923-652AA26,1.0,3,L1-3922-652AA26-DRUM
1,810-405CA300,0.0,0.0,
2,810-405CA300,0.0,0.0,
3,810-405CA300,0.0,0.0,
4,810-405CA300,0.0,0.0,
5,810-405CA300,1.0,1.0,MA-816-405CA30-S
6,810-405CA300,1.0,1,L1-816-405CA30-S
1,5165-602BB30,0.0,0.0,
2,5165-602BB30,0.0,0.0,
3,5165-602BB30,0.0,0.0,
4,5165-602BB30,0.0,0.0,
5,5165-602BB30,0.0,0.0,
6,5165-602BB30,1.0,1,MA-RH-0031A-05C
1,830-409CA260,0.0,0.0,
2,830-409CA260,0.0,0.0,
3,830-409CA260,0.0,0.0,
4,830-409CA260,0.0,0.0,
5,830-409CA260,1.0,5.0,MA-830-409CA26-S
6,830-409CA260,1.0,1,L1-830-409CA26-S
1,1831-401AA30,0.0,0.0,
2,1831-401AA30,0.0,0.0,
3,1831-401AA30,1.0,1.0,MA-1831-401AA30
4,1831-401AA30,1.0,1.0,L1-1831-401AA30
5,1831-401AA30,1.0,1.0,LA-1831-401AA30-D
6,1831-401AA30,1.0,1,LA-1831-401AA30-DF
1,1831-406AA30,0.0,0.0,
2,1831-406AA30,0.0,0.0,
3,1831-406AA30,1.0,1.0,MA-1831-406AA30
4,1831-406AA30,1.0,1.0,L1-1831-406AA30
5,1831-406AA30,1.0,1.0,LA-1831-406AA30-D
6,1831-406AA30,1.0,1,LA-1831-406AA30-MC
1,161-402LB34,0.0,0.0,
2,161-402LB34,0.0,0.0,
3,161-402LB34,0.0,0.0,
4,161-402LB34,0.0,0.0,
5,161-402LB34,1.0,1.0,MA-161-402GA34
6,161-402LB34,1.0,1,L1-161-402GA34
1,1831-418AA30,0.0,0.0,
2,1831-418AA30,0.0,0.0,
3,1831-418AA30,0.0,0.0,
4,1831-418AA30,0.0,0.0,
5,1831-418AA30,0.0,0.0,
6,1831-418AA30,1.0,6,MA-1831-418AA30-DRUM
1,3153-502EB32,0.0,0.0,
2,3153-502EB32,0.0,0.0,
3,3153-502EB32,0.0,0.0,
4,3153-502EB32,0.0,0.0,
5,3153-502EB32,0.0,0.0,
6,3153-502EB32,36.0,1,MA-RH-0175KD-21AA
1,57-405B210,0.0,0.0,
2,57-405B210,0.0,0.0,
3,57-405B210,0.0,0.0,
4,57-405B210,0.0,0.0,
5,57-405B210,1.0,1.0,MA-57-40521-S
6,57-405B210,1.0,1,L1-57-40521-S
1,59-409DA210,0.0,0.0,
2,59-409DA210,0.0,0.0,
3,59-409DA210,0.0,0.0,
4,59-409DA210,0.0,0.0,
5,59-409DA210,1.0,1.0,MA-59-40921-S
6,59-409DA210,1.0,1,L1-59-40921-S
1,975-410AA300,0.0,0.0,
2,975-410AA300,0.0,0.0,
3,975-410AA300,0.0,0.0,
4,975-410AA300,0.0,0.0,
5,975-410AA300,1.0,1.0,MA-810-410CA30-S
6,975-410AA300,1.0,4,LC-810-410CA30-S
1,975-405AA300,0.0,0.0,
2,975-405AA300,0.0,0.0,
3,975-405AA300,0.0,0.0,
4,975-405AA300,0.0,0.0,
5,975-405AA300,1.0,1.0,MA-816-405CA30-S
6,975-405AA300,1.0,1,L1-816-405CA30-S
1,975-601EA30,0.0,0.0,
2,975-601EA30,0.0,0.0,
3,975-601EA30,0.0,0.0,
4,975-601EA30,0.0,0.0,
5,975-601EA30,1.0,1.0,MA-522-601AB30
6,975-601EA30,1.0,1,L1-522-601AB30
1,970-409260,0.0,0.0,
2,970-409260,0.0,0.0,
3,970-409260,0.0,0.0,
4,970-409260,0.0,0.0,
5,970-409260,1.0,3.0,MA-970-40926-S
6,970-409260,1.0,1,L1-970-40926-S
1,970-410CA260,0.0,0.0,
2,970-410CA260,0.0,0.0,
3,970-410CA260,0.0,0.0,
4,970-410CA260,0.0,0.0,
5,970-410CA260,1.0,1.0,MA-970-41026-S
6,970-410CA260,1.0,4,LC-970-41026-S
1,975-608AB30,0.0,0.0,
2,975-608AB30,0.0,0.0,
3,975-608AB30,0.0,0.0,
4,975-608AB30,0.0,0.0,
5,975-608AB30,1.0,3.0,MA-973-608AA30-DRUM
6,975-608AB30,1.0,1,L1-973-608AA30
1,3153-601EA42,0.0,0.0,
2,3153-601EA42,0.0,0.0,
3,3153-601EA42,0.0,0.0,
4,3153-601EA42,0.0,0.0,
5,3153-601EA42,1.0,1.0,MA-603-601-BLOCK
6,3153-601EA42,24.0,1,MC-603-601-BLOCK
1,970-410CA180,0.0,0.0,
2,970-410CA180,0.0,0.0,
3,970-410CA180,0.0,0.0,
4,970-410CA180,0.0,0.0,
5,970-410CA180,1.0,1.0,MA-970-41018-S
6,970-410CA180,1.0,4,LC-970-41018-S
1,970-410CA190,0.0,0.0,
2,970-410CA190,0.0,0.0,
3,970-410CA190,0.0,0.0,
4,970-410CA190,0.0,0.0,
5,970-410CA190,1.0,1.0,MA-970-41019-S
6,970-410CA190,1.0,4,LC-970-41019-S
1,3153-502JA42,0.0,0.0,
2,3153-502JA42,0.0,0.0,
3,3153-502JA42,0.0,0.0,
4,3153-502JA42,0.0,0.0,
5,3153-502JA42,0.0,0.0,
6,3153-502JA42,47.0,1,MA-RH-0175KD-21AA
1,4117-601EB34,0.0,0.0,
2,4117-601EB34,0.0,0.0,
3,4117-601EB34,0.0,0.0,
4,4117-601EB34,0.0,0.0,
5,4117-601EB34,1.0,1.0,MA-748-601AA34
6,4117-601EB34,1.0,1,L1-748-601AA34
1,130-407AA14,0.0,0.0,
2,130-407AA14,0.0,0.0,
3,130-407AA14,0.0,0.0,
4,130-407AA14,1.0,1.0,MA-130-407AA14
5,130-407AA14,1.0,1.0,L1-130-407AA14
6,130-407AA14,1.0,1,L2-130-407AA14
1,5529-501AA30,0.0,0.0,
2,5529-501AA30,0.0,0.0,
3,5529-501AA30,0.0,0.0,
4,5529-501AA30,1.0,1.0,MA-5500-501DB30
5,5529-501AA30,1.0,1.0,L1-5500-501DB30
6,5529-501AA30,1.0,1,LA-5500-501DB30-DF
1,5529-501BA30,0.0,0.0,
2,5529-501BA30,0.0,0.0,
3,5529-501BA30,0.0,0.0,
4,5529-501BA30,1.0,1.0,MA-5500-501EA30
5,5529-501BA30,1.0,1.0,L1-5500-501EA30
6,5529-501BA30,1.0,1,LA-5500-501EA30-DF
1,5542-641AA30,0.0,0.0,
2,5542-641AA30,0.0,0.0,
3,5542-641AA30,0.0,0.0,
4,5542-641AA30,0.0,0.0,
5,5542-641AA30,1.0,1.0,MA-485-641BA30-DRUM
6,5542-641AA30,1.0,4,L1-485-641BA30-DRUM
1,5542-502AA30,0.0,0.0,
2,5542-502AA30,0.0,0.0,
3,5542-502AA30,0.0,0.0,
4,5542-502AA30,0.0,0.0,
5,5542-502AA30,1.0,1.0,MA-5517-502AA30
6,5542-502AA30,1.0,1,L1-5517-502AA30
1,3922-652AB26,0.0,0.0,
2,3922-652AB26,0.0,0.0,
3,3922-652AB26,0.0,0.0,
4,3922-652AB26,0.0,0.0,
5,3922-652AB26,1.0,1.0,MA-3922-652AA26-DRUM
6,3922-652AB26,1.0,3,L1-3922-652AA26-DRUM
1,3922-652AB30,0.0,0.0,
2,3922-652AB30,0.0,0.0,
3,3922-652AB30,0.0,0.0,
4,3922-652AB30,0.0,0.0,
5,3922-652AB30,1.0,1.0,MA-3922-652AA30-DRUM
6,3922-652AB30,1.0,3,L1-3922-652AA30-DRUM
1,478-502AC33,0.0,0.0,
2,478-502AC33,0.0,0.0,
3,478-502AC33,0.0,0.0,
4,478-502AC33,0.0,0.0,
5,478-502AC33,1.0,1.0,MA-474-502AA33
6,478-502AC33,1.0,1,L1-474-502AA33
1,201-502BA14,0.0,0.0,
2,201-502BA14,0.0,0.0,
3,201-502BA14,0.0,0.0,
4,201-502BA14,0.0,0.0,
5,201-502BA14,1.0,1.0,MA-59-502B14
6,201-502BA14,1.0,1,L1-59-502B14
1,3153-502EA42,0.0,0.0,
2,3153-502EA42,0.0,0.0,
3,3153-502EA42,0.0,0.0,
4,3153-502EA42,0.0,0.0,
5,3153-502EA42,0.0,0.0,
6,3153-502EA42,47.0,1,MA-RH-0175KD-21AA
1,478-602BC33,0.0,0.0,
2,478-602BC33,0.0,0.0,
3,478-602BC33,0.0,0.0,
4,478-602BC33,0.0,0.0,
5,478-602BC33,0.0,0.0,
6,478-602BC33,1.0,1,MA-RH-0031A-05C
1,6110-606AA38,0.0,0.0,
2,6110-606AA38,0.0,0.0,
3,6110-606AA38,0.0,0.0,
4,6110-606AA38,0.0,0.0,
5,6110-606AA38,0.0,0.0,
6,6110-606AA38,1.0,1,MA-RH-0031A-05C
1,6104-502AB30,0.0,0.0,
2,6104-502AB30,0.0,0.0,
3,6104-502AB30,0.0,0.0,
4,6104-502AB30,0.0,0.0,
5,6104-502AB30,1.0,1.0,MA-5517-502AA30
6,6104-502AB30,1.0,1,L1-5517-502AA30
1,6104-602CB30,0.0,0.0,
2,6104-602CB30,0.0,0.0,
3,6104-602CB30,0.0,0.0,
4,6104-602CB30,0.0,0.0,
5,6104-602CB30,0.0,0.0,
6,6104-602CB30,1.0,1,MA-RH-0031K-06G
1,6104-602EA30,0.0,0.0,
2,6104-602EA30,0.0,0.0,
3,6104-602EA30,0.0,0.0,
4,6104-602EA30,0.0,0.0,
5,6104-602EA30,0.0,0.0,
6,6104-602EA30,1.0,1,MA-RH-0031K-06G
1,479-502AB33,0.0,0.0,
2,479-502AB33,0.0,0.0,
3,479-502AB33,0.0,0.0,
4,479-502AB33,0.0,0.0,
5,479-502AB33,1.0,1.0,MA-474-502AA33
6,479-502AB33,1.0,1,L1-474-502AA33
1,5142-502AA32,0.0,0.0,
2,5142-502AA32,0.0,0.0,
3,5142-502AA32,0.0,0.0,
4,5142-502AA32,0.0,0.0,
5,5142-502AA32,1.0,1.0,MA-5135-502AA32
6,5142-502AA32,1.0,1,L1-5135-502AA32
1,78-405A320,0.0,0.0,
2,78-405A320,0.0,0.0,
3,78-405A320,0.0,0.0,
4,78-405A320,0.0,0.0,
5,78-405A320,1.0,1.0,MA-78-40532-S
6,78-405A320,1.0,1,L1-78-40532-S
1,478-409AA320,0.0,0.0,
2,478-409AA320,0.0,0.0,
3,478-409AA320,0.0,0.0,
4,478-409AA320,0.0,0.0,
5,478-409AA320,1.0,1.0,MA-79-409B32-S
6,478-409AA320,1.0,1,L1-79-409B32-S
1,201-602BA14,0.0,0.0,
2,201-602BA14,0.0,0.0,
3,201-602BA14,0.0,0.0,
4,201-602BA14,0.0,0.0,
5,201-602BA14,1.0,1.0,MA-RH-0031A-20AA
6,201-602BA14,1.0,1,MC-RH-0031A-20AA
1,479-602BC33,0.0,0.0,
2,479-602BC33,0.0,0.0,
3,479-602BC33,0.0,0.0,
4,479-602BC33,0.0,0.0,
5,479-602BC33,0.0,0.0,
6,479-602BC33,1.0,1,MA-RH-0031A-05C
1,5142-602BB32,0.0,0.0,
2,5142-602BB32,0.0,0.0,
3,5142-602BB32,0.0,0.0,
4,5142-602BB32,0.0,0.0,
5,5142-602BB32,0.0,0.0,
6,5142-602BB32,1.0,1,MA-RH-0031A-05C
1,5142-501NA32,0.0,0.0,
2,5142-501NA32,0.0,0.0,
3,5142-501NA32,0.0,0.0,
4,5142-501NA32,1.0,1.0,MA-161-501HA32
5,5142-501NA32,1.0,1.0,L1-161-501HA32
6,5142-501NA32,1.0,1,LA-161-501HA32-DF
1,5142-601AA32,0.0,0.0,
2,5142-601AA32,0.0,0.0,
3,5142-601AA32,0.0,0.0,
4,5142-601AA32,1.0,1.0,MA-165-601GA34
5,5142-601AA32,1.0,1.0,L1-165-601GA34
6,5142-601AA32,1.0,1,LA-165-601GA34-L2
1,161-406JB32,0.0,0.0,
2,161-406JB32,0.0,0.0,
3,161-406JB32,1.0,1.0,MA-161-406JA32
4,161-406JB32,1.0,1.0,L1-161-406JA32
5,161-406JB32,1.0,1.0,LA-161-406JA32-D
6,161-406JB32,1.0,1,LA-161-406JB32-MC
1,1631-401AC30,0.0,0.0,
2,1631-401AC30,0.0,0.0,
3,1631-401AC30,1.0,1.0,MA-1631-401AB30
4,1631-401AC30,1.0,1.0,L1-1631-401AB30
5,1631-401AC30,1.0,1.0,LA-1631-401AB30-D
6,1631-401AC30,1.0,1,LA-1631-401AB30-DF
1,1631-102EA,0.0,0.0,
2,1631-102EA,0.0,0.0,
3,1631-102EA,0.0,0.0,
4,1631-102EA,0.0,0.0,
5,1631-102EA,0.0,0.0,
6,1631-102EA,1.0,1,MA-1631-102AD
1,5142-502AA40,0.0,0.0,
2,5142-502AA40,0.0,0.0,
3,5142-502AA40,0.0,0.0,
4,5142-502AA40,0.0,0.0,
5,5142-502AA40,1.0,1.0,MA-474-502AA34
6,5142-502AA40,1.3,1,L1-474-502AA34
1,5165-501AA36,0.0,0.0,
2,5165-501AA36,0.0,0.0,
3,5165-501AA36,0.0,0.0,
4,5165-501AA36,1.0,1.0,MA-161-501QA36
5,5165-501AA36,1.0,1.0,L1-161-501QA36
6,5165-501AA36,1.0,1,LA-161-501QA36-DF
1,5165-601AA36,0.0,0.0,
2,5165-601AA36,0.0,0.0,
3,5165-601AA36,0.0,0.0,
4,5165-601AA36,1.0,1.0,MA-165-601BA38
5,5165-601AA36,1.0,1.0,L1-165-601BA38
6,5165-601AA36,1.0,1,LA-165-601BA38-L2
1,5530-501CA38,0.0,0.0,
2,5530-501CA38,0.0,0.0,
3,5530-501CA38,0.0,0.0,
4,5530-501CA38,1.0,1.0,MA-5529-501CA38
5,5530-501CA38,1.0,1.0,L1-5529-501CA38
6,5530-501CA38,1.0,1,LA-5529-501CA38-DF
1,19B-501ZGC16,0.0,0.0,
2,19B-501ZGC16,0.0,0.0,
3,19B-501ZGC16,0.0,0.0,
4,19B-501ZGC16,0.0,0.0,
5,19B-501ZGC16,1.0,1.0,MA-19B-501ZGA16
6,19B-501ZGC16,1.0,1,L1-19B-501ZGA16
1,19B-501ZGC17,0.0,0.0,
2,19B-501ZGC17,0.0,0.0,
3,19B-501ZGC17,0.0,0.0,
4,19B-501ZGC17,0.0,0.0,
5,19B-501ZGC17,1.0,1.0,MA-19B-501ZGA17
6,19B-501ZGC17,1.0,1,L1-19B-501ZGA17
1,5165-641AA36,0.0,0.0,
2,5165-641AA36,0.0,0.0,
3,5165-641AA36,0.0,0.0,
4,5165-641AA36,0.0,0.0,
5,5165-641AA36,1.0,1.0,MA-485-641BA36-DRUM
6,5165-641AA36,1.0,4,L1-485-641BA36-DRUM
1,582-502JB16,0.0,0.0,
2,582-502JB16,0.0,0.0,
3,582-502JB16,0.0,0.0,
4,582-502JB16,0.0,0.0,
5,582-502JB16,1.0,1.0,MA-582-502AA16
6,582-502JB16,1.0,1,L1-582-502AA16
1,582-502JB17,0.0,0.0,
2,582-502JB17,0.0,0.0,
3,582-502JB17,0.0,0.0,
4,582-502JB17,0.0,0.0,
5,582-502JB17,1.0,1.0,MA-582-502AA17
6,582-502JB17,1.0,1,L1-582-502AA17
1,580-652AA16,0.0,0.0,
2,580-652AA16,0.0,0.0,
3,580-652AA16,0.0,0.0,
4,580-652AA16,0.0,0.0,
5,580-652AA16,1.0,1.0,MA-720-65216-DRUM
6,580-652AA16,1.0,3,L1-720-65216-DRUM
1,580-652AA17,0.0,0.0,
2,580-652AA17,0.0,0.0,
3,580-652AA17,0.0,0.0,
4,580-652AA17,1.0,1.0,MA-720-65217-DRUM
5,580-652AA17,1.0,4.0,L1-720-65217-DRUM
6,580-652AA17,1.0,1,L2-720-65217
1,5165-502AA36,0.0,0.0,
2,5165-502AA36,0.0,0.0,
3,5165-502AA36,0.0,0.0,
4,5165-502AA36,1.0,1.0,MA-474-502AA36
5,5165-502AA36,1.0,1.0,L1-474-502AA36
6,5165-502AA36,1.0,1,PL-5165-502AA36
1,1731-103AA18,0.0,0.0,
2,1731-103AA18,0.0,0.0,
3,1731-103AA18,0.0,0.0,
4,1731-103AA18,0.0,0.0,
5,1731-103AA18,1.0,1.0,MA-1731-103AA18
6,1731-103AA18,1.0,1,MC-1731-103AA18
1,6204-405AB340,0.0,0.0,
2,6204-405AB340,0.0,0.0,
3,6204-405AB340,0.0,0.0,
4,6204-405AB340,0.0,0.0,
5,6204-405AB340,1.0,1.0,MA-224-405AA34-S
6,6204-405AB340,1.0,1,L1-224-405AA34-S
1,478-409FA300,0.0,0.0,
2,478-409FA300,0.0,0.0,
3,478-409FA300,0.0,0.0,
4,478-409FA300,0.0,0.0,
5,478-409FA300,1.0,1.0,MA-478-409BA30-S
6,478-409FA300,1.0,1,L1-478-409BA30-S
1,6104-409AA340,0.0,0.0,
2,6104-409AA340,0.0,0.0,
3,6104-409AA340,0.0,0.0,
4,6104-409AA340,0.0,0.0,
5,6104-409AA340,1.0,1.0,MA-5516-409AA34-S
6,6104-409AA340,1.0,1,L1-5516-409AA34-S
1,3154-502AA,0.0,0.0,
2,3154-502AA,0.0,0.0,
3,3154-502AA,0.0,0.0,
4,3154-502AA,0.0,0.0,
5,3154-502AA,1.0,1.0,MA-3154-502AA
6,3154-502AA,1.0,1,MC-3154-502AA
1,3154-502BA,0.0,0.0,
2,3154-502BA,0.0,0.0,
3,3154-502BA,0.0,0.0,
4,3154-502BA,0.0,0.0,
5,3154-502BA,1.0,1.0,MA-3154-502AA
6,3154-502BA,1.0,1,MC-3154-502BA
1,3154-502CA,0.0,0.0,
2,3154-502CA,0.0,0.0,
3,3154-502CA,0.0,0.0,
4,3154-502CA,0.0,0.0,
5,3154-502CA,1.0,1.0,MA-3154-502AA
6,3154-502CA,1.0,1,MC-3154-502CA
1,3154-502DA,0.0,0.0,
2,3154-502DA,0.0,0.0,
3,3154-502DA,0.0,0.0,
4,3154-502DA,0.0,0.0,
5,3154-502DA,1.0,1.0,MA-3154-502AA
6,3154-502DA,1.0,1,MC-3154-502DA
1,3154-502FA,0.0,0.0,
2,3154-502FA,0.0,0.0,
3,3154-502FA,0.0,0.0,
4,3154-502FA,0.0,0.0,
5,3154-502FA,1.0,1.0,MA-3154-502AA
6,3154-502FA,1.0,1,MC-3154-502FA
1,328-405AA440,0.0,0.0,
2,328-405AA440,0.0,0.0,
3,328-405AA440,0.0,0.0,
4,328-405AA440,0.0,0.0,
5,328-405AA440,1.0,1.0,MA-328-405AA44-S
6,328-405AA440,1.0,1,L1-328-405AA44-S
1,329-409AA440,0.0,0.0,
2,329-409AA440,0.0,0.0,
3,329-409AA440,0.0,0.0,
4,329-409AA440,0.0,0.0,
5,329-409AA440,1.0,1.0,MA-329-409AA44-S
6,329-409AA440,1.0,1,L1-329-409AA44-S
1,5165-602AA36,0.0,0.0,
2,5165-602AA36,0.0,0.0,
3,5165-602AA36,0.0,0.0,
4,5165-602AA36,0.0,0.0,
5,5165-602AA36,0.0,0.0,
6,5165-602AA36,1.0,1,MA-RH-0031A-06E
1,5165-602BA36,0.0,0.0,
2,5165-602BA36,0.0,0.0,
3,5165-602BA36,0.0,0.0,
4,5165-602BA36,0.0,0.0,
5,5165-602BA36,0.0,0.0,
6,5165-602BA36,1.0,1,MA-RH-0031A-05C
1,3158-601EA16,0.0,0.0,
2,3158-601EA16,0.0,0.0,
3,3158-601EA16,0.0,0.0,
4,3158-601EA16,0.0,0.0,
5,3158-601EA16,0.0,0.0,
6,3158-601EA16,9.0,1,MA-4305-601AA
1,3158-601EA17,0.0,0.0,
2,3158-601EA17,0.0,0.0,
3,3158-601EA17,0.0,0.0,
4,3158-601EA17,0.0,0.0,
5,3158-601EA17,0.0,0.0,
6,3158-601EA17,9.0,1,MA-4305-601AA
1,5173-502AB30,0.0,0.0,
2,5173-502AB30,0.0,0.0,
3,5173-502AB30,0.0,0.0,
4,5173-502AB30,0.0,0.0,
5,5173-502AB30,1.0,1.0,MA-474-502AA30
6,5173-502AB30,1.0,1,L1-474-502AA30
1,6215-502AA38,0.0,0.0,
2,6215-502AA38,0.0,0.0,
3,6215-502AA38,0.0,0.0,
4,6215-502AA38,0.0,0.0,
5,6215-502AA38,1.0,1.0,MA-5517-502AA38
6,6215-502AA38,1.0,1,L1-5517-502AA38
1,3239-410EA260,0.0,0.0,
2,3239-410EA260,0.0,0.0,
3,3239-410EA260,0.0,0.0,
4,3239-410EA260,0.0,0.0,
5,3239-410EA260,1.0,1.0,MA-970-41026-S
6,3239-410EA260,1.0,4,LC-970-41026-S
1,3239-410EA300,0.0,0.0,
2,3239-410EA300,0.0,0.0,
3,3239-410EA300,0.0,0.0,
4,3239-410EA300,0.0,0.0,
5,3239-410EA300,1.0,1.0,MA-970-41030-S
6,3239-410EA300,1.0,4,LC-970-41030-S
1,3239-410EA340,0.0,0.0,
2,3239-410EA340,0.0,0.0,
3,3239-410EA340,0.0,0.0,
4,3239-410EA340,0.0,0.0,
5,3239-410EA340,1.0,1.0,MA-970-41034-S
6,3239-410EA340,1.0,4,LC-970-41034-S
1,87-405GA380,0.0,0.0,
2,87-405GA380,0.0,0.0,
3,87-405GA380,0.0,0.0,
4,87-405GA380,0.0,0.0,
5,87-405GA380,1.0,1.0,MA-87-40538
6,87-405GA380,1.0,1,L1-87-405EA38
1,740-410HA380,0.0,0.0,
2,740-410HA380,0.0,0.0,
3,740-410HA380,0.0,0.0,
4,740-410HA380,0.0,0.0,
5,740-410HA380,1.0,1.0,MA-970-41038-S
6,740-410HA380,1.0,4,LC-970-41038-S
1,740-409DA380,0.0,0.0,
2,740-409DA380,0.0,0.0,
3,740-409DA380,0.0,0.0,
4,740-409DA380,0.0,0.0,
5,740-409DA380,1.0,5.0,MA-740-40938-S
6,740-409DA380,1.0,1,L1-740-40938-S
1,5165-501AA34,0.0,0.0,
2,5165-501AA34,0.0,0.0,
3,5165-501AA34,0.0,0.0,
4,5165-501AA34,1.0,1.0,MA-161-501AA34
5,5165-501AA34,1.0,1.0,L1-161-501QA34
6,5165-501AA34,1.0,1,LA-161-501QA34-DF
1,5165-641AA34,0.0,0.0,
2,5165-641AA34,0.0,0.0,
3,5165-641AA34,0.0,0.0,
4,5165-641AA34,0.0,0.0,
5,5165-641AA34,1.0,1.0,MA-485-641BA34-DRUM
6,5165-641AA34,1.0,4,L1-485-641BA34-DRUM
1,582-502RA38,0.0,0.0,
2,582-502RA38,0.0,0.0,
3,582-502RA38,0.0,0.0,
4,582-502RA38,0.0,0.0,
5,582-502RA38,1.0,1.0,MA-582-502AA38
6,582-502RA38,1.0,1,L1-582-502AA38
1,479-602BC30,0.0,0.0,
2,479-602BC30,0.0,0.0,
3,479-602BC30,0.0,0.0,
4,479-602BC30,0.0,0.0,
5,479-602BC30,0.0,0.0,
6,479-602BC30,1.0,1,MA-RH-0031A-05C
1,6215-602AA38,0.0,0.0,
2,6215-602AA38,0.0,0.0,
3,6215-602AA38,0.0,0.0,
4,6215-602AA38,0.0,0.0,
5,6215-602AA38,0.0,0.0,
6,6215-602AA38,1.0,1,MA-RH-0031K-06G
1,6215-602BA38,0.0,0.0,
2,6215-602BA38,0.0,0.0,
3,6215-602BA38,0.0,0.0,
4,6215-602BA38,0.0,0.0,
5,6215-602BA38,0.0,0.0,
6,6215-602BA38,1.0,1,MA-RH-0031K-06G
1,6215-602CA38,0.0,0.0,
2,6215-602CA38,0.0,0.0,
3,6215-602CA38,0.0,0.0,
4,6215-602CA38,0.0,0.0,
5,6215-602CA38,0.0,0.0,
6,6215-602CA38,1.0,1,MA-RH-0031K-06G
1,6215-602DA38,0.0,0.0,
2,6215-602DA38,0.0,0.0,
3,6215-602DA38,0.0,0.0,
4,6215-602DA38,0.0,0.0,
5,6215-602DA38,0.0,0.0,
6,6215-602DA38,1.0,1,MA-RH-0031K-06G
1,5165-502AA34,0.0,0.0,
2,5165-502AA34,0.0,0.0,
3,5165-502AA34,0.0,0.0,
4,5165-502AA34,1.0,1.0,MA-474-502AA34
5,5165-502AA34,1.0,1.0,L1-474-502AA34
6,5165-502AA34,1.0,1,PL-5165-502AA34
1,5165-502EA34,0.0,0.0,
2,5165-502EA34,0.0,0.0,
3,5165-502EA34,0.0,0.0,
4,5165-502EA34,1.0,1.0,MA-474-502AA34
5,5165-502EA34,1.0,1.0,L1-474-502AA34
6,5165-502EA34,1.0,1,PL-5165-502EA34
1,5165-601AA34,0.0,0.0,
2,5165-601AA34,0.0,0.0,
3,5165-601AA34,0.0,0.0,
4,5165-601AA34,1.0,1.0,MA-165-601BA36
5,5165-601AA34,1.0,1.0,L1-165-601BA36
6,5165-601AA34,1.0,1,LA-165-601BA36-L2
1,5173-502AB34,0.0,0.0,
2,5173-502AB34,0.0,0.0,
3,5173-502AB34,0.0,0.0,
4,5173-502AB34,0.0,0.0,
5,5173-502AB34,1.0,1.0,MA-474-502AA34
6,5173-502AB34,1.0,1,L1-474-502AA34
1,582-601EA38,0.0,0.0,
2,582-601EA38,0.0,0.0,
3,582-601EA38,0.0,0.0,
4,582-601EA38,0.0,0.0,
5,582-601EA38,1.0,1.0,MA-603-601-BLOCK
6,582-601EA38,20.0,1,MC-603-601-BLOCK
1,580-652AA38,0.0,0.0,
2,580-652AA38,0.0,0.0,
3,580-652AA38,0.0,0.0,
4,580-652AA38,0.0,0.0,
5,580-652AA38,1.0,1.0,MA-720-65238-DRUM
6,580-652AA38,1.0,4,L1-720-65238-DRUM
1,5165-602AA34,0.0,0.0,
2,5165-602AA34,0.0,0.0,
3,5165-602AA34,0.0,0.0,
4,5165-602AA34,0.0,0.0,
5,5165-602AA34,0.0,0.0,
6,5165-602AA34,1.0,1,MA-RH-0031A-06E
1,5165-602BA34,0.0,0.0,
2,5165-602BA34,0.0,0.0,
3,5165-602BA34,0.0,0.0,
4,5165-602BA34,0.0,0.0,
5,5165-602BA34,0.0,0.0,
6,5165-602BA34,1.0,1,MA-RH-0031A-05C
1,479-602BC34,0.0,0.0,
2,479-602BC34,0.0,0.0,
3,479-602BC34,0.0,0.0,
4,479-602BC34,0.0,0.0,
5,479-602BC34,0.0,0.0,
6,479-602BC34,1.0,1,MA-RH-0031A-05C
1,479-602BC38,0.0,0.0,
2,479-602BC38,0.0,0.0,
3,479-602BC38,0.0,0.0,
4,479-602BC38,0.0,0.0,
5,479-602BC38,0.0,0.0,
6,479-602BC38,1.0,1,MA-RH-0031A-05C
1,5530-501BA36,0.0,0.0,
2,5530-501BA36,0.0,0.0,
3,5530-501BA36,0.0,0.0,
4,5530-501BA36,1.0,1.0,MA-5500-501EB36
5,5530-501BA36,1.0,1.0,L1-5500-501EB36
6,5530-501BA36,1.0,1,LA-5500-501EB36-DF
1,5530-501CA36,0.0,0.0,
2,5530-501CA36,0.0,0.0,
3,5530-501CA36,0.0,0.0,
4,5530-501CA36,1.0,1.0,MA-5529-501CA36
5,5530-501CA36,1.0,1.0,L1-5529-501CA36
6,5530-501CA36,1.0,1,LA-5529-501CA36-DF
1,6108-601AA36,0.0,0.0,
2,6108-601AA36,0.0,0.0,
3,6108-601AA36,0.0,0.0,
4,6108-601AA36,1.0,1.0,MA-6104-601AA36
5,6108-601AA36,1.0,1.0,L1-6104-601AA36
6,6108-601AA36,1.0,1,LA-6104-601AA36-L2
1,6108-641AA36,0.0,0.0,
2,6108-641AA36,0.0,0.0,
3,6108-641AA36,0.0,0.0,
4,6108-641AA36,0.0,0.0,
5,6108-641AA36,1.0,1.0,MA-485-641BA36-DRUM
6,6108-641AA36,1.0,4,L1-485-641BA36-DRUM
1,6108-502AA36,0.0,0.0,
2,6108-502AA36,0.0,0.0,
3,6108-502AA36,0.0,0.0,
4,6108-502AA36,0.0,0.0,
5,6108-502AA36,1.0,1.0,MA-5517-502AA36
6,6108-502AA36,1.0,1,L1-5517-502AA36
1,5540-405BA360,0.0,0.0,
2,5540-405BA360,0.0,0.0,
3,5540-405BA360,0.0,0.0,
4,5540-405BA360,0.0,0.0,
5,5540-405BA360,1.0,1.0,MA-335-405AA36-S
6,5540-405BA360,1.0,1,L1-335-405AA36-S
1,3145-410AA340,0.0,0.0,
2,3145-410AA340,0.0,0.0,
3,3145-410AA340,0.0,0.0,
4,3145-410AA340,0.0,0.0,
5,3145-410AA340,1.0,1.0,MA-970-41034-S
6,3145-410AA340,1.0,4,LC-970-41034-S
1,810-410DA340,0.0,0.0,
2,810-410DA340,0.0,0.0,
3,810-410DA340,0.0,0.0,
4,810-410DA340,0.0,0.0,
5,810-410DA340,1.0,1.0,MA-810-410CA34-S
6,810-410DA340,1.0,4,LC-810-410CA34-S
1,3326-405AA340,0.0,0.0,
2,3326-405AA340,0.0,0.0,
3,3326-405AA340,0.0,0.0,
4,3326-405AA340,0.0,0.0,
5,3326-405AA340,1.0,1.0,MA-816-405CA34-S
6,3326-405AA340,1.0,1,L1-816-405CA34-S
1,5543-502AA30,0.0,0.0,
2,5543-502AA30,0.0,0.0,
3,5543-502AA30,0.0,0.0,
4,5543-502AA30,0.0,0.0,
5,5543-502AA30,1.0,1.0,MA-5517-502AA30
6,5543-502AA30,1.0,1,L1-5517-502AA30
1,3326-501AA34,0.0,0.0,
2,3326-501AA34,0.0,0.0,
3,3326-501AA34,0.0,0.0,
4,3326-501AA34,1.0,1.0,MA-1531-501CA34
5,3326-501AA34,1.0,1.0,L1-1531-501CA34
6,3326-501AA34,1.0,1,LA-1531-501CA34-DF
1,1532-436BC34,0.0,0.0,
2,1532-436BC34,0.0,0.0,
3,1532-436BC34,0.0,0.0,
4,1532-436BC34,0.0,0.0,
5,1532-436BC34,1.0,1.0,MA-1536-436AA34
6,1532-436BC34,1.0,1,L1-1536-436AA34
1,161-402MA38,0.0,0.0,
2,161-402MA38,0.0,0.0,
3,161-402MA38,0.0,0.0,
4,161-402MA38,0.0,0.0,
5,161-402MA38,1.0,1.0,MA-161-402KA38
6,161-402MA38,1.0,1,L1-161-402KA38
1,4120-502AA30,0.0,0.0,
2,4120-502AA30,0.0,0.0,
3,4120-502AA30,0.0,0.0,
4,4120-502AA30,0.0,0.0,
5,4120-502AA30,1.0,1.0,MA-4109-502AA30
6,4120-502AA30,1.0,1,L1-4109-502AA30
1,4120-652AA30,0.0,0.0,
2,4120-652AA30,0.0,0.0,
3,4120-652AA30,0.0,0.0,
4,4120-652AA30,0.0,0.0,
5,4120-652AA30,1.0,1.0,MA-720-65230-DRUM
6,4120-652AA30,1.0,4,L1-720-65230-DRUM
1,4120-601EA30,0.0,0.0,
2,4120-601EA30,0.0,0.0,
3,4120-601EA30,0.0,0.0,
4,4120-601EA30,0.0,0.0,
5,4120-601EA30,1.0,1.0,MA-748-601AA30
6,4120-601EA30,1.0,1,L1-748-601AA30
1,3326-601EA34,0.0,0.0,
2,3326-601EA34,0.0,0.0,
3,3326-601EA34,0.0,0.0,
4,3326-601EA34,0.0,0.0,
5,3326-601EA34,1.0,1.0,MA-748-601AA34
6,3326-601EA34,1.0,1,L1-748-601AA34
1,945-502JA30,0.0,0.0,
2,945-502JA30,0.0,0.0,
3,945-502JA30,0.0,0.0,
4,945-502JA30,0.0,0.0,
5,945-502JA30,1.0,1.0,MA-582-502AA30
6,945-502JA30,1.0,1,L1-582-502AA30
1,525-652AA30,0.0,0.0,
2,525-652AA30,0.0,0.0,
3,525-652AA30,0.0,0.0,
4,525-652AA30,0.0,0.0,
5,525-652AA30,1.0,1.0,MA-720-65230-DRUM
6,525-652AA30,1.0,4,L1-720-65230-DRUM
1,600-65230,0.0,0.0,
2,600-65230,0.0,0.0,
3,600-65230,0.0,0.0,
4,600-65230,0.0,0.0,
5,600-65230,1.0,1.0,MA-720-65230-DRUM
6,600-65230,1.0,4,L1-720-65230-DRUM
1,3326-501BA34,0.0,0.0,
2,3326-501BA34,0.0,0.0,
3,3326-501BA34,0.0,0.0,
4,3326-501BA34,1.0,1.0,MA-3326-501BA34
5,3326-501BA34,1.0,1.0,L1-3326-501BA34
6,3326-501BA34,1.0,1,LA-3326-501BA34-DF
1,6108-602AA36,0.0,0.0,
2,6108-602AA36,0.0,0.0,
3,6108-602AA36,0.0,0.0,
4,6108-602AA36,0.0,0.0,
5,6108-602AA36,0.0,0.0,
6,6108-602AA36,1.0,1,MA-RH-0031K-06SA
1,6108-602BA36,0.0,0.0,
2,6108-602BA36,0.0,0.0,
3,6108-602BA36,0.0,0.0,
4,6108-602BA36,0.0,0.0,
5,6108-602BA36,0.0,0.0,
6,6108-602BA36,1.0,1,MA-RH-0031K-06RA
1,6108-602CA36,0.0,0.0,
2,6108-602CA36,0.0,0.0,
3,6108-602CA36,0.0,0.0,
4,6108-602CA36,0.0,0.0,
5,6108-602CA36,0.0,0.0,
6,6108-602CA36,1.0,1,MA-RH-0031K-06RA
1,6108-602DA36,0.0,0.0,
2,6108-602DA36,0.0,0.0,
3,6108-602DA36,0.0,0.0,
4,6108-602DA36,0.0,0.0,
5,6108-602DA36,0.0,0.0,
6,6108-602DA36,1.0,1,MA-RH-0031K-06RA
1,6108-602EA36,0.0,0.0,
2,6108-602EA36,0.0,0.0,
3,6108-602EA36,0.0,0.0,
4,6108-602EA36,0.0,0.0,
5,6108-602EA36,0.0,0.0,
6,6108-602EA36,1.0,1,MA-RH-0031K-06RA
1,6108-606AA36,0.0,0.0,
2,6108-606AA36,0.0,0.0,
3,6108-606AA36,0.0,0.0,
4,6108-606AA36,0.0,0.0,
5,6108-606AA36,0.0,0.0,
6,6108-606AA36,1.0,1,MA-RH-0031A-05C
1,5154-602EB33,0.0,0.0,
2,5154-602EB33,0.0,0.0,
3,5154-602EB33,0.0,0.0,
4,5154-602EB33,0.0,0.0,
5,5154-602EB33,0.0,0.0,
6,5154-602EB33,1.0,1,MA-RH-0031A-05D
1,5517-502ZA38,0.0,0.0,
2,5517-502ZA38,0.0,0.0,
3,5517-502ZA38,0.0,0.0,
4,5517-502ZA38,0.0,0.0,
5,5517-502ZA38,1.0,1.0,MA-5517-502AA38
6,5517-502ZA38,1.0,61,L1-5517-502AA38
1,3237-608AA34,0.0,0.0,
2,3237-608AA34,0.0,0.0,
3,3237-608AA34,0.0,0.0,
4,3237-608AA34,0.0,0.0,
5,3237-608AA34,1.0,3.0,MA-973-608AA34-DRUM
6,3237-608AA34,1.0,1,L1-882-608AA34
1,C272-409AA300,0.0,0.0,
2,C272-409AA300,0.0,0.0,
3,C272-409AA300,0.0,0.0,
4,C272-409AA300,0.0,0.0,
5,C272-409AA300,1.0,1.0,MA-79-409B30-S
6,C272-409AA300,1.0,1,L1-79-409B30-S
1,6109-502AA36,0.0,0.0,
2,6109-502AA36,0.0,0.0,
3,6109-502AA36,0.0,0.0,
4,6109-502AA36,0.0,0.0,
5,6109-502AA36,1.0,1.0,MA-5517-502AA36
6,6109-502AA36,1.0,1,L1-5517-502AA36
1,826-502JA34,0.0,0.0,
2,826-502JA34,0.0,0.0,
3,826-502JA34,0.0,0.0,
4,826-502JA34,0.0,0.0,
5,826-502JA34,1.0,1.0,MA-954-50234
6,826-502JA34,1.0,1,L1-954-50234
1,5534-601AA36,0.0,0.0,
2,5534-601AA36,0.0,0.0,
3,5534-601AA36,0.0,0.0,
4,5534-601AA36,1.0,1.0,MA-161-601HA36
5,5534-601AA36,1.0,1.0,L1-161-601HA36
6,5534-601AA36,1.0,1,LA-161-601JA36-L2
1,478-502EC34,0.0,0.0,
2,478-502EC34,0.0,0.0,
3,478-502EC34,0.0,0.0,
4,478-502EC34,0.0,0.0,
5,478-502EC34,1.0,1.0,MA-474-502AA34
6,478-502EC34,1.0,1,L1-474-502AA34
1,478-502AC34,0.0,0.0,
2,478-502AC34,0.0,0.0,
3,478-502AC34,0.0,0.0,
4,478-502AC34,0.0,0.0,
5,478-502AC34,1.0,1.0,MA-474-502AA34
6,478-502AC34,1.0,1,L1-474-502AA34
1,1532-436BC26,0.0,0.0,
2,1532-436BC26,0.0,0.0,
3,1532-436BC26,0.0,0.0,
4,1532-436BC26,0.0,0.0,
5,1532-436BC26,1.0,1.0,MA-1536-436AA26
6,1532-436BC26,1.0,1,L1-1536-436AA26
1,1532-436BC30,0.0,0.0,
2,1532-436BC30,0.0,0.0,
3,1532-436BC30,0.0,0.0,
4,1532-436BC30,0.0,0.0,
5,1532-436BC30,1.0,1.0,MA-1536-436AA30
6,1532-436BC30,1.0,1,L1-1536-436AA30
1,57-405B170,0.0,0.0,
2,57-405B170,0.0,0.0,
3,57-405B170,0.0,0.0,
4,57-405B170,0.0,0.0,
5,57-405B170,1.0,1.0,MA-57-40517-S
6,57-405B170,1.0,1,L1-57-40517-S
1,59-409DA170,0.0,0.0,
2,59-409DA170,0.0,0.0,
3,59-409DA170,0.0,0.0,
4,59-409DA170,0.0,0.0,
5,59-409DA170,1.0,1.0,MA-59-40917-S
6,59-409DA170,1.0,1,L1-59-40917-S
1,810-652B34,0.0,0.0,
2,810-652B34,0.0,0.0,
3,810-652B34,0.0,0.0,
4,810-652B34,0.0,0.0,
5,810-652B34,1.0,1.0,MA-720-65234-DRUM
6,810-652B34,1.0,4,L1-720-65234-DRUM
1,87-405LA300,0.0,0.0,
2,87-405LA300,0.0,0.0,
3,87-405LA300,0.0,0.0,
4,87-405LA300,0.0,0.0,
5,87-405LA300,1.0,1.0,MA-87-40530-S
6,87-405LA300,1.0,1,L1-87-405EA30-S
1,5534-502AD38,0.0,0.0,
2,5534-502AD38,0.0,0.0,
3,5534-502AD38,0.0,0.0,
4,5534-502AD38,0.0,0.0,
5,5534-502AD38,1.0,1.0,MA-5517-502AA34
6,5534-502AD38,2.0,1,L1-5517-502AA34
1,5534-602AB38,0.0,0.0,
2,5534-602AB38,0.0,0.0,
3,5534-602AB38,0.0,0.0,
4,5534-602AB38,0.0,0.0,
5,5534-602AB38,0.0,0.0,
6,5534-602AB38,1.0,1,MA-RH-0031K-06KB
1,479-502EA38,0.0,0.0,
2,479-502EA38,0.0,0.0,
3,479-502EA38,0.0,0.0,
4,479-502EA38,0.0,0.0,
5,479-502EA38,1.0,1.0,MA-474-502AA38
6,479-502EA38,1.0,1,L1-474-502AA38
1,335-405AA380,0.0,0.0,
2,335-405AA380,0.0,0.0,
3,335-405AA380,0.0,0.0,
4,335-405AA380,0.0,0.0,
5,335-405AA380,1.0,1.0,MA-335-405AA38-S
6,335-405AA380,1.0,1,L1-335-405AA38-S
1,1931-102AA,0.0,0.0,
2,1931-102AA,0.0,0.0,
3,1931-102AA,0.0,0.0,
4,1931-102AA,0.0,0.0,
5,1931-102AA,0.0,0.0,
6,1931-102AA,1.0,1,MA-1931-102AA
1,1931-102BA,0.0,0.0,
2,1931-102BA,0.0,0.0,
3,1931-102BA,0.0,0.0,
4,1931-102BA,0.0,0.0,
5,1931-102BA,0.0,0.0,
6,1931-102BA,1.0,1,MA-1631-102DB
1,1931-103AA30,0.0,0.0,
2,1931-103AA30,0.0,0.0,
3,1931-103AA30,0.0,0.0,
4,1931-103AA30,0.0,0.0,
5,1931-103AA30,0.0,0.0,
6,1931-103AA30,1.0,1,MA-1931-103AA30
1,479-602BC36,0.0,0.0,
2,479-602BC36,0.0,0.0,
3,479-602BC36,0.0,0.0,
4,479-602BC36,0.0,0.0,
5,479-602BC36,0.0,0.0,
6,479-602BC36,1.0,1,MA-RH-0031A-05C
1,5163-405BA360,0.0,0.0,
2,5163-405BA360,0.0,0.0,
3,5163-405BA360,0.0,0.0,
4,5163-405BA360,0.0,0.0,
5,5163-405BA360,1.0,1.0,MA-5163-40536-S
6,5163-405BA360,1.0,1,L1-5163-405BA36-S
1,1551-401AB30,0.0,0.0,
2,1551-401AB30,0.0,0.0,
3,1551-401AB30,1.0,1.0,MA-1551-401AB30
4,1551-401AB30,1.0,1.0,L1-1551-401AB30
5,1551-401AB30,1.0,1.0,LA-1551-401AB30-D
6,1551-401AB30,1.0,1,LA-1551-401AB30-DF
1,478-602BC34,0.0,0.0,
2,478-602BC34,0.0,0.0,
3,478-602BC34,0.0,0.0,
4,478-602BC34,0.0,0.0,
5,478-602BC34,0.0,0.0,
6,478-602BC34,1.0,1,MA-RH-0031A-05C
1,6201-602AA34,0.0,0.0,
2,6201-602AA34,0.0,0.0,
3,6201-602AA34,0.0,0.0,
4,6201-602AA34,0.0,0.0,
5,6201-602AA34,0.0,0.0,
6,6201-602AA34,1.0,1,MA-RH-0031A-05C2
1,6204-602MB34,0.0,0.0,
2,6204-602MB34,0.0,0.0,
3,6204-602MB34,0.0,0.0,
4,6204-602MB34,0.0,0.0,
5,6204-602MB34,0.0,0.0,
6,6204-602MB34,1.0,1,MA-RH-0031A-10D
1,830-409CA200,0.0,0.0,
2,830-409CA200,0.0,0.0,
3,830-409CA200,0.0,0.0,
4,830-409CA200,0.0,0.0,
5,830-409CA200,1.0,5.0,MA-830-409CA20-S
6,830-409CA200,1.0,1,L1-830-409CA20-S
1,5145-502JA09,0.0,0.0,
2,5145-502JA09,0.0,0.0,
3,5145-502JA09,0.0,0.0,
4,5145-502JA09,0.0,0.0,
5,5145-502JA09,1.0,1.0,MA-59-502B09
6,5145-502JA09,1.0,1,L1-59-502B09
1,631-502PA30,0.0,0.0,
2,631-502PA30,0.0,0.0,
3,631-502PA30,0.0,0.0,
4,631-502PA30,0.0,0.0,
5,631-502PA30,1.0,1.0,MA-631-50230
6,631-502PA30,1.0,1,L1-631-50230
1,810-409B260,0.0,0.0,
2,810-409B260,0.0,0.0,
3,810-409B260,0.0,0.0,
4,810-409B260,0.0,0.0,
5,810-409B260,1.0,4.0,MA-740-40926-S
6,810-409B260,1.0,1,L1-810-409B26-S
1,810-409B300,0.0,0.0,
2,810-409B300,0.0,0.0,
3,810-409B300,0.0,0.0,
4,810-409B300,0.0,0.0,
5,810-409B300,1.0,4.0,MA-740-40930-S
6,810-409B300,1.0,1,L1-810-409B30-S
1,810-409B340,0.0,0.0,
2,810-409B340,0.0,0.0,
3,810-409B340,0.0,0.0,
4,810-409B340,0.0,0.0,
5,810-409B340,1.0,4.0,MA-740-40934-S
6,810-409B340,1.0,1,L1-810-409B34-S
1,57-405B150,0.0,0.0,
2,57-405B150,0.0,0.0,
3,57-405B150,0.0,0.0,
4,57-405B150,0.0,0.0,
5,57-405B150,1.0,1.0,MA-57-40515-S
6,57-405B150,1.0,1,L1-57-40515-S
1,57-405B180,0.0,0.0,
2,57-405B180,0.0,0.0,
3,57-405B180,0.0,0.0,
4,57-405B180,0.0,0.0,
5,57-405B180,1.0,1.0,MA-57-40518-S
6,57-405B180,1.0,1,L1-57-40518-S
1,59-409DA150,0.0,0.0,
2,59-409DA150,0.0,0.0,
3,59-409DA150,0.0,0.0,
4,59-409DA150,0.0,0.0,
5,59-409DA150,1.0,1.0,MA-59-40915-S
6,59-409DA150,1.0,1,L1-59-40915-S
1,59-409DA180,0.0,0.0,
2,59-409DA180,0.0,0.0,
3,59-409DA180,0.0,0.0,
4,59-409DA180,0.0,0.0,
5,59-409DA180,1.0,1.0,MA-59-40918-S
6,59-409DA180,1.0,1,L1-59-40918-S
1,740-410FA200,0.0,0.0,
2,740-410FA200,0.0,0.0,
3,740-410FA200,0.0,0.0,
4,740-410FA200,0.0,0.0,
5,740-410FA200,1.0,1.0,MA-970-41020-S
6,740-410FA200,1.0,4,LC-970-41020-S
1,5169-502AA36,0.0,0.0,
2,5169-502AA36,0.0,0.0,
3,5169-502AA36,0.0,0.0,
4,5169-502AA36,0.0,0.0,
5,5169-502AA36,1.0,1.0,MA-5163-502AA36
6,5169-502AA36,1.0,1,L1-5163-502AA36
1,3145-410BA340,0.0,0.0,
2,3145-410BA340,0.0,0.0,
3,3145-410BA340,0.0,0.0,
4,3145-410BA340,0.0,0.0,
5,3145-410BA340,1.0,1.0,MA-970-41034-S
6,3145-410BA340,1.0,4,LC-970-41034-S
1,479-501AB36,0.0,0.0,
2,479-501AB36,0.0,0.0,
3,479-501AB36,0.0,0.0,
4,479-501AB36,1.0,1.0,MA-161-501QA36
5,479-501AB36,1.0,1.0,L1-161-501QA36
6,479-501AB36,1.0,1,LA-161-501QA36-DF
1,479-601AB36,0.0,0.0,
2,479-601AB36,0.0,0.0,
3,479-601AB36,0.0,0.0,
4,479-601AB36,1.0,1.0,MA-165-601BA36
5,479-601AB36,1.0,1.0,L1-165-601BA36
6,479-601AB36,1.0,1,LA-165-601BA36-L2
1,5217-409AA340,0.0,0.0,
2,5217-409AA340,0.0,0.0,
3,5217-409AA340,0.0,0.0,
4,5217-409AA340,0.0,0.0,
5,5217-409AA340,1.0,1.0,MA-478-409AA34-S
6,5217-409AA340,1.0,1,L1-5170-409AA34-S
1,87-405FA300,0.0,0.0,
2,87-405FA300,0.0,0.0,
3,87-405FA300,0.0,0.0,
4,87-405FA300,0.0,0.0,
5,87-405FA300,1.0,1.0,MA-87-40530-S
6,87-405FA300,1.0,1,L1-87-405EA30-S
1,87-405FA380,0.0,0.0,
2,87-405FA380,0.0,0.0,
3,87-405FA380,0.0,0.0,
4,87-405FA380,0.0,0.0,
5,87-405FA380,1.0,1.0,MA-87-40538-S
6,87-405FA380,1.0,1,L1-87-405EA38-S
1,479-602FA38,0.0,0.0,
2,479-602FA38,0.0,0.0,
3,479-602FA38,0.0,0.0,
4,479-602FA38,0.0,0.0,
5,479-602FA38,0.0,0.0,
6,479-602FA38,1.0,1,MA-RH-0031A-05C
1,6201-602CA34,0.0,0.0,
2,6201-602CA34,0.0,0.0,
3,6201-602CA34,0.0,0.0,
4,6201-602CA34,0.0,0.0,
5,6201-602CA34,0.0,0.0,
6,6201-602CA34,1.0,1,MA-RH-0031A-05C2
1,6204-602MA34,0.0,0.0,
2,6204-602MA34,0.0,0.0,
3,6204-602MA34,0.0,0.0,
4,6204-602MA34,0.0,0.0,
5,6204-602MA34,0.0,0.0,
6,6204-602MA34,1.0,1,MA-RH-0031A-10D
1,5176-502AA30,0.0,0.0,
2,5176-502AA30,0.0,0.0,
3,5176-502AA30,0.0,0.0,
4,5176-502AA30,0.0,0.0,
5,5176-502AA30,1.0,1.0,MA-474-502AA30
6,5176-502AA30,1.0,1,L1-474-502AA30
1,5176-502AA34,0.0,0.0,
2,5176-502AA34,0.0,0.0,
3,5176-502AA34,0.0,0.0,
4,5176-502AA34,0.0,0.0,
5,5176-502AA34,1.0,1.0,MA-474-502AA34
6,5176-502AA34,1.0,1,L1-474-502AA34
1,87-405MA340,0.0,0.0,
2,87-405MA340,0.0,0.0,
3,87-405MA340,0.0,0.0,
4,87-405MA340,0.0,0.0,
5,87-405MA340,1.0,1.0,MA-87-40534-S
6,87-405MA340,1.0,1,L1-87-405EA34-S
1,5176-601AA30,0.0,0.0,
2,5176-601AA30,0.0,0.0,
3,5176-601AA30,0.0,0.0,
4,5176-601AA30,1.0,1.0,MA-165-601AB30
5,5176-601AA30,1.0,1.0,L1-165-601AB30
6,5176-601AA30,1.0,1,LA-165-601BA30-L2
1,3923-501AA20,0.0,0.0,
2,3923-501AA20,0.0,0.0,
3,3923-501AA20,0.0,0.0,
4,3923-501AA20,0.0,0.0,
5,3923-501AA20,1.0,1.0,MA-19B-501AB20
6,3923-501AA20,1.0,1,L1-19B-501AB20
1,3923-502AA20,0.0,0.0,
2,3923-502AA20,0.0,0.0,
3,3923-502AA20,0.0,0.0,
4,3923-502AA20,0.0,0.0,
5,3923-502AA20,1.0,1.0,MA-3922-502AC20
6,3923-502AA20,1.0,1,L1-3922-502AC20
1,3923-652AA20,0.0,0.0,
2,3923-652AA20,0.0,0.0,
3,3923-652AA20,0.0,0.0,
4,3923-652AA20,0.0,0.0,
5,3923-652AA20,1.0,1.0,MA-3922-652AA20-DRUM
6,3923-652AA20,1.0,3,L1-3922-652AA20-DRUM
1,6109-502AA38,0.0,0.0,
2,6109-502AA38,0.0,0.0,
3,6109-502AA38,0.0,0.0,
4,6109-502AA38,0.0,0.0,
5,6109-502AA38,1.0,1.0,MA-5517-502AA38
6,6109-502AA38,1.0,1,L1-5517-502AA38
1,3923-608AA20,0.0,0.0,
2,3923-608AA20,0.0,0.0,
3,3923-608AA20,0.0,0.0,
4,3923-608AA20,0.0,0.0,
5,3923-608AA20,1.0,1.0,MA-631-60820
6,3923-608AA20,1.0,1,L1-631-60820
1,3923-601EA20,0.0,0.0,
2,3923-601EA20,0.0,0.0,
3,3923-601EA20,0.0,0.0,
4,3923-601EA20,0.0,0.0,
5,3923-601EA20,1.0,1.0,MA-748-601AA20
6,3923-601EA20,1.0,1,L1-748-601AA20
1,1355-406AB18,0.0,0.0,
2,1355-406AB18,0.0,0.0,
3,1355-406AB18,1.0,1.0,MA-1355-406AB18
4,1355-406AB18,1.0,1.0,L1-1355-406AB18
5,1355-406AB18,1.0,1.0,LA-1355-406AB18-D
6,1355-406AB18,1.0,1,LA-1355-406AB18-MC
1,208-409CA180,0.0,0.0,
2,208-409CA180,0.0,0.0,
3,208-409CA180,0.0,0.0,
4,208-409CA180,0.0,0.0,
5,208-409CA180,1.0,1.0,MA-201-40918-S
6,208-409CA180,1.0,1,L1-208-409CA18-S
1,274-405AB180,0.0,0.0,
2,274-405AB180,0.0,0.0,
3,274-405AB180,0.0,0.0,
4,274-405AB180,0.0,0.0,
5,274-405AB180,1.0,1.0,MA-335-405AA18-S
6,274-405AB180,1.0,1,L1-335-405AA18-S
1,87-405EA340,0.0,0.0,
2,87-405EA340,0.0,0.0,
3,87-405EA340,0.0,0.0,
4,87-405EA340,0.0,0.0,
5,87-405EA340,1.0,1.0,MA-87-40534
6,87-405EA340,1.0,1,L1-87-405EA34
1,5521-601AB17,0.0,0.0,
2,5521-601AB17,0.0,0.0,
3,5521-601AB17,0.0,0.0,
4,5521-601AB17,1.0,1.0,MA-1355-601BA17
5,5521-601AB17,1.0,1.0,L1-1355-601BA17
6,5521-601AB17,1.0,1,LA-1355-601BA17-L2
1,5529-501BA36,0.0,0.0,
2,5529-501BA36,0.0,0.0,
3,5529-501BA36,0.0,0.0,
4,5529-501BA36,1.0,1.0,MA-5500-501EB36
5,5529-501BA36,1.0,1.0,L1-5500-501EB36
6,5529-501BA36,1.0,1,LA-5500-501EB36-DF
1,5529-501CA36,0.0,0.0,
2,5529-501CA36,0.0,0.0,
3,5529-501CA36,0.0,0.0,
4,5529-501CA36,1.0,1.0,MA-5529-501CA36
5,5529-501CA36,1.0,1.0,L1-5529-501CA36
6,5529-501CA36,1.0,1,LA-5529-501CA36-DF
1,6105-601AA34,0.0,0.0,
2,6105-601AA34,0.0,0.0,
3,6105-601AA34,0.0,0.0,
4,6105-601AA34,1.0,1.0,MA-6104-601AA34
5,6105-601AA34,1.0,1.0,L1-6104-601AA34
6,6105-601AA34,1.0,1,L2-6104-601AA34
1,6105-641AA34,0.0,0.0,
2,6105-641AA34,0.0,0.0,
3,6105-641AA34,0.0,0.0,
4,6105-641AA34,0.0,0.0,
5,6105-641AA34,1.0,1.0,MA-485-641BA34-DRUM
6,6105-641AA34,1.0,4,L1-485-641BA34-DRUM
1,6108-502FA36,0.0,0.0,
2,6108-502FA36,0.0,0.0,
3,6108-502FA36,0.0,0.0,
4,6108-502FA36,0.0,0.0,
5,6108-502FA36,1.0,1.0,MA-5517-502AA36
6,6108-502FA36,1.0,1,L1-5517-502AA36
1,5521-502AB18,0.0,0.0,
2,5521-502AB18,0.0,0.0,
3,5521-502AB18,0.0,0.0,
4,5521-502AB18,0.0,0.0,
5,5521-502AB18,1.0,1.0,MA-5521-502AB18
6,5521-502AB18,1.0,1,L1-5521-502AB18
1,5527-501AA18,0.0,0.0,
2,5527-501AA18,0.0,0.0,
3,5527-501AA18,0.0,0.0,
4,5527-501AA18,0.0,0.0,
5,5527-501AA18,1.0,1.0,MA-5527-501AA18
6,5527-501AA18,1.0,1,L1-5527-501AA18
1,5527-501BB18,0.0,0.0,
2,5527-501BB18,0.0,0.0,
3,5527-501BB18,0.0,0.0,
4,5527-501BB18,0.0,0.0,
5,5527-501BB18,1.0,1.0,MA-5527-501BB18
6,5527-501BB18,1.0,1,L1-5527-501BB18
1,474-602DA30,0.0,0.0,
2,474-602DA30,0.0,0.0,
3,474-602DA30,0.0,0.0,
4,474-602DA30,0.0,0.0,
5,474-602DA30,0.0,0.0,
6,474-602DA30,1.0,1,MA-RH-0031A-05C
1,5217-602AA34,0.0,0.0,
2,5217-602AA34,0.0,0.0,
3,5217-602AA34,0.0,0.0,
4,5217-602AA34,0.0,0.0,
5,5217-602AA34,0.0,0.0,
6,5217-602AA34,1.0,1,MA-RH-0031A-05D
1,5217-602BA34,0.0,0.0,
2,5217-602BA34,0.0,0.0,
3,5217-602BA34,0.0,0.0,
4,5217-602BA34,0.0,0.0,
5,5217-602BA34,0.0,0.0,
6,5217-602BA34,1.0,1,MA-RH-0031A-05C
1,5217-602CA34,0.0,0.0,
2,5217-602CA34,0.0,0.0,
3,5217-602CA34,0.0,0.0,
4,5217-602CA34,0.0,0.0,
5,5217-602CA34,0.0,0.0,
6,5217-602CA34,1.0,1,MA-RH-0031A-05C
1,6108-601AA34,0.0,0.0,
2,6108-601AA34,0.0,0.0,
3,6108-601AA34,0.0,0.0,
4,6108-601AA34,1.0,1.0,MA-6104-601AA34
5,6108-601AA34,1.0,1.0,L1-6104-601AA34
6,6108-601AA34,1.0,1,L2-6104-601AA34
1,6105-502AA34,0.0,0.0,
2,6105-502AA34,0.0,0.0,
3,6105-502AA34,0.0,0.0,
4,6105-502AA34,0.0,0.0,
5,6105-502AA34,1.0,1.0,MA-5517-502AA34
6,6105-502AA34,1.0,1,L1-5517-502AA34
1,474-602DA34,0.0,0.0,
2,474-602DA34,0.0,0.0,
3,474-602DA34,0.0,0.0,
4,474-602DA34,0.0,0.0,
5,474-602DA34,0.0,0.0,
6,474-602DA34,1.0,1,MA-RH-0031A-05C
1,6210-501CA34,0.0,0.0,
2,6210-501CA34,0.0,0.0,
3,6210-501CA34,0.0,0.0,
4,6210-501CA34,1.0,1.0,MA-5529-501CA34
5,6210-501CA34,1.0,1.0,L1-5529-501CA34
6,6210-501CA34,1.0,1,LA-5529-501CA34-DF
1,3242-608AC34,0.0,0.0,
2,3242-608AC34,0.0,0.0,
3,3242-608AC34,0.0,0.0,
4,3242-608AC34,0.0,0.0,
5,3242-608AC34,1.0,3.0,MA-973-608AA34-DRUM
6,3242-608AC34,1.0,1,L1-3242-608AA34
1,3242-651AC34,0.0,0.0,
2,3242-651AC34,0.0,0.0,
3,3242-651AC34,0.0,0.0,
4,3242-651AC34,0.0,0.0,
5,3242-651AC34,1.0,1.0,MA-RH-0156
6,3242-651AC34,1.0,1,LA-RH-0156-MC
1,6105-602AA34,0.0,0.0,
2,6105-602AA34,0.0,0.0,
3,6105-602AA34,0.0,0.0,
4,6105-602AA34,0.0,0.0,
5,6105-602AA34,0.0,0.0,
6,6105-602AA34,1.0,1,MA-RH-0031K-06TA
1,6105-602CA34,0.0,0.0,
2,6105-602CA34,0.0,0.0,
3,6105-602CA34,0.0,0.0,
4,6105-602CA34,0.0,0.0,
5,6105-602CA34,0.0,0.0,
6,6105-602CA34,1.0,1,MA-RH-0031K-06TA
1,6105-602DA34,0.0,0.0,
2,6105-602DA34,0.0,0.0,
3,6105-602DA34,0.0,0.0,
4,6105-602DA34,0.0,0.0,
5,6105-602DA34,0.0,0.0,
6,6105-602DA34,1.0,1,MA-RH-0031A-05H
1,6105-602EA34,0.0,0.0,
2,6105-602EA34,0.0,0.0,
3,6105-602EA34,0.0,0.0,
4,6105-602EA34,0.0,0.0,
5,6105-602EA34,0.0,0.0,
6,6105-602EA34,1.0,1,MA-RH-0031K-06TA
1,6105-606AA34,0.0,0.0,
2,6105-606AA34,0.0,0.0,
3,6105-606AA34,0.0,0.0,
4,6105-606AA34,0.0,0.0,
5,6105-606AA34,0.0,0.0,
6,6105-606AA34,1.0,1,MA-RH-0031A-05C
1,3242-502AA34,0.0,0.0,
2,3242-502AA34,0.0,0.0,
3,3242-502AA34,0.0,0.0,
4,3242-502AA34,0.0,0.0,
5,3242-502AA34,1.0,1.0,MA-600-502AA34
6,3242-502AA34,1.0,1,L1-4109-502AA34
1,5176-601AA34,0.0,0.0,
2,5176-601AA34,0.0,0.0,
3,5176-601AA34,0.0,0.0,
4,5176-601AA34,1.0,1.0,MA-165-601BA34
5,5176-601AA34,1.0,1.0,L1-165-601BA34
6,5176-601AA34,1.0,1,LA-165-601BA34-L2
1,525-608AA30,0.0,0.0,
2,525-608AA30,0.0,0.0,
3,525-608AA30,0.0,0.0,
4,525-608AA30,0.0,0.0,
5,525-608AA30,1.0,4.0,MA-603-608AA30-DRUM
6,525-608AA30,1.0,1,L1-603-608AA30
1,525-601EA30,0.0,0.0,
2,525-601EA30,0.0,0.0,
3,525-601EA30,0.0,0.0,
4,525-601EA30,0.0,0.0,
5,525-601EA30,1.0,6.0,MA-603-60130-DRUM
6,525-601EA30,1.0,1,L1-943-601AA30
1,478-409MA330,0.0,0.0,
2,478-409MA330,0.0,0.0,
3,478-409MA330,0.0,0.0,
4,478-409MA330,0.0,0.0,
5,478-409MA330,1.0,1.0,MA-478-409BA33-S
6,478-409MA330,1.0,1,L1-478-409BA33-S
1,201-405BA210,0.0,0.0,
2,201-405BA210,0.0,0.0,
3,201-405BA210,0.0,0.0,
4,201-405BA210,0.0,0.0,
5,201-405BA210,1.0,1.0,MA-57-40521-S
6,201-405BA210,1.0,1,L1-57-40521-S
1,251-409BA210,0.0,0.0,
2,251-409BA210,0.0,0.0,
3,251-409BA210,0.0,0.0,
4,251-409BA210,0.0,0.0,
5,251-409BA210,1.0,1.0,MA-59-40921-S
6,251-409BA210,1.0,1,L1-59-40921-S
1,81-405HA260,0.0,0.0,
2,81-405HA260,0.0,0.0,
3,81-405HA260,0.0,0.0,
4,81-405HA260,0.0,0.0,
5,81-405HA260,1.0,1.0,MA-81-40526-S
6,81-405HA260,1.0,1,L1-81-405EA26-S
1,970-405CB260,0.0,0.0,
2,970-405CB260,0.0,0.0,
3,970-405CB260,0.0,0.0,
4,970-405CB260,0.0,0.0,
5,970-405CB260,1.0,1.0,MA-81-40526
6,970-405CB260,1.0,1,L1-81-405EA26
1,5534-502AE38,0.0,0.0,
2,5534-502AE38,0.0,0.0,
3,5534-502AE38,0.0,0.0,
4,5534-502AE38,0.0,0.0,
5,5534-502AE38,1.0,1.0,MA-5517-502AA38
6,5534-502AE38,1.0,1,L1-5517-502AA38
1,335-405BA360,0.0,0.0,
2,335-405BA360,0.0,0.0,
3,335-405BA360,0.0,0.0,
4,335-405BA360,0.0,0.0,
5,335-405BA360,1.0,1.0,MA-335-405AA36-S
6,335-405BA360,1.0,1,L1-335-405AA36-S
1,1751-406BC21,0.0,0.0,
2,1751-406BC21,0.0,0.0,
3,1751-406BC21,0.0,0.0,
4,1751-406BC21,1.0,1.0,MA-1751-406BC21
5,1751-406BC21,1.0,1.0,L1-1751-406BC21
6,1751-406BC21,1.0,1,LA-1751-406BC21-MC
1,1751-411AA21,0.0,0.0,
2,1751-411AA21,1.0,1.0,MA-1751-411AA21
3,1751-411AA21,1.0,1.0,L1-1751-411AA21
4,1751-411AA21,1.0,1.0,L2-1751-411AA21
5,1751-411AA21,1.0,1.0,LA-1751-411AA21-MC
6,1751-411AA21,1.0,1,PEFIN-1751-411AA21
1,479-502AB30,0.0,0.0,
2,479-502AB30,0.0,0.0,
3,479-502AB30,0.0,0.0,
4,479-502AB30,0.0,0.0,
5,479-502AB30,1.0,1.0,MA-474-502AA30
6,479-502AB30,1.0,1,L1-474-502AA30
1,3145-410AA300,0.0,0.0,
2,3145-410AA300,0.0,0.0,
3,3145-410AA300,0.0,0.0,
4,3145-410AA300,0.0,0.0,
5,3145-410AA300,1.0,1.0,MA-970-41030-S
6,3145-410AA300,1.0,4,LC-970-41030-S
1,78-405FA340,0.0,0.0,
2,78-405FA340,0.0,0.0,
3,78-405FA340,0.0,0.0,
4,78-405FA340,0.0,0.0,
5,78-405FA340,1.0,1.0,MA-78-40534-S
6,78-405FA340,1.0,1,L1-78-40534-S
1,1831-501AA30,0.0,0.0,
2,1831-501AA30,0.0,0.0,
3,1831-501AA30,0.0,0.0,
4,1831-501AA30,1.0,1.0,MA-1831-501AA30
5,1831-501AA30,1.0,1.0,L1-1831-501AA30
6,1831-501AA30,1.0,1,LA-1831-501AA30-DF
1,1831-501BA30,0.0,0.0,
2,1831-501BA30,0.0,0.0,
3,1831-501BA30,0.0,0.0,
4,1831-501BA30,1.0,1.0,MA-1831-501BA30
5,1831-501BA30,1.0,1.0,L1-1831-501BA30
6,1831-501BA30,1.0,1,LA-1831-501BA30-DF
1,3164-502AA30,0.0,0.0,
2,3164-502AA30,0.0,0.0,
3,3164-502AA30,0.0,0.0,
4,3164-502AA30,0.0,0.0,
5,3164-502AA30,1.0,1.0,MA-3164-502AA30
6,3164-502AA30,1.0,1,L1-3164-502AA30
1,1931-102AB,0.0,0.0,
2,1931-102AB,0.0,0.0,
3,1931-102AB,0.0,0.0,
4,1931-102AB,0.0,0.0,
5,1931-102AB,0.0,0.0,
6,1931-102AB,1.0,1,MA-1931-102AB
1,1931-102BB,0.0,0.0,
2,1931-102BB,0.0,0.0,
3,1931-102BB,0.0,0.0,
4,1931-102BB,0.0,0.0,
5,1931-102BB,0.0,0.0,
6,1931-102BB,1.0,1,MA-1931-102BC
1,3164-608AA26,0.0,0.0,
2,3164-608AA26,0.0,0.0,
3,3164-608AA26,0.0,0.0,
4,3164-608AA26,0.0,0.0,
5,3164-608AA26,1.0,4.0,MA-603-608AA26-DRUM
6,3164-608AA26,1.0,1,L1-3164-608AA26
1,3164-608AA30,0.0,0.0,
2,3164-608AA30,0.0,0.0,
3,3164-608AA30,0.0,0.0,
4,3164-608AA30,0.0,0.0,
5,3164-608AA30,1.0,4.0,MA-603-608AA30-DRUM
6,3164-608AA30,1.0,1,L1-3164-608AA30
1,87-405QA300,0.0,0.0,
2,87-405QA300,0.0,0.0,
3,87-405QA300,0.0,0.0,
4,87-405QA300,0.0,0.0,
5,87-405QA300,1.0,1.0,MA-87-40530
6,87-405QA300,1.0,1,L1-87-405EA30
1,3164-601EA30,0.0,0.0,
2,3164-601EA30,0.0,0.0,
3,3164-601EA30,0.0,0.0,
4,3164-601EA30,1.0,1.0,MA-603-601-BLOCK
5,3164-601EA30,17.0,1.0,MC-603-601-BLOCK
6,3164-601EA30,1.0,1,PL-3164-601EA30
1,87-405RA300,0.0,0.0,
2,87-405RA300,0.0,0.0,
3,87-405RA300,0.0,0.0,
4,87-405RA300,0.0,0.0,
5,87-405RA300,1.0,1.0,MA-87-40530-S
6,87-405RA300,1.0,1,L1-87-405EA30-S
1,1931-111BA,0.0,0.0,
2,1931-111BA,0.0,0.0,
3,1931-111BA,0.0,0.0,
4,1931-111BA,0.0,0.0,
5,1931-111BA,1.0,1.0,MA-1931-111BA
6,1931-111BA,1.0,1,MC-1931-111BA
1,G-6501JA,0.0,0.0,
2,G-6501JA,0.0,0.0,
3,G-6501JA,0.0,0.0,
4,G-6501JA,0.0,0.0,
5,G-6501JA,1.0,1.0,MA-G-6501JA
6,G-6501JA,1.0,1,MC-G-6501JA
1,G-6503JA,0.0,0.0,
2,G-6503JA,0.0,0.0,
3,G-6503JA,0.0,0.0,
4,G-6503JA,0.0,0.0,
5,G-6503JA,1.0,1.0,MA-G-6503JA
6,G-6503JA,1.0,1,MC-G-6503JA
1,K-13801LA,0.0,0.0,
2,K-13801LA,0.0,0.0,
3,K-13801LA,0.0,0.0,
4,K-13801LA,0.0,0.0,
5,K-13801LA,0.0,0.0,
6,K-13801LA,1.0,1,MA-K-13801LA
1,1331-102VB,0.0,0.0,
2,1331-102VB,0.0,0.0,
3,1331-102VB,0.0,0.0,
4,1331-102VB,0.0,0.0,
5,1331-102VB,0.0,0.0,
6,1331-102VB,1.0,1,MA-1931-102BB
1,816-405FA140,0.0,0.0,
2,816-405FA140,0.0,0.0,
3,816-405FA140,0.0,0.0,
4,816-405FA140,1.0,1.0,MA-816-405CA14-S
5,816-405FA140,1.0,1.0,FO-816-405CA14-S
6,816-405FA140,1.0,1,L1-816-405CA14-S
1,5540-405BA300,0.0,0.0,
2,5540-405BA300,0.0,0.0,
3,5540-405BA300,0.0,0.0,
4,5540-405BA300,0.0,0.0,
5,5540-405BA300,1.0,1.0,MA-335-405AA30-S
6,5540-405BA300,1.0,1,L1-335-405AA30-S
1,6211-409BA300,0.0,0.0,
2,6211-409BA300,0.0,0.0,
3,6211-409BA300,0.0,0.0,
4,6211-409BA300,0.0,0.0,
5,6211-409BA300,1.0,1.0,MA-6104-409CA30-S
6,6211-409BA300,1.0,1,L1-6104-409CA30-S
1,810-410CA140,0.0,0.0,
2,810-410CA140,0.0,0.0,
3,810-410CA140,0.0,0.0,
4,810-410CA140,0.0,0.0,
5,810-410CA140,1.0,1.0,MA-810-410CA14-S
6,810-410CA140,1.0,4,LC-810-410CA14-S
1,960-409AA140,0.0,0.0,
2,960-409AA140,0.0,0.0,
3,960-409AA140,0.0,0.0,
4,960-409AA140,0.0,0.0,
5,960-409AA140,1.0,4.0,MA-960-409AA14-S
6,960-409AA140,1.0,1,L1-960-409AA14-S
1,6213-601AA30,0.0,0.0,
2,6213-601AA30,0.0,0.0,
3,6213-601AA30,0.0,0.0,
4,6213-601AA30,1.0,1.0,MA-6213-601AA30
5,6213-601AA30,1.0,1.0,L1-6213-601AA30
6,6213-601AA30,1.0,1,LA-6213-601AA30-L2
1,3538-501AA14,0.0,0.0,
2,3538-501AA14,0.0,0.0,
3,3538-501AA14,0.0,0.0,
4,3538-501AA14,0.0,0.0,
5,3538-501AA14,1.0,1.0,MA-3538-501AA14
6,3538-501AA14,1.0,1,L1-3538-501AA14
1,3538-501BA14,0.0,0.0,
2,3538-501BA14,0.0,0.0,
3,3538-501BA14,0.0,0.0,
4,3538-501BA14,0.0,0.0,
5,3538-501BA14,1.0,1.0,MA-3538-501BA14
6,3538-501BA14,1.0,1,L1-3538-501BA14
1,3538-608AA14,0.0,0.0,
2,3538-608AA14,0.0,0.0,
3,3538-608AA14,0.0,0.0,
4,3538-608AA14,0.0,0.0,
5,3538-608AA14,1.0,3.0,MA-3538-608AA14-DRUM
6,3538-608AA14,1.0,1,L1-3538-608AA14
1,6213-502AA30,0.0,0.0,
2,6213-502AA30,0.0,0.0,
3,6213-502AA30,0.0,0.0,
4,6213-502AA30,0.0,0.0,
5,6213-502AA30,1.0,1.0,MA-5517-502AA30
6,6213-502AA30,1.0,1,L1-5517-502AA30
1,3538-652AA14,0.0,0.0,
2,3538-652AA14,0.0,0.0,
3,3538-652AA14,0.0,0.0,
4,3538-652AA14,0.0,0.0,
5,3538-652AA14,1.0,1.0,MA-720-65214-DRUM
6,3538-652AA14,1.0,3,L1-720-65214-DRUM
1,3538-502JA14,0.0,0.0,
2,3538-502JA14,0.0,0.0,
3,3538-502JA14,0.0,0.0,
4,3538-502JA14,0.0,0.0,
5,3538-502JA14,1.0,1.0,MA-954-50214
6,3538-502JA14,1.0,1,L1-954-50214
1,3538-601EA14,0.0,0.0,
2,3538-601EA14,0.0,0.0,
3,3538-601EA14,0.0,0.0,
4,3538-601EA14,0.0,0.0,
5,3538-601EA14,0.0,0.0,
6,3538-601EA14,8.0,1,MA-3538-601EA
1,6213-602GA30,0.0,0.0,
2,6213-602GA30,0.0,0.0,
3,6213-602GA30,0.0,0.0,
4,6213-602GA30,0.0,0.0,
5,6213-602GA30,0.0,0.0,
6,6213-602GA30,1.0,1,MA-RH-0031K-06G
1,6213-602HA30,0.0,0.0,
2,6213-602HA30,0.0,0.0,
3,6213-602HA30,0.0,0.0,
4,6213-602HA30,0.0,0.0,
5,6213-602HA30,0.0,0.0,
6,6213-602HA30,1.0,1,MA-RH-0031K-06G
1,6213-602JA30,0.0,0.0,
2,6213-602JA30,0.0,0.0,
3,6213-602JA30,0.0,0.0,
4,6213-602JA30,0.0,0.0,
5,6213-602JA30,0.0,0.0,
6,6213-602JA30,1.0,1,MA-RH-0031K-06G
1,6213-501BA30,0.0,0.0,
2,6213-501BA30,0.0,0.0,
3,6213-501BA30,0.0,0.0,
4,6213-501BA30,1.0,1.0,MA-5500-501EA30
5,6213-501BA30,1.0,1.0,L1-5500-501EA30
6,6213-501BA30,1.0,1,LA-5500-501EA30-DF
1,6104-602DB30,0.0,0.0,
2,6104-602DB30,0.0,0.0,
3,6104-602DB30,0.0,0.0,
4,6104-602DB30,0.0,0.0,
5,6104-602DB30,0.0,0.0,
6,6104-602DB30,1.0,1,MA-RH-0031A-05H
1,6104-606AC30,0.0,0.0,
2,6104-606AC30,0.0,0.0,
3,6104-606AC30,0.0,0.0,
4,6104-606AC30,0.0,0.0,
5,6104-606AC30,0.0,0.0,
6,6104-606AC30,1.0,1,MA-RH-0031A-05C
1,6213-501AA30,0.0,0.0,
2,6213-501AA30,0.0,0.0,
3,6213-501AA30,0.0,0.0,
4,6213-501AA30,1.0,1.0,MA-6213-501AA30
5,6213-501AA30,1.0,1.0,L1-6213-501AA30
6,6213-501AA30,1.0,1,LA-6213-501AA30-DF
1,6207-406BA3138,0.0,0.0,
2,6207-406BA3138,0.0,0.0,
3,6207-406BA3138,1.0,1.0,MA-6207-406BA3138
4,6207-406BA3138,1.0,1.0,L1-161-406RE3138
5,6207-406BA3138,1.0,1.0,LA-161-406RE3138-D
6,6207-406BA3138,1.0,1,LA-6207-406BA3138-MC
1,960-410AA260,0.0,0.0,
2,960-410AA260,0.0,0.0,
3,960-410AA260,0.0,0.0,
4,960-410AA260,0.0,0.0,
5,960-410AA260,1.0,1.0,MA-810-410CA26-S
6,960-410AA260,1.0,4,LC-810-410CA26-S
1,960-405DA260,0.0,0.0,
2,960-405DA260,0.0,0.0,
3,960-405DA260,0.0,0.0,
4,960-405DA260,0.0,0.0,
5,960-405DA260,1.0,1.0,MA-960-405AA26-S
6,960-405DA260,1.0,1,L1-960-405AA26-S
1,960-405BA260,0.0,0.0,
2,960-405BA260,0.0,0.0,
3,960-405BA260,0.0,0.0,
4,960-405BA260,0.0,0.0,
5,960-405BA260,1.0,1.0,MA-960-405BA26-S
6,960-405BA260,1.0,1,L1-960-405BA26-S
1,3145-502BA38,0.0,0.0,
2,3145-502BA38,0.0,0.0,
3,3145-502BA38,0.0,0.0,
4,3145-502BA38,0.0,0.0,
5,3145-502BA38,1.0,1.0,MA-600-502AA38
6,3145-502BA38,1.0,1,L1-3153-502AC38
1,3145-502CA30,0.0,0.0,
2,3145-502CA30,0.0,0.0,
3,3145-502CA30,0.0,0.0,
4,3145-502CA30,0.0,0.0,
5,3145-502CA30,1.0,1.0,MA-600-502AA30
6,3145-502CA30,1.0,1,L1-3153-502AC30
1,1535-401AA20,0.0,0.0,
2,1535-401AA20,0.0,0.0,
3,1535-401AA20,0.0,0.0,
4,1535-401AA20,0.0,0.0,
5,1535-401AA20,1.0,1.0,MA-1635-401AA20
6,1535-401AA20,1.0,1,L1-1635-401AA20
1,171-406PA14,0.0,0.0,
2,171-406PA14,0.0,0.0,
3,171-406PA14,0.0,0.0,
4,171-406PA14,0.0,0.0,
5,171-406PA14,1.0,1.0,MA-171-406PA14
6,171-406PA14,1.0,1,L1-171-406PA14
1,1531-102QA,0.0,0.0,
2,1531-102QA,0.0,0.0,
3,1531-102QA,0.0,0.0,
4,1531-102QA,0.0,0.0,
5,1531-102QA,0.0,0.0,
6,1531-102QA,1.0,1,MA-1531-102AA
1,162-309DA,0.0,0.0,
2,162-309DA,0.0,0.0,
3,162-309DA,0.0,0.0,
4,162-309DA,0.0,0.0,
5,162-309DA,0.0,0.0,
6,162-309DA,1.0,1,MA-162-309DA
1,1531-103JA20,0.0,0.0,
2,1531-103JA20,0.0,0.0,
3,1531-103JA20,0.0,0.0,
4,1531-103JA20,0.0,0.0,
5,1531-103JA20,0.0,0.0,
6,1531-103JA20,1.0,1,MA-1531-103JA20
1,12Q-411MC31,0.0,0.0,
2,12Q-411MC31,0.0,0.0,
3,12Q-411MC31,1.0,1.0,MA-12Q-411MA31
4,12Q-411MC31,1.0,1.0,L1-12Q-411MA31
5,12Q-411MC31,1.0,1.0,LA-12Q-411MA31-L2
6,12Q-411MC31,1.0,1,LA-12Q-411MC31-MC
1,161-402PA31,0.0,0.0,
2,161-402PA31,0.0,0.0,
3,161-402PA31,0.0,0.0,
4,161-402PA31,0.0,0.0,
5,161-402PA31,1.0,1.0,MA-161-402JA31
6,161-402PA31,1.0,1,L1-161-402JA31
1,5121-405BA480,0.0,0.0,
2,5121-405BA480,0.0,0.0,
3,5121-405BA480,0.0,0.0,
4,5121-405BA480,0.0,0.0,
5,5121-405BA480,1.0,1.0,MA-328-405AA48-S
6,5121-405BA480,1.0,1,L1-328-405AA48-S
1,5121-409EA480,0.0,0.0,
2,5121-409EA480,0.0,0.0,
3,5121-409EA480,0.0,0.0,
4,5121-409EA480,0.0,0.0,
5,5121-409EA480,1.0,1.0,MA-329-409AA48-S
6,5121-409EA480,1.0,1,L1-329-409AA48-S
1,5109-502AA33,0.0,0.0,
2,5109-502AA33,0.0,0.0,
3,5109-502AA33,0.0,0.0,
4,5109-502AA33,0.0,0.0,
5,5109-502AA33,1.0,1.0,MA-474-502AA33
6,5109-502AA33,1.0,1,L1-474-502AA33
1,78-405FA330,0.0,0.0,
2,78-405FA330,0.0,0.0,
3,78-405FA330,0.0,0.0,
4,78-405FA330,0.0,0.0,
5,78-405FA330,1.0,1.0,MA-78-405FA33-S
6,78-405FA330,1.0,1,L1-78-405FA33-S
1,1831-401AA36,0.0,0.0,
2,1831-401AA36,0.0,0.0,
3,1831-401AA36,1.0,1.0,MA-1831-401AA36
4,1831-401AA36,1.0,1.0,L1-1831-401AA36
5,1831-401AA36,1.0,1.0,LA-1831-401AA36-D
6,1831-401AA36,1.0,1,LA-1831-401AA36-DF
1,478-409FA330,0.0,0.0,
2,478-409FA330,0.0,0.0,
3,478-409FA330,0.0,0.0,
4,478-409FA330,0.0,0.0,
5,478-409FA330,1.0,1.0,MA-478-409BA33-S
6,478-409FA330,1.0,1,L1-478-409BA33-S
1,5310-602KA33,0.0,0.0,
2,5310-602KA33,0.0,0.0,
3,5310-602KA33,0.0,0.0,
4,5310-602KA33,0.0,0.0,
5,5310-602KA33,0.0,0.0,
6,5310-602KA33,1.0,1,MA-RH-0031A-05D
1,5310-602LA33,0.0,0.0,
2,5310-602LA33,0.0,0.0,
3,5310-602LA33,0.0,0.0,
4,5310-602LA33,0.0,0.0,
5,5310-602LA33,0.0,0.0,
6,5310-602LA33,1.0,1,MA-RH-0031A-05D
1,5121-601BA48,0.0,0.0,
2,5121-601BA48,0.0,0.0,
3,5121-601BA48,0.0,0.0,
4,5121-601BA48,1.0,1.0,MA-1155-601AA48
5,5121-601BA48,1.0,1.0,L1-1155-601AA48
6,5121-601BA48,1.0,1,LA-1155-601AA48-DF
1,5534-501BA36,0.0,0.0,
2,5534-501BA36,0.0,0.0,
3,5534-501BA36,0.0,0.0,
4,5534-501BA36,1.0,1.0,MA-5500-501EB36
5,5534-501BA36,1.0,1.0,L1-5500-501EB36
6,5534-501BA36,1.0,1,LA-5500-501EB36-DF
1,5540-501AA36,0.0,0.0,
2,5540-501AA36,0.0,0.0,
3,5540-501AA36,0.0,0.0,
4,5540-501AA36,1.0,1.0,MA-5529-501CA36
5,5540-501AA36,1.0,1.0,L1-5529-501CA36
6,5540-501AA36,1.0,1,LA-5529-501CA36-DF
1,1831-406AA34,0.0,0.0,
2,1831-406AA34,0.0,0.0,
3,1831-406AA34,1.0,1.0,MA-1831-406AA34
4,1831-406AA34,1.0,1.0,L1-1831-406AA34
5,1831-406AA34,1.0,1.0,LA-1831-406AA34-D
6,1831-406AA34,1.0,1,LA-1831-406AA34-MC
1,5540-405AA360,0.0,0.0,
2,5540-405AA360,0.0,0.0,
3,5540-405AA360,0.0,0.0,
4,5540-405AA360,0.0,0.0,
5,5540-405AA360,1.0,1.0,MA-335-405AA36-S
6,5540-405AA360,1.0,1,L1-335-405AA36-S
1,5534-641AA36,0.0,0.0,
2,5534-641AA36,0.0,0.0,
3,5534-641AA36,0.0,0.0,
4,5534-641AA36,0.0,0.0,
5,5534-641AA36,1.0,1.0,MA-485-641BA36-DRUM
6,5534-641AA36,1.0,4,L1-485-641BA36-DRUM
1,5534-502AA36,0.0,0.0,
2,5534-502AA36,0.0,0.0,
3,5534-502AA36,0.0,0.0,
4,5534-502AA36,0.0,0.0,
5,5534-502AA36,1.0,1.0,MA-5517-502AA36
6,5534-502AA36,1.0,1,L1-5517-502AA36
1,5534-602AA36,0.0,0.0,
2,5534-602AA36,0.0,0.0,
3,5534-602AA36,0.0,0.0,
4,5534-602AA36,0.0,0.0,
5,5534-602AA36,0.0,0.0,
6,5534-602AA36,1.0,1,MA-RH-0031A-05D
1,5534-602BA36,0.0,0.0,
2,5534-602BA36,0.0,0.0,
3,5534-602BA36,0.0,0.0,
4,5534-602BA36,0.0,0.0,
5,5534-602BA36,0.0,0.0,
6,5534-602BA36,1.0,1,MA-RH-0031A-05C
1,87-405QA340,0.0,0.0,
2,87-405QA340,0.0,0.0,
3,87-405QA340,0.0,0.0,
4,87-405QA340,0.0,0.0,
5,87-405QA340,1.0,1.0,MA-87-40534
6,87-405QA340,1.0,1,L1-87-405EA34
1,1831-501AA34,0.0,0.0,
2,1831-501AA34,0.0,0.0,
3,1831-501AA34,0.0,0.0,
4,1831-501AA34,1.0,1.0,MA-1831-501AA34
5,1831-501AA34,1.0,1.0,L1-1831-501AA34
6,1831-501AA34,1.0,1,LA-1831-501AA34-DF
1,1831-501BA34,0.0,0.0,
2,1831-501BA34,0.0,0.0,
3,1831-501BA34,0.0,0.0,
4,1831-501BA34,1.0,1.0,MA-1831-501BA34
5,1831-501BA34,1.0,1.0,L1-1831-501BA34
6,1831-501BA34,1.0,1,LA-1831-501BA34-DF
1,3164-608AA34,0.0,0.0,
2,3164-608AA34,0.0,0.0,
3,3164-608AA34,0.0,0.0,
4,3164-608AA34,0.0,0.0,
5,3164-608AA34,1.0,4.0,MA-603-608AA34-DRUM
6,3164-608AA34,1.0,1,L1-3164-608AA34
1,3164-502AA34,0.0,0.0,
2,3164-502AA34,0.0,0.0,
3,3164-502AA34,0.0,0.0,
4,3164-502AA34,0.0,0.0,
5,3164-502AA34,1.0,1.0,MA-3164-502AA34
6,3164-502AA34,1.0,1,L1-3164-502AA34
1,1831-102AA,0.0,0.0,
2,1831-102AA,0.0,0.0,
3,1831-102AA,0.0,0.0,
4,1831-102AA,0.0,0.0,
5,1831-102AA,0.0,0.0,
6,1831-102AA,1.0,1,MA-1831-102AA
1,1831-102BA,0.0,0.0,
2,1831-102BA,0.0,0.0,
3,1831-102BA,0.0,0.0,
4,1831-102BA,0.0,0.0,
5,1831-102BA,0.0,0.0,
6,1831-102BA,1.0,1,MA-1831-102BA
1,1831-103AA30,0.0,0.0,
2,1831-103AA30,0.0,0.0,
3,1831-103AA30,0.0,0.0,
4,1831-103AA30,0.0,0.0,
5,1831-103AA30,0.0,0.0,
6,1831-103AA30,1.0,1,MA-1831-103AA30
1,3164-601EA34,0.0,0.0,
2,3164-601EA34,0.0,0.0,
3,3164-601EA34,0.0,0.0,
4,3164-601EA34,1.0,1.0,MA-603-601-BLOCK
5,3164-601EA34,19.0,1.0,MC-603-601-BLOCK
6,3164-601EA34,1.0,1,PL-3164-601EA34
1,5121-501BA48,0.0,0.0,
2,5121-501BA48,0.0,0.0,
3,5121-501BA48,0.0,0.0,
4,5121-501BA48,0.0,0.0,MA-1151-501DA48
5,5121-501BA48,1.0,1.0,L1-1151-501DA48
6,5121-501BA48,1.0,1,LA-1151-501DA48-DF
1,1151-406CA48,0.0,0.0,
2,1151-406CA48,0.0,0.0,
3,1151-406CA48,0.0,0.0,
4,1151-406CA48,0.0,0.0,
5,1151-406CA48,1.0,1.0,MA-1151-406CA48
6,1151-406CA48,1.0,1,L1-1151-406CA48
1,5109-602AA33,0.0,0.0,
2,5109-602AA33,0.0,0.0,
3,5109-602AA33,0.0,0.0,
4,5109-602AA33,0.0,0.0,
5,5109-602AA33,0.0,0.0,
6,5109-602AA33,1.0,1,MA-RH-0031K-06A
1,5109-602BA33,0.0,0.0,
2,5109-602BA33,0.0,0.0,
3,5109-602BA33,0.0,0.0,
4,5109-602BA33,0.0,0.0,
5,5109-602BA33,0.0,0.0,
6,5109-602BA33,1.0,1,MA-RH-0031A-05C
1,960-409AA260,0.0,0.0,
2,960-409AA260,0.0,0.0,
3,960-409AA260,0.0,0.0,
4,960-409AA260,0.0,0.0,
5,960-409AA260,1.0,4.0,MA-740-40926-S
6,960-409AA260,1.0,1,L1-810-409B26-S
1,960-409AA300,0.0,0.0,
2,960-409AA300,0.0,0.0,
3,960-409AA300,0.0,0.0,
4,960-409AA300,0.0,0.0,
5,960-409AA300,1.0,4.0,MA-740-40930-S
6,960-409AA300,1.0,1,L1-810-409B30-S
1,960-409BA300,0.0,0.0,
2,960-409BA300,0.0,0.0,
3,960-409BA300,0.0,0.0,
4,960-409BA300,0.0,0.0,
5,960-409BA300,1.0,4.0,MA-740-40930-S
6,960-409BA300,1.0,1,L1-810-409B30-S
1,960-409AA340,0.0,0.0,
2,960-409AA340,0.0,0.0,
3,960-409AA340,0.0,0.0,
4,960-409AA340,0.0,0.0,
5,960-409AA340,1.0,4.0,MA-740-40934-S
6,960-409AA340,1.0,1,L1-810-409B34-S
1,960-409BA340,0.0,0.0,
2,960-409BA340,0.0,0.0,
3,960-409BA340,0.0,0.0,
4,960-409BA340,0.0,0.0,
5,960-409BA340,1.0,4.0,MA-740-40934-S
6,960-409BA340,1.0,1,L1-810-409B34-S
1,3324-501BA26,0.0,0.0,
2,3324-501BA26,0.0,0.0,
3,3324-501BA26,0.0,0.0,
4,3324-501BA26,1.0,1.0,MA-816-501B26
5,3324-501BA26,1.0,1.0,L1-816-501B26
6,3324-501BA26,1.0,1,LA-816-501B26-DF
1,826-502EA26,0.0,0.0,
2,826-502EA26,0.0,0.0,
3,826-502EA26,0.0,0.0,
4,826-502EA26,0.0,0.0,
5,826-502EA26,1.0,1.0,MA-954-50226
6,826-502EA26,1.0,1,L1-954-50226
1,6105-602FB38,0.0,0.0,
2,6105-602FB38,0.0,0.0,
3,6105-602FB38,0.0,0.0,
4,6105-602FB38,0.0,0.0,
5,6105-602FB38,0.0,0.0,
6,6105-602FB38,1.0,1,MA-RH-0031K-06G
1,815-501BA26,0.0,0.0,
2,815-501BA26,0.0,0.0,
3,815-501BA26,0.0,0.0,
4,815-501BA26,1.0,1.0,MA-1531-501CA26
5,815-501BA26,1.0,1.0,L1-1531-501CA26
6,815-501BA26,1.0,1,LA-1531-501CA26-DF
1,C815-406CA26,0.0,0.0,
2,C815-406CA26,0.0,0.0,
3,C815-406CA26,1.0,1.0,MA-C815-406CA26
4,C815-406CA26,1.0,1.0,L1-C815-406CA26
5,C815-406CA26,1.0,1.0,LA-C815-406CA26-D
6,C815-406CA26,1.0,1,LA-C815-406CA26-MC
1,815-60826,0.0,0.0,
2,815-60826,0.0,0.0,
3,815-60826,0.0,0.0,
4,815-60826,0.0,0.0,
5,815-60826,1.0,1.0,MA-814-60826
6,815-60826,1.0,1,L1-814-60826
1,954-601EA26,0.0,0.0,
2,954-601EA26,0.0,0.0,
3,954-601EA26,0.0,0.0,
4,954-601EA26,0.0,0.0,
5,954-601EA26,1.0,1.0,MA-954-60126
6,954-601EA26,1.0,1,L1-954-60126
1,1831-418AA36,0.0,0.0,
2,1831-418AA36,0.0,0.0,
3,1831-418AA36,0.0,0.0,
4,1831-418AA36,0.0,0.0,
5,1831-418AA36,0.0,0.0,
6,1831-418AA36,1.0,6,MA-1831-418AA36-DRUM
1,1831-501AA38,0.0,0.0,
2,1831-501AA38,0.0,0.0,
3,1831-501AA38,0.0,0.0,
4,1831-501AA38,1.0,1.0,MA-1831-501AA38
5,1831-501AA38,1.0,1.0,L1-1831-501AA38
6,1831-501AA38,1.0,1,LA-1831-501AA38-DF
1,1831-401AA42,0.0,0.0,
2,1831-401AA42,0.0,0.0,
3,1831-401AA42,1.0,1.0,MA-1831-401AA42
4,1831-401AA42,1.0,1.0,L1-1831-401AA42
5,1831-401AA42,1.0,1.0,LA-1831-401AA42-D
6,1831-401AA42,1.0,1,LA-1831-401AA42-DF
1,1831-406AA38,0.0,0.0,
2,1831-406AA38,0.0,0.0,
3,1831-406AA38,1.0,1.0,MA-1831-406AA38
4,1831-406AA38,1.0,1.0,L1-1831-406AA38
5,1831-406AA38,1.0,1.0,LA-1831-406AA38-D
6,1831-406AA38,1.0,1,LA-1831-406AA38-MC
1,1831-401AB42,0.0,0.0,
2,1831-401AB42,0.0,0.0,
3,1831-401AB42,1.0,1.0,MA-1831-401AA42
4,1831-401AB42,1.0,1.0,L1-1831-401AA42
5,1831-401AB42,1.0,1.0,LA-1831-401AA42-D
6,1831-401AB42,1.0,1,LA-1831-401AA42-DF
1,1831-103AA36,0.0,0.0,
2,1831-103AA36,0.0,0.0,
3,1831-103AA36,0.0,0.0,
4,1831-103AA36,0.0,0.0,
5,1831-103AA36,0.0,0.0,
6,1831-103AA36,1.0,1,MA-1831-103AA36
1,1831-418AA42,0.0,0.0,
2,1831-418AA42,0.0,0.0,
3,1831-418AA42,0.0,0.0,
4,1831-418AA42,0.0,0.0,
5,1831-418AA42,0.0,0.0,
6,1831-418AA42,1.0,6,MA-1831-418AA42-DRUM
1,4117-601FA30,0.0,0.0,
2,4117-601FA30,0.0,0.0,
3,4117-601FA30,0.0,0.0,
4,4117-601FA30,0.0,0.0,
5,4117-601FA30,1.0,1.0,MA-748-601AA30
6,4117-601FA30,1.0,1,L1-748-601AA30
1,59-405A120,0.0,0.0,
2,59-405A120,0.0,0.0,
3,59-405A120,0.0,0.0,
4,59-405A120,0.0,0.0,
5,59-405A120,1.0,1.0,MA-59-405A12-S
6,59-405A120,1.0,1,L1-59-405A12-S
1,59-409B120,0.0,0.0,
2,59-409B120,0.0,0.0,
3,59-409B120,0.0,0.0,
4,59-409B120,0.0,0.0,
5,59-409B120,1.0,1.0,MA-59-409B12-S
6,59-409B120,1.0,1,L1-59-409B12-S
1,59-409B100,0.0,0.0,
2,59-409B100,0.0,0.0,
3,59-409B100,0.0,0.0,
4,59-409B100,0.0,0.0,
5,59-409B100,1.0,1.0,MA-59-409B10-S
6,59-409B100,1.0,1,L1-59-409B10-S
1,59-409B110,0.0,0.0,
2,59-409B110,0.0,0.0,
3,59-409B110,0.0,0.0,
4,59-409B110,0.0,0.0,
5,59-409B110,1.0,1.0,MA-59-409B11-S
6,59-409B110,1.0,1,L1-59-409B11-S
1,1831-501AA32,0.0,0.0,
2,1831-501AA32,0.0,0.0,
3,1831-501AA32,0.0,0.0,
4,1831-501AA32,1.0,1.0,MA-1831-501AA32
5,1831-501AA32,1.0,1.0,L1-1831-501AA32
6,1831-501AA32,1.0,1,LA-1831-501AA32-DF
1,1831-501BA32,0.0,0.0,
2,1831-501BA32,0.0,0.0,
3,1831-501BA32,0.0,0.0,
4,1831-501BA32,1.0,1.0,MA-1831-501BA32
5,1831-501BA32,1.0,1.0,L1-1831-501BA32
6,1831-501BA32,1.0,1,LA-1831-501BA32-DF
1,1831-406AA32,0.0,0.0,
2,1831-406AA32,0.0,0.0,
3,1831-406AA32,1.0,1.0,MA-1831-406AA32
4,1831-406AA32,1.0,1.0,L1-1831-406AA32
5,1831-406AA32,1.0,1.0,LA-1831-406AA32-D
6,1831-406AA32,1.0,1,LA-1831-406AA32-MC
1,3164-502AA32,0.0,0.0,
2,3164-502AA32,0.0,0.0,
3,3164-502AA32,0.0,0.0,
4,3164-502AA32,0.0,0.0,
5,3164-502AA32,1.0,1.0,MA-3164-502AA32
6,3164-502AA32,1.0,1,L1-3164-502AA32
1,335-409EA360,0.0,0.0,
2,335-409EA360,0.0,0.0,
3,335-409EA360,0.0,0.0,
4,335-409EA360,0.0,0.0,
5,335-409EA360,1.0,1.0,MA-478-409BA36-S
6,335-409EA360,1.0,1,L1-478-409BA36-S
1,4117-601FA32,0.0,0.0,
2,4117-601FA32,0.0,0.0,
3,4117-601FA32,0.0,0.0,
4,4117-601FA32,0.0,0.0,
5,4117-601FA32,1.0,2.0,MA-631-60132-DRUM
6,4117-601FA32,1.0,1,L1-748-601AA32
1,78-405EA360,0.0,0.0,
2,78-405EA360,0.0,0.0,
3,78-405EA360,0.0,0.0,
4,78-405EA360,0.0,0.0,
5,78-405EA360,1.0,1.0,MA-78-40536-S
6,78-405EA360,1.0,1,L1-78-40536-S
1,87-405SA300,0.0,0.0,
2,87-405SA300,0.0,0.0,
3,87-405SA300,0.0,0.0,
4,87-405SA300,0.0,0.0,
5,87-405SA300,1.0,1.0,MA-87-40530-S
6,87-405SA300,1.0,1,L1-87-405EA30-S
1,1831-501BB32,0.0,0.0,
2,1831-501BB32,0.0,0.0,
3,1831-501BB32,0.0,0.0,
4,1831-501BB32,1.0,1.0,MA-1831-501BA32
5,1831-501BB32,1.0,1.0,L1-1831-501BA32
6,1831-501BB32,1.0,1,LA-1831-501BA32-DF
1,1831-501DB32,0.0,0.0,
2,1831-501DB32,0.0,0.0,
3,1831-501DB32,0.0,0.0,
4,1831-501DB32,1.0,1.0,MA-1831-501AA32
5,1831-501DB32,1.0,1.0,L1-1831-501AA32
6,1831-501DB32,1.0,1,LA-1831-501AA32-DF
1,87-405LA340,0.0,0.0,
2,87-405LA340,0.0,0.0,
3,87-405LA340,0.0,0.0,
4,87-405LA340,0.0,0.0,
5,87-405LA340,1.0,1.0,MA-87-40534-S
6,87-405LA340,1.0,1,L1-87-405EA34-S
1,1831-501BA38,0.0,0.0,
2,1831-501BA38,0.0,0.0,
3,1831-501BA38,0.0,0.0,
4,1831-501BA38,1.0,1.0,MA-1831-501BA38
5,1831-501BA38,1.0,1.0,L1-1831-501BA38
6,1831-501BA38,1.0,1,LA-1831-501BA38-DF
1,3164-502AA38,0.0,0.0,
2,3164-502AA38,0.0,0.0,
3,3164-502AA38,0.0,0.0,
4,3164-502AA38,0.0,0.0,
5,3164-502AA38,1.0,1.0,MA-3164-502AA38
6,3164-502AA38,1.0,1,L1-3164-502AA38
1,87-405QA380,0.0,0.0,
2,87-405QA380,0.0,0.0,
3,87-405QA380,0.0,0.0,
4,87-405QA380,0.0,0.0,
5,87-405QA380,1.0,1.0,MA-87-40538
6,87-405QA380,1.0,1,L1-87-405EA38
1,3164-608AA38,0.0,0.0,
2,3164-608AA38,0.0,0.0,
3,3164-608AA38,0.0,0.0,
4,3164-608AA38,0.0,0.0,
5,3164-608AA38,1.0,4.0,MA-603-608AA38-DRUM
6,3164-608AA38,1.0,1,L1-3164-608AA38
1,3164-601EA38,0.0,0.0,
2,3164-601EA38,0.0,0.0,
3,3164-601EA38,0.0,0.0,
4,3164-601EA38,1.0,1.0,MA-603-601-BLOCK
5,3164-601EA38,21.0,1.0,MC-603-601-BLOCK
6,3164-601EA38,1.0,1,PL-3164-601EA38
1,3242-651AB36,0.0,0.0,
2,3242-651AB36,0.0,0.0,
3,3242-651AB36,0.0,0.0,
4,3242-651AB36,0.0,0.0,
5,3242-651AB36,1.0,1.0,MA-RH-0156
6,3242-651AB36,1.0,1,LA-RH-0156-MC
1,740-409HA140,0.0,0.0,
2,740-409HA140,0.0,0.0,
3,740-409HA140,0.0,0.0,
4,740-409HA140,0.0,0.0,
5,740-409HA140,1.0,5.0,MA-740-40914-S
6,740-409HA140,1.0,1,L1-740-40914-S
1,3164-502AA36,0.0,0.0,
2,3164-502AA36,0.0,0.0,
3,3164-502AA36,0.0,0.0,
4,3164-502AA36,0.0,0.0,
5,3164-502AA36,1.0,1.0,MA-3164-502AA36
6,3164-502AA36,1.0,1,L1-3164-502AA36
1,3164-502AA26,0.0,0.0,
2,3164-502AA26,0.0,0.0,
3,3164-502AA26,0.0,0.0,
4,3164-502AA26,0.0,0.0,
5,3164-502AA26,1.0,1.0,MA-3164-502AA26
6,3164-502AA26,1.0,1,L1-3164-502AA26
1,3139-608BA32,0.0,0.0,
2,3139-608BA32,0.0,0.0,
3,3139-608BA32,0.0,0.0,
4,3139-608BA32,0.0,0.0,
5,3139-608BA32,1.0,3.0,MA-973-608AA32-DRUM
6,3139-608BA32,1.0,1,L1-3139-60832
1,1831-406AA36,0.0,0.0,
2,1831-406AA36,0.0,0.0,
3,1831-406AA36,1.0,1.0,MA-1831-406AA36
4,1831-406AA36,1.0,1.0,L1-1831-406AA36
5,1831-406AA36,1.0,1.0,LA-1831-406AA36-D
6,1831-406AA36,1.0,1,LA-1831-406AA36-MC
1,5177-405AA330,0.0,0.0,
2,5177-405AA330,0.0,0.0,
3,5177-405AA330,0.0,0.0,
4,5177-405AA330,0.0,0.0,
5,5177-405AA330,1.0,1.0,MA-5177-405AA33-S
6,5177-405AA330,1.0,1,L1-5177-405AA33-S
1,5167-409AA330,0.0,0.0,
2,5167-409AA330,0.0,0.0,
3,5167-409AA330,0.0,0.0,
4,5167-409AA330,0.0,0.0,
5,5167-409AA330,1.0,1.0,MA-79-409B33-S
6,5167-409AA330,1.0,1,L1-79-409B33-S
1,5177-601AA33,0.0,0.0,
2,5177-601AA33,0.0,0.0,
3,5177-601AA33,0.0,0.0,
4,5177-601AA33,1.0,1.0,MA-161-601BA33
5,5177-601AA33,1.0,1.0,L1-5177-601AA33
6,5177-601AA33,1.0,1,LA-5177-601AA33-L2
1,1831-406AA26,0.0,0.0,
2,1831-406AA26,0.0,0.0,
3,1831-406AA26,1.0,1.0,MA-1831-406AA26
4,1831-406AA26,1.0,1.0,L1-1831-406AA26
5,1831-406AA26,1.0,1.0,LA-1831-406AA26-D
6,1831-406AA26,1.0,1,LA-1831-406AA26-MC
1,5177-501AA33,0.0,0.0,
2,5177-501AA33,0.0,0.0,
3,5177-501AA33,0.0,0.0,
4,5177-501AA33,1.0,1.0,MA-161-501AA33
5,5177-501AA33,1.0,1.0,L1-161-501AA33
6,5177-501AA33,1.0,1,LA-161-501AA33-DF
1,5177-602AA33,0.0,0.0,
2,5177-602AA33,0.0,0.0,
3,5177-602AA33,0.0,0.0,
4,5177-602AA33,0.0,0.0,
5,5177-602AA33,0.0,0.0,
6,5177-602AA33,1.0,1,MA-RH-0031K-06A
1,5177-602BA33,0.0,0.0,
2,5177-602BA33,0.0,0.0,
3,5177-602BA33,0.0,0.0,
4,5177-602BA33,0.0,0.0,
5,5177-602BA33,0.0,0.0,
6,5177-602BA33,1.0,1,MA-RH-0031A-05C
1,1831-501CA32,0.0,0.0,
2,1831-501CA32,0.0,0.0,
3,1831-501CA32,0.0,0.0,
4,1831-501CA32,1.0,1.0,MA-1831-501BA32
5,1831-501CA32,1.0,1.0,L1-1831-501BA32
6,1831-501CA32,1.0,1,LA-1831-501BA32-DF
1,1831-501CA34,0.0,0.0,
2,1831-501CA34,0.0,0.0,
3,1831-501CA34,0.0,0.0,
4,1831-501CA34,1.0,1.0,MA-1831-501BA34
5,1831-501CA34,1.0,1.0,L1-1831-501BA34
6,1831-501CA34,1.0,1,LA-1831-501BA34-DF
1,742-410BA300,0.0,0.0,
2,742-410BA300,0.0,0.0,
3,742-410BA300,0.0,0.0,
4,742-410BA300,0.0,0.0,
5,742-410BA300,1.0,1.0,MA-970-41030-S
6,742-410BA300,1.0,4,LC-970-41030-S
1,5177-502AA33,0.0,0.0,
2,5177-502AA33,0.0,0.0,
3,5177-502AA33,0.0,0.0,
4,5177-502AA33,0.0,0.0,
5,5177-502AA33,1.0,1.0,MA-5177-502AA33
6,5177-502AA33,1.0,1,L1-5177-502AA33
1,4117-601FA34,0.0,0.0,
2,4117-601FA34,0.0,0.0,
3,4117-601FA34,0.0,0.0,
4,4117-601FA34,0.0,0.0,
5,4117-601FA34,1.0,1.0,MA-748-601AA34
6,4117-601FA34,1.0,1,L1-748-601AA34
1,3139-608BA34,0.0,0.0,
2,3139-608BA34,0.0,0.0,
3,3139-608BA34,0.0,0.0,
4,3139-608BA34,0.0,0.0,
5,3139-608BA34,1.0,3.0,MA-973-608AA34-DRUM
6,3139-608BA34,1.0,1,L1-3139-60834
1,5529-501CA34,0.0,0.0,
2,5529-501CA34,0.0,0.0,
3,5529-501CA34,0.0,0.0,
4,5529-501CA34,1.0,1.0,MA-5529-501CA34
5,5529-501CA34,1.0,1.0,L1-5529-501CA34
6,5529-501CA34,1.0,1,LA-5529-501CA34-DF
1,171-406LA36,0.0,0.0,
2,171-406LA36,0.0,0.0,
3,171-406LA36,1.0,1.0,MA-171-406AA36
4,171-406LA36,1.0,1.0,L1-171-406AA36
5,171-406LA36,1.0,1.0,LA-171-406AA36-D
6,171-406LA36,1.0,1,LA-171-406LA36-MC
1,1731-103AA14,0.0,0.0,
2,1731-103AA14,0.0,0.0,
3,1731-103AA14,0.0,0.0,
4,1731-103AA14,0.0,0.0,
5,1731-103AA14,1.0,1.0,MA-1731-103AA14
6,1731-103AA14,1.0,1,MC-1731-103AA14
1,3153-652AB38,0.0,0.0,
2,3153-652AB38,0.0,0.0,
3,3153-652AB38,0.0,0.0,
4,3153-652AB38,0.0,0.0,
5,3153-652AB38,1.0,1.0,MA-720-65238-DRUM
6,3153-652AB38,1.0,4,L1-720-65238-DRUM
1,3242-608AB36,0.0,0.0,
2,3242-608AB36,0.0,0.0,
3,3242-608AB36,0.0,0.0,
4,3242-608AB36,0.0,0.0,
5,3242-608AB36,1.0,3.0,MA-973-608AA36-DRUM
6,3242-608AB36,1.0,1,L1-3242-608AA36
1,1731-103BA24,0.0,0.0,
2,1731-103BA24,0.0,0.0,
3,1731-103BA24,0.0,0.0,
4,1731-103BA24,0.0,0.0,
5,1731-103BA24,0.0,0.0,
6,1731-103BA24,1.0,1,MA-1731-103BA24
1,3139-502FB36,0.0,0.0,
2,3139-502FB36,0.0,0.0,
3,3139-502FB36,0.0,0.0,
4,3139-502FB36,0.0,0.0,
5,3139-502FB36,0.0,0.0,
6,3139-502FB36,40.0,1,MA-RH-0175KD-21AA
1,5545-502BA30,0.0,0.0,
2,5545-502BA30,0.0,0.0,
3,5545-502BA30,0.0,0.0,
4,5545-502BA30,0.0,0.0,
5,5545-502BA30,1.0,1.0,MA-5545-502
6,5545-502BA30,1.0,1,PEFIN-5545-502BA30
1,1831-501AA26,0.0,0.0,
2,1831-501AA26,0.0,0.0,
3,1831-501AA26,0.0,0.0,
4,1831-501AA26,1.0,1.0,MA-1831-501AA26
5,1831-501AA26,1.0,1.0,L1-1831-501AA26
6,1831-501AA26,1.0,1,LA-1831-501AA26-DF
1,1831-501BA26,0.0,0.0,
2,1831-501BA26,0.0,0.0,
3,1831-501BA26,0.0,0.0,
4,1831-501BA26,1.0,1.0,MA-1831-501BA26
5,1831-501BA26,1.0,1.0,L1-1831-501BA26
6,1831-501BA26,1.0,1,LA-1831-501BA26-DF
1,G-6501JB,0.0,0.0,
2,G-6501JB,0.0,0.0,
3,G-6501JB,0.0,0.0,
4,G-6501JB,0.0,0.0,
5,G-6501JB,1.0,1.0,MA-G-6501JB
6,G-6501JB,1.0,1,MC-G-6501JB
1,1831-406AA40,0.0,0.0,
2,1831-406AA40,0.0,0.0,
3,1831-406AA40,1.0,1.0,MA-1831-406AA40
4,1831-406AA40,1.0,1.0,L1-1831-406AA40
5,1831-406AA40,1.0,1.0,LA-1831-406AA40-D
6,1831-406AA40,1.0,1,LA-1831-406AA40-MC
1,335-405BA340,0.0,0.0,
2,335-405BA340,0.0,0.0,
3,335-405BA340,0.0,0.0,
4,335-405BA340,0.0,0.0,
5,335-405BA340,1.0,1.0,MA-335-405AA34-S
6,335-405BA340,1.0,1,L1-335-405AA34-S
1,3139-608BA30,0.0,0.0,
2,3139-608BA30,0.0,0.0,
3,3139-608BA30,0.0,0.0,
4,3139-608BA30,0.0,0.0,
5,3139-608BA30,1.0,3.0,MA-973-608AA30-DRUM
6,3139-608BA30,1.0,1,L1-3139-60830
1,352B-602BB34,0.0,0.0,
2,352B-602BB34,0.0,0.0,
3,352B-602BB34,0.0,0.0,
4,352B-602BB34,0.0,0.0,
5,352B-602BB34,0.0,0.0,
6,352B-602BB34,1.0,1,MA-RH-0031A-05C
1,3165-502AA30,0.0,0.0,
2,3165-502AA30,0.0,0.0,
3,3165-502AA30,0.0,0.0,
4,3165-502AA30,0.0,0.0,
5,3165-502AA30,1.0,1.0,MA-3164-502AA30
6,3165-502AA30,1.0,1,L1-3164-502AA30
1,4115-601FA30,0.0,0.0,
2,4115-601FA30,0.0,0.0,
3,4115-601FA30,0.0,0.0,
4,4115-601FA30,0.0,0.0,
5,4115-601FA30,1.0,1.0,MA-748-601AA30
6,4115-601FA30,1.0,1,L1-748-601AA30
1,1831-501AA36,0.0,0.0,
2,1831-501AA36,0.0,0.0,
3,1831-501AA36,0.0,0.0,
4,1831-501AA36,1.0,1.0,MA-1831-501AA36
5,1831-501AA36,1.0,1.0,L1-1831-501AA36
6,1831-501AA36,1.0,1,LA-1831-501AA36-DF
1,1831-406AA42,0.0,0.0,
2,1831-406AA42,0.0,0.0,
3,1831-406AA42,1.0,1.0,MA-1831-406AA42
4,1831-406AA42,1.0,1.0,L1-1831-406AA42
5,1831-406AA42,1.0,1.0,LA-1831-406AA42-D
6,1831-406AA42,1.0,1,LA-1831-406AA42-MC
1,3242-502BA36,0.0,0.0,
2,3242-502BA36,0.0,0.0,
3,3242-502BA36,0.0,0.0,
4,3242-502BA36,0.0,0.0,
5,3242-502BA36,1.0,1.0,MA-4109-502AA36
6,3242-502BA36,1.0,1,L1-4109-502AA36
1,5165-501AA38,0.0,0.0,
2,5165-501AA38,0.0,0.0,
3,5165-501AA38,0.0,0.0,
4,5165-501AA38,1.0,1.0,MA-161-501QA38
5,5165-501AA38,1.0,1.0,L1-161-501QA38
6,5165-501AA38,1.0,1,LA-161-501QA38-DF
1,5165-601AA38,0.0,0.0,
2,5165-601AA38,0.0,0.0,
3,5165-601AA38,0.0,0.0,
4,5165-601AA38,1.0,1.0,MA-165-601BA40
5,5165-601AA38,1.0,1.0,L1-165-601BA40
6,5165-601AA38,1.0,1,LA-165-601BA40-L2
1,5165-641AA38,0.0,0.0,
2,5165-641AA38,0.0,0.0,
3,5165-641AA38,0.0,0.0,
4,5165-641AA38,0.0,0.0,
5,5165-641AA38,1.0,1.0,MA-485-641BA38-DRUM
6,5165-641AA38,1.0,4,L1-485-641BA38-DRUM
1,5165-602AA38,0.0,0.0,
2,5165-602AA38,0.0,0.0,
3,5165-602AA38,0.0,0.0,
4,5165-602AA38,0.0,0.0,
5,5165-602AA38,0.0,0.0,
6,5165-602AA38,1.0,1,MA-RH-0031A-06E
1,5165-602BA38,0.0,0.0,
2,5165-602BA38,0.0,0.0,
3,5165-602BA38,0.0,0.0,
4,5165-602BA38,0.0,0.0,
5,5165-602BA38,0.0,0.0,
6,5165-602BA38,1.0,1,MA-RH-0031A-05C
1,5165-502AA38,0.0,0.0,
2,5165-502AA38,0.0,0.0,
3,5165-502AA38,0.0,0.0,
4,5165-502AA38,1.0,1.0,MA-474-502AA38
5,5165-502AA38,1.0,1.0,L1-474-502AA38
6,5165-502AA38,1.0,1,PL-5165-502AA38
1,3164-608AA32,0.0,0.0,
2,3164-608AA32,0.0,0.0,
3,3164-608AA32,0.0,0.0,
4,3164-608AA32,0.0,0.0,
5,3164-608AA32,1.0,4.0,MA-603-608AA32-DRUM
6,3164-608AA32,1.0,1,L1-3164-608AA32
1,3164-502AA40,0.0,0.0,
2,3164-502AA40,0.0,0.0,
3,3164-502AA40,0.0,0.0,
4,3164-502AA40,0.0,0.0,
5,3164-502AA40,1.0,1.0,MA-3164-502AA40
6,3164-502AA40,1.0,1,L1-3164-502AA40
1,3164-608AA36,0.0,0.0,
2,3164-608AA36,0.0,0.0,
3,3164-608AA36,0.0,0.0,
4,3164-608AA36,0.0,0.0,
5,3164-608AA36,1.0,4.0,MA-603-608AA36-DRUM
6,3164-608AA36,1.0,1,L1-3164-608AA36
1,87-405MA300,0.0,0.0,
2,87-405MA300,0.0,0.0,
3,87-405MA300,0.0,0.0,
4,87-405MA300,0.0,0.0,
5,87-405MA300,1.0,1.0,MA-87-40530-S
6,87-405MA300,1.0,1,L1-87-405EA30-S
1,3164-608AA40,0.0,0.0,
2,3164-608AA40,0.0,0.0,
3,3164-608AA40,0.0,0.0,
4,3164-608AA40,0.0,0.0,
5,3164-608AA40,1.0,4.0,MA-603-608AA40-DRUM
6,3164-608AA40,1.0,1,L1-3164-608AA40
1,5312-501AA33,0.0,0.0,
2,5312-501AA33,0.0,0.0,
3,5312-501AA33,0.0,0.0,
4,5312-501AA33,1.0,1.0,MA-161-501PA33
5,5312-501AA33,1.0,1.0,L1-161-501PA33
6,5312-501AA33,1.0,1,LA-161-501PA33-DF
1,5312-405AA330,0.0,0.0,
2,5312-405AA330,0.0,0.0,
3,5312-405AA330,0.0,0.0,
4,5312-405AA330,0.0,0.0,
5,5312-405AA330,1.0,1.0,MA-335-405AA33-S
6,5312-405AA330,1.0,1,L1-5312-405AA33-S
1,1831-501AA40,0.0,0.0,
2,1831-501AA40,0.0,0.0,
3,1831-501AA40,0.0,0.0,
4,1831-501AA40,1.0,1.0,MA-1831-501AA40
5,1831-501AA40,1.0,1.0,L1-1831-501AA40
6,1831-501AA40,1.0,1,LA-1831-501AA40-DF
1,1831-501BA36,0.0,0.0,
2,1831-501BA36,0.0,0.0,
3,1831-501BA36,0.0,0.0,
4,1831-501BA36,1.0,1.0,MA-1831-501BA36
5,1831-501BA36,1.0,1.0,L1-1831-501BA36
6,1831-501BA36,1.0,1,LA-1831-501BA36-DF
1,1831-501BA40,0.0,0.0,
2,1831-501BA40,0.0,0.0,
3,1831-501BA40,0.0,0.0,
4,1831-501BA40,1.0,1.0,MA-1831-501BA40
5,1831-501BA40,1.0,1.0,L1-1831-501BA40
6,1831-501BA40,1.0,1,LA-1831-501BA40-DF
1,5312-501BA33,0.0,0.0,
2,5312-501BA33,0.0,0.0,
3,5312-501BA33,0.0,0.0,
4,5312-501BA33,1.0,1.0,MA-335-501BA33
5,5312-501BA33,1.0,1.0,L1-5312-501BA33
6,5312-501BA33,1.0,1,LA-5312-501BA33-DF
1,6105-502FA34,0.0,0.0,
2,6105-502FA34,0.0,0.0,
3,6105-502FA34,0.0,0.0,
4,6105-502FA34,0.0,0.0,
5,6105-502FA34,1.0,1.0,MA-5517-502AA34
6,6105-502FA34,1.0,1,L1-5517-502AA34
1,3538-502FA34,0.0,0.0,
2,3538-502FA34,0.0,0.0,
3,3538-502FA34,0.0,0.0,
4,3538-502FA34,0.0,0.0,
5,3538-502FA34,1.0,1.0,MA-954-50234
6,3538-502FA34,1.0,1,L1-954-50234
1,3550-502EA34,0.0,0.0,
2,3550-502EA34,0.0,0.0,
3,3550-502EA34,0.0,0.0,
4,3550-502EA34,0.0,0.0,
5,3550-502EA34,1.0,1.0,MA-954-50234
6,3550-502EA34,1.0,1,L1-954-50234
1,19B-406ZA22,0.0,0.0,
2,19B-406ZA22,0.0,0.0,
3,19B-406ZA22,1.0,1.0,MA-19B-406ZA22
4,19B-406ZA22,1.0,1.0,L1-19B-406ZA22
5,19B-406ZA22,1.0,1.0,LA-19B-406ZA22-D
6,19B-406ZA22,1.0,1,LA-19B-406ZA22-MC
1,3239-410CA300,0.0,0.0,
2,3239-410CA300,0.0,0.0,
3,3239-410CA300,0.0,0.0,
4,3239-410CA300,0.0,0.0,
5,3239-410CA300,1.0,1.0,MA-970-41030-S
6,3239-410CA300,1.0,4,LC-970-41030-S
1,1831-501BA42,0.0,0.0,
2,1831-501BA42,0.0,0.0,
3,1831-501BA42,0.0,0.0,
4,1831-501BA42,1.0,1.0,MA-1831-501BA42
5,1831-501BA42,1.0,1.0,L1-1831-501BA42
6,1831-501BA42,1.0,1,LA-1831-501BA42-DF
1,3922-601FA30,0.0,0.0,
2,3922-601FA30,0.0,0.0,
3,3922-601FA30,0.0,0.0,
4,3922-601FA30,0.0,0.0,
5,3922-601FA30,1.0,1.0,MA-748-601AA30
6,3922-601FA30,1.0,1,L1-748-601AA30
1,3922-502KA30,0.0,0.0,
2,3922-502KA30,0.0,0.0,
3,3922-502KA30,0.0,0.0,
4,3922-502KA30,1.0,1.0,MA-600-502AA30
5,3922-502KA30,1.0,1.0,L1-3922-502AC30
6,3922-502KA30,1.0,1,PL-3922-502KA30
1,4109-601FA30,0.0,0.0,
2,4109-601FA30,0.0,0.0,
3,4109-601FA30,0.0,0.0,
4,4109-601FA30,0.0,0.0,
5,4109-601FA30,1.0,1.0,MA-748-601AA30
6,4109-601FA30,1.0,1,L1-748-601AA30
1,87-405QA320,0.0,0.0,
2,87-405QA320,0.0,0.0,
3,87-405QA320,0.0,0.0,
4,87-405QA320,0.0,0.0,
5,87-405QA320,1.0,1.0,MA-87-40532
6,87-405QA320,1.0,1,L1-87-405EA32
1,87-405QA360,0.0,0.0,
2,87-405QA360,0.0,0.0,
3,87-405QA360,0.0,0.0,
4,87-405QA360,0.0,0.0,
5,87-405QA360,1.0,1.0,MA-87-40536
6,87-405QA360,1.0,1,L1-87-405EA36
1,87-405QA400,0.0,0.0,
2,87-405QA400,0.0,0.0,
3,87-405QA400,0.0,0.0,
4,87-405QA400,0.0,0.0,
5,87-405QA400,1.0,1.0,MA-87-40540
6,87-405QA400,1.0,1,L1-87-405EA40
1,4109-502KA30,0.0,0.0,
2,4109-502KA30,0.0,0.0,
3,4109-502KA30,0.0,0.0,
4,4109-502KA30,1.0,1.0,MA-4109-502AA30
5,4109-502KA30,1.0,1.0,L1-4109-502AA30
6,4109-502KA30,1.0,1,PL-4109-502KA30
1,3164-601EA32,0.0,0.0,
2,3164-601EA32,0.0,0.0,
3,3164-601EA32,0.0,0.0,
4,3164-601EA32,1.0,1.0,MA-603-601-BLOCK
5,3164-601EA32,19.0,1.0,MC-603-601-BLOCK
6,3164-601EA32,1.0,1,PL-3164-601EA32
1,3164-601EA36,0.0,0.0,
2,3164-601EA36,0.0,0.0,
3,3164-601EA36,0.0,0.0,
4,3164-601EA36,1.0,1.0,MA-603-601-BLOCK
5,3164-601EA36,21.0,1.0,MC-603-601-BLOCK
6,3164-601EA36,1.0,1,PL-3164-601EA36
1,3164-601EA40,0.0,0.0,
2,3164-601EA40,0.0,0.0,
3,3164-601EA40,0.0,0.0,
4,3164-601EA40,0.0,0.0,
5,3164-601EA40,1.0,1.0,MA-603-601-BLOCK
6,3164-601EA40,23.0,1,MC-603-601-BLOCK
1,6207-602NA34,0.0,0.0,
2,6207-602NA34,0.0,0.0,
3,6207-602NA34,0.0,0.0,
4,6207-602NA34,0.0,0.0,
5,6207-602NA34,0.0,0.0,
6,6207-602NA34,1.0,1,MA-RH-0031A-05H
1,6207-602PA34,0.0,0.0,
2,6207-602PA34,0.0,0.0,
3,6207-602PA34,0.0,0.0,
4,6207-602PA34,0.0,0.0,
5,6207-602PA34,0.0,0.0,
6,6207-602PA34,1.0,1,MA-RH-0031A-05H
1,3139-601FA34,0.0,0.0,
2,3139-601FA34,0.0,0.0,
3,3139-601FA34,0.0,0.0,
4,3139-601FA34,0.0,0.0,
5,3139-601FA34,19.0,1.0,MA-RV-0173
6,3139-601FA34,1.0,1,PL-3139-601FA34
1,3153-652AB40,0.0,0.0,
2,3153-652AB40,0.0,0.0,
3,3153-652AB40,0.0,0.0,
4,3153-652AB40,0.0,0.0,
5,3153-652AB40,1.0,1.0,MA-720-65240-DRUM
6,3153-652AB40,1.0,4,L1-720-65240-DRUM
1,478-409NA300,0.0,0.0,
2,478-409NA300,0.0,0.0,
3,478-409NA300,0.0,0.0,
4,478-409NA300,0.0,0.0,
5,478-409NA300,1.0,1.0,MA-79-409B30-S
6,478-409NA300,1.0,1,L1-79-409B30-S
1,3164-502EA32,0.0,0.0,
2,3164-502EA32,0.0,0.0,
3,3164-502EA32,0.0,0.0,
4,3164-502EA32,1.0,1.0,MA-3164-502AA32
5,3164-502EA32,1.0,1.0,L1-3164-502AA32
6,3164-502EA32,1.0,1,PL-3164-502EA32
1,1831-501AA42,0.0,0.0,
2,1831-501AA42,0.0,0.0,
3,1831-501AA42,0.0,0.0,
4,1831-501AA42,1.0,1.0,MA-1831-501AA42
5,1831-501AA42,1.0,1.0,L1-1831-501AA42
6,1831-501AA42,1.0,1,LA-1831-501AA42-DF
1,3164-502EA36,0.0,0.0,
2,3164-502EA36,0.0,0.0,
3,3164-502EA36,0.0,0.0,
4,3164-502EA36,0.0,0.0,
5,3164-502EA36,1.0,1.0,MA-3164-502AA36
6,3164-502EA36,1.0,1,L1-3164-502AA36
1,5154-602EA36,0.0,0.0,
2,5154-602EA36,0.0,0.0,
3,5154-602EA36,0.0,0.0,
4,5154-602EA36,0.0,0.0,
5,5154-602EA36,0.0,0.0,
6,5154-602EA36,1.0,1,MA-RH-0031K-06B
1,5154-502EA36,0.0,0.0,
2,5154-502EA36,0.0,0.0,
3,5154-502EA36,0.0,0.0,
4,5154-502EA36,1.0,1.0,MA-474-502AA36
5,5154-502EA36,1.0,1.0,L1-474-502AA36
6,5154-502EA36,1.0,1,PL-5154-502EA36
1,1831-406AA28,0.0,0.0,
2,1831-406AA28,0.0,0.0,
3,1831-406AA28,1.0,1.0,MA-1831-406AA28
4,1831-406AA28,1.0,1.0,L1-1831-406AA28
5,1831-406AA28,1.0,1.0,LA-1831-406AA28-D
6,1831-406AA28,1.0,1,LA-1831-406AA28-MC
1,1931-111BB,0.0,0.0,
2,1931-111BB,0.0,0.0,
3,1931-111BB,0.0,0.0,
4,1931-111BB,0.0,0.0,
5,1931-111BB,1.0,1.0,MA-1931-111BA
6,1931-111BB,1.0,1,MC-1931-111BB
1,1631-111QB,0.0,0.0,
2,1631-111QB,0.0,0.0,
3,1631-111QB,0.0,0.0,
4,1631-111QB,0.0,0.0,
5,1631-111QB,1.0,1.0,MA-1631-111QA
6,1631-111QB,1.0,1,MC-1631-111QB
1,1931-102AC,0.0,0.0,
2,1931-102AC,0.0,0.0,
3,1931-102AC,0.0,0.0,
4,1931-102AC,0.0,0.0,
5,1931-102AC,0.0,0.0,
6,1931-102AC,1.0,1,MA-1931-102AB
1,1931-102BC,0.0,0.0,
2,1931-102BC,0.0,0.0,
3,1931-102BC,0.0,0.0,
4,1931-102BC,0.0,0.0,
5,1931-102BC,0.0,0.0,
6,1931-102BC,1.0,1,MA-1931-102BC
1,1155-440AB48,0.0,0.0,
2,1155-440AB48,0.0,0.0,
3,1155-440AB48,0.0,0.0,
4,1155-440AB48,1.0,1.0,MA-1155-440AA48
5,1155-440AB48,1.0,1.0,L1-1155-440AA48
6,1155-440AB48,1.0,1,LA-1155-440AB48-DF
1,1155-413AB48,0.0,0.0,
2,1155-413AB48,0.0,0.0,
3,1155-413AB48,0.0,0.0,
4,1155-413AB48,1.0,1.0,MA-1155-413AA48
5,1155-413AB48,1.0,1.0,L2-1155-413AB48
6,1155-413AB48,1.0,1,MC-1155-413AB48
1,1831-103AA42,0.0,0.0,
2,1831-103AA42,0.0,0.0,
3,1831-103AA42,0.0,0.0,
4,1831-103AA42,0.0,0.0,
5,1831-103AA42,1.0,1.0,MA-1831-103AA42
6,1831-103AA42,1.0,1,MC-1831-103AA42
1,3164-608AA42,0.0,0.0,
2,3164-608AA42,0.0,0.0,
3,3164-608AA42,0.0,0.0,
4,3164-608AA42,0.0,0.0,
5,3164-608AA42,1.0,4.0,MA-603-608AA42-DRUM
6,3164-608AA42,1.0,1,L1-3164-608AA42
1,5215-405BA340,0.0,0.0,
2,5215-405BA340,0.0,0.0,
3,5215-405BA340,0.0,0.0,
4,5215-405BA340,0.0,0.0,
5,5215-405BA340,1.0,1.0,MA-5163-405BA34-S
6,5215-405BA340,1.0,1,L1-5163-405BA34-S
1,1831-103AB30,0.0,0.0,
2,1831-103AB30,0.0,0.0,
3,1831-103AB30,0.0,0.0,
4,1831-103AB30,0.0,0.0,
5,1831-103AB30,0.0,0.0,
6,1831-103AB30,1.0,1,MA-1831-103AB30
1,1831-103AB36,0.0,0.0,
2,1831-103AB36,0.0,0.0,
3,1831-103AB36,0.0,0.0,
4,1831-103AB36,0.0,0.0,
5,1831-103AB36,1.0,1.0,MA-1831-103AB36
6,1831-103AB36,1.0,1,MC-1831-103AB36
1,1931-401AA30,0.0,0.0,
2,1931-401AA30,0.0,0.0,
3,1931-401AA30,1.0,1.0,MA-1831-401AA30
4,1931-401AA30,1.0,1.0,L1-1831-401AA30
5,1931-401AA30,1.0,1.0,LA-1831-401AA30-D
6,1931-401AA30,1.0,1,LA-1831-401AA30-DF
1,1931-401AA36,0.0,0.0,
2,1931-401AA36,0.0,0.0,
3,1931-401AA36,1.0,1.0,MA-1831-401AA36
4,1931-401AA36,1.0,1.0,L1-1831-401AA36
5,1931-401AA36,1.0,1.0,LA-1831-401AA36-D
6,1931-401AA36,1.0,1,LA-1831-401AA36-DF
1,1931-401AA42,0.0,0.0,
2,1931-401AA42,0.0,0.0,
3,1931-401AA42,1.0,1.0,MA-1831-401AA42
4,1931-401AA42,1.0,1.0,L1-1831-401AA42
5,1931-401AA42,1.0,1.0,LA-1831-401AA42-D
6,1931-401AA42,1.0,1,LA-1831-401AA42-DF
1,3242-502BA30,0.0,0.0,
2,3242-502BA30,0.0,0.0,
3,3242-502BA30,0.0,0.0,
4,3242-502BA30,0.0,0.0,
5,3242-502BA30,1.0,1.0,MA-4109-502AA30
6,3242-502BA30,1.0,1,L1-4109-502AA30
1,1931-401AB42,0.0,0.0,
2,1931-401AB42,0.0,0.0,
3,1931-401AB42,1.0,1.0,MA-1831-401AA42
4,1931-401AB42,1.0,1.0,L1-1831-401AA42
5,1931-401AB42,1.0,1.0,LA-1831-401AA42-D
6,1931-401AB42,1.0,1,LA-1831-401AA42-DF
1,1731-501ZKA18,0.0,0.0,
2,1731-501ZKA18,0.0,0.0,
3,1731-501ZKA18,0.0,0.0,
4,1731-501ZKA18,0.0,0.0,
5,1731-501ZKA18,1.0,1.0,MA-1731-501ZKA18
6,1731-501ZKA18,1.0,1,L1-1731-501ZKA18
1,3154-409AB180,0.0,0.0,
2,3154-409AB180,0.0,0.0,
3,3154-409AB180,0.0,0.0,
4,3154-409AB180,0.0,0.0,
5,3154-409AB180,1.0,4.0,MA-3154-409AA18-S
6,3154-409AB180,1.0,1,L1-3154-409AA18-S
1,3154-601EA18,0.0,0.0,
2,3154-601EA18,0.0,0.0,
3,3154-601EA18,0.0,0.0,
4,3154-601EA18,0.0,0.0,
5,3154-601EA18,1.0,1.0,MA-3154-601AA18
6,3154-601EA18,1.0,1,L1-3154-601AA18
1,3154-405AA120,0.0,0.0,
2,3154-405AA120,0.0,0.0,
3,3154-405AA120,0.0,0.0,
4,3154-405AA120,0.0,0.0,
5,3154-405AA120,1.0,1.0,MA-81-405FA12
6,3154-405AA120,1.0,1,L1-81-405FA12
1,3154-405AA180,0.0,0.0,
2,3154-405AA180,0.0,0.0,
3,3154-405AA180,0.0,0.0,
4,3154-405AA180,0.0,0.0,
5,3154-405AA180,1.0,1.0,MA-81-405FA18
6,3154-405AA180,1.0,1,L1-81-405FA18
1,3154-410AA180,0.0,0.0,
2,3154-410AA180,0.0,0.0,
3,3154-410AA180,0.0,0.0,
4,3154-410AA180,0.0,0.0,
5,3154-410AA180,1.0,1.0,MA-970-41018-S
6,3154-410AA180,1.0,3,LC-970-41018-S
1,1731-406DA18,0.0,0.0,
2,1731-406DA18,0.0,0.0,
3,1731-406DA18,1.0,1.0,MA-1731-406DA18
4,1731-406DA18,1.0,1.0,L1-1731-406DA18
5,1731-406DA18,1.0,1.0,LA-1731-406DA18-D
6,1731-406DA18,1.0,1,LA-1731-406DA18-MC
1,5542-502AA34,0.0,0.0,
2,5542-502AA34,0.0,0.0,
3,5542-502AA34,0.0,0.0,
4,5542-502AA34,0.0,0.0,
5,5542-502AA34,1.0,1.0,MA-5517-502AA34
6,5542-502AA34,1.0,1,L1-5517-502AA34
1,3154-405AA150,0.0,0.0,
2,3154-405AA150,0.0,0.0,
3,3154-405AA150,0.0,0.0,
4,3154-405AA150,0.0,0.0,
5,3154-405AA150,1.0,1.0,MA-81-405FA15
6,3154-405AA150,1.0,1,L1-81-405FA15
1,3154-405AA160,0.0,0.0,
2,3154-405AA160,0.0,0.0,
3,3154-405AA160,0.0,0.0,
4,3154-405AA160,0.0,0.0,
5,3154-405AA160,1.0,1.0,MA-81-405FA16
6,3154-405AA160,1.0,1,L1-81-405FA16
1,3154-405AA170,0.0,0.0,
2,3154-405AA170,0.0,0.0,
3,3154-405AA170,0.0,0.0,
4,3154-405AA170,0.0,0.0,
5,3154-405AA170,1.0,1.0,MA-81-405FA17
6,3154-405AA170,1.0,1,L1-81-405FA17
1,3154-405AA200,0.0,0.0,
2,3154-405AA200,0.0,0.0,
3,3154-405AA200,0.0,0.0,
4,3154-405AA200,0.0,0.0,
5,3154-405AA200,1.0,1.0,MA-81-405FA20
6,3154-405AA200,1.0,1,L1-81-405FA20
1,3154-405AA210,0.0,0.0,
2,3154-405AA210,0.0,0.0,
3,3154-405AA210,0.0,0.0,
4,3154-405AA210,0.0,0.0,
5,3154-405AA210,1.0,1.0,MA-81-405FA21
6,3154-405AA210,1.0,1,L1-81-405FA21
1,3154-405AA230,0.0,0.0,
2,3154-405AA230,0.0,0.0,
3,3154-405AA230,0.0,0.0,
4,3154-405AA230,0.0,0.0,
5,3154-405AA230,1.0,1.0,MA-81-405FA23
6,3154-405AA230,1.0,1,L1-81-405FA23
1,3154-405AA240,0.0,0.0,
2,3154-405AA240,0.0,0.0,
3,3154-405AA240,0.0,0.0,
4,3154-405AA240,0.0,0.0,
5,3154-405AA240,1.0,1.0,MA-81-405FA24
6,3154-405AA240,1.0,1,L1-81-405FA24
1,G-6501JC,0.0,0.0,
2,G-6501JC,0.0,0.0,
3,G-6501JC,0.0,0.0,
4,G-6501JC,0.0,0.0,
5,G-6501JC,1.0,1.0,MA-G-6501JB
6,G-6501JC,1.0,1,MC-G-6501JC
1,G-6501JE,0.0,0.0,
2,G-6501JE,0.0,0.0,
3,G-6501JE,0.0,0.0,
4,G-6501JE,0.0,0.0,
5,G-6501JE,0.0,0.0,
6,G-6501JE,1.0,1,MA-G-6501JB
1,3154-409AB120,0.0,0.0,
2,3154-409AB120,0.0,0.0,
3,3154-409AB120,0.0,0.0,
4,3154-409AB120,0.0,0.0,
5,3154-409AB120,1.0,4.0,MA-3154-409AA12-S
6,3154-409AB120,1.0,1,L1-3154-409AA12-S
1,3154-409AB150,0.0,0.0,
2,3154-409AB150,0.0,0.0,
3,3154-409AB150,0.0,0.0,
4,3154-409AB150,0.0,0.0,
5,3154-409AB150,1.0,4.0,MA-3154-409AA15-S
6,3154-409AB150,1.0,1,L1-3154-409AA15-S
1,3154-409AB160,0.0,0.0,
2,3154-409AB160,0.0,0.0,
3,3154-409AB160,0.0,0.0,
4,3154-409AB160,0.0,0.0,
5,3154-409AB160,1.0,4.0,MA-3154-409AA16-S
6,3154-409AB160,1.0,1,L1-3154-409AA16-S
1,3154-409AB170,0.0,0.0,
2,3154-409AB170,0.0,0.0,
3,3154-409AB170,0.0,0.0,
4,3154-409AB170,0.0,0.0,
5,3154-409AB170,1.0,4.0,MA-3154-409AA17-S
6,3154-409AB170,1.0,1,L1-3154-409AA17-S
1,3154-409AB200,0.0,0.0,
2,3154-409AB200,0.0,0.0,
3,3154-409AB200,0.0,0.0,
4,3154-409AB200,0.0,0.0,
5,3154-409AB200,1.0,4.0,MA-3154-409AA20-S
6,3154-409AB200,1.0,1,L1-3154-409AA20-S
1,3154-409AB210,0.0,0.0,
2,3154-409AB210,0.0,0.0,
3,3154-409AB210,0.0,0.0,
4,3154-409AB210,0.0,0.0,
5,3154-409AB210,1.0,4.0,MA-3154-409AA21-S
6,3154-409AB210,1.0,1,L1-3154-409AA21-S
1,3154-409AB230,0.0,0.0,
2,3154-409AB230,0.0,0.0,
3,3154-409AB230,0.0,0.0,
4,3154-409AB230,0.0,0.0,
5,3154-409AB230,1.0,4.0,MA-3154-409AA23-S
6,3154-409AB230,1.0,1,L1-3154-409AA23-S
1,3154-409AB240,0.0,0.0,
2,3154-409AB240,0.0,0.0,
3,3154-409AB240,0.0,0.0,
4,3154-409AB240,0.0,0.0,
5,3154-409AB240,1.0,4.0,MA-3154-409AA24-S
6,3154-409AB240,1.0,1,L1-3154-409AA24-S
1,5542-405AA340,0.0,0.0,
2,5542-405AA340,0.0,0.0,
3,5542-405AA340,0.0,0.0,
4,5542-405AA340,0.0,0.0,
5,5542-405AA340,1.0,1.0,MA-335-405AA34-S
6,5542-405AA340,1.0,1,L1-335-405AA34-S
1,5542-641AA34,0.0,0.0,
2,5542-641AA34,0.0,0.0,
3,5542-641AA34,0.0,0.0,
4,5542-641AA34,0.0,0.0,
5,5542-641AA34,1.0,1.0,MA-485-641BA34-DRUM
6,5542-641AA34,1.0,4,L1-485-641BA34-DRUM
1,5542-602AA34,0.0,0.0,
2,5542-602AA34,0.0,0.0,
3,5542-602AA34,0.0,0.0,
4,5542-602AA34,0.0,0.0,
5,5542-602AA34,0.0,0.0,
6,5542-602AA34,1.0,1,MA-RH-0031A-05D
1,3557-409AA340,0.0,0.0,
2,3557-409AA340,0.0,0.0,
3,3557-409AA340,0.0,0.0,
4,3557-409AA340,1.0,1.0,MA-3557-409AA34-S
5,3557-409AA340,1.0,1.0,L1-3557-409AA34-S
6,3557-409AA340,1.0,1,3557-409AA34-SR
1,1831-102BB,0.0,0.0,
2,1831-102BB,0.0,0.0,
3,1831-102BB,0.0,0.0,
4,1831-102BB,0.0,0.0,
5,1831-102BB,0.0,0.0,
6,1831-102BB,1.0,1,MA-1831-102BA
1,87-405MA320,0.0,0.0,
2,87-405MA320,0.0,0.0,
3,87-405MA320,0.0,0.0,
4,87-405MA320,0.0,0.0,
5,87-405MA320,1.0,1.0,MA-87-40532-S
6,87-405MA320,1.0,1,L1-87-405EA32-S
1,1831-501CA30,0.0,0.0,
2,1831-501CA30,0.0,0.0,
3,1831-501CA30,0.0,0.0,
4,1831-501CA30,1.0,1.0,MA-1831-501BA30
5,1831-501CA30,1.0,1.0,L1-1831-501BA30
6,1831-501CA30,1.0,1,LA-1831-501BA30-DF
1,3139-601FA30,0.0,0.0,
2,3139-601FA30,0.0,0.0,
3,3139-601FA30,0.0,0.0,
4,3139-601FA30,0.0,0.0,
5,3139-601FA30,17.0,1.0,MA-RV-0173
6,3139-601FA30,1.0,1,PL-3139-601FA30
1,1731-401CA18,0.0,0.0,
2,1731-401CA18,0.0,0.0,
3,1731-401CA18,0.0,0.0,
4,1731-401CA18,1.0,1.0,MA-1731-401CA18
5,1731-401CA18,1.0,1.0,L1-1731-401CA18
6,1731-401CA18,1.0,1,LA-1731-401CA18-D
1,3164-502AA42,0.0,0.0,
2,3164-502AA42,0.0,0.0,
3,3164-502AA42,0.0,0.0,
4,3164-502AA42,0.0,0.0,
5,3164-502AA42,1.0,1.0,MA-3164-502AA42
6,3164-502AA42,1.0,1,L1-3164-502AA42
1,1731-103BA18,0.0,0.0,
2,1731-103BA18,0.0,0.0,
3,1731-103BA18,0.0,0.0,
4,1731-103BA18,0.0,0.0,
5,1731-103BA18,0.0,0.0,
6,1731-103BA18,1.0,1,MA-1731-103BA18
1,580-65226,0.0,0.0,
2,580-65226,0.0,0.0,
3,580-65226,0.0,0.0,
4,580-65226,0.0,0.0,
5,580-65226,1.0,1.0,MA-720-65226-DRUM
6,580-65226,1.0,4,L1-720-65226-DRUM
1,5121-602FA30,0.0,0.0,
2,5121-602FA30,0.0,0.0,
3,5121-602FA30,0.0,0.0,
4,5121-602FA30,0.0,0.0,
5,5121-602FA30,0.0,0.0,
6,5121-602FA30,1.0,1,MA-RH-0031A-06E
1,3242-502BA34,0.0,0.0,
2,3242-502BA34,0.0,0.0,
3,3242-502BA34,0.0,0.0,
4,3242-502BA34,1.0,1.0,MA-600-502AA34
5,3242-502BA34,1.0,1.0,L1-4109-502AA34
6,3242-502BA34,1.0,1,PL-3242-502BA34
1,3145-410CA300,0.0,0.0,
2,3145-410CA300,0.0,0.0,
3,3145-410CA300,0.0,0.0,
4,3145-410CA300,0.0,0.0,
5,3145-410CA300,1.0,1.0,MA-970-41030-S
6,3145-410CA300,1.0,4,LC-970-41030-S
1,87-405TA420,0.0,0.0,
2,87-405TA420,0.0,0.0,
3,87-405TA420,0.0,0.0,
4,87-405TA420,0.0,0.0,
5,87-405TA420,1.0,1.0,MA-87-40542
6,87-405TA420,1.0,1,L1-87-405JA42
1,3164-601EA42,0.0,0.0,
2,3164-601EA42,0.0,0.0,
3,3164-601EA42,0.0,0.0,
4,3164-601EA42,0.0,0.0,
5,3164-601EA42,1.0,1.0,MA-603-601-BLOCK
6,3164-601EA42,24.0,1,MC-603-601-BLOCK
1,3650-501CA26,0.0,0.0,
2,3650-501CA26,0.0,0.0,
3,3650-501CA26,0.0,0.0,
4,3650-501CA26,1.0,1.0,MA-171-501GA26
5,3650-501CA26,1.0,1.0,L1-171-501GA26
6,3650-501CA26,1.0,1,LA-171-501GA26-DF
1,3650-501BB26,0.0,0.0,
2,3650-501BB26,0.0,0.0,
3,3650-501BB26,0.0,0.0,
4,3650-501BB26,1.0,1.0,MA-3638-501BB26
5,3650-501BB26,1.0,1.0,L1-3638-501BB26
6,3650-501BB26,1.0,1,LA-3638-501BB26-DF
1,816-405DA260,0.0,0.0,
2,816-405DA260,0.0,0.0,
3,816-405DA260,0.0,0.0,
4,816-405DA260,0.0,0.0,
5,816-405DA260,1.0,1.0,MA-816-405CA26-S
6,816-405DA260,1.0,1,L1-816-405CA26-S
1,3153-502JB38,0.0,0.0,
2,3153-502JB38,0.0,0.0,
3,3153-502JB38,0.0,0.0,
4,3153-502JB38,0.0,0.0,
5,3153-502JB38,0.0,0.0,
6,3153-502JB38,41.0,1,MA-RH-0175KD-21AA
1,3153-601EB38,0.0,0.0,
2,3153-601EB38,0.0,0.0,
3,3153-601EB38,0.0,0.0,
4,3153-601EB38,0.0,0.0,
5,3153-601EB38,1.0,1.0,MA-603-601-BLOCK
6,3153-601EB38,21.0,1,MC-603-601-BLOCK
1,3650-608AA26,0.0,0.0,
2,3650-608AA26,0.0,0.0,
3,3650-608AA26,0.0,0.0,
4,3650-608AA26,1.0,1.0,MA-3650-608AA26
5,3650-608AA26,1.0,1.0,L1-3650-608AA26
6,3650-608AA26,1.0,1,L2-3650-608AA26
1,3650-651AA26,0.0,0.0,
2,3650-651AA26,0.0,0.0,
3,3650-651AA26,0.0,0.0,
4,3650-651AA26,1.0,1.0,MA-3650-651AA26
5,3650-651AA26,1.0,1.0,L1-3650-651AA26
6,3650-651AA26,1.0,1,L2-3650-651AA26
1,171-406PA26,0.0,0.0,
2,171-406PA26,0.0,0.0,
3,171-406PA26,1.0,1.0,MA-171-406PA26
4,171-406PA26,1.0,1.0,L1-171-406PA26
5,171-406PA26,1.0,1.0,LA-171-406PA26-D
6,171-406PA26,1.0,1,LA-171-406PA26-MC
1,3659-432AA26,0.0,0.0,
2,3659-432AA26,0.0,0.0,
3,3659-432AA26,0.0,0.0,
4,3659-432AA26,0.0,0.0,
5,3659-432AA26,1.0,1.0,MA-3237-432AA26
6,3659-432AA26,1.0,1,L1-3237-432AA26
1,3650-502JB26,0.0,0.0,
2,3650-502JB26,0.0,0.0,
3,3650-502JB26,0.0,0.0,
4,3650-502JB26,0.0,0.0,
5,3650-502JB26,1.0,1.0,MA-954-50226
6,3650-502JB26,1.0,1,L1-954-50226
1,478-502AC38,0.0,0.0,
2,478-502AC38,0.0,0.0,
3,478-502AC38,0.0,0.0,
4,478-502AC38,0.0,0.0,
5,478-502AC38,1.0,1.0,MA-474-502AA38
6,478-502AC38,1.0,1,L1-474-502AA38
1,81-405KA260,0.0,0.0,
2,81-405KA260,0.0,0.0,
3,81-405KA260,0.0,0.0,
4,81-405KA260,0.0,0.0,
5,81-405KA260,1.0,1.0,MA-81-40526
6,81-405KA260,1.0,1,L1-81-405EA26
1,3164-601EA26,0.0,0.0,
2,3164-601EA26,0.0,0.0,
3,3164-601EA26,0.0,0.0,
4,3164-601EA26,1.0,1.0,MA-603-601-BLOCK
5,3164-601EA26,15.0,1.0,MC-603-601-BLOCK
6,3164-601EA26,1.0,1,PL-3164-601EA26
1,479-502AB38,0.0,0.0,
2,479-502AB38,0.0,0.0,
3,479-502AB38,0.0,0.0,
4,479-502AB38,0.0,0.0,
5,479-502AB38,1.0,1.0,MA-474-502AA38
6,479-502AB38,1.0,1,L1-474-502AA38
1,3660-501BB30,0.0,0.0,
2,3660-501BB30,0.0,0.0,
3,3660-501BB30,0.0,0.0,
4,3660-501BB30,1.0,1.0,MA-3636-501BC30
5,3660-501BB30,1.0,1.0,L1-3660-501BB30
6,3660-501BB30,1.0,1,LA-3660-501BB30-DF
1,1551-401CB38,0.0,0.0,
2,1551-401CB38,0.0,0.0,
3,1551-401CB38,1.0,1.0,MA-1551-401AA38
4,1551-401CB38,1.0,1.0,L1-1551-401AA38
5,1551-401CB38,1.0,1.0,LA-1551-401AA38-D
6,1551-401CB38,1.0,1,LA-1551-401AA38-DF
1,1551-401CB30,0.0,0.0,
2,1551-401CB30,0.0,0.0,
3,1551-401CB30,1.0,1.0,MA-1551-401CA30
4,1551-401CB30,1.0,1.0,L1-1551-401CA30
5,1551-401CB30,1.0,1.0,LA-1551-401CA30-D
6,1551-401CB30,1.0,1,LA-1551-401CA30-DF
1,3157-502AA26,0.0,0.0,
2,3157-502AA26,0.0,0.0,
3,3157-502AA26,0.0,0.0,
4,3157-502AA26,0.0,0.0,
5,3157-502AA26,1.0,1.0,MA-4109-502AA26
6,3157-502AA26,1.0,1,L1-4109-502AA26
1,3157-601EA26,0.0,0.0,
2,3157-601EA26,0.0,0.0,
3,3157-601EA26,0.0,0.0,
4,3157-601EA26,0.0,0.0,
5,3157-601EA26,1.0,1.0,MA-603-601-BLOCK
6,3157-601EA26,15.0,1,MC-603-601-BLOCK
1,3164-652AA30,0.0,0.0,
2,3164-652AA30,0.0,0.0,
3,3164-652AA30,0.0,0.0,
4,3164-652AA30,0.0,0.0,
5,3164-652AA30,1.0,1.0,MA-3164-652AA30-DRUM
6,3164-652AA30,1.0,4,L1-3164-652AA30-DRUM
1,3164-652AA34,0.0,0.0,
2,3164-652AA34,0.0,0.0,
3,3164-652AA34,0.0,0.0,
4,3164-652AA34,0.0,0.0,
5,3164-652AA34,1.0,1.0,MA-3164-652AA34-DRUM
6,3164-652AA34,1.0,4,L1-3164-652AA34-DRUM
1,5165-501AA32,0.0,0.0,
2,5165-501AA32,0.0,0.0,
3,5165-501AA32,0.0,0.0,
4,5165-501AA32,1.0,1.0,MA-161-501QA32
5,5165-501AA32,1.0,1.0,L1-5165-501AA32
6,5165-501AA32,1.0,1,LA-5165-501AA32-DF
1,5172-501AA32,0.0,0.0,
2,5172-501AA32,0.0,0.0,
3,5172-501AA32,0.0,0.0,
4,5172-501AA32,0.0,0.0,
5,5172-501AA32,1.0,1.0,MA-1051-501CA32
6,5172-501AA32,1.0,1,L1-5172-501AA32
1,5165-502EA32,0.0,0.0,
2,5165-502EA32,0.0,0.0,
3,5165-502EA32,0.0,0.0,
4,5165-502EA32,0.0,0.0,
5,5165-502EA32,1.0,1.0,MA-474-502AA34
6,5165-502EA32,1.0,1,L1-474-502AA34
1,5165-602AA32,0.0,0.0,
2,5165-602AA32,0.0,0.0,
3,5165-602AA32,0.0,0.0,
4,5165-602AA32,0.0,0.0,
5,5165-602AA32,0.0,0.0,
6,5165-602AA32,1.0,1,MA-RH-0031A-06E
1,5165-602BA32,0.0,0.0,
2,5165-602BA32,0.0,0.0,
3,5165-602BA32,0.0,0.0,
4,5165-602BA32,0.0,0.0,
5,5165-602BA32,0.0,0.0,
6,5165-602BA32,1.0,1,MA-RH-0031A-05C
1,5165-641AA32,0.0,0.0,
2,5165-641AA32,0.0,0.0,
3,5165-641AA32,0.0,0.0,
4,5165-641AA32,0.0,0.0,
5,5165-641AA32,1.0,1.0,MA-485-641BA32-DRUM
6,5165-641AA32,1.0,4,L1-485-641BA32-DRUM
1,5172-601AA32,0.0,0.0,
2,5172-601AA32,0.0,0.0,
3,5172-601AA32,0.0,0.0,
4,5172-601AA32,1.0,1.0,MA-165-601GA34
5,5172-601AA32,1.0,1.0,L1-165-601GA34
6,5172-601AA32,1.0,1,LA-165-601GA34-L2
1,5172-601AA34,0.0,0.0,
2,5172-601AA34,0.0,0.0,
3,5172-601AA34,0.0,0.0,
4,5172-601AA34,1.0,1.0,MA-165-601GA36
5,5172-601AA34,1.0,1.0,L1-165-601GA36
6,5172-601AA34,1.0,1,LA-165-601GA36-L2
1,5540-405BA340,0.0,0.0,
2,5540-405BA340,0.0,0.0,
3,5540-405BA340,0.0,0.0,
4,5540-405BA340,0.0,0.0,
5,5540-405BA340,1.0,1.0,MA-335-405AA34-S
6,5540-405BA340,1.0,1,L1-335-405AA34-S
1,6108-641AA34,0.0,0.0,
2,6108-641AA34,0.0,0.0,
3,6108-641AA34,0.0,0.0,
4,6108-641AA34,0.0,0.0,
5,6108-641AA34,1.0,1.0,MA-485-641BA34-DRUM
6,6108-641AA34,1.0,4,L1-485-641BA34-DRUM
1,6109-502FA34,0.0,0.0,
2,6109-502FA34,0.0,0.0,
3,6109-502FA34,0.0,0.0,
4,6109-502FA34,0.0,0.0,
5,6109-502FA34,1.0,1.0,MA-5517-502AA34
6,6109-502FA34,1.0,1,L1-5517-502AA34
1,6108-602AA34,0.0,0.0,
2,6108-602AA34,0.0,0.0,
3,6108-602AA34,0.0,0.0,
4,6108-602AA34,0.0,0.0,
5,6108-602AA34,0.0,0.0,
6,6108-602AA34,1.0,1,MA-RH-0031K-06SA
1,6108-602BA34,0.0,0.0,
2,6108-602BA34,0.0,0.0,
3,6108-602BA34,0.0,0.0,
4,6108-602BA34,0.0,0.0,
5,6108-602BA34,0.0,0.0,
6,6108-602BA34,1.0,1,MA-RH-0031K-06SA
1,6108-602CA34,0.0,0.0,
2,6108-602CA34,0.0,0.0,
3,6108-602CA34,0.0,0.0,
4,6108-602CA34,0.0,0.0,
5,6108-602CA34,0.0,0.0,
6,6108-602CA34,1.0,1,MA-RH-0031K-06SA
1,6108-602DA34,0.0,0.0,
2,6108-602DA34,0.0,0.0,
3,6108-602DA34,0.0,0.0,
4,6108-602DA34,0.0,0.0,
5,6108-602DA34,0.0,0.0,
6,6108-602DA34,1.0,1,MA-RH-0031K-06SA
1,6108-602EA34,0.0,0.0,
2,6108-602EA34,0.0,0.0,
3,6108-602EA34,0.0,0.0,
4,6108-602EA34,0.0,0.0,
5,6108-602EA34,0.0,0.0,
6,6108-602EA34,1.0,1,MA-RH-0031K-06SA
1,6108-606AA34,0.0,0.0,
2,6108-606AA34,0.0,0.0,
3,6108-606AA34,0.0,0.0,
4,6108-606AA34,0.0,0.0,
5,6108-606AA34,0.0,0.0,
6,6108-606AA34,1.0,1,MA-RH-0031A-05C
1,5172-501AA34,0.0,0.0,
2,5172-501AA34,0.0,0.0,
3,5172-501AA34,0.0,0.0,
4,5172-501AA34,1.0,1.0,MA-5172-501AA34
5,5172-501AA34,1.0,1.0,L1-5172-501AA34
6,5172-501AA34,1.0,1,LA-5172-501AA34-DF
1,5172-501BA34,0.0,0.0,
2,5172-501BA34,0.0,0.0,
3,5172-501BA34,0.0,0.0,
4,5172-501BA34,1.0,1.0,MA-1051-501BA34
5,5172-501BA34,1.0,1.0,L1-5172-501BA34
6,5172-501BA34,1.0,1,LA-5172-501BA34-DF
1,3139-502FB34,0.0,0.0,
2,3139-502FB34,0.0,0.0,
3,3139-502FB34,0.0,0.0,
4,3139-502FB34,0.0,0.0,
5,3139-502FB34,0.0,0.0,
6,3139-502FB34,37.0,1,MA-RH-0175KD-21AA
1,5545-405AA300,0.0,0.0,
2,5545-405AA300,0.0,0.0,
3,5545-405AA300,0.0,0.0,
4,5545-405AA300,0.0,0.0,
5,5545-405AA300,1.0,1.0,MA-5545-405AA30-S
6,5545-405AA300,1.0,1,L1-5545-405AA30-S
1,5545-501AA30,0.0,0.0,
2,5545-501AA30,0.0,0.0,
3,5545-501AA30,0.0,0.0,
4,5545-501AA30,1.0,1.0,MA-5545-501AA30
5,5545-501AA30,1.0,1.0,L1-5545-501AA30
6,5545-501AA30,1.0,1,LA-5545-501AA30-DF
1,5545-502GA30,0.0,0.0,
2,5545-502GA30,0.0,0.0,
3,5545-502GA30,0.0,0.0,
4,5545-502GA30,0.0,0.0,
5,5545-502GA30,1.0,1.0,MA-5545-502GA
6,5545-502GA30,1.0,1,PEFIN-5545-502GA30
1,5165-502EA30,0.0,0.0,
2,5165-502EA30,0.0,0.0,
3,5165-502EA30,0.0,0.0,
4,5165-502EA30,1.0,1.0,MA-474-502AA30
5,5165-502EA30,1.0,1.0,L1-474-502AA30
6,5165-502EA30,1.0,1,PL-5165-502EA30
1,5165-601AA32,0.0,0.0,
2,5165-601AA32,0.0,0.0,
3,5165-601AA32,0.0,0.0,
4,5165-601AA32,1.0,1.0,MA-165-601BA34
5,5165-601AA32,1.0,1.0,L1-165-601BA34
6,5165-601AA32,1.0,1,LA-165-601BA34-L2
1,3557-601AA34,0.0,0.0,
2,3557-601AA34,0.0,0.0,
3,3557-601AA34,0.0,0.0,
4,3557-601AA34,0.0,0.0,
5,3557-601AA34,1.0,1.0,MA-3557-601AA34
6,3557-601AA34,1.0,1,L1-3557-601AA34
1,3557-652AA34,0.0,0.0,
2,3557-652AA34,0.0,0.0,
3,3557-652AA34,0.0,0.0,
4,3557-652AA34,0.0,0.0,
5,3557-652AA34,1.0,1.0,MA-720-65234-DRUM
6,3557-652AA34,1.0,4,L1-720-65234-DRUM
1,3557-502AA34,0.0,0.0,
2,3557-502AA34,0.0,0.0,
3,3557-502AA34,0.0,0.0,
4,3557-502AA34,1.0,1.0,MA-600-502AA34
5,3557-502AA34,1.0,1.0,L1-4109-502AA34
6,3557-502AA34,1.0,1,PL-3557-502AA34
1,5545-502EA30,0.0,0.0,
2,5545-502EA30,0.0,0.0,
3,5545-502EA30,0.0,0.0,
4,5545-502EA30,0.0,0.0,
5,5545-502EA30,1.0,1.0,MA-5545-502AA30
6,5545-502EA30,1.0,1,L1-5545-502AA30
1,5545-502HA30,0.0,0.0,
2,5545-502HA30,0.0,0.0,
3,5545-502HA30,0.0,0.0,
4,5545-502HA30,0.0,0.0,
5,5545-502HA30,0.0,0.0,
6,5545-502HA30,1.0,1,MA-5545-502GA
1,5545-502JA30,0.0,0.0,
2,5545-502JA30,0.0,0.0,
3,5545-502JA30,0.0,0.0,
4,5545-502JA30,0.0,0.0,
5,5545-502JA30,1.0,1.0,MA-5545-502GA
6,5545-502JA30,1.0,1,PEFIN-5545-502JA30
1,171-406RA34,0.0,0.0,
2,171-406RA34,0.0,0.0,
3,171-406RA34,1.0,1.0,MA-171-406RA34
4,171-406RA34,1.0,1.0,L1-171-406RA34
5,171-406RA34,1.0,1.0,LA-171-406RA34-D
6,171-406RA34,1.0,1,LA-171-406RA34-MC
1,3557-501AA34,0.0,0.0,
2,3557-501AA34,0.0,0.0,
3,3557-501AA34,0.0,0.0,
4,3557-501AA34,1.0,1.0,MA-171-501AA34
5,3557-501AA34,1.0,1.0,L1-3557-501AA34
6,3557-501AA34,1.0,1,LA-3557-501AA34-DF
1,3557-608AA34,0.0,0.0,
2,3557-608AA34,0.0,0.0,
3,3557-608AA34,0.0,0.0,
4,3557-608AA34,0.0,0.0,
5,3557-608AA34,1.0,1.0,MA-3501-66001AA34
6,3557-608AA34,1.0,1,L1-3501-66001AA34
1,3166-601EA22,0.0,0.0,
2,3166-601EA22,0.0,0.0,
3,3166-601EA22,0.0,0.0,
4,3166-601EA22,0.0,0.0,
5,3166-601EA22,1.0,1.0,MA-3154-601AA22
6,3166-601EA22,1.0,1,L1-3154-601AA22
1,3166-502CA,0.0,0.0,
2,3166-502CA,0.0,0.0,
3,3166-502CA,0.0,0.0,
4,3166-502CA,0.0,0.0,
5,3166-502CA,1.0,1.0,MA-3154-502AA
6,3166-502CA,1.0,1,MC-3166-502CA
1,3166-502DA,0.0,0.0,
2,3166-502DA,0.0,0.0,
3,3166-502DA,0.0,0.0,
4,3166-502DA,0.0,0.0,
5,3166-502DA,1.0,1.0,MA-3154-502AA
6,3166-502DA,1.0,1,MC-3166-502DA
1,3166-502FA,0.0,0.0,
2,3166-502FA,0.0,0.0,
3,3166-502FA,0.0,0.0,
4,3166-502FA,0.0,0.0,
5,3166-502FA,1.0,1.0,MA-3154-502AA
6,3166-502FA,1.0,1,MC-3166-502FA
1,3166-608AA22,0.0,0.0,
2,3166-608AA22,0.0,0.0,
3,3166-608AA22,0.0,0.0,
4,3166-608AA22,0.0,0.0,
5,3166-608AA22,1.0,4.0,MA-603-608AA22-DRUM
6,3166-608AA22,1.0,1,L1-603-608AA22
1,3166-501BA22,0.0,0.0,
2,3166-501BA22,0.0,0.0,
3,3166-501BA22,0.0,0.0,
4,3166-501BA22,0.0,0.0,
5,3166-501BA22,1.0,1.0,MA-19B-501ZGA22
6,3166-501BA22,1.0,1,L1-19B-501ZGA22
1,65-405330,0.0,0.0,
2,65-405330,0.0,0.0,
3,65-405330,0.0,0.0,
4,65-405330,0.0,0.0,
5,65-405330,1.0,1.0,MA-65-40533-S
6,65-405330,1.0,1,L1-65-40533-S
1,3164-502ZA30,0.0,0.0,
2,3164-502ZA30,0.0,0.0,
3,3164-502ZA30,0.0,0.0,
4,3164-502ZA30,0.0,0.0,
5,3164-502ZA30,1.0,1.0,MA-3164-502AA30
6,3164-502ZA30,1.0,1,L1-3164-502AA30
1,3922-502KA32,0.0,0.0,
2,3922-502KA32,0.0,0.0,
3,3922-502KA32,0.0,0.0,
4,3922-502KA32,0.0,0.0,
5,3922-502KA32,1.0,1.0,MA-600-502AA32
6,3922-502KA32,1.0,1,L1-3922-502AC32
1,3922-601FA32,0.0,0.0,
2,3922-601FA32,0.0,0.0,
3,3922-601FA32,0.0,0.0,
4,3922-601FA32,0.0,0.0,
5,3922-601FA32,1.0,2.0,MA-631-60132-DRUM
6,3922-601FA32,1.0,1,L1-748-601AA32
1,3922-652AA32,0.0,0.0,
2,3922-652AA32,0.0,0.0,
3,3922-652AA32,0.0,0.0,
4,3922-652AA32,0.0,0.0,
5,3922-652AA32,1.0,1.0,MA-3922-652AA32-DRUM
6,3922-652AA32,1.0,3,L1-3922-652AA32-DRUM
1,87-405WA380,0.0,0.0,
2,87-405WA380,0.0,0.0,
3,87-405WA380,0.0,0.0,
4,87-405WA380,0.0,0.0,
5,87-405WA380,1.0,1.0,MA-87-40538-S
6,87-405WA380,1.0,1,L1-87-405EA38-S
1,1831-501DA26,0.0,0.0,
2,1831-501DA26,0.0,0.0,
3,1831-501DA26,0.0,0.0,
4,1831-501DA26,1.0,1.0,MA-1831-501AA26
5,1831-501DA26,1.0,1.0,L1-1831-501AA26
6,1831-501DA26,1.0,1,LA-1831-501AA26-DF
1,1831-501DA30,0.0,0.0,
2,1831-501DA30,0.0,0.0,
3,1831-501DA30,0.0,0.0,
4,1831-501DA30,1.0,1.0,MA-1831-501AA30
5,1831-501DA30,1.0,1.0,L1-1831-501AA30
6,1831-501DA30,1.0,1,LA-1831-501AA30-DF
1,1831-501DA32,0.0,0.0,
2,1831-501DA32,0.0,0.0,
3,1831-501DA32,0.0,0.0,
4,1831-501DA32,1.0,1.0,MA-1831-501AA32
5,1831-501DA32,1.0,1.0,L1-1831-501AA32
6,1831-501DA32,1.0,1,LA-1831-501AA32-DF
1,1831-501DA34,0.0,0.0,
2,1831-501DA34,0.0,0.0,
3,1831-501DA34,0.0,0.0,
4,1831-501DA34,1.0,1.0,MA-1831-501AA34
5,1831-501DA34,1.0,1.0,L1-1831-501AA34
6,1831-501DA34,1.0,1,LA-1831-501AA34-DF
1,1831-501DA36,0.0,0.0,
2,1831-501DA36,0.0,0.0,
3,1831-501DA36,0.0,0.0,
4,1831-501DA36,1.0,1.0,MA-1831-501AA36
5,1831-501DA36,1.0,1.0,L1-1831-501AA36
6,1831-501DA36,1.0,1,LA-1831-501AA36-DF
1,1831-501DA42,0.0,0.0,
2,1831-501DA42,0.0,0.0,
3,1831-501DA42,0.0,0.0,
4,1831-501DA42,1.0,1.0,MA-1831-501AA42
5,1831-501DA42,1.0,1.0,L1-1831-501AA42
6,1831-501DA42,1.0,1,LA-1831-501AA42-DF
1,3101-502EA38,0.0,0.0,
2,3101-502EA38,0.0,0.0,
3,3101-502EA38,0.0,0.0,
4,3101-502EA38,0.0,0.0,
5,3101-502EA38,1.0,1.0,MA-582-502AA38
6,3101-502EA38,1.0,1,L1-582-502AA38
1,5176-601BB30,0.0,0.0,
2,5176-601BB30,0.0,0.0,
3,5176-601BB30,0.0,0.0,
4,5176-601BB30,1.0,1.0,MA-165-601AB30
5,5176-601BB30,1.0,1.0,L1-165-601AB30
6,5176-601BB30,1.0,1,LA-165-601BA30-L2
1,8101-409FA360,0.0,0.0,
2,8101-409FA360,0.0,0.0,
3,8101-409FA360,0.0,0.0,
4,8101-409FA360,0.0,0.0,
5,8101-409FA360,1.0,5.0,MA-8101-409FA360
6,8101-409FA360,1.0,1,L1-8101-409FA360
1,8101-410KA360,0.0,0.0,
2,8101-410KA360,0.0,0.0,
3,8101-410KA360,0.0,0.0,
4,8101-410KA360,0.0,0.0,
5,8101-410KA360,1.0,1.0,MA-8101-410KA360
6,8101-410KA360,1.0,4,LC-8101-410KA360
1,8101-405GA360,0.0,0.0,
2,8101-405GA360,0.0,0.0,
3,8101-405GA360,0.0,0.0,
4,8101-405GA360,0.0,0.0,
5,8101-405GA360,1.0,1.0,MA-8101-405GA360
6,8101-405GA360,1.0,1,L1-8101-405GA360
1,8101-405330,0.0,0.0,
2,8101-405330,0.0,0.0,
3,8101-405330,0.0,0.0,
4,8101-405330,0.0,0.0,
5,8101-405330,1.0,1.0,MA-8101-405330
6,8101-405330,1.0,1,L1-8101-405330
1,8101-502BC,0.0,0.0,
2,8101-502BC,0.0,0.0,
3,8101-502BC,0.0,0.0,
4,8101-502BC,0.0,0.0,
5,8101-502BC,1.0,1.0,MA-8101-502BC
6,8101-502BC,1.0,1,MC-8101-502BC
1,8101-502CC,0.0,0.0,
2,8101-502CC,0.0,0.0,
3,8101-502CC,0.0,0.0,
4,8101-502CC,0.0,0.0,
5,8101-502CC,1.0,1.0,MA-8101-502CC
6,8101-502CC,1.0,1,MC-8101-502CC
1,8101-502KC,0.0,0.0,
2,8101-502KC,0.0,0.0,
3,8101-502KC,0.0,0.0,
4,8101-502KC,0.0,0.0,
5,8101-502KC,1.0,1.0,MA-8101-502KC
6,8101-502KC,1.0,1,MC-8101-502KC
1,8101-502DA,0.0,0.0,
2,8101-502DA,0.0,0.0,
3,8101-502DA,0.0,0.0,
4,8101-502DA,0.0,0.0,
5,8101-502DA,1.0,1.0,MA-8101-502DA
6,8101-502DA,1.0,1,MC-8101-502DA
1,8101-502FA,0.0,0.0,
2,8101-502FA,0.0,0.0,
3,8101-502FA,0.0,0.0,
4,8101-502FA,0.0,0.0,
5,8101-502FA,1.0,1.0,MA-8101-502FA
6,8101-502FA,1.0,1,MC-8101-502FA
1,SPL-2798-406AA32,0.0,0.0,
2,SPL-2798-406AA32,0.0,0.0,
3,SPL-2798-406AA32,1.0,1.0,MA-SPL-2798-406AA32
4,SPL-2798-406AA32,1.0,1.0,L1-SPL-2798-406AA32
5,SPL-2798-406AA32,1.0,1.0,LA-SPL-2798-406AA32-D
6,SPL-2798-406AA32,1.0,1,LA-SPL-2798-406AA32-MC
1,5108-502EB38,0.0,0.0,
2,5108-502EB38,0.0,0.0,
3,5108-502EB38,0.0,0.0,
4,5108-502EB38,0.0,0.0,
5,5108-502EB38,1.0,1.0,MA-5108-502AA38
6,5108-502EB38,1.0,1,L1-5108-502AA38
1,5108-602EC38,0.0,0.0,
2,5108-602EC38,0.0,0.0,
3,5108-602EC38,0.0,0.0,
4,5108-602EC38,0.0,0.0,
5,5108-602EC38,0.0,0.0,
6,5108-602EC38,1.0,1,MA-RH-0031A-05E
1,5108-602BB38,0.0,0.0,
2,5108-602BB38,0.0,0.0,
3,5108-602BB38,0.0,0.0,
4,5108-602BB38,0.0,0.0,
5,5108-602BB38,0.0,0.0,
6,5108-602BB38,1.0,1,MA-RH-0031A-05C
1,201-409BA150,0.0,0.0,
2,201-409BA150,0.0,0.0,
3,201-409BA150,0.0,0.0,
4,201-409BA150,0.0,0.0,
5,201-409BA150,1.0,1.0,MA-201-40915-S
6,201-409BA150,1.0,1,L1-201-409BA15-S
1,352B-602FA30,0.0,0.0,
2,352B-602FA30,0.0,0.0,
3,352B-602FA30,0.0,0.0,
4,352B-602FA30,0.0,0.0,
5,352B-602FA30,0.0,0.0,
6,352B-602FA30,1.0,1,MA-RH-0031A-05D
1,478-409QA300,0.0,0.0,
2,478-409QA300,0.0,0.0,
3,478-409QA300,0.0,0.0,
4,478-409QA300,0.0,0.0,
5,478-409QA300,1.0,1.0,MA-79-409B30-S
6,478-409QA300,1.0,1,L1-79-409B30-S
1,201-405AA150,0.0,0.0,
2,201-405AA150,0.0,0.0,
3,201-405AA150,0.0,0.0,
4,201-405AA150,0.0,0.0,
5,201-405AA150,1.0,1.0,MA-57-40515-S
6,201-405AA150,1.0,1,L1-57-40515-S
1,5179-502EA34,0.0,0.0,
2,5179-502EA34,0.0,0.0,
3,5179-502EA34,0.0,0.0,
4,5179-502EA34,0.0,0.0,
5,5179-502EA34,1.0,1.0,MA-474-502AA34
6,5179-502EA34,1.0,1,L1-474-502AA34
1,1161-411AA48,0.0,0.0,
2,1161-411AA48,0.0,0.0,
3,1161-411AA48,0.0,0.0,
4,1161-411AA48,0.0,0.0,
5,1161-411AA48,1.0,1.0,MA-121-411BA48
6,1161-411AA48,1.0,1,L1-1161-411AA48
1,6105-601AA48,0.0,0.0,
2,6105-601AA48,0.0,0.0,
3,6105-601AA48,0.0,0.0,
4,6105-601AA48,1.0,1.0,MA-6105-601AA48
5,6105-601AA48,1.0,1.0,L1-6105-601AA48
6,6105-601AA48,1.0,1,LA-6105-601AA48-DF
1,120-404LA,0.0,0.0,
2,120-404LA,0.0,0.0,
3,120-404LA,0.0,0.0,
4,120-404LA,0.0,0.0,
5,120-404LA,1.0,1.0,MA-120-404GA
6,120-404LA,1.0,1,MC-120-404LA
1,5180-502EA30,0.0,0.0,
2,5180-502EA30,0.0,0.0,
3,5180-502EA30,0.0,0.0,
4,5180-502EA30,0.0,0.0,
5,5180-502EA30,1.0,1.0,MA-474-502AA30
6,5180-502EA30,1.0,1,L1-474-502AA30
1,5180-602CA30,0.0,0.0,
2,5180-602CA30,0.0,0.0,
3,5180-602CA30,0.0,0.0,
4,5180-602CA30,0.0,0.0,
5,5180-602CA30,0.0,0.0,
6,5180-602CA30,1.0,1,MA-RH-0031A-05C
1,5180-602BA30,0.0,0.0,
2,5180-602BA30,0.0,0.0,
3,5180-602BA30,0.0,0.0,
4,5180-602BA30,0.0,0.0,
5,5180-602BA30,0.0,0.0,
6,5180-602BA30,1.0,1,MA-RH-0031A-05C
1,474-501AB30,0.0,0.0,
2,474-501AB30,0.0,0.0,
3,474-501AB30,0.0,0.0,
4,474-501AB30,1.0,1.0,MA-161-501AA30
5,474-501AB30,1.0,1.0,L1-161-501AA30
6,474-501AB30,1.0,1,LA-161-501AA30-DF
1,1155-402BA48,0.0,0.0,
2,1155-402BA48,0.0,0.0,
3,1155-402BA48,0.0,0.0,
4,1155-402BA48,0.0,0.0,
5,1155-402BA48,1.0,1.0,MA-1155-402AA48
6,1155-402BA48,1.0,1,L1-1155-402AA48
1,6104-409DA480,0.0,0.0,
2,6104-409DA480,0.0,0.0,
3,6104-409DA480,0.0,0.0,
4,6104-409DA480,0.0,0.0,
5,6104-409DA480,1.0,1.0,MA-6104-409DA48-S
6,6104-409DA480,1.0,1,L1-6104-409DA48-S
1,335-409FA300,0.0,0.0,
2,335-409FA300,0.0,0.0,
3,335-409FA300,0.0,0.0,
4,335-409FA300,0.0,0.0,
5,335-409FA300,1.0,1.0,MA-79-409B30-S
6,335-409FA300,1.0,1,L1-79-409B30-S
1,1151-401CB48,0.0,0.0,
2,1151-401CB48,0.0,0.0,
3,1151-401CB48,0.0,0.0,
4,1151-401CB48,0.0,0.0,
5,1151-401CB48,1.0,1.0,MA-1151-401BA48
6,1151-401CB48,1.0,1,L1-1151-401BA48
1,6105-501AA48,0.0,0.0,
2,6105-501AA48,0.0,0.0,
3,6105-501AA48,0.0,0.0,
4,6105-501AA48,1.0,1.0,MA-1155-501AA48
5,6105-501AA48,1.0,1.0,L1-1155-501AA48
6,6105-501AA48,1.0,1,LA-6105-501AA48-DF
1,6105-501BA48,0.0,0.0,
2,6105-501BA48,0.0,0.0,
3,6105-501BA48,0.0,0.0,
4,6105-501BA48,1.0,1.0,MA-5535-501BA48
5,6105-501BA48,1.0,1.0,L1-5535-501BA48
6,6105-501BA48,1.0,1,LA-6105-501BA48-DF
1,600-502ZA30,0.0,0.0,
2,600-502ZA30,0.0,0.0,
3,600-502ZA30,0.0,0.0,
4,600-502ZA30,0.0,0.0,
5,600-502ZA30,1.0,1.0,MA-600-502AA30
6,600-502ZA30,1.0,1,L1-600-502AA30
1,57-405B140,0.0,0.0,
2,57-405B140,0.0,0.0,
3,57-405B140,0.0,0.0,
4,57-405B140,0.0,0.0,
5,57-405B140,1.0,1.0,MA-57-40514-S
6,57-405B140,1.0,1,L1-57-40514-S
1,57-405B160,0.0,0.0,
2,57-405B160,0.0,0.0,
3,57-405B160,0.0,0.0,
4,57-405B160,0.0,0.0,
5,57-405B160,1.0,1.0,MA-57-40516-S
6,57-405B160,1.0,1,L1-57-40516-S
1,57-405B190,0.0,0.0,
2,57-405B190,0.0,0.0,
3,57-405B190,0.0,0.0,
4,57-405B190,0.0,0.0,
5,57-405B190,1.0,1.0,MA-57-40519-S
6,57-405B190,1.0,1,L1-57-40519-S
1,59-405A100,0.0,0.0,
2,59-405A100,0.0,0.0,
3,59-405A100,0.0,0.0,
4,59-405A100,0.0,0.0,
5,59-405A100,1.0,1.0,MA-59-405A10-S
6,59-405A100,1.0,1,L1-59-405A10-S
1,59-405A110,0.0,0.0,
2,59-405A110,0.0,0.0,
3,59-405A110,0.0,0.0,
4,59-405A110,0.0,0.0,
5,59-405A110,1.0,1.0,MA-59-405A11-S
6,59-405A110,1.0,1,L1-59-405A11-S
1,59-409DA140,0.0,0.0,
2,59-409DA140,0.0,0.0,
3,59-409DA140,0.0,0.0,
4,59-409DA140,0.0,0.0,
5,59-409DA140,1.0,1.0,MA-59-40914-S
6,59-409DA140,1.0,1,L1-59-40914-S
1,59-409DA160,0.0,0.0,
2,59-409DA160,0.0,0.0,
3,59-409DA160,0.0,0.0,
4,59-409DA160,0.0,0.0,
5,59-409DA160,1.0,1.0,MA-59-40916-S
6,59-409DA160,1.0,1,L1-59-40916-S
1,59-409DA190,0.0,0.0,
2,59-409DA190,0.0,0.0,
3,59-409DA190,0.0,0.0,
4,59-409DA190,0.0,0.0,
5,59-409DA190,1.0,1.0,MA-59-40919-S
6,59-409DA190,1.0,1,L1-59-40919-S
1,6108-602EB38,0.0,0.0,
2,6108-602EB38,0.0,0.0,
3,6108-602EB38,0.0,0.0,
4,6108-602EB38,0.0,0.0,
5,6108-602EB38,0.0,0.0,
6,6108-602EB38,1.0,1,MA-RH-0031K-06SA
1,5534-502EA38,0.0,0.0,
2,5534-502EA38,0.0,0.0,
3,5534-502EA38,0.0,0.0,
4,5534-502EA38,0.0,0.0,
5,5534-502EA38,1.0,1.0,MA-5517-502AA38
6,5534-502EA38,1.0,1,L1-5517-502AA38
1,5534-602EA38,0.0,0.0,
2,5534-602EA38,0.0,0.0,
3,5534-602EA38,0.0,0.0,
4,5534-602EA38,0.0,0.0,
5,5534-602EA38,0.0,0.0,
6,5534-602EA38,1.0,1,MA-RH-0031A-05D
1,6109-502FA36,0.0,0.0,
2,6109-502FA36,0.0,0.0,
3,6109-502FA36,0.0,0.0,
4,6109-502FA36,0.0,0.0,
5,6109-502FA36,1.0,1.0,MA-5517-502AA36
6,6109-502FA36,1.0,1,L1-5517-502AA36
1,3538-502EA34,0.0,0.0,
2,3538-502EA34,0.0,0.0,
3,3538-502EA34,0.0,0.0,
4,3538-502EA34,0.0,0.0,
5,3538-502EA34,1.0,1.0,MA-954-50234
6,3538-502EA34,1.0,1,L1-954-50234
1,3164-409DA300,0.0,0.0,
2,3164-409DA300,0.0,0.0,
3,3164-409DA300,0.0,0.0,
4,3164-409DA300,0.0,0.0,
5,3164-409DA300,1.0,4.0,MA-740-40930-S
6,3164-409DA300,1.0,1,L1-3164-409DA30-S
1,3164-410AA300,0.0,0.0,
2,3164-410AA300,0.0,0.0,
3,3164-410AA300,0.0,0.0,
4,3164-410AA300,0.0,0.0,
5,3164-410AA300,1.0,1.0,MA-970-41030-S
6,3164-410AA300,1.0,4,LC-970-41030-S
1,6105-502AA48,0.0,0.0,
2,6105-502AA48,0.0,0.0,
3,6105-502AA48,0.0,0.0,
4,6105-502AA48,0.0,0.0,
5,6105-502AA48,1.0,1.0,MA-5517-502AA34
6,6105-502AA48,2.0,1,L1-5517-502AA34
1,6105-641AA48,0.0,0.0,
2,6105-641AA48,0.0,0.0,
3,6105-641AA48,0.0,0.0,
4,6105-641AA48,0.0,0.0,
5,6105-641AA48,1.0,1.0,MA-485-641BA48-DRUM
6,6105-641AA48,1.0,4,L1-485-641BA48-DRUM
1,6105-602AA48,0.0,0.0,
2,6105-602AA48,0.0,0.0,
3,6105-602AA48,0.0,0.0,
4,6105-602AA48,0.0,0.0,
5,6105-602AA48,0.0,0.0,
6,6105-602AA48,1.0,1,MA-RH-0031K-06G
1,6105-602CA48,0.0,0.0,
2,6105-602CA48,0.0,0.0,
3,6105-602CA48,0.0,0.0,
4,6105-602CA48,0.0,0.0,
5,6105-602CA48,0.0,0.0,
6,6105-602CA48,1.0,1,MA-RH-0031K-06G
1,6105-602DA48,0.0,0.0,
2,6105-602DA48,0.0,0.0,
3,6105-602DA48,0.0,0.0,
4,6105-602DA48,0.0,0.0,
5,6105-602DA48,0.0,0.0,
6,6105-602DA48,1.0,1,MA-RH-0031K-06G
1,6105-602EA48,0.0,0.0,
2,6105-602EA48,0.0,0.0,
3,6105-602EA48,0.0,0.0,
4,6105-602EA48,0.0,0.0,
5,6105-602EA48,0.0,0.0,
6,6105-602EA48,1.0,1,MA-RH-0031K-06G
1,6105-502FA38,0.0,0.0,
2,6105-502FA38,0.0,0.0,
3,6105-502FA38,0.0,0.0,
4,6105-502FA38,0.0,0.0,
5,6105-502FA38,1.0,1.0,MA-5517-502AA38
6,6105-502FA38,1.0,1,L1-5517-502AA38
1,6105-606AA48,0.0,0.0,
2,6105-606AA48,0.0,0.0,
3,6105-606AA48,0.0,0.0,
4,6105-606AA48,0.0,0.0,
5,6105-606AA48,0.0,0.0,
6,6105-606AA48,1.0,1,MA-RH-0031A-05C
1,1831-501EA34,0.0,0.0,
2,1831-501EA34,0.0,0.0,
3,1831-501EA34,0.0,0.0,
4,1831-501EA34,1.0,1.0,MA-1831-501EA34
5,1831-501EA34,1.0,1.0,L1-1831-501EA34
6,1831-501EA34,1.0,1,LA-1831-501EA34-DF
1,3165-502AA34,0.0,0.0,
2,3165-502AA34,0.0,0.0,
3,3165-502AA34,0.0,0.0,
4,3165-502AA34,0.0,0.0,
5,3165-502AA34,1.0,1.0,MA-3164-502AA34
6,3165-502AA34,1.0,1,L1-3164-502AA34
1,3151-601FA30,0.0,0.0,
2,3151-601FA30,0.0,0.0,
3,3151-601FA30,0.0,0.0,
4,3151-601FA30,0.0,0.0,
5,3151-601FA30,1.0,1.0,MA-603-601-BLOCK
6,3151-601FA30,16.0,1,MC-603-601-BLOCK
1,3151-502LA30,0.0,0.0,
2,3151-502LA30,0.0,0.0,
3,3151-502LA30,0.0,0.0,
4,3151-502LA30,1.0,1.0,MA-3151-502AA34
5,3151-502LA30,1.0,1.0,L1-3151-502AA34
6,3151-502LA30,1.0,1,PL-3151-502LA30
1,5181-641AA19,0.0,0.0,
2,5181-641AA19,0.0,0.0,
3,5181-641AA19,0.0,0.0,
4,5181-641AA19,1.0,1.0,MA-720-65218-DRUM
5,5181-641AA19,1.0,4.0,L1-720-65218-DRUM
6,5181-641AA19,1.0,1,L2-5181-641AA19
1,208-409CA170,0.0,0.0,
2,208-409CA170,0.0,0.0,
3,208-409CA170,0.0,0.0,
4,208-409CA170,0.0,0.0,
5,208-409CA170,1.0,1.0,MA-201-40917-S
6,208-409CA170,1.0,1,L1-208-409CA17-S
1,208-409CA200,0.0,0.0,
2,208-409CA200,0.0,0.0,
3,208-409CA200,0.0,0.0,
4,208-409CA200,0.0,0.0,
5,208-409CA200,1.0,1.0,MA-201-40920-S
6,208-409CA200,1.0,1,L1-208-409CA20-S
1,274-405AB170,0.0,0.0,
2,274-405AB170,0.0,0.0,
3,274-405AB170,0.0,0.0,
4,274-405AB170,0.0,0.0,
5,274-405AB170,1.0,1.0,MA-335-405AA17-S
6,274-405AB170,1.0,1,L1-335-405AA17-S
1,274-405AB200,0.0,0.0,
2,274-405AB200,0.0,0.0,
3,274-405AB200,0.0,0.0,
4,274-405AB200,0.0,0.0,
5,274-405AB200,1.0,1.0,MA-335-405AA20-S
6,274-405AB200,1.0,1,L1-335-405AA20-S
1,5181-502AA19,0.0,0.0,
2,5181-502AA19,0.0,0.0,
3,5181-502AA19,0.0,0.0,
4,5181-502AA19,0.0,0.0,
5,5181-502AA19,1.0,1.0,MA-59-502B19
6,5181-502AA19,1.0,1,L1-59-502B19
1,5181-602AA19,0.0,0.0,
2,5181-602AA19,0.0,0.0,
3,5181-602AA19,0.0,0.0,
4,5181-602AA19,0.0,0.0,
5,5181-602AA19,0.0,0.0,
6,5181-602AA19,1.0,1,MA-RH-0031A-07E
1,5181-602BA19,0.0,0.0,
2,5181-602BA19,0.0,0.0,
3,5181-602BA19,0.0,0.0,
4,5181-602BA19,0.0,0.0,
5,5181-602BA19,0.0,0.0,
6,5181-602BA19,1.0,1,MA-RH-0031A-07E
1,5181-602GA19,0.0,0.0,
2,5181-602GA19,0.0,0.0,
3,5181-602GA19,0.0,0.0,
4,5181-602GA19,0.0,0.0,
5,5181-602GA19,0.0,0.0,
6,5181-602GA19,1.0,1,MA-RH-0031A-07E
1,5521-502AB17,0.0,0.0,
2,5521-502AB17,0.0,0.0,
3,5521-502AB17,0.0,0.0,
4,5521-502AB17,0.0,0.0,
5,5521-502AB17,1.0,1.0,MA-5521-502AB17
6,5521-502AB17,1.0,1,L1-5521-502AB17
1,5527-501AA17,0.0,0.0,
2,5527-501AA17,0.0,0.0,
3,5527-501AA17,0.0,0.0,
4,5527-501AA17,0.0,0.0,
5,5527-501AA17,1.0,1.0,MA-5527-501AA17
6,5527-501AA17,1.0,1,L1-5527-501AA17
1,5527-501BB17,0.0,0.0,
2,5527-501BB17,0.0,0.0,
3,5527-501BB17,0.0,0.0,
4,5527-501BB17,0.0,0.0,
5,5527-501BB17,1.0,1.0,MA-5527-501BB17
6,5527-501BB17,1.0,1,L1-5527-501BB17
1,5527-501AB20,0.0,0.0,
2,5527-501AB20,0.0,0.0,
3,5527-501AB20,0.0,0.0,
4,5527-501AB20,0.0,0.0,
5,5527-501AB20,1.0,1.0,MA-5527-501AA20
6,5527-501AB20,1.0,1,L1-5527-501AA20
1,5527-501BC20,0.0,0.0,
2,5527-501BC20,0.0,0.0,
3,5527-501BC20,0.0,0.0,
4,5527-501BC20,0.0,0.0,
5,5527-501BC20,1.0,1.0,MA-5527-501BC20
6,5527-501BC20,1.0,1,L1-5527-501BC20
1,5541-502EA38,0.0,0.0,
2,5541-502EA38,0.0,0.0,
3,5541-502EA38,0.0,0.0,
4,5541-502EA38,0.0,0.0,
5,5541-502EA38,1.0,1.0,MA-5517-502AA38
6,5541-502EA38,1.0,1,L1-5517-502AA38
1,5529-602EA38,0.0,0.0,
2,5529-602EA38,0.0,0.0,
3,5529-602EA38,0.0,0.0,
4,5529-602EA38,0.0,0.0,
5,5529-602EA38,0.0,0.0,
6,5529-602EA38,1.0,1,MA-RH-0031A-05E
1,3557-601AB34,0.0,0.0,
2,3557-601AB34,0.0,0.0,
3,3557-601AB34,0.0,0.0,
4,3557-601AB34,1.0,1.0,MA-3557-601AA34
5,3557-601AB34,1.0,1.0,L1-3557-601AA34
6,3557-601AB34,1.0,1,PEFIN-3557-601AB34
1,5521-502AB20,0.0,0.0,
2,5521-502AB20,0.0,0.0,
3,5521-502AB20,0.0,0.0,
4,5521-502AB20,0.0,0.0,
5,5521-502AB20,1.0,1.0,MA-5521-502AB20
6,5521-502AB20,1.0,1,L1-5521-502AB20
1,81-409B220,0.0,0.0,
2,81-409B220,0.0,0.0,
3,81-409B220,0.0,0.0,
4,81-409B220,0.0,0.0,
5,81-409B220,1.0,5.0,MA-740-40922-S
6,81-409B220,1.0,1,L1-740-40922-S
1,600-65234,0.0,0.0,
2,600-65234,0.0,0.0,
3,600-65234,0.0,0.0,
4,600-65234,0.0,0.0,
5,600-65234,1.0,1.0,MA-720-65234-DRUM
6,600-65234,1.0,4,L1-720-65234-DRUM
1,3153-502KA30,0.0,0.0,
2,3153-502KA30,0.0,0.0,
3,3153-502KA30,0.0,0.0,
4,3153-502KA30,0.0,0.0,
5,3153-502KA30,0.0,0.0,
6,3153-502KA30,33.0,1,MA-RH-0175KD-21AA
1,3157-502AB30,0.0,0.0,
2,3157-502AB30,0.0,0.0,
3,3157-502AB30,0.0,0.0,
4,3157-502AB30,0.0,0.0,
5,3157-502AB30,1.0,1.0,MA-4109-502AA30
6,3157-502AB30,1.0,1,L1-4109-502AA30
1,1355-406AB20,0.0,0.0,
2,1355-406AB20,0.0,0.0,
3,1355-406AB20,1.0,1.0,MA-1355-406AB20
4,1355-406AB20,1.0,1.0,L1-1355-406AB20
5,1355-406AB20,1.0,1.0,LA-1355-406AB20-D
6,1355-406AB20,1.0,1,LA-1355-406AB20-MC
1,1355-406AB17,0.0,0.0,
2,1355-406AB17,0.0,0.0,
3,1355-406AB17,1.0,1.0,MA-1355-406AB17
4,1355-406AB17,1.0,1.0,L1-1355-406AB17
5,1355-406AB17,1.0,1.0,LA-1355-406AB17-D
6,1355-406AB17,1.0,1,LA-1355-406AB17-MC
1,5181-405AA190,0.0,0.0,
2,5181-405AA190,0.0,0.0,
3,5181-405AA190,0.0,0.0,
4,5181-405AA190,0.0,0.0,
5,5181-405AA190,1.0,1.0,MA-57-40519-S
6,5181-405AA190,1.0,1,L1-57-40519-S
1,5181-409AA190,0.0,0.0,
2,5181-409AA190,0.0,0.0,
3,5181-409AA190,0.0,0.0,
4,5181-409AA190,0.0,0.0,
5,5181-409AA190,1.0,1.0,MA-59-40919-S
6,5181-409AA190,1.0,1,L1-59-40919-S
1,1731-102EA,0.0,0.0,
2,1731-102EA,0.0,0.0,
3,1731-102EA,0.0,0.0,
4,1731-102EA,0.0,0.0,
5,1731-102EA,0.0,0.0,
6,1731-102EA,1.0,1,MA-1731-102BA
1,582-502ZA30,0.0,0.0,
2,582-502ZA30,0.0,0.0,
3,582-502ZA30,0.0,0.0,
4,582-502ZA30,0.0,0.0,
5,582-502ZA30,1.0,1.0,MA-582-502AA30
6,582-502ZA30,1.0,1,L1-582-502AA30
1,1751-406CA19,0.0,0.0,
2,1751-406CA19,0.0,0.0,
3,1751-406CA19,0.0,0.0,
4,1751-406CA19,1.0,1.0,MA-1751-406CA19
5,1751-406CA19,1.0,1.0,L1-1751-406CA19
6,1751-406CA19,1.0,1,LA-1751-406CA19-MC
1,1731-111CA,0.0,0.0,
2,1731-111CA,0.0,0.0,
3,1731-111CA,0.0,0.0,
4,1731-111CA,0.0,0.0,
5,1731-111CA,1.0,1.0,MA-1731-111CA
6,1731-111CA,1.0,1,MC-1731-111CA
1,1731-111DA,0.0,0.0,
2,1731-111DA,0.0,0.0,
3,1731-111DA,0.0,0.0,
4,1731-111DA,1.0,1.0,MA-1731-111DA
5,1731-111DA,1.0,1.0,MC-1731-111DA
6,1731-111DA,1.0,1,PEFIN-1731-111DA
1,1731-111EA,0.0,0.0,
2,1731-111EA,0.0,0.0,
3,1731-111EA,0.0,0.0,
4,1731-111EA,1.0,1.0,MA-1731-111DA
5,1731-111EA,1.0,1.0,MC-1731-111EA
6,1731-111EA,1.0,1,PEFIN-1731-111EA
1,3164-502EA34,0.0,0.0,
2,3164-502EA34,0.0,0.0,
3,3164-502EA34,0.0,0.0,
4,3164-502EA34,0.0,0.0,
5,3164-502EA34,1.0,1.0,MA-3164-502AA34
6,3164-502EA34,1.0,1,L1-3164-502AA34
1,5176-502EB30,0.0,0.0,
2,5176-502EB30,0.0,0.0,
3,5176-502EB30,0.0,0.0,
4,5176-502EB30,0.0,0.0,
5,5176-502EB30,1.0,1.0,MA-474-502AA30
6,5176-502EB30,1.0,1,L1-474-502AA30
1,5181-501AA19,0.0,0.0,
2,5181-501AA19,0.0,0.0,
3,5181-501AA19,0.0,0.0,
4,5181-501AA19,0.0,0.0,
5,5181-501AA19,1.0,1.0,MA-1751-501AA19
6,5181-501AA19,1.0,1,L1-1751-501CA19
1,5176-602AB30,0.0,0.0,
2,5176-602AB30,0.0,0.0,
3,5176-602AB30,0.0,0.0,
4,5176-602AB30,0.0,0.0,
5,5176-602AB30,0.0,0.0,
6,5176-602AB30,1.0,1,MA-RH-0031K-06A
1,5176-602BA30,0.0,0.0,
2,5176-602BA30,0.0,0.0,
3,5176-602BA30,0.0,0.0,
4,5176-602BA30,0.0,0.0,
5,5176-602BA30,0.0,0.0,
6,5176-602BA30,1.0,1,MA-RH-0031A-05C
1,5181-601AA19,0.0,0.0,
2,5181-601AA19,0.0,0.0,
3,5181-601AA19,0.0,0.0,
4,5181-601AA19,1.0,1.0,MA-1751-601AA19
5,5181-601AA19,1.0,1.0,L1-1751-601AA19
6,5181-601AA19,1.0,1,LA-1751-601AA19-L2
1,3153-601FA30,0.0,0.0,
2,3153-601FA30,0.0,0.0,
3,3153-601FA30,0.0,0.0,
4,3153-601FA30,1.0,1.0,MA-603-601-BLOCK
5,3153-601FA30,17.0,1.0,MC-603-601-BLOCK
6,3153-601FA30,1.0,1,PL-3153-601FA30
1,5165-501AA42,0.0,0.0,
2,5165-501AA42,0.0,0.0,
3,5165-501AA42,0.0,0.0,
4,5165-501AA42,1.0,1.0,MA-161-501AA42
5,5165-501AA42,1.0,1.0,L1-161-501AA42
6,5165-501AA42,1.0,1,LA-161-501AA42-DF
1,5165-601AA42,0.0,0.0,
2,5165-601AA42,0.0,0.0,
3,5165-601AA42,0.0,0.0,
4,5165-601AA42,1.0,1.0,MA-165-601BAB42
5,5165-601AA42,1.0,1.0,L1-165-601BAB42
6,5165-601AA42,1.0,1,LA-165-601BAB42-L2
1,5176-601BB34,0.0,0.0,
2,5176-601BB34,0.0,0.0,
3,5176-601BB34,0.0,0.0,
4,5176-601BB34,1.0,1.0,MA-165-601BA34
5,5176-601BB34,1.0,1.0,L1-165-601BA34
6,5176-601BB34,1.0,1,LA-165-601BA34-L2
1,740-410FA360,0.0,0.0,
2,740-410FA360,0.0,0.0,
3,740-410FA360,0.0,0.0,
4,740-410FA360,0.0,0.0,
5,740-410FA360,1.0,1.0,MA-970-41036-S
6,740-410FA360,1.0,4,LC-970-41036-S
1,1731-102DA,0.0,0.0,
2,1731-102DA,0.0,0.0,
3,1731-102DA,0.0,0.0,
4,1731-102DA,0.0,0.0,
5,1731-102DA,0.0,0.0,
6,1731-102DA,1.0,1,MA-1731-102AA
1,3153-502KA32,0.0,0.0,
2,3153-502KA32,0.0,0.0,
3,3153-502KA32,0.0,0.0,
4,3153-502KA32,0.0,0.0,
5,3153-502KA32,0.0,0.0,
6,3153-502KA32,36.0,1,MA-RH-0175KD-21AA
1,1831-501DA28,0.0,0.0,
2,1831-501DA28,0.0,0.0,
3,1831-501DA28,0.0,0.0,
4,1831-501DA28,1.0,1.0,MA-1831-501AA30
5,1831-501DA28,1.0,1.0,L1-1831-501AA30
6,1831-501DA28,1.0,1,LA-1831-501AA30-DF
1,1831-501BA28,0.0,0.0,
2,1831-501BA28,0.0,0.0,
3,1831-501BA28,0.0,0.0,
4,1831-501BA28,1.0,1.0,MA-1831-501BA28
5,1831-501BA28,1.0,1.0,L1-1831-501BA28
6,1831-501BA28,1.0,1,LA-1831-501BA28-DF
1,3153-601FA32,0.0,0.0,
2,3153-601FA32,0.0,0.0,
3,3153-601FA32,0.0,0.0,
4,3153-601FA32,1.0,1.0,MA-603-601-BLOCK
5,3153-601FA32,19.0,1.0,MC-603-601-BLOCK
6,3153-601FA32,1.0,1,PL-3153-601FA32
1,3153-502KA28,0.0,0.0,
2,3153-502KA28,0.0,0.0,
3,3153-502KA28,0.0,0.0,
4,3153-502KA28,0.0,0.0,
5,3153-502KA28,0.0,0.0,
6,3153-502KA28,31.0,1,MA-RH-0175KD-21AA
1,3153-502KA26,0.0,0.0,
2,3153-502KA26,0.0,0.0,
3,3153-502KA26,0.0,0.0,
4,3153-502KA26,0.0,0.0,
5,3153-502KA26,0.0,0.0,
6,3153-502KA26,29.0,1,MA-RH-0175KD-21AA
1,5165-602AA42,0.0,0.0,
2,5165-602AA42,0.0,0.0,
3,5165-602AA42,0.0,0.0,
4,5165-602AA42,0.0,0.0,
5,5165-602AA42,0.0,0.0,
6,5165-602AA42,1.0,1,MA-RH-0031K-06A
1,5165-602BA42,0.0,0.0,
2,5165-602BA42,0.0,0.0,
3,5165-602BA42,0.0,0.0,
4,5165-602BA42,0.0,0.0,
5,5165-602BA42,0.0,0.0,
6,5165-602BA42,1.0,1,MA-RH-0031A-05C
1,3153-601FA26,0.0,0.0,
2,3153-601FA26,0.0,0.0,
3,3153-601FA26,0.0,0.0,
4,3153-601FA26,1.0,1.0,MA-603-601-BLOCK
5,3153-601FA26,15.0,1.0,MC-603-601-BLOCK
6,3153-601FA26,1.0,1,PL-3153-601FA26
1,5176-641AA30,0.0,0.0,
2,5176-641AA30,0.0,0.0,
3,5176-641AA30,0.0,0.0,
4,5176-641AA30,1.0,1.0,MA-485-641BA30-DRUM
5,5176-641AA30,1.0,4.0,L1-485-641BA30-DRUM
6,5176-641AA30,1.0,1,PL-5176-641AA30
1,5173-641AA30,0.0,0.0,
2,5173-641AA30,0.0,0.0,
3,5173-641AA30,0.0,0.0,
4,5173-641AA30,1.0,1.0,MA-485-641BA30-DRUM
5,5173-641AA30,1.0,4.0,L1-485-641BA30-DRUM
6,5173-641AA30,1.0,1,PL-5173-641AA30
1,5176-641AA34,0.0,0.0,
2,5176-641AA34,0.0,0.0,
3,5176-641AA34,0.0,0.0,
4,5176-641AA34,1.0,1.0,MA-485-641BA34-DRUM
5,5176-641AA34,1.0,4.0,L1-485-641BA34-DRUM
6,5176-641AA34,1.0,1,PL-5176-641AA34
1,5173-641AA34,0.0,0.0,
2,5173-641AA34,0.0,0.0,
3,5173-641AA34,0.0,0.0,
4,5173-641AA34,1.0,1.0,MA-485-641BA34-DRUM
5,5173-641AA34,1.0,4.0,L1-485-641BA34-DRUM
6,5173-641AA34,1.0,1,PL-5173-641AA34
1,5179-641AA34,0.0,0.0,
2,5179-641AA34,0.0,0.0,
3,5179-641AA34,0.0,0.0,
4,5179-641AA34,1.0,1.0,MA-485-641BA34-DRUM
5,5179-641AA34,1.0,4.0,L1-485-641BA34-DRUM
6,5179-641AA34,1.0,1,PL-5179-641AA34
1,1551-401FA38,0.0,0.0,
2,1551-401FA38,0.0,0.0,
3,1551-401FA38,1.0,1.0,MA-1551-401AA38
4,1551-401FA38,1.0,1.0,L1-1551-401AA38
5,1551-401FA38,1.0,1.0,LA-1551-401AA38-D
6,1551-401FA38,1.0,1,LA-1551-401AA38-DF
1,3662-502EA34,0.0,0.0,
2,3662-502EA34,0.0,0.0,
3,3662-502EA34,0.0,0.0,
4,3662-502EA34,0.0,0.0,
5,3662-502EA34,1.0,1.0,MA-954-50234
6,3662-502EA34,1.0,1,L1-954-50234
1,3662-601EA34,0.0,0.0,
2,3662-601EA34,0.0,0.0,
3,3662-601EA34,0.0,0.0,
4,3662-601EA34,0.0,0.0,
5,3662-601EA34,1.0,1.0,MA-3557-601AA34
6,3662-601EA34,1.0,1,L1-3557-601AA34
1,478-502ZA38,0.0,0.0,
2,478-502ZA38,0.0,0.0,
3,478-502ZA38,0.0,0.0,
4,478-502ZA38,0.0,0.0,
5,478-502ZA38,1.0,1.0,MA-474-502AA38
6,478-502ZA38,1.0,1,L1-474-502AA38
1,3153-502KA34,0.0,0.0,
2,3153-502KA34,0.0,0.0,
3,3153-502KA34,0.0,0.0,
4,3153-502KA34,0.0,0.0,
5,3153-502KA34,0.0,0.0,
6,3153-502KA34,37.0,1,MA-RH-0175KD-21AA
1,3153-601FA34,0.0,0.0,
2,3153-601FA34,0.0,0.0,
3,3153-601FA34,0.0,0.0,
4,3153-601FA34,1.0,1.0,MA-603-601-BLOCK
5,3153-601FA34,19.0,1.0,MC-603-601-BLOCK
6,3153-601FA34,1.0,1,PL-3153-601FA34
1,5165-502AA42,0.0,0.0,
2,5165-502AA42,0.0,0.0,
3,5165-502AA42,0.0,0.0,
4,5165-502AA42,1.0,1.0,MA-474-502AA34
5,5165-502AA42,1.3,1.0,L1-474-502AA34
6,5165-502AA42,1.0,1,PL-5165-502AA42
1,3145-502EB38,0.0,0.0,
2,3145-502EB38,0.0,0.0,
3,3145-502EB38,0.0,0.0,
4,3145-502EB38,0.0,0.0,
5,3145-502EB38,1.0,1.0,MA-600-502AA38
6,3145-502EB38,1.0,1,L1-3153-502AC38
1,485-502JA36,0.0,0.0,
2,485-502JA36,0.0,0.0,
3,485-502JA36,0.0,0.0,
4,485-502JA36,0.0,0.0,
5,485-502JA36,1.0,1.0,MA-485-502AA36
6,485-502JA36,1.0,1,L1-485-502AA36
1,3145-410BA380,0.0,0.0,
2,3145-410BA380,0.0,0.0,
3,3145-410BA380,0.0,0.0,
4,3145-410BA380,0.0,0.0,
5,3145-410BA380,1.0,1.0,MA-970-41038-S
6,3145-410BA380,1.0,4,LC-970-41038-S
1,5165-501AA40,0.0,0.0,
2,5165-501AA40,0.0,0.0,
3,5165-501AA40,0.0,0.0,
4,5165-501AA40,1.0,1.0,MA-161-501AA40
5,5165-501AA40,1.0,1.0,L1-161-501AA40
6,5165-501AA40,1.0,1,LA-161-501AA40-DF
1,5165-601AA40,0.0,0.0,
2,5165-601AA40,0.0,0.0,
3,5165-601AA40,0.0,0.0,
4,5165-601AA40,1.0,1.0,MA-165-601BAB42
5,5165-601AA40,1.0,1.0,L1-165-601BAB42
6,5165-601AA40,1.0,1,LA-165-601BAB42-L2
1,5165-602AA40,0.0,0.0,
2,5165-602AA40,0.0,0.0,
3,5165-602AA40,0.0,0.0,
4,5165-602AA40,0.0,0.0,
5,5165-602AA40,0.0,0.0,
6,5165-602AA40,1.0,1,MA-RH-0031A-06E
1,5165-602BA40,0.0,0.0,
2,5165-602BA40,0.0,0.0,
3,5165-602BA40,0.0,0.0,
4,5165-602BA40,0.0,0.0,
5,5165-602BA40,0.0,0.0,
6,5165-602BA40,1.0,1,MA-RH-0031A-05C
1,5165-641AA40,0.0,0.0,
2,5165-641AA40,0.0,0.0,
3,5165-641AA40,0.0,0.0,
4,5165-641AA40,0.0,0.0,
5,5165-641AA40,1.0,1.0,MA-485-641BA40-DRUM
6,5165-641AA40,1.0,4,L1-485-641BA40-DRUM
1,5165-502AA40,0.0,0.0,
2,5165-502AA40,0.0,0.0,
3,5165-502AA40,0.0,0.0,
4,5165-502AA40,1.0,1.0,MA-474-502AA34
5,5165-502AA40,1.3,1.0,L1-474-502AA34
6,5165-502AA40,1.0,1,PL-5165-502AA40
1,1751-103BA24,0.0,0.0,
2,1751-103BA24,0.0,0.0,
3,1751-103BA24,0.0,0.0,
4,1751-103BA24,0.0,0.0,
5,1751-103BA24,0.0,0.0,
6,1751-103BA24,1.0,1,MA-1751-103BA24
1,3662-608AB34,0.0,0.0,
2,3662-608AB34,0.0,0.0,
3,3662-608AB34,0.0,0.0,
4,3662-608AB34,0.0,0.0,
5,3662-608AB34,1.0,1.0,MA-3501-66001AA34
6,3662-608AB34,1.0,1,L1-3501-66001AA34
1,3662-501BB34,0.0,0.0,
2,3662-501BB34,0.0,0.0,
3,3662-501BB34,0.0,0.0,
4,3662-501BB34,1.0,1.0,MA-3636-501BC34
5,3662-501BB34,1.0,1.0,L1-3636-501BC34
6,3662-501BB34,1.0,1,LA-3636-501BC34-DF
1,1331-102VC,0.0,0.0,
2,1331-102VC,0.0,0.0,
3,1331-102VC,0.0,0.0,
4,1331-102VC,0.0,0.0,
5,1331-102VC,0.0,0.0,
6,1331-102VC,1.0,1,MA-1931-102BB
1,5108-502EB30,0.0,0.0,
2,5108-502EB30,0.0,0.0,
3,5108-502EB30,0.0,0.0,
4,5108-502EB30,0.0,0.0,
5,5108-502EB30,1.0,1.0,MA-5108-502AA30
6,5108-502EB30,1.0,1,L1-5108-502AA30
1,5108-602BC30,0.0,0.0,
2,5108-602BC30,0.0,0.0,
3,5108-602BC30,0.0,0.0,
4,5108-602BC30,0.0,0.0,
5,5108-602BC30,0.0,0.0,
6,5108-602BC30,1.0,1,MA-RH-0031A-05C
1,5108-602EC30,0.0,0.0,
2,5108-602EC30,0.0,0.0,
3,5108-602EC30,0.0,0.0,
4,5108-602EC30,0.0,0.0,
5,5108-602EC30,0.0,0.0,
6,5108-602EC30,1.0,1,MA-RH-0031A-05D
1,3558-502EA34,0.0,0.0,
2,3558-502EA34,0.0,0.0,
3,3558-502EA34,0.0,0.0,
4,3558-502EA34,0.0,0.0,
5,3558-502EA34,1.0,1.0,MA-954-50234
6,3558-502EA34,1.0,1,L1-954-50234
1,3558-601EA34,0.0,0.0,
2,3558-601EA34,0.0,0.0,
3,3558-601EA34,0.0,0.0,
4,3558-601EA34,0.0,0.0,
5,3558-601EA34,1.0,1.0,MA-3557-601AA34
6,3558-601EA34,1.0,1,L1-3557-601AA34
1,3558-666AA34,0.0,0.0,
2,3558-666AA34,0.0,0.0,
3,3558-666AA34,0.0,0.0,
4,3558-666AA34,0.0,0.0,
5,3558-666AA34,1.0,1.0,MA-560-66634-DRUM
6,3558-666AA34,1.0,4,L1-560-66634-DRUM
1,3164-502BA30,0.0,0.0,
2,3164-502BA30,0.0,0.0,
3,3164-502BA30,0.0,0.0,
4,3164-502BA30,1.0,1.0,MA-3164-502AA30
5,3164-502BA30,1.0,1.0,L1-3164-502BA30
6,3164-502BA30,1.0,1,PL-3164-502BA30
1,3164-502BA34,0.0,0.0,
2,3164-502BA34,0.0,0.0,
3,3164-502BA34,0.0,0.0,
4,3164-502BA34,1.0,1.0,MA-3164-502AA34
5,3164-502BA34,1.0,1.0,L1-3164-502BA34
6,3164-502BA34,1.0,1,PL-3164-502BA34
1,5211-405AB300,0.0,0.0,
2,5211-405AB300,0.0,0.0,
3,5211-405AB300,0.0,0.0,
4,5211-405AB300,0.0,0.0,
5,5211-405AB300,1.0,1.0,MA-78-40531-S
6,5211-405AB300,1.0,1,L1-78-40531-S
1,5211-409AA300,0.0,0.0,
2,5211-409AA300,0.0,0.0,
3,5211-409AA300,0.0,0.0,
4,5211-409AA300,0.0,0.0,
5,5211-409AA300,1.0,1.0,MA-79-409B30-S
6,5211-409AA300,1.0,1,L1-79-409B30-S
1,3650-502FA30,0.0,0.0,
2,3650-502FA30,0.0,0.0,
3,3650-502FA30,0.0,0.0,
4,3650-502FA30,0.0,0.0,
5,3650-502FA30,1.0,1.0,MA-954-50230
6,3650-502FA30,1.0,1,L1-954-50230
1,4113-502KA30,0.0,0.0,
2,4113-502KA30,0.0,0.0,
3,4113-502KA30,0.0,0.0,
4,4113-502KA30,0.0,0.0,
5,4113-502KA30,1.0,1.0,MA-4109-502AA30
6,4113-502KA30,1.0,1,L1-4109-502AA30
1,4113-601FA30,0.0,0.0,
2,4113-601FA30,0.0,0.0,
3,4113-601FA30,0.0,0.0,
4,4113-601FA30,0.0,0.0,
5,4113-601FA30,1.0,1.0,MA-748-601AA30
6,4113-601FA30,1.0,1,L1-748-601AA30
1,5213-602EA30,0.0,0.0,
2,5213-602EA30,0.0,0.0,
3,5213-602EA30,0.0,0.0,
4,5213-602EA30,0.0,0.0,
5,5213-602EA30,0.0,0.0,
6,5213-602EA30,1.0,1,MA-RH-0031K-06KB
1,5218-502EA30,0.0,0.0,
2,5218-502EA30,0.0,0.0,
3,5218-502EA30,0.0,0.0,
4,5218-502EA30,0.0,0.0,
5,5218-502EA30,1.0,1.0,MA-474-502AA30
6,5218-502EA30,1.0,1,L1-474-502AA30
1,3650-501BB30,0.0,0.0,
2,3650-501BB30,0.0,0.0,
3,3650-501BB30,0.0,0.0,
4,3650-501BB30,1.0,1.0,MA-3636-501BC30
5,3650-501BB30,1.0,1.0,L1-3636-501BD30
6,3650-501BB30,1.0,1,LA-3636-501BD30-DF
1,4206-601JA30,0.0,0.0,
2,4206-601JA30,0.0,0.0,
3,4206-601JA30,0.0,0.0,
4,4206-601JA30,0.0,0.0,
5,4206-601JA30,1.0,1.0,MA-4206-601AA30
6,4206-601JA30,1.0,1,L1-4206-601AA30
1,3164-502EA30,0.0,0.0,
2,3164-502EA30,0.0,0.0,
3,3164-502EA30,0.0,0.0,
4,3164-502EA30,0.0,0.0,
5,3164-502EA30,1.0,1.0,MA-3164-502AA30
6,3164-502EA30,1.0,1,L1-3164-502AA30
1,1551-401GA38,0.0,0.0,
2,1551-401GA38,0.0,0.0,
3,1551-401GA38,1.0,1.0,MA-1551-401AA38
4,1551-401GA38,1.0,1.0,L1-1551-401AA38
5,1551-401GA38,1.0,1.0,LA-1551-401AA38-D
6,1551-401GA38,1.0,1,LA-1551-401AA38-DF
1,3153-502FA26,0.0,0.0,
2,3153-502FA26,0.0,0.0,
3,3153-502FA26,0.0,0.0,
4,3153-502FA26,0.0,0.0,
5,3153-502FA26,0.0,0.0,
6,3153-502FA26,29.0,1,MA-RH-0175KD-21AA
1,5132-502JA30,0.0,0.0,
2,5132-502JA30,0.0,0.0,
3,5132-502JA30,0.0,0.0,
4,5132-502JA30,0.0,0.0,
5,5132-502JA30,1.0,1.0,MA-5132-502AA30
6,5132-502JA30,1.0,1,L1-5132-502AA30
1,12Q-411KB31,0.0,0.0,
2,12Q-411KB31,0.0,0.0,
3,12Q-411KB31,1.0,1.0,MA-12Q-411BA31
4,12Q-411KB31,1.0,1.0,L1-12Q-411BA31
5,12Q-411KB31,1.0,1.0,LA-12Q-411KB31-L2
6,12Q-411KB31,1.0,1,LA-12Q-411KB31-MC
1,4206-651AA30,0.0,0.0,
2,4206-651AA30,0.0,0.0,
3,4206-651AA30,0.0,0.0,
4,4206-651AA30,0.0,0.0,
5,4206-651AA30,1.0,1.0,MA-625-65130-DRUM
6,4206-651AA30,1.0,4,L1-625-65130-DRUM
1,6211-409CA300,0.0,0.0,
2,6211-409CA300,0.0,0.0,
3,6211-409CA300,0.0,0.0,
4,6211-409CA300,0.0,0.0,
5,6211-409CA300,1.0,1.0,MA-6104-409CA30-S
6,6211-409CA300,1.0,1,L1-6104-409CA30-S
1,1631-111UA,0.0,0.0,
2,1631-111UA,0.0,0.0,
3,1631-111UA,0.0,0.0,
4,1631-111UA,0.0,0.0,
5,1631-111UA,1.0,1.0,MA-1631-111UA
6,1631-111UA,1.0,1,MC-1631-111UA
1,1631-111VA,0.0,0.0,
2,1631-111VA,0.0,0.0,
3,1631-111VA,0.0,0.0,
4,1631-111VA,0.0,0.0,
5,1631-111VA,1.0,1.0,MA-1631-111VA
6,1631-111VA,1.0,1,MC-1631-111VA
1,1631-103DA30,0.0,0.0,
2,1631-103DA30,0.0,0.0,
3,1631-103DA30,0.0,0.0,
4,1631-103DA30,0.0,0.0,
5,1631-103DA30,0.0,0.0,
6,1631-103DA30,1.0,1,MA-1631-103AB30
1,251-405AA260,0.0,0.0,
2,251-405AA260,0.0,0.0,
3,251-405AA260,0.0,0.0,
4,251-405AA260,0.0,0.0,
5,251-405AA260,1.0,1.0,MA-259-405A26-S
6,251-405AA260,1.0,1,L1-259-405A26-S
1,251-409BA260,0.0,0.0,
2,251-409BA260,0.0,0.0,
3,251-409BA260,0.0,0.0,
4,251-409BA260,0.0,0.0,
5,251-409BA260,1.0,1.0,MA-59-40926-S
6,251-409BA260,1.0,1,L1-59-40926-S
1,1531-128BA,0.0,0.0,
2,1531-128BA,0.0,0.0,
3,1531-128BA,0.0,0.0,
4,1531-128BA,1.0,1.0,MA-1531-128BA
5,1531-128BA,1.0,1.0,L2-1531-128BA
6,1531-128BA,1.0,1,MC-1531-128BA
1,4206-502AA30,0.0,0.0,
2,4206-502AA30,0.0,0.0,
3,4206-502AA30,0.0,0.0,
4,4206-502AA30,0.0,0.0,
5,4206-502AA30,1.0,1.0,MA-888-502AA30
6,4206-502AA30,1.0,1,L1-888-502AA30
1,3139-652CA30,0.0,0.0,
2,3139-652CA30,0.0,0.0,
3,3139-652CA30,0.0,0.0,
4,3139-652CA30,0.0,0.0,
5,3139-652CA30,1.0,1.0,MA-720-65230-DRUM
6,3139-652CA30,1.0,4,L1-720-65230-DRUM
1,1751-406CB19,0.0,0.0,
2,1751-406CB19,0.0,0.0,
3,1751-406CB19,0.0,0.0,
4,1751-406CB19,1.0,1.0,MA-1751-406CA19
5,1751-406CB19,1.0,1.0,L1-1751-406CA19
6,1751-406CB19,1.0,1,LA-1751-406CA19-MC
1,1831-501BB30,0.0,0.0,
2,1831-501BB30,0.0,0.0,
3,1831-501BB30,0.0,0.0,
4,1831-501BB30,1.0,1.0,MA-1831-501BA30
5,1831-501BB30,1.0,1.0,L1-1831-501BA30
6,1831-501BB30,1.0,1,LA-1831-501BA30-DF
1,1831-501DB30,0.0,0.0,
2,1831-501DB30,0.0,0.0,
3,1831-501DB30,0.0,0.0,
4,1831-501DB30,1.0,1.0,MA-1831-501AA30
5,1831-501DB30,1.0,1.0,L1-1831-501AA30
6,1831-501DB30,1.0,1,LA-1831-501AA30-DF
1,220-409340,0.0,0.0,
2,220-409340,0.0,0.0,
3,220-409340,0.0,0.0,
4,220-409340,0.0,0.0,
5,220-409340,1.0,1.0,MA-220-40934-S
6,220-409340,1.0,1,L1-220-40934-S
1,6201-405BA340,0.0,0.0,
2,6201-405BA340,0.0,0.0,
3,6201-405BA340,0.0,0.0,
4,6201-405BA340,0.0,0.0,
5,6201-405BA340,1.0,1.0,MA-224-405AA34-S
6,6201-405BA340,1.0,1,L1-224-405AA34-S
1,6201-409AB340,0.0,0.0,
2,6201-409AB340,0.0,0.0,
3,6201-409AB340,0.0,0.0,
4,6201-409AB340,0.0,0.0,
5,6201-409AB340,1.0,1.0,MA-5516-409AA34-S
6,6201-409AB340,1.0,1,L1-5516-409AA34-S
1,6207-405ZA340,0.0,0.0,
2,6207-405ZA340,0.0,0.0,
3,6207-405ZA340,0.0,0.0,
4,6207-405ZA340,0.0,0.0,
5,6207-405ZA340,1.0,1.0,MA-335-405AA34-S
6,6207-405ZA340,1.0,1,L1-335-405AA34-S
1,1731-111CB,0.0,0.0,
2,1731-111CB,0.0,0.0,
3,1731-111CB,0.0,0.0,
4,1731-111CB,0.0,0.0,
5,1731-111CB,1.0,1.0,MA-1731-111CB
6,1731-111CB,1.0,1,MC-1731-111CB
1,1731-111EB,0.0,0.0,
2,1731-111EB,0.0,0.0,
3,1731-111EB,0.0,0.0,
4,1731-111EB,0.0,0.0,
5,1731-111EB,1.0,1.0,MA-1731-111EB
6,1731-111EB,1.0,1,MC-1731-111EB
1,1731-111DB,0.0,0.0,
2,1731-111DB,0.0,0.0,
3,1731-111DB,0.0,0.0,
4,1731-111DB,0.0,0.0,
5,1731-111DB,1.0,1.0,MA-1731-111EB
6,1731-111DB,1.0,1,MC-1731-111DB
1,3166-652AA16,0.0,0.0,
2,3166-652AA16,0.0,0.0,
3,3166-652AA16,0.0,0.0,
4,3166-652AA16,0.0,0.0,
5,3166-652AA16,1.0,1.0,MA-720-65216-DRUM
6,3166-652AA16,1.0,4,L1-720-65216-DRUM
1,3166-608AA16,0.0,0.0,
2,3166-608AA16,0.0,0.0,
3,3166-608AA16,0.0,0.0,
4,3166-608AA16,0.0,0.0,
5,3166-608AA16,1.0,1.0,MA-3154-608AA16
6,3166-608AA16,1.0,1,L1-3154-608AA16
1,3154-410AA160,0.0,0.0,
2,3154-410AA160,0.0,0.0,
3,3154-410AA160,0.0,0.0,
4,3154-410AA160,0.0,0.0,
5,3154-410AA160,1.0,1.0,MA-970-41016-S
6,3154-410AA160,1.0,3,LC-970-41016-S
1,1831-501BB34,0.0,0.0,
2,1831-501BB34,0.0,0.0,
3,1831-501BB34,0.0,0.0,
4,1831-501BB34,1.0,1.0,MA-1831-501BA34
5,1831-501BB34,1.0,1.0,L1-1831-501BA34
6,1831-501BB34,1.0,1,LA-1831-501BA34-DF
1,1831-501DB34,0.0,0.0,
2,1831-501DB34,0.0,0.0,
3,1831-501DB34,0.0,0.0,
4,1831-501DB34,1.0,1.0,MA-1831-501AA34
5,1831-501DB34,1.0,1.0,L1-1831-501AA34
6,1831-501DB34,1.0,1,LA-1831-501AA34-DF
1,3166-601EA16,0.0,0.0,
2,3166-601EA16,0.0,0.0,
3,3166-601EA16,0.0,0.0,
4,3166-601EA16,0.0,0.0,
5,3166-601EA16,1.0,1.0,MA-3154-601AA16
6,3166-601EA16,1.0,1,L1-3154-601AA16
1,3166-501BA16,0.0,0.0,
2,3166-501BA16,0.0,0.0,
3,3166-501BA16,0.0,0.0,
4,3166-501BA16,0.0,0.0,
5,3166-501BA16,1.0,1.0,MA-19B-501ZGA16
6,3166-501BA16,1.0,1,L1-19B-501ZGA16
1,5170-409AA330,0.0,0.0,
2,5170-409AA330,0.0,0.0,
3,5170-409AA330,0.0,0.0,
4,5170-409AA330,0.0,0.0,
5,5170-409AA330,1.0,1.0,MA-79-409B33-S
6,5170-409AA330,1.0,1,L1-5170-409AA33-S
1,1831-501BB26,0.0,0.0,
2,1831-501BB26,0.0,0.0,
3,1831-501BB26,0.0,0.0,
4,1831-501BB26,1.0,1.0,MA-1831-501BA26
5,1831-501BB26,1.0,1.0,L1-1831-501BA26
6,1831-501BB26,1.0,1,LA-1831-501BA26-DF
1,1831-501DB26,0.0,0.0,
2,1831-501DB26,0.0,0.0,
3,1831-501DB26,0.0,0.0,
4,1831-501DB26,1.0,1.0,MA-1831-501AA26
5,1831-501DB26,1.0,1.0,L1-1831-501AA26
6,1831-501DB26,1.0,1,LA-1831-501AA26-DF
1,3166-608AA18,0.0,0.0,
2,3166-608AA18,0.0,0.0,
3,3166-608AA18,0.0,0.0,
4,3166-608AA18,0.0,0.0,
5,3166-608AA18,1.0,4.0,MA-603-608AA18-DRUM
6,3166-608AA18,1.0,1,L1-603-608AA18
1,3166-652AA18,0.0,0.0,
2,3166-652AA18,0.0,0.0,
3,3166-652AA18,0.0,0.0,
4,3166-652AA18,1.0,1.0,MA-720-65218-DRUM
5,3166-652AA18,1.0,4.0,L1-720-65218-DRUM
6,3166-652AA18,1.0,1,L2-3151-652AB18
1,3166-501BA18,0.0,0.0,
2,3166-501BA18,0.0,0.0,
3,3166-501BA18,0.0,0.0,
4,3166-501BA18,0.0,0.0,
5,3166-501BA18,1.0,1.0,MA-19B-501ZGA18
6,3166-501BA18,1.0,1,L1-19B-501ZGA18
1,3166-601EA18,0.0,0.0,
2,3166-601EA18,0.0,0.0,
3,3166-601EA18,0.0,0.0,
4,3166-601EA18,0.0,0.0,
5,3166-601EA18,1.0,1.0,MA-3154-601AA18
6,3166-601EA18,1.0,1,L1-3154-601AA18
1,6109-502FA38,0.0,0.0,
2,6109-502FA38,0.0,0.0,
3,6109-502FA38,0.0,0.0,
4,6109-502FA38,0.0,0.0,
5,6109-502FA38,1.0,1.0,MA-5517-502AA38
6,6109-502FA38,1.0,1,L1-5517-502AA38
1,3166-608AA20,0.0,0.0,
2,3166-608AA20,0.0,0.0,
3,3166-608AA20,0.0,0.0,
4,3166-608AA20,0.0,0.0,
5,3166-608AA20,1.0,4.0,MA-3154-608AA20-DRUM
6,3166-608AA20,1.0,1,L1-3154-608AA20
1,3166-608AA21,0.0,0.0,
2,3166-608AA21,0.0,0.0,
3,3166-608AA21,0.0,0.0,
4,3166-608AA21,0.0,0.0,
5,3166-608AA21,1.0,4.0,MA-3154-608AA21-DRUM
6,3166-608AA21,1.0,1,L1-3154-608AA21
1,3166-601EA20,0.0,0.0,
2,3166-601EA20,0.0,0.0,
3,3166-601EA20,0.0,0.0,
4,3166-601EA20,0.0,0.0,
5,3166-601EA20,1.0,1.0,MA-3154-601AA20
6,3166-601EA20,1.0,1,L1-3154-601AA20
1,3166-601EA21,0.0,0.0,
2,3166-601EA21,0.0,0.0,
3,3166-601EA21,0.0,0.0,
4,3166-601EA21,0.0,0.0,
5,3166-601EA21,1.0,1.0,MA-3154-601AA21
6,3166-601EA21,1.0,1,L1-3154-601AA21
1,3166-601EA24,0.0,0.0,
2,3166-601EA24,0.0,0.0,
3,3166-601EA24,0.0,0.0,
4,3166-601EA24,0.0,0.0,
5,3166-601EA24,1.0,1.0,MA-3154-601AA24
6,3166-601EA24,1.0,1,L1-3154-601AA24
1,3166-608AA24,0.0,0.0,
2,3166-608AA24,0.0,0.0,
3,3166-608AA24,0.0,0.0,
4,3166-608AA24,0.0,0.0,
5,3166-608AA24,1.0,4.0,MA-3154-608AA24-DRUM
6,3166-608AA24,1.0,1,L1-3154-608AA24
1,3166-652AA20,0.0,0.0,
2,3166-652AA20,0.0,0.0,
3,3166-652AA20,0.0,0.0,
4,3166-652AA20,1.0,1.0,MA-720-65220-DRUM
5,3166-652AA20,1.0,4.0,L1-720-65220-DRUM
6,3166-652AA20,1.0,1,L2-3151-652AB20
1,3166-501BA21,0.0,0.0,
2,3166-501BA21,0.0,0.0,
3,3166-501BA21,0.0,0.0,
4,3166-501BA21,0.0,0.0,
5,3166-501BA21,1.0,1.0,MA-19B-501ZGA21
6,3166-501BA21,1.0,1,L1-19B-501ZGA21
1,3166-652AA21,0.0,0.0,
2,3166-652AA21,0.0,0.0,
3,3166-652AA21,0.0,0.0,
4,3166-652AA21,1.0,1.0,MA-720-65221-DRUM
5,3166-652AA21,1.0,4.0,L1-720-65221-DRUM
6,3166-652AA21,1.0,1,L2-3151-652AB21
1,1731-401DA18,0.0,0.0,
2,1731-401DA18,0.0,0.0,
3,1731-401DA18,0.0,0.0,
4,1731-401DA18,1.0,1.0,MA-1731-401CA18
5,1731-401DA18,1.0,1.0,L1-1731-401CA18
6,1731-401DA18,1.0,1,LA-1731-401CA18-D
1,1731-406DA16,0.0,0.0,
2,1731-406DA16,0.0,0.0,
3,1731-406DA16,1.0,1.0,MA-1731-406DA16
4,1731-406DA16,1.0,1.0,L1-1731-406DA16
5,1731-406DA16,1.0,1.0,LA-1731-406DA16-D
6,1731-406DA16,1.0,1,LA-1731-406DA16-MC
1,1731-406DA15,0.0,0.0,
2,1731-406DA15,0.0,0.0,
3,1731-406DA15,1.0,1.0,MA-1731-406DA15
4,1731-406DA15,1.0,1.0,L1-1731-406DA15
5,1731-406DA15,1.0,1.0,LA-1731-406DA15-D
6,1731-406DA15,1.0,1,LA-1731-406DA15-MC
1,3166-652AA12,0.0,0.0,
2,3166-652AA12,0.0,0.0,
3,3166-652AA12,0.0,0.0,
4,3166-652AA12,1.0,1.0,MA-720-65212-DRUM
5,3166-652AA12,1.0,4.0,L1-720-65212-DRUM
6,3166-652AA12,1.0,1,L2-3151-652AB12
1,3164-502YA34,0.0,0.0,
2,3164-502YA34,0.0,0.0,
3,3164-502YA34,0.0,0.0,
4,3164-502YA34,0.0,0.0,
5,3164-502YA34,1.0,1.0,MA-3164-502AA34
6,3164-502YA34,1.0,1,L1-3164-502AA34
1,3166-501BA20,0.0,0.0,
2,3166-501BA20,0.0,0.0,
3,3166-501BA20,0.0,0.0,
4,3166-501BA20,0.0,0.0,
5,3166-501BA20,1.0,1.0,MA-19B-501ZGA20
6,3166-501BA20,1.0,1,L1-19B-501ZGA20
1,3166-601EA12,0.0,0.0,
2,3166-601EA12,0.0,0.0,
3,3166-601EA12,0.0,0.0,
4,3166-601EA12,0.0,0.0,
5,3166-601EA12,1.0,1.0,MA-3154-601AA12
6,3166-601EA12,1.0,1,L1-3154-601AA12
1,3166-601EA23,0.0,0.0,
2,3166-601EA23,0.0,0.0,
3,3166-601EA23,0.0,0.0,
4,3166-601EA23,0.0,0.0,
5,3166-601EA23,1.0,1.0,MA-3154-601AA23
6,3166-601EA23,1.0,1,L1-3154-601AA23
1,3164-502AB26,0.0,0.0,
2,3164-502AB26,0.0,0.0,
3,3164-502AB26,0.0,0.0,
4,3164-502AB26,1.0,1.0,MA-3164-502AA26
5,3164-502AB26,1.0,1.0,L1-3164-502AA26
6,3164-502AB26,1.0,1,PL-3164-502AB26
1,3164-502AB30,0.0,0.0,
2,3164-502AB30,0.0,0.0,
3,3164-502AB30,0.0,0.0,
4,3164-502AB30,1.0,1.0,MA-3164-502AA30
5,3164-502AB30,1.0,1.0,L1-3164-502AA30
6,3164-502AB30,1.0,1,PL-3164-502AB30
1,3164-502AB32,0.0,0.0,
2,3164-502AB32,0.0,0.0,
3,3164-502AB32,0.0,0.0,
4,3164-502AB32,1.0,1.0,MA-3164-502AA32
5,3164-502AB32,1.0,1.0,L1-3164-502AA32
6,3164-502AB32,1.0,1,PL-3164-502AB32
1,3164-502AB34,0.0,0.0,
2,3164-502AB34,0.0,0.0,
3,3164-502AB34,0.0,0.0,
4,3164-502AB34,1.0,1.0,MA-3164-502AA34
5,3164-502AB34,1.0,1.0,L1-3164-502AA34
6,3164-502AB34,1.0,1,PL-3164-502AB34
1,3164-502EB30,0.0,0.0,
2,3164-502EB30,0.0,0.0,
3,3164-502EB30,0.0,0.0,
4,3164-502EB30,1.0,1.0,MA-3164-502AA30
5,3164-502EB30,1.0,1.0,L1-3164-502AA30
6,3164-502EB30,1.0,1,PL-3164-502EB30
1,5529-602FA38,0.0,0.0,
2,5529-602FA38,0.0,0.0,
3,5529-602FA38,0.0,0.0,
4,5529-602FA38,0.0,0.0,
5,5529-602FA38,0.0,0.0,
6,5529-602FA38,1.0,1,MA-RH-0031A-05E
1,5174-602AA33,0.0,0.0,
2,5174-602AA33,0.0,0.0,
3,5174-602AA33,0.0,0.0,
4,5174-602AA33,0.0,0.0,
5,5174-602AA33,0.0,0.0,
6,5174-602AA33,1.0,1,MA-RH-0031A-05C
1,5174-602BA33,0.0,0.0,
2,5174-602BA33,0.0,0.0,
3,5174-602BA33,0.0,0.0,
4,5174-602BA33,0.0,0.0,
5,5174-602BA33,0.0,0.0,
6,5174-602BA33,1.0,1,MA-RH-0031A-05C
1,12Q-411NB31,0.0,0.0,
2,12Q-411NB31,0.0,0.0,
3,12Q-411NB31,1.0,1.0,MA-12Q-411NA31
4,12Q-411NB31,1.0,1.0,L1-12Q-411NA31
5,12Q-411NB31,1.0,1.0,LA-12Q-411NA31-L2
6,12Q-411NB31,1.0,1,LA-12Q-411NB31-MC
1,6207-411AB34,0.0,0.0,
2,6207-411AB34,0.0,0.0,
3,6207-411AB34,1.0,1.0,MA-12Q-411FA33
4,6207-411AB34,1.0,1.0,L1-12Q-411FA33
5,6207-411AB34,1.0,1.0,LA-12Q-411FA33-L2
6,6207-411AB34,1.0,1,LA-6207-411AB34-MC
1,1731-406DA20,0.0,0.0,
2,1731-406DA20,0.0,0.0,
3,1731-406DA20,1.0,1.0,MA-1731-406DA20
4,1731-406DA20,1.0,1.0,L1-1731-406DA20
5,1731-406DA20,1.0,1.0,LA-1731-406DA20-D
6,1731-406DA20,1.0,1,LA-1731-406DA20-MC
1,1731-406DA21,0.0,0.0,
2,1731-406DA21,0.0,0.0,
3,1731-406DA21,1.0,1.0,MA-1731-406DA21
4,1731-406DA21,1.0,1.0,L1-1731-406DA21
5,1731-406DA21,1.0,1.0,LA-1731-406DA21-D
6,1731-406DA21,1.0,1,LA-1731-406DA21-MC
1,12Q-411FB38,0.0,0.0,
2,12Q-411FB38,0.0,0.0,
3,12Q-411FB38,1.0,1.0,MA-12Q-411FA38
4,12Q-411FB38,1.0,1.0,L1-12Q-411FA38
5,12Q-411FB38,1.0,1.0,LA-12Q-411FA38-L2
6,12Q-411FB38,1.0,1,LA-12Q-411FB38-MC
1,485-641AC36,0.0,0.0,
2,485-641AC36,0.0,0.0,
3,485-641AC36,0.0,0.0,
4,485-641AC36,0.0,0.0,
5,485-641AC36,1.0,1.0,MA-485-641BA36-DRUM
6,485-641AC36,1.0,4,L1-485-641BA36-DRUM
1,12Q-411FB34,0.0,0.0,
2,12Q-411FB34,0.0,0.0,
3,12Q-411FB34,1.0,1.0,MA-12Q-411FA33
4,12Q-411FB34,1.0,1.0,L1-12Q-411FA33
5,12Q-411FB34,1.0,1.0,LA-12Q-411FA33-L2
6,12Q-411FB34,1.0,1,LA-12Q-411FB34-MC
1,5176-502EB34,0.0,0.0,
2,5176-502EB34,0.0,0.0,
3,5176-502EB34,0.0,0.0,
4,5176-502EB34,0.0,0.0,
5,5176-502EB34,1.0,1.0,MA-474-502AA34
6,5176-502EB34,1.0,1,L1-474-502AA34
1,5176-602AB34,0.0,0.0,
2,5176-602AB34,0.0,0.0,
3,5176-602AB34,0.0,0.0,
4,5176-602AB34,0.0,0.0,
5,5176-602AB34,0.0,0.0,
6,5176-602AB34,1.0,1,MA-RH-0031K-06A
1,5176-602BA34,0.0,0.0,
2,5176-602BA34,0.0,0.0,
3,5176-602BA34,0.0,0.0,
4,5176-602BA34,0.0,0.0,
5,5176-602BA34,0.0,0.0,
6,5176-602BA34,1.0,1,MA-RH-0031A-05C
1,3165-502AB30,0.0,0.0,
2,3165-502AB30,0.0,0.0,
3,3165-502AB30,0.0,0.0,
4,3165-502AB30,1.0,1.0,MA-3164-502AA30
5,3165-502AB30,1.0,1.0,L1-3164-502AA30
6,3165-502AB30,1.0,1,PL-3165-502AB30
1,3164-502XA30,0.0,0.0,
2,3164-502XA30,0.0,0.0,
3,3164-502XA30,0.0,0.0,
4,3164-502XA30,0.0,0.0,
5,3164-502XA30,1.0,1.0,MA-3164-502AA30
6,3164-502XA30,1.0,1,L1-3164-502BA30
1,1731-501ZKA24,0.0,0.0,
2,1731-501ZKA24,0.0,0.0,
3,1731-501ZKA24,0.0,0.0,
4,1731-501ZKA24,0.0,0.0,
5,1731-501ZKA24,1.0,1.0,MA-1731-501ZKA24
6,1731-501ZKA24,1.0,1,L1-1731-501ZKA24
1,3166-608AA23,0.0,0.0,
2,3166-608AA23,0.0,0.0,
3,3166-608AA23,0.0,0.0,
4,3166-608AA23,0.0,0.0,
5,3166-608AA23,1.0,4.0,MA-3154-608AA23-DRUM
6,3166-608AA23,1.0,1,L1-3154-608AA23
1,1731-406DA23,0.0,0.0,
2,1731-406DA23,0.0,0.0,
3,1731-406DA23,1.0,1.0,MA-1731-406DA23
4,1731-406DA23,1.0,1.0,L1-1731-406DA23
5,1731-406DA23,1.0,1.0,LA-1731-406DA23-D
6,1731-406DA23,1.0,1,LA-1731-406DA23-MC
1,1731-406DA24,0.0,0.0,
2,1731-406DA24,0.0,0.0,
3,1731-406DA24,1.0,1.0,MA-1731-406DA24
4,1731-406DA24,1.0,1.0,L1-1731-406DA24
5,1731-406DA24,1.0,1.0,LA-1731-406DA24-D
6,1731-406DA24,1.0,1,LA-1731-406DA24-MC
1,3166-501BA23,0.0,0.0,
2,3166-501BA23,0.0,0.0,
3,3166-501BA23,0.0,0.0,
4,3166-501BA23,0.0,0.0,
5,3166-501BA23,1.0,1.0,MA-19B-501ZGA23
6,3166-501BA23,1.0,1,L1-19B-501ZGA23
1,3166-501BA24,0.0,0.0,
2,3166-501BA24,0.0,0.0,
3,3166-501BA24,0.0,0.0,
4,3166-501BA24,0.0,0.0,
5,3166-501BA24,1.0,1.0,MA-19B-501ZGA24
6,3166-501BA24,1.0,1,L1-19B-501ZGA24
1,3166-608AA12,0.0,0.0,
2,3166-608AA12,0.0,0.0,
3,3166-608AA12,0.0,0.0,
4,3166-608AA12,0.0,0.0,
5,3166-608AA12,1.0,1.0,MA-3154-608AA12
6,3166-608AA12,1.0,1,L1-3154-608AA12
1,3166-608AA15,0.0,0.0,
2,3166-608AA15,0.0,0.0,
3,3166-608AA15,0.0,0.0,
4,3166-608AA15,0.0,0.0,
5,3166-608AA15,1.0,1.0,MA-3154-608AA15
6,3166-608AA15,1.0,1,L1-3154-608AA15
1,3166-608AA17,0.0,0.0,
2,3166-608AA17,0.0,0.0,
3,3166-608AA17,0.0,0.0,
4,3166-608AA17,0.0,0.0,
5,3166-608AA17,1.0,1.0,MA-3154-608AA17
6,3166-608AA17,1.0,1,L1-3154-608AA17
1,3166-608AA19,0.0,0.0,
2,3166-608AA19,0.0,0.0,
3,3166-608AA19,0.0,0.0,
4,3166-608AA19,0.0,0.0,
5,3166-608AA19,1.0,4.0,MA-3154-608AA19-DRUM
6,3166-608AA19,1.0,1,L1-3154-608AA19
1,5173-502EC30,0.0,0.0,
2,5173-502EC30,0.0,0.0,
3,5173-502EC30,0.0,0.0,
4,5173-502EC30,0.0,0.0,
5,5173-502EC30,1.0,1.0,MA-474-502AA30
6,5173-502EC30,1.0,1,L1-474-502AA30
1,5173-502EC34,0.0,0.0,
2,5173-502EC34,0.0,0.0,
3,5173-502EC34,0.0,0.0,
4,5173-502EC34,0.0,0.0,
5,5173-502EC34,1.0,1.0,MA-474-502AA34
6,5173-502EC34,1.0,1,L1-474-502AA34
1,3558-690AA34,0.0,0.0,
2,3558-690AA34,0.0,0.0,
3,3558-690AA34,0.0,0.0,
4,3558-690AA34,0.0,0.0,
5,3558-690AA34,0.0,0.0,
6,3558-690AA34,1.0,1,MA-3558-690AA34-KAKUZAI
1,3154-410AA120,0.0,0.0,
2,3154-410AA120,0.0,0.0,
3,3154-410AA120,0.0,0.0,
4,3154-410AA120,0.0,0.0,
5,3154-410AA120,1.0,1.0,MA-970-41012-S
6,3154-410AA120,1.0,3,LC-970-41012-S
1,3154-410AA200,0.0,0.0,
2,3154-410AA200,0.0,0.0,
3,3154-410AA200,0.0,0.0,
4,3154-410AA200,0.0,0.0,
5,3154-410AA200,1.0,1.0,MA-970-41020-S
6,3154-410AA200,1.0,3,LC-970-41020-S
1,3154-410AA210,0.0,0.0,
2,3154-410AA210,0.0,0.0,
3,3154-410AA210,0.0,0.0,
4,3154-410AA210,0.0,0.0,
5,3154-410AA210,1.0,1.0,MA-970-41021-S
6,3154-410AA210,1.0,3,LC-970-41021-S
1,3154-410AA230,0.0,0.0,
2,3154-410AA230,0.0,0.0,
3,3154-410AA230,0.0,0.0,
4,3154-410AA230,0.0,0.0,
5,3154-410AA230,1.0,1.0,MA-970-41023-S
6,3154-410AA230,1.0,3,LC-970-41023-S
1,3154-410AA240,0.0,0.0,
2,3154-410AA240,0.0,0.0,
3,3154-410AA240,0.0,0.0,
4,3154-410AA240,0.0,0.0,
5,3154-410AA240,1.0,1.0,MA-970-41024-S
6,3154-410AA240,1.0,3,LC-970-41024-S
1,87-405RA340,0.0,0.0,
2,87-405RA340,0.0,0.0,
3,87-405RA340,0.0,0.0,
4,87-405RA340,0.0,0.0,
5,87-405RA340,1.0,1.0,MA-87-40534-S
6,87-405RA340,1.0,1,L1-87-405EA34-S
1,5143-601AA14,0.0,0.0,
2,5143-601AA14,0.0,0.0,
3,5143-601AA14,0.0,0.0,
4,5143-601AA14,1.0,1.0,MA-1751-601AA14
5,5143-601AA14,1.0,1.0,L1-1751-601AA14
6,5143-601AA14,1.0,1,LA-1751-601AA14-L2
1,5143-501AA14,0.0,0.0,
2,5143-501AA14,0.0,0.0,
3,5143-501AA14,0.0,0.0,
4,5143-501AA14,0.0,0.0,
5,5143-501AA14,1.0,1.0,MA-1751-501AA14
6,5143-501AA14,1.0,1,L1-1751-501AA14
1,5143-502JA14,0.0,0.0,
2,5143-502JA14,0.0,0.0,
3,5143-502JA14,0.0,0.0,
4,5143-502JA14,0.0,0.0,
5,5143-502JA14,1.0,1.0,MA-59-502B14
6,5143-502JA14,1.0,1,L1-59-502B14
1,5143-602AA14,0.0,0.0,
2,5143-602AA14,0.0,0.0,
3,5143-602AA14,0.0,0.0,
4,5143-602AA14,0.0,0.0,
5,5143-602AA14,0.0,0.0,
6,5143-602AA14,1.0,1,MA-RH-0031A-07E
1,5143-602BA14,0.0,0.0,
2,5143-602BA14,0.0,0.0,
3,5143-602BA14,0.0,0.0,
4,5143-602BA14,0.0,0.0,
5,5143-602BA14,0.0,0.0,
6,5143-602BA14,1.0,1,MA-RH-0031A-07E
1,5143-602CA14,0.0,0.0,
2,5143-602CA14,0.0,0.0,
3,5143-602CA14,0.0,0.0,
4,5143-602CA14,0.0,0.0,
5,5143-602CA14,0.0,0.0,
6,5143-602CA14,1.0,1,MA-RH-0031A-05C
1,3154-601EA16,0.0,0.0,
2,3154-601EA16,0.0,0.0,
3,3154-601EA16,0.0,0.0,
4,3154-601EA16,0.0,0.0,
5,3154-601EA16,1.0,1.0,MA-3154-601AA16
6,3154-601EA16,1.0,1,L1-3154-601AA16
1,3166-501BA12,0.0,0.0,
2,3166-501BA12,0.0,0.0,
3,3166-501BA12,0.0,0.0,
4,3166-501BA12,0.0,0.0,
5,3166-501BA12,1.0,1.0,MA-19B-501ZGA12
6,3166-501BA12,1.0,1,L1-19B-501ZGA12
1,1731-401CA14,0.0,0.0,
2,1731-401CA14,0.0,0.0,
3,1731-401CA14,0.0,0.0,
4,1731-401CA14,1.0,1.0,MA-1731-401CA14
5,1731-401CA14,1.0,1.0,L1-1731-401CA14
6,1731-401CA14,1.0,1,LA-1731-401CA14-D
1,1731-406DA12,0.0,0.0,
2,1731-406DA12,0.0,0.0,
3,1731-406DA12,1.0,1.0,MA-1731-406DA12
4,1731-406DA12,1.0,1.0,L1-1731-406DA12
5,1731-406DA12,1.0,1.0,LA-1731-406DA12-D
6,1731-406DA12,1.0,1,LA-1731-406DA12-MC
1,1731-501ZKA14,0.0,0.0,
2,1731-501ZKA14,0.0,0.0,
3,1731-501ZKA14,0.0,0.0,
4,1731-501ZKA14,0.0,0.0,
5,1731-501ZKA14,1.0,1.0,MA-1731-501ZKA14
6,1731-501ZKA14,1.0,1,L1-1731-501ZKA14
1,1331-102VD,0.0,0.0,
2,1331-102VD,0.0,0.0,
3,1331-102VD,0.0,0.0,
4,1331-102VD,0.0,0.0,
5,1331-102VD,0.0,0.0,
6,1331-102VD,1.0,1,MA-1931-102BC
1,5520-502CD,0.0,0.0,
2,5520-502CD,0.0,0.0,
3,5520-502CD,0.0,0.0,
4,5520-502CD,0.0,0.0,
5,5520-502CD,1.0,1.0,MA-RP-0359-01AD
6,5520-502CD,1.0,1,MC-RP-0359-01AD
1,5520-502JE,0.0,0.0,
2,5520-502JE,0.0,0.0,
3,5520-502JE,0.0,0.0,
4,5520-502JE,0.0,0.0,
5,5520-502JE,1.0,1.0,MA-RP-0359-01AD
6,5520-502JE,1.0,1,MC-RP-0359-01AD
1,5520-502KD,0.0,0.0,
2,5520-502KD,0.0,0.0,
3,5520-502KD,0.0,0.0,
4,5520-502KD,0.0,0.0,
5,5520-502KD,1.0,1.0,MA-RP-0359-01AD
6,5520-502KD,1.0,1,MC-RP-0359-01AD
1,5520-502RB,0.0,0.0,
2,5520-502RB,0.0,0.0,
3,5520-502RB,0.0,0.0,
4,5520-502RB,0.0,0.0,
5,5520-502RB,1.0,1.0,MA-RP-0359-01AD
6,5520-502RB,1.0,1,MC-RP-0359-01AD
1,5520-502BE,0.0,0.0,
2,5520-502BE,0.0,0.0,
3,5520-502BE,0.0,0.0,
4,5520-502BE,0.0,0.0,
5,5520-502BE,1.0,1.0,MA-RP-0359-01AD
6,5520-502BE,1.0,1,MC-RP-0359-01AD
1,5181-501AA22,0.0,0.0,
2,5181-501AA22,0.0,0.0,
3,5181-501AA22,0.0,0.0,
4,5181-501AA22,0.0,0.0,
5,5181-501AA22,1.0,1.0,MA-1751-501AA22
6,5181-501AA22,1.0,1,L1-1751-501CA22
1,5181-502AA22,0.0,0.0,
2,5181-502AA22,0.0,0.0,
3,5181-502AA22,0.0,0.0,
4,5181-502AA22,0.0,0.0,
5,5181-502AA22,1.0,1.0,MA-59-502B22
6,5181-502AA22,1.0,1,L1-59-502B22
1,5181-602AA22,0.0,0.0,
2,5181-602AA22,0.0,0.0,
3,5181-602AA22,0.0,0.0,
4,5181-602AA22,0.0,0.0,
5,5181-602AA22,0.0,0.0,
6,5181-602AA22,1.0,1,MA-RH-0031A-07E
1,5181-602GA22,0.0,0.0,
2,5181-602GA22,0.0,0.0,
3,5181-602GA22,0.0,0.0,
4,5181-602GA22,0.0,0.0,
5,5181-602GA22,0.0,0.0,
6,5181-602GA22,1.0,1,MA-RH-0031A-05C
1,5181-641AA22,0.0,0.0,
2,5181-641AA22,0.0,0.0,
3,5181-641AA22,0.0,0.0,
4,5181-641AA22,1.0,1.0,MA-720-65221-DRUM
5,5181-641AA22,1.0,4.0,L1-720-65221-DRUM
6,5181-641AA22,1.0,1,L2-5181-641AA22
1,5160-502AA33,0.0,0.0,
2,5160-502AA33,0.0,0.0,
3,5160-502AA33,0.0,0.0,
4,5160-502AA33,0.0,0.0,
5,5160-502AA33,1.0,1.0,MA-474-502AA33
6,5160-502AA33,1.0,1,L1-474-502AA33
1,5181-601AA22,0.0,0.0,
2,5181-601AA22,0.0,0.0,
3,5181-601AA22,0.0,0.0,
4,5181-601AA22,1.0,1.0,MA-1751-601AA22
5,5181-601AA22,1.0,1.0,L1-1751-601AA22
6,5181-601AA22,1.0,1,LA-1751-601AA22-L2
1,73-409LA300,0.0,0.0,
2,73-409LA300,0.0,0.0,
3,73-409LA300,0.0,0.0,
4,73-409LA300,0.0,0.0,
5,73-409LA300,1.0,1.0,MA-73-40930-S
6,73-409LA300,1.0,1,L1-73-40930-S
1,582-502EA7.6,0.0,0.0,
2,582-502EA7.6,0.0,0.0,
3,582-502EA7.6,0.0,0.0,
4,582-502EA7.6,0.0,0.0,
5,582-502EA7.6,1.0,1.0,MA-582-502AA7.6
6,582-502EA7.6,1.0,1,L1-582-502AA7.6
1,3142-652BA30,0.0,0.0,
2,3142-652BA30,0.0,0.0,
3,3142-652BA30,0.0,0.0,
4,3142-652BA30,0.0,0.0,
5,3142-652BA30,1.0,1.0,MA-720-65230-DRUM
6,3142-652BA30,1.0,4,L1-720-65230-DRUM
1,3142-601FA30,0.0,0.0,
2,3142-601FA30,0.0,0.0,
3,3142-601FA30,0.0,0.0,
4,3142-601FA30,0.0,0.0,
5,3142-601FA30,1.0,1.0,MA-603-601-BLOCK
6,3142-601FA30,16.0,1,MC-603-601-BLOCK
1,3142-502KA30,0.0,0.0,
2,3142-502KA30,0.0,0.0,
3,3142-502KA30,0.0,0.0,
4,3142-502KA30,0.0,0.0,
5,3142-502KA30,1.0,1.0,MA-582-502AA30
6,3142-502KA30,1.0,1,L1-582-502AA30
1,201-405BA140,0.0,0.0,
2,201-405BA140,0.0,0.0,
3,201-405BA140,0.0,0.0,
4,201-405BA140,0.0,0.0,
5,201-405BA140,1.0,1.0,MA-57-40514-S
6,201-405BA140,1.0,1,L1-57-40514-S
1,960-409AA240,0.0,0.0,
2,960-409AA240,0.0,0.0,
3,960-409AA240,0.0,0.0,
4,960-409AA240,0.0,0.0,
5,960-409AA240,1.0,4.0,MA-740-40924-S
6,960-409AA240,1.0,1,L1-810-409B24-S
1,816-405FA240,0.0,0.0,
2,816-405FA240,0.0,0.0,
3,816-405FA240,0.0,0.0,
4,816-405FA240,0.0,0.0,
5,816-405FA240,1.0,1.0,MA-816-405CA24-S
6,816-405FA240,1.0,1,L1-816-405CA24-S
1,810-410CA240,0.0,0.0,
2,810-410CA240,0.0,0.0,
3,810-410CA240,0.0,0.0,
4,810-410CA240,0.0,0.0,
5,810-410CA240,1.0,1.0,MA-810-410CA24-S
6,810-410CA240,1.0,4,LC-810-410CA24-S
1,1731-103BA14,0.0,0.0,
2,1731-103BA14,0.0,0.0,
3,1731-103BA14,0.0,0.0,
4,1731-103BA14,0.0,0.0,
5,1731-103BA14,0.0,0.0,
6,1731-103BA14,1.0,1,MA-1731-103BA14
1,5310-602KA30,0.0,0.0,
2,5310-602KA30,0.0,0.0,
3,5310-602KA30,0.0,0.0,
4,5310-602KA30,0.0,0.0,
5,5310-602KA30,0.0,0.0,
6,5310-602KA30,1.0,1,MA-RH-0031A-05D
1,5310-602MA30,0.0,0.0,
2,5310-602MA30,0.0,0.0,
3,5310-602MA30,0.0,0.0,
4,5310-602MA30,0.0,0.0,
5,5310-602MA30,0.0,0.0,
6,5310-602MA30,1.0,1,MA-RH-0031A-05D
1,12Q-411HA31,0.0,0.0,
2,12Q-411HA31,0.0,0.0,
3,12Q-411HA31,1.0,1.0,MA-12Q-411HA31
4,12Q-411HA31,1.0,1.0,L1-12Q-411HA31
5,12Q-411HA31,1.0,1.0,LA-12Q-411HA31-L2
6,12Q-411HA31,1.0,1,LA-12Q-411HA31-MC
1,5310-502AA30,0.0,0.0,
2,5310-502AA30,0.0,0.0,
3,5310-502AA30,0.0,0.0,
4,5310-502AA30,0.0,0.0,
5,5310-502AA30,1.0,1.0,MA-355-50230
6,5310-502AA30,1.0,1,L1-355-50230
1,5310-501AA30,0.0,0.0,
2,5310-501AA30,0.0,0.0,
3,5310-501AA30,0.0,0.0,
4,5310-501AA30,0.0,0.0,
5,5310-501AA30,1.0,1.0,MA-5310-501AA30
6,5310-501AA30,1.0,1,L1-5310-501AA30
1,5310-501BA30,0.0,0.0,
2,5310-501BA30,0.0,0.0,
3,5310-501BA30,0.0,0.0,
4,5310-501BA30,0.0,0.0,
5,5310-501BA30,1.0,1.0,MA-5310-501BA30
6,5310-501BA30,1.0,1,L1-5310-501BA30
1,5310-602GA30,0.0,0.0,
2,5310-602GA30,0.0,0.0,
3,5310-602GA30,0.0,0.0,
4,5310-602GA30,0.0,0.0,
5,5310-602GA30,0.0,0.0,
6,5310-602GA30,1.0,1,MA-RH-0031A-05C
1,5310-601AA30,0.0,0.0,
2,5310-601AA30,0.0,0.0,
3,5310-601AA30,0.0,0.0,
4,5310-601AA30,1.0,1.0,MA-161-601BA30
5,5310-601AA30,1.0,1.0,L1-161-601BA30
6,5310-601AA30,1.0,1,LA-161-601BB30-L2
1,251-409BA140,0.0,0.0,
2,251-409BA140,0.0,0.0,
3,251-409BA140,0.0,0.0,
4,251-409BA140,0.0,0.0,
5,251-409BA140,1.0,1.0,MA-59-40914-S
6,251-409BA140,1.0,1,L1-59-40914-S
1,3165-502EA30,0.0,0.0,
2,3165-502EA30,0.0,0.0,
3,3165-502EA30,0.0,0.0,
4,3165-502EA30,1.0,1.0,MA-3164-502AA30
5,3165-502EA30,1.0,1.0,L1-3164-502AA30
6,3165-502EA30,1.0,1,PL-3165-502EA30
1,3145-652BA30,0.0,0.0,
2,3145-652BA30,0.0,0.0,
3,3145-652BA30,0.0,0.0,
4,3145-652BA30,0.0,0.0,
5,3145-652BA30,1.0,1.0,MA-720-65230-DRUM
6,3145-652BA30,1.0,4,L1-720-65230-DRUM
1,478-409RA300,0.0,0.0,
2,478-409RA300,0.0,0.0,
3,478-409RA300,0.0,0.0,
4,478-409RA300,0.0,0.0,
5,478-409RA300,1.0,1.0,MA-79-409B30-S
6,478-409RA300,1.0,1,L1-79-409B30-S
1,5160-405AA330,0.0,0.0,
2,5160-405AA330,0.0,0.0,
3,5160-405AA330,0.0,0.0,
4,5160-405AA330,0.0,0.0,
5,5160-405AA330,1.0,1.0,MA-78-40533-S
6,5160-405AA330,1.0,1,L1-78-40533-S
1,5160-409AA330,0.0,0.0,
2,5160-409AA330,0.0,0.0,
3,5160-409AA330,0.0,0.0,
4,5160-409AA330,0.0,0.0,
5,5160-409AA330,1.0,1.0,MA-79-409B33-S
6,5160-409AA330,1.0,1,L1-79-409B33-S
1,5181-501AA21,0.0,0.0,
2,5181-501AA21,0.0,0.0,
3,5181-501AA21,0.0,0.0,
4,5181-501AA21,0.0,0.0,
5,5181-501AA21,1.0,1.0,MA-1751-501AA21
6,5181-501AA21,1.0,1,L1-1751-501CA21
1,5181-502AA21,0.0,0.0,
2,5181-502AA21,0.0,0.0,
3,5181-502AA21,0.0,0.0,
4,5181-502AA21,0.0,0.0,
5,5181-502AA21,1.0,1.0,MA-59-502B21
6,5181-502AA21,1.0,1,L1-59-502B21
1,5181-602AA21,0.0,0.0,
2,5181-602AA21,0.0,0.0,
3,5181-602AA21,0.0,0.0,
4,5181-602AA21,0.0,0.0,
5,5181-602AA21,0.0,0.0,
6,5181-602AA21,1.0,1,MA-RH-0031A-06E
1,5181-602BA21,0.0,0.0,
2,5181-602BA21,0.0,0.0,
3,5181-602BA21,0.0,0.0,
4,5181-602BA21,0.0,0.0,
5,5181-602BA21,0.0,0.0,
6,5181-602BA21,1.0,1,MA-RH-0031A-05C
1,5181-602GA21,0.0,0.0,
2,5181-602GA21,0.0,0.0,
3,5181-602GA21,0.0,0.0,
4,5181-602GA21,0.0,0.0,
5,5181-602GA21,0.0,0.0,
6,5181-602GA21,1.0,1,MA-RH-0031A-07E
1,5181-641AA21,0.0,0.0,
2,5181-641AA21,0.0,0.0,
3,5181-641AA21,0.0,0.0,
4,5181-641AA21,1.0,1.0,MA-720-65220-DRUM
5,5181-641AA21,1.0,4.0,L1-720-65220-DRUM
6,5181-641AA21,1.0,1,L2-5181-641AA21
1,5181-501AA20,0.0,0.0,
2,5181-501AA20,0.0,0.0,
3,5181-501AA20,0.0,0.0,
4,5181-501AA20,0.0,0.0,
5,5181-501AA20,1.0,1.0,MA-1751-501AA20
6,5181-501AA20,1.0,1,L1-1751-501CA20
1,5181-601AA21,0.0,0.0,
2,5181-601AA21,0.0,0.0,
3,5181-601AA21,0.0,0.0,
4,5181-601AA21,1.0,1.0,MA-1751-601AA21
5,5181-601AA21,1.0,1.0,L1-1751-601AA21
6,5181-601AA21,1.0,1,LA-1751-601AA21-L2
1,3538-501BA24,0.0,0.0,
2,3538-501BA24,0.0,0.0,
3,3538-501BA24,0.0,0.0,
4,3538-501BA24,0.0,0.0,
5,3538-501BA24,1.0,1.0,MA-3538-501BA24
6,3538-501BA24,1.0,1,L1-3538-501BA24
1,3538-608AA24,0.0,0.0,
2,3538-608AA24,0.0,0.0,
3,3538-608AA24,0.0,0.0,
4,3538-608AA24,0.0,0.0,
5,3538-608AA24,1.0,3.0,MA-3538-608AA24-DRUM
6,3538-608AA24,1.0,1,L1-3538-608AA24
1,5160-602AA33,0.0,0.0,
2,5160-602AA33,0.0,0.0,
3,5160-602AA33,0.0,0.0,
4,5160-602AA33,0.0,0.0,
5,5160-602AA33,0.0,0.0,
6,5160-602AA33,1.0,1,MA-RH-0031A-05F
1,5160-602BA33,0.0,0.0,
2,5160-602BA33,0.0,0.0,
3,5160-602BA33,0.0,0.0,
4,5160-602BA33,0.0,0.0,
5,5160-602BA33,0.0,0.0,
6,5160-602BA33,1.0,1,MA-RH-0031A-05C
1,5165-601AA44,0.0,0.0,
2,5165-601AA44,0.0,0.0,
3,5165-601AA44,0.0,0.0,
4,5165-601AA44,1.0,1.0,MA-1155-601AA44
5,5165-601AA44,1.0,1.0,L1-1155-601AA44
6,5165-601AA44,1.0,1,LA-1155-601AA44-DF
1,5165-641AA44,0.0,0.0,
2,5165-641AA44,0.0,0.0,
3,5165-641AA44,0.0,0.0,
4,5165-641AA44,0.0,0.0,
5,5165-641AA44,1.0,1.0,MA-485-641BA44-DRUM
6,5165-641AA44,1.0,4,L1-485-641BA44-DRUM
1,5181-405AA220,0.0,0.0,
2,5181-405AA220,0.0,0.0,
3,5181-405AA220,0.0,0.0,
4,5181-405AA220,0.0,0.0,
5,5181-405AA220,1.0,1.0,MA-57-40522-S
6,5181-405AA220,1.0,1,L1-57-40522-S
1,5181-409AA220,0.0,0.0,
2,5181-409AA220,0.0,0.0,
3,5181-409AA220,0.0,0.0,
4,5181-409AA220,0.0,0.0,
5,5181-409AA220,1.0,1.0,MA-59-40922-S
6,5181-409AA220,1.0,1,L1-59-40922-S
1,5165-501AA44,0.0,0.0,
2,5165-501AA44,0.0,0.0,
3,5165-501AA44,0.0,0.0,
4,5165-501AA44,1.0,1.0,MA-1151-501CA44
5,5165-501AA44,1.0,1.0,L1-1151-501EA44
6,5165-501AA44,1.0,1,LA-1151-501EA44-DF
1,5165-602AA44,0.0,0.0,
2,5165-602AA44,0.0,0.0,
3,5165-602AA44,0.0,0.0,
4,5165-602AA44,0.0,0.0,
5,5165-602AA44,0.0,0.0,
6,5165-602AA44,1.0,1,MA-RH-0031K-06A
1,5165-602BA44,0.0,0.0,
2,5165-602BA44,0.0,0.0,
3,5165-602BA44,0.0,0.0,
4,5165-602BA44,0.0,0.0,
5,5165-602BA44,0.0,0.0,
6,5165-602BA44,1.0,1,MA-RH-0031A-05C
1,5165-502AA44,0.0,0.0,
2,5165-502AA44,0.0,0.0,
3,5165-502AA44,0.0,0.0,
4,5165-502AA44,1.0,1.0,MA-474-502AA34
5,5165-502AA44,1.3,1.0,L1-474-502AA34
6,5165-502AA44,1.0,1,PL-5165-502AA44
1,5310-602NA30,0.0,0.0,
2,5310-602NA30,0.0,0.0,
3,5310-602NA30,0.0,0.0,
4,5310-602NA30,0.0,0.0,
5,5310-602NA30,0.0,0.0,
6,5310-602NA30,1.0,1,MA-RH-0031A-05D
1,600-652BA30,0.0,0.0,
2,600-652BA30,0.0,0.0,
3,600-652BA30,0.0,0.0,
4,600-652BA30,0.0,0.0,
5,600-652BA30,1.0,1.0,MA-720-65230-DRUM
6,600-652BA30,1.0,4,L1-720-65230-DRUM
1,1751-103BB24,0.0,0.0,
2,1751-103BB24,0.0,0.0,
3,1751-103BB24,0.0,0.0,
4,1751-103BB24,0.0,0.0,
5,1751-103BB24,0.0,0.0,
6,1751-103BB24,1.0,1,MA-1751-103BA24
1,3147-502LA30,0.0,0.0,
2,3147-502LA30,0.0,0.0,
3,3147-502LA30,0.0,0.0,
4,3147-502LA30,1.0,1.0,MA-582-502AA30
5,3147-502LA30,1.0,1.0,L1-582-502AA30
6,3147-502LA30,1.0,1,PL-3147-502LA30
1,603-601GA30,0.0,0.0,
2,603-601GA30,0.0,0.0,
3,603-601GA30,0.0,0.0,
4,603-601GA30,1.0,1.0,MA-603-601-BLOCK
5,603-601GA30,16.0,1.0,MC-603-601-BLOCK
6,603-601GA30,1.0,1,PL-603-601GA30
1,SPL-2823AA,0.0,0.0,
2,SPL-2823AA,0.0,0.0,
3,SPL-2823AA,0.0,0.0,
4,SPL-2823AA,0.0,0.0,
5,SPL-2823AA,0.0,0.0,
6,SPL-2823AA,1.0,1,MA-1631-102BD
1,SPL-2823BA,0.0,0.0,
2,SPL-2823BA,0.0,0.0,
3,SPL-2823BA,0.0,0.0,
4,SPL-2823BA,0.0,0.0,
5,SPL-2823BA,0.0,0.0,
6,SPL-2823BA,1.0,1,MA-1631-102AD
1,87-405RA320,0.0,0.0,
2,87-405RA320,0.0,0.0,
3,87-405RA320,0.0,0.0,
4,87-405RA320,0.0,0.0,
5,87-405RA320,1.0,1.0,MA-87-40532-S
6,87-405RA320,1.0,1,L1-87-405EA32-S
1,580-652BA30,0.0,0.0,
2,580-652BA30,0.0,0.0,
3,580-652BA30,0.0,0.0,
4,580-652BA30,0.0,0.0,
5,580-652BA30,1.0,1.0,MA-720-65230-DRUM
6,580-652BA30,1.0,4,L1-720-65230-DRUM
1,1831-501DA3036,0.0,0.0,
2,1831-501DA3036,0.0,0.0,
3,1831-501DA3036,0.0,0.0,
4,1831-501DA3036,1.0,1.0,MA-1831-501AA34
5,1831-501DA3036,1.0,1.0,L1-1831-501AA34
6,1831-501DA3036,1.0,1,LA-1831-501AA34-DF
1,582-502FA30,0.0,0.0,
2,582-502FA30,0.0,0.0,
3,582-502FA30,0.0,0.0,
4,582-502FA30,1.0,1.0,MA-582-502AA30
5,582-502FA30,1.0,1.0,L1-582-502AA30
6,582-502FA30,1.0,1,PL-582-502FA30
1,582-601FA30,0.0,0.0,
2,582-601FA30,0.0,0.0,
3,582-601FA30,0.0,0.0,
4,582-601FA30,1.0,1.0,MA-603-601-BLOCK
5,582-601FA30,16.0,1.0,MC-603-601-BLOCK
6,582-601FA30,1.0,1,PL-582-601FA30
1,1831-501BA3036,0.0,0.0,
2,1831-501BA3036,0.0,0.0,
3,1831-501BA3036,0.0,0.0,
4,1831-501BA3036,1.0,1.0,MA-1831-501BA3034
5,1831-501BA3036,1.0,1.0,L1-1831-501BA3034
6,1831-501BA3036,1.0,1,LA-1831-501BA3034-DF
1,1751-406CB22,0.0,0.0,
2,1751-406CB22,0.0,0.0,
3,1751-406CB22,0.0,0.0,
4,1751-406CB22,1.0,1.0,MA-1751-406CB22
5,1751-406CB22,1.0,1.0,L1-1751-406CB22
6,1751-406CB22,1.0,1,LA-1751-406CB22-MC
1,3559-601EA34,0.0,0.0,
2,3559-601EA34,0.0,0.0,
3,3559-601EA34,0.0,0.0,
4,3559-601EA34,0.0,0.0,
5,3559-601EA34,1.0,1.0,MA-3557-601AA34
6,3559-601EA34,1.0,1,L1-3557-601AA34
1,3554-502EA34,0.0,0.0,
2,3554-502EA34,0.0,0.0,
3,3554-502EA34,0.0,0.0,
4,3554-502EA34,0.0,0.0,
5,3554-502EA34,1.0,1.0,MA-954-50234
6,3554-502EA34,1.0,1,L1-954-50234
1,1831-406AA3036,0.0,0.0,
2,1831-406AA3036,0.0,0.0,
3,1831-406AA3036,1.0,1.0,MA-1831-406AA3036
4,1831-406AA3036,1.0,1.0,L1-1831-406AA3036
5,1831-406AA3036,1.0,1.0,LA-1831-406AA3036-D
6,1831-406AA3036,1.0,1,LA-1831-406AA3036-MC
1,1831-501DB42,0.0,0.0,
2,1831-501DB42,0.0,0.0,
3,1831-501DB42,0.0,0.0,
4,1831-501DB42,1.0,1.0,MA-1831-501AA42
5,1831-501DB42,1.0,1.0,L1-1831-501AA42
6,1831-501DB42,1.0,1,LA-1831-501AA42-DF
1,1831-501BB42,0.0,0.0,
2,1831-501BB42,0.0,0.0,
3,1831-501BB42,0.0,0.0,
4,1831-501BB42,1.0,1.0,MA-1831-501BA42
5,1831-501BB42,1.0,1.0,L1-1831-501BA42
6,1831-501BB42,1.0,1,LA-1831-501BA42-DF
1,3164-502EA42,0.0,0.0,
2,3164-502EA42,0.0,0.0,
3,3164-502EA42,0.0,0.0,
4,3164-502EA42,0.0,0.0,
5,3164-502EA42,1.0,1.0,MA-3164-502AA42
6,3164-502EA42,1.0,1,L1-3164-502AA42
1,1831-501DB41,0.0,0.0,
2,1831-501DB41,0.0,0.0,
3,1831-501DB41,0.0,0.0,
4,1831-501DB41,1.0,1.0,MA-1831-501AA42
5,1831-501DB41,1.0,1.0,L1-1831-501AA42
6,1831-501DB41,1.0,1,LA-1831-501AA42-DF
1,101-440BB30,0.0,0.0,
2,101-440BB30,0.0,0.0,
3,101-440BB30,0.0,0.0,
4,101-440BB30,0.0,0.0,
5,101-440BB30,1.0,1.0,MA-101-440BB30
6,101-440BB30,1.0,1,L1-101-440BB30
1,3538-501AA24,0.0,0.0,
2,3538-501AA24,0.0,0.0,
3,3538-501AA24,0.0,0.0,
4,3538-501AA24,0.0,0.0,
5,3538-501AA24,1.0,1.0,MA-3538-501AA24
6,3538-501AA24,1.0,1,L1-3538-501AA24
1,1635-406AA24,0.0,0.0,
2,1635-406AA24,0.0,0.0,
3,1635-406AA24,1.0,1.0,MA-1635-406AA24
4,1635-406AA24,1.0,1.0,L1-1635-406AA24
5,1635-406AA24,1.0,1.0,LA-1635-406AA24-D
6,1635-406AA24,1.0,1,LA-1635-406AA24-MC
1,3538-652AA24,0.0,0.0,
2,3538-652AA24,0.0,0.0,
3,3538-652AA24,0.0,0.0,
4,3538-652AA24,0.0,0.0,
5,3538-652AA24,1.0,1.0,MA-720-65224-DRUM
6,3538-652AA24,1.0,3,L1-720-65224-DRUM
1,3538-601EA24,0.0,0.0,
2,3538-601EA24,0.0,0.0,
3,3538-601EA24,0.0,0.0,
4,3538-601EA24,1.0,1.0,MA-943-601AA24
5,3538-601EA24,1.0,1.0,L1-943-601AA24
6,3538-601EA24,1.0,1,L2-943-601AA24
1,3538-502JA24,0.0,0.0,
2,3538-502JA24,0.0,0.0,
3,3538-502JA24,0.0,0.0,
4,3538-502JA24,0.0,0.0,
5,3538-502JA24,1.0,1.0,MA-954-50224
6,3538-502JA24,1.0,1,L1-954-50224
1,1831-501CB30,0.0,0.0,
2,1831-501CB30,0.0,0.0,
3,1831-501CB30,0.0,0.0,
4,1831-501CB30,1.0,1.0,MA-1831-501BA30
5,1831-501CB30,1.0,1.0,L1-1831-501BA30
6,1831-501CB30,1.0,1,LA-1831-501BA30-DF
1,3166-652AA17,0.0,0.0,
2,3166-652AA17,0.0,0.0,
3,3166-652AA17,0.0,0.0,
4,3166-652AA17,0.0,0.0,
5,3166-652AA17,1.0,1.0,MA-720-65217-DRUM
6,3166-652AA17,1.0,4,L1-720-65217-DRUM
1,3166-501BA17,0.0,0.0,
2,3166-501BA17,0.0,0.0,
3,3166-501BA17,0.0,0.0,
4,3166-501BA17,0.0,0.0,
5,3166-501BA17,1.0,1.0,MA-19B-501ZGA17
6,3166-501BA17,1.0,1,L1-19B-501ZGA17
1,3166-601EA17,0.0,0.0,
2,3166-601EA17,0.0,0.0,
3,3166-601EA17,0.0,0.0,
4,3166-601EA17,0.0,0.0,
5,3166-601EA17,1.0,1.0,MA-3154-601AA17
6,3166-601EA17,1.0,1,L1-3154-601AA17
1,259-405BA260,0.0,0.0,
2,259-405BA260,0.0,0.0,
3,259-405BA260,0.0,0.0,
4,259-405BA260,0.0,0.0,
5,259-405BA260,1.0,1.0,MA-259-405A26-S
6,259-405BA260,1.0,1,L1-259-405A26-S
1,59-409JA260,0.0,0.0,
2,59-409JA260,0.0,0.0,
3,59-409JA260,0.0,0.0,
4,59-409JA260,0.0,0.0,
5,59-409JA260,1.0,1.0,MA-59-40926-S
6,59-409JA260,1.0,1,L1-59-40926-S
1,5181-641AA18,0.0,0.0,
2,5181-641AA18,0.0,0.0,
3,5181-641AA18,0.0,0.0,
4,5181-641AA18,1.0,1.0,MA-720-65217-DRUM
5,5181-641AA18,1.0,4.0,L1-720-65217-DRUM
6,5181-641AA18,1.0,1,L2-5181-641AA18
1,3154-608AA16,0.0,0.0,
2,3154-608AA16,0.0,0.0,
3,3154-608AA16,0.0,0.0,
4,3154-608AA16,0.0,0.0,
5,3154-608AA16,1.0,1.0,MA-3154-608AA16
6,3154-608AA16,1.0,1,L1-3154-608AA16
1,1831-501DB28,0.0,0.0,
2,1831-501DB28,0.0,0.0,
3,1831-501DB28,0.0,0.0,
4,1831-501DB28,1.0,1.0,MA-1831-501AA30
5,1831-501DB28,1.0,1.0,L1-1831-501AA30
6,1831-501DB28,1.0,1,LA-1831-501AA30-DF
1,1831-501BB28,0.0,0.0,
2,1831-501BB28,0.0,0.0,
3,1831-501BB28,0.0,0.0,
4,1831-501BB28,1.0,1.0,MA-1831-501BA28
5,1831-501BB28,1.0,1.0,L1-1831-501BA28
6,1831-501BB28,1.0,1,LA-1831-501BA28-DF
1,3153-502FA28,0.0,0.0,
2,3153-502FA28,0.0,0.0,
3,3153-502FA28,0.0,0.0,
4,3153-502FA28,0.0,0.0,
5,3153-502FA28,0.0,0.0,
6,3153-502FA28,31.0,1,MA-RH-0175KD-21AA
1,5165-502AA32,0.0,0.0,
2,5165-502AA32,0.0,0.0,
3,5165-502AA32,0.0,0.0,
4,5165-502AA32,0.0,0.0,
5,5165-502AA32,1.0,1.0,MA-474-502AA34
6,5165-502AA32,1.0,1,L1-474-502AA34
1,3139-652CA34,0.0,0.0,
2,3139-652CA34,0.0,0.0,
3,3139-652CA34,0.0,0.0,
4,3139-652CA34,0.0,0.0,
5,3139-652CA34,1.0,1.0,MA-720-65234-DRUM
6,3139-652CA34,1.0,4,L1-720-65234-DRUM
1,5181-601AA20,0.0,0.0,
2,5181-601AA20,0.0,0.0,
3,5181-601AA20,0.0,0.0,
4,5181-601AA20,1.0,1.0,MA-1751-601AA20
5,5181-601AA20,1.0,1.0,L1-1751-601AA20
6,5181-601AA20,1.0,1,LA-1751-601AA20-L2
1,3154-608AA19,0.0,0.0,
2,3154-608AA19,0.0,0.0,
3,3154-608AA19,0.0,0.0,
4,3154-608AA19,0.0,0.0,
5,3154-608AA19,1.0,4.0,MA-3154-608AA19-DRUM
6,3154-608AA19,1.0,1,L1-3154-608AA19
1,5181-602AA20,0.0,0.0,
2,5181-602AA20,0.0,0.0,
3,5181-602AA20,0.0,0.0,
4,5181-602AA20,0.0,0.0,
5,5181-602AA20,0.0,0.0,
6,5181-602AA20,1.0,1,MA-RH-0031A-07E
1,5181-602GA20,0.0,0.0,
2,5181-602GA20,0.0,0.0,
3,5181-602GA20,0.0,0.0,
4,5181-602GA20,0.0,0.0,
5,5181-602GA20,0.0,0.0,
6,5181-602GA20,1.0,1,MA-RH-0031A-05C
1,5181-641AA20,0.0,0.0,
2,5181-641AA20,0.0,0.0,
3,5181-641AA20,0.0,0.0,
4,5181-641AA20,1.0,1.0,MA-720-65219-DRUM
5,5181-641AA20,1.0,4.0,L1-720-65219-DRUM
6,5181-641AA20,1.0,1,L2-5181-641AA20
1,5181-502AA20,0.0,0.0,
2,5181-502AA20,0.0,0.0,
3,5181-502AA20,0.0,0.0,
4,5181-502AA20,0.0,0.0,
5,5181-502AA20,1.0,1.0,MA-59-502B20
6,5181-502AA20,1.0,1,L1-59-502B20
1,740-410A300,0.0,0.0,
2,740-410A300,0.0,0.0,
3,740-410A300,0.0,0.0,
4,740-410A300,0.0,0.0,
5,740-410A300,1.0,1.0,MA-970-41030-S
6,740-410A300,1.0,4,LC-970-41030-S
1,5128-502EA30,0.0,0.0,
2,5128-502EA30,0.0,0.0,
3,5128-502EA30,0.0,0.0,
4,5128-502EA30,0.0,0.0,
5,5128-502EA30,1.0,1.0,MA-474-502AA30
6,5128-502EA30,1.0,1,L1-474-502AA30
1,3147-502MA30,0.0,0.0,
2,3147-502MA30,0.0,0.0,
3,3147-502MA30,0.0,0.0,
4,3147-502MA30,1.0,1.0,MA-582-502AA30
5,3147-502MA30,1.0,1.0,L1-582-502AA30
6,3147-502MA30,1.0,1,PL-3147-502MA30
1,3153-502FA30,0.0,0.0,
2,3153-502FA30,0.0,0.0,
3,3153-502FA30,0.0,0.0,
4,3153-502FA30,0.0,0.0,
5,3153-502FA30,0.0,0.0,
6,3153-502FA30,33.0,1,MA-RH-0175KD-21AA
1,1831-501BB36,0.0,0.0,
2,1831-501BB36,0.0,0.0,
3,1831-501BB36,0.0,0.0,
4,1831-501BB36,1.0,1.0,MA-1831-501BA36
5,1831-501BB36,1.0,1.0,L1-1831-501BA36
6,1831-501BB36,1.0,1,LA-1831-501BA36-DF
1,1831-501DB36,0.0,0.0,
2,1831-501DB36,0.0,0.0,
3,1831-501DB36,0.0,0.0,
4,1831-501DB36,1.0,1.0,MA-1831-501AA36
5,1831-501DB36,1.0,1.0,L1-1831-501AA36
6,1831-501DB36,1.0,1,LA-1831-501AA36-DF
1,3164-502AB36,0.0,0.0,
2,3164-502AB36,0.0,0.0,
3,3164-502AB36,0.0,0.0,
4,3164-502AB36,1.0,1.0,MA-3164-502AA36
5,3164-502AB36,1.0,1.0,L1-3164-502AA36
6,3164-502AB36,1.0,1,PL-3164-502AB36
1,3164-502ZA36,0.0,0.0,
2,3164-502ZA36,0.0,0.0,
3,3164-502ZA36,0.0,0.0,
4,3164-502ZA36,0.0,0.0,
5,3164-502ZA36,1.0,1.0,MA-3164-502AA36
6,3164-502ZA36,1.0,1,L1-3164-502AA36
1,3164-502ZA34,0.0,0.0,
2,3164-502ZA34,0.0,0.0,
3,3164-502ZA34,0.0,0.0,
4,3164-502ZA34,0.0,0.0,
5,3164-502ZA34,1.0,1.0,MA-3164-502AA34
6,3164-502ZA34,1.0,1,L1-3164-502AA34
1,1831-501BB38,0.0,0.0,
2,1831-501BB38,0.0,0.0,
3,1831-501BB38,0.0,0.0,
4,1831-501BB38,1.0,1.0,MA-1831-501BA38
5,1831-501BB38,1.0,1.0,L1-1831-501BA38
6,1831-501BB38,1.0,1,LA-1831-501BA38-DF
1,1831-501CB32,0.0,0.0,
2,1831-501CB32,0.0,0.0,
3,1831-501CB32,0.0,0.0,
4,1831-501CB32,1.0,1.0,MA-1831-501BA32
5,1831-501CB32,1.0,1.0,L1-1831-501BA32
6,1831-501CB32,1.0,1,LA-1831-501BA32-DF
1,1831-501DB38,0.0,0.0,
2,1831-501DB38,0.0,0.0,
3,1831-501DB38,0.0,0.0,
4,1831-501DB38,1.0,1.0,MA-1831-501AA38
5,1831-501DB38,1.0,1.0,L1-1831-501AA38
6,1831-501DB38,1.0,1,LA-1831-501AA38-DF
1,3164-502ZA38,0.0,0.0,
2,3164-502ZA38,0.0,0.0,
3,3164-502ZA38,0.0,0.0,
4,3164-502ZA38,0.0,0.0,
5,3164-502ZA38,1.0,1.0,MA-3164-502AA38
6,3164-502ZA38,1.0,1,L1-3164-502AA38
1,3164-502EB32,0.0,0.0,
2,3164-502EB32,0.0,0.0,
3,3164-502EB32,0.0,0.0,
4,3164-502EB32,1.0,1.0,MA-3164-502AA32
5,3164-502EB32,1.0,1.0,L1-3164-502AA32
6,3164-502EB32,1.0,1,PL-3164-502EB32
1,816-405MA300,0.0,0.0,
2,816-405MA300,0.0,0.0,
3,816-405MA300,0.0,0.0,
4,816-405MA300,0.0,0.0,
5,816-405MA300,1.0,1.0,MA-816-405CA30-S
6,816-405MA300,1.0,1,L1-816-405CA30-S
1,335-409GA300,0.0,0.0,
2,335-409GA300,0.0,0.0,
3,335-409GA300,0.0,0.0,
4,335-409GA300,0.0,0.0,
5,335-409GA300,1.0,1.0,MA-79-409B30-S
6,335-409GA300,1.0,1,L1-79-409B30-S
1,1831-501BA41,0.0,0.0,
2,1831-501BA41,0.0,0.0,
3,1831-501BA41,0.0,0.0,
4,1831-501BA41,1.0,1.0,MA-1831-501BA41
5,1831-501BA41,1.0,1.0,L1-1831-501BA41
6,1831-501BA41,1.0,1,LA-1831-501BA41-DF
1,1831-406AA41,0.0,0.0,
2,1831-406AA41,0.0,0.0,
3,1831-406AA41,1.0,1.0,MA-1831-406AA41
4,1831-406AA41,1.0,1.0,L1-1831-406AA41
5,1831-406AA41,1.0,1.0,LA-1831-406AA41-D
6,1831-406AA41,1.0,1,LA-1831-406AA41-MC
1,1831-501DA41,0.0,0.0,
2,1831-501DA41,0.0,0.0,
3,1831-501DA41,0.0,0.0,
4,1831-501DA41,1.0,1.0,MA-1831-501AA42
5,1831-501DA41,1.0,1.0,L1-1831-501AA42
6,1831-501DA41,1.0,1,LA-1831-501AA42-DF
1,580-652AA41,0.0,0.0,
2,580-652AA41,0.0,0.0,
3,580-652AA41,0.0,0.0,
4,580-652AA41,0.0,0.0,
5,580-652AA41,1.0,1.0,MA-720-65241-DRUM
6,580-652AA41,1.0,4,L1-720-65241-DRUM
1,582-502FA41,0.0,0.0,
2,582-502FA41,0.0,0.0,
3,582-502FA41,0.0,0.0,
4,582-502FA41,0.0,0.0,
5,582-502FA41,1.0,1.0,MA-582-502AA41
6,582-502FA41,1.0,1,L1-582-502AA41
1,582-502ZA41,0.0,0.0,
2,582-502ZA41,0.0,0.0,
3,582-502ZA41,0.0,0.0,
4,582-502ZA41,0.0,0.0,
5,582-502ZA41,1.0,1.0,MA-582-502AA41
6,582-502ZA41,1.0,1,L1-582-502AA41
1,582-601FA41,0.0,0.0,
2,582-601FA41,0.0,0.0,
3,582-601FA41,0.0,0.0,
4,582-601FA41,1.0,1.0,MA-603-601-BLOCK
5,582-601FA41,22.0,1.0,MC-603-601-BLOCK
6,582-601FA41,1.0,1,PL-582-601FA41
1,1831-501EA26,0.0,0.0,
2,1831-501EA26,0.0,0.0,
3,1831-501EA26,0.0,0.0,
4,1831-501EA26,1.0,1.0,MA-1831-501EA26
5,1831-501EA26,1.0,1.0,L1-1831-501EA26
6,1831-501EA26,1.0,1,LA-1831-501EA26-DF
1,600-652BA26,0.0,0.0,
2,600-652BA26,0.0,0.0,
3,600-652BA26,0.0,0.0,
4,600-652BA26,0.0,0.0,
5,600-652BA26,1.0,1.0,MA-720-65226-DRUM
6,600-652BA26,1.0,4,L1-720-65226-DRUM
1,740-409DA410,0.0,0.0,
2,740-409DA410,0.0,0.0,
3,740-409DA410,0.0,0.0,
4,740-409DA410,0.0,0.0,
5,740-409DA410,1.0,1.0,MA-740-40941-S
6,740-409DA410,1.0,5,LC-740-40941-S
1,740-410HA410,0.0,0.0,
2,740-410HA410,0.0,0.0,
3,740-410HA410,0.0,0.0,
4,740-410HA410,0.0,0.0,
5,740-410HA410,1.0,1.0,MA-970-41041-S
6,740-410HA410,1.0,4,LC-970-41041-S
1,603-60841,0.0,0.0,
2,603-60841,0.0,0.0,
3,603-60841,0.0,0.0,
4,603-60841,0.0,0.0,
5,603-60841,1.0,4.0,MA-603-608AA41-DRUM
6,603-60841,1.0,1,L1-603-608AA41
1,600-502BA26,0.0,0.0,
2,600-502BA26,0.0,0.0,
3,600-502BA26,0.0,0.0,
4,600-502BA26,1.0,1.0,MA-600-502AA26
5,600-502BA26,1.0,1.0,L1-600-502AA26
6,600-502BA26,1.0,1,PL-600-502BA26
1,603-601GA26,0.0,0.0,
2,603-601GA26,0.0,0.0,
3,603-601GA26,0.0,0.0,
4,603-601GA26,1.0,1.0,MA-603-601-BLOCK
5,603-601GA26,17.0,1.0,MC-603-601-BLOCK
6,603-601GA26,1.0,1,PL-603-601GA26
1,87-405SA410,0.0,0.0,
2,87-405SA410,0.0,0.0,
3,87-405SA410,0.0,0.0,
4,87-405SA410,0.0,0.0,
5,87-405SA410,1.0,1.0,MA-87-40541-S
6,87-405SA410,1.0,1,L1-87-405LA41-S
1,1831-501BB40,0.0,0.0,
2,1831-501BB40,0.0,0.0,
3,1831-501BB40,0.0,0.0,
4,1831-501BB40,1.0,1.0,MA-1831-501BA40
5,1831-501BB40,1.0,1.0,L1-1831-501BA40
6,1831-501BB40,1.0,1,LA-1831-501BA40-DF
1,1831-501DB40,0.0,0.0,
2,1831-501DB40,0.0,0.0,
3,1831-501DB40,0.0,0.0,
4,1831-501DB40,1.0,1.0,MA-1831-501AA40
5,1831-501DB40,1.0,1.0,L1-1831-501AA40
6,1831-501DB40,1.0,1,LA-1831-501AA40-DF
1,3164-502AB38,0.0,0.0,
2,3164-502AB38,0.0,0.0,
3,3164-502AB38,0.0,0.0,
4,3164-502AB38,1.0,1.0,MA-3164-502AA38
5,3164-502AB38,1.0,1.0,L1-3164-502AA38
6,3164-502AB38,1.0,1,PL-3164-502AB38
1,3164-502AB40,0.0,0.0,
2,3164-502AB40,0.0,0.0,
3,3164-502AB40,0.0,0.0,
4,3164-502AB40,1.0,1.0,MA-3164-502AA40
5,3164-502AB40,1.0,1.0,L1-3164-502AA40
6,3164-502AB40,1.0,1,PL-3164-502AB40
1,5546-405AA190,0.0,0.0,
2,5546-405AA190,0.0,0.0,
3,5546-405AA190,0.0,0.0,
4,5546-405AA190,0.0,0.0,
5,5546-405AA190,1.0,1.0,MA-5546-405AA19-S
6,5546-405AA190,1.0,1,L1-5546-405AA19-S
1,4108-601FA26,0.0,0.0,
2,4108-601FA26,0.0,0.0,
3,4108-601FA26,0.0,0.0,
4,4108-601FA26,0.0,0.0,
5,4108-601FA26,1.0,1.0,MA-748-601AA26
6,4108-601FA26,1.0,1,L1-748-601AA26
1,631-502RA26,0.0,0.0,
2,631-502RA26,0.0,0.0,
3,631-502RA26,0.0,0.0,
4,631-502RA26,0.0,0.0,
5,631-502RA26,1.0,3.0,MA-631-50226
6,631-502RA26,1.0,1,L1-631-50226
1,SPL-2832-406AA30,0.0,0.0,
2,SPL-2832-406AA30,0.0,0.0,
3,SPL-2832-406AA30,1.0,1.0,MA-161-406QE30
4,SPL-2832-406AA30,1.0,1.0,L1-SPL-2832-406AA30
5,SPL-2832-406AA30,1.0,1.0,LA-SPL-2832-406AA30-D
6,SPL-2832-406AA30,1.0,1,LA-SPL-2832-406AA30-MC
1,SPL-2841-401AA24,0.0,0.0,
2,SPL-2841-401AA24,0.0,0.0,
3,SPL-2841-401AA24,0.0,0.0,
4,SPL-2841-401AA24,1.0,1.0,MA-1751-401BB24
5,SPL-2841-401AA24,1.0,1.0,L1-1751-401BB24
6,SPL-2841-401AA24,1.0,1,LA-1751-401BB24-D
1,5546-502EA38,0.0,0.0,
2,5546-502EA38,0.0,0.0,
3,5546-502EA38,0.0,0.0,
4,5546-502EA38,0.0,0.0,
5,5546-502EA38,1.0,1.0,MA-5546-502AA38
6,5546-502EA38,1.0,1,L1-5546-502AA38
1,1731-406DA17,0.0,0.0,
2,1731-406DA17,0.0,0.0,
3,1731-406DA17,1.0,1.0,MA-1731-406DA17
4,1731-406DA17,1.0,1.0,L1-1731-406DA17
5,1731-406DA17,1.0,1.0,LA-1731-406DA17-D
6,1731-406DA17,1.0,1,LA-1731-406DA17-MC
1,201-405AA180,0.0,0.0,
2,201-405AA180,0.0,0.0,
3,201-405AA180,0.0,0.0,
4,201-405AA180,0.0,0.0,
5,201-405AA180,1.0,1.0,MA-57-40518-S
6,201-405AA180,1.0,1,L1-57-40518-S
1,201-409BB180,0.0,0.0,
2,201-409BB180,0.0,0.0,
3,201-409BB180,0.0,0.0,
4,201-409BB180,0.0,0.0,
5,201-409BB180,1.0,1.0,MA-201-40918-S
6,201-409BB180,1.0,1,L1-201-409BA18-S
1,3153-502KB34,0.0,0.0,
2,3153-502KB34,0.0,0.0,
3,3153-502KB34,0.0,0.0,
4,3153-502KB34,1.0,1.0,MA-3153-502AC34
5,3153-502KB34,1.0,1.0,L1-3153-502AC34
6,3153-502KB34,1.0,1,PL-3153-502KB34
1,3153-502JC34,0.0,0.0,
2,3153-502JC34,0.0,0.0,
3,3153-502JC34,0.0,0.0,
4,3153-502JC34,0.0,0.0,
5,3153-502JC34,1.0,1.0,MA-3153-502AC34
6,3153-502JC34,1.0,1,L1-3153-502AC34
1,3153-502FB30,0.0,0.0,
2,3153-502FB30,0.0,0.0,
3,3153-502FB30,0.0,0.0,
4,3153-502FB30,1.0,1.0,MA-600-502AA30
5,3153-502FB30,1.0,1.0,L1-3153-502AC30
6,3153-502FB30,1.0,1,PL-3153-502FB30
1,3153-502KB30,0.0,0.0,
2,3153-502KB30,0.0,0.0,
3,3153-502KB30,0.0,0.0,
4,3153-502KB30,1.0,1.0,MA-600-502AA30
5,3153-502KB30,1.0,1.0,L1-3153-502AC30
6,3153-502KB30,1.0,1,PL-3153-502KB30
1,65-405MA330,0.0,0.0,
2,65-405MA330,0.0,0.0,
3,65-405MA330,0.0,0.0,
4,65-405MA330,0.0,0.0,
5,65-405MA330,1.0,1.0,MA-65-40533-S
6,65-405MA330,1.0,1,L1-65-40533-S
1,65-409MA330,0.0,0.0,
2,65-409MA330,0.0,0.0,
3,65-409MA330,0.0,0.0,
4,65-409MA330,0.0,0.0,
5,65-409MA330,1.0,1.0,MA-64-409B33-S
6,65-409MA330,1.0,1,L1-64-409B33-S
1,3922-502FA30,0.0,0.0,
2,3922-502FA30,0.0,0.0,
3,3922-502FA30,0.0,0.0,
4,3922-502FA30,1.0,1.0,MA-600-502AA30
5,3922-502FA30,1.0,1.0,L1-3922-502AC30
6,3922-502FA30,1.0,1,PL-3922-502FA30
1,161-406UA38,0.0,0.0,
2,161-406UA38,0.0,0.0,
3,161-406UA38,1.0,1.0,MA-161-406UA38
4,161-406UA38,1.0,1.0,L1-161-406UA38
5,161-406UA38,1.0,1.0,LA-161-406UA38-D
6,161-406UA38,1.0,1,LA-161-406UA38-MC
1,5546-501AA38,0.0,0.0,
2,5546-501AA38,0.0,0.0,
3,5546-501AA38,0.0,0.0,
4,5546-501AA38,1.0,1.0,MA-5500-501GA38
5,5546-501AA38,1.0,1.0,L1-5500-501GA38
6,5546-501AA38,1.0,1,LA-5500-501GA38-DF
1,201-405AA140,0.0,0.0,
2,201-405AA140,0.0,0.0,
3,201-405AA140,0.0,0.0,
4,201-405AA140,0.0,0.0,
5,201-405AA140,1.0,1.0,MA-57-40514-S
6,201-405AA140,1.0,1,L1-57-40514-S
1,201-409DA140,0.0,0.0,
2,201-409DA140,0.0,0.0,
3,201-409DA140,0.0,0.0,
4,201-409DA140,0.0,0.0,
5,201-409DA140,1.0,1.0,MA-201-40914-S
6,201-409DA140,1.0,1,L1-201-409DA14-S
1,5182-405AA130,0.0,0.0,
2,5182-405AA130,0.0,0.0,
3,5182-405AA130,0.0,0.0,
4,5182-405AA130,0.0,0.0,
5,5182-405AA130,1.0,1.0,MA-5182-405AA13-S
6,5182-405AA130,1.0,1,L1-5182-405AA13-S
1,5182-409AA130,0.0,0.0,
2,5182-409AA130,0.0,0.0,
3,5182-409AA130,0.0,0.0,
4,5182-409AA130,0.0,0.0,
5,5182-409AA130,1.0,1.0,MA-5182-409AA13-S
6,5182-409AA130,1.0,1,L1-5182-409AA13-S
1,5546-405AA380,0.0,0.0,
2,5546-405AA380,0.0,0.0,
3,5546-405AA380,0.0,0.0,
4,5546-405AA380,0.0,0.0,
5,5546-405AA380,1.0,1.0,MA-5546-405AA38-S
6,5546-405AA380,1.0,1,L1-5546-405AA38-S
1,975-405CA300,0.0,0.0,
2,975-405CA300,0.0,0.0,
3,975-405CA300,0.0,0.0,
4,975-405CA300,0.0,0.0,
5,975-405CA300,1.0,1.0,MA-816-405CA30-S
6,975-405CA300,1.0,1,L1-816-405CA30-S
1,3139-608AC36,0.0,0.0,
2,3139-608AC36,0.0,0.0,
3,3139-608AC36,0.0,0.0,
4,3139-608AC36,0.0,0.0,
5,3139-608AC36,1.0,3.0,MA-973-608AA36-DRUM
6,3139-608AC36,1.0,1,L1-631-60836
1,4117-601FA36,0.0,0.0,
2,4117-601FA36,0.0,0.0,
3,4117-601FA36,0.0,0.0,
4,4117-601FA36,0.0,0.0,
5,4117-601FA36,1.0,1.0,MA-748-601AA36
6,4117-601FA36,1.0,1,L1-748-601AA36
1,4117-652AA36,0.0,0.0,
2,4117-652AA36,0.0,0.0,
3,4117-652AA36,0.0,0.0,
4,4117-652AA36,0.0,0.0,
5,4117-652AA36,1.0,1.0,MA-720-65236-DRUM
6,4117-652AA36,1.0,4,L1-720-65236-DRUM
1,790-502BA26,0.0,0.0,
2,790-502BA26,0.0,0.0,
3,790-502BA26,0.0,0.0,
4,790-502BA26,0.0,0.0,
5,790-502BA26,1.0,1.0,MA-790-502AA26
6,790-502BA26,1.0,1,L1-790-502AA26
1,560-601BA26,0.0,0.0,
2,560-601BA26,0.0,0.0,
3,560-601BA26,0.0,0.0,
4,560-601BA26,0.0,0.0,
5,560-601BA26,1.0,1.0,MA-560-601AA26
6,560-601BA26,1.0,1,L1-560-601AA26
1,888-651AA30,0.0,0.0,
2,888-651AA30,0.0,0.0,
3,888-651AA30,0.0,0.0,
4,888-651AA30,0.0,0.0,
5,888-651AA30,1.0,1.0,MA-625-65130-DRUM
6,888-651AA30,1.0,4,L1-625-65130-DRUM
1,888-502AB30,0.0,0.0,
2,888-502AB30,0.0,0.0,
3,888-502AB30,0.0,0.0,
4,888-502AB30,0.0,0.0,
5,888-502AB30,1.0,1.0,MA-888-502AA30
6,888-502AB30,1.0,1,L1-888-502AA30
1,4109-502FA30,0.0,0.0,
2,4109-502FA30,0.0,0.0,
3,4109-502FA30,0.0,0.0,
4,4109-502FA30,0.0,0.0,
5,4109-502FA30,1.0,1.0,MA-4109-502AA30
6,4109-502FA30,1.0,1,L1-4109-502AA30
1,1631-103CA30,0.0,0.0,
2,1631-103CA30,0.0,0.0,
3,1631-103CA30,0.0,0.0,
4,1631-103CA30,0.0,0.0,
5,1631-103CA30,0.0,0.0,
6,1631-103CA30,1.0,1,MA-1831-103AB30
1,73-409KA360,0.0,0.0,
2,73-409KA360,0.0,0.0,
3,73-409KA360,0.0,0.0,
4,73-409KA360,0.0,0.0,
5,73-409KA360,1.0,1.0,MA-57-40936-S
6,73-409KA360,1.0,1,L1-57-40936-S
1,3154-410AA170,0.0,0.0,
2,3154-410AA170,0.0,0.0,
3,3154-410AA170,0.0,0.0,
4,3154-410AA170,0.0,0.0,
5,3154-410AA170,1.0,1.0,MA-970-41017-S
6,3154-410AA170,1.0,3,LC-970-41017-S
1,3154-410AA150,0.0,0.0,
2,3154-410AA150,0.0,0.0,
3,3154-410AA150,0.0,0.0,
4,3154-410AA150,0.0,0.0,
5,3154-410AA150,1.0,1.0,MA-970-41015-S
6,3154-410AA150,1.0,3,LC-970-41015-S
1,3166-652AA15,0.0,0.0,
2,3166-652AA15,0.0,0.0,
3,3166-652AA15,0.0,0.0,
4,3166-652AA15,1.0,1.0,MA-720-65215-DRUM
5,3166-652AA15,1.0,4.0,L1-720-65215-DRUM
6,3166-652AA15,1.0,1,L2-3151-652AB15
1,1831-501DC38,0.0,0.0,
2,1831-501DC38,0.0,0.0,
3,1831-501DC38,0.0,0.0,
4,1831-501DC38,1.0,1.0,MA-1831-501AA38
5,1831-501DC38,1.0,1.0,L1-1831-501AA38
6,1831-501DC38,1.0,1,LA-1831-501AA38-DF
1,201-602CA14,0.0,0.0,
2,201-602CA14,0.0,0.0,
3,201-602CA14,0.0,0.0,
4,201-602CA14,0.0,0.0,
5,201-602CA14,1.0,1.0,MA-RH-0031A-20AA
6,201-602CA14,1.0,1,MC-RH-0031A-20AA
1,201-602DA14,0.0,0.0,
2,201-602DA14,0.0,0.0,
3,201-602DA14,0.0,0.0,
4,201-602DA14,0.0,0.0,
5,201-602DA14,1.0,1.0,MA-RH-0031A-20AA
6,201-602DA14,1.0,1,MC-RH-0031A-20AA
1,201-602EA14,0.0,0.0,
2,201-602EA14,0.0,0.0,
3,201-602EA14,0.0,0.0,
4,201-602EA14,0.0,0.0,
5,201-602EA14,1.0,1.0,MA-RH-0031A-20AA
6,201-602EA14,1.0,1,MC-RH-0031A-20AA
1,201-602FA14,0.0,0.0,
2,201-602FA14,0.0,0.0,
3,201-602FA14,0.0,0.0,
4,201-602FA14,0.0,0.0,
5,201-602FA14,1.0,1.0,MA-RH-0031A-20AA
6,201-602FA14,1.0,1,MC-RH-0031A-20AA
1,201-602GA14,0.0,0.0,
2,201-602GA14,0.0,0.0,
3,201-602GA14,0.0,0.0,
4,201-602GA14,0.0,0.0,
5,201-602GA14,1.0,1.0,MA-RH-0031A-20AA
6,201-602GA14,1.0,1,MC-RH-0031A-20AA
1,201-602HA14,0.0,0.0,
2,201-602HA14,0.0,0.0,
3,201-602HA14,0.0,0.0,
4,201-602HA14,0.0,0.0,
5,201-602HA14,1.0,1.0,MA-RH-0031A-20AA
6,201-602HA14,1.0,1,MC-RH-0031A-20AA
1,3166-501BA15,0.0,0.0,
2,3166-501BA15,0.0,0.0,
3,3166-501BA15,0.0,0.0,
4,3166-501BA15,0.0,0.0,
5,3166-501BA15,1.0,1.0,MA-19B-501ZGA15
6,3166-501BA15,1.0,1,L1-19B-501ZGA15
1,3166-601EA15,0.0,0.0,
2,3166-601EA15,0.0,0.0,
3,3166-601EA15,0.0,0.0,
4,3166-601EA15,0.0,0.0,
5,3166-601EA15,1.0,1.0,MA-3154-601AA15
6,3166-601EA15,1.0,1,L1-3154-601AA15
1,1831-501DC40,0.0,0.0,
2,1831-501DC40,0.0,0.0,
3,1831-501DC40,0.0,0.0,
4,1831-501DC40,1.0,1.0,MA-1831-501AA40
5,1831-501DC40,1.0,1.0,L1-1831-501AA40
6,1831-501DC40,1.0,1,LA-1831-501AA40-DF
1,3157-502FA30,0.0,0.0,
2,3157-502FA30,0.0,0.0,
3,3157-502FA30,0.0,0.0,
4,3157-502FA30,0.0,0.0,
5,3157-502FA30,1.0,1.0,MA-4109-502AA30
6,3157-502FA30,1.0,1,L1-4109-502AA30
1,3239-502AB34,0.0,0.0,
2,3239-502AB34,0.0,0.0,
3,3239-502AB34,0.0,0.0,
4,3239-502AB34,1.0,1.0,MA-600-502AA34
5,3239-502AB34,1.0,1.0,L1-4109-502AA34
6,3239-502AB34,1.0,1,PL-3239-502AB34
1,631-502NA26,0.0,0.0,
2,631-502NA26,0.0,0.0,
3,631-502NA26,0.0,0.0,
4,631-502NA26,1.0,1.0,MA-631-50226
5,631-502NA26,1.0,1.0,L1-631-50226
6,631-502NA26,1.0,1,PL-631-502NA26
1,3153-502KB32,0.0,0.0,
2,3153-502KB32,0.0,0.0,
3,3153-502KB32,0.0,0.0,
4,3153-502KB32,1.0,1.0,MA-600-502AA32
5,3153-502KB32,1.0,1.0,L1-3153-502AC32
6,3153-502KB32,1.0,1,PL-3153-502KB32
1,3157-601FA30,0.0,0.0,
2,3157-601FA30,0.0,0.0,
3,3157-601FA30,0.0,0.0,
4,3157-601FA30,1.0,1.0,MA-603-601-BLOCK
5,3157-601FA30,17.0,1.0,MC-603-601-BLOCK
6,3157-601FA30,1.0,1,PL-3157-601FA30
1,3166-652AA23,0.0,0.0,
2,3166-652AA23,0.0,0.0,
3,3166-652AA23,0.0,0.0,
4,3166-652AA23,0.0,0.0,
5,3166-652AA23,1.0,1.0,MA-720-65223-DRUM
6,3166-652AA23,1.0,4,L1-720-65223-DRUM
1,600-502KA38,0.0,0.0,
2,600-502KA38,0.0,0.0,
3,600-502KA38,0.0,0.0,
4,600-502KA38,0.0,0.0,
5,600-502KA38,1.0,1.0,MA-600-502AA38
6,600-502KA38,1.0,1,L1-600-502AA38
1,600-652BA38,0.0,0.0,
2,600-652BA38,0.0,0.0,
3,600-652BA38,0.0,0.0,
4,600-652BA38,0.0,0.0,
5,600-652BA38,1.0,1.0,MA-720-65238-DRUM
6,600-652BA38,1.0,4,L1-720-65238-DRUM
1,603-601GA38,0.0,0.0,
2,603-601GA38,0.0,0.0,
3,603-601GA38,0.0,0.0,
4,603-601GA38,1.0,1.0,MA-603-601-BLOCK
5,603-601GA38,20.0,1.0,MC-603-601-BLOCK
6,603-601GA38,1.0,1,PL-603-601GA38
1,1731-406BA22,0.0,0.0,
2,1731-406BA22,0.0,0.0,
3,1731-406BA22,0.0,0.0,
4,1731-406BA22,1.0,1.0,MA-1731-406BA22
5,1731-406BA22,1.0,1.0,L1-1731-406BA22
6,1731-406BA22,1.0,1,LA-1731-406BA22-MC
1,87-405LA380,0.0,0.0,
2,87-405LA380,0.0,0.0,
3,87-405LA380,0.0,0.0,
4,87-405LA380,0.0,0.0,
5,87-405LA380,1.0,1.0,MA-87-40538-S
6,87-405LA380,1.0,1,L1-87-405EA38-S
1,6108-502FA38,0.0,0.0,
2,6108-502FA38,0.0,0.0,
3,6108-502FA38,0.0,0.0,
4,6108-502FA38,0.0,0.0,
5,6108-502FA38,1.0,1.0,MA-5517-502AA38
6,6108-502FA38,1.0,1,L1-5517-502AA38
1,3166-501BA19,0.0,0.0,
2,3166-501BA19,0.0,0.0,
3,3166-501BA19,0.0,0.0,
4,3166-501BA19,0.0,0.0,
5,3166-501BA19,1.0,1.0,MA-19B-501ZGA19
6,3166-501BA19,1.0,1,L1-19B-501ZGA19
1,3166-601EA19,0.0,0.0,
2,3166-601EA19,0.0,0.0,
3,3166-601EA19,0.0,0.0,
4,3166-601EA19,0.0,0.0,
5,3166-601EA19,1.0,1.0,MA-3154-601AA19
6,3166-601EA19,1.0,1,L1-3154-601AA19
1,3164-502EB34,0.0,0.0,
2,3164-502EB34,0.0,0.0,
3,3164-502EB34,0.0,0.0,
4,3164-502EB34,1.0,1.0,MA-3164-502AA34
5,3164-502EB34,1.0,1.0,L1-3164-502AA34
6,3164-502EB34,1.0,1,PL-3164-502EB34
1,1631-103CA38,0.0,0.0,
2,1631-103CA38,0.0,0.0,
3,1631-103CA38,0.0,0.0,
4,1631-103CA38,0.0,0.0,
5,1631-103CA38,1.0,1.0,MA-1831-103AB36
6,1631-103CA38,1.0,1,MC-1831-103AB36
1,5611-502AA34,0.0,0.0,
2,5611-502AA34,0.0,0.0,
3,5611-502AA34,0.0,0.0,
4,5611-502AA34,0.0,0.0,
5,5611-502AA34,1.0,1.0,MA-5517-502AA34
6,5611-502AA34,1.0,1,L1-5517-502AA34
1,3139-652CA36,0.0,0.0,
2,3139-652CA36,0.0,0.0,
3,3139-652CA36,0.0,0.0,
4,3139-652CA36,0.0,0.0,
5,3139-652CA36,1.0,1.0,MA-720-65236-DRUM
6,3139-652CA36,1.0,4,L1-720-65236-DRUM
1,3922-601FA34,0.0,0.0,
2,3922-601FA34,0.0,0.0,
3,3922-601FA34,0.0,0.0,
4,3922-601FA34,0.0,0.0,
5,3922-601FA34,1.0,1.0,MA-748-601AA34
6,3922-601FA34,1.0,1,L1-748-601AA34
1,3922-652AA34,0.0,0.0,
2,3922-652AA34,0.0,0.0,
3,3922-652AA34,0.0,0.0,
4,3922-652AA34,0.0,0.0,
5,3922-652AA34,1.0,1.0,MA-3922-652AA34-DRUM
6,3922-652AA34,1.0,3,L1-3922-652AA34-DRUM
1,3922-502KA34,0.0,0.0,
2,3922-502KA34,0.0,0.0,
3,3922-502KA34,0.0,0.0,
4,3922-502KA34,1.0,1.0,MA-600-502AA34
5,3922-502KA34,1.0,1.0,L1-3922-502AC34
6,3922-502KA34,1.0,1,PL-3922-502KA34
1,3139-601FA36,0.0,0.0,
2,3139-601FA36,0.0,0.0,
3,3139-601FA36,0.0,0.0,
4,3139-601FA36,0.0,0.0,
5,3139-601FA36,21.0,1.0,MA-RV-0173
6,3139-601FA36,1.0,1,PL-3139-601FA36
1,5165-502EA38,0.0,0.0,
2,5165-502EA38,0.0,0.0,
3,5165-502EA38,0.0,0.0,
4,5165-502EA38,1.0,1.0,MA-474-502AA34
5,5165-502EA38,1.3,1.0,L1-474-502AA34
6,5165-502EA38,1.0,1,PL-5165-502EA38
1,3166-652AA22,0.0,0.0,
2,3166-652AA22,0.0,0.0,
3,3166-652AA22,0.0,0.0,
4,3166-652AA22,0.0,0.0,
5,3166-652AA22,1.0,1.0,MA-720-65222-DRUM
6,3166-652AA22,1.0,4,L1-720-65222-DRUM
1,5154-601AA32,0.0,0.0,
2,5154-601AA32,0.0,0.0,
3,5154-601AA32,0.0,0.0,
4,5154-601AA32,1.0,1.0,MA-165-601BA34
5,5154-601AA32,1.0,1.0,L1-165-601BA34
6,5154-601AA32,1.0,1,LA-165-601HA32-L2
1,161-404AEC,0.0,0.0,
2,161-404AEC,0.0,0.0,
3,161-404AEC,0.0,0.0,
4,161-404AEC,0.0,0.0,
5,161-404AEC,1.0,1.0,MA-161-404AEC
6,161-404AEC,1.0,1,MC-161-404AEC
1,479-502EB30,0.0,0.0,
2,479-502EB30,0.0,0.0,
3,479-502EB30,0.0,0.0,
4,479-502EB30,0.0,0.0,
5,479-502EB30,1.0,1.0,MA-474-502AA30
6,479-502EB30,1.0,1,L1-474-502AA30
1,3557-601EA30,0.0,0.0,
2,3557-601EA30,0.0,0.0,
3,3557-601EA30,0.0,0.0,
4,3557-601EA30,0.0,0.0,
5,3557-601EA30,1.0,1.0,MA-3557-601AA30
6,3557-601EA30,1.0,1,L1-3557-601AA30
1,3557-652AA30,0.0,0.0,
2,3557-652AA30,0.0,0.0,
3,3557-652AA30,0.0,0.0,
4,3557-652AA30,0.0,0.0,
5,3557-652AA30,1.0,1.0,MA-720-65230-DRUM
6,3557-652AA30,1.0,4,L1-720-65230-DRUM
1,3557-502EA30,0.0,0.0,
2,3557-502EA30,0.0,0.0,
3,3557-502EA30,0.0,0.0,
4,3557-502EA30,1.0,1.0,MA-4109-502AA30
5,3557-502EA30,1.0,1.0,L1-4109-502AA30
6,3557-502EA30,1.0,1,PL-3557-502EA30
1,3153-601FA36,0.0,0.0,
2,3153-601FA36,0.0,0.0,
3,3153-601FA36,0.0,0.0,
4,3153-601FA36,1.0,1.0,MA-603-601-BLOCK
5,3153-601FA36,19.0,1.0,MC-603-601-BLOCK
6,3153-601FA36,1.0,1,PL-3153-601FA36
1,115-103CB38,0.0,0.0,
2,115-103CB38,0.0,0.0,
3,115-103CB38,0.0,0.0,
4,115-103CB38,0.0,0.0,
5,115-103CB38,0.0,0.0,
6,115-103CB38,1.0,1,MA-115-103BA38
1,479-502EB33,0.0,0.0,
2,479-502EB33,0.0,0.0,
3,479-502EB33,0.0,0.0,
4,479-502EB33,0.0,0.0,
5,479-502EB33,1.0,1.0,MA-474-502AA33
6,479-502EB33,1.0,1,L1-474-502AA33
1,478-502EC33,0.0,0.0,
2,478-502EC33,0.0,0.0,
3,478-502EC33,0.0,0.0,
4,478-502EC33,0.0,0.0,
5,478-502EC33,1.0,1.0,MA-474-502AA33
6,478-502EC33,1.0,1,L1-474-502AA33
1,65-405MA300,0.0,0.0,
2,65-405MA300,0.0,0.0,
3,65-405MA300,0.0,0.0,
4,65-405MA300,0.0,0.0,
5,65-405MA300,1.0,1.0,MA-65-40531-S
6,65-405MA300,1.0,1,L1-65-40531-S
1,65-409MA300,0.0,0.0,
2,65-409MA300,0.0,0.0,
3,65-409MA300,0.0,0.0,
4,65-409MA300,0.0,0.0,
5,65-409MA300,1.0,1.0,MA-73-40930-S
6,65-409MA300,1.0,1,L1-73-40930-S
1,3139-601FA38,0.0,0.0,
2,3139-601FA38,0.0,0.0,
3,3139-601FA38,0.0,0.0,
4,3139-601FA38,0.0,0.0,
5,3139-601FA38,21.0,1.0,MA-RV-0173
6,3139-601FA38,1.0,1,PL-3139-601FA38
1,6111-602AA30,0.0,0.0,
2,6111-602AA30,0.0,0.0,
3,6111-602AA30,0.0,0.0,
4,6111-602AA30,0.0,0.0,
5,6111-602AA30,0.0,0.0,
6,6111-602AA30,1.0,1,MA-RH-0031K-06G
1,6111-602BA30,0.0,0.0,
2,6111-602BA30,0.0,0.0,
3,6111-602BA30,0.0,0.0,
4,6111-602BA30,0.0,0.0,
5,6111-602BA30,0.0,0.0,
6,6111-602BA30,1.0,1,MA-RH-0031A-05H
1,6111-602CA30,0.0,0.0,
2,6111-602CA30,0.0,0.0,
3,6111-602CA30,0.0,0.0,
4,6111-602CA30,0.0,0.0,
5,6111-602CA30,0.0,0.0,
6,6111-602CA30,1.0,1,MA-RH-0031A-05H
1,6111-602DA30,0.0,0.0,
2,6111-602DA30,0.0,0.0,
3,6111-602DA30,0.0,0.0,
4,6111-602DA30,0.0,0.0,
5,6111-602DA30,0.0,0.0,
6,6111-602DA30,1.0,1,MA-RH-0031A-05H
1,5181-405AA170,0.0,0.0,
2,5181-405AA170,0.0,0.0,
3,5181-405AA170,0.0,0.0,
4,5181-405AA170,0.0,0.0,
5,5181-405AA170,1.0,1.0,MA-57-40517-S
6,5181-405AA170,1.0,1,L1-57-40517-S
1,5181-405AA200,0.0,0.0,
2,5181-405AA200,0.0,0.0,
3,5181-405AA200,0.0,0.0,
4,5181-405AA200,0.0,0.0,
5,5181-405AA200,1.0,1.0,MA-57-40520-S
6,5181-405AA200,1.0,1,L1-57-40520-S
1,5181-409AA170,0.0,0.0,
2,5181-409AA170,0.0,0.0,
3,5181-409AA170,0.0,0.0,
4,5181-409AA170,0.0,0.0,
5,5181-409AA170,1.0,1.0,MA-59-40917-S
6,5181-409AA170,1.0,1,L1-59-40917-S
1,5181-409AA200,0.0,0.0,
2,5181-409AA200,0.0,0.0,
3,5181-409AA200,0.0,0.0,
4,5181-409AA200,0.0,0.0,
5,5181-409AA200,1.0,1.0,MA-59-40920-S
6,5181-409AA200,1.0,1,L1-59-40920-S
1,6211-409DA300,0.0,0.0,
2,6211-409DA300,0.0,0.0,
3,6211-409DA300,0.0,0.0,
4,6211-409DA300,0.0,0.0,
5,6211-409DA300,1.0,1.0,MA-6104-409CA30-S
6,6211-409DA300,1.0,1,L1-6104-409CA30-S
1,6111-502ZA30,0.0,0.0,
2,6111-502ZA30,0.0,0.0,
3,6111-502ZA30,0.0,0.0,
4,6111-502ZA30,0.0,0.0,
5,6111-502ZA30,1.0,1.0,MA-5517-502AA30
6,6111-502ZA30,1.0,1,L1-5517-502AA30
1,5181-502AA16,0.0,0.0,
2,5181-502AA16,0.0,0.0,
3,5181-502AA16,0.0,0.0,
4,5181-502AA16,0.0,0.0,
5,5181-502AA16,1.0,1.0,MA-59-502B16
6,5181-502AA16,1.0,1,L1-59-502B16
1,5181-601AA16,0.0,0.0,
2,5181-601AA16,0.0,0.0,
3,5181-601AA16,0.0,0.0,
4,5181-601AA16,1.0,1.0,MA-1751-601AA16
5,5181-601AA16,1.0,1.0,L1-1751-601AA16
6,5181-601AA16,1.0,1,LA-1751-601AA16-L2
1,5181-641AA16,0.0,0.0,
2,5181-641AA16,0.0,0.0,
3,5181-641AA16,0.0,0.0,
4,5181-641AA16,1.0,1.0,MA-720-65215-DRUM
5,5181-641AA16,1.0,4.0,L1-720-65215-DRUM
6,5181-641AA16,1.0,1,L2-5181-641AA16
1,5181-602AA16,0.0,0.0,
2,5181-602AA16,0.0,0.0,
3,5181-602AA16,0.0,0.0,
4,5181-602AA16,0.0,0.0,
5,5181-602AA16,0.0,0.0,
6,5181-602AA16,1.0,1,MA-RH-0031A-06E
1,5181-602BA16,0.0,0.0,
2,5181-602BA16,0.0,0.0,
3,5181-602BA16,0.0,0.0,
4,5181-602BA16,0.0,0.0,
5,5181-602BA16,0.0,0.0,
6,5181-602BA16,1.0,1,MA-RH-0031A-05C
1,5181-602GA16,0.0,0.0,
2,5181-602GA16,0.0,0.0,
3,5181-602GA16,0.0,0.0,
4,5181-602GA16,0.0,0.0,
5,5181-602GA16,0.0,0.0,
6,5181-602GA16,1.0,1,MA-RH-0031A-05C
1,5181-405AA180,0.0,0.0,
2,5181-405AA180,0.0,0.0,
3,5181-405AA180,0.0,0.0,
4,5181-405AA180,0.0,0.0,
5,5181-405AA180,1.0,1.0,MA-57-40518-S
6,5181-405AA180,1.0,1,L1-57-40518-S
1,5181-405AA210,0.0,0.0,
2,5181-405AA210,0.0,0.0,
3,5181-405AA210,0.0,0.0,
4,5181-405AA210,0.0,0.0,
5,5181-405AA210,1.0,1.0,MA-57-40521-S
6,5181-405AA210,1.0,1,L1-57-40521-S
1,5181-409AA180,0.0,0.0,
2,5181-409AA180,0.0,0.0,
3,5181-409AA180,0.0,0.0,
4,5181-409AA180,0.0,0.0,
5,5181-409AA180,1.0,1.0,MA-59-40918-S
6,5181-409AA180,1.0,1,L1-59-40918-S
1,5181-409AA210,0.0,0.0,
2,5181-409AA210,0.0,0.0,
3,5181-409AA210,0.0,0.0,
4,5181-409AA210,0.0,0.0,
5,5181-409AA210,1.0,1.0,MA-59-40921-S
6,5181-409AA210,1.0,1,L1-59-40921-S
1,1751-401CA24,0.0,0.0,
2,1751-401CA24,0.0,0.0,
3,1751-401CA24,0.0,0.0,
4,1751-401CA24,1.0,1.0,MA-1751-401CA24
5,1751-401CA24,1.0,1.0,L1-1751-401CA24
6,1751-401CA24,1.0,1,LA-1751-401CA24-D
1,1155-403AB48,0.0,0.0,
2,1155-403AB48,0.0,0.0,
3,1155-403AB48,0.0,0.0,
4,1155-403AB48,0.0,0.0,
5,1155-403AB48,1.0,1.0,MA-1155-403AA48
6,1155-403AB48,1.0,1,L1-1155-403AA48
1,3239-502AB30,0.0,0.0,
2,3239-502AB30,0.0,0.0,
3,3239-502AB30,0.0,0.0,
4,3239-502AB30,1.0,1.0,MA-4109-502AA30
5,3239-502AB30,1.0,1.0,L1-4109-502AA30
6,3239-502AB30,1.0,1,PL-3239-502AB30
1,1831-501CB34,0.0,0.0,
2,1831-501CB34,0.0,0.0,
3,1831-501CB34,0.0,0.0,
4,1831-501CB34,1.0,1.0,MA-1831-501BA34
5,1831-501CB34,1.0,1.0,L1-1831-501BA34
6,1831-501CB34,1.0,1,LA-1831-501BA34-DF
1,3139-652CA32,0.0,0.0,
2,3139-652CA32,0.0,0.0,
3,3139-652CA32,0.0,0.0,
4,3139-652CA32,0.0,0.0,
5,3139-652CA32,1.0,1.0,MA-720-65232-DRUM
6,3139-652CA32,1.0,4,L1-720-65232-DRUM
1,5165-502EA36,0.0,0.0,
2,5165-502EA36,0.0,0.0,
3,5165-502EA36,0.0,0.0,
4,5165-502EA36,1.0,1.0,MA-474-502AA36
5,5165-502EA36,1.0,1.0,L1-474-502AA36
6,5165-502EA36,1.0,1,PL-5165-502EA36
1,3145-502BB34,0.0,0.0,
2,3145-502BB34,0.0,0.0,
3,3145-502BB34,0.0,0.0,
4,3145-502BB34,1.0,1.0,MA-3153-502AC34
5,3145-502BB34,1.0,1.0,L1-3153-502AC34
6,3145-502BB34,1.0,1,PL-3145-502BB34
1,3139-601FA32,0.0,0.0,
2,3139-601FA32,0.0,0.0,
3,3139-601FA32,0.0,0.0,
4,3139-601FA32,0.0,0.0,
5,3139-601FA32,19.0,1.0,MA-RV-0173
6,3139-601FA32,1.0,1,PL-3139-601FA32
1,5546-502BB38,0.0,0.0,
2,5546-502BB38,0.0,0.0,
3,5546-502BB38,0.0,0.0,
4,5546-502BB38,1.0,63.0,MA-RH-0207D-01AA
5,5546-502BB38,1.0,1.0,MC-RH-0207D-01AA40
6,5546-502BB38,1.0,1,PEFIN-5546-502BB38
1,600-652BA34,0.0,0.0,
2,600-652BA34,0.0,0.0,
3,600-652BA34,0.0,0.0,
4,600-652BA34,0.0,0.0,
5,600-652BA34,1.0,1.0,MA-720-65234-DRUM
6,600-652BA34,1.0,4,L1-720-65234-DRUM
1,3559-601AA34,0.0,0.0,
2,3559-601AA34,0.0,0.0,
3,3559-601AA34,0.0,0.0,
4,3559-601AA34,0.0,0.0,
5,3559-601AA34,1.0,1.0,MA-3557-601AA34
6,3559-601AA34,1.0,1,L1-3557-601AA34
1,5546-502CB38,0.0,0.0,
2,5546-502CB38,0.0,0.0,
3,5546-502CB38,0.0,0.0,
4,5546-502CB38,1.0,52.0,MA-RH-0207D-01AA
5,5546-502CB38,1.0,1.0,MC-RH-0207D-01AA50
6,5546-502CB38,1.0,1,PEFIN-5546-502CB38
1,5546-502CC38,0.0,0.0,
2,5546-502CC38,0.0,0.0,
3,5546-502CC38,0.0,0.0,
4,5546-502CC38,0.0,0.0,
5,5546-502CC38,1.0,52.0,MA-RH-0207D-01AA
6,5546-502CC38,1.0,1,MC-RH-0207D-01AA50
1,5546-502EB38,0.0,0.0,
2,5546-502EB38,0.0,0.0,
3,5546-502EB38,0.0,0.0,
4,5546-502EB38,1.0,1.0,MA-5546-502AA38
5,5546-502EB38,1.0,1.0,L1-5546-502AA38
6,5546-502EB38,1.0,1,PL-5546-502EB38
1,603-601GA34,0.0,0.0,
2,603-601GA34,0.0,0.0,
3,603-601GA34,0.0,0.0,
4,603-601GA34,1.0,1.0,MA-603-601-BLOCK
5,603-601GA34,18.0,1.0,MC-603-601-BLOCK
6,603-601GA34,1.0,1,PL-603-601GA34
1,3558-502AA34,0.0,0.0,
2,3558-502AA34,0.0,0.0,
3,3558-502AA34,0.0,0.0,
4,3558-502AA34,0.0,0.0,
5,3558-502AA34,1.0,1.0,MA-954-50234
6,3558-502AA34,1.0,1,L1-954-50234
1,3558-601AA34,0.0,0.0,
2,3558-601AA34,0.0,0.0,
3,3558-601AA34,0.0,0.0,
4,3558-601AA34,0.0,0.0,
5,3558-601AA34,1.0,1.0,MA-3557-601AA34
6,3558-601AA34,1.0,1,L1-3557-601AA34
1,3147-502MA34,0.0,0.0,
2,3147-502MA34,0.0,0.0,
3,3147-502MA34,0.0,0.0,
4,3147-502MA34,1.0,1.0,MA-582-502AA34
5,3147-502MA34,1.0,1.0,L1-582-502AA34
6,3147-502MA34,1.0,1,PL-3147-502MA34
1,631-60126,0.0,0.0,
2,631-60126,0.0,0.0,
3,631-60126,0.0,0.0,
4,631-60126,0.0,0.0,
5,631-60126,1.0,1.0,MA-631-60126
6,631-60126,1.0,1,L1-631-60126
1,810-410DA160,0.0,0.0,
2,810-410DA160,0.0,0.0,
3,810-410DA160,0.0,0.0,
4,810-410DA160,0.0,0.0,
5,810-410DA160,1.0,1.0,MA-810-410CA16-S
6,810-410DA160,1.0,3,LC-810-410CA16-S
1,960-409BA160,0.0,0.0,
2,960-409BA160,0.0,0.0,
3,960-409BA160,0.0,0.0,
4,960-409BA160,0.0,0.0,
5,960-409BA160,1.0,4.0,MA-740-40916-S
6,960-409BA160,1.0,1,L1-960-409AA16-S
1,5546-502GA38,0.0,0.0,
2,5546-502GA38,0.0,0.0,
3,5546-502GA38,0.0,0.0,
4,5546-502GA38,1.0,63.0,MA-RH-0207D-01AA
5,5546-502GA38,1.0,1.0,MC-RH-0207D-01AA40
6,5546-502GA38,1.0,1,PEFIN-5546-502GA38
1,3652-501BC30,0.0,0.0,
2,3652-501BC30,0.0,0.0,
3,3652-501BC30,0.0,0.0,
4,3652-501BC30,1.0,1.0,MA-3636-501BC30
5,3652-501BC30,1.0,1.0,L1-3636-501BD30
6,3652-501BC30,1.0,1,LA-3636-501BD30-DF
1,3652-502EA30,0.0,0.0,
2,3652-502EA30,0.0,0.0,
3,3652-502EA30,0.0,0.0,
4,3652-502EA30,0.0,0.0,
5,3652-502EA30,1.0,1.0,MA-954-50230
6,3652-502EA30,1.0,1,L1-954-50230
1,479-502AB34,0.0,0.0,
2,479-502AB34,0.0,0.0,
3,479-502AB34,0.0,0.0,
4,479-502AB34,0.0,0.0,
5,479-502AB34,1.0,1.0,MA-474-502AA34
6,479-502AB34,1.0,1,L1-474-502AA34
1,5546-502BC38,0.0,0.0,
2,5546-502BC38,0.0,0.0,
3,5546-502BC38,0.0,0.0,
4,5546-502BC38,0.0,0.0,
5,5546-502BC38,1.0,63.0,MA-RH-0207D-01AA
6,5546-502BC38,1.0,1,MC-RH-0207D-01AA40
1,12Q-411FB36,0.0,0.0,
2,12Q-411FB36,0.0,0.0,
3,12Q-411FB36,1.0,1.0,MA-12Q-411FA36
4,12Q-411FB36,1.0,1.0,L1-12Q-411FA36
5,12Q-411FB36,1.0,1.0,LA-12Q-411FA36-L2
6,12Q-411FB36,1.0,1,LA-12Q-411FA36-MC
1,279-409ZA330,0.0,0.0,
2,279-409ZA330,0.0,0.0,
3,279-409ZA330,0.0,0.0,
4,279-409ZA330,0.0,0.0,
5,279-409ZA330,1.0,1.0,MA-79-409B33-S
6,279-409ZA330,1.0,1,L1-79-409B33-S
1,5517-501BA36,0.0,0.0,
2,5517-501BA36,0.0,0.0,
3,5517-501BA36,0.0,0.0,
4,5517-501BA36,1.0,1.0,MA-5500-501EB36
5,5517-501BA36,1.0,1.0,L1-5500-501EB36
6,5517-501BA36,1.0,1,LA-5500-501EB36-DF
1,5517-501CA36,0.0,0.0,
2,5517-501CA36,0.0,0.0,
3,5517-501CA36,0.0,0.0,
4,5517-501CA36,1.0,1.0,MA-5529-501CA36
5,5517-501CA36,1.0,1.0,L1-5529-501CA36
6,5517-501CA36,1.0,1,LA-5529-501CA36-DF
1,5517-641AA36,0.0,0.0,
2,5517-641AA36,0.0,0.0,
3,5517-641AA36,0.0,0.0,
4,5517-641AA36,0.0,0.0,
5,5517-641AA36,1.0,1.0,MA-485-641BA36-DRUM
6,5517-641AA36,1.0,4,L1-485-641BA36-DRUM
1,6104-502AA36,0.0,0.0,
2,6104-502AA36,0.0,0.0,
3,6104-502AA36,0.0,0.0,
4,6104-502AA36,0.0,0.0,
5,6104-502AA36,1.0,1.0,MA-5517-502AA36
6,6104-502AA36,1.0,1,L1-5517-502AA36
1,6104-409AA360,0.0,0.0,
2,6104-409AA360,0.0,0.0,
3,6104-409AA360,0.0,0.0,
4,6104-409AA360,0.0,0.0,
5,6104-409AA360,1.0,1.0,MA-5516-409AA36-S
6,6104-409AA360,1.0,1,L1-5516-409AA36-S
1,274-405AB360,0.0,0.0,
2,274-405AB360,0.0,0.0,
3,274-405AB360,0.0,0.0,
4,274-405AB360,0.0,0.0,
5,274-405AB360,1.0,1.0,MA-335-405AA36-S
6,274-405AB360,1.0,1,L1-335-405AA36-S
1,6104-601AA36,0.0,0.0,
2,6104-601AA36,0.0,0.0,
3,6104-601AA36,0.0,0.0,
4,6104-601AA36,1.0,1.0,MA-6104-601AA36
5,6104-601AA36,1.0,1.0,L1-6104-601AA36
6,6104-601AA36,1.0,1,LA-6104-601AA36-L2
1,41-405H340,0.0,0.0,
2,41-405H340,0.0,0.0,
3,41-405H340,0.0,0.0,
4,41-405H340,0.0,0.0,
5,41-405H340,1.0,1.0,MA-57-40534-S
6,41-405H340,1.0,1,L1-57-40534-S
1,73-409D340,0.0,0.0,
2,73-409D340,0.0,0.0,
3,73-409D340,0.0,0.0,
4,73-409D340,0.0,0.0,
5,73-409D340,1.0,1.0,MA-57-40934-S
6,73-409D340,1.0,1,L1-57-40934-S
1,6104-602AA36,0.0,0.0,
2,6104-602AA36,0.0,0.0,
3,6104-602AA36,0.0,0.0,
4,6104-602AA36,0.0,0.0,
5,6104-602AA36,0.0,0.0,
6,6104-602AA36,1.0,1,MA-RH-0031K-06G
1,6104-602CA36,0.0,0.0,
2,6104-602CA36,0.0,0.0,
3,6104-602CA36,0.0,0.0,
4,6104-602CA36,0.0,0.0,
5,6104-602CA36,0.0,0.0,
6,6104-602CA36,1.0,1,MA-RH-0031K-06G
1,6104-602DA36,0.0,0.0,
2,6104-602DA36,0.0,0.0,
3,6104-602DA36,0.0,0.0,
4,6104-602DA36,0.0,0.0,
5,6104-602DA36,0.0,0.0,
6,6104-602DA36,1.0,1,MA-RH-0031K-06G
1,6104-602EA36,0.0,0.0,
2,6104-602EA36,0.0,0.0,
3,6104-602EA36,0.0,0.0,
4,6104-602EA36,0.0,0.0,
5,6104-602EA36,0.0,0.0,
6,6104-602EA36,1.0,1,MA-RH-0031K-06G
1,600-502BA30,0.0,0.0,
2,600-502BA30,0.0,0.0,
3,600-502BA30,0.0,0.0,
4,600-502BA30,1.0,1.0,MA-600-502AA30
5,600-502BA30,1.0,1.0,L1-600-502AA30
6,600-502BA30,1.0,1,PL-600-502BA30
1,5530-502EA34,0.0,0.0,
2,5530-502EA34,0.0,0.0,
3,5530-502EA34,0.0,0.0,
4,5530-502EA34,0.0,0.0,
5,5530-502EA34,1.0,1.0,MA-5517-502AA34
6,5530-502EA34,1.0,1,L1-5517-502AA34
1,3538-502ZA34,0.0,0.0,
2,3538-502ZA34,0.0,0.0,
3,3538-502ZA34,0.0,0.0,
4,3538-502ZA34,0.0,0.0,
5,3538-502ZA34,1.0,1.0,MA-954-50234
6,3538-502ZA34,1.0,1,L1-954-50234
1,3154-608AB18,0.0,0.0,
2,3154-608AB18,0.0,0.0,
3,3154-608AB18,0.0,0.0,
4,3154-608AB18,0.0,0.0,
5,3154-608AB18,1.0,4.0,MA-603-608AA18-DRUM
6,3154-608AB18,1.0,1,L1-603-608AA18
1,3154-652AB18,0.0,0.0,
2,3154-652AB18,0.0,0.0,
3,3154-652AB18,0.0,0.0,
4,3154-652AB18,1.0,1.0,MA-720-65218-DRUM
5,3154-652AB18,1.0,4.0,L1-720-65218-DRUM
6,3154-652AB18,1.0,1,L2-3151-652AB18
1,SPL-2843-406AA38,0.0,0.0,
2,SPL-2843-406AA38,0.0,0.0,
3,SPL-2843-406AA38,1.0,1.0,MA-2843-406AA38
4,SPL-2843-406AA38,1.0,1.0,L1-SPL-2843-406AA38
5,SPL-2843-406AA38,1.0,1.0,LA-SPL-2843-406AA38-D
6,SPL-2843-406AA38,1.0,1,LA-SPL-2843-406AA38-MC
1,3154-601EA20,0.0,0.0,
2,3154-601EA20,0.0,0.0,
3,3154-601EA20,0.0,0.0,
4,3154-601EA20,0.0,0.0,
5,3154-601EA20,1.0,1.0,MA-3154-601AA20
6,3154-601EA20,1.0,1,L1-3154-601AA20
1,3154-608AA20,0.0,0.0,
2,3154-608AA20,0.0,0.0,
3,3154-608AA20,0.0,0.0,
4,3154-608AA20,0.0,0.0,
5,3154-608AA20,1.0,4.0,MA-3154-608AA20-DRUM
6,3154-608AA20,1.0,1,L1-3154-608AA20
1,479-502AB36,0.0,0.0,
2,479-502AB36,0.0,0.0,
3,479-502AB36,0.0,0.0,
4,479-502AB36,0.0,0.0,
5,479-502AB36,1.0,1.0,MA-474-502AA36
6,479-502AB36,1.0,1,L1-474-502AA36
1,161-403CB30,0.0,0.0,
2,161-403CB30,0.0,0.0,
3,161-403CB30,0.0,0.0,
4,161-403CB30,1.0,1.0,MA-161-403CA30
5,161-403CB30,1.0,1.0,L1-161-403CA30
6,161-403CB30,1.0,1,MC-161-403CA30
1,161-403CB38,0.0,0.0,
2,161-403CB38,0.0,0.0,
3,161-403CB38,0.0,0.0,
4,161-403CB38,1.0,1.0,MA-161-403CA38
5,161-403CB38,1.0,1.0,L1-161-403CA38
6,161-403CB38,1.0,1,MC-161-403CA38
1,C479-602AA36,0.0,0.0,
2,C479-602AA36,0.0,0.0,
3,C479-602AA36,0.0,0.0,
4,C479-602AA36,0.0,0.0,
5,C479-602AA36,0.0,0.0,
6,C479-602AA36,1.0,1,MA-RH-0031A-05C
1,C479-602BA36,0.0,0.0,
2,C479-602BA36,0.0,0.0,
3,C479-602BA36,0.0,0.0,
4,C479-602BA36,0.0,0.0,
5,C479-602BA36,0.0,0.0,
6,C479-602BA36,1.0,1,MA-RH-0031A-05C
1,478-409CA360,0.0,0.0,
2,478-409CA360,0.0,0.0,
3,478-409CA360,0.0,0.0,
4,478-409CA360,0.0,0.0,
5,478-409CA360,1.0,1.0,MA-478-409AA36-S
6,478-409CA360,1.0,1,L1-478-409AA36-S
1,6104-502EA30,0.0,0.0,
2,6104-502EA30,0.0,0.0,
3,6104-502EA30,0.0,0.0,
4,6104-502EA30,0.0,0.0,
5,6104-502EA30,1.0,1.0,MA-5517-502AA30
6,6104-502EA30,1.0,1,L1-5517-502AA30
1,6104-602FA30,0.0,0.0,
2,6104-602FA30,0.0,0.0,
3,6104-602FA30,0.0,0.0,
4,6104-602FA30,0.0,0.0,
5,6104-602FA30,0.0,0.0,
6,6104-602FA30,1.0,1,MA-RH-0031K-06G
1,19B-406ZA17,0.0,0.0,
2,19B-406ZA17,0.0,0.0,
3,19B-406ZA17,1.0,1.0,MA-19B-406ZA17
4,19B-406ZA17,1.0,1.0,L1-19B-406ZA17
5,19B-406ZA17,1.0,1.0,LA-19B-406ZA17-D
6,19B-406ZA17,1.0,1,LA-19B-406ZA17-MC
1,3164-608AA28,0.0,0.0,
2,3164-608AA28,0.0,0.0,
3,3164-608AA28,0.0,0.0,
4,3164-608AA28,0.0,0.0,
5,3164-608AA28,1.0,2.0,MA-603-608AA28-DRUM
6,3164-608AA28,1.0,1,L1-3164-608AA28
1,479-602BD30,0.0,0.0,
2,479-602BD30,0.0,0.0,
3,479-602BD30,0.0,0.0,
4,479-602BD30,0.0,0.0,
5,479-602BD30,0.0,0.0,
6,479-602BD30,1.0,1,MA-RH-0031A-05C
1,3164-502AB28,0.0,0.0,
2,3164-502AB28,0.0,0.0,
3,3164-502AB28,0.0,0.0,
4,3164-502AB28,1.0,1.0,MA-3164-502AA28
5,3164-502AB28,1.0,1.0,L1-3164-502AA28
6,3164-502AB28,1.0,1,PL-3164-502AB28
1,3164-601EA28,0.0,0.0,
2,3164-601EA28,0.0,0.0,
3,3164-601EA28,0.0,0.0,
4,3164-601EA28,1.0,1.0,MA-603-601-BLOCK
5,3164-601EA28,16.0,1.0,MC-603-601-BLOCK
6,3164-601EA28,1.0,1,PL-3164-601EA28
1,479-602BD34,0.0,0.0,
2,479-602BD34,0.0,0.0,
3,479-602BD34,0.0,0.0,
4,479-602BD34,0.0,0.0,
5,479-602BD34,0.0,0.0,
6,479-602BD34,1.0,1,MA-RH-0031A-05C
1,479-602BD38,0.0,0.0,
2,479-602BD38,0.0,0.0,
3,479-602BD38,0.0,0.0,
4,479-602BD38,0.0,0.0,
5,479-602BD38,0.0,0.0,
6,479-602BD38,1.0,1,MA-RH-0031A-05C
1,C479-602BD34,0.0,0.0,
2,C479-602BD34,0.0,0.0,
3,C479-602BD34,0.0,0.0,
4,C479-602BD34,0.0,0.0,
5,C479-602BD34,0.0,0.0,
6,C479-602BD34,1.0,1,MA-RH-0031A-05C
1,3164-502EA38,0.0,0.0,
2,3164-502EA38,0.0,0.0,
3,3164-502EA38,0.0,0.0,
4,3164-502EA38,1.0,1.0,MA-3164-502AA38
5,3164-502EA38,1.0,1.0,L1-3164-502AA38
6,3164-502EA38,1.0,1,PL-3164-502EA38
1,81-405KA280,0.0,0.0,
2,81-405KA280,0.0,0.0,
3,81-405KA280,0.0,0.0,
4,81-405KA280,0.0,0.0,
5,81-405KA280,1.0,1.0,MA-81-40528
6,81-405KA280,1.0,1,L1-81-405EA28
1,3145-502BB30,0.0,0.0,
2,3145-502BB30,0.0,0.0,
3,3145-502BB30,0.0,0.0,
4,3145-502BB30,1.0,1.0,MA-600-502AA30
5,3145-502BB30,1.0,1.0,L1-3153-502AC30
6,3145-502BB30,1.0,1,PL-3145-502BB30
1,161-403DB38,0.0,0.0,
2,161-403DB38,0.0,0.0,
3,161-403DB38,0.0,0.0,
4,161-403DB38,0.0,0.0,
5,161-403DB38,1.0,1.0,MA-161-403DA38
6,161-403DB38,1.0,1,L1-161-403DA38
1,161-403HB38,0.0,0.0,
2,161-403HB38,0.0,0.0,
3,161-403HB38,0.0,0.0,
4,161-403HB38,0.0,0.0,
5,161-403HB38,1.0,1.0,MA-161-403DA38
6,161-403HB38,1.0,1,L1-161-403DA38
1,1551-401CC30,0.0,0.0,
2,1551-401CC30,0.0,0.0,
3,1551-401CC30,1.0,1.0,MA-1551-401CA30
4,1551-401CC30,1.0,1.0,L1-1551-401CA30
5,1551-401CC30,1.0,1.0,LA-1551-401CA30-D
6,1551-401CC30,1.0,1,LA-1551-401CA30-DF
1,1551-401AC30,0.0,0.0,
2,1551-401AC30,0.0,0.0,
3,1551-401AC30,1.0,1.0,MA-1551-401AB30
4,1551-401AC30,1.0,1.0,L1-1551-401AB30
5,1551-401AC30,1.0,1.0,LA-1551-401AB30-D
6,1551-401AC30,1.0,1,LA-1551-401AB30-DF
1,3650-601AB34,0.0,0.0,
2,3650-601AB34,0.0,0.0,
3,3650-601AB34,0.0,0.0,
4,3650-601AB34,0.0,0.0,
5,3650-601AB34,1.0,3.0,MA-814-60830-DRUM
6,3650-601AB34,1.0,1,L1-931-601AA34
1,3652-601AB34,0.0,0.0,
2,3652-601AB34,0.0,0.0,
3,3652-601AB34,0.0,0.0,
4,3652-601AB34,0.0,0.0,
5,3652-601AB34,1.0,3.0,MA-814-60830-DRUM
6,3652-601AB34,1.0,1,L1-931-601AA34
1,1551-401CC38,0.0,0.0,
2,1551-401CC38,0.0,0.0,
3,1551-401CC38,1.0,1.0,MA-1551-401AA38
4,1551-401CC38,1.0,1.0,L1-1551-401AA38
5,1551-401CC38,1.0,1.0,LA-1551-401AA38-D
6,1551-401CC38,1.0,1,LA-1551-401AA38-DF
1,1551-401AC38,0.0,0.0,
2,1551-401AC38,0.0,0.0,
3,1551-401AC38,1.0,1.0,MA-1551-401AA38
4,1551-401AC38,1.0,1.0,L1-1551-401AA38
5,1551-401AC38,1.0,1.0,LA-1551-401AA38-D
6,1551-401AC38,1.0,1,LA-1551-401AA38-DF
1,E474-502EB30,0.0,0.0,
2,E474-502EB30,0.0,0.0,
3,E474-502EB30,0.0,0.0,
4,E474-502EB30,0.0,0.0,
5,E474-502EB30,1.0,1.0,MA-485-502AA30
6,E474-502EB30,1.0,1,L1-485-502AA30
1,5546-502BD38,0.0,0.0,
2,5546-502BD38,0.0,0.0,
3,5546-502BD38,0.0,0.0,
4,5546-502BD38,0.0,0.0,
5,5546-502BD38,1.0,63.0,MA-RH-0207D-01AA
6,5546-502BD38,1.0,1,MC-RH-0207D-01AA40
1,5546-502GB38,0.0,0.0,
2,5546-502GB38,0.0,0.0,
3,5546-502GB38,0.0,0.0,
4,5546-502GB38,0.0,0.0,
5,5546-502GB38,1.0,63.0,MA-RH-0207D-01AA
6,5546-502GB38,1.0,1,MC-RH-0207D-01AA40
1,5546-502CD38,0.0,0.0,
2,5546-502CD38,0.0,0.0,
3,5546-502CD38,0.0,0.0,
4,5546-502CD38,0.0,0.0,
5,5546-502CD38,1.0,52.0,MA-RH-0207D-01AA
6,5546-502CD38,1.0,1,MC-RH-0207D-01AA50
1,3922-502FA32,0.0,0.0,
2,3922-502FA32,0.0,0.0,
3,3922-502FA32,0.0,0.0,
4,3922-502FA32,1.0,1.0,MA-600-502AA32
5,3922-502FA32,1.0,1.0,L1-3922-502AC32
6,3922-502FA32,1.0,1,PL-3922-502FA32
1,5546-502EC38,0.0,0.0,
2,5546-502EC38,0.0,0.0,
3,5546-502EC38,0.0,0.0,
4,5546-502EC38,1.0,1.0,MA-5546-502AA38
5,5546-502EC38,1.0,1.0,L1-5546-502AA38
6,5546-502EC38,1.0,1,PL-5546-502EC38
1,5546-405AB380,0.0,0.0,
2,5546-405AB380,0.0,0.0,
3,5546-405AB380,0.0,0.0,
4,5546-405AB380,0.0,0.0,
5,5546-405AB380,1.0,1.0,MA-5546-405AA38-S
6,5546-405AB380,1.0,1,L1-5546-405AA38-S
1,12Q-411GA32,0.0,0.0,
2,12Q-411GA32,0.0,0.0,
3,12Q-411GA32,1.0,1.0,MA-12Q-411GA32
4,12Q-411GA32,1.0,1.0,L1-12Q-411GA32
5,12Q-411GA32,1.0,1.0,LA-12Q-411GA32-L2
6,12Q-411GA32,1.0,1,LA-12Q-411GA32-MC
1,5172-502AB33,0.0,0.0,
2,5172-502AB33,0.0,0.0,
3,5172-502AB33,0.0,0.0,
4,5172-502AB33,0.0,0.0,
5,5172-502AB33,1.0,1.0,MA-5172-502AA33
6,5172-502AB33,1.0,1,L1-5172-502AA33
1,5172-502AC30,0.0,0.0,
2,5172-502AC30,0.0,0.0,
3,5172-502AC30,0.0,0.0,
4,5172-502AC30,0.0,0.0,
5,5172-502AC30,1.0,1.0,MA-5172-502AA30
6,5172-502AC30,1.0,1,L1-5172-502AA30
1,SPL-2843-418AA38,0.0,0.0,
2,SPL-2843-418AA38,0.0,0.0,
3,SPL-2843-418AA38,0.0,0.0,
4,SPL-2843-418AA38,0.0,0.0,
5,SPL-2843-418AA38,0.0,0.0,
6,SPL-2843-418AA38,1.0,4,MA-SPL-2843-418AA38-DRUM
1,960-601BB34,0.0,0.0,
2,960-601BB34,0.0,0.0,
3,960-601BB34,0.0,0.0,
4,960-601BB34,0.0,0.0,
5,960-601BB34,1.0,3.0,MA-814-60830-DRUM
6,960-601BB34,1.0,1,L1-931-601AA34
1,201-405BA240,0.0,0.0,
2,201-405BA240,0.0,0.0,
3,201-405BA240,0.0,0.0,
4,201-405BA240,0.0,0.0,
5,201-405BA240,1.0,1.0,MA-57-40524-S
6,201-405BA240,1.0,1,L1-57-40524-S
1,251-409CA240,0.0,0.0,
2,251-409CA240,0.0,0.0,
3,251-409CA240,0.0,0.0,
4,251-409CA240,0.0,0.0,
5,251-409CA240,1.0,1.0,MA-59-40924-S
6,251-409CA240,1.0,1,L1-59-40924-S
1,478-409EA320,0.0,0.0,
2,478-409EA320,0.0,0.0,
3,478-409EA320,0.0,0.0,
4,478-409EA320,0.0,0.0,
5,478-409EA320,1.0,1.0,MA-478-409BA32-S
6,478-409EA320,1.0,1,L1-478-409BA32-S
1,78-405EA320,0.0,0.0,
2,78-405EA320,0.0,0.0,
3,78-405EA320,0.0,0.0,
4,78-405EA320,0.0,0.0,
5,78-405EA320,1.0,1.0,MA-78-40532-S
6,78-405EA320,1.0,1,L1-78-40532-S
1,SPL-2890-102AA,0.0,0.0,
2,SPL-2890-102AA,0.0,0.0,
3,SPL-2890-102AA,0.0,0.0,
4,SPL-2890-102AA,0.0,0.0,
5,SPL-2890-102AA,1.0,1.0,MA-SPL-2890-102AA
6,SPL-2890-102AA,1.0,1,MC-SPL-2890-102AA
1,SPL-2890-103AA30,0.0,0.0,
2,SPL-2890-103AA30,0.0,0.0,
3,SPL-2890-103AA30,0.0,0.0,
4,SPL-2890-103AA30,0.0,0.0,
5,SPL-2890-103AA30,0.0,0.0,
6,SPL-2890-103AA30,1.0,1,MA-1931-103AA30
1,SPL-2920AA30,0.0,0.0,
2,SPL-2920AA30,0.0,0.0,
3,SPL-2920AA30,0.0,0.0,
4,SPL-2920AA30,0.0,0.0,
5,SPL-2920AA30,1.0,1.0,MA-79-409B30-S
6,SPL-2920AA30,1.0,1,L1-79-409B30-S
1,1051-501GA38,0.0,0.0,
2,1051-501GA38,0.0,0.0,
3,1051-501GA38,0.0,0.0,
4,1051-501GA38,0.0,0.0,
5,1051-501GA38,1.0,1.0,MA-1051-501BA38
6,1051-501GA38,1.0,1,L1-1051-501GA38
1,5165-501BA36,0.0,0.0,
2,5165-501BA36,0.0,0.0,
3,5165-501BA36,0.0,0.0,
4,5165-501BA36,0.0,0.0,
5,5165-501BA36,1.0,1.0,MA-1051-501CA36
6,5165-501BA36,1.0,1,L1-1051-501FA36
1,5165-601BA36,0.0,0.0,
2,5165-601BA36,0.0,0.0,
3,5165-601BA36,0.0,0.0,
4,5165-601BA36,1.0,1.0,MA-165-601GA38
5,5165-601BA36,1.0,1.0,L1-165-601GA38
6,5165-601BA36,1.0,1,LA-165-601GA38-L2
1,5545-502BD30,0.0,0.0,
2,5545-502BD30,0.0,0.0,
3,5545-502BD30,0.0,0.0,
4,5545-502BD30,0.0,0.0,
5,5545-502BD30,1.0,63.0,MA-RH-0207D-01AA
6,5545-502BD30,1.0,1,MC-RH-0207D-01AA40
1,5545-502JD30,0.0,0.0,
2,5545-502JD30,0.0,0.0,
3,5545-502JD30,0.0,0.0,
4,5545-502JD30,0.0,0.0,
5,5545-502JD30,1.0,63.0,MA-RH-0207D-01AA
6,5545-502JD30,1.0,1,MC-RH-0207D-01AA40
1,5545-502LC30,0.0,0.0,
2,5545-502LC30,0.0,0.0,
3,5545-502LC30,0.0,0.0,
4,5545-502LC30,0.0,0.0,
5,5545-502LC30,1.0,63.0,MA-RH-0207D-01AA
6,5545-502LC30,1.0,1,MC-RH-0207D-01AA40
1,5545-502GD30,0.0,0.0,
2,5545-502GD30,0.0,0.0,
3,5545-502GD30,0.0,0.0,
4,5545-502GD30,0.0,0.0,
5,5545-502GD30,1.0,1.0,MA-5545-502GD30
6,5545-502GD30,1.0,1,PEFIN-5545-502GD30
1,3557-601EA34,0.0,0.0,
2,3557-601EA34,0.0,0.0,
3,3557-601EA34,0.0,0.0,
4,3557-601EA34,0.0,0.0,
5,3557-601EA34,1.0,1.0,MA-3557-601AA34
6,3557-601EA34,1.0,1,L1-3557-601AA34
1,5518-502EA34,0.0,0.0,
2,5518-502EA34,0.0,0.0,
3,5518-502EA34,0.0,0.0,
4,5518-502EA34,0.0,0.0,
5,5518-502EA34,1.0,1.0,MA-5517-502AA34
6,5518-502EA34,1.0,1,L1-5517-502AA34
1,3557-502EA34,0.0,0.0,
2,3557-502EA34,0.0,0.0,
3,3557-502EA34,0.0,0.0,
4,3557-502EA34,1.0,1.0,MA-600-502AA34
5,3557-502EA34,1.0,1.0,L1-4109-502AA34
6,3557-502EA34,1.0,1,PL-3557-502EA34
1,3114-6101FA26,0.0,0.0,
2,3114-6101FA26,0.0,0.0,
3,3114-6101FA26,0.0,0.0,
4,3114-6101FA26,0.0,0.0,
5,3114-6101FA26,1.0,1.0,MA-748-601AA26
6,3114-6101FA26,1.0,1,L1-748-601AA26
1,3114-5102FA26,0.0,0.0,
2,3114-5102FA26,0.0,0.0,
3,3114-5102FA26,0.0,0.0,
4,3114-5102FA26,0.0,0.0,
5,3114-5102FA26,1.0,1.0,MA-582-502AA26
6,3114-5102FA26,1.0,1,L1-582-502AA26
1,474-602EA36,0.0,0.0,
2,474-602EA36,0.0,0.0,
3,474-602EA36,0.0,0.0,
4,474-602EA36,0.0,0.0,
5,474-602EA36,0.0,0.0,
6,474-602EA36,1.0,1,MA-RH-0031A-05D
1,474-502EA36,0.0,0.0,
2,474-502EA36,0.0,0.0,
3,474-502EA36,0.0,0.0,
4,474-502EA36,0.0,0.0,
5,474-502EA36,1.0,1.0,MA-474-502AA36
6,474-502EA36,1.0,1,L1-474-502AA36
1,1551-401FA30,0.0,0.0,
2,1551-401FA30,0.0,0.0,
3,1551-401FA30,1.0,1.0,MA-1551-401AB30
4,1551-401FA30,1.0,1.0,L1-1551-401AB30
5,1551-401FA30,1.0,1.0,LA-1551-401AB30-D
6,1551-401FA30,1.0,1,LA-1551-401AB30-DF
1,201-405BA200,0.0,0.0,
2,201-405BA200,0.0,0.0,
3,201-405BA200,0.0,0.0,
4,201-405BA200,0.0,0.0,
5,201-405BA200,1.0,1.0,MA-57-40520-S
6,201-405BA200,1.0,1,L1-57-40520-S
1,251-409BA200,0.0,0.0,
2,251-409BA200,0.0,0.0,
3,251-409BA200,0.0,0.0,
4,251-409BA200,0.0,0.0,
5,251-409BA200,1.0,1.0,MA-59-40920-S
6,251-409BA200,1.0,1,L1-59-40920-S
1,5121-602FA36,0.0,0.0,
2,5121-602FA36,0.0,0.0,
3,5121-602FA36,0.0,0.0,
4,5121-602FA36,0.0,0.0,
5,5121-602FA36,0.0,0.0,
6,5121-602FA36,1.0,1,MA-RH-0031A-05F
1,6105-502FA42,0.0,0.0,
2,6105-502FA42,0.0,0.0,
3,6105-502FA42,0.0,0.0,
4,6105-502FA42,0.0,0.0,
5,6105-502FA42,1.0,1.0,MA-5517-502AA42
6,6105-502FA42,1.0,1,L1-5517-502AA42
1,5520-501DA42,0.0,0.0,
2,5520-501DA42,0.0,0.0,
3,5520-501DA42,0.0,0.0,
4,5520-501DA42,1.0,1.0,MA-161-501AA42
5,5520-501DA42,1.0,1.0,L1-5520-501BA42
6,5520-501DA42,1.0,1,LA-5520-501BA42-DF
1,5533-501AA42,0.0,0.0,
2,5533-501AA42,0.0,0.0,
3,5533-501AA42,0.0,0.0,
4,5533-501AA42,1.0,1.0,MA-5529-501CA42
5,5533-501AA42,1.0,1.0,L1-5529-501CA42
6,5533-501AA42,1.0,1,LA-5529-501CA42-DF
1,1551-401EB38,0.0,0.0,
2,1551-401EB38,0.0,0.0,
3,1551-401EB38,1.0,1.0,MA-1551-401AA38
4,1551-401EB38,1.0,1.0,L1-1551-401AA38
5,1551-401EB38,1.0,1.0,LA-1551-401AA38-D
6,1551-401EB38,1.0,1,LA-1551-401AA38-DF
1,6105-601AA42,0.0,0.0,
2,6105-601AA42,0.0,0.0,
3,6105-601AA42,0.0,0.0,
4,6105-601AA42,1.0,1.0,MA-6105-601AA42
5,6105-601AA42,1.0,1.0,L1-6105-601AA42
6,6105-601AA42,1.0,1,LA-6105-601AA42-DF
1,12Q-411FB42,0.0,0.0,
2,12Q-411FB42,0.0,0.0,
3,12Q-411FB42,1.0,1.0,MA-12Q-411BAC42
4,12Q-411FB42,1.0,1.0,L1-12Q-411BAC42
5,12Q-411FB42,1.0,1.0,LA-12Q-411FA42-L2
6,12Q-411FB42,1.0,1,LA-12Q-411FA42-MC
1,5154-602EA38,0.0,0.0,
2,5154-602EA38,0.0,0.0,
3,5154-602EA38,0.0,0.0,
4,5154-602EA38,0.0,0.0,
5,5154-602EA38,0.0,0.0,
6,5154-602EA38,1.0,1,MA-RH-0031K-06B
1,5154-502EA38,0.0,0.0,
2,5154-502EA38,0.0,0.0,
3,5154-502EA38,0.0,0.0,
4,5154-502EA38,1.0,1.0,MA-474-502AA34
5,5154-502EA38,1.0,1.0,L1-474-502AA34
6,5154-502EA38,1.0,1,PL-5154-502EA38
1,6104-409BA420,0.0,0.0,
2,6104-409BA420,0.0,0.0,
3,6104-409BA420,0.0,0.0,
4,6104-409BA420,0.0,0.0,
5,6104-409BA420,1.0,1.0,MA-6104-409BA42-S
6,6104-409BA420,1.0,1,L1-6104-409BA42-S
1,5156-502BA07,0.0,0.0,
2,5156-502BA07,0.0,0.0,
3,5156-502BA07,0.0,0.0,
4,5156-502BA07,0.0,0.0,
5,5156-502BA07,1.0,1.0,MA-FC250-6F-41X44.7X101.7
6,5156-502BA07,1.0,1,MC-RH-0142A-502AA
1,5156-502CA07,0.0,0.0,
2,5156-502CA07,0.0,0.0,
3,5156-502CA07,0.0,0.0,
4,5156-502CA07,0.0,0.0,
5,5156-502CA07,1.0,1.0,MA-FC250-6F-41X44.7X101.7
6,5156-502CA07,1.0,1,MC-RH-0142A-502AA
1,5156-502EA07,0.0,0.0,
2,5156-502EA07,0.0,0.0,
3,5156-502EA07,0.0,0.0,
4,5156-502EA07,0.0,0.0,
5,5156-502EA07,1.0,1.0,MA-FC250-6F-41X44.7X101.7
6,5156-502EA07,1.0,1,MC-RH-0142A-502AA
1,5156-502JA07,0.0,0.0,
2,5156-502JA07,0.0,0.0,
3,5156-502JA07,0.0,0.0,
4,5156-502JA07,0.0,0.0,
5,5156-502JA07,1.0,1.0,MA-FC250-6F-41X44.7X101.7
6,5156-502JA07,1.0,1,MC-RH-0142A-502AA
1,5156-502AA07,0.0,0.0,
2,5156-502AA07,0.0,0.0,
3,5156-502AA07,0.0,0.0,
4,5156-502AA07,1.0,1.0,MA-FC250-6F-41X44.7X101.7
5,5156-502AA07,1.0,1.0,MC-RH-0142A-502AA
6,5156-502AA07,1.0,1,PL-5156-502AA07
1,12Q-411BAC42,0.0,0.0,
2,12Q-411BAC42,0.0,0.0,
3,12Q-411BAC42,1.0,1.0,MA-12Q-411BAC42
4,12Q-411BAC42,1.0,1.0,L1-12Q-411BAC42
5,12Q-411BAC42,1.0,1.0,LA-12Q-411BAC42-L2
6,12Q-411BAC42,1.0,1,LA-12Q-411BAC42-MC
1,5156-502MA5.5,0.0,0.0,
2,5156-502MA5.5,0.0,0.0,
3,5156-502MA5.5,0.0,0.0,
4,5156-502MA5.5,0.0,0.0,
5,5156-502MA5.5,1.0,1.0,MA-FC250-6F-41X44.7X101.7
6,5156-502MA5.5,1.0,1,MC-RH-0142A-502AA
1,5156-502NA5.5,0.0,0.0,
2,5156-502NA5.5,0.0,0.0,
3,5156-502NA5.5,0.0,0.0,
4,5156-502NA5.5,0.0,0.0,
5,5156-502NA5.5,1.0,1.0,MA-FC250-6F-41X44.7X101.7
6,5156-502NA5.5,1.0,1,MC-RH-0142A-502AA
1,5156-502PA5.5,0.0,0.0,
2,5156-502PA5.5,0.0,0.0,
3,5156-502PA5.5,0.0,0.0,
4,5156-502PA5.5,0.0,0.0,
5,5156-502PA5.5,1.0,1.0,MA-FC250-6F-41X44.7X101.7
6,5156-502PA5.5,1.0,1,MC-RH-0142A-502AA
1,5156-502QA5.5,0.0,0.0,
2,5156-502QA5.5,0.0,0.0,
3,5156-502QA5.5,0.0,0.0,
4,5156-502QA5.5,0.0,0.0,
5,5156-502QA5.5,1.0,1.0,MA-FC250-6F-41X44.7X101.7
6,5156-502QA5.5,1.0,1,MC-RH-0142A-502AA
1,3558-502ZA34,0.0,0.0,
2,3558-502ZA34,0.0,0.0,
3,3558-502ZA34,0.0,0.0,
4,3558-502ZA34,0.0,0.0,
5,3558-502ZA34,1.0,1.0,MA-954-50234
6,3558-502ZA34,1.0,1,L1-954-50234
1,3561-601EA34,0.0,0.0,
2,3561-601EA34,0.0,0.0,
3,3561-601EA34,0.0,0.0,
4,3561-601EA34,0.0,0.0,
5,3561-601EA34,1.0,1.0,MA-3557-601AA34
6,3561-601EA34,1.0,1,L1-3557-601AA34
1,5167-502EA34,0.0,0.0,
2,5167-502EA34,0.0,0.0,
3,5167-502EA34,0.0,0.0,
4,5167-502EA34,1.0,1.0,MA-474-502AA34
5,5167-502EA34,1.0,1.0,L1-474-502AA34
6,5167-502EA34,1.0,1,PL-5167-502EA34
1,5167-602BA34,0.0,0.0,
2,5167-602BA34,0.0,0.0,
3,5167-602BA34,0.0,0.0,
4,5167-602BA34,0.0,0.0,
5,5167-602BA34,0.0,0.0,
6,5167-602BA34,1.0,1,MA-RH-0031K-06B
1,5167-602EA34,0.0,0.0,
2,5167-602EA34,0.0,0.0,
3,5167-602EA34,0.0,0.0,
4,5167-602EA34,0.0,0.0,
5,5167-602EA34,0.0,0.0,
6,5167-602EA34,1.0,1,MA-RH-0031K-06B
1,5163-405AA340,0.0,0.0,
2,5163-405AA340,0.0,0.0,
3,5163-405AA340,0.0,0.0,
4,5163-405AA340,0.0,0.0,
5,5163-405AA340,1.0,1.0,MA-5163-40534-S
6,5163-405AA340,1.0,1,L1-5163-40534-S
1,3139-608AB26,0.0,0.0,
2,3139-608AB26,0.0,0.0,
3,3139-608AB26,0.0,0.0,
4,3139-608AB26,0.0,0.0,
5,3139-608AB26,1.0,1.0,MA-560-60826
6,3139-608AB26,1.0,1,L1-631-60826
1,1151-401BB48,0.0,0.0,
2,1151-401BB48,0.0,0.0,
3,1151-401BB48,0.0,0.0,
4,1151-401BB48,1.0,1.0,MA-1151-401BA48
5,1151-401BB48,1.0,1.0,L1-1151-401BA48
6,1151-401BB48,1.0,1,LA-1151-401BA48-DF
1,4117-652AA26,0.0,0.0,
2,4117-652AA26,0.0,0.0,
3,4117-652AA26,0.0,0.0,
4,4117-652AA26,0.0,0.0,
5,4117-652AA26,1.0,1.0,MA-720-65226-DRUM
6,4117-652AA26,1.0,4,L1-720-65226-DRUM
1,4117-601FA26,0.0,0.0,
2,4117-601FA26,0.0,0.0,
3,4117-601FA26,0.0,0.0,
4,4117-601FA26,0.0,0.0,
5,4117-601FA26,1.0,1.0,MA-748-601AA26
6,4117-601FA26,1.0,1,L1-748-601AA26
1,740-410MA300,0.0,0.0,
2,740-410MA300,0.0,0.0,
3,740-410MA300,0.0,0.0,
4,740-410MA300,0.0,0.0,
5,740-410MA300,1.0,1.0,MA-970-41030-S
6,740-410MA300,1.0,4,LC-970-41030-S
1,3562-601EA34,0.0,0.0,
2,3562-601EA34,0.0,0.0,
3,3562-601EA34,0.0,0.0,
4,3562-601EA34,0.0,0.0,
5,3562-601EA34,1.0,1.0,MA-748-601AA34
6,3562-601EA34,1.0,1,L1-748-601AA34
1,3562-608AA34,0.0,0.0,
2,3562-608AA34,0.0,0.0,
3,3562-608AA34,0.0,0.0,
4,3562-608AA34,0.0,0.0,
5,3562-608AA34,1.0,1.0,MA-3709-608AA34
6,3562-608AA34,1.0,1,L1-3709-608AA34
1,3562-652AA34,0.0,0.0,
2,3562-652AA34,0.0,0.0,
3,3562-652AA34,0.0,0.0,
4,3562-652AA34,0.0,0.0,
5,3562-652AA34,1.0,1.0,MA-720-65234-DRUM
6,3562-652AA34,1.0,4,L1-720-65234-DRUM
1,3662-502ZA34,0.0,0.0,
2,3662-502ZA34,0.0,0.0,
3,3662-502ZA34,0.0,0.0,
4,3662-502ZA34,0.0,0.0,
5,3662-502ZA34,1.0,1.0,MA-954-50234
6,3662-502ZA34,1.0,1,L1-954-50234
1,SPL-2927AA30,0.0,0.0,
2,SPL-2927AA30,0.0,0.0,
3,SPL-2927AA30,1.0,1.0,MA-1551-401AA30
4,SPL-2927AA30,1.0,1.0,L1-1551-401AA30
5,SPL-2927AA30,1.0,1.0,LA-1551-401AA30-D
6,SPL-2927AA30,1.0,1,LA-1551-401AA30-DF
1,3164-502EA26,0.0,0.0,
2,3164-502EA26,0.0,0.0,
3,3164-502EA26,0.0,0.0,
4,3164-502EA26,1.0,1.0,MA-3164-502AA26
5,3164-502EA26,1.0,1.0,L1-3164-502AA26
6,3164-502EA26,1.0,1,PL-3164-502EA26
1,3562-502ZA34,0.0,0.0,
2,3562-502ZA34,0.0,0.0,
3,3562-502ZA34,0.0,0.0,
4,3562-502ZA34,1.0,1.0,MA-954-50234
5,3562-502ZA34,1.0,1.0,L1-954-50234
6,3562-502ZA34,1.0,1,PL-3562-502ZA34
1,6110-502BB38,0.0,0.0,
2,6110-502BB38,0.0,0.0,
3,6110-502BB38,0.0,0.0,
4,6110-502BB38,0.0,0.0,
5,6110-502BB38,1.0,52.0,MA-RH-0207D-01AA
6,6110-502BB38,1.0,1,MC-RH-0207D-01AA50
1,5213-502EA34,0.0,0.0,
2,5213-502EA34,0.0,0.0,
3,5213-502EA34,0.0,0.0,
4,5213-502EA34,0.0,0.0,
5,5213-502EA34,1.0,1.0,MA-474-502AA34
6,5213-502EA34,1.0,1,L1-474-502AA34
1,1551-401BB38,0.0,0.0,
2,1551-401BB38,0.0,0.0,
3,1551-401BB38,1.0,1.0,MA-1551-401AA38
4,1551-401BB38,1.0,1.0,L1-1551-401AA38
5,1551-401BB38,1.0,1.0,LA-1551-401AA38-D
6,1551-401BB38,1.0,1,LA-1551-401AA38-DF
1,6110-502GB38,0.0,0.0,
2,6110-502GB38,0.0,0.0,
3,6110-502GB38,0.0,0.0,
4,6110-502GB38,0.0,0.0,
5,6110-502GB38,1.0,52.0,MA-RH-0207D-01AA
6,6110-502GB38,1.0,1,MC-RH-0207D-01AA50
1,6110-502JB38,0.0,0.0,
2,6110-502JB38,0.0,0.0,
3,6110-502JB38,0.0,0.0,
4,6110-502JB38,0.0,0.0,
5,6110-502JB38,1.0,52.0,MA-RH-0207D-01AA
6,6110-502JB38,1.0,1,MC-RH-0207D-01AA50
1,5213-602EA34,0.0,0.0,
2,5213-602EA34,0.0,0.0,
3,5213-602EA34,0.0,0.0,
4,5213-602EA34,0.0,0.0,
5,5213-602EA34,0.0,0.0,
6,5213-602EA34,1.0,1,MA-RH-0031A-05D
1,6105-602CC42,0.0,0.0,
2,6105-602CC42,0.0,0.0,
3,6105-602CC42,0.0,0.0,
4,6105-602CC42,0.0,0.0,
5,6105-602CC42,0.0,0.0,
6,6105-602CC42,1.0,1,MA-RH-0031K-06TA
1,6110-502EB38,0.0,0.0,
2,6110-502EB38,0.0,0.0,
3,6110-502EB38,0.0,0.0,
4,6110-502EB38,1.0,1.0,MA-5546-502AA38
5,6110-502EB38,1.0,1.0,L1-5546-502AA38
6,6110-502EB38,1.0,1,PL-6110-502EB38
1,4305-608AB15,0.0,0.0,
2,4305-608AB15,0.0,0.0,
3,4305-608AB15,0.0,0.0,
4,4305-608AB15,0.0,0.0,
5,4305-608AB15,1.0,4.0,MA-603-608AA15-DRUM
6,4305-608AB15,1.0,1,L1-603-608AA15
1,19B-501ZGD15,0.0,0.0,
2,19B-501ZGD15,0.0,0.0,
3,19B-501ZGD15,0.0,0.0,
4,19B-501ZGD15,0.0,0.0,
5,19B-501ZGD15,1.0,1.0,MA-19B-501ZGA15
6,19B-501ZGD15,1.0,1,L1-19B-501ZGA15
1,3158-601EA15,0.0,0.0,
2,3158-601EA15,0.0,0.0,
3,3158-601EA15,0.0,0.0,
4,3158-601EA15,0.0,0.0,
5,3158-601EA15,0.0,0.0,
6,3158-601EA15,8.0,1,MA-4305-601AA
1,580-652AA15,0.0,0.0,
2,580-652AA15,0.0,0.0,
3,580-652AA15,0.0,0.0,
4,580-652AA15,1.0,1.0,MA-720-65215-DRUM
5,580-652AA15,1.0,4.0,L1-720-65215-DRUM
6,580-652AA15,1.0,1,L2-720-65215
1,582-502EA17,0.0,0.0,
2,582-502EA17,0.0,0.0,
3,582-502EA17,0.0,0.0,
4,582-502EA17,0.0,0.0,
5,582-502EA17,1.0,1.0,MA-582-502AA17
6,582-502EA17,1.0,1,L1-582-502AA17
1,4305-608AB19,0.0,0.0,
2,4305-608AB19,0.0,0.0,
3,4305-608AB19,0.0,0.0,
4,4305-608AB19,0.0,0.0,
5,4305-608AB19,1.0,4.0,MA-603-608AA19-DRUM
6,4305-608AB19,1.0,1,L1-603-608AA19
1,582-502EA15,0.0,0.0,
2,582-502EA15,0.0,0.0,
3,582-502EA15,0.0,0.0,
4,582-502EA15,0.0,0.0,
5,582-502EA15,1.0,1.0,MA-582-502AA15
6,582-502EA15,1.0,1,L1-582-502AA15
1,3158-601EA19,0.0,0.0,
2,3158-601EA19,0.0,0.0,
3,3158-601EA19,0.0,0.0,
4,3158-601EA19,0.0,0.0,
5,3158-601EA19,1.0,1.0,MA-603-601-BLOCK
6,3158-601EA19,10.0,1,MC-603-601-BLOCK
1,580-652AA19,0.0,0.0,
2,580-652AA19,0.0,0.0,
3,580-652AA19,0.0,0.0,
4,580-652AA19,1.0,1.0,MA-720-65219-DRUM
5,580-652AA19,1.0,4.0,L1-720-65219-DRUM
6,580-652AA19,1.0,1,L2-720-65219
1,582-502EA19,0.0,0.0,
2,582-502EA19,0.0,0.0,
3,582-502EA19,0.0,0.0,
4,582-502EA19,0.0,0.0,
5,582-502EA19,1.0,1.0,MA-582-502AA19
6,582-502EA19,1.0,1,L1-582-502AA19
1,3158-601EA21,0.0,0.0,
2,3158-601EA21,0.0,0.0,
3,3158-601EA21,0.0,0.0,
4,3158-601EA21,0.0,0.0,
5,3158-601EA21,1.0,1.0,MA-603-601-BLOCK
6,3158-601EA21,11.0,1,MC-603-601-BLOCK
1,580-652AA21,0.0,0.0,
2,580-652AA21,0.0,0.0,
3,580-652AA21,0.0,0.0,
4,580-652AA21,1.0,1.0,MA-720-65221-DRUM
5,580-652AA21,1.0,4.0,L1-720-65221-DRUM
6,580-652AA21,1.0,1,L2-720-65221
1,582-502EA21,0.0,0.0,
2,582-502EA21,0.0,0.0,
3,582-502EA21,0.0,0.0,
4,582-502EA21,0.0,0.0,
5,582-502EA21,1.0,1.0,MA-582-502AA21
6,582-502EA21,1.0,1,L1-582-502AA21
1,19B-501ZGD19,0.0,0.0,
2,19B-501ZGD19,0.0,0.0,
3,19B-501ZGD19,0.0,0.0,
4,19B-501ZGD19,0.0,0.0,
5,19B-501ZGD19,1.0,1.0,MA-19B-501ZGA19
6,19B-501ZGD19,1.0,1,L1-19B-501ZGA19
1,19B-501ZGD21,0.0,0.0,
2,19B-501ZGD21,0.0,0.0,
3,19B-501ZGD21,0.0,0.0,
4,19B-501ZGD21,0.0,0.0,
5,19B-501ZGD21,1.0,1.0,MA-19B-501ZGA21
6,19B-501ZGD21,1.0,1,L1-19B-501ZGA21
1,970-405CB180,0.0,0.0,
2,970-405CB180,0.0,0.0,
3,970-405CB180,0.0,0.0,
4,970-405CB180,0.0,0.0,
5,970-405CB180,1.0,1.0,MA-81-40518
6,970-405CB180,1.0,1,L1-81-405EA18
1,970-409180,0.0,0.0,
2,970-409180,0.0,0.0,
3,970-409180,0.0,0.0,
4,970-409180,0.0,0.0,
5,970-409180,1.0,3.0,MA-970-40918-S
6,970-409180,1.0,1,L1-970-40918-S
1,970-405CB190,0.0,0.0,
2,970-405CB190,0.0,0.0,
3,970-405CB190,0.0,0.0,
4,970-405CB190,0.0,0.0,
5,970-405CB190,1.0,1.0,MA-81-40519
6,970-405CB190,1.0,1,L1-81-405EA19
1,970-409190,0.0,0.0,
2,970-409190,0.0,0.0,
3,970-409190,0.0,0.0,
4,970-409190,0.0,0.0,
5,970-409190,1.0,3.0,MA-970-40919-S
6,970-409190,1.0,1,L1-970-40919-S
1,41-405C220,0.0,0.0,
2,41-405C220,0.0,0.0,
3,41-405C220,0.0,0.0,
4,41-405C220,0.0,0.0,
5,41-405C220,1.0,1.0,MA-57-40522-S
6,41-405C220,1.0,1,L1-57-40522-S
1,57-409D220,0.0,0.0,
2,57-409D220,0.0,0.0,
3,57-409D220,0.0,0.0,
4,57-409D220,0.0,0.0,
5,57-409D220,1.0,1.0,MA-59-40922-S
6,57-409D220,1.0,1,L1-59-40922-S
1,603-502EA26,0.0,0.0,
2,603-502EA26,0.0,0.0,
3,603-502EA26,0.0,0.0,
4,603-502EA26,0.0,0.0,
5,603-502EA26,1.0,1.0,MA-582-502AA26
6,603-502EA26,1.0,1,L1-582-502AA26
1,962-652AA34,0.0,0.0,
2,962-652AA34,0.0,0.0,
3,962-652AA34,0.0,0.0,
4,962-652AA34,0.0,0.0,
5,962-652AA34,1.0,1.0,MA-720-65234-DRUM
6,962-652AA34,1.0,4,L1-720-65234-DRUM
1,3536-501BA34,0.0,0.0,
2,3536-501BA34,0.0,0.0,
3,3536-501BA34,0.0,0.0,
4,3536-501BA34,1.0,1.0,MA-171-501GA34
5,3536-501BA34,1.0,1.0,L1-171-501GA34
6,3536-501BA34,1.0,1,LA-171-501GA34-DF
1,962-608AB34,0.0,0.0,
2,962-608AB34,0.0,0.0,
3,962-608AB34,0.0,0.0,
4,962-608AB34,1.0,3.0,MA-814-60834-DRUM
5,962-608AB34,1.0,1.0,L1-962-608AA34
6,962-608AB34,1.0,1,L2-962-608AA34
1,1831-501CA26,0.0,0.0,
2,1831-501CA26,0.0,0.0,
3,1831-501CA26,0.0,0.0,
4,1831-501CA26,1.0,1.0,MA-1831-501BA26
5,1831-501CA26,1.0,1.0,L1-1831-501BA26
6,1831-501CA26,1.0,1,LA-1831-501BA26-DF
1,600-502BA34,0.0,0.0,
2,600-502BA34,0.0,0.0,
3,600-502BA34,0.0,0.0,
4,600-502BA34,0.0,0.0,
5,600-502BA34,1.0,1.0,MA-600-502AA34
6,600-502BA34,1.0,1,L1-600-502AA34
1,3139-608BA26,0.0,0.0,
2,3139-608BA26,0.0,0.0,
3,3139-608BA26,0.0,0.0,
4,3139-608BA26,0.0,0.0,
5,3139-608BA26,1.0,3.0,MA-973-608AA26-DRUM
6,3139-608BA26,1.0,1,L1-3139-60826
1,6110-602AB38,0.0,0.0,
2,6110-602AB38,0.0,0.0,
3,6110-602AB38,0.0,0.0,
4,6110-602AB38,0.0,0.0,
5,6110-602AB38,1.0,1.0,MA-RH-0031K-06SA
6,6110-602AB38,1.0,1,PEFIN-6110-602AB38
1,6110-602CB38,0.0,0.0,
2,6110-602CB38,0.0,0.0,
3,6110-602CB38,0.0,0.0,
4,6110-602CB38,0.0,0.0,
5,6110-602CB38,1.0,1.0,MA-RH-0031K-06SA
6,6110-602CB38,1.0,1,PEFIN-6110-602CB38
1,6110-602DB38,0.0,0.0,
2,6110-602DB38,0.0,0.0,
3,6110-602DB38,0.0,0.0,
4,6110-602DB38,0.0,0.0,
5,6110-602DB38,1.0,1.0,MA-RH-0031K-06SA
6,6110-602DB38,1.0,1,PEFIN-6110-602DB38
1,6110-602EB38,0.0,0.0,
2,6110-602EB38,0.0,0.0,
3,6110-602EB38,0.0,0.0,
4,6110-602EB38,0.0,0.0,
5,6110-602EB38,1.0,1.0,MA-RH-0031K-06SA
6,6110-602EB38,1.0,1,PEFIN-6110-602EB38
1,3139-601FA26,0.0,0.0,
2,3139-601FA26,0.0,0.0,
3,3139-601FA26,0.0,0.0,
4,3139-601FA26,0.0,0.0,
5,3139-601FA26,0.0,0.0,
6,3139-601FA26,15.0,1,MA-RV-0173
1,3139-652CA26,0.0,0.0,
2,3139-652CA26,0.0,0.0,
3,3139-652CA26,0.0,0.0,
4,3139-652CA26,0.0,0.0,
5,3139-652CA26,1.0,1.0,MA-720-65226-DRUM
6,3139-652CA26,1.0,4,L1-720-65226-DRUM
1,161-406DG31,0.0,0.0,
2,161-406DG31,0.0,0.0,
3,161-406DG31,1.0,1.0,MA-161-406DE31
4,161-406DG31,1.0,1.0,L1-161-406DE31
5,161-406DG31,1.0,1.0,LA-161-406DE31-D
6,161-406DG31,1.0,1,LA-161-406DG31-MC
1,161-406DG3138,0.0,0.0,
2,161-406DG3138,0.0,0.0,
3,161-406DG3138,1.0,1.0,MA-161-406DE3138
4,161-406DG3138,1.0,1.0,L1-161-406DE3138
5,161-406DG3138,1.0,1.0,LA-161-406DE3138-D
6,161-406DG3138,1.0,1,LA-161-406DG3138-MC
1,479-501AA3038,0.0,0.0,
2,479-501AA3038,0.0,0.0,
3,479-501AA3038,0.0,0.0,
4,479-501AA3038,1.0,1.0,MA-161-501AA3038
5,479-501AA3038,1.0,1.0,L1-161-501QA3038
6,479-501AA3038,1.0,1,LA-161-501QA3038-DF
1,5163-405AA360,0.0,0.0,
2,5163-405AA360,0.0,0.0,
3,5163-405AA360,0.0,0.0,
4,5163-405AA360,0.0,0.0,
5,5163-405AA360,1.0,1.0,MA-5163-40536-S
6,5163-405AA360,1.0,1,L1-5163-40536-S
1,335-405AA340,0.0,0.0,
2,335-405AA340,0.0,0.0,
3,335-405AA340,0.0,0.0,
4,335-405AA340,0.0,0.0,
5,335-405AA340,1.0,1.0,MA-335-405AA34-S
6,335-405AA340,1.0,1,L1-335-405AA34-S
1,21A2-111AA,0.0,0.0,
2,21A2-111AA,0.0,0.0,
3,21A2-111AA,0.0,0.0,
4,21A2-111AA,0.0,0.0,
5,21A2-111AA,1.0,1.0,MA-1631-111AA
6,21A2-111AA,1.0,1,MC-21A2-111AA
1,21A2-111BA,0.0,0.0,
2,21A2-111BA,0.0,0.0,
3,21A2-111BA,0.0,0.0,
4,21A2-111BA,0.0,0.0,
5,21A2-111BA,1.0,1.0,MA-1631-111MA
6,21A2-111BA,1.0,1,MC-21A2-111BA
1,21A2-102AA,0.0,0.0,
2,21A2-102AA,0.0,0.0,
3,21A2-102AA,0.0,0.0,
4,21A2-102AA,0.0,0.0,
5,21A2-102AA,0.0,0.0,
6,21A2-102AA,1.0,1,MA-1155-102AB
1,3562-652AB34,0.0,0.0,
2,3562-652AB34,0.0,0.0,
3,3562-652AB34,0.0,0.0,
4,3562-652AB34,0.0,0.0,
5,3562-652AB34,1.0,1.0,MA-720-65234-DRUM
6,3562-652AB34,1.0,4,L1-720-65234-DRUM
1,3562-502ZB34,0.0,0.0,
2,3562-502ZB34,0.0,0.0,
3,3562-502ZB34,0.0,0.0,
4,3562-502ZB34,0.0,0.0,
5,3562-502ZB34,1.0,1.0,MA-954-50234
6,3562-502ZB34,1.0,1,L1-954-50234
1,21A2-103AA30,0.0,0.0,
2,21A2-103AA30,0.0,0.0,
3,21A2-103AA30,0.0,0.0,
4,21A2-103AA30,0.0,0.0,
5,21A2-103AA30,0.0,0.0,
6,21A2-103AA30,1.0,1,MA-1931-103AA30
1,5156-502MA07,0.0,0.0,
2,5156-502MA07,0.0,0.0,
3,5156-502MA07,0.0,0.0,
4,5156-502MA07,0.0,0.0,
5,5156-502MA07,1.0,1.0,MA-FC250-6F-41X44.7X101.7
6,5156-502MA07,1.0,1,MC-RH-0142A-502AA
1,5156-502NA07,0.0,0.0,
2,5156-502NA07,0.0,0.0,
3,5156-502NA07,0.0,0.0,
4,5156-502NA07,0.0,0.0,
5,5156-502NA07,1.0,1.0,MA-FC250-6F-41X44.7X101.7
6,5156-502NA07,1.0,1,MC-RH-0142A-502AA
1,5156-502PA07,0.0,0.0,
2,5156-502PA07,0.0,0.0,
3,5156-502PA07,0.0,0.0,
4,5156-502PA07,0.0,0.0,
5,5156-502PA07,1.0,1.0,MA-FC250-6F-41X44.7X101.7
6,5156-502PA07,1.0,1,MC-RH-0142A-502AA
1,5156-502QA07,0.0,0.0,
2,5156-502QA07,0.0,0.0,
3,5156-502QA07,0.0,0.0,
4,5156-502QA07,0.0,0.0,
5,5156-502QA07,1.0,1.0,MA-FC250-6F-41X44.7X101.7
6,5156-502QA07,1.0,1,MC-RH-0142A-502AA
1,274-405AB240,0.0,0.0,
2,274-405AB240,0.0,0.0,
3,274-405AB240,0.0,0.0,
4,274-405AB240,0.0,0.0,
5,274-405AB240,1.0,1.0,MA-335-405AA24-S
6,274-405AB240,1.0,1,L1-335-405AA24-S
1,208-409CA240,0.0,0.0,
2,208-409CA240,0.0,0.0,
3,208-409CA240,0.0,0.0,
4,208-409CA240,0.0,0.0,
5,208-409CA240,1.0,1.0,MA-208-409CA24-S
6,208-409CA240,1.0,1,L1-208-409CA24-S
1,4121-601EA21,0.0,0.0,
2,4121-601EA21,0.0,0.0,
3,4121-601EA21,0.0,0.0,
4,4121-601EA21,0.0,0.0,
5,4121-601EA21,1.0,1.0,MA-748-601AA21
6,4121-601EA21,1.0,1,L1-748-601AA21
1,4121-652AA21,0.0,0.0,
2,4121-652AA21,0.0,0.0,
3,4121-652AA21,0.0,0.0,
4,4121-652AA21,1.0,1.0,MA-720-65221-DRUM
5,4121-652AA21,1.0,4.0,L1-720-65221-DRUM
6,4121-652AA21,1.0,1,L2-3139-652AB21
1,4121-608AA21,0.0,0.0,
2,4121-608AA21,0.0,0.0,
3,4121-608AA21,0.0,0.0,
4,4121-608AA21,0.0,0.0,
5,4121-608AA21,1.0,3.0,MA-973-608AA21-DRUM
6,4121-608AA21,1.0,1,L1-631-60821
1,4121-502EA21,0.0,0.0,
2,4121-502EA21,0.0,0.0,
3,4121-502EA21,,0.0,
4,4121-502EA21,1.0,1.0,MA-4121-502AA21
5,4121-502EA21,1.0,1.0,L1-4121-502AA21
6,4121-502EA21,1.0,1,PL-4121-502EA21
1,5530-502EA38,0.0,0.0,
2,5530-502EA38,0.0,0.0,
3,5530-502EA38,0.0,0.0,
4,5530-502EA38,0.0,0.0,
5,5530-502EA38,1.0,1.0,MA-5517-502AA38
6,5530-502EA38,1.0,1,L1-5517-502AA38
1,1355-402AB24,0.0,0.0,
2,1355-402AB24,0.0,0.0,
3,1355-402AB24,0.0,0.0,
4,1355-402AB24,0.0,0.0,
5,1355-402AB24,1.0,1.0,MA-1355-402AA24
6,1355-402AB24,1.0,1,L1-1355-402AA24
1,5521-602CA24,0.0,0.0,
2,5521-602CA24,0.0,0.0,
3,5521-602CA24,0.0,0.0,
4,5521-602CA24,0.0,0.0,
5,5521-602CA24,0.0,0.0,
6,5521-602CA24,1.0,1,MA-RH-0031A-06E
1,5521-602HA24,0.0,0.0,
2,5521-602HA24,0.0,0.0,
3,5521-602HA24,0.0,0.0,
4,5521-602HA24,0.0,0.0,
5,5521-602HA24,0.0,0.0,
6,5521-602HA24,1.0,1,MA-RH-0031A-06E
1,KF30-00901AB,0.0,0.0,
2,KF30-00901AB,0.0,0.0,
3,KF30-00901AB,0.0,0.0,
4,KF30-00901AB,0.0,0.0,
5,KF30-00901AB,0.0,0.0,
6,KF30-00901AB,1.0,1,MA-KF30-00901AA
1,1631-102FA,0.0,0.0,
2,1631-102FA,0.0,0.0,
3,1631-102FA,0.0,0.0,
4,1631-102FA,0.0,0.0,
5,1631-102FA,0.0,0.0,
6,1631-102FA,1.0,1,MA-1631-102AD
1,1355-401GA24,0.0,0.0,
2,1355-401GA24,0.0,0.0,
3,1355-401GA24,0.0,0.0,
4,1355-401GA24,1.0,1.0,MA-1355-401DA24
5,1355-401GA24,1.0,1.0,L1-1355-401DA24
6,1355-401GA24,1.0,1,LA-1355-401DA24-D
1,5521-502AA24,0.0,0.0,
2,5521-502AA24,0.0,0.0,
3,5521-502AA24,0.0,0.0,
4,5521-502AA24,0.0,0.0,
5,5521-502AA24,1.0,1.0,MA-5521-502AB24
6,5521-502AA24,1.0,1,L1-5521-502AB24
1,1355-406AB24,0.0,0.0,
2,1355-406AB24,0.0,0.0,
3,1355-406AB24,1.0,1.0,MA-1355-406AB24
4,1355-406AB24,1.0,1.0,L1-1355-406AB24
5,1355-406AB24,1.0,1.0,LA-1355-406AB24-D
6,1355-406AB24,1.0,1,LA-1355-406AB24-MC
1,3662-608AC34,0.0,0.0,
2,3662-608AC34,0.0,0.0,
3,3662-608AC34,0.0,0.0,
4,3662-608AC34,0.0,0.0,
5,3662-608AC34,1.0,1.0,MA-3501-66001AA34
6,3662-608AC34,1.0,1,L1-3501-66001AA34
1,5521-601AA23,0.0,0.0,
2,5521-601AA23,0.0,0.0,
3,5521-601AA23,0.0,0.0,
4,5521-601AA23,1.0,1.0,MA-1355-601BA23
5,5521-601AA23,1.0,1.0,L1-1355-601BA23
6,5521-601AA23,1.0,1,LA-1355-601BA23-L2
1,5527-501AA24,0.0,0.0,
2,5527-501AA24,0.0,0.0,
3,5527-501AA24,0.0,0.0,
4,5527-501AA24,0.0,0.0,
5,5527-501AA24,1.0,1.0,MA-5527-501AA24
6,5527-501AA24,1.0,1,L1-5527-501AA24
1,5527-501BA24,0.0,0.0,
2,5527-501BA24,0.0,0.0,
3,5527-501BA24,0.0,0.0,
4,5527-501BA24,0.0,0.0,
5,5527-501BA24,1.0,1.0,MA-5527-501BA24
6,5527-501BA24,1.0,1,L1-5527-501BA24
1,1631-103GA24,0.0,0.0,
2,1631-103GA24,0.0,0.0,
3,1631-103GA24,0.0,0.0,
4,1631-103GA24,0.0,0.0,
5,1631-103GA24,0.0,0.0,
6,1631-103GA24,1.0,1,MA-1731-103BA18
1,5542-405BA300,0.0,0.0,
2,5542-405BA300,0.0,0.0,
3,5542-405BA300,0.0,0.0,
4,5542-405BA300,0.0,0.0,
5,5542-405BA300,1.0,1.0,MA-335-405AA30-S
6,5542-405BA300,1.0,1,L1-335-405AA30-S
1,1751-406CB16,0.0,0.0,
2,1751-406CB16,0.0,0.0,
3,1751-406CB16,0.0,0.0,
4,1751-406CB16,1.0,1.0,MA-1751-406BC16
5,1751-406CB16,1.0,1.0,L1-1751-406CB16
6,1751-406CB16,1.0,1,LA-1751-406CB16-MC
1,87-405RA380,0.0,0.0,
2,87-405RA380,0.0,0.0,
3,87-405RA380,0.0,0.0,
4,87-405RA380,0.0,0.0,
5,87-405RA380,1.0,1.0,MA-87-40538-S
6,87-405RA380,1.0,1,L1-87-405EA38-S
1,3164-409DA380,0.0,0.0,
2,3164-409DA380,0.0,0.0,
3,3164-409DA380,0.0,0.0,
4,3164-409DA380,0.0,0.0,
5,3164-409DA380,1.0,4.0,MA-740-40938-S
6,3164-409DA380,1.0,1,L1-3164-409DA38-S
1,3164-410AA380,0.0,0.0,
2,3164-410AA380,0.0,0.0,
3,3164-410AA380,0.0,0.0,
4,3164-410AA380,0.0,0.0,
5,3164-410AA380,1.0,1.0,MA-970-41038-S
6,3164-410AA380,1.0,4,LC-970-41038-S
1,478-502AC36,0.0,0.0,
2,478-502AC36,0.0,0.0,
3,478-502AC36,0.0,0.0,
4,478-502AC36,0.0,0.0,
5,478-502AC36,1.0,1.0,MA-474-502AA36
6,478-502AC36,1.0,1,L1-474-502AA36
1,5545-502EB30,0.0,0.0,
2,5545-502EB30,0.0,0.0,
3,5545-502EB30,0.0,0.0,
4,5545-502EB30,1.0,1.0,MA-5546-502AA30
5,5545-502EB30,1.0,1.0,L1-5546-502AA30
6,5545-502EB30,1.0,1,PL-5545-502EB30
1,478-602BC36,0.0,0.0,
2,478-602BC36,0.0,0.0,
3,478-602BC36,0.0,0.0,
4,478-602BC36,0.0,0.0,
5,478-602BC36,0.0,0.0,
6,478-602BC36,1.0,1,MA-RH-0031A-05C
1,5165-502EA33,0.0,0.0,
2,5165-502EA33,0.0,0.0,
3,5165-502EA33,0.0,0.0,
4,5165-502EA33,1.0,1.0,MA-5135-502AA33
5,5165-502EA33,1.0,1.0,L1-5135-502AA33
6,5165-502EA33,1.0,1,PL-5165-502EA33
1,5165-601AA33,0.0,0.0,
2,5165-601AA33,0.0,0.0,
3,5165-601AA33,0.0,0.0,
4,5165-601AA33,1.0,1.0,MA-165-601BA35
5,5165-601AA33,1.0,1.0,L1-165-601BA35
6,5165-601AA33,1.0,1,LA-165-601HA33-L2
1,5165-641AA33,0.0,0.0,
2,5165-641AA33,0.0,0.0,
3,5165-641AA33,0.0,0.0,
4,5165-641AA33,0.0,0.0,
5,5165-641AA33,1.0,1.0,MA-485-641BA33-DRUM
6,5165-641AA33,1.0,4,L1-485-641BA33-DRUM
1,5165-602AA33,0.0,0.0,
2,5165-602AA33,0.0,0.0,
3,5165-602AA33,0.0,0.0,
4,5165-602AA33,0.0,0.0,
5,5165-602AA33,0.0,0.0,
6,5165-602AA33,1.0,1,MA-RH-0031K-06LB
1,5165-602BA33,0.0,0.0,
2,5165-602BA33,0.0,0.0,
3,5165-602BA33,0.0,0.0,
4,5165-602BA33,0.0,0.0,
5,5165-602BA33,0.0,0.0,
6,5165-602BA33,1.0,1,MA-RH-0031K-06A
1,5165-602CA33,0.0,0.0,
2,5165-602CA33,0.0,0.0,
3,5165-602CA33,0.0,0.0,
4,5165-602CA33,0.0,0.0,
5,5165-602CA33,0.0,0.0,
6,5165-602CA33,1.0,1,MA-RH-0031A-05C
1,5165-501AA33,0.0,0.0,
2,5165-501AA33,0.0,0.0,
3,5165-501AA33,0.0,0.0,
4,5165-501AA33,1.0,1.0,MA-161-501AA33
5,5165-501AA33,1.0,1.0,L1-161-501AA33
6,5165-501AA33,1.0,1,LA-161-501AA33-DF
1,1631-103EA30,0.0,0.0,
2,1631-103EA30,0.0,0.0,
3,1631-103EA30,0.0,0.0,
4,1631-103EA30,0.0,0.0,
5,1631-103EA30,0.0,0.0,
6,1631-103EA30,1.0,1,MA-1631-103AB30
1,1631-102GA,0.0,0.0,
2,1631-102GA,0.0,0.0,
3,1631-102GA,0.0,0.0,
4,1631-102GA,0.0,0.0,
5,1631-102GA,0.0,0.0,
6,1631-102GA,1.0,1,MA-1631-102AD
1,1631-111XA,0.0,0.0,
2,1631-111XA,0.0,0.0,
3,1631-111XA,0.0,0.0,
4,1631-111XA,0.0,0.0,
5,1631-111XA,1.0,1.0,MA-1631-111AA
6,1631-111XA,1.0,1,MC-1631-111XA
1,1631-111YA,0.0,0.0,
2,1631-111YA,0.0,0.0,
3,1631-111YA,0.0,0.0,
4,1631-111YA,0.0,0.0,
5,1631-111YA,1.0,1.0,MA-1631-111BA
6,1631-111YA,1.0,1,MC-1631-111YA
1,1631-111ZA,0.0,0.0,
2,1631-111ZA,0.0,0.0,
3,1631-111ZA,0.0,0.0,
4,1631-111ZA,0.0,0.0,
5,1631-111ZA,1.0,1.0,MA-1631-111BA
6,1631-111ZA,1.0,1,MC-1631-111ZA
1,1551-401HA30,0.0,0.0,
2,1551-401HA30,0.0,0.0,
3,1551-401HA30,1.0,1.0,MA-1551-401AB30
4,1551-401HA30,1.0,1.0,L1-1551-401AB30
5,1551-401HA30,1.0,1.0,LA-1551-401AB30-D
6,1551-401HA30,1.0,1,LA-1551-401AB30-DF
1,478-409BA300,0.0,0.0,
2,478-409BA300,0.0,0.0,
3,478-409BA300,0.0,0.0,
4,478-409BA300,0.0,0.0,
5,478-409BA300,1.0,1.0,MA-478-409BA30-S
6,478-409BA300,1.0,1,L1-478-409BA30-S
1,5179-502EB34,0.0,0.0,
2,5179-502EB34,0.0,0.0,
3,5179-502EB34,0.0,0.0,
4,5179-502EB34,0.0,0.0,
5,5179-502EB34,1.0,1.0,MA-474-502AA34
6,5179-502EB34,1.0,1,L1-474-502AA34
1,201-405AA190,0.0,0.0,
2,201-405AA190,0.0,0.0,
3,201-405AA190,0.0,0.0,
4,201-405AA190,0.0,0.0,
5,201-405AA190,1.0,1.0,MA-57-40519-S
6,201-405AA190,1.0,1,L1-57-40519-S
1,201-409BB190,0.0,0.0,
2,201-409BB190,0.0,0.0,
3,201-409BB190,0.0,0.0,
4,201-409BB190,0.0,0.0,
5,201-409BB190,1.0,1.0,MA-201-40919-S
6,201-409BB190,1.0,1,L1-201-409BA19-S
1,5181-405AA160,0.0,0.0,
2,5181-405AA160,0.0,0.0,
3,5181-405AA160,0.0,0.0,
4,5181-405AA160,0.0,0.0,
5,5181-405AA160,1.0,1.0,MA-57-40516-S
6,5181-405AA160,1.0,1,L1-57-40516-S
1,5181-409AA160,0.0,0.0,
2,5181-409AA160,0.0,0.0,
3,5181-409AA160,0.0,0.0,
4,5181-409AA160,0.0,0.0,
5,5181-409AA160,1.0,1.0,MA-59-40916-S
6,5181-409AA160,1.0,1,L1-59-40916-S
1,5145-501AA16,0.0,0.0,
2,5145-501AA16,0.0,0.0,
3,5145-501AA16,0.0,0.0,
4,5145-501AA16,0.0,0.0,
5,5145-501AA16,1.0,1.0,MA-1751-501AA16
6,5145-501AA16,1.0,1,L1-1751-501AA16
1,5181-501AA16,0.0,0.0,
2,5181-501AA16,0.0,0.0,
3,5181-501AA16,0.0,0.0,
4,5181-501AA16,0.0,0.0,
5,5181-501AA16,1.0,1.0,MA-1751-501AA16
6,5181-501AA16,1.0,1,L1-1751-501CA16
1,1551-401DB38,0.0,0.0,
2,1551-401DB38,0.0,0.0,
3,1551-401DB38,1.0,1.0,MA-1551-401AA38
4,1551-401DB38,1.0,1.0,L1-1551-401AA38
5,1551-401DB38,1.0,1.0,LA-1551-401AA38-D
6,1551-401DB38,1.0,1,LA-1551-401AA38-DF
1,6210-502FA34,0.0,0.0,
2,6210-502FA34,0.0,0.0,
3,6210-502FA34,0.0,0.0,
4,6210-502FA34,0.0,0.0,
5,6210-502FA34,1.0,1.0,MA-5517-502AA34
6,6210-502FA34,1.0,1,L1-5517-502AA34
1,6210-602ED34,0.0,0.0,
2,6210-602ED34,0.0,0.0,
3,6210-602ED34,0.0,0.0,
4,6210-602ED34,0.0,0.0,
5,6210-602ED34,0.0,0.0,
6,6210-602ED34,1.0,1,MA-RH-0031A-05H
1,5183-405AA330,0.0,0.0,
2,5183-405AA330,0.0,0.0,
3,5183-405AA330,0.0,0.0,
4,5183-405AA330,0.0,0.0,
5,5183-405AA330,1.0,1.0,MA-5183-40533-S
6,5183-405AA330,1.0,1,L1-5183-40533-S
1,78-405FA300,0.0,0.0,
2,78-405FA300,0.0,0.0,
3,78-405FA300,0.0,0.0,
4,78-405FA300,0.0,0.0,
5,78-405FA300,1.0,1.0,MA-78-405FA31-S
6,78-405FA300,1.0,1,L1-78-405FA31-S
1,478-409EA360,0.0,0.0,
2,478-409EA360,0.0,0.0,
3,478-409EA360,0.0,0.0,
4,478-409EA360,0.0,0.0,
5,478-409EA360,1.0,1.0,MA-478-409BA36-S
6,478-409EA360,1.0,1,L1-478-409BA36-S
1,5183-601AA33,0.0,0.0,
2,5183-601AA33,0.0,0.0,
3,5183-601AA33,0.0,0.0,
4,5183-601AA33,1.0,1.0,MA-165-601GA35
5,5183-601AA33,1.0,1.0,L1-165-601GA35
6,5183-601AA33,1.0,1,LA-165-601GA35-L2
1,161-402NA34,0.0,0.0,
2,161-402NA34,0.0,0.0,
3,161-402NA34,0.0,0.0,
4,161-402NA34,0.0,0.0,
5,161-402NA34,1.0,1.0,MA-161-402GA34
6,161-402NA34,1.0,1,L1-161-402GA34
1,3167-502AA30,0.0,0.0,
2,3167-502AA30,0.0,0.0,
3,3167-502AA30,0.0,0.0,
4,3167-502AA30,1.0,1.0,MA-3164-502AA30
5,3167-502AA30,1.0,1.0,L1-3164-502BA30
6,3167-502AA30,1.0,1,PL-3167-502AA30
1,3167-652AA30,0.0,0.0,
2,3167-652AA30,0.0,0.0,
3,3167-652AA30,0.0,0.0,
4,3167-652AA30,1.0,1.0,MA-3164-652AA30-DRUM
5,3167-652AA30,1.0,4.0,L1-3164-652AA30-DRUM
6,3167-652AA30,1.0,1,PL-3167-652AA30
1,3167-608AA30,0.0,0.0,
2,3167-608AA30,0.0,0.0,
3,3167-608AA30,0.0,0.0,
4,3167-608AA30,0.0,0.0,
5,3167-608AA30,1.0,4.0,MA-603-608AA30-DRUM
6,3167-608AA30,1.0,1,L1-3164-608AA30
1,3167-601EA30,0.0,0.0,
2,3167-601EA30,0.0,0.0,
3,3167-601EA30,0.0,0.0,
4,3167-601EA30,1.0,1.0,MA-603-601-BLOCK
5,3167-601EA30,16.0,1.0,MC-603-601-BLOCK
6,3167-601EA30,1.0,1,PL-3167-601EA30
1,5183-501AA33,0.0,0.0,
2,5183-501AA33,0.0,0.0,
3,5183-501AA33,0.0,0.0,
4,5183-501AA33,1.0,1.0,MA-5500-501DB30
5,5183-501AA33,1.0,1.0,L1-161-501QA33
6,5183-501AA33,1.0,1,LA-161-501QA33-DF
1,5183-502AA33,0.0,0.0,
2,5183-502AA33,0.0,0.0,
3,5183-502AA33,0.0,0.0,
4,5183-502AA33,0.0,0.0,
5,5183-502AA33,1.0,1.0,MA-5183-502AA33
6,5183-502AA33,1.0,1,L1-5183-502AA33
1,5183-602AA33,0.0,0.0,
2,5183-602AA33,0.0,0.0,
3,5183-602AA33,0.0,0.0,
4,5183-602AA33,0.0,0.0,
5,5183-602AA33,0.0,0.0,
6,5183-602AA33,1.0,1,MA-RH-0031A-05H
1,5183-602BA33,0.0,0.0,
2,5183-602BA33,0.0,0.0,
3,5183-602BA33,0.0,0.0,
4,5183-602BA33,0.0,0.0,
5,5183-602BA33,0.0,0.0,
6,5183-602BA33,1.0,1,MA-RH-0031A-05H
1,78-405GA480,0.0,0.0,
2,78-405GA480,0.0,0.0,
3,78-405GA480,0.0,0.0,
4,78-405GA480,0.0,0.0,
5,78-405GA480,1.0,1.0,MA-328-405AA48-S
6,78-405GA480,1.0,1,L1-328-405AA48-S
1,78-405GA460,0.0,0.0,
2,78-405GA460,0.0,0.0,
3,78-405GA460,0.0,0.0,
4,78-405GA460,0.0,0.0,
5,78-405GA460,1.0,1.0,MA-328-405AA46-S
6,78-405GA460,1.0,1,L1-328-405AA46-S
1,478-409JA460,0.0,0.0,
2,478-409JA460,0.0,0.0,
3,478-409JA460,0.0,0.0,
4,478-409JA460,0.0,0.0,
5,478-409JA460,1.0,1.0,MA-329-409AA46-S
6,478-409JA460,1.0,1,L1-329-409AA46-S
1,5173-641AA38,0.0,0.0,
2,5173-641AA38,0.0,0.0,
3,5173-641AA38,0.0,0.0,
4,5173-641AA38,1.0,1.0,MA-485-641BA38-DRUM
5,5173-641AA38,1.0,4.0,L1-485-641BA38-DRUM
6,5173-641AA38,1.0,1,PL-5173-641AA38
1,5173-502EA38,0.0,0.0,
2,5173-502EA38,0.0,0.0,
3,5173-502EA38,0.0,0.0,
4,5173-502EA38,0.0,0.0,
5,5173-502EA38,1.0,1.0,MA-474-502AA38
6,5173-502EA38,1.0,1,L1-474-502AA38
1,1151-406CA46,0.0,0.0,
2,1151-406CA46,0.0,0.0,
3,1151-406CA46,0.0,0.0,
4,1151-406CA46,0.0,0.0,
5,1151-406CA46,1.0,1.0,MA-1151-406CA46
6,1151-406CA46,1.0,1,L1-1151-406CA46
1,121-411BA46,0.0,0.0,
2,121-411BA46,0.0,0.0,
3,121-411BA46,0.0,0.0,
4,121-411BA46,0.0,0.0,
5,121-411BA46,1.0,1.0,MA-121-411BA48
6,121-411BA46,1.0,1,L1-121-411BA46
1,5165-601AA46,0.0,0.0,
2,5165-601AA46,0.0,0.0,
3,5165-601AA46,0.0,0.0,
4,5165-601AA46,1.0,1.0,MA-1155-601AA48
5,5165-601AA46,1.0,1.0,L1-1155-601AA46
6,5165-601AA46,1.0,1,LA-1155-601AA46-DF
1,5165-502AA46,0.0,0.0,
2,5165-502AA46,0.0,0.0,
3,5165-502AA46,0.0,0.0,
4,5165-502AA46,1.0,1.0,MA-474-502AA34
5,5165-502AA46,2.0,1.0,L1-474-502AA34
6,5165-502AA46,1.0,1,PL-5165-502AA46
1,5165-602AA46,0.0,0.0,
2,5165-602AA46,0.0,0.0,
3,5165-602AA46,0.0,0.0,
4,5165-602AA46,0.0,0.0,
5,5165-602AA46,0.0,0.0,
6,5165-602AA46,1.0,1,MA-RH-0031K-06A
1,5165-602BA46,0.0,0.0,
2,5165-602BA46,0.0,0.0,
3,5165-602BA46,0.0,0.0,
4,5165-602BA46,0.0,0.0,
5,5165-602BA46,0.0,0.0,
6,5165-602BA46,1.0,1,MA-RH-0031A-05C
1,5165-502AA48,0.0,0.0,
2,5165-502AA48,0.0,0.0,
3,5165-502AA48,0.0,0.0,
4,5165-502AA48,1.0,1.0,MA-474-502AA34
5,5165-502AA48,2.0,1.0,L1-474-502AA34
6,5165-502AA48,1.0,1,PL-5165-502AA48
1,5165-602AA48,0.0,0.0,
2,5165-602AA48,0.0,0.0,
3,5165-602AA48,0.0,0.0,
4,5165-602AA48,0.0,0.0,
5,5165-602AA48,0.0,0.0,
6,5165-602AA48,1.0,1,MA-RH-0031K-06A
1,5165-602BA48,0.0,0.0,
2,5165-602BA48,0.0,0.0,
3,5165-602BA48,0.0,0.0,
4,5165-602BA48,0.0,0.0,
5,5165-602BA48,0.0,0.0,
6,5165-602BA48,1.0,1,MA-RH-0031A-05C
1,5165-641AA46,0.0,0.0,
2,5165-641AA46,0.0,0.0,
3,5165-641AA46,0.0,0.0,
4,5165-641AA46,0.0,0.0,
5,5165-641AA46,1.0,1.0,MA-485-641BA46-DRUM
6,5165-641AA46,1.0,4,L1-485-641BA46-DRUM
1,5165-501AA46,0.0,0.0,
2,5165-501AA46,0.0,0.0,
3,5165-501AA46,0.0,0.0,
4,5165-501AA46,1.0,1.0,MA-1151-501CA44
5,5165-501AA46,1.0,1.0,L1-1151-501EA46
6,5165-501AA46,1.0,1,LA-1151-501EA46-DF
1,479-602EB38,0.0,0.0,
2,479-602EB38,0.0,0.0,
3,479-602EB38,0.0,0.0,
4,479-602EB38,0.0,0.0,
5,479-602EB38,0.0,0.0,
6,479-602EB38,1.0,1,MA-RH-0031A-05C
1,SPL-2950AA22,0.0,0.0,
2,SPL-2950AA22,0.0,0.0,
3,SPL-2950AA22,0.0,0.0,
4,SPL-2950AA22,0.0,0.0,
5,SPL-2950AA22,1.0,1.0,MA-4305-601AA
6,SPL-2950AA22,12.0,1,MC-4305-601AA
1,SPL-2950DA22,0.0,0.0,
2,SPL-2950DA22,0.0,0.0,
3,SPL-2950DA22,0.0,0.0,
4,SPL-2950DA22,0.0,0.0,
5,SPL-2950DA22,1.0,1.0,MA-720-65222-DRUM
6,SPL-2950DA22,1.0,4,L1-720-65222-DRUM
1,5165-641AA48,0.0,0.0,
2,5165-641AA48,0.0,0.0,
3,5165-641AA48,0.0,0.0,
4,5165-641AA48,0.0,0.0,
5,5165-641AA48,1.0,1.0,MA-485-641BA48-DRUM
6,5165-641AA48,1.0,4,L1-485-641BA48-DRUM
1,5165-601AA48,0.0,0.0,
2,5165-601AA48,0.0,0.0,
3,5165-601AA48,0.0,0.0,
4,5165-601AA48,1.0,1.0,MA-1155-601AA48
5,5165-601AA48,1.0,1.0,L1-1155-601AA48
6,5165-601AA48,1.0,1,LA-1155-601AA48-DF
1,5517-501CA38,0.0,0.0,
2,5517-501CA38,0.0,0.0,
3,5517-501CA38,0.0,0.0,
4,5517-501CA38,1.0,1.0,MA-5529-501CA38
5,5517-501CA38,1.0,1.0,L1-5529-501CA38
6,5517-501CA38,1.0,1,LA-5529-501CA38-DF
1,5517-601AA38,0.0,0.0,
2,5517-601AA38,0.0,0.0,
3,5517-601AA38,0.0,0.0,
4,5517-601AA38,1.0,1.0,MA-161-601HA38
5,5517-601AA38,1.0,1.0,L1-161-601HA38
6,5517-601AA38,1.0,1,LA-161-601HA38-L2
1,5518-502AA38,0.0,0.0,
2,5518-502AA38,0.0,0.0,
3,5518-502AA38,0.0,0.0,
4,5518-502AA38,0.0,0.0,
5,5518-502AA38,1.0,1.0,MA-5517-502AA38
6,5518-502AA38,1.0,1,L1-5517-502AA38
1,5306-405AB380,0.0,0.0,
2,5306-405AB380,0.0,0.0,
3,5306-405AB380,0.0,0.0,
4,5306-405AB380,0.0,0.0,
5,5306-405AB380,1.0,1.0,MA-335-405AA38-S
6,5306-405AB380,1.0,1,L1-335-405AA38-S
1,5540-405AA340,0.0,0.0,
2,5540-405AA340,0.0,0.0,
3,5540-405AA340,0.0,0.0,
4,5540-405AA340,0.0,0.0,
5,5540-405AA340,1.0,1.0,MA-335-405AA34-S
6,5540-405AA340,1.0,1,L1-335-405AA34-S
1,5517-602AA38,0.0,0.0,
2,5517-602AA38,0.0,0.0,
3,5517-602AA38,0.0,0.0,
4,5517-602AA38,0.0,0.0,
5,5517-602AA38,0.0,0.0,
6,5517-602AA38,1.0,1,MA-RH-0031A-05D
1,5517-602BA38,0.0,0.0,
2,5517-602BA38,0.0,0.0,
3,5517-602BA38,0.0,0.0,
4,5517-602BA38,0.0,0.0,
5,5517-602BA38,0.0,0.0,
6,5517-602BA38,1.0,1,MA-RH-0031A-05D
1,5517-602EA38,0.0,0.0,
2,5517-602EA38,0.0,0.0,
3,5517-602EA38,0.0,0.0,
4,5517-602EA38,0.0,0.0,
5,5517-602EA38,0.0,0.0,
6,5517-602EA38,1.0,1,MA-RH-0031A-05D
1,5517-602FA38,0.0,0.0,
2,5517-602FA38,0.0,0.0,
3,5517-602FA38,0.0,0.0,
4,5517-602FA38,0.0,0.0,
5,5517-602FA38,0.0,0.0,
6,5517-602FA38,1.0,1,MA-RH-0031A-05D
1,5517-602GA38,0.0,0.0,
2,5517-602GA38,0.0,0.0,
3,5517-602GA38,0.0,0.0,
4,5517-602GA38,0.0,0.0,
5,5517-602GA38,0.0,0.0,
6,5517-602GA38,1.0,1,MA-RH-0031A-05D
1,5517-602HA38,0.0,0.0,
2,5517-602HA38,0.0,0.0,
3,5517-602HA38,0.0,0.0,
4,5517-602HA38,0.0,0.0,
5,5517-602HA38,0.0,0.0,
6,5517-602HA38,1.0,2,MA-RH-0031A-05D
1,5215-502EA34,0.0,0.0,
2,5215-502EA34,0.0,0.0,
3,5215-502EA34,0.0,0.0,
4,5215-502EA34,0.0,0.0,
5,5215-502EA34,1.0,1.0,MA-5163-502AA34
6,5215-502EA34,1.0,1,L1-5163-502AA34
1,5165-501AA48,0.0,0.0,
2,5165-501AA48,0.0,0.0,
3,5165-501AA48,0.0,0.0,
4,5165-501AA48,1.0,1.0,MA-1151-501EA48
5,5165-501AA48,1.0,1.0,L1-1151-501EA48
6,5165-501AA48,1.0,1,LA-1151-501EA48-DF
1,5517-602GC34,0.0,0.0,
2,5517-602GC34,0.0,0.0,
3,5517-602GC34,0.0,0.0,
4,5517-602GC34,0.0,0.0,
5,5517-602GC34,0.0,0.0,
6,5517-602GC34,1.0,1,MA-RH-0031A-05D
1,5518-502AB34,0.0,0.0,
2,5518-502AB34,0.0,0.0,
3,5518-502AB34,0.0,0.0,
4,5518-502AB34,0.0,0.0,
5,5518-502AB34,1.0,1.0,MA-5517-502AA34
6,5518-502AB34,1.0,1,L1-5517-502AA34
1,6213-502AA34,0.0,0.0,
2,6213-502AA34,0.0,0.0,
3,6213-502AA34,0.0,0.0,
4,6213-502AA34,0.0,0.0,
5,6213-502AA34,1.0,1.0,MA-5517-502AA34
6,6213-502AA34,1.0,1,L1-5517-502AA34
1,6104-602DB34,0.0,0.0,
2,6104-602DB34,0.0,0.0,
3,6104-602DB34,0.0,0.0,
4,6104-602DB34,0.0,0.0,
5,6104-602DB34,0.0,0.0,
6,6104-602DB34,1.0,1,MA-RH-0031K-06G
1,6213-602AA34,0.0,0.0,
2,6213-602AA34,0.0,0.0,
3,6213-602AA34,0.0,0.0,
4,6213-602AA34,0.0,0.0,
5,6213-602AA34,0.0,0.0,
6,6213-602AA34,1.0,1,MA-RH-0031K-06G
1,6213-602CA34,0.0,0.0,
2,6213-602CA34,0.0,0.0,
3,6213-602CA34,0.0,0.0,
4,6213-602CA34,0.0,0.0,
5,6213-602CA34,0.0,0.0,
6,6213-602CA34,1.0,1,MA-RH-0031K-06G
1,6213-602EA34,0.0,0.0,
2,6213-602EA34,0.0,0.0,
3,6213-602EA34,0.0,0.0,
4,6213-602EA34,0.0,0.0,
5,6213-602EA34,0.0,0.0,
6,6213-602EA34,1.0,1,MA-RH-0031K-06G
1,6104-606AE34,0.0,0.0,
2,6104-606AE34,0.0,0.0,
3,6104-606AE34,0.0,0.0,
4,6104-606AE34,0.0,0.0,
5,6104-606AE34,0.0,0.0,
6,6104-606AE34,1.0,1,MA-RH-0031A-05C
1,5208-502JC34,0.0,0.0,
2,5208-502JC34,0.0,0.0,
3,5208-502JC34,0.0,0.0,
4,5208-502JC34,0.0,0.0,
5,5208-502JC34,1.0,1.0,MA-5208-502AA34
6,5208-502JC34,1.0,1,L1-5208-502AA34
1,3139-502BB30,0.0,0.0,
2,3139-502BB30,0.0,0.0,
3,3139-502BB30,0.0,0.0,
4,3139-502BB30,0.0,0.0,
5,3139-502BB30,1.0,1.0,MA-600-502AA30
6,3139-502BB30,1.0,1,L1-3153-502AC30
1,3139-502BB34,0.0,0.0,
2,3139-502BB34,0.0,0.0,
3,3139-502BB34,0.0,0.0,
4,3139-502BB34,0.0,0.0,
5,3139-502BB34,1.0,1.0,MA-3153-502AC34
6,3139-502BB34,1.0,1,L1-3153-502AC34
1,87-405GA400,0.0,0.0,
2,87-405GA400,0.0,0.0,
3,87-405GA400,0.0,0.0,
4,87-405GA400,0.0,0.0,
5,87-405GA400,1.0,1.0,MA-87-40540
6,87-405GA400,1.0,1,L1-87-405EA40
1,740-409FA400,0.0,0.0,
2,740-409FA400,0.0,0.0,
3,740-409FA400,0.0,0.0,
4,740-409FA400,0.0,0.0,
5,740-409FA400,1.0,5.0,MA-740-40940-S
6,740-409FA400,1.0,1,L1-740-40940-S
1,740-410KA400,0.0,0.0,
2,740-410KA400,0.0,0.0,
3,740-410KA400,0.0,0.0,
4,740-410KA400,0.0,0.0,
5,740-410KA400,1.0,1.0,MA-970-41040-S
6,740-410KA400,1.0,4,LC-970-41040-S
1,3538-501BC30,0.0,0.0,
2,3538-501BC30,0.0,0.0,
3,3538-501BC30,0.0,0.0,
4,3538-501BC30,1.0,1.0,MA-3636-501BC30
5,3538-501BC30,1.0,1.0,L1-3636-501BD30
6,3538-501BC30,1.0,1,LA-3636-501BD30-DF
1,3563-502ZA34,0.0,0.0,
2,3563-502ZA34,0.0,0.0,
3,3563-502ZA34,0.0,0.0,
4,3563-502ZA34,0.0,0.0,
5,3563-502ZA34,1.0,1.0,MA-954-50234
6,3563-502ZA34,1.0,1,L1-954-50234
1,3563-652AA34,0.0,0.0,
2,3563-652AA34,0.0,0.0,
3,3563-652AA34,0.0,0.0,
4,3563-652AA34,0.0,0.0,
5,3563-652AA34,1.0,1.0,MA-720-65234-DRUM
6,3563-652AA34,1.0,4,L1-720-65234-DRUM
1,5108-502EA42,0.0,0.0,
2,5108-502EA42,0.0,0.0,
3,5108-502EA42,0.0,0.0,
4,5108-502EA42,0.0,0.0,
5,5108-502EA42,1.0,1.0,MA-5108-502AA42
6,5108-502EA42,1.0,1,L1-5108-502AA42
1,5108-602EA42,0.0,0.0,
2,5108-602EA42,0.0,0.0,
3,5108-602EA42,0.0,0.0,
4,5108-602EA42,0.0,0.0,
5,5108-602EA42,0.0,0.0,
6,5108-602EA42,1.0,1,MA-RH-0031A-05D
1,5517-602KA34,0.0,0.0,
2,5517-602KA34,0.0,0.0,
3,5517-602KA34,0.0,0.0,
4,5517-602KA34,0.0,0.0,
5,5517-602KA34,0.0,0.0,
6,5517-602KA34,1.0,1,MA-RH-0031A-05D
1,5518-502CA34,0.0,0.0,
2,5518-502CA34,0.0,0.0,
3,5518-502CA34,0.0,0.0,
4,5518-502CA34,0.0,0.0,
5,5518-502CA34,1.0,1.0,MA-5517-502AA34
6,5518-502CA34,1.0,1,L1-5517-502AA34
1,6213-501BA34,0.0,0.0,
2,6213-501BA34,0.0,0.0,
3,6213-501BA34,0.0,0.0,
4,6213-501BA34,1.0,1.0,MA-5500-501EB34
5,6213-501BA34,1.0,1.0,L1-5500-501EB34
6,6213-501BA34,1.0,1,LA-5500-501EB34-DF
1,57-409E360,0.0,0.0,
2,57-409E360,0.0,0.0,
3,57-409E360,0.0,0.0,
4,57-409E360,0.0,0.0,
5,57-409E360,1.0,1.0,MA-57-40936-S
6,57-409E360,1.0,1,L1-57-40936-S
1,5108-602BB42,0.0,0.0,
2,5108-602BB42,0.0,0.0,
3,5108-602BB42,0.0,0.0,
4,5108-602BB42,0.0,0.0,
5,5108-602BB42,0.0,0.0,
6,5108-602BB42,1.0,1,MA-RH-0031A-05C
1,5108-501AA42,0.0,0.0,
2,5108-501AA42,0.0,0.0,
3,5108-501AA42,0.0,0.0,
4,5108-501AA42,1.0,1.0,MA-161-501AA42
5,5108-501AA42,1.0,1.0,L1-161-501QA42
6,5108-501AA42,1.0,1,LA-161-501QA42-DF
1,SPL-2974AA34,0.0,0.0,
2,SPL-2974AA34,0.0,0.0,
3,SPL-2974AA34,0.0,0.0,
4,SPL-2974AA34,0.0,0.0,
5,SPL-2974AA34,1.0,1.0,MA-3151-502AA34
6,SPL-2974AA34,1.0,1,L1-3151-502AA34
1,4105-608AA30,0.0,0.0,
2,4105-608AA30,0.0,0.0,
3,4105-608AA30,0.0,0.0,
4,4105-608AA30,0.0,0.0,
5,4105-608AA30,1.0,4.0,MA-4105-608AA30-DRUM
6,4105-608AA30,1.0,1,L1-4105-608AA30
1,4104-502FA30,0.0,0.0,
2,4104-502FA30,0.0,0.0,
3,4104-502FA30,0.0,0.0,
4,4104-502FA30,0.0,0.0,
5,4104-502FA30,1.0,1.0,MA-600-502AA30
6,4104-502FA30,1.0,1,L1-4104-502DA30
1,4105-601FA30,0.0,0.0,
2,4105-601FA30,0.0,0.0,
3,4105-601FA30,0.0,0.0,
4,4105-601FA30,0.0,0.0,
5,4105-601FA30,1.0,1.0,MA-4105-601AA30
6,4105-601FA30,1.0,1,L1-4105-601AA30
1,3167-608AA34,0.0,0.0,
2,3167-608AA34,0.0,0.0,
3,3167-608AA34,0.0,0.0,
4,3167-608AA34,0.0,0.0,
5,3167-608AA34,1.0,4.0,MA-603-608AA34-DRUM
6,3167-608AA34,1.0,1,L1-3164-608AA34
1,3167-652AA34,0.0,0.0,
2,3167-652AA34,0.0,0.0,
3,3167-652AA34,0.0,0.0,
4,3167-652AA34,1.0,1.0,MA-3164-652AA34-DRUM
5,3167-652AA34,1.0,4.0,L1-3164-652AA34-DRUM
6,3167-652AA34,1.0,1,PL-3167-652AA34
1,3167-601EA34,0.0,0.0,
2,3167-601EA34,0.0,0.0,
3,3167-601EA34,0.0,0.0,
4,3167-601EA34,1.0,1.0,MA-603-601-BLOCK
5,3167-601EA34,18.0,1.0,MC-603-601-BLOCK
6,3167-601EA34,1.0,1,PL-3167-601EA34
1,4105-666AB30,0.0,0.0,
2,4105-666AB30,0.0,0.0,
3,4105-666AB30,0.0,0.0,
4,4105-666AB30,0.0,0.0,
5,4105-666AB30,1.0,1.0,MA-560-66630-DRUM
6,4105-666AB30,1.0,4,L1-560-66630-DRUM
1,SPL-2843-404AA,0.0,0.0,
2,SPL-2843-404AA,0.0,0.0,
3,SPL-2843-404AA,0.0,0.0,
4,SPL-2843-404AA,0.0,0.0,
5,SPL-2843-404AA,0.0,0.0,MA-SPL-2843-404AA
6,SPL-2843-404AA,1.0,1,MC-SPL-2843-404AA
1,SPL-2843-411CA38,0.0,0.0,
2,SPL-2843-411CA38,0.0,0.0,
3,SPL-2843-411CA38,0.0,0.0,
4,SPL-2843-411CA38,1.0,1.0,MA-SPL-2843-411CA38
5,SPL-2843-411CA38,1.0,1.0,L1-SPL-2843-411CA38
6,SPL-2843-411CA38,1.0,1,LA-SPL-2843-411CA38-MC
1,SPL-2843-414AA,0.0,0.0,
2,SPL-2843-414AA,0.0,0.0,
3,SPL-2843-414AA,0.0,0.0,
4,SPL-2843-414AA,0.0,0.0,
5,SPL-2843-414AA,1.0,1.0,MA-SPL-2843-414AA
6,SPL-2843-414AA,1.0,1,MC-SPL-2843-414AA
1,SPL-2843-601BA38,0.0,0.0,
2,SPL-2843-601BA38,0.0,0.0,
3,SPL-2843-601BA38,0.0,0.0,
4,SPL-2843-601BA38,1.0,1.0,MA-SPL-2843-601BA38
5,SPL-2843-601BA38,1.0,1.0,L1-SPL-2843-601BA38
6,SPL-2843-601BA38,1.0,1,LA-SPL-2843-601BA38-L2
1,SPL-2843-440EA38,0.0,0.0,
2,SPL-2843-440EA38,0.0,0.0,
3,SPL-2843-440EA38,0.0,0.0,
4,SPL-2843-440EA38,1.0,1.0,MA-SPL-2843-440EA38
5,SPL-2843-440EA38,1.0,1.0,L1-SPL-2843-440EA38
6,SPL-2843-440EA38,1.0,1,MC-SPL-2843-440EA38
1,SPL-2843-102AD,0.0,0.0,
2,SPL-2843-102AD,0.0,0.0,
3,SPL-2843-102AD,0.0,0.0,
4,SPL-2843-102AD,0.0,0.0,
5,SPL-2843-102AD,0.0,0.0,
6,SPL-2843-102AD,1.0,1,MA-1631-102AD
1,SPL-2843-102BD,0.0,0.0,
2,SPL-2843-102BD,0.0,0.0,
3,SPL-2843-102BD,0.0,0.0,
4,SPL-2843-102BD,0.0,0.0,
5,SPL-2843-102BD,0.0,0.0,
6,SPL-2843-102BD,1.0,1,MA-1631-102BD
1,87-405XA300,0.0,0.0,
2,87-405XA300,0.0,0.0,
3,87-405XA300,0.0,0.0,
4,87-405XA300,0.0,0.0,
5,87-405XA300,1.0,1.0,MA-87-40530-S
6,87-405XA300,1.0,1,L1-87-405EA30-S
1,SPL-3006AA30,0.0,0.0,
2,SPL-3006AA30,0.0,0.0,
3,SPL-3006AA30,0.0,0.0,
4,SPL-3006AA30,0.0,0.0,
5,SPL-3006AA30,1.0,1.0,MA-79-409B30-S
6,SPL-3006AA30,1.0,1,L1-79-409B30-S
1,600-502NA30,0.0,0.0,
2,600-502NA30,0.0,0.0,
3,600-502NA30,0.0,0.0,
4,600-502NA30,0.0,0.0,
5,600-502NA30,1.0,1.0,MA-600-502AA30
6,600-502NA30,1.0,1,L1-600-502AA30
1,SPL-2843-501AA38,0.0,0.0,
2,SPL-2843-501AA38,0.0,0.0,
3,SPL-2843-501AA38,0.0,0.0,
4,SPL-2843-501AA38,1.0,1.0,MA-5500-501GA38
5,SPL-2843-501AA38,1.0,1.0,L1-SPL-2843-501AA38
6,SPL-2843-501AA38,1.0,1,LA-SPL-2843-501AA38-DF
1,SPL-3004AA38,0.0,0.0,
2,SPL-3004AA38,0.0,0.0,
3,SPL-3004AA38,0.0,0.0,
4,SPL-3004AA38,0.0,0.0,
5,SPL-3004AA38,1.0,1.0,MA-79-409B38-S
6,SPL-3004AA38,1.0,1,L1-79-409B38-S
1,SPL-3004BA40,0.0,0.0,
2,SPL-3004BA40,0.0,0.0,
3,SPL-3004BA40,0.0,0.0,
4,SPL-3004BA40,0.0,0.0,
5,SPL-3004BA40,1.0,1.0,MA-478-409AA40-S
6,SPL-3004BA40,1.0,1,L1-478-409AA40-S
1,SPL-3008AA30,0.0,0.0,
2,SPL-3008AA30,0.0,0.0,
3,SPL-3008AA30,0.0,0.0,
4,SPL-3008AA30,0.0,0.0,
5,SPL-3008AA30,1.0,1.0,MA-478-409BA30-S
6,SPL-3008AA30,1.0,1,L1-478-409BA30-S
1,1551-401JA38,0.0,0.0,
2,1551-401JA38,0.0,0.0,
3,1551-401JA38,1.0,1.0,MA-1551-401AA38
4,1551-401JA38,1.0,1.0,L1-1551-401AA38
5,1551-401JA38,1.0,1.0,LA-1551-401AA38-D
6,1551-401JA38,1.0,1,LA-1551-401AA38-DF
1,3650-502GA30,0.0,0.0,
2,3650-502GA30,0.0,0.0,
3,3650-502GA30,0.0,0.0,
4,3650-502GA30,0.0,0.0,
5,3650-502GA30,1.0,1.0,MA-954-50230
6,3650-502GA30,1.0,1,L1-954-50230
1,5218-502EA34,0.0,0.0,
2,5218-502EA34,0.0,0.0,
3,5218-502EA34,0.0,0.0,
4,5218-502EA34,0.0,0.0,
5,5218-502EA34,1.0,1.0,MA-474-502AA34
6,5218-502EA34,1.0,1,L1-474-502AA34
1,3167-502AA34,0.0,0.0,
2,3167-502AA34,0.0,0.0,
3,3167-502AA34,0.0,0.0,
4,3167-502AA34,1.0,1.0,MA-3164-502AA34
5,3167-502AA34,1.0,1.0,L1-3164-502BA34
6,3167-502AA34,1.0,1,PL-3167-502AA34
1,3650-601BA30,0.0,0.0,
2,3650-601BA30,0.0,0.0,
3,3650-601BA30,0.0,0.0,
4,3650-601BA30,0.0,0.0,
5,3650-601BA30,1.0,3.0,MA-954-60130-DRUM
6,3650-601BA30,1.0,1,L1-931-601AA30
1,1044-430FA,0.0,0.0,
2,1044-430FA,0.0,0.0,
3,1044-430FA,0.0,0.0,
4,1044-430FA,0.0,0.0,
5,1044-430FA,0.0,0.0,
6,1044-430FA,1.0,1,MA-1044-430EA
1,1636-401EA30,0.0,0.0,
2,1636-401EA30,0.0,0.0,
3,1636-401EA30,1.0,1.0,MA-1636-401AA30
4,1636-401EA30,1.0,1.0,L1-1636-401AA30
5,1636-401EA30,1.0,1.0,LA-1636-401AA30-D
6,1636-401EA30,1.0,1,LA-1636-401AA30-DF
1,1636-431CA30,0.0,0.0,
2,1636-431CA30,0.0,0.0,
3,1636-431CA30,0.0,0.0,
4,1636-431CA30,0.0,0.0,
5,1636-431CA30,1.0,1.0,MA-1636-431AA30
6,1636-431CA30,1.0,1,L1-1636-431AA30
1,3650-501DA30,0.0,0.0,
2,3650-501DA30,0.0,0.0,
3,3650-501DA30,0.0,0.0,
4,3650-501DA30,1.0,1.0,MA-3636-501BC30
5,3650-501DA30,1.0,1.0,L1-3636-501BD30
6,3650-501DA30,1.0,1,LA-3636-501BD30-DF
1,SPL-3010-502AA34,0.0,0.0,
2,SPL-3010-502AA34,0.0,0.0,
3,SPL-3010-502AA34,0.0,0.0,
4,SPL-3010-502AA34,1.0,1.0,MA-5517-502AA34
5,SPL-3010-502AA34,1.0,1.0,L1-5517-502AA34
6,SPL-3010-502AA34,1.0,1,PL-SPL-3010-502AA34
1,SPL-3011-502AA30,0.0,0.0,
2,SPL-3011-502AA30,0.0,0.0,
3,SPL-3011-502AA30,0.0,0.0,
4,SPL-3011-502AA30,1.0,1.0,MA-954-50230
5,SPL-3011-502AA30,1.0,1.0,L1-954-50230
6,SPL-3011-502AA30,1.0,1,PL-SPL-3011-502AA30
1,SPL-3011-502AA34,0.0,0.0,
2,SPL-3011-502AA34,0.0,0.0,
3,SPL-3011-502AA34,0.0,0.0,
4,SPL-3011-502AA34,1.0,1.0,MA-954-50234
5,SPL-3011-502AA34,1.0,1.0,L1-954-50234
6,SPL-3011-502AA34,1.0,1,PL-SPL-3011-502AA34
1,SPL-3012-502AA38,0.0,0.0,
2,SPL-3012-502AA38,0.0,0.0,
3,SPL-3012-502AA38,0.0,0.0,
4,SPL-3012-502AA38,1.0,1.0,MA-474-502AA38
5,SPL-3012-502AA38,1.0,1.0,L1-474-502AA38
6,SPL-3012-502AA38,1.0,1,PL-SPL-3012-502AA38
1,SPL-3010-502CA34,0.0,0.0,
2,SPL-3010-502CA34,0.0,0.0,
3,SPL-3010-502CA34,0.0,0.0,
4,SPL-3010-502CA34,1.0,1.0,MA-5517-502AA34
5,SPL-3010-502CA34,1.0,1.0,L1-5517-502AA34
6,SPL-3010-502CA34,1.0,1,PL-SPL-3010-502CA34
1,5546-405BA300,0.0,0.0,
2,5546-405BA300,0.0,0.0,
3,5546-405BA300,0.0,0.0,
4,5546-405BA300,0.0,0.0,
5,5546-405BA300,1.0,1.0,MA-5546-405AA30-S
6,5546-405BA300,1.0,1,L1-5546-405AA30-S
1,12-426LB30,0.0,0.0,
2,12-426LB30,0.0,0.0,
3,12-426LB30,0.0,0.0,
4,12-426LB30,0.0,0.0,
5,12-426LB30,1.0,1.0,MA-12-426LB30
6,12-426LB30,1.0,1,PEFIN-12-426LB30
1,12-426LB38,0.0,0.0,
2,12-426LB38,0.0,0.0,
3,12-426LB38,0.0,0.0,
4,12-426LB38,0.0,0.0,
5,12-426LB38,1.0,1.0,MA-12-426LB38
6,12-426LB38,1.0,1,PEFIN-12-426LB38
